{"type":"FeatureCollection", "features": [
{"type":"Feature","geometry":{"type":"Polygon","coordinates":[[[-58.447,-34.0069],[-58.4394,-33.9797],[-58.4521,-33.9246],[-58.4556,-33.879],[-58.4694,-33.8425],[-58.5243,-33.7778],[-58.5407,-33.7452],[-58.5494,-33.683],[-58.5408,-33.609],[-58.5288,-33.579],[-58.5356,-33.5339],[-58.5318,-33.4939],[-58.5217,-33.4493],[-58.5065,-33.4059],[-58.4879,-33.3696],[-58.4599,-33.3347],[-58.4123,-33.2983],[-58.4332,-33.2324],[-58.432,-33.2131],[-58.4128,-33.1187],[-58.432,-33.1116],[-58.4189,-33.0883],[-58.3832,-33.0755],[-58.2414,-33.0951],[-58.193,-33.0883],[-58.1468,-33.05],[-58.1595,-32.9797],[-58.1378,-32.9003],[-58.1432,-32.885],[-58.1794,-32.8283],[-58.193,-32.7258],[-58.2116,-32.6573],[-58.2228,-32.5343],[-58.2201,-32.4895],[-58.2004,-32.4446],[-58.1649,-32.3895],[-58.1016,-32.3114],[-58.0965,-32.281],[-58.1069,-32.2518],[-58.1752,-32.1741],[-58.1865,-32.1529],[-58.1809,-32.1325],[-58.1588,-32.1016],[-58.1483,-32.0629],[-58.1453,-32.0179],[-58.149,-31.9752],[-58.1588,-31.9439],[-58.1903,-31.9133],[-58.2026,-31.8931],[-58.196,-31.8726],[-58.1686,-31.846],[-58.1308,-31.8278],[-58.0593,-31.8115],[-58.0489,-31.7971],[-57.9886,-31.6428],[-57.9796,-31.5988],[-57.9868,-31.5541],[-58.0133,-31.5256],[-58.0508,-31.5008],[-58.0752,-31.4752],[-58.0626,-31.4443],[-57.9902,-31.3993],[-57.9805,-31.3805],[-57.9756,-31.3351],[-57.9664,-31.3146],[-57.9356,-31.2903],[-57.9051,-31.241],[-57.9117,-31.1706],[-57.899,-31.1265],[-57.8737,-31.0931],[-57.8552,-31.059],[-57.8633,-31.0123],[-57.9117,-30.9474],[-57.904,-30.9297],[-57.8853,-30.9188],[-57.8428,-30.9092],[-57.8072,-30.9076],[-57.795,-30.858],[-57.796,-30.8162],[-57.8087,-30.7473],[-57.8703,-30.7079],[-57.9873,-30.6035],[-58.037,-30.5218],[-58.0515,-30.4533],[-58.068,-30.4207],[-58.1137,-30.3898],[-58.1722,-30.3406],[-58.1935,-30.3155],[-58.2204,-30.2636],[-58.2608,-30.2307],[-58.4549,-30.184],[-58.5014,-30.1855],[-58.5401,-30.1763],[-58.5736,-30.1561],[-58.6297,-30.1523],[-58.7936,-30.2116],[-58.8762,-30.227],[-58.9159,-30.2236],[-58.9731,-30.2074],[-59.005,-30.2041],[-59.0449,-30.2201],[-59.0987,-30.2504],[-59.1659,-30.3057],[-59.2413,-30.3435],[-59.3369,-30.3127],[-59.3885,-30.306],[-59.4559,-30.3198],[-59.5041,-30.3103],[-59.5681,-30.3326],[-59.6615,-30.3369],[-59.653,-30.3839],[-59.6181,-30.4468],[-59.6155,-30.4791],[-59.6222,-30.5168],[-59.6251,-30.5926],[-59.646,-30.6407],[-59.6542,-30.7172],[-59.6606,-30.7361],[-59.7198,-30.831],[-59.7738,-30.8924],[-59.7949,-30.925],[-59.841,-30.9773],[-59.8807,-31.042],[-59.9404,-31.1161],[-60.0008,-31.2123],[-60.0533,-31.2561],[-60.0634,-31.2695],[-60.094,-31.3537],[-60.1448,-31.412],[-60.1637,-31.4421],[-60.2118,-31.468],[-60.3021,-31.5552],[-60.3517,-31.6206],[-60.3807,-31.6491],[-60.4141,-31.6735],[-60.453,-31.6918],[-60.4951,-31.7004],[-60.6053,-31.6997],[-60.6478,-31.716],[-60.6537,-31.7322],[-60.6509,-31.7658],[-60.681,-31.8662],[-60.7092,-31.8993],[-60.7225,-31.9472],[-60.706,-31.9945],[-60.6662,-32.0483],[-60.6663,-32.0881],[-60.6997,-32.1376],[-60.709,-32.1747],[-60.7015,-32.2344],[-60.7052,-32.275],[-60.7264,-32.3345],[-60.7325,-32.3754],[-60.7271,-32.4352],[-60.7366,-32.4777],[-60.7657,-32.5411],[-60.7692,-32.5605],[-60.7598,-32.5949],[-60.7228,-32.6427],[-60.7058,-32.6795],[-60.6985,-32.7699],[-60.69,-32.8095],[-60.6755,-32.8465],[-60.6224,-32.9406],[-60.5827,-32.9844],[-60.5521,-33.0611],[-60.4954,-33.1221],[-60.4323,-33.1586],[-60.393,-33.1742],[-60.3648,-33.1993],[-60.3475,-33.2241],[-60.2941,-33.2566],[-60.2461,-33.2784],[-60.1181,-33.3936],[-59.9477,-33.495],[-59.9079,-33.5036],[-59.8601,-33.524],[-59.8247,-33.5498],[-59.7865,-33.5988],[-59.7724,-33.6105],[-59.6406,-33.671],[-59.6028,-33.6778],[-59.5207,-33.6553],[-59.4802,-33.6801],[-59.442,-33.7174],[-59.3926,-33.7394],[-59.3064,-33.7394],[-59.2927,-33.7264],[-59.2623,-33.7242],[-59.2523,-33.7527],[-59.2487,-33.7872],[-59.2213,-33.8015],[-59.2009,-33.7946],[-59.1627,-33.8288],[-59.0586,-33.8269],[-59.0318,-33.8296],[-58.9218,-33.8876],[-58.8678,-33.9281],[-58.8493,-33.9373],[-58.7819,-33.9523],[-58.6798,-34.0312],[-58.6385,-34.0485],[-58.591,-34.049],[-58.4996,-34.0167],[-58.447,-34.0069]]]},"properties":{"name":"Entre Ríos","name_en":"Entre Ríos","name_ja":"エントレ・リオス州","name_zh":"恩特雷里奥斯省","name_ko":"엔트레리오스","adm0_a3":"ARG","postal":"ER","iso_3166_2":"AR-E","type_en":"Province","geonunit":"Argentina"}},
{"type":"Feature","geometry":{"type":"Polygon","coordinates":[[[-67.2513,-23.7331],[-67.3398,-24.0006],[-67.3624,-24.0304],[-67.4123,-24.0556],[-67.5103,-24.0904],[-67.6352,-24.1415],[-68.0102,-24.2951],[-68.2445,-24.3854],[-68.2624,-24.3968],[-68.2768,-24.4323],[-68.314,-24.4873],[-68.3449,-24.4998],[-68.3798,-24.4911],[-68.3977,-24.5005],[-68.4377,-24.5797],[-68.4515,-24.6293],[-68.4818,-24.5988],[-68.5037,-24.6123],[-68.5213,-24.6753],[-68.5724,-24.7699],[-68.578,-24.8087],[-68.5552,-24.8622],[-68.5416,-24.8774],[-68.5102,-24.8955],[-68.4793,-24.8996],[-68.4657,-24.9221],[-68.4691,-24.9368],[-68.4398,-24.9676],[-68.4435,-25.0211],[-68.4205,-25.0512],[-68.389,-25.0775],[-68.3674,-25.1034],[-68.3666,-25.1234],[-68.3792,-25.1368],[-68.4208,-25.1487],[-68.474,-25.1454],[-68.4965,-25.16],[-68.4858,-25.1624],[-67.8069,-25.2832],[-66.601,-25.2691],[-66.5684,-25.27],[-66.5516,-25.279],[-66.5345,-25.3152],[-66.5246,-25.3912],[-66.5176,-25.4104],[-66.4858,-25.449],[-66.4692,-25.4798],[-66.471,-25.4981],[-66.4948,-25.5767],[-66.4934,-25.6017],[-66.5125,-25.6309],[-66.5613,-25.6631],[-66.5883,-25.6701],[-66.6292,-25.6682],[-66.6702,-25.674],[-66.7354,-25.674],[-66.7502,-25.6803],[-66.8068,-25.725],[-66.8146,-25.7458],[-66.8158,-25.8125],[-66.8029,-25.8592],[-66.7817,-25.8949],[-66.7,-26.0049],[-66.6194,-26.0969],[-66.6049,-26.1407],[-66.5716,-26.1774],[-66.5333,-26.26],[-66.5148,-26.2827],[-66.4198,-26.3767],[-66.393,-26.3886],[-66.378,-26.385],[-66.3584,-26.3661],[-66.3133,-26.2643],[-66.2898,-26.2353],[-66.2624,-26.2219],[-66.244,-26.1879],[-66.2248,-26.171],[-66.1919,-26.1639],[-66.157,-26.1699],[-66.1438,-26.1781],[-66.0963,-26.2332],[-66.0538,-26.2535],[-65.7591,-26.2996],[-65.7248,-26.3011],[-65.7118,-26.2954],[-65.6981,-26.272],[-65.6996,-26.2263],[-65.6858,-26.1703],[-65.68,-26.087],[-65.6653,-26.0748],[-65.6264,-26.089],[-65.5767,-26.1014],[-65.5401,-26.0997],[-65.4421,-26.1201],[-65.4159,-26.1164],[-65.3665,-26.0904],[-65.3144,-26.076],[-65.2897,-26.1119],[-65.2673,-26.1636],[-65.2528,-26.1724],[-65.0619,-26.2421],[-65.0361,-26.2368],[-65.0171,-26.241],[-64.9664,-26.2688],[-64.9244,-26.2741],[-64.8964,-26.266],[-64.8492,-26.2321],[-64.7978,-26.2162],[-64.7674,-26.2114],[-64.697,-26.2249],[-64.4863,-26.2202],[-64.4771,-26.1807],[-64.441,-26.1178],[-64.4322,-26.0885],[-64.4322,-26.0571],[-64.425,-26.0276],[-64.2116,-25.6037],[-64.1918,-25.5799],[-64.1534,-25.5847],[-63.9244,-25.6523],[-63.3986,-25.6594],[-63.0919,-25.3013],[-62.3344,-24.4029],[-62.3392,-24.1206],[-62.3388,-23.5562],[-62.3414,-22.4723],[-62.3683,-22.4644],[-62.4381,-22.4197],[-62.4706,-22.3818],[-62.5234,-22.3649],[-62.5647,-22.322],[-62.6131,-22.3115],[-62.6327,-22.296],[-62.6196,-22.255],[-62.6318,-22.2408],[-62.659,-22.2317],[-62.6675,-22.2065],[-62.722,-22.1662],[-62.7694,-22.1447],[-62.7909,-22.1132],[-62.7911,-22.0816],[-62.8044,-22.0041],[-62.862,-21.9932],[-63.0104,-22.0008],[-63.3249,-21.9991],[-63.6394,-21.9975],[-63.6778,-22.0037],[-63.6939,-22.012],[-63.7404,-22.0506],[-63.793,-22.0115],[-63.8131,-22.003],[-63.9064,-21.9972],[-63.9476,-22.0076],[-63.9646,-22.0585],[-63.9758,-22.0738],[-63.9956,-22.0829],[-64.0044,-22.0993],[-64.0198,-22.1554],[-64.051,-22.2292],[-64.0862,-22.2579],[-64.1605,-22.4385],[-64.1847,-22.4712],[-64.2363,-22.5167],[-64.2508,-22.5407],[-64.294,-22.6909],[-64.2946,-22.7629],[-64.3035,-22.7823],[-64.3269,-22.8592],[-64.3253,-22.8719],[-64.3439,-22.8637],[-64.3477,-22.817],[-64.36,-22.803],[-64.3523,-22.7791],[-64.3557,-22.7519],[-64.369,-22.7297],[-64.4017,-22.7124],[-64.4283,-22.659],[-64.4537,-22.6429],[-64.4562,-22.628],[-64.4455,-22.5762],[-64.4298,-22.5571],[-64.4283,-22.5423],[-64.4837,-22.4912],[-64.4981,-22.4728],[-64.5078,-22.444],[-64.5257,-22.433],[-64.5311,-22.4155],[-64.5246,-22.3854],[-64.5589,-22.3606],[-64.572,-22.3432],[-64.5423,-22.2915],[-64.5518,-22.255],[-64.5869,-22.2128],[-64.6387,-22.1917],[-64.6578,-22.1784],[-64.6874,-22.1729],[-64.7229,-22.1833],[-64.7623,-22.1744],[-64.8325,-22.1375],[-65.0204,-22.0966],[-65.1905,-22.0985],[-65.1969,-22.1318],[-65.2198,-22.1686],[-65.2354,-22.2231],[-65.2382,-22.3112],[-65.2419,-22.3262],[-65.2734,-22.3708],[-65.3015,-22.4329],[-65.3112,-22.463],[-65.3343,-22.5023],[-65.3455,-22.5882],[-65.3409,-22.5966],[-65.3125,-22.5951],[-65.2687,-22.6298],[-65.2652,-22.6382],[-65.2811,-22.6671],[-65.287,-22.6979],[-65.2684,-22.8437],[-65.2542,-22.871],[-65.2347,-22.9375],[-65.2272,-22.9506],[-65.1925,-22.9805],[-65.1691,-22.9873],[-65.0849,-22.9886],[-65.0572,-22.9918],[-65.0393,-23.0023],[-65.013,-23.034],[-65.0072,-23.0746],[-65.0204,-23.1626],[-65.0389,-23.2242],[-65.0429,-23.2514],[-65.0259,-23.2763],[-64.9642,-23.2985],[-64.9362,-23.3364],[-64.9246,-23.3674],[-64.8895,-23.4297],[-64.879,-23.4891],[-64.869,-23.4963],[-64.8159,-23.5046],[-64.7843,-23.4965],[-64.7401,-23.4646],[-64.6601,-23.4546],[-64.6262,-23.4813],[-64.5878,-23.4904],[-64.5558,-23.5056],[-64.5171,-23.5376],[-64.4642,-23.6027],[-64.4383,-23.6196],[-64.4087,-23.5915],[-64.3987,-23.5477],[-64.3675,-23.5096],[-64.347,-23.5046],[-64.2214,-23.5066],[-64.1888,-23.5133],[-64.1811,-23.5416],[-64.1588,-24.1836],[-64.1771,-24.2407],[-64.212,-24.2988],[-64.271,-24.3752],[-64.3149,-24.414],[-64.3994,-24.424],[-64.4264,-24.4377],[-64.4536,-24.4693],[-64.503,-24.4807],[-64.5565,-24.5258],[-64.5838,-24.5606],[-64.6094,-24.6105],[-64.6255,-24.6132],[-64.8166,-24.4589],[-64.8282,-24.4555],[-64.8563,-24.4935],[-64.9017,-24.5926],[-64.9359,-24.5977],[-65.0315,-24.5649],[-65.0643,-24.5465],[-65.1495,-24.4826],[-65.1649,-24.4543],[-65.1746,-24.4547],[-65.2392,-24.4914],[-65.2769,-24.5018],[-65.3166,-24.4915],[-65.362,-24.4717],[-65.428,-24.4606],[-65.4609,-24.4305],[-65.4966,-24.4204],[-65.5281,-24.4337],[-65.5871,-24.4026],[-65.6169,-24.3513],[-65.718,-24.2279],[-65.7515,-24.1751],[-65.7593,-24.1558],[-65.7557,-24.1137],[-65.7591,-24.0768],[-65.78,-24.0619],[-65.8271,-24.0412],[-65.8807,-23.9925],[-65.9019,-23.9804],[-65.9212,-23.9803],[-65.9433,-23.9961],[-65.9641,-23.9897],[-66.0002,-23.9413],[-65.9929,-23.9028],[-66.0083,-23.865],[-66.026,-23.8476],[-66.0226,-23.7775],[-66.0049,-23.7405],[-65.987,-23.7142],[-65.9995,-23.6849],[-65.9883,-23.6635],[-65.9933,-23.5964],[-65.9868,-23.5433],[-66.0282,-23.4998],[-66.1702,-23.4207],[-66.2111,-23.4194],[-66.2572,-23.3913],[-66.2838,-23.3914],[-66.33,-23.3717],[-66.3522,-23.3678],[-66.3776,-23.3907],[-66.4038,-23.4931],[-66.4067,-23.5188],[-66.4029,-23.5569],[-66.3772,-23.6278],[-66.3458,-23.6967],[-66.3379,-23.7238],[-66.3339,-23.7809],[-66.3386,-23.8697],[-66.3502,-23.9739],[-66.352,-24.0414],[-66.3772,-24.0981],[-66.381,-24.1281],[-66.395,-24.1477],[-66.4183,-24.1547],[-66.471,-24.2208],[-66.5045,-24.2371],[-66.5679,-24.2398],[-66.604,-24.2325],[-66.6753,-24.1991],[-66.6974,-24.1805],[-66.7336,-24.1332],[-66.7767,-24.0931],[-66.8574,-24.0602],[-66.8736,-24.0501],[-66.8979,-24.0188],[-66.9319,-23.9877],[-66.9525,-23.951],[-66.9884,-23.9416],[-66.9996,-23.9125],[-67.044,-23.8719],[-67.0719,-23.8404],[-67.0922,-23.8263],[-67.1447,-23.8159],[-67.1867,-23.7747],[-67.2135,-23.7665],[-67.2513,-23.7331]]]},"properties":{"name":"Salta","name_en":"Salta","name_ja":"サルタ州","name_zh":"萨尔塔省","name_ko":"살타","adm0_a3":"ARG","postal":"SA","iso_3166_2":"AR-A","type_en":"Province","geonunit":"Argentina"}},
{"type":"Feature","geometry":{"type":"Polygon","coordinates":[[[-67.2513,-23.7331],[-67.2135,-23.7665],[-67.1867,-23.7747],[-67.1447,-23.8159],[-67.0922,-23.8263],[-67.0719,-23.8404],[-67.044,-23.8719],[-66.9996,-23.9125],[-66.9884,-23.9416],[-66.9525,-23.951],[-66.9319,-23.9877],[-66.8979,-24.0188],[-66.8736,-24.0501],[-66.8574,-24.0602],[-66.7767,-24.0931],[-66.7336,-24.1332],[-66.6974,-24.1805],[-66.6753,-24.1991],[-66.604,-24.2325],[-66.5679,-24.2398],[-66.5045,-24.2371],[-66.471,-24.2208],[-66.4183,-24.1547],[-66.395,-24.1477],[-66.381,-24.1281],[-66.3772,-24.0981],[-66.352,-24.0414],[-66.3502,-23.9739],[-66.3386,-23.8697],[-66.3339,-23.7809],[-66.3379,-23.7238],[-66.3458,-23.6967],[-66.3772,-23.6278],[-66.4029,-23.5569],[-66.4067,-23.5188],[-66.4038,-23.4931],[-66.3776,-23.3907],[-66.3522,-23.3678],[-66.33,-23.3717],[-66.2838,-23.3914],[-66.2572,-23.3913],[-66.2111,-23.4194],[-66.1702,-23.4207],[-66.0282,-23.4998],[-65.9868,-23.5433],[-65.9933,-23.5964],[-65.9883,-23.6635],[-65.9995,-23.6849],[-65.987,-23.7142],[-66.0049,-23.7405],[-66.0226,-23.7775],[-66.026,-23.8476],[-66.0083,-23.865],[-65.9929,-23.9028],[-66.0002,-23.9413],[-65.9641,-23.9897],[-65.9433,-23.9961],[-65.9212,-23.9803],[-65.9019,-23.9804],[-65.8807,-23.9925],[-65.8271,-24.0412],[-65.78,-24.0619],[-65.7591,-24.0768],[-65.7557,-24.1137],[-65.7593,-24.1558],[-65.7515,-24.1751],[-65.718,-24.2279],[-65.6169,-24.3513],[-65.5871,-24.4026],[-65.5281,-24.4337],[-65.4966,-24.4204],[-65.4609,-24.4305],[-65.428,-24.4606],[-65.362,-24.4717],[-65.3166,-24.4915],[-65.2769,-24.5018],[-65.2392,-24.4914],[-65.1746,-24.4547],[-65.1649,-24.4543],[-65.1495,-24.4826],[-65.0643,-24.5465],[-65.0315,-24.5649],[-64.9359,-24.5977],[-64.9017,-24.5926],[-64.8563,-24.4935],[-64.8282,-24.4555],[-64.8166,-24.4589],[-64.6255,-24.6132],[-64.6094,-24.6105],[-64.5838,-24.5606],[-64.5565,-24.5258],[-64.503,-24.4807],[-64.4536,-24.4693],[-64.4264,-24.4377],[-64.3994,-24.424],[-64.3149,-24.414],[-64.271,-24.3752],[-64.212,-24.2988],[-64.1771,-24.2407],[-64.1588,-24.1836],[-64.1811,-23.5416],[-64.1888,-23.5133],[-64.2214,-23.5066],[-64.347,-23.5046],[-64.3675,-23.5096],[-64.3987,-23.5477],[-64.4087,-23.5915],[-64.4383,-23.6196],[-64.4642,-23.6027],[-64.5171,-23.5376],[-64.5558,-23.5056],[-64.5878,-23.4904],[-64.6262,-23.4813],[-64.6601,-23.4546],[-64.7401,-23.4646],[-64.7843,-23.4965],[-64.8159,-23.5046],[-64.869,-23.4963],[-64.879,-23.4891],[-64.8895,-23.4297],[-64.9246,-23.3674],[-64.9362,-23.3364],[-64.9642,-23.2985],[-65.0259,-23.2763],[-65.0429,-23.2514],[-65.0389,-23.2242],[-65.0204,-23.1626],[-65.0072,-23.0746],[-65.013,-23.034],[-65.0393,-23.0023],[-65.0572,-22.9918],[-65.0849,-22.9886],[-65.1691,-22.9873],[-65.1925,-22.9805],[-65.2272,-22.9506],[-65.2347,-22.9375],[-65.2542,-22.871],[-65.2684,-22.8437],[-65.287,-22.6979],[-65.2811,-22.6671],[-65.2652,-22.6382],[-65.2687,-22.6298],[-65.3125,-22.5951],[-65.3409,-22.5966],[-65.3455,-22.5882],[-65.3343,-22.5023],[-65.3112,-22.463],[-65.3015,-22.4329],[-65.2734,-22.3708],[-65.2419,-22.3262],[-65.2382,-22.3112],[-65.2354,-22.2231],[-65.2198,-22.1686],[-65.1969,-22.1318],[-65.1905,-22.0985],[-65.4573,-22.1014],[-65.5799,-22.0865],[-65.6053,-22.0991],[-65.7446,-22.114],[-65.7753,-22.1051],[-65.8046,-22.0858],[-65.9327,-21.9446],[-65.9545,-21.9331],[-66.0465,-21.918],[-66.0636,-21.864],[-66.0945,-21.8329],[-66.1378,-21.8125],[-66.2225,-21.7869],[-66.24,-21.7924],[-66.2876,-21.957],[-66.2972,-22.0503],[-66.3076,-22.077],[-66.3267,-22.0774],[-66.3532,-22.1096],[-66.3775,-22.1271],[-66.5103,-22.1629],[-66.6268,-22.1926],[-66.6363,-22.2113],[-66.6993,-22.2008],[-66.7359,-22.2251],[-66.7561,-22.2683],[-66.7679,-22.3426],[-66.7905,-22.3883],[-66.7851,-22.4276],[-66.7965,-22.4349],[-66.9086,-22.4675],[-66.9353,-22.4805],[-66.9652,-22.5143],[-66.9936,-22.5258],[-67.0327,-22.5246],[-67.0244,-22.6176],[-67.0266,-22.6394],[-67.0377,-22.6546],[-67.1132,-22.7101],[-67.1427,-22.7427],[-67.1939,-22.8222],[-67.014,-23.0007],[-67.0195,-23.0319],[-67.1074,-23.2977],[-67.1777,-23.5102],[-67.2513,-23.7331]]]},"properties":{"name":"Jujuy","name_en":"Jujuy","name_ja":"フフイ州","name_zh":"胡胡伊省","name_ko":"후후이","adm0_a3":"ARG","postal":"JY","iso_3166_2":"AR-Y","type_en":"Province","geonunit":"Argentina"}},
{"type":"Feature","geometry":{"type":"Polygon","coordinates":[[[-62.3414,-22.4723],[-62.3388,-23.5562],[-62.3392,-24.1206],[-62.1232,-24.1985],[-62.0495,-24.2092],[-62.0097,-24.2285],[-61.9832,-24.2642],[-61.9389,-24.2886],[-61.902,-24.3173],[-61.8283,-24.336],[-61.7757,-24.3417],[-61.705,-24.3954],[-61.6979,-24.4145],[-61.6603,-24.4764],[-61.6496,-24.486],[-61.6361,-24.4791],[-61.6058,-24.486],[-61.5886,-24.4815],[-61.5694,-24.4898],[-61.5607,-24.5191],[-61.5111,-24.5633],[-61.4975,-24.5796],[-61.4511,-24.6194],[-61.4226,-24.6283],[-61.3907,-24.6263],[-61.3294,-24.6446],[-61.2608,-24.6471],[-61.2229,-24.6581],[-61.1987,-24.6749],[-61.1716,-24.7137],[-61.1452,-24.7257],[-61.1449,-24.7534],[-61.0949,-24.8273],[-61.1058,-24.8516],[-61.0959,-24.8772],[-61.0613,-24.903],[-61.0343,-24.898],[-60.8951,-25.0063],[-60.8656,-25.0197],[-60.8387,-25.0392],[-60.7999,-25.0754],[-60.7706,-25.0852],[-60.6734,-25.1396],[-60.6383,-25.1681],[-60.6001,-25.1778],[-60.5635,-25.1983],[-60.5244,-25.1988],[-60.4997,-25.2096],[-60.4721,-25.2583],[-60.4254,-25.3193],[-60.3946,-25.3442],[-60.3603,-25.3633],[-60.3417,-25.3956],[-60.348,-25.4167],[-60.3392,-25.4281],[-60.3045,-25.4443],[-60.2933,-25.4793],[-60.2832,-25.4867],[-60.2387,-25.4952],[-60.2262,-25.5204],[-60.2388,-25.545],[-60.2152,-25.5956],[-60.1957,-25.6177],[-60.1781,-25.6651],[-60.1653,-25.67],[-60.143,-25.66],[-60.0728,-25.6903],[-60.0334,-25.7012],[-60.0257,-25.7255],[-60.0104,-25.737],[-59.9682,-25.747],[-59.9366,-25.7832],[-59.9088,-25.7939],[-59.8625,-25.8231],[-59.8614,-25.852],[-59.8483,-25.8695],[-59.8105,-25.8855],[-59.7701,-25.9212],[-59.7032,-26.0081],[-59.6736,-26.0135],[-59.6663,-26.077],[-59.669,-26.1172],[-59.6632,-26.1322],[-59.646,-26.1387],[-59.6193,-26.1345],[-59.5737,-26.155],[-59.5264,-26.1562],[-59.504,-26.1636],[-59.4528,-26.1686],[-59.4131,-26.1901],[-59.4099,-26.2349],[-59.3849,-26.2734],[-59.3872,-26.2914],[-59.3652,-26.3252],[-59.347,-26.3401],[-59.3171,-26.3357],[-59.2835,-26.3478],[-59.2537,-26.3432],[-59.217,-26.3303],[-59.1846,-26.3047],[-59.1628,-26.2956],[-59.1468,-26.2995],[-59.1317,-26.321],[-59.0953,-26.3498],[-58.9821,-26.3896],[-58.9535,-26.4056],[-58.909,-26.4507],[-58.889,-26.4789],[-58.8633,-26.5039],[-58.8397,-26.5187],[-58.7871,-26.5428],[-58.7502,-26.587],[-58.7341,-26.5972],[-58.7073,-26.5962],[-58.6865,-26.6076],[-58.6527,-26.6479],[-58.5771,-26.6896],[-58.5616,-26.7037],[-58.5459,-26.7414],[-58.5347,-26.7543],[-58.476,-26.7979],[-58.4666,-26.8251],[-58.4262,-26.8486],[-58.3965,-26.8443],[-58.3752,-26.8533],[-58.373,-26.8766],[-58.3513,-26.8858],[-58.3158,-26.8741],[-58.3221,-26.8568],[-58.3524,-26.8305],[-58.34,-26.8086],[-58.3233,-26.8038],[-58.2886,-26.8115],[-58.2748,-26.7984],[-58.2879,-26.7686],[-58.2479,-26.7582],[-58.2452,-26.6802],[-58.2355,-26.6498],[-58.1957,-26.6575],[-58.1786,-26.6507],[-58.1923,-26.6128],[-58.1649,-26.5923],[-58.1854,-26.565],[-58.2134,-26.5445],[-58.2173,-26.5276],[-58.2027,-26.4716],[-58.1854,-26.4517],[-58.2096,-26.4313],[-58.2062,-26.4027],[-58.1727,-26.3493],[-58.1649,-26.3186],[-58.17,-26.2703],[-58.1233,-26.2515],[-58.106,-26.2395],[-58.1066,-26.2261],[-58.1489,-26.1993],[-58.1513,-26.1815],[-58.124,-26.2019],[-58.1063,-26.1703],[-58.0967,-26.1367],[-58.0865,-26.1272],[-58.0216,-26.1057],[-57.9882,-26.0885],[-57.8727,-26.0103],[-57.8596,-25.9809],[-57.9058,-25.9686],[-57.8982,-25.9536],[-57.8633,-25.9276],[-57.8524,-25.898],[-57.8754,-25.8902],[-57.8754,-25.8761],[-57.8332,-25.8588],[-57.8019,-25.8314],[-57.8206,-25.7783],[-57.7679,-25.7507],[-57.7404,-25.7221],[-57.7746,-25.7017],[-57.7537,-25.6727],[-57.7199,-25.6538],[-57.679,-25.647],[-57.6681,-25.6123],[-57.6231,-25.6154],[-57.6116,-25.5859],[-57.5872,-25.5757],[-57.57,-25.5467],[-57.5569,-25.4598],[-57.5581,-25.4435],[-57.5787,-25.4167],[-57.6408,-25.3726],[-57.6412,-25.3605],[-57.6715,-25.2901],[-57.7023,-25.2709],[-57.7218,-25.2461],[-57.7541,-25.1809],[-57.766,-25.1679],[-57.8124,-25.1437],[-57.8565,-25.0968],[-57.8905,-25.0787],[-57.9698,-25.0785],[-57.9838,-25.0742],[-58.0005,-25.0444],[-58.0421,-25.0444],[-58.1115,-25.0123],[-58.2241,-24.9412],[-58.2425,-24.9417],[-58.2873,-24.9798],[-58.312,-24.9936],[-58.336,-24.9919],[-58.3506,-24.9686],[-58.4148,-24.9031],[-58.4508,-24.8617],[-58.4734,-24.8513],[-58.6942,-24.812],[-58.7019,-24.7993],[-58.7375,-24.7828],[-58.7885,-24.7816],[-58.8092,-24.7768],[-59.0009,-24.6442],[-59.0327,-24.637],[-59.0722,-24.6068],[-59.117,-24.5988],[-59.1544,-24.5763],[-59.1779,-24.5687],[-59.2065,-24.5502],[-59.2481,-24.5372],[-59.2705,-24.5182],[-59.2951,-24.5129],[-59.3081,-24.4988],[-59.341,-24.4876],[-59.3574,-24.469],[-59.3778,-24.4335],[-59.426,-24.3925],[-59.4503,-24.3824],[-59.4597,-24.3585],[-59.5104,-24.3327],[-59.54,-24.3088],[-59.6177,-24.2835],[-59.6353,-24.2615],[-59.6736,-24.2254],[-60.0337,-24.007],[-60.0724,-24.0048],[-60.1432,-24.0252],[-60.2181,-24.0274],[-60.2964,-24.0164],[-60.328,-24.018],[-60.3874,-23.9872],[-60.4231,-23.9885],[-60.4849,-23.9773],[-60.536,-23.9476],[-60.5775,-23.9442],[-60.5946,-23.9065],[-60.6437,-23.8914],[-60.6897,-23.8936],[-60.7293,-23.8721],[-60.8169,-23.8741],[-60.8376,-23.8718],[-60.8999,-23.8305],[-60.9367,-23.8138],[-60.9748,-23.8241],[-61.0063,-23.8055],[-61.0362,-23.7688],[-61.0381,-23.7554],[-61.0662,-23.7157],[-61.0925,-23.7019],[-61.1188,-23.6664],[-61.1062,-23.6272],[-61.1099,-23.607],[-61.1395,-23.5927],[-61.1802,-23.5572],[-61.2144,-23.5572],[-61.2429,-23.5331],[-61.2726,-23.5236],[-61.297,-23.4814],[-61.3618,-23.4547],[-61.3987,-23.4501],[-61.4357,-23.4237],[-61.4918,-23.4132],[-61.5104,-23.3844],[-61.5263,-23.3747],[-61.5161,-23.345],[-61.5546,-23.3384],[-61.6051,-23.2893],[-61.6196,-23.2829],[-61.6669,-23.2829],[-61.6888,-23.2745],[-61.7044,-23.2584],[-61.7443,-23.2348],[-61.7523,-23.1871],[-61.7693,-23.1656],[-61.8143,-23.1352],[-61.845,-23.0972],[-61.9564,-23.0344],[-61.9921,-22.9981],[-62.0089,-22.9697],[-62.0038,-22.9463],[-62.0358,-22.8849],[-62.0894,-22.8199],[-62.1159,-22.7998],[-62.1262,-22.7757],[-62.1535,-22.7478],[-62.1708,-22.7173],[-62.1883,-22.7083],[-62.1759,-22.6849],[-62.195,-22.6736],[-62.1876,-22.6386],[-62.193,-22.6282],[-62.2149,-22.6243],[-62.2528,-22.6036],[-62.253,-22.5911],[-62.2332,-22.5563],[-62.2412,-22.5384],[-62.2634,-22.5144],[-62.2814,-22.5121],[-62.2872,-22.4839],[-62.3414,-22.4723]]]},"properties":{"name":"Formosa","name_en":"Formosa","name_ja":"フォルモサ州","name_zh":"福尔摩沙省","name_ko":"포르모사","adm0_a3":"ARG","postal":"FM","iso_3166_2":"AR-P","type_en":"Province","geonunit":"Argentina"}},
{"type":"Feature","geometry":{"type":"Polygon","coordinates":[[[-55.623,-28.1443],[-55.6047,-28.1169],[-55.5816,-28.1211],[-55.5771,-28.1443],[-55.5535,-28.1456],[-55.5438,-28.1242],[-55.5202,-28.1068],[-55.5059,-28.0789],[-55.493,-28.0739],[-55.4755,-28.0863],[-55.4407,-28.0789],[-55.3898,-28.0242],[-55.3814,-28.0087],[-55.3764,-27.9732],[-55.3379,-27.9631],[-55.3299,-27.9281],[-55.3141,-27.915],[-55.2701,-27.9224],[-55.224,-27.8938],[-55.1977,-27.8606],[-55.1776,-27.8536],[-55.1397,-27.8767],[-55.1192,-27.8809],[-55.1087,-27.8468],[-55.0677,-27.8393],[-55.0458,-27.8507],[-55.0258,-27.8402],[-55.0404,-27.8195],[-55.0713,-27.7944],[-55.0812,-27.7783],[-55.0643,-27.771],[-55.0091,-27.7884],[-54.9852,-27.7853],[-54.933,-27.7438],[-54.9132,-27.7369],[-54.9016,-27.7045],[-54.8965,-27.6612],[-54.8983,-27.6236],[-54.8654,-27.6208],[-54.8451,-27.6119],[-54.8275,-27.5451],[-54.805,-27.5264],[-54.7865,-27.5342],[-54.7937,-27.5492],[-54.7739,-27.5638],[-54.7319,-27.5513],[-54.6997,-27.553],[-54.6772,-27.5418],[-54.6735,-27.5097],[-54.6595,-27.5028],[-54.6512,-27.5259],[-54.6259,-27.5153],[-54.6053,-27.468],[-54.5895,-27.4526],[-54.5705,-27.4557],[-54.5538,-27.483],[-54.5335,-27.4874],[-54.4686,-27.4703],[-54.4484,-27.4589],[-54.4477,-27.4458],[-54.4646,-27.4233],[-54.4608,-27.4126],[-54.4042,-27.4074],[-54.3787,-27.4227],[-54.3716,-27.4544],[-54.3543,-27.4463],[-54.3461,-27.4265],[-54.3477,-27.3943],[-54.3069,-27.4289],[-54.2869,-27.4284],[-54.2613,-27.3887],[-54.2316,-27.3805],[-54.2318,-27.3515],[-54.2182,-27.3293],[-54.1895,-27.2609],[-54.177,-27.2434],[-54.1559,-27.2577],[-54.1581,-27.2795],[-54.1282,-27.2889],[-54.0918,-27.2852],[-54.0181,-27.2123],[-53.9973,-27.1873],[-53.9815,-27.1957],[-53.9618,-27.1914],[-53.9641,-27.154],[-53.9509,-27.1478],[-53.9254,-27.166],[-53.8994,-27.1584],[-53.8908,-27.1271],[-53.8688,-27.1259],[-53.842,-27.1635],[-53.83,-27.1568],[-53.8188,-27.1315],[-53.8243,-27.1094],[-53.8049,-27.0944],[-53.8009,-27.0391],[-53.7685,-27.0241],[-53.7246,-26.9405],[-53.7125,-26.9045],[-53.7107,-26.8738],[-53.7224,-26.8144],[-53.734,-26.7774],[-53.7529,-26.7732],[-53.7479,-26.7391],[-53.7697,-26.7266],[-53.7717,-26.7037],[-53.746,-26.6939],[-53.7379,-26.6571],[-53.7424,-26.6005],[-53.7282,-26.5519],[-53.7375,-26.5253],[-53.7129,-26.5005],[-53.7128,-26.4696],[-53.7244,-26.3761],[-53.7159,-26.3467],[-53.6732,-26.2926],[-53.6616,-26.2598],[-53.6667,-26.2192],[-53.6851,-26.1877],[-53.7334,-26.1264],[-53.7468,-26.0916],[-53.765,-26.0281],[-53.8262,-25.9727],[-53.8361,-25.9497],[-53.8296,-25.9213],[-53.8416,-25.8677],[-53.8373,-25.8092],[-53.8493,-25.7729],[-53.877,-25.7461],[-53.8855,-25.7226],[-53.8765,-25.6979],[-53.8981,-25.6395],[-53.91,-25.6292],[-53.9481,-25.6506],[-53.9677,-25.6532],[-53.985,-25.5893],[-53.9974,-25.575],[-54.0302,-25.5622],[-54.0554,-25.5707],[-54.0827,-25.5501],[-54.0893,-25.5589],[-54.0896,-25.5974],[-54.109,-25.5903],[-54.1231,-25.5718],[-54.126,-25.552],[-54.1072,-25.5006],[-54.1282,-25.5006],[-54.1543,-25.5283],[-54.1777,-25.5358],[-54.2148,-25.5315],[-54.1947,-25.5633],[-54.1903,-25.5808],[-54.2437,-25.5776],[-54.2556,-25.5987],[-54.2844,-25.5568],[-54.3217,-25.5551],[-54.3497,-25.5824],[-54.3778,-25.5777],[-54.4028,-25.5903],[-54.4051,-25.6198],[-54.4374,-25.645],[-54.4331,-25.6766],[-54.4535,-25.6832],[-54.4606,-25.6421],[-54.473,-25.6258],[-54.5114,-25.6062],[-54.5323,-25.6106],[-54.5456,-25.5748],[-54.56,-25.5702],[-54.6002,-25.5749],[-54.6022,-25.5924],[-54.5862,-25.6247],[-54.5834,-25.6448],[-54.5985,-25.6538],[-54.6337,-25.6521],[-54.6429,-25.6616],[-54.6431,-25.6879],[-54.6172,-25.7735],[-54.5879,-25.8108],[-54.5896,-25.8329],[-54.6152,-25.8829],[-54.6064,-25.9466],[-54.6152,-25.9617],[-54.648,-25.9656],[-54.6623,-25.9799],[-54.6533,-26.0308],[-54.6425,-26.0628],[-54.6431,-26.0852],[-54.6638,-26.1492],[-54.6599,-26.1644],[-54.6383,-26.197],[-54.6643,-26.2362],[-54.6637,-26.3084],[-54.6834,-26.3508],[-54.6931,-26.4119],[-54.7065,-26.4418],[-54.7372,-26.4732],[-54.7653,-26.4941],[-54.7898,-26.5285],[-54.7803,-26.5752],[-54.7849,-26.6228],[-54.7931,-26.645],[-54.8173,-26.6658],[-54.835,-26.6544],[-54.8794,-26.6544],[-54.9033,-26.6599],[-54.9307,-26.694],[-54.9511,-26.7575],[-54.9753,-26.7878],[-54.9918,-26.7946],[-55.0407,-26.7985],[-55.0609,-26.8052],[-55.1258,-26.8636],[-55.1327,-26.8806],[-55.1189,-26.92],[-55.1223,-26.9417],[-55.1384,-26.9537],[-55.2012,-26.9555],[-55.2565,-26.9346],[-55.2806,-26.9343],[-55.3294,-26.9585],[-55.3963,-26.9693],[-55.4308,-26.9964],[-55.4488,-27.0359],[-55.4513,-27.0821],[-55.4619,-27.098],[-55.5338,-27.0994],[-55.5454,-27.1152],[-55.5553,-27.1538],[-55.5983,-27.1675],[-55.599,-27.1826],[-55.5749,-27.2236],[-55.5687,-27.246],[-55.5841,-27.2768],[-55.5816,-27.3055],[-55.5913,-27.3284],[-55.6287,-27.3564],[-55.6536,-27.3601],[-55.6817,-27.3794],[-55.7175,-27.4173],[-55.7547,-27.4437],[-55.8152,-27.4141],[-55.8421,-27.4074],[-55.8628,-27.3911],[-55.8779,-27.3536],[-55.8928,-27.3349],[-55.9131,-27.3278],[-55.9661,-27.3317],[-56.0006,-27.3604],[-56.0145,-27.3938],[-56.0173,-27.4516],[-55.8733,-27.7158],[-55.8512,-27.7858],[-55.8386,-27.9066],[-55.8234,-27.9307],[-55.782,-27.9719],[-55.7683,-27.9994],[-55.7638,-28.0288],[-55.737,-28.066],[-55.7059,-28.0913],[-55.623,-28.1443]]]},"properties":{"name":"Misiones","name_en":"Misiones","name_ja":"ミシオネス州","name_zh":"米西奥内斯省","name_ko":"미시오네스","adm0_a3":"ARG","postal":"MN","iso_3166_2":"AR-N","type_en":"Province","geonunit":"Argentina"}},
{"type":"Feature","geometry":{"type":"Polygon","coordinates":[[[-58.3513,-26.8858],[-58.373,-26.8766],[-58.3752,-26.8533],[-58.3965,-26.8443],[-58.4262,-26.8486],[-58.4666,-26.8251],[-58.476,-26.7979],[-58.5347,-26.7543],[-58.5459,-26.7414],[-58.5616,-26.7037],[-58.5771,-26.6896],[-58.6527,-26.6479],[-58.6865,-26.6076],[-58.7073,-26.5962],[-58.7341,-26.5972],[-58.7502,-26.587],[-58.7871,-26.5428],[-58.8397,-26.5187],[-58.8633,-26.5039],[-58.889,-26.4789],[-58.909,-26.4507],[-58.9535,-26.4056],[-58.9821,-26.3896],[-59.0953,-26.3498],[-59.1317,-26.321],[-59.1468,-26.2995],[-59.1628,-26.2956],[-59.1846,-26.3047],[-59.217,-26.3303],[-59.2537,-26.3432],[-59.2835,-26.3478],[-59.3171,-26.3357],[-59.347,-26.3401],[-59.3652,-26.3252],[-59.3872,-26.2914],[-59.3849,-26.2734],[-59.4099,-26.2349],[-59.4131,-26.1901],[-59.4528,-26.1686],[-59.504,-26.1636],[-59.5264,-26.1562],[-59.5737,-26.155],[-59.6193,-26.1345],[-59.646,-26.1387],[-59.6632,-26.1322],[-59.669,-26.1172],[-59.6663,-26.077],[-59.6736,-26.0135],[-59.7032,-26.0081],[-59.7701,-25.9212],[-59.8105,-25.8855],[-59.8483,-25.8695],[-59.8614,-25.852],[-59.8625,-25.8231],[-59.9088,-25.7939],[-59.9366,-25.7832],[-59.9682,-25.747],[-60.0104,-25.737],[-60.0257,-25.7255],[-60.0334,-25.7012],[-60.0728,-25.6903],[-60.143,-25.66],[-60.1653,-25.67],[-60.1781,-25.6651],[-60.1957,-25.6177],[-60.2152,-25.5956],[-60.2388,-25.545],[-60.2262,-25.5204],[-60.2387,-25.4952],[-60.2832,-25.4867],[-60.2933,-25.4793],[-60.3045,-25.4443],[-60.3392,-25.4281],[-60.348,-25.4167],[-60.3417,-25.3956],[-60.3603,-25.3633],[-60.3946,-25.3442],[-60.4254,-25.3193],[-60.4721,-25.2583],[-60.4997,-25.2096],[-60.5244,-25.1988],[-60.5635,-25.1983],[-60.6001,-25.1778],[-60.6383,-25.1681],[-60.6734,-25.1396],[-60.7706,-25.0852],[-60.7999,-25.0754],[-60.8387,-25.0392],[-60.8656,-25.0197],[-60.8951,-25.0063],[-61.0343,-24.898],[-61.0613,-24.903],[-61.0959,-24.8772],[-61.1058,-24.8516],[-61.0949,-24.8273],[-61.1449,-24.7534],[-61.1452,-24.7257],[-61.1716,-24.7137],[-61.1987,-24.6749],[-61.2229,-24.6581],[-61.2608,-24.6471],[-61.3294,-24.6446],[-61.3907,-24.6263],[-61.4226,-24.6283],[-61.4511,-24.6194],[-61.4975,-24.5796],[-61.5111,-24.5633],[-61.5607,-24.5191],[-61.5694,-24.4898],[-61.5886,-24.4815],[-61.6058,-24.486],[-61.6361,-24.4791],[-61.6496,-24.486],[-61.6603,-24.4764],[-61.6979,-24.4145],[-61.705,-24.3954],[-61.7757,-24.3417],[-61.8283,-24.336],[-61.902,-24.3173],[-61.9389,-24.2886],[-61.9832,-24.2642],[-62.0097,-24.2285],[-62.0495,-24.2092],[-62.1232,-24.1985],[-62.3392,-24.1206],[-62.3344,-24.4029],[-63.0919,-25.3013],[-63.3986,-25.6594],[-61.7539,-25.6614],[-61.7223,-25.7442],[-61.7105,-26.1466],[-61.7093,-26.2603],[-61.7094,-26.7938],[-61.7096,-27.8113],[-61.7099,-28.0004],[-60.7447,-28.0027],[-60.0413,-28.0001],[-59.5974,-28.0004],[-58.8647,-27.9993],[-58.8416,-27.9163],[-58.8445,-27.8597],[-58.8385,-27.8232],[-58.8179,-27.7726],[-58.8157,-27.7169],[-58.8223,-27.6799],[-58.8501,-27.6107],[-58.8847,-27.5506],[-58.8889,-27.515],[-58.8865,-27.4789],[-58.7759,-27.4125],[-58.765,-27.3995],[-58.6909,-27.3579],[-58.656,-27.3311],[-58.6042,-27.3163],[-58.6016,-27.2457],[-58.614,-27.2267],[-58.6524,-27.198],[-58.6584,-27.1851],[-58.6533,-27.1563],[-58.6388,-27.1359],[-58.6161,-27.1238],[-58.5655,-27.116],[-58.5564,-27.0555],[-58.536,-27.0362],[-58.527,-27.0542],[-58.5115,-27.0602],[-58.4924,-27.0097],[-58.4666,-26.9759],[-58.4837,-26.9506],[-58.4598,-26.9282],[-58.3939,-26.9097],[-58.3747,-26.8876],[-58.3513,-26.8858]]]},"properties":{"name":"Chaco","name_en":"Chaco","name_ja":"チャコ州","name_zh":"查科省","name_ko":"차코","adm0_a3":"ARG","postal":"CC","iso_3166_2":"AR-H","type_en":"Province","geonunit":"Argentina"}},
{"type":"Feature","geometry":{"type":"Polygon","coordinates":[[[-55.9661,-27.3317],[-56.0069,-27.3283],[-56.0738,-27.3049],[-56.1246,-27.2989],[-56.1689,-27.3247],[-56.2054,-27.3622],[-56.2568,-27.3783],[-56.2798,-27.3896],[-56.2853,-27.4113],[-56.2815,-27.4386],[-56.297,-27.4809],[-56.336,-27.5257],[-56.3497,-27.5564],[-56.3675,-27.5806],[-56.3997,-27.5868],[-56.4314,-27.5754],[-56.4615,-27.5539],[-56.5464,-27.4551],[-56.613,-27.4464],[-56.6831,-27.4647],[-56.7342,-27.5004],[-56.7712,-27.5067],[-56.8075,-27.4868],[-56.8693,-27.4315],[-56.9044,-27.4187],[-56.941,-27.4221],[-56.9773,-27.4353],[-57.0762,-27.484],[-57.109,-27.4906],[-57.1801,-27.4873],[-57.2371,-27.4542],[-57.2925,-27.4407],[-57.3352,-27.4095],[-57.3867,-27.4035],[-57.4877,-27.4164],[-57.5357,-27.4072],[-57.6978,-27.3335],[-57.8116,-27.3107],[-57.8548,-27.2976],[-57.9134,-27.2863],[-57.944,-27.2746],[-58.022,-27.2598],[-58.0535,-27.259],[-58.1288,-27.2697],[-58.2382,-27.257],[-58.5108,-27.2784],[-58.6042,-27.3163],[-58.656,-27.3311],[-58.6909,-27.3579],[-58.765,-27.3995],[-58.7759,-27.4125],[-58.8865,-27.4789],[-58.8889,-27.515],[-58.8847,-27.5506],[-58.8501,-27.6107],[-58.8223,-27.6799],[-58.8157,-27.7169],[-58.8179,-27.7726],[-58.8385,-27.8232],[-58.8445,-27.8597],[-58.8416,-27.9163],[-58.8647,-27.9993],[-58.877,-28.0434],[-58.8947,-28.0708],[-58.9203,-28.0948],[-58.9505,-28.1124],[-58.9819,-28.1201],[-59.042,-28.122],[-59.0599,-28.1294],[-59.0814,-28.1576],[-59.0907,-28.1922],[-59.082,-28.2653],[-59.091,-28.3219],[-59.0877,-28.341],[-59.068,-28.3845],[-59.0662,-28.4014],[-59.0908,-28.5313],[-59.0857,-28.6079],[-59.0991,-28.6642],[-59.1371,-28.7289],[-59.1429,-28.7458],[-59.141,-28.7897],[-59.1601,-28.8678],[-59.1944,-28.9214],[-59.1927,-28.9884],[-59.1974,-29.0221],[-59.2134,-29.0485],[-59.2741,-29.0801],[-59.3299,-29.1244],[-59.3589,-29.1435],[-59.4558,-29.1752],[-59.5113,-29.2076],[-59.5328,-29.2309],[-59.5477,-29.2596],[-59.5829,-29.3778],[-59.5891,-29.4112],[-59.5911,-29.615],[-59.627,-29.7506],[-59.6648,-29.8191],[-59.6728,-29.8471],[-59.6648,-29.8783],[-59.6302,-29.9301],[-59.5991,-30.0127],[-59.5953,-30.0492],[-59.6025,-30.0848],[-59.6313,-30.1331],[-59.6418,-30.1689],[-59.6476,-30.2255],[-59.6693,-30.2939],[-59.6615,-30.3369],[-59.5681,-30.3326],[-59.5041,-30.3103],[-59.4559,-30.3198],[-59.3885,-30.306],[-59.3369,-30.3127],[-59.2413,-30.3435],[-59.1659,-30.3057],[-59.0987,-30.2504],[-59.0449,-30.2201],[-59.005,-30.2041],[-58.9731,-30.2074],[-58.9159,-30.2236],[-58.8762,-30.227],[-58.7936,-30.2116],[-58.6297,-30.1523],[-58.5736,-30.1561],[-58.5401,-30.1763],[-58.5014,-30.1855],[-58.4549,-30.184],[-58.2608,-30.2307],[-58.2204,-30.2636],[-58.1935,-30.3155],[-58.1722,-30.3406],[-58.1137,-30.3898],[-58.068,-30.4207],[-58.0515,-30.4533],[-58.037,-30.5218],[-57.9873,-30.6035],[-57.8703,-30.7079],[-57.8087,-30.7473],[-57.8262,-30.6897],[-57.8485,-30.6479],[-57.8858,-30.5899],[-57.8898,-30.5508],[-57.8771,-30.5148],[-57.8496,-30.4853],[-57.6527,-30.3291],[-57.6311,-30.2971],[-57.6237,-30.2581],[-57.6425,-30.1931],[-57.634,-30.1836],[-57.5687,-30.1766],[-57.5486,-30.17],[-57.5062,-30.1443],[-57.4115,-30.0396],[-57.3252,-29.981],[-57.3187,-29.9655],[-57.3085,-29.8485],[-57.2915,-29.8151],[-57.2626,-29.7926],[-57.2196,-29.7783],[-57.1775,-29.7729],[-57.1334,-29.7721],[-57.0942,-29.752],[-57.0209,-29.6834],[-57.0088,-29.6626],[-56.9794,-29.635],[-56.9658,-29.6009],[-56.9124,-29.5584],[-56.8973,-29.5357],[-56.819,-29.475],[-56.7998,-29.434],[-56.7834,-29.4258],[-56.7808,-29.3953],[-56.7536,-29.3674],[-56.7181,-29.3515],[-56.6887,-29.3296],[-56.677,-29.3134],[-56.6505,-29.2513],[-56.6563,-29.2234],[-56.6437,-29.1961],[-56.6173,-29.1609],[-56.5842,-29.1323],[-56.5133,-29.0937],[-56.4443,-29.0781],[-56.4158,-29.0514],[-56.4109,-28.9913],[-56.3916,-28.9522],[-56.3231,-28.9165],[-56.301,-28.8814],[-56.2948,-28.7958],[-56.2861,-28.7802],[-56.2655,-28.772],[-56.2184,-28.7641],[-56.1847,-28.7442],[-56.103,-28.6481],[-56.0408,-28.609],[-56.0219,-28.5857],[-56.0214,-28.5104],[-56.0116,-28.4966],[-55.9516,-28.4767],[-55.9191,-28.4734],[-55.8981,-28.4607],[-55.8967,-28.4068],[-55.9056,-28.378],[-55.8874,-28.3633],[-55.8423,-28.3464],[-55.7346,-28.3659],[-55.7057,-28.4077],[-55.6841,-28.388],[-55.6636,-28.3265],[-55.6872,-28.2901],[-55.7546,-28.2657],[-55.7666,-28.2576],[-55.7725,-28.232],[-55.7479,-28.2157],[-55.6841,-28.1962],[-55.623,-28.1443],[-55.7059,-28.0913],[-55.737,-28.066],[-55.7638,-28.0288],[-55.7683,-27.9994],[-55.782,-27.9719],[-55.8234,-27.9307],[-55.8386,-27.9066],[-55.8512,-27.7858],[-55.8733,-27.7158],[-56.0173,-27.4516],[-56.0145,-27.3938],[-56.0006,-27.3604],[-55.9661,-27.3317]]]},"properties":{"name":"Corrientes","name_en":"Corrientes","name_ja":"コリエンテス州","name_zh":"科连特斯省","name_ko":"코리엔테스","adm0_a3":"ARG","postal":"CN","iso_3166_2":"AR-W","type_en":"Province","geonunit":"Argentina"}},
{"type":"Feature","geometry":{"type":"Polygon","coordinates":[[[-68.4965,-25.16],[-68.516,-25.1836],[-68.606,-25.437],[-68.6099,-25.4742],[-68.6029,-25.5107],[-68.5666,-25.5517],[-68.555,-25.5726],[-68.5688,-25.5878],[-68.5596,-25.6086],[-68.5594,-25.663],[-68.5219,-25.7056],[-68.4985,-25.7549],[-68.4864,-25.8366],[-68.4171,-26.0936],[-68.409,-26.1442],[-68.4199,-26.1793],[-68.5461,-26.2691],[-68.5752,-26.3035],[-68.5874,-26.338],[-68.5939,-26.3786],[-68.5953,-26.4573],[-68.5874,-26.5083],[-68.5702,-26.5506],[-68.5442,-26.5893],[-68.5102,-26.6291],[-68.3201,-26.8701],[-68.3054,-26.898],[-68.3021,-26.9266],[-68.3238,-26.981],[-68.3311,-27.0122],[-68.3305,-27.045],[-68.3773,-27.0444],[-68.4431,-27.0667],[-68.4942,-27.0686],[-68.518,-27.0769],[-68.5574,-27.1074],[-68.5859,-27.1628],[-68.6107,-27.1657],[-68.6495,-27.1512],[-68.7186,-27.1067],[-68.7643,-27.1046],[-68.8011,-27.1128],[-68.829,-27.136],[-68.8708,-27.1984],[-68.8797,-27.2215],[-68.8793,-27.2785],[-68.8831,-27.295],[-68.9314,-27.3952],[-68.9586,-27.4211],[-69.0101,-27.4489],[-69.0205,-27.4734],[-69.0163,-27.5001],[-69.0286,-27.5513],[-69.0539,-27.5997],[-69.0855,-27.6293],[-69.0932,-27.6565],[-69.0758,-27.6962],[-69.1182,-27.7221],[-69.1341,-27.7723],[-69.1205,-27.7741],[-68.8496,-27.7934],[-68.7825,-27.7769],[-68.7532,-27.7656],[-68.6571,-27.7521],[-68.6317,-27.7548],[-68.5859,-27.7725],[-68.5536,-27.7663],[-68.521,-27.7418],[-68.4992,-27.7358],[-68.4532,-27.7401],[-68.435,-27.7466],[-68.4297,-27.784],[-68.4461,-27.8317],[-68.4456,-27.8718],[-68.4328,-27.8934],[-68.4313,-27.9156],[-68.4473,-27.9794],[-68.4422,-27.9994],[-68.412,-28.0131],[-68.3813,-28.0123],[-68.3484,-28.0194],[-68.3158,-28.0468],[-68.2958,-28.0745],[-68.2622,-28.0892],[-68.2308,-28.0866],[-68.1614,-28.1017],[-68.1382,-28.1152],[-68.1144,-28.1423],[-68.0844,-28.1552],[-68.0174,-28.1303],[-67.9857,-28.1282],[-67.9622,-28.1184],[-67.9319,-28.1241],[-67.9325,-28.1602],[-67.9253,-28.2145],[-67.9121,-28.2534],[-67.8441,-28.3358],[-67.8241,-28.3824],[-67.8087,-28.3803],[-67.767,-28.3535],[-67.7042,-28.3393],[-67.2601,-28.3583],[-67.1871,-28.3563],[-67.0986,-28.3415],[-67.0646,-28.3106],[-67.0521,-28.2908],[-67.0084,-28.2677],[-66.9762,-28.2674],[-66.7795,-28.3306],[-66.5844,-28.4042],[-66.5503,-28.4439],[-66.5183,-28.4675],[-66.496,-28.4991],[-66.4863,-28.5331],[-66.4739,-28.6141],[-66.4294,-28.6754],[-66.3967,-28.7034],[-66.3376,-28.7357],[-66.3373,-28.7611],[-66.3701,-28.8041],[-66.3793,-28.8244],[-66.3623,-28.8545],[-66.3344,-28.8745],[-66.1657,-28.9438],[-66.1218,-28.9706],[-66.0007,-29.0807],[-65.9704,-29.0949],[-65.7924,-29.2501],[-65.7607,-29.2997],[-65.7533,-29.3254],[-65.7529,-29.4034],[-65.7408,-29.4653],[-65.7295,-29.5022],[-65.6664,-29.6353],[-65.6053,-29.7514],[-65.5688,-29.8428],[-65.4019,-30.1402],[-65.1882,-30.0868],[-65.1382,-30.0631],[-65.0516,-29.9846],[-64.9434,-29.8783],[-64.9313,-29.8422],[-64.9616,-29.6105],[-64.9511,-29.579],[-64.8825,-29.5571],[-64.9039,-29.5317],[-64.927,-29.4861],[-64.992,-29.385],[-65.0354,-29.2927],[-65.0793,-29.0001],[-65.0751,-28.9177],[-65.0926,-28.7213],[-65.1022,-28.6949],[-65.1225,-28.6787],[-65.1644,-28.6579],[-65.18,-28.6451],[-65.1756,-28.5989],[-65.1523,-28.5869],[-65.1267,-28.5446],[-65.0907,-28.5063],[-65.0783,-28.4815],[-65.0722,-28.4241],[-65.0791,-28.2746],[-65.1691,-27.9097],[-65.2154,-27.9244],[-65.2426,-27.9195],[-65.2832,-27.8977],[-65.3334,-27.8636],[-65.349,-27.8633],[-65.4327,-27.9094],[-65.5026,-27.9665],[-65.5294,-28.0002],[-65.558,-28.0544],[-65.5707,-28.0502],[-65.6646,-27.9452],[-65.6793,-27.9069],[-65.6889,-27.8536],[-65.6992,-27.8242],[-65.7132,-27.8096],[-65.7583,-27.7884],[-65.7744,-27.7884],[-65.8211,-27.8057],[-65.8508,-27.7802],[-65.8723,-27.7068],[-65.8838,-27.6911],[-65.906,-27.6794],[-65.9293,-27.6543],[-65.9397,-27.6016],[-65.9522,-27.5776],[-65.9868,-27.43],[-65.977,-27.4062],[-65.9819,-27.3938],[-66.0238,-27.3876],[-66.1064,-27.3455],[-66.1405,-27.3427],[-66.1822,-27.3306],[-66.1946,-27.3194],[-66.1655,-27.2743],[-66.148,-27.2377],[-66.1159,-27.2059],[-66.0743,-27.171],[-66.0572,-27.1329],[-66.0382,-27.1038],[-65.9805,-27.0435],[-65.9108,-26.9806],[-65.8723,-26.9164],[-65.8672,-26.8893],[-65.867,-26.8188],[-65.852,-26.7617],[-65.8535,-26.7232],[-65.8726,-26.6991],[-65.9169,-26.6799],[-65.9816,-26.632],[-66.0158,-26.6008],[-66.053,-26.5823],[-66.1206,-26.5681],[-66.152,-26.5379],[-66.1555,-26.4972],[-66.1387,-26.4489],[-66.1156,-26.4062],[-66.102,-26.3575],[-66.0939,-26.3076],[-66.062,-26.2757],[-66.0538,-26.2535],[-66.0963,-26.2332],[-66.1438,-26.1781],[-66.157,-26.1699],[-66.1919,-26.1639],[-66.2248,-26.171],[-66.244,-26.1879],[-66.2624,-26.2219],[-66.2898,-26.2353],[-66.3133,-26.2643],[-66.3584,-26.3661],[-66.378,-26.385],[-66.393,-26.3886],[-66.4198,-26.3767],[-66.5148,-26.2827],[-66.5333,-26.26],[-66.5716,-26.1774],[-66.6049,-26.1407],[-66.6194,-26.0969],[-66.7,-26.0049],[-66.7817,-25.8949],[-66.8029,-25.8592],[-66.8158,-25.8125],[-66.8146,-25.7458],[-66.8068,-25.725],[-66.7502,-25.6803],[-66.7354,-25.674],[-66.6702,-25.674],[-66.6292,-25.6682],[-66.5883,-25.6701],[-66.5613,-25.6631],[-66.5125,-25.6309],[-66.4934,-25.6017],[-66.4948,-25.5767],[-66.471,-25.4981],[-66.4692,-25.4798],[-66.4858,-25.449],[-66.5176,-25.4104],[-66.5246,-25.3912],[-66.5345,-25.3152],[-66.5516,-25.279],[-66.5684,-25.27],[-66.601,-25.2691],[-67.8069,-25.2832],[-68.4858,-25.1624],[-68.4965,-25.16]]]},"properties":{"name":"Catamarca","name_en":"Catamarca","name_ja":"カタマルカ州","name_zh":"卡塔马卡省","name_ko":"카타마르카","adm0_a3":"ARG","postal":"CT","iso_3166_2":"AR-K","type_en":"Province","geonunit":"Argentina"}},
{"type":"Feature","geometry":{"type":"Polygon","coordinates":[[[-69.1341,-27.7723],[-69.173,-27.9241],[-69.1902,-27.9514],[-69.2159,-27.9685],[-69.2751,-27.9829],[-69.3032,-27.9995],[-69.3131,-28.0145],[-69.3118,-28.0365],[-69.3308,-28.0524],[-69.3672,-28.1304],[-69.4203,-28.2126],[-69.4762,-28.1879],[-69.4905,-28.1984],[-69.5012,-28.2504],[-69.5101,-28.2675],[-69.5535,-28.3179],[-69.6073,-28.3563],[-69.654,-28.401],[-69.5867,-28.4168],[-69.543,-28.4375],[-69.5168,-28.4376],[-69.473,-28.4264],[-69.4433,-28.4603],[-69.4032,-28.482],[-69.3536,-28.4778],[-69.3363,-28.4848],[-69.1902,-28.594],[-69.1618,-28.6214],[-69.1479,-28.6579],[-69.1338,-28.6801],[-69.103,-28.7777],[-69.0356,-28.8305],[-69.0072,-28.866],[-68.9811,-28.9349],[-68.9637,-28.9554],[-68.9211,-28.9895],[-68.9086,-29.0141],[-68.9196,-29.0491],[-68.9543,-29.0634],[-68.9737,-29.079],[-68.9988,-29.1179],[-69.0041,-29.1503],[-69.005,-29.1959],[-69.0002,-29.2334],[-68.9672,-29.2633],[-68.943,-29.3053],[-68.9483,-29.325],[-68.9705,-29.3351],[-68.9789,-29.3563],[-68.9858,-29.4166],[-68.9793,-29.453],[-69.0135,-29.5048],[-69.0261,-29.5728],[-69.022,-29.6117],[-69.0129,-29.6224],[-68.9777,-29.6362],[-68.9542,-29.6346],[-68.897,-29.619],[-68.8503,-29.6311],[-68.8066,-29.6303],[-68.7544,-29.611],[-68.7006,-29.6021],[-68.6794,-29.6074],[-68.6218,-29.6401],[-68.5786,-29.6479],[-68.5272,-29.6427],[-68.4967,-29.6447],[-68.328,-29.6925],[-68.2888,-29.7391],[-68.1909,-29.7966],[-68.1707,-29.817],[-68.1562,-29.8491],[-68.0986,-29.8685],[-68.0766,-29.8827],[-68.0283,-29.9268],[-68.0154,-29.9603],[-68.0041,-29.9715],[-67.9544,-30.0019],[-67.9279,-30.0382],[-67.8733,-30.0764],[-67.8238,-30.0942],[-67.8102,-30.1057],[-67.7734,-30.153],[-67.6345,-30.2479],[-67.5952,-30.2993],[-67.5817,-30.3235],[-67.5662,-30.3797],[-67.5536,-30.3918],[-67.4878,-30.4277],[-67.4505,-30.4829],[-67.4308,-30.5037],[-67.3431,-30.5671],[-67.2636,-30.6756],[-67.2492,-30.6883],[-67.2064,-30.7041],[-67.1821,-30.7262],[-67.1431,-30.8088],[-67.0836,-30.8916],[-67.0807,-30.9055],[-67.1184,-31.0092],[-67.1147,-31.0385],[-67.06,-31.0818],[-67.1039,-31.3543],[-67.0936,-31.3791],[-67.0586,-31.4383],[-67.0512,-31.4593],[-67.0489,-31.5233],[-67.0362,-31.5401],[-66.9548,-31.6096],[-66.9258,-31.622],[-66.8665,-31.6277],[-66.8545,-31.6357],[-66.8514,-31.6705],[-66.8323,-31.7537],[-66.7821,-31.7744],[-66.7563,-31.8153],[-66.7305,-31.8766],[-66.6618,-31.8884],[-66.6015,-31.9137],[-66.5844,-31.9153],[-66.5324,-31.9034],[-66.4935,-31.9207],[-66.4237,-31.916],[-66.3826,-31.9325],[-66.3172,-31.9258],[-66.2684,-31.9301],[-66.2172,-31.9254],[-66.1672,-31.9096],[-66.1267,-31.8896],[-66.0544,-31.8714],[-66.0165,-31.8712],[-65.9692,-31.8786],[-65.9234,-31.8986],[-65.8597,-31.901],[-65.7596,-31.8855],[-65.763,-31.6199],[-65.7658,-31.2708],[-65.7673,-31.0962],[-65.7538,-31.0348],[-65.6883,-30.8646],[-65.6549,-30.7824],[-65.5735,-30.5709],[-65.5645,-30.5259],[-65.5211,-30.4052],[-65.4848,-30.3479],[-65.4019,-30.1402],[-65.5688,-29.8428],[-65.6053,-29.7514],[-65.6664,-29.6353],[-65.7295,-29.5022],[-65.7408,-29.4653],[-65.7529,-29.4034],[-65.7533,-29.3254],[-65.7607,-29.2997],[-65.7924,-29.2501],[-65.9704,-29.0949],[-66.0007,-29.0807],[-66.1218,-28.9706],[-66.1657,-28.9438],[-66.3344,-28.8745],[-66.3623,-28.8545],[-66.3793,-28.8244],[-66.3701,-28.8041],[-66.3373,-28.7611],[-66.3376,-28.7357],[-66.3967,-28.7034],[-66.4294,-28.6754],[-66.4739,-28.6141],[-66.4863,-28.5331],[-66.496,-28.4991],[-66.5183,-28.4675],[-66.5503,-28.4439],[-66.5844,-28.4042],[-66.7795,-28.3306],[-66.9762,-28.2674],[-67.0084,-28.2677],[-67.0521,-28.2908],[-67.0646,-28.3106],[-67.0986,-28.3415],[-67.1871,-28.3563],[-67.2601,-28.3583],[-67.7042,-28.3393],[-67.767,-28.3535],[-67.8087,-28.3803],[-67.8241,-28.3824],[-67.8441,-28.3358],[-67.9121,-28.2534],[-67.9253,-28.2145],[-67.9325,-28.1602],[-67.9319,-28.1241],[-67.9622,-28.1184],[-67.9857,-28.1282],[-68.0174,-28.1303],[-68.0844,-28.1552],[-68.1144,-28.1423],[-68.1382,-28.1152],[-68.1614,-28.1017],[-68.2308,-28.0866],[-68.2622,-28.0892],[-68.2958,-28.0745],[-68.3158,-28.0468],[-68.3484,-28.0194],[-68.3813,-28.0123],[-68.412,-28.0131],[-68.4422,-27.9994],[-68.4473,-27.9794],[-68.4313,-27.9156],[-68.4328,-27.8934],[-68.4456,-27.8718],[-68.4461,-27.8317],[-68.4297,-27.784],[-68.435,-27.7466],[-68.4532,-27.7401],[-68.4992,-27.7358],[-68.521,-27.7418],[-68.5536,-27.7663],[-68.5859,-27.7725],[-68.6317,-27.7548],[-68.6571,-27.7521],[-68.7532,-27.7656],[-68.7825,-27.7769],[-68.8496,-27.7934],[-69.1205,-27.7741],[-69.1341,-27.7723]]]},"properties":{"name":"La Rioja","name_en":"La Rioja","name_ja":"ラ・リオハ州","name_zh":"拉里奥哈省","name_ko":"라리오하","adm0_a3":"ARG","postal":"LR","iso_3166_2":"AR-F","type_en":"Province","geonunit":"Argentina"}},
{"type":"Feature","geometry":{"type":"Polygon","coordinates":[[[-69.654,-28.401],[-69.6724,-28.4577],[-69.6748,-28.5631],[-69.7009,-28.5844],[-69.7409,-28.6406],[-69.7534,-28.6734],[-69.7559,-28.7077],[-69.7364,-28.7724],[-69.7358,-28.8124],[-69.7648,-28.8586],[-69.7673,-28.8842],[-69.7951,-28.9208],[-69.8066,-28.9599],[-69.7958,-29.0501],[-69.8039,-29.0987],[-69.8223,-29.1201],[-69.8444,-29.1293],[-69.9109,-29.1432],[-69.922,-29.168],[-69.9851,-29.2083],[-69.9881,-29.22],[-69.9747,-29.2408],[-69.9893,-29.2573],[-70.0311,-29.2772],[-70.0407,-29.2975],[-70.0426,-29.3631],[-70.0195,-29.4044],[-70.01,-29.4561],[-69.9916,-29.4881],[-69.9685,-29.5833],[-69.9732,-29.6661],[-69.9635,-29.6855],[-69.9291,-29.7183],[-69.9156,-29.8056],[-69.9222,-29.9396],[-69.928,-29.9768],[-69.9413,-30.0131],[-69.9756,-30.0586],[-69.9732,-30.0894],[-69.9187,-30.0878],[-69.8807,-30.0998],[-69.8497,-30.1266],[-69.8358,-30.1619],[-69.849,-30.1991],[-69.8862,-30.221],[-69.8981,-30.2565],[-69.9028,-30.3127],[-69.938,-30.3556],[-69.9646,-30.3748],[-70.0302,-30.3971],[-70.0643,-30.3893],[-70.1469,-30.3539],[-70.1734,-30.3647],[-70.1738,-30.3822],[-70.1487,-30.4187],[-70.1439,-30.4396],[-70.1512,-30.4597],[-70.197,-30.4868],[-70.2171,-30.5151],[-70.2354,-30.5916],[-70.2702,-30.6572],[-70.2799,-30.6931],[-70.2762,-30.7256],[-70.305,-30.7655],[-70.3195,-30.8008],[-70.3392,-30.9382],[-70.3352,-30.956],[-70.3086,-30.9882],[-70.2676,-31.0238],[-70.2783,-31.0394],[-70.3209,-31.0337],[-70.3398,-31.0417],[-70.3724,-31.0922],[-70.3809,-31.1216],[-70.4086,-31.15],[-70.4234,-31.1538],[-70.4356,-31.1414],[-70.4481,-31.0976],[-70.4678,-31.0894],[-70.4798,-31.0967],[-70.5359,-31.1726],[-70.5434,-31.2081],[-70.5468,-31.2645],[-70.569,-31.3042],[-70.5547,-31.3629],[-70.5578,-31.3818],[-70.5754,-31.413],[-70.5814,-31.5057],[-70.5914,-31.5496],[-70.5803,-31.5923],[-70.5272,-31.6843],[-70.4863,-31.7312],[-70.4885,-31.7739],[-70.484,-31.7976],[-70.4641,-31.8383],[-70.4283,-31.8701],[-70.394,-31.8776],[-70.3572,-31.8765],[-70.3133,-31.8821],[-70.275,-31.907],[-70.2445,-31.9422],[-70.2417,-31.9615],[-70.2672,-32.0009],[-70.2754,-32.0378],[-70.2847,-32.0468],[-70.31,-32.0477],[-70.3733,-32.0304],[-70.3875,-32.0417],[-70.3846,-32.062],[-70.3592,-32.0937],[-70.3556,-32.1226],[-70.3352,-32.14],[-70.3455,-32.1747],[-70.3269,-32.2288],[-70.3297,-32.2555],[-70.3218,-32.2801],[-70.2692,-32.2991],[-70.2561,-32.3143],[-70.2444,-32.3097],[-70.091,-32.2889],[-70.0503,-32.2885],[-69.9812,-32.3054],[-69.7859,-32.265],[-69.6707,-32.2605],[-69.6503,-32.2521],[-69.6317,-32.2335],[-69.6263,-32.2091],[-69.6297,-32.153],[-69.6126,-32.1234],[-69.5926,-32.1129],[-69.5311,-32.0967],[-69.4981,-32.082],[-69.4477,-32.0528],[-69.3668,-32.051],[-69.3176,-32.0591],[-69.285,-32.0503],[-69.2494,-31.9972],[-69.2123,-31.9846],[-69.1843,-31.9568],[-69.1451,-31.9619],[-69.1229,-31.9779],[-69.0821,-32.0198],[-69.0585,-32.0548],[-69.025,-32.0773],[-68.9913,-32.0802],[-68.9434,-32.0711],[-68.9222,-32.0762],[-68.9022,-32.3257],[-68.8862,-32.3366],[-68.6896,-32.3351],[-68.6384,-32.3119],[-68.4621,-32.209],[-68.429,-32.1856],[-68.4068,-32.157],[-68.3937,-32.1501],[-68.2729,-32.1443],[-68.216,-32.1257],[-68.1667,-32.093],[-68.0558,-32.0684],[-68.0207,-32.069],[-67.9855,-32.0884],[-67.9488,-32.1256],[-67.9397,-32.1586],[-67.8893,-32.1845],[-67.8626,-32.2051],[-67.8318,-32.2392],[-67.7391,-32.2529],[-67.6894,-32.241],[-67.6531,-32.2384],[-67.5936,-32.2263],[-67.5278,-32.2264],[-67.4933,-32.2135],[-67.4672,-32.2179],[-67.393,-32.2622],[-67.3908,-32.1941],[-67.3918,-32.1023],[-67.3959,-32.0636],[-67.375,-31.9933],[-67.3827,-31.962],[-67.3805,-31.9423],[-67.3888,-31.8976],[-67.3769,-31.8668],[-67.3444,-31.8468],[-67.271,-31.863],[-67.2346,-31.8668],[-67.1504,-31.8619],[-67.1165,-31.8522],[-67.0518,-31.8645],[-67.023,-31.8821],[-66.9851,-31.8885],[-66.7305,-31.8766],[-66.7563,-31.8153],[-66.7821,-31.7744],[-66.8323,-31.7537],[-66.8514,-31.6705],[-66.8545,-31.6357],[-66.8665,-31.6277],[-66.9258,-31.622],[-66.9548,-31.6096],[-67.0362,-31.5401],[-67.0489,-31.5233],[-67.0512,-31.4593],[-67.0586,-31.4383],[-67.0936,-31.3791],[-67.1039,-31.3543],[-67.06,-31.0818],[-67.1147,-31.0385],[-67.1184,-31.0092],[-67.0807,-30.9055],[-67.0836,-30.8916],[-67.1431,-30.8088],[-67.1821,-30.7262],[-67.2064,-30.7041],[-67.2492,-30.6883],[-67.2636,-30.6756],[-67.3431,-30.5671],[-67.4308,-30.5037],[-67.4505,-30.4829],[-67.4878,-30.4277],[-67.5536,-30.3918],[-67.5662,-30.3797],[-67.5817,-30.3235],[-67.5952,-30.2993],[-67.6345,-30.2479],[-67.7734,-30.153],[-67.8102,-30.1057],[-67.8238,-30.0942],[-67.8733,-30.0764],[-67.9279,-30.0382],[-67.9544,-30.0019],[-68.0041,-29.9715],[-68.0154,-29.9603],[-68.0283,-29.9268],[-68.0766,-29.8827],[-68.0986,-29.8685],[-68.1562,-29.8491],[-68.1707,-29.817],[-68.1909,-29.7966],[-68.2888,-29.7391],[-68.328,-29.6925],[-68.4967,-29.6447],[-68.5272,-29.6427],[-68.5786,-29.6479],[-68.6218,-29.6401],[-68.6794,-29.6074],[-68.7006,-29.6021],[-68.7544,-29.611],[-68.8066,-29.6303],[-68.8503,-29.6311],[-68.897,-29.619],[-68.9542,-29.6346],[-68.9777,-29.6362],[-69.0129,-29.6224],[-69.022,-29.6117],[-69.0261,-29.5728],[-69.0135,-29.5048],[-68.9793,-29.453],[-68.9858,-29.4166],[-68.9789,-29.3563],[-68.9705,-29.3351],[-68.9483,-29.325],[-68.943,-29.3053],[-68.9672,-29.2633],[-69.0002,-29.2334],[-69.005,-29.1959],[-69.0041,-29.1503],[-68.9988,-29.1179],[-68.9737,-29.079],[-68.9543,-29.0634],[-68.9196,-29.0491],[-68.9086,-29.0141],[-68.9211,-28.9895],[-68.9637,-28.9554],[-68.9811,-28.9349],[-69.0072,-28.866],[-69.0356,-28.8305],[-69.103,-28.7777],[-69.1338,-28.6801],[-69.1479,-28.6579],[-69.1618,-28.6214],[-69.1902,-28.594],[-69.3363,-28.4848],[-69.3536,-28.4778],[-69.4032,-28.482],[-69.4433,-28.4603],[-69.473,-28.4264],[-69.5168,-28.4376],[-69.543,-28.4375],[-69.5867,-28.4168],[-69.654,-28.401]]]},"properties":{"name":"San Juan","name_en":"San Juan","name_ja":"サンフアン州","name_zh":"圣胡安省","name_ko":"산후안","adm0_a3":"ARG","postal":"SJ","iso_3166_2":"AR-J","type_en":"Province","geonunit":"Argentina"}},
{"type":"Feature","geometry":{"type":"Polygon","coordinates":[[[-70.2561,-32.3143],[-70.2424,-32.3303],[-70.2453,-32.404],[-70.2273,-32.4347],[-70.1725,-32.4649],[-70.1608,-32.4853],[-70.1579,-32.5425],[-70.1377,-32.569],[-70.1706,-32.5727],[-70.1788,-32.589],[-70.1804,-32.6302],[-70.1557,-32.7384],[-70.14,-32.7683],[-70.0873,-32.8233],[-70.0543,-32.8508],[-70.0002,-32.8766],[-70.0002,-32.889],[-70.0243,-32.9348],[-70.0342,-32.977],[-70.0565,-33.0013],[-70.0889,-33.0083],[-70.1112,-33.0384],[-70.0922,-33.0918],[-70.1098,-33.1494],[-70.1008,-33.1869],[-70.0518,-33.2253],[-70.0411,-33.239],[-70.01,-33.2991],[-69.9839,-33.2945],[-69.9406,-33.2429],[-69.9053,-33.2382],[-69.8368,-33.2657],[-69.8139,-33.2895],[-69.8057,-33.3443],[-69.7877,-33.3794],[-69.7945,-33.4147],[-69.8309,-33.4582],[-69.8415,-33.5328],[-69.8693,-33.5429],[-69.8788,-33.558],[-69.8729,-33.586],[-69.8939,-33.6428],[-69.8954,-33.6623],[-69.8597,-33.7114],[-69.86,-33.7264],[-69.9065,-33.7603],[-69.9148,-33.7935],[-69.8973,-33.8714],[-69.9096,-33.9557],[-69.8656,-33.9577],[-69.8558,-33.9847],[-69.8554,-34.0312],[-69.864,-34.1075],[-69.8732,-34.14],[-69.8621,-34.1702],[-69.8373,-34.2093],[-69.8328,-34.2432],[-69.9023,-34.2687],[-69.9116,-34.2846],[-69.9475,-34.2738],[-69.9892,-34.2691],[-70.0403,-34.277],[-70.0576,-34.2912],[-70.0645,-34.3135],[-70.0587,-34.3958],[-70.0676,-34.4146],[-70.1143,-34.4474],[-70.1507,-34.5181],[-70.1678,-34.5384],[-70.2278,-34.5853],[-70.2424,-34.6194],[-70.2522,-34.6958],[-70.2731,-34.727],[-70.3163,-34.7456],[-70.3075,-34.7631],[-70.2807,-34.7864],[-70.2767,-34.7982],[-70.3537,-34.9533],[-70.3726,-35.0247],[-70.3685,-35.0971],[-70.3866,-35.1667],[-70.5429,-35.2093],[-70.5789,-35.2597],[-70.5604,-35.2984],[-70.5207,-35.3096],[-70.4753,-35.3141],[-70.4398,-35.3322],[-70.4284,-35.3571],[-70.4718,-35.3794],[-70.4455,-35.4611],[-70.4082,-35.5062],[-70.4181,-35.5475],[-70.4123,-35.6074],[-70.4215,-35.6597],[-70.3764,-35.7614],[-70.3616,-35.7831],[-70.3573,-35.8152],[-70.4202,-35.8684],[-70.4208,-35.9038],[-70.3907,-35.9059],[-70.3848,-35.9212],[-70.405,-35.9383],[-70.4127,-35.9689],[-70.3837,-36.0305],[-70.3803,-36.046],[-70.4107,-36.0837],[-70.4307,-36.1294],[-70.372,-36.1722],[-70.3569,-36.2111],[-70.3645,-36.2636],[-70.3829,-36.2899],[-70.378,-36.3253],[-70.3473,-36.3742],[-70.3283,-36.3794],[-70.3058,-36.3628],[-70.2709,-36.3645],[-70.2514,-36.3844],[-70.2258,-36.4692],[-70.1974,-36.5331],[-70.1754,-36.5681],[-70.1474,-36.59],[-70.0677,-36.6118],[-70.0318,-36.6431],[-70.0188,-36.6662],[-69.9897,-36.681],[-69.956,-36.7058],[-69.9356,-36.7396],[-69.9221,-36.779],[-69.9072,-36.7956],[-69.8678,-36.8229],[-69.8054,-36.8471],[-69.7901,-36.8632],[-69.7879,-36.9056],[-69.7811,-36.9192],[-69.788,-36.9602],[-69.8123,-36.987],[-69.8099,-37.0113],[-69.7382,-37.0865],[-69.7034,-37.1122],[-69.6235,-37.1526],[-69.5816,-37.1653],[-69.531,-37.1736],[-69.4787,-37.1764],[-69.3024,-37.1498],[-69.2604,-37.1526],[-69.1961,-37.1764],[-69.1547,-37.1827],[-69.0884,-37.2072],[-69.061,-37.236],[-69.039,-37.3124],[-69.0201,-37.3443],[-68.9851,-37.3638],[-68.9359,-37.3761],[-68.8843,-37.3811],[-68.7567,-37.3717],[-68.7364,-37.3794],[-68.6983,-37.4151],[-68.6782,-37.4263],[-68.636,-37.4263],[-68.5919,-37.4406],[-68.526,-37.4412],[-68.4926,-37.4602],[-68.4619,-37.5119],[-68.4275,-37.5378],[-68.2494,-37.557],[-68.2488,-36.8335],[-68.2568,-36.2768],[-68.2932,-36.1283],[-68.2916,-36.0878],[-68.2822,-36.0211],[-68.2463,-35.9993],[-67.135,-35.9993],[-67.06,-35.9989],[-66.6172,-35.9999],[-66.6231,-35.9979],[-66.6288,-35.9491],[-66.6161,-35.902],[-66.6082,-35.8299],[-66.5672,-35.6716],[-66.5556,-35.5707],[-66.5256,-35.5146],[-66.5211,-35.4942],[-66.5171,-35.405],[-66.5051,-35.3426],[-66.5188,-35.2641],[-66.5065,-35.2399],[-66.5082,-35.2193],[-66.5256,-35.1992],[-66.5066,-35.1415],[-66.5103,-35.1082],[-66.529,-35.0783],[-66.5536,-34.9972],[-66.5437,-34.9455],[-66.5461,-34.9249],[-66.572,-34.8529],[-66.6907,-34.658],[-66.738,-34.6154],[-66.7726,-34.5134],[-66.7789,-34.428],[-66.7875,-34.4086],[-66.8126,-34.3846],[-66.8,-34.3632],[-66.8112,-34.3449],[-66.8142,-34.2676],[-66.8214,-34.2293],[-66.7936,-34.1918],[-66.7726,-34.1987],[-66.7592,-34.1845],[-66.7548,-34.1626],[-66.7471,-34.0642],[-66.7643,-34.039],[-66.7789,-33.9933],[-66.8217,-33.9597],[-66.832,-33.9139],[-66.844,-33.8963],[-66.8757,-33.8703],[-66.9296,-33.8379],[-66.9651,-33.7394],[-66.9883,-33.7052],[-67.0197,-33.6165],[-67.047,-33.5892],[-67.1426,-33.452],[-67.1519,-33.4291],[-67.1494,-33.3663],[-67.1531,-33.3471],[-67.1773,-33.3012],[-67.1773,-33.265],[-67.1904,-33.2289],[-67.1842,-33.1498],[-67.1922,-33.059],[-67.2034,-33.0168],[-67.1978,-32.9865],[-67.2269,-32.9161],[-67.2061,-32.8935],[-67.2058,-32.87],[-67.2183,-32.8282],[-67.2096,-32.7917],[-67.1921,-32.7611],[-67.2064,-32.7393],[-67.2142,-32.7049],[-67.245,-32.678],[-67.2584,-32.6536],[-67.283,-32.5439],[-67.297,-32.5134],[-67.3016,-32.4863],[-67.3209,-32.455],[-67.3207,-32.431],[-67.3391,-32.4103],[-67.3617,-32.3968],[-67.3899,-32.3043],[-67.393,-32.2622],[-67.4672,-32.2179],[-67.4933,-32.2135],[-67.5278,-32.2264],[-67.5936,-32.2263],[-67.6531,-32.2384],[-67.6894,-32.241],[-67.7391,-32.2529],[-67.8318,-32.2392],[-67.8626,-32.2051],[-67.8893,-32.1845],[-67.9397,-32.1586],[-67.9488,-32.1256],[-67.9855,-32.0884],[-68.0207,-32.069],[-68.0558,-32.0684],[-68.1667,-32.093],[-68.216,-32.1257],[-68.2729,-32.1443],[-68.3937,-32.1501],[-68.4068,-32.157],[-68.429,-32.1856],[-68.4621,-32.209],[-68.6384,-32.3119],[-68.6896,-32.3351],[-68.8862,-32.3366],[-68.9022,-32.3257],[-68.9222,-32.0762],[-68.9434,-32.0711],[-68.9913,-32.0802],[-69.025,-32.0773],[-69.0585,-32.0548],[-69.0821,-32.0198],[-69.1229,-31.9779],[-69.1451,-31.9619],[-69.1843,-31.9568],[-69.2123,-31.9846],[-69.2494,-31.9972],[-69.285,-32.0503],[-69.3176,-32.0591],[-69.3668,-32.051],[-69.4477,-32.0528],[-69.4981,-32.082],[-69.5311,-32.0967],[-69.5926,-32.1129],[-69.6126,-32.1234],[-69.6297,-32.153],[-69.6263,-32.2091],[-69.6317,-32.2335],[-69.6503,-32.2521],[-69.6707,-32.2605],[-69.7859,-32.265],[-69.9812,-32.3054],[-70.0503,-32.2885],[-70.091,-32.2889],[-70.2444,-32.3097],[-70.2561,-32.3143]]]},"properties":{"name":"Mendoza","name_en":"Mendoza","name_ja":"メンドーサ州","name_zh":"门多萨省","name_ko":"멘도사","adm0_a3":"ARG","postal":"MZ","iso_3166_2":"AR-M","type_en":"Province","geonunit":"Argentina"}},
{"type":"Feature","geometry":{"type":"Polygon","coordinates":[[[-70.4307,-36.1294],[-70.4515,-36.1523],[-70.4711,-36.1625],[-70.4991,-36.1636],[-70.5453,-36.1428],[-70.5683,-36.139],[-70.5885,-36.1502],[-70.6087,-36.1979],[-70.6247,-36.2052],[-70.6616,-36.2446],[-70.7031,-36.2601],[-70.7149,-36.2753],[-70.7127,-36.3003],[-70.7297,-36.3255],[-70.7291,-36.3469],[-70.7086,-36.3799],[-70.7186,-36.4146],[-70.8072,-36.4334],[-70.8288,-36.4198],[-70.8904,-36.4004],[-70.9163,-36.4193],[-70.9233,-36.4567],[-70.935,-36.4726],[-70.971,-36.4855],[-71.01,-36.4775],[-71.0433,-36.4843],[-71.0614,-36.5204],[-71.0689,-36.5664],[-71.07,-36.6038],[-71.0553,-36.6713],[-71.0574,-36.6876],[-71.073,-36.6968],[-71.11,-36.6785],[-71.1299,-36.6769],[-71.1453,-36.6882],[-71.1515,-36.7605],[-71.1767,-36.8149],[-71.1952,-36.8391],[-71.1916,-36.8584],[-71.1588,-36.8827],[-71.1691,-36.9219],[-71.1402,-36.9375],[-71.1433,-36.9654],[-71.1615,-36.9755],[-71.2071,-36.9724],[-71.156,-37.0028],[-71.1486,-37.0135],[-71.1396,-37.0617],[-71.1269,-37.0776],[-71.0891,-37.1034],[-71.1251,-37.1201],[-71.1476,-37.1548],[-71.1465,-37.2148],[-71.1576,-37.2357],[-71.1972,-37.2749],[-71.2056,-37.2927],[-71.1947,-37.3435],[-71.1683,-37.3916],[-71.1231,-37.4432],[-71.1208,-37.4863],[-71.1417,-37.5439],[-71.1273,-37.5726],[-71.1331,-37.5906],[-71.1572,-37.6025],[-71.1839,-37.6259],[-71.1923,-37.6609],[-71.185,-37.7061],[-71.1332,-37.8385],[-71.0949,-37.8974],[-71.0876,-37.9402],[-71.0611,-37.9784],[-71.0374,-38.0366],[-71.01,-38.0655],[-71.01,-38.0879],[-71.0235,-38.1046],[-71.023,-38.1229],[-71.009,-38.1651],[-71.0179,-38.2037],[-71.0167,-38.2647],[-70.9738,-38.4247],[-70.9505,-38.4594],[-70.8798,-38.503],[-70.8487,-38.5276],[-70.8343,-38.5644],[-70.8376,-38.5845],[-70.8834,-38.6431],[-70.8858,-38.6605],[-70.8738,-38.6914],[-70.9095,-38.7064],[-70.9295,-38.7358],[-70.9672,-38.7508],[-71.0484,-38.7466],[-71.0787,-38.7571],[-71.1528,-38.7988],[-71.228,-38.8088],[-71.2798,-38.8502],[-71.3707,-38.888],[-71.3999,-38.9105],[-71.4158,-38.9353],[-71.4302,-38.9991],[-71.431,-39.026],[-71.4127,-39.1006],[-71.402,-39.236],[-71.412,-39.318],[-71.4202,-39.3421],[-71.4606,-39.3672],[-71.4765,-39.383],[-71.4776,-39.4022],[-71.4617,-39.4338],[-71.5014,-39.4883],[-71.542,-39.5323],[-71.4957,-39.5656],[-71.5035,-39.6017],[-71.52,-39.615],[-71.555,-39.6128],[-71.6008,-39.6195],[-71.6324,-39.6076],[-71.6774,-39.5685],[-71.7054,-39.5836],[-71.7187,-39.6234],[-71.7161,-39.6448],[-71.694,-39.6735],[-71.7144,-39.7263],[-71.692,-39.79],[-71.6846,-39.8335],[-71.6692,-39.8592],[-71.6212,-39.8951],[-71.6248,-39.931],[-71.6621,-39.9951],[-71.6828,-40.0181],[-71.6709,-40.0608],[-71.6837,-40.099],[-71.7217,-40.0938],[-71.7668,-40.0769],[-71.8007,-40.0797],[-71.8146,-40.0996],[-71.8029,-40.1161],[-71.8165,-40.1644],[-71.8121,-40.1847],[-71.8238,-40.2101],[-71.8019,-40.2423],[-71.7707,-40.2672],[-71.7501,-40.2915],[-71.73,-40.2986],[-71.7055,-40.2819],[-71.6752,-40.3039],[-71.6785,-40.3402],[-71.7191,-40.413],[-71.7293,-40.4214],[-71.7847,-40.4113],[-71.8042,-40.4264],[-71.8409,-40.516],[-71.8588,-40.5424],[-71.8606,-40.5594],[-71.8477,-40.5796],[-71.8531,-40.6164],[-71.8734,-40.6471],[-71.9496,-40.7093],[-71.9556,-40.7204],[-71.9212,-40.8277],[-71.9107,-40.8501],[-71.8709,-40.8957],[-71.8514,-40.9383],[-71.8514,-40.9577],[-71.8674,-41.0102],[-71.7323,-41.0175],[-71.665,-41.0303],[-71.5887,-41.029],[-71.5537,-41.032],[-71.3593,-41.0897],[-71.2973,-41.0951],[-71.2161,-41.0813],[-71.148,-41.0512],[-71.1199,-41.0174],[-71.0571,-40.9623],[-71.0311,-40.9288],[-71.0263,-40.9068],[-71.0329,-40.8861],[-71.0625,-40.8522],[-71.1184,-40.8238],[-71.1298,-40.8081],[-71.1302,-40.7795],[-71.0951,-40.7485],[-71.0789,-40.7258],[-71.029,-40.7123],[-71.0156,-40.702],[-71.0064,-40.6734],[-70.9715,-40.6404],[-70.9208,-40.6215],[-70.8677,-40.614],[-70.8288,-40.5893],[-70.7964,-40.5851],[-70.7177,-40.5973],[-70.6805,-40.5902],[-70.6449,-40.5762],[-70.5761,-40.5235],[-70.5363,-40.5122],[-70.5144,-40.5186],[-70.4785,-40.5477],[-70.4448,-40.5669],[-70.4044,-40.5664],[-70.3255,-40.5479],[-70.2389,-40.5498],[-70.2142,-40.5382],[-70.2032,-40.5206],[-70.1908,-40.4778],[-70.1802,-40.4656],[-70.142,-40.4653],[-70.0956,-40.4413],[-70.0846,-40.4206],[-70.0818,-40.3437],[-70.0768,-40.3209],[-70.0404,-40.2442],[-70.0109,-40.198],[-70.0121,-40.155],[-69.9981,-40.1119],[-69.9916,-40.0535],[-69.9709,-40.0079],[-69.9665,-39.9731],[-69.9447,-39.9474],[-69.9223,-39.9338],[-69.6804,-39.8231],[-69.6316,-39.8179],[-69.5402,-39.8259],[-69.4908,-39.8092],[-69.4213,-39.7537],[-69.364,-39.7172],[-69.3101,-39.6575],[-69.3041,-39.6414],[-69.2652,-39.5984],[-69.2445,-39.5855],[-69.1841,-39.5625],[-69.1355,-39.5349],[-69.1097,-39.5266],[-69.0457,-39.5226],[-68.9622,-39.4887],[-68.9429,-39.4681],[-68.9047,-39.4133],[-68.8873,-39.3995],[-68.8352,-39.3743],[-68.825,-39.3586],[-68.809,-39.3077],[-68.7692,-39.2759],[-68.7472,-39.2492],[-68.6872,-39.2257],[-68.6597,-39.2003],[-68.6298,-39.1562],[-68.6046,-39.1296],[-68.5745,-39.1076],[-68.542,-39.0928],[-68.5096,-39.0872],[-68.4767,-39.073],[-68.4118,-39.0102],[-68.3628,-38.9917],[-68.3209,-38.9618],[-68.2584,-38.9963],[-68.2159,-38.9829],[-68.151,-38.9972],[-68.1173,-38.9971],[-68.0104,-38.9755],[-68.0316,-38.9697],[-68.0375,-38.9269],[-68.0495,-38.9037],[-68.1789,-38.7428],[-68.2256,-38.6967],[-68.2473,-38.6817],[-68.2521,-38.6593],[-68.2502,-37.7237],[-68.2494,-37.557],[-68.4275,-37.5378],[-68.4619,-37.5119],[-68.4926,-37.4602],[-68.526,-37.4412],[-68.5919,-37.4406],[-68.636,-37.4263],[-68.6782,-37.4263],[-68.6983,-37.4151],[-68.7364,-37.3794],[-68.7567,-37.3717],[-68.8843,-37.3811],[-68.9359,-37.3761],[-68.9851,-37.3638],[-69.0201,-37.3443],[-69.039,-37.3124],[-69.061,-37.236],[-69.0884,-37.2072],[-69.1547,-37.1827],[-69.1961,-37.1764],[-69.2604,-37.1526],[-69.3024,-37.1498],[-69.4787,-37.1764],[-69.531,-37.1736],[-69.5816,-37.1653],[-69.6235,-37.1526],[-69.7034,-37.1122],[-69.7382,-37.0865],[-69.8099,-37.0113],[-69.8123,-36.987],[-69.788,-36.9602],[-69.7811,-36.9192],[-69.7879,-36.9056],[-69.7901,-36.8632],[-69.8054,-36.8471],[-69.8678,-36.8229],[-69.9072,-36.7956],[-69.9221,-36.779],[-69.9356,-36.7396],[-69.956,-36.7058],[-69.9897,-36.681],[-70.0188,-36.6662],[-70.0318,-36.6431],[-70.0677,-36.6118],[-70.1474,-36.59],[-70.1754,-36.5681],[-70.1974,-36.5331],[-70.2258,-36.4692],[-70.2514,-36.3844],[-70.2709,-36.3645],[-70.3058,-36.3628],[-70.3283,-36.3794],[-70.3473,-36.3742],[-70.378,-36.3253],[-70.3829,-36.2899],[-70.3645,-36.2636],[-70.3569,-36.2111],[-70.372,-36.1722],[-70.4307,-36.1294]]]},"properties":{"name":"Neuquén","name_en":"Neuquén","name_ja":"ネウケン州","name_zh":"内乌肯省","name_ko":"네우켄","adm0_a3":"ARG","postal":"NQ","iso_3166_2":"AR-Q","type_en":"Province","geonunit":"Argentina"}},
{"type":"Feature","geometry":{"type":"Polygon","coordinates":[[[-71.7693,-41.9996],[-71.7396,-42.0319],[-71.7363,-42.0839],[-71.7494,-42.1044],[-71.8013,-42.1303],[-71.8843,-42.1442],[-71.9095,-42.1723],[-71.9238,-42.1769],[-71.948,-42.1673],[-71.9775,-42.1253],[-72.0098,-42.1247],[-72.0399,-42.1447],[-72.0589,-42.1976],[-72.0772,-42.2212],[-72.1247,-42.2633],[-72.1337,-42.2876],[-72.1216,-42.313],[-72.0699,-42.35],[-72.0607,-42.3689],[-72.0767,-42.4234],[-72.0752,-42.4338],[-72.0458,-42.4699],[-72.0419,-42.491],[-72.0928,-42.5108],[-72.1226,-42.5299],[-72.1432,-42.5571],[-72.1484,-42.5926],[-72.1325,-42.6317],[-72.1399,-42.6698],[-72.1213,-42.7197],[-72.1127,-42.8638],[-72.1195,-42.8986],[-72.1421,-42.9637],[-72.1485,-42.9987],[-72.1293,-43.0422],[-72.0961,-43.0785],[-72.0544,-43.1054],[-72.0098,-43.1204],[-71.8619,-43.1332],[-71.7702,-43.1614],[-71.7502,-43.1725],[-71.743,-43.1901],[-71.757,-43.2353],[-71.7495,-43.2592],[-71.7507,-43.2953],[-71.7609,-43.3069],[-71.8051,-43.3],[-71.864,-43.3176],[-71.9017,-43.322],[-71.9092,-43.3597],[-71.941,-43.3918],[-71.9368,-43.4267],[-71.9551,-43.4435],[-71.9373,-43.4569],[-71.9062,-43.4492],[-71.8688,-43.4626],[-71.8588,-43.4993],[-71.8815,-43.5245],[-71.8738,-43.5389],[-71.8007,-43.5442],[-71.7662,-43.572],[-71.7238,-43.5948],[-71.7107,-43.6141],[-71.7037,-43.6716],[-71.7257,-43.6974],[-71.8032,-43.726],[-71.8192,-43.7581],[-71.8155,-43.7744],[-71.7971,-43.7808],[-71.762,-43.7689],[-71.753,-43.7936],[-71.7643,-43.8173],[-71.7558,-43.8345],[-71.7287,-43.8462],[-71.6599,-43.9263],[-71.6696,-43.9598],[-71.7622,-44.0641],[-71.7957,-44.086],[-71.8352,-44.0944],[-71.8587,-44.1078],[-71.8441,-44.1453],[-71.8125,-44.1878],[-71.8063,-44.2225],[-71.8279,-44.2521],[-71.8318,-44.2702],[-71.804,-44.3148],[-71.8104,-44.3336],[-71.8642,-44.3592],[-71.8606,-44.3771],[-71.822,-44.4032],[-71.7807,-44.4027],[-71.7378,-44.3934],[-71.6944,-44.3934],[-71.6432,-44.4026],[-71.4378,-44.4015],[-71.2868,-44.4233],[-71.2098,-44.4276],[-71.1713,-44.4522],[-71.1554,-44.4986],[-71.1227,-44.5303],[-71.1316,-44.5706],[-71.1474,-44.5808],[-71.1888,-44.5848],[-71.2134,-44.6071],[-71.2406,-44.6582],[-71.231,-44.7095],[-71.2382,-44.7479],[-71.2628,-44.7771],[-71.2978,-44.7956],[-71.336,-44.8016],[-71.3789,-44.7919],[-71.4571,-44.7522],[-71.4971,-44.7429],[-71.5404,-44.7504],[-71.6312,-44.78],[-71.6726,-44.7786],[-71.74,-44.7577],[-71.7869,-44.7573],[-71.8314,-44.7882],[-71.8545,-44.791],[-71.9876,-44.7725],[-72.0478,-44.7548],[-72.0762,-44.7608],[-72.0887,-44.7828],[-72.0741,-44.8371],[-72.0809,-44.8866],[-72.0735,-44.9022],[-72.0098,-44.9045],[-71.9697,-44.9153],[-71.8894,-44.9472],[-71.8497,-44.9434],[-71.8057,-44.9292],[-71.7599,-44.9318],[-71.7024,-44.9737],[-71.6617,-44.9792],[-71.624,-44.9749],[-71.5887,-44.9781],[-71.5552,-45.0058],[-71.5151,-45.0658],[-71.4971,-45.1117],[-71.4489,-45.159],[-71.3954,-45.186],[-71.3386,-45.2342],[-71.3172,-45.2672],[-71.3115,-45.2995],[-71.3743,-45.3592],[-71.4079,-45.3787],[-71.5083,-45.4084],[-71.5016,-45.4388],[-71.4781,-45.4827],[-71.4891,-45.4985],[-71.5258,-45.519],[-71.5617,-45.5239],[-71.6392,-45.52],[-71.7137,-45.5332],[-71.7496,-45.5493],[-71.7651,-45.5724],[-71.7453,-45.6009],[-71.7824,-45.6418],[-71.7879,-45.6695],[-71.7805,-45.6894],[-71.7995,-45.7171],[-71.7985,-45.7399],[-71.749,-45.7868],[-71.7649,-45.831],[-71.7432,-45.8576],[-71.7009,-45.8685],[-71.6659,-45.884],[-71.6413,-45.9057],[-71.6244,-45.9341],[-71.6123,-45.9705],[-71.6492,-45.9994],[-69.6333,-45.9996],[-68.3669,-45.9994],[-67.5817,-46],[-67.5576,-45.9675],[-67.5331,-45.9583],[-67.5477,-45.9334],[-67.5047,-45.8783],[-67.474,-45.8622],[-67.4559,-45.825],[-67.3971,-45.791],[-67.3771,-45.7941],[-67.3606,-45.7767],[-67.3687,-45.769],[-67.3639,-45.7357],[-67.3351,-45.7188],[-67.3544,-45.7058],[-67.3563,-45.659],[-67.3319,-45.6135],[-67.2937,-45.5899],[-67.2698,-45.5608],[-67.2233,-45.5287],[-67.1674,-45.4614],[-67.0964,-45.3918],[-67.0648,-45.3499],[-67.0093,-45.3039],[-66.9293,-45.2565],[-66.8689,-45.2356],[-66.7858,-45.2292],[-66.6695,-45.2146],[-66.524,-45.2161],[-66.5226,-45.1932],[-66.5431,-45.1742],[-66.5882,-45.1667],[-66.5878,-45.1393],[-66.5714,-45.1412],[-66.4733,-45.1687],[-66.4548,-45.1493],[-66.5253,-45.1319],[-66.5239,-45.109],[-66.4966,-45.0884],[-66.4677,-45.077],[-66.3726,-45.055],[-66.3497,-45.0434],[-66.3153,-45.0445],[-66.2816,-45.0576],[-66.2213,-45.0158],[-66.2004,-44.9929],[-66.1686,-44.9964],[-66.1103,-44.9884],[-66.0447,-45.0041],[-66.0164,-45.0031],[-65.9642,-45.0419],[-65.9362,-45.0487],[-65.8877,-45.0394],[-65.8898,-45.0081],[-65.8416,-45.0032],[-65.8286,-45.0165],[-65.8307,-45.0347],[-65.8032,-45.0276],[-65.7514,-45.0236],[-65.6906,-45.0627],[-65.6851,-45.0445],[-65.6434,-45.0474],[-65.6026,-45.0277],[-65.6222,-45.0071],[-65.6119,-44.9989],[-65.5838,-45.0075],[-65.6054,-44.9727],[-65.5869,-44.9581],[-65.5738,-44.9617],[-65.5341,-44.934],[-65.5353,-44.9156],[-65.5729,-44.8958],[-65.5981,-44.8992],[-65.634,-44.8846],[-65.6647,-44.8899],[-65.6858,-44.8735],[-65.7154,-44.87],[-65.7283,-44.8476],[-65.7271,-44.8096],[-65.7043,-44.8013],[-65.6932,-44.7626],[-65.6958,-44.7348],[-65.6855,-44.7125],[-65.6432,-44.668],[-65.5985,-44.6427],[-65.5783,-44.6479],[-65.5427,-44.6196],[-65.5,-44.6044],[-65.4609,-44.601],[-65.4618,-44.5766],[-65.4293,-44.5698],[-65.3947,-44.594],[-65.3563,-44.5741],[-65.3906,-44.5609],[-65.3809,-44.5414],[-65.3612,-44.5404],[-65.3746,-44.5213],[-65.3652,-44.5131],[-65.3257,-44.5083],[-65.3148,-44.5306],[-65.303,-44.5158],[-65.2793,-44.5163],[-65.2826,-44.4926],[-65.3219,-44.4885],[-65.3117,-44.471],[-65.3316,-44.4608],[-65.3093,-44.4448],[-65.3046,-44.4261],[-65.2858,-44.4326],[-65.2857,-44.4124],[-65.2597,-44.3886],[-65.2354,-44.3867],[-65.2169,-44.3664],[-65.2214,-44.3384],[-65.2582,-44.3232],[-65.268,-44.2723],[-65.3047,-44.2401],[-65.3087,-44.2001],[-65.2988,-44.1665],[-65.2826,-44.1545],[-65.2148,-44.1374],[-65.2339,-44.1135],[-65.2321,-44.0674],[-65.1867,-44.0355],[-65.2224,-44.0369],[-65.242,-44.0273],[-65.2519,-43.9881],[-65.2286,-43.9753],[-65.2393,-43.9633],[-65.272,-43.964],[-65.271,-43.9128],[-65.2965,-43.8481],[-65.3182,-43.8322],[-65.3061,-43.7791],[-65.3324,-43.7307],[-65.3341,-43.6726],[-65.3135,-43.6383],[-65.2754,-43.5873],[-65.2098,-43.5463],[-65.1927,-43.5297],[-65.1553,-43.4781],[-65.0741,-43.4157],[-65.0391,-43.3956],[-65.0323,-43.3781],[-65.0434,-43.3215],[-65.0323,-43.2994],[-64.9754,-43.2695],[-64.9439,-43.2394],[-64.7652,-43.1474],[-64.5653,-43.1041],[-64.4476,-43.0686],[-64.3282,-43.0099],[-64.3021,-42.9809],[-64.3158,-42.9505],[-64.4081,-42.9762],[-64.4335,-42.9763],[-64.5131,-42.9363],[-64.5648,-42.9428],[-64.5907,-42.9405],[-64.6455,-42.9254],[-64.7379,-42.871],[-64.8605,-42.8263],[-64.9245,-42.8113],[-64.9568,-42.7926],[-64.9971,-42.7848],[-65.0119,-42.7711],[-65.0189,-42.7468],[-65.0122,-42.7319],[-64.9808,-42.7062],[-64.946,-42.6542],[-64.9225,-42.6414],[-64.8731,-42.631],[-64.8231,-42.6271],[-64.7862,-42.6083],[-64.7423,-42.5631],[-64.7233,-42.5527],[-64.6883,-42.5471],[-64.663,-42.5307],[-64.6149,-42.5153],[-64.5422,-42.5063],[-64.4377,-42.5069],[-64.3881,-42.5173],[-64.3226,-42.5424],[-64.3074,-42.5744],[-64.2577,-42.6004],[-64.1957,-42.6442],[-64.2186,-42.6559],[-64.251,-42.7521],[-64.2513,-42.7751],[-64.214,-42.7922],[-64.1622,-42.8469],[-64.1079,-42.8837],[-64.07,-42.8786],[-64.0256,-42.8622],[-63.942,-42.8596],[-63.7366,-42.8248],[-63.6715,-42.8022],[-63.6203,-42.7512],[-63.6333,-42.7146],[-63.617,-42.6747],[-63.5921,-42.6335],[-63.5793,-42.5929],[-63.5975,-42.4416],[-63.5905,-42.3412],[-63.598,-42.3],[-63.6203,-42.2639],[-63.6683,-42.2286],[-63.6789,-42.1946],[-63.7096,-42.1344],[-63.7322,-42.1052],[-63.7686,-42.0777],[-63.81,-42.0702],[-63.8709,-42.0837],[-63.9579,-42.1135],[-64.039,-42.1575],[-64.1622,-42.2094],[-64.3065,-42.2242],[-64.3397,-42.2374],[-64.2966,-42.2576],[-64.2429,-42.2623],[-64.1343,-42.2584],[-64.0684,-42.2696],[-64.0477,-42.3108],[-64.0597,-42.3366],[-64.0516,-42.3722],[-64.0597,-42.3881],[-64.0933,-42.4117],[-64.1036,-42.4278],[-64.1276,-42.4327],[-64.3155,-42.423],[-64.3761,-42.4416],[-64.4451,-42.4467],[-64.4857,-42.4312],[-64.5663,-42.436],[-64.6023,-42.4221],[-64.5875,-42.3813],[-64.5109,-42.2988],[-64.4642,-42.2753],[-64.4906,-42.2486],[-64.5315,-42.2442],[-64.6029,-42.2582],[-64.6442,-42.2346],[-64.717,-42.2299],[-64.7626,-42.2194],[-64.8111,-42.1954],[-64.8573,-42.1936],[-64.9355,-42.1539],[-64.9724,-42.1269],[-65.005,-42.0932],[-65.0546,-42.0107],[-65.1272,-42.0002],[-65.7335,-41.9999],[-66.0333,-41.9993],[-66.8838,-41.9992],[-68.0806,-41.9993],[-68.4327,-41.9996],[-69.2871,-41.9998],[-69.3997,-41.9996],[-71.2327,-41.999],[-71.7693,-41.9996]]]},"properties":{"name":"Chubut","name_en":"Chubut","name_ja":"チュブ州","name_zh":"丘布特省","name_ko":"추부트","adm0_a3":"ARG","postal":"CH","iso_3166_2":"AR-U","type_en":"Province","geonunit":"Argentina"}},
{"type":"Feature","geometry":{"type":"Polygon","coordinates":[[[-71.7693,-41.9996],[-71.2327,-41.999],[-69.3997,-41.9996],[-69.2871,-41.9998],[-68.4327,-41.9996],[-68.0806,-41.9993],[-66.8838,-41.9992],[-66.0333,-41.9993],[-65.7335,-41.9999],[-65.1272,-42.0002],[-65.0546,-42.0107],[-65.0696,-41.9858],[-65.0745,-41.9509],[-65.0597,-41.9084],[-65.0177,-41.8364],[-64.9999,-41.7934],[-64.9982,-41.7575],[-65.0268,-41.7009],[-65.0372,-41.6651],[-65.0146,-41.6171],[-64.9933,-41.553],[-64.9914,-41.5241],[-65.0063,-41.4934],[-65.0612,-41.4484],[-65.0797,-41.3863],[-65.1049,-41.3298],[-65.1068,-41.2988],[-65.1468,-41.1806],[-65.1751,-41.0102],[-65.1757,-40.9692],[-65.1637,-40.923],[-65.1344,-40.8737],[-65.1353,-40.8517],[-65.1219,-40.8337],[-65.0109,-40.7673],[-64.9088,-40.7701],[-64.9364,-40.7447],[-64.9225,-40.7297],[-64.9407,-40.7249],[-64.9914,-40.7297],[-64.9465,-40.7114],[-64.8905,-40.706],[-64.7962,-40.7233],[-64.7716,-40.7365],[-64.8003,-40.7589],[-64.7536,-40.7765],[-64.745,-40.7973],[-64.773,-40.8061],[-64.8331,-40.8054],[-64.8542,-40.8122],[-64.8499,-40.7951],[-64.868,-40.7922],[-64.912,-40.8088],[-64.9112,-40.8238],[-64.8533,-40.8329],[-64.7833,-40.8274],[-64.7349,-40.8303],[-64.6448,-40.8464],[-64.5521,-40.8829],[-64.4171,-40.9107],[-64.1743,-41.009],[-64.1343,-41.017],[-64.0621,-40.9994],[-64.0523,-41.0071],[-64.0654,-41.0314],[-64.0529,-41.046],[-64.0113,-41.045],[-63.9669,-41.0602],[-63.8667,-41.1337],[-63.8242,-41.1508],[-63.7794,-41.1588],[-63.6218,-41.1609],[-63.4795,-41.1542],[-63.3841,-41.1611],[-63.317,-41.148],[-63.0995,-41.1549],[-63.0536,-41.1471],[-62.9351,-41.0997],[-62.8638,-41.0851],[-62.8016,-41.0417],[-62.8095,-41.016],[-62.848,-40.9536],[-62.8615,-40.9384],[-62.9216,-40.8915],[-62.9714,-40.8617],[-63.0245,-40.8092],[-63.1178,-40.7461],[-63.1824,-40.729],[-63.3874,-40.7091],[-63.3874,-40.4141],[-63.3873,-39.871],[-63.3886,-39.3258],[-63.478,-39.3185],[-63.5164,-39.306],[-63.5451,-39.2834],[-63.6755,-39.2131],[-63.7112,-39.2002],[-63.7539,-39.15],[-63.7821,-39.1284],[-63.8194,-39.1121],[-63.8881,-39.0997],[-63.9082,-39.0922],[-63.9945,-39.0098],[-64.0102,-38.9998],[-64.0573,-38.9936],[-64.1463,-38.9493],[-64.4715,-38.8537],[-64.5422,-38.852],[-64.8209,-38.8104],[-64.8405,-38.8179],[-64.8721,-38.8096],[-64.9435,-38.8186],[-64.9702,-38.8036],[-65.1142,-38.8036],[-65.2615,-38.8255],[-65.3134,-38.8241],[-65.3674,-38.8384],[-65.4235,-38.8115],[-65.5114,-38.7837],[-65.563,-38.7758],[-65.59,-38.7775],[-65.6488,-38.8099],[-65.6896,-38.8179],[-65.7187,-38.7997],[-65.7755,-38.7968],[-65.8131,-38.7763],[-65.8683,-38.7695],[-65.9602,-38.7421],[-66.2152,-38.7166],[-66.3475,-38.7348],[-66.3919,-38.7342],[-66.562,-38.7016],[-66.5736,-38.685],[-66.5809,-38.6385],[-66.5935,-38.6073],[-66.6168,-38.5795],[-66.6479,-38.5574],[-66.6839,-38.5435],[-66.7384,-38.5335],[-66.7564,-38.5194],[-66.8068,-38.4951],[-66.8779,-38.4831],[-66.9082,-38.4648],[-66.9534,-38.4575],[-67.0698,-38.409],[-67.1358,-38.3381],[-67.1631,-38.2729],[-67.1664,-38.2355],[-67.1766,-38.2226],[-67.2207,-38.2132],[-67.3053,-38.2267],[-67.3509,-38.2501],[-67.376,-38.2555],[-67.4518,-38.247],[-67.4777,-38.2579],[-67.5541,-38.2617],[-67.592,-38.2471],[-67.6247,-38.2223],[-67.6512,-38.1915],[-67.7057,-38.1006],[-67.7345,-38.0759],[-67.7732,-38.0631],[-67.8108,-38.0705],[-67.8449,-38.0569],[-67.8639,-38.0298],[-67.8756,-37.9886],[-67.8701,-37.9418],[-67.8483,-37.9078],[-67.8162,-37.8833],[-67.748,-37.8452],[-67.7237,-37.8169],[-67.7105,-37.78],[-67.7118,-37.7348],[-67.7248,-37.7023],[-67.7486,-37.6691],[-67.7779,-37.6394],[-67.8073,-37.6181],[-67.8503,-37.6002],[-68.2494,-37.557],[-68.2502,-37.7237],[-68.2521,-38.6593],[-68.2473,-38.6817],[-68.2256,-38.6967],[-68.1789,-38.7428],[-68.0495,-38.9037],[-68.0375,-38.9269],[-68.0316,-38.9697],[-68.0104,-38.9755],[-68.1173,-38.9971],[-68.151,-38.9972],[-68.2159,-38.9829],[-68.2584,-38.9963],[-68.3209,-38.9618],[-68.3628,-38.9917],[-68.4118,-39.0102],[-68.4767,-39.073],[-68.5096,-39.0872],[-68.542,-39.0928],[-68.5745,-39.1076],[-68.6046,-39.1296],[-68.6298,-39.1562],[-68.6597,-39.2003],[-68.6872,-39.2257],[-68.7472,-39.2492],[-68.7692,-39.2759],[-68.809,-39.3077],[-68.825,-39.3586],[-68.8352,-39.3743],[-68.8873,-39.3995],[-68.9047,-39.4133],[-68.9429,-39.4681],[-68.9622,-39.4887],[-69.0457,-39.5226],[-69.1097,-39.5266],[-69.1355,-39.5349],[-69.1841,-39.5625],[-69.2445,-39.5855],[-69.2652,-39.5984],[-69.3041,-39.6414],[-69.3101,-39.6575],[-69.364,-39.7172],[-69.4213,-39.7537],[-69.4908,-39.8092],[-69.5402,-39.8259],[-69.6316,-39.8179],[-69.6804,-39.8231],[-69.9223,-39.9338],[-69.9447,-39.9474],[-69.9665,-39.9731],[-69.9709,-40.0079],[-69.9916,-40.0535],[-69.9981,-40.1119],[-70.0121,-40.155],[-70.0109,-40.198],[-70.0404,-40.2442],[-70.0768,-40.3209],[-70.0818,-40.3437],[-70.0846,-40.4206],[-70.0956,-40.4413],[-70.142,-40.4653],[-70.1802,-40.4656],[-70.1908,-40.4778],[-70.2032,-40.5206],[-70.2142,-40.5382],[-70.2389,-40.5498],[-70.3255,-40.5479],[-70.4044,-40.5664],[-70.4448,-40.5669],[-70.4785,-40.5477],[-70.5144,-40.5186],[-70.5363,-40.5122],[-70.5761,-40.5235],[-70.6449,-40.5762],[-70.6805,-40.5902],[-70.7177,-40.5973],[-70.7964,-40.5851],[-70.8288,-40.5893],[-70.8677,-40.614],[-70.9208,-40.6215],[-70.9715,-40.6404],[-71.0064,-40.6734],[-71.0156,-40.702],[-71.029,-40.7123],[-71.0789,-40.7258],[-71.0951,-40.7485],[-71.1302,-40.7795],[-71.1298,-40.8081],[-71.1184,-40.8238],[-71.0625,-40.8522],[-71.0329,-40.8861],[-71.0263,-40.9068],[-71.0311,-40.9288],[-71.0571,-40.9623],[-71.1199,-41.0174],[-71.148,-41.0512],[-71.2161,-41.0813],[-71.2973,-41.0951],[-71.3593,-41.0897],[-71.5537,-41.032],[-71.5887,-41.029],[-71.665,-41.0303],[-71.7323,-41.0175],[-71.8674,-41.0102],[-71.8528,-41.0572],[-71.854,-41.0789],[-71.8713,-41.1667],[-71.8894,-41.1798],[-71.8885,-41.2003],[-71.8734,-41.2492],[-71.9022,-41.3359],[-71.904,-41.3677],[-71.8798,-41.4367],[-71.8887,-41.5002],[-71.8807,-41.5297],[-71.8533,-41.5673],[-71.8777,-41.5949],[-71.926,-41.6229],[-71.9259,-41.653],[-71.869,-41.7155],[-71.8586,-41.7486],[-71.8569,-41.7861],[-71.8389,-41.8133],[-71.794,-41.8675],[-71.7744,-41.9392],[-71.7807,-41.9864],[-71.7693,-41.9996]]]},"properties":{"name":"Río Negro","name_en":"Río Negro","name_ja":"リオネグロ州","name_zh":"内格罗河省","name_ko":"리오네그로","adm0_a3":"ARG","postal":"RN","iso_3166_2":"AR-R","type_en":"Province","geonunit":"Argentina"}},
{"type":"Feature","geometry":{"type":"Polygon","coordinates":[[[-71.6492,-45.9994],[-71.7235,-46.0577],[-71.7702,-46.1126],[-71.8164,-46.1268],[-71.8905,-46.1334],[-71.9147,-46.1523],[-71.8913,-46.163],[-71.8429,-46.1961],[-71.7828,-46.2247],[-71.7633,-46.2445],[-71.7593,-46.2729],[-71.7616,-46.358],[-71.7519,-46.393],[-71.6849,-46.5192],[-71.6805,-46.5381],[-71.6955,-46.5871],[-71.6802,-46.6596],[-71.6872,-46.6901],[-71.7202,-46.7156],[-71.776,-46.7381],[-71.8196,-46.779],[-71.8558,-46.7945],[-71.9341,-46.7995],[-71.9507,-46.8236],[-71.9354,-46.8461],[-71.9532,-46.8748],[-71.9696,-46.934],[-71.9602,-46.9622],[-71.9148,-46.9985],[-71.9347,-47.0144],[-72,-47.0422],[-72.0052,-47.0619],[-71.9843,-47.0805],[-71.8935,-47.1214],[-71.8626,-47.1689],[-71.8633,-47.1966],[-71.8807,-47.2219],[-71.9125,-47.2345],[-71.9458,-47.2277],[-72.0098,-47.1982],[-72.0415,-47.2037],[-72.0432,-47.2329],[-72.0294,-47.2697],[-72.0579,-47.3119],[-72.1454,-47.3818],[-72.1706,-47.4075],[-72.2092,-47.4203],[-72.2882,-47.415],[-72.3287,-47.4265],[-72.3612,-47.451],[-72.3705,-47.4745],[-72.3209,-47.4984],[-72.3196,-47.5119],[-72.3376,-47.5657],[-72.3444,-47.6023],[-72.3628,-47.635],[-72.4573,-47.7491],[-72.4744,-47.7828],[-72.5005,-47.8529],[-72.5439,-47.9148],[-72.5353,-47.9458],[-72.5094,-47.973],[-72.4775,-47.9938],[-72.4192,-48.0096],[-72.4026,-48.0241],[-72.3954,-48.0509],[-72.343,-48.0704],[-72.3332,-48.0908],[-72.3095,-48.2112],[-72.3256,-48.2855],[-72.2951,-48.3333],[-72.3154,-48.3503],[-72.3587,-48.343],[-72.3772,-48.3503],[-72.4167,-48.3912],[-72.4331,-48.4004],[-72.4965,-48.4151],[-72.5768,-48.4521],[-72.6147,-48.51],[-72.6066,-48.561],[-72.5842,-48.6159],[-72.578,-48.7219],[-72.5923,-48.7911],[-72.6188,-48.8197],[-72.672,-48.863],[-72.7429,-48.9138],[-72.7812,-48.9339],[-72.8249,-48.9445],[-72.9222,-48.9523],[-72.9696,-48.9643],[-73.0097,-48.9904],[-73.0786,-49.0587],[-73.0923,-49.081],[-73.0971,-49.1213],[-73.1072,-49.1349],[-73.1713,-49.1893],[-73.1843,-49.2143],[-73.1832,-49.2391],[-73.1626,-49.2582],[-73.0976,-49.2666],[-73.1089,-49.3105],[-73.1187,-49.3924],[-73.0843,-49.4226],[-73.0574,-49.4759],[-73.0597,-49.555],[-73.1335,-49.621],[-73.1967,-49.6824],[-73.4651,-49.76],[-73.463,-49.7871],[-73.4821,-49.8117],[-73.5345,-49.8476],[-73.5419,-49.8945],[-73.5727,-49.9324],[-73.5002,-49.9787],[-73.4786,-50.0095],[-73.4808,-50.0227],[-73.5315,-50.0831],[-73.5415,-50.1137],[-73.5306,-50.1408],[-73.4058,-50.217],[-73.3651,-50.232],[-73.3229,-50.2684],[-73.2843,-50.3331],[-73.2742,-50.3645],[-73.274,-50.4452],[-73.2618,-50.499],[-73.2619,-50.5566],[-73.2449,-50.5895],[-73.1922,-50.6414],[-73.1853,-50.6785],[-73.1867,-50.7167],[-73.1777,-50.7495],[-73.1395,-50.7702],[-73.0961,-50.7706],[-73.0517,-50.7578],[-73.0101,-50.7364],[-72.9384,-50.6854],[-72.9029,-50.6666],[-72.7784,-50.6196],[-72.7335,-50.6243],[-72.6626,-50.6678],[-72.6181,-50.6668],[-72.5491,-50.6151],[-72.506,-50.6013],[-72.3834,-50.6203],[-72.3028,-50.6489],[-72.3049,-50.6649],[-72.341,-50.7151],[-72.3474,-50.7432],[-72.3381,-50.7606],[-72.2839,-50.8106],[-72.2635,-50.8363],[-72.2567,-50.8751],[-72.2659,-50.9607],[-72.2771,-51.0073],[-72.2934,-51.0292],[-72.3386,-51.037],[-72.3965,-51.0921],[-72.4031,-51.1261],[-72.3822,-51.1606],[-72.3495,-51.1839],[-72.274,-51.2168],[-72.2576,-51.2306],[-72.2705,-51.2596],[-72.3134,-51.298],[-72.3233,-51.3345],[-72.3236,-51.3908],[-72.3517,-51.4404],[-72.3512,-51.476],[-72.4223,-51.5224],[-72.4501,-51.5527],[-72.4291,-51.576],[-72.3515,-51.5835],[-72.3228,-51.6162],[-72.3142,-51.6715],[-72.2811,-51.7015],[-72.1871,-51.7207],[-72.1421,-51.7394],[-72.0726,-51.7786],[-71.9585,-51.868],[-71.9485,-51.896],[-71.9602,-51.9279],[-71.9652,-51.9706],[-71.9177,-51.9901],[-71.3866,-51.9947],[-70.9357,-51.9987],[-70.4847,-52.0027],[-69.9528,-52.0074],[-69.4853,-52.1325],[-69.2123,-52.138],[-69.0076,-52.1791],[-68.8587,-52.2332],[-68.8205,-52.2432],[-68.6217,-52.2636],[-68.5731,-52.2803],[-68.4545,-52.2999],[-68.4486,-52.3466],[-68.4347,-52.3907],[-68.3625,-52.3391],[-68.3548,-52.325],[-68.3656,-52.3062],[-68.5216,-52.1635],[-68.6851,-52.005],[-68.7531,-51.9147],[-68.8267,-51.8037],[-68.8732,-51.759],[-68.9359,-51.6455],[-68.9735,-51.62],[-69.0007,-51.6113],[-69.0289,-51.6142],[-69.0981,-51.6531],[-69.1807,-51.6816],[-69.2189,-51.6804],[-69.1648,-51.6518],[-69.157,-51.6349],[-69.2007,-51.6205],[-69.3046,-51.5935],[-69.353,-51.5884],[-69.3987,-51.5926],[-69.6168,-51.6252],[-69.5456,-51.6059],[-69.4999,-51.5803],[-69.4181,-51.5706],[-69.3601,-51.5558],[-69.2843,-51.5597],[-69.1719,-51.5994],[-69.1196,-51.6047],[-69.1013,-51.5992],[-69.0476,-51.5632],[-68.9818,-51.5715],[-68.9545,-51.5429],[-68.9637,-51.5007],[-69.0627,-51.3215],[-69.0793,-51.2776],[-69.0869,-51.2353],[-69.1042,-51.2149],[-69.1085,-51.1843],[-69.1678,-50.9782],[-69.1967,-50.9804],[-69.3233,-51.0324],[-69.4107,-51.0839],[-69.3901,-51.0485],[-69.3478,-51.0186],[-69.2605,-50.9742],[-69.2059,-50.9356],[-69.1368,-50.9035],[-69.1281,-50.8781],[-69.1326,-50.784],[-69.15,-50.7421],[-69.1227,-50.6799],[-69.0799,-50.6045],[-69.0765,-50.5602],[-69.0099,-50.4772],[-68.9751,-50.4289],[-68.8999,-50.362],[-68.8809,-50.3528],[-68.8764,-50.3306],[-68.7947,-50.3175],[-68.7917,-50.3039],[-68.7673,-50.2887],[-68.7366,-50.2914],[-68.6144,-50.252],[-68.4381,-50.2008],[-68.3959,-50.1778],[-68.3621,-50.1693],[-68.3499,-50.1488],[-68.3631,-50.1342],[-68.403,-50.117],[-68.4667,-50.1001],[-68.5115,-50.0608],[-68.5189,-50.0157],[-68.5521,-49.9997],[-68.5596,-49.9797],[-68.6012,-49.9725],[-68.6708,-49.9947],[-68.7691,-49.9819],[-68.8422,-49.9811],[-68.8819,-49.9926],[-68.915,-50.0113],[-69.0135,-50.0152],[-69.0135,-50.0077],[-68.9749,-49.9919],[-68.946,-49.9912],[-68.8754,-49.9625],[-68.8036,-49.9683],[-68.743,-49.9642],[-68.6744,-49.9684],[-68.6265,-49.9531],[-68.5773,-49.9276],[-68.5778,-49.9028],[-68.5958,-49.8583],[-68.6771,-49.7558],[-68.7397,-49.7277],[-68.6722,-49.7458],[-68.654,-49.7579],[-68.5947,-49.8346],[-68.5691,-49.8588],[-68.5419,-49.9156],[-68.5209,-49.9405],[-68.4625,-49.9804],[-68.4362,-50.0315],[-68.3995,-50.0753],[-68.3766,-50.0834],[-68.3519,-50.1105],[-68.3283,-50.1202],[-68.2584,-50.1246],[-68.1701,-50.114],[-68.0763,-50.0873],[-67.9822,-50.0432],[-67.8949,-49.9969],[-67.8332,-49.9545],[-67.7717,-49.8709],[-67.732,-49.7813],[-67.7125,-49.6855],[-67.718,-49.6706],[-67.7062,-49.606],[-67.7063,-49.5621],[-67.6533,-49.3771],[-67.6114,-49.3232],[-67.6077,-49.2651],[-67.6368,-49.2472],[-67.6632,-49.2672],[-67.6691,-49.2961],[-67.6847,-49.31],[-67.6829,-49.3365],[-67.6979,-49.372],[-67.7252,-49.3907],[-67.8143,-49.3913],[-67.8309,-49.3796],[-67.7743,-49.3744],[-67.7458,-49.3557],[-67.7578,-49.3348],[-67.7042,-49.3039],[-67.7323,-49.2747],[-67.7025,-49.2675],[-67.6754,-49.2488],[-67.6501,-49.196],[-67.6099,-49.1781],[-67.6154,-49.1611],[-67.6352,-49.1555],[-67.6326,-49.13],[-67.5964,-49.1068],[-67.5749,-49.0479],[-67.5565,-49.0158],[-67.4057,-48.9042],[-67.3218,-48.8673],[-67.2478,-48.8456],[-67.1983,-48.8184],[-67.1846,-48.7716],[-67.1458,-48.7424],[-67.1368,-48.6928],[-67.1143,-48.6737],[-67.0441,-48.6442],[-66.9869,-48.6117],[-66.9155,-48.6043],[-66.8664,-48.5898],[-66.8578,-48.5483],[-66.8092,-48.5127],[-66.7498,-48.4753],[-66.6934,-48.4551],[-66.651,-48.4311],[-66.545,-48.424],[-66.5011,-48.414],[-66.4685,-48.4003],[-66.4696,-48.3649],[-66.4486,-48.3503],[-66.3411,-48.3527],[-66.355,-48.3212],[-66.3368,-48.2863],[-66.3009,-48.2519],[-66.2648,-48.2428],[-66.2383,-48.2089],[-66.1595,-48.1853],[-66.132,-48.1363],[-66.0901,-48.1163],[-66.0615,-48.1101],[-65.9901,-48.1072],[-65.9717,-48.0994],[-65.945,-48.1178],[-65.9172,-48.1138],[-65.8977,-48.0945],[-65.9032,-48.0785],[-65.9375,-48.0717],[-65.9684,-48.0472],[-65.949,-48.0383],[-65.93,-47.991],[-65.952,-47.9807],[-65.9274,-47.9414],[-65.8996,-47.9324],[-65.8471,-47.9444],[-65.8367,-47.963],[-65.762,-47.9486],[-65.7951,-47.9359],[-65.7617,-47.9119],[-65.827,-47.8985],[-65.8534,-47.8796],[-65.8846,-47.7838],[-65.9018,-47.7699],[-65.9741,-47.7647],[-66.0226,-47.771],[-66.0494,-47.7919],[-66.1444,-47.8282],[-66.2241,-47.8427],[-66.3011,-47.8725],[-66.3406,-47.8752],[-66.3891,-47.8639],[-66.2964,-47.8639],[-66.2739,-47.8595],[-66.2104,-47.8285],[-66.0956,-47.7875],[-66.0321,-47.7395],[-65.9729,-47.741],[-65.8949,-47.7507],[-65.8456,-47.7422],[-65.7907,-47.6327],[-65.7357,-47.5095],[-65.7268,-47.4088],[-65.713,-47.3415],[-65.7554,-47.2235],[-65.7449,-47.2042],[-65.8474,-47.1397],[-65.8581,-47.1134],[-65.8812,-47.0966],[-65.9193,-47.0939],[-65.9796,-47.0662],[-66.0288,-47.0673],[-66.0858,-47.0826],[-66.2005,-47.0896],[-66.3582,-47.067],[-66.3856,-47.0578],[-66.4407,-47.0613],[-66.5052,-47.0408],[-66.5675,-47.048],[-66.5878,-47.0408],[-66.6288,-47.0512],[-66.6611,-47.0357],[-66.6992,-47.0377],[-66.7864,-47.0066],[-66.8246,-46.9814],[-66.883,-46.9187],[-66.9998,-46.8249],[-67.0332,-46.8191],[-67.0474,-46.7956],[-67.0821,-46.7571],[-67.1154,-46.736],[-67.13,-46.7066],[-67.1936,-46.691],[-67.2321,-46.671],[-67.2563,-46.6434],[-67.3365,-46.6252],[-67.4232,-46.5674],[-67.5181,-46.4382],[-67.5409,-46.4013],[-67.5747,-46.322],[-67.6225,-46.1638],[-67.6244,-46.1301],[-67.6135,-46.0719],[-67.5817,-46],[-68.3669,-45.9994],[-69.6333,-45.9996],[-71.6492,-45.9994]]]},"properties":{"name":"Santa Cruz","name_en":"Santa Cruz","name_ja":"サンタクルス州","name_zh":"圣克鲁斯省","name_ko":"산타크루스","adm0_a3":"ARG","postal":"SC","iso_3166_2":"AR-Z","type_en":"Province","geonunit":"Argentina"}},
{"type":"Feature","geometry":{"type":"MultiPolygon","coordinates":[[[[-68.6541,-54.8862],[-68.5873,-54.8853],[-68.5682,-54.8784],[-68.5718,-54.8627],[-68.642,-54.7992],[-68.6423,-54.8537],[-68.6541,-54.8862]]],[[[-68.6419,-54.783],[-68.5951,-54.8112],[-68.5646,-54.8388],[-68.5203,-54.8522],[-68.3282,-54.8424],[-68.3115,-54.8242],[-68.3152,-54.8014],[-68.3021,-54.7922],[-68.219,-54.8186],[-68.1236,-54.824],[-68.0776,-54.8461],[-67.932,-54.8625],[-67.6678,-54.8806],[-67.5408,-54.8746],[-67.3328,-54.8923],[-67.031,-54.9052],[-66.9455,-54.9286],[-66.8309,-54.9365],[-66.8028,-54.9426],[-66.7142,-54.9804],[-66.6597,-55.0208],[-66.6301,-55.0311],[-66.5405,-55.051],[-66.4507,-55.052],[-66.3716,-55.0378],[-66.3716,-55.0055],[-66.3171,-54.995],[-66.1964,-54.9929],[-66.1171,-54.9955],[-65.9934,-54.9724],[-65.9508,-54.9399],[-65.9876,-54.9107],[-65.9662,-54.9021],[-65.9017,-54.9113],[-65.8771,-54.8998],[-65.8109,-54.9156],[-65.7698,-54.9059],[-65.7189,-54.9093],[-65.7102,-54.9484],[-65.6857,-54.9692],[-65.6348,-54.9621],[-65.6151,-54.9342],[-65.5806,-54.9283],[-65.4997,-54.933],[-65.4774,-54.9142],[-65.4854,-54.8946],[-65.4627,-54.8845],[-65.4286,-54.884],[-65.4017,-54.8937],[-65.3929,-54.9255],[-65.3712,-54.9285],[-65.3323,-54.9138],[-65.3061,-54.8522],[-65.2434,-54.821],[-65.2515,-54.7907],[-65.2098,-54.7647],[-65.2242,-54.7436],[-65.1937,-54.6902],[-65.1504,-54.6611],[-65.1556,-54.6406],[-65.3093,-54.6266],[-65.3797,-54.6448],[-65.4569,-54.6406],[-65.6981,-54.6624],[-65.7679,-54.6505],[-65.8442,-54.6474],[-65.8889,-54.6269],[-65.9442,-54.62],[-66.2875,-54.5195],[-66.3769,-54.4855],[-66.4822,-54.4658],[-66.4923,-54.4413],[-66.5282,-54.4296],[-66.5542,-54.4044],[-66.654,-54.3465],[-66.7017,-54.2883],[-66.7666,-54.2498],[-66.9073,-54.2128],[-66.9431,-54.1999],[-66.9614,-54.1817],[-67.0273,-54.1559],[-67.1408,-54.1234],[-67.2978,-54.0538],[-67.5715,-53.908],[-67.5878,-53.8693],[-67.577,-53.8518],[-67.5492,-53.8474],[-67.5582,-53.8362],[-67.6602,-53.8001],[-67.7088,-53.8046],[-67.7025,-53.7747],[-67.7244,-53.7595],[-67.7938,-53.7272],[-67.9836,-53.6013],[-68.0477,-53.5232],[-68.0663,-53.4568],[-68.0825,-53.4298],[-68.0764,-53.3953],[-68.1114,-53.3438],[-68.1893,-53.3137],[-68.2961,-53.3202],[-68.4106,-53.2999],[-68.4514,-53.2977],[-68.5087,-53.2681],[-68.5508,-53.2385],[-68.5636,-53.202],[-68.5548,-53.1671],[-68.5207,-53.1206],[-68.4601,-53.0863],[-68.3809,-53.031],[-68.325,-53.008],[-68.2804,-53.0154],[-68.2528,-53.0872],[-68.2305,-53.1186],[-68.2292,-53.0873],[-68.266,-52.9806],[-68.2859,-52.9435],[-68.3419,-52.8859],[-68.4281,-52.8346],[-68.4927,-52.7629],[-68.5579,-52.7043],[-68.5949,-52.6542],[-68.6276,-52.6396],[-68.6294,-52.9072],[-68.6312,-53.1751],[-68.633,-53.4429],[-68.6347,-53.7109],[-68.6366,-53.9788],[-68.6383,-54.2466],[-68.6401,-54.5148],[-68.6419,-54.783]]],[[[-63.8884,-54.7299],[-63.9141,-54.7154],[-64.0243,-54.7336],[-64.0536,-54.7486],[-64.0758,-54.7437],[-64.0933,-54.7156],[-64.1372,-54.7277],[-64.1745,-54.7189],[-64.1691,-54.7372],[-64.1872,-54.747],[-64.2242,-54.7231],[-64.2716,-54.7272],[-64.3055,-54.7156],[-64.3237,-54.7223],[-64.3639,-54.706],[-64.3755,-54.7214],[-64.3726,-54.7826],[-64.3944,-54.776],[-64.3985,-54.7487],[-64.4256,-54.7436],[-64.4632,-54.7573],[-64.4979,-54.7504],[-64.5423,-54.7156],[-64.5699,-54.7221],[-64.5602,-54.7375],[-64.5047,-54.7709],[-64.5226,-54.7817],[-64.6037,-54.7981],[-64.6831,-54.7702],[-64.7079,-54.7922],[-64.7537,-54.8134],[-64.7587,-54.8323],[-64.6686,-54.8665],[-64.6951,-54.8917],[-64.6763,-54.9033],[-64.6072,-54.9006],[-64.5724,-54.8665],[-64.5123,-54.846],[-64.5253,-54.8386],[-64.496,-54.825],[-64.4979,-54.846],[-64.4451,-54.8434],[-64.3881,-54.8112],[-64.3111,-54.7776],[-64.2851,-54.7844],[-64.2516,-54.777],[-64.2703,-54.8141],[-64.2602,-54.8354],[-64.2242,-54.8217],[-64.131,-54.8118],[-64.1069,-54.8044],[-64.0829,-54.7815],[-64.0218,-54.782],[-63.9796,-54.7574],[-63.9629,-54.774],[-63.9908,-54.8112],[-63.9668,-54.815],[-63.9159,-54.7898],[-63.8704,-54.7817],[-63.85,-54.7538],[-63.8121,-54.7299],[-63.8257,-54.7149],[-63.8682,-54.7331],[-63.8884,-54.7299]]]]},"properties":{"name":"Tierra del Fuego","name_en":"Tierra del Fuego","name_ja":"ティエラ・デル・フエゴ州","name_zh":"火地岛省","name_ko":"티에라델푸에고","adm0_a3":"ARG","postal":"TF","iso_3166_2":"AR-V","type_en":"National Territory","geonunit":"Argentina"}},
{"type":"Feature","geometry":{"type":"MultiPolygon","coordinates":[[[[-62.8016,-41.0417],[-62.7774,-41.045],[-62.7294,-41.0411],[-62.6745,-41.011],[-62.6068,-40.9898],[-62.4864,-40.9325],[-62.3378,-40.8727],[-62.3113,-40.8458],[-62.2839,-40.7917],[-62.2543,-40.7464],[-62.2368,-40.6713],[-62.2292,-40.6586],[-62.1815,-40.6266],[-62.2135,-40.628],[-62.2443,-40.637],[-62.3224,-40.6729],[-62.3392,-40.654],[-62.3288,-40.6406],[-62.3454,-40.6165],[-62.346,-40.5993],[-62.315,-40.6266],[-62.2672,-40.6335],[-62.2506,-40.6222],[-62.2505,-40.5968],[-62.2641,-40.5515],[-62.2837,-40.5644],[-62.326,-40.5251],[-62.3251,-40.5016],[-62.3739,-40.4758],[-62.4149,-40.4621],[-62.4407,-40.425],[-62.4559,-40.3659],[-62.4901,-40.3079],[-62.4698,-40.2673],[-62.4348,-40.2363],[-62.3687,-40.2112],[-62.3404,-40.1337],[-62.3392,-40.1127],[-62.3663,-40.0541],[-62.3356,-39.9943],[-62.3288,-39.9602],[-62.3113,-39.9073],[-62.3146,-39.8694],[-62.2839,-39.8526],[-62.3046,-39.8322],[-62.305,-39.8111],[-62.2396,-39.8487],[-62.1642,-39.8588],[-62.1254,-39.8377],[-62.1144,-39.8215],[-62.1117,-39.7325],[-62.0867,-39.596],[-62.0751,-39.5735],[-62.0723,-39.5032],[-62.0506,-39.4747],[-62.0614,-39.4474],[-62.1356,-39.4357],[-62.1954,-39.3971],[-62.2148,-39.3762],[-62.2281,-39.3464],[-62.2641,-39.3455],[-62.2839,-39.3107],[-62.1962,-39.3074],[-62.1838,-39.3151],[-62.156,-39.3521],[-62.0985,-39.3919],[-62.057,-39.4116],[-62.0272,-39.3889],[-62.0239,-39.3648],[-62.0466,-39.3386],[-62.089,-39.3142],[-62.1679,-39.2834],[-62.1924,-39.2787],[-62.2703,-39.2766],[-62.3164,-39.2652],[-62.3256,-39.2547],[-62.3113,-39.2419],[-62.2572,-39.2555],[-62.277,-39.2376],[-62.3217,-39.2105],[-62.347,-39.1757],[-62.3392,-39.1264],[-62.3578,-39.1022],[-62.3318,-39.0575],[-62.3185,-39.0221],[-62.2839,-39.0022],[-62.2866,-38.9881],[-62.274,-38.9545],[-62.3205,-38.9607],[-62.3345,-38.9474],[-62.336,-38.8969],[-62.3681,-38.8827],[-62.3863,-38.8451],[-62.3802,-38.8242],[-62.3902,-38.8147],[-62.3585,-38.7873],[-62.3187,-38.8006],[-62.1573,-38.8105],[-62.1429,-38.8183],[-62.0932,-38.902],[-62.064,-38.9229],[-62.0267,-38.9376],[-61.839,-38.9809],[-61.7905,-38.9825],[-61.7311,-38.9684],[-61.6752,-38.9939],[-61.5181,-39.0115],[-61.4931,-38.9992],[-61.428,-38.9825],[-61.3378,-38.9814],[-61.1434,-39.0011],[-61.0506,-38.9825],[-61.0286,-38.97],[-60.9783,-38.9744],[-60.8657,-38.9757],[-60.6591,-38.943],[-60.5036,-38.9277],[-60.3449,-38.9067],[-59.8893,-38.8385],[-59.7969,-38.8385],[-59.6324,-38.7838],[-59.3478,-38.7388],[-59.0632,-38.6938],[-58.9971,-38.676],[-58.9403,-38.6461],[-58.7292,-38.5885],[-58.567,-38.5589],[-58.4936,-38.5243],[-58.4195,-38.5042],[-58.331,-38.4928],[-58.2755,-38.4685],[-58.1557,-38.4301],[-58.1179,-38.4133],[-58.0661,-38.3782],[-58.0187,-38.3679],[-57.8619,-38.2941],[-57.7903,-38.2522],[-57.6864,-38.2048],[-57.5936,-38.1528],[-57.5584,-38.1209],[-57.5357,-38.0842],[-57.5357,-38.0432],[-57.5294,-38.0297],[-57.5419,-37.999],[-57.5382,-37.9553],[-57.5289,-37.9137],[-57.5119,-37.8723],[-57.4874,-37.8322],[-57.4579,-37.795],[-57.3769,-37.7146],[-57.3487,-37.6985],[-57.3092,-37.6454],[-57.2008,-37.5673],[-57.1658,-37.5356],[-57.0559,-37.4127],[-57.0193,-37.3476],[-56.8887,-37.162],[-56.7903,-37.0383],[-56.6864,-36.9277],[-56.6689,-36.8942],[-56.6649,-36.851],[-56.6723,-36.6005],[-56.6758,-36.5763],[-56.6996,-36.5214],[-56.6976,-36.3962],[-56.7224,-36.3693],[-56.7406,-36.3166],[-56.7624,-36.3033],[-56.7787,-36.3215],[-56.7679,-36.3439],[-56.834,-36.3408],[-56.9002,-36.359],[-56.9392,-36.3849],[-56.9287,-36.3637],[-56.9603,-36.3412],[-57.0055,-36.3337],[-57.1083,-36.2823],[-57.248,-36.1703],[-57.2682,-36.1279],[-57.3088,-36.0999],[-57.316,-36.0695],[-57.348,-36.0011],[-57.3664,-35.9879],[-57.3736,-35.9395],[-57.3933,-35.863],[-57.3812,-35.8314],[-57.3656,-35.7638],[-57.3526,-35.7275],[-57.3236,-35.6964],[-57.2238,-35.5693],[-57.1449,-35.4842],[-57.1281,-35.4413],[-57.1336,-35.4167],[-57.2016,-35.3102],[-57.2488,-35.2488],[-57.3139,-35.1891],[-57.3496,-35.1499],[-57.4467,-35.0705],[-57.4875,-35.0444],[-57.522,-35.0132],[-57.6036,-34.9877],[-57.6868,-34.9339],[-57.7588,-34.9097],[-57.8064,-34.8723],[-57.8516,-34.8481],[-57.871,-34.8299],[-57.9382,-34.8337],[-57.965,-34.8245],[-58.0002,-34.7873],[-58.0635,-34.7729],[-58.0939,-34.7577],[-58.1549,-34.7504],[-58.1901,-34.7352],[-58.2361,-34.7008],[-58.315,-34.6572],[-58.3432,-34.6899],[-58.3794,-34.6946],[-58.4062,-34.7151],[-58.444,-34.7749],[-58.5416,-34.7103],[-58.5605,-34.6536],[-58.5385,-34.567],[-58.4742,-34.5216],[-58.4773,-34.4833],[-58.5032,-34.4631],[-58.5115,-34.4359],[-58.4732,-34.3982],[-58.4546,-34.3662],[-58.4666,-34.348],[-58.5123,-34.3157],[-58.5704,-34.2882],[-58.5431,-34.2677],[-58.5064,-34.269],[-58.4801,-34.2774],[-58.4602,-34.2729],[-58.4258,-34.2467],[-58.4121,-34.2187],[-58.3786,-34.1882],[-58.3922,-34.1541],[-58.3854,-34.11],[-58.3844,-34.0663],[-58.3954,-34.0312],[-58.447,-34.0069],[-58.4996,-34.0167],[-58.591,-34.049],[-58.6385,-34.0485],[-58.6798,-34.0312],[-58.7819,-33.9523],[-58.8493,-33.9373],[-58.8678,-33.9281],[-58.9218,-33.8876],[-59.0318,-33.8296],[-59.0586,-33.8269],[-59.1627,-33.8288],[-59.2009,-33.7946],[-59.2213,-33.8015],[-59.2487,-33.7872],[-59.2523,-33.7527],[-59.2623,-33.7242],[-59.2927,-33.7264],[-59.3064,-33.7394],[-59.3926,-33.7394],[-59.442,-33.7174],[-59.4802,-33.6801],[-59.5207,-33.6553],[-59.6028,-33.6778],[-59.6406,-33.671],[-59.7724,-33.6105],[-59.7865,-33.5988],[-59.8247,-33.5498],[-59.8601,-33.524],[-59.9079,-33.5036],[-59.9477,-33.495],[-60.1181,-33.3936],[-60.2461,-33.2784],[-60.2941,-33.2566],[-60.2756,-33.2776],[-60.2775,-33.3064],[-60.3063,-33.3327],[-60.3368,-33.342],[-60.3493,-33.3819],[-60.3453,-33.4035],[-60.3646,-33.4274],[-60.4062,-33.4546],[-60.4136,-33.4661],[-60.4199,-33.5123],[-60.4306,-33.5479],[-60.4668,-33.612],[-60.4999,-33.634],[-60.5427,-33.6429],[-60.5668,-33.6403],[-60.5982,-33.6275],[-60.6266,-33.6029],[-60.6776,-33.5757],[-60.7738,-33.5735],[-60.8408,-33.5504],[-60.8736,-33.552],[-60.9105,-33.5637],[-60.9272,-33.5789],[-60.9372,-33.6029],[-60.928,-33.6337],[-60.9631,-33.6772],[-61.1422,-33.8483],[-61.3808,-34.0705],[-61.7105,-34.3768],[-62.2883,-34.3807],[-62.8538,-34.3821],[-63.3396,-34.3805],[-63.3736,-34.4136],[-63.3819,-34.5796],[-63.3841,-35.0021],[-63.3855,-35.2735],[-63.386,-35.499],[-63.3888,-35.9846],[-63.3886,-36.4019],[-63.3886,-36.6271],[-63.3886,-36.8524],[-63.388,-37.2855],[-63.3878,-37.7794],[-63.3871,-38.2723],[-63.3871,-38.8255],[-63.3886,-39.3258],[-63.3873,-39.871],[-63.3874,-40.4141],[-63.3874,-40.7091],[-63.1824,-40.729],[-63.1178,-40.7461],[-63.0245,-40.8092],[-62.9714,-40.8617],[-62.9216,-40.8915],[-62.8615,-40.9384],[-62.848,-40.9536],[-62.8095,-41.016],[-62.8016,-41.0417]]],[[[-61.9072,-39.1367],[-61.9193,-39.1525],[-61.9418,-39.1178],[-62.0414,-39.0997],[-62.0785,-39.0855],[-62.098,-39.0878],[-62.086,-39.123],[-62.0445,-39.1695],[-62.004,-39.1941],[-61.941,-39.2116],[-61.9105,-39.2341],[-61.8683,-39.2394],[-61.8617,-39.2099],[-61.8805,-39.1606],[-61.9072,-39.1367]]],[[[-62.0859,-39.0234],[-62.03,-39.0575],[-62.0102,-39.0644],[-61.9755,-39.0577],[-61.9723,-39.0339],[-62.0027,-39.0147],[-62.0402,-39.0055],[-62.1195,-39.0022],[-62.1308,-39.0206],[-62.1005,-39.0351],[-62.0859,-39.0234]]],[[[-62.1553,-40.3742],[-62.1728,-40.375],[-62.1935,-40.4235],[-62.199,-40.4635],[-62.2373,-40.5099],[-62.2212,-40.5224],[-62.1935,-40.5226],[-62.1657,-40.5094],[-62.1547,-40.5266],[-62.1613,-40.5571],[-62.1087,-40.5641],[-62.0859,-40.5432],[-62.0667,-40.5119],[-62.0376,-40.4844],[-62.0285,-40.4549],[-62.0667,-40.3995],[-62.094,-40.3774],[-62.1553,-40.3742]]],[[[-62.119,-40.1307],[-62.1332,-40.1811],[-62.1111,-40.2193],[-62.0419,-40.2968],[-62.0212,-40.3436],[-62.0148,-40.3284],[-62.0205,-40.2731],[-62.0147,-40.1752],[-62.0406,-40.1465],[-62.1003,-40.1299],[-62.119,-40.1307]]]]},"properties":{"name":"Buenos Aires","name_en":"Buenos Aires","name_ja":"ブエノスアイレス州","name_zh":"布宜诺斯艾利斯省","name_ko":"부에노스아이레스","adm0_a3":"ARG","postal":"DF","iso_3166_2":"AR-B","type_en":"Federal District","geonunit":"Argentina"}},
{"type":"Feature","geometry":{"type":"Polygon","coordinates":[[[-58.4742,-34.5216],[-58.5385,-34.567],[-58.5605,-34.6536],[-58.5416,-34.7103],[-58.444,-34.7749],[-58.4062,-34.7151],[-58.3794,-34.6946],[-58.3432,-34.6899],[-58.315,-34.6572],[-58.345,-34.6079],[-58.3788,-34.5725],[-58.4742,-34.5216]]]},"properties":{"name":"Ciudad de Buenos Aires","name_en":"Buenos Aires","name_ja":"ブエノスアイレス","name_zh":"布宜诺斯艾利斯","name_ko":"부에노스아이레스","adm0_a3":"ARG","postal":"DF","iso_3166_2":"AR-C","type_en":"Federal District","geonunit":"Argentina"}},
{"type":"Feature","geometry":{"type":"Polygon","coordinates":[[[-58.8647,-27.9993],[-59.5974,-28.0004],[-60.0413,-28.0001],[-60.7447,-28.0027],[-61.7099,-28.0004],[-61.7699,-28.3574],[-61.8655,-28.9169],[-61.9514,-29.4015],[-61.9988,-29.6652],[-62.0871,-30.1566],[-62.1341,-30.4169],[-62.1253,-30.4577],[-61.9039,-30.6725],[-61.8571,-30.7315],[-61.8658,-30.7888],[-62.1216,-31.6086],[-62.1384,-31.6415],[-62.2228,-31.7068],[-62.2359,-31.7198],[-62.2363,-31.7378],[-62.2173,-31.7695],[-62.2229,-31.8338],[-62.2156,-31.9076],[-62.1848,-31.9555],[-62.1853,-31.9719],[-62.2122,-32.033],[-62.2186,-32.1385],[-62.1709,-32.1791],[-62.1389,-32.2117],[-62.1012,-32.2283],[-62.0729,-32.2536],[-62.0446,-32.3385],[-62.0146,-32.3863],[-61.9434,-32.4324],[-61.9141,-32.4629],[-61.9001,-32.5165],[-61.8975,-32.5496],[-61.8661,-32.5862],[-61.867,-32.6056],[-61.8945,-32.6588],[-61.8492,-32.669],[-61.8294,-32.6806],[-61.7768,-32.7685],[-61.7496,-32.788],[-61.733,-32.8275],[-61.7549,-32.8759],[-61.7586,-32.8963],[-61.7577,-32.9573],[-61.7628,-32.9998],[-61.7803,-33.0299],[-61.8165,-33.0615],[-61.846,-33.0798],[-61.8917,-33.0833],[-61.9199,-33.1141],[-62.145,-33.4201],[-62.4502,-33.8366],[-62.8538,-34.3821],[-62.2883,-34.3807],[-61.7105,-34.3768],[-61.3808,-34.0705],[-61.1422,-33.8483],[-60.9631,-33.6772],[-60.928,-33.6337],[-60.9372,-33.6029],[-60.9272,-33.5789],[-60.9105,-33.5637],[-60.8736,-33.552],[-60.8408,-33.5504],[-60.7738,-33.5735],[-60.6776,-33.5757],[-60.6266,-33.6029],[-60.5982,-33.6275],[-60.5668,-33.6403],[-60.5427,-33.6429],[-60.4999,-33.634],[-60.4668,-33.612],[-60.4306,-33.5479],[-60.4199,-33.5123],[-60.4136,-33.4661],[-60.4062,-33.4546],[-60.3646,-33.4274],[-60.3453,-33.4035],[-60.3493,-33.3819],[-60.3368,-33.342],[-60.3063,-33.3327],[-60.2775,-33.3064],[-60.2756,-33.2776],[-60.2941,-33.2566],[-60.3475,-33.2241],[-60.3648,-33.1993],[-60.393,-33.1742],[-60.4323,-33.1586],[-60.4954,-33.1221],[-60.5521,-33.0611],[-60.5827,-32.9844],[-60.6224,-32.9406],[-60.6755,-32.8465],[-60.69,-32.8095],[-60.6985,-32.7699],[-60.7058,-32.6795],[-60.7228,-32.6427],[-60.7598,-32.5949],[-60.7692,-32.5605],[-60.7657,-32.5411],[-60.7366,-32.4777],[-60.7271,-32.4352],[-60.7325,-32.3754],[-60.7264,-32.3345],[-60.7052,-32.275],[-60.7015,-32.2344],[-60.709,-32.1747],[-60.6997,-32.1376],[-60.6663,-32.0881],[-60.6662,-32.0483],[-60.706,-31.9945],[-60.7225,-31.9472],[-60.7092,-31.8993],[-60.681,-31.8662],[-60.6509,-31.7658],[-60.6537,-31.7322],[-60.6478,-31.716],[-60.6053,-31.6997],[-60.4951,-31.7004],[-60.453,-31.6918],[-60.4141,-31.6735],[-60.3807,-31.6491],[-60.3517,-31.6206],[-60.3021,-31.5552],[-60.2118,-31.468],[-60.1637,-31.4421],[-60.1448,-31.412],[-60.094,-31.3537],[-60.0634,-31.2695],[-60.0533,-31.2561],[-60.0008,-31.2123],[-59.9404,-31.1161],[-59.8807,-31.042],[-59.841,-30.9773],[-59.7949,-30.925],[-59.7738,-30.8924],[-59.7198,-30.831],[-59.6606,-30.7361],[-59.6542,-30.7172],[-59.646,-30.6407],[-59.6251,-30.5926],[-59.6222,-30.5168],[-59.6155,-30.4791],[-59.6181,-30.4468],[-59.653,-30.3839],[-59.6615,-30.3369],[-59.6693,-30.2939],[-59.6476,-30.2255],[-59.6418,-30.1689],[-59.6313,-30.1331],[-59.6025,-30.0848],[-59.5953,-30.0492],[-59.5991,-30.0127],[-59.6302,-29.9301],[-59.6648,-29.8783],[-59.6728,-29.8471],[-59.6648,-29.8191],[-59.627,-29.7506],[-59.5911,-29.615],[-59.5891,-29.4112],[-59.5829,-29.3778],[-59.5477,-29.2596],[-59.5328,-29.2309],[-59.5113,-29.2076],[-59.4558,-29.1752],[-59.3589,-29.1435],[-59.3299,-29.1244],[-59.2741,-29.0801],[-59.2134,-29.0485],[-59.1974,-29.0221],[-59.1927,-28.9884],[-59.1944,-28.9214],[-59.1601,-28.8678],[-59.141,-28.7897],[-59.1429,-28.7458],[-59.1371,-28.7289],[-59.0991,-28.6642],[-59.0857,-28.6079],[-59.0908,-28.5313],[-59.0662,-28.4014],[-59.068,-28.3845],[-59.0877,-28.341],[-59.091,-28.3219],[-59.082,-28.2653],[-59.0907,-28.1922],[-59.0814,-28.1576],[-59.0599,-28.1294],[-59.042,-28.122],[-58.9819,-28.1201],[-58.9505,-28.1124],[-58.9203,-28.0948],[-58.8947,-28.0708],[-58.877,-28.0434],[-58.8647,-27.9993]]]},"properties":{"name":"Santa Fe","name_en":"Santa Fe","name_ja":"サンタフェ州","name_zh":"圣大非省","name_ko":"산타페","adm0_a3":"ARG","postal":"SF","iso_3166_2":"AR-S","type_en":"Province","geonunit":"Argentina"}},
{"type":"Feature","geometry":{"type":"Polygon","coordinates":[[[-64.4863,-26.2202],[-64.697,-26.2249],[-64.7674,-26.2114],[-64.7978,-26.2162],[-64.8492,-26.2321],[-64.8964,-26.266],[-64.9244,-26.2741],[-64.9664,-26.2688],[-65.0171,-26.241],[-65.0361,-26.2368],[-65.0619,-26.2421],[-65.2528,-26.1724],[-65.2673,-26.1636],[-65.2897,-26.1119],[-65.3144,-26.076],[-65.3665,-26.0904],[-65.4159,-26.1164],[-65.4421,-26.1201],[-65.5401,-26.0997],[-65.5767,-26.1014],[-65.6264,-26.089],[-65.6653,-26.0748],[-65.68,-26.087],[-65.6858,-26.1703],[-65.6996,-26.2263],[-65.6981,-26.272],[-65.7118,-26.2954],[-65.7248,-26.3011],[-65.7591,-26.2996],[-66.0538,-26.2535],[-66.062,-26.2757],[-66.0939,-26.3076],[-66.102,-26.3575],[-66.1156,-26.4062],[-66.1387,-26.4489],[-66.1555,-26.4972],[-66.152,-26.5379],[-66.1206,-26.5681],[-66.053,-26.5823],[-66.0158,-26.6008],[-65.9816,-26.632],[-65.9169,-26.6799],[-65.8726,-26.6991],[-65.8535,-26.7232],[-65.852,-26.7617],[-65.867,-26.8188],[-65.8672,-26.8893],[-65.8723,-26.9164],[-65.9108,-26.9806],[-65.9805,-27.0435],[-66.0382,-27.1038],[-66.0572,-27.1329],[-66.0743,-27.171],[-66.1159,-27.2059],[-66.148,-27.2377],[-66.1655,-27.2743],[-66.1946,-27.3194],[-66.1822,-27.3306],[-66.1405,-27.3427],[-66.1064,-27.3455],[-66.0238,-27.3876],[-65.9819,-27.3938],[-65.977,-27.4062],[-65.9868,-27.43],[-65.9522,-27.5776],[-65.9397,-27.6016],[-65.9293,-27.6543],[-65.906,-27.6794],[-65.8838,-27.6911],[-65.8723,-27.7068],[-65.8508,-27.7802],[-65.8211,-27.8057],[-65.7744,-27.7884],[-65.7583,-27.7884],[-65.7132,-27.8096],[-65.6992,-27.8242],[-65.6889,-27.8536],[-65.6793,-27.9069],[-65.6646,-27.9452],[-65.5707,-28.0502],[-65.558,-28.0544],[-65.5294,-28.0002],[-65.5026,-27.9665],[-65.4327,-27.9094],[-65.349,-27.8633],[-65.3334,-27.8636],[-65.2832,-27.8977],[-65.2426,-27.9195],[-65.2154,-27.9244],[-65.1691,-27.9097],[-65.1433,-27.8982],[-65.103,-27.9013],[-65.0692,-27.8865],[-65.0601,-27.8701],[-65.0313,-27.7904],[-65.0163,-27.7778],[-64.9992,-27.7781],[-65.001,-27.7641],[-65.0283,-27.7116],[-65.0683,-27.6237],[-65.0694,-27.6007],[-65.0583,-27.573],[-65.013,-27.5676],[-64.9943,-27.5571],[-64.9717,-27.5274],[-64.9696,-27.5137],[-65.011,-27.4926],[-65.0441,-27.4853],[-65.0636,-27.4724],[-65.0021,-27.4079],[-64.9876,-27.3978],[-64.9403,-27.3454],[-64.9172,-27.328],[-64.8932,-27.3244],[-64.8798,-27.3092],[-64.8579,-27.2516],[-64.8354,-27.2229],[-64.8052,-27.1538],[-64.779,-27.0538],[-64.7702,-27.0361],[-64.7433,-27.0152],[-64.7281,-26.9876],[-64.6804,-26.8184],[-64.6665,-26.8013],[-64.6278,-26.7974],[-64.6164,-26.7816],[-64.5885,-26.688],[-64.569,-26.6742],[-64.5055,-26.6835],[-64.4986,-26.6598],[-64.4991,-26.6228],[-64.5075,-26.549],[-64.524,-26.4466],[-64.5212,-26.4258],[-64.485,-26.3197],[-64.4828,-26.2913],[-64.4863,-26.2202]]]},"properties":{"name":"Tucumán","name_en":"Tucumán","name_ja":"トゥクマン州","name_zh":"图库曼省","name_ko":"투쿠만","adm0_a3":"ARG","postal":"TM","iso_3166_2":"AR-T","type_en":"Province","geonunit":"Argentina"}},
{"type":"Feature","geometry":{"type":"Polygon","coordinates":[[[-63.3986,-25.6594],[-63.9244,-25.6523],[-64.1534,-25.5847],[-64.1918,-25.5799],[-64.2116,-25.6037],[-64.425,-26.0276],[-64.4322,-26.0571],[-64.4322,-26.0885],[-64.441,-26.1178],[-64.4771,-26.1807],[-64.4863,-26.2202],[-64.4828,-26.2913],[-64.485,-26.3197],[-64.5212,-26.4258],[-64.524,-26.4466],[-64.5075,-26.549],[-64.4991,-26.6228],[-64.4986,-26.6598],[-64.5055,-26.6835],[-64.569,-26.6742],[-64.5885,-26.688],[-64.6164,-26.7816],[-64.6278,-26.7974],[-64.6665,-26.8013],[-64.6804,-26.8184],[-64.7281,-26.9876],[-64.7433,-27.0152],[-64.7702,-27.0361],[-64.779,-27.0538],[-64.8052,-27.1538],[-64.8354,-27.2229],[-64.8579,-27.2516],[-64.8798,-27.3092],[-64.8932,-27.3244],[-64.9172,-27.328],[-64.9403,-27.3454],[-64.9876,-27.3978],[-65.0021,-27.4079],[-65.0636,-27.4724],[-65.0441,-27.4853],[-65.011,-27.4926],[-64.9696,-27.5137],[-64.9717,-27.5274],[-64.9943,-27.5571],[-65.013,-27.5676],[-65.0583,-27.573],[-65.0694,-27.6007],[-65.0683,-27.6237],[-65.0283,-27.7116],[-65.001,-27.7641],[-64.9992,-27.7781],[-65.0163,-27.7778],[-65.0313,-27.7904],[-65.0601,-27.8701],[-65.0692,-27.8865],[-65.103,-27.9013],[-65.1433,-27.8982],[-65.1691,-27.9097],[-65.0791,-28.2746],[-65.0722,-28.4241],[-65.0783,-28.4815],[-65.0907,-28.5063],[-65.1267,-28.5446],[-65.1523,-28.5869],[-65.1756,-28.5989],[-65.18,-28.6451],[-65.1644,-28.6579],[-65.1225,-28.6787],[-65.1022,-28.6949],[-65.0926,-28.7213],[-65.0751,-28.9177],[-65.0793,-29.0001],[-65.0354,-29.2927],[-64.992,-29.385],[-64.927,-29.4861],[-64.9039,-29.5317],[-64.8825,-29.5571],[-64.5905,-29.4915],[-64.4032,-29.4485],[-64.2941,-29.4251],[-64.2537,-29.4243],[-64.0584,-29.4693],[-64.0445,-29.4779],[-64.0487,-29.5257],[-64.0276,-29.5452],[-63.9532,-29.5804],[-63.9258,-29.6095],[-63.8524,-29.6238],[-63.8076,-29.6498],[-63.7286,-29.6535],[-63.6107,-29.6372],[-63.5244,-29.6588],[-63.4783,-29.6521],[-63.4627,-29.6552],[-63.4573,-29.676],[-63.4579,-29.7143],[-63.3963,-29.7285],[-63.3926,-29.7635],[-63.3628,-29.7735],[-62.7925,-29.7762],[-62.4519,-29.7723],[-62.2882,-29.7767],[-62.2426,-29.8056],[-62.0871,-30.1566],[-61.9988,-29.6652],[-61.9514,-29.4015],[-61.8655,-28.9169],[-61.7699,-28.3574],[-61.7099,-28.0004],[-61.7096,-27.8113],[-61.7094,-26.7938],[-61.7093,-26.2603],[-61.7105,-26.1466],[-61.7223,-25.7442],[-61.7539,-25.6614],[-63.3986,-25.6594]]]},"properties":{"name":"Santiago del Estero","name_en":"Santiago del Estero","name_ja":"サンティアゴ・デル・エステロ州","name_zh":"圣地亚哥－德尔埃斯特罗省","name_ko":"산티아고델에스테로","adm0_a3":"ARG","postal":"SE","iso_3166_2":"AR-G","type_en":"Province","geonunit":"Argentina"}},
{"type":"Feature","geometry":{"type":"Polygon","coordinates":[[[-65.0866,-35.0018],[-65.0869,-33.9624],[-65.1317,-33.2055],[-65.0944,-33.141],[-65.0759,-33.1288],[-65.0509,-33.1252],[-65.0325,-33.1113],[-65.0434,-33.0601],[-65.0124,-33.0068],[-65.0059,-32.9855],[-65.0159,-32.9555],[-65.0125,-32.9418],[-64.9736,-32.8796],[-64.9673,-32.8259],[-64.9452,-32.776],[-64.9411,-32.7389],[-64.9191,-32.7191],[-64.9061,-32.6644],[-64.8832,-32.6195],[-64.8773,-32.5921],[-64.8753,-32.5441],[-64.8925,-32.4844],[-64.9225,-32.429],[-64.9157,-32.3523],[-64.9228,-32.2992],[-64.945,-32.2905],[-65.0695,-32.3196],[-65.1769,-32.3297],[-65.2,-32.3196],[-65.2011,-32.2605],[-65.2321,-32.2074],[-65.241,-32.1406],[-65.2555,-32.1116],[-65.3105,-32.0611],[-65.5897,-31.9152],[-65.6406,-31.8932],[-65.6715,-31.8857],[-65.7596,-31.8855],[-65.8597,-31.901],[-65.9234,-31.8986],[-65.9692,-31.8786],[-66.0165,-31.8712],[-66.0544,-31.8714],[-66.1267,-31.8896],[-66.1672,-31.9096],[-66.2172,-31.9254],[-66.2684,-31.9301],[-66.3172,-31.9258],[-66.3826,-31.9325],[-66.4237,-31.916],[-66.4935,-31.9207],[-66.5324,-31.9034],[-66.5844,-31.9153],[-66.6015,-31.9137],[-66.6618,-31.8884],[-66.7305,-31.8766],[-66.9851,-31.8885],[-67.023,-31.8821],[-67.0518,-31.8645],[-67.1165,-31.8522],[-67.1504,-31.8619],[-67.2346,-31.8668],[-67.271,-31.863],[-67.3444,-31.8468],[-67.3769,-31.8668],[-67.3888,-31.8976],[-67.3805,-31.9423],[-67.3827,-31.962],[-67.375,-31.9933],[-67.3959,-32.0636],[-67.3918,-32.1023],[-67.3908,-32.1941],[-67.393,-32.2622],[-67.3899,-32.3043],[-67.3617,-32.3968],[-67.3391,-32.4103],[-67.3207,-32.431],[-67.3209,-32.455],[-67.3016,-32.4863],[-67.297,-32.5134],[-67.283,-32.5439],[-67.2584,-32.6536],[-67.245,-32.678],[-67.2142,-32.7049],[-67.2064,-32.7393],[-67.1921,-32.7611],[-67.2096,-32.7917],[-67.2183,-32.8282],[-67.2058,-32.87],[-67.2061,-32.8935],[-67.2269,-32.9161],[-67.1978,-32.9865],[-67.2034,-33.0168],[-67.1922,-33.059],[-67.1842,-33.1498],[-67.1904,-33.2289],[-67.1773,-33.265],[-67.1773,-33.3012],[-67.1531,-33.3471],[-67.1494,-33.3663],[-67.1519,-33.4291],[-67.1426,-33.452],[-67.047,-33.5892],[-67.0197,-33.6165],[-66.9883,-33.7052],[-66.9651,-33.7394],[-66.9296,-33.8379],[-66.8757,-33.8703],[-66.844,-33.8963],[-66.832,-33.9139],[-66.8217,-33.9597],[-66.7789,-33.9933],[-66.7643,-34.039],[-66.7471,-34.0642],[-66.7548,-34.1626],[-66.7592,-34.1845],[-66.7726,-34.1987],[-66.7936,-34.1918],[-66.8214,-34.2293],[-66.8142,-34.2676],[-66.8112,-34.3449],[-66.8,-34.3632],[-66.8126,-34.3846],[-66.7875,-34.4086],[-66.7789,-34.428],[-66.7726,-34.5134],[-66.738,-34.6154],[-66.6907,-34.658],[-66.572,-34.8529],[-66.5461,-34.9249],[-66.5437,-34.9455],[-66.5536,-34.9972],[-66.529,-35.0783],[-66.5103,-35.1082],[-66.5066,-35.1415],[-66.5256,-35.1992],[-66.5082,-35.2193],[-66.5065,-35.2399],[-66.5188,-35.2641],[-66.5051,-35.3426],[-66.5171,-35.405],[-66.5211,-35.4942],[-66.5256,-35.5146],[-66.5556,-35.5707],[-66.5672,-35.6716],[-66.6082,-35.8299],[-66.6161,-35.902],[-66.6288,-35.9491],[-66.6231,-35.9979],[-66.6172,-35.9999],[-66.0266,-35.9999],[-65.1352,-36.001],[-65.0878,-35.9988],[-65.0874,-35.8454],[-65.0866,-35.0018]]]},"properties":{"name":"San Luis","name_en":"San Luis","name_ja":"サンルイス州","name_zh":"圣路易省","name_ko":"산루이스","adm0_a3":"ARG","postal":"SL","iso_3166_2":"AR-D","type_en":"Province","geonunit":"Argentina"}},
{"type":"Feature","geometry":{"type":"Polygon","coordinates":[[[-65.0866,-35.0018],[-65.0874,-35.8454],[-65.0878,-35.9988],[-65.1352,-36.001],[-66.0266,-35.9999],[-66.6172,-35.9999],[-67.06,-35.9989],[-67.135,-35.9993],[-68.2463,-35.9993],[-68.2822,-36.0211],[-68.2916,-36.0878],[-68.2932,-36.1283],[-68.2568,-36.2768],[-68.2488,-36.8335],[-68.2494,-37.557],[-67.8503,-37.6002],[-67.8073,-37.6181],[-67.7779,-37.6394],[-67.7486,-37.6691],[-67.7248,-37.7023],[-67.7118,-37.7348],[-67.7105,-37.78],[-67.7237,-37.8169],[-67.748,-37.8452],[-67.8162,-37.8833],[-67.8483,-37.9078],[-67.8701,-37.9418],[-67.8756,-37.9886],[-67.8639,-38.0298],[-67.8449,-38.0569],[-67.8108,-38.0705],[-67.7732,-38.0631],[-67.7345,-38.0759],[-67.7057,-38.1006],[-67.6512,-38.1915],[-67.6247,-38.2223],[-67.592,-38.2471],[-67.5541,-38.2617],[-67.4777,-38.2579],[-67.4518,-38.247],[-67.376,-38.2555],[-67.3509,-38.2501],[-67.3053,-38.2267],[-67.2207,-38.2132],[-67.1766,-38.2226],[-67.1664,-38.2355],[-67.1631,-38.2729],[-67.1358,-38.3381],[-67.0698,-38.409],[-66.9534,-38.4575],[-66.9082,-38.4648],[-66.8779,-38.4831],[-66.8068,-38.4951],[-66.7564,-38.5194],[-66.7384,-38.5335],[-66.6839,-38.5435],[-66.6479,-38.5574],[-66.6168,-38.5795],[-66.5935,-38.6073],[-66.5809,-38.6385],[-66.5736,-38.685],[-66.562,-38.7016],[-66.3919,-38.7342],[-66.3475,-38.7348],[-66.2152,-38.7166],[-65.9602,-38.7421],[-65.8683,-38.7695],[-65.8131,-38.7763],[-65.7755,-38.7968],[-65.7187,-38.7997],[-65.6896,-38.8179],[-65.6488,-38.8099],[-65.59,-38.7775],[-65.563,-38.7758],[-65.5114,-38.7837],[-65.4235,-38.8115],[-65.3674,-38.8384],[-65.3134,-38.8241],[-65.2615,-38.8255],[-65.1142,-38.8036],[-64.9702,-38.8036],[-64.9435,-38.8186],[-64.8721,-38.8096],[-64.8405,-38.8179],[-64.8209,-38.8104],[-64.5422,-38.852],[-64.4715,-38.8537],[-64.1463,-38.9493],[-64.0573,-38.9936],[-64.0102,-38.9998],[-63.9945,-39.0098],[-63.9082,-39.0922],[-63.8881,-39.0997],[-63.8194,-39.1121],[-63.7821,-39.1284],[-63.7539,-39.15],[-63.7112,-39.2002],[-63.6755,-39.2131],[-63.5451,-39.2834],[-63.5164,-39.306],[-63.478,-39.3185],[-63.3886,-39.3258],[-63.3871,-38.8255],[-63.3871,-38.2723],[-63.3878,-37.7794],[-63.388,-37.2855],[-63.3886,-36.8524],[-63.3886,-36.6271],[-63.3886,-36.4019],[-63.3888,-35.9846],[-63.386,-35.499],[-63.3855,-35.2735],[-63.3841,-35.0021],[-63.9569,-35.0005],[-64.4869,-35.0005],[-65.0866,-35.0018]]]},"properties":{"name":"La Pampa","name_en":"La Pampa","name_ja":"ラ・パンパ州","name_zh":"拉潘帕省","name_ko":"라팜파","adm0_a3":"ARG","postal":"LP","iso_3166_2":"AR-L","type_en":"Province","geonunit":"Argentina"}},
{"type":"Feature","geometry":{"type":"Polygon","coordinates":[[[-62.0871,-30.1566],[-62.2426,-29.8056],[-62.2882,-29.7767],[-62.4519,-29.7723],[-62.7925,-29.7762],[-63.3628,-29.7735],[-63.3926,-29.7635],[-63.3963,-29.7285],[-63.4579,-29.7143],[-63.4573,-29.676],[-63.4627,-29.6552],[-63.4783,-29.6521],[-63.5244,-29.6588],[-63.6107,-29.6372],[-63.7286,-29.6535],[-63.8076,-29.6498],[-63.8524,-29.6238],[-63.9258,-29.6095],[-63.9532,-29.5804],[-64.0276,-29.5452],[-64.0487,-29.5257],[-64.0445,-29.4779],[-64.0584,-29.4693],[-64.2537,-29.4243],[-64.2941,-29.4251],[-64.4032,-29.4485],[-64.5905,-29.4915],[-64.8825,-29.5571],[-64.9511,-29.579],[-64.9616,-29.6105],[-64.9313,-29.8422],[-64.9434,-29.8783],[-65.0516,-29.9846],[-65.1382,-30.0631],[-65.1882,-30.0868],[-65.4019,-30.1402],[-65.4848,-30.3479],[-65.5211,-30.4052],[-65.5645,-30.5259],[-65.5735,-30.5709],[-65.6549,-30.7824],[-65.6883,-30.8646],[-65.7538,-31.0348],[-65.7673,-31.0962],[-65.7658,-31.2708],[-65.763,-31.6199],[-65.7596,-31.8855],[-65.6715,-31.8857],[-65.6406,-31.8932],[-65.5897,-31.9152],[-65.3105,-32.0611],[-65.2555,-32.1116],[-65.241,-32.1406],[-65.2321,-32.2074],[-65.2011,-32.2605],[-65.2,-32.3196],[-65.1769,-32.3297],[-65.0695,-32.3196],[-64.945,-32.2905],[-64.9228,-32.2992],[-64.9157,-32.3523],[-64.9225,-32.429],[-64.8925,-32.4844],[-64.8753,-32.5441],[-64.8773,-32.5921],[-64.8832,-32.6195],[-64.9061,-32.6644],[-64.9191,-32.7191],[-64.9411,-32.7389],[-64.9452,-32.776],[-64.9673,-32.8259],[-64.9736,-32.8796],[-65.0125,-32.9418],[-65.0159,-32.9555],[-65.0059,-32.9855],[-65.0124,-33.0068],[-65.0434,-33.0601],[-65.0325,-33.1113],[-65.0509,-33.1252],[-65.0759,-33.1288],[-65.0944,-33.141],[-65.1317,-33.2055],[-65.0869,-33.9624],[-65.0866,-35.0018],[-64.4869,-35.0005],[-63.9569,-35.0005],[-63.3841,-35.0021],[-63.3819,-34.5796],[-63.3736,-34.4136],[-63.3396,-34.3805],[-62.8538,-34.3821],[-62.4502,-33.8366],[-62.145,-33.4201],[-61.9199,-33.1141],[-61.8917,-33.0833],[-61.846,-33.0798],[-61.8165,-33.0615],[-61.7803,-33.0299],[-61.7628,-32.9998],[-61.7577,-32.9573],[-61.7586,-32.8963],[-61.7549,-32.8759],[-61.733,-32.8275],[-61.7496,-32.788],[-61.7768,-32.7685],[-61.8294,-32.6806],[-61.8492,-32.669],[-61.8945,-32.6588],[-61.867,-32.6056],[-61.8661,-32.5862],[-61.8975,-32.5496],[-61.9001,-32.5165],[-61.9141,-32.4629],[-61.9434,-32.4324],[-62.0146,-32.3863],[-62.0446,-32.3385],[-62.0729,-32.2536],[-62.1012,-32.2283],[-62.1389,-32.2117],[-62.1709,-32.1791],[-62.2186,-32.1385],[-62.2122,-32.033],[-62.1853,-31.9719],[-62.1848,-31.9555],[-62.2156,-31.9076],[-62.2229,-31.8338],[-62.2173,-31.7695],[-62.2363,-31.7378],[-62.2359,-31.7198],[-62.2228,-31.7068],[-62.1384,-31.6415],[-62.1216,-31.6086],[-61.8658,-30.7888],[-61.8571,-30.7315],[-61.9039,-30.6725],[-62.1253,-30.4577],[-62.1341,-30.4169],[-62.0871,-30.1566]]]},"properties":{"name":"Córdoba","name_en":"Córdoba","name_ja":"コルドバ州","name_zh":"科尔多瓦省","name_ko":"코르도바","adm0_a3":"ARG","postal":"CB","iso_3166_2":"AR-X","type_en":"Province","geonunit":"Argentina"}}
]}