{"type":"FeatureCollection", "features": [
{"type":"Feature","geometry":{"type":"Polygon","coordinates":[[[-53.842,-27.1635],[-53.8688,-27.1259],[-53.8908,-27.1271],[-53.8994,-27.1584],[-53.9095,-27.1683],[-53.9254,-27.166],[-53.9509,-27.1478],[-53.9641,-27.154],[-53.9618,-27.1914],[-53.9815,-27.1957],[-53.9973,-27.1873],[-54.0109,-27.194],[-54.0181,-27.2123],[-54.0918,-27.2852],[-54.1282,-27.2889],[-54.1581,-27.2795],[-54.1559,-27.2577],[-54.177,-27.2434],[-54.1895,-27.2609],[-54.2182,-27.3293],[-54.2318,-27.3515],[-54.2316,-27.3805],[-54.2613,-27.3887],[-54.2686,-27.4064],[-54.2869,-27.4284],[-54.3069,-27.4289],[-54.3477,-27.3943],[-54.3461,-27.4265],[-54.3543,-27.4463],[-54.3716,-27.4544],[-54.3787,-27.4227],[-54.4042,-27.4074],[-54.4608,-27.4126],[-54.4646,-27.4233],[-54.4477,-27.4458],[-54.4484,-27.4589],[-54.4686,-27.4703],[-54.5335,-27.4874],[-54.5538,-27.483],[-54.5705,-27.4557],[-54.5895,-27.4526],[-54.6053,-27.468],[-54.6259,-27.5153],[-54.6512,-27.5259],[-54.6595,-27.5028],[-54.6735,-27.5097],[-54.6772,-27.5418],[-54.6997,-27.553],[-54.7319,-27.5513],[-54.7739,-27.5638],[-54.7937,-27.5492],[-54.7865,-27.5342],[-54.7922,-27.5232],[-54.805,-27.5264],[-54.8275,-27.5451],[-54.837,-27.5905],[-54.8451,-27.6119],[-54.8654,-27.6208],[-54.8983,-27.6236],[-54.8965,-27.6612],[-54.9016,-27.7045],[-54.9132,-27.7369],[-54.933,-27.7438],[-54.9852,-27.7853],[-55.0091,-27.7884],[-55.0643,-27.771],[-55.0812,-27.7783],[-55.0713,-27.7944],[-55.0404,-27.8195],[-55.0258,-27.8402],[-55.0296,-27.8507],[-55.0458,-27.8507],[-55.0677,-27.8393],[-55.1087,-27.8468],[-55.1192,-27.8809],[-55.1397,-27.8767],[-55.1615,-27.8582],[-55.1776,-27.8536],[-55.1977,-27.8606],[-55.224,-27.8938],[-55.2701,-27.9224],[-55.3141,-27.915],[-55.3299,-27.9281],[-55.3379,-27.9631],[-55.3764,-27.9732],[-55.3814,-28.0087],[-55.3898,-28.0242],[-55.4407,-28.0789],[-55.4755,-28.0863],[-55.493,-28.0739],[-55.5059,-28.0789],[-55.5202,-28.1068],[-55.5438,-28.1242],[-55.5535,-28.1456],[-55.5771,-28.1443],[-55.5816,-28.1211],[-55.6047,-28.1169],[-55.6238,-28.1462],[-55.6841,-28.1962],[-55.7479,-28.2157],[-55.7725,-28.232],[-55.7666,-28.2576],[-55.7546,-28.2657],[-55.6872,-28.2901],[-55.6636,-28.3265],[-55.6841,-28.388],[-55.7057,-28.4077],[-55.715,-28.4045],[-55.7188,-28.3845],[-55.7346,-28.3659],[-55.7712,-28.3575],[-55.8125,-28.3532],[-55.8423,-28.3464],[-55.8874,-28.3633],[-55.9056,-28.378],[-55.8967,-28.4068],[-55.8981,-28.4607],[-55.9191,-28.4734],[-55.9516,-28.4767],[-55.9791,-28.4892],[-56.0116,-28.4966],[-56.0214,-28.5104],[-56.0219,-28.5857],[-56.0408,-28.609],[-56.103,-28.6481],[-56.1847,-28.7442],[-56.2184,-28.7641],[-56.2655,-28.772],[-56.2861,-28.7802],[-56.2948,-28.7958],[-56.301,-28.8814],[-56.3231,-28.9165],[-56.3916,-28.9522],[-56.4109,-28.9913],[-56.4158,-29.0514],[-56.428,-29.0699],[-56.4443,-29.0781],[-56.5133,-29.0937],[-56.5483,-29.11],[-56.5842,-29.1323],[-56.6173,-29.1609],[-56.6437,-29.1961],[-56.6563,-29.2234],[-56.6505,-29.2513],[-56.677,-29.3134],[-56.6887,-29.3296],[-56.7181,-29.3515],[-56.7536,-29.3674],[-56.7808,-29.3953],[-56.7834,-29.4258],[-56.7998,-29.434],[-56.819,-29.475],[-56.8973,-29.5357],[-56.9124,-29.5584],[-56.9516,-29.5863],[-56.9658,-29.6009],[-56.9794,-29.635],[-57.0088,-29.6626],[-57.0209,-29.6834],[-57.0942,-29.752],[-57.1129,-29.766],[-57.1334,-29.7721],[-57.1775,-29.7729],[-57.2196,-29.7783],[-57.2626,-29.7926],[-57.2915,-29.8151],[-57.3085,-29.8485],[-57.3187,-29.9655],[-57.3252,-29.981],[-57.4115,-30.0396],[-57.5062,-30.1443],[-57.5486,-30.17],[-57.6117,-30.183],[-57.5868,-30.204],[-57.5675,-30.2563],[-57.536,-30.2744],[-57.511,-30.2767],[-57.4431,-30.2695],[-57.4298,-30.2755],[-57.4148,-30.2957],[-57.3993,-30.2991],[-57.3538,-30.2719],[-57.3343,-30.2727],[-57.2965,-30.2933],[-57.2762,-30.2777],[-57.2625,-30.2787],[-57.2451,-30.2933],[-57.2126,-30.2873],[-57.1837,-30.2675],[-57.1638,-30.2393],[-57.1508,-30.1823],[-57.1296,-30.15],[-57.1023,-30.1212],[-57.0771,-30.1061],[-57.0379,-30.1146],[-57.0113,-30.1035],[-56.9545,-30.0969],[-56.9064,-30.1085],[-56.8692,-30.103],[-56.8313,-30.102],[-56.7952,-30.1238],[-56.767,-30.1614],[-56.7048,-30.1984],[-56.6737,-30.2113],[-56.6418,-30.2339],[-56.6326,-30.2475],[-56.6313,-30.2847],[-56.6154,-30.2933],[-56.5858,-30.2965],[-56.5238,-30.3573],[-56.4946,-30.3793],[-56.4413,-30.4088],[-56.4246,-30.4236],[-56.4005,-30.4589],[-56.3726,-30.4859],[-56.3265,-30.5083],[-56.268,-30.5511],[-56.2351,-30.5654],[-56.1835,-30.6146],[-56.1708,-30.6458],[-56.1403,-30.6648],[-56.125,-30.6803],[-56.0919,-30.7361],[-56.0769,-30.7523],[-56.0114,-30.7982],[-55.9953,-30.8258],[-55.989,-30.8558],[-55.9939,-30.8855],[-56.0114,-30.9126],[-56.0155,-30.9343],[-56.0163,-30.9999],[-56.0222,-31.0671],[-56.0114,-31.0821],[-55.9852,-31.0788],[-55.9193,-31.0824],[-55.8643,-31.0768],[-55.8466,-31.0693],[-55.8325,-31.0517],[-55.7781,-31.0204],[-55.7636,-31.0084],[-55.7449,-30.9586],[-55.7319,-30.9454],[-55.7127,-30.9434],[-55.6658,-30.9493],[-55.6527,-30.939],[-55.6546,-30.8787],[-55.6497,-30.861],[-55.634,-30.8476],[-55.6129,-30.8434],[-55.5919,-30.8483],[-55.5639,-30.8765],[-55.5275,-30.8945],[-55.4891,-30.9297],[-55.4426,-30.9656],[-55.3686,-31.0374],[-55.3539,-31.0563],[-55.345,-31.1085],[-55.338,-31.1256],[-55.2937,-31.1537],[-55.2822,-31.1691],[-55.26,-31.2287],[-55.2276,-31.2535],[-55.1696,-31.2764],[-55.1222,-31.3135],[-55.0873,-31.3268],[-55.0611,-31.3049],[-55.0423,-31.2726],[-55.0294,-31.2688],[-54.9696,-31.3408],[-54.9408,-31.3656],[-54.9003,-31.3821],[-54.8634,-31.4176],[-54.8198,-31.4353],[-54.6541,-31.4558],[-54.6197,-31.4556],[-54.5915,-31.471],[-54.5624,-31.5159],[-54.5097,-31.5523],[-54.4832,-31.5839],[-54.4774,-31.6421],[-54.4637,-31.6719],[-54.4365,-31.6943],[-54.4037,-31.7147],[-54.3735,-31.7389],[-54.343,-31.7693],[-54.2742,-31.8234],[-54.2188,-31.8567],[-54.1696,-31.8959],[-54.1463,-31.9099],[-54.1351,-31.909],[-54.1073,-31.8839],[-54.0688,-31.8799],[-54.0326,-31.8981],[-54.0177,-31.9196],[-53.9989,-31.9297],[-53.966,-31.9325],[-53.9344,-31.9425],[-53.8941,-31.9701],[-53.8814,-32.0012],[-53.8581,-32.0212],[-53.8304,-32.0364],[-53.7718,-32.0471],[-53.7514,-32.0688],[-53.75,-32.104],[-53.7214,-32.1624],[-53.6706,-32.2264],[-53.6586,-32.2543],[-53.6518,-32.2883],[-53.6487,-32.3386],[-53.6348,-32.3687],[-53.6093,-32.3878],[-53.5613,-32.4495],[-53.5376,-32.4702],[-53.4746,-32.5082],[-53.4156,-32.5642],[-53.3591,-32.5803],[-53.316,-32.6027],[-53.2669,-32.6074],[-53.1861,-32.6467],[-53.1198,-32.7074],[-53.1108,-32.7224],[-53.114,-32.7406],[-53.1269,-32.7548],[-53.1631,-32.7787],[-53.2039,-32.8224],[-53.2708,-32.8638],[-53.2988,-32.8891],[-53.307,-32.9072],[-53.3096,-32.9444],[-53.3273,-32.9736],[-53.4491,-33.0421],[-53.4833,-33.0673],[-53.5115,-33.0992],[-53.5369,-33.1708],[-53.5361,-33.2446],[-53.514,-33.3949],[-53.5368,-33.5599],[-53.5396,-33.6493],[-53.5115,-33.6903],[-53.4567,-33.6875],[-53.4404,-33.6971],[-53.4236,-33.731],[-53.4113,-33.7423],[-53.3791,-33.7407],[-53.2663,-33.6767],[-53.1944,-33.6197],[-53.0917,-33.5273],[-52.9209,-33.403],[-52.8195,-33.3225],[-52.744,-33.2492],[-52.6449,-33.137],[-52.6217,-33.102],[-52.4709,-32.801],[-52.4432,-32.686],[-52.3753,-32.4987],[-52.2534,-32.2825],[-52.2286,-32.2511],[-52.1274,-32.1775],[-52.0912,-32.1661],[-52.1016,-32.1227],[-52.1006,-32.1062],[-52.0873,-32.0673],[-52.1029,-32.0797],[-52.1397,-32.1191],[-52.1562,-32.1227],[-52.1689,-32.1007],[-52.1474,-32.0779],[-52.0978,-32.0502],[-52.0814,-32.032],[-52.1082,-32.0256],[-52.1371,-32.0378],[-52.1544,-32.0651],[-52.1821,-32.079],[-52.214,-32.0861],[-52.2381,-32.081],[-52.2117,-32.068],[-52.2112,-32.0567],[-52.2292,-32.0507],[-52.2586,-32.0536],[-52.2481,-32.0191],[-52.2456,-31.982],[-52.2377,-31.9664],[-52.1698,-31.9365],[-52.1391,-31.9405],[-52.1361,-31.9225],[-52.1493,-31.9098],[-52.1789,-31.9028],[-52.2102,-31.8687],[-52.2357,-31.8797],[-52.2484,-31.862],[-52.2456,-31.841],[-52.2245,-31.8414],[-52.2242,-31.8282],[-52.2102,-31.8005],[-52.2245,-31.7625],[-52.2186,-31.7407],[-52.2037,-31.7273],[-52.0958,-31.6911],[-52.0774,-31.6806],[-52.0491,-31.644],[-52.0412,-31.6227],[-52.0463,-31.6081],[-52.09,-31.6061],[-52.0941,-31.5776],[-52.0732,-31.5543],[-52.0402,-31.5702],[-52.0326,-31.5813],[-52.0259,-31.6155],[-52.0079,-31.6462],[-51.9849,-31.5739],[-52.0008,-31.5512],[-52.0047,-31.5279],[-51.9985,-31.4954],[-52.0016,-31.4291],[-51.9985,-31.4094],[-51.9877,-31.3925],[-51.9429,-31.3593],[-51.9573,-31.3512],[-51.9635,-31.3323],[-51.94,-31.3251],[-51.9228,-31.3069],[-51.8569,-31.3112],[-51.8395,-31.2822],[-51.819,-31.2722],[-51.7794,-31.266],[-51.735,-31.2691],[-51.7126,-31.2659],[-51.6847,-31.2521],[-51.6528,-31.2592],[-51.6375,-31.2565],[-51.649,-31.2387],[-51.6509,-31.2055],[-51.643,-31.1671],[-51.6236,-31.1353],[-51.5907,-31.122],[-51.5697,-31.1196],[-51.443,-31.081],[-51.4708,-31.0533],[-51.4842,-31.013],[-51.4857,-30.9671],[-51.4778,-30.9228],[-51.4686,-30.9016],[-51.4554,-30.8894],[-51.4126,-30.8825],[-51.3707,-30.8865],[-51.3619,-30.8792],[-51.3655,-30.8323],[-51.3816,-30.7763],[-51.3833,-30.6589],[-51.3771,-30.6423],[-51.358,-30.6354],[-51.3225,-30.6422],[-51.314,-30.6838],[-51.2912,-30.7399],[-51.2895,-30.7673],[-51.314,-30.7732],[-51.2977,-30.7953],[-51.2817,-30.7966],[-51.2697,-30.7818],[-51.2649,-30.7555],[-51.2676,-30.735],[-51.286,-30.6696],[-51.2902,-30.6244],[-51.287,-30.5816],[-51.2779,-30.5401],[-51.2505,-30.4623],[-51.2295,-30.4259],[-51.2004,-30.3998],[-51.1619,-30.3952],[-51.1351,-30.4094],[-51.1148,-30.4011],[-51.1004,-30.3853],[-51.0906,-30.352],[-51.0934,-30.345],[-51.1147,-30.3473],[-51.1661,-30.363],[-51.1877,-30.3601],[-51.1966,-30.3372],[-51.1972,-30.2947],[-51.2041,-30.2853],[-51.2375,-30.3132],[-51.2472,-30.2975],[-51.2806,-30.2874],[-51.2921,-30.2717],[-51.2649,-30.2449],[-51.2891,-30.2177],[-51.327,-30.2245],[-51.3065,-30.1869],[-51.314,-30.1546],[-51.3,-30.127],[-51.2943,-30.0807],[-51.3065,-30.0702],[-51.286,-30.0322],[-51.2835,-30.0074],[-51.2621,-30.0138],[-51.2593,-30.0468],[-51.2375,-30.0396],[-51.2389,-30.0585],[-51.2505,-30.0916],[-51.2512,-30.1078],[-51.2204,-30.1364],[-51.2171,-30.1563],[-51.2356,-30.1782],[-51.233,-30.1899],[-51.2103,-30.1904],[-51.1805,-30.2004],[-51.1715,-30.2094],[-51.1761,-30.2245],[-51.1225,-30.256],[-51.1034,-30.2433],[-51.0795,-30.2379],[-51.0576,-30.2419],[-51.0526,-30.2654],[-51.0342,-30.2574],[-51.0148,-30.2786],[-51.0139,-30.3049],[-51.0403,-30.3435],[-51.0341,-30.3757],[-50.9844,-30.3952],[-50.9364,-30.4316],[-50.9154,-30.4362],[-50.9303,-30.3986],[-50.9329,-30.3806],[-50.9229,-30.3332],[-50.913,-30.3167],[-50.8975,-30.3105],[-50.8744,-30.3201],[-50.8572,-30.3171],[-50.7994,-30.3235],[-50.7935,-30.3025],[-50.7611,-30.2914],[-50.6952,-30.2944],[-50.672,-30.289],[-50.6553,-30.2617],[-50.6584,-30.2415],[-50.6783,-30.2282],[-50.6485,-30.1904],[-50.6256,-30.1834],[-50.6039,-30.1938],[-50.5834,-30.232],[-50.5455,-30.2512],[-50.5399,-30.2675],[-50.5373,-30.3204],[-50.5552,-30.3788],[-50.5728,-30.4094],[-50.565,-30.4501],[-50.5722,-30.4611],[-50.6075,-30.4851],[-50.6381,-30.4572],[-50.6547,-30.4194],[-50.6451,-30.3922],[-50.6899,-30.3532],[-50.7099,-30.3542],[-50.7257,-30.3631],[-50.7134,-30.4084],[-50.6895,-30.464],[-50.6794,-30.6417],[-50.6926,-30.7265],[-50.7311,-30.7924],[-50.7601,-30.8151],[-50.7797,-30.8238],[-50.8196,-30.8313],[-50.8954,-30.8858],[-50.9393,-30.8961],[-50.9737,-30.8886],[-50.9784,-30.8933],[-50.9564,-30.9228],[-50.9601,-30.967],[-50.9774,-31.009],[-50.9877,-31.0456],[-50.97,-31.0743],[-50.9399,-31.0764],[-50.9359,-31.0878],[-50.9647,-31.1013],[-50.9759,-31.131],[-50.9943,-31.1363],[-51.0058,-31.1242],[-51.0064,-31.0705],[-51.014,-31.0628],[-51.0478,-31.0641],[-51.078,-31.0779],[-51.0973,-31.081],[-51.1534,-31.0672],[-51.1619,-31.0777],[-51.1702,-31.1353],[-51.1761,-31.1493],[-51.1548,-31.2121],[-51.1586,-31.2864],[-51.1796,-31.359],[-51.2103,-31.4162],[-51.245,-31.464],[-51.3345,-31.5192],[-51.3778,-31.527],[-51.4135,-31.5178],[-51.4225,-31.4851],[-51.435,-31.4965],[-51.4591,-31.5393],[-51.4635,-31.5572],[-51.4476,-31.6127],[-51.4573,-31.6155],[-51.4841,-31.5829],[-51.4987,-31.5749],[-51.5126,-31.616],[-51.5454,-31.6397],[-51.5602,-31.6676],[-51.6662,-31.7697],[-51.7045,-31.7927],[-51.7437,-31.7949],[-51.786,-31.7921],[-51.8341,-31.8005],[-51.8137,-31.8284],[-51.8363,-31.8549],[-51.88,-31.8713],[-51.9228,-31.8687],[-52.0018,-31.8215],[-52.0485,-31.8083],[-52.0873,-31.8278],[-52.088,-31.8586],[-52.0259,-31.9197],[-52.0122,-31.9506],[-52.0247,-31.967],[-52.0566,-31.9884],[-52.0358,-32.0279],[-52.0389,-32.0519],[-52.0531,-32.0878],[-52.0769,-32.1238],[-52.0845,-32.1469],[-52.0774,-32.1672],[-52.0686,-32.1624],[-52.0326,-32.109],[-51.8893,-31.9538],[-51.8635,-31.9317],[-51.5633,-31.7774],[-51.324,-31.6039],[-51.1518,-31.4815],[-51.0346,-31.378],[-50.8837,-31.2199],[-50.8284,-31.1427],[-50.7214,-31.0445],[-50.5995,-30.8814],[-50.5876,-30.851],[-50.3157,-30.4615],[-50.2514,-30.3228],[-50.2069,-30.2011],[-50.0453,-29.8145],[-49.9974,-29.7646],[-49.9336,-29.6344],[-49.8603,-29.5286],[-49.8107,-29.4431],[-49.7135,-29.3245],[-49.7357,-29.3169],[-49.7425,-29.2949],[-49.7962,-29.2802],[-49.8135,-29.2715],[-49.8544,-29.2288],[-49.8706,-29.2179],[-49.9291,-29.1961],[-49.9545,-29.1938],[-49.9746,-29.2173],[-50.0025,-29.2196],[-50.0335,-29.2345],[-50.079,-29.2433],[-50.094,-29.2525],[-50.0882,-29.2661],[-50.0524,-29.2899],[-50.0324,-29.3202],[-50.0393,-29.3497],[-50.0523,-29.3554],[-50.0892,-29.3218],[-50.1412,-29.3083],[-50.1627,-29.2962],[-50.1679,-29.2837],[-50.1605,-29.2421],[-50.1651,-29.1961],[-50.1065,-29.1497],[-50.0926,-29.1338],[-50.0697,-29.0926],[-50.0402,-29.116],[-50.0278,-29.1034],[-50.0056,-29.1031],[-50.0008,-29.0599],[-49.9741,-29.0321],[-49.9468,-28.9514],[-49.9625,-28.8567],[-49.9541,-28.7947],[-49.9471,-28.7811],[-49.9275,-28.767],[-49.92,-28.7535],[-49.9249,-28.7293],[-49.9202,-28.7175],[-49.9065,-28.7178],[-49.8943,-28.7295],[-49.8784,-28.7094],[-49.8459,-28.6969],[-49.8275,-28.6776],[-49.796,-28.6239],[-49.7804,-28.6099],[-49.7632,-28.6059],[-49.73,-28.6171],[-49.7043,-28.6087],[-49.6997,-28.5953],[-49.7194,-28.562],[-49.7211,-28.5467],[-49.7072,-28.5313],[-49.7366,-28.5114],[-49.7571,-28.4704],[-49.7667,-28.4722],[-49.781,-28.4977],[-49.8166,-28.4957],[-49.8465,-28.484],[-49.8643,-28.4558],[-49.8833,-28.4509],[-49.9412,-28.4714],[-49.9636,-28.4516],[-50.0012,-28.4603],[-50.038,-28.4802],[-50.1106,-28.4704],[-50.1222,-28.4427],[-50.1438,-28.4554],[-50.1452,-28.4836],[-50.1618,-28.484],[-50.1989,-28.4569],[-50.217,-28.4499],[-50.318,-28.4385],[-50.3467,-28.4499],[-50.3589,-28.4329],[-50.3868,-28.4247],[-50.4463,-28.422],[-50.4839,-28.4021],[-50.5139,-28.4029],[-50.5392,-28.4158],[-50.5801,-28.3879],[-50.6211,-28.3742],[-50.6416,-28.3401],[-50.6757,-28.2985],[-50.6962,-28.2643],[-50.744,-28.237],[-50.7544,-28.2157],[-50.7743,-28.1561],[-50.7924,-28.134],[-50.8042,-28.1391],[-50.8299,-28.121],[-50.8544,-28.1341],[-50.8675,-28.1272],[-50.87,-28.0917],[-50.8925,-28.0826],[-50.8812,-28.0583],[-50.8862,-28.0252],[-50.9153,-27.9975],[-50.9453,-27.9617],[-50.9636,-27.95],[-50.9842,-27.9559],[-51.0124,-27.9347],[-51.0504,-27.8702],[-51.0736,-27.8392],[-51.0805,-27.8211],[-51.1031,-27.8161],[-51.1216,-27.802],[-51.1492,-27.7943],[-51.1737,-27.7723],[-51.1896,-27.7647],[-51.2171,-27.7717],[-51.2269,-27.7678],[-51.2616,-27.7333],[-51.292,-27.7163],[-51.2834,-27.691],[-51.3023,-27.6732],[-51.3346,-27.6691],[-51.3469,-27.6272],[-51.3615,-27.632],[-51.3883,-27.6548],[-51.4002,-27.6315],[-51.4159,-27.6184],[-51.4429,-27.6064],[-51.4563,-27.5706],[-51.4662,-27.5616],[-51.4947,-27.5586],[-51.5513,-27.5713],[-51.5664,-27.5586],[-51.563,-27.5238],[-51.5961,-27.5375],[-51.6129,-27.4901],[-51.6247,-27.4932],[-51.6376,-27.5105],[-51.6564,-27.5034],[-51.6638,-27.4791],[-51.6868,-27.4795],[-51.7073,-27.5071],[-51.7173,-27.5107],[-51.7414,-27.4897],[-51.7791,-27.4901],[-51.7871,-27.4997],[-51.7793,-27.5238],[-51.829,-27.521],[-51.8566,-27.5089],[-51.8471,-27.4919],[-51.8612,-27.476],[-51.869,-27.5088],[-51.8772,-27.5204],[-51.8923,-27.5139],[-51.9025,-27.4978],[-51.9077,-27.4655],[-51.9158,-27.4494],[-51.9338,-27.4639],[-51.9568,-27.4624],[-51.931,-27.4462],[-51.9527,-27.4245],[-52.012,-27.3941],[-51.9829,-27.3864],[-51.9506,-27.3873],[-51.9649,-27.3684],[-52.0089,-27.3592],[-52.0183,-27.3304],[-52.0977,-27.3321],[-52.1111,-27.3291],[-52.1076,-27.3016],[-52.1172,-27.2926],[-52.1595,-27.2954],[-52.1791,-27.2682],[-52.2008,-27.2849],[-52.2318,-27.3191],[-52.2476,-27.313],[-52.2605,-27.2964],[-52.269,-27.2713],[-52.2465,-27.2672],[-52.2511,-27.2486],[-52.2727,-27.2433],[-52.2977,-27.2453],[-52.3088,-27.2546],[-52.3,-27.2917],[-52.3146,-27.2964],[-52.3342,-27.2781],[-52.3613,-27.2792],[-52.3826,-27.288],[-52.3956,-27.2467],[-52.4059,-27.239],[-52.4161,-27.2467],[-52.4161,-27.2713],[-52.4271,-27.2615],[-52.4479,-27.2161],[-52.4713,-27.2288],[-52.4856,-27.2571],[-52.5297,-27.2501],[-52.543,-27.2365],[-52.609,-27.2552],[-52.6378,-27.257],[-52.6734,-27.2501],[-52.6992,-27.2739],[-52.7081,-27.2444],[-52.7291,-27.239],[-52.7382,-27.2501],[-52.7855,-27.2129],[-52.8102,-27.2092],[-52.8274,-27.1999],[-52.845,-27.1635],[-52.8686,-27.1614],[-52.9072,-27.1967],[-52.9266,-27.2024],[-52.9393,-27.1912],[-52.9448,-27.1635],[-52.9642,-27.1881],[-52.976,-27.2179],[-52.9847,-27.2235],[-53.001,-27.2148],[-53.0021,-27.1989],[-52.9843,-27.1675],[-52.9863,-27.152],[-52.9983,-27.1403],[-53.02,-27.146],[-53.0256,-27.1334],[-53.0176,-27.1136],[-53.0021,-27.0959],[-53.0175,-27.0832],[-53.0377,-27.0859],[-53.0536,-27.0993],[-53.0695,-27.1505],[-53.0883,-27.1614],[-53.1093,-27.1637],[-53.1246,-27.157],[-53.1492,-27.1334],[-53.1651,-27.1747],[-53.1765,-27.1819],[-53.2174,-27.1614],[-53.2431,-27.169],[-53.2896,-27.1976],[-53.3142,-27.1955],[-53.2888,-27.1491],[-53.2774,-27.1195],[-53.2832,-27.1061],[-53.3298,-27.0968],[-53.3689,-27.072],[-53.3878,-27.1044],[-53.402,-27.1204],[-53.4542,-27.1403],[-53.4745,-27.1159],[-53.4856,-27.1136],[-53.5003,-27.1269],[-53.4976,-27.1735],[-53.502,-27.1918],[-53.518,-27.1953],[-53.5656,-27.1778],[-53.588,-27.175],[-53.6065,-27.1842],[-53.6313,-27.2105],[-53.6534,-27.216],[-53.6617,-27.1659],[-53.6774,-27.1539],[-53.7269,-27.1795],[-53.7591,-27.1798],[-53.7698,-27.1577],[-53.786,-27.1484],[-53.8309,-27.1664],[-53.842,-27.1635]]]},"properties":{"name":"Rio Grande do Sul","name_en":"Rio Grande do Sul","name_ja":"リオグランデ・ド・スル州","name_zh":"南里奥格兰德州","name_ko":"히우그란지두술","adm0_a3":"BRA","postal":"RS","iso_3166_2":"BR-RS","type_en":"State","geonunit":"Brazil"}},
{"type":"Feature","geometry":{"type":"Polygon","coordinates":[[[-58.972,1.3123],[-59.0111,1.3276],[-59.178,1.3571],[-59.2421,1.3778],[-59.2599,1.3874],[-59.2724,1.4042],[-59.2938,1.4521],[-59.3203,1.4735],[-59.3269,1.5095],[-59.3386,1.5246],[-59.368,1.5204],[-59.3802,1.5233],[-59.3946,1.5494],[-59.4168,1.5553],[-59.4455,1.601],[-59.486,1.6361],[-59.5028,1.6577],[-59.5307,1.7031],[-59.5515,1.7205],[-59.5727,1.7272],[-59.6079,1.72],[-59.6397,1.7218],[-59.659,1.7341],[-59.6808,1.7574],[-59.6825,1.7656],[-59.6665,1.7871],[-59.6455,1.8277],[-59.6465,1.84],[-59.668,1.8427],[-59.7056,1.8574],[-59.7497,1.8513],[-59.7636,1.8826],[-59.7645,1.9205],[-59.7484,1.9513],[-59.7428,1.971],[-59.7453,1.9972],[-59.7378,2.0222],[-59.7404,2.0414],[-59.7515,2.0623],[-59.7498,2.086],[-59.7386,2.1036],[-59.7359,2.1237],[-59.745,2.1535],[-59.7458,2.1908],[-59.7402,2.2295],[-59.7417,2.2638],[-59.7632,2.288],[-59.8012,2.2927],[-59.8442,2.3254],[-59.8841,2.346],[-59.9031,2.3596],[-59.9134,2.3787],[-59.9015,2.4045],[-59.9068,2.4588],[-59.9358,2.5239],[-59.9407,2.563],[-59.9531,2.5839],[-59.971,2.5926],[-59.965,2.6134],[-59.9965,2.6748],[-60.0001,2.694],[-59.9937,2.8573],[-59.973,2.9393],[-59.9704,2.9604],[-59.974,3.0176],[-59.9594,3.0665],[-59.9327,3.11],[-59.9149,3.12],[-59.9184,3.1528],[-59.9057,3.1548],[-59.9169,3.1812],[-59.9167,3.1942],[-59.8976,3.2174],[-59.8796,3.2726],[-59.8537,3.3154],[-59.8432,3.349],[-59.8268,3.3519],[-59.821,3.3635],[-59.8285,3.3834],[-59.824,3.4317],[-59.8414,3.4254],[-59.8385,3.443],[-59.8214,3.4844],[-59.8295,3.5098],[-59.863,3.5524],[-59.8629,3.5817],[-59.8377,3.6093],[-59.7555,3.6381],[-59.7176,3.6732],[-59.6951,3.6831],[-59.6801,3.7017],[-59.6802,3.7311],[-59.6718,3.7562],[-59.6591,3.7689],[-59.6183,3.7872],[-59.5986,3.8024],[-59.5954,3.8165],[-59.6025,3.8557],[-59.5963,3.8759],[-59.5818,3.8992],[-59.5632,3.9182],[-59.5292,3.9319],[-59.5296,3.9495],[-59.5487,3.9619],[-59.5963,3.9706],[-59.5954,3.9964],[-59.6198,4.0327],[-59.6537,4.0642],[-59.6633,4.0797],[-59.6601,4.1032],[-59.6462,4.134],[-59.6674,4.1506],[-59.7103,4.1645],[-59.7267,4.1765],[-59.7385,4.2028],[-59.738,4.24],[-59.7266,4.2577],[-59.7266,4.2707],[-59.7385,4.2866],[-59.7278,4.3053],[-59.6936,4.3407],[-59.6867,4.3812],[-59.7135,4.3894],[-59.738,4.4156],[-59.7963,4.4482],[-59.8096,4.4657],[-59.8262,4.4546],[-59.8676,4.462],[-59.8688,4.4809],[-59.8858,4.4847],[-59.9146,4.4744],[-59.9433,4.5039],[-59.9746,4.5037],[-59.9846,4.4888],[-60.0207,4.4989],[-60.0556,4.4916],[-60.0663,4.4943],[-60.0715,4.5125],[-60.0986,4.526],[-60.112,4.5022],[-60.1488,4.513],[-60.16,4.5278],[-60.1648,4.5462],[-60.1615,4.5652],[-60.1348,4.5935],[-60.1061,4.5954],[-60.0877,4.6075],[-60.0756,4.6503],[-60.0471,4.6918],[-60.0325,4.7254],[-60.0301,4.7444],[-60.0345,4.7878],[-60.0205,4.8323],[-60.018,4.8922],[-60.0002,4.9583],[-59.9993,4.9969],[-59.9815,5.0574],[-59.9831,5.0859],[-60.0551,5.1251],[-60.0912,5.1582],[-60.123,5.2319],[-60.1317,5.2434],[-60.1766,5.2272],[-60.1909,5.2399],[-60.2003,5.2635],[-60.2134,5.2672],[-60.2552,5.2565],[-60.2737,5.2474],[-60.3141,5.2069],[-60.3331,5.1938],[-60.355,5.1932],[-60.3989,5.2083],[-60.4198,5.2072],[-60.4391,5.1814],[-60.4564,5.1747],[-60.4775,5.1919],[-60.4974,5.1959],[-60.5538,5.1881],[-60.5683,5.1897],[-60.6018,5.2066],[-60.673,5.213],[-60.6952,5.2119],[-60.7399,5.2021],[-60.711,5.1982],[-60.6849,5.1883],[-60.6643,5.1703],[-60.5987,4.9969],[-60.5919,4.9497],[-60.6126,4.9006],[-60.6801,4.818],[-60.7181,4.7843],[-60.7637,4.7551],[-60.86,4.7124],[-60.888,4.7111],[-60.9034,4.6996],[-60.9311,4.6374],[-60.9478,4.5736],[-60.9773,4.535],[-61.012,4.5183],[-61.0955,4.5077],[-61.1512,4.4921],[-61.1859,4.4941],[-61.2381,4.5159],[-61.2973,4.5237],[-61.3156,4.5208],[-61.3229,4.5088],[-61.2958,4.469],[-61.293,4.4481],[-61.3082,4.4333],[-61.3332,4.4239],[-61.3811,4.4177],[-61.4386,4.4212],[-61.4582,4.4191],[-61.5019,4.4019],[-61.5164,4.3748],[-61.5224,4.2978],[-61.5421,4.263],[-61.5673,4.2485],[-61.5991,4.2544],[-61.6405,4.2419],[-61.6805,4.2525],[-61.7189,4.2547],[-61.7564,4.2464],[-61.7792,4.2327],[-61.831,4.1769],[-61.8669,4.157],[-61.9082,4.1462],[-61.9315,4.1464],[-61.9902,4.1664],[-62.035,4.1599],[-62.1111,4.1048],[-62.1536,4.0903],[-62.1927,4.0947],[-62.3842,4.1735],[-62.4281,4.1832],[-62.463,4.1747],[-62.4699,4.1516],[-62.4837,4.1392],[-62.537,4.1254],[-62.5464,4.1139],[-62.5488,4.0775],[-62.561,4.0378],[-62.5887,4.0307],[-62.6707,4.0437],[-62.7275,4.0385],[-62.7662,4.0207],[-62.7707,4.0054],[-62.7663,3.9647],[-62.7888,3.8994],[-62.7851,3.8723],[-62.7702,3.8478],[-62.7668,3.822],[-62.7496,3.7836],[-62.7404,3.7419],[-62.7399,3.7004],[-62.7496,3.6604],[-62.771,3.6233],[-62.7964,3.5973],[-62.8223,3.5988],[-62.872,3.5655],[-62.8894,3.5608],[-62.931,3.5638],[-62.9751,3.5831],[-62.9971,3.5991],[-63.025,3.6378],[-63.1308,3.7621],[-63.1932,3.8067],[-63.2512,3.8866],[-63.286,3.9208],[-63.3517,3.9587],[-63.3914,3.9716],[-63.4254,3.9684],[-63.4482,3.9394],[-63.4554,3.9006],[-63.4689,3.8672],[-63.5107,3.8545],[-63.5542,3.8754],[-63.6228,3.9352],[-63.6716,3.9462],[-63.6908,3.944],[-63.7459,3.9303],[-63.771,3.9288],[-63.7906,3.933],[-63.8311,3.9495],[-63.8751,3.9498],[-63.9168,3.9294],[-63.9569,3.9019],[-63.9964,3.8808],[-64.0377,3.8825],[-64.0638,3.9116],[-64.079,3.9531],[-64.0958,4.0244],[-64.1081,4.0581],[-64.1251,4.0885],[-64.1467,4.1106],[-64.1727,4.1234],[-64.2406,4.142],[-64.365,4.1519],[-64.5897,4.1189],[-64.6082,4.1265],[-64.6211,4.1469],[-64.6369,4.1911],[-64.661,4.2275],[-64.6999,4.2642],[-64.7459,4.2876],[-64.7916,4.2844],[-64.8051,4.2719],[-64.8129,4.2528],[-64.813,4.2106],[-64.8013,4.1885],[-64.7419,4.1572],[-64.7271,4.1408],[-64.7074,4.083],[-64.6629,3.997],[-64.6429,3.973],[-64.5961,3.9359],[-64.575,3.9142],[-64.5314,3.8535],[-64.4345,3.7785],[-64.3945,3.7561],[-64.3474,3.7383],[-64.3242,3.7241],[-64.2656,3.6522],[-64.2221,3.6162],[-64.203,3.5947],[-64.1957,3.5701],[-64.1979,3.5151],[-64.2051,3.4971],[-64.2421,3.443],[-64.2456,3.4189],[-64.2199,3.2929],[-64.2163,3.2514],[-64.2254,3.1656],[-64.2229,3.124],[-64.2053,3.0892],[-64.1735,3.0519],[-64.1375,2.9873],[-64.106,2.9472],[-64.0291,2.798],[-64.0122,2.744],[-64.0009,2.7254],[-63.9979,2.706],[-64.0044,2.6795],[-64.0077,2.6228],[-64.0122,2.6038],[-64.0505,2.5347],[-64.0578,2.5104],[-64.0566,2.4885],[-64.048,2.4713],[-64.0325,2.463],[-64.0108,2.4682],[-63.9518,2.4615],[-63.8313,2.4286],[-63.767,2.4293],[-63.7041,2.4376],[-63.5738,2.4344],[-63.5107,2.4247],[-63.3848,2.4206],[-63.3649,2.4131],[-63.3611,2.4],[-63.3728,2.3491],[-63.3705,2.2812],[-63.3865,2.2359],[-63.3335,2.1816],[-63.3046,2.1641],[-63.2889,2.1592],[-63.253,2.1567],[-63.1997,2.1742],[-63.1718,2.1795],[-63.1481,2.1775],[-63.1302,2.161],[-63.1311,2.1397],[-63.1225,2.1143],[-63.0707,2.0591],[-63.0491,2.0416],[-63.0039,2.0208],[-62.9749,2.0194],[-62.9545,2.0249],[-62.929,2.025],[-62.8961,2.0182],[-62.8484,2.0191],[-62.8217,2.0073],[-62.7628,1.9727],[-62.7299,1.9618],[-62.7071,1.9472],[-62.6911,1.9124],[-62.6965,1.8899],[-62.7215,1.8556],[-62.7326,1.8334],[-62.7321,1.8117],[-62.7198,1.7698],[-62.7133,1.7366],[-62.7205,1.7182],[-62.7471,1.7018],[-62.7618,1.6582],[-62.7843,1.6296],[-62.7868,1.6033],[-62.7535,1.5531],[-62.7204,1.4962],[-62.6964,1.4725],[-62.6625,1.4519],[-62.6229,1.4159],[-62.6153,1.4002],[-62.615,1.3616],[-62.5575,1.1861],[-62.5557,1.1542],[-62.5486,1.1329],[-62.5212,1.0814],[-62.5147,1.0585],[-62.5097,0.9619],[-62.5023,0.9403],[-62.4577,0.8525],[-62.4482,0.8249],[-62.4463,0.8046],[-62.484,0.7656],[-62.5362,0.7324],[-62.5447,0.7119],[-62.5383,0.6769],[-62.4862,0.5404],[-62.4812,0.5198],[-62.4873,0.4873],[-62.5042,0.4526],[-62.5305,0.4286],[-62.5384,0.3983],[-62.528,0.3457],[-62.5335,0.3123],[-62.5598,0.2694],[-62.568,0.2469],[-62.5667,0.1756],[-62.5546,0.1507],[-62.5319,0.1201],[-62.526,0.0954],[-62.5445,0.043],[-62.5589,0.0257],[-62.5781,0.0168],[-62.5856,-0.0111],[-62.5693,-0.0483],[-62.5465,-0.0702],[-62.5186,-0.1075],[-62.5108,-0.1236],[-62.495,-0.1897],[-62.4778,-0.2228],[-62.4573,-0.2387],[-62.4256,-0.2517],[-62.406,-0.2693],[-62.3824,-0.3099],[-62.3721,-0.3416],[-62.3689,-0.3918],[-62.3753,-0.4405],[-62.3706,-0.4679],[-62.3571,-0.4828],[-62.33,-0.5011],[-62.3187,-0.5203],[-62.304,-0.6095],[-62.3116,-0.6409],[-62.3315,-0.6659],[-62.363,-0.6899],[-62.3777,-0.7158],[-62.4084,-0.7188],[-62.4348,-0.7045],[-62.4775,-0.6937],[-62.4957,-0.6949],[-62.5023,-0.7062],[-62.5068,-0.7413],[-62.5057,-0.7729],[-62.499,-0.7903],[-62.486,-0.7993],[-62.4357,-0.8164],[-62.4196,-0.8273],[-62.3849,-0.875],[-62.3165,-0.9431],[-62.2999,-0.9543],[-62.257,-0.9714],[-62.2427,-0.9821],[-62.205,-1.0447],[-62.1895,-1.056],[-62.1592,-1.0597],[-62.1407,-1.0671],[-62.08,-1.1145],[-62.0276,-1.1443],[-62.008,-1.1718],[-61.992,-1.2038],[-61.9747,-1.2227],[-61.9561,-1.2293],[-61.9374,-1.2449],[-61.8794,-1.3693],[-61.8646,-1.3833],[-61.8409,-1.3879],[-61.8244,-1.3849],[-61.7825,-1.3649],[-61.7608,-1.359],[-61.744,-1.3676],[-61.713,-1.397],[-61.6818,-1.3981],[-61.6407,-1.4044],[-61.6016,-1.4183],[-61.6016,-1.3995],[-61.6215,-1.296],[-61.6202,-1.2744],[-61.5939,-1.2059],[-61.5761,-1.1426],[-61.578,-1.0949],[-61.5753,-1.0716],[-61.5612,-1.0451],[-61.561,-1.0223],[-61.5802,-0.9448],[-61.5826,-0.921],[-61.5762,-0.8875],[-61.5516,-0.8306],[-61.5447,-0.77],[-61.5322,-0.7285],[-61.4963,-0.6932],[-61.4732,-0.6513],[-61.4587,-0.6384],[-61.3872,-0.6001],[-61.3414,-0.5894],[-61.2619,-0.5594],[-61.2456,-0.5487],[-61.2302,-0.5229],[-61.2236,-0.5007],[-61.2034,-0.493],[-61.173,-0.4952],[-61.1406,-0.488],[-61.1072,-0.4928],[-61.0944,-0.4997],[-61.0605,-0.5286],[-61.0086,-0.5423],[-60.9566,-0.5449],[-60.9312,-0.5549],[-60.9172,-0.5895],[-60.9031,-0.6113],[-60.8653,-0.6378],[-60.8424,-0.6641],[-60.8148,-0.6862],[-60.7797,-0.7486],[-60.7749,-0.7703],[-60.7604,-0.7924],[-60.7618,-0.8251],[-60.7559,-0.8382],[-60.7367,-0.8495],[-60.6742,-0.854],[-60.6402,-0.8588],[-60.6227,-0.8513],[-60.6003,-0.8339],[-60.5624,-0.8306],[-60.5358,-0.8346],[-60.5151,-0.8289],[-60.5051,-0.8115],[-60.502,-0.79],[-60.4824,-0.7542],[-60.4688,-0.7408],[-60.4033,-0.7234],[-60.375,-0.7103],[-60.3398,-0.7041],[-60.314,-0.6883],[-60.3057,-0.6709],[-60.3082,-0.6391],[-60.3172,-0.6207],[-60.3757,-0.5564],[-60.3927,-0.5191],[-60.3941,-0.5031],[-60.3859,-0.4637],[-60.368,-0.4263],[-60.3547,-0.3848],[-60.3334,-0.3357],[-60.3171,-0.3059],[-60.312,-0.2853],[-60.3107,-0.2353],[-60.3038,-0.2159],[-60.2874,-0.1983],[-60.254,-0.1489],[-60.2463,-0.1287],[-60.2415,-0.0971],[-60.2183,-0.044],[-60.1698,0.0064],[-60.1387,0.0669],[-60.1343,0.0893],[-60.1363,0.1103],[-60.1268,0.1299],[-60.068,0.1659],[-60.0556,0.1853],[-60.0483,0.212],[-60.0245,0.2237],[-59.7699,0.2301],[-58.8705,0.2254],[-58.972,1.3123]]]},"properties":{"name":"Roraima","name_en":"Roraima","name_ja":"ロライマ州","name_zh":"罗赖马州","name_ko":"호라이마","adm0_a3":"BRA","postal":"RR","iso_3166_2":"BR-RR","type_en":"State","geonunit":"Brazil"}},
{"type":"Feature","geometry":{"type":"MultiPolygon","coordinates":[[[[-54.7755,2.4573],[-54.7925,2.4482],[-54.8419,2.4335],[-54.8803,2.4473],[-54.9786,2.5431],[-54.9796,2.5661],[-54.9537,2.5991],[-54.9591,2.609],[-54.9769,2.6069],[-55.0177,2.5906],[-55.0377,2.5779],[-55.0763,2.5452],[-55.1125,2.5278],[-55.1289,2.5257],[-55.1366,2.5338],[-55.1378,2.5622],[-55.172,2.5593],[-55.2519,2.4979],[-55.2753,2.4993],[-55.287,2.5139],[-55.3028,2.5197],[-55.3378,2.5113],[-55.3545,2.4949],[-55.3628,2.4579],[-55.3711,2.4425],[-55.3996,2.4302],[-55.4356,2.4309],[-55.4743,2.4358],[-55.5113,2.4364],[-55.5682,2.4313],[-55.6083,2.434],[-55.6454,2.4166],[-55.7243,2.3969],[-55.7546,2.4094],[-55.7661,2.4313],[-55.7831,2.4452],[-55.8538,2.4626],[-55.8707,2.4709],[-55.925,2.5157],[-55.9472,2.5282],[-55.971,2.5303],[-55.9892,2.5208],[-55.9969,2.5033],[-56.0075,2.4607],[-56.0082,2.4163],[-56.0133,2.3988],[-56.0426,2.3551],[-56.0622,2.3416],[-56.0915,2.3519],[-56.1038,2.3491],[-56.1168,2.3331],[-56.1439,2.2747],[-56.1468,2.2562],[-56.1353,2.2485],[-56.0915,2.2459],[-56.0729,2.2415],[-56.054,2.2241],[-56.0448,2.1847],[-56.0313,2.1635],[-55.9958,2.1374],[-55.96,2.091],[-55.9258,2.0617],[-55.9151,2.0377],[-55.9236,2.0066],[-55.9223,1.9622],[-55.9168,1.9222],[-55.922,1.8862],[-55.9538,1.8533],[-56.0197,1.8335],[-56.0826,1.8466],[-56.1453,1.8718],[-56.2098,1.8885],[-56.2579,1.8856],[-56.2927,1.8955],[-56.3286,1.9185],[-56.3672,1.9289],[-56.4152,1.9197],[-56.4818,1.9416],[-56.5285,1.924],[-56.5589,1.9067],[-56.5749,1.9055],[-56.6202,1.9346],[-56.6396,1.9369],[-56.684,1.9121],[-56.7242,1.9161],[-56.7376,1.913],[-56.7806,1.8791],[-56.8065,1.8736],[-56.8776,1.8856],[-56.8907,1.8902],[-56.9219,1.9181],[-56.9769,1.9146],[-57.0112,1.9186],[-57.0375,1.9324],[-57.056,1.9481],[-57.0678,1.9687],[-57.0741,1.9972],[-57.1045,2.0215],[-57.1529,2.0022],[-57.2384,1.9485],[-57.2586,1.9522],[-57.2948,1.9748],[-57.3194,1.9771],[-57.3415,1.9688],[-57.3845,1.9252],[-57.4195,1.9092],[-57.4295,1.9003],[-57.4543,1.8338],[-57.4648,1.8157],[-57.5313,1.7315],[-57.5612,1.709],[-57.6079,1.6971],[-57.6386,1.6962],[-57.7231,1.7117],[-57.7588,1.7135],[-57.7908,1.7049],[-57.8715,1.6693],[-57.9054,1.6486],[-57.939,1.6433],[-57.985,1.6577],[-57.991,1.6504],[-57.9839,1.6041],[-57.9936,1.5685],[-58.0112,1.5362],[-58.0272,1.5169],[-58.0691,1.509],[-58.1164,1.5106],[-58.1486,1.5191],[-58.1629,1.5492],[-58.1873,1.5676],[-58.2197,1.5561],[-58.2605,1.5603],[-58.2992,1.5752],[-58.3162,1.5989],[-58.3319,1.5934],[-58.3514,1.5533],[-58.3831,1.5372],[-58.3917,1.5208],[-58.3864,1.4902],[-58.4135,1.472],[-58.4989,1.4574],[-58.5137,1.4389],[-58.4881,1.3789],[-58.4817,1.3581],[-58.4811,1.3339],[-58.4876,1.3165],[-58.5189,1.2673],[-58.5431,1.2744],[-58.557,1.2869],[-58.5805,1.2727],[-58.6826,1.2825],[-58.7092,1.2723],[-58.7369,1.2323],[-58.7719,1.2013],[-58.796,1.1918],[-58.834,1.1858],[-58.8721,1.1972],[-58.8979,1.2178],[-58.9117,1.2602],[-58.9275,1.2842],[-58.946,1.299],[-58.972,1.3123],[-58.8705,0.2254],[-58.8493,-0.0828],[-58.8634,-0.1737],[-58.864,-0.2873],[-58.8609,-0.3218],[-58.8537,-0.352],[-58.8431,-0.3717],[-58.8148,-0.394],[-58.7633,-0.415],[-58.7405,-0.4306],[-58.7296,-0.46],[-58.7433,-0.5043],[-58.7429,-0.5474],[-58.7504,-0.5942],[-58.7498,-0.6218],[-58.7384,-0.6525],[-58.7028,-0.6944],[-58.6276,-0.7651],[-58.6047,-0.7726],[-58.5708,-0.7645],[-58.5474,-0.7744],[-58.5005,-0.8179],[-58.4614,-0.8347],[-58.441,-0.8619],[-58.4267,-0.9192],[-58.4127,-0.9657],[-58.4101,-1.0127],[-58.3895,-1.049],[-58.3174,-1.1176],[-58.2977,-1.1289],[-58.2545,-1.1303],[-58.2343,-1.1461],[-58.1981,-1.2038],[-58.1841,-1.22],[-58.1607,-1.2362],[-58.1308,-1.2366],[-58.1217,-1.2436],[-58.104,-1.2766],[-58.0817,-1.2984],[-58.0054,-1.3388],[-57.9805,-1.3482],[-57.953,-1.3724],[-57.9301,-1.4001],[-57.9015,-1.4233],[-57.8273,-1.4434],[-57.7943,-1.4692],[-57.7656,-1.5041],[-57.7349,-1.5305],[-57.7056,-1.5355],[-57.6963,-1.5427],[-57.6778,-1.5736],[-57.6559,-1.59],[-57.5634,-1.6226],[-57.5115,-1.6541],[-57.4856,-1.6667],[-57.4478,-1.6906],[-57.4055,-1.7088],[-57.3751,-1.7139],[-57.3375,-1.7292],[-57.3142,-1.7282],[-57.2729,-1.7148],[-57.2504,-1.7237],[-57.2496,-1.7591],[-57.232,-1.7682],[-57.1965,-1.7638],[-57.167,-1.7702],[-57.1353,-1.7921],[-57.0879,-1.8118],[-57.0717,-1.8544],[-57.0514,-1.8855],[-57.0052,-1.9349],[-56.975,-1.9536],[-56.9169,-1.9769],[-56.853,-2.0229],[-56.8241,-2.0349],[-56.8005,-2.0364],[-56.7661,-2.0315],[-56.7535,-2.0361],[-56.7426,-2.054],[-56.745,-2.0758],[-56.7599,-2.1282],[-56.7613,-2.1527],[-56.749,-2.1755],[-56.6848,-2.2079],[-56.6352,-2.2224],[-56.6224,-2.2174],[-56.5778,-2.1853],[-56.5216,-2.1648],[-56.4986,-2.1617],[-56.4842,-2.1727],[-56.4797,-2.2014],[-56.4861,-2.2289],[-56.4851,-2.2486],[-56.4677,-2.2601],[-56.3969,-2.2722],[-56.3697,-2.2527],[-56.3119,-2.2358],[-56.3223,-2.2493],[-56.3793,-2.2822],[-56.4004,-2.3093],[-56.3802,-2.3392],[-56.3813,-2.3607],[-56.3897,-2.3906],[-56.7567,-3.1861],[-58.2944,-6.4969],[-58.3332,-6.5596],[-58.3427,-6.5713],[-58.42,-6.634],[-58.4513,-6.6727],[-58.4664,-6.7016],[-58.4724,-6.7432],[-58.4666,-6.7833],[-58.4321,-6.8883],[-58.421,-6.9133],[-58.3918,-6.9559],[-58.339,-6.9938],[-58.3182,-7.0116],[-58.2631,-7.0701],[-58.217,-7.11],[-58.1853,-7.1666],[-58.174,-7.2205],[-58.1776,-7.2606],[-58.1705,-7.2997],[-58.1547,-7.3223],[-58.1355,-7.3391],[-58.059,-7.411],[-57.9798,-7.5302],[-57.9593,-7.5742],[-57.947,-7.6193],[-57.9311,-7.6448],[-57.9114,-7.6639],[-57.8937,-7.6926],[-57.8803,-7.7696],[-57.8625,-7.818],[-57.8387,-7.8665],[-57.8315,-7.9119],[-57.8185,-7.9538],[-57.8018,-7.9838],[-57.7963,-8.0156],[-57.7812,-8.0464],[-57.7346,-8.0943],[-57.7209,-8.1163],[-57.7101,-8.1455],[-57.6993,-8.1585],[-57.6541,-8.1991],[-57.6403,-8.2294],[-57.6535,-8.26],[-57.6555,-8.2893],[-57.6692,-8.3281],[-57.668,-8.393],[-57.6806,-8.4358],[-57.6758,-8.4557],[-57.6511,-8.4985],[-57.6527,-8.5174],[-57.6421,-8.5589],[-57.646,-8.5911],[-57.6392,-8.613],[-57.6085,-8.6531],[-57.6008,-8.6743],[-57.5948,-8.709],[-57.596,-8.7327],[-57.5796,-8.7563],[-57.512,-8.7758],[-57.4819,-8.7927],[-57.4261,-8.8412],[-57.3844,-8.8666],[-57.3686,-8.8831],[-57.3585,-8.9133],[-57.2978,-8.9575],[-57.2253,-8.9869],[-57.1995,-9.0009],[-57.1765,-9.0191],[-57.1031,-9.0513],[-57.0813,-9.0776],[-57.0732,-9.1227],[-57.0746,-9.1877],[-57.0694,-9.2077],[-57.0455,-9.2304],[-57.0007,-9.2456],[-56.9668,-9.239],[-56.9253,-9.2445],[-56.8548,-9.2637],[-56.8371,-9.2731],[-56.8201,-9.2925],[-56.8097,-9.3135],[-56.8076,-9.3457],[-56.7976,-9.3752],[-56.783,-9.3932],[-56.7701,-9.3979],[-56.7344,-9.3923],[-56.7001,-9.3768],[-56.6782,-9.3773],[-56.6441,-9.3965],[-56.5949,-9.4084],[-56.5809,-9.4152],[-56.5495,-9.4416],[-56.4895,-9.4694],[-56.4675,-9.4754],[-56.4616,-9.4669],[-55.0927,-9.5651],[-51.2977,-9.7894],[-51.1702,-9.7959],[-50.2357,-9.844],[-50.2198,-9.8196],[-50.2027,-9.7827],[-50.1891,-9.7411],[-50.1651,-9.7236],[-50.1502,-9.7004],[-50.1429,-9.6584],[-50.1335,-9.631],[-50.1116,-9.587],[-50.1071,-9.567],[-50.0997,-9.4817],[-50.0771,-9.4039],[-50.0677,-9.386],[-50.0643,-9.3515],[-50.0537,-9.3191],[-50.0314,-9.2893],[-50.0019,-9.2606],[-49.9919,-9.2328],[-49.9789,-9.2168],[-49.9495,-9.193],[-49.9272,-9.1702],[-49.867,-9.0838],[-49.8325,-9.0477],[-49.8182,-9.0282],[-49.8079,-8.9954],[-49.7888,-8.9773],[-49.7713,-8.9404],[-49.7551,-8.923],[-49.6991,-8.8812],[-49.6817,-8.8716],[-49.6205,-8.8579],[-49.5813,-8.8307],[-49.5655,-8.8112],[-49.5536,-8.7752],[-49.5034,-8.7089],[-49.4966,-8.6848],[-49.5038,-8.6723],[-49.4772,-8.6181],[-49.4663,-8.6108],[-49.4281,-8.5488],[-49.3986,-8.4685],[-49.3808,-8.4368],[-49.353,-8.4128],[-49.3105,-8.3822],[-49.3023,-8.3465],[-49.2295,-8.1248],[-49.2227,-8.0833],[-49.1986,-8.0586],[-49.1954,-8.0454],[-49.194,-7.9798],[-49.1744,-7.9199],[-49.1681,-7.8744],[-49.1704,-7.8381],[-49.1634,-7.8036],[-49.1815,-7.7866],[-49.2239,-7.7738],[-49.3096,-7.7136],[-49.3484,-7.6793],[-49.376,-7.6412],[-49.3906,-7.5976],[-49.3902,-7.5471],[-49.3749,-7.5001],[-49.2183,-7.3093],[-49.1892,-7.2472],[-49.185,-7.2253],[-49.1892,-7.0827],[-49.2211,-6.9642],[-49.2164,-6.9251],[-49.1985,-6.9026],[-49.0481,-6.8093],[-49.0105,-6.7807],[-48.8932,-6.7437],[-48.8678,-6.7387],[-48.8465,-6.7401],[-48.8182,-6.7191],[-48.6834,-6.6627],[-48.6682,-6.6493],[-48.6579,-6.6308],[-48.6541,-6.6063],[-48.6557,-6.5623],[-48.6678,-6.5415],[-48.6492,-6.5021],[-48.6176,-6.4618],[-48.6063,-6.435],[-48.5784,-6.418],[-48.5278,-6.3704],[-48.5008,-6.3511],[-48.4623,-6.3422],[-48.3899,-6.3624],[-48.3798,-6.3596],[-48.3775,-6.3275],[-48.4077,-6.299],[-48.4139,-6.2876],[-48.4237,-6.2446],[-48.4288,-6.1713],[-48.4139,-6.1442],[-48.3242,-6.1203],[-48.2842,-6.0976],[-48.2842,-6.0548],[-48.3017,-6.0364],[-48.3333,-6.0236],[-48.3388,-5.9965],[-48.3334,-5.9762],[-48.3022,-5.9556],[-48.2414,-5.9449],[-48.2278,-5.9349],[-48.2227,-5.9143],[-48.2318,-5.8919],[-48.2754,-5.8488],[-48.291,-5.8283],[-48.2968,-5.807],[-48.2972,-5.7495],[-48.2886,-5.7272],[-48.2685,-5.7189],[-48.2296,-5.7184],[-48.2027,-5.7117],[-48.1863,-5.701],[-48.1573,-5.6679],[-48.1424,-5.6461],[-48.1411,-5.627],[-48.1607,-5.5955],[-48.1967,-5.5652],[-48.2092,-5.5385],[-48.2705,-5.5341],[-48.2972,-5.5171],[-48.3192,-5.4882],[-48.3667,-5.4027],[-48.3769,-5.3935],[-48.3971,-5.3901],[-48.5301,-5.4027],[-48.5556,-5.4129],[-48.5888,-5.401],[-48.6342,-5.3891],[-48.6869,-5.3579],[-48.723,-5.3553],[-48.7432,-5.3525],[-48.7326,-5.3386],[-48.2535,-4.9527],[-47.8007,-4.5958],[-47.7861,-4.6011],[-47.7341,-4.5912],[-47.7056,-4.6104],[-47.6544,-4.6056],[-47.5814,-4.5471],[-47.5571,-4.5158],[-47.5448,-4.4914],[-47.5287,-4.4749],[-47.5141,-4.449],[-47.4902,-4.4235],[-47.4645,-4.3727],[-47.4563,-4.3385],[-47.4294,-4.3069],[-47.3814,-4.2749],[-47.3651,-4.2538],[-47.3656,-4.2251],[-47.3403,-4.1828],[-47.3337,-4.1646],[-47.3451,-4.1425],[-47.3314,-4.1425],[-47.3297,-4.1047],[-47.3109,-4.0668],[-47.2905,-4.081],[-47.2822,-4.0539],[-47.2632,-4.0531],[-47.2011,-3.9991],[-47.1812,-3.968],[-47.142,-3.9291],[-47.0987,-3.9029],[-47.0786,-3.8766],[-47.0658,-3.8417],[-47.0552,-3.7519],[-47.044,-3.7043],[-47.0502,-3.6733],[-47.0366,-3.646],[-47.0373,-3.6225],[-47.0231,-3.5988],[-47.0297,-3.5688],[-47.0229,-3.5597],[-46.9956,-3.5535],[-46.9972,-3.5415],[-46.9683,-3.5255],[-46.9673,-3.4946],[-46.9572,-3.482],[-46.941,-3.4442],[-46.9476,-3.4269],[-46.9446,-3.3982],[-46.9121,-3.3701],[-46.8966,-3.3517],[-46.8619,-3.331],[-46.8243,-3.3275],[-46.818,-3.3191],[-46.8107,-3.2859],[-46.7765,-3.2593],[-46.777,-3.2408],[-46.7561,-3.2245],[-46.7699,-3.216],[-46.7629,-3.1972],[-46.7427,-3.1931],[-46.7239,-3.1759],[-46.7178,-3.1592],[-46.7356,-3.1494],[-46.7121,-3.137],[-46.7008,-3.1494],[-46.6937,-3.1329],[-46.6667,-3.0942],[-46.6558,-3.0241],[-46.6389,-3.0052],[-46.6369,-2.9873],[-46.6502,-2.913],[-46.646,-2.8923],[-46.6189,-2.903],[-46.6227,-2.8805],[-46.6086,-2.8655],[-46.5763,-2.8493],[-46.5743,-2.8429],[-46.5984,-2.8341],[-46.6045,-2.8004],[-46.6189,-2.8068],[-46.6667,-2.7385],[-46.6594,-2.7159],[-46.6211,-2.681],[-46.6121,-2.656],[-46.6019,-2.6647],[-46.5643,-2.6423],[-46.5438,-2.6423],[-46.5241,-2.6314],[-46.509,-2.615],[-46.4931,-2.5792],[-46.496,-2.5691],[-46.4851,-2.5461],[-46.4407,-2.5393],[-46.4269,-2.5105],[-46.4271,-2.4738],[-46.4338,-2.4326],[-46.4337,-2.4112],[-46.4084,-2.3853],[-46.4089,-2.3623],[-46.4339,-2.3748],[-46.4516,-2.3779],[-46.4476,-2.3611],[-46.4152,-2.3264],[-46.4192,-2.311],[-46.4094,-2.2656],[-46.4271,-2.2519],[-46.4113,-2.2388],[-46.3759,-2.2519],[-46.3672,-2.2483],[-46.325,-2.2063],[-46.3,-2.1772],[-46.2803,-2.1407],[-46.258,-2.0559],[-46.2241,-1.9733],[-46.2142,-1.9291],[-46.2142,-1.8882],[-46.2184,-1.8608],[-46.2074,-1.8435],[-46.2153,-1.8066],[-46.228,-1.7966],[-46.2489,-1.7926],[-46.2873,-1.8038],[-46.3037,-1.8025],[-46.3104,-1.7823],[-46.3172,-1.7414],[-46.314,-1.7319],[-46.2831,-1.7305],[-46.2418,-1.724],[-46.2269,-1.7161],[-46.2179,-1.6919],[-46.2012,-1.6793],[-46.2012,-1.6008],[-46.1792,-1.5733],[-46.1896,-1.5476],[-46.2012,-1.4841],[-46.1712,-1.4344],[-46.1591,-1.3913],[-46.129,-1.3667],[-46.1254,-1.3463],[-46.1331,-1.3354],[-46.1604,-1.3159],[-46.1632,-1.2911],[-46.1459,-1.2749],[-46.1408,-1.2412],[-46.1241,-1.2254],[-46.0846,-1.2104],[-46.0953,-1.1965],[-46.0941,-1.1783],[-46.0856,-1.162],[-46.0647,-1.1476],[-46.0685,-1.1305],[-46.0939,-1.0759],[-46.1157,-1.0851],[-46.1256,-1.1039],[-46.1268,-1.1461],[-46.1328,-1.164],[-46.1461,-1.1764],[-46.1363,-1.1261],[-46.1471,-1.1142],[-46.1665,-1.1484],[-46.1821,-1.1533],[-46.2212,-1.1415],[-46.2305,-1.1477],[-46.2621,-1.1832],[-46.2115,-1.0748],[-46.2212,-1.059],[-46.2075,-1.0392],[-46.215,-1.0248],[-46.2012,-1.0182],[-46.2057,-1.0066],[-46.2212,-1.0112],[-46.2035,-0.9763],[-46.19,-0.9592],[-46.1739,-0.9566],[-46.1718,-0.921],[-46.2003,-0.9076],[-46.2342,-0.9171],[-46.2503,-0.931],[-46.2621,-0.9502],[-46.2678,-0.9714],[-46.2815,-0.9974],[-46.2641,-1.0167],[-46.2833,-1.0221],[-46.2833,-1.0294],[-46.2563,-1.0771],[-46.2969,-1.0317],[-46.3013,-1.0792],[-46.3096,-1.0959],[-46.3248,-1.1074],[-46.3174,-1.0733],[-46.3174,-1.0353],[-46.3227,-1.0203],[-46.3462,-1.0339],[-46.3529,-1.0691],[-46.3612,-1.0673],[-46.3671,-1.0255],[-46.3649,-1.0084],[-46.3845,-1.0099],[-46.3927,-1.0271],[-46.4067,-1.0392],[-46.4357,-1.0239],[-46.4532,-1.0436],[-46.475,-1.0453],[-46.4627,-1.0317],[-46.4801,-1.0222],[-46.4715,-0.9859],[-46.4885,-0.9761],[-46.4893,-0.9648],[-46.4771,-0.9527],[-46.4731,-0.9365],[-46.4803,-0.9195],[-46.4609,-0.9066],[-46.4212,-0.8945],[-46.4163,-0.8807],[-46.4276,-0.8685],[-46.4657,-0.8766],[-46.4754,-0.8839],[-46.5029,-0.8838],[-46.5184,-0.9008],[-46.5459,-0.9137],[-46.5613,-0.9283],[-46.5646,-0.9509],[-46.5816,-0.9704],[-46.6051,-0.9566],[-46.6537,-0.967],[-46.6811,-0.9635],[-46.7004,-0.9699],[-46.7207,-0.984],[-46.7494,-1.0186],[-46.7471,-0.9991],[-46.7235,-0.9728],[-46.6823,-0.9467],[-46.6674,-0.9225],[-46.6462,-0.9454],[-46.619,-0.9355],[-46.6113,-0.924],[-46.6114,-0.9039],[-46.6265,-0.9088],[-46.5985,-0.8671],[-46.6138,-0.8132],[-46.6381,-0.8019],[-46.6559,-0.8018],[-46.6567,-0.814],[-46.6327,-0.8632],[-46.657,-0.8639],[-46.6674,-0.8331],[-46.6887,-0.8258],[-46.6976,-0.8438],[-46.6979,-0.8808],[-46.7093,-0.8898],[-46.7333,-0.9309],[-46.7494,-0.943],[-46.7187,-0.8946],[-46.7146,-0.8777],[-46.7196,-0.8648],[-46.7555,-0.8194],[-46.7556,-0.8502],[-46.7699,-0.8671],[-46.7699,-0.8468],[-46.7864,-0.8627],[-46.7786,-0.8858],[-46.7829,-0.9013],[-46.7965,-0.8746],[-46.7976,-0.8605],[-46.7904,-0.8051],[-46.8044,-0.8251],[-46.8245,-0.8331],[-46.8179,-0.8141],[-46.8313,-0.7989],[-46.8133,-0.7908],[-46.8182,-0.7709],[-46.7965,-0.7647],[-46.8109,-0.7467],[-46.7965,-0.7369],[-46.8192,-0.7117],[-46.8182,-0.7232],[-46.8329,-0.7301],[-46.8586,-0.7657],[-46.8729,-0.7784],[-46.8559,-0.7856],[-46.8456,-0.7989],[-46.8729,-0.8126],[-46.8777,-0.7957],[-46.8927,-0.7853],[-46.8927,-0.8468],[-46.9002,-0.8393],[-46.9008,-0.8574],[-46.9343,-0.8536],[-46.9491,-0.8615],[-46.9474,-0.9013],[-46.965,-0.8933],[-46.9684,-0.8797],[-46.9548,-0.8536],[-46.9222,-0.8346],[-46.9281,-0.8194],[-46.9412,-0.8263],[-46.9281,-0.7989],[-46.9474,-0.7989],[-46.9463,-0.7761],[-46.9548,-0.7709],[-46.9691,-0.7853],[-46.957,-0.7354],[-46.9569,-0.7101],[-46.9691,-0.6959],[-46.9774,-0.7306],[-46.9927,-0.7573],[-47.0152,-0.76],[-47.0162,-0.7914],[-47.0299,-0.7853],[-47.051,-0.8194],[-47.0572,-0.8671],[-47.0766,-0.8366],[-47.0735,-0.8154],[-47.0436,-0.7914],[-47.0599,-0.7896],[-47.0715,-0.7437],[-47.0784,-0.7573],[-47.0784,-0.6959],[-47.0731,-0.6752],[-47.0882,-0.6617],[-47.099,-0.6656],[-47.1056,-0.6959],[-47.1193,-0.7198],[-47.1193,-0.7506],[-47.1261,-0.7306],[-47.1396,-0.7414],[-47.1347,-0.7805],[-47.1398,-0.7989],[-47.148,-0.7741],[-47.1671,-0.7573],[-47.1908,-0.7702],[-47.1909,-0.7563],[-47.1671,-0.7437],[-47.1542,-0.7133],[-47.1609,-0.6816],[-47.172,-0.6922],[-47.1739,-0.7096],[-47.2082,-0.6992],[-47.2222,-0.7023],[-47.236,-0.7164],[-47.249,-0.6959],[-47.2306,-0.6873],[-47.2223,-0.6691],[-47.2086,-0.6818],[-47.1946,-0.6638],[-47.1981,-0.6515],[-47.2428,-0.6202],[-47.2345,-0.6511],[-47.2388,-0.6647],[-47.2558,-0.676],[-47.2496,-0.6606],[-47.2579,-0.6409],[-47.2764,-0.6481],[-47.2791,-0.5992],[-47.294,-0.5929],[-47.3288,-0.6135],[-47.3452,-0.6071],[-47.3263,-0.6391],[-47.3247,-0.6549],[-47.3594,-0.631],[-47.3732,-0.6339],[-47.3802,-0.6589],[-47.3657,-0.6816],[-47.3857,-0.6728],[-47.3931,-0.6481],[-47.4073,-0.6603],[-47.4073,-0.6816],[-47.4147,-0.6613],[-47.41,-0.6284],[-47.4141,-0.6139],[-47.3998,-0.5929],[-47.4144,-0.5812],[-47.4302,-0.58],[-47.4619,-0.5929],[-47.4483,-0.6071],[-47.4644,-0.6091],[-47.47,-0.6218],[-47.4687,-0.7306],[-47.4547,-0.7166],[-47.4483,-0.6959],[-47.4388,-0.7033],[-47.4141,-0.7369],[-47.3931,-0.7472],[-47.3794,-0.7709],[-47.3909,-0.7897],[-47.3931,-0.8126],[-47.4064,-0.8014],[-47.4086,-0.7711],[-47.4241,-0.7647],[-47.4967,-0.7647],[-47.4877,-0.7457],[-47.4933,-0.7121],[-47.524,-0.6691],[-47.5294,-0.6461],[-47.543,-0.627],[-47.5384,-0.6108],[-47.5592,-0.5913],[-47.5845,-0.5782],[-47.5872,-0.614],[-47.5781,-0.6354],[-47.5883,-0.6417],[-47.5973,-0.6773],[-47.6106,-0.6939],[-47.6528,-0.7239],[-47.7287,-0.7565],[-47.7434,-0.7463],[-47.7157,-0.713],[-47.7164,-0.6677],[-47.7252,-0.6441],[-47.7468,-0.6339],[-47.7703,-0.6371],[-47.775,-0.5993],[-47.8091,-0.5652],[-47.8246,-0.6067],[-47.8222,-0.6649],[-47.8024,-0.6903],[-47.8213,-0.6798],[-47.8501,-0.671],[-47.8662,-0.6735],[-47.8779,-0.6969],[-47.9461,-0.7405],[-47.9621,-0.7818],[-47.9696,-0.7795],[-48.0236,-0.7232],[-48.0174,-0.6959],[-48.0253,-0.6757],[-48.0379,-0.6617],[-48.1116,-0.7245],[-48.154,-0.7818],[-48.1608,-0.816],[-48.1403,-0.8429],[-48.1466,-0.8808],[-48.1403,-0.9013],[-48.154,-0.915],[-48.1608,-0.9601],[-48.1829,-0.9882],[-48.1875,-1.0186],[-48.1981,-1.0304],[-48.2309,-1.0388],[-48.2777,-1.0396],[-48.2917,-1.0436],[-48.296,-1.0556],[-48.2911,-1.0795],[-48.2744,-1.1135],[-48.2346,-1.1088],[-48.2229,-1.1135],[-48.2589,-1.1262],[-48.2707,-1.121],[-48.277,-1.15],[-48.2573,-1.1735],[-48.2502,-1.1894],[-48.2814,-1.1671],[-48.305,-1.1882],[-48.3201,-1.2296],[-48.3265,-1.2795],[-48.3346,-1.3137],[-48.3397,-1.316],[-48.4098,-1.3028],[-48.4254,-1.2973],[-48.4285,-1.2654],[-48.4232,-1.2325],[-48.4359,-1.2187],[-48.4828,-1.2813],[-48.4898,-1.3269],[-48.4966,-1.4084],[-48.5033,-1.4485],[-48.4966,-1.4614],[-48.4761,-1.4705],[-48.4556,-1.4729],[-48.4176,-1.4651],[-48.4072,-1.4562],[-48.3776,-1.4692],[-48.3253,-1.4705],[-48.3558,-1.5004],[-48.3758,-1.5105],[-48.428,-1.5242],[-48.4648,-1.5221],[-48.4829,-1.5114],[-48.4784,-1.5351],[-48.443,-1.57],[-48.4346,-1.5903],[-48.4215,-1.6451],[-48.4283,-1.6623],[-48.4526,-1.6257],[-48.4902,-1.6191],[-48.5023,-1.6121],[-48.5239,-1.5803],[-48.535,-1.5815],[-48.5523,-1.5444],[-48.5759,-1.5126],[-48.6064,-1.4562],[-48.6182,-1.4279],[-48.6421,-1.3857],[-48.6569,-1.3834],[-48.6764,-1.4176],[-48.6993,-1.4729],[-48.7157,-1.491],[-48.7358,-1.4988],[-48.7368,-1.5114],[-48.8119,-1.6213],[-48.8197,-1.6404],[-48.8451,-1.6414],[-48.8563,-1.6659],[-48.8907,-1.6865],[-48.8814,-1.7135],[-48.9107,-1.7421],[-48.9295,-1.7878],[-48.9566,-1.8037],[-48.9828,-1.8139],[-49.0024,-1.8429],[-49.0333,-1.8466],[-49.0183,-1.8279],[-49.0117,-1.8074],[-48.9958,-1.7934],[-48.9687,-1.7859],[-48.9434,-1.743],[-48.9462,-1.7047],[-48.9303,-1.686],[-48.9116,-1.673],[-48.8957,-1.6225],[-48.8929,-1.5983],[-48.8573,-1.5665],[-48.8648,-1.56],[-48.8779,-1.5712],[-48.9261,-1.5936],[-48.9656,-1.5997],[-48.9915,-1.6355],[-49.0089,-1.6811],[-49.0496,-1.7218],[-49.0867,-1.7489],[-49.123,-1.768],[-49.1287,-1.8007],[-49.1456,-1.8568],[-49.16,-1.8757],[-49.1756,-1.8814],[-49.2041,-1.9073],[-49.232,-1.9482],[-49.3005,-2.0909],[-49.314,-2.1604],[-49.3316,-2.2048],[-49.4268,-2.3673],[-49.4357,-2.3953],[-49.4357,-2.4704],[-49.4527,-2.5075],[-49.4773,-2.5325],[-49.4825,-2.5568],[-49.5183,-2.5803],[-49.5274,-2.6284],[-49.5449,-2.6423],[-49.6199,-2.6702],[-49.6637,-2.6777],[-49.689,-2.669],[-49.6606,-2.6318],[-49.6405,-2.6197],[-49.6173,-2.615],[-49.6078,-2.6049],[-49.5458,-2.5165],[-49.5421,-2.4972],[-49.546,-2.4426],[-49.5517,-2.4128],[-49.5313,-2.3805],[-49.5244,-2.3412],[-49.504,-2.3102],[-49.503,-2.2584],[-49.4698,-2.2035],[-49.4455,-2.1838],[-49.4282,-2.1315],[-49.4255,-2.0509],[-49.4129,-2.0274],[-49.3891,-2.0056],[-49.3811,-1.9913],[-49.3941,-1.9838],[-49.3758,-1.9572],[-49.3674,-1.9257],[-49.3704,-1.905],[-49.3792,-1.8964],[-49.4147,-1.8883],[-49.4476,-1.8699],[-49.4542,-1.8561],[-49.4562,-1.8367],[-49.4512,-1.8246],[-49.4282,-1.7988],[-49.422,-1.779],[-49.463,-1.8058],[-49.458,-1.7787],[-49.4665,-1.7643],[-49.4852,-1.7639],[-49.5108,-1.779],[-49.5224,-1.796],[-49.5375,-1.8609],[-49.5633,-1.8352],[-49.598,-1.8427],[-49.6317,-1.8679],[-49.6548,-1.8951],[-49.6474,-1.9156],[-49.6343,-1.9094],[-49.5929,-1.964],[-49.5794,-1.9943],[-49.5928,-2.0117],[-49.5943,-1.9884],[-49.6195,-1.9503],[-49.6542,-1.9202],[-49.6761,-1.9086],[-49.694,-1.9073],[-49.7026,-1.9225],[-49.7107,-1.9083],[-49.7279,-1.9108],[-49.7237,-1.9291],[-49.7472,-1.9047],[-49.7605,-1.8967],[-49.7845,-1.8951],[-49.8105,-1.9006],[-49.8198,-1.9118],[-49.8323,-1.9496],[-49.8309,-1.9181],[-49.8466,-1.9018],[-49.8379,-1.9267],[-49.8392,-2.005],[-49.8289,-2.0578],[-49.8125,-2.108],[-49.8249,-2.0978],[-49.8603,-2.0458],[-49.8807,-2.0875],[-49.8876,-2.0875],[-49.8819,-2.0666],[-49.8612,-2.0265],[-49.8534,-2.005],[-49.8507,-1.9626],[-49.8603,-1.9225],[-49.8944,-1.9633],[-49.8705,-1.919],[-49.8671,-1.9055],[-49.8754,-1.8796],[-49.9322,-1.8429],[-49.9769,-1.8261],[-50.0249,-1.8261],[-50.1104,-1.8492],[-50.1366,-1.862],[-50.1548,-1.8827],[-50.1619,-1.9156],[-50.2073,-1.8971],[-50.2316,-1.8958],[-50.2513,-1.9018],[-50.2808,-1.8938],[-50.3125,-1.9088],[-50.3645,-1.9612],[-50.3728,-1.9737],[-50.3825,-2.0172],[-50.3946,-2.0255],[-50.4098,-2.0475],[-50.4158,-2.0732],[-50.4286,-2.0629],[-50.443,-2.0117],[-50.4575,-1.9838],[-50.4432,-1.9566],[-50.443,-1.936],[-50.4567,-1.9439],[-50.4701,-1.9699],[-50.484,-1.9776],[-50.463,-1.9397],[-50.4667,-1.9278],[-50.5045,-1.9291],[-50.5248,-1.9215],[-50.5653,-1.8907],[-50.6106,-1.8142],[-50.66,-1.803],[-50.6763,-1.8302],[-50.6986,-1.8541],[-50.6978,-1.8882],[-50.7021,-1.9095],[-50.7372,-1.9213],[-50.792,-1.9272],[-50.8184,-1.9246],[-50.8262,-1.9306],[-50.8186,-1.969],[-50.8442,-1.9553],[-50.8544,-1.9331],[-50.8534,-1.9083],[-50.8705,-1.9015],[-50.8799,-1.8827],[-50.8927,-1.8792],[-50.8798,-1.852],[-50.8149,-1.8965],[-50.7876,-1.8974],[-50.767,-1.8821],[-50.7669,-1.8633],[-50.7583,-1.8454],[-50.7173,-1.8225],[-50.7095,-1.7909],[-50.718,-1.7688],[-50.7373,-1.738],[-50.691,-1.7654],[-50.6739,-1.7647],[-50.6547,-1.738],[-50.6705,-1.6965],[-50.6796,-1.629],[-50.6893,-1.6121],[-50.7533,-1.5571],[-50.7667,-1.5408],[-50.7787,-1.4986],[-50.8097,-1.4577],[-50.8192,-1.4363],[-50.8055,-1.4016],[-50.8266,-1.3709],[-50.8293,-1.3121],[-50.8186,-1.2524],[-50.8199,-1.2317],[-50.8301,-1.2138],[-50.8475,-1.1978],[-50.9564,-1.1285],[-50.9253,-1.1277],[-50.9018,-1.121],[-50.8677,-1.0795],[-50.8339,-1.0587],[-50.8245,-1.0309],[-50.8266,-0.9838],[-50.8217,-0.9353],[-50.8396,-0.9128],[-50.8813,-0.915],[-50.9286,-0.9057],[-50.9522,-0.9191],[-50.9474,-0.9425],[-50.9359,-0.9566],[-50.9574,-0.9499],[-50.9767,-0.9202],[-50.9973,-0.9225],[-51.0098,-0.936],[-50.9911,-0.9872],[-51.0034,-1.0138],[-51.0329,-1.038],[-51.1615,-1.1036],[-51.2137,-1.145],[-51.2522,-1.2019],[-51.2683,-1.2204],[-51.3053,-1.2438],[-51.3474,-1.2576],[-51.327,-1.2309],[-51.3763,-1.24],[-51.3996,-1.2511],[-51.4177,-1.2917],[-51.4375,-1.3127],[-51.484,-1.3401],[-51.558,-1.3654],[-51.595,-1.3869],[-51.6695,-1.4016],[-51.9146,-1.571],[-51.9586,-1.5934],[-52.0047,-1.6076],[-52.0463,-1.6076],[-52.0774,-1.6213],[-52.1238,-1.6191],[-52.142,-1.6227],[-52.163,-1.6349],[-52.1971,-1.6697],[-52.2003,-1.6847],[-52.2488,-1.7031],[-52.2602,-1.6952],[-52.2633,-1.6769],[-52.2586,-1.6554],[-52.2368,-1.6256],[-52.2311,-1.6027],[-52.2414,-1.5617],[-52.2635,-1.5255],[-52.2791,-1.5182],[-52.3268,-1.5471],[-52.3439,-1.5524],[-52.4231,-1.5661],[-52.595,-1.5735],[-52.6583,-1.5915],[-52.7081,-1.6],[-52.71,-1.5678],[-52.6974,-1.5524],[-52.6821,-1.5449],[-52.6183,-1.5256],[-52.5753,-1.5231],[-52.5581,-1.5187],[-52.4751,-1.4841],[-52.4578,-1.4583],[-52.4422,-1.4431],[-52.402,-1.4221],[-52.3332,-1.4078],[-52.3083,-1.3936],[-52.276,-1.3845],[-52.2492,-1.3538],[-52.2146,-1.34],[-52.1954,-1.345],[-52.1514,-1.381],[-52.0873,-1.4016],[-52.0658,-1.405],[-52.0085,-1.4016],[-51.9954,-1.3964],[-51.9644,-1.3606],[-51.9346,-1.3395],[-51.9215,-1.3258],[-51.916,-1.3092],[-51.9302,-1.2234],[-51.9294,-1.1783],[-51.9083,-1.158],[-51.9282,-1.1462],[-51.9518,-1.1545],[-51.9741,-1.1412],[-51.984,-1.1426],[-51.9955,-1.1645],[-52.0268,-1.1649],[-52.0537,-1.1787],[-52.0561,-1.2128],[-52.0688,-1.2192],[-52.0796,-1.2095],[-52.0944,-1.1766],[-52.1159,-1.1576],[-52.1311,-1.1517],[-52.2405,-1.1446],[-52.2778,-1.1274],[-52.3225,-1.0822],[-52.3582,-1.0698],[-52.3667,-1.0614],[-52.3744,-1.0327],[-52.3755,-1.0007],[-52.3889,-0.9727],[-52.3904,-0.9561],[-52.3689,-0.9232],[-52.3725,-0.9005],[-52.3991,-0.8689],[-52.4213,-0.8605],[-52.4393,-0.862],[-52.4996,-0.8812],[-52.5174,-0.8758],[-52.5194,-0.8594],[-52.5102,-0.8279],[-52.5191,-0.793],[-52.5095,-0.7685],[-52.509,-0.7307],[-52.5225,-0.6913],[-52.5266,-0.6475],[-52.537,-0.6333],[-52.5634,-0.6184],[-52.6043,-0.6114],[-52.615,-0.5957],[-52.6319,-0.5569],[-52.6363,-0.5208],[-52.6268,-0.4756],[-52.6269,-0.3972],[-52.6382,-0.3818],[-52.6747,-0.3556],[-52.686,-0.3382],[-52.6995,-0.3046],[-52.7857,-0.2183],[-52.797,-0.1959],[-52.8137,-0.1802],[-52.8267,-0.1798],[-52.8726,-0.2025],[-52.9154,-0.192],[-52.9236,-0.1759],[-52.9739,-0.0158],[-52.9905,0.0001],[-53.0119,0.0408],[-53.0159,0.0554],[-53.0052,0.1121],[-53.0072,0.137],[-53.0309,0.1962],[-53.0415,0.2472],[-53.0491,0.2588],[-53.0732,0.2772],[-53.0831,0.2904],[-53.1284,0.387],[-53.1309,0.4819],[-53.1395,0.5145],[-53.1396,0.5387],[-53.1311,0.5713],[-53.1284,0.6219],[-53.1126,0.6815],[-53.1122,0.7201],[-53.1187,0.7421],[-53.1324,0.7509],[-53.2226,0.7676],[-53.2644,0.7808],[-53.299,0.804],[-53.3288,0.8439],[-53.3448,0.8786],[-53.3559,0.8903],[-53.3947,0.9182],[-53.4162,0.9418],[-53.4239,0.9653],[-53.4263,0.9992],[-53.4361,1.0155],[-53.433,1.0469],[-53.4609,1.1009],[-53.4665,1.1296],[-53.4661,1.1551],[-53.455,1.1708],[-53.437,1.1714],[-53.4086,1.1836],[-53.4093,1.2002],[-53.4248,1.2276],[-53.4308,1.2516],[-53.4389,1.2604],[-53.4624,1.2635],[-53.5375,1.2424],[-53.5469,1.2476],[-53.5414,1.2739],[-53.5436,1.2914],[-53.5601,1.3106],[-53.5626,1.3336],[-53.5495,1.3476],[-53.5555,1.3658],[-53.579,1.3653],[-53.6041,1.3743],[-53.6511,1.3627],[-53.6598,1.3701],[-53.663,1.3956],[-53.6606,1.4193],[-53.6774,1.4257],[-53.6968,1.4113],[-53.7229,1.4218],[-53.7179,1.4356],[-53.7399,1.4343],[-53.7426,1.4087],[-53.7585,1.3936],[-53.7819,1.4061],[-53.8185,1.416],[-53.8277,1.4127],[-53.8284,1.3858],[-53.8516,1.3846],[-53.8631,1.4017],[-53.8897,1.4059],[-53.8967,1.4294],[-53.9219,1.4442],[-53.9236,1.4619],[-53.9411,1.4702],[-53.9524,1.4848],[-53.9745,1.4966],[-53.983,1.5121],[-54.0055,1.5233],[-54.0297,1.5075],[-54.077,1.5048],[-54.0884,1.5235],[-54.0847,1.5407],[-54.1098,1.5753],[-54.1134,1.5862],[-54.1047,1.6113],[-54.1282,1.611],[-54.1541,1.6454],[-54.1716,1.6588],[-54.2016,1.6554],[-54.2301,1.6814],[-54.2483,1.6892],[-54.26,1.703],[-54.2786,1.7112],[-54.2946,1.7262],[-54.3665,1.7622],[-54.3806,1.7515],[-54.4118,1.7632],[-54.4359,1.7567],[-54.4519,1.7587],[-54.4961,1.7478],[-54.522,1.7624],[-54.5497,1.7689],[-54.5777,1.7821],[-54.5943,1.784],[-54.6292,1.7791],[-54.6583,1.7671],[-54.6884,1.7636],[-54.7155,1.772],[-54.7355,1.772],[-54.7533,1.805],[-54.7618,1.8774],[-54.7662,1.8972],[-54.7625,1.9694],[-54.7718,1.9998],[-54.7949,2.0102],[-54.7979,2.02],[-54.7864,2.0377],[-54.7627,2.0551],[-54.7533,2.0823],[-54.7654,2.1093],[-54.7874,2.1284],[-54.7838,2.1681],[-54.7748,2.1824],[-54.7536,2.1869],[-54.7455,2.1996],[-54.7322,2.2411],[-54.7161,2.266],[-54.7178,2.2952],[-54.7335,2.3692],[-54.7347,2.4147],[-54.7431,2.4291],[-54.7755,2.4573]]],[[[-49.288,-1.7585],[-49.3098,-1.7444],[-49.319,-1.7175],[-49.3381,-1.7127],[-49.3522,-1.7224],[-49.3736,-1.7516],[-49.4019,-1.7673],[-49.4157,-1.7839],[-49.422,-1.8132],[-49.4476,-1.8371],[-49.453,-1.8502],[-49.4425,-1.8678],[-49.4263,-1.8776],[-49.3674,-1.8951],[-49.3326,-1.8541],[-49.3102,-1.8185],[-49.2933,-1.8046],[-49.277,-1.767],[-49.288,-1.7585]]],[[[-48.339,-1.0665],[-48.3835,-1.0654],[-48.405,-1.0688],[-48.4215,-1.0795],[-48.4283,-1.1173],[-48.4557,-1.1415],[-48.4621,-1.1645],[-48.4346,-1.1764],[-48.4143,-1.198],[-48.4023,-1.2029],[-48.3935,-1.1894],[-48.3924,-1.2048],[-48.3799,-1.2172],[-48.3638,-1.2097],[-48.3341,-1.205],[-48.3191,-1.1894],[-48.3194,-1.1594],[-48.2974,-1.1285],[-48.3106,-1.1125],[-48.3242,-1.0759],[-48.339,-1.0665]]],[[[-48.1949,-0.8194],[-48.2436,-0.8417],[-48.2738,-0.8953],[-48.2845,-0.9215],[-48.3127,-0.9533],[-48.3191,-0.9737],[-48.3163,-1.0095],[-48.3071,-1.0207],[-48.2877,-1.0248],[-48.2377,-1.0279],[-48.2074,-1.0178],[-48.1949,-0.9838],[-48.1625,-0.9208],[-48.1567,-0.8878],[-48.1813,-0.8746],[-48.1813,-0.8671],[-48.1559,-0.8663],[-48.1627,-0.8502],[-48.1949,-0.8194]]],[[[-47.9486,-0.6413],[-47.9691,-0.6339],[-47.9779,-0.6518],[-47.9669,-0.6583],[-47.9827,-0.676],[-47.9641,-0.7151],[-47.9621,-0.7306],[-47.9164,-0.7086],[-47.8956,-0.6911],[-47.8871,-0.6691],[-47.8956,-0.6535],[-47.9146,-0.6417],[-47.9353,-0.6367],[-47.9486,-0.6413]]],[[[-50.8192,-0.6202],[-50.835,-0.565],[-50.8409,-0.5587],[-50.8744,-0.6139],[-50.8791,-0.6003],[-50.8608,-0.5656],[-50.9095,-0.5833],[-50.9564,-0.6071],[-50.9801,-0.6262],[-51.0165,-0.6679],[-51.0389,-0.6816],[-51.0663,-0.676],[-51.1004,-0.7306],[-51.1117,-0.7823],[-51.1097,-0.8067],[-51.0941,-0.8263],[-51.054,-0.7966],[-51.0267,-0.7838],[-50.9762,-0.7698],[-50.9343,-0.7317],[-50.9055,-0.7232],[-50.8721,-0.7223],[-50.8431,-0.716],[-50.8223,-0.6999],[-50.8131,-0.6691],[-50.8192,-0.6202]]],[[[-47.6605,-0.5792],[-47.6876,-0.5846],[-47.7038,-0.5777],[-47.7155,-0.5473],[-47.7347,-0.5417],[-47.7452,-0.5628],[-47.7614,-0.5758],[-47.7509,-0.6068],[-47.7515,-0.6222],[-47.7156,-0.6366],[-47.699,-0.6939],[-47.7015,-0.7096],[-47.6583,-0.7077],[-47.6434,-0.693],[-47.6428,-0.658],[-47.6469,-0.6481],[-47.639,-0.6279],[-47.6408,-0.6085],[-47.6605,-0.5792]]],[[[-51.186,-0.6139],[-51.2033,-0.6047],[-51.2233,-0.5579],[-51.2375,-0.5383],[-51.2538,-0.5315],[-51.3083,-0.5187],[-51.3201,-0.5214],[-51.3292,-0.5387],[-51.3216,-0.5626],[-51.2996,-0.5929],[-51.318,-0.5864],[-51.3331,-0.5729],[-51.3331,-0.5929],[-51.3406,-0.5929],[-51.3406,-0.5729],[-51.3537,-0.5802],[-51.3474,-0.6139],[-51.3816,-0.6549],[-51.3884,-0.6549],[-51.3651,-0.6106],[-51.3679,-0.5963],[-51.363,-0.5623],[-51.3474,-0.532],[-51.3704,-0.5343],[-51.4248,-0.5538],[-51.5051,-0.6071],[-51.534,-0.6347],[-51.5598,-0.665],[-51.5821,-0.6987],[-51.6236,-0.7902],[-51.6758,-0.8468],[-51.6861,-0.8844],[-51.6901,-1.0186],[-51.6684,-1.0575],[-51.6839,-1.0969],[-51.7179,-1.1297],[-51.7515,-1.1484],[-51.7816,-1.1539],[-51.7965,-1.1894],[-51.8057,-1.1939],[-51.8725,-1.2433],[-51.8893,-1.2682],[-51.8931,-1.3056],[-51.9029,-1.3401],[-51.9419,-1.3914],[-51.9541,-1.4225],[-51.9439,-1.4562],[-51.9127,-1.4814],[-51.8925,-1.4837],[-51.852,-1.464],[-51.8067,-1.4573],[-51.7856,-1.45],[-51.7408,-1.42],[-51.7006,-1.3845],[-51.6758,-1.3743],[-51.6695,-1.3538],[-51.6348,-1.3401],[-51.6102,-1.3156],[-51.5976,-1.3122],[-51.5563,-1.2887],[-51.4348,-1.1867],[-51.41,-1.1531],[-51.3315,-1.0099],[-51.3103,-1.0021],[-51.286,-1.0317],[-51.2711,-1.0177],[-51.2523,-0.9618],[-51.2307,-0.8393],[-51.2176,-0.8019],[-51.1556,-0.6816],[-51.15,-0.6589],[-51.1516,-0.6371],[-51.1629,-0.6205],[-51.186,-0.6139]]],[[[-51.1653,-0.1403],[-51.1836,-0.1632],[-51.1978,-0.1708],[-51.227,-0.1751],[-51.2432,-0.1987],[-51.2643,-0.2195],[-51.3304,-0.3661],[-51.3515,-0.3859],[-51.3612,-0.4075],[-51.3915,-0.4244],[-51.402,-0.4357],[-51.4051,-0.4596],[-51.3938,-0.4665],[-51.3756,-0.4605],[-51.3422,-0.4338],[-51.2786,-0.4011],[-51.2013,-0.3437],[-51.1667,-0.3056],[-51.1488,-0.2638],[-51.1487,-0.2306],[-51.1442,-0.2114],[-51.1317,-0.2031],[-51.1339,-0.1608],[-51.1208,-0.1403],[-51.1653,-0.1403]]],[[[-48.4625,-0.5761],[-48.4616,-0.5156],[-48.4547,-0.4856],[-48.4315,-0.4472],[-48.4206,-0.415],[-48.3884,-0.3956],[-48.3731,-0.3737],[-48.3663,-0.3154],[-48.3689,-0.2979],[-48.3935,-0.2713],[-48.4272,-0.2599],[-48.5444,-0.2441],[-48.6014,-0.2262],[-48.6235,-0.2234],[-48.6842,-0.2365],[-48.702,-0.2372],[-48.8165,-0.2076],[-48.8597,-0.2092],[-48.892,-0.2159],[-48.8817,-0.1911],[-48.8805,-0.1636],[-48.8936,-0.1529],[-48.927,-0.1588],[-48.9605,-0.1826],[-48.9796,-0.1862],[-49.0106,-0.1599],[-49.0914,-0.1539],[-49.1204,-0.162],[-49.1316,-0.152],[-49.1682,-0.1546],[-49.1948,-0.1415],[-49.2154,-0.1412],[-49.2746,-0.1545],[-49.3183,-0.1601],[-49.3265,-0.1546],[-49.3868,-0.1847],[-49.405,-0.1993],[-49.4084,-0.2175],[-49.3868,-0.2516],[-49.3985,-0.2535],[-49.4252,-0.2304],[-49.4596,-0.2234],[-49.5198,-0.2356],[-49.6535,-0.2411],[-49.7945,-0.1988],[-50.0081,-0.153],[-50.0384,-0.1546],[-50.0958,-0.1323],[-50.2718,-0.1137],[-50.3274,-0.1009],[-50.35,-0.0994],[-50.3682,-0.1056],[-50.3946,-0.1546],[-50.4115,-0.1645],[-50.4667,-0.1546],[-50.4913,-0.1589],[-50.5393,-0.1887],[-50.5745,-0.1881],[-50.5834,-0.1922],[-50.5989,-0.2193],[-50.6547,-0.2638],[-50.6683,-0.2988],[-50.6786,-0.3411],[-50.6964,-0.36],[-50.7032,-0.4085],[-50.7236,-0.4799],[-50.7165,-0.5217],[-50.6907,-0.5871],[-50.6827,-0.6238],[-50.6735,-0.631],[-50.6138,-0.6413],[-50.5604,-0.6593],[-50.5485,-0.6778],[-50.5774,-0.6822],[-50.6075,-0.676],[-50.6841,-0.6398],[-50.6964,-0.6306],[-50.7006,-0.6117],[-50.7247,-0.5637],[-50.7373,-0.5519],[-50.7799,-0.6606],[-50.7857,-0.7027],[-50.7742,-0.7109],[-50.7857,-0.7337],[-50.7857,-0.7709],[-50.7707,-0.7857],[-50.7406,-0.802],[-50.7373,-0.8263],[-50.7576,-0.8068],[-50.7693,-0.8073],[-50.7782,-0.8194],[-50.7742,-0.8298],[-50.7926,-0.8746],[-50.7982,-0.9113],[-50.798,-0.9843],[-50.7926,-1.0186],[-50.7558,-1.0822],[-50.7352,-1.0895],[-50.6638,-1.0949],[-50.6457,-1.0895],[-50.6261,-1.0761],[-50.5966,-1.0706],[-50.5585,-1.0512],[-50.5285,-1.0253],[-50.5124,-1.0239],[-50.4766,-1.0392],[-50.53,-1.0388],[-50.5443,-1.0522],[-50.5524,-1.0733],[-50.5222,-1.0866],[-50.5221,-1.0964],[-50.5393,-1.1074],[-50.5697,-1.1005],[-50.6167,-1.1199],[-50.5718,-1.1586],[-50.5597,-1.1832],[-50.6138,-1.1552],[-50.6759,-1.1415],[-50.7373,-1.1135],[-50.7801,-1.0883],[-50.7926,-1.0862],[-50.8058,-1.1023],[-50.7992,-1.1266],[-50.7782,-1.1725],[-50.7796,-1.1939],[-50.8109,-1.3147],[-50.8116,-1.3499],[-50.7994,-1.3811],[-50.788,-1.3884],[-50.7994,-1.4016],[-50.8042,-1.425],[-50.796,-1.4462],[-50.7686,-1.4784],[-50.7579,-1.5085],[-50.7423,-1.5312],[-50.5879,-1.6845],[-50.5666,-1.7306],[-50.586,-1.7346],[-50.6067,-1.7648],[-50.5734,-1.7936],[-50.5597,-1.7995],[-50.4052,-1.831],[-50.3487,-1.8287],[-50.3196,-1.8193],[-50.297,-1.8035],[-50.3121,-1.7937],[-50.3429,-1.7849],[-50.3667,-1.7721],[-50.3166,-1.7785],[-50.2942,-1.7727],[-50.2848,-1.7551],[-50.2872,-1.7309],[-50.3065,-1.6554],[-50.2991,-1.6554],[-50.2747,-1.7247],[-50.2718,-1.7448],[-50.2602,-1.7253],[-50.255,-1.6752],[-50.2426,-1.6415],[-50.2812,-1.6131],[-50.2922,-1.5974],[-50.2903,-1.5873],[-50.2718,-1.5661],[-50.2611,-1.5649],[-50.2768,-1.5146],[-50.2759,-1.497],[-50.2582,-1.4841],[-50.2645,-1.5109],[-50.2496,-1.5631],[-50.2582,-1.5803],[-50.2762,-1.5885],[-50.2736,-1.6105],[-50.2377,-1.6213],[-50.2346,-1.634],[-50.2372,-1.7053],[-50.2245,-1.739],[-50.187,-1.7491],[-50.17,-1.7704],[-50.155,-1.779],[-50.093,-1.7482],[-50.0599,-1.7179],[-50.0521,-1.7039],[-50.0548,-1.6647],[-50.0503,-1.6574],[-50.0259,-1.6607],[-50.0323,-1.7097],[-50.0285,-1.7205],[-50.0023,-1.7455],[-49.9681,-1.747],[-49.9254,-1.7617],[-49.8944,-1.7858],[-49.8534,-1.7927],[-49.8236,-1.8166],[-49.8091,-1.8193],[-49.7764,-1.8072],[-49.7367,-1.7721],[-49.7296,-1.7526],[-49.7299,-1.7306],[-49.7598,-1.6694],[-49.764,-1.6452],[-49.7442,-1.5803],[-49.74,-1.5951],[-49.7501,-1.6249],[-49.751,-1.6418],[-49.7275,-1.6777],[-49.7187,-1.7228],[-49.7059,-1.7506],[-49.6883,-1.7693],[-49.6691,-1.7721],[-49.6542,-1.76],[-49.6236,-1.7249],[-49.6033,-1.7175],[-49.5587,-1.7242],[-49.5517,-1.7209],[-49.5454,-1.6867],[-49.5592,-1.676],[-49.5449,-1.676],[-49.5565,-1.6454],[-49.5513,-1.6331],[-49.522,-1.6222],[-49.5139,-1.5922],[-49.5244,-1.5803],[-49.504,-1.5866],[-49.504,-1.5353],[-49.5076,-1.5226],[-49.5313,-1.4977],[-49.5133,-1.5024],[-49.4966,-1.4977],[-49.4903,-1.5561],[-49.4845,-1.568],[-49.4833,-1.6021],[-49.4682,-1.6233],[-49.443,-1.6354],[-49.4249,-1.6324],[-49.3724,-1.6466],[-49.3583,-1.6376],[-49.3542,-1.6144],[-49.3754,-1.5861],[-49.4096,-1.5639],[-49.4146,-1.5417],[-49.4065,-1.5175],[-49.3873,-1.4841],[-49.3835,-1.4942],[-49.3941,-1.5289],[-49.389,-1.5388],[-49.3532,-1.5735],[-49.2937,-1.6175],[-49.2746,-1.6216],[-49.2228,-1.6212],[-49.1877,-1.6076],[-49.1682,-1.5866],[-49.1955,-1.6008],[-49.2016,-1.5866],[-49.222,-1.5833],[-49.2296,-1.5735],[-49.203,-1.5598],[-49.1955,-1.5735],[-49.1819,-1.5661],[-49.2015,-1.5532],[-49.2041,-1.5291],[-49.1844,-1.4534],[-49.1844,-1.4294],[-49.1916,-1.4086],[-49.2091,-1.3947],[-49.1977,-1.3884],[-49.1819,-1.4016],[-49.1514,-1.4016],[-49.1273,-1.4531],[-49.1128,-1.4953],[-49.0969,-1.5102],[-49.0735,-1.5139],[-49.0658,-1.5319],[-49.0481,-1.5333],[-49.0249,-1.5216],[-48.9739,-1.5141],[-48.9562,-1.5087],[-48.9444,-1.491],[-48.9181,-1.5046],[-48.9106,-1.5011],[-48.9013,-1.4767],[-48.8719,-1.4589],[-48.8392,-1.45],[-48.8392,-1.4426],[-48.8872,-1.4127],[-48.8924,-1.398],[-48.9211,-1.3879],[-48.935,-1.3515],[-48.9451,-1.3464],[-48.9769,-1.3691],[-48.9833,-1.3327],[-48.955,-1.3242],[-48.946,-1.309],[-48.9574,-1.2955],[-48.9901,-1.2924],[-48.9638,-1.283],[-48.9422,-1.2958],[-48.8584,-1.3992],[-48.833,-1.4158],[-48.8024,-1.3398],[-48.7931,-1.2797],[-48.7963,-1.2685],[-48.8119,-1.2576],[-48.8672,-1.2514],[-48.8672,-1.2439],[-48.8446,-1.2493],[-48.8371,-1.234],[-48.842,-1.2133],[-48.8753,-1.1967],[-48.8948,-1.1812],[-48.9211,-1.1415],[-48.9149,-1.1347],[-48.8759,-1.1812],[-48.8496,-1.198],[-48.8187,-1.2029],[-48.7961,-1.1921],[-48.7583,-1.1506],[-48.7177,-1.134],[-48.6724,-1.1012],[-48.6428,-1.0836],[-48.6288,-1.0632],[-48.6283,-1.0478],[-48.6543,-1.0528],[-48.6543,-1.0453],[-48.6269,-1.0248],[-48.6288,-1.0097],[-48.6543,-1.0112],[-48.6651,-1.0031],[-48.6474,-0.9907],[-48.6307,-0.9689],[-48.6332,-0.9492],[-48.6129,-0.9329],[-48.5601,-0.9143],[-48.5375,-0.8945],[-48.5277,-0.8727],[-48.5234,-0.8464],[-48.5262,-0.8202],[-48.5375,-0.7989],[-48.5235,-0.7734],[-48.5379,-0.7448],[-48.5609,-0.714],[-48.5723,-0.6816],[-48.5375,-0.7189],[-48.5177,-0.7348],[-48.4966,-0.7437],[-48.4858,-0.6847],[-48.4966,-0.676],[-48.4872,-0.6647],[-48.4829,-0.6276],[-48.4653,-0.5904],[-48.4625,-0.5761]]],[[[-50.9737,-0.2912],[-50.965,-0.3142],[-50.9234,-0.3305],[-50.8949,-0.3062],[-50.8372,-0.2677],[-50.7812,-0.2101],[-50.7584,-0.1956],[-50.6952,-0.1674],[-50.6759,-0.1546],[-50.6388,-0.121],[-50.6289,-0.1041],[-50.6274,-0.0857],[-50.6417,-0.0652],[-50.6417,-0.0447],[-50.6645,-0.0155],[-50.7249,0.008],[-50.7395,0.0345],[-50.766,0.0464],[-50.8175,0.0347],[-50.8898,0.0011],[-50.9473,-0.012],[-50.9724,-0.0428],[-50.9826,-0.0855],[-51.0328,-0.1682],[-51.0047,-0.1825],[-51.0047,-0.1887],[-51.0387,-0.2003],[-51.038,-0.2359],[-51.0128,-0.2736],[-50.9737,-0.2912]]],[[[-49.8323,-0.1031],[-49.7162,-0.1477],[-49.6869,-0.1354],[-49.492,-0.1326],[-49.4387,-0.1205],[-49.42,-0.0953],[-49.3859,-0.0696],[-49.3811,-0.0522],[-49.36,-0.0584],[-49.349,-0.0309],[-49.3475,-0.0097],[-49.3705,-0.0003],[-49.3699,0.0282],[-49.3811,0.0439],[-49.4282,0.0713],[-49.456,0.0746],[-49.4829,0.0638],[-49.4966,0.0856],[-49.5245,0.0739],[-49.6281,0.0576],[-49.6761,0.0281],[-49.7405,-0.0003],[-49.801,-0.046],[-49.8235,-0.0704],[-49.8323,-0.1031]]],[[[-50.6343,0.0713],[-50.6097,0.0534],[-50.6075,0.0338],[-50.5881,0.0121],[-50.5597,-0.0038],[-50.5231,-0.0038],[-50.5057,-0.0143],[-50.4875,-0.0174],[-50.4475,-0.0152],[-50.4325,0.0167],[-50.4325,0.0359],[-50.444,0.0809],[-50.4465,0.1259],[-50.4902,0.1594],[-50.5443,0.1711],[-50.583,0.184],[-50.6106,0.1834],[-50.6369,0.1653],[-50.6485,0.1505],[-50.6343,0.1061],[-50.6343,0.0713]]],[[[-50.0908,0.3059],[-50.0864,0.3207],[-50.0933,0.339],[-50.1133,0.3382],[-50.1385,0.3266],[-50.1994,0.2885],[-50.2172,0.2631],[-50.2205,0.2462],[-50.1656,0.2617],[-50.1073,0.2929],[-50.0908,0.3059]]],[[[-50.0369,0.2997],[-50.0622,0.2624],[-50.1073,0.2222],[-50.1996,0.2227],[-50.2327,0.2245],[-50.2544,0.2298],[-50.2796,0.2281],[-50.3049,0.2168],[-50.3668,0.2145],[-50.381,0.1946],[-50.3837,0.1299],[-50.38,0.1107],[-50.3667,0.0918],[-50.3574,0.1165],[-50.3401,0.1334],[-50.3531,0.0781],[-50.3451,0.0474],[-50.3226,0.0269],[-50.2976,0.012],[-50.2727,0.0149],[-50.2067,0.0393],[-50.1901,0.0413],[-50.1747,0.0293],[-50.1278,0.0372],[-50.0973,0.0309],[-50.0694,0.0166],[-50.0248,-0.0243],[-50.0045,-0.0528],[-49.9631,-0.0328],[-49.9339,-0.0287],[-49.8671,-0.0107],[-49.8297,0.0113],[-49.8061,0.0487],[-49.7873,0.0924],[-49.764,0.1334],[-49.6924,0.205],[-49.6425,0.2327],[-49.6016,0.266],[-49.5289,0.3008],[-49.5304,0.3538],[-49.5602,0.3858],[-49.6502,0.3864],[-49.7459,0.3535],[-49.8258,0.3222],[-49.8596,0.3012],[-49.9216,0.2928],[-49.9595,0.3083],[-50.0038,0.3101],[-50.0369,0.2997]]],[[[-50.378,0.245],[-50.3499,0.2527],[-50.3233,0.287],[-50.317,0.3088],[-50.3231,0.3406],[-50.3489,0.3901],[-50.3551,0.4125],[-50.3461,0.5275],[-50.3473,0.5713],[-50.3667,0.6199],[-50.3797,0.6118],[-50.422,0.5648],[-50.4308,0.548],[-50.4301,0.4786],[-50.422,0.4487],[-50.4071,0.4307],[-50.4083,0.4207],[-50.4315,0.4156],[-50.4392,0.3977],[-50.47,0.2743],[-50.4769,0.2654],[-50.506,0.2662],[-50.5163,0.2434],[-50.5168,0.2086],[-50.5015,0.1917],[-50.4827,0.1824],[-50.4598,0.1811],[-50.4263,0.1684],[-50.4151,0.1766],[-50.4203,0.203],[-50.414,0.2263],[-50.3952,0.2403],[-50.378,0.245]]],[[[-50.3121,0.414],[-50.3007,0.3755],[-50.2814,0.3566],[-50.2496,0.361],[-50.2298,0.3776],[-50.1995,0.3927],[-50.1661,0.4138],[-50.0427,0.5103],[-50.0268,0.5353],[-50.0314,0.5849],[-50.0384,0.6063],[-50.0657,0.6473],[-50.0822,0.6479],[-50.1221,0.6268],[-50.134,0.6125],[-50.1348,0.5976],[-50.1151,0.5862],[-50.1204,0.5716],[-50.1506,0.5971],[-50.1676,0.6054],[-50.1869,0.5922],[-50.2421,0.593],[-50.2582,0.5852],[-50.2516,0.5758],[-50.2786,0.5585],[-50.3029,0.531],[-50.3151,0.4973],[-50.3172,0.458],[-50.3121,0.414]]],[[[-49.4795,-1.6554],[-49.5016,-1.6582],[-49.5255,-1.6729],[-49.5295,-1.7171],[-49.5228,-1.7352],[-49.5086,-1.7449],[-49.4961,-1.7426],[-49.4683,-1.7194],[-49.432,-1.7087],[-49.424,-1.6968],[-49.4228,-1.6742],[-49.4364,-1.6645],[-49.4648,-1.6543],[-49.4795,-1.6554]]]]},"properties":{"name":"Pará","name_en":"Pará","name_ja":"パラー州","name_zh":"帕拉","name_ko":"파라","adm0_a3":"BRA","postal":"PA","iso_3166_2":"BR-PA","type_en":"State","geonunit":"Brazil"}},
{"type":"Feature","geometry":{"type":"Polygon","coordinates":[[[-73.8068,-7.1179],[-73.8036,-7.1265],[-73.7345,-7.2251],[-73.7131,-7.3047],[-73.7247,-7.3248],[-73.7413,-7.3344],[-73.7608,-7.3374],[-73.8259,-7.3374],[-73.8434,-7.3431],[-73.8797,-7.365],[-73.902,-7.3734],[-73.9205,-7.3722],[-73.9611,-7.3564],[-73.9829,-7.3564],[-73.9794,-7.3745],[-73.9505,-7.4232],[-73.9443,-7.4487],[-73.9578,-7.4804],[-73.9587,-7.502],[-73.9714,-7.524],[-74.0185,-7.5435],[-74.0097,-7.5611],[-73.9694,-7.5847],[-73.8388,-7.7206],[-73.8111,-7.7393],[-73.7796,-7.7529],[-73.7422,-7.7641],[-73.7122,-7.7882],[-73.7026,-7.8278],[-73.7137,-7.8663],[-73.7461,-7.8864],[-73.7796,-7.8745],[-73.7946,-7.8741],[-73.7958,-7.8922],[-73.7849,-7.9404],[-73.7788,-7.9541],[-73.7485,-7.977],[-73.7059,-7.9938],[-73.668,-8.0138],[-73.6516,-8.046],[-73.6447,-8.0683],[-73.6119,-8.1126],[-73.6011,-8.1361],[-73.6062,-8.1928],[-73.6033,-8.2116],[-73.5906,-8.2347],[-73.5617,-8.2727],[-73.5527,-8.2991],[-73.5477,-8.3402],[-73.5408,-8.3591],[-73.5265,-8.3724],[-73.4473,-8.4161],[-73.4202,-8.4462],[-73.4005,-8.4594],[-73.3705,-8.4652],[-73.3564,-8.4798],[-73.3483,-8.5183],[-73.3577,-8.563],[-73.3506,-8.5983],[-73.3081,-8.6532],[-73.2899,-8.6705],[-73.2691,-8.6816],[-73.211,-8.6939],[-73.192,-8.7039],[-73.1746,-8.7207],[-73.1635,-8.7396],[-73.1458,-8.7822],[-73.0686,-8.8937],[-73.0167,-8.9304],[-73.0037,-8.9442],[-72.9761,-8.9854],[-72.97,-9.0019],[-72.9594,-9.0856],[-72.9637,-9.1155],[-72.9824,-9.1471],[-73.0279,-9.1831],[-73.0285,-9.2106],[-73.0479,-9.2303],[-73.0784,-9.2369],[-73.0902,-9.2442],[-73.1176,-9.2919],[-73.1408,-9.3228],[-73.1935,-9.3757],[-73.215,-9.409],[-72.8133,-9.4109],[-72.6917,-9.4351],[-72.6723,-9.4467],[-72.6559,-9.439],[-72.5961,-9.4555],[-72.5545,-9.476],[-72.5356,-9.4816],[-72.4908,-9.4864],[-72.4302,-9.4822],[-72.3902,-9.4965],[-72.3445,-9.5329],[-72.3127,-9.5325],[-72.3068,-9.5409],[-72.3041,-9.6009],[-72.2949,-9.6175],[-72.2677,-9.6495],[-72.2617,-9.6674],[-72.277,-9.7243],[-72.2652,-9.7622],[-72.1947,-9.8058],[-72.1739,-9.8458],[-72.1604,-9.8877],[-72.1627,-9.9001],[-72.1839,-9.929],[-72.1846,-9.9846],[-72.1957,-10.0056],[-71.9636,-10.0059],[-71.607,-10.0065],[-71.3914,-10.0068],[-71.3734,-10.0023],[-71.3541,-9.9813],[-71.3396,-9.9798],[-71.3134,-9.9942],[-71.2803,-9.9835],[-71.2451,-9.9561],[-71.1965,-9.9399],[-71.1831,-9.9206],[-71.1611,-9.8756],[-71.1443,-9.8631],[-71.0775,-9.8338],[-71.0154,-9.8175],[-70.9972,-9.8035],[-70.9776,-9.7667],[-70.9575,-9.7453],[-70.9203,-9.7201],[-70.8916,-9.6786],[-70.8755,-9.6605],[-70.8252,-9.6336],[-70.8054,-9.618],[-70.7678,-9.5799],[-70.7473,-9.5646],[-70.6808,-9.5277],[-70.6621,-9.5092],[-70.6271,-9.4666],[-70.6064,-9.4488],[-70.5869,-9.4395],[-70.525,-9.4309],[-70.5238,-9.444],[-70.5357,-9.4644],[-70.5433,-9.4935],[-70.5619,-9.5017],[-70.5551,-9.516],[-70.5679,-9.5192],[-70.5781,-9.5418],[-70.5645,-9.5654],[-70.6244,-9.5658],[-70.6147,-9.5841],[-70.6008,-9.6353],[-70.5896,-9.6503],[-70.5602,-9.6733],[-70.5486,-9.6877],[-70.5419,-9.7082],[-70.5434,-9.7269],[-70.5796,-9.7857],[-70.5952,-9.779],[-70.6151,-9.7923],[-70.629,-9.8116],[-70.6384,-9.8518],[-70.6389,-10.0389],[-70.6395,-10.2935],[-70.6402,-10.5481],[-70.6409,-10.8026],[-70.6413,-11.0108],[-70.5556,-10.9428],[-70.5341,-10.9381],[-70.5072,-10.9613],[-70.4625,-11.0139],[-70.4373,-11.0367],[-70.3913,-11.0591],[-70.341,-11.0672],[-70.2894,-11.0647],[-70.2395,-11.0551],[-70.1987,-11.0412],[-69.9561,-10.9193],[-69.9142,-10.9214],[-69.8757,-10.928],[-69.8351,-10.9253],[-69.8083,-10.9272],[-69.7911,-10.9343],[-69.7534,-10.9583],[-69.7202,-10.9649],[-69.5962,-10.952],[-69.5029,-10.9553],[-69.4634,-10.9513],[-69.3959,-10.935],[-69.3296,-10.9494],[-69.2935,-10.955],[-69.2368,-10.9529],[-69.1585,-10.9621],[-69.1215,-10.9706],[-69.0869,-10.9672],[-69.0713,-10.97],[-68.997,-11.0017],[-68.9554,-11.0005],[-68.9081,-11.0134],[-68.884,-11.0164],[-68.8047,-10.9947],[-68.7576,-11.0119],[-68.7856,-11.0593],[-68.7912,-11.0851],[-68.787,-11.126],[-68.7759,-11.1406],[-68.7583,-11.1411],[-68.6157,-11.1125],[-68.588,-11.0986],[-68.5361,-11.0615],[-68.4933,-11.0474],[-68.4282,-11.0437],[-68.3964,-11.0144],[-68.3783,-11.005],[-68.3311,-11.0005],[-68.2933,-10.979],[-68.2744,-10.9601],[-68.2438,-10.917],[-68.2176,-10.858],[-68.2036,-10.8389],[-68.1473,-10.7796],[-68.1121,-10.7141],[-68.0979,-10.6977],[-68.0746,-10.6817],[-68.0438,-10.6669],[-68.0102,-10.6597],[-67.9818,-10.6644],[-67.8626,-10.6588],[-67.8333,-10.665],[-67.8143,-10.6759],[-67.775,-10.7065],[-67.7558,-10.7142],[-67.7217,-10.7055],[-67.7051,-10.6767],[-67.696,-10.6405],[-67.6847,-10.6105],[-67.6435,-10.5745],[-67.6111,-10.5288],[-67.5846,-10.5018],[-67.5293,-10.4785],[-67.4882,-10.4648],[-67.468,-10.4523],[-67.4366,-10.4175],[-67.4293,-10.3904],[-67.4092,-10.3788],[-67.365,-10.3781],[-67.3428,-10.3725],[-67.3337,-10.3567],[-67.3378,-10.3261],[-67.3007,-10.3151],[-67.2592,-10.3137],[-67.2018,-10.3268],[-67.1723,-10.3196],[-67.1591,-10.2971],[-67.1418,-10.2856],[-67.11,-10.2826],[-67.0643,-10.2569],[-66.9027,-10.0931],[-66.7706,-9.9926],[-66.7516,-9.9826],[-66.67,-9.9515],[-66.6548,-9.9372],[-66.6489,-9.9159],[-66.8305,-9.838],[-69.8068,-8.4545],[-70.3715,-8.1573],[-72.6637,-7.5916],[-73.7944,-7.1228],[-73.8068,-7.1179]]]},"properties":{"name":"Acre","name_en":"Acre","name_ja":"アクレ州","name_zh":"阿克里州","name_ko":"아크리","adm0_a3":"BRA","postal":"AC","iso_3166_2":"BR-AC","type_en":"State","geonunit":"Brazil"}},
{"type":"Feature","geometry":{"type":"MultiPolygon","coordinates":[[[[-51.9083,-1.158],[-51.8341,-1.1347],[-51.8221,-1.1236],[-51.8006,-1.0927],[-51.7848,-1.0836],[-51.7518,-1.0553],[-51.7242,-1.0392],[-51.7112,-1.0112],[-51.7108,-0.9786],[-51.7242,-0.8777],[-51.7137,-0.7932],[-51.6975,-0.7472],[-51.6565,-0.6959],[-51.6286,-0.676],[-51.579,-0.6043],[-51.5324,-0.5519],[-51.5467,-0.5456],[-51.5611,-0.5587],[-51.5876,-0.5587],[-51.5876,-0.5519],[-51.5528,-0.5456],[-51.5528,-0.5383],[-51.5802,-0.5252],[-51.5625,-0.5255],[-51.5218,-0.5383],[-51.4862,-0.5172],[-51.4536,-0.4867],[-51.4452,-0.4714],[-51.443,-0.4284],[-51.401,-0.3896],[-51.3884,-0.3737],[-51.3638,-0.3261],[-51.3567,-0.2905],[-51.3376,-0.261],[-51.3225,-0.2153],[-51.2512,-0.1274],[-51.2663,-0.1271],[-51.2822,-0.1031],[-51.3177,-0.0907],[-51.327,-0.0795],[-51.3089,-0.0768],[-51.2655,-0.0834],[-51.2393,-0.0726],[-51.2152,-0.0687],[-51.2016,-0.0491],[-51.1601,-0.0393],[-51.0973,-0.0379],[-51.0814,-0.0325],[-51.0692,-0.0193],[-51.0174,0.0714],[-50.9798,0.1204],[-50.9289,0.1554],[-50.854,0.1737],[-50.8192,0.1737],[-50.7906,0.1695],[-50.694,0.2864],[-50.609,0.3739],[-50.5607,0.448],[-50.4997,0.556],[-50.4659,0.6464],[-50.4534,0.664],[-50.4332,0.6787],[-50.3667,0.7156],[-50.3456,0.7363],[-50.3125,0.8172],[-50.2616,0.8698],[-50.2486,0.8801],[-50.1704,0.9165],[-50.1414,0.9415],[-50.1061,0.9953],[-50.0964,1.0036],[-50.0609,1.0189],[-50.0467,1.0529],[-50.0412,1.088],[-50.0316,1.1059],[-50.0143,1.0709],[-49.9788,1.0722],[-49.9389,1.0972],[-49.9081,1.1333],[-49.89,1.1652],[-49.8907,1.186],[-49.9049,1.2068],[-49.9215,1.2185],[-49.9448,1.2185],[-49.9755,1.1975],[-50.0262,1.1976],[-50.0674,1.1872],[-50.098,1.1947],[-50.1202,1.1852],[-50.1382,1.1937],[-50.1497,1.2212],[-50.1413,1.2254],[-50.1022,1.2147],[-50.0673,1.2252],[-50.025,1.2304],[-49.9753,1.245],[-49.9129,1.2723],[-49.883,1.3077],[-49.873,1.3599],[-49.8763,1.4334],[-49.8876,1.4691],[-49.8991,1.558],[-49.9008,1.6117],[-49.9102,1.6643],[-49.923,1.6902],[-49.9506,1.7213],[-50.0041,1.7516],[-50.1379,1.7989],[-50.1646,1.8156],[-50.1832,1.8189],[-50.2579,1.8078],[-50.3306,1.8181],[-50.3531,1.8049],[-50.3934,1.7978],[-50.4326,1.8025],[-50.4665,1.8154],[-50.4909,1.8328],[-50.5092,1.8572],[-50.5222,1.9125],[-50.5597,1.9631],[-50.5941,2.0287],[-50.6001,2.0752],[-50.6196,2.1052],[-50.66,2.1307],[-50.6793,2.1345],[-50.7021,2.1303],[-50.7206,2.1194],[-50.7441,2.086],[-50.746,2.053],[-50.7615,2.0439],[-50.7797,2.071],[-50.7646,2.124],[-50.7911,2.1505],[-50.7857,2.1618],[-50.7782,2.15],[-50.7373,2.1345],[-50.7132,2.1385],[-50.6955,2.1473],[-50.6793,2.1717],[-50.686,2.1985],[-50.7126,2.2368],[-50.7205,2.2926],[-50.7338,2.3133],[-50.7424,2.3785],[-50.7611,2.4188],[-50.763,2.4436],[-50.7916,2.4946],[-50.8055,2.5044],[-50.8236,2.4897],[-50.8395,2.4975],[-50.8368,2.5146],[-50.8219,2.5284],[-50.819,2.5524],[-50.8347,2.5934],[-50.8522,2.6661],[-50.8734,2.7039],[-50.875,2.7287],[-50.8936,2.7629],[-50.9028,2.7938],[-50.9445,2.8222],[-50.9495,2.8479],[-50.9442,2.8752],[-50.9645,2.9163],[-50.9797,2.9387],[-50.9889,2.9806],[-51.004,3.0227],[-51.0168,3.0356],[-51.0192,3.057],[-51.014,3.0724],[-51.0184,3.092],[-51.0406,3.1509],[-51.0278,3.1816],[-51.036,3.2292],[-51.0927,3.3763],[-51.0965,3.449],[-51.0794,3.4921],[-51.09,3.725],[-51.0799,3.8823],[-51.0932,3.9072],[-51.1164,3.9062],[-51.1364,3.8677],[-51.1488,3.8271],[-51.1556,3.7377],[-51.1735,3.6713],[-51.1761,3.6483],[-51.1975,3.6995],[-51.1802,3.8044],[-51.1794,4.0252],[-51.1869,4.0788],[-51.2244,4.165],[-51.2983,4.2585],[-51.3892,4.3589],[-51.4907,4.4277],[-51.5165,4.4411],[-51.5477,4.4218],[-51.561,4.3571],[-51.5467,4.255],[-51.4982,4.1054],[-51.4635,4.0319],[-51.4354,3.9859],[-51.4282,3.9578],[-51.4368,3.9295],[-51.451,3.9705],[-51.5119,4.0803],[-51.5392,4.1492],[-51.5522,4.2072],[-51.5716,4.2354],[-51.5853,4.2338],[-51.5969,4.2155],[-51.5958,4.1579],[-51.6317,4.0678],[-51.6516,4.0477],[-51.6832,4.0394],[-51.7579,4.0025],[-51.7832,3.9809],[-51.7975,3.95],[-51.8062,3.9175],[-51.8186,3.8911],[-51.8354,3.8675],[-51.8997,3.7967],[-51.9309,3.7814],[-51.941,3.7636],[-51.9382,3.7425],[-51.9487,3.7251],[-51.9728,3.7217],[-51.9884,3.7046],[-51.9954,3.6853],[-52.0031,3.6423],[-52.0128,3.6191],[-52.0545,3.5567],[-52.0742,3.5166],[-52.0936,3.5069],[-52.0928,3.4814],[-52.2279,3.2601],[-52.2512,3.2431],[-52.2795,3.2425],[-52.2991,3.2253],[-52.3194,3.1776],[-52.3553,3.1516],[-52.3618,3.132],[-52.3611,3.1093],[-52.3516,3.066],[-52.3532,3.0584],[-52.4166,2.9425],[-52.4222,2.9275],[-52.4093,2.8973],[-52.4416,2.8813],[-52.4553,2.865],[-52.5333,2.6899],[-52.5396,2.6594],[-52.551,2.646],[-52.5716,2.6386],[-52.5721,2.623],[-52.5558,2.5981],[-52.5535,2.5734],[-52.5691,2.5504],[-52.5904,2.5047],[-52.6192,2.4635],[-52.6561,2.4309],[-52.6772,2.3904],[-52.7077,2.3589],[-52.8197,2.2915],[-52.8627,2.2742],[-52.8802,2.2604],[-52.9067,2.205],[-52.9231,2.1937],[-52.9341,2.1964],[-52.9597,2.1752],[-52.9809,2.1733],[-53.0191,2.182],[-53.0612,2.1863],[-53.0922,2.2119],[-53.1134,2.2193],[-53.1323,2.2193],[-53.2528,2.1965],[-53.2685,2.1957],[-53.2797,2.205],[-53.2722,2.22],[-53.2543,2.2342],[-53.2347,2.2413],[-53.2342,2.251],[-53.2974,2.3037],[-53.3226,2.3386],[-53.3441,2.3496],[-53.3785,2.3076],[-53.3904,2.299],[-53.4254,2.286],[-53.4732,2.2541],[-53.5115,2.2523],[-53.5318,2.247],[-53.5473,2.2518],[-53.579,2.2704],[-53.646,2.2785],[-53.7132,2.3074],[-53.7422,2.3085],[-53.7482,2.3193],[-53.7374,2.3491],[-53.7483,2.3647],[-53.7648,2.3687],[-53.801,2.3538],[-53.8309,2.3101],[-53.8668,2.3049],[-53.8885,2.2738],[-53.9012,2.2645],[-53.9329,2.2696],[-53.9461,2.222],[-53.9639,2.2093],[-54.006,2.1943],[-54.028,2.1786],[-54.0433,2.1877],[-54.0693,2.1883],[-54.0842,2.1693],[-54.0984,2.128],[-54.1114,2.1143],[-54.1349,2.1107],[-54.1574,2.1217],[-54.1885,2.1613],[-54.21,2.1616],[-54.2638,2.1482],[-54.314,2.1549],[-54.3351,2.1639],[-54.3739,2.1965],[-54.4025,2.1971],[-54.434,2.2093],[-54.4766,2.2141],[-54.4927,2.2227],[-54.5114,2.2434],[-54.5458,2.2686],[-54.5491,2.2794],[-54.5264,2.2827],[-54.5646,2.3148],[-54.5882,2.3244],[-54.6153,2.3263],[-54.6534,2.3165],[-54.6925,2.319],[-54.7041,2.3248],[-54.7067,2.3532],[-54.7157,2.3759],[-54.71,2.3948],[-54.6956,2.4035],[-54.7032,2.4458],[-54.743,2.4665],[-54.7755,2.4573],[-54.7431,2.4291],[-54.7347,2.4147],[-54.7335,2.3692],[-54.7178,2.2952],[-54.7161,2.266],[-54.7322,2.2411],[-54.7455,2.1996],[-54.7536,2.1869],[-54.7748,2.1824],[-54.7838,2.1681],[-54.7874,2.1284],[-54.7654,2.1093],[-54.7533,2.0823],[-54.7627,2.0551],[-54.7864,2.0377],[-54.7979,2.02],[-54.7949,2.0102],[-54.7718,1.9998],[-54.7625,1.9694],[-54.7662,1.8972],[-54.7618,1.8774],[-54.7533,1.805],[-54.7355,1.772],[-54.7155,1.772],[-54.6884,1.7636],[-54.6583,1.7671],[-54.6292,1.7791],[-54.5943,1.784],[-54.5777,1.7821],[-54.5497,1.7689],[-54.522,1.7624],[-54.4961,1.7478],[-54.4519,1.7587],[-54.4359,1.7567],[-54.4118,1.7632],[-54.3806,1.7515],[-54.3665,1.7622],[-54.2946,1.7262],[-54.2786,1.7112],[-54.26,1.703],[-54.2483,1.6892],[-54.2301,1.6814],[-54.2016,1.6554],[-54.1716,1.6588],[-54.1541,1.6454],[-54.1282,1.611],[-54.1047,1.6113],[-54.1134,1.5862],[-54.1098,1.5753],[-54.0847,1.5407],[-54.0884,1.5235],[-54.077,1.5048],[-54.0297,1.5075],[-54.0055,1.5233],[-53.983,1.5121],[-53.9745,1.4966],[-53.9524,1.4848],[-53.9411,1.4702],[-53.9236,1.4619],[-53.9219,1.4442],[-53.8967,1.4294],[-53.8897,1.4059],[-53.8631,1.4017],[-53.8516,1.3846],[-53.8284,1.3858],[-53.8277,1.4127],[-53.8185,1.416],[-53.7819,1.4061],[-53.7585,1.3936],[-53.7426,1.4087],[-53.7399,1.4343],[-53.7179,1.4356],[-53.7229,1.4218],[-53.6968,1.4113],[-53.6774,1.4257],[-53.6606,1.4193],[-53.663,1.3956],[-53.6598,1.3701],[-53.6511,1.3627],[-53.6041,1.3743],[-53.579,1.3653],[-53.5555,1.3658],[-53.5495,1.3476],[-53.5626,1.3336],[-53.5601,1.3106],[-53.5436,1.2914],[-53.5414,1.2739],[-53.5469,1.2476],[-53.5375,1.2424],[-53.4624,1.2635],[-53.4389,1.2604],[-53.4308,1.2516],[-53.4248,1.2276],[-53.4093,1.2002],[-53.4086,1.1836],[-53.437,1.1714],[-53.455,1.1708],[-53.4661,1.1551],[-53.4665,1.1296],[-53.4609,1.1009],[-53.433,1.0469],[-53.4361,1.0155],[-53.4263,0.9992],[-53.4239,0.9653],[-53.4162,0.9418],[-53.3947,0.9182],[-53.3559,0.8903],[-53.3448,0.8786],[-53.3288,0.8439],[-53.299,0.804],[-53.2644,0.7808],[-53.2226,0.7676],[-53.1324,0.7509],[-53.1187,0.7421],[-53.1122,0.7201],[-53.1126,0.6815],[-53.1284,0.6219],[-53.1311,0.5713],[-53.1396,0.5387],[-53.1395,0.5145],[-53.1309,0.4819],[-53.1284,0.387],[-53.0831,0.2904],[-53.0732,0.2772],[-53.0491,0.2588],[-53.0415,0.2472],[-53.0309,0.1962],[-53.0072,0.137],[-53.0052,0.1121],[-53.0159,0.0554],[-53.0119,0.0408],[-52.9905,0.0001],[-52.9739,-0.0158],[-52.9236,-0.1759],[-52.9154,-0.192],[-52.8726,-0.2025],[-52.8267,-0.1798],[-52.8137,-0.1802],[-52.797,-0.1959],[-52.7857,-0.2183],[-52.6995,-0.3046],[-52.686,-0.3382],[-52.6747,-0.3556],[-52.6382,-0.3818],[-52.6269,-0.3972],[-52.6268,-0.4756],[-52.6363,-0.5208],[-52.6319,-0.5569],[-52.615,-0.5957],[-52.6043,-0.6114],[-52.5634,-0.6184],[-52.537,-0.6333],[-52.5266,-0.6475],[-52.5225,-0.6913],[-52.509,-0.7307],[-52.5095,-0.7685],[-52.5191,-0.793],[-52.5102,-0.8279],[-52.5194,-0.8594],[-52.5174,-0.8758],[-52.4996,-0.8812],[-52.4393,-0.862],[-52.4213,-0.8605],[-52.3991,-0.8689],[-52.3725,-0.9005],[-52.3689,-0.9232],[-52.3904,-0.9561],[-52.3889,-0.9727],[-52.3755,-1.0007],[-52.3744,-1.0327],[-52.3667,-1.0614],[-52.3582,-1.0698],[-52.3225,-1.0822],[-52.2778,-1.1274],[-52.2405,-1.1446],[-52.1311,-1.1517],[-52.1159,-1.1576],[-52.0944,-1.1766],[-52.0796,-1.2095],[-52.0688,-1.2192],[-52.0561,-1.2128],[-52.0537,-1.1787],[-52.0268,-1.1649],[-51.9955,-1.1645],[-51.984,-1.1426],[-51.9741,-1.1412],[-51.9518,-1.1545],[-51.9282,-1.1462],[-51.9083,-1.158]]],[[[-50.2024,0.7497],[-50.1512,0.7496],[-50.1034,0.7557],[-50.0836,0.7792],[-50.0763,0.7986],[-50.0497,0.8211],[-50.0157,0.8925],[-50.0269,0.9038],[-50.0586,0.9018],[-50.0861,0.9162],[-50.1117,0.9183],[-50.1321,0.9142],[-50.1588,0.8867],[-50.2255,0.8592],[-50.275,0.8091],[-50.2834,0.7692],[-50.2753,0.7456],[-50.2414,0.7446],[-50.2024,0.7497]]],[[[-50.0626,0.9233],[-50.0083,0.941],[-49.9973,0.9525],[-49.964,0.9738],[-49.9525,0.9966],[-49.9162,1.0566],[-49.9264,1.0699],[-49.9468,1.0628],[-49.967,1.0431],[-49.9984,1.034],[-50.0319,1.015],[-50.0492,0.9856],[-50.0737,0.9774],[-50.1003,0.9591],[-50.0993,0.9386],[-50.0718,0.9314],[-50.0626,0.9233]]],[[[-50.4544,2.1109],[-50.4701,2.0977],[-50.5042,2.0957],[-50.5113,2.0798],[-50.5117,2.0562],[-50.5208,2.0317],[-50.5238,2.0015],[-50.4976,1.9846],[-50.4955,1.9672],[-50.4766,1.9427],[-50.4586,1.881],[-50.4191,1.863],[-50.3766,1.8783],[-50.339,1.9127],[-50.3125,1.9471],[-50.314,1.9683],[-50.325,1.9918],[-50.3532,2.0343],[-50.3569,2.0594],[-50.3996,2.1151],[-50.4415,2.108],[-50.4544,2.1109]]],[[[-50.5435,2.1462],[-50.5257,2.1377],[-50.5202,2.1154],[-50.4979,2.1074],[-50.4733,2.1078],[-50.4576,2.1205],[-50.4247,2.1197],[-50.4152,2.1269],[-50.4178,2.1448],[-50.4305,2.165],[-50.4633,2.1869],[-50.5136,2.1873],[-50.5535,2.1563],[-50.5435,2.1462]]]]},"properties":{"name":"Amapá","name_en":"Amapá","name_ja":"アマパー州","name_zh":"阿马帕","name_ko":"아마파","adm0_a3":"BRA","postal":"AP","iso_3166_2":"BR-AP","type_en":"State","geonunit":"Brazil"}},
{"type":"Feature","geometry":{"type":"Polygon","coordinates":[[[-57.7245,-17.7366],[-57.733,-17.7685],[-57.6968,-17.8251],[-57.6988,-17.8431],[-57.7301,-17.8461],[-57.6369,-18.0011],[-57.5855,-18.1228],[-57.5511,-18.1836],[-57.5112,-18.2056],[-57.4745,-18.208],[-57.4657,-18.2177],[-57.4668,-18.2396],[-57.5357,-18.2405],[-57.5539,-18.2445],[-57.5667,-18.2561],[-57.63,-18.4484],[-57.724,-18.7337],[-57.7823,-18.9104],[-57.7422,-18.9136],[-57.7318,-18.922],[-57.7276,-18.9419],[-57.7158,-19.0446],[-57.7719,-19.0487],[-57.789,-19.0592],[-57.9116,-19.3029],[-58.0112,-19.5007],[-58.1246,-19.7299],[-58.1169,-19.758],[-57.8597,-19.9801],[-57.8956,-20.0242],[-57.9179,-20.0342],[-57.9592,-20.0262],[-57.9857,-20.0531],[-58.0224,-20.065],[-58.0535,-20.1077],[-58.0862,-20.1209],[-58.1036,-20.144],[-58.1588,-20.1651],[-58.1583,-20.1811],[-58.137,-20.1856],[-58.1185,-20.2144],[-58.1553,-20.2264],[-58.1627,-20.2432],[-58.1563,-20.2617],[-58.137,-20.2744],[-58.1098,-20.2607],[-58.0903,-20.2817],[-58.0999,-20.3092],[-58.0977,-20.3346],[-58.083,-20.3762],[-58.0456,-20.4093],[-57.9894,-20.4331],[-57.9921,-20.4509],[-58.0079,-20.4798],[-58.0089,-20.5257],[-58.0047,-20.5498],[-57.9933,-20.5738],[-57.991,-20.6206],[-57.9731,-20.6512],[-57.9806,-20.6927],[-57.965,-20.711],[-57.9564,-20.7099],[-57.9472,-20.6751],[-57.934,-20.6674],[-57.9043,-20.679],[-57.8843,-20.712],[-57.8602,-20.7303],[-57.8577,-20.7399],[-57.877,-20.7524],[-57.8988,-20.7566],[-57.9404,-20.7936],[-57.934,-20.7997],[-57.8877,-20.8059],[-57.8596,-20.8316],[-57.8571,-20.8497],[-57.8674,-20.8601],[-57.9087,-20.8816],[-57.9179,-20.8944],[-57.9148,-20.9056],[-57.893,-20.9148],[-57.847,-20.956],[-57.836,-20.9385],[-57.8176,-20.9536],[-57.816,-20.9754],[-57.8254,-20.9986],[-57.8525,-21.0378],[-57.8517,-21.052],[-57.836,-21.0825],[-57.8299,-21.127],[-57.834,-21.1738],[-57.8479,-21.2162],[-57.8707,-21.2476],[-57.899,-21.2672],[-57.9049,-21.2874],[-57.8823,-21.3164],[-57.8556,-21.3307],[-57.8633,-21.3569],[-57.9299,-21.4531],[-57.9453,-21.4872],[-57.9481,-21.5305],[-57.9398,-21.5482],[-57.9121,-21.564],[-57.939,-21.6237],[-57.9243,-21.6587],[-57.8956,-21.6884],[-57.939,-21.7553],[-57.9357,-21.8121],[-57.9559,-21.8511],[-57.9328,-21.8819],[-57.9254,-21.905],[-57.9299,-21.9174],[-57.9649,-21.9767],[-57.9868,-22.0353],[-57.9862,-22.0745],[-57.9614,-22.0901],[-57.94,-22.1184],[-57.9063,-22.1289],[-57.8714,-22.1212],[-57.8439,-22.1437],[-57.8158,-22.1283],[-57.7953,-22.131],[-57.7754,-22.124],[-57.7737,-22.1077],[-57.7562,-22.1106],[-57.7363,-22.1037],[-57.6896,-22.1093],[-57.6637,-22.1006],[-57.6545,-22.1045],[-57.6389,-22.1445],[-57.6141,-22.177],[-57.5967,-22.181],[-57.5547,-22.1703],[-57.5346,-22.1744],[-57.5112,-22.1888],[-57.4725,-22.1803],[-57.4179,-22.1938],[-57.385,-22.2133],[-57.375,-22.2073],[-57.3399,-22.217],[-57.3318,-22.2024],[-57.2717,-22.2138],[-57.2524,-22.2106],[-57.2275,-22.1913],[-57.2138,-22.1882],[-57.2064,-22.2075],[-57.19,-22.2136],[-57.1704,-22.2057],[-57.1542,-22.208],[-57.115,-22.2229],[-57.1085,-22.2335],[-57.0792,-22.2386],[-57.0595,-22.2327],[-57.0112,-22.2338],[-56.9757,-22.2417],[-56.9646,-22.2349],[-56.9655,-22.2509],[-56.9148,-22.2629],[-56.9037,-22.2369],[-56.892,-22.2522],[-56.8795,-22.29],[-56.8429,-22.289],[-56.8083,-22.248],[-56.787,-22.2518],[-56.7544,-22.2426],[-56.7435,-22.2504],[-56.7332,-22.2441],[-56.7154,-22.2154],[-56.6986,-22.2235],[-56.6646,-22.26],[-56.6441,-22.2554],[-56.6547,-22.2373],[-56.6292,-22.2247],[-56.585,-22.1905],[-56.5679,-22.1623],[-56.5546,-22.1521],[-56.546,-22.1301],[-56.5113,-22.0914],[-56.4218,-22.0745],[-56.3973,-22.0862],[-56.3708,-22.1473],[-56.3473,-22.1804],[-56.3168,-22.2077],[-56.2611,-22.2386],[-56.2315,-22.2654],[-56.1968,-22.2793],[-56.0247,-22.2874],[-55.9986,-22.2772],[-55.9553,-22.3013],[-55.8929,-22.3068],[-55.8744,-22.3173],[-55.861,-22.2895],[-55.8108,-22.3531],[-55.7702,-22.3814],[-55.7602,-22.392],[-55.7516,-22.4163],[-55.7483,-22.5009],[-55.7413,-22.5372],[-55.7239,-22.5696],[-55.6979,-22.5956],[-55.6312,-22.6268],[-55.6205,-22.6593],[-55.6278,-22.6921],[-55.6183,-22.7257],[-55.6286,-22.759],[-55.6459,-22.7879],[-55.659,-22.8183],[-55.6566,-22.8557],[-55.6343,-22.9328],[-55.64,-22.9838],[-55.6378,-23.0007],[-55.6007,-23.0445],[-55.5952,-23.0641],[-55.5994,-23.1171],[-55.5887,-23.1301],[-55.5609,-23.1459],[-55.5352,-23.2291],[-55.5356,-23.2459],[-55.559,-23.2913],[-55.5622,-23.3079],[-55.5556,-23.3303],[-55.5249,-23.3605],[-55.5139,-23.3794],[-55.5155,-23.4102],[-55.5425,-23.4658],[-55.5399,-23.5005],[-55.5331,-23.534],[-55.5339,-23.57],[-55.5305,-23.6035],[-55.5113,-23.6294],[-55.467,-23.6732],[-55.4453,-23.7354],[-55.4302,-23.9286],[-55.4207,-23.9545],[-55.398,-23.9768],[-55.3672,-23.9896],[-55.3043,-23.9941],[-55.2727,-24.0004],[-55.2368,-24.0127],[-55.2009,-24.0195],[-55.1654,-24.0168],[-55.1056,-23.9885],[-55.0423,-23.989],[-54.9946,-23.9731],[-54.9436,-23.9692],[-54.9267,-23.9599],[-54.8919,-23.9206],[-54.8274,-23.887],[-54.6968,-23.8452],[-54.6798,-23.8367],[-54.6546,-23.8115],[-54.6392,-23.8044],[-54.6126,-23.8112],[-54.4432,-23.8999],[-54.4229,-23.9138],[-54.3676,-23.9847],[-54.2457,-24.0504],[-54.2048,-24.0307],[-54.1776,-24.0055],[-54.0985,-23.9679],[-54.0772,-23.9492],[-54.0692,-23.9056],[-54.0678,-23.8165],[-54.0581,-23.7747],[-54.0267,-23.6978],[-54.0176,-23.6371],[-53.9716,-23.4887],[-53.9723,-23.453],[-53.9477,-23.4245],[-53.8623,-23.3926],[-53.7538,-23.328],[-53.7251,-23.2964],[-53.7053,-23.2585],[-53.6762,-23.1822],[-53.6569,-23.1455],[-53.6413,-23.106],[-53.633,-23.0191],[-53.6227,-22.9816],[-53.5968,-22.9202],[-53.5849,-22.9025],[-53.5527,-22.8723],[-53.4796,-22.8308],[-53.168,-22.7017],[-53.136,-22.6763],[-53.1093,-22.6454],[-53.0536,-22.5456],[-53.0482,-22.5389],[-53.0126,-22.5285],[-52.9873,-22.4856],[-52.967,-22.4589],[-52.937,-22.4613],[-52.9191,-22.4558],[-52.8426,-22.4206],[-52.8278,-22.391],[-52.8168,-22.3801],[-52.7235,-22.3279],[-52.6762,-22.2938],[-52.6212,-22.2738],[-52.5701,-22.2385],[-52.5389,-22.2325],[-52.5189,-22.2233],[-52.4954,-22.1995],[-52.4622,-22.1831],[-52.4382,-22.1562],[-52.3693,-22.0989],[-52.3554,-22.0565],[-52.3252,-21.999],[-52.3137,-21.9401],[-52.3038,-21.9249],[-52.2527,-21.8797],[-52.2172,-21.8623],[-52.1941,-21.8317],[-52.1849,-21.7887],[-52.1527,-21.7393],[-52.1027,-21.7159],[-52.0603,-21.6844],[-52.0436,-21.6661],[-52.0405,-21.6439],[-52.0507,-21.6241],[-52.0631,-21.6197],[-52.1063,-21.5503],[-52.1039,-21.5234],[-52.0852,-21.5108],[-52.0831,-21.4962],[-52.0705,-21.4803],[-52.0495,-21.4776],[-51.9989,-21.4854],[-51.9652,-21.4666],[-51.9362,-21.4227],[-51.9283,-21.402],[-51.8674,-21.343],[-51.8516,-21.2986],[-51.8551,-21.2571],[-51.8749,-21.1717],[-51.8711,-21.144],[-51.8585,-21.1297],[-51.8162,-21.1013],[-51.7929,-21.0898],[-51.7718,-21.0557],[-51.7457,-20.9956],[-51.711,-20.9663],[-51.6413,-20.8944],[-51.632,-20.877],[-51.621,-20.7683],[-51.6202,-20.6998],[-51.5981,-20.6616],[-51.5887,-20.6168],[-51.58,-20.5964],[-51.5622,-20.5849],[-51.5146,-20.5742],[-51.462,-20.5232],[-51.4397,-20.491],[-51.3966,-20.4414],[-51.3824,-20.4177],[-51.3449,-20.3773],[-51.3264,-20.3624],[-51.267,-20.3344],[-51.1372,-20.2973],[-51.087,-20.2634],[-51.0552,-20.2282],[-51.0291,-20.1893],[-50.994,-20.1017],[-51.0047,-20.028],[-51.0071,-19.9047],[-51.0276,-19.7541],[-51.0206,-19.6976],[-50.9973,-19.6676],[-50.9913,-19.6458],[-50.9906,-19.5915],[-50.9842,-19.576],[-50.95,-19.5685],[-50.9371,-19.5493],[-50.9637,-19.4965],[-50.9612,-19.4735],[-51.0343,-19.3683],[-51.0847,-19.3147],[-51.113,-19.293],[-51.1382,-19.2844],[-51.1866,-19.2866],[-51.2302,-19.2683],[-51.2685,-19.2668],[-51.3108,-19.2529],[-51.3416,-19.2229],[-51.4067,-19.1692],[-51.4299,-19.1577],[-51.4685,-19.1528],[-51.5417,-19.1357],[-51.5842,-19.138],[-51.6431,-19.1288],[-51.8421,-19.0481],[-51.8776,-19.0135],[-51.913,-18.9883],[-51.9508,-18.9754],[-52.005,-18.9652],[-52.0598,-18.9447],[-52.0705,-18.9355],[-52.0844,-18.9086],[-52.0985,-18.896],[-52.1736,-18.8488],[-52.2314,-18.8213],[-52.27,-18.8128],[-52.3225,-18.8165],[-52.3428,-18.8147],[-52.3658,-18.8038],[-52.4412,-18.7325],[-52.4698,-18.713],[-52.4964,-18.7051],[-52.6156,-18.7226],[-52.6428,-18.7201],[-52.6902,-18.7098],[-52.7597,-18.7103],[-52.8696,-18.6805],[-52.8963,-18.6648],[-52.8929,-18.6378],[-52.8566,-18.5567],[-52.8447,-18.5357],[-52.7865,-18.462],[-52.7722,-18.4347],[-52.769,-18.4118],[-52.7834,-18.3916],[-52.874,-18.3537],[-52.9094,-18.3461],[-52.925,-18.3511],[-52.9669,-18.3792],[-52.9876,-18.3879],[-53.011,-18.3787],[-53.0335,-18.3574],[-53.051,-18.3266],[-53.0567,-18.2931],[-53.0409,-18.0956],[-53.0434,-18.0666],[-53.0538,-18.0166],[-53.0658,-18.0219],[-53.1466,-18.0316],[-53.187,-18.0238],[-53.2114,-18.015],[-53.2875,-17.9988],[-53.3076,-17.9975],[-53.4019,-18.0022],[-53.4219,-17.9998],[-53.4336,-18.0095],[-53.4627,-18.0135],[-53.4936,-18.0117],[-53.5788,-17.9933],[-53.6047,-17.9929],[-53.7282,-18.008],[-53.7675,-18.001],[-53.8691,-17.9473],[-53.9416,-17.9281],[-53.9768,-17.9333],[-53.9888,-17.9022],[-53.9781,-17.8737],[-53.9662,-17.8551],[-53.9321,-17.8203],[-53.9144,-17.7832],[-53.8869,-17.7452],[-53.8751,-17.7053],[-53.8586,-17.689],[-53.8096,-17.6717],[-53.7689,-17.663],[-53.7506,-17.6428],[-53.732,-17.5413],[-53.7191,-17.5007],[-53.7146,-17.4336],[-53.6827,-17.3083],[-53.6816,-17.2566],[-53.6892,-17.2502],[-53.744,-17.2542],[-53.7737,-17.2676],[-53.8215,-17.3061],[-53.841,-17.3288],[-53.8595,-17.3624],[-53.951,-17.4579],[-53.9806,-17.4814],[-54.0382,-17.5103],[-54.0633,-17.5426],[-54.0835,-17.5863],[-54.1115,-17.6142],[-54.1436,-17.6273],[-54.1891,-17.6256],[-54.2354,-17.6374],[-54.3191,-17.6729],[-54.3511,-17.6796],[-54.3931,-17.6722],[-54.404,-17.6559],[-54.4125,-17.5985],[-54.4205,-17.5809],[-54.4833,-17.5435],[-54.5261,-17.5136],[-54.5479,-17.5071],[-54.6065,-17.505],[-54.6971,-17.5167],[-54.7522,-17.538],[-54.7792,-17.5561],[-54.8018,-17.5931],[-54.811,-17.6017],[-54.8987,-17.6496],[-54.9278,-17.6573],[-54.975,-17.6564],[-55.0762,-17.6804],[-55.117,-17.6775],[-55.1805,-17.6858],[-55.2896,-17.6277],[-55.3391,-17.5846],[-55.3763,-17.5739],[-55.4031,-17.5583],[-55.4441,-17.5459],[-55.5088,-17.5181],[-55.536,-17.5015],[-55.546,-17.4838],[-55.5756,-17.453],[-55.5883,-17.4207],[-55.6086,-17.3933],[-55.6318,-17.3805],[-55.6771,-17.3695],[-55.7069,-17.3591],[-55.7297,-17.3635],[-55.7875,-17.3515],[-55.8132,-17.3381],[-55.8339,-17.3131],[-55.8471,-17.3051],[-55.8786,-17.298],[-55.9085,-17.2832],[-55.9831,-17.2659],[-56.0085,-17.2428],[-56.0246,-17.2117],[-56.0612,-17.1923],[-56.1026,-17.1874],[-56.1328,-17.1894],[-56.1541,-17.1969],[-56.206,-17.2038],[-56.2487,-17.2186],[-56.2649,-17.2308],[-56.2976,-17.2684],[-56.3289,-17.2864],[-56.3615,-17.2817],[-56.3823,-17.3006],[-56.4028,-17.3113],[-56.4375,-17.3193],[-56.4882,-17.3039],[-56.5272,-17.3112],[-56.668,-17.3224],[-56.7467,-17.3165],[-56.7563,-17.3182],[-56.7855,-17.3448],[-56.7923,-17.3715],[-56.8033,-17.3815],[-56.8387,-17.397],[-56.8455,-17.4169],[-56.8425,-17.4407],[-56.8521,-17.4852],[-56.8754,-17.5079],[-56.8955,-17.5338],[-56.9445,-17.5655],[-56.9687,-17.5774],[-56.9795,-17.5993],[-56.9734,-17.6348],[-56.9789,-17.6568],[-57.0831,-17.7632],[-57.1313,-17.7866],[-57.2022,-17.7973],[-57.2239,-17.8034],[-57.2542,-17.8224],[-57.4182,-17.8641],[-57.443,-17.8865],[-57.4707,-17.9475],[-57.4766,-17.9382],[-57.4697,-17.9012],[-57.4928,-17.869],[-57.5304,-17.8574],[-57.5726,-17.8291],[-57.6023,-17.8181],[-57.6063,-17.7834],[-57.6124,-17.7671],[-57.634,-17.7412],[-57.6845,-17.7389],[-57.714,-17.7297],[-57.7245,-17.7366]]]},"properties":{"name":"Mato Grosso do Sul","name_en":"Mato Grosso do Sul","name_ja":"マットグロッソ・ド・スル州","name_zh":"南马托格罗索州","name_ko":"마투그로수두술","adm0_a3":"BRA","postal":"MS","iso_3166_2":"BR-MS","type_en":"State","geonunit":"Brazil"}},
{"type":"Feature","geometry":{"type":"MultiPolygon","coordinates":[[[[-54.2457,-24.0504],[-54.301,-24.0899],[-54.3248,-24.1182],[-54.3346,-24.1489],[-54.319,-24.1968],[-54.3141,-24.2342],[-54.2827,-24.2753],[-54.261,-24.3295],[-54.2622,-24.3585],[-54.2717,-24.3894],[-54.2841,-24.4113],[-54.3229,-24.4643],[-54.3345,-24.4967],[-54.3348,-24.5273],[-54.3207,-24.5959],[-54.3213,-24.6284],[-54.3711,-24.7667],[-54.3997,-24.8048],[-54.4073,-24.8212],[-54.4623,-25.0372],[-54.4633,-25.0728],[-54.4552,-25.0921],[-54.4297,-25.1306],[-54.4266,-25.1495],[-54.4357,-25.167],[-54.4694,-25.1955],[-54.4814,-25.2132],[-54.5036,-25.2787],[-54.5471,-25.3366],[-54.5757,-25.3603],[-54.598,-25.3975],[-54.6098,-25.4328],[-54.6124,-25.4655],[-54.6085,-25.4876],[-54.5915,-25.5247],[-54.6002,-25.5749],[-54.56,-25.5702],[-54.5456,-25.5748],[-54.5323,-25.6106],[-54.5114,-25.6062],[-54.473,-25.6258],[-54.4606,-25.6421],[-54.4535,-25.6832],[-54.4473,-25.6892],[-54.4331,-25.6766],[-54.4374,-25.645],[-54.4051,-25.6198],[-54.4028,-25.5903],[-54.3778,-25.5777],[-54.3497,-25.5824],[-54.3217,-25.5551],[-54.2844,-25.5568],[-54.2556,-25.5987],[-54.2437,-25.5776],[-54.1903,-25.5808],[-54.1947,-25.5633],[-54.2148,-25.5315],[-54.2069,-25.5279],[-54.1777,-25.5358],[-54.1543,-25.5283],[-54.1282,-25.5006],[-54.1072,-25.5006],[-54.126,-25.552],[-54.1231,-25.5718],[-54.109,-25.5903],[-54.0896,-25.5974],[-54.0893,-25.5589],[-54.0827,-25.5501],[-54.0554,-25.5707],[-54.0302,-25.5622],[-53.9974,-25.575],[-53.985,-25.5893],[-53.9677,-25.6532],[-53.9481,-25.6506],[-53.91,-25.6292],[-53.8981,-25.6395],[-53.8765,-25.6979],[-53.8855,-25.7226],[-53.877,-25.7461],[-53.8493,-25.7729],[-53.8373,-25.8092],[-53.8416,-25.8677],[-53.8296,-25.9213],[-53.8361,-25.9497],[-53.8262,-25.9727],[-53.7929,-26.0004],[-53.765,-26.0281],[-53.7535,-26.0587],[-53.7468,-26.0916],[-53.7334,-26.1264],[-53.6851,-26.1877],[-53.6667,-26.2192],[-53.6616,-26.2598],[-53.6486,-26.2626],[-53.6208,-26.2571],[-53.5512,-26.2736],[-53.5157,-26.2908],[-53.4966,-26.2931],[-53.46,-26.2879],[-53.3802,-26.2452],[-53.3552,-26.2416],[-53.281,-26.2631],[-53.2459,-26.2898],[-53.1817,-26.3289],[-53.1486,-26.3426],[-53.1216,-26.3674],[-53.0977,-26.3705],[-53.0433,-26.3665],[-52.9923,-26.3518],[-52.9787,-26.3527],[-52.9583,-26.3651],[-52.9146,-26.3641],[-52.8488,-26.3409],[-52.8158,-26.3366],[-52.6707,-26.3784],[-52.6546,-26.3861],[-52.6422,-26.402],[-52.6196,-26.4055],[-52.5439,-26.402],[-52.5048,-26.4114],[-52.457,-26.4326],[-52.4037,-26.4321],[-52.356,-26.4425],[-52.3336,-26.4441],[-52.3026,-26.4386],[-52.2261,-26.4543],[-52.1997,-26.4516],[-52.1773,-26.4595],[-52.1286,-26.4855],[-52.1099,-26.5149],[-52.0934,-26.5278],[-52.0353,-26.5617],[-52.0065,-26.5816],[-51.9616,-26.5802],[-51.9407,-26.583],[-51.8744,-26.6002],[-51.7069,-26.6019],[-51.6825,-26.597],[-51.6527,-26.583],[-51.612,-26.6042],[-51.5025,-26.5997],[-51.4853,-26.6106],[-51.4763,-26.6381],[-51.4571,-26.6486],[-51.4409,-26.6675],[-51.4235,-26.6993],[-51.4106,-26.7038],[-51.399,-26.6805],[-51.3327,-26.6624],[-51.2854,-26.6529],[-51.2527,-26.63],[-51.2386,-26.6073],[-51.2374,-26.5808],[-51.2483,-26.5502],[-51.2797,-26.5],[-51.2678,-26.4671],[-51.2891,-26.4453],[-51.2885,-26.4245],[-51.2572,-26.3837],[-51.2499,-26.3484],[-51.2131,-26.3127],[-51.1952,-26.3022],[-51.1363,-26.2868],[-51.1094,-26.27],[-51.0931,-26.2491],[-51.0723,-26.2351],[-51.0519,-26.2464],[-51.002,-26.2374],[-50.9884,-26.2425],[-50.968,-26.2653],[-50.958,-26.2645],[-50.943,-26.2461],[-50.918,-26.2533],[-50.9138,-26.275],[-50.901,-26.2784],[-50.8906,-26.2575],[-50.8753,-26.2521],[-50.85,-26.2565],[-50.8333,-26.2525],[-50.7991,-26.2294],[-50.7703,-26.2215],[-50.7416,-26.2361],[-50.733,-26.2323],[-50.7198,-26.1982],[-50.6744,-26.1463],[-50.6637,-26.1234],[-50.6465,-26.0702],[-50.6354,-26.0604],[-50.5784,-26.0512],[-50.5577,-26.0434],[-50.5864,-26.024],[-50.5935,-26.0092],[-50.5806,-26.0073],[-50.5416,-26.024],[-50.4768,-26.0221],[-50.4593,-26.0262],[-50.4456,-26.0463],[-50.4306,-26.0539],[-50.3845,-26.0605],[-50.3711,-26.0757],[-50.3623,-26.1016],[-50.3433,-26.1118],[-50.3247,-26.0983],[-50.329,-26.0763],[-50.3173,-26.0528],[-50.2842,-26.0383],[-50.2448,-26.0386],[-50.1918,-26.0541],[-50.15,-26.0441],[-50.1157,-26.0455],[-50.0258,-26.0294],[-49.9927,-26.0122],[-49.951,-26.0137],[-49.9281,-26.0271],[-49.8828,-26.0376],[-49.8164,-26.0901],[-49.7517,-26.1248],[-49.7306,-26.1431],[-49.7235,-26.1604],[-49.6662,-26.1937],[-49.5943,-26.2237],[-49.5516,-26.23],[-49.5135,-26.2294],[-49.4894,-26.2224],[-49.4716,-26.1835],[-49.4556,-26.1704],[-49.3752,-26.147],[-49.2954,-26.1077],[-49.2803,-26.094],[-49.2519,-26.058],[-49.2145,-26.0285],[-49.1754,-26.013],[-49.1421,-26.0067],[-49.1103,-25.9925],[-49.1046,-26.0087],[-49.0918,-26.0163],[-49.0685,-26.0098],[-49.0528,-26.0169],[-49.0326,-26.0002],[-49.0038,-26.0124],[-48.9801,-26.0061],[-48.9466,-26.0068],[-48.9318,-25.9977],[-48.9193,-25.9785],[-48.6504,-25.9715],[-48.6244,-25.9821],[-48.5827,-25.9809],[-48.5586,-25.9018],[-48.558,-25.8797],[-48.567,-25.8644],[-48.5785,-25.8728],[-48.743,-25.8728],[-48.7658,-25.8867],[-48.7694,-25.8674],[-48.743,-25.8517],[-48.6512,-25.8445],[-48.5832,-25.8547],[-48.586,-25.8381],[-48.5994,-25.8228],[-48.6201,-25.8176],[-48.6035,-25.8022],[-48.5785,-25.7971],[-48.586,-25.8176],[-48.5724,-25.8215],[-48.5585,-25.841],[-48.535,-25.8395],[-48.5171,-25.7971],[-48.5176,-25.7702],[-48.4327,-25.6225],[-48.3889,-25.5955],[-48.3612,-25.571],[-48.3867,-25.5439],[-48.4063,-25.5551],[-48.4557,-25.5507],[-48.4825,-25.5798],[-48.5034,-25.5719],[-48.4693,-25.5439],[-48.524,-25.5148],[-48.5587,-25.5273],[-48.5954,-25.5278],[-48.6064,-25.5439],[-48.6154,-25.53],[-48.6543,-25.5165],[-48.6431,-25.5024],[-48.6269,-25.5097],[-48.6201,-25.4962],[-48.6514,-25.4928],[-48.6833,-25.4987],[-48.7108,-25.4964],[-48.7294,-25.4682],[-48.6887,-25.4733],[-48.6836,-25.4627],[-48.6952,-25.4409],[-48.7188,-25.4226],[-48.7402,-25.3674],[-48.743,-25.3521],[-48.7309,-25.3596],[-48.6838,-25.4128],[-48.6354,-25.4446],[-48.5751,-25.462],[-48.558,-25.447],[-48.5374,-25.4545],[-48.5171,-25.447],[-48.4979,-25.4687],[-48.4727,-25.4757],[-48.4602,-25.4709],[-48.4481,-25.434],[-48.4178,-25.4283],[-48.4141,-25.4101],[-48.4346,-25.3795],[-48.4513,-25.3857],[-48.4522,-25.3683],[-48.4346,-25.3583],[-48.4457,-25.3474],[-48.4966,-25.3385],[-48.4789,-25.3316],[-48.4283,-25.3242],[-48.452,-25.2647],[-48.4557,-25.2485],[-48.4346,-25.2628],[-48.4346,-25.2423],[-48.4239,-25.2522],[-48.4072,-25.2839],[-48.3674,-25.3048],[-48.3537,-25.297],[-48.3726,-25.2716],[-48.3631,-25.2696],[-48.3512,-25.2507],[-48.3253,-25.2286],[-48.3355,-25.3186],[-48.3337,-25.3297],[-48.3191,-25.3242],[-48.3328,-25.3583],[-48.3187,-25.3577],[-48.2974,-25.3412],[-48.2863,-25.3228],[-48.2843,-25.29],[-48.2594,-25.3137],[-48.2425,-25.3154],[-48.2296,-25.3004],[-48.1742,-25.2906],[-48.1526,-25.282],[-48.1403,-25.2696],[-48.1273,-25.28],[-48.1371,-25.2896],[-48.1813,-25.3068],[-48.2092,-25.3242],[-48.2222,-25.3391],[-48.2229,-25.3521],[-48.2473,-25.4109],[-48.2502,-25.4278],[-48.2416,-25.4482],[-48.2251,-25.4597],[-48.2091,-25.4576],[-48.1965,-25.4169],[-48.1683,-25.3692],[-48.0915,-25.3253],[-48.0821,-25.3073],[-48.0814,-25.2956],[-48.0325,-25.2294],[-48.0485,-25.2175],[-48.0688,-25.2337],[-48.0923,-25.2371],[-48.1495,-25.2226],[-48.179,-25.2041],[-48.1871,-25.1897],[-48.1826,-25.1725],[-48.1862,-25.1489],[-48.2063,-25.0977],[-48.211,-25.0704],[-48.2302,-25.0136],[-48.2643,-25.0346],[-48.2766,-25.0332],[-48.2914,-25.0125],[-48.3356,-25.0125],[-48.3409,-24.9957],[-48.3608,-24.9772],[-48.3902,-24.9743],[-48.4142,-24.9599],[-48.4489,-24.9808],[-48.463,-24.9951],[-48.462,-25.0343],[-48.4814,-25.0516],[-48.495,-25.0773],[-48.5111,-25.0835],[-48.5662,-25.0577],[-48.5749,-25.0485],[-48.5924,-25.0019],[-48.5658,-24.9812],[-48.5566,-24.9445],[-48.562,-24.9122],[-48.559,-24.8984],[-48.5401,-24.8798],[-48.5475,-24.8306],[-48.5435,-24.8102],[-48.5151,-24.7946],[-48.5015,-24.7782],[-48.4876,-24.7457],[-48.4943,-24.7369],[-48.548,-24.7189],[-48.5715,-24.6912],[-48.5947,-24.6779],[-48.6132,-24.6804],[-48.6543,-24.705],[-48.6668,-24.7013],[-48.6764,-24.6749],[-48.6922,-24.6842],[-48.7414,-24.6924],[-48.7631,-24.6894],[-48.7808,-24.6955],[-48.8293,-24.6623],[-48.8522,-24.6632],[-48.8463,-24.6709],[-48.8722,-24.6691],[-48.9515,-24.675],[-48.9779,-24.6688],[-49.0068,-24.6398],[-49.028,-24.6345],[-49.0269,-24.6678],[-49.0527,-24.6847],[-49.0899,-24.6884],[-49.1453,-24.6776],[-49.1666,-24.6807],[-49.1851,-24.692],[-49.2181,-24.6898],[-49.2955,-24.666],[-49.3048,-24.6342],[-49.3006,-24.5919],[-49.3169,-24.5657],[-49.3196,-24.5487],[-49.3107,-24.532],[-49.2852,-24.5319],[-49.2784,-24.5231],[-49.2792,-24.4973],[-49.2711,-24.4721],[-49.2917,-24.4587],[-49.2951,-24.4484],[-49.2394,-24.4181],[-49.2372,-24.4076],[-49.2497,-24.3915],[-49.2248,-24.3626],[-49.2278,-24.3385],[-49.2732,-24.3152],[-49.2874,-24.296],[-49.3056,-24.2432],[-49.3292,-24.2321],[-49.3383,-24.2123],[-49.332,-24.1887],[-49.3332,-24.1405],[-49.3531,-24.1135],[-49.3758,-24.0987],[-49.4103,-24.0859],[-49.4325,-24.0595],[-49.4525,-24.0484],[-49.4946,-23.9905],[-49.5146,-23.9507],[-49.5176,-23.9333],[-49.5374,-23.9353],[-49.5488,-23.9285],[-49.5667,-23.9005],[-49.586,-23.8927],[-49.6018,-23.8644],[-49.5993,-23.8529],[-49.5826,-23.8481],[-49.5685,-23.8326],[-49.5634,-23.8091],[-49.561,-23.7628],[-49.5526,-23.7117],[-49.5569,-23.6963],[-49.5867,-23.6703],[-49.6062,-23.6411],[-49.6241,-23.5946],[-49.6256,-23.5547],[-49.6325,-23.532],[-49.6544,-23.5062],[-49.6153,-23.4082],[-49.6135,-23.3934],[-49.6189,-23.3476],[-49.6381,-23.2593],[-49.6695,-23.1959],[-49.6963,-23.1607],[-49.7245,-23.1345],[-49.7297,-23.1051],[-49.7457,-23.095],[-49.7697,-23.0963],[-49.8016,-23.0831],[-49.839,-23.063],[-49.881,-23.0576],[-49.9085,-23.0358],[-49.9079,-22.9984],[-49.9141,-22.9858],[-49.96,-22.964],[-49.9683,-22.9527],[-49.97,-22.9121],[-49.9888,-22.8995],[-49.9973,-22.9196],[-50.0275,-22.9119],[-50.1248,-22.9415],[-50.2075,-22.9491],[-50.2615,-22.936],[-50.2776,-22.9368],[-50.2913,-22.9533],[-50.3064,-22.9518],[-50.3331,-22.9395],[-50.3674,-22.9154],[-50.4002,-22.9157],[-50.4293,-22.9469],[-50.4401,-22.9422],[-50.5013,-22.9469],[-50.5434,-22.9324],[-50.6278,-22.9216],[-50.6755,-22.9251],[-50.6963,-22.9394],[-50.7252,-22.9512],[-50.7649,-22.9539],[-50.7855,-22.9436],[-50.7988,-22.9236],[-50.8162,-22.8861],[-50.8583,-22.8363],[-50.8801,-22.8221],[-51.1107,-22.7672],[-51.1815,-22.7403],[-51.2642,-22.6888],[-51.3551,-22.6501],[-51.397,-22.6567],[-51.4363,-22.6561],[-51.4736,-22.6778],[-51.5095,-22.6858],[-51.547,-22.6853],[-51.5867,-22.6759],[-51.6402,-22.6525],[-51.66,-22.6522],[-51.6793,-22.6623],[-51.6953,-22.6626],[-51.7445,-22.6179],[-51.7664,-22.6121],[-51.8302,-22.6179],[-51.8749,-22.6104],[-51.9838,-22.5484],[-52.0255,-22.5316],[-52.0667,-22.5217],[-52.117,-22.5292],[-52.1397,-22.5416],[-52.1492,-22.5593],[-52.1615,-22.6035],[-52.1747,-22.6248],[-52.1908,-22.6384],[-52.2171,-22.6438],[-52.2338,-22.6181],[-52.263,-22.5994],[-52.2873,-22.6005],[-52.3137,-22.6179],[-52.3367,-22.6183],[-52.3828,-22.6068],[-52.4457,-22.6029],[-52.4782,-22.6105],[-52.5208,-22.6146],[-52.5796,-22.5742],[-52.6147,-22.5695],[-52.6712,-22.5991],[-52.6939,-22.6037],[-52.7942,-22.5892],[-52.8376,-22.59],[-52.8547,-22.5868],[-52.8928,-22.5695],[-52.9472,-22.5708],[-52.9921,-22.59],[-53.0554,-22.6348],[-53.1049,-22.6796],[-53.1513,-22.699],[-53.168,-22.7017],[-53.4796,-22.8308],[-53.5527,-22.8723],[-53.5849,-22.9025],[-53.5968,-22.9202],[-53.6227,-22.9816],[-53.633,-23.0191],[-53.6413,-23.106],[-53.6569,-23.1455],[-53.6762,-23.1822],[-53.7053,-23.2585],[-53.7251,-23.2964],[-53.7538,-23.328],[-53.8623,-23.3926],[-53.9477,-23.4245],[-53.9723,-23.453],[-53.9716,-23.4887],[-54.0176,-23.6371],[-54.0267,-23.6978],[-54.0581,-23.7747],[-54.0678,-23.8165],[-54.0692,-23.9056],[-54.0772,-23.9492],[-54.0985,-23.9679],[-54.1776,-24.0055],[-54.2048,-24.0307],[-54.2457,-24.0504]]],[[[-48.3223,-25.3837],[-48.3383,-25.4082],[-48.3395,-25.4255],[-48.3215,-25.442],[-48.3239,-25.4675],[-48.3092,-25.486],[-48.2911,-25.4891],[-48.2559,-25.4657],[-48.2671,-25.4463],[-48.2682,-25.4269],[-48.2509,-25.3646],[-48.2554,-25.3482],[-48.269,-25.3482],[-48.3223,-25.3837]]]]},"properties":{"name":"Paraná","name_en":"Paraná","name_ja":"パラナ州","name_zh":"巴拉那州","name_ko":"파라나","adm0_a3":"BRA","postal":"PR","iso_3166_2":"BR-PR","type_en":"State","geonunit":"Brazil"}},
{"type":"Feature","geometry":{"type":"MultiPolygon","coordinates":[[[[-53.6616,-26.2598],[-53.6732,-26.2926],[-53.7159,-26.3467],[-53.7244,-26.3761],[-53.7128,-26.4696],[-53.7129,-26.5005],[-53.7375,-26.5253],[-53.7282,-26.5519],[-53.7424,-26.6005],[-53.7379,-26.6571],[-53.746,-26.6939],[-53.7717,-26.7037],[-53.7697,-26.7266],[-53.7479,-26.7391],[-53.7529,-26.7732],[-53.734,-26.7774],[-53.7224,-26.8144],[-53.7107,-26.8738],[-53.7125,-26.9045],[-53.7246,-26.9405],[-53.7685,-27.0241],[-53.8009,-27.0391],[-53.805,-27.0522],[-53.8049,-27.0944],[-53.8243,-27.1094],[-53.8283,-27.1218],[-53.8188,-27.1315],[-53.83,-27.1568],[-53.842,-27.1635],[-53.8309,-27.1664],[-53.786,-27.1484],[-53.7698,-27.1577],[-53.7591,-27.1798],[-53.7269,-27.1795],[-53.6774,-27.1539],[-53.6617,-27.1659],[-53.6534,-27.216],[-53.6313,-27.2105],[-53.6065,-27.1842],[-53.588,-27.175],[-53.5656,-27.1778],[-53.518,-27.1953],[-53.502,-27.1918],[-53.4976,-27.1735],[-53.5003,-27.1269],[-53.4856,-27.1136],[-53.4745,-27.1159],[-53.4542,-27.1403],[-53.402,-27.1204],[-53.3878,-27.1044],[-53.3689,-27.072],[-53.3298,-27.0968],[-53.2832,-27.1061],[-53.2774,-27.1195],[-53.2888,-27.1491],[-53.3142,-27.1955],[-53.2896,-27.1976],[-53.2431,-27.169],[-53.2174,-27.1614],[-53.1765,-27.1819],[-53.1651,-27.1747],[-53.1492,-27.1334],[-53.1246,-27.157],[-53.1093,-27.1637],[-53.0883,-27.1614],[-53.0695,-27.1505],[-53.0536,-27.0993],[-53.0377,-27.0859],[-53.0175,-27.0832],[-53.0021,-27.0959],[-53.0176,-27.1136],[-53.0256,-27.1334],[-53.02,-27.146],[-52.9983,-27.1403],[-52.9863,-27.152],[-52.9843,-27.1675],[-53.0021,-27.1989],[-53.001,-27.2148],[-52.9847,-27.2235],[-52.976,-27.2179],[-52.9642,-27.1881],[-52.9448,-27.1635],[-52.9393,-27.1912],[-52.9266,-27.2024],[-52.9072,-27.1967],[-52.8686,-27.1614],[-52.845,-27.1635],[-52.8274,-27.1999],[-52.8102,-27.2092],[-52.7855,-27.2129],[-52.7382,-27.2501],[-52.7291,-27.239],[-52.7081,-27.2444],[-52.6992,-27.2739],[-52.6734,-27.2501],[-52.6378,-27.257],[-52.609,-27.2552],[-52.543,-27.2365],[-52.5297,-27.2501],[-52.4856,-27.2571],[-52.4713,-27.2288],[-52.4479,-27.2161],[-52.4271,-27.2615],[-52.4161,-27.2713],[-52.4161,-27.2467],[-52.4059,-27.239],[-52.3956,-27.2467],[-52.3826,-27.288],[-52.3613,-27.2792],[-52.3342,-27.2781],[-52.3146,-27.2964],[-52.3,-27.2917],[-52.3088,-27.2546],[-52.2977,-27.2453],[-52.2727,-27.2433],[-52.2511,-27.2486],[-52.2465,-27.2672],[-52.269,-27.2713],[-52.2605,-27.2964],[-52.2476,-27.313],[-52.2318,-27.3191],[-52.2008,-27.2849],[-52.1791,-27.2682],[-52.1595,-27.2954],[-52.1172,-27.2926],[-52.1076,-27.3016],[-52.1111,-27.3291],[-52.0977,-27.3321],[-52.0183,-27.3304],[-52.0089,-27.3592],[-51.9649,-27.3684],[-51.9506,-27.3873],[-51.9829,-27.3864],[-52.012,-27.3941],[-51.9527,-27.4245],[-51.931,-27.4462],[-51.9568,-27.4624],[-51.9338,-27.4639],[-51.9158,-27.4494],[-51.9077,-27.4655],[-51.9025,-27.4978],[-51.8923,-27.5139],[-51.8772,-27.5204],[-51.869,-27.5088],[-51.8612,-27.476],[-51.8471,-27.4919],[-51.8566,-27.5089],[-51.829,-27.521],[-51.7793,-27.5238],[-51.7871,-27.4997],[-51.7791,-27.4901],[-51.7414,-27.4897],[-51.7173,-27.5107],[-51.7073,-27.5071],[-51.6868,-27.4795],[-51.6638,-27.4791],[-51.6564,-27.5034],[-51.6376,-27.5105],[-51.6247,-27.4932],[-51.6129,-27.4901],[-51.5961,-27.5375],[-51.563,-27.5238],[-51.5664,-27.5586],[-51.5513,-27.5713],[-51.4947,-27.5586],[-51.4662,-27.5616],[-51.4563,-27.5706],[-51.4429,-27.6064],[-51.4159,-27.6184],[-51.4002,-27.6315],[-51.3883,-27.6548],[-51.3615,-27.632],[-51.3469,-27.6272],[-51.3346,-27.6691],[-51.3023,-27.6732],[-51.2834,-27.691],[-51.292,-27.7163],[-51.2616,-27.7333],[-51.2269,-27.7678],[-51.2171,-27.7717],[-51.1896,-27.7647],[-51.1737,-27.7723],[-51.1492,-27.7943],[-51.1216,-27.802],[-51.1031,-27.8161],[-51.0805,-27.8211],[-51.0736,-27.8392],[-51.0504,-27.8702],[-51.0124,-27.9347],[-50.9842,-27.9559],[-50.9636,-27.95],[-50.9453,-27.9617],[-50.9153,-27.9975],[-50.8862,-28.0252],[-50.8812,-28.0583],[-50.8925,-28.0826],[-50.87,-28.0917],[-50.8675,-28.1272],[-50.8544,-28.1341],[-50.8299,-28.121],[-50.8042,-28.1391],[-50.7924,-28.134],[-50.7743,-28.1561],[-50.7544,-28.2157],[-50.744,-28.237],[-50.6962,-28.2643],[-50.6757,-28.2985],[-50.6416,-28.3401],[-50.6211,-28.3742],[-50.5801,-28.3879],[-50.5392,-28.4158],[-50.5139,-28.4029],[-50.4839,-28.4021],[-50.4463,-28.422],[-50.3868,-28.4247],[-50.3589,-28.4329],[-50.3467,-28.4499],[-50.318,-28.4385],[-50.217,-28.4499],[-50.1989,-28.4569],[-50.1618,-28.484],[-50.1452,-28.4836],[-50.1438,-28.4554],[-50.1222,-28.4427],[-50.1106,-28.4704],[-50.038,-28.4802],[-50.0012,-28.4603],[-49.9636,-28.4516],[-49.9412,-28.4714],[-49.8833,-28.4509],[-49.8643,-28.4558],[-49.8465,-28.484],[-49.8166,-28.4957],[-49.781,-28.4977],[-49.7667,-28.4722],[-49.7571,-28.4704],[-49.7366,-28.5114],[-49.7072,-28.5313],[-49.7211,-28.5467],[-49.7194,-28.562],[-49.6997,-28.5953],[-49.7043,-28.6087],[-49.73,-28.6171],[-49.7632,-28.6059],[-49.7804,-28.6099],[-49.796,-28.6239],[-49.8275,-28.6776],[-49.8459,-28.6969],[-49.8784,-28.7094],[-49.8943,-28.7295],[-49.9065,-28.7178],[-49.9202,-28.7175],[-49.9249,-28.7293],[-49.92,-28.7535],[-49.9275,-28.767],[-49.9471,-28.7811],[-49.9541,-28.7947],[-49.9625,-28.8567],[-49.9468,-28.9514],[-49.9741,-29.0321],[-50.0008,-29.0599],[-50.0056,-29.1031],[-50.0278,-29.1034],[-50.0402,-29.116],[-50.0697,-29.0926],[-50.0926,-29.1338],[-50.1065,-29.1497],[-50.1651,-29.1961],[-50.1605,-29.2421],[-50.1679,-29.2837],[-50.1627,-29.2962],[-50.1412,-29.3083],[-50.0892,-29.3218],[-50.0523,-29.3554],[-50.0393,-29.3497],[-50.0324,-29.3202],[-50.0524,-29.2899],[-50.0882,-29.2661],[-50.094,-29.2525],[-50.079,-29.2433],[-50.0335,-29.2345],[-50.0025,-29.2196],[-49.9746,-29.2173],[-49.9545,-29.1938],[-49.9291,-29.1961],[-49.8706,-29.2179],[-49.8544,-29.2288],[-49.8135,-29.2715],[-49.7962,-29.2802],[-49.7425,-29.2949],[-49.7357,-29.3169],[-49.7135,-29.3245],[-49.5523,-29.1274],[-49.3428,-28.9235],[-49.057,-28.7185],[-48.9764,-28.6752],[-48.9406,-28.6454],[-48.9125,-28.6379],[-48.8841,-28.6232],[-48.8259,-28.615],[-48.8153,-28.6104],[-48.796,-28.5795],[-48.7653,-28.5436],[-48.7499,-28.5114],[-48.7777,-28.5251],[-48.8085,-28.5046],[-48.843,-28.4875],[-48.8549,-28.4753],[-48.8384,-28.4372],[-48.8468,-28.426],[-48.8693,-28.4267],[-48.8717,-28.4098],[-48.8619,-28.4006],[-48.8623,-28.3805],[-48.874,-28.3463],[-48.8646,-28.3209],[-48.8506,-28.3237],[-48.7948,-28.3705],[-48.7909,-28.3815],[-48.805,-28.4084],[-48.8035,-28.4523],[-48.7809,-28.4875],[-48.7706,-28.492],[-48.7567,-28.4776],[-48.7631,-28.457],[-48.743,-28.4221],[-48.7245,-28.3714],[-48.6964,-28.3421],[-48.6884,-28.278],[-48.6359,-28.2302],[-48.6553,-28.2128],[-48.6537,-28.1902],[-48.6406,-28.1476],[-48.6332,-28.1067],[-48.6168,-28.0629],[-48.6023,-28.051],[-48.6007,-28.0284],[-48.6133,-28.0112],[-48.6166,-27.9908],[-48.6064,-27.9323],[-48.5994,-27.9168],[-48.5697,-27.878],[-48.5655,-27.8603],[-48.5882,-27.8536],[-48.5922,-27.8429],[-48.5741,-27.8334],[-48.5819,-27.8128],[-48.6292,-27.7675],[-48.6064,-27.7504],[-48.6269,-27.7197],[-48.6317,-27.6798],[-48.6474,-27.6474],[-48.6142,-27.6124],[-48.5946,-27.6012],[-48.586,-27.6132],[-48.5775,-27.594],[-48.5791,-27.5763],[-48.5902,-27.5637],[-48.6099,-27.5587],[-48.6474,-27.4796],[-48.637,-27.447],[-48.6133,-27.4283],[-48.5819,-27.4167],[-48.5755,-27.3849],[-48.5655,-27.3674],[-48.5519,-27.3873],[-48.5548,-27.3425],[-48.5723,-27.3122],[-48.6099,-27.3054],[-48.6201,-27.2607],[-48.6185,-27.2385],[-48.6064,-27.2234],[-48.5734,-27.1996],[-48.5419,-27.1824],[-48.5183,-27.1887],[-48.5162,-27.2063],[-48.5314,-27.2092],[-48.516,-27.2223],[-48.4859,-27.2107],[-48.4966,-27.1751],[-48.4761,-27.154],[-48.4968,-27.1491],[-48.5162,-27.1208],[-48.5344,-27.1305],[-48.5514,-27.1581],[-48.5652,-27.1614],[-48.588,-27.1506],[-48.6072,-27.1044],[-48.5963,-27.0861],[-48.5752,-27.0162],[-48.5922,-26.9963],[-48.6112,-26.9939],[-48.6201,-26.9826],[-48.6201,-26.9379],[-48.6154,-26.912],[-48.6269,-26.8971],[-48.6288,-26.8648],[-48.6205,-26.8372],[-48.5977,-26.8045],[-48.5837,-26.7949],[-48.578,-26.7765],[-48.5922,-26.7639],[-48.6269,-26.7709],[-48.6711,-26.7394],[-48.6822,-26.7192],[-48.6833,-26.6624],[-48.6754,-26.5947],[-48.6645,-26.5561],[-48.6142,-26.4568],[-48.6079,-26.4367],[-48.6359,-26.4186],[-48.6436,-26.3849],[-48.6598,-26.3707],[-48.7218,-26.3448],[-48.7377,-26.3191],[-48.7573,-26.3115],[-48.7982,-26.3049],[-48.7821,-26.2909],[-48.7573,-26.2912],[-48.7777,-26.2633],[-48.7562,-26.2494],[-48.7641,-26.2282],[-48.7561,-26.2035],[-48.767,-26.164],[-48.784,-26.154],[-48.7911,-26.1353],[-48.784,-26.1131],[-48.798,-26.0881],[-48.7886,-26.0634],[-48.7818,-26.091],[-48.7725,-26.1007],[-48.7641,-26.1471],[-48.7452,-26.1891],[-48.743,-26.2121],[-48.7338,-26.2247],[-48.7122,-26.2336],[-48.6679,-26.236],[-48.6554,-26.2253],[-48.6349,-26.1945],[-48.5925,-26.1839],[-48.5826,-26.1572],[-48.6001,-26.0712],[-48.6127,-26.0406],[-48.586,-25.9958],[-48.5827,-25.9809],[-48.6244,-25.9821],[-48.6504,-25.9715],[-48.9193,-25.9785],[-48.9318,-25.9977],[-48.9466,-26.0068],[-48.9801,-26.0061],[-49.0038,-26.0124],[-49.0326,-26.0002],[-49.0528,-26.0169],[-49.0685,-26.0098],[-49.0918,-26.0163],[-49.1046,-26.0087],[-49.1103,-25.9925],[-49.1421,-26.0067],[-49.1754,-26.013],[-49.2145,-26.0285],[-49.2519,-26.058],[-49.2803,-26.094],[-49.2954,-26.1077],[-49.3752,-26.147],[-49.4556,-26.1704],[-49.4716,-26.1835],[-49.4894,-26.2224],[-49.5135,-26.2294],[-49.5516,-26.23],[-49.5943,-26.2237],[-49.6662,-26.1937],[-49.7235,-26.1604],[-49.7306,-26.1431],[-49.7517,-26.1248],[-49.8164,-26.0901],[-49.8828,-26.0376],[-49.9281,-26.0271],[-49.951,-26.0137],[-49.9927,-26.0122],[-50.0258,-26.0294],[-50.1157,-26.0455],[-50.15,-26.0441],[-50.1918,-26.0541],[-50.2448,-26.0386],[-50.2842,-26.0383],[-50.3173,-26.0528],[-50.329,-26.0763],[-50.3247,-26.0983],[-50.3433,-26.1118],[-50.3623,-26.1016],[-50.3711,-26.0757],[-50.3845,-26.0605],[-50.4306,-26.0539],[-50.4456,-26.0463],[-50.4593,-26.0262],[-50.4768,-26.0221],[-50.5416,-26.024],[-50.5806,-26.0073],[-50.5935,-26.0092],[-50.5864,-26.024],[-50.5577,-26.0434],[-50.5784,-26.0512],[-50.6354,-26.0604],[-50.6465,-26.0702],[-50.6637,-26.1234],[-50.6744,-26.1463],[-50.7198,-26.1982],[-50.733,-26.2323],[-50.7416,-26.2361],[-50.7703,-26.2215],[-50.7991,-26.2294],[-50.8333,-26.2525],[-50.85,-26.2565],[-50.8753,-26.2521],[-50.8906,-26.2575],[-50.901,-26.2784],[-50.9138,-26.275],[-50.918,-26.2533],[-50.943,-26.2461],[-50.958,-26.2645],[-50.968,-26.2653],[-50.9884,-26.2425],[-51.002,-26.2374],[-51.0519,-26.2464],[-51.0723,-26.2351],[-51.0931,-26.2491],[-51.1094,-26.27],[-51.1363,-26.2868],[-51.1952,-26.3022],[-51.2131,-26.3127],[-51.2499,-26.3484],[-51.2572,-26.3837],[-51.2885,-26.4245],[-51.2891,-26.4453],[-51.2678,-26.4671],[-51.2797,-26.5],[-51.2483,-26.5502],[-51.2374,-26.5808],[-51.2386,-26.6073],[-51.2527,-26.63],[-51.2854,-26.6529],[-51.3327,-26.6624],[-51.399,-26.6805],[-51.4106,-26.7038],[-51.4235,-26.6993],[-51.4409,-26.6675],[-51.4571,-26.6486],[-51.4763,-26.6381],[-51.4853,-26.6106],[-51.5025,-26.5997],[-51.612,-26.6042],[-51.6527,-26.583],[-51.6825,-26.597],[-51.7069,-26.6019],[-51.8744,-26.6002],[-51.9407,-26.583],[-51.9616,-26.5802],[-52.0065,-26.5816],[-52.0353,-26.5617],[-52.0934,-26.5278],[-52.1099,-26.5149],[-52.1286,-26.4855],[-52.1773,-26.4595],[-52.1997,-26.4516],[-52.2261,-26.4543],[-52.3026,-26.4386],[-52.3336,-26.4441],[-52.356,-26.4425],[-52.4037,-26.4321],[-52.457,-26.4326],[-52.5048,-26.4114],[-52.5439,-26.402],[-52.6196,-26.4055],[-52.6422,-26.402],[-52.6546,-26.3861],[-52.6707,-26.3784],[-52.8158,-26.3366],[-52.8488,-26.3409],[-52.9146,-26.3641],[-52.9583,-26.3651],[-52.9787,-26.3527],[-52.9923,-26.3518],[-53.0433,-26.3665],[-53.0977,-26.3705],[-53.1216,-26.3674],[-53.1486,-26.3426],[-53.1817,-26.3289],[-53.2459,-26.2898],[-53.281,-26.2631],[-53.3552,-26.2416],[-53.3802,-26.2452],[-53.46,-26.2879],[-53.4966,-26.2931],[-53.5157,-26.2908],[-53.5512,-26.2736],[-53.6208,-26.2571],[-53.6486,-26.2626],[-53.6616,-26.2598]]],[[[-48.4346,-27.4047],[-48.4458,-27.4124],[-48.5171,-27.4283],[-48.5121,-27.4448],[-48.5375,-27.4762],[-48.5171,-27.5071],[-48.5239,-27.5307],[-48.5034,-27.545],[-48.5082,-27.5649],[-48.5471,-27.5772],[-48.526,-27.6114],[-48.5239,-27.6337],[-48.5502,-27.6583],[-48.5591,-27.6745],[-48.5444,-27.6816],[-48.5572,-27.7079],[-48.5635,-27.7398],[-48.5651,-27.8137],[-48.5426,-27.8167],[-48.5205,-27.7883],[-48.4861,-27.7743],[-48.4822,-27.7595],[-48.4975,-27.7239],[-48.4966,-27.7027],[-48.452,-27.6337],[-48.4416,-27.6277],[-48.4145,-27.5951],[-48.407,-27.5686],[-48.4141,-27.5341],[-48.3773,-27.4582],[-48.3799,-27.4357],[-48.4088,-27.3996],[-48.4266,-27.3889],[-48.4346,-27.4047]]],[[[-48.5444,-26.3419],[-48.5392,-26.3189],[-48.5161,-26.2813],[-48.5076,-26.2566],[-48.4891,-26.236],[-48.4934,-26.2189],[-48.5163,-26.184],[-48.5312,-26.1703],[-48.5476,-26.1672],[-48.5655,-26.1813],[-48.5581,-26.2055],[-48.5776,-26.2184],[-48.6072,-26.2273],[-48.63,-26.2397],[-48.6465,-26.2683],[-48.6753,-26.2739],[-48.7033,-26.3119],[-48.6573,-26.3453],[-48.6431,-26.3591],[-48.6113,-26.4128],[-48.5785,-26.421],[-48.5754,-26.3762],[-48.5479,-26.3518],[-48.5444,-26.3419]]]]},"properties":{"name":"Santa Catarina","name_en":"Santa Catarina","name_ja":"サンタカタリーナ州","name_zh":"圣卡塔琳娜州","name_ko":"산타카타리나","adm0_a3":"BRA","postal":"SC","iso_3166_2":"BR-SC","type_en":"State","geonunit":"Brazil"}},
{"type":"Feature","geometry":{"type":"Polygon","coordinates":[[[-63.3865,2.2359],[-63.4006,2.2046],[-63.4022,2.1705],[-63.4118,2.1494],[-63.4434,2.1372],[-63.5107,2.1246],[-63.562,2.1264],[-63.6175,2.1012],[-63.7626,1.9857],[-63.7832,1.975],[-63.8023,1.9723],[-63.9208,1.9743],[-63.9583,1.9707],[-63.995,1.958],[-64.0366,1.9273],[-64.0536,1.8937],[-64.0603,1.8075],[-64.076,1.7454],[-64.0725,1.6846],[-64.0809,1.6474],[-64.1095,1.5985],[-64.1297,1.5781],[-64.1771,1.5511],[-64.2321,1.4971],[-64.3015,1.4467],[-64.3219,1.4244],[-64.3407,1.3842],[-64.3529,1.3658],[-64.3701,1.3587],[-64.3896,1.3693],[-64.3948,1.3922],[-64.385,1.4364],[-64.3638,1.4774],[-64.3646,1.4971],[-64.3864,1.5102],[-64.409,1.5075],[-64.4331,1.494],[-64.4751,1.463],[-64.5279,1.4357],[-64.5512,1.4195],[-64.5703,1.3955],[-64.5912,1.3501],[-64.6042,1.3313],[-64.7309,1.2476],[-64.7512,1.2433],[-64.7713,1.2467],[-64.8214,1.2706],[-64.8393,1.2708],[-64.8974,1.2197],[-64.9561,1.2068],[-64.9994,1.172],[-65.0174,1.163],[-65.0225,1.14],[-65.0596,1.1324],[-65.1005,1.1361],[-65.1368,1.1269],[-65.1602,1.0802],[-65.1684,0.9965],[-65.179,0.9554],[-65.203,0.9238],[-65.2231,0.9144],[-65.2434,0.9131],[-65.2844,0.9194],[-65.3103,0.9187],[-65.3272,0.9103],[-65.389,0.8357],[-65.4096,0.7921],[-65.4094,0.7553],[-65.4139,0.7416],[-65.4327,0.7209],[-65.4512,0.6901],[-65.4729,0.6725],[-65.5197,0.6509],[-65.5427,0.6493],[-65.5605,0.656],[-65.5743,0.6702],[-65.5852,0.6915],[-65.5873,0.7391],[-65.5633,0.7779],[-65.5332,0.8163],[-65.517,0.8628],[-65.5185,0.8865],[-65.5358,0.9285],[-65.5598,0.958],[-65.5829,0.9777],[-65.6081,0.9853],[-65.6287,0.982],[-65.701,0.9844],[-65.7454,0.9742],[-65.7854,0.9491],[-65.872,0.909],[-65.9142,0.8746],[-65.9527,0.828],[-65.9741,0.807],[-65.9942,0.7947],[-66.0138,0.7897],[-66.0575,0.787],[-66.0792,0.7776],[-66.1111,0.7418],[-66.1344,0.7311],[-66.1563,0.733],[-66.189,0.7549],[-66.2087,0.7631],[-66.2283,0.7628],[-66.2851,0.7458],[-66.3462,0.7594],[-66.4071,0.8021],[-66.5841,0.9611],[-66.8751,1.2225],[-66.9134,1.2149],[-67.0652,1.1727],[-67.0861,1.176],[-67.0945,1.2012],[-67.0982,1.2534],[-67.0736,1.5412],[-67.083,1.6046],[-67.1172,1.7098],[-67.1557,1.7881],[-67.2648,1.9325],[-67.2886,1.9749],[-67.3204,2.0531],[-67.3406,2.0901],[-67.3658,2.115],[-67.4246,2.1381],[-67.4397,2.1396],[-67.4753,2.1119],[-67.5103,2.1074],[-67.5544,2.0731],[-67.5929,2.0548],[-67.6697,1.9733],[-67.7905,1.8126],[-67.8208,1.784],[-67.8605,1.7615],[-67.8932,1.7497],[-67.9288,1.7413],[-67.9649,1.7402],[-67.9982,1.75],[-68.0318,1.7775],[-68.0587,1.8164],[-68.0792,1.86],[-68.1012,1.9241],[-68.1111,1.9424],[-68.1261,1.9562],[-68.1698,1.9697],[-68.1852,1.9808],[-68.1874,2.0083],[-68.2008,2.0078],[-68.2608,1.8582],[-68.2802,1.8294],[-68.2483,1.8221],[-68.239,1.8103],[-68.239,1.7703],[-68.2015,1.7687],[-68.1935,1.7637],[-68.1888,1.7358],[-68.1633,1.7213],[-68.4126,1.721],[-68.7955,1.7207],[-69,1.7205],[-69.3524,1.7202],[-69.3934,1.7253],[-69.4692,1.7574],[-69.542,1.7727],[-69.5803,1.7702],[-69.6491,1.7389],[-69.6901,1.7355],[-69.7291,1.739],[-69.7464,1.7352],[-69.7892,1.7128],[-69.8075,1.7074],[-69.8562,1.7077],[-69.8488,1.6689],[-69.85,1.4628],[-69.8511,1.2566],[-69.8522,1.0594],[-69.8294,1.0572],[-69.7877,1.0842],[-69.7626,1.0911],[-69.7281,1.083],[-69.7265,1.061],[-69.716,1.0586],[-69.6199,1.0728],[-69.5968,1.0719],[-69.5533,1.0568],[-69.5101,1.0561],[-69.4783,1.0607],[-69.4598,1.0552],[-69.4473,1.0417],[-69.4182,1.0286],[-69.3709,1.063],[-69.3388,1.0641],[-69.2888,1.0384],[-69.2743,1.0282],[-69.2572,1.0069],[-69.2328,0.9884],[-69.2262,0.9572],[-69.2043,0.9437],[-69.21,0.9075],[-69.1939,0.8921],[-69.1707,0.8832],[-69.1524,0.8678],[-69.1523,0.8543],[-69.1754,0.8444],[-69.1776,0.8236],[-69.1678,0.779],[-69.1678,0.756],[-69.1923,0.7289],[-69.1893,0.7152],[-69.1521,0.6906],[-69.1375,0.6501],[-69.1437,0.6375],[-69.1623,0.6314],[-69.1901,0.6397],[-69.2084,0.6346],[-69.2262,0.6148],[-69.279,0.6192],[-69.2971,0.6181],[-69.2928,0.6456],[-69.3021,0.6566],[-69.3203,0.6563],[-69.3626,0.6409],[-69.3689,0.6444],[-69.4397,0.7158],[-69.4579,0.7281],[-69.4781,0.7328],[-69.5037,0.7296],[-69.5556,0.7002],[-69.5941,0.6893],[-69.6046,0.6674],[-69.6192,0.6507],[-69.6513,0.6574],[-69.6795,0.67],[-69.6947,0.6687],[-69.7329,0.639],[-69.7675,0.6207],[-69.8053,0.6069],[-69.8459,0.5987],[-69.9145,0.5945],[-69.9529,0.5858],[-69.9992,0.5898],[-70.0394,0.5746],[-70.0542,0.5881],[-70.0643,0.222],[-70.0738,-0.1249],[-70.068,-0.1601],[-70.0564,-0.181],[-70.0176,-0.2257],[-69.9667,-0.2723],[-69.9444,-0.3055],[-69.915,-0.3217],[-69.8752,-0.3306],[-69.8581,-0.3414],[-69.8423,-0.3732],[-69.8248,-0.3902],[-69.7914,-0.4082],[-69.7465,-0.453],[-69.6665,-0.4829],[-69.6321,-0.5069],[-69.6198,-0.5246],[-69.6071,-0.5668],[-69.6066,-0.5965],[-69.5842,-0.6446],[-69.5908,-0.6682],[-69.622,-0.7154],[-69.6284,-0.7334],[-69.6184,-0.7569],[-69.5807,-0.7994],[-69.5727,-0.8135],[-69.5757,-0.8392],[-69.5642,-0.8635],[-69.5433,-0.8787],[-69.5373,-0.8895],[-69.5392,-0.9206],[-69.5243,-0.941],[-69.4931,-0.9562],[-69.4712,-0.988],[-69.45,-0.9968],[-69.4398,-1.0487],[-69.4482,-1.0921],[-69.4105,-1.1527],[-69.3995,-1.1827],[-69.4211,-1.2386],[-69.4183,-1.2841],[-69.4347,-1.3764],[-69.4339,-1.4222],[-69.4523,-1.4905],[-69.4519,-1.5109],[-69.4664,-1.5611],[-69.507,-1.7836],[-69.5657,-2.106],[-69.6244,-2.4283],[-69.6831,-2.7507],[-69.7417,-3.0729],[-69.7712,-3.2342],[-69.8298,-3.5565],[-69.8885,-3.8788],[-69.9472,-4.2011],[-69.9649,-4.2365],[-69.9626,-4.2643],[-69.9718,-4.291],[-69.9894,-4.3146],[-70.0229,-4.3389],[-70.037,-4.3409],[-70.0633,-4.3285],[-70.0811,-4.3088],[-70.0857,-4.2839],[-70.0966,-4.2657],[-70.1165,-4.2583],[-70.1389,-4.2605],[-70.1573,-4.2702],[-70.1703,-4.2885],[-70.1866,-4.3263],[-70.2056,-4.3429],[-70.2313,-4.3037],[-70.2576,-4.2992],[-70.307,-4.2603],[-70.3167,-4.247],[-70.3184,-4.2289],[-70.3093,-4.1912],[-70.3111,-4.1709],[-70.3306,-4.1432],[-70.3431,-4.1394],[-70.3614,-4.1682],[-70.3737,-4.1646],[-70.3987,-4.1423],[-70.4299,-4.1342],[-70.46,-4.1446],[-70.5009,-4.1774],[-70.516,-4.1823],[-70.5264,-4.176],[-70.5341,-4.1468],[-70.5497,-4.1407],[-70.5656,-4.1488],[-70.5766,-4.1839],[-70.5853,-4.1945],[-70.6325,-4.1668],[-70.6311,-4.119],[-70.6468,-4.1157],[-70.672,-4.1334],[-70.6831,-4.1638],[-70.6941,-4.1723],[-70.7121,-4.1719],[-70.7743,-4.155],[-70.7846,-4.1563],[-70.8322,-4.1794],[-70.8452,-4.191],[-70.8483,-4.2044],[-70.8398,-4.2287],[-70.8428,-4.2381],[-70.8737,-4.2507],[-70.8964,-4.2998],[-70.9263,-4.329],[-70.9481,-4.3642],[-70.9687,-4.3853],[-71.0055,-4.3476],[-71.01,-4.3698],[-71.0293,-4.3858],[-71.0816,-4.3641],[-71.106,-4.3738],[-71.1285,-4.4018],[-71.1525,-4.3917],[-71.1697,-4.3628],[-71.1862,-4.3722],[-71.2141,-4.4108],[-71.2417,-4.38],[-71.2648,-4.3755],[-71.2885,-4.3808],[-71.3046,-4.3949],[-71.3054,-4.4271],[-71.3152,-4.44],[-71.3308,-4.4351],[-71.3496,-4.4535],[-71.3633,-4.4592],[-71.387,-4.4349],[-71.4008,-4.4334],[-71.447,-4.4403],[-71.4774,-4.4406],[-71.5061,-4.4486],[-71.5246,-4.4852],[-71.5716,-4.4807],[-71.6171,-4.5003],[-71.6134,-4.4793],[-71.6235,-4.4823],[-71.6438,-4.5023],[-71.6652,-4.5076],[-71.6993,-4.4816],[-71.7211,-4.4928],[-71.7402,-4.4956],[-71.7743,-4.4815],[-71.7931,-4.4846],[-71.8076,-4.5045],[-71.8902,-4.5137],[-71.9072,-4.5184],[-71.9331,-4.5367],[-71.9803,-4.5823],[-72.0098,-4.5916],[-72.0436,-4.6138],[-72.0711,-4.6051],[-72.0966,-4.6498],[-72.1271,-4.6801],[-72.1824,-4.7107],[-72.2331,-4.7484],[-72.2511,-4.7588],[-72.2824,-4.7654],[-72.3198,-4.7602],[-72.3319,-4.7633],[-72.3447,-4.7826],[-72.3861,-4.794],[-72.3968,-4.8056],[-72.4041,-4.8602],[-72.4147,-4.8763],[-72.4526,-4.8992],[-72.4718,-4.9007],[-72.4951,-4.947],[-72.5285,-4.9502],[-72.5622,-4.9702],[-72.5866,-4.9967],[-72.6143,-5.0097],[-72.6273,-5.0224],[-72.6351,-5.0518],[-72.6542,-5.0632],[-72.708,-5.0632],[-72.7476,-5.0551],[-72.7729,-5.0811],[-72.7903,-5.0888],[-72.8311,-5.0966],[-72.857,-5.0976],[-72.8589,-5.1161],[-72.8728,-5.1236],[-72.9179,-5.1321],[-72.922,-5.1469],[-72.9003,-5.1946],[-72.8949,-5.2557],[-72.8967,-5.2716],[-72.924,-5.3136],[-72.9348,-5.3722],[-72.9642,-5.4338],[-72.9735,-5.4661],[-72.9691,-5.4992],[-72.9603,-5.5312],[-72.9605,-5.5592],[-72.9769,-5.6517],[-73.0014,-5.7088],[-73.1056,-5.847],[-73.14,-5.8785],[-73.1971,-6.005],[-73.2189,-6.0402],[-73.2348,-6.0776],[-73.2353,-6.1237],[-73.226,-6.1479],[-73.1777,-6.2024],[-73.172,-6.2197],[-73.1615,-6.2998],[-73.1557,-6.3227],[-73.1338,-6.3681],[-73.127,-6.3913],[-73.1318,-6.4353],[-73.1478,-6.4762],[-73.1715,-6.5174],[-73.199,-6.5456],[-73.2336,-6.564],[-73.2785,-6.5757],[-73.3492,-6.5764],[-73.3707,-6.5839],[-73.4063,-6.6156],[-73.4454,-6.6396],[-73.5132,-6.6978],[-73.5939,-6.744],[-73.6441,-6.784],[-73.6851,-6.8119],[-73.7068,-6.8496],[-73.7486,-6.8755],[-73.7655,-6.9042],[-73.7677,-6.9593],[-73.7923,-7.05],[-73.8066,-7.0782],[-73.8123,-7.1029],[-73.8068,-7.1179],[-73.7944,-7.1228],[-72.6637,-7.5916],[-70.3715,-8.1573],[-69.8068,-8.4545],[-66.8305,-9.838],[-66.7767,-9.7952],[-66.7436,-9.7487],[-66.6953,-9.7489],[-66.6332,-9.6896],[-66.5973,-9.6645],[-66.5297,-9.6453],[-66.5042,-9.6349],[-66.4742,-9.5986],[-66.4037,-9.5242],[-66.394,-9.5103],[-66.3891,-9.4781],[-66.4006,-9.4308],[-66.3967,-9.4053],[-66.3786,-9.401],[-66.3581,-9.407],[-66.2986,-9.4135],[-66.2476,-9.4053],[-66.1996,-9.4178],[-66.1513,-9.4223],[-66.1045,-9.4188],[-65.9997,-9.4011],[-65.9527,-9.4036],[-65.9306,-9.4142],[-65.8973,-9.4465],[-65.8665,-9.4842],[-65.8363,-9.4955],[-65.8244,-9.5139],[-65.7871,-9.5381],[-65.7679,-9.5664],[-65.741,-9.5675],[-65.6762,-9.5325],[-65.6646,-9.5144],[-65.6586,-9.4811],[-65.6469,-9.4599],[-65.6328,-9.4488],[-65.5626,-9.414],[-65.5257,-9.4129],[-65.5074,-9.4237],[-65.4821,-9.4531],[-65.4629,-9.4575],[-65.4425,-9.4471],[-65.4372,-9.4175],[-65.4195,-9.3902],[-65.3887,-9.371],[-65.3565,-9.3404],[-65.3359,-9.3254],[-65.2708,-9.2915],[-65.2234,-9.2565],[-65.2113,-9.2532],[-65.1986,-9.2646],[-65.1961,-9.2966],[-65.1744,-9.3224],[-65.1724,-9.3737],[-65.1623,-9.3955],[-65.1435,-9.4163],[-65.1198,-9.4315],[-65.09,-9.435],[-65.0669,-9.4259],[-65.0371,-9.3998],[-65.022,-9.379],[-65.0079,-9.3492],[-64.9793,-9.3274],[-64.9682,-9.3107],[-64.9652,-9.2889],[-64.9518,-9.2699],[-64.9214,-9.2446],[-64.9042,-9.2145],[-64.9058,-9.1935],[-64.9247,-9.1423],[-64.9254,-9.1204],[-64.8861,-9.0592],[-64.8419,-9.0221],[-64.7785,-8.9867],[-64.7527,-8.9849],[-64.7113,-9.0147],[-64.6901,-9.0206],[-64.5975,-9.0259],[-64.5794,-9.0234],[-64.557,-9.0107],[-64.5414,-8.988],[-64.5076,-8.9628],[-64.4748,-8.9518],[-64.441,-8.9672],[-64.4194,-8.9707],[-64.383,-8.9392],[-64.3622,-8.9344],[-64.3037,-8.9395],[-64.271,-8.9363],[-64.2276,-8.9504],[-64.216,-8.9504],[-64.1879,-8.936],[-64.1643,-8.9382],[-64.1286,-8.9603],[-64.1197,-8.9566],[-64.117,-8.938],[-64.1341,-8.8757],[-64.1337,-8.855],[-64.1208,-8.8144],[-64.1338,-8.7843],[-64.1307,-8.7547],[-64.138,-8.7133],[-64.1266,-8.6859],[-64.1087,-8.686],[-64.09,-8.7105],[-64.073,-8.7129],[-64.017,-8.6926],[-63.9987,-8.6797],[-63.9728,-8.6325],[-63.9473,-8.6045],[-63.9374,-8.5744],[-63.9251,-8.5545],[-63.9215,-8.535],[-63.9367,-8.5081],[-63.9678,-8.4872],[-63.9857,-8.4706],[-63.9928,-8.4399],[-63.9821,-8.4185],[-63.9439,-8.3795],[-63.9179,-8.3343],[-63.9,-8.318],[-63.8791,-8.3112],[-63.8287,-8.3072],[-63.7884,-8.2936],[-63.7506,-8.2848],[-63.7408,-8.2778],[-63.7375,-8.2591],[-63.7468,-8.2296],[-63.745,-8.209],[-63.7257,-8.1922],[-63.7046,-8.1852],[-63.6656,-8.181],[-63.6358,-8.1699],[-63.5929,-8.1655],[-63.584,-8.1585],[-63.5801,-8.1398],[-63.5902,-8.0996],[-63.5897,-8.0799],[-63.5597,-8.0279],[-63.5383,-8.0005],[-62.9042,-8.0083],[-62.8294,-8.0158],[-62.8065,-8.0282],[-62.7572,-8.0434],[-62.7237,-8.0631],[-62.6758,-8.1141],[-62.6664,-8.134],[-62.6645,-8.1638],[-62.6361,-8.2199],[-62.6105,-8.2444],[-62.5811,-8.262],[-62.5545,-8.287],[-62.5486,-8.3069],[-62.5463,-8.347],[-62.5402,-8.3627],[-62.5119,-8.3613],[-62.4896,-8.3518],[-62.4548,-8.3492],[-62.3962,-8.3649],[-62.3734,-8.3835],[-62.3633,-8.4225],[-62.3421,-8.4635],[-62.3315,-8.5026],[-62.3068,-8.5716],[-62.2809,-8.5898],[-62.26,-8.591],[-62.21,-8.5873],[-62.1865,-8.5929],[-62.1712,-8.611],[-62.1737,-8.6411],[-62.1542,-8.6824],[-62.1414,-8.7466],[-62.1335,-8.7685],[-62.1134,-8.7843],[-62.0804,-8.7846],[-62.0166,-8.8021],[-61.9986,-8.8121],[-61.9795,-8.8428],[-61.9628,-8.8565],[-61.9194,-8.8728],[-61.8946,-8.87],[-61.8755,-8.8569],[-61.8642,-8.8287],[-61.8588,-8.7851],[-61.8511,-8.7632],[-61.8378,-8.7446],[-61.8188,-8.7361],[-61.7857,-8.7375],[-61.7638,-8.7286],[-61.7322,-8.6917],[-61.7171,-8.6876],[-61.687,-8.6965],[-61.6321,-8.7044],[-61.6099,-8.721],[-61.6113,-8.7686],[-58.5452,-8.7483],[-58.4989,-8.7188],[-58.4721,-8.6896],[-58.4551,-8.6217],[-58.4439,-8.5957],[-58.4236,-8.5609],[-58.4187,-8.5415],[-58.4307,-8.5008],[-58.4396,-8.4323],[-58.4371,-8.4126],[-58.4033,-8.3824],[-58.3907,-8.3635],[-58.3713,-8.305],[-58.3412,-8.2562],[-58.3365,-8.2369],[-58.3403,-8.2055],[-58.3079,-8.1161],[-58.306,-8.0823],[-58.3251,-8.003],[-58.3425,-7.9544],[-58.3675,-7.9083],[-58.3772,-7.878],[-58.3816,-7.8385],[-58.3786,-7.8181],[-58.3541,-7.7792],[-58.2972,-7.7326],[-58.2713,-7.6796],[-58.2369,-7.6418],[-58.2098,-7.5909],[-58.2053,-7.5703],[-58.2085,-7.5493],[-58.2263,-7.51],[-58.2237,-7.4594],[-58.2084,-7.4176],[-58.1815,-7.3961],[-58.1355,-7.3391],[-58.1547,-7.3223],[-58.1705,-7.2997],[-58.1776,-7.2606],[-58.174,-7.2205],[-58.1853,-7.1666],[-58.217,-7.11],[-58.2631,-7.0701],[-58.3182,-7.0116],[-58.339,-6.9938],[-58.3918,-6.9559],[-58.421,-6.9133],[-58.4321,-6.8883],[-58.4666,-6.7833],[-58.4724,-6.7432],[-58.4664,-6.7016],[-58.4513,-6.6727],[-58.42,-6.634],[-58.3427,-6.5713],[-58.3332,-6.5596],[-58.2944,-6.4969],[-56.7567,-3.1861],[-56.3897,-2.3906],[-56.3813,-2.3607],[-56.3802,-2.3392],[-56.4004,-2.3093],[-56.3793,-2.2822],[-56.3223,-2.2493],[-56.3119,-2.2358],[-56.3697,-2.2527],[-56.3969,-2.2722],[-56.4677,-2.2601],[-56.4851,-2.2486],[-56.4861,-2.2289],[-56.4797,-2.2014],[-56.4842,-2.1727],[-56.4986,-2.1617],[-56.5216,-2.1648],[-56.5778,-2.1853],[-56.6224,-2.2174],[-56.6352,-2.2224],[-56.6848,-2.2079],[-56.749,-2.1755],[-56.7613,-2.1527],[-56.7599,-2.1282],[-56.745,-2.0758],[-56.7426,-2.054],[-56.7535,-2.0361],[-56.7661,-2.0315],[-56.8005,-2.0364],[-56.8241,-2.0349],[-56.853,-2.0229],[-56.9169,-1.9769],[-56.975,-1.9536],[-57.0052,-1.9349],[-57.0514,-1.8855],[-57.0717,-1.8544],[-57.0879,-1.8118],[-57.1353,-1.7921],[-57.167,-1.7702],[-57.1965,-1.7638],[-57.232,-1.7682],[-57.2496,-1.7591],[-57.2504,-1.7237],[-57.2729,-1.7148],[-57.3142,-1.7282],[-57.3375,-1.7292],[-57.3751,-1.7139],[-57.4055,-1.7088],[-57.4478,-1.6906],[-57.4856,-1.6667],[-57.5115,-1.6541],[-57.5634,-1.6226],[-57.6559,-1.59],[-57.6778,-1.5736],[-57.6963,-1.5427],[-57.7056,-1.5355],[-57.7349,-1.5305],[-57.7656,-1.5041],[-57.7943,-1.4692],[-57.8273,-1.4434],[-57.9015,-1.4233],[-57.9301,-1.4001],[-57.953,-1.3724],[-57.9805,-1.3482],[-58.0054,-1.3388],[-58.0817,-1.2984],[-58.104,-1.2766],[-58.1217,-1.2436],[-58.1308,-1.2366],[-58.1607,-1.2362],[-58.1841,-1.22],[-58.1981,-1.2038],[-58.2343,-1.1461],[-58.2545,-1.1303],[-58.2977,-1.1289],[-58.3174,-1.1176],[-58.3895,-1.049],[-58.4101,-1.0127],[-58.4127,-0.9657],[-58.4267,-0.9192],[-58.441,-0.8619],[-58.4614,-0.8347],[-58.5005,-0.8179],[-58.5474,-0.7744],[-58.5708,-0.7645],[-58.6047,-0.7726],[-58.6276,-0.7651],[-58.7028,-0.6944],[-58.7384,-0.6525],[-58.7498,-0.6218],[-58.7504,-0.5942],[-58.7429,-0.5474],[-58.7433,-0.5043],[-58.7296,-0.46],[-58.7405,-0.4306],[-58.7633,-0.415],[-58.8148,-0.394],[-58.8431,-0.3717],[-58.8537,-0.352],[-58.8609,-0.3218],[-58.864,-0.2873],[-58.8634,-0.1737],[-58.8493,-0.0828],[-58.8705,0.2254],[-59.7699,0.2301],[-60.0245,0.2237],[-60.0483,0.212],[-60.0556,0.1853],[-60.068,0.1659],[-60.1268,0.1299],[-60.1363,0.1103],[-60.1343,0.0893],[-60.1387,0.0669],[-60.1698,0.0064],[-60.2183,-0.044],[-60.2415,-0.0971],[-60.2463,-0.1287],[-60.254,-0.1489],[-60.2874,-0.1983],[-60.3038,-0.2159],[-60.3107,-0.2353],[-60.312,-0.2853],[-60.3171,-0.3059],[-60.3334,-0.3357],[-60.3547,-0.3848],[-60.368,-0.4263],[-60.3859,-0.4637],[-60.3941,-0.5031],[-60.3927,-0.5191],[-60.3757,-0.5564],[-60.3172,-0.6207],[-60.3082,-0.6391],[-60.3057,-0.6709],[-60.314,-0.6883],[-60.3398,-0.7041],[-60.375,-0.7103],[-60.4033,-0.7234],[-60.4688,-0.7408],[-60.4824,-0.7542],[-60.502,-0.79],[-60.5051,-0.8115],[-60.5151,-0.8289],[-60.5358,-0.8346],[-60.5624,-0.8306],[-60.6003,-0.8339],[-60.6227,-0.8513],[-60.6402,-0.8588],[-60.6742,-0.854],[-60.7367,-0.8495],[-60.7559,-0.8382],[-60.7618,-0.8251],[-60.7604,-0.7924],[-60.7749,-0.7703],[-60.7797,-0.7486],[-60.8148,-0.6862],[-60.8424,-0.6641],[-60.8653,-0.6378],[-60.9031,-0.6113],[-60.9172,-0.5895],[-60.9312,-0.5549],[-60.9566,-0.5449],[-61.0086,-0.5423],[-61.0605,-0.5286],[-61.0944,-0.4997],[-61.1072,-0.4928],[-61.1406,-0.488],[-61.173,-0.4952],[-61.2034,-0.493],[-61.2236,-0.5007],[-61.2302,-0.5229],[-61.2456,-0.5487],[-61.2619,-0.5594],[-61.3414,-0.5894],[-61.3872,-0.6001],[-61.4587,-0.6384],[-61.4732,-0.6513],[-61.4963,-0.6932],[-61.5322,-0.7285],[-61.5447,-0.77],[-61.5516,-0.8306],[-61.5762,-0.8875],[-61.5826,-0.921],[-61.5802,-0.9448],[-61.561,-1.0223],[-61.5612,-1.0451],[-61.5753,-1.0716],[-61.578,-1.0949],[-61.5761,-1.1426],[-61.5939,-1.2059],[-61.6202,-1.2744],[-61.6215,-1.296],[-61.6016,-1.3995],[-61.6016,-1.4183],[-61.6407,-1.4044],[-61.6818,-1.3981],[-61.713,-1.397],[-61.744,-1.3676],[-61.7608,-1.359],[-61.7825,-1.3649],[-61.8244,-1.3849],[-61.8409,-1.3879],[-61.8646,-1.3833],[-61.8794,-1.3693],[-61.9374,-1.2449],[-61.9561,-1.2293],[-61.9747,-1.2227],[-61.992,-1.2038],[-62.008,-1.1718],[-62.0276,-1.1443],[-62.08,-1.1145],[-62.1407,-1.0671],[-62.1592,-1.0597],[-62.1895,-1.056],[-62.205,-1.0447],[-62.2427,-0.9821],[-62.257,-0.9714],[-62.2999,-0.9543],[-62.3165,-0.9431],[-62.3849,-0.875],[-62.4196,-0.8273],[-62.4357,-0.8164],[-62.486,-0.7993],[-62.499,-0.7903],[-62.5057,-0.7729],[-62.5068,-0.7413],[-62.5023,-0.7062],[-62.4957,-0.6949],[-62.4775,-0.6937],[-62.4348,-0.7045],[-62.4084,-0.7188],[-62.3777,-0.7158],[-62.363,-0.6899],[-62.3315,-0.6659],[-62.3116,-0.6409],[-62.304,-0.6095],[-62.3187,-0.5203],[-62.33,-0.5011],[-62.3571,-0.4828],[-62.3706,-0.4679],[-62.3753,-0.4405],[-62.3689,-0.3918],[-62.3721,-0.3416],[-62.3824,-0.3099],[-62.406,-0.2693],[-62.4256,-0.2517],[-62.4573,-0.2387],[-62.4778,-0.2228],[-62.495,-0.1897],[-62.5108,-0.1236],[-62.5186,-0.1075],[-62.5465,-0.0702],[-62.5693,-0.0483],[-62.5856,-0.0111],[-62.5781,0.0168],[-62.5589,0.0257],[-62.5445,0.043],[-62.526,0.0954],[-62.5319,0.1201],[-62.5546,0.1507],[-62.5667,0.1756],[-62.568,0.2469],[-62.5598,0.2694],[-62.5335,0.3123],[-62.528,0.3457],[-62.5384,0.3983],[-62.5305,0.4286],[-62.5042,0.4526],[-62.4873,0.4873],[-62.4812,0.5198],[-62.4862,0.5404],[-62.5383,0.6769],[-62.5447,0.7119],[-62.5362,0.7324],[-62.484,0.7656],[-62.4463,0.8046],[-62.4482,0.8249],[-62.4577,0.8525],[-62.5023,0.9403],[-62.5097,0.9619],[-62.5147,1.0585],[-62.5212,1.0814],[-62.5486,1.1329],[-62.5557,1.1542],[-62.5575,1.1861],[-62.615,1.3616],[-62.6153,1.4002],[-62.6229,1.4159],[-62.6625,1.4519],[-62.6964,1.4725],[-62.7204,1.4962],[-62.7535,1.5531],[-62.7868,1.6033],[-62.7843,1.6296],[-62.7618,1.6582],[-62.7471,1.7018],[-62.7205,1.7182],[-62.7133,1.7366],[-62.7198,1.7698],[-62.7321,1.8117],[-62.7326,1.8334],[-62.7215,1.8556],[-62.6965,1.8899],[-62.6911,1.9124],[-62.7071,1.9472],[-62.7299,1.9618],[-62.7628,1.9727],[-62.8217,2.0073],[-62.8484,2.0191],[-62.8961,2.0182],[-62.929,2.025],[-62.9545,2.0249],[-62.9749,2.0194],[-63.0039,2.0208],[-63.0491,2.0416],[-63.0707,2.0591],[-63.1225,2.1143],[-63.1311,2.1397],[-63.1302,2.161],[-63.1481,2.1775],[-63.1718,2.1795],[-63.1997,2.1742],[-63.253,2.1567],[-63.2889,2.1592],[-63.3046,2.1641],[-63.3335,2.1816],[-63.3865,2.2359]]]},"properties":{"name":"Amazonas","name_en":"Amazonas","name_ja":"アマゾナス州","name_zh":"亚马孙州","name_ko":"아마조나스","adm0_a3":"BRA","postal":"AM","iso_3166_2":"BR-AM","type_en":"State","geonunit":"Brazil"}},
{"type":"Feature","geometry":{"type":"Polygon","coordinates":[[[-66.6489,-9.9159],[-66.6319,-9.9043],[-66.5138,-9.8839],[-66.4529,-9.8887],[-66.4133,-9.8792],[-66.3553,-9.8496],[-66.2573,-9.8349],[-66.239,-9.8281],[-66.1907,-9.8008],[-66.1355,-9.7952],[-66.1236,-9.8051],[-66.102,-9.7874],[-66.087,-9.7845],[-66.0295,-9.8083],[-66.0104,-9.8041],[-65.9657,-9.7768],[-65.947,-9.7714],[-65.9153,-9.7717],[-65.8744,-9.7813],[-65.8504,-9.7753],[-65.8341,-9.7583],[-65.8165,-9.786],[-65.8064,-9.7844],[-65.8026,-9.7573],[-65.7886,-9.733],[-65.7773,-9.7634],[-65.7632,-9.7723],[-65.7255,-9.7568],[-65.71,-9.756],[-65.7173,-9.7912],[-65.6971,-9.7943],[-65.679,-9.7894],[-65.6585,-9.8074],[-65.6144,-9.8339],[-65.584,-9.8372],[-65.5628,-9.7992],[-65.5468,-9.7952],[-65.5254,-9.7679],[-65.5108,-9.7341],[-65.4652,-9.6965],[-65.4518,-9.6814],[-65.4162,-9.6801],[-65.398,-9.6867],[-65.3705,-9.7106],[-65.3537,-9.745],[-65.3401,-9.7897],[-65.3044,-9.8257],[-65.2991,-9.8413],[-65.3036,-9.8645],[-65.3252,-9.9051],[-65.3333,-9.9268],[-65.3368,-9.9672],[-65.3329,-10.0084],[-65.3241,-10.0464],[-65.3056,-10.0984],[-65.2991,-10.163],[-65.2868,-10.1965],[-65.2881,-10.2162],[-65.3054,-10.2422],[-65.3156,-10.2913],[-65.3278,-10.3144],[-65.365,-10.3322],[-65.3792,-10.3514],[-65.3947,-10.3924],[-65.3873,-10.4067],[-65.4109,-10.4492],[-65.4254,-10.4631],[-65.45,-10.4681],[-65.4357,-10.4992],[-65.4425,-10.5194],[-65.4292,-10.5614],[-65.4357,-10.6258],[-65.4186,-10.6445],[-65.3868,-10.6695],[-65.3811,-10.6981],[-65.3898,-10.7538],[-65.4047,-10.7992],[-65.3997,-10.8123],[-65.3603,-10.8226],[-65.3422,-10.8349],[-65.319,-10.8654],[-65.3128,-10.951],[-65.2996,-10.9697],[-65.303,-10.9907],[-65.3264,-11.0094],[-65.342,-11.0328],[-65.3427,-11.0506],[-65.3333,-11.0885],[-65.341,-11.1066],[-65.3797,-11.1364],[-65.3947,-11.1534],[-65.3981,-11.178],[-65.3683,-11.2054],[-65.36,-11.2188],[-65.3661,-11.234],[-65.3886,-11.2532],[-65.3873,-11.2776],[-65.3745,-11.2958],[-65.3264,-11.3278],[-65.3301,-11.3405],[-65.3537,-11.3724],[-65.353,-11.3906],[-65.3195,-11.4764],[-65.2925,-11.5047],[-65.2576,-11.4953],[-65.2227,-11.5174],[-65.216,-11.54],[-65.2236,-11.5579],[-65.2192,-11.5845],[-65.1954,-11.5922],[-65.1674,-11.6155],[-65.1909,-11.6232],[-65.1893,-11.6571],[-65.2023,-11.6915],[-65.2019,-11.728],[-65.1962,-11.7418],[-65.1645,-11.7698],[-65.1515,-11.7731],[-65.1435,-11.7638],[-65.138,-11.7153],[-65.1279,-11.6946],[-65.1134,-11.6906],[-65.1136,-11.7226],[-65.0992,-11.7362],[-65.0656,-11.7531],[-65.0563,-11.7856],[-65.0433,-11.8076],[-65.0374,-11.8284],[-65.0392,-11.8487],[-65.0281,-11.8889],[-65.0046,-11.8984],[-64.9965,-11.9212],[-65.0146,-11.9503],[-65.0163,-11.9685],[-64.9974,-11.9963],[-64.9676,-12.0079],[-64.9252,-12.0099],[-64.8621,-12.0248],[-64.8398,-12.0167],[-64.7925,-12.0325],[-64.7805,-12.0677],[-64.7686,-12.0865],[-64.7368,-12.1198],[-64.7442,-12.1336],[-64.7284,-12.1499],[-64.7163,-12.1465],[-64.7103,-12.1119],[-64.6899,-12.1044],[-64.6816,-12.1266],[-64.6886,-12.1472],[-64.6859,-12.1592],[-64.6649,-12.181],[-64.6406,-12.1951],[-64.5934,-12.216],[-64.5484,-12.2191],[-64.5115,-12.2427],[-64.5088,-12.236],[-64.4894,-12.2395],[-64.4691,-12.2611],[-64.4693,-12.2949],[-64.4744,-12.3165],[-64.4924,-12.3566],[-64.4898,-12.3736],[-64.4525,-12.3904],[-64.4249,-12.4314],[-64.3957,-12.4573],[-64.3768,-12.4659],[-64.3532,-12.4692],[-64.3127,-12.4619],[-64.2977,-12.4657],[-64.2875,-12.4971],[-64.2568,-12.4908],[-64.2366,-12.4754],[-64.2152,-12.4738],[-64.1831,-12.4879],[-64.1553,-12.517],[-64.1448,-12.5204],[-64.1198,-12.4897],[-64.1045,-12.5071],[-64.0445,-12.5091],[-64.0228,-12.5378],[-64.0042,-12.5355],[-63.9724,-12.5239],[-63.9391,-12.5441],[-63.9212,-12.5443],[-63.8632,-12.4748],[-63.8014,-12.4549],[-63.6577,-12.4754],[-63.6004,-12.5061],[-63.5587,-12.5399],[-63.5422,-12.548],[-63.4961,-12.5533],[-63.4688,-12.5758],[-63.4625,-12.6051],[-63.4382,-12.6192],[-63.4314,-12.637],[-63.3933,-12.6645],[-63.3595,-12.6747],[-63.3179,-12.702],[-63.2473,-12.7013],[-63.236,-12.6986],[-63.2227,-12.6825],[-63.2018,-12.6679],[-63.1807,-12.6679],[-63.1671,-12.6474],[-63.1367,-12.6337],[-63.075,-12.6527],[-63.0648,-12.6662],[-63.0578,-12.702],[-63.0435,-12.7191],[-63.0511,-12.7308],[-63.0479,-12.7467],[-63.0257,-12.7657],[-63.01,-12.788],[-62.9992,-12.8291],[-62.9753,-12.8529],[-62.9551,-12.8575],[-62.9289,-12.846],[-62.9205,-12.8623],[-62.8601,-12.9403],[-62.8314,-12.9449],[-62.8202,-12.9749],[-62.8074,-12.9889],[-62.7705,-13.0105],[-62.7686,-12.9906],[-62.7579,-12.9851],[-62.722,-12.9826],[-62.699,-12.9666],[-62.6866,-12.965],[-62.6513,-12.9925],[-62.6417,-13.03],[-62.5546,-13.0668],[-62.4927,-13.065],[-62.4721,-13.0685],[-62.4585,-13.078],[-62.4309,-13.1098],[-62.4275,-13.1246],[-62.4067,-13.1265],[-62.3818,-13.1399],[-62.335,-13.1451],[-62.3105,-13.134],[-62.2903,-13.142],[-62.2216,-13.1213],[-62.2009,-13.1227],[-62.174,-13.1408],[-62.1725,-13.1179],[-62.1624,-13.1207],[-62.1398,-13.147],[-62.1147,-13.1502],[-62.1125,-13.1648],[-62.1125,-13.2318],[-62.0992,-13.2626],[-62.0777,-13.2779],[-62.0336,-13.3255],[-62.0197,-13.3326],[-62.0033,-13.3605],[-61.9584,-13.3855],[-61.9098,-13.4319],[-61.8799,-13.4492],[-61.8686,-13.4639],[-61.848,-13.5308],[-61.8363,-13.5406],[-61.814,-13.5442],[-61.7543,-13.5303],[-61.7351,-13.538],[-61.7157,-13.5266],[-61.6681,-13.5125],[-61.5971,-13.5061],[-61.5881,-13.5076],[-61.5508,-13.538],[-61.5034,-13.5482],[-61.4587,-13.5437],[-61.4155,-13.5281],[-61.3477,-13.4937],[-61.2812,-13.5072],[-61.26,-13.5201],[-61.2379,-13.5244],[-61.215,-13.5175],[-61.1491,-13.5198],[-61.1393,-13.5141],[-61.1336,-13.494],[-61.1187,-13.4845],[-61.076,-13.4783],[-61.0472,-13.4646],[-61.0413,-13.4746],[-61.0413,-13.5152],[-61.022,-13.5352],[-60.9779,-13.543],[-60.9293,-13.5462],[-60.8967,-13.5529],[-60.8707,-13.5754],[-60.802,-13.6042],[-60.7256,-13.6628],[-60.6965,-13.6327],[-60.6607,-13.6016],[-60.4859,-13.4848],[-60.4067,-13.4448],[-60.3838,-13.4203],[-60.3732,-13.386],[-60.3689,-13.3534],[-60.3512,-13.2721],[-60.3411,-13.2495],[-60.2767,-13.1381],[-60.2668,-13.1083],[-60.2706,-13.0688],[-60.2552,-13.0413],[-60.2174,-13.0028],[-60.1952,-12.972],[-60.1765,-12.9585],[-60.1502,-12.9482],[-60.1057,-12.9413],[-60.0834,-12.9285],[-60.042,-12.8753],[-60.0297,-12.843],[-60.0256,-12.8166],[-60.002,-12.7294],[-59.9903,-12.7075],[-59.9091,-12.6184],[-59.8421,-12.4444],[-59.8234,-12.4083],[-59.8241,-12.3866],[-59.8612,-12.3267],[-59.8823,-12.2775],[-59.8895,-12.2436],[-59.8872,-12.1297],[-59.896,-12.1017],[-59.9317,-12.0533],[-59.9433,-12.0118],[-59.9656,-11.9681],[-59.9834,-11.9167],[-60.0088,-11.9024],[-60.0378,-11.9095],[-60.0601,-11.9049],[-60.0781,-11.8764],[-60.0863,-11.8397],[-60.0875,-11.7941],[-60.1013,-11.7446],[-60.1072,-11.6582],[-60.1014,-11.5998],[-60.0869,-11.5811],[-60.0248,-11.5356],[-59.9858,-11.488],[-59.967,-11.4457],[-59.9582,-11.4358],[-59.927,-11.4165],[-59.9112,-11.3841],[-59.9164,-11.3622],[-59.9581,-11.2764],[-59.9677,-11.2486],[-59.9772,-11.1986],[-59.9931,-11.157],[-60.0016,-11.1443],[-60.0404,-11.1309],[-60.0699,-11.1143],[-60.1016,-11.1155],[-60.1459,-11.1062],[-60.179,-11.1177],[-60.2447,-11.1019],[-60.2783,-11.081],[-60.2993,-11.0764],[-60.3193,-11.0829],[-60.35,-11.105],[-60.37,-11.1093],[-60.3825,-11.1016],[-60.4331,-11.0536],[-60.4414,-11.041],[-60.434,-11.0084],[-60.4412,-11.0035],[-61.4703,-10.9968],[-61.5101,-10.9891],[-61.521,-10.9677],[-61.5218,-10.9525],[-61.508,-10.8785],[-61.5085,-10.8467],[-61.52,-10.7904],[-61.5092,-10.7738],[-61.488,-10.7783],[-61.4732,-10.7588],[-61.4656,-10.7199],[-61.47,-10.7088],[-61.4953,-10.698],[-61.5033,-10.6865],[-61.4969,-10.656],[-61.4949,-10.618],[-61.4854,-10.5655],[-61.4822,-10.5016],[-61.471,-10.4348],[-61.4786,-10.4071],[-61.4929,-10.385],[-61.5195,-10.3556],[-61.5632,-10.2616],[-61.5649,-10.2343],[-61.5552,-10.1989],[-61.5607,-10.1713],[-61.576,-10.1488],[-61.5794,-10.1309],[-61.5776,-10.0971],[-61.5705,-10.0606],[-61.5588,-10.0353],[-61.5351,-9.9961],[-61.5308,-9.9739],[-61.5347,-9.9367],[-61.5214,-9.8853],[-61.5203,-9.8618],[-61.5365,-9.8087],[-61.5421,-9.7584],[-61.564,-9.7268],[-61.5518,-9.7154],[-61.5212,-9.7063],[-61.5044,-9.6662],[-61.4814,-9.6381],[-61.5218,-9.5641],[-61.5516,-9.4616],[-61.548,-9.4076],[-61.562,-9.3746],[-61.605,-9.3445],[-61.6113,-9.3201],[-61.5942,-9.2789],[-61.597,-9.2521],[-61.5929,-9.242],[-61.5725,-9.2342],[-61.5393,-9.2307],[-61.5308,-9.2246],[-61.5303,-9.1976],[-61.5565,-9.1294],[-61.5556,-9.0827],[-61.5302,-8.9976],[-61.486,-8.9143],[-61.4893,-8.8831],[-61.5094,-8.8468],[-61.5431,-8.8168],[-61.5795,-8.7941],[-61.6113,-8.7686],[-61.6099,-8.721],[-61.6321,-8.7044],[-61.687,-8.6965],[-61.7171,-8.6876],[-61.7322,-8.6917],[-61.7638,-8.7286],[-61.7857,-8.7375],[-61.8188,-8.7361],[-61.8378,-8.7446],[-61.8511,-8.7632],[-61.8588,-8.7851],[-61.8642,-8.8287],[-61.8755,-8.8569],[-61.8946,-8.87],[-61.9194,-8.8728],[-61.9628,-8.8565],[-61.9795,-8.8428],[-61.9986,-8.8121],[-62.0166,-8.8021],[-62.0804,-8.7846],[-62.1134,-8.7843],[-62.1335,-8.7685],[-62.1414,-8.7466],[-62.1542,-8.6824],[-62.1737,-8.6411],[-62.1712,-8.611],[-62.1865,-8.5929],[-62.21,-8.5873],[-62.26,-8.591],[-62.2809,-8.5898],[-62.3068,-8.5716],[-62.3315,-8.5026],[-62.3421,-8.4635],[-62.3633,-8.4225],[-62.3734,-8.3835],[-62.3962,-8.3649],[-62.4548,-8.3492],[-62.4896,-8.3518],[-62.5119,-8.3613],[-62.5402,-8.3627],[-62.5463,-8.347],[-62.5486,-8.3069],[-62.5545,-8.287],[-62.5811,-8.262],[-62.6105,-8.2444],[-62.6361,-8.2199],[-62.6645,-8.1638],[-62.6664,-8.134],[-62.6758,-8.1141],[-62.7237,-8.0631],[-62.7572,-8.0434],[-62.8065,-8.0282],[-62.8294,-8.0158],[-62.9042,-8.0083],[-63.5383,-8.0005],[-63.5597,-8.0279],[-63.5897,-8.0799],[-63.5902,-8.0996],[-63.5801,-8.1398],[-63.584,-8.1585],[-63.5929,-8.1655],[-63.6358,-8.1699],[-63.6656,-8.181],[-63.7046,-8.1852],[-63.7257,-8.1922],[-63.745,-8.209],[-63.7468,-8.2296],[-63.7375,-8.2591],[-63.7408,-8.2778],[-63.7506,-8.2848],[-63.7884,-8.2936],[-63.8287,-8.3072],[-63.8791,-8.3112],[-63.9,-8.318],[-63.9179,-8.3343],[-63.9439,-8.3795],[-63.9821,-8.4185],[-63.9928,-8.4399],[-63.9857,-8.4706],[-63.9678,-8.4872],[-63.9367,-8.5081],[-63.9215,-8.535],[-63.9251,-8.5545],[-63.9374,-8.5744],[-63.9473,-8.6045],[-63.9728,-8.6325],[-63.9987,-8.6797],[-64.017,-8.6926],[-64.073,-8.7129],[-64.09,-8.7105],[-64.1087,-8.686],[-64.1266,-8.6859],[-64.138,-8.7133],[-64.1307,-8.7547],[-64.1338,-8.7843],[-64.1208,-8.8144],[-64.1337,-8.855],[-64.1341,-8.8757],[-64.117,-8.938],[-64.1197,-8.9566],[-64.1286,-8.9603],[-64.1643,-8.9382],[-64.1879,-8.936],[-64.216,-8.9504],[-64.2276,-8.9504],[-64.271,-8.9363],[-64.3037,-8.9395],[-64.3622,-8.9344],[-64.383,-8.9392],[-64.4194,-8.9707],[-64.441,-8.9672],[-64.4748,-8.9518],[-64.5076,-8.9628],[-64.5414,-8.988],[-64.557,-9.0107],[-64.5794,-9.0234],[-64.5975,-9.0259],[-64.6901,-9.0206],[-64.7113,-9.0147],[-64.7527,-8.9849],[-64.7785,-8.9867],[-64.8419,-9.0221],[-64.8861,-9.0592],[-64.9254,-9.1204],[-64.9247,-9.1423],[-64.9058,-9.1935],[-64.9042,-9.2145],[-64.9214,-9.2446],[-64.9518,-9.2699],[-64.9652,-9.2889],[-64.9682,-9.3107],[-64.9793,-9.3274],[-65.0079,-9.3492],[-65.022,-9.379],[-65.0371,-9.3998],[-65.0669,-9.4259],[-65.09,-9.435],[-65.1198,-9.4315],[-65.1435,-9.4163],[-65.1623,-9.3955],[-65.1724,-9.3737],[-65.1744,-9.3224],[-65.1961,-9.2966],[-65.1986,-9.2646],[-65.2113,-9.2532],[-65.2234,-9.2565],[-65.2708,-9.2915],[-65.3359,-9.3254],[-65.3565,-9.3404],[-65.3887,-9.371],[-65.4195,-9.3902],[-65.4372,-9.4175],[-65.4425,-9.4471],[-65.4629,-9.4575],[-65.4821,-9.4531],[-65.5074,-9.4237],[-65.5257,-9.4129],[-65.5626,-9.414],[-65.6328,-9.4488],[-65.6469,-9.4599],[-65.6586,-9.4811],[-65.6646,-9.5144],[-65.6762,-9.5325],[-65.741,-9.5675],[-65.7679,-9.5664],[-65.7871,-9.5381],[-65.8244,-9.5139],[-65.8363,-9.4955],[-65.8665,-9.4842],[-65.8973,-9.4465],[-65.9306,-9.4142],[-65.9527,-9.4036],[-65.9997,-9.4011],[-66.1045,-9.4188],[-66.1513,-9.4223],[-66.1996,-9.4178],[-66.2476,-9.4053],[-66.2986,-9.4135],[-66.3581,-9.407],[-66.3786,-9.401],[-66.3967,-9.4053],[-66.4006,-9.4308],[-66.3891,-9.4781],[-66.394,-9.5103],[-66.4037,-9.5242],[-66.4742,-9.5986],[-66.5042,-9.6349],[-66.5297,-9.6453],[-66.5973,-9.6645],[-66.6332,-9.6896],[-66.6953,-9.7489],[-66.7436,-9.7487],[-66.7767,-9.7952],[-66.8305,-9.838],[-66.6489,-9.9159]]]},"properties":{"name":"Rondônia","name_en":"Rondônia","name_ja":"ロンドニア州","name_zh":"朗多尼亚州","name_ko":"혼도니아","adm0_a3":"BRA","postal":"RO","iso_3166_2":"BR-RO","type_en":"State","geonunit":"Brazil"}},
{"type":"Feature","geometry":{"type":"Polygon","coordinates":[[[-60.7256,-13.6628],[-60.6527,-13.7188],[-60.6181,-13.7369],[-60.5951,-13.7416],[-60.5661,-13.77],[-60.4906,-13.7877],[-60.4726,-13.7979],[-60.4653,-13.8166],[-60.4573,-13.8709],[-60.4386,-13.9184],[-60.4086,-13.9445],[-60.4116,-13.9605],[-60.3897,-13.9749],[-60.388,-13.9894],[-60.3965,-14.0084],[-60.4094,-14.0553],[-60.4194,-14.0769],[-60.4372,-14.092],[-60.4683,-14.1037],[-60.4776,-14.14],[-60.4757,-14.176],[-60.4624,-14.1985],[-60.4656,-14.2511],[-60.4643,-14.2784],[-60.4543,-14.2966],[-60.3999,-14.3408],[-60.3913,-14.3571],[-60.3767,-14.4199],[-60.3438,-14.4909],[-60.3384,-14.5326],[-60.3692,-14.5428],[-60.3527,-14.5754],[-60.304,-14.6082],[-60.2917,-14.6301],[-60.2769,-14.9366],[-60.2698,-15.0834],[-60.275,-15.0951],[-60.5822,-15.0989],[-60.5295,-15.1437],[-60.3521,-15.3496],[-60.2605,-15.4561],[-60.2464,-15.4783],[-60.238,-15.5027],[-60.207,-15.853],[-60.1938,-16.0015],[-60.1798,-16.222],[-60.1607,-16.2648],[-60.1298,-16.2731],[-59.87,-16.2822],[-59.4891,-16.2954],[-59.1082,-16.3087],[-58.7274,-16.3222],[-58.4647,-16.3312],[-58.4422,-16.3285],[-58.4216,-16.3184],[-58.4003,-16.2842],[-58.3929,-16.2794],[-58.3497,-16.2804],[-58.3396,-16.2893],[-58.3345,-16.3866],[-58.3388,-16.4005],[-58.3623,-16.4193],[-58.3636,-16.4367],[-58.3427,-16.4732],[-58.3561,-16.5095],[-58.4559,-16.6191],[-58.4727,-16.6496],[-58.4803,-16.6837],[-58.4767,-16.727],[-58.4562,-16.8024],[-58.4529,-16.8413],[-58.464,-16.8661],[-58.4663,-16.8873],[-58.4563,-16.937],[-58.4325,-16.9854],[-58.4268,-17.0552],[-58.411,-17.0882],[-58.4063,-17.1101],[-58.4048,-17.1996],[-58.3991,-17.2374],[-58.3812,-17.2672],[-58.3437,-17.287],[-58.3122,-17.2909],[-58.2923,-17.2997],[-58.2645,-17.32],[-58.2316,-17.3297],[-58.2041,-17.3774],[-58.1884,-17.3885],[-58.1522,-17.3964],[-58.1394,-17.4046],[-58.1011,-17.4413],[-58.0537,-17.4623],[-58.0102,-17.4968],[-57.9815,-17.5087],[-57.9436,-17.5178],[-57.9057,-17.5203],[-57.8541,-17.5085],[-57.8144,-17.5197],[-57.8007,-17.5335],[-57.7908,-17.5558],[-57.7883,-17.5806],[-57.788,-17.6589],[-57.7779,-17.6955],[-57.7549,-17.7206],[-57.7245,-17.7366],[-57.714,-17.7297],[-57.6845,-17.7389],[-57.634,-17.7412],[-57.6124,-17.7671],[-57.6063,-17.7834],[-57.6023,-17.8181],[-57.5726,-17.8291],[-57.5304,-17.8574],[-57.4928,-17.869],[-57.4697,-17.9012],[-57.4766,-17.9382],[-57.4707,-17.9475],[-57.443,-17.8865],[-57.4182,-17.8641],[-57.2542,-17.8224],[-57.2239,-17.8034],[-57.2022,-17.7973],[-57.1313,-17.7866],[-57.0831,-17.7632],[-56.9789,-17.6568],[-56.9734,-17.6348],[-56.9795,-17.5993],[-56.9687,-17.5774],[-56.9445,-17.5655],[-56.8955,-17.5338],[-56.8754,-17.5079],[-56.8521,-17.4852],[-56.8425,-17.4407],[-56.8455,-17.4169],[-56.8387,-17.397],[-56.8033,-17.3815],[-56.7923,-17.3715],[-56.7855,-17.3448],[-56.7563,-17.3182],[-56.7467,-17.3165],[-56.668,-17.3224],[-56.5272,-17.3112],[-56.4882,-17.3039],[-56.4375,-17.3193],[-56.4028,-17.3113],[-56.3823,-17.3006],[-56.3615,-17.2817],[-56.3289,-17.2864],[-56.2976,-17.2684],[-56.2649,-17.2308],[-56.2487,-17.2186],[-56.206,-17.2038],[-56.1541,-17.1969],[-56.1328,-17.1894],[-56.1026,-17.1874],[-56.0612,-17.1923],[-56.0246,-17.2117],[-56.0085,-17.2428],[-55.9831,-17.2659],[-55.9085,-17.2832],[-55.8786,-17.298],[-55.8471,-17.3051],[-55.8339,-17.3131],[-55.8132,-17.3381],[-55.7875,-17.3515],[-55.7297,-17.3635],[-55.7069,-17.3591],[-55.6771,-17.3695],[-55.6318,-17.3805],[-55.6086,-17.3933],[-55.5883,-17.4207],[-55.5756,-17.453],[-55.546,-17.4838],[-55.536,-17.5015],[-55.5088,-17.5181],[-55.4441,-17.5459],[-55.4031,-17.5583],[-55.3763,-17.5739],[-55.3391,-17.5846],[-55.2896,-17.6277],[-55.1805,-17.6858],[-55.117,-17.6775],[-55.0762,-17.6804],[-54.975,-17.6564],[-54.9278,-17.6573],[-54.8987,-17.6496],[-54.811,-17.6017],[-54.8018,-17.5931],[-54.7792,-17.5561],[-54.7522,-17.538],[-54.6971,-17.5167],[-54.6065,-17.505],[-54.5479,-17.5071],[-54.5261,-17.5136],[-54.4833,-17.5435],[-54.4205,-17.5809],[-54.4125,-17.5985],[-54.404,-17.6559],[-54.3931,-17.6722],[-54.3511,-17.6796],[-54.3191,-17.6729],[-54.2354,-17.6374],[-54.1891,-17.6256],[-54.1436,-17.6273],[-54.1115,-17.6142],[-54.0835,-17.5863],[-54.0633,-17.5426],[-54.0382,-17.5103],[-53.9806,-17.4814],[-53.951,-17.4579],[-53.8595,-17.3624],[-53.841,-17.3288],[-53.8215,-17.3061],[-53.7737,-17.2676],[-53.744,-17.2542],[-53.6892,-17.2502],[-53.6816,-17.2566],[-53.6827,-17.3083],[-53.7146,-17.4336],[-53.7191,-17.5007],[-53.732,-17.5413],[-53.7506,-17.6428],[-53.7689,-17.663],[-53.8096,-17.6717],[-53.8586,-17.689],[-53.8751,-17.7053],[-53.8869,-17.7452],[-53.9144,-17.7832],[-53.9321,-17.8203],[-53.9662,-17.8551],[-53.9781,-17.8737],[-53.9888,-17.9022],[-53.9768,-17.9333],[-53.9416,-17.9281],[-53.8691,-17.9473],[-53.7675,-18.001],[-53.7282,-18.008],[-53.6047,-17.9929],[-53.5788,-17.9933],[-53.4936,-18.0117],[-53.4627,-18.0135],[-53.4336,-18.0095],[-53.4219,-17.9998],[-53.4019,-18.0022],[-53.3076,-17.9975],[-53.2875,-17.9988],[-53.2114,-18.015],[-53.187,-18.0238],[-53.1466,-18.0316],[-53.0658,-18.0219],[-53.0538,-18.0166],[-53.0699,-17.9753],[-53.1089,-17.8964],[-53.1486,-17.7787],[-53.1779,-17.7427],[-53.231,-17.6521],[-53.2413,-17.6218],[-53.2448,-17.5924],[-53.2433,-17.5633],[-53.2324,-17.5145],[-53.2219,-17.501],[-53.2208,-17.4501],[-53.2052,-17.3899],[-53.1896,-17.3626],[-53.1982,-17.3312],[-53.2033,-17.282],[-53.1914,-17.2561],[-53.1587,-17.2245],[-53.142,-17.1869],[-53.1355,-17.1633],[-53.115,-17.1428],[-53.0785,-17.089],[-53.0584,-17.0741],[-53.0468,-17.0578],[-53.0331,-17.0193],[-53.0399,-16.9814],[-53.0278,-16.9496],[-53.0138,-16.8849],[-53.0194,-16.8679],[-52.9912,-16.8386],[-52.9635,-16.819],[-52.8965,-16.7866],[-52.8543,-16.7723],[-52.8093,-16.7454],[-52.7724,-16.704],[-52.7313,-16.6704],[-52.7122,-16.6506],[-52.7041,-16.6323],[-52.6965,-16.5889],[-52.686,-16.573],[-52.6426,-16.5424],[-52.6324,-16.5289],[-52.6247,-16.464],[-52.6155,-16.4261],[-52.6678,-16.3945],[-52.6825,-16.362],[-52.6784,-16.3137],[-52.6695,-16.2913],[-52.622,-16.2648],[-52.5684,-16.2507],[-52.5469,-16.2411],[-52.5359,-16.2268],[-52.5391,-16.1695],[-52.5325,-16.1521],[-52.5153,-16.1396],[-52.4625,-16.1189],[-52.4487,-16.1106],[-52.4441,-16.0945],[-52.4304,-16.0827],[-52.3888,-16.0678],[-52.3619,-16.0504],[-52.3423,-16.0494],[-52.3286,-16.0381],[-52.3068,-15.9864],[-52.2615,-15.9378],[-52.2501,-15.9133],[-52.2306,-15.8987],[-52.2063,-15.8897],[-52.1586,-15.8805],[-52.053,-15.8748],[-52.0299,-15.8684],[-52.0088,-15.8556],[-51.9742,-15.823],[-51.9668,-15.8007],[-51.9406,-15.8009],[-51.9158,-15.8127],[-51.8827,-15.8048],[-51.8716,-15.7925],[-51.8625,-15.7605],[-51.8265,-15.7171],[-51.7959,-15.6517],[-51.7739,-15.6106],[-51.7749,-15.585],[-51.7929,-15.539],[-51.7855,-15.5253],[-51.7629,-15.5384],[-51.7485,-15.53],[-51.7115,-15.4742],[-51.7052,-15.4557],[-51.6974,-15.4086],[-51.6792,-15.3789],[-51.676,-15.3549],[-51.6819,-15.3113],[-51.6718,-15.2819],[-51.6489,-15.2646],[-51.6494,-15.2427],[-51.6574,-15.2097],[-51.6489,-15.1901],[-51.6249,-15.1655],[-51.6076,-15.1536],[-51.5757,-15.1401],[-51.5322,-15.0803],[-51.5137,-15.0627],[-51.4741,-15.0483],[-51.4534,-15.0353],[-51.4273,-15.0067],[-51.412,-14.9954],[-51.3675,-14.9884],[-51.3507,-14.9814],[-51.32,-14.9561],[-51.3071,-14.9713],[-51.2975,-15.0104],[-51.275,-15.0182],[-51.2552,-15.0154],[-51.2101,-14.9909],[-51.176,-14.9767],[-51.1518,-14.9538],[-51.1381,-14.9121],[-51.1003,-14.8879],[-51.0927,-14.8224],[-51.0686,-14.8045],[-51.0649,-14.7862],[-51.0661,-14.7439],[-51.0423,-14.6836],[-51.0335,-14.6471],[-51.01,-14.6284],[-50.9893,-14.5736],[-50.987,-14.5549],[-50.9699,-14.5185],[-50.9708,-14.4868],[-50.9967,-14.4099],[-50.9977,-14.3995],[-50.9861,-14.3562],[-50.9715,-14.3143],[-50.9732,-14.2865],[-50.9596,-14.2358],[-50.924,-14.1669],[-50.9178,-14.1471],[-50.9249,-14.1216],[-50.9185,-14.1154],[-50.8991,-14.1191],[-50.8562,-14.1035],[-50.8458,-14.0841],[-50.8448,-14.0678],[-50.859,-14.0405],[-50.8585,-14.0038],[-50.8634,-13.985],[-50.8635,-13.9551],[-50.8505,-13.9206],[-50.8446,-13.88],[-50.8461,-13.8596],[-50.8578,-13.8149],[-50.8573,-13.7598],[-50.8679,-13.7217],[-50.8633,-13.7119],[-50.8262,-13.7011],[-50.7958,-13.6759],[-50.7891,-13.6629],[-50.7689,-13.6031],[-50.7581,-13.5411],[-50.7404,-13.5134],[-50.7194,-13.5004],[-50.6899,-13.4596],[-50.6763,-13.4469],[-50.6631,-13.4236],[-50.6602,-13.3937],[-50.6434,-13.364],[-50.6146,-13.3299],[-50.5995,-13.303],[-50.5743,-13.2466],[-50.569,-13.2284],[-50.5806,-13.194],[-50.574,-13.1226],[-50.5879,-13.0786],[-50.5839,-13.0696],[-50.5504,-13.05],[-50.5488,-13.0399],[-50.5638,-13.019],[-50.5521,-13.0039],[-50.5173,-12.9833],[-50.4955,-12.9509],[-50.4783,-12.8791],[-50.484,-12.8448],[-50.498,-12.8402],[-50.5291,-12.8408],[-50.5549,-12.8337],[-50.5701,-12.817],[-50.5639,-12.8052],[-50.5953,-12.8075],[-50.6097,-12.7695],[-50.6082,-12.7382],[-50.6146,-12.7044],[-50.6235,-12.6874],[-50.6269,-12.6593],[-50.6657,-12.6312],[-50.6751,-12.6151],[-50.6731,-12.6028],[-50.6539,-12.6065],[-50.6484,-12.5914],[-50.6517,-12.5619],[-50.6325,-12.499],[-50.6347,-12.4664],[-50.631,-12.4517],[-50.6168,-12.4468],[-50.6122,-12.4311],[-50.6302,-12.308],[-50.6239,-12.2926],[-50.6254,-12.2725],[-50.6394,-12.2364],[-50.6593,-12.2183],[-50.6726,-12.192],[-50.6832,-12.0418],[-50.6821,-12.0006],[-50.6636,-11.9837],[-50.657,-11.9599],[-50.6649,-11.9286],[-50.647,-11.9098],[-50.6443,-11.8898],[-50.6498,-11.8788],[-50.6774,-11.8627],[-50.6806,-11.8289],[-50.6987,-11.7674],[-50.7115,-11.7514],[-50.7072,-11.7116],[-50.658,-11.6635],[-50.6499,-11.6082],[-50.6627,-11.5833],[-50.7043,-11.5613],[-50.7309,-11.5306],[-50.7427,-11.5016],[-50.7382,-11.4536],[-50.7258,-11.4026],[-50.6943,-11.306],[-50.6806,-11.2848],[-50.6709,-11.2593],[-50.6665,-11.2264],[-50.6644,-11.1429],[-50.6447,-11.1064],[-50.6214,-11.0882],[-50.6118,-11.0612],[-50.6129,-11.0312],[-50.6272,-10.9625],[-50.6351,-10.9361],[-50.6336,-10.9222],[-50.6214,-10.9065],[-50.6142,-10.8706],[-50.628,-10.8344],[-50.6266,-10.8217],[-50.6005,-10.7921],[-50.5871,-10.753],[-50.5863,-10.7116],[-50.6,-10.6771],[-50.5988,-10.6566],[-50.5727,-10.612],[-50.5485,-10.6033],[-50.5325,-10.5689],[-50.5191,-10.5583],[-50.5249,-10.5226],[-50.5033,-10.493],[-50.4968,-10.471],[-50.4982,-10.4372],[-50.4935,-10.4177],[-50.4816,-10.4008],[-50.4498,-10.3717],[-50.426,-10.341],[-50.4064,-10.2991],[-50.3932,-10.2541],[-50.3883,-10.2141],[-50.3976,-10.1533],[-50.3778,-10.1049],[-50.3157,-10.0373],[-50.304,-10.0208],[-50.2971,-9.9845],[-50.2784,-9.9192],[-50.2594,-9.8803],[-50.2357,-9.844],[-51.1702,-9.7959],[-51.2977,-9.7894],[-55.0927,-9.5651],[-56.4616,-9.4669],[-56.4675,-9.4754],[-56.4895,-9.4694],[-56.5495,-9.4416],[-56.5809,-9.4152],[-56.5949,-9.4084],[-56.6441,-9.3965],[-56.6782,-9.3773],[-56.7001,-9.3768],[-56.7344,-9.3923],[-56.7701,-9.3979],[-56.783,-9.3932],[-56.7976,-9.3752],[-56.8076,-9.3457],[-56.8097,-9.3135],[-56.8201,-9.2925],[-56.8371,-9.2731],[-56.8548,-9.2637],[-56.9253,-9.2445],[-56.9668,-9.239],[-57.0007,-9.2456],[-57.0455,-9.2304],[-57.0694,-9.2077],[-57.0746,-9.1877],[-57.0732,-9.1227],[-57.0813,-9.0776],[-57.1031,-9.0513],[-57.1765,-9.0191],[-57.1995,-9.0009],[-57.2253,-8.9869],[-57.2978,-8.9575],[-57.3585,-8.9133],[-57.3686,-8.8831],[-57.3844,-8.8666],[-57.4261,-8.8412],[-57.4819,-8.7927],[-57.512,-8.7758],[-57.5796,-8.7563],[-57.596,-8.7327],[-57.5948,-8.709],[-57.6008,-8.6743],[-57.6085,-8.6531],[-57.6392,-8.613],[-57.646,-8.5911],[-57.6421,-8.5589],[-57.6527,-8.5174],[-57.6511,-8.4985],[-57.6758,-8.4557],[-57.6806,-8.4358],[-57.668,-8.393],[-57.6692,-8.3281],[-57.6555,-8.2893],[-57.6535,-8.26],[-57.6403,-8.2294],[-57.6541,-8.1991],[-57.6993,-8.1585],[-57.7101,-8.1455],[-57.7209,-8.1163],[-57.7346,-8.0943],[-57.7812,-8.0464],[-57.7963,-8.0156],[-57.8018,-7.9838],[-57.8185,-7.9538],[-57.8315,-7.9119],[-57.8387,-7.8665],[-57.8625,-7.818],[-57.8803,-7.7696],[-57.8937,-7.6926],[-57.9114,-7.6639],[-57.9311,-7.6448],[-57.947,-7.6193],[-57.9593,-7.5742],[-57.9798,-7.5302],[-58.059,-7.411],[-58.1355,-7.3391],[-58.1815,-7.3961],[-58.2084,-7.4176],[-58.2237,-7.4594],[-58.2263,-7.51],[-58.2085,-7.5493],[-58.2053,-7.5703],[-58.2098,-7.5909],[-58.2369,-7.6418],[-58.2713,-7.6796],[-58.2972,-7.7326],[-58.3541,-7.7792],[-58.3786,-7.8181],[-58.3816,-7.8385],[-58.3772,-7.878],[-58.3675,-7.9083],[-58.3425,-7.9544],[-58.3251,-8.003],[-58.306,-8.0823],[-58.3079,-8.1161],[-58.3403,-8.2055],[-58.3365,-8.2369],[-58.3412,-8.2562],[-58.3713,-8.305],[-58.3907,-8.3635],[-58.4033,-8.3824],[-58.4371,-8.4126],[-58.4396,-8.4323],[-58.4307,-8.5008],[-58.4187,-8.5415],[-58.4236,-8.5609],[-58.4439,-8.5957],[-58.4551,-8.6217],[-58.4721,-8.6896],[-58.4989,-8.7188],[-58.5452,-8.7483],[-61.6113,-8.7686],[-61.5795,-8.7941],[-61.5431,-8.8168],[-61.5094,-8.8468],[-61.4893,-8.8831],[-61.486,-8.9143],[-61.5302,-8.9976],[-61.5556,-9.0827],[-61.5565,-9.1294],[-61.5303,-9.1976],[-61.5308,-9.2246],[-61.5393,-9.2307],[-61.5725,-9.2342],[-61.5929,-9.242],[-61.597,-9.2521],[-61.5942,-9.2789],[-61.6113,-9.3201],[-61.605,-9.3445],[-61.562,-9.3746],[-61.548,-9.4076],[-61.5516,-9.4616],[-61.5218,-9.5641],[-61.4814,-9.6381],[-61.5044,-9.6662],[-61.5212,-9.7063],[-61.5518,-9.7154],[-61.564,-9.7268],[-61.5421,-9.7584],[-61.5365,-9.8087],[-61.5203,-9.8618],[-61.5214,-9.8853],[-61.5347,-9.9367],[-61.5308,-9.9739],[-61.5351,-9.9961],[-61.5588,-10.0353],[-61.5705,-10.0606],[-61.5776,-10.0971],[-61.5794,-10.1309],[-61.576,-10.1488],[-61.5607,-10.1713],[-61.5552,-10.1989],[-61.5649,-10.2343],[-61.5632,-10.2616],[-61.5195,-10.3556],[-61.4929,-10.385],[-61.4786,-10.4071],[-61.471,-10.4348],[-61.4822,-10.5016],[-61.4854,-10.5655],[-61.4949,-10.618],[-61.4969,-10.656],[-61.5033,-10.6865],[-61.4953,-10.698],[-61.47,-10.7088],[-61.4656,-10.7199],[-61.4732,-10.7588],[-61.488,-10.7783],[-61.5092,-10.7738],[-61.52,-10.7904],[-61.5085,-10.8467],[-61.508,-10.8785],[-61.5218,-10.9525],[-61.521,-10.9677],[-61.5101,-10.9891],[-61.4703,-10.9968],[-60.4412,-11.0035],[-60.434,-11.0084],[-60.4414,-11.041],[-60.4331,-11.0536],[-60.3825,-11.1016],[-60.37,-11.1093],[-60.35,-11.105],[-60.3193,-11.0829],[-60.2993,-11.0764],[-60.2783,-11.081],[-60.2447,-11.1019],[-60.179,-11.1177],[-60.1459,-11.1062],[-60.1016,-11.1155],[-60.0699,-11.1143],[-60.0404,-11.1309],[-60.0016,-11.1443],[-59.9931,-11.157],[-59.9772,-11.1986],[-59.9677,-11.2486],[-59.9581,-11.2764],[-59.9164,-11.3622],[-59.9112,-11.3841],[-59.927,-11.4165],[-59.9582,-11.4358],[-59.967,-11.4457],[-59.9858,-11.488],[-60.0248,-11.5356],[-60.0869,-11.5811],[-60.1014,-11.5998],[-60.1072,-11.6582],[-60.1013,-11.7446],[-60.0875,-11.7941],[-60.0863,-11.8397],[-60.0781,-11.8764],[-60.0601,-11.9049],[-60.0378,-11.9095],[-60.0088,-11.9024],[-59.9834,-11.9167],[-59.9656,-11.9681],[-59.9433,-12.0118],[-59.9317,-12.0533],[-59.896,-12.1017],[-59.8872,-12.1297],[-59.8895,-12.2436],[-59.8823,-12.2775],[-59.8612,-12.3267],[-59.8241,-12.3866],[-59.8234,-12.4083],[-59.8421,-12.4444],[-59.9091,-12.6184],[-59.9903,-12.7075],[-60.002,-12.7294],[-60.0256,-12.8166],[-60.0297,-12.843],[-60.042,-12.8753],[-60.0834,-12.9285],[-60.1057,-12.9413],[-60.1502,-12.9482],[-60.1765,-12.9585],[-60.1952,-12.972],[-60.2174,-13.0028],[-60.2552,-13.0413],[-60.2706,-13.0688],[-60.2668,-13.1083],[-60.2767,-13.1381],[-60.3411,-13.2495],[-60.3512,-13.2721],[-60.3689,-13.3534],[-60.3732,-13.386],[-60.3838,-13.4203],[-60.4067,-13.4448],[-60.4859,-13.4848],[-60.6607,-13.6016],[-60.6965,-13.6327],[-60.7256,-13.6628]]]},"properties":{"name":"Mato Grosso","name_en":"Mato Grosso","name_ja":"マットグロッソ州","name_zh":"马托格罗索州","name_ko":"마투그로수","adm0_a3":"BRA","postal":"MT","iso_3166_2":"BR-MT","type_en":"State","geonunit":"Brazil"}},
{"type":"Feature","geometry":{"type":"MultiPolygon","coordinates":[[[[-46.0846,-1.2104],[-46.1241,-1.2254],[-46.1408,-1.2412],[-46.1459,-1.2749],[-46.1632,-1.2911],[-46.1604,-1.3159],[-46.1331,-1.3354],[-46.1254,-1.3463],[-46.129,-1.3667],[-46.1591,-1.3913],[-46.1712,-1.4344],[-46.2012,-1.4841],[-46.1896,-1.5476],[-46.1792,-1.5733],[-46.2012,-1.6008],[-46.2012,-1.6793],[-46.2179,-1.6919],[-46.2269,-1.7161],[-46.2418,-1.724],[-46.2831,-1.7305],[-46.314,-1.7319],[-46.3172,-1.7414],[-46.3104,-1.7823],[-46.3037,-1.8025],[-46.2873,-1.8038],[-46.2489,-1.7926],[-46.228,-1.7966],[-46.2153,-1.8066],[-46.2074,-1.8435],[-46.2184,-1.8608],[-46.2142,-1.8882],[-46.2142,-1.9291],[-46.2241,-1.9733],[-46.258,-2.0559],[-46.2803,-2.1407],[-46.3,-2.1772],[-46.325,-2.2063],[-46.3672,-2.2483],[-46.3759,-2.2519],[-46.4113,-2.2388],[-46.4271,-2.2519],[-46.4094,-2.2656],[-46.4192,-2.311],[-46.4152,-2.3264],[-46.4476,-2.3611],[-46.4516,-2.3779],[-46.4339,-2.3748],[-46.4089,-2.3623],[-46.4084,-2.3853],[-46.4337,-2.4112],[-46.4338,-2.4326],[-46.4271,-2.4738],[-46.4269,-2.5105],[-46.4407,-2.5393],[-46.4851,-2.5461],[-46.496,-2.5691],[-46.4931,-2.5792],[-46.509,-2.615],[-46.5241,-2.6314],[-46.5438,-2.6423],[-46.5643,-2.6423],[-46.6019,-2.6647],[-46.6121,-2.656],[-46.6211,-2.681],[-46.6594,-2.7159],[-46.6667,-2.7385],[-46.6189,-2.8068],[-46.6045,-2.8004],[-46.5984,-2.8341],[-46.5743,-2.8429],[-46.5763,-2.8493],[-46.6086,-2.8655],[-46.6227,-2.8805],[-46.6189,-2.903],[-46.646,-2.8923],[-46.6502,-2.913],[-46.6369,-2.9873],[-46.6389,-3.0052],[-46.6558,-3.0241],[-46.6667,-3.0942],[-46.6937,-3.1329],[-46.7008,-3.1494],[-46.7121,-3.137],[-46.7356,-3.1494],[-46.7178,-3.1592],[-46.7239,-3.1759],[-46.7427,-3.1931],[-46.7629,-3.1972],[-46.7699,-3.216],[-46.7561,-3.2245],[-46.777,-3.2408],[-46.7765,-3.2593],[-46.8107,-3.2859],[-46.818,-3.3191],[-46.8243,-3.3275],[-46.8619,-3.331],[-46.8966,-3.3517],[-46.9121,-3.3701],[-46.9446,-3.3982],[-46.9476,-3.4269],[-46.941,-3.4442],[-46.9572,-3.482],[-46.9673,-3.4946],[-46.9683,-3.5255],[-46.9972,-3.5415],[-46.9956,-3.5535],[-47.0229,-3.5597],[-47.0297,-3.5688],[-47.0231,-3.5988],[-47.0373,-3.6225],[-47.0366,-3.646],[-47.0502,-3.6733],[-47.044,-3.7043],[-47.0552,-3.7519],[-47.0658,-3.8417],[-47.0786,-3.8766],[-47.0987,-3.9029],[-47.142,-3.9291],[-47.1812,-3.968],[-47.2011,-3.9991],[-47.2632,-4.0531],[-47.2822,-4.0539],[-47.2905,-4.081],[-47.3109,-4.0668],[-47.3297,-4.1047],[-47.3314,-4.1425],[-47.3451,-4.1425],[-47.3337,-4.1646],[-47.3403,-4.1828],[-47.3656,-4.2251],[-47.3651,-4.2538],[-47.3814,-4.2749],[-47.4294,-4.3069],[-47.4563,-4.3385],[-47.4645,-4.3727],[-47.4902,-4.4235],[-47.5141,-4.449],[-47.5287,-4.4749],[-47.5448,-4.4914],[-47.5571,-4.5158],[-47.5814,-4.5471],[-47.6544,-4.6056],[-47.7056,-4.6104],[-47.7341,-4.5912],[-47.7861,-4.6011],[-47.8007,-4.5958],[-48.2535,-4.9527],[-48.7326,-5.3386],[-48.7432,-5.3525],[-48.723,-5.3553],[-48.6885,-5.3137],[-48.6783,-5.3075],[-48.6413,-5.3034],[-48.6217,-5.3078],[-48.6089,-5.3287],[-48.5818,-5.3007],[-48.5544,-5.2339],[-48.5312,-5.2051],[-48.4981,-5.1865],[-48.4586,-5.1735],[-48.4159,-5.166],[-48.3378,-5.1638],[-48.3126,-5.1823],[-48.1533,-5.2574],[-48.1125,-5.2662],[-48.0645,-5.2666],[-48.0437,-5.2598],[-48.0185,-5.2373],[-47.9996,-5.2324],[-47.9392,-5.2404],[-47.8998,-5.2531],[-47.8798,-5.2643],[-47.8649,-5.2809],[-47.859,-5.3041],[-47.8577,-5.3495],[-47.8517,-5.3691],[-47.8385,-5.3832],[-47.8181,-5.3896],[-47.7597,-5.3832],[-47.7231,-5.3915],[-47.6273,-5.4464],[-47.5935,-5.4701],[-47.5369,-5.4788],[-47.5152,-5.4977],[-47.4971,-5.5266],[-47.4686,-5.5887],[-47.4829,-5.743],[-47.455,-5.7668],[-47.4454,-5.7847],[-47.4397,-5.8157],[-47.414,-5.8699],[-47.414,-5.9109],[-47.4259,-5.9747],[-47.4255,-6.1038],[-47.4085,-6.1812],[-47.3821,-6.2143],[-47.373,-6.2336],[-47.377,-6.2766],[-47.4102,-6.3498],[-47.3997,-6.3838],[-47.4202,-6.4338],[-47.4202,-6.4561],[-47.4072,-6.4794],[-47.4154,-6.4952],[-47.4419,-6.5278],[-47.4493,-6.5439],[-47.455,-6.5961],[-47.4801,-6.6616],[-47.4876,-6.6984],[-47.4754,-6.7333],[-47.4887,-6.7632],[-47.4948,-6.7902],[-47.4965,-6.8528],[-47.4824,-6.8883],[-47.5006,-6.9646],[-47.5027,-6.9834],[-47.5138,-7.0088],[-47.5853,-7.0691],[-47.6399,-7.1584],[-47.6858,-7.1462],[-47.7253,-7.1622],[-47.7411,-7.1934],[-47.7156,-7.2267],[-47.6781,-7.2471],[-47.6604,-7.2635],[-47.6447,-7.3085],[-47.6255,-7.2998],[-47.5884,-7.2683],[-47.5491,-7.2706],[-47.5127,-7.2805],[-47.4859,-7.3023],[-47.4754,-7.34],[-47.489,-7.3814],[-47.5213,-7.4028],[-47.5596,-7.4191],[-47.5915,-7.4458],[-47.5754,-7.4534],[-47.5149,-7.4447],[-47.4988,-7.4504],[-47.4904,-7.4863],[-47.4732,-7.5208],[-47.457,-7.5361],[-47.4143,-7.5309],[-47.4039,-7.539],[-47.4042,-7.5713],[-47.3966,-7.5796],[-47.3726,-7.5823],[-47.3616,-7.5977],[-47.3493,-7.6309],[-47.3458,-7.6579],[-47.328,-7.6611],[-47.3278,-7.6423],[-47.3135,-7.6408],[-47.2959,-7.6635],[-47.2966,-7.6887],[-47.2794,-7.7037],[-47.2815,-7.73],[-47.2666,-7.7405],[-47.2435,-7.7465],[-47.2256,-7.7724],[-47.2083,-7.8139],[-47.1921,-7.8323],[-47.1513,-7.8553],[-47.099,-7.9321],[-47.079,-7.9759],[-47.0523,-7.9873],[-47.0431,-7.9968],[-47.0299,-8.0307],[-47.0149,-8.0428],[-46.9833,-8.0403],[-46.9575,-8.0251],[-46.9401,-8.0002],[-46.909,-7.9773],[-46.8898,-7.9747],[-46.8704,-7.9598],[-46.7781,-7.9465],[-46.7458,-7.9239],[-46.7121,-7.9167],[-46.6454,-7.9133],[-46.6057,-7.8991],[-46.5739,-7.9069],[-46.5461,-7.9413],[-46.4914,-7.9641],[-46.4836,-7.9835],[-46.4777,-8.0271],[-46.4663,-8.0688],[-46.4795,-8.0935],[-46.5041,-8.1732],[-46.492,-8.1913],[-46.4909,-8.209],[-46.5023,-8.2347],[-46.5083,-8.2777],[-46.5184,-8.2956],[-46.5411,-8.307],[-46.543,-8.3184],[-46.5142,-8.3686],[-46.4933,-8.3831],[-46.5012,-8.3973],[-46.5983,-8.3978],[-46.6293,-8.4001],[-46.6601,-8.3973],[-46.7185,-8.4066],[-46.7911,-8.4363],[-46.8272,-8.4674],[-46.8385,-8.4841],[-46.8593,-8.5339],[-46.8679,-8.5461],[-46.8817,-8.5817],[-46.8914,-8.6282],[-46.8927,-8.652],[-46.9038,-8.6999],[-46.9219,-8.7426],[-46.9004,-8.8114],[-46.905,-8.831],[-46.934,-8.8576],[-46.9787,-8.8886],[-47.0139,-8.9298],[-47.0639,-8.9768],[-47.0832,-9.0205],[-47.0809,-9.0348],[-47.0575,-9.0562],[-47.0396,-9.0654],[-47.0146,-9.069],[-46.9709,-9.0656],[-46.9408,-9.0706],[-46.8903,-9.1039],[-46.8457,-9.1678],[-46.8277,-9.231],[-46.8295,-9.3084],[-46.8259,-9.325],[-46.8072,-9.3623],[-46.7914,-9.38],[-46.7527,-9.4108],[-46.6662,-9.4574],[-46.5589,-9.4975],[-46.5371,-9.517],[-46.5321,-9.5452],[-46.5361,-9.5552],[-46.5758,-9.5917],[-46.5888,-9.6121],[-46.5999,-9.6518],[-46.622,-9.6634],[-46.6485,-9.6645],[-46.6646,-9.6833],[-46.6725,-9.7102],[-46.6694,-9.7465],[-46.6601,-9.758],[-46.6188,-9.7762],[-46.5788,-9.8138],[-46.5076,-9.8576],[-46.4829,-9.8856],[-46.4666,-9.9195],[-46.4631,-9.9486],[-46.4703,-10.0043],[-46.463,-10.019],[-46.4241,-10.0602],[-46.4101,-10.0941],[-46.3662,-10.1336],[-46.3476,-10.1696],[-46.3301,-10.1798],[-46.2822,-10.188],[-46.2212,-10.1741],[-46.1891,-10.1758],[-46.0873,-10.2084],[-46.0706,-10.2219],[-46.0339,-10.27],[-46.0054,-10.2906],[-45.9461,-10.3177],[-45.9484,-10.2819],[-45.9382,-10.2335],[-45.9371,-10.2114],[-45.9541,-10.1799],[-45.9491,-10.1634],[-45.8995,-10.0843],[-45.9007,-10.0238],[-45.8602,-10.0011],[-45.8546,-9.9672],[-45.8647,-9.896],[-45.8581,-9.8316],[-45.8478,-9.7996],[-45.8312,-9.7753],[-45.8445,-9.7382],[-45.8455,-9.6921],[-45.838,-9.6046],[-45.8398,-9.5594],[-45.8371,-9.5334],[-45.8169,-9.5149],[-45.8071,-9.498],[-45.7964,-9.4612],[-45.8059,-9.4082],[-45.828,-9.3761],[-45.8647,-9.3575],[-45.8958,-9.3284],[-45.9072,-9.2948],[-45.9057,-9.2073],[-45.9126,-9.1916],[-45.9057,-9.1794],[-45.9256,-9.1556],[-45.9336,-9.1179],[-45.9332,-9.0485],[-45.9418,-9.0136],[-45.9734,-8.9547],[-45.9814,-8.9296],[-45.9678,-8.8774],[-45.9546,-8.8545],[-45.9405,-8.8442],[-45.9433,-8.8173],[-45.9283,-8.7888],[-45.9075,-8.7691],[-45.8927,-8.7685],[-45.8784,-8.7406],[-45.8579,-8.7207],[-45.8207,-8.6994],[-45.8101,-8.6791],[-45.7982,-8.6375],[-45.7896,-8.6245],[-45.7663,-8.6059],[-45.7639,-8.5968],[-45.7828,-8.5904],[-45.7828,-8.5829],[-45.7506,-8.5607],[-45.7395,-8.5169],[-45.735,-8.4327],[-45.7151,-8.3982],[-45.6873,-8.3614],[-45.6593,-8.3092],[-45.6602,-8.2786],[-45.6551,-8.2556],[-45.6144,-8.2224],[-45.5978,-8.1788],[-45.5774,-8.1515],[-45.5648,-8.0763],[-45.5637,-8.028],[-45.5472,-8.014],[-45.5458,-7.9996],[-45.5573,-7.9877],[-45.5501,-7.9796],[-45.5569,-7.9619],[-45.5501,-7.912],[-45.5432,-7.9194],[-45.5364,-7.8846],[-45.5429,-7.87],[-45.5316,-7.8572],[-45.5272,-7.8344],[-45.5085,-7.7868],[-45.4956,-7.7141],[-45.4724,-7.6742],[-45.4357,-7.6465],[-45.3534,-7.6025],[-45.2984,-7.5578],[-45.2783,-7.5496],[-45.2158,-7.5454],[-45.1748,-7.5357],[-45.1008,-7.5071],[-45.0251,-7.4928],[-45.0095,-7.4876],[-44.9467,-7.4573],[-44.9081,-7.4444],[-44.8935,-7.414],[-44.8696,-7.4148],[-44.8584,-7.393],[-44.8164,-7.3639],[-44.7895,-7.3769],[-44.7536,-7.3655],[-44.714,-7.398],[-44.6893,-7.3814],[-44.6799,-7.3502],[-44.6557,-7.3204],[-44.6246,-7.3024],[-44.6178,-7.3093],[-44.6035,-7.2924],[-44.5768,-7.2472],[-44.5294,-7.2183],[-44.4996,-7.1788],[-44.4505,-7.1477],[-44.3994,-7.1264],[-44.3714,-7.1243],[-44.357,-7.114],[-44.3062,-7.11],[-44.2882,-7.0874],[-44.2581,-7.0058],[-44.2308,-6.997],[-44.2071,-6.9753],[-44.1858,-6.9387],[-44.1682,-6.9243],[-44.1616,-6.8867],[-44.1435,-6.8791],[-44.1154,-6.8534],[-44.0936,-6.8562],[-44.1021,-6.8336],[-44.1117,-6.8264],[-44.0902,-6.809],[-44.0629,-6.8295],[-44.0543,-6.7868],[-44.0381,-6.7675],[-43.994,-6.7612],[-43.9735,-6.7401],[-43.9627,-6.7434],[-43.953,-6.7612],[-43.9379,-6.7616],[-43.9019,-6.7528],[-43.8574,-6.7333],[-43.8295,-6.727],[-43.8155,-6.7101],[-43.7117,-6.6986],[-43.6748,-6.701],[-43.5967,-6.7435],[-43.5935,-6.7509],[-43.566,-6.7469],[-43.559,-6.7517],[-43.5489,-6.7817],[-43.5078,-6.802],[-43.4906,-6.8257],[-43.4613,-6.8416],[-43.4216,-6.8441],[-43.3957,-6.8319],[-43.3692,-6.8065],[-43.3463,-6.8015],[-43.301,-6.8009],[-43.2609,-6.7879],[-43.2229,-6.7617],[-43.1984,-6.7546],[-43.1545,-6.7781],[-43.1344,-6.7803],[-43.0736,-6.7607],[-43.0179,-6.7674],[-42.997,-6.761],[-42.9794,-6.7457],[-42.9263,-6.6863],[-42.9158,-6.6688],[-42.9115,-6.6476],[-42.9118,-6.6145],[-42.8882,-6.59],[-42.879,-6.5611],[-42.8774,-6.5036],[-42.8569,-6.4831],[-42.8705,-6.4384],[-42.8535,-6.3695],[-42.8296,-6.3525],[-42.832,-6.3398],[-42.85,-6.3292],[-42.85,-6.2541],[-42.8637,-6.2387],[-42.905,-6.2259],[-42.9217,-6.2162],[-42.9358,-6.1993],[-42.9642,-6.1874],[-43.0009,-6.1238],[-43.0418,-6.1101],[-43.0525,-6.0975],[-43.076,-6.0548],[-43.0597,-6.0182],[-43.0637,-6.0015],[-43.0919,-5.9663],[-43.0998,-5.9456],[-43.1033,-5.904],[-43.0896,-5.8767],[-43.1012,-5.8438],[-43.1079,-5.771],[-43.1033,-5.7526],[-43.0849,-5.7259],[-43.0828,-5.7122],[-43.0965,-5.6924],[-43.0896,-5.6679],[-43.1019,-5.6233],[-43.0896,-5.6092],[-43.0643,-5.6058],[-43.0484,-5.5963],[-43.0232,-5.5667],[-42.9795,-5.4804],[-42.9456,-5.4481],[-42.9414,-5.4353],[-42.9115,-5.3901],[-42.8492,-5.3402],[-42.8323,-5.3135],[-42.8296,-5.225],[-42.8054,-5.1926],[-42.805,-5.1608],[-42.8296,-5.1158],[-42.8339,-5.0982],[-42.8358,-5.0375],[-42.8389,-5.0169],[-42.8569,-4.9655],[-42.8533,-4.9364],[-42.8632,-4.9168],[-42.8842,-4.9004],[-42.8914,-4.8665],[-42.9047,-4.8278],[-42.9466,-4.7943],[-42.9525,-4.7766],[-42.9473,-4.7581],[-42.9292,-4.7318],[-42.932,-4.7116],[-42.9488,-4.6785],[-42.9493,-4.6585],[-42.9132,-4.639],[-42.8976,-4.6149],[-42.8774,-4.5683],[-42.866,-4.5241],[-42.863,-4.4987],[-42.8799,-4.4626],[-42.8885,-4.4219],[-42.8978,-4.4038],[-42.9237,-4.3847],[-42.9525,-4.3902],[-42.9657,-4.3725],[-42.9759,-4.3269],[-42.9872,-4.307],[-42.9848,-4.2895],[-42.9906,-4.2401],[-42.9835,-4.2217],[-42.9443,-4.1766],[-42.891,-4.1425],[-42.8741,-4.1063],[-42.8569,-4.0845],[-42.85,-4.0407],[-42.838,-4.0218],[-42.7914,-3.9752],[-42.7752,-3.9479],[-42.7334,-3.9234],[-42.7162,-3.8925],[-42.7007,-3.8336],[-42.6651,-3.7868],[-42.6685,-3.7111],[-42.6752,-3.6988],[-42.6632,-3.6717],[-42.6288,-3.6166],[-42.5723,-3.5705],[-42.5566,-3.5502],[-42.5326,-3.5066],[-42.5177,-3.4883],[-42.5006,-3.4511],[-42.4878,-3.4515],[-42.4757,-3.4712],[-42.4554,-3.4782],[-42.4255,-3.4647],[-42.3839,-3.4647],[-42.3654,-3.4503],[-42.3264,-3.4448],[-42.2787,-3.4453],[-42.2166,-3.4338],[-42.1782,-3.4012],[-42.0999,-3.3032],[-42.0987,-3.2856],[-42.117,-3.2692],[-42.1058,-3.2623],[-42.0045,-3.2331],[-41.9913,-3.2231],[-41.9759,-3.1865],[-41.9544,-3.1817],[-41.9328,-3.1244],[-41.9226,-3.1084],[-41.8933,-3.0953],[-41.8631,-3.0532],[-41.8427,-3.034],[-41.8306,-2.9835],[-41.8125,-2.9551],[-41.8153,-2.9365],[-41.8507,-2.9083],[-41.8679,-2.8536],[-41.87,-2.8341],[-41.8563,-2.8409],[-41.8481,-2.783],[-41.8428,-2.7653],[-41.8213,-2.7336],[-41.8386,-2.7295],[-41.9003,-2.7254],[-41.9956,-2.7214],[-42.0104,-2.7272],[-42.0153,-2.7411],[-41.9706,-2.7682],[-41.9589,-2.7789],[-41.9404,-2.7737],[-41.9368,-2.788],[-41.939,-2.8239],[-41.9439,-2.8377],[-41.969,-2.8337],[-42.004,-2.8126],[-42.0159,-2.8113],[-42.0209,-2.8239],[-42.0677,-2.82],[-42.0824,-2.8273],[-42.0898,-2.8068],[-42.0824,-2.8],[-42.1476,-2.8034],[-42.1761,-2.8118],[-42.2059,-2.8],[-42.2222,-2.8124],[-42.2394,-2.8342],[-42.2342,-2.8107],[-42.2386,-2.8048],[-42.2674,-2.8142],[-42.254,-2.7835],[-42.2545,-2.7665],[-42.2643,-2.759],[-42.3784,-2.7563],[-42.4073,-2.7502],[-42.4181,-2.7311],[-42.453,-2.7522],[-42.4744,-2.7374],[-42.5076,-2.7219],[-42.5144,-2.697],[-42.4983,-2.7042],[-42.4895,-2.6996],[-42.4871,-2.669],[-42.5163,-2.6811],[-42.5393,-2.6833],[-42.5809,-2.6721],[-42.6305,-2.6423],[-42.6728,-2.5891],[-42.7,-2.5636],[-42.7099,-2.5603],[-42.7751,-2.5603],[-42.8192,-2.5462],[-42.8579,-2.5222],[-42.9163,-2.4924],[-43.014,-2.4572],[-43.1187,-2.4169],[-43.1994,-2.3795],[-43.2513,-2.3673],[-43.3118,-2.3465],[-43.3636,-2.3429],[-43.4076,-2.3371],[-43.4544,-2.3414],[-43.4674,-2.3537],[-43.4827,-2.3791],[-43.4871,-2.3953],[-43.474,-2.4177],[-43.4281,-2.4417],[-43.4119,-2.4567],[-43.4386,-2.4567],[-43.4598,-2.443],[-43.4473,-2.4716],[-43.4188,-2.4915],[-43.4525,-2.4838],[-43.4654,-2.486],[-43.4481,-2.5148],[-43.4456,-2.5449],[-43.4529,-2.5529],[-43.4665,-2.5182],[-43.477,-2.5377],[-43.4945,-2.5462],[-43.4871,-2.5325],[-43.4998,-2.5248],[-43.5084,-2.4916],[-43.5218,-2.4915],[-43.5175,-2.4649],[-43.5237,-2.4426],[-43.5373,-2.436],[-43.5559,-2.4567],[-43.5367,-2.4782],[-43.5485,-2.5051],[-43.5485,-2.4846],[-43.5631,-2.5095],[-43.5605,-2.5193],[-43.5422,-2.5251],[-43.5582,-2.5309],[-43.5975,-2.5162],[-43.6173,-2.5251],[-43.622,-2.5053],[-43.6357,-2.4983],[-43.6658,-2.512],[-43.6446,-2.4772],[-43.6684,-2.4833],[-43.6824,-2.5047],[-43.681,-2.5296],[-43.6583,-2.5462],[-43.6931,-2.5393],[-43.6993,-2.5603],[-43.7211,-2.5603],[-43.7086,-2.5397],[-43.7065,-2.5138],[-43.7125,-2.4885],[-43.7241,-2.4772],[-43.7401,-2.4869],[-43.7386,-2.5172],[-43.7818,-2.5325],[-43.8049,-2.5492],[-43.8463,-2.5563],[-43.8795,-2.5712],[-43.8849,-2.5837],[-43.8744,-2.6228],[-43.878,-2.6349],[-43.8918,-2.6005],[-43.9191,-2.5496],[-43.9232,-2.5468],[-43.9464,-2.574],[-43.9584,-2.6007],[-43.9464,-2.6287],[-43.9759,-2.6103],[-44.0141,-2.6347],[-44.0357,-2.6764],[-44.0604,-2.7177],[-44.0636,-2.7348],[-44.0629,-2.777],[-44.0719,-2.7895],[-44.0698,-2.7653],[-44.0766,-2.7789],[-44.0829,-2.7522],[-44.1046,-2.7653],[-44.0981,-2.7487],[-44.1181,-2.7577],[-44.1327,-2.8036],[-44.1518,-2.8342],[-44.1667,-2.8381],[-44.2002,-2.8689],[-44.2139,-2.841],[-44.1831,-2.8239],[-44.1747,-2.8071],[-44.1885,-2.7781],[-44.1865,-2.759],[-44.2184,-2.7678],[-44.2261,-2.777],[-44.2201,-2.7931],[-44.2554,-2.7653],[-44.2655,-2.7805],[-44.2711,-2.8073],[-44.2889,-2.8068],[-44.2964,-2.8342],[-44.31,-2.8205],[-44.2964,-2.7931],[-44.3125,-2.7787],[-44.3227,-2.7851],[-44.3299,-2.8273],[-44.3485,-2.8102],[-44.3385,-2.7849],[-44.3131,-2.7621],[-44.2855,-2.7522],[-44.2517,-2.7211],[-44.2122,-2.7077],[-44.2002,-2.697],[-44.2103,-2.6865],[-44.2139,-2.669],[-44.1978,-2.6852],[-44.1797,-2.6901],[-44.151,-2.6801],[-44.1372,-2.6702],[-44.1111,-2.622],[-44.1066,-2.6023],[-44.1244,-2.5945],[-44.0972,-2.5803],[-44.0829,-2.5603],[-44.0655,-2.5514],[-44.0494,-2.5529],[-44.0327,-2.5133],[-44.0419,-2.4704],[-44.0494,-2.4704],[-44.0562,-2.5051],[-44.0636,-2.463],[-44.0972,-2.4567],[-44.0922,-2.4435],[-44.0714,-2.4381],[-44.0289,-2.443],[-44.0344,-2.4152],[-44.053,-2.4],[-44.073,-2.3995],[-44.0829,-2.4164],[-44.1115,-2.4158],[-44.2201,-2.4704],[-44.279,-2.4755],[-44.2926,-2.4811],[-44.3006,-2.4948],[-44.3026,-2.5325],[-44.2882,-2.5514],[-44.2889,-2.5803],[-44.3122,-2.5319],[-44.3265,-2.5251],[-44.3527,-2.5291],[-44.3681,-2.5496],[-44.351,-2.6628],[-44.3578,-2.6628],[-44.3647,-2.6287],[-44.371,-2.6676],[-44.4062,-2.7789],[-44.392,-2.7931],[-44.4043,-2.8049],[-44.4081,-2.8263],[-44.4062,-2.872],[-44.4154,-2.914],[-44.433,-2.9503],[-44.4686,-2.9866],[-44.4739,-3.0017],[-44.5292,-3.0322],[-44.5732,-3.1017],[-44.6001,-3.1041],[-44.6136,-3.112],[-44.6444,-3.1697],[-44.66,-3.1847],[-44.6796,-3.194],[-44.7254,-3.1998],[-44.7552,-3.2201],[-44.7613,-3.2382],[-44.7537,-3.2898],[-44.7616,-3.3056],[-44.796,-3.3002],[-44.7613,-3.2861],[-44.7812,-3.2517],[-44.7892,-3.2146],[-44.7816,-3.197],[-44.7406,-3.1869],[-44.7209,-3.1769],[-44.7079,-3.1358],[-44.6767,-3.1117],[-44.6617,-3.0833],[-44.6398,-3.069],[-44.6222,-3.051],[-44.6247,-3.026],[-44.6398,-3.019],[-44.6843,-3.0126],[-44.6936,-2.9949],[-44.6861,-2.9539],[-44.6861,-2.9167],[-44.6501,-2.8547],[-44.6453,-2.8307],[-44.6462,-2.7682],[-44.6269,-2.7188],[-44.6316,-2.697],[-44.6075,-2.6697],[-44.5565,-2.5666],[-44.5404,-2.5383],[-44.5614,-2.5353],[-44.5801,-2.5636],[-44.6448,-2.593],[-44.6595,-2.6082],[-44.656,-2.5932],[-44.6371,-2.5798],[-44.588,-2.5622],[-44.5763,-2.5325],[-44.5652,-2.5212],[-44.5354,-2.5182],[-44.5216,-2.5001],[-44.5109,-2.47],[-44.5012,-2.4195],[-44.5074,-2.3898],[-44.5233,-2.3871],[-44.5701,-2.4164],[-44.5381,-2.3797],[-44.5106,-2.3671],[-44.4739,-2.4021],[-44.4534,-2.4075],[-44.3954,-2.4021],[-44.3823,-2.3948],[-44.3734,-2.3774],[-44.3636,-2.3339],[-44.3625,-2.3103],[-44.369,-2.2927],[-44.3845,-2.2756],[-44.3856,-2.238],[-44.3988,-2.1974],[-44.4271,-2.1624],[-44.4617,-2.1446],[-44.4973,-2.1479],[-44.5398,-2.1857],[-44.554,-2.2164],[-44.5848,-2.2302],[-44.6316,-2.2717],[-44.6498,-2.3088],[-44.6527,-2.3513],[-44.644,-2.3748],[-44.6562,-2.4075],[-44.6527,-2.4295],[-44.6635,-2.4206],[-44.6647,-2.404],[-44.6595,-2.3644],[-44.6743,-2.3601],[-44.7014,-2.3818],[-44.7141,-2.4089],[-44.7209,-2.4021],[-44.7108,-2.3683],[-44.6881,-2.3434],[-44.68,-2.3209],[-44.6619,-2.2965],[-44.6656,-2.2709],[-44.6793,-2.2739],[-44.7079,-2.2997],[-44.7178,-2.2656],[-44.7594,-2.2748],[-44.8043,-2.2914],[-44.824,-2.2792],[-44.8012,-2.2857],[-44.7697,-2.2597],[-44.7514,-2.252],[-44.7333,-2.2534],[-44.6936,-2.2656],[-44.7079,-2.2376],[-44.6763,-2.2398],[-44.6554,-2.2311],[-44.6173,-2.1899],[-44.5886,-2.1655],[-44.598,-2.1557],[-44.6322,-2.1598],[-44.639,-2.1489],[-44.6079,-2.1537],[-44.5788,-2.1223],[-44.5541,-2.0872],[-44.5354,-2.08],[-44.5006,-2.0545],[-44.4944,-2.0458],[-44.5045,-2.032],[-44.5613,-2.0296],[-44.598,-2.0458],[-44.6173,-2.039],[-44.5746,-2.024],[-44.5633,-2.0117],[-44.5286,-2.0178],[-44.5096,-2.0156],[-44.4902,-1.9954],[-44.4902,-1.978],[-44.4991,-1.9615],[-44.5067,-1.9201],[-44.5217,-1.8951],[-44.5366,-1.8919],[-44.5906,-1.9018],[-44.5782,-1.8868],[-44.5377,-1.8649],[-44.5217,-1.8473],[-44.5428,-1.8261],[-44.5465,-1.8378],[-44.5701,-1.8609],[-44.5763,-1.8541],[-44.5644,-1.8307],[-44.5732,-1.8132],[-44.5848,-1.818],[-44.598,-1.8473],[-44.6124,-1.8298],[-44.6448,-1.8311],[-44.639,-1.7927],[-44.6252,-1.7634],[-44.598,-1.7448],[-44.6527,-1.7175],[-44.6547,-1.7498],[-44.6626,-1.7854],[-44.6794,-1.8111],[-44.7079,-1.8132],[-44.7305,-1.7858],[-44.7568,-1.8019],[-44.7952,-1.8075],[-44.8104,-1.8058],[-44.7508,-1.7731],[-44.7206,-1.7496],[-44.7079,-1.7175],[-44.725,-1.7234],[-44.7421,-1.7195],[-44.7755,-1.7039],[-44.7678,-1.727],[-44.774,-1.7407],[-44.8165,-1.7653],[-44.824,-1.7516],[-44.8029,-1.7516],[-44.7732,-1.7243],[-44.8029,-1.7039],[-44.7824,-1.6828],[-44.8104,-1.652],[-44.7918,-1.6184],[-44.8029,-1.6008],[-44.8104,-1.6281],[-44.8141,-1.5912],[-44.837,-1.5661],[-44.8445,-1.5866],[-44.837,-1.5866],[-44.8507,-1.6161],[-44.8474,-1.629],[-44.8302,-1.6349],[-44.8474,-1.6413],[-44.8854,-1.6008],[-44.9003,-1.6098],[-44.9119,-1.6536],[-44.9338,-1.6554],[-44.9153,-1.6472],[-44.9217,-1.6296],[-44.9537,-1.6008],[-44.9439,-1.5973],[-44.9121,-1.6008],[-44.9198,-1.5803],[-44.9131,-1.5479],[-44.897,-1.528],[-44.8854,-1.5046],[-44.8567,-1.4894],[-44.8495,-1.4763],[-44.8544,-1.4371],[-44.868,-1.4213],[-44.8782,-1.4412],[-44.8951,-1.4562],[-44.9338,-1.4767],[-44.9264,-1.491],[-44.9471,-1.4928],[-44.9538,-1.5017],[-44.9537,-1.5319],[-44.9717,-1.5794],[-44.9674,-1.594],[-44.9958,-1.582],[-45.0089,-1.5827],[-45.022,-1.6008],[-45.0204,-1.5787],[-45.0054,-1.5676],[-44.9674,-1.5524],[-44.9805,-1.5361],[-45.0097,-1.5333],[-45.022,-1.5182],[-44.998,-1.524],[-44.9964,-1.5087],[-45.0067,-1.4907],[-45.0387,-1.4876],[-45.0568,-1.4767],[-45.0615,-1.4664],[-45.063,-1.4289],[-45.0789,-1.4836],[-45.0914,-1.4641],[-45.1277,-1.487],[-45.1387,-1.5046],[-45.1487,-1.4815],[-45.1632,-1.4828],[-45.1759,-1.5004],[-45.1797,-1.5256],[-45.2042,-1.5252],[-45.2273,-1.5475],[-45.2475,-1.5793],[-45.2554,-1.6076],[-45.2494,-1.6247],[-45.2263,-1.6565],[-45.2213,-1.6728],[-45.2279,-1.683],[-45.2765,-1.7039],[-45.2712,-1.7216],[-45.2844,-1.7322],[-45.3236,-1.7448],[-45.3502,-1.7301],[-45.3646,-1.7039],[-45.3656,-1.6847],[-45.3434,-1.6116],[-45.3402,-1.5832],[-45.3511,-1.56],[-45.3857,-1.5462],[-45.392,-1.5803],[-45.4009,-1.5602],[-45.3926,-1.548],[-45.3714,-1.5353],[-45.3651,-1.5038],[-45.3509,-1.4767],[-45.3693,-1.4728],[-45.3857,-1.491],[-45.392,-1.4841],[-45.3419,-1.4531],[-45.3224,-1.4368],[-45.31,-1.4084],[-45.2963,-1.4158],[-45.31,-1.3264],[-45.3262,-1.3129],[-45.3468,-1.3117],[-45.3602,-1.3202],[-45.3556,-1.3495],[-45.4013,-1.4379],[-45.4235,-1.4591],[-45.4181,-1.4339],[-45.4233,-1.4289],[-45.4425,-1.4431],[-45.4546,-1.4601],[-45.4482,-1.5051],[-45.4491,-1.5281],[-45.4608,-1.5462],[-45.4645,-1.5006],[-45.4813,-1.491],[-45.4913,-1.5034],[-45.5093,-1.5046],[-45.4986,-1.4933],[-45.5018,-1.47],[-45.5155,-1.4636],[-45.5168,-1.4753],[-45.5311,-1.4897],[-45.5427,-1.491],[-45.5183,-1.4645],[-45.5042,-1.4587],[-45.4813,-1.4636],[-45.4867,-1.4472],[-45.4745,-1.4016],[-45.4683,-1.3674],[-45.436,-1.3533],[-45.413,-1.3502],[-45.4062,-1.316],[-45.4157,-1.2877],[-45.4533,-1.3071],[-45.4668,-1.323],[-45.4713,-1.3502],[-45.514,-1.4035],[-45.5297,-1.4158],[-45.5234,-1.3857],[-45.5123,-1.3606],[-45.5155,-1.3122],[-45.5229,-1.3122],[-45.5365,-1.3464],[-45.5502,-1.3538],[-45.551,-1.3375],[-45.5297,-1.3059],[-45.5502,-1.3122],[-45.5494,-1.2897],[-45.5297,-1.2848],[-45.5439,-1.2703],[-45.5598,-1.2831],[-45.5837,-1.3264],[-45.5895,-1.3142],[-45.5832,-1.2743],[-45.598,-1.2719],[-45.62,-1.2843],[-45.623,-1.296],[-45.6105,-1.3201],[-45.6216,-1.3572],[-45.6407,-1.3705],[-45.6755,-1.3663],[-45.6561,-1.3333],[-45.6518,-1.3],[-45.6596,-1.293],[-45.6541,-1.2744],[-45.675,-1.2592],[-45.6727,-1.2441],[-45.6796,-1.21],[-45.6886,-1.2022],[-45.703,-1.2224],[-45.7345,-1.2514],[-45.7274,-1.2257],[-45.696,-1.1606],[-45.701,-1.1347],[-45.7216,-1.1349],[-45.7479,-1.204],[-45.7624,-1.2104],[-45.7743,-1.2643],[-45.7829,-1.278],[-45.7937,-1.2677],[-45.8098,-1.2751],[-45.8195,-1.2962],[-45.8109,-1.3264],[-45.8346,-1.2971],[-45.8406,-1.2796],[-45.8205,-1.2628],[-45.8274,-1.2185],[-45.8382,-1.2029],[-45.8384,-1.2343],[-45.8467,-1.257],[-45.8625,-1.2731],[-45.8854,-1.2848],[-45.8649,-1.2576],[-45.8649,-1.2309],[-45.8996,-1.2576],[-45.8943,-1.2371],[-45.8728,-1.2022],[-45.8854,-1.1832],[-45.8792,-1.1627],[-45.898,-1.183],[-45.9059,-1.2104],[-45.9059,-1.1725],[-45.8852,-1.1409],[-45.8539,-1.1012],[-45.8538,-1.0679],[-45.8675,-1.0635],[-45.8899,-1.0907],[-45.9233,-1.173],[-45.9305,-1.2009],[-45.9264,-1.2172],[-45.9407,-1.2234],[-45.9345,-1.24],[-45.9481,-1.2514],[-45.956,-1.2404],[-45.9611,-1.2104],[-45.998,-1.2014],[-46.0027,-1.1928],[-45.9989,-1.1518],[-45.9608,-1.1461],[-45.9547,-1.1369],[-45.9816,-1.1415],[-45.9719,-1.1111],[-45.9611,-1.1074],[-45.9744,-1.0912],[-45.9611,-1.0862],[-45.9641,-1.0639],[-45.9795,-1.0551],[-45.9926,-1.0676],[-45.9908,-1.1043],[-46.0027,-1.1074],[-46.0157,-1.0937],[-46.0167,-1.1132],[-46.0362,-1.1484],[-46.0301,-1.1847],[-46.0322,-1.2008],[-46.0504,-1.2104],[-46.0397,-1.1871],[-46.0504,-1.1627],[-46.0636,-1.1896],[-46.0846,-1.2104]]],[[[-44.4978,-2.8068],[-44.484,-2.7612],[-44.4808,-2.7044],[-44.5266,-2.7278],[-44.5477,-2.7441],[-44.5763,-2.8],[-44.5841,-2.8295],[-44.5838,-2.8621],[-44.5657,-2.9026],[-44.5633,-2.9199],[-44.5785,-2.9811],[-44.6034,-3.0221],[-44.598,-3.0602],[-44.5906,-3.0602],[-44.5854,-3.0356],[-44.5573,-3.0029],[-44.5382,-2.97],[-44.4973,-2.9493],[-44.5057,-2.9151],[-44.4923,-2.8908],[-44.4881,-2.872],[-44.4808,-2.7931],[-44.5149,-2.8342],[-44.5137,-2.8146],[-44.4978,-2.8068]]],[[[-42.0414,-2.7044],[-42.0482,-2.7106],[-42.0735,-2.6845],[-42.0914,-2.6784],[-42.1709,-2.6729],[-42.186,-2.6764],[-42.1442,-2.7009],[-42.1237,-2.7073],[-42.1029,-2.7044],[-42.1053,-2.7243],[-42.0824,-2.7311],[-42.0824,-2.7385],[-42.1029,-2.7448],[-42.074,-2.7605],[-42.0524,-2.7571],[-42.0278,-2.7448],[-42.0414,-2.7044]]],[[[-43.6273,-2.252],[-43.6845,-2.2634],[-43.7154,-2.2892],[-43.7366,-2.3341],[-43.7303,-2.3748],[-43.7425,-2.4117],[-43.7125,-2.4265],[-43.6866,-2.401],[-43.6348,-2.3999],[-43.6411,-2.3829],[-43.6326,-2.3762],[-43.6263,-2.3163],[-43.6096,-2.3015],[-43.6,-2.2837],[-43.607,-2.2563],[-43.6273,-2.252]]],[[[-44.8922,-1.2719],[-44.923,-1.2576],[-44.9474,-1.2729],[-44.9744,-1.2603],[-44.9846,-1.27],[-44.9919,-1.2924],[-44.9779,-1.301],[-44.9803,-1.3205],[-44.9953,-1.3538],[-44.9962,-1.3263],[-45.0157,-1.3122],[-45.0269,-1.3409],[-45.027,-1.3605],[-45.0189,-1.3777],[-45.0017,-1.3898],[-44.9803,-1.3961],[-44.9639,-1.3906],[-44.9612,-1.3674],[-44.9432,-1.3709],[-44.9264,-1.3606],[-44.8985,-1.3327],[-44.9141,-1.3217],[-44.9195,-1.3059],[-44.8854,-1.3264],[-44.8765,-1.2962],[-44.8922,-1.2719]]],[[[-42.2287,-2.6933],[-42.2393,-2.6809],[-42.2508,-2.6818],[-42.2584,-2.6962],[-42.2584,-2.7202],[-42.2498,-2.7364],[-42.2152,-2.7441],[-42.1893,-2.7546],[-42.1701,-2.768],[-42.1317,-2.7737],[-42.1058,-2.7727],[-42.1663,-2.7258],[-42.1989,-2.7201],[-42.2287,-2.6933]]],[[[-43.8329,-2.4541],[-43.8443,-2.4802],[-43.8383,-2.5074],[-43.826,-2.5138],[-43.7815,-2.5054],[-43.7707,-2.496],[-43.7568,-2.4477],[-43.7642,-2.4289],[-43.7751,-2.4289],[-43.8008,-2.4551],[-43.8136,-2.4546],[-43.8082,-2.421],[-43.8235,-2.4077],[-43.8487,-2.424],[-43.8339,-2.4422],[-43.8329,-2.4541]]],[[[-43.5648,-2.3613],[-43.6077,-2.3732],[-43.6117,-2.385],[-43.6018,-2.4116],[-43.5737,-2.4235],[-43.5608,-2.418],[-43.545,-2.3899],[-43.546,-2.3603],[-43.5648,-2.3613]]]]},"properties":{"name":"Maranhão","name_en":"Maranhão","name_ja":"マラニョン州","name_zh":"马拉尼昂州","name_ko":"마라냥","adm0_a3":"BRA","postal":"MA","iso_3166_2":"BR-MA","type_en":"State","geonunit":"Brazil"}},
{"type":"Feature","geometry":{"type":"Polygon","coordinates":[[[-41.8428,-2.7653],[-41.8481,-2.783],[-41.8563,-2.8409],[-41.87,-2.8341],[-41.8679,-2.8536],[-41.8507,-2.9083],[-41.8153,-2.9365],[-41.8125,-2.9551],[-41.8306,-2.9835],[-41.8427,-3.034],[-41.8631,-3.0532],[-41.8933,-3.0953],[-41.9226,-3.1084],[-41.9328,-3.1244],[-41.9544,-3.1817],[-41.9759,-3.1865],[-41.9913,-3.2231],[-42.0045,-3.2331],[-42.1058,-3.2623],[-42.117,-3.2692],[-42.0987,-3.2856],[-42.0999,-3.3032],[-42.1782,-3.4012],[-42.2166,-3.4338],[-42.2787,-3.4453],[-42.3264,-3.4448],[-42.3654,-3.4503],[-42.3839,-3.4647],[-42.4255,-3.4647],[-42.4554,-3.4782],[-42.4757,-3.4712],[-42.4878,-3.4515],[-42.5006,-3.4511],[-42.5177,-3.4883],[-42.5326,-3.5066],[-42.5566,-3.5502],[-42.5723,-3.5705],[-42.6288,-3.6166],[-42.6632,-3.6717],[-42.6752,-3.6988],[-42.6685,-3.7111],[-42.6651,-3.7868],[-42.7007,-3.8336],[-42.7162,-3.8925],[-42.7334,-3.9234],[-42.7752,-3.9479],[-42.7914,-3.9752],[-42.838,-4.0218],[-42.85,-4.0407],[-42.8569,-4.0845],[-42.8741,-4.1063],[-42.891,-4.1425],[-42.9443,-4.1766],[-42.9835,-4.2217],[-42.9906,-4.2401],[-42.9848,-4.2895],[-42.9872,-4.307],[-42.9759,-4.3269],[-42.9657,-4.3725],[-42.9525,-4.3902],[-42.9237,-4.3847],[-42.8978,-4.4038],[-42.8885,-4.4219],[-42.8799,-4.4626],[-42.863,-4.4987],[-42.866,-4.5241],[-42.8774,-4.5683],[-42.8976,-4.6149],[-42.9132,-4.639],[-42.9493,-4.6585],[-42.9488,-4.6785],[-42.932,-4.7116],[-42.9292,-4.7318],[-42.9473,-4.7581],[-42.9525,-4.7766],[-42.9466,-4.7943],[-42.9047,-4.8278],[-42.8914,-4.8665],[-42.8842,-4.9004],[-42.8632,-4.9168],[-42.8533,-4.9364],[-42.8569,-4.9655],[-42.8389,-5.0169],[-42.8358,-5.0375],[-42.8339,-5.0982],[-42.8296,-5.1158],[-42.805,-5.1608],[-42.8054,-5.1926],[-42.8296,-5.225],[-42.8323,-5.3135],[-42.8492,-5.3402],[-42.9115,-5.3901],[-42.9414,-5.4353],[-42.9456,-5.4481],[-42.9795,-5.4804],[-43.0232,-5.5667],[-43.0484,-5.5963],[-43.0643,-5.6058],[-43.0896,-5.6092],[-43.1019,-5.6233],[-43.0896,-5.6679],[-43.0965,-5.6924],[-43.0828,-5.7122],[-43.0849,-5.7259],[-43.1033,-5.7526],[-43.1079,-5.771],[-43.1012,-5.8438],[-43.0896,-5.8767],[-43.1033,-5.904],[-43.0998,-5.9456],[-43.0919,-5.9663],[-43.0637,-6.0015],[-43.0597,-6.0182],[-43.076,-6.0548],[-43.0525,-6.0975],[-43.0418,-6.1101],[-43.0009,-6.1238],[-42.9642,-6.1874],[-42.9358,-6.1993],[-42.9217,-6.2162],[-42.905,-6.2259],[-42.8637,-6.2387],[-42.85,-6.2541],[-42.85,-6.3292],[-42.832,-6.3398],[-42.8296,-6.3525],[-42.8535,-6.3695],[-42.8705,-6.4384],[-42.8569,-6.4831],[-42.8774,-6.5036],[-42.879,-6.5611],[-42.8882,-6.59],[-42.9118,-6.6145],[-42.9115,-6.6476],[-42.9158,-6.6688],[-42.9263,-6.6863],[-42.9794,-6.7457],[-42.997,-6.761],[-43.0179,-6.7674],[-43.0736,-6.7607],[-43.1344,-6.7803],[-43.1545,-6.7781],[-43.1984,-6.7546],[-43.2229,-6.7617],[-43.2609,-6.7879],[-43.301,-6.8009],[-43.3463,-6.8015],[-43.3692,-6.8065],[-43.3957,-6.8319],[-43.4216,-6.8441],[-43.4613,-6.8416],[-43.4906,-6.8257],[-43.5078,-6.802],[-43.5489,-6.7817],[-43.559,-6.7517],[-43.566,-6.7469],[-43.5935,-6.7509],[-43.5967,-6.7435],[-43.6748,-6.701],[-43.7117,-6.6986],[-43.8155,-6.7101],[-43.8295,-6.727],[-43.8574,-6.7333],[-43.9019,-6.7528],[-43.9379,-6.7616],[-43.953,-6.7612],[-43.9627,-6.7434],[-43.9735,-6.7401],[-43.994,-6.7612],[-44.0381,-6.7675],[-44.0543,-6.7868],[-44.0629,-6.8295],[-44.0902,-6.809],[-44.1117,-6.8264],[-44.1021,-6.8336],[-44.0936,-6.8562],[-44.1154,-6.8534],[-44.1435,-6.8791],[-44.1616,-6.8867],[-44.1682,-6.9243],[-44.1858,-6.9387],[-44.2071,-6.9753],[-44.2308,-6.997],[-44.2581,-7.0058],[-44.2882,-7.0874],[-44.3062,-7.11],[-44.357,-7.114],[-44.3714,-7.1243],[-44.3994,-7.1264],[-44.4505,-7.1477],[-44.4996,-7.1788],[-44.5294,-7.2183],[-44.5768,-7.2472],[-44.6035,-7.2924],[-44.6178,-7.3093],[-44.6246,-7.3024],[-44.6557,-7.3204],[-44.6799,-7.3502],[-44.6893,-7.3814],[-44.714,-7.398],[-44.7536,-7.3655],[-44.7895,-7.3769],[-44.8164,-7.3639],[-44.8584,-7.393],[-44.8696,-7.4148],[-44.8935,-7.414],[-44.9081,-7.4444],[-44.9467,-7.4573],[-45.0095,-7.4876],[-45.0251,-7.4928],[-45.1008,-7.5071],[-45.1748,-7.5357],[-45.2158,-7.5454],[-45.2783,-7.5496],[-45.2984,-7.5578],[-45.3534,-7.6025],[-45.4357,-7.6465],[-45.4724,-7.6742],[-45.4956,-7.7141],[-45.5085,-7.7868],[-45.5272,-7.8344],[-45.5316,-7.8572],[-45.5429,-7.87],[-45.5364,-7.8846],[-45.5432,-7.9194],[-45.5501,-7.912],[-45.5569,-7.9619],[-45.5501,-7.9796],[-45.5573,-7.9877],[-45.5458,-7.9996],[-45.5472,-8.014],[-45.5637,-8.028],[-45.5648,-8.0763],[-45.5774,-8.1515],[-45.5978,-8.1788],[-45.6144,-8.2224],[-45.6551,-8.2556],[-45.6602,-8.2786],[-45.6593,-8.3092],[-45.6873,-8.3614],[-45.7151,-8.3982],[-45.735,-8.4327],[-45.7395,-8.5169],[-45.7506,-8.5607],[-45.7828,-8.5829],[-45.7828,-8.5904],[-45.7639,-8.5968],[-45.7663,-8.6059],[-45.7896,-8.6245],[-45.7982,-8.6375],[-45.8101,-8.6791],[-45.8207,-8.6994],[-45.8579,-8.7207],[-45.8784,-8.7406],[-45.8927,-8.7685],[-45.9075,-8.7691],[-45.9283,-8.7888],[-45.9433,-8.8173],[-45.9405,-8.8442],[-45.9546,-8.8545],[-45.9678,-8.8774],[-45.9814,-8.9296],[-45.9734,-8.9547],[-45.9418,-9.0136],[-45.9332,-9.0485],[-45.9336,-9.1179],[-45.9256,-9.1556],[-45.9057,-9.1794],[-45.9126,-9.1916],[-45.9057,-9.2073],[-45.9072,-9.2948],[-45.8958,-9.3284],[-45.8647,-9.3575],[-45.828,-9.3761],[-45.8059,-9.4082],[-45.7964,-9.4612],[-45.8071,-9.498],[-45.8169,-9.5149],[-45.8371,-9.5334],[-45.8398,-9.5594],[-45.838,-9.6046],[-45.8455,-9.6921],[-45.8445,-9.7382],[-45.8312,-9.7753],[-45.8478,-9.7996],[-45.8581,-9.8316],[-45.8647,-9.896],[-45.8546,-9.9672],[-45.8602,-10.0011],[-45.9007,-10.0238],[-45.8995,-10.0843],[-45.9491,-10.1634],[-45.9541,-10.1799],[-45.9371,-10.2114],[-45.9382,-10.2335],[-45.9484,-10.2819],[-45.9461,-10.3177],[-45.8252,-10.3323],[-45.7577,-10.3308],[-45.6356,-10.3291],[-45.6034,-10.3316],[-45.5809,-10.3482],[-45.516,-10.4147],[-45.4827,-10.464],[-45.4711,-10.4864],[-45.4584,-10.5747],[-45.4381,-10.6204],[-45.3789,-10.6875],[-45.3401,-10.7557],[-45.3153,-10.7816],[-45.2818,-10.7895],[-45.2478,-10.8125],[-45.2025,-10.8242],[-45.1426,-10.8622],[-45.1201,-10.8688],[-45.0667,-10.8936],[-45.044,-10.8962],[-45.0122,-10.8862],[-44.9808,-10.8693],[-44.9333,-10.8626],[-44.8528,-10.8777],[-44.8129,-10.8759],[-44.7837,-10.8568],[-44.7527,-10.7827],[-44.7341,-10.7666],[-44.6939,-10.7511],[-44.6662,-10.7448],[-44.6473,-10.7353],[-44.6188,-10.687],[-44.5888,-10.6757],[-44.5725,-10.6644],[-44.5555,-10.6397],[-44.538,-10.6296],[-44.4947,-10.6241],[-44.4639,-10.6146],[-44.4193,-10.5903],[-44.4065,-10.5894],[-44.3107,-10.6001],[-44.242,-10.6267],[-44.2173,-10.6296],[-44.1446,-10.6055],[-44.119,-10.589],[-43.9918,-10.453],[-43.9832,-10.447],[-43.9386,-10.4472],[-43.9146,-10.4305],[-43.9072,-10.387],[-43.899,-10.3747],[-43.8812,-10.3649],[-43.8666,-10.346],[-43.8599,-10.3157],[-43.8489,-10.2919],[-43.8128,-10.2391],[-43.8027,-10.204],[-43.7687,-10.1793],[-43.7598,-10.1672],[-43.7594,-10.1293],[-43.7512,-10.105],[-43.7154,-10.0653],[-43.7018,-10.0367],[-43.6985,-10.0054],[-43.701,-9.9864],[-43.7134,-9.9512],[-43.7089,-9.9303],[-43.6855,-9.8811],[-43.6791,-9.8451],[-43.6828,-9.8021],[-43.6968,-9.7699],[-43.7248,-9.7492],[-43.7338,-9.7373],[-43.7418,-9.7112],[-43.7473,-9.663],[-43.7818,-9.5639],[-43.7952,-9.5495],[-43.83,-9.5005],[-43.8355,-9.48],[-43.8301,-9.4477],[-43.813,-9.4291],[-43.7535,-9.4342],[-43.7132,-9.4463],[-43.6958,-9.446],[-43.6795,-9.4275],[-43.6718,-9.3932],[-43.6582,-9.3648],[-43.626,-9.341],[-43.6069,-9.3366],[-43.5363,-9.3606],[-43.5115,-9.3579],[-43.4929,-9.3279],[-43.4655,-9.3051],[-43.45,-9.304],[-43.4029,-9.3473],[-43.3796,-9.4126],[-43.3505,-9.4312],[-43.3367,-9.4299],[-43.3114,-9.41],[-43.2933,-9.4057],[-43.2641,-9.4092],[-43.2157,-9.4066],[-43.1967,-9.4193],[-43.1851,-9.4188],[-43.1666,-9.3883],[-43.1286,-9.3733],[-43.1135,-9.3743],[-43.0895,-9.3853],[-43.0442,-9.3948],[-43.0339,-9.4057],[-43.0274,-9.4344],[-43.0154,-9.4378],[-42.9851,-9.4338],[-42.942,-9.4485],[-42.9292,-9.4625],[-42.9389,-9.486],[-42.9399,-9.5043],[-42.9316,-9.5152],[-42.8993,-9.5254],[-42.8505,-9.5489],[-42.8394,-9.5484],[-42.8201,-9.5334],[-42.7528,-9.5218],[-42.682,-9.5298],[-42.6685,-9.5353],[-42.6469,-9.5572],[-42.617,-9.5641],[-42.6044,-9.5419],[-42.5939,-9.501],[-42.5751,-9.4856],[-42.505,-9.4994],[-42.4877,-9.5],[-42.477,-9.4703],[-42.461,-9.456],[-42.4316,-9.409],[-42.4161,-9.397],[-42.3677,-9.3778],[-42.3522,-9.3445],[-42.3374,-9.3246],[-42.3098,-9.3084],[-42.2647,-9.3177],[-42.1496,-9.2951],[-42.1157,-9.2808],[-42.0996,-9.2693],[-42.064,-9.2213],[-42.0426,-9.2078],[-42.0119,-9.2204],[-41.9934,-9.2093],[-41.9613,-9.2209],[-41.9457,-9.2216],[-41.9171,-9.2116],[-41.8928,-9.2222],[-41.8813,-9.2451],[-41.862,-9.2552],[-41.8501,-9.2526],[-41.8251,-9.229],[-41.8052,-9.1863],[-41.7963,-9.1744],[-41.7481,-9.1558],[-41.7327,-9.1333],[-41.7365,-9.1052],[-41.7375,-9.0527],[-41.7471,-9.0032],[-41.7349,-8.9816],[-41.7048,-8.9758],[-41.6696,-8.9786],[-41.6079,-8.9632],[-41.5776,-8.9721],[-41.5572,-8.9726],[-41.5293,-8.9508],[-41.5,-8.9355],[-41.4896,-8.9217],[-41.4692,-8.8651],[-41.4336,-8.8313],[-41.3989,-8.7829],[-41.3851,-8.7406],[-41.3708,-8.7119],[-41.2818,-8.674],[-41.2109,-8.635],[-41.1852,-8.5997],[-41.1779,-8.579],[-41.159,-8.5493],[-41.147,-8.5419],[-41.0998,-8.5331],[-41.0822,-8.5245],[-41.0689,-8.5035],[-41.0674,-8.4888],[-41.0427,-8.4574],[-41.029,-8.4291],[-41.0164,-8.4205],[-40.9812,-8.4164],[-40.9412,-8.4257],[-40.9232,-8.4342],[-40.9097,-8.4256],[-40.8973,-8.4021],[-40.8884,-8.3532],[-40.8727,-8.3447],[-40.8349,-8.3636],[-40.8237,-8.3567],[-40.8118,-8.3238],[-40.7726,-8.2986],[-40.7489,-8.2454],[-40.6845,-8.2071],[-40.6638,-8.1827],[-40.6214,-8.1397],[-40.5905,-8.1242],[-40.5767,-8.1028],[-40.5441,-8.0294],[-40.5377,-7.9939],[-40.5313,-7.9054],[-40.5385,-7.8491],[-40.5453,-7.8323],[-40.589,-7.799],[-40.6471,-7.7734],[-40.6605,-7.7602],[-40.6573,-7.74],[-40.6467,-7.7169],[-40.6249,-7.6843],[-40.6209,-7.638],[-40.6287,-7.6125],[-40.6496,-7.5855],[-40.6882,-7.5135],[-40.695,-7.4799],[-40.6899,-7.4296],[-40.6765,-7.4125],[-40.6476,-7.3992],[-40.5377,-7.3902],[-40.5319,-7.3264],[-40.5386,-7.3],[-40.5643,-7.2647],[-40.5779,-7.2307],[-40.5811,-7.1953],[-40.5108,-7.0046],[-40.4392,-6.905],[-40.417,-6.856],[-40.4133,-6.8262],[-40.4163,-6.8107],[-40.4449,-6.7861],[-40.4602,-6.7448],[-40.4783,-6.7353],[-40.6165,-6.709],[-40.655,-6.6853],[-40.6959,-6.671],[-40.71,-6.6612],[-40.7208,-6.6397],[-40.7165,-6.5967],[-40.7194,-6.5725],[-40.7396,-6.5387],[-40.772,-6.4937],[-40.7821,-6.4675],[-40.7976,-6.3937],[-40.7983,-6.3791],[-40.7892,-6.3258],[-40.7938,-6.2813],[-40.805,-6.2555],[-40.8655,-6.0764],[-40.8702,-6.0589],[-40.8911,-6.0112],[-40.8917,-5.9985],[-40.8771,-5.9639],[-40.8932,-5.9037],[-40.9067,-5.7674],[-40.9213,-5.7114],[-40.9237,-5.6818],[-40.9152,-5.6165],[-40.9163,-5.6034],[-40.9391,-5.5003],[-40.9385,-5.4483],[-40.9485,-5.4166],[-40.9874,-5.3924],[-41.0022,-5.3768],[-41.0242,-5.3657],[-41.0389,-5.3427],[-41.0619,-5.3238],[-41.0703,-5.3071],[-41.0703,-5.2736],[-41.0598,-5.24],[-41.0556,-5.2065],[-41.0598,-5.1688],[-41.0808,-5.1416],[-41.1017,-5.0871],[-41.1164,-5.0641],[-41.1164,-5.039],[-41.1227,-5.0076],[-41.1394,-4.9866],[-41.1708,-4.9573],[-41.1813,-4.9385],[-41.1855,-4.9154],[-41.1813,-4.8128],[-41.198,-4.773],[-41.2274,-4.7248],[-41.2295,-4.6892],[-41.2274,-4.6536],[-41.2337,-4.6306],[-41.2441,-4.6159],[-41.2357,-4.5384],[-41.196,-4.4714],[-41.1394,-4.4274],[-41.1206,-4.4044],[-41.0736,-4.3263],[-41.087,-4.2578],[-41.0938,-4.2355],[-41.1205,-4.1769],[-41.1541,-4.1447],[-41.1813,-4.1258],[-41.2295,-4.0441],[-41.2483,-3.9373],[-41.2777,-3.8452],[-41.2839,-3.8096],[-41.2986,-3.7865],[-41.3216,-3.7614],[-41.3552,-3.709],[-41.3719,-3.6671],[-41.3824,-3.5938],[-41.4094,-3.5241],[-41.4284,-3.4912],[-41.4494,-3.4368],[-41.4494,-3.4074],[-41.4368,-3.3488],[-41.4264,-3.3195],[-41.379,-3.2695],[-41.2555,-3.0771],[-41.2481,-3.0121],[-41.2739,-2.9801],[-41.2947,-2.9638],[-41.3009,-2.9776],[-41.3107,-2.9635],[-41.322,-2.9638],[-41.3419,-2.9503],[-41.3321,-2.9474],[-41.329,-2.9322],[-41.3431,-2.9203],[-41.4221,-2.9088],[-41.4401,-2.9142],[-41.4319,-2.9366],[-41.4518,-2.9435],[-41.4455,-2.9298],[-41.4586,-2.9298],[-41.4486,-2.9059],[-41.4654,-2.8888],[-41.4896,-2.9036],[-41.517,-2.907],[-41.6016,-2.9013],[-41.6233,-2.8956],[-41.6399,-2.8849],[-41.651,-2.8689],[-41.675,-2.8796],[-41.6988,-2.8689],[-41.6988,-2.8621],[-41.6783,-2.8689],[-41.6852,-2.8547],[-41.6578,-2.8689],[-41.6651,-2.8559],[-41.6941,-2.8329],[-41.7787,-2.7822],[-41.8087,-2.7448],[-41.8428,-2.7653]]]},"properties":{"name":"Piauí","name_en":"Piauí","name_ja":"ピアウイ州","name_zh":"皮奥伊州","name_ko":"피아우이","adm0_a3":"BRA","postal":"PI","iso_3166_2":"BR-PI","type_en":"State","geonunit":"Brazil"}},
{"type":"Feature","geometry":{"type":"Polygon","coordinates":[[[-41.2481,-3.0121],[-41.2555,-3.0771],[-41.379,-3.2695],[-41.4264,-3.3195],[-41.4368,-3.3488],[-41.4494,-3.4074],[-41.4494,-3.4368],[-41.4284,-3.4912],[-41.4094,-3.5241],[-41.3824,-3.5938],[-41.3719,-3.6671],[-41.3552,-3.709],[-41.3216,-3.7614],[-41.2986,-3.7865],[-41.2839,-3.8096],[-41.2777,-3.8452],[-41.2483,-3.9373],[-41.2295,-4.0441],[-41.1813,-4.1258],[-41.1541,-4.1447],[-41.1205,-4.1769],[-41.0938,-4.2355],[-41.087,-4.2578],[-41.0736,-4.3263],[-41.1206,-4.4044],[-41.1394,-4.4274],[-41.196,-4.4714],[-41.2357,-4.5384],[-41.2441,-4.6159],[-41.2337,-4.6306],[-41.2274,-4.6536],[-41.2295,-4.6892],[-41.2274,-4.7248],[-41.198,-4.773],[-41.1813,-4.8128],[-41.1855,-4.9154],[-41.1813,-4.9385],[-41.1708,-4.9573],[-41.1394,-4.9866],[-41.1227,-5.0076],[-41.1164,-5.039],[-41.1164,-5.0641],[-41.1017,-5.0871],[-41.0808,-5.1416],[-41.0598,-5.1688],[-41.0556,-5.2065],[-41.0598,-5.24],[-41.0703,-5.2736],[-41.0703,-5.3071],[-41.0619,-5.3238],[-41.0389,-5.3427],[-41.0242,-5.3657],[-41.0022,-5.3768],[-40.9874,-5.3924],[-40.9485,-5.4166],[-40.9385,-5.4483],[-40.9391,-5.5003],[-40.9163,-5.6034],[-40.9152,-5.6165],[-40.9237,-5.6818],[-40.9213,-5.7114],[-40.9067,-5.7674],[-40.8932,-5.9037],[-40.8771,-5.9639],[-40.8917,-5.9985],[-40.8911,-6.0112],[-40.8702,-6.0589],[-40.8655,-6.0764],[-40.805,-6.2555],[-40.7938,-6.2813],[-40.7892,-6.3258],[-40.7983,-6.3791],[-40.7976,-6.3937],[-40.7821,-6.4675],[-40.772,-6.4937],[-40.7396,-6.5387],[-40.7194,-6.5725],[-40.7165,-6.5967],[-40.7208,-6.6397],[-40.71,-6.6612],[-40.6959,-6.671],[-40.655,-6.6853],[-40.6165,-6.709],[-40.4783,-6.7353],[-40.4602,-6.7448],[-40.4449,-6.7861],[-40.4163,-6.8107],[-40.4133,-6.8262],[-40.417,-6.856],[-40.4392,-6.905],[-40.5108,-7.0046],[-40.5811,-7.1953],[-40.5779,-7.2307],[-40.5643,-7.2647],[-40.5386,-7.3],[-40.5319,-7.3264],[-40.5377,-7.3902],[-40.2944,-7.3938],[-40.2615,-7.3936],[-40.173,-7.4174],[-40.1509,-7.4179],[-40.0636,-7.4074],[-40.0425,-7.4009],[-40.0062,-7.3829],[-39.9515,-7.3615],[-39.9295,-7.3561],[-39.8475,-7.3491],[-39.6542,-7.3733],[-39.6342,-7.3856],[-39.5352,-7.4745],[-39.5216,-7.482],[-39.4826,-7.4904],[-39.4632,-7.5],[-39.423,-7.5281],[-39.3512,-7.5475],[-39.3396,-7.5569],[-39.3247,-7.583],[-39.3082,-7.6232],[-39.2631,-7.6702],[-39.246,-7.6808],[-39.1605,-7.7141],[-39.1298,-7.7319],[-39.1092,-7.7529],[-39.0831,-7.8361],[-39.0735,-7.854],[-39.0518,-7.8477],[-39.0252,-7.8305],[-38.9982,-7.8211],[-38.9823,-7.8464],[-38.968,-7.8479],[-38.932,-7.7963],[-38.9158,-7.7643],[-38.8632,-7.7045],[-38.8399,-7.7161],[-38.8188,-7.6661],[-38.7796,-7.6554],[-38.7489,-7.6562],[-38.7274,-7.6299],[-38.6971,-7.6202],[-38.7067,-7.6059],[-38.6943,-7.5849],[-38.668,-7.5651],[-38.6383,-7.5335],[-38.63,-7.5183],[-38.6257,-7.4919],[-38.6315,-7.4576],[-38.6027,-7.4444],[-38.5847,-7.426],[-38.5644,-7.3799],[-38.5418,-7.346],[-38.5335,-7.3221],[-38.5318,-7.2944],[-38.5494,-7.2357],[-38.5813,-7.2308],[-38.6012,-7.2235],[-38.6211,-7.1888],[-38.6367,-7.1779],[-38.6597,-7.1749],[-38.6765,-7.1575],[-38.6688,-7.1095],[-38.67,-7.0818],[-38.6858,-7.0294],[-38.7087,-7.0108],[-38.732,-7.0014],[-38.7393,-6.9893],[-38.7444,-6.9551],[-38.7402,-6.914],[-38.7275,-6.8903],[-38.6731,-6.8579],[-38.6522,-6.8367],[-38.6327,-6.789],[-38.6227,-6.779],[-38.6187,-6.7584],[-38.6448,-6.7145],[-38.6487,-6.6924],[-38.579,-6.4791],[-38.5466,-6.4373],[-38.5307,-6.409],[-38.5258,-6.3816],[-38.5493,-6.3973],[-38.5795,-6.4051],[-38.6067,-6.3967],[-38.6056,-6.3817],[-38.5926,-6.3681],[-38.5867,-6.3464],[-38.587,-6.2855],[-38.5802,-6.2617],[-38.556,-6.2451],[-38.5465,-6.2277],[-38.5388,-6.1957],[-38.5133,-6.1818],[-38.4934,-6.1264],[-38.4567,-6.0827],[-38.4393,-6.0688],[-38.4157,-6.0617],[-38.3976,-6.0695],[-38.3678,-6.0933],[-38.336,-6.0887],[-38.2997,-6.0742],[-38.2732,-6.0514],[-38.2524,-6.0105],[-38.139,-5.8947],[-38.1279,-5.879],[-38.1275,-5.845],[-38.1218,-5.8249],[-38.1007,-5.7908],[-38.078,-5.7606],[-38.0735,-5.7442],[-38.0818,-5.7111],[-38.0779,-5.6872],[-38.0475,-5.614],[-38.028,-5.592],[-37.9963,-5.5645],[-37.9226,-5.4757],[-37.9152,-5.4635],[-37.8021,-5.231],[-37.7291,-5.0743],[-37.7213,-5.0629],[-37.5948,-4.9569],[-37.5409,-4.9301],[-37.2364,-4.8299],[-37.2744,-4.7424],[-37.2926,-4.7179],[-37.3248,-4.6965],[-37.4271,-4.6611],[-37.488,-4.63],[-37.5138,-4.6238],[-37.5373,-4.6381],[-37.5644,-4.6295],[-37.6072,-4.6081],[-37.6494,-4.5788],[-37.6837,-4.5484],[-37.7108,-4.5154],[-37.7686,-4.3964],[-37.7912,-4.3952],[-37.8351,-4.3849],[-37.8542,-4.3759],[-37.9194,-4.3145],[-37.9346,-4.3078],[-38.0296,-4.2374],[-38.1067,-4.1579],[-38.1885,-4.052],[-38.2513,-3.9618],[-38.2635,-3.9516],[-38.3208,-3.9228],[-38.378,-3.8697],[-38.3958,-3.8406],[-38.4098,-3.7931],[-38.4359,-3.7584],[-38.4573,-3.7184],[-38.4774,-3.6974],[-38.4944,-3.7213],[-38.5262,-3.718],[-38.5947,-3.6907],[-38.6597,-3.6764],[-38.6711,-3.669],[-38.6944,-3.6367],[-38.732,-3.6199],[-38.7631,-3.5982],[-38.7895,-3.5738],[-38.8075,-3.5473],[-38.8555,-3.533],[-38.8833,-3.5076],[-38.8972,-3.5003],[-38.9163,-3.5051],[-38.9427,-3.4446],[-38.9604,-3.4181],[-38.9852,-3.3959],[-39.0155,-3.384],[-39.0572,-3.3823],[-39.0806,-3.377],[-39.1155,-3.3344],[-39.1653,-3.3228],[-39.1937,-3.2968],[-39.2589,-3.2519],[-39.2674,-3.2364],[-39.2869,-3.232],[-39.3205,-3.2076],[-39.3409,-3.2009],[-39.3583,-3.1835],[-39.3967,-3.1835],[-39.4855,-3.1458],[-39.4971,-3.1311],[-39.5711,-3.0909],[-39.6083,-3.0602],[-39.6189,-3.0396],[-39.6431,-3.0396],[-39.6815,-3.0204],[-39.6979,-3.0172],[-39.712,-3.026],[-39.7046,-3.0396],[-39.7318,-3.0322],[-39.7259,-3.0224],[-39.743,-3.0037],[-39.7673,-2.9856],[-39.8075,-2.9675],[-39.8609,-2.9157],[-39.9031,-2.9018],[-39.9857,-2.8484],[-40.001,-2.8456],[-40.0506,-2.8484],[-40.0963,-2.8307],[-40.1209,-2.8284],[-40.1324,-2.844],[-40.1548,-2.8435],[-40.175,-2.8246],[-40.1881,-2.8205],[-40.2738,-2.8068],[-40.4031,-2.8059],[-40.4791,-2.7931],[-40.4996,-2.7863],[-40.5099,-2.8],[-40.5274,-2.8034],[-40.5816,-2.8273],[-40.7529,-2.841],[-40.7692,-2.8468],[-40.8354,-2.8825],[-40.849,-2.8593],[-40.8879,-2.864],[-40.9,-2.8752],[-40.9385,-2.8689],[-41.0825,-2.8825],[-41.103,-2.8752],[-41.0846,-2.9052],[-41.0893,-2.9167],[-41.1107,-2.8977],[-41.1378,-2.8858],[-41.1986,-2.8752],[-41.2569,-2.8752],[-41.2734,-2.8788],[-41.3153,-2.903],[-41.3029,-2.9079],[-41.2873,-2.903],[-41.2824,-2.9157],[-41.264,-2.9284],[-41.2433,-2.9728],[-41.2401,-2.9881],[-41.2481,-3.0121]]]},"properties":{"name":"Ceará","name_en":"Ceará","name_ja":"セアラー州","name_zh":"塞阿腊","name_ko":"세아라","adm0_a3":"BRA","postal":"CE","iso_3166_2":"BR-CE","type_en":"State","geonunit":"Brazil"}},
{"type":"Feature","geometry":{"type":"MultiPolygon","coordinates":[[[[-37.2364,-4.8299],[-37.5409,-4.9301],[-37.5948,-4.9569],[-37.7213,-5.0629],[-37.7291,-5.0743],[-37.8021,-5.231],[-37.9152,-5.4635],[-37.9226,-5.4757],[-37.9963,-5.5645],[-38.028,-5.592],[-38.0475,-5.614],[-38.0779,-5.6872],[-38.0818,-5.7111],[-38.0735,-5.7442],[-38.078,-5.7606],[-38.1007,-5.7908],[-38.1218,-5.8249],[-38.1275,-5.845],[-38.1279,-5.879],[-38.139,-5.8947],[-38.2524,-6.0105],[-38.2732,-6.0514],[-38.2997,-6.0742],[-38.336,-6.0887],[-38.3678,-6.0933],[-38.3976,-6.0695],[-38.4157,-6.0617],[-38.4393,-6.0688],[-38.4567,-6.0827],[-38.4934,-6.1264],[-38.5133,-6.1818],[-38.5388,-6.1957],[-38.5465,-6.2277],[-38.556,-6.2451],[-38.5802,-6.2617],[-38.587,-6.2855],[-38.5867,-6.3464],[-38.5926,-6.3681],[-38.6056,-6.3817],[-38.6067,-6.3967],[-38.5795,-6.4051],[-38.5493,-6.3973],[-38.5258,-6.3816],[-38.512,-6.3543],[-38.4927,-6.3532],[-38.4938,-6.3839],[-38.4709,-6.4042],[-38.4362,-6.4125],[-38.3145,-6.4831],[-38.2822,-6.5054],[-38.2594,-6.4873],[-38.241,-6.484],[-38.1303,-6.5198],[-38.1152,-6.5103],[-38.0814,-6.4585],[-38.0636,-6.4436],[-38.0552,-6.4449],[-38.0438,-6.4665],[-38.0231,-6.4765],[-38.0032,-6.4332],[-37.9808,-6.4245],[-37.9119,-6.3774],[-37.8441,-6.341],[-37.8342,-6.3297],[-37.8203,-6.2891],[-37.8137,-6.283],[-37.7923,-6.2916],[-37.7784,-6.2571],[-37.7795,-6.2284],[-37.7585,-6.1758],[-37.7394,-6.1641],[-37.7052,-6.1535],[-37.6399,-6.1263],[-37.5715,-6.115],[-37.553,-6.0989],[-37.4741,-6.0856],[-37.4245,-6.0975],[-37.3752,-6.0786],[-37.3335,-6.0548],[-37.2932,-6.0414],[-37.2607,-6.0248],[-37.2172,-6.026],[-37.1957,-6.0362],[-37.1777,-6.0525],[-37.1754,-6.1168],[-37.1866,-6.1394],[-37.225,-6.1699],[-37.2888,-6.2629],[-37.3324,-6.3036],[-37.382,-6.3641],[-37.3952,-6.3909],[-37.4083,-6.4599],[-37.4302,-6.5179],[-37.4614,-6.5345],[-37.4843,-6.5412],[-37.507,-6.5537],[-37.5154,-6.5728],[-37.5262,-6.6254],[-37.5261,-6.6495],[-37.5154,-6.6805],[-37.4253,-6.699],[-37.3925,-6.6965],[-37.3356,-6.6994],[-37.296,-6.7149],[-37.2692,-6.7412],[-37.2565,-6.7849],[-37.2429,-6.8128],[-37.219,-6.824],[-37.1747,-6.7945],[-37.1533,-6.7849],[-37.0655,-6.7638],[-37.0438,-6.7544],[-37.0098,-6.719],[-36.9881,-6.7086],[-36.9695,-6.721],[-36.9429,-6.7491],[-36.9091,-6.7445],[-36.8431,-6.7521],[-36.805,-6.7608],[-36.791,-6.7686],[-36.7426,-6.8245],[-36.7405,-6.8455],[-36.7693,-6.9094],[-36.7714,-6.9309],[-36.7553,-6.956],[-36.7355,-6.9729],[-36.7114,-6.976],[-36.6597,-6.9312],[-36.6365,-6.9235],[-36.6031,-6.9318],[-36.5752,-6.9267],[-36.559,-6.9119],[-36.5369,-6.8788],[-36.5067,-6.8101],[-36.5015,-6.7832],[-36.5317,-6.7336],[-36.54,-6.6914],[-36.5406,-6.6697],[-36.535,-6.6383],[-36.5224,-6.6177],[-36.5049,-6.6122],[-36.4713,-6.6323],[-36.4522,-6.6363],[-36.4428,-6.6228],[-36.451,-6.5923],[-36.4773,-6.5374],[-36.5048,-6.5098],[-36.5151,-6.4801],[-36.5078,-6.4059],[-36.4923,-6.377],[-36.4516,-6.3656],[-36.4348,-6.3523],[-36.4039,-6.3128],[-36.3835,-6.3028],[-36.3386,-6.3046],[-36.3119,-6.2979],[-36.2917,-6.3055],[-36.277,-6.3278],[-36.2806,-6.366],[-36.2691,-6.3989],[-36.252,-6.4137],[-36.1221,-6.4336],[-36.0731,-6.4458],[-36.0242,-6.4468],[-35.9626,-6.4619],[-35.9251,-6.4658],[-35.8337,-6.4592],[-35.7891,-6.45],[-35.7216,-6.444],[-35.67,-6.4259],[-35.6448,-6.4284],[-35.6189,-6.4392],[-35.5622,-6.4551],[-35.4968,-6.4583],[-35.4664,-6.4644],[-35.3638,-6.5153],[-35.306,-6.5284],[-35.2806,-6.5231],[-35.2569,-6.5063],[-35.1847,-6.5111],[-35.1157,-6.5229],[-35.0795,-6.5223],[-35.0478,-6.536],[-35.0115,-6.5148],[-34.9633,-6.5033],[-34.9723,-6.4334],[-34.9823,-6.3914],[-34.9892,-6.3776],[-35.0106,-6.3629],[-35.0242,-6.3429],[-35.0262,-6.2989],[-35.0382,-6.2365],[-35.0489,-6.2272],[-35.0779,-6.2209],[-35.0871,-6.1974],[-35.0959,-6.1921],[-35.1343,-6.2243],[-35.1509,-6.216],[-35.1498,-6.2068],[-35.125,-6.1828],[-35.1207,-6.1647],[-35.0928,-6.1858],[-35.0994,-6.0666],[-35.1112,-6.0578],[-35.1051,-5.9955],[-35.1122,-5.9767],[-35.1338,-5.9553],[-35.1474,-5.9211],[-35.1474,-5.8767],[-35.168,-5.8562],[-35.1715,-5.8443],[-35.168,-5.8185],[-35.1711,-5.7963],[-35.1952,-5.76],[-35.1957,-5.6895],[-35.2068,-5.6681],[-35.2261,-5.5986],[-35.2231,-5.5826],[-35.2453,-5.5462],[-35.2539,-5.5241],[-35.2623,-5.4833],[-35.3188,-5.3832],[-35.3486,-5.3556],[-35.356,-5.3235],[-35.3712,-5.2791],[-35.39,-5.2446],[-35.4205,-5.2115],[-35.4549,-5.197],[-35.4929,-5.1574],[-35.5106,-5.1437],[-35.5488,-5.1284],[-35.5819,-5.1189],[-35.6594,-5.1113],[-35.7684,-5.0868],[-35.9176,-5.0583],[-35.9972,-5.0475],[-36.016,-5.051],[-36.0428,-5.0649],[-36.0791,-5.0724],[-36.1136,-5.0916],[-36.1312,-5.0959],[-36.292,-5.089],[-36.292,-5.0959],[-36.2572,-5.0959],[-36.2572,-5.1021],[-36.2814,-5.1046],[-36.3398,-5.089],[-36.4224,-5.081],[-36.5451,-5.0896],[-36.58,-5.081],[-36.5705,-5.0917],[-36.5254,-5.1056],[-36.5309,-5.1227],[-36.5444,-5.1276],[-36.5611,-5.1232],[-36.59,-5.103],[-36.6415,-5.089],[-36.6822,-5.0922],[-36.6957,-5.0896],[-36.6961,-5.0755],[-36.7196,-5.0754],[-36.7566,-5.0668],[-36.7909,-5.0512],[-36.8103,-5.0201],[-36.8476,-4.9859],[-36.881,-4.9485],[-36.8988,-4.9382],[-36.983,-4.9298],[-37.0494,-4.9379],[-37.0981,-4.9206],[-37.1349,-4.9314],[-37.1829,-4.9109],[-37.2311,-4.8421],[-37.2364,-4.8299]]],[[[-32.4034,-3.8378],[-32.4369,-3.8499],[-32.4628,-3.8784],[-32.4415,-3.8808],[-32.3886,-3.8528],[-32.3922,-3.8342],[-32.4034,-3.8378]]],[[[-29.408,0.8848],[-29.4234,0.8716],[-29.4264,0.8585],[-29.4103,0.8349],[-29.3694,0.8336],[-29.349,0.8526],[-29.3453,0.8666],[-29.3562,0.8828],[-29.3815,0.8913],[-29.408,0.8848]]]]},"properties":{"name":"Rio Grande do Norte","name_en":"Rio Grande do Norte","name_ja":"リオグランデ・ド・ノルテ州","name_zh":"北里约格朗德","name_ko":"히우그란지두노르치","adm0_a3":"BRA","postal":"RN","iso_3166_2":"BR-RN","type_en":"State","geonunit":"Brazil"}},
{"type":"Feature","geometry":{"type":"Polygon","coordinates":[[[-34.9633,-6.5033],[-35.0115,-6.5148],[-35.0478,-6.536],[-35.0795,-6.5223],[-35.1157,-6.5229],[-35.1847,-6.5111],[-35.2569,-6.5063],[-35.2806,-6.5231],[-35.306,-6.5284],[-35.3638,-6.5153],[-35.4664,-6.4644],[-35.4968,-6.4583],[-35.5622,-6.4551],[-35.6189,-6.4392],[-35.6448,-6.4284],[-35.67,-6.4259],[-35.7216,-6.444],[-35.7891,-6.45],[-35.8337,-6.4592],[-35.9251,-6.4658],[-35.9626,-6.4619],[-36.0242,-6.4468],[-36.0731,-6.4458],[-36.1221,-6.4336],[-36.252,-6.4137],[-36.2691,-6.3989],[-36.2806,-6.366],[-36.277,-6.3278],[-36.2917,-6.3055],[-36.3119,-6.2979],[-36.3386,-6.3046],[-36.3835,-6.3028],[-36.4039,-6.3128],[-36.4348,-6.3523],[-36.4516,-6.3656],[-36.4923,-6.377],[-36.5078,-6.4059],[-36.5151,-6.4801],[-36.5048,-6.5098],[-36.4773,-6.5374],[-36.451,-6.5923],[-36.4428,-6.6228],[-36.4522,-6.6363],[-36.4713,-6.6323],[-36.5049,-6.6122],[-36.5224,-6.6177],[-36.535,-6.6383],[-36.5406,-6.6697],[-36.54,-6.6914],[-36.5317,-6.7336],[-36.5015,-6.7832],[-36.5067,-6.8101],[-36.5369,-6.8788],[-36.559,-6.9119],[-36.5752,-6.9267],[-36.6031,-6.9318],[-36.6365,-6.9235],[-36.6597,-6.9312],[-36.7114,-6.976],[-36.7355,-6.9729],[-36.7553,-6.956],[-36.7714,-6.9309],[-36.7693,-6.9094],[-36.7405,-6.8455],[-36.7426,-6.8245],[-36.791,-6.7686],[-36.805,-6.7608],[-36.8431,-6.7521],[-36.9091,-6.7445],[-36.9429,-6.7491],[-36.9695,-6.721],[-36.9881,-6.7086],[-37.0098,-6.719],[-37.0438,-6.7544],[-37.0655,-6.7638],[-37.1533,-6.7849],[-37.1747,-6.7945],[-37.219,-6.824],[-37.2429,-6.8128],[-37.2565,-6.7849],[-37.2692,-6.7412],[-37.296,-6.7149],[-37.3356,-6.6994],[-37.3925,-6.6965],[-37.4253,-6.699],[-37.5154,-6.6805],[-37.5261,-6.6495],[-37.5262,-6.6254],[-37.5154,-6.5728],[-37.507,-6.5537],[-37.4843,-6.5412],[-37.4614,-6.5345],[-37.4302,-6.5179],[-37.4083,-6.4599],[-37.3952,-6.3909],[-37.382,-6.3641],[-37.3324,-6.3036],[-37.2888,-6.2629],[-37.225,-6.1699],[-37.1866,-6.1394],[-37.1754,-6.1168],[-37.1777,-6.0525],[-37.1957,-6.0362],[-37.2172,-6.026],[-37.2607,-6.0248],[-37.2932,-6.0414],[-37.3335,-6.0548],[-37.3752,-6.0786],[-37.4245,-6.0975],[-37.4741,-6.0856],[-37.553,-6.0989],[-37.5715,-6.115],[-37.6399,-6.1263],[-37.7052,-6.1535],[-37.7394,-6.1641],[-37.7585,-6.1758],[-37.7795,-6.2284],[-37.7784,-6.2571],[-37.7923,-6.2916],[-37.8137,-6.283],[-37.8203,-6.2891],[-37.8342,-6.3297],[-37.8441,-6.341],[-37.9119,-6.3774],[-37.9808,-6.4245],[-38.0032,-6.4332],[-38.0231,-6.4765],[-38.0438,-6.4665],[-38.0552,-6.4449],[-38.0636,-6.4436],[-38.0814,-6.4585],[-38.1152,-6.5103],[-38.1303,-6.5198],[-38.241,-6.484],[-38.2594,-6.4873],[-38.2822,-6.5054],[-38.3145,-6.4831],[-38.4362,-6.4125],[-38.4709,-6.4042],[-38.4938,-6.3839],[-38.4927,-6.3532],[-38.512,-6.3543],[-38.5258,-6.3816],[-38.5307,-6.409],[-38.5466,-6.4373],[-38.579,-6.4791],[-38.6487,-6.6924],[-38.6448,-6.7145],[-38.6187,-6.7584],[-38.6227,-6.779],[-38.6327,-6.789],[-38.6522,-6.8367],[-38.6731,-6.8579],[-38.7275,-6.8903],[-38.7402,-6.914],[-38.7444,-6.9551],[-38.7393,-6.9893],[-38.732,-7.0014],[-38.7087,-7.0108],[-38.6858,-7.0294],[-38.67,-7.0818],[-38.6688,-7.1095],[-38.6765,-7.1575],[-38.6597,-7.1749],[-38.6367,-7.1779],[-38.6211,-7.1888],[-38.6012,-7.2235],[-38.5813,-7.2308],[-38.5494,-7.2357],[-38.5318,-7.2944],[-38.5335,-7.3221],[-38.5418,-7.346],[-38.5644,-7.3799],[-38.5847,-7.426],[-38.6027,-7.4444],[-38.6315,-7.4576],[-38.6257,-7.4919],[-38.63,-7.5183],[-38.6383,-7.5335],[-38.668,-7.5651],[-38.6943,-7.5849],[-38.7067,-7.6059],[-38.6971,-7.6202],[-38.6554,-7.6264],[-38.6449,-7.6756],[-38.6364,-7.6858],[-38.614,-7.6935],[-38.5898,-7.6921],[-38.5854,-7.705],[-38.5882,-7.7405],[-38.5818,-7.7478],[-38.5415,-7.7564],[-38.5256,-7.7677],[-38.5067,-7.7661],[-38.4733,-7.7545],[-38.4513,-7.7349],[-38.4318,-7.7337],[-38.4175,-7.7511],[-38.4052,-7.7458],[-38.3818,-7.7178],[-38.354,-7.6997],[-38.3279,-7.7167],[-38.307,-7.7583],[-38.2983,-7.7839],[-38.3019,-7.8294],[-38.2553,-7.8496],[-38.2331,-7.8348],[-38.2274,-7.8109],[-38.2053,-7.8237],[-38.1799,-7.8189],[-38.1657,-7.806],[-38.1505,-7.7704],[-38.1306,-7.7786],[-38.1256,-7.8003],[-38.1119,-7.8116],[-38.0863,-7.8208],[-38.0716,-7.8102],[-38.0816,-7.7884],[-38.0639,-7.759],[-38.0506,-7.7533],[-38.0205,-7.7536],[-37.9779,-7.773],[-37.9613,-7.7684],[-37.9378,-7.752],[-37.9186,-7.7256],[-37.8974,-7.6843],[-37.8657,-7.6612],[-37.791,-7.6372],[-37.7648,-7.6171],[-37.7362,-7.5765],[-37.7074,-7.5488],[-37.5965,-7.5024],[-37.5521,-7.4779],[-37.5358,-7.4596],[-37.5267,-7.4411],[-37.4882,-7.3964],[-37.4861,-7.3778],[-37.4768,-7.3637],[-37.4362,-7.3465],[-37.4129,-7.3645],[-37.3837,-7.3523],[-37.3711,-7.3372],[-37.36,-7.3069],[-37.3476,-7.2978],[-37.2785,-7.2795],[-37.2544,-7.2698],[-37.2249,-7.2861],[-37.1488,-7.3453],[-37.1048,-7.3643],[-37.065,-7.3901],[-37.0314,-7.3891],[-37.0173,-7.4026],[-37.0183,-7.4267],[-37.0131,-7.4482],[-36.996,-7.4731],[-36.9981,-7.4962],[-37.0141,-7.5073],[-37.0716,-7.5275],[-37.1205,-7.5476],[-37.1564,-7.5513],[-37.197,-7.5731],[-37.2064,-7.5936],[-37.2143,-7.6468],[-37.1924,-7.6935],[-37.1857,-7.7144],[-37.1704,-7.7404],[-37.1664,-7.7632],[-37.1776,-7.7883],[-37.2244,-7.8144],[-37.2326,-7.8254],[-37.2439,-7.8572],[-37.2851,-7.9197],[-37.2994,-7.9366],[-37.3388,-7.963],[-37.3473,-7.982],[-37.341,-7.9999],[-37.3172,-8.0008],[-37.2927,-7.9862],[-37.2696,-7.9865],[-37.2485,-7.9807],[-37.2145,-7.9596],[-37.1913,-7.9632],[-37.1502,-7.978],[-37.138,-8.0044],[-37.152,-8.0353],[-37.1526,-8.0469],[-37.141,-8.0829],[-37.1376,-8.1194],[-37.1286,-8.1651],[-37.1151,-8.1836],[-37.0628,-8.2311],[-37.0265,-8.2439],[-37.0027,-8.2677],[-36.9627,-8.2835],[-36.9349,-8.2766],[-36.8805,-8.241],[-36.8345,-8.2252],[-36.782,-8.2225],[-36.7674,-8.2142],[-36.7262,-8.1738],[-36.708,-8.1444],[-36.6692,-8.1272],[-36.6517,-8.1153],[-36.6288,-8.083],[-36.6333,-8.055],[-36.6589,-8.0129],[-36.6532,-7.999],[-36.6255,-7.9657],[-36.6123,-7.9573],[-36.5803,-7.9555],[-36.5819,-7.9352],[-36.5685,-7.9246],[-36.5446,-7.9188],[-36.498,-7.9145],[-36.4733,-7.9174],[-36.4475,-7.9093],[-36.4176,-7.8844],[-36.412,-7.8634],[-36.4254,-7.8365],[-36.4243,-7.8261],[-36.4014,-7.8168],[-36.3358,-7.8116],[-36.291,-7.8226],[-36.266,-7.8249],[-36.2434,-7.8111],[-36.2166,-7.7816],[-36.2072,-7.7901],[-36.1986,-7.8215],[-36.1677,-7.8228],[-36.1423,-7.8083],[-36.1222,-7.7821],[-36.0942,-7.7753],[-36.0805,-7.7842],[-36.0759,-7.8251],[-36.0557,-7.8305],[-35.9998,-7.8158],[-35.966,-7.8164],[-35.9511,-7.8224],[-35.9333,-7.839],[-35.9217,-7.8321],[-35.9147,-7.804],[-35.8686,-7.807],[-35.8636,-7.785],[-35.8933,-7.7661],[-35.9012,-7.7537],[-35.8962,-7.7329],[-35.8777,-7.7274],[-35.8728,-7.7498],[-35.8557,-7.7571],[-35.7983,-7.7414],[-35.7106,-7.7071],[-35.6804,-7.7139],[-35.6551,-7.7044],[-35.6123,-7.6736],[-35.556,-7.6539],[-35.5445,-7.6314],[-35.5212,-7.5397],[-35.5116,-7.4833],[-35.4984,-7.4562],[-35.4836,-7.452],[-35.4249,-7.4539],[-35.3924,-7.4662],[-35.3741,-7.4582],[-35.3444,-7.4255],[-35.3157,-7.4005],[-35.2881,-7.3854],[-35.27,-7.381],[-35.2341,-7.3838],[-35.1552,-7.4039],[-35.1068,-7.3958],[-35.0641,-7.4084],[-35.0423,-7.4242],[-35,-7.4655],[-34.9784,-7.5109],[-34.9242,-7.5256],[-34.8934,-7.5429],[-34.8416,-7.5418],[-34.8243,-7.5485],[-34.8155,-7.5426],[-34.8048,-7.5141],[-34.8146,-7.4838],[-34.8144,-7.4445],[-34.8048,-7.3708],[-34.8048,-7.2233],[-34.7936,-7.1762],[-34.7974,-7.1585],[-34.8188,-7.1442],[-34.828,-7.1301],[-34.8328,-7.0998],[-34.8328,-7.0412],[-34.8242,-7.0034],[-34.8258,-6.9845],[-34.8396,-6.9729],[-34.8362,-6.9918],[-34.8594,-7.0715],[-34.8756,-7.0956],[-34.8961,-7.1174],[-34.9147,-7.1305],[-34.9076,-7.0932],[-34.8964,-7.0813],[-34.8782,-7.028],[-34.8806,-6.9933],[-34.8629,-6.976],[-34.8601,-6.9146],[-34.8657,-6.9072],[-34.9042,-6.8873],[-34.9167,-6.8642],[-34.9352,-6.7817],[-34.9427,-6.7662],[-34.9349,-6.7242],[-34.9352,-6.706],[-34.9533,-6.6747],[-34.9571,-6.6513],[-34.97,-6.6173],[-34.9585,-6.5826],[-34.959,-6.5369],[-34.9633,-6.5033]]]},"properties":{"name":"Paraíba","name_en":"Paraíba","name_ja":"パライバ州","name_zh":"帕拉伊巴","name_ko":"파라이바","adm0_a3":"BRA","postal":"PB","iso_3166_2":"BR-PB","type_en":"State","geonunit":"Brazil"}},
{"type":"Feature","geometry":{"type":"MultiPolygon","coordinates":[[[[-34.8934,-7.5429],[-34.9242,-7.5256],[-34.9784,-7.5109],[-35,-7.4655],[-35.0423,-7.4242],[-35.0641,-7.4084],[-35.1068,-7.3958],[-35.1552,-7.4039],[-35.2341,-7.3838],[-35.27,-7.381],[-35.2881,-7.3854],[-35.3157,-7.4005],[-35.3444,-7.4255],[-35.3741,-7.4582],[-35.3924,-7.4662],[-35.4249,-7.4539],[-35.4836,-7.452],[-35.4984,-7.4562],[-35.5116,-7.4833],[-35.5212,-7.5397],[-35.5445,-7.6314],[-35.556,-7.6539],[-35.6123,-7.6736],[-35.6551,-7.7044],[-35.6804,-7.7139],[-35.7106,-7.7071],[-35.7983,-7.7414],[-35.8557,-7.7571],[-35.8728,-7.7498],[-35.8777,-7.7274],[-35.8962,-7.7329],[-35.9012,-7.7537],[-35.8933,-7.7661],[-35.8636,-7.785],[-35.8686,-7.807],[-35.9147,-7.804],[-35.9217,-7.8321],[-35.9333,-7.839],[-35.9511,-7.8224],[-35.966,-7.8164],[-35.9998,-7.8158],[-36.0557,-7.8305],[-36.0759,-7.8251],[-36.0805,-7.7842],[-36.0942,-7.7753],[-36.1222,-7.7821],[-36.1423,-7.8083],[-36.1677,-7.8228],[-36.1986,-7.8215],[-36.2072,-7.7901],[-36.2166,-7.7816],[-36.2434,-7.8111],[-36.266,-7.8249],[-36.291,-7.8226],[-36.3358,-7.8116],[-36.4014,-7.8168],[-36.4243,-7.8261],[-36.4254,-7.8365],[-36.412,-7.8634],[-36.4176,-7.8844],[-36.4475,-7.9093],[-36.4733,-7.9174],[-36.498,-7.9145],[-36.5446,-7.9188],[-36.5685,-7.9246],[-36.5819,-7.9352],[-36.5803,-7.9555],[-36.6123,-7.9573],[-36.6255,-7.9657],[-36.6532,-7.999],[-36.6589,-8.0129],[-36.6333,-8.055],[-36.6288,-8.083],[-36.6517,-8.1153],[-36.6692,-8.1272],[-36.708,-8.1444],[-36.7262,-8.1738],[-36.7674,-8.2142],[-36.782,-8.2225],[-36.8345,-8.2252],[-36.8805,-8.241],[-36.9349,-8.2766],[-36.9627,-8.2835],[-37.0027,-8.2677],[-37.0265,-8.2439],[-37.0628,-8.2311],[-37.1151,-8.1836],[-37.1286,-8.1651],[-37.1376,-8.1194],[-37.141,-8.0829],[-37.1526,-8.0469],[-37.152,-8.0353],[-37.138,-8.0044],[-37.1502,-7.978],[-37.1913,-7.9632],[-37.2145,-7.9596],[-37.2485,-7.9807],[-37.2696,-7.9865],[-37.2927,-7.9862],[-37.3172,-8.0008],[-37.341,-7.9999],[-37.3473,-7.982],[-37.3388,-7.963],[-37.2994,-7.9366],[-37.2851,-7.9197],[-37.2439,-7.8572],[-37.2326,-7.8254],[-37.2244,-7.8144],[-37.1776,-7.7883],[-37.1664,-7.7632],[-37.1704,-7.7404],[-37.1857,-7.7144],[-37.1924,-7.6935],[-37.2143,-7.6468],[-37.2064,-7.5936],[-37.197,-7.5731],[-37.1564,-7.5513],[-37.1205,-7.5476],[-37.0716,-7.5275],[-37.0141,-7.5073],[-36.9981,-7.4962],[-36.996,-7.4731],[-37.0131,-7.4482],[-37.0183,-7.4267],[-37.0173,-7.4026],[-37.0314,-7.3891],[-37.065,-7.3901],[-37.1048,-7.3643],[-37.1488,-7.3453],[-37.2249,-7.2861],[-37.2544,-7.2698],[-37.2785,-7.2795],[-37.3476,-7.2978],[-37.36,-7.3069],[-37.3711,-7.3372],[-37.3837,-7.3523],[-37.4129,-7.3645],[-37.4362,-7.3465],[-37.4768,-7.3637],[-37.4861,-7.3778],[-37.4882,-7.3964],[-37.5267,-7.4411],[-37.5358,-7.4596],[-37.5521,-7.4779],[-37.5965,-7.5024],[-37.7074,-7.5488],[-37.7362,-7.5765],[-37.7648,-7.6171],[-37.791,-7.6372],[-37.8657,-7.6612],[-37.8974,-7.6843],[-37.9186,-7.7256],[-37.9378,-7.752],[-37.9613,-7.7684],[-37.9779,-7.773],[-38.0205,-7.7536],[-38.0506,-7.7533],[-38.0639,-7.759],[-38.0816,-7.7884],[-38.0716,-7.8102],[-38.0863,-7.8208],[-38.1119,-7.8116],[-38.1256,-7.8003],[-38.1306,-7.7786],[-38.1505,-7.7704],[-38.1657,-7.806],[-38.1799,-7.8189],[-38.2053,-7.8237],[-38.2274,-7.8109],[-38.2331,-7.8348],[-38.2553,-7.8496],[-38.3019,-7.8294],[-38.2983,-7.7839],[-38.307,-7.7583],[-38.3279,-7.7167],[-38.354,-7.6997],[-38.3818,-7.7178],[-38.4052,-7.7458],[-38.4175,-7.7511],[-38.4318,-7.7337],[-38.4513,-7.7349],[-38.4733,-7.7545],[-38.5067,-7.7661],[-38.5256,-7.7677],[-38.5415,-7.7564],[-38.5818,-7.7478],[-38.5882,-7.7405],[-38.5854,-7.705],[-38.5898,-7.6921],[-38.614,-7.6935],[-38.6364,-7.6858],[-38.6449,-7.6756],[-38.6554,-7.6264],[-38.6971,-7.6202],[-38.7274,-7.6299],[-38.7489,-7.6562],[-38.7796,-7.6554],[-38.8188,-7.6661],[-38.8399,-7.7161],[-38.8632,-7.7045],[-38.9158,-7.7643],[-38.932,-7.7963],[-38.968,-7.8479],[-38.9823,-7.8464],[-38.9982,-7.8211],[-39.0252,-7.8305],[-39.0518,-7.8477],[-39.0735,-7.854],[-39.0831,-7.8361],[-39.1092,-7.7529],[-39.1298,-7.7319],[-39.1605,-7.7141],[-39.246,-7.6808],[-39.2631,-7.6702],[-39.3082,-7.6232],[-39.3247,-7.583],[-39.3396,-7.5569],[-39.3512,-7.5475],[-39.423,-7.5281],[-39.4632,-7.5],[-39.4826,-7.4904],[-39.5216,-7.482],[-39.5352,-7.4745],[-39.6342,-7.3856],[-39.6542,-7.3733],[-39.8475,-7.3491],[-39.9295,-7.3561],[-39.9515,-7.3615],[-40.0062,-7.3829],[-40.0425,-7.4009],[-40.0636,-7.4074],[-40.1509,-7.4179],[-40.173,-7.4174],[-40.2615,-7.3936],[-40.2944,-7.3938],[-40.5377,-7.3902],[-40.6476,-7.3992],[-40.6765,-7.4125],[-40.6899,-7.4296],[-40.695,-7.4799],[-40.6882,-7.5135],[-40.6496,-7.5855],[-40.6287,-7.6125],[-40.6209,-7.638],[-40.6249,-7.6843],[-40.6467,-7.7169],[-40.6573,-7.74],[-40.6605,-7.7602],[-40.6471,-7.7734],[-40.589,-7.799],[-40.5453,-7.8323],[-40.5385,-7.8491],[-40.5313,-7.9054],[-40.5377,-7.9939],[-40.5441,-8.0294],[-40.5767,-8.1028],[-40.5905,-8.1242],[-40.6214,-8.1397],[-40.6638,-8.1827],[-40.6845,-8.2071],[-40.7489,-8.2454],[-40.7726,-8.2986],[-40.8118,-8.3238],[-40.8237,-8.3567],[-40.8349,-8.3636],[-40.8727,-8.3447],[-40.8884,-8.3532],[-40.8973,-8.4021],[-40.9097,-8.4256],[-40.9232,-8.4342],[-40.9412,-8.4257],[-40.9812,-8.4164],[-41.0164,-8.4205],[-41.029,-8.4291],[-41.0427,-8.4574],[-41.0674,-8.4888],[-41.0689,-8.5035],[-41.0822,-8.5245],[-41.0998,-8.5331],[-41.147,-8.5419],[-41.159,-8.5493],[-41.1779,-8.579],[-41.1852,-8.5997],[-41.2109,-8.635],[-41.2818,-8.674],[-41.3708,-8.7119],[-41.3256,-8.7348],[-41.2969,-8.7381],[-41.2641,-8.7334],[-41.2159,-8.7142],[-41.1597,-8.7086],[-41.1218,-8.7129],[-41.1051,-8.7195],[-41.0989,-8.7386],[-41.1011,-8.7738],[-41.0898,-8.7849],[-41.0685,-8.7878],[-41.0161,-8.7753],[-40.997,-8.7749],[-40.9852,-8.7892],[-40.9808,-8.8162],[-40.9581,-8.8344],[-40.9429,-8.8372],[-40.925,-8.8259],[-40.9113,-8.8326],[-40.8891,-8.8569],[-40.8976,-8.9346],[-40.8912,-8.9812],[-40.8952,-9.0119],[-40.893,-9.0362],[-40.8624,-9.0739],[-40.8551,-9.0933],[-40.8574,-9.1308],[-40.8531,-9.1518],[-40.8222,-9.1637],[-40.7632,-9.2018],[-40.7242,-9.2057],[-40.705,-9.217],[-40.7047,-9.245],[-40.6912,-9.2952],[-40.6902,-9.3443],[-40.7078,-9.3807],[-40.7424,-9.4224],[-40.7583,-9.4531],[-40.7257,-9.4466],[-40.7074,-9.4531],[-40.6844,-9.4705],[-40.6435,-9.4857],[-40.6215,-9.4863],[-40.5536,-9.4641],[-40.5398,-9.454],[-40.5282,-9.4183],[-40.5129,-9.4104],[-40.4716,-9.4059],[-40.4501,-9.3955],[-40.4244,-9.3641],[-40.4067,-9.3575],[-40.3654,-9.3718],[-40.3428,-9.3671],[-40.3282,-9.3513],[-40.3282,-9.3166],[-40.3164,-9.2906],[-40.273,-9.104],[-40.2498,-9.0709],[-40.2115,-9.0633],[-40.1774,-9.0763],[-40.1569,-9.0975],[-40.1139,-9.1034],[-40.0921,-9.0914],[-40.0539,-9.0633],[-40.011,-9.0503],[-39.9685,-9.0429],[-39.9537,-9.033],[-39.8962,-8.9746],[-39.8811,-8.9336],[-39.8762,-8.9095],[-39.8935,-8.8714],[-39.8962,-8.8306],[-39.883,-8.8179],[-39.8629,-8.8119],[-39.796,-8.8072],[-39.7541,-8.7935],[-39.69,-8.7824],[-39.6806,-8.77],[-39.6777,-8.7443],[-39.6922,-8.6777],[-39.6907,-8.6586],[-39.6613,-8.6458],[-39.6054,-8.6418],[-39.4032,-8.5341],[-39.362,-8.529],[-39.3254,-8.5505],[-39.288,-8.5606],[-39.2724,-8.5767],[-39.2516,-8.6307],[-39.2374,-8.6415],[-39.2212,-8.6774],[-39.1632,-8.6859],[-39.1453,-8.7045],[-39.1122,-8.7086],[-39.0287,-8.7332],[-38.9865,-8.7597],[-38.9677,-8.7894],[-38.9433,-8.7905],[-38.8956,-8.7822],[-38.8553,-8.7685],[-38.8268,-8.78],[-38.7974,-8.7857],[-38.7653,-8.8163],[-38.7061,-8.8412],[-38.697,-8.8541],[-38.6939,-8.8743],[-38.6564,-8.9665],[-38.6446,-8.9769],[-38.625,-8.9808],[-38.6083,-8.9707],[-38.6021,-8.9471],[-38.6014,-8.8988],[-38.5896,-8.8586],[-38.5639,-8.8292],[-38.5278,-8.8192],[-38.4848,-8.8368],[-38.4654,-8.8641],[-38.4719,-8.8912],[-38.5121,-8.9466],[-38.5015,-8.9603],[-38.4812,-9.0003],[-38.4097,-9.034],[-38.3817,-9.0292],[-38.3205,-8.9877],[-38.2874,-9.0135],[-38.293,-9.0491],[-38.3146,-9.0754],[-38.3066,-9.09],[-38.3146,-9.1093],[-38.3141,-9.1316],[-38.2895,-9.1661],[-38.2835,-9.1979],[-38.2496,-9.3017],[-38.2352,-9.3304],[-38.1882,-9.2999],[-38.1526,-9.2668],[-38.1137,-9.2042],[-38.0906,-9.1848],[-37.9957,-9.1591],[-37.9682,-9.1425],[-37.9331,-9.0928],[-37.8972,-9.0567],[-37.8609,-9.0323],[-37.8331,-9.0075],[-37.8142,-8.9775],[-37.8145,-8.9399],[-37.8079,-8.894],[-37.7705,-8.863],[-37.7487,-8.8621],[-37.7292,-8.8827],[-37.699,-8.9288],[-37.688,-8.9684],[-37.6819,-8.9777],[-37.6586,-8.9892],[-37.6277,-8.983],[-37.5856,-8.9528],[-37.5602,-8.9431],[-37.5191,-8.9437],[-37.4902,-8.9881],[-37.4725,-9.0052],[-37.4366,-9.0163],[-37.3926,-9.0425],[-37.1816,-9.2418],[-37.1257,-9.2712],[-37.051,-9.2848],[-37.0241,-9.2923],[-36.9984,-9.3064],[-36.9545,-9.3506],[-36.9385,-9.3558],[-36.903,-9.2908],[-36.8779,-9.271],[-36.831,-9.264],[-36.6525,-9.2789],[-36.6056,-9.2945],[-36.5787,-9.293],[-36.5382,-9.2613],[-36.5037,-9.2459],[-36.4685,-9.2219],[-36.4384,-9.2088],[-36.3458,-9.201],[-36.2645,-9.142],[-36.2462,-9.0953],[-36.2374,-9.0866],[-36.1218,-9.015],[-36.1113,-9.0016],[-36.1207,-8.9696],[-36.0896,-8.9552],[-36.0691,-8.933],[-36.0142,-8.8945],[-35.9957,-8.8907],[-35.9719,-8.9074],[-35.9102,-8.8821],[-35.8827,-8.8757],[-35.8011,-8.8702],[-35.7954,-8.8925],[-35.7863,-8.8995],[-35.7404,-8.9165],[-35.7216,-8.9203],[-35.6982,-8.9144],[-35.6279,-8.8716],[-35.6107,-8.8639],[-35.5113,-8.8361],[-35.4725,-8.8341],[-35.468,-8.8517],[-35.4535,-8.8619],[-35.4191,-8.8711],[-35.392,-8.8836],[-35.3021,-8.8853],[-35.2036,-8.9032],[-35.1741,-8.9017],[-35.1483,-8.9136],[-35.1381,-8.8714],[-35.1338,-8.8269],[-35.1273,-8.8062],[-35.0965,-8.7615],[-35.086,-8.7407],[-35.0802,-8.6811],[-35.0262,-8.5759],[-34.9573,-8.3825],[-34.9525,-8.3647],[-34.9399,-8.3508],[-34.9426,-8.3102],[-34.9389,-8.2721],[-34.9321,-8.2421],[-34.9208,-8.2145],[-34.9004,-8.1796],[-34.8942,-8.1414],[-34.8813,-8.1054],[-34.8957,-8.0938],[-34.901,-8.0628],[-34.9134,-8.0455],[-34.9289,-8.0349],[-34.9127,-8.0354],[-34.8806,-8.0628],[-34.8512,-8.0686],[-34.8458,-8.0417],[-34.8214,-7.9522],[-34.8116,-7.9325],[-34.8188,-7.919],[-34.8116,-7.9059],[-34.8328,-7.8574],[-34.8458,-7.8847],[-34.8441,-7.8482],[-34.848,-7.8228],[-34.8849,-7.8157],[-34.8935,-7.8049],[-34.8921,-7.7626],[-34.8659,-7.7175],[-34.8775,-7.7145],[-34.9072,-7.7338],[-34.9,-7.718],[-34.8768,-7.703],[-34.8644,-7.7052],[-34.8602,-7.686],[-34.876,-7.6373],[-34.8738,-7.6178],[-34.8458,-7.6718],[-34.8396,-7.6438],[-34.8373,-7.6798],[-34.8303,-7.6809],[-34.8053,-7.6227],[-34.8314,-7.5824],[-34.8354,-7.5627],[-34.8655,-7.5534],[-34.9289,-7.5558],[-34.8934,-7.5429]]],[[[-34.8527,-7.6974],[-34.86,-7.7278],[-34.8805,-7.7536],[-34.8842,-7.804],[-34.8582,-7.8132],[-34.838,-7.8108],[-34.8338,-7.7784],[-34.8223,-7.7388],[-34.8361,-7.6969],[-34.8527,-7.6974]]]]},"properties":{"name":"Pernambuco","name_en":"Pernambuco","name_ja":"ペルナンブーコ州","name_zh":"伯南布哥","name_ko":"페르남부쿠","adm0_a3":"BRA","postal":"PE","iso_3166_2":"BR-PE","type_en":"State","geonunit":"Brazil"}},
{"type":"Feature","geometry":{"type":"Polygon","coordinates":[[[-35.1483,-8.9136],[-35.1741,-8.9017],[-35.2036,-8.9032],[-35.3021,-8.8853],[-35.392,-8.8836],[-35.4191,-8.8711],[-35.4535,-8.8619],[-35.468,-8.8517],[-35.4725,-8.8341],[-35.5113,-8.8361],[-35.6107,-8.8639],[-35.6279,-8.8716],[-35.6982,-8.9144],[-35.7216,-8.9203],[-35.7404,-8.9165],[-35.7863,-8.8995],[-35.7954,-8.8925],[-35.8011,-8.8702],[-35.8827,-8.8757],[-35.9102,-8.8821],[-35.9719,-8.9074],[-35.9957,-8.8907],[-36.0142,-8.8945],[-36.0691,-8.933],[-36.0896,-8.9552],[-36.1207,-8.9696],[-36.1113,-9.0016],[-36.1218,-9.015],[-36.2374,-9.0866],[-36.2462,-9.0953],[-36.2645,-9.142],[-36.3458,-9.201],[-36.4384,-9.2088],[-36.4685,-9.2219],[-36.5037,-9.2459],[-36.5382,-9.2613],[-36.5787,-9.293],[-36.6056,-9.2945],[-36.6525,-9.2789],[-36.831,-9.264],[-36.8779,-9.271],[-36.903,-9.2908],[-36.9385,-9.3558],[-36.9545,-9.3506],[-36.9984,-9.3064],[-37.0241,-9.2923],[-37.051,-9.2848],[-37.1257,-9.2712],[-37.1816,-9.2418],[-37.3926,-9.0425],[-37.4366,-9.0163],[-37.4725,-9.0052],[-37.4902,-8.9881],[-37.5191,-8.9437],[-37.5602,-8.9431],[-37.5856,-8.9528],[-37.6277,-8.983],[-37.6586,-8.9892],[-37.6819,-8.9777],[-37.688,-8.9684],[-37.699,-8.9288],[-37.7292,-8.8827],[-37.7487,-8.8621],[-37.7705,-8.863],[-37.8079,-8.894],[-37.8145,-8.9399],[-37.8142,-8.9775],[-37.8331,-9.0075],[-37.8609,-9.0323],[-37.8972,-9.0567],[-37.9331,-9.0928],[-37.9682,-9.1425],[-37.9957,-9.1591],[-38.0906,-9.1848],[-38.1137,-9.2042],[-38.1526,-9.2668],[-38.1882,-9.2999],[-38.2352,-9.3304],[-38.2042,-9.3923],[-38.1979,-9.4128],[-38.1801,-9.4258],[-38.1573,-9.4325],[-38.1027,-9.4389],[-38.0733,-9.4537],[-38.0124,-9.478],[-38.0057,-9.5133],[-37.9971,-9.5268],[-37.9851,-9.5363],[-37.8954,-9.556],[-37.8669,-9.5822],[-37.8352,-9.5945],[-37.8045,-9.6111],[-37.7927,-9.6387],[-37.7695,-9.6317],[-37.7002,-9.6387],[-37.6763,-9.6461],[-37.6481,-9.679],[-37.6191,-9.6917],[-37.5661,-9.7275],[-37.5188,-9.7411],[-37.4929,-9.742],[-37.4699,-9.7349],[-37.437,-9.7519],[-37.3584,-9.7728],[-37.3191,-9.7895],[-37.297,-9.8047],[-37.2477,-9.8547],[-37.2272,-9.8889],[-37.2151,-9.8966],[-37.1825,-9.8926],[-37.145,-9.9006],[-37.1181,-9.9148],[-37.0597,-9.9653],[-37.0419,-9.976],[-37.0217,-9.9802],[-36.983,-9.9667],[-36.9646,-9.9785],[-36.9423,-10.0148],[-36.9361,-10.1014],[-36.9312,-10.1187],[-36.9184,-10.1276],[-36.8809,-10.139],[-36.8512,-10.1666],[-36.8239,-10.2138],[-36.7648,-10.2277],[-36.725,-10.2584],[-36.6871,-10.2742],[-36.6724,-10.2733],[-36.6549,-10.2557],[-36.6343,-10.2493],[-36.6204,-10.2536],[-36.5844,-10.2936],[-36.5634,-10.3318],[-36.5587,-10.3519],[-36.566,-10.3889],[-36.5662,-10.4105],[-36.5556,-10.4201],[-36.521,-10.4192],[-36.4632,-10.4065],[-36.4321,-10.4263],[-36.4262,-10.4358],[-36.4081,-10.5021],[-36.292,-10.352],[-36.289,-10.2971],[-36.2805,-10.28],[-36.251,-10.2482],[-36.1412,-10.1594],[-36.0903,-10.0934],[-36.0501,-10.0785],[-36.0363,-10.0641],[-36.0022,-9.9955],[-35.9733,-9.9658],[-35.9494,-9.9132],[-35.9039,-9.8782],[-35.8827,-9.8556],[-35.8621,-9.794],[-35.8106,-9.7448],[-35.8056,-9.7311],[-35.8532,-9.7411],[-35.8609,-9.76],[-35.879,-9.7492],[-35.9022,-9.6712],[-35.9232,-9.6458],[-35.9516,-9.6276],[-35.963,-9.6108],[-35.9419,-9.5998],[-35.9196,-9.6081],[-35.9054,-9.6248],[-35.9084,-9.6388],[-35.8773,-9.6866],[-35.8771,-9.697],[-35.8581,-9.7346],[-35.809,-9.6869],[-35.7949,-9.6791],[-35.7917,-9.6422],[-35.8122,-9.5978],[-35.7999,-9.5847],[-35.786,-9.5886],[-35.765,-9.6108],[-35.7462,-9.6418],[-35.7491,-9.6598],[-35.7781,-9.7001],[-35.7433,-9.6798],[-35.6962,-9.6729],[-35.6751,-9.6087],[-35.6575,-9.5771],[-35.6304,-9.5637],[-35.5826,-9.5329],[-35.5736,-9.5227],[-35.4932,-9.4041],[-35.482,-9.3679],[-35.4623,-9.3466],[-35.4149,-9.3166],[-35.4149,-9.3234],[-35.3922,-9.3058],[-35.3051,-9.193],[-35.2894,-9.1536],[-35.2605,-9.114],[-35.2322,-9.0478],[-35.1889,-8.9907],[-35.1483,-8.9136]]]},"properties":{"name":"Alagoas","name_en":"Alagoas","name_ja":"アラゴアス州","name_zh":"阿拉戈斯州","name_ko":"알라고아스","adm0_a3":"BRA","postal":"AL","iso_3166_2":"BR-AL","type_en":"State","geonunit":"Brazil"}},
{"type":"Feature","geometry":{"type":"Polygon","coordinates":[[[-36.4081,-10.5021],[-36.4262,-10.4358],[-36.4321,-10.4263],[-36.4632,-10.4065],[-36.521,-10.4192],[-36.5556,-10.4201],[-36.5662,-10.4105],[-36.566,-10.3889],[-36.5587,-10.3519],[-36.5634,-10.3318],[-36.5844,-10.2936],[-36.6204,-10.2536],[-36.6343,-10.2493],[-36.6549,-10.2557],[-36.6724,-10.2733],[-36.6871,-10.2742],[-36.725,-10.2584],[-36.7648,-10.2277],[-36.8239,-10.2138],[-36.8512,-10.1666],[-36.8809,-10.139],[-36.9184,-10.1276],[-36.9312,-10.1187],[-36.9361,-10.1014],[-36.9423,-10.0148],[-36.9646,-9.9785],[-36.983,-9.9667],[-37.0217,-9.9802],[-37.0419,-9.976],[-37.0597,-9.9653],[-37.1181,-9.9148],[-37.145,-9.9006],[-37.1825,-9.8926],[-37.2151,-9.8966],[-37.2272,-9.8889],[-37.2477,-9.8547],[-37.297,-9.8047],[-37.3191,-9.7895],[-37.3584,-9.7728],[-37.437,-9.7519],[-37.4699,-9.7349],[-37.4929,-9.742],[-37.5188,-9.7411],[-37.5661,-9.7275],[-37.6191,-9.6917],[-37.6481,-9.679],[-37.6763,-9.6461],[-37.7002,-9.6387],[-37.7695,-9.6317],[-37.7927,-9.6387],[-37.8045,-9.6111],[-37.8352,-9.5945],[-37.8669,-9.5822],[-37.8954,-9.556],[-37.9851,-9.5363],[-37.9971,-9.5268],[-38.0183,-9.5461],[-38.0256,-9.5709],[-38.0451,-9.6059],[-38.0408,-9.6269],[-38.0297,-9.6343],[-38.0017,-9.6401],[-37.9924,-9.6482],[-38.0147,-9.7025],[-38.03,-9.7265],[-38.0251,-9.7476],[-38.0014,-9.7869],[-37.9639,-9.8736],[-37.9427,-9.8955],[-37.9077,-9.9059],[-37.902,-9.912],[-37.9034,-9.9404],[-37.899,-9.9501],[-37.8497,-10.0003],[-37.8217,-10.0224],[-37.7808,-10.0808],[-37.7728,-10.1128],[-37.7733,-10.209],[-37.7839,-10.305],[-37.7998,-10.3489],[-37.8301,-10.3995],[-37.8362,-10.4229],[-37.8147,-10.4871],[-37.8248,-10.5498],[-37.824,-10.5701],[-37.8137,-10.5877],[-37.7927,-10.5996],[-37.7824,-10.6276],[-37.7919,-10.6535],[-37.8157,-10.6779],[-37.8714,-10.7102],[-37.971,-10.7532],[-37.9963,-10.7599],[-38.0117,-10.755],[-38.0561,-10.7235],[-38.0769,-10.7135],[-38.1094,-10.7065],[-38.1556,-10.7053],[-38.1912,-10.7159],[-38.2097,-10.7381],[-38.2157,-10.766],[-38.2419,-10.8228],[-38.2436,-10.8722],[-38.2331,-10.8975],[-38.1879,-10.9417],[-38.1768,-10.98],[-38.1302,-11.0166],[-38.1094,-11.0281],[-38.0911,-11.0758],[-38.0859,-11.1059],[-38.0693,-11.1586],[-38.0629,-11.1674],[-38.0025,-11.198],[-37.9866,-11.2193],[-37.9808,-11.2378],[-37.9829,-11.2704],[-37.9924,-11.3052],[-37.9905,-11.3236],[-38.006,-11.3574],[-37.9983,-11.3766],[-37.9688,-11.3998],[-37.937,-11.4067],[-37.9214,-11.4148],[-37.9026,-11.4063],[-37.8492,-11.4409],[-37.8185,-11.4962],[-37.7959,-11.5237],[-37.7627,-11.5397],[-37.696,-11.5563],[-37.6805,-11.5689],[-37.6595,-11.5591],[-37.6341,-11.5216],[-37.5728,-11.5403],[-37.5433,-11.5391],[-37.4828,-11.5183],[-37.4919,-11.5163],[-37.463,-11.5074],[-37.4314,-11.4929],[-37.406,-11.4705],[-37.3956,-11.4374],[-37.4017,-11.4289],[-37.4433,-11.4133],[-37.4604,-11.3918],[-37.4701,-11.3587],[-37.4604,-11.3689],[-37.4457,-11.3644],[-37.4433,-11.3513],[-37.4363,-11.3888],[-37.4296,-11.405],[-37.4154,-11.4064],[-37.4082,-11.3957],[-37.3956,-11.345],[-37.3797,-11.3172],[-37.3608,-11.2966],[-37.3363,-11.2901],[-37.336,-11.2729],[-37.3472,-11.2494],[-37.3192,-11.27],[-37.32,-11.2498],[-37.3479,-11.2042],[-37.3441,-11.1843],[-37.3241,-11.2086],[-37.3056,-11.2426],[-37.2994,-11.2426],[-37.3033,-11.2198],[-37.2994,-11.1948],[-37.2884,-11.2082],[-37.2859,-11.237],[-37.2721,-11.2494],[-37.2905,-11.2543],[-37.3056,-11.27],[-37.3472,-11.3034],[-37.3583,-11.3159],[-37.3683,-11.3513],[-37.4025,-11.3997],[-37.3844,-11.402],[-37.3881,-11.4269],[-37.3749,-11.4299],[-37.3301,-11.4207],[-37.316,-11.4064],[-37.2858,-11.3171],[-37.2646,-11.2774],[-37.2354,-11.2608],[-37.2218,-11.2296],[-37.1725,-11.2035],[-37.1554,-11.1874],[-37.1641,-11.1703],[-37.1633,-11.1362],[-37.1697,-11.1259],[-37.1656,-11.1088],[-37.1827,-11.0986],[-37.1944,-11.1105],[-37.2168,-11.1061],[-37.2142,-11.0917],[-37.1964,-11.0917],[-37.2369,-11.0696],[-37.2516,-11.073],[-37.2643,-11.0644],[-37.2761,-11.0418],[-37.2684,-11.0164],[-37.2485,-11.0217],[-37.2001,-11.0434],[-37.1757,-11.0857],[-37.1697,-11.0714],[-37.1417,-11.0917],[-37.1476,-11.1218],[-37.1383,-11.1259],[-37.124,-11.1153],[-37.0504,-10.9996],[-37.0397,-10.9492],[-37.0294,-10.9356],[-36.9789,-10.8865],[-36.9634,-10.8654],[-36.9527,-10.8364],[-36.9031,-10.7729],[-36.7684,-10.6726],[-36.6109,-10.5751],[-36.5918,-10.5678],[-36.5766,-10.5505],[-36.5384,-10.5436],[-36.505,-10.5278],[-36.4579,-10.5204],[-36.4081,-10.5021]]]},"properties":{"name":"Sergipe","name_en":"Sergipe","name_ja":"セルジペ州","name_zh":"塞尔希培州","name_ko":"세르지피","adm0_a3":"BRA","postal":"SE","iso_3166_2":"BR-SE","type_en":"State","geonunit":"Brazil"}},
{"type":"Feature","geometry":{"type":"MultiPolygon","coordinates":[[[[-37.4828,-11.5183],[-37.5433,-11.5391],[-37.5728,-11.5403],[-37.6341,-11.5216],[-37.6595,-11.5591],[-37.6805,-11.5689],[-37.696,-11.5563],[-37.7627,-11.5397],[-37.7959,-11.5237],[-37.8185,-11.4962],[-37.8492,-11.4409],[-37.9026,-11.4063],[-37.9214,-11.4148],[-37.937,-11.4067],[-37.9688,-11.3998],[-37.9983,-11.3766],[-38.006,-11.3574],[-37.9905,-11.3236],[-37.9924,-11.3052],[-37.9829,-11.2704],[-37.9808,-11.2378],[-37.9866,-11.2193],[-38.0025,-11.198],[-38.0629,-11.1674],[-38.0693,-11.1586],[-38.0859,-11.1059],[-38.0911,-11.0758],[-38.1094,-11.0281],[-38.1302,-11.0166],[-38.1768,-10.98],[-38.1879,-10.9417],[-38.2331,-10.8975],[-38.2436,-10.8722],[-38.2419,-10.8228],[-38.2157,-10.766],[-38.2097,-10.7381],[-38.1912,-10.7159],[-38.1556,-10.7053],[-38.1094,-10.7065],[-38.0769,-10.7135],[-38.0561,-10.7235],[-38.0117,-10.755],[-37.9963,-10.7599],[-37.971,-10.7532],[-37.8714,-10.7102],[-37.8157,-10.6779],[-37.7919,-10.6535],[-37.7824,-10.6276],[-37.7927,-10.5996],[-37.8137,-10.5877],[-37.824,-10.5701],[-37.8248,-10.5498],[-37.8147,-10.4871],[-37.8362,-10.4229],[-37.8301,-10.3995],[-37.7998,-10.3489],[-37.7839,-10.305],[-37.7733,-10.209],[-37.7728,-10.1128],[-37.7808,-10.0808],[-37.8217,-10.0224],[-37.8497,-10.0003],[-37.899,-9.9501],[-37.9034,-9.9404],[-37.902,-9.912],[-37.9077,-9.9059],[-37.9427,-9.8955],[-37.9639,-9.8736],[-38.0014,-9.7869],[-38.0251,-9.7476],[-38.03,-9.7265],[-38.0147,-9.7025],[-37.9924,-9.6482],[-38.0017,-9.6401],[-38.0297,-9.6343],[-38.0408,-9.6269],[-38.0451,-9.6059],[-38.0256,-9.5709],[-38.0183,-9.5461],[-37.9971,-9.5268],[-38.0057,-9.5133],[-38.0124,-9.478],[-38.0733,-9.4537],[-38.1027,-9.4389],[-38.1573,-9.4325],[-38.1801,-9.4258],[-38.1979,-9.4128],[-38.2042,-9.3923],[-38.2352,-9.3304],[-38.2496,-9.3017],[-38.2835,-9.1979],[-38.2895,-9.1661],[-38.3141,-9.1316],[-38.3146,-9.1093],[-38.3066,-9.09],[-38.3146,-9.0754],[-38.293,-9.0491],[-38.2874,-9.0135],[-38.3205,-8.9877],[-38.3817,-9.0292],[-38.4097,-9.034],[-38.4812,-9.0003],[-38.5015,-8.9603],[-38.5121,-8.9466],[-38.4719,-8.8912],[-38.4654,-8.8641],[-38.4848,-8.8368],[-38.5278,-8.8192],[-38.5639,-8.8292],[-38.5896,-8.8586],[-38.6014,-8.8988],[-38.6021,-8.9471],[-38.6083,-8.9707],[-38.625,-8.9808],[-38.6446,-8.9769],[-38.6564,-8.9665],[-38.6939,-8.8743],[-38.697,-8.8541],[-38.7061,-8.8412],[-38.7653,-8.8163],[-38.7974,-8.7857],[-38.8268,-8.78],[-38.8553,-8.7685],[-38.8956,-8.7822],[-38.9433,-8.7905],[-38.9677,-8.7894],[-38.9865,-8.7597],[-39.0287,-8.7332],[-39.1122,-8.7086],[-39.1453,-8.7045],[-39.1632,-8.6859],[-39.2212,-8.6774],[-39.2374,-8.6415],[-39.2516,-8.6307],[-39.2724,-8.5767],[-39.288,-8.5606],[-39.3254,-8.5505],[-39.362,-8.529],[-39.4032,-8.5341],[-39.6054,-8.6418],[-39.6613,-8.6458],[-39.6907,-8.6586],[-39.6922,-8.6777],[-39.6777,-8.7443],[-39.6806,-8.77],[-39.69,-8.7824],[-39.7541,-8.7935],[-39.796,-8.8072],[-39.8629,-8.8119],[-39.883,-8.8179],[-39.8962,-8.8306],[-39.8935,-8.8714],[-39.8762,-8.9095],[-39.8811,-8.9336],[-39.8962,-8.9746],[-39.9537,-9.033],[-39.9685,-9.0429],[-40.011,-9.0503],[-40.0539,-9.0633],[-40.0921,-9.0914],[-40.1139,-9.1034],[-40.1569,-9.0975],[-40.1774,-9.0763],[-40.2115,-9.0633],[-40.2498,-9.0709],[-40.273,-9.104],[-40.3164,-9.2906],[-40.3282,-9.3166],[-40.3282,-9.3513],[-40.3428,-9.3671],[-40.3654,-9.3718],[-40.4067,-9.3575],[-40.4244,-9.3641],[-40.4501,-9.3955],[-40.4716,-9.4059],[-40.5129,-9.4104],[-40.5282,-9.4183],[-40.5398,-9.454],[-40.5536,-9.4641],[-40.6215,-9.4863],[-40.6435,-9.4857],[-40.6844,-9.4705],[-40.7074,-9.4531],[-40.7257,-9.4466],[-40.7583,-9.4531],[-40.7424,-9.4224],[-40.7078,-9.3807],[-40.6902,-9.3443],[-40.6912,-9.2952],[-40.7047,-9.245],[-40.705,-9.217],[-40.7242,-9.2057],[-40.7632,-9.2018],[-40.8222,-9.1637],[-40.8531,-9.1518],[-40.8574,-9.1308],[-40.8551,-9.0933],[-40.8624,-9.0739],[-40.893,-9.0362],[-40.8952,-9.0119],[-40.8912,-8.9812],[-40.8976,-8.9346],[-40.8891,-8.8569],[-40.9113,-8.8326],[-40.925,-8.8259],[-40.9429,-8.8372],[-40.9581,-8.8344],[-40.9808,-8.8162],[-40.9852,-8.7892],[-40.997,-8.7749],[-41.0161,-8.7753],[-41.0685,-8.7878],[-41.0898,-8.7849],[-41.1011,-8.7738],[-41.0989,-8.7386],[-41.1051,-8.7195],[-41.1218,-8.7129],[-41.1597,-8.7086],[-41.2159,-8.7142],[-41.2641,-8.7334],[-41.2969,-8.7381],[-41.3256,-8.7348],[-41.3708,-8.7119],[-41.3851,-8.7406],[-41.3989,-8.7829],[-41.4336,-8.8313],[-41.4692,-8.8651],[-41.4896,-8.9217],[-41.5,-8.9355],[-41.5293,-8.9508],[-41.5572,-8.9726],[-41.5776,-8.9721],[-41.6079,-8.9632],[-41.6696,-8.9786],[-41.7048,-8.9758],[-41.7349,-8.9816],[-41.7471,-9.0032],[-41.7375,-9.0527],[-41.7365,-9.1052],[-41.7327,-9.1333],[-41.7481,-9.1558],[-41.7963,-9.1744],[-41.8052,-9.1863],[-41.8251,-9.229],[-41.8501,-9.2526],[-41.862,-9.2552],[-41.8813,-9.2451],[-41.8928,-9.2222],[-41.9171,-9.2116],[-41.9457,-9.2216],[-41.9613,-9.2209],[-41.9934,-9.2093],[-42.0119,-9.2204],[-42.0426,-9.2078],[-42.064,-9.2213],[-42.0996,-9.2693],[-42.1157,-9.2808],[-42.1496,-9.2951],[-42.2647,-9.3177],[-42.3098,-9.3084],[-42.3374,-9.3246],[-42.3522,-9.3445],[-42.3677,-9.3778],[-42.4161,-9.397],[-42.4316,-9.409],[-42.461,-9.456],[-42.477,-9.4703],[-42.4877,-9.5],[-42.505,-9.4994],[-42.5751,-9.4856],[-42.5939,-9.501],[-42.6044,-9.5419],[-42.617,-9.5641],[-42.6469,-9.5572],[-42.6685,-9.5353],[-42.682,-9.5298],[-42.7528,-9.5218],[-42.8201,-9.5334],[-42.8394,-9.5484],[-42.8505,-9.5489],[-42.8993,-9.5254],[-42.9316,-9.5152],[-42.9399,-9.5043],[-42.9389,-9.486],[-42.9292,-9.4625],[-42.942,-9.4485],[-42.9851,-9.4338],[-43.0154,-9.4378],[-43.0274,-9.4344],[-43.0339,-9.4057],[-43.0442,-9.3948],[-43.0895,-9.3853],[-43.1135,-9.3743],[-43.1286,-9.3733],[-43.1666,-9.3883],[-43.1851,-9.4188],[-43.1967,-9.4193],[-43.2157,-9.4066],[-43.2641,-9.4092],[-43.2933,-9.4057],[-43.3114,-9.41],[-43.3367,-9.4299],[-43.3505,-9.4312],[-43.3796,-9.4126],[-43.4029,-9.3473],[-43.45,-9.304],[-43.4655,-9.3051],[-43.4929,-9.3279],[-43.5115,-9.3579],[-43.5363,-9.3606],[-43.6069,-9.3366],[-43.626,-9.341],[-43.6582,-9.3648],[-43.6718,-9.3932],[-43.6795,-9.4275],[-43.6958,-9.446],[-43.7132,-9.4463],[-43.7535,-9.4342],[-43.813,-9.4291],[-43.8301,-9.4477],[-43.8355,-9.48],[-43.83,-9.5005],[-43.7952,-9.5495],[-43.7818,-9.5639],[-43.7473,-9.663],[-43.7418,-9.7112],[-43.7338,-9.7373],[-43.7248,-9.7492],[-43.6968,-9.7699],[-43.6828,-9.8021],[-43.6791,-9.8451],[-43.6855,-9.8811],[-43.7089,-9.9303],[-43.7134,-9.9512],[-43.701,-9.9864],[-43.6985,-10.0054],[-43.7018,-10.0367],[-43.7154,-10.0653],[-43.7512,-10.105],[-43.7594,-10.1293],[-43.7598,-10.1672],[-43.7687,-10.1793],[-43.8027,-10.204],[-43.8128,-10.2391],[-43.8489,-10.2919],[-43.8599,-10.3157],[-43.8666,-10.346],[-43.8812,-10.3649],[-43.899,-10.3747],[-43.9072,-10.387],[-43.9146,-10.4305],[-43.9386,-10.4472],[-43.9832,-10.447],[-43.9918,-10.453],[-44.119,-10.589],[-44.1446,-10.6055],[-44.2173,-10.6296],[-44.242,-10.6267],[-44.3107,-10.6001],[-44.4065,-10.5894],[-44.4193,-10.5903],[-44.4639,-10.6146],[-44.4947,-10.6241],[-44.538,-10.6296],[-44.5555,-10.6397],[-44.5725,-10.6644],[-44.5888,-10.6757],[-44.6188,-10.687],[-44.6473,-10.7353],[-44.6662,-10.7448],[-44.6939,-10.7511],[-44.7341,-10.7666],[-44.7527,-10.7827],[-44.7837,-10.8568],[-44.8129,-10.8759],[-44.8528,-10.8777],[-44.9333,-10.8626],[-44.9808,-10.8693],[-45.0122,-10.8862],[-45.044,-10.8962],[-45.0667,-10.8936],[-45.1201,-10.8688],[-45.1426,-10.8622],[-45.2025,-10.8242],[-45.2478,-10.8125],[-45.2818,-10.7895],[-45.3153,-10.7816],[-45.3401,-10.7557],[-45.3789,-10.6875],[-45.4381,-10.6204],[-45.4584,-10.5747],[-45.4711,-10.4864],[-45.4827,-10.464],[-45.516,-10.4147],[-45.5809,-10.3482],[-45.6034,-10.3316],[-45.6356,-10.3291],[-45.7577,-10.3308],[-45.7789,-10.3399],[-45.7907,-10.3559],[-45.8014,-10.3831],[-45.8083,-10.4208],[-45.8196,-10.4364],[-45.858,-10.4682],[-45.9187,-10.4964],[-45.9557,-10.5219],[-46.0066,-10.5473],[-46.0386,-10.5716],[-46.0696,-10.5775],[-46.0888,-10.5857],[-46.1378,-10.6341],[-46.1893,-10.658],[-46.201,-10.6668],[-46.2397,-10.7103],[-46.3024,-10.7583],[-46.3103,-10.7847],[-46.3032,-10.7949],[-46.2742,-10.8084],[-46.2667,-10.8387],[-46.2343,-10.8823],[-46.2366,-10.9057],[-46.2495,-10.9156],[-46.3189,-10.9377],[-46.3461,-10.9518],[-46.3703,-10.9698],[-46.3842,-10.9909],[-46.4341,-11.0965],[-46.4637,-11.1793],[-46.476,-11.1943],[-46.5307,-11.2347],[-46.5577,-11.28],[-46.5707,-11.3161],[-46.5679,-11.3469],[-46.5526,-11.3773],[-46.5065,-11.4014],[-46.4914,-11.4143],[-46.4642,-11.4753],[-46.4417,-11.4951],[-46.4274,-11.4999],[-46.2791,-11.5192],[-46.1908,-11.5448],[-46.1136,-11.5806],[-46.0852,-11.601],[-46.0852,-11.622],[-46.0931,-11.6483],[-46.1048,-11.6661],[-46.1248,-11.6808],[-46.192,-11.7028],[-46.2446,-11.726],[-46.2669,-11.7452],[-46.2753,-11.7647],[-46.2694,-11.8201],[-46.2607,-11.8412],[-46.25,-11.8437],[-46.1938,-11.8319],[-46.1571,-11.8357],[-46.1368,-11.8436],[-46.1025,-11.8654],[-46.071,-11.9097],[-46.0768,-11.9281],[-46.1056,-11.9443],[-46.1359,-11.9694],[-46.1977,-11.99],[-46.2143,-12.0006],[-46.2494,-12.0496],[-46.2694,-12.0642],[-46.3242,-12.0921],[-46.3355,-12.1096],[-46.3391,-12.1302],[-46.3452,-12.342],[-46.3276,-12.3992],[-46.3171,-12.4236],[-46.3023,-12.4368],[-46.2646,-12.4555],[-46.2006,-12.47],[-46.1722,-12.4841],[-46.1596,-12.503],[-46.1555,-12.5878],[-46.1601,-12.6026],[-46.234,-12.7122],[-46.2451,-12.7468],[-46.2426,-12.779],[-46.2335,-12.7966],[-46.2067,-12.8326],[-46.0872,-12.9163],[-46.0705,-12.9342],[-46.0617,-12.9525],[-46.0722,-12.9757],[-46.1509,-13.0278],[-46.1616,-13.0472],[-46.1796,-13.1589],[-46.1806,-13.1926],[-46.1755,-13.216],[-46.1527,-13.2284],[-46.0832,-13.2516],[-46.0739,-13.2696],[-46.0755,-13.3093],[-46.0829,-13.334],[-46.0979,-13.3503],[-46.149,-13.3871],[-46.1866,-13.4048],[-46.1965,-13.4186],[-46.2141,-13.4651],[-46.2329,-13.5413],[-46.2525,-13.5918],[-46.2724,-13.6569],[-46.2751,-13.7502],[-46.2597,-13.8686],[-46.223,-13.9977],[-46.1702,-14.0729],[-46.1285,-14.1839],[-46.1184,-14.1963],[-46.0658,-14.2245],[-46.0379,-14.2518],[-46.0105,-14.2998],[-45.9614,-14.3282],[-45.9351,-14.3376],[-45.9205,-14.3508],[-45.9212,-14.3715],[-45.9362,-14.4177],[-45.9631,-14.4676],[-45.9662,-14.4888],[-45.9636,-14.5352],[-45.9557,-14.5612],[-45.9266,-14.6197],[-45.9125,-14.6914],[-45.915,-14.709],[-45.9315,-14.7472],[-45.9728,-14.7921],[-46.023,-14.8688],[-46.0079,-14.9121],[-46.0025,-14.947],[-45.9773,-14.9838],[-45.9777,-15.0048],[-45.9956,-15.0281],[-46.0126,-15.0677],[-46.0199,-15.1025],[-46.0381,-15.1473],[-46.0706,-15.1988],[-46.084,-15.2331],[-46.0734,-15.2472],[-46.0574,-15.2417],[-46.0314,-15.216],[-45.9691,-15.1884],[-45.9259,-15.127],[-45.9049,-15.1248],[-45.7645,-15.1461],[-45.7471,-15.1442],[-45.7146,-15.1247],[-45.6791,-15.0938],[-45.6686,-15.0799],[-45.6558,-15.0425],[-45.6251,-15.0236],[-45.6059,-15.0065],[-45.5944,-14.9855],[-45.5533,-14.9357],[-45.5297,-14.9341],[-45.4912,-14.9445],[-45.4619,-14.9399],[-45.4061,-14.9114],[-45.3516,-14.8662],[-45.3205,-14.8558],[-45.2904,-14.8201],[-45.2777,-14.7975],[-45.2413,-14.7661],[-45.2283,-14.744],[-45.21,-14.733],[-45.1767,-14.7317],[-45.1448,-14.7236],[-45.1276,-14.7261],[-45.1021,-14.719],[-44.8817,-14.5983],[-44.8592,-14.5786],[-44.8553,-14.5595],[-44.84,-14.5374],[-44.8363,-14.519],[-44.8065,-14.5053],[-44.7058,-14.4431],[-44.654,-14.3979],[-44.5628,-14.3455],[-44.4675,-14.315],[-44.4057,-14.2828],[-44.3606,-14.2732],[-44.3208,-14.2457],[-44.2962,-14.2522],[-44.2784,-14.2491],[-44.2379,-14.2562],[-44.2298,-14.2443],[-44.213,-14.2403],[-44.1954,-14.2556],[-44.1598,-14.2711],[-44.1486,-14.2692],[-44.1193,-14.2772],[-44.0902,-14.2709],[-44.0283,-14.2867],[-44.0068,-14.2743],[-43.9898,-14.2774],[-43.9542,-14.3023],[-43.9241,-14.3055],[-43.8934,-14.3026],[-43.8553,-14.3176],[-43.8377,-14.3158],[-43.7916,-14.3444],[-43.8238,-14.3944],[-43.838,-14.4256],[-43.8481,-14.4683],[-43.8673,-14.4998],[-43.8828,-14.5617],[-43.8688,-14.5926],[-43.8644,-14.6218],[-43.8692,-14.6375],[-43.8665,-14.6596],[-43.8487,-14.682],[-43.8255,-14.6936],[-43.7376,-14.7107],[-43.7178,-14.7225],[-43.7064,-14.7364],[-43.4924,-14.7886],[-43.448,-14.7785],[-43.4035,-14.7323],[-43.3989,-14.7161],[-43.3858,-14.7012],[-43.2815,-14.653],[-43.2283,-14.6372],[-43.1774,-14.633],[-43.1596,-14.6349],[-43.1089,-14.6538],[-43.0645,-14.662],[-43.0345,-14.6621],[-42.9912,-14.679],[-42.953,-14.6795],[-42.9376,-14.6891],[-42.9123,-14.7152],[-42.8909,-14.7495],[-42.8127,-14.8044],[-42.795,-14.8216],[-42.749,-14.8558],[-42.7374,-14.8679],[-42.6885,-14.8981],[-42.6674,-14.92],[-42.6308,-14.9391],[-42.5804,-14.9312],[-42.5559,-14.9477],[-42.5215,-14.9602],[-42.4941,-14.9787],[-42.4751,-15.0001],[-42.4296,-15.0325],[-42.3064,-15.0863],[-42.2601,-15.1078],[-42.1981,-15.1189],[-42.177,-15.1059],[-42.1656,-15.1084],[-42.1522,-15.1257],[-42.1196,-15.1464],[-42.0873,-15.1818],[-42.0497,-15.1729],[-41.9855,-15.1666],[-41.9528,-15.1732],[-41.9383,-15.171],[-41.8861,-15.1468],[-41.8553,-15.1223],[-41.8258,-15.1195],[-41.8014,-15.1096],[-41.4999,-15.3688],[-41.3606,-15.4952],[-41.331,-15.7168],[-41.3225,-15.742],[-41.2944,-15.7374],[-41.248,-15.7501],[-41.201,-15.7571],[-41.1576,-15.7811],[-41.14,-15.7786],[-41.0941,-15.7532],[-41.0546,-15.7444],[-41.0299,-15.7345],[-40.9795,-15.6875],[-40.9449,-15.6735],[-40.9274,-15.6775],[-40.8921,-15.6965],[-40.8727,-15.6958],[-40.8308,-15.6823],[-40.8131,-15.6872],[-40.7852,-15.706],[-40.7618,-15.738],[-40.7501,-15.7425],[-40.7255,-15.7376],[-40.6973,-15.7235],[-40.6694,-15.7166],[-40.6342,-15.725],[-40.5743,-15.7581],[-40.5543,-15.7929],[-40.5355,-15.7977],[-40.516,-15.7871],[-40.4748,-15.7742],[-40.4638,-15.777],[-40.3847,-15.8111],[-40.3308,-15.8245],[-40.2881,-15.8192],[-40.2369,-15.8182],[-40.213,-15.8276],[-40.2081,-15.8586],[-40.1815,-15.869],[-40.1702,-15.8967],[-40.131,-15.8925],[-40.1027,-15.9069],[-40.0731,-15.9278],[-40.0539,-15.9465],[-40.0437,-15.9703],[-40.0047,-15.9938],[-39.9853,-15.9971],[-39.9578,-15.9943],[-39.935,-16.0011],[-39.9215,-16.0279],[-39.8905,-16.0599],[-39.8656,-16.111],[-39.8646,-16.1466],[-39.8836,-16.1549],[-39.8945,-16.1704],[-39.9142,-16.2173],[-39.9169,-16.2594],[-39.9296,-16.2961],[-39.9406,-16.3132],[-39.9857,-16.3531],[-40.0572,-16.395],[-40.1333,-16.5022],[-40.1395,-16.5171],[-40.1374,-16.5443],[-40.149,-16.5508],[-40.1961,-16.5446],[-40.2526,-16.5654],[-40.2614,-16.5734],[-40.273,-16.6136],[-40.2697,-16.6444],[-40.2717,-16.6839],[-40.2827,-16.7431],[-40.2783,-16.7647],[-40.2608,-16.7822],[-40.2469,-16.8101],[-40.2434,-16.8332],[-40.2536,-16.846],[-40.2827,-16.864],[-40.2954,-16.8792],[-40.3314,-16.8839],[-40.4081,-16.8845],[-40.4424,-16.8787],[-40.4708,-16.8691],[-40.4829,-16.8743],[-40.4933,-16.8921],[-40.5146,-16.9129],[-40.5252,-16.9305],[-40.5511,-17.0597],[-40.5678,-17.0993],[-40.5741,-17.1345],[-40.562,-17.1775],[-40.5643,-17.2154],[-40.5632,-17.2618],[-40.5941,-17.2875],[-40.6034,-17.3134],[-40.6096,-17.3917],[-40.6023,-17.4045],[-40.5767,-17.409],[-40.5631,-17.3803],[-40.5526,-17.3698],[-40.5266,-17.3616],[-40.517,-17.3643],[-40.5172,-17.3844],[-40.5373,-17.4135],[-40.5272,-17.4311],[-40.4976,-17.4188],[-40.4819,-17.4428],[-40.4794,-17.4655],[-40.4939,-17.5004],[-40.4958,-17.5256],[-40.4913,-17.5487],[-40.4824,-17.5583],[-40.4627,-17.561],[-40.4381,-17.5563],[-40.4124,-17.5586],[-40.3946,-17.5817],[-40.3816,-17.6244],[-40.3674,-17.6374],[-40.3263,-17.6617],[-40.3066,-17.6838],[-40.2987,-17.7041],[-40.2837,-17.7166],[-40.2434,-17.7347],[-40.207,-17.7658],[-40.1938,-17.791],[-40.1853,-17.8179],[-40.187,-17.8374],[-40.201,-17.8751],[-40.2229,-17.9026],[-40.2293,-17.9174],[-40.2266,-17.9355],[-40.2068,-17.9785],[-40.1845,-18.0093],[-39.6726,-18.3232],[-39.6594,-18.2736],[-39.625,-18.1926],[-39.4991,-18.0056],[-39.4502,-17.948],[-39.4178,-17.921],[-39.3824,-17.9033],[-39.3142,-17.8903],[-39.2751,-17.8669],[-39.2682,-17.8365],[-39.2589,-17.8207],[-39.1496,-17.7107],[-39.1371,-17.6796],[-39.147,-17.6572],[-39.1667,-17.634],[-39.1837,-17.6008],[-39.1884,-17.5784],[-39.1863,-17.4521],[-39.19,-17.4303],[-39.2091,-17.3821],[-39.2174,-17.2951],[-39.2086,-17.1622],[-39.1837,-17.1149],[-39.1688,-17.0759],[-39.1496,-16.9505],[-39.1236,-16.8979],[-39.1217,-16.8785],[-39.136,-16.8447],[-39.136,-16.8002],[-39.0923,-16.6578],[-39.0603,-16.4781],[-39.0506,-16.4567],[-39.0541,-16.4365],[-39.0184,-16.3831],[-39.0069,-16.3593],[-39.0077,-16.2992],[-38.998,-16.2529],[-38.9573,-16.1833],[-38.9527,-16.1671],[-38.9479,-16.0815],[-38.9442,-16.0666],[-38.9242,-16.0236],[-38.9237,-16.0051],[-38.8988,-15.94],[-38.8905,-15.9044],[-38.867,-15.8697],[-38.8644,-15.8434],[-38.8827,-15.8127],[-38.8886,-15.7829],[-38.9049,-15.7575],[-38.9239,-15.7156],[-38.9433,-15.5654],[-38.9733,-15.4094],[-38.9796,-15.3237],[-39.0018,-15.232],[-39.0089,-14.9709],[-39.0229,-14.9003],[-39.0261,-14.8572],[-39.0227,-14.8159],[-39.0482,-14.8186],[-39.053,-14.8014],[-39.0336,-14.7922],[-39.0509,-14.7658],[-39.0671,-14.675],[-39.0656,-14.6549],[-39.0514,-14.592],[-39.0336,-14.5392],[-39.0261,-14.4633],[-39.0057,-14.415],[-39.0069,-14.3703],[-38.9988,-14.3603],[-39.005,-14.3469],[-38.9852,-14.3126],[-38.992,-14.2678],[-38.9892,-14.2123],[-38.9709,-14.1816],[-38.9647,-14.1337],[-38.9467,-14.1023],[-38.9237,-14.0041],[-38.9291,-13.9832],[-38.9299,-13.8976],[-38.9489,-13.8903],[-38.9746,-13.9045],[-38.99,-13.9308],[-38.9875,-13.9399],[-38.9709,-13.9358],[-38.9783,-13.9494],[-38.9581,-13.956],[-38.953,-13.977],[-38.9714,-13.9863],[-38.9647,-13.9972],[-38.9723,-14.0266],[-38.9597,-14.0362],[-38.9573,-14.0661],[-39.0028,-14.0895],[-39.0432,-14.0997],[-39.0634,-14.11],[-39.057,-14.1336],[-39.0336,-14.1754],[-39.0456,-14.1614],[-39.0745,-14.1406],[-39.0729,-14.1152],[-39.0603,-14.0997],[-39.0729,-14.0859],[-39.0541,-14.0593],[-39.0399,-14.0751],[-39.0279,-14.0783],[-38.9808,-14.0695],[-38.9828,-14.0507],[-38.9957,-14.0292],[-38.992,-13.9972],[-39.0074,-13.9697],[-39.0216,-13.9557],[-39.0637,-13.9358],[-39.0745,-13.8942],[-39.0671,-13.8674],[-39.0349,-13.8797],[-39.0088,-13.8805],[-38.9945,-13.8635],[-38.9977,-13.8517],[-39.0321,-13.8406],[-39.0432,-13.8263],[-39.0603,-13.7918],[-39.0716,-13.7796],[-39.1155,-13.7576],[-39.11,-13.7317],[-39.1155,-13.7236],[-39.144,-13.7443],[-39.1488,-13.7369],[-39.1326,-13.7092],[-39.0916,-13.7127],[-39.087,-13.7411],[-39.0745,-13.7433],[-39.0466,-13.7713],[-39.0373,-13.8054],[-39.0112,-13.8325],[-38.9886,-13.8395],[-38.98,-13.8359],[-38.992,-13.8123],[-38.9942,-13.7946],[-38.992,-13.7331],[-38.9866,-13.7102],[-38.9678,-13.674],[-38.9709,-13.6477],[-39.0019,-13.5881],[-39.0057,-13.5618],[-38.993,-13.5411],[-39.0118,-13.497],[-39.0377,-13.4846],[-39.0597,-13.4948],[-39.075,-13.5173],[-39.0808,-13.5411],[-39.0774,-13.59],[-39.0867,-13.6039],[-39.1155,-13.6061],[-39.1155,-13.5994],[-39.0914,-13.5937],[-39.0842,-13.5788],[-39.0882,-13.5343],[-39.086,-13.5141],[-39.071,-13.4801],[-39.0603,-13.4703],[-39.0682,-13.4406],[-39.0625,-13.4],[-39.0398,-13.3325],[-39.0398,-13.3666],[-39.0096,-13.3603],[-38.9896,-13.3639],[-38.9647,-13.3803],[-38.9546,-13.3725],[-38.9569,-13.3566],[-38.9709,-13.3256],[-38.9635,-13.3058],[-38.9575,-13.2648],[-38.9476,-13.2468],[-38.9318,-13.233],[-38.8754,-13.1954],[-38.8418,-13.1612],[-38.8107,-13.1535],[-38.807,-13.1438],[-38.8754,-13.1264],[-38.8958,-13.1065],[-38.895,-13.081],[-38.8893,-13.0698],[-38.8571,-13.0606],[-38.8351,-13.0501],[-38.8009,-13.024],[-38.7869,-13.0081],[-38.7521,-12.9573],[-38.7508,-12.9128],[-38.7363,-12.8827],[-38.7245,-12.8732],[-38.7523,-12.8644],[-38.7837,-12.873],[-38.7971,-12.8493],[-38.8275,-12.867],[-38.8617,-12.8459],[-38.867,-12.8346],[-38.8685,-12.8049],[-38.8754,-12.7945],[-38.8958,-12.7844],[-38.9237,-12.7366],[-38.9105,-12.7311],[-38.8958,-12.695],[-38.8634,-12.6699],[-38.8617,-12.6541],[-38.848,-12.6745],[-38.8812,-12.7053],[-38.8827,-12.7221],[-38.864,-12.7951],[-38.8558,-12.8168],[-38.8245,-12.8381],[-38.8066,-12.8351],[-38.7772,-12.8076],[-38.7381,-12.7366],[-38.751,-12.7128],[-38.7381,-12.6876],[-38.7263,-12.6789],[-38.7221,-12.6225],[-38.6971,-12.5715],[-38.691,-12.5715],[-38.6946,-12.614],[-38.6835,-12.6267],[-38.6486,-12.6384],[-38.6376,-12.6808],[-38.6262,-12.7024],[-38.6059,-12.7136],[-38.5743,-12.7018],[-38.5424,-12.7216],[-38.5089,-12.7229],[-38.4991,-12.7912],[-38.5041,-12.8041],[-38.4757,-12.8517],[-38.4912,-12.882],[-38.4791,-12.9159],[-38.4774,-12.9352],[-38.4862,-12.9159],[-38.5079,-12.9318],[-38.5184,-12.9669],[-38.5383,-13.004],[-38.5327,-13.0165],[-38.5097,-13.0214],[-38.437,-12.9924],[-38.4061,-12.9688],[-38.3719,-12.9653],[-38.34,-12.9503],[-38.3204,-12.9352],[-38.2914,-12.895],[-38.2132,-12.82],[-38.1455,-12.735],[-38.074,-12.6539],[-38.0509,-12.641],[-37.9985,-12.5622],[-37.9334,-12.4754],[-37.8712,-12.3823],[-37.7867,-12.2646],[-37.7176,-12.1364],[-37.6547,-12.0497],[-37.6317,-11.9953],[-37.6042,-11.95],[-37.5458,-11.8044],[-37.5134,-11.7607],[-37.5092,-11.7238],[-37.4347,-11.5693],[-37.3682,-11.4738],[-37.3608,-11.4548],[-37.3768,-11.4602],[-37.4154,-11.5032],[-37.4538,-11.5177],[-37.4828,-11.5183]]],[[[-38.9442,-13.3946],[-38.9656,-13.3979],[-39.0155,-13.3871],[-39.0326,-13.3925],[-39.0419,-13.4059],[-39.0426,-13.4239],[-39.0336,-13.4423],[-39.0459,-13.4582],[-39.0268,-13.4723],[-38.9783,-13.4902],[-38.9678,-13.4983],[-38.9783,-13.5173],[-38.9855,-13.5734],[-38.9791,-13.5997],[-38.9575,-13.6323],[-38.9495,-13.658],[-38.9203,-13.6555],[-38.9187,-13.667],[-38.902,-13.6718],[-38.8933,-13.6393],[-38.9067,-13.6214],[-38.905,-13.5999],[-38.932,-13.5683],[-38.9344,-13.5562],[-38.9238,-13.5231],[-38.9095,-13.4952],[-38.9163,-13.484],[-38.8994,-13.4714],[-38.8964,-13.4535],[-38.9062,-13.3888],[-38.9156,-13.3835],[-38.9442,-13.3946]]],[[[-38.6146,-12.925],[-38.6223,-12.9054],[-38.6408,-12.8928],[-38.6835,-12.8732],[-38.6971,-12.8805],[-38.6706,-12.925],[-38.6833,-12.95],[-38.6693,-12.9618],[-38.7319,-13.0178],[-38.7593,-13.037],[-38.7849,-13.0497],[-38.7934,-13.0751],[-38.7865,-13.1339],[-38.7524,-13.1127],[-38.7374,-13.0899],[-38.7185,-13.0728],[-38.6767,-13.0445],[-38.625,-13.0016],[-38.5875,-12.9869],[-38.5929,-12.9646],[-38.6146,-12.925]]]]},"properties":{"name":"Bahia","name_en":"Bahia","name_ja":"バイーア州","name_zh":"巴伊亚","name_ko":"바이아","adm0_a3":"BRA","postal":"BA","iso_3166_2":"BR-BA","type_en":"State","geonunit":"Brazil"}},
{"type":"Feature","geometry":{"type":"MultiPolygon","coordinates":[[[[-39.6726,-18.3232],[-40.1845,-18.0093],[-40.2068,-17.9785],[-40.245,-17.9605],[-40.2655,-17.9452],[-40.3029,-17.9442],[-40.3361,-17.921],[-40.3539,-17.921],[-40.3721,-17.9112],[-40.4272,-17.8939],[-40.4366,-17.8755],[-40.4465,-17.8764],[-40.4533,-17.8976],[-40.4507,-17.9206],[-40.4582,-17.9284],[-40.4777,-17.9286],[-40.5092,-17.904],[-40.5323,-17.9001],[-40.5938,-17.9185],[-40.6387,-17.9459],[-40.6662,-17.9565],[-40.7262,-17.9442],[-40.7866,-17.9724],[-40.8082,-17.9694],[-40.8262,-17.9591],[-40.8674,-17.9666],[-40.8802,-17.9654],[-40.9108,-17.9487],[-40.9111,-17.9718],[-40.7772,-18.0936],[-40.7695,-18.1076],[-40.7672,-18.1391],[-40.7844,-18.1533],[-40.8386,-18.15],[-40.8747,-18.1288],[-40.8927,-18.1114],[-40.9126,-18.1028],[-40.9322,-18.106],[-40.949,-18.1171],[-41.0154,-18.1752],[-41.0589,-18.1788],[-41.0771,-18.203],[-41.1132,-18.2667],[-41.1388,-18.2836],[-41.143,-18.2969],[-41.1294,-18.3352],[-41.1305,-18.351],[-41.1485,-18.389],[-41.1196,-18.3848],[-41.0894,-18.3558],[-41.0661,-18.3752],[-41.0417,-18.387],[-41.023,-18.4039],[-41.0049,-18.4349],[-41.0024,-18.4527],[-41.0096,-18.5404],[-41.0214,-18.5892],[-41.0287,-18.6382],[-41.0259,-18.6556],[-41.0034,-18.6671],[-40.9522,-18.6687],[-40.9374,-18.6757],[-40.9269,-18.6934],[-40.9167,-18.7596],[-40.9198,-18.7874],[-40.9319,-18.8074],[-40.9591,-18.8227],[-40.9821,-18.8261],[-41.0908,-18.8294],[-41.107,-18.8112],[-41.1232,-18.8061],[-41.1964,-18.8085],[-41.2167,-18.815],[-41.233,-18.8291],[-41.236,-18.8532],[-41.2206,-18.8614],[-41.2035,-18.8899],[-41.1651,-18.9074],[-41.1294,-18.888],[-41.1046,-18.8888],[-41.0774,-18.9186],[-41.0569,-18.9272],[-41.0566,-18.9512],[-41.0481,-18.964],[-41.0297,-18.969],[-41.0265,-18.9812],[-41.0508,-19.0343],[-41.0468,-19.0544],[-41.0176,-19.0637],[-40.9659,-19.112],[-40.9431,-19.1457],[-40.9357,-19.1729],[-40.9334,-19.2076],[-40.9413,-19.2576],[-40.9259,-19.2957],[-40.9346,-19.3667],[-40.9564,-19.4155],[-40.9605,-19.4381],[-40.9597,-19.4713],[-40.9822,-19.4963],[-40.9974,-19.5033],[-41.0166,-19.4997],[-41.0352,-19.4889],[-41.0455,-19.4912],[-41.0466,-19.5153],[-41.0296,-19.5471],[-41.037,-19.5627],[-41.0659,-19.5938],[-41.0917,-19.6032],[-41.1127,-19.6309],[-41.1464,-19.6493],[-41.1568,-19.6605],[-41.1648,-19.687],[-41.1808,-19.7863],[-41.1771,-19.8093],[-41.1853,-19.8651],[-41.1926,-19.876],[-41.215,-19.8898],[-41.2341,-19.9119],[-41.2737,-19.9187],[-41.305,-19.9536],[-41.3112,-20.009],[-41.3341,-20.0756],[-41.3433,-20.1311],[-41.3662,-20.1868],[-41.3939,-20.2007],[-41.4055,-20.2129],[-41.7159,-20.2077],[-41.7286,-20.2093],[-41.7555,-20.2352],[-41.7709,-20.2784],[-41.7828,-20.2942],[-41.8334,-20.3228],[-41.8502,-20.3419],[-41.8546,-20.3678],[-41.8399,-20.4012],[-41.8299,-20.4118],[-41.7963,-20.4269],[-41.8078,-20.4733],[-41.8074,-20.4994],[-41.7975,-20.5364],[-41.8204,-20.5563],[-41.834,-20.5963],[-41.8522,-20.623],[-41.8426,-20.6354],[-41.829,-20.6275],[-41.813,-20.6292],[-41.8115,-20.6473],[-41.8412,-20.6877],[-41.8611,-20.7325],[-41.8819,-20.7569],[-41.8791,-20.7693],[-41.8644,-20.7769],[-41.8109,-20.7975],[-41.7568,-20.8113],[-41.7417,-20.8218],[-41.7417,-20.85],[-41.736,-20.8631],[-41.7208,-20.8699],[-41.7271,-20.9397],[-41.7129,-20.9761],[-41.7218,-21.0301],[-41.7286,-21.0443],[-41.7254,-21.0842],[-41.7127,-21.0967],[-41.7114,-21.1112],[-41.6971,-21.1071],[-41.6731,-21.113],[-41.6455,-21.1324],[-41.6204,-21.1388],[-41.5663,-21.166],[-41.52,-21.1757],[-41.4987,-21.1705],[-41.4382,-21.2013],[-41.4204,-21.2022],[-41.3895,-21.1875],[-41.3619,-21.1911],[-41.3113,-21.2036],[-41.2978,-21.2187],[-41.2647,-21.2319],[-41.1748,-21.2296],[-41.1027,-21.2147],[-41.0679,-21.2141],[-41.0411,-21.2296],[-40.9947,-21.244],[-40.9651,-21.274],[-40.9518,-21.2381],[-40.9223,-21.1905],[-40.8465,-21.0945],[-40.8307,-21.0492],[-40.8146,-21.0366],[-40.8074,-20.9979],[-40.8085,-20.9627],[-40.8011,-20.931],[-40.7609,-20.8823],[-40.7585,-20.8642],[-40.7317,-20.8438],[-40.7014,-20.836],[-40.6625,-20.8126],[-40.6416,-20.8082],[-40.6284,-20.8392],[-40.6196,-20.8339],[-40.6094,-20.8073],[-40.5834,-20.802],[-40.5652,-20.753],[-40.5245,-20.7158],[-40.4836,-20.6482],[-40.4513,-20.6169],[-40.4332,-20.6287],[-40.4183,-20.6153],[-40.3966,-20.569],[-40.3487,-20.5001],[-40.3365,-20.4557],[-40.3127,-20.4172],[-40.3025,-20.3709],[-40.2906,-20.3507],[-40.2595,-20.3215],[-40.2825,-20.3142],[-40.3006,-20.3194],[-40.3254,-20.3375],[-40.3239,-20.3248],[-40.366,-20.3232],[-40.3705,-20.301],[-40.3619,-20.281],[-40.3761,-20.2668],[-40.3566,-20.2664],[-40.3509,-20.2565],[-40.3693,-20.2327],[-40.336,-20.2276],[-40.3004,-20.2327],[-40.2932,-20.245],[-40.2981,-20.2737],[-40.2867,-20.281],[-40.2662,-20.2605],[-40.2444,-20.2775],[-40.2228,-20.2516],[-40.2025,-20.2077],[-40.191,-20.1899],[-40.1754,-20.1253],[-40.1659,-20.1059],[-40.1661,-20.0865],[-40.1754,-20.0673],[-40.1786,-20.0434],[-40.1465,-20.023],[-40.132,-19.9719],[-40.1344,-19.9589],[-40.1571,-19.9589],[-40.1417,-19.9456],[-40.0974,-19.9306],[-40.0836,-19.8954],[-40.0268,-19.7644],[-40.0094,-19.747],[-39.951,-19.7052],[-39.8349,-19.6572],[-39.807,-19.6362],[-39.7862,-19.602],[-39.7098,-19.4161],[-39.7014,-19.3762],[-39.6981,-19.2399],[-39.7192,-19.0905],[-39.7411,-18.9021],[-39.7449,-18.6817],[-39.7247,-18.5187],[-39.6726,-18.3232]]],[[[-29.3382,-20.5842],[-29.3169,-20.5688],[-29.332,-20.5533],[-29.3483,-20.5613],[-29.3382,-20.5842]]]]},"properties":{"name":"Espírito Santo","name_en":"Espírito Santo","name_ja":"エスピリトサント州","name_zh":"聖埃斯皮里圖州","name_ko":"이스피리투산투","adm0_a3":"BRA","postal":"ES","iso_3166_2":"BR-ES","type_en":"State","geonunit":"Brazil"}},
{"type":"Feature","geometry":{"type":"MultiPolygon","coordinates":[[[[-40.9651,-21.274],[-40.9947,-21.244],[-41.0411,-21.2296],[-41.0679,-21.2141],[-41.1027,-21.2147],[-41.1748,-21.2296],[-41.2647,-21.2319],[-41.2978,-21.2187],[-41.3113,-21.2036],[-41.3619,-21.1911],[-41.3895,-21.1875],[-41.4204,-21.2022],[-41.4382,-21.2013],[-41.4987,-21.1705],[-41.52,-21.1757],[-41.5663,-21.166],[-41.6204,-21.1388],[-41.6455,-21.1324],[-41.6731,-21.113],[-41.6971,-21.1071],[-41.7114,-21.1112],[-41.7127,-21.0967],[-41.7254,-21.0842],[-41.7286,-21.0443],[-41.7218,-21.0301],[-41.7129,-20.9761],[-41.7271,-20.9397],[-41.7208,-20.8699],[-41.736,-20.8631],[-41.7417,-20.85],[-41.7417,-20.8218],[-41.7568,-20.8113],[-41.8109,-20.7975],[-41.8644,-20.7769],[-41.8853,-20.7977],[-41.9203,-20.8045],[-41.9261,-20.839],[-41.9447,-20.8713],[-41.9617,-20.9085],[-41.9753,-20.923],[-42.0004,-20.9322],[-42.0294,-20.9201],[-42.0576,-20.9274],[-42.0846,-20.9198],[-42.0961,-20.9225],[-42.1145,-20.942],[-42.1338,-20.9516],[-42.14,-20.9633],[-42.1365,-20.985],[-42.1285,-20.9934],[-42.0953,-21.0012],[-42.1033,-21.0275],[-42.1217,-21.0659],[-42.1449,-21.0973],[-42.1811,-21.1631],[-42.1785,-21.195],[-42.1815,-21.2146],[-42.2071,-21.2633],[-42.2135,-21.2846],[-42.2208,-21.3371],[-42.2769,-21.3744],[-42.2954,-21.4061],[-42.2953,-21.4555],[-42.301,-21.4866],[-42.3469,-21.5557],[-42.3666,-21.5937],[-42.3692,-21.6338],[-42.3312,-21.6425],[-42.3068,-21.6389],[-42.2837,-21.6435],[-42.2631,-21.6723],[-42.2648,-21.6874],[-42.2803,-21.7136],[-42.3118,-21.7354],[-42.334,-21.741],[-42.3634,-21.7335],[-42.4034,-21.7636],[-42.4581,-21.7764],[-42.5552,-21.8297],[-42.6797,-21.8711],[-42.7537,-21.9101],[-42.8871,-21.9598],[-42.9354,-21.9976],[-42.9515,-22.0059],[-43.0145,-22.0146],[-43.0375,-22.0255],[-43.0592,-22.073],[-43.0911,-22.0688],[-43.114,-22.0763],[-43.1266,-22.0931],[-43.1381,-22.0965],[-43.1468,-22.0723],[-43.1327,-22.0505],[-43.1313,-22.0278],[-43.1667,-22.021],[-43.2197,-22.0228],[-43.2475,-22.0085],[-43.3071,-22.0076],[-43.3431,-22.0015],[-43.3686,-22.0095],[-43.4623,-22.0561],[-43.5112,-22.0571],[-43.5447,-22.0665],[-43.5646,-22.0656],[-43.5833,-22.0479],[-43.6133,-22.0598],[-43.6477,-22.0553],[-43.665,-22.0703],[-43.7017,-22.0638],[-43.7309,-22.0745],[-43.7584,-22.0717],[-43.7725,-22.057],[-43.8138,-22.0641],[-43.8679,-22.0858],[-43.8944,-22.105],[-43.9455,-22.1191],[-44.0644,-22.1646],[-44.0935,-22.1722],[-44.1244,-22.2034],[-44.2173,-22.2498],[-44.2403,-22.2582],[-44.2576,-22.2567],[-44.2921,-22.2404],[-44.4021,-22.2543],[-44.4433,-22.2552],[-44.5327,-22.3045],[-44.5701,-22.313],[-44.6006,-22.3141],[-44.6296,-22.3334],[-44.652,-22.3645],[-44.663,-22.3682],[-44.7072,-22.3586],[-44.7315,-22.3584],[-44.775,-22.3725],[-44.8313,-22.4061],[-44.804,-22.4103],[-44.7717,-22.4232],[-44.7433,-22.4504],[-44.7173,-22.4974],[-44.6921,-22.5217],[-44.6653,-22.5531],[-44.6479,-22.5605],[-44.6371,-22.5994],[-44.5901,-22.6148],[-44.561,-22.6085],[-44.5404,-22.6212],[-44.5091,-22.6223],[-44.4836,-22.6122],[-44.4435,-22.6119],[-44.4274,-22.6004],[-44.3976,-22.5994],[-44.3664,-22.5855],[-44.3496,-22.5997],[-44.2857,-22.5925],[-44.239,-22.5969],[-44.2155,-22.5906],[-44.1865,-22.6317],[-44.1663,-22.6671],[-44.1658,-22.6976],[-44.1809,-22.7064],[-44.2034,-22.7096],[-44.2218,-22.7212],[-44.2484,-22.7468],[-44.2476,-22.7826],[-44.2624,-22.8102],[-44.2736,-22.8203],[-44.3063,-22.8295],[-44.3591,-22.8576],[-44.3769,-22.8605],[-44.3982,-22.8536],[-44.4459,-22.8696],[-44.4618,-22.8504],[-44.4736,-22.8496],[-44.5271,-22.8795],[-44.5464,-22.8827],[-44.5616,-22.8755],[-44.5856,-22.8772],[-44.6113,-22.8885],[-44.6467,-22.912],[-44.6763,-22.9248],[-44.7088,-22.9282],[-44.7259,-22.9369],[-44.7514,-22.9694],[-44.7953,-22.9881],[-44.7935,-23.022],[-44.8051,-23.0762],[-44.8018,-23.1196],[-44.805,-23.1371],[-44.8218,-23.1633],[-44.8458,-23.1771],[-44.8622,-23.2052],[-44.8656,-23.2229],[-44.8595,-23.2371],[-44.8325,-23.2707],[-44.8169,-23.2956],[-44.7864,-23.2942],[-44.7679,-23.3239],[-44.7276,-23.3521],[-44.7043,-23.3425],[-44.6744,-23.3381],[-44.6164,-23.3425],[-44.5838,-23.3532],[-44.5633,-23.3373],[-44.5414,-23.3032],[-44.5238,-23.2907],[-44.5012,-23.2965],[-44.5106,-23.2734],[-44.5583,-23.2634],[-44.5763,-23.2486],[-44.5565,-23.2275],[-44.6006,-23.2343],[-44.6282,-23.2582],[-44.647,-23.2828],[-44.6488,-23.2621],[-44.6247,-23.235],[-44.64,-23.2278],[-44.656,-23.2304],[-44.68,-23.2486],[-44.6732,-23.2296],[-44.6268,-23.1952],[-44.6453,-23.1866],[-44.6893,-23.211],[-44.708,-23.2146],[-44.7141,-23.1866],[-44.7025,-23.1446],[-44.6932,-23.1274],[-44.7005,-23.1077],[-44.6732,-23.0593],[-44.6551,-23.0431],[-44.6304,-23.0351],[-44.598,-23.0357],[-44.6042,-23.0556],[-44.534,-23.0253],[-44.4866,-23.0182],[-44.4574,-23.0095],[-44.4357,-22.9968],[-44.4398,-22.9817],[-44.4232,-22.9479],[-44.4114,-22.9374],[-44.3988,-22.947],[-44.3845,-22.9395],[-44.3715,-22.9612],[-44.3516,-22.9353],[-44.3578,-22.9196],[-44.3359,-22.9194],[-44.3169,-22.9264],[-44.329,-22.9348],[-44.3169,-22.947],[-44.3118,-22.9701],[-44.3415,-22.9775],[-44.3545,-22.9864],[-44.3527,-22.9993],[-44.3299,-23.0152],[-44.3026,-22.9953],[-44.2987,-23.0129],[-44.2716,-22.9953],[-44.2418,-22.9999],[-44.243,-23.0426],[-44.2201,-23.0494],[-44.1969,-23.0336],[-44.191,-23.0488],[-44.1518,-23.0289],[-44.1279,-23.0289],[-44.1151,-23.0224],[-44.0797,-22.9872],[-44.0562,-22.9395],[-44.0392,-22.9441],[-44.0494,-22.9743],[-44.0308,-22.9714],[-44.0124,-22.9457],[-43.9664,-22.9234],[-43.902,-22.9122],[-43.8502,-22.8923],[-43.8644,-22.9059],[-43.8441,-22.9106],[-43.809,-22.9098],[-43.803,-22.9299],[-43.7489,-22.9343],[-43.734,-22.9395],[-43.7067,-22.9743],[-43.672,-22.978],[-43.6461,-22.9986],[-43.6037,-23.0077],[-43.6255,-23.024],[-43.6693,-23.0372],[-43.7511,-23.0494],[-43.832,-23.0476],[-43.869,-23.0396],[-43.8917,-23.0214],[-43.9005,-23.0501],[-43.9163,-23.0564],[-43.9501,-23.0426],[-43.9871,-23.0417],[-44.0015,-23.0492],[-44.0084,-23.0698],[-44.0037,-23.0911],[-43.9888,-23.0974],[-43.969,-23.0927],[-43.9347,-23.0727],[-43.8719,-23.0698],[-43.6208,-23.0426],[-43.5801,-23.0494],[-43.5604,-23.0675],[-43.5422,-23.0494],[-43.496,-23.031],[-43.4476,-23.0182],[-43.2201,-22.9953],[-43.1708,-22.9698],[-43.1522,-22.9511],[-43.1512,-22.9333],[-43.1625,-22.9397],[-43.1621,-22.8957],[-43.2133,-22.8644],[-43.1996,-22.857],[-43.2154,-22.8469],[-43.2201,-22.8297],[-43.2406,-22.8439],[-43.2711,-22.789],[-43.2754,-22.7682],[-43.2702,-22.747],[-43.2556,-22.7371],[-43.2167,-22.7341],[-43.1761,-22.7078],[-43.1413,-22.6936],[-43.1149,-22.6977],[-43.0948,-22.6873],[-43.0756,-22.6657],[-43.0658,-22.6716],[-43.0284,-22.6725],[-43.0212,-22.7042],[-43.0251,-22.7355],[-43.0563,-22.7551],[-43.0611,-22.7739],[-43.0345,-22.7756],[-43.0812,-22.8141],[-43.1017,-22.8365],[-43.1103,-22.8606],[-43.1295,-22.8941],[-43.0994,-22.9016],[-43.0919,-22.9171],[-43.1034,-22.9264],[-43.1308,-22.9196],[-43.0898,-22.9538],[-43.074,-22.9449],[-43.0565,-22.9533],[-43.0314,-22.9743],[-42.9322,-22.9721],[-42.8627,-22.9772],[-42.7694,-22.9685],[-42.6957,-22.9669],[-42.6746,-22.95],[-42.6243,-22.9395],[-42.5317,-22.9342],[-42.3761,-22.9374],[-42.1741,-22.9508],[-42.0582,-22.9538],[-42.046,-22.9578],[-42.0272,-22.9763],[-42.0135,-22.9817],[-42.0037,-22.9592],[-42.0073,-22.9333],[-42.0227,-22.9445],[-42.0331,-22.9125],[-42.0199,-22.8813],[-41.9969,-22.8753],[-41.9896,-22.8263],[-41.9452,-22.8097],[-41.9223,-22.7834],[-41.9096,-22.7766],[-41.8906,-22.7824],[-41.8698,-22.7521],[-41.8701,-22.7341],[-41.911,-22.7472],[-41.9346,-22.7687],[-41.9829,-22.7162],[-41.993,-22.6999],[-41.9981,-22.6579],[-41.9962,-22.6093],[-41.9861,-22.5649],[-41.9663,-22.5354],[-41.912,-22.508],[-41.9043,-22.4907],[-41.8685,-22.4685],[-41.8497,-22.433],[-41.8348,-22.4195],[-41.8026,-22.402],[-41.779,-22.3803],[-41.7708,-22.3542],[-41.7414,-22.329],[-41.6665,-22.2818],[-41.5552,-22.2324],[-41.4657,-22.2026],[-41.2437,-22.1452],[-41.1413,-22.0968],[-40.9953,-22.0143],[-40.9726,-21.9867],[-40.9673,-21.9475],[-41.0067,-21.8234],[-41.0247,-21.7192],[-41.0135,-21.6515],[-41.0185,-21.6081],[-41.0593,-21.561],[-41.0719,-21.5233],[-41.0496,-21.4693],[-41.0182,-21.4417],[-40.9635,-21.3645],[-40.9652,-21.3356],[-40.9592,-21.3034],[-40.9651,-21.274]]],[[[-44.1009,-23.149],[-44.1183,-23.1313],[-44.113,-23.1147],[-44.1244,-23.1108],[-44.1353,-23.1281],[-44.1551,-23.1259],[-44.1708,-23.1101],[-44.1865,-23.1176],[-44.207,-23.1046],[-44.1865,-23.0971],[-44.1967,-23.0852],[-44.2412,-23.0698],[-44.248,-23.091],[-44.2842,-23.1232],[-44.2964,-23.1176],[-44.3231,-23.1456],[-44.3671,-23.1652],[-44.3607,-23.1782],[-44.3374,-23.1796],[-44.338,-23.2066],[-44.3231,-23.2206],[-44.3111,-23.1913],[-44.2926,-23.1728],[-44.2762,-23.1752],[-44.256,-23.1877],[-44.2308,-23.1935],[-44.1897,-23.1866],[-44.1592,-23.1658],[-44.1456,-23.1728],[-44.1183,-23.1655],[-44.1077,-23.1796],[-44.0823,-23.1695],[-44.1009,-23.149]]]]},"properties":{"name":"Rio de Janeiro","name_en":"Rio de Janeiro","name_ja":"リオデジャネイロ州","name_zh":"里约热内卢州","name_ko":"리우데자네이루","adm0_a3":"BRA","postal":"RJ","iso_3166_2":"BR-RJ","type_en":"State","geonunit":"Brazil"}},
{"type":"Feature","geometry":{"type":"MultiPolygon","coordinates":[[[[-44.7276,-23.3521],[-44.7679,-23.3239],[-44.7864,-23.2942],[-44.8169,-23.2956],[-44.8325,-23.2707],[-44.8595,-23.2371],[-44.8656,-23.2229],[-44.8622,-23.2052],[-44.8458,-23.1771],[-44.8218,-23.1633],[-44.805,-23.1371],[-44.8018,-23.1196],[-44.8051,-23.0762],[-44.7935,-23.022],[-44.7953,-22.9881],[-44.7514,-22.9694],[-44.7259,-22.9369],[-44.7088,-22.9282],[-44.6763,-22.9248],[-44.6467,-22.912],[-44.6113,-22.8885],[-44.5856,-22.8772],[-44.5616,-22.8755],[-44.5464,-22.8827],[-44.5271,-22.8795],[-44.4736,-22.8496],[-44.4618,-22.8504],[-44.4459,-22.8696],[-44.3982,-22.8536],[-44.3769,-22.8605],[-44.3591,-22.8576],[-44.3063,-22.8295],[-44.2736,-22.8203],[-44.2624,-22.8102],[-44.2476,-22.7826],[-44.2484,-22.7468],[-44.2218,-22.7212],[-44.2034,-22.7096],[-44.1809,-22.7064],[-44.1658,-22.6976],[-44.1663,-22.6671],[-44.1865,-22.6317],[-44.2155,-22.5906],[-44.239,-22.5969],[-44.2857,-22.5925],[-44.3496,-22.5997],[-44.3664,-22.5855],[-44.3976,-22.5994],[-44.4274,-22.6004],[-44.4435,-22.6119],[-44.4836,-22.6122],[-44.5091,-22.6223],[-44.5404,-22.6212],[-44.561,-22.6085],[-44.5901,-22.6148],[-44.6371,-22.5994],[-44.6479,-22.5605],[-44.6653,-22.5531],[-44.6921,-22.5217],[-44.7173,-22.4974],[-44.7433,-22.4504],[-44.7717,-22.4232],[-44.804,-22.4103],[-44.8313,-22.4061],[-44.8964,-22.4415],[-44.9228,-22.4507],[-44.9709,-22.4486],[-45.0281,-22.4673],[-45.0575,-22.4659],[-45.1146,-22.4904],[-45.1802,-22.5262],[-45.2201,-22.5601],[-45.2458,-22.5623],[-45.2506,-22.587],[-45.2701,-22.6043],[-45.3467,-22.6259],[-45.388,-22.6475],[-45.411,-22.6477],[-45.4172,-22.6133],[-45.4474,-22.5957],[-45.4575,-22.5999],[-45.4722,-22.6217],[-45.5078,-22.6452],[-45.5293,-22.6509],[-45.5628,-22.6456],[-45.5726,-22.6226],[-45.5831,-22.6168],[-45.6372,-22.6469],[-45.6695,-22.65],[-45.6813,-22.6401],[-45.6743,-22.6192],[-45.6485,-22.5879],[-45.6692,-22.5812],[-45.7097,-22.5847],[-45.7351,-22.5944],[-45.709,-22.6381],[-45.718,-22.6525],[-45.804,-22.7001],[-45.8082,-22.7134],[-45.7979,-22.7246],[-45.7419,-22.7246],[-45.7318,-22.7305],[-45.7254,-22.7505],[-45.7286,-22.7772],[-45.7448,-22.7966],[-45.766,-22.7881],[-45.7736,-22.7942],[-45.77,-22.8326],[-45.793,-22.8502],[-45.8084,-22.8298],[-45.8343,-22.8324],[-45.8577,-22.8604],[-45.8689,-22.86],[-45.8941,-22.8421],[-45.9085,-22.8204],[-45.9233,-22.823],[-45.9353,-22.8374],[-45.9631,-22.8338],[-45.9831,-22.8544],[-46.0188,-22.8753],[-46.1224,-22.8929],[-46.1447,-22.8906],[-46.1484,-22.8815],[-46.1394,-22.8631],[-46.1562,-22.8481],[-46.1976,-22.8572],[-46.2287,-22.875],[-46.2498,-22.8685],[-46.2873,-22.8814],[-46.3088,-22.8696],[-46.3455,-22.8658],[-46.3599,-22.8442],[-46.3647,-22.8218],[-46.3639,-22.7902],[-46.353,-22.7642],[-46.3666,-22.7478],[-46.4256,-22.7162],[-46.4703,-22.6828],[-46.476,-22.6706],[-46.458,-22.653],[-46.4084,-22.6361],[-46.3951,-22.6161],[-46.4095,-22.5951],[-46.4171,-22.5695],[-46.4129,-22.5567],[-46.3857,-22.5316],[-46.421,-22.527],[-46.4533,-22.5171],[-46.4955,-22.4915],[-46.5354,-22.4796],[-46.5445,-22.471],[-46.5476,-22.4419],[-46.5577,-22.4344],[-46.5914,-22.4289],[-46.6414,-22.4109],[-46.6591,-22.3976],[-46.6578,-22.3727],[-46.6629,-22.3584],[-46.698,-22.3225],[-46.7052,-22.3066],[-46.7004,-22.2822],[-46.6644,-22.2052],[-46.6455,-22.1789],[-46.6066,-22.147],[-46.6007,-22.1326],[-46.6253,-22.1001],[-46.6397,-22.0928],[-46.6795,-22.0894],[-46.6987,-22.0664],[-46.6608,-22.0513],[-46.6716,-22.0301],[-46.6571,-22.0091],[-46.6267,-22.0043],[-46.6183,-21.9846],[-46.6358,-21.9595],[-46.6606,-21.9035],[-46.6609,-21.8873],[-46.6448,-21.8648],[-46.6649,-21.8418],[-46.6685,-21.8125],[-46.6373,-21.7859],[-46.6292,-21.7706],[-46.6108,-21.6912],[-46.6057,-21.6805],[-46.5759,-21.6838],[-46.5604,-21.6739],[-46.5416,-21.6272],[-46.5188,-21.6027],[-46.5223,-21.5657],[-46.5185,-21.5528],[-46.4924,-21.5248],[-46.5019,-21.5032],[-46.5076,-21.4589],[-46.5225,-21.4401],[-46.5585,-21.4286],[-46.5893,-21.4333],[-46.6033,-21.4292],[-46.6117,-21.4105],[-46.6385,-21.3984],[-46.6433,-21.3735],[-46.6561,-21.3721],[-46.6874,-21.3971],[-46.7419,-21.3677],[-46.7629,-21.3607],[-46.8139,-21.3597],[-46.8392,-21.3846],[-46.8619,-21.3879],[-46.8935,-21.4058],[-46.9759,-21.4115],[-47.0006,-21.4006],[-46.9915,-21.3672],[-46.9947,-21.3447],[-47.0136,-21.3142],[-47.0235,-21.2835],[-47.0454,-21.2312],[-47.0555,-21.1968],[-47.0776,-21.1842],[-47.1249,-21.1308],[-47.1322,-21.1151],[-47.1326,-21.0788],[-47.1517,-21.0165],[-47.1527,-20.9998],[-47.1451,-20.9804],[-47.1778,-20.9409],[-47.206,-20.927],[-47.2209,-20.9144],[-47.2249,-20.9006],[-47.2195,-20.8802],[-47.2105,-20.8078],[-47.2027,-20.788],[-47.1891,-20.7801],[-47.1679,-20.7506],[-47.1584,-20.7047],[-47.1363,-20.6943],[-47.1149,-20.6739],[-47.109,-20.6563],[-47.1101,-20.6322],[-47.1349,-20.549],[-47.1534,-20.5249],[-47.251,-20.4786],[-47.287,-20.4457],[-47.2933,-20.4243],[-47.281,-20.3777],[-47.2782,-20.3175],[-47.2679,-20.2837],[-47.2446,-20.2612],[-47.2346,-20.2059],[-47.2489,-20.1854],[-47.255,-20.1662],[-47.2947,-20.1355],[-47.3041,-20.1203],[-47.3761,-20.0756],[-47.3987,-20.0725],[-47.4386,-20.036],[-47.4307,-19.9967],[-47.4402,-19.9802],[-47.4686,-19.9589],[-47.4872,-19.9698],[-47.5318,-19.9842],[-47.5791,-19.9918],[-47.5977,-20.0209],[-47.612,-20.034],[-47.6358,-20.0385],[-47.6526,-20.0292],[-47.6778,-19.9965],[-47.6978,-19.9798],[-47.7152,-19.9751],[-47.8416,-19.9794],[-47.8528,-19.9826],[-47.8771,-20.0052],[-47.8665,-20.034],[-47.8725,-20.077],[-47.8817,-20.0998],[-47.8966,-20.1097],[-47.9268,-20.114],[-47.9444,-20.0958],[-47.9484,-20.0619],[-47.9646,-20.0395],[-47.9894,-20.0278],[-47.9901,-20.0746],[-47.9949,-20.0952],[-48.0064,-20.1134],[-48.0309,-20.1234],[-48.0477,-20.1408],[-48.0716,-20.1509],[-48.1128,-20.1311],[-48.1524,-20.1162],[-48.1681,-20.1029],[-48.2,-20.0317],[-48.2227,-20.0135],[-48.2434,-20.0427],[-48.2199,-20.1136],[-48.2426,-20.1377],[-48.2618,-20.1374],[-48.2922,-20.1155],[-48.3152,-20.1097],[-48.4009,-20.1097],[-48.4438,-20.1159],[-48.4882,-20.1307],[-48.5654,-20.1234],[-48.5855,-20.1311],[-48.6203,-20.153],[-48.6594,-20.1557],[-48.7155,-20.1439],[-48.7702,-20.1513],[-48.8186,-20.1513],[-48.8439,-20.164],[-48.8555,-20.1878],[-48.8632,-20.2163],[-48.8885,-20.2608],[-48.88,-20.2975],[-48.88,-20.3527],[-48.867,-20.4073],[-48.8716,-20.4162],[-48.9011,-20.4387],[-48.9603,-20.4118],[-48.9694,-20.4005],[-48.9763,-20.3214],[-48.9709,-20.2305],[-48.9789,-20.1848],[-49.0029,-20.1513],[-49.0417,-20.1434],[-49.0683,-20.17],[-49.0998,-20.2394],[-49.1211,-20.2684],[-49.1493,-20.2952],[-49.1818,-20.3079],[-49.2164,-20.2941],[-49.2279,-20.2788],[-49.2411,-20.245],[-49.2674,-20.2131],[-49.2916,-20.1647],[-49.3058,-20.1],[-49.3065,-20.0751],[-49.2945,-20.0258],[-49.25,-20.0073],[-49.2428,-19.9893],[-49.253,-19.9763],[-49.273,-19.9684],[-49.3173,-19.9674],[-49.3848,-19.98],[-49.4069,-19.9664],[-49.4987,-19.9391],[-49.5467,-19.9299],[-49.8822,-19.9311],[-50.0158,-19.9125],[-50.3384,-19.8693],[-50.3643,-19.8585],[-50.4018,-19.812],[-50.4255,-19.7919],[-50.4566,-19.7808],[-50.4896,-19.7823],[-50.5249,-19.7928],[-50.5575,-19.8079],[-50.5778,-19.8465],[-50.6556,-19.9154],[-50.6986,-19.9369],[-50.8714,-19.9944],[-50.894,-20.0078],[-50.9523,-20.0542],[-50.994,-20.1017],[-51.0291,-20.1893],[-51.0552,-20.2282],[-51.087,-20.2634],[-51.1372,-20.2973],[-51.267,-20.3344],[-51.3264,-20.3624],[-51.3449,-20.3773],[-51.3824,-20.4177],[-51.3966,-20.4414],[-51.4397,-20.491],[-51.462,-20.5232],[-51.5146,-20.5742],[-51.5622,-20.5849],[-51.58,-20.5964],[-51.5887,-20.6168],[-51.5981,-20.6616],[-51.6202,-20.6998],[-51.621,-20.7683],[-51.632,-20.877],[-51.6413,-20.8944],[-51.711,-20.9663],[-51.7457,-20.9956],[-51.7718,-21.0557],[-51.7929,-21.0898],[-51.8162,-21.1013],[-51.8585,-21.1297],[-51.8711,-21.144],[-51.8749,-21.1717],[-51.8551,-21.2571],[-51.8516,-21.2986],[-51.8674,-21.343],[-51.9283,-21.402],[-51.9362,-21.4227],[-51.9652,-21.4666],[-51.9989,-21.4854],[-52.0495,-21.4776],[-52.0705,-21.4803],[-52.0831,-21.4962],[-52.0852,-21.5108],[-52.1039,-21.5234],[-52.1063,-21.5503],[-52.0631,-21.6197],[-52.0507,-21.6241],[-52.0405,-21.6439],[-52.0436,-21.6661],[-52.0603,-21.6844],[-52.1027,-21.7159],[-52.1527,-21.7393],[-52.1849,-21.7887],[-52.1941,-21.8317],[-52.2172,-21.8623],[-52.2527,-21.8797],[-52.3038,-21.9249],[-52.3137,-21.9401],[-52.3252,-21.999],[-52.3554,-22.0565],[-52.3693,-22.0989],[-52.4382,-22.1562],[-52.4622,-22.1831],[-52.4954,-22.1995],[-52.5189,-22.2233],[-52.5389,-22.2325],[-52.5701,-22.2385],[-52.6212,-22.2738],[-52.6762,-22.2938],[-52.7235,-22.3279],[-52.8168,-22.3801],[-52.8278,-22.391],[-52.8426,-22.4206],[-52.9191,-22.4558],[-52.937,-22.4613],[-52.967,-22.4589],[-52.9873,-22.4856],[-53.0126,-22.5285],[-53.0482,-22.5389],[-53.0536,-22.5456],[-53.1093,-22.6454],[-53.136,-22.6763],[-53.168,-22.7017],[-53.1513,-22.699],[-53.1049,-22.6796],[-53.0554,-22.6348],[-52.9921,-22.59],[-52.9472,-22.5708],[-52.8928,-22.5695],[-52.8547,-22.5868],[-52.8376,-22.59],[-52.7942,-22.5892],[-52.6939,-22.6037],[-52.6712,-22.5991],[-52.6147,-22.5695],[-52.5796,-22.5742],[-52.5208,-22.6146],[-52.4782,-22.6105],[-52.4457,-22.6029],[-52.3828,-22.6068],[-52.3367,-22.6183],[-52.3137,-22.6179],[-52.2873,-22.6005],[-52.263,-22.5994],[-52.2338,-22.6181],[-52.2171,-22.6438],[-52.1908,-22.6384],[-52.1747,-22.6248],[-52.1615,-22.6035],[-52.1492,-22.5593],[-52.1397,-22.5416],[-52.117,-22.5292],[-52.0667,-22.5217],[-52.0255,-22.5316],[-51.9838,-22.5484],[-51.8749,-22.6104],[-51.8302,-22.6179],[-51.7664,-22.6121],[-51.7445,-22.6179],[-51.6953,-22.6626],[-51.6793,-22.6623],[-51.66,-22.6522],[-51.6402,-22.6525],[-51.5867,-22.6759],[-51.547,-22.6853],[-51.5095,-22.6858],[-51.4736,-22.6778],[-51.4363,-22.6561],[-51.397,-22.6567],[-51.3551,-22.6501],[-51.2642,-22.6888],[-51.1815,-22.7403],[-51.1107,-22.7672],[-50.8801,-22.8221],[-50.8583,-22.8363],[-50.8162,-22.8861],[-50.7988,-22.9236],[-50.7855,-22.9436],[-50.7649,-22.9539],[-50.7252,-22.9512],[-50.6963,-22.9394],[-50.6755,-22.9251],[-50.6278,-22.9216],[-50.5434,-22.9324],[-50.5013,-22.9469],[-50.4401,-22.9422],[-50.4293,-22.9469],[-50.4002,-22.9157],[-50.3674,-22.9154],[-50.3331,-22.9395],[-50.3064,-22.9518],[-50.2913,-22.9533],[-50.2776,-22.9368],[-50.2615,-22.936],[-50.2075,-22.9491],[-50.1248,-22.9415],[-50.0275,-22.9119],[-49.9973,-22.9196],[-49.9888,-22.8995],[-49.97,-22.9121],[-49.9683,-22.9527],[-49.96,-22.964],[-49.9141,-22.9858],[-49.9079,-22.9984],[-49.9085,-23.0358],[-49.881,-23.0576],[-49.839,-23.063],[-49.8016,-23.0831],[-49.7697,-23.0963],[-49.7457,-23.095],[-49.7297,-23.1051],[-49.7245,-23.1345],[-49.6963,-23.1607],[-49.6695,-23.1959],[-49.6381,-23.2593],[-49.6189,-23.3476],[-49.6135,-23.3934],[-49.6153,-23.4082],[-49.6544,-23.5062],[-49.6325,-23.532],[-49.6256,-23.5547],[-49.6241,-23.5946],[-49.6062,-23.6411],[-49.5867,-23.6703],[-49.5569,-23.6963],[-49.5526,-23.7117],[-49.561,-23.7628],[-49.5634,-23.8091],[-49.5685,-23.8326],[-49.5826,-23.8481],[-49.5993,-23.8529],[-49.6018,-23.8644],[-49.586,-23.8927],[-49.5667,-23.9005],[-49.5488,-23.9285],[-49.5374,-23.9353],[-49.5176,-23.9333],[-49.5146,-23.9507],[-49.4946,-23.9905],[-49.4525,-24.0484],[-49.4325,-24.0595],[-49.4103,-24.0859],[-49.3758,-24.0987],[-49.3531,-24.1135],[-49.3332,-24.1405],[-49.332,-24.1887],[-49.3383,-24.2123],[-49.3292,-24.2321],[-49.3056,-24.2432],[-49.2874,-24.296],[-49.2732,-24.3152],[-49.2278,-24.3385],[-49.2248,-24.3626],[-49.2497,-24.3915],[-49.2372,-24.4076],[-49.2394,-24.4181],[-49.2951,-24.4484],[-49.2917,-24.4587],[-49.2711,-24.4721],[-49.2792,-24.4973],[-49.2784,-24.5231],[-49.2852,-24.5319],[-49.3107,-24.532],[-49.3196,-24.5487],[-49.3169,-24.5657],[-49.3006,-24.5919],[-49.3048,-24.6342],[-49.2955,-24.666],[-49.2181,-24.6898],[-49.1851,-24.692],[-49.1666,-24.6807],[-49.1453,-24.6776],[-49.0899,-24.6884],[-49.0527,-24.6847],[-49.0269,-24.6678],[-49.028,-24.6345],[-49.0068,-24.6398],[-48.9779,-24.6688],[-48.9515,-24.675],[-48.8722,-24.6691],[-48.8463,-24.6709],[-48.8522,-24.6632],[-48.8293,-24.6623],[-48.7808,-24.6955],[-48.7631,-24.6894],[-48.7414,-24.6924],[-48.6922,-24.6842],[-48.6764,-24.6749],[-48.6668,-24.7013],[-48.6543,-24.705],[-48.6132,-24.6804],[-48.5947,-24.6779],[-48.5715,-24.6912],[-48.548,-24.7189],[-48.4943,-24.7369],[-48.4876,-24.7457],[-48.5015,-24.7782],[-48.5151,-24.7946],[-48.5435,-24.8102],[-48.5475,-24.8306],[-48.5401,-24.8798],[-48.559,-24.8984],[-48.562,-24.9122],[-48.5566,-24.9445],[-48.5658,-24.9812],[-48.5924,-25.0019],[-48.5749,-25.0485],[-48.5662,-25.0577],[-48.5111,-25.0835],[-48.495,-25.0773],[-48.4814,-25.0516],[-48.462,-25.0343],[-48.463,-24.9951],[-48.4489,-24.9808],[-48.4142,-24.9599],[-48.3902,-24.9743],[-48.3608,-24.9772],[-48.3409,-24.9957],[-48.3356,-25.0125],[-48.2914,-25.0125],[-48.2766,-25.0332],[-48.2643,-25.0346],[-48.2302,-25.0136],[-48.211,-25.0704],[-48.2063,-25.0977],[-48.1862,-25.1489],[-48.1826,-25.1725],[-48.1871,-25.1897],[-48.179,-25.2041],[-48.1495,-25.2226],[-48.0923,-25.2371],[-48.0688,-25.2337],[-48.0485,-25.2175],[-48.0325,-25.2294],[-48.0814,-25.2956],[-48.0821,-25.3073],[-48.0683,-25.28],[-48.02,-25.2263],[-48.0032,-25.2143],[-47.9518,-25.2013],[-47.922,-25.1586],[-47.8871,-25.0573],[-47.9154,-25.0595],[-47.9497,-25.08],[-48.0325,-25.0632],[-48.0516,-25.0528],[-48.0516,-25.0368],[-48.0349,-25.0488],[-48.027,-25.0452],[-48.0236,-25.0151],[-48.0169,-25.0108],[-47.9727,-25.0094],[-47.9612,-25.0131],[-47.9735,-25.0276],[-48.0017,-25.0279],[-48.01,-25.0442],[-47.9606,-25.0499],[-47.9337,-25.0335],[-47.8933,-24.9611],[-47.8666,-24.9406],[-47.8256,-24.8941],[-47.6339,-24.7556],[-47.5847,-24.7316],[-47.5408,-24.7034],[-47.5313,-24.6882],[-47.4967,-24.6935],[-47.4548,-24.6767],[-47.442,-24.6804],[-47.1814,-24.5334],[-47.1363,-24.4887],[-47.1227,-24.4833],[-47.0969,-24.4594],[-47.0721,-24.4485],[-47.051,-24.4062],[-47.0498,-24.4278],[-47.035,-24.4311],[-46.9995,-24.4098],[-47.01,-24.3769],[-46.9999,-24.3668],[-46.9889,-24.3311],[-46.9665,-24.2991],[-46.9366,-24.2734],[-46.855,-24.2284],[-46.7431,-24.1769],[-46.5934,-24.0895],[-46.469,-24.04],[-46.4067,-24.009],[-46.3918,-24.0162],[-46.3863,-24.03],[-46.3721,-24.0158],[-46.3768,-23.9851],[-46.413,-23.9816],[-46.4272,-23.9509],[-46.4496,-23.9384],[-46.4539,-23.9264],[-46.4098,-23.9339],[-46.4093,-23.9159],[-46.3874,-23.904],[-46.3854,-23.8735],[-46.3583,-23.8786],[-46.3638,-23.8942],[-46.3462,-23.905],[-46.3188,-23.9089],[-46.2995,-23.9251],[-46.293,-23.9461],[-46.2773,-23.9675],[-46.2848,-23.9929],[-46.3099,-24.0016],[-46.3174,-24.0164],[-46.2877,-24.0212],[-46.2341,-23.986],[-46.2075,-23.9799],[-46.1969,-23.9939],[-46.175,-23.9909],[-46.1665,-23.9816],[-46.1683,-23.9547],[-46.1597,-23.9202],[-46.15,-23.9055],[-46.1119,-23.8649],[-46.1455,-23.8708],[-46.183,-23.9072],[-46.1974,-23.9157],[-46.2354,-23.9202],[-46.2354,-23.9127],[-46.2052,-23.9045],[-46.1796,-23.8903],[-46.1595,-23.8705],[-46.1461,-23.8444],[-46.1363,-23.8517],[-46.0797,-23.8278],[-46.0607,-23.8239],[-46.0269,-23.8285],[-46.018,-23.8102],[-45.989,-23.7898],[-45.9556,-23.7771],[-45.8644,-23.7564],[-45.8239,-23.7551],[-45.7829,-23.7687],[-45.7175,-23.7708],[-45.6527,-23.7898],[-45.6322,-23.7898],[-45.608,-23.8032],[-45.5741,-23.7966],[-45.552,-23.8024],[-45.5289,-23.8295],[-45.5093,-23.8376],[-45.4645,-23.8239],[-45.4389,-23.8317],[-45.4066,-23.8204],[-45.3948,-23.8032],[-45.3931,-23.7835],[-45.4061,-23.7561],[-45.3994,-23.7209],[-45.4231,-23.7106],[-45.4335,-23.6647],[-45.4285,-23.6419],[-45.413,-23.6179],[-45.3883,-23.6244],[-45.3484,-23.6044],[-45.3271,-23.5981],[-45.3017,-23.5742],[-45.2788,-23.5737],[-45.2519,-23.5906],[-45.2007,-23.572],[-45.2137,-23.5427],[-45.2003,-23.5237],[-45.1642,-23.5331],[-45.1455,-23.5291],[-45.1522,-23.4988],[-45.1478,-23.4874],[-45.1134,-23.5077],[-45.0902,-23.5154],[-45.0976,-23.4978],[-45.0802,-23.4977],[-45.0704,-23.5154],[-45.0502,-23.4733],[-45.0347,-23.4621],[-45.0084,-23.4609],[-45.0216,-23.4465],[-45.0508,-23.4282],[-45.0431,-23.4055],[-45.0283,-23.4161],[-44.9881,-23.402],[-44.9526,-23.3681],[-44.9193,-23.3488],[-44.892,-23.341],[-44.8985,-23.3647],[-44.868,-23.3578],[-44.8586,-23.3615],[-44.8445,-23.3852],[-44.827,-23.3854],[-44.7998,-23.3713],[-44.7824,-23.379],[-44.7329,-23.3658],[-44.7276,-23.3521]]],[[[-47.5172,-24.7009],[-47.5353,-24.7101],[-47.5617,-24.736],[-47.6129,-24.7545],[-47.6736,-24.8115],[-47.7174,-24.8303],[-47.8319,-24.9133],[-47.8796,-24.9648],[-47.8998,-25.0157],[-47.9001,-25.0368],[-47.8883,-25.0412],[-47.8774,-25.0271],[-47.8591,-24.989],[-47.8227,-24.9417],[-47.7854,-24.9238],[-47.55,-24.7424],[-47.5303,-24.7325],[-47.4952,-24.7239],[-47.4483,-24.6935],[-47.4483,-24.6867],[-47.483,-24.7009],[-47.5172,-24.7009]]],[[[-46.328,-23.9264],[-46.3937,-23.9202],[-46.3937,-23.9474],[-46.4069,-23.9418],[-46.4204,-23.9474],[-46.4047,-23.9705],[-46.3658,-23.9816],[-46.3414,-23.9699],[-46.2919,-23.9909],[-46.3026,-23.9584],[-46.328,-23.9264]]],[[[-45.2137,-23.9065],[-45.2213,-23.8923],[-45.255,-23.8982],[-45.2711,-23.8689],[-45.2657,-23.8393],[-45.2349,-23.8444],[-45.2281,-23.7724],[-45.2366,-23.7618],[-45.287,-23.7282],[-45.3085,-23.7214],[-45.3247,-23.7253],[-45.3377,-23.7521],[-45.3447,-23.7824],[-45.3554,-23.8001],[-45.4198,-23.8581],[-45.4474,-23.8772],[-45.453,-23.8914],[-45.4471,-23.9127],[-45.4219,-23.9352],[-45.3857,-23.9381],[-45.3461,-23.9282],[-45.31,-23.9127],[-45.3038,-23.9202],[-45.2904,-23.9119],[-45.2622,-23.9611],[-45.2417,-23.9679],[-45.2183,-23.9495],[-45.2265,-23.9093],[-45.2137,-23.9065]]]]},"properties":{"name":"São Paulo","name_en":"São Paulo","name_ja":"サンパウロ州","name_zh":"圣保罗州","name_ko":"상파울루","adm0_a3":"BRA","postal":"SP","iso_3166_2":"BR-SP","type_en":"State","geonunit":"Brazil"}},
{"type":"Feature","geometry":{"type":"Polygon","coordinates":[[[-46.2335,-12.7966],[-46.3006,-12.833],[-46.3465,-12.8442],[-46.4341,-12.8455],[-46.4559,-12.8519],[-46.4891,-12.8708],[-46.5262,-12.8817],[-46.591,-12.8939],[-46.6186,-12.9045],[-46.6465,-12.9248],[-46.7507,-13.0353],[-46.7782,-13.0548],[-46.8277,-13.0693],[-46.8772,-13.0752],[-46.9232,-13.0754],[-46.9734,-13.0687],[-47.0492,-13.0831],[-47.0922,-13.0955],[-47.2939,-13.1976],[-47.3327,-13.1985],[-47.3996,-13.2272],[-47.4417,-13.2491],[-47.5079,-13.257],[-47.5143,-13.2758],[-47.5295,-13.2963],[-47.5379,-13.2974],[-47.5513,-13.266],[-47.5556,-13.2432],[-47.5855,-13.21],[-47.5908,-13.182],[-47.6259,-13.1467],[-47.6403,-13.1136],[-47.6554,-13.1018],[-47.668,-13.1071],[-47.7111,-13.1417],[-47.7209,-13.1528],[-47.7243,-13.1768],[-47.7173,-13.1968],[-47.6605,-13.3214],[-47.6577,-13.3526],[-47.6813,-13.3542],[-47.856,-13.2944],[-47.8973,-13.2708],[-47.9376,-13.2432],[-47.9522,-13.2442],[-47.9696,-13.2605],[-48.0025,-13.2493],[-48.039,-13.2193],[-48.0752,-13.195],[-48.0987,-13.1872],[-48.1479,-13.1783],[-48.1686,-13.18],[-48.1732,-13.1721],[-48.167,-13.1478],[-48.1455,-13.096],[-48.1421,-13.0736],[-48.1655,-13.0647],[-48.2251,-13.0941],[-48.3261,-13.1699],[-48.3668,-13.188],[-48.4048,-13.194],[-48.4818,-13.1948],[-48.514,-13.1882],[-48.5882,-13.156],[-48.6215,-13.1541],[-48.6444,-13.1628],[-48.6566,-13.1776],[-48.6651,-13.2124],[-48.6689,-13.2682],[-48.6771,-13.3157],[-48.6846,-13.3375],[-48.7047,-13.359],[-48.7398,-13.3835],[-48.7563,-13.382],[-48.7732,-13.352],[-48.7786,-13.3288],[-48.7784,-13.2894],[-48.7609,-13.2108],[-48.768,-13.0972],[-48.7746,-13.0774],[-48.7962,-13.0346],[-48.8032,-12.998],[-48.7949,-12.9563],[-48.7975,-12.9291],[-48.8091,-12.8994],[-48.824,-12.8736],[-48.8603,-12.8332],[-48.9248,-12.7852],[-48.9972,-12.7495],[-49.0142,-12.7244],[-49.0135,-12.7058],[-49.0024,-12.6599],[-49.0174,-12.6557],[-49.0612,-12.6801],[-49.1378,-12.7349],[-49.2965,-13.0028],[-49.3577,-13.1346],[-49.3676,-13.1669],[-49.3696,-13.2174],[-49.3835,-13.2481],[-49.4191,-13.2466],[-49.5185,-13.2005],[-49.5649,-13.1883],[-49.6845,-13.1758],[-49.9119,-13.0716],[-49.9694,-13.027],[-49.9907,-13.019],[-50.0008,-13.0218],[-50.0518,-13.0209],[-50.2395,-12.9332],[-50.2582,-12.9205],[-50.2697,-12.8933],[-50.2751,-12.7877],[-50.2605,-12.7436],[-50.2075,-12.6675],[-50.2006,-12.6546],[-50.196,-12.6178],[-50.2032,-12.5717],[-50.2009,-12.5519],[-50.1889,-12.5323],[-50.1369,-12.478],[-50.1264,-12.4565],[-50.1297,-12.4187],[-50.1503,-12.3999],[-50.236,-12.4515],[-50.2962,-12.4949],[-50.3063,-12.5087],[-50.3195,-12.5124],[-50.3252,-12.5257],[-50.3512,-12.5424],[-50.3601,-12.5712],[-50.3992,-12.6139],[-50.4116,-12.6421],[-50.419,-12.6777],[-50.4465,-12.7004],[-50.4528,-12.7224],[-50.4655,-12.8066],[-50.484,-12.8448],[-50.4783,-12.8791],[-50.4955,-12.9509],[-50.5173,-12.9833],[-50.5521,-13.0039],[-50.5638,-13.019],[-50.5488,-13.0399],[-50.5504,-13.05],[-50.5839,-13.0696],[-50.5879,-13.0786],[-50.574,-13.1226],[-50.5806,-13.194],[-50.569,-13.2284],[-50.5743,-13.2466],[-50.5995,-13.303],[-50.6146,-13.3299],[-50.6434,-13.364],[-50.6602,-13.3937],[-50.6631,-13.4236],[-50.6763,-13.4469],[-50.6899,-13.4596],[-50.7194,-13.5004],[-50.7404,-13.5134],[-50.7581,-13.5411],[-50.7689,-13.6031],[-50.7891,-13.6629],[-50.7958,-13.6759],[-50.8262,-13.7011],[-50.8633,-13.7119],[-50.8679,-13.7217],[-50.8573,-13.7598],[-50.8578,-13.8149],[-50.8461,-13.8596],[-50.8446,-13.88],[-50.8505,-13.9206],[-50.8635,-13.9551],[-50.8634,-13.985],[-50.8585,-14.0038],[-50.859,-14.0405],[-50.8448,-14.0678],[-50.8458,-14.0841],[-50.8562,-14.1035],[-50.8991,-14.1191],[-50.9185,-14.1154],[-50.9249,-14.1216],[-50.9178,-14.1471],[-50.924,-14.1669],[-50.9596,-14.2358],[-50.9732,-14.2865],[-50.9715,-14.3143],[-50.9861,-14.3562],[-50.9977,-14.3995],[-50.9967,-14.4099],[-50.9708,-14.4868],[-50.9699,-14.5185],[-50.987,-14.5549],[-50.9893,-14.5736],[-51.01,-14.6284],[-51.0335,-14.6471],[-51.0423,-14.6836],[-51.0661,-14.7439],[-51.0649,-14.7862],[-51.0686,-14.8045],[-51.0927,-14.8224],[-51.1003,-14.8879],[-51.1381,-14.9121],[-51.1518,-14.9538],[-51.176,-14.9767],[-51.2101,-14.9909],[-51.2552,-15.0154],[-51.275,-15.0182],[-51.2975,-15.0104],[-51.3071,-14.9713],[-51.32,-14.9561],[-51.3507,-14.9814],[-51.3675,-14.9884],[-51.412,-14.9954],[-51.4273,-15.0067],[-51.4534,-15.0353],[-51.4741,-15.0483],[-51.5137,-15.0627],[-51.5322,-15.0803],[-51.5757,-15.1401],[-51.6076,-15.1536],[-51.6249,-15.1655],[-51.6489,-15.1901],[-51.6574,-15.2097],[-51.6494,-15.2427],[-51.6489,-15.2646],[-51.6718,-15.2819],[-51.6819,-15.3113],[-51.676,-15.3549],[-51.6792,-15.3789],[-51.6974,-15.4086],[-51.7052,-15.4557],[-51.7115,-15.4742],[-51.7485,-15.53],[-51.7629,-15.5384],[-51.7855,-15.5253],[-51.7929,-15.539],[-51.7749,-15.585],[-51.7739,-15.6106],[-51.7959,-15.6517],[-51.8265,-15.7171],[-51.8625,-15.7605],[-51.8716,-15.7925],[-51.8827,-15.8048],[-51.9158,-15.8127],[-51.9406,-15.8009],[-51.9668,-15.8007],[-51.9742,-15.823],[-52.0088,-15.8556],[-52.0299,-15.8684],[-52.053,-15.8748],[-52.1586,-15.8805],[-52.2063,-15.8897],[-52.2306,-15.8987],[-52.2501,-15.9133],[-52.2615,-15.9378],[-52.3068,-15.9864],[-52.3286,-16.0381],[-52.3423,-16.0494],[-52.3619,-16.0504],[-52.3888,-16.0678],[-52.4304,-16.0827],[-52.4441,-16.0945],[-52.4487,-16.1106],[-52.4625,-16.1189],[-52.5153,-16.1396],[-52.5325,-16.1521],[-52.5391,-16.1695],[-52.5359,-16.2268],[-52.5469,-16.2411],[-52.5684,-16.2507],[-52.622,-16.2648],[-52.6695,-16.2913],[-52.6784,-16.3137],[-52.6825,-16.362],[-52.6678,-16.3945],[-52.6155,-16.4261],[-52.6247,-16.464],[-52.6324,-16.5289],[-52.6426,-16.5424],[-52.686,-16.573],[-52.6965,-16.5889],[-52.7041,-16.6323],[-52.7122,-16.6506],[-52.7313,-16.6704],[-52.7724,-16.704],[-52.8093,-16.7454],[-52.8543,-16.7723],[-52.8965,-16.7866],[-52.9635,-16.819],[-52.9912,-16.8386],[-53.0194,-16.8679],[-53.0138,-16.8849],[-53.0278,-16.9496],[-53.0399,-16.9814],[-53.0331,-17.0193],[-53.0468,-17.0578],[-53.0584,-17.0741],[-53.0785,-17.089],[-53.115,-17.1428],[-53.1355,-17.1633],[-53.142,-17.1869],[-53.1587,-17.2245],[-53.1914,-17.2561],[-53.2033,-17.282],[-53.1982,-17.3312],[-53.1896,-17.3626],[-53.2052,-17.3899],[-53.2208,-17.4501],[-53.2219,-17.501],[-53.2324,-17.5145],[-53.2433,-17.5633],[-53.2448,-17.5924],[-53.2413,-17.6218],[-53.231,-17.6521],[-53.1779,-17.7427],[-53.1486,-17.7787],[-53.1089,-17.8964],[-53.0699,-17.9753],[-53.0538,-18.0166],[-53.0434,-18.0666],[-53.0409,-18.0956],[-53.0567,-18.2931],[-53.051,-18.3266],[-53.0335,-18.3574],[-53.011,-18.3787],[-52.9876,-18.3879],[-52.9669,-18.3792],[-52.925,-18.3511],[-52.9094,-18.3461],[-52.874,-18.3537],[-52.7834,-18.3916],[-52.769,-18.4118],[-52.7722,-18.4347],[-52.7865,-18.462],[-52.8447,-18.5357],[-52.8566,-18.5567],[-52.8929,-18.6378],[-52.8963,-18.6648],[-52.8696,-18.6805],[-52.7597,-18.7103],[-52.6902,-18.7098],[-52.6428,-18.7201],[-52.6156,-18.7226],[-52.4964,-18.7051],[-52.4698,-18.713],[-52.4412,-18.7325],[-52.3658,-18.8038],[-52.3428,-18.8147],[-52.3225,-18.8165],[-52.27,-18.8128],[-52.2314,-18.8213],[-52.1736,-18.8488],[-52.0985,-18.896],[-52.0844,-18.9086],[-52.0705,-18.9355],[-52.0598,-18.9447],[-52.005,-18.9652],[-51.9508,-18.9754],[-51.913,-18.9883],[-51.8776,-19.0135],[-51.8421,-19.0481],[-51.6431,-19.1288],[-51.5842,-19.138],[-51.5417,-19.1357],[-51.4685,-19.1528],[-51.4299,-19.1577],[-51.4067,-19.1692],[-51.3416,-19.2229],[-51.3108,-19.2529],[-51.2685,-19.2668],[-51.2302,-19.2683],[-51.1866,-19.2866],[-51.1382,-19.2844],[-51.113,-19.293],[-51.0847,-19.3147],[-51.0343,-19.3683],[-50.9612,-19.4735],[-50.953,-19.4592],[-50.938,-19.4542],[-50.9153,-19.4586],[-50.8939,-19.4773],[-50.865,-19.4838],[-50.8393,-19.463],[-50.8515,-19.4426],[-50.8812,-19.4109],[-50.8799,-19.3939],[-50.8591,-19.3598],[-50.8514,-19.3145],[-50.844,-19.2948],[-50.8129,-19.26],[-50.76,-19.2243],[-50.7514,-19.2085],[-50.7466,-19.1826],[-50.7339,-19.1698],[-50.6962,-19.1501],[-50.6738,-19.1215],[-50.6538,-19.1103],[-50.6124,-19.126],[-50.5868,-19.1238],[-50.5454,-19.1092],[-50.5108,-19.0558],[-50.4961,-19.0453],[-50.4868,-19.0145],[-50.4909,-18.9854],[-50.5032,-18.9559],[-50.5021,-18.9306],[-50.4513,-18.8831],[-50.3235,-18.7146],[-50.2977,-18.7001],[-50.2637,-18.689],[-50.112,-18.6632],[-50.0867,-18.6548],[-50.0393,-18.6257],[-50.0171,-18.6169],[-49.9916,-18.6138],[-49.8984,-18.6185],[-49.8357,-18.6275],[-49.7978,-18.6228],[-49.5928,-18.5432],[-49.5549,-18.5298],[-49.5234,-18.4993],[-49.4888,-18.4996],[-49.4805,-18.51],[-49.4668,-18.5497],[-49.4559,-18.5678],[-49.4224,-18.6064],[-49.3905,-18.6316],[-49.3615,-18.6244],[-49.1967,-18.4698],[-49.1708,-18.4331],[-49.1319,-18.4072],[-49.0181,-18.366],[-48.9523,-18.3263],[-48.915,-18.3294],[-48.8535,-18.3466],[-48.818,-18.352],[-48.6142,-18.3408],[-48.3665,-18.3521],[-48.2972,-18.3464],[-48.2595,-18.3491],[-48.2162,-18.3598],[-48.1697,-18.3798],[-48.1287,-18.408],[-48.0855,-18.4122],[-48.0573,-18.4054],[-48.0463,-18.4205],[-48.0077,-18.4354],[-47.9742,-18.4375],[-47.935,-18.4521],[-47.8991,-18.4491],[-47.6502,-18.3211],[-47.6202,-18.2893],[-47.6042,-18.2545],[-47.5763,-18.2239],[-47.5521,-18.2078],[-47.4327,-18.1658],[-47.4178,-18.1452],[-47.3989,-18.1417],[-47.3859,-18.1259],[-47.3497,-18.1065],[-47.3433,-18.0921],[-47.3214,-18.0744],[-47.2951,-18.0622],[-47.2777,-18.0599],[-47.3075,-17.9884],[-47.3093,-17.9583],[-47.3227,-17.9453],[-47.3359,-17.9005],[-47.3473,-17.8805],[-47.3559,-17.843],[-47.3541,-17.8236],[-47.3405,-17.7809],[-47.3294,-17.7632],[-47.3265,-17.7439],[-47.2947,-17.6893],[-47.2703,-17.6705],[-47.2645,-17.6194],[-47.2714,-17.581],[-47.2882,-17.5481],[-47.3052,-17.5354],[-47.3487,-17.514],[-47.3796,-17.5111],[-47.4097,-17.4985],[-47.4311,-17.505],[-47.4578,-17.5278],[-47.4684,-17.5293],[-47.4876,-17.5164],[-47.5228,-17.4772],[-47.5305,-17.4549],[-47.5256,-17.3896],[-47.5001,-17.3298],[-47.4886,-17.3273],[-47.4535,-17.3458],[-47.4379,-17.3398],[-47.4408,-17.3253],[-47.4205,-17.3079],[-47.4162,-17.2909],[-47.4217,-17.2716],[-47.4092,-17.251],[-47.3932,-17.2369],[-47.3799,-17.2397],[-47.3672,-17.2194],[-47.3442,-17.1969],[-47.3465,-17.1782],[-47.3339,-17.1745],[-47.3367,-17.1628],[-47.3127,-17.1431],[-47.2906,-17.1455],[-47.2746,-17.1349],[-47.2592,-17.1],[-47.2303,-17.0793],[-47.2105,-17.0757],[-47.2283,-17.043],[-47.2319,-17.0277],[-47.2231,-17.012],[-47.1913,-16.986],[-47.1655,-16.9912],[-47.1512,-16.9775],[-47.1528,-16.9518],[-47.1612,-16.9198],[-47.181,-16.8787],[-47.1896,-16.8423],[-47.2134,-16.8005],[-47.2304,-16.7335],[-47.2665,-16.6618],[-47.2879,-16.6466],[-47.3067,-16.6234],[-47.3234,-16.618],[-47.3475,-16.593],[-47.3762,-16.5847],[-47.4041,-16.569],[-47.4366,-16.5316],[-47.4531,-16.4926],[-47.4332,-16.4104],[-47.3974,-16.3799],[-47.3488,-16.3014],[-47.3265,-16.2476],[-47.3233,-16.2284],[-47.3377,-16.1469],[-47.3317,-16.1239],[-47.306,-16.0726],[-47.3025,-16.0401],[-47.6065,-16.0418],[-47.8556,-16.0421],[-48.1824,-16.0395],[-48.252,-16.0315],[-48.2529,-16.02],[-48.2339,-15.9573],[-48.2398,-15.9447],[-48.2613,-15.9294],[-48.2644,-15.903],[-48.2779,-15.8394],[-48.2701,-15.8205],[-48.2462,-15.8099],[-48.231,-15.7964],[-48.2154,-15.7688],[-48.2026,-15.735],[-48.2313,-15.7108],[-48.2398,-15.6927],[-48.2316,-15.6452],[-48.2155,-15.6334],[-48.2104,-15.6181],[-48.1978,-15.527],[-48.1912,-15.503],[-48.1794,-15.4899],[-48.0306,-15.4906],[-47.7663,-15.491],[-47.423,-15.4983],[-47.4206,-15.5217],[-47.4129,-15.5367],[-47.3635,-15.5664],[-47.3071,-15.5902],[-47.3156,-15.6263],[-47.3161,-15.6828],[-47.3073,-15.7102],[-47.3141,-15.7565],[-47.326,-15.7914],[-47.3495,-15.8323],[-47.3572,-15.8886],[-47.3521,-15.9051],[-47.3521,-15.936],[-47.3588,-15.9838],[-47.3488,-15.9998],[-47.3161,-16.02],[-47.3025,-16.0401],[-47.2702,-16.0271],[-47.2297,-16.0327],[-47.2077,-16.02],[-47.1925,-16],[-47.165,-15.9776],[-47.1429,-15.9354],[-47.1293,-15.9213],[-47.1015,-15.9369],[-47.0781,-15.9376],[-47.0202,-15.9126],[-46.973,-15.9146],[-46.9477,-15.9055],[-46.9179,-15.9009],[-46.8847,-15.8858],[-46.8629,-15.8812],[-46.8358,-15.8644],[-46.8319,-15.8439],[-46.8381,-15.8009],[-46.84,-15.7571],[-46.8531,-15.7198],[-46.8679,-15.5907],[-46.8706,-15.583],[-46.9029,-15.5737],[-46.9199,-15.5625],[-46.9305,-15.5457],[-46.9366,-15.4318],[-46.9305,-15.4138],[-46.902,-15.3882],[-46.8548,-15.3238],[-46.8549,-15.3079],[-46.889,-15.238],[-46.9286,-15.241],[-46.9299,-15.2286],[-46.8909,-15.0495],[-46.8716,-15.0272],[-46.8335,-15.0129],[-46.7688,-15.0095],[-46.7351,-15.0188],[-46.6367,-15.069],[-46.6156,-15.0766],[-46.5916,-15.0724],[-46.5477,-15.0392],[-46.5574,-14.9793],[-46.5558,-14.9544],[-46.5779,-14.9162],[-46.5749,-14.8997],[-46.557,-14.8693],[-46.5608,-14.8542],[-46.5755,-14.8345],[-46.581,-14.7956],[-46.5687,-14.7728],[-46.5168,-14.7133],[-46.5034,-14.7121],[-46.4673,-14.733],[-46.3871,-14.7729],[-46.3524,-14.8011],[-46.3171,-14.8484],[-46.2965,-14.9094],[-46.2752,-14.9144],[-46.2212,-14.9155],[-46.192,-14.9354],[-46.1164,-14.9253],[-46.1012,-14.9318],[-46.0774,-14.9225],[-46.0518,-14.8834],[-46.023,-14.8688],[-45.9728,-14.7921],[-45.9315,-14.7472],[-45.915,-14.709],[-45.9125,-14.6914],[-45.9266,-14.6197],[-45.9557,-14.5612],[-45.9636,-14.5352],[-45.9662,-14.4888],[-45.9631,-14.4676],[-45.9362,-14.4177],[-45.9212,-14.3715],[-45.9205,-14.3508],[-45.9351,-14.3376],[-45.9614,-14.3282],[-46.0105,-14.2998],[-46.0379,-14.2518],[-46.0658,-14.2245],[-46.1184,-14.1963],[-46.1285,-14.1839],[-46.1702,-14.0729],[-46.223,-13.9977],[-46.2597,-13.8686],[-46.2751,-13.7502],[-46.2724,-13.6569],[-46.2525,-13.5918],[-46.2329,-13.5413],[-46.2141,-13.4651],[-46.1965,-13.4186],[-46.1866,-13.4048],[-46.149,-13.3871],[-46.0979,-13.3503],[-46.0829,-13.334],[-46.0755,-13.3093],[-46.0739,-13.2696],[-46.0832,-13.2516],[-46.1527,-13.2284],[-46.1755,-13.216],[-46.1806,-13.1926],[-46.1796,-13.1589],[-46.1616,-13.0472],[-46.1509,-13.0278],[-46.0722,-12.9757],[-46.0617,-12.9525],[-46.0705,-12.9342],[-46.0872,-12.9163],[-46.2067,-12.8326],[-46.2335,-12.7966]]]},"properties":{"name":"Goiás","name_en":"Goiás","name_ja":"ゴイアス州","name_zh":"戈亚斯","name_ko":"고이아스","adm0_a3":"BRA","postal":"GO","iso_3166_2":"BR-GO","type_en":"State","geonunit":"Brazil"}},
{"type":"Feature","geometry":{"type":"Polygon","coordinates":[[[-47.3025,-16.0401],[-47.3161,-16.02],[-47.3488,-15.9998],[-47.3588,-15.9838],[-47.3521,-15.936],[-47.3521,-15.9051],[-47.3572,-15.8886],[-47.3495,-15.8323],[-47.326,-15.7914],[-47.3141,-15.7565],[-47.3073,-15.7102],[-47.3161,-15.6828],[-47.3156,-15.6263],[-47.3071,-15.5902],[-47.3635,-15.5664],[-47.4129,-15.5367],[-47.4206,-15.5217],[-47.423,-15.4983],[-47.7663,-15.491],[-48.0306,-15.4906],[-48.1794,-15.4899],[-48.1912,-15.503],[-48.1978,-15.527],[-48.2104,-15.6181],[-48.2155,-15.6334],[-48.2316,-15.6452],[-48.2398,-15.6927],[-48.2313,-15.7108],[-48.2026,-15.735],[-48.2154,-15.7688],[-48.231,-15.7964],[-48.2462,-15.8099],[-48.2701,-15.8205],[-48.2779,-15.8394],[-48.2644,-15.903],[-48.2613,-15.9294],[-48.2398,-15.9447],[-48.2339,-15.9573],[-48.2529,-16.02],[-48.252,-16.0315],[-48.1824,-16.0395],[-47.8556,-16.0421],[-47.6065,-16.0418],[-47.3025,-16.0401]]]},"properties":{"name":"Distrito Federal","name_en":"Federal","name_ja":"ブラジリア連邦直轄区","name_zh":"联邦区","name_ko":"연방구","adm0_a3":"BRA","postal":"DF","iso_3166_2":"BR-DF","type_en":"Federal District","geonunit":"Brazil"}},
{"type":"Feature","geometry":{"type":"Polygon","coordinates":[[[-46.023,-14.8688],[-46.0518,-14.8834],[-46.0774,-14.9225],[-46.1012,-14.9318],[-46.1164,-14.9253],[-46.192,-14.9354],[-46.2212,-14.9155],[-46.2752,-14.9144],[-46.2965,-14.9094],[-46.3171,-14.8484],[-46.3524,-14.8011],[-46.3871,-14.7729],[-46.4673,-14.733],[-46.5034,-14.7121],[-46.5168,-14.7133],[-46.5687,-14.7728],[-46.581,-14.7956],[-46.5755,-14.8345],[-46.5608,-14.8542],[-46.557,-14.8693],[-46.5749,-14.8997],[-46.5779,-14.9162],[-46.5558,-14.9544],[-46.5574,-14.9793],[-46.5477,-15.0392],[-46.5916,-15.0724],[-46.6156,-15.0766],[-46.6367,-15.069],[-46.7351,-15.0188],[-46.7688,-15.0095],[-46.8335,-15.0129],[-46.8716,-15.0272],[-46.8909,-15.0495],[-46.9299,-15.2286],[-46.9286,-15.241],[-46.889,-15.238],[-46.8549,-15.3079],[-46.8548,-15.3238],[-46.902,-15.3882],[-46.9305,-15.4138],[-46.9366,-15.4318],[-46.9305,-15.5457],[-46.9199,-15.5625],[-46.9029,-15.5737],[-46.8706,-15.583],[-46.8679,-15.5907],[-46.8531,-15.7198],[-46.84,-15.7571],[-46.8381,-15.8009],[-46.8319,-15.8439],[-46.8358,-15.8644],[-46.8629,-15.8812],[-46.8847,-15.8858],[-46.9179,-15.9009],[-46.9477,-15.9055],[-46.973,-15.9146],[-47.0202,-15.9126],[-47.0781,-15.9376],[-47.1015,-15.9369],[-47.1293,-15.9213],[-47.1429,-15.9354],[-47.165,-15.9776],[-47.1925,-16],[-47.2077,-16.02],[-47.2297,-16.0327],[-47.2702,-16.0271],[-47.3025,-16.0401],[-47.306,-16.0726],[-47.3317,-16.1239],[-47.3377,-16.1469],[-47.3233,-16.2284],[-47.3265,-16.2476],[-47.3488,-16.3014],[-47.3974,-16.3799],[-47.4332,-16.4104],[-47.4531,-16.4926],[-47.4366,-16.5316],[-47.4041,-16.569],[-47.3762,-16.5847],[-47.3475,-16.593],[-47.3234,-16.618],[-47.3067,-16.6234],[-47.2879,-16.6466],[-47.2665,-16.6618],[-47.2304,-16.7335],[-47.2134,-16.8005],[-47.1896,-16.8423],[-47.181,-16.8787],[-47.1612,-16.9198],[-47.1528,-16.9518],[-47.1512,-16.9775],[-47.1655,-16.9912],[-47.1913,-16.986],[-47.2231,-17.012],[-47.2319,-17.0277],[-47.2283,-17.043],[-47.2105,-17.0757],[-47.2303,-17.0793],[-47.2592,-17.1],[-47.2746,-17.1349],[-47.2906,-17.1455],[-47.3127,-17.1431],[-47.3367,-17.1628],[-47.3339,-17.1745],[-47.3465,-17.1782],[-47.3442,-17.1969],[-47.3672,-17.2194],[-47.3799,-17.2397],[-47.3932,-17.2369],[-47.4092,-17.251],[-47.4217,-17.2716],[-47.4162,-17.2909],[-47.4205,-17.3079],[-47.4408,-17.3253],[-47.4379,-17.3398],[-47.4535,-17.3458],[-47.4886,-17.3273],[-47.5001,-17.3298],[-47.5256,-17.3896],[-47.5305,-17.4549],[-47.5228,-17.4772],[-47.4876,-17.5164],[-47.4684,-17.5293],[-47.4578,-17.5278],[-47.4311,-17.505],[-47.4097,-17.4985],[-47.3796,-17.5111],[-47.3487,-17.514],[-47.3052,-17.5354],[-47.2882,-17.5481],[-47.2714,-17.581],[-47.2645,-17.6194],[-47.2703,-17.6705],[-47.2947,-17.6893],[-47.3265,-17.7439],[-47.3294,-17.7632],[-47.3405,-17.7809],[-47.3541,-17.8236],[-47.3559,-17.843],[-47.3473,-17.8805],[-47.3359,-17.9005],[-47.3227,-17.9453],[-47.3093,-17.9583],[-47.3075,-17.9884],[-47.2777,-18.0599],[-47.2951,-18.0622],[-47.3214,-18.0744],[-47.3433,-18.0921],[-47.3497,-18.1065],[-47.3859,-18.1259],[-47.3989,-18.1417],[-47.4178,-18.1452],[-47.4327,-18.1658],[-47.5521,-18.2078],[-47.5763,-18.2239],[-47.6042,-18.2545],[-47.6202,-18.2893],[-47.6502,-18.3211],[-47.8991,-18.4491],[-47.935,-18.4521],[-47.9742,-18.4375],[-48.0077,-18.4354],[-48.0463,-18.4205],[-48.0573,-18.4054],[-48.0855,-18.4122],[-48.1287,-18.408],[-48.1697,-18.3798],[-48.2162,-18.3598],[-48.2595,-18.3491],[-48.2972,-18.3464],[-48.3665,-18.3521],[-48.6142,-18.3408],[-48.818,-18.352],[-48.8535,-18.3466],[-48.915,-18.3294],[-48.9523,-18.3263],[-49.0181,-18.366],[-49.1319,-18.4072],[-49.1708,-18.4331],[-49.1967,-18.4698],[-49.3615,-18.6244],[-49.3905,-18.6316],[-49.4224,-18.6064],[-49.4559,-18.5678],[-49.4668,-18.5497],[-49.4805,-18.51],[-49.4888,-18.4996],[-49.5234,-18.4993],[-49.5549,-18.5298],[-49.5928,-18.5432],[-49.7978,-18.6228],[-49.8357,-18.6275],[-49.8984,-18.6185],[-49.9916,-18.6138],[-50.0171,-18.6169],[-50.0393,-18.6257],[-50.0867,-18.6548],[-50.112,-18.6632],[-50.2637,-18.689],[-50.2977,-18.7001],[-50.3235,-18.7146],[-50.4513,-18.8831],[-50.5021,-18.9306],[-50.5032,-18.9559],[-50.4909,-18.9854],[-50.4868,-19.0145],[-50.4961,-19.0453],[-50.5108,-19.0558],[-50.5454,-19.1092],[-50.5868,-19.1238],[-50.6124,-19.126],[-50.6538,-19.1103],[-50.6738,-19.1215],[-50.6962,-19.1501],[-50.7339,-19.1698],[-50.7466,-19.1826],[-50.7514,-19.2085],[-50.76,-19.2243],[-50.8129,-19.26],[-50.844,-19.2948],[-50.8514,-19.3145],[-50.8591,-19.3598],[-50.8799,-19.3939],[-50.8812,-19.4109],[-50.8515,-19.4426],[-50.8393,-19.463],[-50.865,-19.4838],[-50.8939,-19.4773],[-50.9153,-19.4586],[-50.938,-19.4542],[-50.953,-19.4592],[-50.9612,-19.4735],[-50.9637,-19.4965],[-50.9371,-19.5493],[-50.95,-19.5685],[-50.9842,-19.576],[-50.9906,-19.5915],[-50.9913,-19.6458],[-50.9973,-19.6676],[-51.0206,-19.6976],[-51.0276,-19.7541],[-51.0071,-19.9047],[-51.0047,-20.028],[-50.994,-20.1017],[-50.9523,-20.0542],[-50.894,-20.0078],[-50.8714,-19.9944],[-50.6986,-19.9369],[-50.6556,-19.9154],[-50.5778,-19.8465],[-50.5575,-19.8079],[-50.5249,-19.7928],[-50.4896,-19.7823],[-50.4566,-19.7808],[-50.4255,-19.7919],[-50.4018,-19.812],[-50.3643,-19.8585],[-50.3384,-19.8693],[-50.0158,-19.9125],[-49.8822,-19.9311],[-49.5467,-19.9299],[-49.4987,-19.9391],[-49.4069,-19.9664],[-49.3848,-19.98],[-49.3173,-19.9674],[-49.273,-19.9684],[-49.253,-19.9763],[-49.2428,-19.9893],[-49.25,-20.0073],[-49.2945,-20.0258],[-49.3065,-20.0751],[-49.3058,-20.1],[-49.2916,-20.1647],[-49.2674,-20.2131],[-49.2411,-20.245],[-49.2279,-20.2788],[-49.2164,-20.2941],[-49.1818,-20.3079],[-49.1493,-20.2952],[-49.1211,-20.2684],[-49.0998,-20.2394],[-49.0683,-20.17],[-49.0417,-20.1434],[-49.0029,-20.1513],[-48.9789,-20.1848],[-48.9709,-20.2305],[-48.9763,-20.3214],[-48.9694,-20.4005],[-48.9603,-20.4118],[-48.9011,-20.4387],[-48.8716,-20.4162],[-48.867,-20.4073],[-48.88,-20.3527],[-48.88,-20.2975],[-48.8885,-20.2608],[-48.8632,-20.2163],[-48.8555,-20.1878],[-48.8439,-20.164],[-48.8186,-20.1513],[-48.7702,-20.1513],[-48.7155,-20.1439],[-48.6594,-20.1557],[-48.6203,-20.153],[-48.5855,-20.1311],[-48.5654,-20.1234],[-48.4882,-20.1307],[-48.4438,-20.1159],[-48.4009,-20.1097],[-48.3152,-20.1097],[-48.2922,-20.1155],[-48.2618,-20.1374],[-48.2426,-20.1377],[-48.2199,-20.1136],[-48.2434,-20.0427],[-48.2227,-20.0135],[-48.2,-20.0317],[-48.1681,-20.1029],[-48.1524,-20.1162],[-48.1128,-20.1311],[-48.0716,-20.1509],[-48.0477,-20.1408],[-48.0309,-20.1234],[-48.0064,-20.1134],[-47.9949,-20.0952],[-47.9901,-20.0746],[-47.9894,-20.0278],[-47.9646,-20.0395],[-47.9484,-20.0619],[-47.9444,-20.0958],[-47.9268,-20.114],[-47.8966,-20.1097],[-47.8817,-20.0998],[-47.8725,-20.077],[-47.8665,-20.034],[-47.8771,-20.0052],[-47.8528,-19.9826],[-47.8416,-19.9794],[-47.7152,-19.9751],[-47.6978,-19.9798],[-47.6778,-19.9965],[-47.6526,-20.0292],[-47.6358,-20.0385],[-47.612,-20.034],[-47.5977,-20.0209],[-47.5791,-19.9918],[-47.5318,-19.9842],[-47.4872,-19.9698],[-47.4686,-19.9589],[-47.4402,-19.9802],[-47.4307,-19.9967],[-47.4386,-20.036],[-47.3987,-20.0725],[-47.3761,-20.0756],[-47.3041,-20.1203],[-47.2947,-20.1355],[-47.255,-20.1662],[-47.2489,-20.1854],[-47.2346,-20.2059],[-47.2446,-20.2612],[-47.2679,-20.2837],[-47.2782,-20.3175],[-47.281,-20.3777],[-47.2933,-20.4243],[-47.287,-20.4457],[-47.251,-20.4786],[-47.1534,-20.5249],[-47.1349,-20.549],[-47.1101,-20.6322],[-47.109,-20.6563],[-47.1149,-20.6739],[-47.1363,-20.6943],[-47.1584,-20.7047],[-47.1679,-20.7506],[-47.1891,-20.7801],[-47.2027,-20.788],[-47.2105,-20.8078],[-47.2195,-20.8802],[-47.2249,-20.9006],[-47.2209,-20.9144],[-47.206,-20.927],[-47.1778,-20.9409],[-47.1451,-20.9804],[-47.1527,-20.9998],[-47.1517,-21.0165],[-47.1326,-21.0788],[-47.1322,-21.1151],[-47.1249,-21.1308],[-47.0776,-21.1842],[-47.0555,-21.1968],[-47.0454,-21.2312],[-47.0235,-21.2835],[-47.0136,-21.3142],[-46.9947,-21.3447],[-46.9915,-21.3672],[-47.0006,-21.4006],[-46.9759,-21.4115],[-46.8935,-21.4058],[-46.8619,-21.3879],[-46.8392,-21.3846],[-46.8139,-21.3597],[-46.7629,-21.3607],[-46.7419,-21.3677],[-46.6874,-21.3971],[-46.6561,-21.3721],[-46.6433,-21.3735],[-46.6385,-21.3984],[-46.6117,-21.4105],[-46.6033,-21.4292],[-46.5893,-21.4333],[-46.5585,-21.4286],[-46.5225,-21.4401],[-46.5076,-21.4589],[-46.5019,-21.5032],[-46.4924,-21.5248],[-46.5185,-21.5528],[-46.5223,-21.5657],[-46.5188,-21.6027],[-46.5416,-21.6272],[-46.5604,-21.6739],[-46.5759,-21.6838],[-46.6057,-21.6805],[-46.6108,-21.6912],[-46.6292,-21.7706],[-46.6373,-21.7859],[-46.6685,-21.8125],[-46.6649,-21.8418],[-46.6448,-21.8648],[-46.6609,-21.8873],[-46.6606,-21.9035],[-46.6358,-21.9595],[-46.6183,-21.9846],[-46.6267,-22.0043],[-46.6571,-22.0091],[-46.6716,-22.0301],[-46.6608,-22.0513],[-46.6987,-22.0664],[-46.6795,-22.0894],[-46.6397,-22.0928],[-46.6253,-22.1001],[-46.6007,-22.1326],[-46.6066,-22.147],[-46.6455,-22.1789],[-46.6644,-22.2052],[-46.7004,-22.2822],[-46.7052,-22.3066],[-46.698,-22.3225],[-46.6629,-22.3584],[-46.6578,-22.3727],[-46.6591,-22.3976],[-46.6414,-22.4109],[-46.5914,-22.4289],[-46.5577,-22.4344],[-46.5476,-22.4419],[-46.5445,-22.471],[-46.5354,-22.4796],[-46.4955,-22.4915],[-46.4533,-22.5171],[-46.421,-22.527],[-46.3857,-22.5316],[-46.4129,-22.5567],[-46.4171,-22.5695],[-46.4095,-22.5951],[-46.3951,-22.6161],[-46.4084,-22.6361],[-46.458,-22.653],[-46.476,-22.6706],[-46.4703,-22.6828],[-46.4256,-22.7162],[-46.3666,-22.7478],[-46.353,-22.7642],[-46.3639,-22.7902],[-46.3647,-22.8218],[-46.3599,-22.8442],[-46.3455,-22.8658],[-46.3088,-22.8696],[-46.2873,-22.8814],[-46.2498,-22.8685],[-46.2287,-22.875],[-46.1976,-22.8572],[-46.1562,-22.8481],[-46.1394,-22.8631],[-46.1484,-22.8815],[-46.1447,-22.8906],[-46.1224,-22.8929],[-46.0188,-22.8753],[-45.9831,-22.8544],[-45.9631,-22.8338],[-45.9353,-22.8374],[-45.9233,-22.823],[-45.9085,-22.8204],[-45.8941,-22.8421],[-45.8689,-22.86],[-45.8577,-22.8604],[-45.8343,-22.8324],[-45.8084,-22.8298],[-45.793,-22.8502],[-45.77,-22.8326],[-45.7736,-22.7942],[-45.766,-22.7881],[-45.7448,-22.7966],[-45.7286,-22.7772],[-45.7254,-22.7505],[-45.7318,-22.7305],[-45.7419,-22.7246],[-45.7979,-22.7246],[-45.8082,-22.7134],[-45.804,-22.7001],[-45.718,-22.6525],[-45.709,-22.6381],[-45.7351,-22.5944],[-45.7097,-22.5847],[-45.6692,-22.5812],[-45.6485,-22.5879],[-45.6743,-22.6192],[-45.6813,-22.6401],[-45.6695,-22.65],[-45.6372,-22.6469],[-45.5831,-22.6168],[-45.5726,-22.6226],[-45.5628,-22.6456],[-45.5293,-22.6509],[-45.5078,-22.6452],[-45.4722,-22.6217],[-45.4575,-22.5999],[-45.4474,-22.5957],[-45.4172,-22.6133],[-45.411,-22.6477],[-45.388,-22.6475],[-45.3467,-22.6259],[-45.2701,-22.6043],[-45.2506,-22.587],[-45.2458,-22.5623],[-45.2201,-22.5601],[-45.1802,-22.5262],[-45.1146,-22.4904],[-45.0575,-22.4659],[-45.0281,-22.4673],[-44.9709,-22.4486],[-44.9228,-22.4507],[-44.8964,-22.4415],[-44.8313,-22.4061],[-44.775,-22.3725],[-44.7315,-22.3584],[-44.7072,-22.3586],[-44.663,-22.3682],[-44.652,-22.3645],[-44.6296,-22.3334],[-44.6006,-22.3141],[-44.5701,-22.313],[-44.5327,-22.3045],[-44.4433,-22.2552],[-44.4021,-22.2543],[-44.2921,-22.2404],[-44.2576,-22.2567],[-44.2403,-22.2582],[-44.2173,-22.2498],[-44.1244,-22.2034],[-44.0935,-22.1722],[-44.0644,-22.1646],[-43.9455,-22.1191],[-43.8944,-22.105],[-43.8679,-22.0858],[-43.8138,-22.0641],[-43.7725,-22.057],[-43.7584,-22.0717],[-43.7309,-22.0745],[-43.7017,-22.0638],[-43.665,-22.0703],[-43.6477,-22.0553],[-43.6133,-22.0598],[-43.5833,-22.0479],[-43.5646,-22.0656],[-43.5447,-22.0665],[-43.5112,-22.0571],[-43.4623,-22.0561],[-43.3686,-22.0095],[-43.3431,-22.0015],[-43.3071,-22.0076],[-43.2475,-22.0085],[-43.2197,-22.0228],[-43.1667,-22.021],[-43.1313,-22.0278],[-43.1327,-22.0505],[-43.1468,-22.0723],[-43.1381,-22.0965],[-43.1266,-22.0931],[-43.114,-22.0763],[-43.0911,-22.0688],[-43.0592,-22.073],[-43.0375,-22.0255],[-43.0145,-22.0146],[-42.9515,-22.0059],[-42.9354,-21.9976],[-42.8871,-21.9598],[-42.7537,-21.9101],[-42.6797,-21.8711],[-42.5552,-21.8297],[-42.4581,-21.7764],[-42.4034,-21.7636],[-42.3634,-21.7335],[-42.334,-21.741],[-42.3118,-21.7354],[-42.2803,-21.7136],[-42.2648,-21.6874],[-42.2631,-21.6723],[-42.2837,-21.6435],[-42.3068,-21.6389],[-42.3312,-21.6425],[-42.3692,-21.6338],[-42.3666,-21.5937],[-42.3469,-21.5557],[-42.301,-21.4866],[-42.2953,-21.4555],[-42.2954,-21.4061],[-42.2769,-21.3744],[-42.2208,-21.3371],[-42.2135,-21.2846],[-42.2071,-21.2633],[-42.1815,-21.2146],[-42.1785,-21.195],[-42.1811,-21.1631],[-42.1449,-21.0973],[-42.1217,-21.0659],[-42.1033,-21.0275],[-42.0953,-21.0012],[-42.1285,-20.9934],[-42.1365,-20.985],[-42.14,-20.9633],[-42.1338,-20.9516],[-42.1145,-20.942],[-42.0961,-20.9225],[-42.0846,-20.9198],[-42.0576,-20.9274],[-42.0294,-20.9201],[-42.0004,-20.9322],[-41.9753,-20.923],[-41.9617,-20.9085],[-41.9447,-20.8713],[-41.9261,-20.839],[-41.9203,-20.8045],[-41.8853,-20.7977],[-41.8644,-20.7769],[-41.8791,-20.7693],[-41.8819,-20.7569],[-41.8611,-20.7325],[-41.8412,-20.6877],[-41.8115,-20.6473],[-41.813,-20.6292],[-41.829,-20.6275],[-41.8426,-20.6354],[-41.8522,-20.623],[-41.834,-20.5963],[-41.8204,-20.5563],[-41.7975,-20.5364],[-41.8074,-20.4994],[-41.8078,-20.4733],[-41.7963,-20.4269],[-41.8299,-20.4118],[-41.8399,-20.4012],[-41.8546,-20.3678],[-41.8502,-20.3419],[-41.8334,-20.3228],[-41.7828,-20.2942],[-41.7709,-20.2784],[-41.7555,-20.2352],[-41.7286,-20.2093],[-41.7159,-20.2077],[-41.4055,-20.2129],[-41.3939,-20.2007],[-41.3662,-20.1868],[-41.3433,-20.1311],[-41.3341,-20.0756],[-41.3112,-20.009],[-41.305,-19.9536],[-41.2737,-19.9187],[-41.2341,-19.9119],[-41.215,-19.8898],[-41.1926,-19.876],[-41.1853,-19.8651],[-41.1771,-19.8093],[-41.1808,-19.7863],[-41.1648,-19.687],[-41.1568,-19.6605],[-41.1464,-19.6493],[-41.1127,-19.6309],[-41.0917,-19.6032],[-41.0659,-19.5938],[-41.037,-19.5627],[-41.0296,-19.5471],[-41.0466,-19.5153],[-41.0455,-19.4912],[-41.0352,-19.4889],[-41.0166,-19.4997],[-40.9974,-19.5033],[-40.9822,-19.4963],[-40.9597,-19.4713],[-40.9605,-19.4381],[-40.9564,-19.4155],[-40.9346,-19.3667],[-40.9259,-19.2957],[-40.9413,-19.2576],[-40.9334,-19.2076],[-40.9357,-19.1729],[-40.9431,-19.1457],[-40.9659,-19.112],[-41.0176,-19.0637],[-41.0468,-19.0544],[-41.0508,-19.0343],[-41.0265,-18.9812],[-41.0297,-18.969],[-41.0481,-18.964],[-41.0566,-18.9512],[-41.0569,-18.9272],[-41.0774,-18.9186],[-41.1046,-18.8888],[-41.1294,-18.888],[-41.1651,-18.9074],[-41.2035,-18.8899],[-41.2206,-18.8614],[-41.236,-18.8532],[-41.233,-18.8291],[-41.2167,-18.815],[-41.1964,-18.8085],[-41.1232,-18.8061],[-41.107,-18.8112],[-41.0908,-18.8294],[-40.9821,-18.8261],[-40.9591,-18.8227],[-40.9319,-18.8074],[-40.9198,-18.7874],[-40.9167,-18.7596],[-40.9269,-18.6934],[-40.9374,-18.6757],[-40.9522,-18.6687],[-41.0034,-18.6671],[-41.0259,-18.6556],[-41.0287,-18.6382],[-41.0214,-18.5892],[-41.0096,-18.5404],[-41.0024,-18.4527],[-41.0049,-18.4349],[-41.023,-18.4039],[-41.0417,-18.387],[-41.0661,-18.3752],[-41.0894,-18.3558],[-41.1196,-18.3848],[-41.1485,-18.389],[-41.1305,-18.351],[-41.1294,-18.3352],[-41.143,-18.2969],[-41.1388,-18.2836],[-41.1132,-18.2667],[-41.0771,-18.203],[-41.0589,-18.1788],[-41.0154,-18.1752],[-40.949,-18.1171],[-40.9322,-18.106],[-40.9126,-18.1028],[-40.8927,-18.1114],[-40.8747,-18.1288],[-40.8386,-18.15],[-40.7844,-18.1533],[-40.7672,-18.1391],[-40.7695,-18.1076],[-40.7772,-18.0936],[-40.9111,-17.9718],[-40.9108,-17.9487],[-40.8802,-17.9654],[-40.8674,-17.9666],[-40.8262,-17.9591],[-40.8082,-17.9694],[-40.7866,-17.9724],[-40.7262,-17.9442],[-40.6662,-17.9565],[-40.6387,-17.9459],[-40.5938,-17.9185],[-40.5323,-17.9001],[-40.5092,-17.904],[-40.4777,-17.9286],[-40.4582,-17.9284],[-40.4507,-17.9206],[-40.4533,-17.8976],[-40.4465,-17.8764],[-40.4366,-17.8755],[-40.4272,-17.8939],[-40.3721,-17.9112],[-40.3539,-17.921],[-40.3361,-17.921],[-40.3029,-17.9442],[-40.2655,-17.9452],[-40.245,-17.9605],[-40.2068,-17.9785],[-40.2266,-17.9355],[-40.2293,-17.9174],[-40.2229,-17.9026],[-40.201,-17.8751],[-40.187,-17.8374],[-40.1853,-17.8179],[-40.1938,-17.791],[-40.207,-17.7658],[-40.2434,-17.7347],[-40.2837,-17.7166],[-40.2987,-17.7041],[-40.3066,-17.6838],[-40.3263,-17.6617],[-40.3674,-17.6374],[-40.3816,-17.6244],[-40.3946,-17.5817],[-40.4124,-17.5586],[-40.4381,-17.5563],[-40.4627,-17.561],[-40.4824,-17.5583],[-40.4913,-17.5487],[-40.4958,-17.5256],[-40.4939,-17.5004],[-40.4794,-17.4655],[-40.4819,-17.4428],[-40.4976,-17.4188],[-40.5272,-17.4311],[-40.5373,-17.4135],[-40.5172,-17.3844],[-40.517,-17.3643],[-40.5266,-17.3616],[-40.5526,-17.3698],[-40.5631,-17.3803],[-40.5767,-17.409],[-40.6023,-17.4045],[-40.6096,-17.3917],[-40.6034,-17.3134],[-40.5941,-17.2875],[-40.5632,-17.2618],[-40.5643,-17.2154],[-40.562,-17.1775],[-40.5741,-17.1345],[-40.5678,-17.0993],[-40.5511,-17.0597],[-40.5252,-16.9305],[-40.5146,-16.9129],[-40.4933,-16.8921],[-40.4829,-16.8743],[-40.4708,-16.8691],[-40.4424,-16.8787],[-40.4081,-16.8845],[-40.3314,-16.8839],[-40.2954,-16.8792],[-40.2827,-16.864],[-40.2536,-16.846],[-40.2434,-16.8332],[-40.2469,-16.8101],[-40.2608,-16.7822],[-40.2783,-16.7647],[-40.2827,-16.7431],[-40.2717,-16.6839],[-40.2697,-16.6444],[-40.273,-16.6136],[-40.2614,-16.5734],[-40.2526,-16.5654],[-40.1961,-16.5446],[-40.149,-16.5508],[-40.1374,-16.5443],[-40.1395,-16.5171],[-40.1333,-16.5022],[-40.0572,-16.395],[-39.9857,-16.3531],[-39.9406,-16.3132],[-39.9296,-16.2961],[-39.9169,-16.2594],[-39.9142,-16.2173],[-39.8945,-16.1704],[-39.8836,-16.1549],[-39.8646,-16.1466],[-39.8656,-16.111],[-39.8905,-16.0599],[-39.9215,-16.0279],[-39.935,-16.0011],[-39.9578,-15.9943],[-39.9853,-15.9971],[-40.0047,-15.9938],[-40.0437,-15.9703],[-40.0539,-15.9465],[-40.0731,-15.9278],[-40.1027,-15.9069],[-40.131,-15.8925],[-40.1702,-15.8967],[-40.1815,-15.869],[-40.2081,-15.8586],[-40.213,-15.8276],[-40.2369,-15.8182],[-40.2881,-15.8192],[-40.3308,-15.8245],[-40.3847,-15.8111],[-40.4638,-15.777],[-40.4748,-15.7742],[-40.516,-15.7871],[-40.5355,-15.7977],[-40.5543,-15.7929],[-40.5743,-15.7581],[-40.6342,-15.725],[-40.6694,-15.7166],[-40.6973,-15.7235],[-40.7255,-15.7376],[-40.7501,-15.7425],[-40.7618,-15.738],[-40.7852,-15.706],[-40.8131,-15.6872],[-40.8308,-15.6823],[-40.8727,-15.6958],[-40.8921,-15.6965],[-40.9274,-15.6775],[-40.9449,-15.6735],[-40.9795,-15.6875],[-41.0299,-15.7345],[-41.0546,-15.7444],[-41.0941,-15.7532],[-41.14,-15.7786],[-41.1576,-15.7811],[-41.201,-15.7571],[-41.248,-15.7501],[-41.2944,-15.7374],[-41.3225,-15.742],[-41.331,-15.7168],[-41.3606,-15.4952],[-41.4999,-15.3688],[-41.8014,-15.1096],[-41.8258,-15.1195],[-41.8553,-15.1223],[-41.8861,-15.1468],[-41.9383,-15.171],[-41.9528,-15.1732],[-41.9855,-15.1666],[-42.0497,-15.1729],[-42.0873,-15.1818],[-42.1196,-15.1464],[-42.1522,-15.1257],[-42.1656,-15.1084],[-42.177,-15.1059],[-42.1981,-15.1189],[-42.2601,-15.1078],[-42.3064,-15.0863],[-42.4296,-15.0325],[-42.4751,-15.0001],[-42.4941,-14.9787],[-42.5215,-14.9602],[-42.5559,-14.9477],[-42.5804,-14.9312],[-42.6308,-14.9391],[-42.6674,-14.92],[-42.6885,-14.8981],[-42.7374,-14.8679],[-42.749,-14.8558],[-42.795,-14.8216],[-42.8127,-14.8044],[-42.8909,-14.7495],[-42.9123,-14.7152],[-42.9376,-14.6891],[-42.953,-14.6795],[-42.9912,-14.679],[-43.0345,-14.6621],[-43.0645,-14.662],[-43.1089,-14.6538],[-43.1596,-14.6349],[-43.1774,-14.633],[-43.2283,-14.6372],[-43.2815,-14.653],[-43.3858,-14.7012],[-43.3989,-14.7161],[-43.4035,-14.7323],[-43.448,-14.7785],[-43.4924,-14.7886],[-43.7064,-14.7364],[-43.7178,-14.7225],[-43.7376,-14.7107],[-43.8255,-14.6936],[-43.8487,-14.682],[-43.8665,-14.6596],[-43.8692,-14.6375],[-43.8644,-14.6218],[-43.8688,-14.5926],[-43.8828,-14.5617],[-43.8673,-14.4998],[-43.8481,-14.4683],[-43.838,-14.4256],[-43.8238,-14.3944],[-43.7916,-14.3444],[-43.8377,-14.3158],[-43.8553,-14.3176],[-43.8934,-14.3026],[-43.9241,-14.3055],[-43.9542,-14.3023],[-43.9898,-14.2774],[-44.0068,-14.2743],[-44.0283,-14.2867],[-44.0902,-14.2709],[-44.1193,-14.2772],[-44.1486,-14.2692],[-44.1598,-14.2711],[-44.1954,-14.2556],[-44.213,-14.2403],[-44.2298,-14.2443],[-44.2379,-14.2562],[-44.2784,-14.2491],[-44.2962,-14.2522],[-44.3208,-14.2457],[-44.3606,-14.2732],[-44.4057,-14.2828],[-44.4675,-14.315],[-44.5628,-14.3455],[-44.654,-14.3979],[-44.7058,-14.4431],[-44.8065,-14.5053],[-44.8363,-14.519],[-44.84,-14.5374],[-44.8553,-14.5595],[-44.8592,-14.5786],[-44.8817,-14.5983],[-45.1021,-14.719],[-45.1276,-14.7261],[-45.1448,-14.7236],[-45.1767,-14.7317],[-45.21,-14.733],[-45.2283,-14.744],[-45.2413,-14.7661],[-45.2777,-14.7975],[-45.2904,-14.8201],[-45.3205,-14.8558],[-45.3516,-14.8662],[-45.4061,-14.9114],[-45.4619,-14.9399],[-45.4912,-14.9445],[-45.5297,-14.9341],[-45.5533,-14.9357],[-45.5944,-14.9855],[-45.6059,-15.0065],[-45.6251,-15.0236],[-45.6558,-15.0425],[-45.6686,-15.0799],[-45.6791,-15.0938],[-45.7146,-15.1247],[-45.7471,-15.1442],[-45.7645,-15.1461],[-45.9049,-15.1248],[-45.9259,-15.127],[-45.9691,-15.1884],[-46.0314,-15.216],[-46.0574,-15.2417],[-46.0734,-15.2472],[-46.084,-15.2331],[-46.0706,-15.1988],[-46.0381,-15.1473],[-46.0199,-15.1025],[-46.0126,-15.0677],[-45.9956,-15.0281],[-45.9777,-15.0048],[-45.9773,-14.9838],[-46.0025,-14.947],[-46.0079,-14.9121],[-46.023,-14.8688]]]},"properties":{"name":"Minas Gerais","name_en":"Minas Gerais","name_ja":"ミナスジェライス州","name_zh":"米纳斯吉拉斯","name_ko":"미나스제라이스","adm0_a3":"BRA","postal":"MG","iso_3166_2":"BR-MG","type_en":"State","geonunit":"Brazil"}},
{"type":"Feature","geometry":{"type":"Polygon","coordinates":[[[-45.7577,-10.3308],[-45.8252,-10.3323],[-45.9461,-10.3177],[-46.0054,-10.2906],[-46.0339,-10.27],[-46.0706,-10.2219],[-46.0873,-10.2084],[-46.1891,-10.1758],[-46.2212,-10.1741],[-46.2822,-10.188],[-46.3301,-10.1798],[-46.3476,-10.1696],[-46.3662,-10.1336],[-46.4101,-10.0941],[-46.4241,-10.0602],[-46.463,-10.019],[-46.4703,-10.0043],[-46.4631,-9.9486],[-46.4666,-9.9195],[-46.4829,-9.8856],[-46.5076,-9.8576],[-46.5788,-9.8138],[-46.6188,-9.7762],[-46.6601,-9.758],[-46.6694,-9.7465],[-46.6725,-9.7102],[-46.6646,-9.6833],[-46.6485,-9.6645],[-46.622,-9.6634],[-46.5999,-9.6518],[-46.5888,-9.6121],[-46.5758,-9.5917],[-46.5361,-9.5552],[-46.5321,-9.5452],[-46.5371,-9.517],[-46.5589,-9.4975],[-46.6662,-9.4574],[-46.7527,-9.4108],[-46.7914,-9.38],[-46.8072,-9.3623],[-46.8259,-9.325],[-46.8295,-9.3084],[-46.8277,-9.231],[-46.8457,-9.1678],[-46.8903,-9.1039],[-46.9408,-9.0706],[-46.9709,-9.0656],[-47.0146,-9.069],[-47.0396,-9.0654],[-47.0575,-9.0562],[-47.0809,-9.0348],[-47.0832,-9.0205],[-47.0639,-8.9768],[-47.0139,-8.9298],[-46.9787,-8.8886],[-46.934,-8.8576],[-46.905,-8.831],[-46.9004,-8.8114],[-46.9219,-8.7426],[-46.9038,-8.6999],[-46.8927,-8.652],[-46.8914,-8.6282],[-46.8817,-8.5817],[-46.8679,-8.5461],[-46.8593,-8.5339],[-46.8385,-8.4841],[-46.8272,-8.4674],[-46.7911,-8.4363],[-46.7185,-8.4066],[-46.6601,-8.3973],[-46.6293,-8.4001],[-46.5983,-8.3978],[-46.5012,-8.3973],[-46.4933,-8.3831],[-46.5142,-8.3686],[-46.543,-8.3184],[-46.5411,-8.307],[-46.5184,-8.2956],[-46.5083,-8.2777],[-46.5023,-8.2347],[-46.4909,-8.209],[-46.492,-8.1913],[-46.5041,-8.1732],[-46.4795,-8.0935],[-46.4663,-8.0688],[-46.4777,-8.0271],[-46.4836,-7.9835],[-46.4914,-7.9641],[-46.5461,-7.9413],[-46.5739,-7.9069],[-46.6057,-7.8991],[-46.6454,-7.9133],[-46.7121,-7.9167],[-46.7458,-7.9239],[-46.7781,-7.9465],[-46.8704,-7.9598],[-46.8898,-7.9747],[-46.909,-7.9773],[-46.9401,-8.0002],[-46.9575,-8.0251],[-46.9833,-8.0403],[-47.0149,-8.0428],[-47.0299,-8.0307],[-47.0431,-7.9968],[-47.0523,-7.9873],[-47.079,-7.9759],[-47.099,-7.9321],[-47.1513,-7.8553],[-47.1921,-7.8323],[-47.2083,-7.8139],[-47.2256,-7.7724],[-47.2435,-7.7465],[-47.2666,-7.7405],[-47.2815,-7.73],[-47.2794,-7.7037],[-47.2966,-7.6887],[-47.2959,-7.6635],[-47.3135,-7.6408],[-47.3278,-7.6423],[-47.328,-7.6611],[-47.3458,-7.6579],[-47.3493,-7.6309],[-47.3616,-7.5977],[-47.3726,-7.5823],[-47.3966,-7.5796],[-47.4042,-7.5713],[-47.4039,-7.539],[-47.4143,-7.5309],[-47.457,-7.5361],[-47.4732,-7.5208],[-47.4904,-7.4863],[-47.4988,-7.4504],[-47.5149,-7.4447],[-47.5754,-7.4534],[-47.5915,-7.4458],[-47.5596,-7.4191],[-47.5213,-7.4028],[-47.489,-7.3814],[-47.4754,-7.34],[-47.4859,-7.3023],[-47.5127,-7.2805],[-47.5491,-7.2706],[-47.5884,-7.2683],[-47.6255,-7.2998],[-47.6447,-7.3085],[-47.6604,-7.2635],[-47.6781,-7.2471],[-47.7156,-7.2267],[-47.7411,-7.1934],[-47.7253,-7.1622],[-47.6858,-7.1462],[-47.6399,-7.1584],[-47.5853,-7.0691],[-47.5138,-7.0088],[-47.5027,-6.9834],[-47.5006,-6.9646],[-47.4824,-6.8883],[-47.4965,-6.8528],[-47.4948,-6.7902],[-47.4887,-6.7632],[-47.4754,-6.7333],[-47.4876,-6.6984],[-47.4801,-6.6616],[-47.455,-6.5961],[-47.4493,-6.5439],[-47.4419,-6.5278],[-47.4154,-6.4952],[-47.4072,-6.4794],[-47.4202,-6.4561],[-47.4202,-6.4338],[-47.3997,-6.3838],[-47.4102,-6.3498],[-47.377,-6.2766],[-47.373,-6.2336],[-47.3821,-6.2143],[-47.4085,-6.1812],[-47.4255,-6.1038],[-47.4259,-5.9747],[-47.414,-5.9109],[-47.414,-5.8699],[-47.4397,-5.8157],[-47.4454,-5.7847],[-47.455,-5.7668],[-47.4829,-5.743],[-47.4686,-5.5887],[-47.4971,-5.5266],[-47.5152,-5.4977],[-47.5369,-5.4788],[-47.5935,-5.4701],[-47.6273,-5.4464],[-47.7231,-5.3915],[-47.7597,-5.3832],[-47.8181,-5.3896],[-47.8385,-5.3832],[-47.8517,-5.3691],[-47.8577,-5.3495],[-47.859,-5.3041],[-47.8649,-5.2809],[-47.8798,-5.2643],[-47.8998,-5.2531],[-47.9392,-5.2404],[-47.9996,-5.2324],[-48.0185,-5.2373],[-48.0437,-5.2598],[-48.0645,-5.2666],[-48.1125,-5.2662],[-48.1533,-5.2574],[-48.3126,-5.1823],[-48.3378,-5.1638],[-48.4159,-5.166],[-48.4586,-5.1735],[-48.4981,-5.1865],[-48.5312,-5.2051],[-48.5544,-5.2339],[-48.5818,-5.3007],[-48.6089,-5.3287],[-48.6217,-5.3078],[-48.6413,-5.3034],[-48.6783,-5.3075],[-48.6885,-5.3137],[-48.723,-5.3553],[-48.6869,-5.3579],[-48.6342,-5.3891],[-48.5888,-5.401],[-48.5556,-5.4129],[-48.5301,-5.4027],[-48.3971,-5.3901],[-48.3769,-5.3935],[-48.3667,-5.4027],[-48.3192,-5.4882],[-48.2972,-5.5171],[-48.2705,-5.5341],[-48.2092,-5.5385],[-48.1967,-5.5652],[-48.1607,-5.5955],[-48.1411,-5.627],[-48.1424,-5.6461],[-48.1573,-5.6679],[-48.1863,-5.701],[-48.2027,-5.7117],[-48.2296,-5.7184],[-48.2685,-5.7189],[-48.2886,-5.7272],[-48.2972,-5.7495],[-48.2968,-5.807],[-48.291,-5.8283],[-48.2754,-5.8488],[-48.2318,-5.8919],[-48.2227,-5.9143],[-48.2278,-5.9349],[-48.2414,-5.9449],[-48.3022,-5.9556],[-48.3334,-5.9762],[-48.3388,-5.9965],[-48.3333,-6.0236],[-48.3017,-6.0364],[-48.2842,-6.0548],[-48.2842,-6.0976],[-48.3242,-6.1203],[-48.4139,-6.1442],[-48.4288,-6.1713],[-48.4237,-6.2446],[-48.4139,-6.2876],[-48.4077,-6.299],[-48.3775,-6.3275],[-48.3798,-6.3596],[-48.3899,-6.3624],[-48.4623,-6.3422],[-48.5008,-6.3511],[-48.5278,-6.3704],[-48.5784,-6.418],[-48.6063,-6.435],[-48.6176,-6.4618],[-48.6492,-6.5021],[-48.6678,-6.5415],[-48.6557,-6.5623],[-48.6541,-6.6063],[-48.6579,-6.6308],[-48.6682,-6.6493],[-48.6834,-6.6627],[-48.8182,-6.7191],[-48.8465,-6.7401],[-48.8678,-6.7387],[-48.8932,-6.7437],[-49.0105,-6.7807],[-49.0481,-6.8093],[-49.1985,-6.9026],[-49.2164,-6.9251],[-49.2211,-6.9642],[-49.1892,-7.0827],[-49.185,-7.2253],[-49.1892,-7.2472],[-49.2183,-7.3093],[-49.3749,-7.5001],[-49.3902,-7.5471],[-49.3906,-7.5976],[-49.376,-7.6412],[-49.3484,-7.6793],[-49.3096,-7.7136],[-49.2239,-7.7738],[-49.1815,-7.7866],[-49.1634,-7.8036],[-49.1704,-7.8381],[-49.1681,-7.8744],[-49.1744,-7.9199],[-49.194,-7.9798],[-49.1954,-8.0454],[-49.1986,-8.0586],[-49.2227,-8.0833],[-49.2295,-8.1248],[-49.3023,-8.3465],[-49.3105,-8.3822],[-49.353,-8.4128],[-49.3808,-8.4368],[-49.3986,-8.4685],[-49.4281,-8.5488],[-49.4663,-8.6108],[-49.4772,-8.6181],[-49.5038,-8.6723],[-49.4966,-8.6848],[-49.5034,-8.7089],[-49.5536,-8.7752],[-49.5655,-8.8112],[-49.5813,-8.8307],[-49.6205,-8.8579],[-49.6817,-8.8716],[-49.6991,-8.8812],[-49.7551,-8.923],[-49.7713,-8.9404],[-49.7888,-8.9773],[-49.8079,-8.9954],[-49.8182,-9.0282],[-49.8325,-9.0477],[-49.867,-9.0838],[-49.9272,-9.1702],[-49.9495,-9.193],[-49.9789,-9.2168],[-49.9919,-9.2328],[-50.0019,-9.2606],[-50.0314,-9.2893],[-50.0537,-9.3191],[-50.0643,-9.3515],[-50.0677,-9.386],[-50.0771,-9.4039],[-50.0997,-9.4817],[-50.1071,-9.567],[-50.1116,-9.587],[-50.1335,-9.631],[-50.1429,-9.6584],[-50.1502,-9.7004],[-50.1651,-9.7236],[-50.1891,-9.7411],[-50.2027,-9.7827],[-50.2198,-9.8196],[-50.2357,-9.844],[-50.2594,-9.8803],[-50.2784,-9.9192],[-50.2971,-9.9845],[-50.304,-10.0208],[-50.3157,-10.0373],[-50.3778,-10.1049],[-50.3976,-10.1533],[-50.3883,-10.2141],[-50.3932,-10.2541],[-50.4064,-10.2991],[-50.426,-10.341],[-50.4498,-10.3717],[-50.4816,-10.4008],[-50.4935,-10.4177],[-50.4982,-10.4372],[-50.4968,-10.471],[-50.5033,-10.493],[-50.5249,-10.5226],[-50.5191,-10.5583],[-50.5325,-10.5689],[-50.5485,-10.6033],[-50.5727,-10.612],[-50.5988,-10.6566],[-50.6,-10.6771],[-50.5863,-10.7116],[-50.5871,-10.753],[-50.6005,-10.7921],[-50.6266,-10.8217],[-50.628,-10.8344],[-50.6142,-10.8706],[-50.6214,-10.9065],[-50.6336,-10.9222],[-50.6351,-10.9361],[-50.6272,-10.9625],[-50.6129,-11.0312],[-50.6118,-11.0612],[-50.6214,-11.0882],[-50.6447,-11.1064],[-50.6644,-11.1429],[-50.6665,-11.2264],[-50.6709,-11.2593],[-50.6806,-11.2848],[-50.6943,-11.306],[-50.7258,-11.4026],[-50.7382,-11.4536],[-50.7427,-11.5016],[-50.7309,-11.5306],[-50.7043,-11.5613],[-50.6627,-11.5833],[-50.6499,-11.6082],[-50.658,-11.6635],[-50.7072,-11.7116],[-50.7115,-11.7514],[-50.6987,-11.7674],[-50.6806,-11.8289],[-50.6774,-11.8627],[-50.6498,-11.8788],[-50.6443,-11.8898],[-50.647,-11.9098],[-50.6649,-11.9286],[-50.657,-11.9599],[-50.6636,-11.9837],[-50.6821,-12.0006],[-50.6832,-12.0418],[-50.6726,-12.192],[-50.6593,-12.2183],[-50.6394,-12.2364],[-50.6254,-12.2725],[-50.6239,-12.2926],[-50.6302,-12.308],[-50.6122,-12.4311],[-50.6168,-12.4468],[-50.631,-12.4517],[-50.6347,-12.4664],[-50.6325,-12.499],[-50.6517,-12.5619],[-50.6484,-12.5914],[-50.6539,-12.6065],[-50.6731,-12.6028],[-50.6751,-12.6151],[-50.6657,-12.6312],[-50.6269,-12.6593],[-50.6235,-12.6874],[-50.6146,-12.7044],[-50.6082,-12.7382],[-50.6097,-12.7695],[-50.5953,-12.8075],[-50.5639,-12.8052],[-50.5701,-12.817],[-50.5549,-12.8337],[-50.5291,-12.8408],[-50.498,-12.8402],[-50.484,-12.8448],[-50.4655,-12.8066],[-50.4528,-12.7224],[-50.4465,-12.7004],[-50.419,-12.6777],[-50.4116,-12.6421],[-50.3992,-12.6139],[-50.3601,-12.5712],[-50.3512,-12.5424],[-50.3252,-12.5257],[-50.3195,-12.5124],[-50.3063,-12.5087],[-50.2962,-12.4949],[-50.236,-12.4515],[-50.1503,-12.3999],[-50.1297,-12.4187],[-50.1264,-12.4565],[-50.1369,-12.478],[-50.1889,-12.5323],[-50.2009,-12.5519],[-50.2032,-12.5717],[-50.196,-12.6178],[-50.2006,-12.6546],[-50.2075,-12.6675],[-50.2605,-12.7436],[-50.2751,-12.7877],[-50.2697,-12.8933],[-50.2582,-12.9205],[-50.2395,-12.9332],[-50.0518,-13.0209],[-50.0008,-13.0218],[-49.9907,-13.019],[-49.9694,-13.027],[-49.9119,-13.0716],[-49.6845,-13.1758],[-49.5649,-13.1883],[-49.5185,-13.2005],[-49.4191,-13.2466],[-49.3835,-13.2481],[-49.3696,-13.2174],[-49.3676,-13.1669],[-49.3577,-13.1346],[-49.2965,-13.0028],[-49.1378,-12.7349],[-49.0612,-12.6801],[-49.0174,-12.6557],[-49.0024,-12.6599],[-49.0135,-12.7058],[-49.0142,-12.7244],[-48.9972,-12.7495],[-48.9248,-12.7852],[-48.8603,-12.8332],[-48.824,-12.8736],[-48.8091,-12.8994],[-48.7975,-12.9291],[-48.7949,-12.9563],[-48.8032,-12.998],[-48.7962,-13.0346],[-48.7746,-13.0774],[-48.768,-13.0972],[-48.7609,-13.2108],[-48.7784,-13.2894],[-48.7786,-13.3288],[-48.7732,-13.352],[-48.7563,-13.382],[-48.7398,-13.3835],[-48.7047,-13.359],[-48.6846,-13.3375],[-48.6771,-13.3157],[-48.6689,-13.2682],[-48.6651,-13.2124],[-48.6566,-13.1776],[-48.6444,-13.1628],[-48.6215,-13.1541],[-48.5882,-13.156],[-48.514,-13.1882],[-48.4818,-13.1948],[-48.4048,-13.194],[-48.3668,-13.188],[-48.3261,-13.1699],[-48.2251,-13.0941],[-48.1655,-13.0647],[-48.1421,-13.0736],[-48.1455,-13.096],[-48.167,-13.1478],[-48.1732,-13.1721],[-48.1686,-13.18],[-48.1479,-13.1783],[-48.0987,-13.1872],[-48.0752,-13.195],[-48.039,-13.2193],[-48.0025,-13.2493],[-47.9696,-13.2605],[-47.9522,-13.2442],[-47.9376,-13.2432],[-47.8973,-13.2708],[-47.856,-13.2944],[-47.6813,-13.3542],[-47.6577,-13.3526],[-47.6605,-13.3214],[-47.7173,-13.1968],[-47.7243,-13.1768],[-47.7209,-13.1528],[-47.7111,-13.1417],[-47.668,-13.1071],[-47.6554,-13.1018],[-47.6403,-13.1136],[-47.6259,-13.1467],[-47.5908,-13.182],[-47.5855,-13.21],[-47.5556,-13.2432],[-47.5513,-13.266],[-47.5379,-13.2974],[-47.5295,-13.2963],[-47.5143,-13.2758],[-47.5079,-13.257],[-47.4417,-13.2491],[-47.3996,-13.2272],[-47.3327,-13.1985],[-47.2939,-13.1976],[-47.0922,-13.0955],[-47.0492,-13.0831],[-46.9734,-13.0687],[-46.9232,-13.0754],[-46.8772,-13.0752],[-46.8277,-13.0693],[-46.7782,-13.0548],[-46.7507,-13.0353],[-46.6465,-12.9248],[-46.6186,-12.9045],[-46.591,-12.8939],[-46.5262,-12.8817],[-46.4891,-12.8708],[-46.4559,-12.8519],[-46.4341,-12.8455],[-46.3465,-12.8442],[-46.3006,-12.833],[-46.2335,-12.7966],[-46.2426,-12.779],[-46.2451,-12.7468],[-46.234,-12.7122],[-46.1601,-12.6026],[-46.1555,-12.5878],[-46.1596,-12.503],[-46.1722,-12.4841],[-46.2006,-12.47],[-46.2646,-12.4555],[-46.3023,-12.4368],[-46.3171,-12.4236],[-46.3276,-12.3992],[-46.3452,-12.342],[-46.3391,-12.1302],[-46.3355,-12.1096],[-46.3242,-12.0921],[-46.2694,-12.0642],[-46.2494,-12.0496],[-46.2143,-12.0006],[-46.1977,-11.99],[-46.1359,-11.9694],[-46.1056,-11.9443],[-46.0768,-11.9281],[-46.071,-11.9097],[-46.1025,-11.8654],[-46.1368,-11.8436],[-46.1571,-11.8357],[-46.1938,-11.8319],[-46.25,-11.8437],[-46.2607,-11.8412],[-46.2694,-11.8201],[-46.2753,-11.7647],[-46.2669,-11.7452],[-46.2446,-11.726],[-46.192,-11.7028],[-46.1248,-11.6808],[-46.1048,-11.6661],[-46.0931,-11.6483],[-46.0852,-11.622],[-46.0852,-11.601],[-46.1136,-11.5806],[-46.1908,-11.5448],[-46.2791,-11.5192],[-46.4274,-11.4999],[-46.4417,-11.4951],[-46.4642,-11.4753],[-46.4914,-11.4143],[-46.5065,-11.4014],[-46.5526,-11.3773],[-46.5679,-11.3469],[-46.5707,-11.3161],[-46.5577,-11.28],[-46.5307,-11.2347],[-46.476,-11.1943],[-46.4637,-11.1793],[-46.4341,-11.0965],[-46.3842,-10.9909],[-46.3703,-10.9698],[-46.3461,-10.9518],[-46.3189,-10.9377],[-46.2495,-10.9156],[-46.2366,-10.9057],[-46.2343,-10.8823],[-46.2667,-10.8387],[-46.2742,-10.8084],[-46.3032,-10.7949],[-46.3103,-10.7847],[-46.3024,-10.7583],[-46.2397,-10.7103],[-46.201,-10.6668],[-46.1893,-10.658],[-46.1378,-10.6341],[-46.0888,-10.5857],[-46.0696,-10.5775],[-46.0386,-10.5716],[-46.0066,-10.5473],[-45.9557,-10.5219],[-45.9187,-10.4964],[-45.858,-10.4682],[-45.8196,-10.4364],[-45.8083,-10.4208],[-45.8014,-10.3831],[-45.7907,-10.3559],[-45.7789,-10.3399],[-45.7577,-10.3308]]]},"properties":{"name":"Tocantins","name_en":"Tocantins","name_ja":"トカンティンス州","name_zh":"托坎廷斯","name_ko":"토칸칭스","adm0_a3":"BRA","postal":"TO","iso_3166_2":"BR-TO","type_en":"State","geonunit":"Brazil"}}
]}