{"type":"FeatureCollection", "features": [
{"type":"Feature","geometry":{"type":"MultiPolygon","coordinates":[[[[-139.0602,60.0001],[-139.0038,59.9772],[-138.7426,59.9132],[-138.6921,59.8869],[-138.6543,59.8055],[-138.6374,59.7841],[-138.5992,59.7538],[-138.2195,59.556],[-137.9106,59.3952],[-137.6114,59.2393],[-137.5821,59.2066],[-137.4844,58.9919],[-137.5078,58.94],[-137.5088,58.9149],[-137.4869,58.9001],[-137.4535,58.8991],[-137.4231,58.9077],[-137.2819,58.9872],[-136.8408,59.1482],[-136.7855,59.1572],[-136.6719,59.1508],[-136.6135,59.1542],[-136.5695,59.1722],[-136.4848,59.2538],[-136.4665,59.2878],[-136.4676,59.4616],[-136.416,59.4522],[-136.3668,59.4496],[-136.32,59.4591],[-136.275,59.4864],[-136.2447,59.5282],[-136.2585,59.5561],[-136.2993,59.5757],[-136.3503,59.5924],[-136.2585,59.6216],[-135.9238,59.6667],[-135.4828,59.7925],[-135.4651,59.7897],[-135.4044,59.7533],[-135.2599,59.6982],[-135.2219,59.6753],[-135.1578,59.6233],[-135.0879,59.6065],[-135.0329,59.5731],[-135.0162,59.5434],[-135.0233,59.4771],[-135.0375,59.4616],[-135.0786,59.4383],[-135.0958,59.4189],[-134.9933,59.3819],[-135.0144,59.3515],[-135.0162,59.3362],[-134.98,59.2974],[-134.9324,59.2706],[-134.7055,59.2401],[-134.6829,59.223],[-134.6604,59.1813],[-134.6108,59.1446],[-134.5567,59.1231],[-134.5091,59.1228],[-134.4776,59.1149],[-134.451,59.0979],[-134.398,59.052],[-134.3856,59.0188],[-134.3994,58.975],[-134.3434,58.9689],[-134.32,58.9527],[-134.333,58.9341],[-134.3169,58.9038],[-134.2222,58.8427],[-133.8712,58.7359],[-133.8311,58.718],[-133.7964,58.6934],[-133.7001,58.5994],[-133.6263,58.5464],[-133.4631,58.4622],[-133.3922,58.4039],[-133.4301,58.3721],[-133.415,58.3305],[-133.3746,58.291],[-133.1656,58.1473],[-133.1421,58.1206],[-133.0948,58.0331],[-133.0752,58.0079],[-132.9172,57.8805],[-132.7094,57.6633],[-132.5524,57.4991],[-132.3623,57.3457],[-132.231,57.1968],[-132.3412,57.0804],[-132.0319,57.0284],[-132.1074,56.8588],[-131.8716,56.7935],[-131.8659,56.7857],[-131.888,56.748],[-131.8807,56.7288],[-131.839,56.6823],[-131.8266,56.6446],[-131.8321,56.6034],[-131.7991,56.5877],[-131.6923,56.5851],[-131.5859,56.595],[-131.5364,56.5852],[-131.4917,56.5602],[-131.1005,56.4077],[-131.0169,56.3871],[-130.8391,56.3725],[-130.7603,56.3452],[-130.6458,56.2619],[-130.6023,56.2471],[-130.4955,56.2324],[-130.4581,56.2107],[-130.4279,56.144],[-130.404,56.1219],[-130.2432,56.0924],[-130.2112,56.09],[-130.1168,56.1056],[-130.0943,56.1015],[-130.0715,56.0841],[-130.0393,56.0455],[-130.019,56.0022],[-130.0147,55.9633],[-130.0168,55.9189],[-129.9821,55.9351],[-129.9613,55.9208],[-129.9847,55.9055],[-130.0337,55.8488],[-130.1156,55.78],[-130.1288,55.7592],[-130.1306,55.7363],[-130.1122,55.7011],[-130.0807,55.685],[-130.0799,55.66],[-130.0917,55.6329],[-130.0998,55.5872],[-130.094,55.5526],[-130.0766,55.5223],[-130.0251,55.4655],[-130.0041,55.3985],[-130.003,55.3568],[-129.9962,55.3386],[-129.9611,55.3107],[-129.9494,55.2932],[-129.9579,55.2735],[-130.0162,55.2289],[-130.0786,55.1926],[-130.1202,55.1483],[-130.1395,55.1127],[-130.1674,55.0854],[-130.1364,55.037],[-130.1248,55.0053],[-130.1058,54.9975],[-130.0638,55.0029],[-130.0371,55.0364],[-129.9962,55.0991],[-129.9123,55.1689],[-129.8999,55.1884],[-129.8776,55.2481],[-129.828,55.2803],[-129.8219,55.2902],[-129.8246,55.3282],[-129.7978,55.3413],[-129.7838,55.366],[-129.8105,55.3803],[-129.79,55.4001],[-129.8248,55.3864],[-129.8201,55.3743],[-129.8384,55.3728],[-129.8373,55.3954],[-129.8248,55.4138],[-129.79,55.4349],[-129.7902,55.4638],[-129.777,55.4794],[-129.8105,55.5407],[-129.8118,55.5827],[-129.8248,55.6192],[-129.8065,55.6245],[-129.7905,55.5983],[-129.7541,55.5016],[-129.7434,55.4835],[-129.7161,55.4653],[-129.713,55.4208],[-129.6944,55.4138],[-129.6566,55.4516],[-129.6347,55.4616],[-129.5592,55.4555],[-129.5306,55.4591],[-129.478,55.4835],[-129.4757,55.4641],[-129.5432,55.4379],[-129.6104,55.4465],[-129.6392,55.4411],[-129.6742,55.4016],[-129.6753,55.3781],[-129.7028,55.3658],[-129.7213,55.349],[-129.7491,55.3113],[-129.7528,55.2871],[-129.814,55.2595],[-129.8521,55.2083],[-129.8521,55.1884],[-129.89,55.1571],[-129.9167,55.1257],[-129.9414,55.1187],[-129.9567,55.1014],[-129.9757,55.0581],[-130.001,55.0224],[-129.9879,55.0058],[-129.9548,55.0097],[-129.6756,54.9946],[-129.6256,55.0097],[-129.6413,54.9896],[-129.6633,54.9844],[-129.7181,54.9892],[-129.7557,54.9772],[-129.7836,54.9794],[-129.8248,54.9954],[-129.8452,54.987],[-129.8807,54.9553],[-129.9317,54.9476],[-129.9753,54.921],[-129.9892,54.9203],[-129.9567,54.9574],[-129.975,54.9719],[-130.022,54.9739],[-130.0638,54.9544],[-130.1044,54.9009],[-130.1343,54.8872],[-130.1737,54.8446],[-130.1047,54.8663],[-130.0672,54.8967],[-130.0501,54.893],[-130.0714,54.8658],[-130.0985,54.8446],[-130.1474,54.8279],[-130.16,54.7974],[-130.1947,54.7564],[-130.2015,54.7285],[-130.1549,54.7226],[-130.1104,54.7026],[-130.0758,54.6933],[-130.0166,54.6398],[-129.9618,54.6266],[-129.8909,54.626],[-129.8937,54.6118],[-129.9237,54.6092],[-130.0116,54.6199],[-130.0607,54.6432],[-130.0786,54.6686],[-130.1816,54.7048],[-130.2344,54.7114],[-130.2877,54.7078],[-130.3381,54.6938],[-130.3724,54.6643],[-130.3598,54.6321],[-130.3226,54.6037],[-130.2835,54.5852],[-130.2909,54.5708],[-130.2117,54.4934],[-130.137,54.442],[-130.1011,54.4263],[-130.0849,54.4442],[-130.0829,54.4786],[-130.0638,54.5019],[-129.9962,54.5237],[-129.9849,54.5047],[-130.0166,54.4883],[-130.0519,54.4853],[-130.0712,54.461],[-130.0641,54.4468],[-130.0846,54.4113],[-130.0849,54.3921],[-130.0731,54.377],[-130.0135,54.3342],[-129.9757,54.3319],[-129.9589,54.3221],[-130.0061,54.32],[-130.053,54.3374],[-130.276,54.5198],[-130.2882,54.539],[-130.3182,54.5646],[-130.3456,54.5981],[-130.383,54.6233],[-130.4312,54.633],[-130.4396,54.6239],[-130.42,54.6042],[-130.3797,54.5777],[-130.3856,54.5653],[-130.4312,54.5678],[-130.4398,54.549],[-130.4354,54.5022],[-130.4206,54.4858],[-130.3797,54.461],[-130.4003,54.454],[-130.4451,54.4532],[-130.4654,54.4442],[-130.4811,54.4187],[-130.4752,54.3921],[-130.4825,54.3737],[-130.4582,54.3486],[-130.3729,54.3319],[-130.3489,54.3337],[-130.2722,54.3581],[-130.2494,54.4064],[-130.2464,54.3872],[-130.2582,54.341],[-130.2432,54.3256],[-130.2394,54.2869],[-130.1947,54.263],[-130.231,54.2601],[-130.2929,54.2375],[-130.2773,54.2078],[-130.1763,54.1952],[-130.1408,54.1658],[-130.1122,54.1593],[-130.0885,54.1754],[-130.0644,54.1821],[-130.0197,54.1805],[-129.9888,54.2034],[-129.9542,54.2108],[-129.8863,54.2351],[-129.829,54.2421],[-129.7678,54.2365],[-129.6256,54.2018],[-129.5951,54.2003],[-129.5753,54.2239],[-129.5179,54.2472],[-129.4918,54.2515],[-129.4753,54.2351],[-129.504,54.2322],[-129.5631,54.2127],[-129.6119,54.1839],[-129.637,54.1811],[-129.7211,54.2078],[-129.7656,54.2042],[-129.7921,54.218],[-129.8381,54.2221],[-129.8866,54.2119],[-129.9272,54.1873],[-129.9323,54.1683],[-129.8999,54.129],[-129.8658,54.1047],[-129.8467,54.0744],[-129.8247,54.0513],[-129.7823,54.0218],[-129.7454,54.009],[-129.715,53.9538],[-129.7274,53.9578],[-129.762,54.0039],[-129.7891,54.0065],[-129.8031,54.0228],[-129.8291,54.0255],[-129.8441,54.0361],[-129.8521,54.057],[-129.8999,54.1121],[-129.9409,54.1326],[-129.9504,54.1593],[-129.9799,54.1611],[-130.0501,54.1562],[-130.0566,54.1396],[-130.0853,54.1005],[-130.0917,54.0811],[-130.0839,54.0047],[-130.0867,53.9706],[-130.1047,53.9471],[-130.0638,53.9062],[-130.0197,53.8757],[-130.0063,53.8746],[-129.9691,53.8913],[-129.9742,53.8659],[-129.9962,53.8515],[-129.9587,53.8419],[-129.9392,53.8303],[-129.9204,53.8037],[-129.8794,53.7831],[-129.8453,53.7553],[-129.8031,53.7553],[-129.7764,53.7211],[-129.7157,53.6955],[-129.7019,53.6728],[-129.7429,53.687],[-129.6879,53.6401],[-129.6699,53.6184],[-129.6153,53.5771],[-129.5931,53.5722],[-129.3349,53.3969],[-129.2898,53.3854],[-129.2633,53.4106],[-129.242,53.4474],[-129.2357,53.492],[-129.2423,53.5119],[-129.2624,53.5163],[-129.2447,53.5303],[-129.2394,53.5515],[-129.242,53.5945],[-129.2283,53.6327],[-129.1894,53.6622],[-129.1461,53.6777],[-129.129,53.7112],[-129.1121,53.7219],[-129.0333,53.7495],[-129.0644,53.7912],[-129.0638,53.8105],[-129.048,53.8123],[-129.0195,53.7744],[-129.0018,53.7621],[-128.9732,53.7776],[-128.9654,53.8205],[-128.9778,53.8669],[-129.0092,53.8925],[-128.9835,53.8983],[-128.9659,53.8905],[-128.9403,53.8651],[-128.9477,53.8393],[-128.9471,53.8105],[-128.9149,53.8576],[-128.908,53.8273],[-128.9283,53.7959],[-128.9329,53.7764],[-128.8616,53.8302],[-128.8393,53.8656],[-128.7892,53.8926],[-128.7827,53.9204],[-128.7645,53.9135],[-128.7485,53.9204],[-128.6818,54.0007],[-128.6527,54.0198],[-128.6219,54.0321],[-128.5983,54.0302],[-128.6277,54.013],[-128.632,53.9782],[-128.6938,53.9064],[-128.6897,53.8937],[-128.6628,53.8911],[-128.5725,53.8609],[-128.5499,53.8577],[-128.5011,53.8627],[-128.4737,53.8415],[-128.4795,53.8369],[-128.5589,53.8417],[-128.6563,53.8623],[-128.6778,53.8593],[-128.6935,53.8212],[-128.7554,53.8105],[-128.7889,53.7809],[-128.7919,53.7602],[-128.7704,53.7214],[-128.7738,53.7047],[-128.8121,53.6578],[-128.8175,53.6355],[-128.7997,53.6076],[-128.7793,53.5947],[-128.7491,53.5624],[-128.7281,53.5703],[-128.7006,53.5471],[-128.6871,53.5194],[-128.6122,53.5046],[-128.5943,53.4739],[-128.5528,53.4572],[-128.5392,53.4394],[-128.5164,53.4339],[-128.4919,53.4474],[-128.4526,53.4462],[-128.4205,53.4527],[-128.3902,53.4746],[-128.3741,53.5036],[-128.3001,53.4815],[-128.2005,53.4883],[-128.1327,53.4841],[-128.1111,53.4883],[-128.1163,53.4763],[-128.1036,53.4569],[-128.0851,53.4482],[-128.0302,53.3823],[-128.0018,53.3623],[-127.9432,53.3443],[-127.9281,53.3245],[-127.9329,53.2891],[-127.9176,53.2714],[-127.8771,53.2501],[-127.8715,53.2283],[-127.9426,53.2537],[-127.9534,53.2652],[-127.9564,53.3184],[-127.977,53.3424],[-128.051,53.3738],[-128.0707,53.3646],[-128.1042,53.3376],[-128.0721,53.4032],[-128.09,53.4312],[-128.1059,53.4431],[-128.1489,53.4536],[-128.2535,53.4528],[-128.3087,53.4606],[-128.3519,53.4815],[-128.3632,53.4589],[-128.3795,53.4475],[-128.4674,53.4337],[-128.5084,53.4064],[-128.4906,53.4049],[-128.4799,53.3867],[-128.4835,53.3571],[-128.4939,53.3441],[-128.5015,53.376],[-128.4925,53.3813],[-128.5203,53.4016],[-128.563,53.4195],[-128.6393,53.4748],[-128.6834,53.4931],[-128.6916,53.4823],[-128.6666,53.4611],[-128.6728,53.4536],[-128.7076,53.4815],[-128.7485,53.4952],[-128.7755,53.5556],[-128.7895,53.5703],[-128.8127,53.5729],[-128.8646,53.5362],[-128.8924,53.5366],[-128.9457,53.5545],[-128.9745,53.5566],[-128.9473,53.4858],[-128.9329,53.4679],[-128.9079,53.4587],[-128.8894,53.4781],[-128.8625,53.4892],[-128.831,53.4883],[-128.8442,53.4709],[-128.8806,53.4477],[-128.8863,53.4269],[-128.8738,53.4006],[-128.8876,53.3771],[-128.8447,53.3716],[-128.8761,53.345],[-128.8843,53.3263],[-128.8755,53.3062],[-128.8325,53.2668],[-128.7997,53.2565],[-128.7005,53.1983],[-128.6802,53.1928],[-128.6592,53.201],[-128.6728,53.2352],[-128.6556,53.2397],[-128.6481,53.2236],[-128.5898,53.1614],[-128.5599,53.1457],[-128.4977,53.15],[-128.481,53.1457],[-128.5467,53.136],[-128.5568,53.1287],[-128.5495,53.1094],[-128.5119,53.1074],[-128.4953,53.0974],[-128.5318,53.0895],[-128.534,53.0692],[-128.522,53.0465],[-128.5084,52.9639],[-128.4925,52.9086],[-128.4975,52.8947],[-128.4779,52.8683],[-128.4504,52.8518],[-128.433,52.8237],[-128.3714,52.8202],[-128.3055,52.8028],[-128.2755,52.7998],[-128.2369,52.8082],[-128.2141,52.8305],[-128.1794,52.8509],[-128.1535,52.8843],[-128.1383,52.9267],[-128.1051,52.9121],[-128.0417,52.9236],[-128.0377,52.9071],[-128.0783,52.9024],[-128.1095,52.8921],[-128.1322,52.8731],[-128.1383,52.8441],[-128.1269,52.7851],[-128.1256,52.7528],[-128.1515,52.7148],[-128.1566,52.6956],[-128.1831,52.6765],[-128.1936,52.6393],[-128.2331,52.5886],[-128.243,52.5588],[-128.234,52.5054],[-128.222,52.4794],[-128.2262,52.4605],[-128.2516,52.4294],[-128.2605,52.4024],[-128.2987,52.4024],[-128.3285,52.3864],[-128.3392,52.3488],[-128.3302,52.3302],[-128.3795,52.3094],[-128.3922,52.296],[-128.3411,52.2892],[-128.3109,52.2757],[-128.283,52.2839],[-128.2346,52.3264],[-128.1971,52.3886],[-128.1728,52.4006],[-128.1527,52.4326],[-128.0924,52.5133],[-128.0712,52.5178],[-128.0282,52.5476],[-127.9317,52.5605],[-127.8777,52.5841],[-127.8988,52.5424],[-127.9398,52.5294],[-127.9342,52.5059],[-127.9473,52.5015],[-127.9845,52.522],[-128.0233,52.5115],[-128.0531,52.4852],[-128.0666,52.4497],[-128.0565,52.4121],[-128.0639,52.4059],[-128.0275,52.376],[-128.0159,52.3467],[-127.9677,52.3227],[-127.9224,52.3623],[-127.9026,52.3853],[-127.8988,52.4059],[-127.9252,52.4328],[-127.9147,52.4797],[-127.9187,52.4879],[-127.8966,52.5122],[-127.8736,52.5119],[-127.8845,52.4879],[-127.9148,52.4644],[-127.9149,52.4411],[-127.892,52.4121],[-127.8566,52.3851],[-127.8475,52.3713],[-127.8578,52.3581],[-127.8971,52.3544],[-127.9093,52.3476],[-127.9329,52.3165],[-127.9144,52.2851],[-127.8898,52.2771],[-127.8845,52.2408],[-127.8607,52.216],[-127.8299,52.2408],[-127.8005,52.2563],[-127.7828,52.3035],[-127.7558,52.3393],[-127.7366,52.3544],[-127.7145,52.3581],[-127.7477,52.3128],[-127.7554,52.2818],[-127.7303,52.2763],[-127.6735,52.3035],[-127.6314,52.296],[-127.6166,52.2985],[-127.6108,52.3196],[-127.5893,52.3309],[-127.5422,52.3418],[-127.4951,52.3588],[-127.4525,52.4118],[-127.2855,52.4591],[-127.262,52.4844],[-127.2818,52.5151],[-127.2551,52.5362],[-127.2587,52.5533],[-127.2234,52.5663],[-127.1522,52.6114],[-127.0538,52.653],[-126.9869,52.7109],[-126.9801,52.7243],[-127.0013,52.7516],[-127.0013,52.7827],[-127.0172,52.8137],[-127.0609,52.8598],[-127.0764,52.8851],[-127.0423,52.8646],[-126.9917,52.8438],[-126.9696,52.8294],[-126.9552,52.7883],[-126.9255,52.7343],[-126.9318,52.7128],[-126.966,52.6856],[-126.9823,52.6447],[-127.003,52.6336],[-127.0559,52.625],[-127.109,52.5893],[-127.1496,52.5794],[-127.1908,52.5548],[-127.2277,52.5229],[-127.2327,52.5079],[-127.225,52.4561],[-127.1999,52.4394],[-127.1794,52.4121],[-127.1897,52.3879],[-127.1658,52.3712],[-127.159,52.3555],[-127.0416,52.3378],[-127.0023,52.3393],[-126.913,52.372],[-126.7851,52.3974],[-126.753,52.3934],[-126.7338,52.3712],[-126.8141,52.368],[-126.8559,52.3572],[-126.8747,52.3581],[-126.8846,52.3444],[-126.9255,52.337],[-126.9385,52.3059],[-126.9086,52.2689],[-126.9032,52.2452],[-126.9125,52.2271],[-126.8851,52.1945],[-126.7926,52.1532],[-126.7508,52.1278],[-126.7233,52.0951],[-126.7165,52.077],[-126.6859,52.0627],[-126.6722,52.0473],[-126.6723,51.9875],[-126.6996,52.0353],[-126.7788,52.0976],[-126.9077,52.1785],[-126.9466,52.2128],[-126.9372,52.2347],[-126.9574,52.2686],[-126.9976,52.2975],[-127.0431,52.3098],[-127.0951,52.3115],[-127.1483,52.319],[-127.1864,52.3093],[-127.2462,52.258],[-127.2836,52.2377],[-127.3573,52.2292],[-127.3815,52.2197],[-127.3983,52.1964],[-127.4517,52.1819],[-127.4537,52.1726],[-127.4053,52.1042],[-127.4305,52.0888],[-127.4653,52.0832],[-127.5495,52.0823],[-127.5903,52.0501],[-127.6244,52.0285],[-127.5765,52.0937],[-127.5657,52.1],[-127.5072,52.0961],[-127.4755,52.1066],[-127.468,52.1412],[-127.477,52.1506],[-127.5152,52.152],[-127.5826,52.1278],[-127.6149,52.1075],[-127.6381,52.0837],[-127.6479,52.057],[-127.6592,51.992],[-127.6735,51.967],[-127.6661,51.9596],[-127.6849,51.95],[-127.7654,51.9534],[-127.8168,51.9298],[-127.8496,51.9201],[-127.8602,51.9065],[-127.8715,51.8702],[-127.8845,51.8606],[-127.8777,51.8436],[-127.892,51.8162],[-127.8777,51.7852],[-127.8777,51.7582],[-127.8649,51.7377],[-127.8771,51.7148],[-127.8737,51.6734],[-127.8374,51.645],[-127.8264,51.5987],[-127.8026,51.6039],[-127.7895,51.5556],[-127.8027,51.5377],[-127.7914,51.5269],[-127.7181,51.5363],[-127.7002,51.5351],[-127.6592,51.5146],[-127.6807,51.5052],[-127.7455,51.5053],[-127.7616,51.4941],[-127.7281,51.4599],[-127.6664,51.4599],[-127.6227,51.4782],[-127.5716,51.5281],[-127.5731,51.5579],[-127.5903,51.5692],[-127.5456,51.6343],[-127.4784,51.6516],[-127.4674,51.6623],[-127.4767,51.6752],[-127.5494,51.6723],[-127.6456,51.6927],[-127.6456,51.7001],[-127.5829,51.7119],[-127.5504,51.7108],[-127.4927,51.6987],[-127.4767,51.7134],[-127.4533,51.7746],[-127.4003,51.7777],[-127.376,51.8375],[-127.3501,51.8702],[-127.3371,51.8572],[-127.3624,51.7802],[-127.3749,51.7685],[-127.4224,51.7597],[-127.4345,51.7459],[-127.4327,51.7064],[-127.4469,51.6859],[-127.4232,51.6719],[-127.3856,51.6738],[-127.3545,51.6887],[-127.3501,51.7138],[-127.3288,51.7113],[-127.285,51.6909],[-127.2585,51.6859],[-127.0955,51.7042],[-126.6993,51.6654],[-126.6785,51.6927],[-126.6487,51.7066],[-126.6444,51.72],[-126.6677,51.7664],[-126.6587,51.7883],[-126.6381,51.7733],[-126.6376,51.7616],[-126.6034,51.7138],[-126.6245,51.6784],[-126.6482,51.6791],[-126.6553,51.6555],[-126.6772,51.6457],[-126.7093,51.6445],[-127.0435,51.6686],[-127.3157,51.6557],[-127.468,51.6284],[-127.5118,51.6074],[-127.5212,51.5891],[-127.515,51.5492],[-127.5217,51.5161],[-127.5528,51.4975],[-127.5519,51.4709],[-127.5849,51.4645],[-127.6212,51.443],[-127.6643,51.3981],[-127.7289,51.3874],[-127.7784,51.3649],[-127.7895,51.3501],[-127.7797,51.3306],[-127.7519,51.3219],[-127.7215,51.3214],[-127.6803,51.3361],[-127.6488,51.3362],[-127.5903,51.3297],[-127.5626,51.3339],[-127.5137,51.3532],[-127.4845,51.3576],[-127.4643,51.3532],[-127.472,51.343],[-127.5152,51.3228],[-127.5152,51.3166],[-127.2818,51.3023],[-127.2558,51.3088],[-127.1651,51.3448],[-127.1173,51.3985],[-127.1141,51.3821],[-127.1266,51.3388],[-127.1385,51.3228],[-127.1794,51.3091],[-127.221,51.2893],[-127.378,51.2751],[-127.4159,51.2893],[-127.5714,51.3006],[-127.6263,51.2753],[-127.7364,51.2579],[-127.7895,51.2334],[-127.7939,51.1979],[-127.777,51.1672],[-127.6899,51.129],[-127.6865,51.1099],[-127.6619,51.0975],[-127.6346,51.0966],[-127.553,51.1083],[-127.5027,51.1198],[-127.4811,51.1099],[-127.4996,51.0954],[-127.5188,51.0413],[-127.5323,51.018],[-127.5308,51.0037],[-127.5061,50.991],[-127.4732,50.9841],[-127.4329,50.987],[-127.4171,50.9704],[-127.4469,50.9535],[-127.429,50.9431],[-127.3296,50.9158],[-127.2853,50.9119],[-127.2551,50.9182],[-127.2484,50.8983],[-127.2135,50.8771],[-127.131,50.8661],[-127.0674,50.8308],[-127.0218,50.8219],[-127.0012,50.8318],[-126.9575,50.8635],[-126.922,50.8723],[-126.9535,50.8846],[-127.0075,50.8846],[-127.0847,50.902],[-127.1563,50.9151],[-127.1742,50.9259],[-127.1658,50.9392],[-127.1517,50.9324],[-127.0804,50.9269],[-127.0272,50.9064],[-126.8992,50.9069],[-126.8784,50.9318],[-126.8462,50.9434],[-126.8153,50.9178],[-126.7699,50.9097],[-126.7474,50.8908],[-126.6962,50.8774],[-126.6742,50.8782],[-126.5754,50.9064],[-126.5268,50.9559],[-126.5454,50.9836],[-126.5522,51.0051],[-126.5445,51.0316],[-126.5215,51.0764],[-126.5056,51.0115],[-126.4835,50.9647],[-126.4595,50.9517],[-126.4054,50.9392],[-126.2433,50.9281],[-126.1789,50.9535],[-126.1731,50.9388],[-126.1842,50.9229],[-126.2233,50.905],[-126.3189,50.9142],[-126.3607,50.9043],[-126.4669,50.9119],[-126.4989,50.9223],[-126.5624,50.8771],[-126.5594,50.8533],[-126.5474,50.8374],[-126.4887,50.8167],[-126.4598,50.822],[-126.3883,50.852],[-126.3127,50.8566],[-126.2701,50.8642],[-126.2403,50.8635],[-126.2329,50.8437],[-126.214,50.8485],[-126.1838,50.8679],[-126.1789,50.8532],[-126.1964,50.798],[-126.1789,50.781],[-126.1518,50.774],[-126.0799,50.7952],[-126.0345,50.7951],[-126.0553,50.7747],[-126.1258,50.7485],[-126.1676,50.7182],[-126.2101,50.7094],[-126.2267,50.6928],[-126.2123,50.6751],[-126.1866,50.6719],[-126.0591,50.6853],[-126.0076,50.7133],[-125.9851,50.7151],[-125.953,50.6853],[-125.9049,50.6892],[-125.8796,50.7091],[-125.7674,50.7133],[-125.7435,50.7172],[-125.7088,50.7582],[-125.6854,50.7747],[-125.6477,50.7824],[-125.6444,50.7987],[-125.6823,50.8219],[-125.6793,50.8703],[-125.6388,50.8953],[-125.5756,50.9072],[-125.5421,50.9392],[-125.583,50.9665],[-125.6103,51.015],[-125.6308,51.0627],[-125.637,51.1037],[-125.5775,51.0723],[-125.5626,51.0553],[-125.5383,50.9949],[-125.5121,50.9608],[-125.5116,50.9268],[-125.5346,50.9119],[-125.55,50.8733],[-125.5597,50.8656],[-125.6278,50.8627],[-125.6454,50.8549],[-125.6513,50.8362],[-125.6397,50.8162],[-125.6081,50.7809],[-125.6202,50.7577],[-125.6718,50.7399],[-125.6836,50.7258],[-125.6991,50.6894],[-125.7165,50.6785],[-125.7503,50.6853],[-125.8264,50.6771],[-125.9145,50.654],[-125.939,50.6518],[-126.0187,50.666],[-126.0485,50.6649],[-126.1188,50.6468],[-126.2215,50.6426],[-126.2773,50.6259],[-126.2438,50.5966],[-126.1603,50.5977],[-126.1317,50.6035],[-126.0624,50.6273],[-126.0349,50.6301],[-125.9853,50.6439],[-125.9599,50.6456],[-125.9386,50.6301],[-125.9775,50.6132],[-126.0628,50.6035],[-126.0863,50.5892],[-126.1037,50.5966],[-126.1379,50.583],[-126.1789,50.5755],[-126.1857,50.5488],[-126.1789,50.5203],[-126.2278,50.5443],[-126.2806,50.5194],[-126.2423,50.501],[-126.1312,50.4897],[-126.0895,50.501],[-126.0574,50.4785],[-126.0077,50.4715],[-125.9546,50.4757],[-125.8636,50.501],[-125.8363,50.5277],[-125.7872,50.5316],[-125.7401,50.5203],[-125.7523,50.5087],[-125.7857,50.5063],[-125.7953,50.4936],[-125.7736,50.488],[-125.7202,50.4457],[-125.7033,50.4379],[-125.6702,50.4394],[-125.6439,50.4484],[-125.6177,50.4713],[-125.6103,50.4936],[-125.6223,50.5224],[-125.5857,50.535],[-125.5626,50.5892],[-125.5709,50.608],[-125.5687,50.6382],[-125.5556,50.6662],[-125.5038,50.6881],[-125.4546,50.7204],[-125.4247,50.7133],[-125.4622,50.6799],[-125.4874,50.6723],[-125.5174,50.6508],[-125.5346,50.6171],[-125.5421,50.5892],[-125.5284,50.555],[-125.5482,50.4936],[-125.5771,50.4707],[-125.5626,50.4594],[-125.5182,50.4556],[-125.4322,50.4661],[-125.4136,50.4739],[-125.391,50.4973],[-125.3844,50.5346],[-125.3567,50.5431],[-125.3422,50.4892],[-125.3254,50.4737],[-125.2987,50.4666],[-125.2557,50.5067],[-125.2389,50.4959],[-125.2427,50.4665],[-125.2082,50.4267],[-125.1783,50.4191],[-125.1278,50.437],[-125.1124,50.4544],[-125.1237,50.4737],[-125.1022,50.4989],[-125.0404,50.5312],[-125.0275,50.5587],[-124.9667,50.5908],[-124.9545,50.6045],[-124.9337,50.6015],[-124.9082,50.6274],[-124.9251,50.658],[-124.9131,50.7059],[-124.9,50.7353],[-124.9093,50.7492],[-124.9486,50.7611],[-124.9562,50.7987],[-124.9865,50.8083],[-124.9713,50.8204],[-124.9183,50.8437],[-124.8699,50.8945],[-124.8606,50.9274],[-124.8323,50.9318],[-124.8138,50.9272],[-124.7873,50.8846],[-124.8251,50.8697],[-124.8528,50.8399],[-124.8854,50.8191],[-124.9086,50.7976],[-124.9108,50.7847],[-124.8961,50.7736],[-124.8357,50.7542],[-124.8236,50.7345],[-124.8289,50.7197],[-124.8562,50.6928],[-124.864,50.6716],[-124.8655,50.6299],[-124.8743,50.6078],[-124.8699,50.583],[-124.891,50.555],[-124.9368,50.5473],[-124.953,50.5372],[-124.9592,50.5106],[-124.9704,50.5009],[-125.0417,50.4868],[-125.0574,50.4773],[-125.0685,50.4242],[-125.0616,50.3769],[-125.0855,50.3638],[-125.0815,50.3247],[-125.0617,50.3276],[-124.9952,50.3603],[-124.9905,50.3839],[-125.007,50.4321],[-124.986,50.4276],[-124.9667,50.4124],[-124.9455,50.3707],[-124.9627,50.3408],[-124.9413,50.326],[-124.8978,50.3284],[-124.8301,50.3176],[-124.8084,50.3223],[-124.7499,50.3521],[-124.6935,50.4022],[-124.672,50.4309],[-124.5893,50.4253],[-124.5043,50.4385],[-124.4248,50.4663],[-124.383,50.4979],[-124.359,50.5093],[-124.3485,50.4973],[-124.3568,50.4862],[-124.4112,50.4457],[-124.4766,50.4218],[-124.5063,50.4161],[-124.5238,50.4019],[-124.546,50.397],[-124.5757,50.4048],[-124.6318,50.4018],[-124.6598,50.3921],[-124.6775,50.3547],[-124.7134,50.3314],[-124.6873,50.3126],[-124.6399,50.2939],[-124.6262,50.2659],[-124.6079,50.2506],[-124.6052,50.2329],[-124.6234,50.2056],[-124.6175,50.1889],[-124.6283,50.1694],[-124.6488,50.1526],[-124.6719,50.1441],[-124.6656,50.1268],[-124.7054,50.1032],[-124.6774,50.0889],[-124.6725,50.0732],[-124.683,50.0525],[-124.7045,50.041],[-124.7019,50.0232],[-124.6849,49.9865],[-124.7424,50.0278],[-124.7634,50.0342],[-124.8204,50.0715],[-124.8289,50.0548],[-124.8221,50.0401],[-124.7644,49.9774],[-124.7322,49.9543],[-124.6754,49.9272],[-124.6497,49.9207],[-124.6349,49.902],[-124.5831,49.8825],[-124.5322,49.8444],[-124.5255,49.8148],[-124.5133,49.7975],[-124.4776,49.7904],[-124.4303,49.7716],[-124.4037,49.7673],[-124.3551,49.7745],[-124.3272,49.7744],[-124.3043,49.7527],[-124.283,49.7466],[-124.2675,49.7517],[-124.274,49.7742],[-124.2497,49.781],[-124.171,49.781],[-124.1022,49.7982],[-124.0816,49.8083],[-124.0849,49.8305],[-124.0482,49.8411],[-124.0748,49.8698],[-124.0375,49.925],[-124.0204,49.9078],[-124.0344,49.8835],[-124.0171,49.8686],[-124.0085,49.8206],[-123.9782,49.809],[-123.9382,49.8288],[-123.9109,49.8698],[-123.9261,49.8862],[-123.9619,49.904],[-123.989,49.9338],[-124.0001,49.9736],[-123.9932,50.0108],[-123.9811,50.0214],[-123.8693,50.0548],[-123.8332,50.0755],[-123.8079,50.1032],[-123.8457,50.1205],[-123.8625,50.1441],[-123.8815,50.1538],[-123.945,50.1721],[-123.9722,50.1927],[-123.9935,50.2198],[-123.9706,50.2144],[-123.9289,50.1905],[-123.8876,50.1818],[-123.8284,50.1584],[-123.7545,50.0937],[-123.8079,50.0411],[-123.8781,50.0312],[-123.8957,50.0175],[-123.9356,50.0073],[-123.9536,49.9897],[-123.9579,49.9671],[-123.945,49.9449],[-123.8906,49.9215],[-123.8836,49.9011],[-123.8818,49.8474],[-123.8898,49.8288],[-123.9227,49.7996],[-123.9337,49.7833],[-123.9276,49.7636],[-123.8836,49.7394],[-123.8232,49.6832],[-123.8079,49.6469],[-123.7945,49.644],[-123.6645,49.6562],[-123.5335,49.7053],[-123.5502,49.6749],[-123.5898,49.6536],[-123.638,49.6411],[-123.6937,49.6348],[-123.7185,49.6165],[-123.7601,49.6097],[-123.7723,49.5939],[-123.7716,49.5754],[-123.7526,49.5408],[-123.7771,49.5053],[-123.8051,49.5286],[-123.8284,49.5818],[-123.8351,49.6339],[-123.8693,49.6718],[-123.9208,49.7158],[-123.9393,49.7436],[-123.9901,49.7451],[-124.0201,49.7326],[-124.0443,49.6912],[-124.0638,49.6785],[-124.068,49.6623],[-124.0611,49.6308],[-124.027,49.6035],[-123.9932,49.5502],[-123.9638,49.5211],[-123.9195,49.5075],[-123.9034,49.4862],[-123.8652,49.4733],[-123.8067,49.4705],[-123.7811,49.4655],[-123.5546,49.39],[-123.5162,49.3917],[-123.4823,49.4142],[-123.4732,49.4345],[-123.4913,49.4731],[-123.4857,49.4936],[-123.5027,49.5054],[-123.4895,49.515],[-123.4097,49.5478],[-123.3966,49.5583],[-123.3553,49.5551],[-123.328,49.5818],[-123.2873,49.5809],[-123.2486,49.5978],[-123.2455,49.6131],[-123.2529,49.6501],[-123.2284,49.6749],[-123.2028,49.6823],[-123.171,49.7053],[-123.154,49.6929],[-123.17,49.675],[-123.212,49.6501],[-123.2069,49.6216],[-123.2257,49.6035],[-123.2182,49.596],[-123.2401,49.555],[-123.2522,49.5118],[-123.2401,49.4416],[-123.2455,49.4111],[-123.2565,49.3966],[-123.2838,49.3826],[-123.2836,49.3633],[-123.27,49.3354],[-123.212,49.3428],[-123.0207,49.3068],[-122.9381,49.3258],[-122.8824,49.4042],[-122.8824,49.4486],[-122.869,49.4564],[-122.8557,49.4418],[-122.8627,49.4064],[-122.8925,49.3337],[-122.9219,49.2995],[-122.9608,49.2819],[-123.0394,49.2959],[-123.0674,49.2875],[-123.1234,49.2944],[-123.1385,49.309],[-123.1619,49.3],[-123.1431,49.2801],[-123.1753,49.2766],[-123.2183,49.2792],[-123.2469,49.2746],[-123.2359,49.25],[-123.1434,49.2075],[-123.1376,49.1957],[-123.1798,49.2099],[-123.1983,49.2056],[-123.2047,49.1898],[-123.2001,49.1485],[-123.212,49.13],[-123.1671,49.1156],[-123.1234,49.1159],[-123.0811,49.1284],[-123.0407,49.151],[-123.0543,49.1232],[-123.0757,49.1057],[-123.1295,49.0747],[-123.143,49.0609],[-123.1083,49.0337],[-123.0905,48.9925],[-123.0353,48.9925],[-123.0486,49.0352],[-123.0328,49.0506],[-122.9513,49.083],[-122.9066,49.0883],[-122.8677,49.0805],[-122.876,49.0365],[-122.853,49.017],[-122.8232,49.007],[-122.7818,49.0173],[-122.753,48.9925],[-122.4334,48.9925],[-122.2135,48.9925],[-121.774,48.9925],[-121.3343,48.9925],[-120.8947,48.9925],[-120.4551,48.9925],[-120.2353,48.9925],[-119.7957,48.9925],[-119.5759,48.9925],[-119.1362,48.9925],[-118.6967,48.9925],[-118.2571,48.9925],[-117.8174,48.9925],[-117.3779,48.9925],[-116.9382,48.9925],[-116.4986,48.9925],[-116.059,48.9925],[-115.6194,48.9925],[-115.1797,48.9925],[-114.7401,48.9925],[-114.3005,48.9925],[-114.0638,48.9925],[-114.0375,49.0227],[-114.0483,49.0491],[-114.1038,49.0601],[-114.1477,49.0938],[-114.1598,49.117],[-114.1541,49.1482],[-114.2254,49.1859],[-114.2764,49.1876],[-114.3116,49.1985],[-114.3601,49.1985],[-114.3764,49.2046],[-114.3877,49.2296],[-114.3722,49.2503],[-114.3798,49.2579],[-114.4262,49.2641],[-114.4408,49.2923],[-114.4608,49.307],[-114.4702,49.3337],[-114.5205,49.3538],[-114.5377,49.3721],[-114.5572,49.3762],[-114.578,49.3945],[-114.5925,49.4178],[-114.5979,49.4441],[-114.5915,49.4713],[-114.5687,49.5139],[-114.5637,49.5389],[-114.5763,49.5562],[-114.6226,49.5434],[-114.6594,49.5531],[-114.6894,49.5473],[-114.7008,49.5651],[-114.7383,49.5809],[-114.744,49.5961],[-114.7307,49.618],[-114.7089,49.6291],[-114.6839,49.6311],[-114.67,49.6622],[-114.6628,49.7017],[-114.6364,49.7298],[-114.649,49.7544],[-114.6248,49.7802],[-114.6383,49.8271],[-114.6827,49.892],[-114.6886,49.9271],[-114.6833,49.9594],[-114.6501,49.963],[-114.6438,49.9825],[-114.6602,50.0151],[-114.6669,50.0716],[-114.6847,50.0759],[-114.7041,50.1068],[-114.7194,50.1165],[-114.7328,50.1617],[-114.7326,50.2035],[-114.7536,50.2423],[-114.76,50.2879],[-114.7898,50.3278],[-114.7751,50.3541],[-114.7913,50.3689],[-114.856,50.4077],[-114.8795,50.4411],[-114.9303,50.4874],[-114.9997,50.5629],[-115.0276,50.5787],[-115.096,50.5892],[-115.1593,50.5787],[-115.1881,50.5477],[-115.2206,50.5504],[-115.239,50.5819],[-115.3125,50.636],[-115.3155,50.649],[-115.2883,50.6557],[-115.2872,50.6664],[-115.31,50.7052],[-115.3433,50.7305],[-115.3574,50.7329],[-115.379,50.719],[-115.4032,50.7224],[-115.4191,50.7542],[-115.4644,50.7605],[-115.4844,50.7806],[-115.528,50.7925],[-115.5537,50.8099],[-115.5726,50.8348],[-115.6467,50.852],[-115.6452,50.8748],[-115.6329,50.8842],[-115.5808,50.8928],[-115.5719,50.9003],[-115.6078,50.9377],[-115.6204,50.9702],[-115.6588,50.9793],[-115.6768,51.0069],[-115.695,51.0176],[-115.7371,51.0266],[-115.764,51.0409],[-115.7716,51.0672],[-115.8158,51.0842],[-115.9037,51.0875],[-115.9297,51.0935],[-115.9771,51.1146],[-116.0181,51.1424],[-116.0222,51.2004],[-116.0275,51.2197],[-116.0513,51.2412],[-116.1178,51.2524],[-116.1458,51.2632],[-116.1658,51.299],[-116.1808,51.3038],[-116.2339,51.3031],[-116.2575,51.3144],[-116.2747,51.3337],[-116.275,51.3539],[-116.2999,51.3792],[-116.3021,51.4018],[-116.2958,51.4507],[-116.315,51.4663],[-116.366,51.481],[-116.3881,51.4951],[-116.4004,51.5405],[-116.4169,51.5545],[-116.4609,51.5687],[-116.4842,51.6074],[-116.5138,51.6256],[-116.5764,51.6442],[-116.5933,51.6646],[-116.5961,51.709],[-116.6063,51.7241],[-116.6461,51.7585],[-116.6511,51.789],[-116.685,51.8094],[-116.7522,51.7979],[-116.8135,51.7523],[-116.8199,51.7405],[-116.8066,51.7286],[-116.8227,51.713],[-116.8535,51.7064],[-116.9144,51.7084],[-116.9377,51.7199],[-116.9531,51.7406],[-116.9872,51.805],[-116.9944,51.8354],[-117.0266,51.8545],[-117.0316,51.8912],[-117.0474,51.9152],[-117.1119,51.965],[-117.1845,51.9877],[-117.2369,52.0295],[-117.2699,52.0451],[-117.2705,52.0626],[-117.298,52.105],[-117.2974,52.1366],[-117.3063,52.1671],[-117.3315,52.1817],[-117.3457,52.1482],[-117.3762,52.1341],[-117.4175,52.1345],[-117.493,52.1495],[-117.5243,52.1471],[-117.5908,52.1304],[-117.6164,52.1403],[-117.6645,52.1815],[-117.6903,52.1903],[-117.7537,52.2003],[-117.7779,52.2176],[-117.8218,52.2627],[-117.8218,52.2795],[-117.7422,52.3301],[-117.7294,52.352],[-117.727,52.373],[-117.7363,52.3913],[-117.7583,52.4051],[-117.8024,52.4157],[-117.8908,52.4255],[-117.9336,52.4415],[-117.992,52.4847],[-118.0119,52.4851],[-118.0452,52.4447],[-118.0433,52.4081],[-118.0636,52.3989],[-118.1558,52.3959],[-118.2113,52.3667],[-118.2266,52.3703],[-118.2324,52.3992],[-118.2584,52.4308],[-118.2503,52.4556],[-118.2205,52.4633],[-118.2074,52.4821],[-118.2438,52.4929],[-118.2825,52.524],[-118.2786,52.5592],[-118.2864,52.5694],[-118.3291,52.5881],[-118.3524,52.6285],[-118.3166,52.6539],[-118.3062,52.6775],[-118.3247,52.6956],[-118.3553,52.7484],[-118.3736,52.7614],[-118.4231,52.7786],[-118.4325,52.7909],[-118.4172,52.8262],[-118.4298,52.8481],[-118.4709,52.8624],[-118.4829,52.8926],[-118.5153,52.9001],[-118.605,52.8775],[-118.6243,52.887],[-118.6371,52.9298],[-118.6737,52.966],[-118.6633,53.0156],[-118.6722,53.0341],[-118.7125,53.0392],[-118.726,53.0612],[-118.7766,53.0532],[-118.7758,53.0776],[-118.7511,53.104],[-118.757,53.1215],[-118.7775,53.1321],[-118.8502,53.1833],[-118.8775,53.1971],[-118.92,53.2094],[-118.9629,53.2333],[-118.9967,53.2365],[-119.0098,53.2233],[-119.0109,53.1928],[-119.0255,53.1756],[-119.0144,53.1499],[-119.0288,53.1346],[-119.0767,53.1535],[-119.1255,53.1615],[-119.1564,53.1825],[-119.1879,53.1842],[-119.2222,53.1942],[-119.2514,53.1953],[-119.2778,53.2082],[-119.3541,53.2834],[-119.3755,53.3234],[-119.3809,53.356],[-119.3933,53.3645],[-119.4256,53.3669],[-119.4764,53.3567],[-119.6061,53.3781],[-119.6416,53.3538],[-119.7185,53.3854],[-119.7567,53.4146],[-119.7908,53.4709],[-119.8274,53.5081],[-119.8481,53.5133],[-119.8826,53.5071],[-119.9049,53.5219],[-119.9042,53.5421],[-119.887,53.5666],[-119.9309,53.6051],[-119.9265,53.6149],[-119.8659,53.6138],[-119.7937,53.6027],[-119.7537,53.6048],[-119.7325,53.6231],[-119.7371,53.6421],[-119.7897,53.6812],[-119.8077,53.7047],[-119.83,53.7075],[-119.8545,53.6979],[-119.8762,53.7098],[-119.9147,53.7159],[-119.9215,53.7295],[-119.9032,53.7677],[-119.9189,53.7834],[-119.9809,53.7906],[-120.001,53.8228],[-120,53.8653],[-120,54.0718],[-120,54.4558],[-120,54.6479],[-120,54.9584],[-120,55.1898],[-120,55.4211],[-120,55.7117],[-120,56.0023],[-120,56.293],[-120,56.5836],[-120,56.8742],[-120,57.1648],[-120,57.4364],[-120,57.7082],[-120,57.9798],[-120,58.2515],[-120,58.5231],[-120,58.7948],[-120,59.0665],[-120,59.3381],[-120,59.6691],[-120,60.0001],[-120.4773,60.0001],[-120.9547,60.0001],[-121.4322,60.0001],[-121.9096,60.0001],[-122.3869,60.0001],[-122.8643,60.0001],[-123.3417,60.0001],[-123.8191,60.0001],[-124.2951,60.0001],[-124.7712,60.0001],[-125.2472,60.0001],[-125.7231,60.0001],[-126.1992,60.0001],[-126.6752,60.0001],[-127.1512,60.0001],[-127.6272,60.0001],[-128.1033,60.0001],[-128.5793,60.0001],[-129.0553,60.0001],[-129.5313,60.0001],[-130.0073,60.0001],[-130.4833,60.0001],[-130.9593,60.0001],[-131.4354,60.0001],[-131.9113,60.0001],[-132.3874,60.0001],[-132.8634,60.0001],[-133.3394,60.0001],[-133.8154,60.0001],[-134.2914,60.0001],[-134.7674,60.0001],[-135.2434,60.0001],[-135.7194,60.0001],[-136.1955,60.0001],[-136.6715,60.0001],[-137.1475,60.0001],[-137.6235,60.0001],[-138.0995,60.0001],[-138.5755,60.0001],[-139.0602,60.0001]]],[[[-127.9187,51.522],[-127.9049,51.5587],[-127.9203,51.5961],[-127.9506,51.6289],[-127.9814,51.6518],[-127.9713,51.664],[-127.9766,51.6821],[-128.0099,51.7237],[-128.0262,51.7198],[-128.1043,51.6818],[-128.139,51.658],[-128.1566,51.6279],[-128.1453,51.5903],[-128.1091,51.5452],[-128.0991,51.5087],[-128.086,51.4869],[-128.0503,51.4599],[-128.027,51.4587],[-128.0076,51.4677],[-127.9608,51.4395],[-127.9432,51.4224],[-127.9181,51.4213],[-127.8793,51.4422],[-127.8715,51.4565],[-127.8883,51.4958],[-127.9187,51.522]]],[[[-128.1383,51.864],[-128.1383,51.8436],[-128.1222,51.8239],[-128.1175,51.8015],[-128.1383,51.7639],[-128.1352,51.7473],[-128.0751,51.7651],[-128.0639,51.7548],[-128.0326,51.7642],[-128.0093,51.7821],[-128.0096,51.7955],[-128.036,51.8299],[-128.036,51.8436],[-127.9875,51.9118],[-127.9534,51.9875],[-127.9606,52.0023],[-127.9534,52.049],[-127.9704,52.0632],[-127.9988,52.0657],[-128.0662,52.0556],[-128.1072,52.0543],[-128.1592,52.0348],[-128.1777,52.0158],[-128.2222,51.9542],[-128.196,51.9161],[-128.2306,51.9059],[-128.2446,51.8918],[-128.2482,51.864],[-128.2304,51.856],[-128.1626,51.8572],[-128.1383,51.864]]],[[[-130.9967,52.1117],[-131.0099,52.106],[-131.0649,52.1309],[-131.0674,52.1511],[-131.1088,52.154],[-131.1268,52.1116],[-131.1131,52.0422],[-131.0878,52.0311],[-131.1127,52.0019],[-131.0507,51.9536],[-131.024,51.9466],[-131.0444,51.9739],[-131.0097,51.9801],[-131.04,52.0137],[-131.0444,52.0285],[-131.0015,52.0119],[-131.0097,52.0285],[-131.0553,52.0467],[-131.0714,52.061],[-131.0649,52.0837],[-131.0448,52.0616],[-131.0172,52.0695],[-130.9669,52.0679],[-130.9508,52.0949],[-130.9603,52.1043],[-130.9967,52.1117]]],[[[-127.9466,52.1657],[-128.036,52.1657],[-128.077,52.1452],[-128.123,52.1517],[-128.0974,52.0974],[-128.0525,52.0763],[-128.0144,52.0915],[-127.9615,52.0828],[-127.9398,52.0899],[-127.9198,52.1188],[-127.8949,52.1358],[-127.8777,52.1719],[-127.9093,52.1589],[-127.9466,52.1657]]],[[[-128.2482,52.0217],[-128.216,52.0178],[-128.2029,52.0288],[-128.1863,52.0618],[-128.1626,52.0732],[-128.1551,52.0943],[-128.1527,52.1862],[-128.1602,52.1986],[-128.2015,52.198],[-128.2366,52.1873],[-128.2907,52.1247],[-128.2964,52.1059],[-128.279,52.0908],[-128.2551,52.049],[-128.2482,52.0217]]],[[[-128.2278,52.2128],[-128.2466,52.2289],[-128.2789,52.2372],[-128.3445,52.2408],[-128.3662,52.2348],[-128.4473,52.238],[-128.4565,52.2109],[-128.4837,52.1866],[-128.518,52.1748],[-128.5224,52.1576],[-128.4774,52.1514],[-128.4301,52.154],[-128.4547,52.1309],[-128.4417,52.1228],[-128.4224,52.1277],[-128.3946,52.1555],[-128.3578,52.1445],[-128.3843,52.098],[-128.3398,52.0793],[-128.3215,52.0904],[-128.3367,52.1162],[-128.3298,52.1479],[-128.3035,52.1309],[-128.266,52.1976],[-128.2278,52.2128]]],[[[-128.0974,52.2408],[-128.0543,52.2535],[-128.0216,52.2507],[-128.0335,52.2315],[-128.0731,52.224],[-128.094,52.2051],[-128.0713,52.1823],[-128.0447,52.1809],[-127.995,52.1862],[-127.932,52.1762],[-127.9155,52.1828],[-127.9077,52.2009],[-127.9267,52.2265],[-127.9608,52.296],[-128.0203,52.3056],[-128.0555,52.3035],[-128.1002,52.2785],[-128.1732,52.2551],[-128.1377,52.2416],[-128.0974,52.2408]]],[[[-127.2408,52.4264],[-127.2704,52.4354],[-127.3118,52.4133],[-127.4145,52.3926],[-127.4469,52.378],[-127.4758,52.3362],[-127.5116,52.3129],[-127.5519,52.3052],[-127.5773,52.2899],[-127.619,52.2809],[-127.6706,52.2551],[-127.751,52.2502],[-127.7753,52.2204],[-127.7951,52.2177],[-127.8202,52.1957],[-127.851,52.1486],[-127.8481,52.1116],[-127.8647,52.1042],[-127.8782,52.0836],[-127.8997,52.0016],[-127.9022,51.9682],[-127.8883,51.9534],[-127.8198,51.9709],[-127.7691,51.9739],[-127.7181,51.9882],[-127.6981,52.0041],[-127.7057,52.0434],[-127.6933,52.0676],[-127.6422,52.1381],[-127.5946,52.1562],[-127.5848,52.1772],[-127.5665,52.1894],[-127.5289,52.1936],[-127.4629,52.2227],[-127.4538,52.2377],[-127.4128,52.2551],[-127.378,52.2482],[-127.3644,52.2613],[-127.277,52.2894],[-127.238,52.3129],[-127.2067,52.3507],[-127.2376,52.366],[-127.2357,52.404],[-127.2408,52.4264]]],[[[-128.6182,52.4537],[-128.6529,52.4809],[-128.6871,52.4674],[-128.6728,52.4879],[-128.7175,52.4809],[-128.7554,52.4674],[-128.7628,52.4285],[-128.7485,52.3917],[-128.7485,52.3712],[-128.7281,52.3643],[-128.7281,52.3227],[-128.6864,52.2861],[-128.6796,52.2681],[-128.6483,52.2897],[-128.6232,52.3301],[-128.6128,52.3774],[-128.6256,52.4196],[-128.6182,52.4537]]],[[[-128.563,52.6114],[-128.5833,52.6005],[-128.7247,52.5977],[-128.7419,52.5862],[-128.7383,52.5598],[-128.7076,52.5493],[-128.7212,52.5424],[-128.6939,52.5294],[-128.7132,52.5289],[-128.7349,52.5151],[-128.769,52.5362],[-128.8013,52.547],[-128.8175,52.522],[-128.7572,52.4903],[-128.7197,52.4883],[-128.7018,52.4987],[-128.7137,52.5077],[-128.6989,52.5181],[-128.6787,52.5009],[-128.6193,52.4779],[-128.5929,52.4614],[-128.5607,52.4533],[-128.5341,52.4359],[-128.4979,52.4363],[-128.4847,52.4432],[-128.4721,52.4883],[-128.5251,52.598],[-128.5362,52.6523],[-128.5506,52.6647],[-128.5613,52.6522],[-128.563,52.6114]]],[[[-131.5646,52.7274],[-131.6388,52.7371],[-131.679,52.7348],[-131.7024,52.7213],[-131.6956,52.7002],[-131.647,52.6646],[-131.654,52.6455],[-131.619,52.6057],[-131.602,52.5952],[-131.5788,52.5977],[-131.5546,52.6147],[-131.5936,52.6388],[-131.5863,52.6591],[-131.5709,52.6616],[-131.51,52.6318],[-131.4669,52.6361],[-131.4527,52.6453],[-131.4621,52.6591],[-131.4447,52.7027],[-131.469,52.7343],[-131.5107,52.73],[-131.5547,52.7001],[-131.607,52.6985],[-131.6273,52.6933],[-131.6446,52.7139],[-131.6744,52.7069],[-131.6569,52.7216],[-131.5917,52.7216],[-131.5646,52.7274]]],[[[-128.3104,52.4294],[-128.2817,52.4887],[-128.3031,52.5735],[-128.3146,52.5882],[-128.324,52.6591],[-128.3186,52.6876],[-128.3519,52.7175],[-128.3717,52.7957],[-128.3913,52.7965],[-128.4146,52.7824],[-128.4469,52.741],[-128.4244,52.7152],[-128.4416,52.6728],[-128.438,52.6525],[-128.4519,52.6309],[-128.4401,52.6114],[-128.4359,52.5264],[-128.425,52.4876],[-128.3985,52.4674],[-128.411,52.4394],[-128.4642,52.4025],[-128.4664,52.3827],[-128.4386,52.3743],[-128.3786,52.378],[-128.3104,52.4294]]],[[[-128.9301,52.6144],[-128.9447,52.628],[-129.057,52.7069],[-129.1018,52.7434],[-129.1357,52.7532],[-129.1805,52.7895],[-129.257,52.8281],[-129.2751,52.8247],[-129.2815,52.8105],[-129.2687,52.7895],[-129.292,52.7626],[-129.2687,52.7343],[-129.2761,52.7274],[-129.2557,52.714],[-129.2089,52.6945],[-129.1942,52.6802],[-129.2277,52.6802],[-129.1842,52.6266],[-129.1547,52.6049],[-129.119,52.6114],[-129.1259,52.5871],[-129.1193,52.5659],[-129.1023,52.5537],[-129.0781,52.5567],[-129.0602,52.5241],[-129.0434,52.5175],[-129.0138,52.5299],[-129.0006,52.5041],[-129.0092,52.4879],[-128.9865,52.48],[-128.9813,52.4537],[-128.9496,52.4733],[-128.9325,52.499],[-128.9263,52.5278],[-128.9249,52.6018],[-128.9301,52.6144]]],[[[-128.3104,52.7274],[-128.2918,52.6997],[-128.2967,52.666],[-128.283,52.6393],[-128.2911,52.6227],[-128.275,52.6025],[-128.2551,52.6176],[-128.2245,52.6894],[-128.2105,52.7067],[-128.2005,52.7516],[-128.1827,52.7755],[-128.1732,52.8236],[-128.1901,52.8301],[-128.2141,52.7957],[-128.2351,52.7877],[-128.2795,52.7873],[-128.324,52.7751],[-128.3233,52.7507],[-128.3104,52.7274]]],[[[-128.5328,52.7274],[-128.5395,52.7085],[-128.522,52.6871],[-128.5294,52.6802],[-128.5099,52.6539],[-128.4777,52.7066],[-128.481,52.7827],[-128.4612,52.7758],[-128.4556,52.789],[-128.4659,52.8387],[-128.4849,52.8655],[-128.5104,52.8628],[-128.5232,52.8018],[-128.536,52.7664],[-128.5328,52.7274]]],[[[-129.5573,53.0012],[-129.5721,53.0197],[-129.5987,53.0252],[-129.6535,53.0222],[-129.6293,52.9923],[-129.6205,52.9582],[-129.592,52.9819],[-129.5585,52.9644],[-129.5298,52.9649],[-129.5573,53.0012]]],[[[-129.5641,53.0563],[-129.6187,53.0563],[-129.6876,53.0639],[-129.6458,53.0517],[-129.6088,53.0307],[-129.5823,53.038],[-129.5547,53.0248],[-129.5436,53.0086],[-129.5157,53.0359],[-129.5439,53.0397],[-129.5641,53.0563]]],[[[-129.6535,53.1321],[-129.6681,53.1374],[-129.722,53.1369],[-129.7429,53.1321],[-129.7196,53.1039],[-129.6936,53.0832],[-129.6612,53.0699],[-129.6187,53.0639],[-129.5889,53.0718],[-129.5989,53.0936],[-129.6535,53.1321]]],[[[-129.3041,53.0359],[-129.3153,53.0533],[-129.3624,53.0803],[-129.4139,53.1383],[-129.4566,53.1695],[-129.4611,53.1867],[-129.5098,53.1917],[-129.5341,53.1848],[-129.5504,53.1662],[-129.5517,53.1429],[-129.5155,53.1301],[-129.5027,53.1185],[-129.5163,53.1068],[-129.5058,53.0974],[-129.4796,53.112],[-129.4709,53.0822],[-129.4269,53.0427],[-129.3949,53.0004],[-129.3754,52.9949],[-129.338,52.9726],[-129.3004,52.9744],[-129.2911,52.9823],[-129.3041,53.0359]]],[[[-131.1127,52.1719],[-131.0985,52.169],[-131.0377,52.1719],[-131.0156,52.1953],[-131.0097,52.2271],[-131.0239,52.2353],[-131.0786,52.2204],[-131.1261,52.2345],[-131.181,52.2346],[-131.1549,52.2477],[-131.0995,52.2561],[-131.0854,52.2756],[-131.0985,52.288],[-131.1281,52.2962],[-131.1426,52.3162],[-131.1842,52.3184],[-131.2257,52.296],[-131.2493,52.3057],[-131.2602,52.2897],[-131.2157,52.2613],[-131.2429,52.2622],[-131.3019,52.2936],[-131.3182,52.2818],[-131.3322,52.2972],[-131.3444,52.3354],[-131.3597,52.3444],[-131.3406,52.3544],[-131.3256,52.3302],[-131.307,52.3431],[-131.2545,52.3553],[-131.2499,52.3712],[-131.2811,52.3706],[-131.3045,52.3581],[-131.3041,52.3765],[-131.2831,52.407],[-131.2479,52.4198],[-131.2484,52.4469],[-131.2892,52.4377],[-131.3304,52.434],[-131.3548,52.4124],[-131.3523,52.3643],[-131.3661,52.3701],[-131.4076,52.3581],[-131.3872,52.3781],[-131.3978,52.3898],[-131.4486,52.3917],[-131.4144,52.4537],[-131.4641,52.4733],[-131.4831,52.4852],[-131.469,52.5077],[-131.5199,52.5078],[-131.5399,52.5131],[-131.5379,52.5294],[-131.5557,52.5366],[-131.5925,52.5151],[-131.6155,52.5329],[-131.6608,52.5424],[-131.6608,52.5493],[-131.6252,52.5644],[-131.6205,52.5732],[-131.6592,52.5834],[-131.7092,52.625],[-131.6873,52.631],[-131.6924,52.6541],[-131.7296,52.7007],[-131.756,52.7141],[-131.782,52.7174],[-131.8395,52.7138],[-131.8048,52.7547],[-131.8532,52.7684],[-131.8243,52.7732],[-131.798,52.7622],[-131.7711,52.7833],[-131.7314,52.7897],[-131.654,52.7957],[-131.6609,52.8057],[-131.7024,52.8032],[-131.829,52.8032],[-131.8563,52.8339],[-131.8777,52.8308],[-131.8805,52.8407],[-131.8524,52.8672],[-131.8563,52.8751],[-131.9005,52.8947],[-131.9523,52.8807],[-131.9836,52.8851],[-131.8942,52.913],[-131.9488,52.9335],[-131.8976,52.9398],[-131.8776,52.9303],[-131.8208,52.879],[-131.8,52.8748],[-131.6947,52.8769],[-131.6745,52.884],[-131.6189,52.9202],[-131.6198,52.954],[-131.5951,52.9765],[-131.6262,52.9981],[-131.6804,53.0125],[-131.7502,53.0222],[-131.8367,53.0503],[-131.8563,53.0465],[-131.9062,53.015],[-131.9221,52.9875],[-131.9371,53.0091],[-131.9413,53.0393],[-131.9502,53.0468],[-131.9913,53.0544],[-132.004,53.0639],[-131.9041,53.0639],[-131.829,53.0769],[-131.7842,53.0737],[-131.7211,53.0555],[-131.6691,53.0549],[-131.6304,53.0349],[-131.5956,53.0419],[-131.613,53.0563],[-131.6344,53.1014],[-131.6511,53.116],[-131.6892,53.1248],[-131.7024,53.1457],[-131.7196,53.153],[-131.7843,53.1662],[-131.7643,53.1817],[-131.7655,53.1988],[-131.7941,53.2521],[-131.8103,53.2574],[-131.8392,53.2419],[-131.904,53.2407],[-131.9413,53.2283],[-131.9606,53.2139],[-131.9767,53.2147],[-132.0404,53.1826],[-132.0655,53.1613],[-132.2467,53.1519],[-132.2951,53.1612],[-132.3119,53.1594],[-132.3467,53.1383],[-132.3731,53.1327],[-132.4596,53.1321],[-132.5421,53.152],[-132.5658,53.1457],[-132.5326,53.1098],[-132.5516,53.0991],[-132.5169,53.0749],[-132.4975,53.07],[-132.5094,53.0537],[-132.5044,53.0404],[-132.4696,53.0285],[-132.4205,53.0428],[-132.4081,53.0285],[-132.3931,53.035],[-132.3392,53.0427],[-132.3467,53.0285],[-132.269,53.0307],[-132.231,53.0264],[-132.1802,52.9985],[-132.1291,53.0064],[-132.1139,53.0012],[-132.1303,52.98],[-132.161,52.9676],[-132.1406,52.9335],[-132.202,52.9676],[-132.1894,52.9487],[-132.1679,52.9403],[-132.1804,52.9273],[-132.1993,52.9324],[-132.2368,52.954],[-132.2598,52.9578],[-132.2891,52.949],[-132.3174,52.9544],[-132.3423,52.9425],[-132.3343,52.9226],[-132.2889,52.883],[-132.2231,52.8646],[-132.2429,52.8508],[-132.2401,52.8341],[-132.2067,52.8029],[-132.1822,52.7957],[-132.1754,52.7827],[-132.1338,52.7547],[-132.1103,52.7571],[-132.0901,52.7879],[-132.0605,52.8035],[-132.086,52.8577],[-132.065,52.85],[-132.0363,52.817],[-132.0171,52.8032],[-131.9626,52.7869],[-131.9388,52.7731],[-131.9344,52.7322],[-132.004,52.7827],[-132.0171,52.7752],[-131.963,52.7343],[-131.9693,52.7274],[-132.0111,52.7563],[-132.0452,52.765],[-132.0601,52.7593],[-132.086,52.7343],[-132.0102,52.6802],[-131.9283,52.6489],[-131.9298,52.6296],[-131.9023,52.6203],[-131.8973,52.5875],[-131.8826,52.5762],[-131.761,52.5117],[-131.7359,52.5015],[-131.6829,52.4897],[-131.6578,52.4779],[-131.6471,52.4571],[-131.6037,52.4229],[-131.5683,52.4326],[-131.5292,52.4214],[-131.5032,52.3917],[-131.5491,52.404],[-131.5749,52.4033],[-131.5863,52.3886],[-131.5675,52.351],[-131.5379,52.3581],[-131.5584,52.3302],[-131.5375,52.3227],[-131.5174,52.3302],[-131.4891,52.2941],[-131.4586,52.2844],[-131.4318,52.2445],[-131.38,52.2029],[-131.3566,52.2004],[-131.3523,52.2346],[-131.3104,52.1901],[-131.2928,52.1472],[-131.2629,52.1247],[-131.2372,52.1361],[-131.2428,52.1705],[-131.2772,52.2408],[-131.243,52.2228],[-131.2157,52.1998],[-131.2015,52.1384],[-131.175,52.1245],[-131.1521,52.1424],[-131.1405,52.1769],[-131.1475,52.2128],[-131.1278,52.2091],[-131.1127,52.1719]]],[[[-128.8038,52.7007],[-128.7819,52.6698],[-128.7604,52.6691],[-128.7593,52.6869],[-128.7773,52.7152],[-128.7787,52.7301],[-128.7572,52.8349],[-128.7279,52.8539],[-128.7276,52.8761],[-128.7485,52.913],[-128.733,52.918],[-128.6833,52.8994],[-128.6693,52.9079],[-128.6796,52.9639],[-128.6645,52.9709],[-128.6461,52.9602],[-128.651,52.9088],[-128.6728,52.8646],[-128.7108,52.8367],[-128.7191,52.7954],[-128.7431,52.7637],[-128.7485,52.7448],[-128.7372,52.6916],[-128.736,52.6562],[-128.7554,52.6039],[-128.7485,52.5977],[-128.7036,52.6112],[-128.6056,52.6112],[-128.5891,52.623],[-128.5772,52.6591],[-128.6051,52.666],[-128.5775,52.701],[-128.5846,52.741],[-128.5645,52.7432],[-128.5323,52.8466],[-128.524,52.8918],[-128.522,52.9335],[-128.5275,52.981],[-128.5387,53.0197],[-128.587,53.1136],[-128.6219,53.1557],[-128.6347,53.1632],[-128.6796,53.1662],[-128.7046,53.1746],[-128.7952,53.2187],[-128.8688,53.2725],[-128.905,53.2934],[-128.9761,53.2949],[-129.0198,53.3105],[-129.0781,53.3028],[-129.0884,53.291],[-129.0707,53.2618],[-129.0652,53.2145],[-129.0823,53.2014],[-129.0781,53.1628],[-129.079,53.1111],[-129.0906,53.0886],[-129.119,53.07],[-129.1266,53.0815],[-129.1589,53.0742],[-129.1706,53.0472],[-129.1898,53.0233],[-129.1942,53.0049],[-129.1891,52.9692],[-129.1771,52.9368],[-129.1605,52.9303],[-129.1256,52.9319],[-129.1,52.903],[-129.0574,52.918],[-129.0128,52.9467],[-128.9881,52.9676],[-128.9745,52.9949],[-128.9495,53.0168],[-128.9049,53.0341],[-128.8646,53.0359],[-128.8917,53.0534],[-128.9099,53.0734],[-128.9634,53.1044],[-128.992,53.0964],[-129.0123,53.1245],[-129.0155,53.1457],[-128.9608,53.1185],[-128.9338,53.1002],[-128.9054,53.0897],[-128.8517,53.0516],[-128.838,53.0359],[-128.914,53.0168],[-128.9477,52.999],[-128.9471,52.9744],[-128.9652,52.9659],[-128.9887,52.9338],[-129.0365,52.9056],[-129.0707,52.8925],[-129.0276,52.8688],[-129.0297,52.8577],[-129.0928,52.8757],[-129.1153,52.8782],[-129.1254,52.8679],[-129.1212,52.8446],[-129.1017,52.8062],[-129.063,52.7683],[-129.0365,52.7622],[-129.057,52.741],[-129.0172,52.7158],[-128.9273,52.6728],[-128.8915,52.6602],[-128.8564,52.659],[-128.8258,52.6716],[-128.8038,52.7007]]],[[[-129.2935,53.1079],[-129.2767,53.092],[-129.2624,53.1048],[-129.2403,53.1004],[-129.1628,53.0994],[-129.1396,53.1048],[-129.1342,53.1202],[-129.1547,53.1636],[-129.16,53.1867],[-129.1525,53.2191],[-129.1749,53.2744],[-129.1701,53.2921],[-129.1839,53.3137],[-129.2414,53.3336],[-129.2757,53.331],[-129.2541,53.3043],[-129.2494,53.2829],[-129.2621,53.2654],[-129.3239,53.2209],[-129.3388,53.1782],[-129.3314,53.1321],[-129.2935,53.1079]]],[[[-128.9136,53.4064],[-128.9768,53.4802],[-128.9866,53.5009],[-128.9881,53.5294],[-128.9972,53.5439],[-129.0217,53.5321],[-129.0638,53.4883],[-129.0658,53.4525],[-129.1122,53.4093],[-129.1482,53.3637],[-129.1185,53.3205],[-129.1037,53.3188],[-129.0604,53.3376],[-129.0128,53.3403],[-128.9574,53.3254],[-128.928,53.3282],[-128.92,53.3494],[-128.9273,53.3581],[-128.9064,53.3809],[-128.9136,53.4064]]],[[[-129.7429,53.2353],[-129.7661,53.2646],[-129.8678,53.3676],[-129.8826,53.3982],[-129.9286,53.4326],[-129.974,53.458],[-130.075,53.4929],[-130.1151,53.5194],[-130.1879,53.5436],[-130.2613,53.5806],[-130.3156,53.5898],[-130.366,53.6129],[-130.4445,53.6354],[-130.4961,53.6392],[-130.5153,53.6304],[-130.5256,53.609],[-130.5305,53.5598],[-130.5026,53.5498],[-130.4698,53.5249],[-130.4343,53.5163],[-130.3649,53.5273],[-130.3381,53.5163],[-130.4043,53.5102],[-130.4076,53.4848],[-130.3654,53.4474],[-130.3255,53.4],[-130.3145,53.3928],[-130.222,53.3854],[-130.1981,53.3649],[-130.1647,53.3628],[-130.1556,53.3372],[-130.1122,53.3301],[-130.0862,53.3123],[-130.0849,53.2792],[-130.0756,53.269],[-130.0098,53.2482],[-129.994,53.2142],[-129.9394,53.1689],[-129.913,53.1594],[-129.8583,53.1594],[-129.8307,53.1837],[-129.8174,53.1867],[-129.7853,53.1624],[-129.7696,53.1594],[-129.7484,53.1699],[-129.7379,53.1914],[-129.7429,53.2353]]],[[[-129.1662,53.3854],[-129.129,53.4304],[-129.0914,53.4503],[-129.0843,53.4679],[-129.0939,53.5089],[-129.0694,53.5205],[-128.9805,53.5847],[-128.9534,53.5915],[-128.8843,53.5762],[-128.8817,53.6213],[-128.8646,53.6528],[-128.8575,53.6828],[-128.8236,53.7081],[-128.8422,53.716],[-128.9027,53.7006],[-128.9955,53.7006],[-129.0607,53.6843],[-129.0796,53.6674],[-129.1361,53.6494],[-129.16,53.627],[-129.1662,53.5908],[-129.1588,53.5327],[-129.1717,53.4932],[-129.1743,53.4503],[-129.1662,53.3854]]],[[[-130.4064,53.687],[-130.3646,53.6583],[-130.3319,53.624],[-130.2938,53.6191],[-130.2516,53.5971],[-130.1737,53.5908],[-130.117,53.5704],[-130.0917,53.5703],[-130.1058,53.6039],[-130.1265,53.6318],[-130.119,53.6836],[-130.1383,53.7028],[-130.1844,53.7154],[-130.2168,53.7181],[-130.2289,53.728],[-130.2351,53.7531],[-130.222,53.7764],[-130.2773,53.8037],[-130.3017,53.7895],[-130.2909,53.7553],[-130.3671,53.7131],[-130.4064,53.687]]],[[[-130.2528,53.8925],[-130.2673,53.8861],[-130.2909,53.8378],[-130.2312,53.8257],[-130.2041,53.8012],[-130.2146,53.7553],[-130.2024,53.7303],[-130.1674,53.728],[-130.0985,53.7081],[-130.0924,53.6931],[-130.0976,53.6613],[-130.0758,53.6376],[-129.9923,53.6607],[-129.9462,53.6643],[-129.9025,53.6588],[-129.8719,53.6392],[-129.8794,53.6318],[-129.9181,53.6431],[-129.9781,53.643],[-130.0333,53.6313],[-130.0575,53.6079],[-130.0496,53.5878],[-130.0303,53.5816],[-129.9855,53.5846],[-129.9674,53.5932],[-129.9386,53.6204],[-129.913,53.6113],[-129.9409,53.5982],[-129.9134,53.5954],[-129.8863,53.5846],[-129.9272,53.5629],[-129.8887,53.5617],[-129.8719,53.5362],[-129.8968,53.4781],[-129.8755,53.4664],[-129.821,53.4713],[-129.8185,53.4594],[-129.831,53.4127],[-129.7969,53.3785],[-129.7661,53.3854],[-129.7628,53.3649],[-129.7257,53.3417],[-129.6986,53.3389],[-129.6726,53.3493],[-129.6597,53.3444],[-129.6739,53.3301],[-129.6392,53.3171],[-129.6597,53.3096],[-129.592,53.2451],[-129.585,53.2237],[-129.5675,53.2153],[-129.5231,53.2283],[-129.4986,53.2156],[-129.483,53.2241],[-129.4823,53.2449],[-129.5027,53.2686],[-129.5129,53.3107],[-129.5027,53.3171],[-129.4752,53.2974],[-129.4591,53.2948],[-129.4296,53.3356],[-129.4065,53.3322],[-129.3909,53.3087],[-129.3966,53.2924],[-129.3794,53.2802],[-129.3614,53.2455],[-129.3287,53.2634],[-129.3258,53.2959],[-129.3458,53.3281],[-129.3365,53.3606],[-129.3688,53.3839],[-129.4028,53.3984],[-129.427,53.435],[-129.4781,53.4683],[-129.4989,53.4748],[-129.5599,53.4713],[-129.588,53.4747],[-129.6119,53.4883],[-129.6392,53.4815],[-129.6163,53.4991],[-129.5675,53.4841],[-129.5157,53.4883],[-129.5346,53.5081],[-129.6748,53.5927],[-129.76,53.6696],[-129.7775,53.689],[-129.831,53.7354],[-129.8651,53.7462],[-129.9003,53.7734],[-129.9327,53.7819],[-129.9962,53.8242],[-130.0267,53.8385],[-130.0303,53.8481],[-130.0705,53.8564],[-130.1064,53.8804],[-130.1575,53.8981],[-130.1962,53.9166],[-130.2528,53.8925]]],[[[-130.4474,53.9818],[-130.4327,53.9878],[-130.3865,53.9892],[-130.3494,53.9994],[-130.3313,53.9676],[-130.3961,53.9621],[-130.4107,53.9532],[-130.4532,53.8991],[-130.4914,53.8775],[-130.4786,53.8439],[-130.4244,53.872],[-130.4064,53.8378],[-130.362,53.8362],[-130.3412,53.8458],[-130.3279,53.8757],[-130.3009,53.9027],[-130.2418,53.9374],[-130.2289,53.9538],[-130.2315,53.9738],[-130.2647,54.0151],[-130.2904,54.0293],[-130.3381,54.0712],[-130.3925,54.0954],[-130.4216,54.1],[-130.4343,54.0811],[-130.4521,54.0756],[-130.5185,54.0687],[-130.5162,54.057],[-130.5666,54.0329],[-130.6038,54.0253],[-130.6474,53.991],[-130.6739,53.9892],[-130.6865,53.9651],[-130.7055,53.9538],[-130.7236,53.9205],[-130.7084,53.9058],[-130.7155,53.8577],[-130.6813,53.8515],[-130.6503,53.8378],[-130.6282,53.8433],[-130.6222,53.8564],[-130.6404,53.8856],[-130.6902,53.9058],[-130.7012,53.9204],[-130.6758,53.961],[-130.6603,53.9676],[-130.649,53.9494],[-130.6186,53.9657],[-130.5817,53.944],[-130.5443,53.9107],[-130.5226,53.9022],[-130.4892,53.8993],[-130.4715,53.9102],[-130.4576,53.9631],[-130.4474,53.9818]]],[[[-132.5794,53.2072],[-132.5179,53.1935],[-132.5384,53.1799],[-132.5034,53.1674],[-132.4845,53.1679],[-132.4733,53.1868],[-132.4565,53.1768],[-132.4696,53.1519],[-132.4433,53.146],[-132.4005,53.1479],[-132.3187,53.17],[-132.3151,53.1981],[-132.2799,53.1727],[-132.2275,53.1568],[-132.1959,53.1594],[-132.1547,53.176],[-132.1269,53.201],[-132.2095,53.201],[-132.2451,53.1966],[-132.2777,53.2147],[-132.2357,53.2076],[-132.2244,53.2307],[-132.1658,53.2459],[-132.0956,53.2545],[-132.0079,53.2536],[-131.9844,53.2609],[-131.963,53.2829],[-131.9248,53.342],[-131.9078,53.3581],[-131.919,53.3889],[-131.9158,53.453],[-131.9426,53.5216],[-131.9222,53.5638],[-131.9362,53.5961],[-131.9333,53.6186],[-131.8949,53.6782],[-131.8765,53.7182],[-131.8705,53.7829],[-131.8532,53.8173],[-131.8191,53.8549],[-131.7486,53.9165],[-131.7154,53.9538],[-131.6933,53.9919],[-131.6787,54.0342],[-131.6707,54.0791],[-131.6683,54.1252],[-131.6603,54.1369],[-131.6683,54.1531],[-131.7092,54.1184],[-131.7547,54.1025],[-131.7943,54.0804],[-131.8644,54.067],[-131.9164,54.0401],[-131.9935,54.0258],[-132.0465,54.0227],[-132.1304,54.0337],[-132.1671,54.0458],[-132.1822,54.0439],[-132.1304,54.0109],[-132.1269,53.975],[-132.1091,53.923],[-132.0785,53.8925],[-132.117,53.8413],[-132.161,53.8137],[-132.1938,53.774],[-132.1881,53.7414],[-132.1625,53.7261],[-132.1592,53.6999],[-132.1887,53.6811],[-132.2023,53.6555],[-132.2961,53.6737],[-132.3188,53.6728],[-132.333,53.6597],[-132.3103,53.6417],[-132.2709,53.6392],[-132.2898,53.6227],[-132.3185,53.6177],[-132.3802,53.6181],[-132.4348,53.6044],[-132.4679,53.5778],[-132.4838,53.5771],[-132.4593,53.6164],[-132.3815,53.6479],[-132.3529,53.6728],[-132.3911,53.6711],[-132.4618,53.6511],[-132.4975,53.6461],[-132.5399,53.6646],[-132.5671,53.6593],[-132.5893,53.6371],[-132.6068,53.6318],[-132.5941,53.6538],[-132.6051,53.6772],[-132.6659,53.6769],[-132.6372,53.701],[-132.5521,53.7006],[-132.5251,53.7038],[-132.4333,53.7268],[-132.3953,53.7533],[-132.374,53.7621],[-132.2678,53.7695],[-132.2406,53.777],[-132.1959,53.831],[-132.144,53.8413],[-132.1142,53.8813],[-132.1549,53.934],[-132.1445,53.9743],[-132.1485,53.9925],[-132.1739,54.015],[-132.2163,54.0228],[-132.2338,54.035],[-132.23,54.0535],[-132.2384,54.0716],[-132.2967,54.1123],[-132.4068,54.0994],[-132.4565,54.0638],[-132.5324,54.0463],[-132.5447,54.0402],[-132.5551,53.9987],[-132.5681,53.9818],[-132.6102,53.9736],[-132.6614,53.9409],[-132.6813,53.9508],[-132.6752,53.9687],[-132.6446,53.9989],[-132.6228,54.0105],[-132.5801,54.0227],[-132.5658,54.0439],[-132.5634,54.085],[-132.5757,54.1184],[-132.602,54.1226],[-132.649,54.1413],[-132.703,54.1426],[-132.7781,54.1252],[-132.8344,54.1282],[-132.9088,54.1453],[-132.9368,54.1629],[-132.9688,54.1686],[-132.9979,54.1636],[-133.0534,54.1831],[-133.0729,54.1668],[-133.0405,54.1645],[-133.0447,54.148],[-133.0865,54.1047],[-133.0666,54.0949],[-133.0467,54.0497],[-133.0381,54.0439],[-133.0791,54.0015],[-133.1007,54.0023],[-133.1008,53.9545],[-133.1207,53.9409],[-133.1444,53.8969],[-133.1374,53.8757],[-133.0788,53.8333],[-133.0654,53.8173],[-133.1114,53.7979],[-133.1104,53.7866],[-133.0613,53.7647],[-133.0182,53.7553],[-132.9952,53.7707],[-132.9781,53.7633],[-132.9837,53.7176],[-132.9357,53.7006],[-132.9308,53.6901],[-132.9698,53.6945],[-132.9868,53.6799],[-133.0108,53.687],[-132.9839,53.6672],[-132.8911,53.6197],[-132.8842,53.5945],[-132.9002,53.5889],[-132.9485,53.5983],[-132.9906,53.5898],[-132.9724,53.5765],[-132.9773,53.5566],[-132.908,53.5676],[-132.8941,53.5566],[-132.9289,53.5225],[-132.8265,53.5225],[-132.8702,53.488],[-132.8736,53.4748],[-132.8423,53.4689],[-132.7564,53.4996],[-132.7489,53.5162],[-132.7226,53.505],[-132.7275,53.4901],[-132.7576,53.4611],[-132.7065,53.4509],[-132.6847,53.4577],[-132.6706,53.491],[-132.6553,53.463],[-132.6614,53.4399],[-132.6412,53.4323],[-132.5179,53.4127],[-132.4975,53.3785],[-132.4252,53.3508],[-132.4001,53.3303],[-132.4149,53.2966],[-132.4276,53.3155],[-132.4648,53.3271],[-132.483,53.3412],[-132.5316,53.3649],[-132.6483,53.3649],[-132.703,53.3785],[-132.7486,53.3312],[-132.7576,53.3171],[-132.569,53.3369],[-132.5384,53.327],[-132.5426,53.3121],[-132.5788,53.3239],[-132.6129,53.3171],[-132.6204,53.3028],[-132.6985,53.2789],[-132.7098,53.2618],[-132.6272,53.2556],[-132.5711,53.2353],[-132.5521,53.2352],[-132.5794,53.2072]]],[[[-130.2292,54.1184],[-130.1559,54.1416],[-130.1625,54.161],[-130.1859,54.1799],[-130.242,54.1958],[-130.2592,54.1821],[-130.2698,54.1531],[-130.2434,54.1226],[-130.2292,54.1184]]],[[[-130.654,54.1184],[-130.6494,54.1446],[-130.6811,54.1721],[-130.7565,54.2145],[-130.776,54.2141],[-130.8048,54.1737],[-130.7899,54.1618],[-130.6976,54.1149],[-130.654,54.1184]]],[[[-130.3533,54.2676],[-130.3797,54.3039],[-130.4206,54.3319],[-130.4369,54.3327],[-130.462,54.3177],[-130.4691,54.3039],[-130.4441,54.2912],[-130.3944,54.2541],[-130.3707,54.2523],[-130.3533,54.2676]]],[[[-130.3521,54.2677],[-130.3381,54.2556],[-130.2985,54.2536],[-130.265,54.2788],[-130.253,54.3113],[-130.2773,54.3319],[-130.305,54.3337],[-130.3343,54.3198],[-130.3542,54.2968],[-130.3521,54.2677]]],[[[-130.7602,54.362],[-130.7134,54.359],[-130.6911,54.3671],[-130.6876,54.3996],[-130.7155,54.4138],[-130.756,54.3939],[-130.7696,54.3812],[-130.7602,54.362]]],[[[-130.7428,54.6056],[-130.757,54.6337],[-130.808,54.6118],[-130.8542,54.6301],[-130.8732,54.6193],[-130.8973,54.6337],[-130.9312,54.6227],[-130.9278,54.5914],[-130.9619,54.5398],[-130.9619,54.4548],[-130.8384,54.5128],[-130.7769,54.5504],[-130.7557,54.5753],[-130.7428,54.6056]]],[[[-130.5919,54.7422],[-130.5347,54.706],[-130.5101,54.7217],[-130.4618,54.7121],[-130.4343,54.7695],[-130.4616,54.8037],[-130.4836,54.8104],[-130.5099,54.8049],[-130.5786,54.7739],[-130.6151,54.7651],[-130.5919,54.7422]]],[[[-130.2084,54.8111],[-130.2331,54.803],[-130.2741,54.7651],[-130.3195,54.7507],[-130.3763,54.7047],[-130.3777,54.6982],[-130.3244,54.7106],[-130.2835,54.7148],[-130.24,54.7305],[-130.2084,54.7626],[-130.2015,54.79],[-130.222,54.79],[-130.2084,54.8111]]],[[[-130.4312,54.79],[-130.4095,54.7674],[-130.3708,54.7816],[-130.3245,54.8111],[-130.2821,54.8249],[-130.2585,54.8431],[-130.2255,54.8896],[-130.1774,54.924],[-130.1578,54.9477],[-130.1501,54.9694],[-130.1535,54.9914],[-130.1818,55.0316],[-130.204,55.0213],[-130.2547,54.9697],[-130.4211,54.8509],[-130.4616,54.8315],[-130.4312,54.79]]],[[[-123.2869,48.6127],[-123.3053,48.6188],[-123.3375,48.6484],[-123.3367,48.6311],[-123.3029,48.597],[-123.288,48.5913],[-123.2869,48.6127]]],[[[-123.369,48.7742],[-123.472,48.8283],[-123.5,48.8494],[-123.4886,48.8623],[-123.4588,48.8449],[-123.4311,48.8419],[-123.5031,48.8917],[-123.5819,48.9313],[-123.5956,48.9518],[-123.5867,48.898],[-123.5472,48.8624],[-123.5715,48.8498],[-123.5698,48.8324],[-123.5335,48.801],[-123.5497,48.7707],[-123.5311,48.7344],[-123.4962,48.7156],[-123.461,48.7154],[-123.4276,48.7296],[-123.4285,48.7383],[-123.4584,48.7674],[-123.4076,48.7541],[-123.3823,48.7562],[-123.369,48.7742]]],[[[-123.6539,49.0337],[-123.6329,49.0244],[-123.5308,48.942],[-123.4373,48.904],[-123.3945,48.8724],[-123.3693,48.8619],[-123.3424,48.8698],[-123.3274,48.864],[-123.3144,48.8823],[-123.3345,48.903],[-123.366,48.9071],[-123.3909,48.9202],[-123.4719,48.9381],[-123.5467,48.9762],[-123.5704,48.9918],[-123.6586,49.0727],[-123.687,49.1085],[-123.7027,49.0999],[-123.698,49.0821],[-123.6539,49.0337]]],[[[-123.7213,49.1608],[-123.7686,49.169],[-123.8093,49.1841],[-123.8339,49.2012],[-123.8698,49.1905],[-123.862,49.1636],[-123.8428,49.151],[-123.7495,49.1289],[-123.6971,49.1371],[-123.7044,49.156],[-123.7213,49.1608]]],[[[-125.9499,49.2008],[-125.985,49.211],[-126.0243,49.212],[-126.035,49.2018],[-126.0183,49.1815],[-126.0117,49.1591],[-125.9794,49.1497],[-125.962,49.1527],[-125.9541,49.1813],[-125.9381,49.1849],[-125.9499,49.2008]]],[[[-126.0833,49.3149],[-126.0751,49.3385],[-126.0863,49.3631],[-126.108,49.3841],[-126.1317,49.3968],[-126.1502,49.3962],[-126.2314,49.3786],[-126.2403,49.3428],[-126.2274,49.3078],[-126.2403,49.3018],[-126.2235,49.2771],[-126.1925,49.2723],[-126.1583,49.2736],[-126.0896,49.2543],[-126.0694,49.2555],[-126.0485,49.267],[-126.0637,49.2776],[-126.0833,49.3149]]],[[[-123.3307,49.3729],[-123.3152,49.4134],[-123.3263,49.4205],[-123.35,49.4175],[-123.3847,49.404],[-123.4181,49.3809],[-123.4294,49.3467],[-123.416,49.3372],[-123.3848,49.3355],[-123.3594,49.3429],[-123.3307,49.3729]]],[[[-124.2322,49.4993],[-124.2959,49.5124],[-124.3292,49.5128],[-124.3546,49.5224],[-124.3791,49.5073],[-124.3557,49.4904],[-124.3611,49.48],[-124.3179,49.463],[-124.2685,49.4555],[-124.2324,49.4586],[-124.1862,49.447],[-124.1717,49.4643],[-124.2322,49.4993]]],[[[-123.4516,49.4452],[-123.4334,49.446],[-123.4038,49.4657],[-123.3746,49.4635],[-123.3758,49.4384],[-123.3427,49.4429],[-123.3238,49.4619],[-123.3225,49.4861],[-123.3424,49.5067],[-123.3568,49.5349],[-123.3725,49.5421],[-123.4181,49.5309],[-123.4526,49.5081],[-123.4447,49.4862],[-123.4567,49.4782],[-123.4516,49.4452]]],[[[-124.6074,49.5309],[-124.6551,49.5471],[-124.6837,49.5493],[-124.7025,49.5377],[-124.7038,49.5212],[-124.6718,49.4972],[-124.6532,49.496],[-124.6245,49.5234],[-124.5941,49.5216],[-124.6074,49.5309]]],[[[-124.7087,49.497],[-124.7165,49.4995],[-124.7925,49.5797],[-124.8272,49.603],[-124.836,49.5977],[-124.8385,49.5566],[-124.8254,49.5401],[-124.7464,49.4885],[-124.702,49.4795],[-124.6908,49.4829],[-124.7087,49.497]]],[[[-124.1095,49.678],[-124.0745,49.7414],[-124.0201,49.781],[-124.0475,49.7792],[-124.0981,49.767],[-124.1027,49.7469],[-124.1191,49.7548],[-124.1456,49.7475],[-124.2051,49.7053],[-124.1877,49.6789],[-124.1637,49.6598],[-124.1364,49.6566],[-124.1095,49.678]]],[[[-124.6644,49.7469],[-124.6144,49.7165],[-124.5721,49.7084],[-124.4931,49.6718],[-124.4726,49.6718],[-124.4391,49.6308],[-124.4388,49.6119],[-124.3784,49.6029],[-124.1976,49.5209],[-124.1623,49.496],[-124.1434,49.4893],[-124.1232,49.4998],[-124.144,49.5296],[-124.1732,49.5541],[-124.2698,49.6159],[-124.2941,49.6499],[-124.3227,49.6708],[-124.3479,49.7042],[-124.3913,49.72],[-124.4878,49.7342],[-124.5211,49.7469],[-124.562,49.7537],[-124.6092,49.7946],[-124.6576,49.8015],[-124.6517,49.7615],[-124.6644,49.7469]]],[[[-126.6587,49.7878],[-126.6905,49.8571],[-126.7229,49.8498],[-126.7422,49.8564],[-126.7685,49.8835],[-126.8009,49.8808],[-126.8642,49.8555],[-126.9466,49.8362],[-126.9696,49.8335],[-126.987,49.8151],[-126.944,49.8062],[-126.8983,49.781],[-126.8738,49.7889],[-126.8641,49.7733],[-126.9088,49.7651],[-126.933,49.7394],[-126.9615,49.7585],[-126.974,49.736],[-126.9125,49.6916],[-126.8561,49.6657],[-126.8068,49.6274],[-126.6794,49.5918],[-126.6388,49.595],[-126.6177,49.6308],[-126.6192,49.6528],[-126.6339,49.6923],[-126.6426,49.7587],[-126.6587,49.7878]]],[[[-127.2406,50.0217],[-127.2635,50.0343],[-127.286,50.0371],[-127.3113,50.0262],[-127.3186,49.9996],[-127.285,49.9786],[-127.2723,49.978],[-127.251,49.9996],[-127.2342,50.0054],[-127.2406,50.0217]]],[[[-125.0275,50.1441],[-125.0598,50.1155],[-125.0529,50.1052],[-125.0074,50.0723],[-125.0107,50.0296],[-125.0055,50.0176],[-124.9763,50.0217],[-124.963,50.0488],[-124.891,50.069],[-124.9061,50.0878],[-124.9108,50.1137],[-124.9257,50.1277],[-124.9183,50.1509],[-124.9291,50.1694],[-124.9865,50.226],[-125.007,50.2329],[-124.9833,50.1999],[-124.9858,50.1789],[-125.0275,50.1441]]],[[[-125.1988,50.0411],[-125.1869,50.0098],[-125.1631,49.9932],[-125.1606,50.0031],[-125.1715,50.0411],[-125.1754,50.0737],[-125.1861,50.0915],[-125.2125,50.1032],[-125.2277,50.1208],[-125.2252,50.1317],[-125.1852,50.1441],[-125.1913,50.1582],[-125.1647,50.1925],[-125.1798,50.2289],[-125.1986,50.2373],[-125.2154,50.2565],[-125.2353,50.2654],[-125.2472,50.2875],[-125.2632,50.294],[-125.2903,50.2913],[-125.336,50.2745],[-125.3494,50.2417],[-125.3489,50.22],[-125.3348,50.1938],[-125.3237,50.1433],[-125.2833,50.1168],[-125.2303,50.0897],[-125.2125,50.0752],[-125.2267,50.069],[-125.1988,50.0411]]],[[[-124.891,50.1925],[-124.8404,50.1983],[-124.8289,50.185],[-124.8694,50.1663],[-124.8425,50.1222],[-124.8124,50.124],[-124.7635,50.1562],[-124.7538,50.1683],[-124.7659,50.1892],[-124.8157,50.2116],[-124.822,50.2465],[-124.8119,50.2695],[-124.8357,50.2812],[-124.8827,50.2896],[-124.9171,50.3035],[-124.9368,50.2762],[-124.9643,50.2621],[-124.9578,50.2343],[-124.9259,50.1999],[-124.891,50.1925]]],[[[-124.8026,50.2286],[-124.768,50.2143],[-124.7567,50.2194],[-124.7268,50.2663],[-124.7233,50.2929],[-124.7054,50.2741],[-124.7269,50.2432],[-124.7428,50.2042],[-124.7258,50.1632],[-124.6938,50.171],[-124.6645,50.1912],[-124.6507,50.2244],[-124.6614,50.2628],[-124.6898,50.2907],[-124.7251,50.3045],[-124.7485,50.3039],[-124.7865,50.2773],[-124.8122,50.2398],[-124.8026,50.2286]]],[[[-125.336,50.3017],[-125.3126,50.3198],[-125.2684,50.3262],[-125.2458,50.3144],[-125.2115,50.3181],[-125.167,50.2473],[-125.1361,50.2324],[-125.1301,50.2135],[-125.1374,50.1721],[-125.1544,50.1339],[-125.1422,50.1258],[-125.1061,50.1452],[-125.0828,50.2056],[-125.0653,50.1936],[-125.048,50.2056],[-125.049,50.2191],[-125.0771,50.2622],[-125.1151,50.2972],[-125.129,50.3212],[-125.1525,50.3446],[-125.1673,50.3847],[-125.1988,50.3911],[-125.2162,50.4091],[-125.288,50.4374],[-125.3004,50.4275],[-125.3148,50.3974],[-125.3137,50.3497],[-125.3292,50.3427],[-125.3717,50.351],[-125.3944,50.3495],[-125.4042,50.3322],[-125.3981,50.3078],[-125.3822,50.2963],[-125.336,50.3017]]],[[[-125.5023,50.4138],[-125.5067,50.4308],[-125.5234,50.4417],[-125.5469,50.4434],[-125.593,50.4379],[-125.6877,50.4103],[-125.7349,50.4107],[-125.7718,50.404],[-125.7808,50.3857],[-125.7435,50.3773],[-125.6358,50.3825],[-125.609,50.3909],[-125.592,50.388],[-125.5032,50.4049],[-125.5023,50.4138]]],[[[-125.368,50.4611],[-125.478,50.4295],[-125.491,50.4219],[-125.4995,50.4011],[-125.5448,50.3778],[-125.4866,50.3577],[-125.4477,50.3537],[-125.4157,50.3596],[-125.3786,50.3756],[-125.3821,50.3935],[-125.355,50.3981],[-125.338,50.4121],[-125.3279,50.4337],[-125.3396,50.4525],[-125.368,50.4611]]],[[[-125.7491,50.4218],[-125.7432,50.4367],[-125.77,50.4592],[-125.8058,50.475],[-125.8886,50.4612],[-125.9654,50.4382],[-125.9486,50.425],[-125.9066,50.4171],[-125.8717,50.4162],[-125.8236,50.4088],[-125.7851,50.4119],[-125.7491,50.4218]]],[[[-126.5377,50.5838],[-126.5869,50.5949],[-126.627,50.5898],[-126.6612,50.591],[-126.668,50.5848],[-126.6483,50.5699],[-126.6503,50.5587],[-126.6149,50.5527],[-126.5302,50.5652],[-126.5184,50.5757],[-126.5377,50.5838]]],[[[-126.3365,50.6035],[-126.3676,50.583],[-126.5841,50.5481],[-126.6245,50.5346],[-126.4481,50.5192],[-126.4127,50.5274],[-126.3055,50.5346],[-126.2682,50.555],[-126.2349,50.5571],[-126.2267,50.5693],[-126.2449,50.5715],[-126.2881,50.6035],[-126.3365,50.6035]]],[[[-126.4038,50.6298],[-126.4713,50.6282],[-126.5476,50.6137],[-126.5585,50.6032],[-126.4854,50.5786],[-126.4526,50.5881],[-126.4256,50.5886],[-126.3744,50.605],[-126.3635,50.6188],[-126.4038,50.6298]]],[[[-126.8593,50.6457],[-126.8948,50.6659],[-126.9346,50.6603],[-127.0371,50.6625],[-127.1075,50.6711],[-127.1415,50.6548],[-127.1504,50.64],[-127.1221,50.63],[-127.0697,50.6337],[-127.0375,50.6401],[-127.0032,50.6265],[-126.8971,50.621],[-126.8397,50.6337],[-126.8593,50.6457]]],[[[-126.6177,50.6723],[-126.6034,50.6549],[-126.576,50.6523],[-126.5215,50.658],[-126.4849,50.6462],[-126.4568,50.646],[-126.4601,50.6649],[-126.4346,50.6691],[-126.3502,50.6518],[-126.2881,50.6546],[-126.2644,50.6646],[-126.2682,50.6853],[-126.2329,50.727],[-126.1859,50.7416],[-126.1853,50.7597],[-126.2134,50.7716],[-126.2236,50.7951],[-126.2442,50.8163],[-126.2723,50.83],[-126.3235,50.8157],[-126.3979,50.8083],[-126.4283,50.7945],[-126.4789,50.7569],[-126.5078,50.7399],[-126.527,50.7437],[-126.55,50.7329],[-126.5877,50.7011],[-126.5902,50.6793],[-126.6177,50.6723]]],[[[-126.7821,50.7747],[-126.7684,50.7863],[-126.7412,50.7747],[-126.6728,50.7925],[-126.6376,50.7972],[-126.6034,50.8083],[-126.5624,50.8021],[-126.5881,50.8223],[-126.6338,50.8481],[-126.65,50.8478],[-126.6824,50.8344],[-126.7707,50.8363],[-126.7843,50.8323],[-126.7934,50.8073],[-126.8263,50.8362],[-126.8627,50.8361],[-126.9051,50.8293],[-126.8548,50.786],[-126.7821,50.7747]]],[[[-123.3212,48.4958],[-123.3458,48.5234],[-123.3553,48.5607],[-123.39,48.6204],[-123.3887,48.6348],[-123.3992,48.6815],[-123.4168,48.6911],[-123.446,48.6921],[-123.472,48.6849],[-123.4718,48.6724],[-123.4373,48.6501],[-123.4789,48.6365],[-123.4785,48.5908],[-123.472,48.575],[-123.5136,48.5476],[-123.5355,48.5401],[-123.5409,48.5545],[-123.5176,48.5804],[-123.517,48.6108],[-123.5409,48.6365],[-123.5299,48.6647],[-123.5309,48.685],[-123.5609,48.7121],[-123.6316,48.7421],[-123.6508,48.7531],[-123.6366,48.7639],[-123.5988,48.7585],[-123.573,48.7462],[-123.5666,48.7607],[-123.5683,48.7941],[-123.5987,48.7941],[-123.5961,48.8114],[-123.5799,48.8216],[-123.5938,48.837],[-123.7179,48.9215],[-123.7397,48.9429],[-123.7873,48.9654],[-123.8351,49.0002],[-123.816,49.0127],[-123.7799,48.9859],[-123.7609,48.9958],[-123.7738,49.0207],[-123.7514,49.028],[-123.7569,49.0421],[-123.7873,49.069],[-123.8134,49.1186],[-123.8836,49.1367],[-123.9171,49.1349],[-123.9308,49.1435],[-123.9642,49.2031],[-123.9463,49.2084],[-123.9549,49.2292],[-123.9777,49.241],[-124.0094,49.2459],[-124.0714,49.2466],[-124.1229,49.2602],[-124.1649,49.2549],[-124.1784,49.2602],[-124.1631,49.2717],[-124.1095,49.2801],[-124.1592,49.3105],[-124.1747,49.3149],[-124.2085,49.3081],[-124.3196,49.3349],[-124.36,49.3566],[-124.4453,49.3627],[-124.5451,49.3772],[-124.596,49.3912],[-124.6371,49.4111],[-124.6576,49.4384],[-124.692,49.4492],[-124.7236,49.4651],[-124.7726,49.4615],[-124.7947,49.4726],[-124.8084,49.5067],[-124.838,49.5173],[-124.9095,49.6213],[-124.9578,49.6596],[-124.9762,49.668],[-124.9733,49.685],[-124.891,49.6721],[-124.8758,49.6774],[-124.8699,49.6951],[-124.8821,49.7249],[-125.1783,49.925],[-125.2195,49.991],[-125.223,50.0178],[-125.2609,50.0485],[-125.2591,50.0646],[-125.2927,50.0904],[-125.3019,50.1066],[-125.3501,50.1249],[-125.3695,50.1386],[-125.3496,50.1441],[-125.3881,50.1986],[-125.4105,50.2569],[-125.4322,50.2875],[-125.4247,50.2949],[-125.4362,50.3136],[-125.4767,50.339],[-125.5244,50.3471],[-125.5643,50.3662],[-125.5892,50.3707],[-125.7403,50.3564],[-125.7891,50.3769],[-125.8375,50.3873],[-125.9358,50.3911],[-125.9575,50.395],[-126.0235,50.4256],[-126.1173,50.4554],[-126.1931,50.4697],[-126.2716,50.4663],[-126.3397,50.4835],[-126.3644,50.4868],[-126.4598,50.4748],[-126.4926,50.4874],[-126.5622,50.4981],[-126.5693,50.4793],[-126.5953,50.4802],[-126.6315,50.5071],[-126.6793,50.5175],[-126.7655,50.5444],[-126.8231,50.549],[-126.8445,50.5303],[-126.8642,50.5301],[-126.8505,50.5516],[-126.8733,50.5622],[-126.9772,50.563],[-126.9945,50.5693],[-126.974,50.583],[-127.0627,50.5966],[-127.0969,50.5966],[-127.1112,50.6171],[-127.1794,50.6171],[-127.1986,50.6213],[-127.2347,50.6444],[-127.2633,50.6559],[-127.3501,50.6785],[-127.4036,50.7078],[-127.4213,50.7289],[-127.4053,50.7474],[-127.429,50.7519],[-127.4451,50.7379],[-127.4736,50.699],[-127.4913,50.7235],[-127.4879,50.7474],[-127.5052,50.7733],[-127.5701,50.7951],[-127.8825,50.8669],[-127.9184,50.8708],[-128.0177,50.8622],[-128.077,50.8703],[-128.0979,50.8658],[-128.1527,50.8362],[-128.1868,50.845],[-128.2266,50.8317],[-128.2672,50.8121],[-128.3035,50.8021],[-128.34,50.807],[-128.368,50.7908],[-128.4068,50.7805],[-128.4172,50.7719],[-128.3843,50.709],[-128.3786,50.6891],[-128.3411,50.6649],[-128.2967,50.6723],[-128.2843,50.6621],[-128.3387,50.6472],[-128.3198,50.6098],[-128.2892,50.6103],[-128.2482,50.5966],[-128.2382,50.5629],[-128.218,50.5302],[-128.1732,50.5141],[-128.1531,50.4926],[-128.1043,50.4766],[-128.0602,50.4526],[-128.0417,50.4599],[-128.0639,50.4793],[-128.05,50.4958],[-127.997,50.474],[-127.9505,50.4773],[-127.9062,50.4868],[-127.8659,50.5044],[-127.8459,50.5063],[-127.8374,50.4902],[-127.6627,50.5346],[-127.6149,50.5366],[-127.5926,50.5436],[-127.5937,50.5587],[-127.6348,50.5797],[-127.6865,50.5892],[-127.7995,50.5892],[-127.8433,50.6039],[-127.8777,50.6301],[-127.8199,50.6112],[-127.6146,50.6035],[-127.6002,50.6002],[-127.5458,50.5702],[-127.5118,50.5891],[-127.419,50.6035],[-127.4237,50.5812],[-127.5005,50.5672],[-127.5226,50.542],[-127.5496,50.5439],[-127.5625,50.5211],[-127.5579,50.493],[-127.5079,50.466],[-127.4822,50.4352],[-127.4469,50.3769],[-127.4755,50.3837],[-127.4978,50.4008],[-127.5524,50.4641],[-127.5912,50.4857],[-127.7445,50.4868],[-127.8244,50.4664],[-127.8578,50.4737],[-127.8641,50.4595],[-127.9155,50.4663],[-127.9313,50.441],[-127.9261,50.4253],[-127.9421,50.4144],[-127.9643,50.3638],[-127.9788,50.357],[-127.944,50.3279],[-127.9187,50.3223],[-127.878,50.3427],[-127.8427,50.3188],[-127.8221,50.3234],[-127.8003,50.3144],[-127.8135,50.2947],[-127.8409,50.2917],[-127.851,50.2812],[-127.8043,50.2529],[-127.7551,50.2595],[-127.747,50.2432],[-127.7753,50.2329],[-127.8404,50.1754],[-127.8968,50.143],[-127.9062,50.1304],[-127.8981,50.1141],[-127.8756,50.106],[-127.8265,50.1032],[-127.7964,50.0827],[-127.7742,50.0919],[-127.7247,50.136],[-127.6887,50.1601],[-127.6499,50.178],[-127.6108,50.185],[-127.6308,50.1601],[-127.6313,50.1304],[-127.6142,50.1188],[-127.5528,50.1304],[-127.5246,50.1433],[-127.4955,50.1686],[-127.4634,50.187],[-127.4264,50.1789],[-127.4629,50.1562],[-127.4879,50.1304],[-127.419,50.1304],[-127.4695,50.1079],[-127.4674,50.0895],[-127.4405,50.0606],[-127.4053,50.0411],[-127.3625,50.0325],[-127.3166,50.0411],[-127.2833,50.0624],[-127.2756,50.0929],[-127.2921,50.1443],[-127.2705,50.1452],[-127.2154,50.0994],[-127.1639,50.0974],[-127.1474,50.1105],[-127.1173,50.1174],[-127.0969,50.1509],[-127.0831,50.1308],[-127.0887,50.1107],[-127.1061,50.0955],[-127.1475,50.0844],[-127.1643,50.0712],[-127.1863,50.0342],[-127.1836,50.0133],[-127.1999,50.0075],[-127.2309,49.9765],[-127.2375,49.9618],[-127.2291,49.9465],[-127.1419,49.8666],[-127.1219,49.8577],[-127.073,49.8623],[-126.9449,49.8636],[-126.9298,49.8831],[-126.9286,49.9333],[-126.9193,49.9735],[-126.9102,49.9574],[-126.8916,49.891],[-126.8834,49.8831],[-126.8395,49.8882],[-126.8085,49.9144],[-126.8026,49.9281],[-126.8109,49.9433],[-126.8426,49.9606],[-126.8436,49.9735],[-126.7829,49.9425],[-126.7672,49.9124],[-126.7264,49.8824],[-126.7059,49.8772],[-126.6637,49.8969],[-126.6497,49.898],[-126.6373,49.8171],[-126.6052,49.7321],[-126.5935,49.7158],[-126.5731,49.7069],[-126.5167,49.7084],[-126.4936,49.7189],[-126.4723,49.7497],[-126.4737,49.7844],[-126.4674,49.7923],[-126.4112,49.7782],[-126.412,49.7717],[-126.4794,49.7118],[-126.4874,49.6951],[-126.4532,49.6743],[-126.3244,49.6483],[-126.2968,49.6608],[-126.195,49.6814],[-126.1171,49.6855],[-126.0985,49.6778],[-126.0895,49.6609],[-126.1379,49.6501],[-126.1857,49.6575],[-126.2182,49.6457],[-126.3365,49.6308],[-126.4171,49.6385],[-126.4525,49.6363],[-126.4991,49.6106],[-126.533,49.6025],[-126.5626,49.5874],[-126.5768,49.5482],[-126.5563,49.5272],[-126.5624,49.4589],[-126.5727,49.4143],[-126.5423,49.3857],[-126.5104,49.3778],[-126.4643,49.3957],[-126.4639,49.4056],[-126.4874,49.4384],[-126.4653,49.4602],[-126.4321,49.4726],[-126.3912,49.4309],[-126.405,49.4214],[-126.2881,49.3627],[-126.2613,49.4003],[-126.2588,49.4315],[-126.2682,49.4452],[-126.2435,49.4463],[-126.2271,49.4128],[-126.1857,49.4042],[-126.174,49.4154],[-126.1219,49.4262],[-126.0551,49.4453],[-126.0582,49.4119],[-126.0765,49.3837],[-126.0591,49.3459],[-126.0144,49.3223],[-125.9792,49.3418],[-125.9585,49.3933],[-125.9218,49.4198],[-125.912,49.4384],[-125.899,49.4222],[-125.9288,49.373],[-125.9509,49.3203],[-126.0089,49.2923],[-126.0281,49.2739],[-125.9944,49.2423],[-125.956,49.2329],[-125.9398,49.2409],[-125.9012,49.2745],[-125.8773,49.2801],[-125.8517,49.2664],[-125.8369,49.2731],[-125.8178,49.324],[-125.7816,49.3701],[-125.7748,49.3701],[-125.7816,49.3384],[-125.802,49.3002],[-125.8021,49.2534],[-125.7773,49.2477],[-125.7405,49.2674],[-125.7537,49.2224],[-125.7551,49.1689],[-125.7467,49.1481],[-125.6986,49.1811],[-125.6103,49.2255],[-125.6129,49.2064],[-125.6323,49.1879],[-125.6457,49.164],[-125.6836,49.1484],[-125.7469,49.1094],[-125.7848,49.1049],[-125.8158,49.123],[-125.8309,49.1144],[-125.8616,49.11],[-125.8717,49.0902],[-125.8363,49.069],[-125.7358,49.053],[-125.6724,49.0178],[-125.637,48.9927],[-125.6202,48.9688],[-125.5731,48.9558],[-125.5471,48.9403],[-125.4894,48.9186],[-125.4606,48.9207],[-125.449,48.9374],[-125.4298,48.944],[-125.4005,48.9726],[-125.3663,48.9874],[-125.3539,49.0272],[-125.3334,49.0418],[-125.3087,49.0275],[-125.2609,49.0275],[-125.3025,49.0031],[-125.336,48.9722],[-125.3152,48.9653],[-125.265,48.963],[-125.2213,48.9548],[-125.1715,48.9927],[-125.1469,48.9985],[-125.1112,48.9839],[-125.0858,48.9791],[-125.0448,48.9927],[-124.9927,48.9859],[-124.9676,48.9879],[-124.888,49.014],[-124.8792,49.0323],[-124.8699,49.0747],[-124.828,49.1199],[-124.822,49.1401],[-124.822,49.1814],[-124.8289,49.2255],[-124.8084,49.2466],[-124.7988,49.1888],[-124.7794,49.152],[-124.8009,49.1168],[-124.8194,49.058],[-124.847,49.0205],[-124.8827,48.9905],[-124.9183,48.9722],[-124.9841,48.956],[-125.0137,48.9281],[-125.007,48.9002],[-125.0345,48.8837],[-125.0688,48.8802],[-125.089,48.8698],[-125.11,48.8419],[-125.1711,48.8159],[-125.1852,48.801],[-125.1439,48.7744],[-125.1088,48.7388],[-125.094,48.73],[-124.8162,48.6471],[-124.7694,48.6151],[-124.7312,48.5964],[-124.6654,48.5732],[-124.5136,48.5471],[-124.4857,48.5402],[-124.4453,48.5682],[-124.3907,48.5607],[-124.4297,48.5385],[-124.4379,48.5255],[-124.3891,48.518],[-124.1315,48.4335],[-123.8908,48.3669],[-123.8412,48.3619],[-123.7806,48.3629],[-123.7338,48.3508],[-123.685,48.3322],[-123.6539,48.3143],[-123.5956,48.3279],[-123.5953,48.31],[-123.5722,48.3061],[-123.5506,48.3131],[-123.5546,48.3279],[-123.5198,48.3553],[-123.5111,48.3805],[-123.4802,48.3923],[-123.4534,48.4336],[-123.4373,48.4446],[-123.357,48.4006],[-123.3304,48.4048],[-123.2871,48.4241],[-123.2806,48.4484],[-123.2872,48.4683],[-123.3212,48.4958]]],[[[-127.8456,50.9229],[-127.8606,50.9357],[-127.9154,50.9396],[-127.94,50.9249],[-127.983,50.9167],[-127.981,50.9071],[-127.9372,50.9049],[-127.9233,50.8967],[-127.875,50.8904],[-127.8402,50.9033],[-127.8456,50.9229]]],[[[-127.5453,51.0898],[-127.6117,51.0751],[-127.5912,51.0519],[-127.542,51.0522],[-127.5265,51.0662],[-127.5269,51.0837],[-127.5453,51.0898]]],[[[-131.6813,52.8421],[-131.7435,52.8402],[-131.7358,52.8537],[-131.7594,52.8571],[-131.8376,52.841],[-131.8319,52.8262],[-131.808,52.8149],[-131.7435,52.8113],[-131.7008,52.8177],[-131.6552,52.8305],[-131.6813,52.8421]]],[[[-132.2296,52.9952],[-132.3647,53.0073],[-132.3826,53.0041],[-132.3241,52.9687],[-132.3031,52.9667],[-132.2157,52.975],[-132.2019,52.9844],[-132.2296,52.9952]]],[[[-132.9785,54.246],[-133.0057,54.2551],[-133.0614,54.2563],[-133.0758,54.2457],[-133.0772,54.2239],[-133.0208,54.2149],[-133.0127,54.1945],[-132.9781,54.1969],[-132.9773,54.2181],[-132.9661,54.2342],[-132.9785,54.246]]],[[[-123.2872,48.8128],[-123.3127,48.8171],[-123.3226,48.8057],[-123.3113,48.7973],[-123.307,48.7646],[-123.2575,48.7392],[-123.1995,48.7321],[-123.1824,48.7435],[-123.1881,48.7562],[-123.2504,48.7661],[-123.2518,48.7902],[-123.2872,48.8128]]],[[[-123.089,48.7675],[-123.0777,48.776],[-123.0423,48.7845],[-123.0536,48.7958],[-123.1414,48.8015],[-123.1796,48.8156],[-123.2037,48.8298],[-123.2235,48.8327],[-123.2037,48.8085],[-123.2037,48.7845],[-123.1584,48.7633],[-123.1017,48.7619],[-123.089,48.7675]]],[[[-125.8616,49.2374],[-125.9011,49.2255],[-125.9234,49.197],[-125.915,49.1763],[-125.8876,49.1731],[-125.8799,49.146],[-125.8417,49.1338],[-125.8014,49.1439],[-125.786,49.2093],[-125.797,49.227],[-125.8307,49.2371],[-125.8616,49.2374]]],[[[-128.6391,50.8047],[-128.6351,50.7899],[-128.6159,50.7828],[-128.6015,50.7931],[-128.5726,50.7952],[-128.5741,50.8085],[-128.6037,50.8198],[-128.6065,50.8123],[-128.6391,50.8047]]],[[[-128.7021,50.8366],[-128.7158,50.8144],[-128.6916,50.8015],[-128.655,50.8088],[-128.6622,50.825],[-128.7021,50.8366]]],[[[-127.7791,50.9015],[-127.8348,50.8891],[-127.8174,50.8686],[-127.7526,50.8592],[-127.7289,50.8461],[-127.656,50.8378],[-127.6692,50.8804],[-127.6882,50.9009],[-127.7135,50.913],[-127.7449,50.9125],[-127.7791,50.9015]]],[[[-128.4382,51.9808],[-128.487,51.9537],[-128.4927,51.926],[-128.4788,51.9068],[-128.4544,51.9174],[-128.4455,51.8981],[-128.4324,51.9024],[-128.4232,51.9259],[-128.4135,51.9832],[-128.4174,52.0035],[-128.4382,51.9808]]],[[[-129.4328,52.6831],[-129.4274,52.6743],[-129.4496,52.644],[-129.4355,52.6377],[-129.4024,52.6466],[-129.4001,52.6795],[-129.4133,52.6876],[-129.4328,52.6831]]],[[[-129.3547,52.8625],[-129.3677,52.845],[-129.3662,52.8145],[-129.3477,52.7999],[-129.3289,52.7996],[-129.312,52.8393],[-129.3547,52.8625]]],[[[-130.5921,53.4962],[-130.6165,53.5064],[-130.6361,53.4984],[-130.6247,53.4815],[-130.587,53.4662],[-130.5921,53.4962]]],[[[-130.6091,53.797],[-130.5533,53.7844],[-130.5127,53.7935],[-130.4973,53.7652],[-130.4379,53.7569],[-130.42,53.7833],[-130.5098,53.8263],[-130.5694,53.8367],[-130.6172,53.8232],[-130.6091,53.797]]],[[[-130.8176,54.4863],[-130.8614,54.4554],[-130.87,54.4348],[-130.8286,54.4387],[-130.8234,54.4209],[-130.7847,54.4123],[-130.7296,54.4208],[-130.7285,54.4378],[-130.79,54.4937],[-130.8176,54.4863]]],[[[-131.0988,54.628],[-131.1022,54.5956],[-131.0909,54.5822],[-131.0694,54.5879],[-131.05,54.606],[-131.0568,54.6257],[-131.0988,54.628]]]]},"properties":{"name":"British Columbia","name_en":"British Columbia","name_ja":"ブリティッシュコロンビア州","name_zh":"不列颠哥伦比亚","name_ko":"브리티시컬럼비아","adm0_a3":"CAN","postal":"BC","iso_3166_2":"CA-BC","type_en":"Province","region":"Western Canada","geonunit":"Canada"}},
{"type":"Feature","geometry":{"type":"Polygon","coordinates":[[[-109.9993,48.9926],[-110,49.0001],[-110,49.3438],[-110,49.6876],[-110,50.0313],[-110,50.3751],[-110,50.7188],[-110,51.0626],[-110,51.4063],[-110,51.7501],[-110,52.0938],[-110,52.4376],[-110,52.7813],[-110,53.1251],[-110,53.4688],[-110,53.8126],[-110,54.1563],[-110,54.5],[-110,54.8438],[-110,55.1876],[-110,55.5313],[-110,55.8751],[-110,56.2188],[-110,56.5625],[-110,56.9063],[-110,57.2501],[-110,57.5938],[-110,57.9376],[-110,58.2813],[-110,58.6251],[-110,58.9688],[-110,59.3126],[-110,59.6564],[-110,60.0001],[-110.6249,60.0001],[-111.2499,60.0001],[-111.8749,60.0001],[-112.5,60.0001],[-113.1249,60.0001],[-113.75,60.0001],[-114.375,60.0001],[-115,60.0001],[-115.625,60.0001],[-116.25,60.0001],[-116.875,60.0001],[-117.4999,60.0001],[-118.125,60.0001],[-118.75,60.0001],[-119.375,60.0001],[-120,60.0001],[-120,59.6691],[-120,59.3381],[-120,59.0665],[-120,58.7948],[-120,58.5231],[-120,58.2515],[-120,57.9798],[-120,57.7082],[-120,57.4364],[-120,57.1648],[-120,56.8742],[-120,56.5836],[-120,56.293],[-120,56.0023],[-120,55.7117],[-120,55.4211],[-120,55.1898],[-120,54.9584],[-120,54.6479],[-120,54.4558],[-120,54.0718],[-120,53.8653],[-120.001,53.8228],[-119.9809,53.7906],[-119.9189,53.7834],[-119.9032,53.7677],[-119.9215,53.7295],[-119.9147,53.7159],[-119.8762,53.7098],[-119.8545,53.6979],[-119.83,53.7075],[-119.8077,53.7047],[-119.7897,53.6812],[-119.7371,53.6421],[-119.7325,53.6231],[-119.7537,53.6048],[-119.7937,53.6027],[-119.8659,53.6138],[-119.9265,53.6149],[-119.9309,53.6051],[-119.887,53.5666],[-119.9042,53.5421],[-119.9049,53.5219],[-119.8826,53.5071],[-119.8481,53.5133],[-119.8274,53.5081],[-119.7908,53.4709],[-119.7567,53.4146],[-119.7185,53.3854],[-119.6416,53.3538],[-119.6061,53.3781],[-119.4764,53.3567],[-119.4256,53.3669],[-119.3933,53.3645],[-119.3809,53.356],[-119.3755,53.3234],[-119.3541,53.2834],[-119.2778,53.2082],[-119.2514,53.1953],[-119.2222,53.1942],[-119.1879,53.1842],[-119.1564,53.1825],[-119.1255,53.1615],[-119.0767,53.1535],[-119.0288,53.1346],[-119.0144,53.1499],[-119.0255,53.1756],[-119.0109,53.1928],[-119.0098,53.2233],[-118.9967,53.2365],[-118.9629,53.2333],[-118.92,53.2094],[-118.8775,53.1971],[-118.8502,53.1833],[-118.7775,53.1321],[-118.757,53.1215],[-118.7511,53.104],[-118.7758,53.0776],[-118.7766,53.0532],[-118.726,53.0612],[-118.7125,53.0392],[-118.6722,53.0341],[-118.6633,53.0156],[-118.6737,52.966],[-118.6371,52.9298],[-118.6243,52.887],[-118.605,52.8775],[-118.5153,52.9001],[-118.4829,52.8926],[-118.4709,52.8624],[-118.4298,52.8481],[-118.4172,52.8262],[-118.4325,52.7909],[-118.4231,52.7786],[-118.3736,52.7614],[-118.3553,52.7484],[-118.3247,52.6956],[-118.3062,52.6775],[-118.3166,52.6539],[-118.3524,52.6285],[-118.3291,52.5881],[-118.2864,52.5694],[-118.2786,52.5592],[-118.2825,52.524],[-118.2438,52.4929],[-118.2074,52.4821],[-118.2205,52.4633],[-118.2503,52.4556],[-118.2584,52.4308],[-118.2324,52.3992],[-118.2266,52.3703],[-118.2113,52.3667],[-118.1558,52.3959],[-118.0636,52.3989],[-118.0433,52.4081],[-118.0452,52.4447],[-118.0119,52.4851],[-117.992,52.4847],[-117.9336,52.4415],[-117.8908,52.4255],[-117.8024,52.4157],[-117.7583,52.4051],[-117.7363,52.3913],[-117.727,52.373],[-117.7294,52.352],[-117.7422,52.3301],[-117.8218,52.2795],[-117.8218,52.2627],[-117.7779,52.2176],[-117.7537,52.2003],[-117.6903,52.1903],[-117.6645,52.1815],[-117.6164,52.1403],[-117.5908,52.1304],[-117.5243,52.1471],[-117.493,52.1495],[-117.4175,52.1345],[-117.3762,52.1341],[-117.3457,52.1482],[-117.3315,52.1817],[-117.3063,52.1671],[-117.2974,52.1366],[-117.298,52.105],[-117.2705,52.0626],[-117.2699,52.0451],[-117.2369,52.0295],[-117.1845,51.9877],[-117.1119,51.965],[-117.0474,51.9152],[-117.0316,51.8912],[-117.0266,51.8545],[-116.9944,51.8354],[-116.9872,51.805],[-116.9531,51.7406],[-116.9377,51.7199],[-116.9144,51.7084],[-116.8535,51.7064],[-116.8227,51.713],[-116.8066,51.7286],[-116.8199,51.7405],[-116.8135,51.7523],[-116.7522,51.7979],[-116.685,51.8094],[-116.6511,51.789],[-116.6461,51.7585],[-116.6063,51.7241],[-116.5961,51.709],[-116.5933,51.6646],[-116.5764,51.6442],[-116.5138,51.6256],[-116.4842,51.6074],[-116.4609,51.5687],[-116.4169,51.5545],[-116.4004,51.5405],[-116.3881,51.4951],[-116.366,51.481],[-116.315,51.4663],[-116.2958,51.4507],[-116.3021,51.4018],[-116.2999,51.3792],[-116.275,51.3539],[-116.2747,51.3337],[-116.2575,51.3144],[-116.2339,51.3031],[-116.1808,51.3038],[-116.1658,51.299],[-116.1458,51.2632],[-116.1178,51.2524],[-116.0513,51.2412],[-116.0275,51.2197],[-116.0222,51.2004],[-116.0181,51.1424],[-115.9771,51.1146],[-115.9297,51.0935],[-115.9037,51.0875],[-115.8158,51.0842],[-115.7716,51.0672],[-115.764,51.0409],[-115.7371,51.0266],[-115.695,51.0176],[-115.6768,51.0069],[-115.6588,50.9793],[-115.6204,50.9702],[-115.6078,50.9377],[-115.5719,50.9003],[-115.5808,50.8928],[-115.6329,50.8842],[-115.6452,50.8748],[-115.6467,50.852],[-115.5726,50.8348],[-115.5537,50.8099],[-115.528,50.7925],[-115.4844,50.7806],[-115.4644,50.7605],[-115.4191,50.7542],[-115.4032,50.7224],[-115.379,50.719],[-115.3574,50.7329],[-115.3433,50.7305],[-115.31,50.7052],[-115.2872,50.6664],[-115.2883,50.6557],[-115.3155,50.649],[-115.3125,50.636],[-115.239,50.5819],[-115.2206,50.5504],[-115.1881,50.5477],[-115.1593,50.5787],[-115.096,50.5892],[-115.0276,50.5787],[-114.9997,50.5629],[-114.9303,50.4874],[-114.8795,50.4411],[-114.856,50.4077],[-114.7913,50.3689],[-114.7751,50.3541],[-114.7898,50.3278],[-114.76,50.2879],[-114.7536,50.2423],[-114.7326,50.2035],[-114.7328,50.1617],[-114.7194,50.1165],[-114.7041,50.1068],[-114.6847,50.0759],[-114.6669,50.0716],[-114.6602,50.0151],[-114.6438,49.9825],[-114.6501,49.963],[-114.6833,49.9594],[-114.6886,49.9271],[-114.6827,49.892],[-114.6383,49.8271],[-114.6248,49.7802],[-114.649,49.7544],[-114.6364,49.7298],[-114.6628,49.7017],[-114.67,49.6622],[-114.6839,49.6311],[-114.7089,49.6291],[-114.7307,49.618],[-114.744,49.5961],[-114.7383,49.5809],[-114.7008,49.5651],[-114.6894,49.5473],[-114.6594,49.5531],[-114.6226,49.5434],[-114.5763,49.5562],[-114.5637,49.5389],[-114.5687,49.5139],[-114.5915,49.4713],[-114.5979,49.4441],[-114.5925,49.4178],[-114.578,49.3945],[-114.5572,49.3762],[-114.5377,49.3721],[-114.5205,49.3538],[-114.4702,49.3337],[-114.4608,49.307],[-114.4408,49.2923],[-114.4262,49.2641],[-114.3798,49.2579],[-114.3722,49.2503],[-114.3877,49.2296],[-114.3764,49.2046],[-114.3601,49.1985],[-114.3116,49.1985],[-114.2764,49.1876],[-114.2254,49.1859],[-114.1541,49.1482],[-114.1598,49.117],[-114.1477,49.0938],[-114.1038,49.0601],[-114.0483,49.0491],[-114.0375,49.0227],[-114.0638,48.9925],[-113.641,48.9925],[-113.4212,48.9925],[-112.9816,48.9925],[-112.7618,48.9926],[-112.3222,48.9926],[-111.8826,48.9926],[-111.6627,48.9926],[-111.2231,48.9926],[-110.7835,48.9926],[-110.3439,48.9926],[-109.9993,48.9926]]]},"properties":{"name":"Alberta","name_en":"Alberta","name_ja":"アルバータ州","name_zh":"阿尔伯塔省","name_ko":"앨버타","adm0_a3":"CAN","postal":"AB","iso_3166_2":"CA-AB","type_en":"Province","region":"Western Canada","geonunit":"Canada"}},
{"type":"Feature","geometry":{"type":"Polygon","coordinates":[[[-109.9993,48.9926],[-109.6845,48.9926],[-109.2449,48.9926],[-108.8052,48.9926],[-108.3656,48.9926],[-108.1458,48.9926],[-107.7062,48.9926],[-107.2666,48.9926],[-107.0468,48.9926],[-106.6072,48.9926],[-106.3873,48.9926],[-105.9477,48.9926],[-105.5082,48.9926],[-105.0575,48.9926],[-104.6289,48.9926],[-104.1892,48.9926],[-103.7497,48.9926],[-103.5299,48.9926],[-103.0902,48.9926],[-102.8704,48.9926],[-102.4307,48.9926],[-101.9912,48.9927],[-101.7714,48.9927],[-101.3643,48.9927],[-101.3813,49.1742],[-101.4013,49.3885],[-101.4213,49.6027],[-101.4413,49.817],[-101.4613,50.0313],[-101.4812,50.2455],[-101.5013,50.4598],[-101.5212,50.6741],[-101.5412,50.8883],[-101.5612,51.1026],[-101.5812,51.3169],[-101.6012,51.5311],[-101.6212,51.7454],[-101.6412,51.9597],[-101.6612,52.1739],[-101.6812,52.3882],[-101.7012,52.6025],[-101.7212,52.8167],[-101.7411,53.031],[-101.7612,53.2453],[-101.7811,53.4595],[-101.8011,53.6738],[-101.8211,53.8881],[-101.8411,54.1023],[-101.8611,54.3166],[-101.8811,54.5309],[-101.9011,54.7451],[-101.9211,54.9594],[-101.9411,55.1737],[-101.9611,55.3879],[-101.981,55.6022],[-102.0011,55.8165],[-102.0011,56.181],[-102.0011,56.5456],[-102.0012,56.9102],[-102.0013,57.2747],[-102.0013,57.8425],[-102.0014,58.4102],[-102.0015,58.978],[-102.0016,59.5457],[-102.0016,59.7728],[-102.0016,60.0001],[-102.5015,60.0001],[-103.0014,60.0001],[-103.5013,60.0001],[-104.0012,60.0001],[-104.5011,60.0001],[-105.001,60.0001],[-105.5009,60.0001],[-106.0008,60.0001],[-106.5007,60.0001],[-107.0006,60.0001],[-107.5005,60.0001],[-108.0004,60.0001],[-108.5003,60.0001],[-109.0001,60.0001],[-109.5001,60.0001],[-110,60.0001],[-110,59.6564],[-110,59.3126],[-110,58.9688],[-110,58.6251],[-110,58.2813],[-110,57.9376],[-110,57.5938],[-110,57.2501],[-110,56.9063],[-110,56.5625],[-110,56.2188],[-110,55.8751],[-110,55.5313],[-110,55.1876],[-110,54.8438],[-110,54.5],[-110,54.1563],[-110,53.8126],[-110,53.4688],[-110,53.1251],[-110,52.7813],[-110,52.4376],[-110,52.0938],[-110,51.7501],[-110,51.4063],[-110,51.0626],[-110,50.7188],[-110,50.3751],[-110,50.0313],[-110,49.6876],[-110,49.3438],[-110,49.0001],[-109.9993,48.9926]]]},"properties":{"name":"Saskatchewan","name_en":"Saskatchewan","name_ja":"サスカチュワン州","name_zh":"萨斯喀彻温","name_ko":"서스캐처원","adm0_a3":"CAN","postal":"SK","iso_3166_2":"CA-SK","type_en":"Province","region":"Western Canada","geonunit":"Canada"}},
{"type":"Feature","geometry":{"type":"Polygon","coordinates":[[[-101.3643,48.9927],[-101.1119,48.9927],[-100.6723,48.9927],[-100.2327,48.9927],[-99.7931,48.9927],[-99.3535,48.9927],[-99.1337,48.9927],[-98.694,48.9927],[-98.4742,48.9927],[-98.0346,48.9927],[-97.8148,48.9927],[-97.3752,48.9927],[-97.1554,48.9927],[-96.7158,48.9927],[-96.2762,48.9927],[-95.8365,48.9927],[-95.3969,48.9927],[-95.1771,48.9927],[-95.1593,49.0118],[-95.1606,49.3695],[-95.1584,49.5334],[-95.1541,49.7692],[-95.1541,49.9896],[-95.1541,50.2904],[-95.1541,50.5912],[-95.1541,50.8921],[-95.1541,51.1928],[-95.1539,51.5863],[-95.1538,51.9797],[-95.1536,52.3732],[-95.1533,52.7666],[-95.1538,52.8214],[-95.118,52.8459],[-94.8376,53.0181],[-94.6813,53.1108],[-94.4461,53.2506],[-94.2108,53.3904],[-93.9755,53.5302],[-93.7402,53.67],[-93.6202,53.7469],[-93.504,53.8296],[-93.2746,53.9993],[-92.938,54.2404],[-92.6002,54.4796],[-92.2967,54.6915],[-91.9923,54.9022],[-91.6863,55.1106],[-91.3784,55.316],[-91.0306,55.5433],[-90.6815,55.7686],[-90.3313,55.9923],[-89.9805,56.2151],[-89.7312,56.3716],[-89.4809,56.5267],[-89.2303,56.6813],[-88.947,56.8532],[-89.0035,56.8536],[-89.0362,56.8425],[-89.0561,56.8455],[-89.1073,56.8699],[-89.1883,56.873],[-89.2656,56.8969],[-89.3157,56.9042],[-89.3938,56.9282],[-89.4825,56.922],[-89.5747,56.9448],[-89.827,56.976],[-89.8727,56.9974],[-89.963,57.004],[-89.9878,57.0137],[-90.0723,57.0609],[-90.1547,57.079],[-90.1684,57.0927],[-90.2613,57.1158],[-90.3152,57.1436],[-90.3806,57.1546],[-90.3875,57.1746],[-90.4093,57.1875],[-90.4899,57.1957],[-90.5152,57.2016],[-90.5855,57.2299],[-90.61,57.2332],[-90.6891,57.2299],[-90.8537,57.2611],[-91.0311,57.2646],[-91.2102,57.2291],[-91.485,57.1694],[-91.7666,57.1147],[-91.9617,57.0602],[-92.1125,57.0441],[-92.2235,57.0215],[-92.3137,56.9696],[-92.3374,56.9595],[-92.4182,56.9495],[-92.4705,56.935],[-92.424,56.9654],[-92.3713,56.9725],[-92.3402,56.9829],[-92.2743,57.0372],[-92.2372,57.0474],[-92.2181,57.0628],[-92.2424,57.0747],[-92.2787,57.0654],[-92.491,57.0381],[-92.5386,57.0189],[-92.6766,56.9419],[-92.7258,56.9274],[-92.8598,56.9075],[-92.882,56.9145],[-92.8426,56.9205],[-92.7617,56.9436],[-92.7049,56.9554],[-92.6658,57.0006],[-92.5972,57.0483],[-92.5429,57.1058],[-92.4568,57.223],[-92.4395,57.2533],[-92.4289,57.2913],[-92.4236,57.3544],[-92.4425,57.3876],[-92.4569,57.449],[-92.4873,57.4748],[-92.502,57.514],[-92.5502,57.5383],[-92.5613,57.5537],[-92.5592,57.5861],[-92.6012,57.6417],[-92.616,57.6713],[-92.6691,57.7165],[-92.7236,57.8163],[-92.7433,57.8321],[-92.7858,57.8394],[-92.757,57.8659],[-92.7661,57.911],[-92.8057,57.9977],[-92.8039,58.0504],[-92.8078,58.0758],[-92.8351,58.0908],[-92.8467,58.1274],[-92.8683,58.1536],[-92.8617,58.1718],[-92.9019,58.1894],[-92.9372,58.223],[-92.9347,58.2333],[-92.963,58.2599],[-92.984,58.3131],[-93.0214,58.3507],[-93.042,58.3859],[-93.0508,58.4223],[-93.098,58.4763],[-93.1285,58.5284],[-93.1217,58.5625],[-93.1353,58.6003],[-93.1407,58.6398],[-93.1318,58.6723],[-93.1535,58.726],[-93.1558,58.7444],[-93.1895,58.7597],[-93.2344,58.7674],[-93.3265,58.76],[-93.3475,58.7512],[-93.3851,58.7133],[-93.4091,58.7051],[-93.4647,58.7175],[-93.4735,58.7552],[-93.4847,58.7717],[-93.5326,58.7714],[-93.5727,58.765],[-93.6905,58.7904],[-93.7174,58.7922],[-93.7758,58.7717],[-93.8187,58.7799],[-93.8548,58.7619],[-93.8819,58.7574],[-94.0567,58.7717],[-94.1456,58.7698],[-94.1774,58.7791],[-94.1429,58.7368],[-94.1661,58.7243],[-94.1632,58.6829],[-94.1803,58.6611],[-94.2277,58.6234],[-94.245,58.6003],[-94.2449,58.5639],[-94.2352,58.5452],[-94.2414,58.4512],[-94.2309,58.4103],[-94.2379,58.3917],[-94.2655,58.3676],[-94.2589,58.3569],[-94.2866,58.3397],[-94.3034,58.2987],[-94.3224,58.2888],[-94.3617,58.223],[-94.3686,58.2304],[-94.3446,58.2868],[-94.3282,58.3502],[-94.3344,58.3814],[-94.3263,58.3994],[-94.2866,58.4365],[-94.3006,58.4813],[-94.2877,58.5208],[-94.3085,58.5751],[-94.2969,58.6037],[-94.2638,58.6492],[-94.2353,58.6599],[-94.208,58.6838],[-94.2041,58.6966],[-94.2333,58.7194],[-94.2383,58.7341],[-94.2241,58.7747],[-94.232,58.7853],[-94.2041,58.8065],[-94.2523,58.7982],[-94.3003,58.7574],[-94.2935,58.7444],[-94.3625,58.7189],[-94.3995,58.7125],[-94.4369,58.7238],[-94.4521,58.7431],[-94.4693,58.7973],[-94.4853,58.8201],[-94.5452,58.856],[-94.6081,58.8815],[-94.65,58.885],[-94.6825,58.8725],[-94.746,58.8331],[-94.7317,58.861],[-94.7351,58.8778],[-94.6941,58.9169],[-94.6833,58.9504],[-94.694,58.9835],[-94.7237,59.0042],[-94.7642,59.015],[-94.8074,59.0181],[-94.804,59.0631],[-94.8165,59.0681],[-94.9682,59.0615],[-94.9992,59.0528],[-94.9673,59.0859],[-94.9078,59.087],[-94.8424,59.0811],[-94.7931,59.0938],[-94.7869,59.1348],[-94.7749,59.1616],[-94.7931,59.1894],[-94.7794,59.2037],[-94.7869,59.2379],[-94.7743,59.2526],[-94.7869,59.2651],[-94.7665,59.2856],[-94.7722,59.298],[-94.7242,59.3129],[-94.717,59.3269],[-94.6665,59.3613],[-94.7228,59.3423],[-94.7385,59.3477],[-94.7184,59.3667],[-94.7213,59.3962],[-94.7347,59.4295],[-94.7242,59.4438],[-94.7579,59.4672],[-94.7572,59.5018],[-94.7931,59.5258],[-94.7812,59.5622],[-94.759,59.5668],[-94.7931,59.5873],[-94.8219,59.6503],[-94.7962,59.6679],[-94.8074,59.7176],[-94.7897,59.7419],[-94.7754,59.7778],[-94.7755,59.798],[-94.7931,59.82],[-94.7794,59.8387],[-94.8053,59.885],[-94.8006,59.9094],[-94.8143,59.923],[-94.8006,59.9435],[-94.8214,59.9481],[-94.817,59.9629],[-94.7869,59.9913],[-94.8031,60.0001],[-95.251,60.0001],[-95.701,60.0001],[-96.151,60.0001],[-96.6011,60.0001],[-97.0512,60.0001],[-97.5012,60.0001],[-97.9512,60.0001],[-98.4012,60.0001],[-98.8513,60.0001],[-99.3013,60.0001],[-99.7514,60.0001],[-100.2014,60.0001],[-100.6515,60.0001],[-101.1015,60.0001],[-101.5516,60.0001],[-102.0016,60.0001],[-102.0016,59.7728],[-102.0016,59.5457],[-102.0015,58.978],[-102.0014,58.4102],[-102.0013,57.8425],[-102.0013,57.2747],[-102.0012,56.9102],[-102.0011,56.5456],[-102.0011,56.181],[-102.0011,55.8165],[-101.981,55.6022],[-101.9611,55.3879],[-101.9411,55.1737],[-101.9211,54.9594],[-101.9011,54.7451],[-101.8811,54.5309],[-101.8611,54.3166],[-101.8411,54.1023],[-101.8211,53.8881],[-101.8011,53.6738],[-101.7811,53.4595],[-101.7612,53.2453],[-101.7411,53.031],[-101.7212,52.8167],[-101.7012,52.6025],[-101.6812,52.3882],[-101.6612,52.1739],[-101.6412,51.9597],[-101.6212,51.7454],[-101.6012,51.5311],[-101.5812,51.3169],[-101.5612,51.1026],[-101.5412,50.8883],[-101.5212,50.6741],[-101.5013,50.4598],[-101.4812,50.2455],[-101.4613,50.0313],[-101.4413,49.817],[-101.4213,49.6027],[-101.4013,49.3885],[-101.3813,49.1742],[-101.3643,48.9927]]]},"properties":{"name":"Manitoba","name_en":"Manitoba","name_ja":"マニトバ州","name_zh":"曼尼托巴","name_ko":"매니토바","adm0_a3":"CAN","postal":"MB","iso_3166_2":"CA-MB","type_en":"Province","region":"Western Canada","geonunit":"Canada"}},
{"type":"Feature","geometry":{"type":"MultiPolygon","coordinates":[[[[-95.1606,49.3695],[-95.1028,49.3539],[-94.9825,49.3562],[-94.9261,49.3456],[-94.8562,49.3183],[-94.8273,49.2929],[-94.8199,49.252],[-94.8061,49.2109],[-94.8112,49.1666],[-94.792,49.1265],[-94.7112,48.9146],[-94.7109,48.8075],[-94.6889,48.7788],[-94.5929,48.7264],[-94.5192,48.7045],[-94.4795,48.7007],[-94.3116,48.7139],[-94.2745,48.7041],[-94.2585,48.6908],[-94.251,48.6573],[-94.2321,48.652],[-93.8749,48.6362],[-93.8357,48.6171],[-93.8094,48.5436],[-93.7787,48.5195],[-93.7568,48.5165],[-93.6163,48.5313],[-93.5999,48.5263],[-93.5666,48.5383],[-93.4918,48.5423],[-93.4599,48.5574],[-93.4515,48.5974],[-93.3857,48.6149],[-93.2577,48.6303],[-92.9797,48.6177],[-92.9556,48.6122],[-92.8842,48.5799],[-92.7255,48.5487],[-92.6486,48.5363],[-92.6302,48.5195],[-92.6275,48.5028],[-92.6914,48.4899],[-92.7106,48.4829],[-92.7189,48.4598],[-92.7041,48.4452],[-92.6571,48.4382],[-92.5705,48.4467],[-92.5269,48.4456],[-92.4906,48.4331],[-92.4676,48.3943],[-92.4625,48.3293],[-92.4514,48.3127],[-92.4182,48.282],[-92.3846,48.2324],[-92.3538,48.2229],[-92.3037,48.2393],[-92.291,48.2496],[-92.3031,48.3109],[-92.2816,48.3318],[-92.2591,48.3396],[-92.1547,48.3501],[-92.0705,48.3467],[-92.0434,48.3346],[-92.0301,48.3132],[-92.008,48.2625],[-91.9755,48.2366],[-91.9573,48.2283],[-91.8522,48.196],[-91.765,48.1873],[-91.7276,48.1683],[-91.6955,48.1376],[-91.7164,48.1121],[-91.6925,48.0979],[-91.6186,48.0896],[-91.5975,48.0904],[-91.5811,48.0809],[-91.587,48.0526],[-91.5748,48.0482],[-91.4871,48.0535],[-91.4279,48.0364],[-91.3654,48.0578],[-91.2764,48.0648],[-91.2381,48.0826],[-91.204,48.1077],[-91.0711,48.1709],[-90.9232,48.2271],[-90.8738,48.2343],[-90.8407,48.2201],[-90.8488,48.1987],[-90.843,48.177],[-90.8123,48.161],[-90.7865,48.1005],[-90.7503,48.084],[-90.7013,48.0846],[-90.6111,48.1035],[-90.5868,48.1048],[-90.5622,48.0888],[-90.5316,48.0846],[-90.4905,48.0962],[-90.4706,48.0899],[-90.1786,48.1164],[-90.1204,48.1154],[-90.0733,48.1012],[-90.061,48.091],[-90.0082,48.0297],[-89.9803,48.0101],[-89.9204,47.9875],[-89.9024,47.9859],[-89.8035,48.0138],[-89.7633,48.0173],[-89.7128,48.0034],[-89.6566,48.008],[-89.5931,47.9965],[-89.4618,47.9945],[-89.3871,47.9805],[-89.3404,47.9842],[-88.9046,48.1543],[-88.6427,48.2566],[-88.5789,48.2704],[-88.4079,48.3041],[-88.3765,48.3051],[-88.3473,48.2987],[-88.1597,48.2249],[-87.7845,48.0774],[-87.4093,47.93],[-87.0342,47.7825],[-86.8466,47.7087],[-86.6371,47.6241],[-86.2181,47.4549],[-86.0086,47.3704],[-85.7586,47.2668],[-85.5086,47.1632],[-85.1337,47.0078],[-85.0087,46.956],[-84.8787,46.8979],[-84.8542,46.8612],[-84.7875,46.6572],[-84.7733,46.6334],[-84.5894,46.4751],[-84.5413,46.4528],[-84.4922,46.4569],[-84.4232,46.5116],[-84.3897,46.5203],[-84.3525,46.5227],[-84.3053,46.5016],[-84.1973,46.5464],[-84.1477,46.5413],[-84.1104,46.5265],[-84.1588,46.4333],[-84.1477,46.3999],[-84.1054,46.3477],[-84.1191,46.3142],[-84.0992,46.2509],[-84.0968,46.2248],[-84.0868,46.2012],[-84.0558,46.1714],[-84.021,46.1516],[-84.0142,46.116],[-83.9958,46.1012],[-83.9646,46.0632],[-83.9307,46.067],[-83.8727,46.1079],[-83.8393,46.1192],[-83.7665,46.1065],[-83.6648,46.1192],[-83.6139,46.1156],[-83.5654,46.0908],[-83.4741,46.0231],[-83.4628,46.0078],[-83.4659,45.9931],[-83.5562,45.8697],[-83.6369,45.7739],[-83.484,45.7719],[-83.3593,45.7158],[-83.1993,45.6416],[-83.019,45.5619],[-82.7594,45.4472],[-82.5888,45.3718],[-82.5483,45.3346],[-82.5321,45.2935],[-82.4841,45.0832],[-82.436,44.873],[-82.3879,44.6627],[-82.3399,44.4524],[-82.2918,44.2422],[-82.2437,44.0319],[-82.1956,43.8217],[-82.1476,43.6113],[-82.1457,43.5764],[-82.1536,43.5496],[-82.3145,43.2382],[-82.4111,43.0513],[-82.4164,43.0171],[-82.4146,42.9832],[-82.4304,42.9513],[-82.4532,42.919],[-82.468,42.864],[-82.4853,42.8185],[-82.4713,42.7798],[-82.4834,42.7193],[-82.5113,42.6467],[-82.5262,42.6199],[-82.5492,42.5909],[-82.5758,42.5718],[-82.6085,42.5611],[-82.6443,42.5578],[-82.6944,42.5191],[-82.8001,42.418],[-82.8328,42.398],[-82.9435,42.3555],[-83.0404,42.3319],[-83.08,42.3051],[-83.1098,42.2723],[-83.1285,42.24],[-83.1359,42.2003],[-83.1396,42.1159],[-83.1595,42.0463],[-83.157,42.0004],[-83.1234,41.9203],[-83.0974,41.8758],[-83.0684,41.8477],[-82.7111,41.6802],[-82.6669,41.6691],[-82.4513,41.6719],[-82.4249,41.6768],[-82.2814,41.7433],[-81.9942,41.8762],[-81.8507,41.9427],[-81.5637,42.0757],[-81.2767,42.2087],[-81.0192,42.2478],[-80.7617,42.287],[-80.3754,42.3458],[-80.2466,42.3655],[-79.9398,42.4748],[-79.633,42.584],[-79.3262,42.6933],[-79.0194,42.8027],[-78.9631,42.8401],[-78.919,42.8892],[-78.9091,42.9302],[-78.9153,42.9476],[-78.9363,42.96],[-78.9835,42.9761],[-79.0084,42.991],[-79.032,43.0134],[-79.022,43.0494],[-79.0308,43.0668],[-79.0629,43.0965],[-79.0657,43.1202],[-79.0516,43.1469],[-79.0486,43.1706],[-79.0538,43.2604],[-79.0584,43.2778],[-79.0916,43.3425],[-79.1743,43.4645],[-78.7508,43.6171],[-78.6881,43.6318],[-78.4573,43.631],[-77.9957,43.6294],[-77.534,43.6279],[-77.3032,43.6271],[-76.8415,43.6255],[-76.7972,43.6453],[-76.583,43.9196],[-76.4546,44.0842],[-76.43,44.1033],[-76.3501,44.1517],[-76.3371,44.1737],[-76.3172,44.1851],[-76.2066,44.2174],[-76.1858,44.2257],[-76.1693,44.2424],[-76.1787,44.2786],[-76.1498,44.3045],[-76.0673,44.348],[-75.8703,44.4086],[-75.8557,44.422],[-75.8309,44.4643],[-75.7546,44.5276],[-75.6997,44.5817],[-75.456,44.7418],[-75.2702,44.8638],[-75.1296,44.9252],[-75.0587,44.941],[-74.9986,44.9724],[-74.9402,44.9877],[-74.9037,45.0052],[-74.8685,45.0101],[-74.7416,44.9989],[-74.713,44.9993],[-74.6531,45.0425],[-74.548,45.0802],[-74.5263,45.0911],[-74.5102,45.1249],[-74.4936,45.1462],[-74.4543,45.1754],[-74.4134,45.1823],[-74.364,45.2061],[-74.3462,45.2206],[-74.356,45.2257],[-74.478,45.3169],[-74.3935,45.5727],[-74.4572,45.595],[-74.5044,45.5975],[-74.5453,45.6088],[-74.5856,45.6261],[-74.6437,45.6561],[-74.6652,45.6563],[-74.6967,45.6417],[-74.7751,45.6325],[-74.9375,45.6377],[-74.9664,45.6332],[-75.053,45.596],[-75.2836,45.5767],[-75.3105,45.5681],[-75.3604,45.5437],[-75.5928,45.4797],[-75.6564,45.4755],[-75.7072,45.4555],[-75.7524,45.4075],[-75.7755,45.3938],[-75.841,45.3872],[-75.882,45.3995],[-75.9251,45.4335],[-75.9594,45.4687],[-76.0097,45.488],[-76.0231,45.5054],[-76.0488,45.5155],[-76.1284,45.5296],[-76.1549,45.5295],[-76.2232,45.52],[-76.2499,45.4911],[-76.2887,45.4741],[-76.3435,45.4736],[-76.4018,45.503],[-76.4036,45.5112],[-76.4328,45.5222],[-76.4996,45.5382],[-76.5962,45.5557],[-76.6229,45.565],[-76.6475,45.5808],[-76.6663,45.6213],[-76.6984,45.6615],[-76.7069,45.708],[-76.7257,45.7315],[-76.7545,45.7411],[-76.7734,45.7794],[-76.7811,45.8437],[-76.7973,45.8755],[-76.8177,45.8859],[-76.857,45.8947],[-76.9024,45.8925],[-76.9233,45.8838],[-76.9295,45.8684],[-76.918,45.8115],[-76.9358,45.7944],[-76.9637,45.7884],[-77.0166,45.7962],[-77.1385,45.8398],[-77.176,45.8586],[-77.2265,45.8908],[-77.2719,45.9292],[-77.2825,45.9473],[-77.2894,46.0003],[-77.307,46.0198],[-77.3353,46.0368],[-77.358,46.0588],[-77.4082,46.0781],[-77.469,46.1151],[-77.6584,46.1839],[-77.7224,46.1937],[-77.9209,46.2356],[-78.0455,46.2382],[-78.1108,46.2626],[-78.2435,46.2723],[-78.2929,46.2656],[-78.3207,46.266],[-78.3451,46.289],[-78.3728,46.2938],[-78.4223,46.2935],[-78.694,46.3365],[-78.7198,46.3471],[-78.7373,46.3857],[-78.7541,46.4014],[-78.8912,46.4701],[-78.9317,46.4997],[-78.9641,46.533],[-78.9916,46.5734],[-79.0138,46.6383],[-79.0734,46.6764],[-79.0962,46.7043],[-79.1636,46.8239],[-79.2505,46.8896],[-79.2921,46.9289],[-79.3258,46.9775],[-79.3565,47.0152],[-79.3963,47.0499],[-79.4313,47.087],[-79.4472,47.1317],[-79.4364,47.2251],[-79.4454,47.2747],[-79.4689,47.3049],[-79.5541,47.3916],[-79.5713,47.4176],[-79.5803,47.4518],[-79.5728,47.484],[-79.5542,47.5136],[-79.5305,47.5403],[-79.5165,47.5657],[-79.5129,47.5968],[-79.5166,47.66],[-79.5163,47.7377],[-79.5208,47.8195],[-79.5208,48.0978],[-79.5208,48.4358],[-79.5208,48.6611],[-79.5208,48.8864],[-79.5208,49.1117],[-79.5208,49.337],[-79.5208,49.675],[-79.5208,49.9003],[-79.5208,50.2382],[-79.5208,50.4635],[-79.5208,50.6888],[-79.5208,50.9429],[-79.5692,50.9856],[-79.6759,51.0498],[-79.7059,51.0645],[-79.7445,51.1235],[-79.7841,51.1474],[-79.8778,51.1831],[-79.9233,51.2067],[-79.986,51.2551],[-80.0089,51.2613],[-80.0673,51.2676],[-80.1083,51.2961],[-80.1361,51.3013],[-80.197,51.2994],[-80.2511,51.3152],[-80.3851,51.3414],[-80.41,51.3395],[-80.4523,51.3149],[-80.526,51.2893],[-80.5674,51.2651],[-80.5863,51.2482],[-80.6048,51.2188],[-80.67,51.1862],[-80.6898,51.1616],[-80.7121,51.1566],[-80.7702,51.1343],[-80.8235,51.1313],[-80.8481,51.1235],[-80.8782,51.0956],[-80.9171,51.0301],[-80.9512,51.0081],[-80.958,51.015],[-80.9307,51.0354],[-80.94,51.0556],[-80.978,51.0395],[-81.0126,51.0354],[-80.9999,51.0519],[-80.9667,51.0747],[-80.9094,51.093],[-80.8733,51.1344],[-80.8389,51.1561],[-80.7656,51.1788],[-80.7283,51.203],[-80.7047,51.2408],[-80.6688,51.2711],[-80.628,51.2956],[-80.5843,51.3151],[-80.4695,51.348],[-80.4298,51.3572],[-80.4276,51.3741],[-80.4372,51.4122],[-80.4403,51.4773],[-80.4919,51.5059],[-80.5192,51.535],[-80.5492,51.5911],[-80.5588,51.6232],[-80.5943,51.6859],[-80.5949,51.7114],[-80.6241,51.7396],[-80.6571,51.7547],[-80.7047,51.8026],[-80.7413,51.8239],[-80.7778,51.8528],[-80.814,51.8702],[-80.827,51.8857],[-80.8481,51.8845],[-80.8977,51.8966],[-80.9209,51.9094],[-80.9341,51.939],[-80.958,51.967],[-80.9791,52.0018],[-81.0025,52.0148],[-81.057,52.0266],[-81.0987,52.0546],[-81.1296,52.044],[-81.1566,52.0428],[-81.2331,52.0709],[-81.2707,52.091],[-81.3552,52.1042],[-81.3906,52.1278],[-81.4374,52.1908],[-81.4651,52.2203],[-81.512,52.2393],[-81.7468,52.2419],[-81.7713,52.2364],[-81.8089,52.2092],[-81.8325,52.1993],[-81.8828,52.1936],[-81.8214,52.2408],[-81.8275,52.2482],[-81.8691,52.2346],[-81.8202,52.2594],[-81.7919,52.2642],[-81.7539,52.2512],[-81.7354,52.2756],[-81.7216,52.2769],[-81.6066,52.3137],[-81.5815,52.3165],[-81.4787,52.3035],[-81.4902,52.3144],[-81.5545,52.3531],[-81.5749,52.4121],[-81.5603,52.4302],[-81.5638,52.4562],[-81.6464,52.5015],[-81.6798,52.5109],[-81.7108,52.5336],[-81.8159,52.6337],[-81.8517,52.6564],[-81.9182,52.6804],[-81.9598,52.7477],[-81.9858,52.7684],[-81.977,52.7822],[-81.9881,52.7984],[-82.0419,52.8428],[-82.1094,52.8851],[-82.1708,52.8994],[-82.1964,52.9164],[-82.2366,52.926],[-82.2747,52.9575],[-82.3012,52.9676],[-82.2833,52.9916],[-82.3035,53.0327],[-82.2897,53.1102],[-82.2779,53.1411],[-82.2381,53.2214],[-82.1886,53.232],[-82.1401,53.2587],[-82.1185,53.2773],[-82.1156,53.3096],[-82.1488,53.4263],[-82.1624,53.4541],[-82.1918,53.4916],[-82.2118,53.5436],[-82.2061,53.5901],[-82.2192,53.6044],[-82.2008,53.6705],[-82.1879,53.6802],[-82.1503,53.7317],[-82.1307,53.7856],[-82.126,53.8122],[-82.1424,53.8359],[-82.1545,53.8876],[-82.1778,53.9191],[-82.2426,54.0651],[-82.2563,54.0795],[-82.3137,54.1174],[-82.3353,54.1252],[-82.3712,54.1201],[-82.383,54.1252],[-82.3717,54.1506],[-82.4101,54.1866],[-82.4309,54.2282],[-82.4309,54.2972],[-82.4271,54.3177],[-82.4394,54.337],[-82.4445,54.3654],[-82.421,54.3839],[-82.3967,54.4268],[-82.3778,54.4791],[-82.3153,54.5775],[-82.2602,54.7156],[-82.2014,54.8339],[-82.1986,54.8558],[-82.2084,54.8759],[-82.2534,54.8862],[-82.2717,54.9502],[-82.2602,54.9578],[-82.2565,54.9831],[-82.2779,55.0109],[-82.2786,55.0455],[-82.2488,55.0996],[-82.2523,55.1179],[-82.297,55.1328],[-82.3309,55.1625],[-82.3558,55.1679],[-82.317,55.1328],[-82.3114,55.1186],[-82.3428,55.1053],[-82.321,55.0711],[-82.3353,55.0786],[-82.394,55.0845],[-82.411,55.0922],[-82.4094,55.1075],[-82.4585,55.1412],[-82.4927,55.1468],[-82.5294,55.1676],[-82.5476,55.1679],[-82.5408,55.1468],[-82.5666,55.1479],[-82.6173,55.1688],[-82.6444,55.1741],[-82.6717,55.1707],[-82.7462,55.1468],[-82.8151,55.1468],[-82.8772,55.1605],[-82.8975,55.1494],[-82.9289,55.1169],[-82.9516,55.1127],[-82.9277,55.1378],[-82.9202,55.1567],[-82.8976,55.1741],[-82.9203,55.2205],[-82.9757,55.2391],[-83.0397,55.239],[-83.0889,55.2294],[-83.1575,55.2043],[-83.185,55.2015],[-83.2395,55.2236],[-83.2812,55.2219],[-83.3996,55.2314],[-83.4383,55.2424],[-83.5004,55.2424],[-83.5753,55.2673],[-83.6895,55.2849],[-83.7132,55.2766],[-83.658,55.2486],[-83.5929,55.2415],[-83.576,55.2049],[-83.558,55.1847],[-83.5724,55.1548],[-83.5611,55.1332],[-83.5832,55.1479],[-83.5891,55.1679],[-83.5669,55.1907],[-83.5831,55.1981],[-83.6115,55.2322],[-83.6512,55.2294],[-83.6843,55.2488],[-83.699,55.2486],[-83.7163,55.2219],[-83.7366,55.2246],[-83.7242,55.2436],[-83.73,55.2595],[-83.7676,55.2813],[-83.8612,55.3051],[-83.9291,55.3265],[-83.9573,55.3221],[-84.079,55.2775],[-84.1312,55.2803],[-84.1935,55.2955],[-84.2272,55.2971],[-84.4216,55.2819],[-84.4436,55.2725],[-84.4816,55.2676],[-84.5555,55.2486],[-84.6131,55.2452],[-84.9464,55.2952],[-85.0539,55.2941],[-85.1056,55.2847],[-85.1545,55.2678],[-85.1991,55.2424],[-85.3246,55.1232],[-85.337,55.1053],[-85.3664,55.0389],[-85.3817,55.0199],[-85.4173,54.9992],[-85.4191,55.0097],[-85.3854,55.0677],[-85.3984,55.0956],[-85.389,55.1121],[-85.3227,55.1537],[-85.2869,55.2072],[-85.2596,55.2338],[-85.2322,55.2424],[-85.213,55.2578],[-85.1991,55.284],[-85.1481,55.2939],[-85.1266,55.3026],[-85.1178,55.3284],[-85.1279,55.3498],[-85.152,55.3604],[-85.2641,55.3745],[-85.3215,55.3897],[-85.4392,55.4284],[-85.5231,55.4888],[-85.5566,55.5067],[-85.5806,55.5338],[-85.6826,55.5866],[-85.6964,55.6038],[-85.7701,55.6165],[-85.8316,55.6383],[-85.8733,55.646],[-85.9043,55.662],[-85.9709,55.6752],[-86.0466,55.6838],[-86.2893,55.7257],[-86.3728,55.7622],[-86.5817,55.817],[-86.6837,55.8517],[-86.7183,55.869],[-86.8172,55.8867],[-86.8749,55.9113],[-86.8955,55.9146],[-86.9537,55.9086],[-86.9681,55.9146],[-86.9538,55.9283],[-86.9801,55.9336],[-87.0569,55.9283],[-87.3163,55.9623],[-87.3653,55.9482],[-87.3502,55.9874],[-87.3551,56.0036],[-87.3824,56.0102],[-87.4633,56.0108],[-87.4883,56.017],[-87.4848,56.0346],[-87.5008,56.0449],[-87.5504,56.0512],[-87.579,56.0462],[-87.6186,56.0028],[-87.626,56.0307],[-87.5913,56.0648],[-87.5892,56.0798],[-87.6223,56.0956],[-87.6734,56.1456],[-87.7091,56.16],[-87.7179,56.1946],[-87.8507,56.3228],[-87.9389,56.38],[-87.9538,56.3938],[-87.9796,56.4429],[-88.0433,56.4682],[-88.103,56.4772],[-88.3113,56.538],[-88.3659,56.5651],[-88.3872,56.5835],[-88.4123,56.5884],[-88.4955,56.6484],[-88.5238,56.6617],[-88.5441,56.6613],[-88.6074,56.6853],[-88.644,56.6934],[-88.6874,56.7296],[-88.725,56.7551],[-88.8038,56.791],[-88.8382,56.8122],[-88.8173,56.8269],[-88.8234,56.8352],[-88.8678,56.8422],[-88.8792,56.8599],[-88.947,56.8532],[-89.2303,56.6813],[-89.4809,56.5267],[-89.7312,56.3716],[-89.9805,56.2151],[-90.3313,55.9923],[-90.6815,55.7686],[-91.0306,55.5433],[-91.3784,55.316],[-91.6863,55.1106],[-91.9923,54.9022],[-92.2967,54.6915],[-92.6002,54.4796],[-92.938,54.2404],[-93.2746,53.9993],[-93.504,53.8296],[-93.6202,53.7469],[-93.7402,53.67],[-93.9755,53.5302],[-94.2108,53.3904],[-94.4461,53.2506],[-94.6813,53.1108],[-94.8376,53.0181],[-95.118,52.8459],[-95.1538,52.8214],[-95.1533,52.7666],[-95.1536,52.3732],[-95.1538,51.9797],[-95.1539,51.5863],[-95.1541,51.1928],[-95.1541,50.8921],[-95.1541,50.5912],[-95.1541,50.2904],[-95.1541,49.9896],[-95.1541,49.7692],[-95.1584,49.5334],[-95.1606,49.3695]]],[[[-79.5208,50.9655],[-79.5208,51.2521],[-79.5208,51.4667],[-79.5319,51.4617],[-79.6051,51.4478],[-79.6278,51.4244],[-79.6903,51.3995],[-79.7008,51.3854],[-79.6946,51.3517],[-79.6795,51.3132],[-79.694,51.281],[-79.7315,51.2334],[-79.7471,51.1955],[-79.7427,51.1576],[-79.7257,51.1218],[-79.7036,51.09],[-79.6698,51.0584],[-79.5459,50.9945],[-79.5208,50.9655]]]]},"properties":{"name":"Ontario","name_en":"Ontario","name_ja":"オンタリオ州","name_zh":"安大略省","name_ko":"온타리오","adm0_a3":"CAN","postal":"ON","iso_3166_2":"CA-ON","type_en":"Province","region":"Eastern Canada","geonunit":"Canada"}},
{"type":"Feature","geometry":{"type":"MultiPolygon","coordinates":[[[[-74.713,44.9993],[-74.6959,44.998],[-74.3966,44.9995],[-74.1971,45.0005],[-73.8979,45.002],[-73.5987,45.0034],[-73.3992,45.0044],[-73.1,45.0059],[-72.8007,45.0073],[-72.302,45.0098],[-71.8033,45.0122],[-71.5041,45.0137],[-71.5048,45.053],[-71.4973,45.0666],[-71.4566,45.111],[-71.4416,45.1507],[-71.413,45.1862],[-71.4066,45.2049],[-71.449,45.2269],[-71.4388,45.2335],[-71.3949,45.2415],[-71.3521,45.2783],[-71.3343,45.2887],[-71.2934,45.2923],[-71.2094,45.2548],[-71.1603,45.2458],[-71.1417,45.2523],[-71.0952,45.3009],[-71.0544,45.3104],[-71.0165,45.3431],[-70.9932,45.3478],[-70.9681,45.3445],[-70.9516,45.332],[-70.9069,45.2462],[-70.8924,45.2346],[-70.8744,45.2457],[-70.8725,45.2742],[-70.8626,45.2904],[-70.8353,45.3098],[-70.8321,45.3286],[-70.8338,45.3931],[-70.813,45.4234],[-70.7719,45.43],[-70.7525,45.4223],[-70.718,45.3973],[-70.6967,45.3887],[-70.6536,45.3955],[-70.6413,45.4085],[-70.6503,45.4275],[-70.7074,45.4564],[-70.7228,45.4709],[-70.732,45.4916],[-70.7303,45.508],[-70.6868,45.5727],[-70.5896,45.6518],[-70.5724,45.6623],[-70.5147,45.6817],[-70.4728,45.7036],[-70.4391,45.7059],[-70.4074,45.7315],[-70.4039,45.7712],[-70.4172,45.7938],[-70.4099,45.8107],[-70.3898,45.8251],[-70.3127,45.8676],[-70.2832,45.8905],[-70.2625,45.923],[-70.2559,45.9489],[-70.2631,45.9568],[-70.3039,45.9686],[-70.3163,45.983],[-70.3169,45.999],[-70.3061,46.0353],[-70.293,46.054],[-70.3114,46.0719],[-70.3003,46.0893],[-70.2644,46.1066],[-70.2495,46.1206],[-70.244,46.141],[-70.2492,46.1628],[-70.2633,46.1832],[-70.2848,46.1919],[-70.2809,46.2119],[-70.2534,46.2515],[-70.2362,46.2883],[-70.2237,46.3008],[-70.2019,46.3055],[-70.1884,46.3584],[-70.1531,46.3728],[-70.0743,46.4195],[-70.0618,46.4454],[-70.0236,46.6613],[-70.0078,46.7041],[-69.8094,46.9013],[-69.6288,47.0808],[-69.4482,47.2603],[-69.2676,47.4398],[-69.2509,47.4529],[-69.222,47.4597],[-69.0697,47.4319],[-69.054,47.4184],[-69.0543,47.3893],[-69.0662,47.3297],[-69.0636,47.2908],[-68.9833,47.3152],[-68.8364,47.3438],[-68.7646,47.3626],[-68.5838,47.4222],[-68.5527,47.4369],[-68.465,47.501],[-68.4081,47.5363],[-68.3868,47.5583],[-68.3779,47.6081],[-68.3779,47.9283],[-68.1135,47.9283],[-68.1135,47.9975],[-67.6128,47.9975],[-67.606,47.9381],[-67.5439,47.9257],[-67.4971,47.9119],[-67.4545,47.8933],[-67.4071,47.8771],[-67.3913,47.8499],[-67.3637,47.8393],[-67.3509,47.8496],[-67.3336,47.8889],[-67.3199,47.8961],[-67.2727,47.8909],[-67.2342,47.8937],[-67.2029,47.8853],[-67.1733,47.8875],[-67.1441,47.8964],[-67.1138,47.9134],[-67.0731,47.9266],[-67.0296,47.927],[-66.9874,47.9034],[-66.9616,47.8945],[-66.9419,47.9023],[-66.9392,47.9171],[-66.9494,47.9486],[-66.9385,47.9678],[-66.8942,47.9921],[-66.843,47.9968],[-66.8177,48.0063],[-66.7858,48.0058],[-66.7485,48.0178],[-66.6988,48.024],[-66.6635,48.0338],[-66.6322,48.0543],[-66.6,48.0447],[-66.5851,48.0613],[-66.5428,48.0587],[-66.5154,48.1081],[-66.4733,48.1201],[-66.3761,48.1142],[-66.3414,48.102],[-66.3253,48.0812],[-66.3066,48.0815],[-66.29,48.0652],[-66.2747,48.0731],[-66.265,48.102],[-66.2998,48.1082],[-66.2706,48.1165],[-66.1831,48.1157],[-66.0956,48.0972],[-66.067,48.102],[-66.046,48.1152],[-65.964,48.1883],[-65.953,48.1954],[-65.913,48.2008],[-65.8957,48.2255],[-65.8905,48.1706],[-65.8587,48.1594],[-65.82,48.13],[-65.7838,48.1156],[-65.6676,48.0958],[-65.5772,48.064],[-65.5034,48.0521],[-65.4872,48.0413],[-65.4774,48.0201],[-65.4322,48.0033],[-65.4044,48.0015],[-65.3849,48.0093],[-65.2856,48.0126],[-65.181,48.0428],[-65.0516,48.1016],[-64.9879,48.126],[-64.9498,48.1498],[-64.9635,48.175],[-64.9604,48.1877],[-64.9385,48.1773],[-64.9088,48.1772],[-64.7794,48.204],[-64.7657,48.219],[-64.7313,48.284],[-64.704,48.3075],[-64.7047,48.3237],[-64.7233,48.3354],[-64.6832,48.3403],[-64.6626,48.3502],[-64.5452,48.3875],[-64.4962,48.3937],[-64.4445,48.4068],[-64.3596,48.413],[-64.3291,48.4196],[-64.3124,48.4316],[-64.326,48.4378],[-64.3055,48.4694],[-64.2646,48.4863],[-64.2205,48.4958],[-64.1888,48.5266],[-64.2215,48.5337],[-64.2789,48.5613],[-64.2782,48.5887],[-64.2577,48.6192],[-64.2272,48.6251],[-64.1931,48.623],[-64.1622,48.6296],[-64.1897,48.6576],[-64.2354,48.6781],[-64.2782,48.7258],[-64.328,48.7558],[-64.3537,48.7629],[-64.3881,48.7805],[-64.4174,48.7746],[-64.4183,48.7912],[-64.3844,48.7879],[-64.3766,48.8],[-64.3972,48.8214],[-64.4601,48.8282],[-64.5216,48.817],[-64.5392,48.83],[-64.4774,48.8357],[-64.4774,48.8419],[-64.5376,48.8763],[-64.5297,48.8824],[-64.3033,48.8303],[-64.2531,48.8063],[-64.2274,48.801],[-64.1688,48.7618],[-64.1553,48.7742],[-64.1749,48.7845],[-64.2168,48.8282],[-64.2065,48.8696],[-64.2212,48.8944],[-64.2816,48.9344],[-64.2987,48.9592],[-64.3401,48.9702],[-64.3965,49.0118],[-64.4488,49.0346],[-64.4706,49.053],[-64.4979,49.0616],[-64.5526,49.0974],[-64.5795,49.1055],[-64.6134,49.123],[-64.6886,49.1324],[-64.7587,49.1572],[-64.8226,49.189],[-64.8778,49.1954],[-64.9635,49.2193],[-65.277,49.2445],[-65.3962,49.2611],[-65.5658,49.2665],[-65.6151,49.2602],[-65.6842,49.2425],[-65.8828,49.2247],[-66.0549,49.2247],[-66.2193,49.2079],[-66.5265,49.1334],[-66.6221,49.1226],[-66.8796,49.0465],[-67.1175,48.9631],[-67.2924,48.9245],[-67.3618,48.904],[-67.4252,48.8736],[-67.5468,48.8624],[-67.6033,48.8324],[-67.6713,48.8179],[-67.7181,48.7961],[-67.962,48.7016],[-68.0336,48.6978],[-68.0824,48.6849],[-68.1157,48.6595],[-68.1327,48.6525],[-68.1843,48.6479],[-68.2056,48.6419],[-68.3139,48.587],[-68.3536,48.556],[-68.425,48.5471],[-68.4633,48.5289],[-68.5233,48.4708],[-68.5616,48.4515],[-68.6385,48.432],[-68.6617,48.4123],[-68.7261,48.3764],[-68.8061,48.3724],[-68.8248,48.3658],[-68.8446,48.3427],[-68.9647,48.2878],[-69.0544,48.2324],[-69.1523,48.1467],[-69.2537,48.0924],[-69.324,48.0306],[-69.3613,48.013],[-69.4455,47.9919],[-69.548,47.8896],[-69.5553,47.8724],[-69.5502,47.8439],[-69.5619,47.8281],[-69.5888,47.814],[-69.6897,47.7283],[-69.8022,47.6224],[-69.9007,47.5456],[-69.9342,47.5372],[-69.9594,47.5124],[-70.0004,47.4994],[-70.0311,47.4696],[-70.0504,47.4],[-70.0761,47.369],[-70.1949,47.3153],[-70.2263,47.2864],[-70.2866,47.2091],[-70.3882,47.1159],[-70.5349,47.0106],[-70.555,47.0023],[-70.6002,46.9971],[-70.7272,46.9564],[-70.744,46.9469],[-70.7653,46.9228],[-70.7836,46.9147],[-70.8153,46.9165],[-70.8569,46.8954],[-70.9019,46.9029],[-70.9197,46.8976],[-70.9736,46.8619],[-71.0191,46.8515],[-71.1153,46.8534],[-71.1579,46.8408],[-71.1763,46.824],[-71.2051,46.787],[-71.2437,46.7755],[-71.3025,46.7452],[-71.7142,46.6322],[-71.7606,46.6342],[-71.8457,46.6683],[-71.8671,46.6667],[-71.905,46.64],[-71.9604,46.6149],[-72.0074,46.5714],[-72.1024,46.5602],[-72.1899,46.5262],[-72.2,46.5159],[-72.2161,46.4796],[-72.2416,46.4435],[-72.2743,46.4206],[-72.3981,46.3964],[-72.4549,46.3717],[-72.496,46.3605],[-72.5563,46.3057],[-72.6099,46.2766],[-72.6706,46.2474],[-72.6694,46.2152],[-72.731,46.1766],[-72.7583,46.1725],[-72.8437,46.1419],[-72.9094,46.1356],[-72.9326,46.1444],[-73.0319,46.0823],[-73.0406,46.0736],[-73.1398,46.0583],[-73.1681,46.0358],[-73.178,46.004],[-73.2074,45.9706],[-73.2065,45.9156],[-73.2173,45.8988],[-73.2593,45.8541],[-73.4128,45.7515],[-73.4313,45.7327],[-73.4488,45.7045],[-73.4569,45.6724],[-73.4469,45.6422],[-73.4606,45.6081],[-73.4904,45.5841],[-73.522,45.5399],[-73.5227,45.5045],[-73.5026,45.4634],[-73.5026,45.4479],[-73.519,45.4263],[-73.5573,45.4143],[-73.5692,45.428],[-73.6046,45.4225],[-73.6874,45.4312],[-73.7449,45.4123],[-73.7759,45.3815],[-73.8319,45.3556],[-73.8575,45.3401],[-73.8892,45.3371],[-73.9643,45.2678],[-74.0044,45.2452],[-74.0485,45.2325],[-74.1456,45.234],[-74.1644,45.2286],[-74.1995,45.2038],[-74.2195,45.1976],[-74.3082,45.184],[-74.3295,45.1781],[-74.3563,45.1598],[-74.3996,45.1448],[-74.4071,45.1147],[-74.4368,45.0863],[-74.4735,45.0671],[-74.6349,45.014],[-74.713,44.9993]]],[[[-79.5208,50.9429],[-79.5208,50.6888],[-79.5208,50.4635],[-79.5208,50.2382],[-79.5208,49.9003],[-79.5208,49.675],[-79.5208,49.337],[-79.5208,49.1117],[-79.5208,48.8864],[-79.5208,48.6611],[-79.5208,48.4358],[-79.5208,48.0978],[-79.5208,47.8195],[-79.5163,47.7377],[-79.5166,47.66],[-79.5129,47.5968],[-79.5165,47.5657],[-79.5305,47.5403],[-79.5542,47.5136],[-79.5728,47.484],[-79.5803,47.4518],[-79.5713,47.4176],[-79.5541,47.3916],[-79.4689,47.3049],[-79.4454,47.2747],[-79.4364,47.2251],[-79.4472,47.1317],[-79.4313,47.087],[-79.3963,47.0499],[-79.3565,47.0152],[-79.3258,46.9775],[-79.2921,46.9289],[-79.2505,46.8896],[-79.1636,46.8239],[-79.0962,46.7043],[-79.0734,46.6764],[-79.0138,46.6383],[-78.9916,46.5734],[-78.9641,46.533],[-78.9317,46.4997],[-78.8912,46.4701],[-78.7541,46.4014],[-78.7373,46.3857],[-78.7198,46.3471],[-78.694,46.3365],[-78.4223,46.2935],[-78.3728,46.2938],[-78.3451,46.289],[-78.3207,46.266],[-78.2929,46.2656],[-78.2435,46.2723],[-78.1108,46.2626],[-78.0455,46.2382],[-77.9209,46.2356],[-77.7224,46.1937],[-77.6584,46.1839],[-77.469,46.1151],[-77.4082,46.0781],[-77.358,46.0588],[-77.3353,46.0368],[-77.307,46.0198],[-77.2894,46.0003],[-77.2825,45.9473],[-77.2719,45.9292],[-77.2265,45.8908],[-77.176,45.8586],[-77.1385,45.8398],[-77.0166,45.7962],[-76.9637,45.7884],[-76.9358,45.7944],[-76.918,45.8115],[-76.9295,45.8684],[-76.9233,45.8838],[-76.9024,45.8925],[-76.857,45.8947],[-76.8177,45.8859],[-76.7973,45.8755],[-76.7811,45.8437],[-76.7734,45.7794],[-76.7545,45.7411],[-76.7257,45.7315],[-76.7069,45.708],[-76.6984,45.6615],[-76.6663,45.6213],[-76.6475,45.5808],[-76.6229,45.565],[-76.5962,45.5557],[-76.4996,45.5382],[-76.4328,45.5222],[-76.4036,45.5112],[-76.4018,45.503],[-76.3435,45.4736],[-76.2887,45.4741],[-76.2499,45.4911],[-76.2232,45.52],[-76.1549,45.5295],[-76.1284,45.5296],[-76.0488,45.5155],[-76.0231,45.5054],[-76.0097,45.488],[-75.9594,45.4687],[-75.9251,45.4335],[-75.882,45.3995],[-75.841,45.3872],[-75.7755,45.3938],[-75.7524,45.4075],[-75.7072,45.4555],[-75.6564,45.4755],[-75.5928,45.4797],[-75.3604,45.5437],[-75.3105,45.5681],[-75.2836,45.5767],[-75.053,45.596],[-74.9664,45.6332],[-74.9375,45.6377],[-74.7751,45.6325],[-74.6967,45.6417],[-74.6652,45.6563],[-74.6437,45.6561],[-74.5856,45.6261],[-74.5453,45.6088],[-74.5044,45.5975],[-74.4572,45.595],[-74.3935,45.5727],[-74.478,45.3169],[-74.356,45.2257],[-74.3462,45.2206],[-74.3214,45.225],[-74.2338,45.2621],[-74.1996,45.2724],[-74.1689,45.308],[-74.1533,45.3201],[-74.1094,45.3275],[-74.0135,45.3284],[-73.9615,45.3542],[-74.0019,45.3961],[-74.0147,45.4203],[-74.0087,45.4362],[-74.0161,45.4504],[-74.0377,45.4385],[-74.0777,45.4567],[-74.1265,45.4654],[-74.2773,45.5028],[-74.3297,45.5097],[-74.3656,45.5528],[-74.3595,45.5595],[-74.3349,45.537],[-74.307,45.5255],[-74.2148,45.5324],[-74.1901,45.5283],[-74.1475,45.4944],[-74.1048,45.485],[-74.0434,45.484],[-73.9792,45.4984],[-73.9458,45.524],[-73.9095,45.5347],[-73.8627,45.5926],[-73.7554,45.6764],[-73.6774,45.7082],[-73.4954,45.7279],[-73.4203,45.7651],[-73.3725,45.8112],[-73.3559,45.8415],[-73.2899,45.8751],[-73.2623,45.9022],[-73.2041,45.9835],[-73.1869,46.0184],[-73.1793,46.053],[-73.1586,46.0749],[-73.1064,46.0873],[-73.0716,46.0897],[-73.022,46.1096],[-73.0046,46.1407],[-72.986,46.1953],[-72.9945,46.2108],[-72.914,46.2424],[-72.8445,46.2648],[-72.7379,46.2865],[-72.6676,46.2839],[-72.6451,46.2865],[-72.6025,46.3013],[-72.4623,46.4023],[-72.4408,46.4119],[-72.3926,46.4192],[-72.3371,46.4435],[-72.2968,46.451],[-72.258,46.4709],[-72.2279,46.5534],[-72.2125,46.561],[-72.1419,46.5807],[-72.0554,46.5943],[-72.0137,46.6077],[-71.972,46.6295],[-71.8805,46.6907],[-71.8609,46.6918],[-71.8033,46.6816],[-71.772,46.6701],[-71.7202,46.6701],[-71.694,46.6744],[-71.6442,46.6932],[-71.5929,46.7008],[-71.5148,46.7247],[-71.4632,46.7345],[-71.354,46.739],[-71.3179,46.7567],[-71.3025,46.7589],[-71.2319,46.7984],[-71.191,46.8581],[-70.9569,47.0207],[-70.9203,47.0372],[-70.7917,47.0724],[-70.7506,47.0918],[-70.715,47.1176],[-70.6856,47.1492],[-70.6344,47.2182],[-70.5977,47.2494],[-70.5689,47.2933],[-70.5485,47.3376],[-70.5338,47.3596],[-70.5069,47.3796],[-70.4971,47.4293],[-70.4869,47.4448],[-70.4591,47.4305],[-70.4371,47.4424],[-70.3754,47.4614],[-70.3022,47.4694],[-70.2784,47.4821],[-70.2369,47.4956],[-70.2174,47.517],[-70.2058,47.5403],[-70.2062,47.5798],[-70.1996,47.5955],[-70.1371,47.6423],[-70.1444,47.6564],[-70.1306,47.6673],[-70.0997,47.6681],[-70.0345,47.6973],[-70.017,47.7083],[-69.9798,47.7464],[-69.932,47.7731],[-69.9193,47.7923],[-69.9056,47.8345],[-69.8942,47.8516],[-69.8468,47.9001],[-69.8353,47.9171],[-69.8241,47.9531],[-69.8258,47.97],[-69.7949,47.9887],[-69.7809,48.0577],[-69.7744,48.0748],[-69.7424,48.1055],[-69.736,48.1225],[-69.7605,48.13],[-69.818,48.1347],[-69.8467,48.1428],[-69.87,48.1567],[-69.9062,48.2073],[-69.9249,48.2219],[-69.9503,48.2308],[-70.0042,48.242],[-70.0277,48.2529],[-70.0926,48.2348],[-70.163,48.2451],[-70.2306,48.2728],[-70.2877,48.3075],[-70.3238,48.3011],[-70.3343,48.3212],[-70.3925,48.3381],[-70.4432,48.3428],[-70.4775,48.3564],[-70.5453,48.3627],[-70.6005,48.3564],[-70.7445,48.3553],[-70.7818,48.3485],[-70.8268,48.3257],[-70.8656,48.3242],[-70.8917,48.3627],[-70.8385,48.3646],[-70.7921,48.3797],[-70.7885,48.3957],[-70.8326,48.4148],[-70.8876,48.4216],[-70.9736,48.4515],[-70.9977,48.453],[-71.0698,48.4446],[-71.0116,48.4623],[-70.9872,48.4652],[-70.8776,48.4495],[-70.8241,48.4317],[-70.7921,48.4378],[-70.7472,48.4276],[-70.693,48.3928],[-70.6344,48.3968],[-70.4352,48.363],[-70.3929,48.3769],[-70.3692,48.3741],[-70.2835,48.3333],[-70.211,48.315],[-70.1673,48.2834],[-70.1444,48.2734],[-70.0937,48.2726],[-70.0376,48.2786],[-69.9851,48.2784],[-69.9451,48.2591],[-69.8823,48.2211],[-69.8369,48.1749],[-69.7983,48.1567],[-69.7471,48.1567],[-69.7128,48.1445],[-69.676,48.1499],[-69.6545,48.1629],[-69.582,48.2255],[-69.5691,48.2467],[-69.5478,48.2454],[-69.4924,48.2819],[-69.4466,48.2962],[-69.4301,48.3177],[-69.4044,48.3627],[-69.3255,48.4253],[-69.2894,48.4646],[-69.2878,48.4993],[-69.2678,48.5433],[-69.2295,48.5921],[-69.2205,48.5965],[-69.1916,48.5887],[-69.1444,48.6005],[-69.1179,48.6306],[-69.0696,48.7562],[-69.0557,48.7735],[-69.0373,48.7805],[-68.9911,48.7823],[-68.9595,48.801],[-68.9496,48.8258],[-68.9247,48.8304],[-68.8831,48.847],[-68.8148,48.8829],[-68.7953,48.9074],[-68.7838,48.9108],[-68.6435,48.9177],[-68.6554,48.9296],[-68.6886,48.9324],[-68.6988,48.9449],[-68.6361,48.9654],[-68.6445,48.9912],[-68.6346,49.017],[-68.5951,49.0548],[-68.515,49.0699],[-68.4518,49.0958],[-68.4071,49.123],[-68.4302,49.1839],[-68.4443,49.1982],[-68.4033,49.1845],[-68.4065,49.1637],[-68.3719,49.1403],[-68.3698,49.1156],[-68.3821,49.0999],[-68.4443,49.0616],[-68.4089,49.0618],[-68.3766,49.069],[-68.3254,49.0985],[-68.2196,49.112],[-68.1811,49.1245],[-68.1905,49.1675],[-68.2354,49.164],[-68.254,49.1671],[-68.3009,49.192],[-68.2289,49.192],[-68.1979,49.2056],[-68.1644,49.2056],[-68.1432,49.2286],[-68.1359,49.2557],[-68.1224,49.2713],[-68.0824,49.2602],[-68.0657,49.2735],[-68.0546,49.2944],[-68.0264,49.2867],[-67.9447,49.2944],[-67.9177,49.293],[-67.8614,49.2825],[-67.8031,49.282],[-67.7746,49.3036],[-67.7355,49.3149],[-67.674,49.3149],[-67.629,49.3213],[-67.6151,49.3149],[-67.5833,49.3275],[-67.5493,49.3312],[-67.4011,49.3297],[-67.3763,49.3392],[-67.2682,49.4335],[-67.2451,49.4588],[-67.2316,49.514],[-67.234,49.5461],[-67.2451,49.5681],[-67.2309,49.6116],[-67.2128,49.6374],[-67.17,49.678],[-67.1673,49.6952],[-67.1843,49.7394],[-67.1659,49.7881],[-67.1315,49.8313],[-67.0912,49.8493],[-67.0449,49.8283],[-67.0266,49.8424],[-66.9914,49.9031],[-66.9659,49.9154],[-66.9789,49.9449],[-66.9509,49.9864],[-66.9121,50.0113],[-66.814,50.0275],[-66.7659,50.0411],[-66.7459,50.0537],[-66.7011,50.1066],[-66.6659,50.1348],[-66.6225,50.1509],[-66.6343,50.166],[-66.6356,50.185],[-66.5909,50.1645],[-66.5635,50.1572],[-66.5332,50.1584],[-66.4974,50.1463],[-66.4661,50.1427],[-66.4349,50.1575],[-66.4302,50.1721],[-66.4715,50.1741],[-66.5121,50.1646],[-66.541,50.1844],[-66.5495,50.1983],[-66.5431,50.2161],[-66.4989,50.2525],[-66.4682,50.2685],[-66.4296,50.2731],[-66.4131,50.2642],[-66.4044,50.2182],[-66.357,50.2014],[-66.3232,50.2053],[-66.252,50.2198],[-66.2129,50.2177],[-66.1619,50.1958],[-66.1094,50.1974],[-66.0875,50.1925],[-66.1052,50.228],[-66.1034,50.2441],[-66.0807,50.2465],[-66.0792,50.2223],[-66.0465,50.226],[-65.995,50.2779],[-65.9642,50.2932],[-65.9292,50.2928],[-65.8937,50.2824],[-65.8385,50.2605],[-65.7372,50.2574],[-65.6243,50.277],[-65.5316,50.2841],[-65.4569,50.3017],[-65.2999,50.3092],[-65.2583,50.3223],[-65.1913,50.2873],[-65.151,50.2989],[-65.1171,50.2974],[-65.0338,50.2842],[-64.9378,50.2828],[-64.9074,50.2869],[-64.8883,50.2745],[-64.6294,50.284],[-64.5326,50.2984],[-64.47,50.3223],[-64.4454,50.3229],[-64.39,50.31],[-64.3486,50.288],[-64.2475,50.2707],[-64.1448,50.2676],[-64.0959,50.2909],[-64.0344,50.2972],[-63.9892,50.307],[-63.809,50.3154],[-63.768,50.3017],[-63.7222,50.3043],[-63.7003,50.2952],[-63.6704,50.2703],[-63.6377,50.2745],[-63.6035,50.254],[-63.5363,50.2668],[-63.5104,50.2676],[-63.4632,50.2553],[-63.4479,50.2421],[-63.4422,50.2229],[-63.395,50.2198],[-63.3602,50.2465],[-63.3348,50.2503],[-63.2506,50.2403],[-63.2029,50.2451],[-63.1616,50.2608],[-63.1767,50.2901],[-63.1583,50.2949],[-63.1104,50.2949],[-63.0524,50.2875],[-63.0176,50.3154],[-62.9931,50.3134],[-62.9596,50.2882],[-62.9316,50.2875],[-62.8524,50.2943],[-62.8326,50.2875],[-62.7987,50.299],[-62.7091,50.3154],[-62.7091,50.3092],[-62.7507,50.2949],[-62.7507,50.2875],[-62.5957,50.2773],[-62.4795,50.2812],[-62.4506,50.2655],[-62.4348,50.2676],[-62.4124,50.2906],[-62.3903,50.2945],[-62.38,50.2768],[-62.327,50.2892],[-62.2805,50.2634],[-62.2368,50.2465],[-62.2125,50.2418],[-62.1338,50.2403],[-62.0239,50.226],[-61.9827,50.2305],[-61.9616,50.2413],[-61.9245,50.2329],[-61.8632,50.2302],[-61.8393,50.205],[-61.7967,50.1721],[-61.8048,50.1441],[-61.7768,50.1341],[-61.7477,50.1383],[-61.6949,50.1584],[-61.6374,50.1666],[-61.6109,50.1745],[-61.5925,50.1925],[-61.5761,50.1874],[-61.5817,50.1638],[-61.7056,50.1321],[-61.7353,50.1267],[-61.7843,50.1031],[-61.7179,50.1],[-61.6949,50.1031],[-61.6408,50.1212],[-61.585,50.13],[-61.5063,50.1581],[-61.4277,50.1686],[-61.3113,50.1993],[-61.2254,50.2056],[-61.1659,50.1854],[-61.1531,50.185],[-61.1606,50.2017],[-61.1195,50.1925],[-61.1059,50.2056],[-61.0785,50.2124],[-61.0506,50.2056],[-61.0487,50.2217],[-61.0261,50.2272],[-60.9823,50.2124],[-60.963,50.2199],[-60.9308,50.2029],[-60.8356,50.2563],[-60.8026,50.2671],[-60.7769,50.2608],[-60.8155,50.249],[-60.8384,50.2198],[-60.8213,50.2222],[-60.7941,50.2047],[-60.7803,50.209],[-60.7523,50.2342],[-60.7148,50.2403],[-60.7223,50.226],[-60.6671,50.226],[-60.6186,50.254],[-60.6221,50.223],[-60.5999,50.2164],[-60.5404,50.226],[-60.4992,50.254],[-60.4412,50.2608],[-60.4473,50.2465],[-60.4238,50.2444],[-60.4091,50.2546],[-60.3821,50.2431],[-60.3746,50.2286],[-60.3541,50.2336],[-60.3654,50.2465],[-60.3498,50.2532],[-60.2937,50.2465],[-60.2857,50.2533],[-60.2859,50.285],[-60.2506,50.2689],[-60.235,50.2745],[-60.2488,50.254],[-60.2698,50.2403],[-60.2465,50.2347],[-60.199,50.2757],[-60.177,50.2875],[-60.1535,50.2884],[-60.153,50.2627],[-60.1737,50.2329],[-60.1327,50.2329],[-60.1349,50.213],[-60.0985,50.2403],[-60.0637,50.254],[-60.0394,50.2432],[-60.0168,50.2447],[-59.9787,50.2711],[-59.9443,50.2611],[-59.935,50.2842],[-59.8507,50.3136],[-59.8273,50.3281],[-59.8221,50.3566],[-59.8409,50.3284],[-59.8624,50.3405],[-59.8583,50.3638],[-59.8856,50.3707],[-59.8238,50.4305],[-59.8031,50.4457],[-59.7681,50.445],[-59.7558,50.4383],[-59.7253,50.4571],[-59.6941,50.4611],[-59.6522,50.4737],[-59.5815,50.4841],[-59.5566,50.5203],[-59.5101,50.5463],[-59.496,50.5374],[-59.4541,50.5337],[-59.424,50.54],[-59.4105,50.5724],[-59.4232,50.5844],[-59.4513,50.5843],[-59.4684,50.5925],[-59.4508,50.627],[-59.4156,50.6319],[-59.4058,50.6444],[-59.4241,50.6522],[-59.4195,50.6649],[-59.3649,50.6649],[-59.3444,50.6751],[-59.3175,50.7016],[-59.2706,50.7187],[-59.2595,50.7366],[-59.2623,50.7547],[-59.2384,50.7558],[-59.2028,50.7319],[-59.186,50.758],[-59.1253,50.8021],[-59.1122,50.8264],[-59.0983,50.8716],[-59.0878,50.8877],[-59.0657,50.888],[-59.0632,50.8635],[-59.0933,50.8257],[-59.098,50.812],[-59.0891,50.7844],[-59.067,50.7624],[-59.0377,50.7524],[-59.008,50.7611],[-59.0297,50.781],[-58.9933,50.7908],[-58.9835,50.8105],[-58.954,50.8293],[-58.9686,50.8606],[-58.9675,50.877],[-58.9403,50.8846],[-58.9669,50.8983],[-58.954,50.9392],[-58.9735,50.9586],[-58.9567,50.9916],[-58.9639,51.0081],[-58.9967,51.0041],[-58.9984,51.0223],[-58.9744,51.0211],[-58.9477,51.0416],[-58.9133,51.0555],[-58.8955,51.055],[-58.8851,51.0416],[-58.912,50.9982],[-58.8925,50.9945],[-58.8646,51.0211],[-58.8304,51.0416],[-58.8509,51.0553],[-58.8304,51.09],[-58.81,51.0776],[-58.7895,51.0969],[-58.7794,51.0934],[-58.7164,51.1065],[-58.6702,51.1418],[-58.6256,51.1515],[-58.6039,51.1836],[-58.5902,51.1862],[-58.6359,51.2005],[-58.6728,51.2272],[-58.6775,51.2442],[-58.6635,51.2571],[-58.6537,51.2365],[-58.6274,51.2305],[-58.6166,51.2419],[-58.6318,51.2613],[-58.6227,51.2773],[-58.5959,51.2684],[-58.5902,51.2511],[-58.5709,51.2581],[-58.4537,51.3166],[-58.4123,51.3084],[-58.3333,51.2777],[-58.2892,51.275],[-58.2991,51.2912],[-58.2712,51.3276],[-58.2548,51.3292],[-58.2613,51.2961],[-58.2518,51.2803],[-58.234,51.2769],[-58.1819,51.2844],[-58.152,51.3023],[-58.1247,51.2961],[-58.0597,51.3123],[-58.0402,51.3137],[-57.9777,51.3297],[-57.9261,51.3706],[-57.8769,51.4006],[-57.8418,51.4098],[-57.8135,51.4329],[-57.7958,51.4395],[-57.7993,51.4162],[-57.7707,51.4083],[-57.7485,51.4631],[-57.6859,51.4804],[-57.6909,51.449],[-57.6706,51.4349],[-57.6267,51.4446],[-57.5956,51.4655],[-57.576,51.4674],[-57.6034,51.4327],[-57.5009,51.4531],[-57.477,51.4641],[-57.4662,51.4457],[-57.4497,51.4487],[-57.442,51.4679],[-57.4537,51.4804],[-57.4376,51.4857],[-57.3985,51.4804],[-57.3592,51.4923],[-57.2811,51.5068],[-57.25,51.5083],[-57.2272,51.4941],[-57.2463,51.4683],[-57.2242,51.4398],[-57.1898,51.4188],[-57.162,51.4249],[-57.1003,51.419],[-57.1009,51.7178],[-57.101,52.0001],[-57.5595,52.0001],[-58.0566,52],[-58.5536,52],[-58.8022,52],[-59.2993,51.9999],[-59.5479,51.9999],[-59.8522,51.9999],[-60.1565,51.9999],[-60.4608,51.9999],[-60.7651,51.9999],[-61.0694,51.9999],[-61.3737,51.9999],[-61.678,51.9999],[-61.9824,51.9999],[-62.3884,51.9998],[-62.7944,51.9998],[-62.9975,51.9998],[-63.3957,51.9998],[-63.7387,51.9998],[-63.7744,52.0136],[-63.8082,52.0426],[-63.8196,52.0681],[-63.7882,52.0714],[-63.7144,52.0471],[-63.6704,52.0357],[-63.6441,52.037],[-63.6401,52.0506],[-63.6718,52.0978],[-63.6805,52.1441],[-63.6936,52.1883],[-63.7144,52.2286],[-63.7354,52.2515],[-63.7832,52.2912],[-63.7852,52.3023],[-63.7504,52.3133],[-63.7495,52.3224],[-63.7734,52.3351],[-63.882,52.337],[-63.8897,52.3338],[-63.9727,52.3536],[-64.0009,52.3696],[-64.0291,52.3978],[-64.0568,52.4426],[-64.0754,52.4536],[-64.0812,52.4734],[-64.0689,52.4944],[-64.0436,52.52],[-63.9955,52.5579],[-63.9541,52.5799],[-63.8759,52.6084],[-63.8126,52.6202],[-63.5022,52.6468],[-63.4136,52.639],[-63.3791,52.6512],[-63.3842,52.6732],[-63.4103,52.6974],[-63.4572,52.7236],[-63.5156,52.741],[-63.5756,52.7685],[-63.5958,52.7709],[-63.6052,52.7855],[-63.6017,52.8199],[-63.612,52.8612],[-63.6533,52.8371],[-63.6671,52.8131],[-63.7187,52.7787],[-63.7943,52.7718],[-64.0041,52.7339],[-64.1073,52.7202],[-64.1245,52.6961],[-64.1658,52.6755],[-64.1589,52.6376],[-64.1623,52.5964],[-64.1899,52.5723],[-64.183,52.5517],[-64.1623,52.531],[-64.1417,52.4898],[-64.1279,52.4278],[-64.1279,52.3866],[-64.1417,52.3556],[-64.1658,52.3212],[-64.207,52.304],[-64.2208,52.2662],[-64.2105,52.2215],[-64.1795,52.163],[-64.1555,52.1321],[-64.1727,52.1149],[-64.2105,52.1286],[-64.2518,52.1149],[-64.2724,52.0392],[-64.2346,51.9807],[-64.2758,51.967],[-64.3377,52.0117],[-64.3618,51.967],[-64.3377,51.8741],[-64.3343,51.8191],[-64.293,51.7847],[-64.2793,51.74],[-64.324,51.6953],[-64.3446,51.6677],[-64.4065,51.654],[-64.4375,51.6402],[-64.4788,51.6093],[-64.5304,51.5921],[-64.5785,51.6127],[-64.6542,51.6918],[-64.6886,51.7228],[-64.7711,51.764],[-64.8571,51.7744],[-64.919,51.7606],[-64.9224,51.7297],[-64.9568,51.7228],[-64.9912,51.7365],[-65.0325,51.7606],[-65.0806,51.7503],[-65.1322,51.7572],[-65.1838,51.7744],[-65.177,51.7916],[-65.1838,51.8225],[-65.2217,51.826],[-65.2767,51.8672],[-65.318,51.8535],[-65.3386,51.8191],[-65.3936,51.8982],[-65.373,51.9188],[-65.3592,51.9498],[-65.3764,51.9842],[-65.3936,51.9773],[-65.4143,51.9842],[-65.459,52.0254],[-65.5003,52.0977],[-65.5278,52.0564],[-65.5518,52.0323],[-65.6138,52.0323],[-65.6619,51.9876],[-65.6825,52.0254],[-65.6619,52.0633],[-65.655,52.108],[-65.6963,52.1045],[-65.7307,52.0873],[-65.7582,52.0908],[-65.8236,52.108],[-65.8717,52.0977],[-65.9027,52.0805],[-65.9405,52.0942],[-65.9508,52.0805],[-65.9921,52.0598],[-66.0265,52.0805],[-66.0884,52.0908],[-66.0781,52.1699],[-66.1228,52.2008],[-66.195,52.2215],[-66.2122,52.2524],[-66.2569,52.2971],[-66.2844,52.3075],[-66.3016,52.2868],[-66.2775,52.2215],[-66.2638,52.1561],[-66.3016,52.1321],[-66.3498,52.1321],[-66.3739,52.1424],[-66.3842,52.1733],[-66.4082,52.218],[-66.4323,52.2284],[-66.4564,52.2662],[-66.4667,52.3075],[-66.4805,52.335],[-66.4358,52.3763],[-66.3876,52.3694],[-66.3498,52.3591],[-66.3498,52.3831],[-66.3635,52.4416],[-66.3842,52.4691],[-66.3739,52.5413],[-66.4082,52.5895],[-66.4048,52.648],[-66.3739,52.6686],[-66.3119,52.6101],[-66.2879,52.6101],[-66.2947,52.6376],[-66.3326,52.7374],[-66.3773,52.7993],[-66.4014,52.844],[-66.391,52.8715],[-66.3291,52.8543],[-66.3119,52.844],[-66.2879,52.8474],[-66.2913,52.9025],[-66.3635,53.0022],[-66.4254,53.0366],[-66.4564,53.0297],[-66.4633,52.9953],[-66.508,52.9575],[-66.5493,52.9403],[-66.6249,52.9369],[-66.6456,52.8887],[-66.6456,52.8268],[-66.6559,52.7959],[-66.7075,52.7718],[-66.7487,52.7752],[-66.7694,52.7649],[-66.7591,52.7064],[-66.7694,52.6789],[-66.7935,52.6789],[-66.8141,52.6927],[-66.8244,52.7236],[-66.8519,52.7305],[-66.8554,52.6892],[-66.8657,52.6617],[-66.907,52.6961],[-66.9482,52.7374],[-66.9861,52.758],[-67.0411,52.7752],[-67.0514,52.8096],[-67.0617,52.875],[-67.0996,52.8715],[-67.134,52.8578],[-67.1649,52.8199],[-67.2027,52.8268],[-67.2612,52.8612],[-67.3025,52.8681],[-67.3472,52.9162],[-67.3334,52.9437],[-67.3403,52.9781],[-67.3678,53.016],[-67.385,53.1054],[-67.3575,53.1295],[-67.3266,53.1329],[-67.299,53.157],[-67.2406,53.1673],[-67.2096,53.1535],[-67.1683,53.1535],[-67.1202,53.1226],[-67.0514,53.1226],[-67.0583,53.0916],[-67.048,53.0744],[-66.9964,53.0813],[-66.9826,53.1054],[-66.9826,53.1432],[-66.9929,53.1673],[-66.9689,53.1879],[-66.962,53.2946],[-66.9964,53.3255],[-67.0101,53.353],[-66.9861,53.384],[-66.9345,53.3977],[-66.8898,53.4149],[-67.0308,53.5147],[-67.1133,53.525],[-67.1855,53.5422],[-67.3231,53.5663],[-67.3988,53.6351],[-67.4125,53.6935],[-67.5123,53.7314],[-67.5295,53.7589],[-67.5742,53.7658],[-67.5948,53.783],[-67.5776,53.7967],[-67.5123,53.8139],[-67.5226,53.838],[-67.5948,53.8586],[-67.6155,53.924],[-67.6705,53.9446],[-67.7118,53.9721],[-67.7462,53.9824],[-67.7806,54.0065],[-67.8081,54.034],[-67.7909,54.0994],[-67.7737,54.1269],[-67.7427,54.1544],[-67.7049,54.1544],[-67.6395,54.1888],[-67.6395,54.2301],[-67.6739,54.2645],[-67.6911,54.3057],[-67.7462,54.3436],[-67.7496,54.4261],[-67.7014,54.4502],[-67.6671,54.4605],[-67.6327,54.4846],[-67.6051,54.4708],[-67.5467,54.4846],[-67.5088,54.488],[-67.4951,54.5396],[-67.5157,54.574],[-67.4985,54.5946],[-67.4263,54.5706],[-67.3403,54.5121],[-67.2681,54.4846],[-67.2337,54.5155],[-67.2543,54.5465],[-67.2612,54.5706],[-67.1924,54.6118],[-67.1546,54.6153],[-67.0858,54.6806],[-67.0858,54.7322],[-67.1718,54.7804],[-67.2646,54.8354],[-67.3162,54.8939],[-67.3781,54.9489],[-67.4229,54.9971],[-67.4435,55.0349],[-67.4351,55.0635],[-67.4081,55.0806],[-67.3788,55.0887],[-67.3337,55.0839],[-67.2741,55.066],[-67.2811,55.0459],[-67.3086,55.0268],[-67.297,55.006],[-67.2301,54.9889],[-67.1967,54.9746],[-67.1069,54.9217],[-67.0445,54.9049],[-67.0159,54.8849],[-66.9933,54.837],[-66.9665,54.8143],[-66.9362,54.7991],[-66.8694,54.7784],[-66.785,54.7458],[-66.737,54.7339],[-66.7013,54.7402],[-66.7203,54.7669],[-66.7044,54.7841],[-66.6425,54.7812],[-66.6071,54.8039],[-66.6384,54.8517],[-66.7288,54.9387],[-66.7282,54.9599],[-66.6751,54.9745],[-66.6608,54.9842],[-66.6752,55.0075],[-66.717,55.0432],[-66.7574,55.0918],[-66.7623,55.1042],[-66.7431,55.1716],[-66.7352,55.1817],[-66.6938,55.1925],[-66.7009,55.2206],[-66.7279,55.241],[-66.8118,55.293],[-66.8372,55.3172],[-66.832,55.3347],[-66.7704,55.3388],[-66.7314,55.3274],[-66.6996,55.3071],[-66.6768,55.2578],[-66.6511,55.2544],[-66.588,55.2554],[-66.5589,55.2404],[-66.4933,55.1715],[-66.4788,55.1605],[-66.422,55.1373],[-66.343,55.0736],[-66.3006,55.0332],[-66.2543,54.9981],[-66.1972,54.9768],[-66.1341,54.9655],[-66.0593,54.9188],[-66.0288,54.9114],[-65.9947,54.9254],[-65.9497,54.9261],[-65.8736,54.9133],[-65.8487,54.897],[-65.8493,54.869],[-65.8402,54.8419],[-65.8191,54.8163],[-65.7343,54.7593],[-65.698,54.7228],[-65.6784,54.7146],[-65.662,54.72],[-65.6256,54.7492],[-65.5746,54.7401],[-65.5455,54.7255],[-65.4799,54.7309],[-65.4453,54.7455],[-65.4453,54.7801],[-65.4817,54.8166],[-65.4726,54.8421],[-65.3997,54.8239],[-65.3523,54.8257],[-65.3177,54.8366],[-65.2959,54.8257],[-65.274,54.8366],[-65.2212,54.8512],[-65.1939,54.8803],[-65.1629,54.9295],[-65.1028,54.9568],[-65.0044,54.9386],[-64.9406,54.9295],[-64.8714,54.8894],[-64.855,54.873],[-64.8477,54.8494],[-64.7821,54.8348],[-64.7585,54.8166],[-64.7767,54.7674],[-64.7676,54.7382],[-64.7147,54.7291],[-64.6892,54.7364],[-64.6346,54.7346],[-64.5763,54.7273],[-64.538,54.7401],[-64.4579,54.7947],[-64.3923,54.7892],[-64.3139,54.7656],[-64.2447,54.7328],[-64.181,54.7109],[-64.1135,54.6308],[-64.0516,54.6071],[-63.966,54.6071],[-63.8986,54.6016],[-63.8585,54.6289],[-63.802,54.6417],[-63.7401,54.6235],[-63.7292,54.6471],[-63.7893,54.7109],[-63.8713,54.7473],[-63.8968,54.7637],[-63.904,54.782],[-63.884,54.7965],[-63.8385,54.8129],[-63.8239,54.8293],[-63.8366,54.8457],[-63.8458,54.8803],[-63.8202,54.9186],[-63.8148,54.9405],[-63.7729,54.9423],[-63.6909,54.9168],[-63.6599,54.9022],[-63.6053,54.9022],[-63.5943,54.9186],[-63.5962,54.9605],[-63.5761,54.9787],[-63.5852,55.0498],[-63.6016,55.0716],[-63.5889,55.1208],[-63.5488,55.1846],[-63.4978,55.2028],[-63.4541,55.2046],[-63.4195,55.2246],[-63.4103,55.252],[-63.4614,55.2483],[-63.5506,55.2265],[-63.6454,55.2447],[-63.6599,55.2702],[-63.6454,55.2866],[-63.5998,55.3012],[-63.5415,55.3084],[-63.5361,55.323],[-63.5761,55.3267],[-63.578,55.3394],[-63.5543,55.3467],[-63.4905,55.3467],[-63.4559,55.3431],[-63.3429,55.3613],[-63.3302,55.3886],[-63.3375,55.4123],[-63.3903,55.405],[-63.5105,55.4232],[-63.6417,55.425],[-63.7383,55.4396],[-63.7674,55.4615],[-63.7692,55.4833],[-63.7128,55.4997],[-63.6854,55.5198],[-63.6745,55.5562],[-63.669,55.6236],[-63.6818,55.6509],[-63.7492,55.6546],[-63.7419,55.6746],[-63.7109,55.7147],[-63.6927,55.753],[-63.6964,55.7766],[-63.7109,55.7839],[-63.7619,55.793],[-63.7674,55.8295],[-63.782,55.8477],[-63.8257,55.8695],[-63.8421,55.8932],[-63.8403,55.9133],[-63.7893,55.9315],[-63.691,55.9412],[-63.575,55.9917],[-63.5557,55.9961],[-63.4967,55.9972],[-63.4506,56.0122],[-63.4613,56.0308],[-63.4942,56.0296],[-63.5872,56.0176],[-63.6284,56.0215],[-63.7032,56.0473],[-63.8043,56.0432],[-63.8341,56.0534],[-63.8439,56.0723],[-63.8709,56.0745],[-63.8775,56.0853],[-63.8461,56.1058],[-63.8477,56.1203],[-63.8814,56.1203],[-63.9158,56.1092],[-63.9766,56.0777],[-64.0103,56.0698],[-64.0217,56.0898],[-64.0184,56.1363],[-64.0109,56.1556],[-63.9916,56.1712],[-63.9223,56.183],[-63.8878,56.1942],[-63.8769,56.2173],[-63.8987,56.2377],[-63.9417,56.253],[-64.0166,56.2633],[-64.055,56.2559],[-64.0911,56.2628],[-64.1072,56.2851],[-64.1366,56.3037],[-64.1147,56.3218],[-64.1052,56.3478],[-64.1081,56.3754],[-64.1239,56.3984],[-64.1639,56.4145],[-64.1623,56.4345],[-64.1454,56.4361],[-64.011,56.419],[-63.9615,56.4196],[-63.908,56.4278],[-63.8771,56.4393],[-63.8746,56.4516],[-63.947,56.4835],[-63.9426,56.5451],[-63.953,56.5577],[-64.015,56.5893],[-64.0369,56.6273],[-64.0573,56.644],[-64.1061,56.6694],[-64.1241,56.6895],[-64.1157,56.7313],[-64.0836,56.7656],[-64.0198,56.7776],[-63.9929,56.7886],[-64.0108,56.837],[-63.9974,56.8548],[-63.9432,56.8755],[-63.8835,56.8732],[-63.8716,56.8906],[-63.9082,56.9168],[-63.9154,56.9366],[-63.9004,56.975],[-63.8659,56.9918],[-63.8846,57.0195],[-63.8717,57.0693],[-63.8503,57.0843],[-63.7952,57.1009],[-63.7809,57.128],[-63.7902,57.1689],[-63.7526,57.2102],[-63.7433,57.2267],[-63.7502,57.2441],[-63.8007,57.2758],[-63.8205,57.2745],[-63.8355,57.2189],[-63.8502,57.1918],[-63.8684,57.2006],[-63.8757,57.2274],[-63.8692,57.2498],[-63.8448,57.2954],[-63.838,57.3253],[-63.7864,57.3515],[-63.7177,57.3705],[-63.7079,57.3852],[-63.7443,57.4217],[-63.7646,57.4626],[-63.7606,57.5109],[-63.7649,57.5644],[-63.7566,57.5862],[-63.7324,57.6032],[-63.6672,57.6246],[-63.6392,57.6391],[-63.5954,57.681],[-63.5839,57.7081],[-63.5958,57.7342],[-63.6106,57.7395],[-63.6492,57.7312],[-63.6602,57.7199],[-63.6753,57.6737],[-63.6959,57.659],[-63.7168,57.6718],[-63.7488,57.7151],[-63.7695,57.7305],[-63.8029,57.6917],[-63.8253,57.6942],[-63.847,57.7238],[-63.8919,57.7304],[-63.9111,57.7832],[-63.9228,57.7956],[-64.0106,57.8137],[-64.0189,57.7781],[-64.0539,57.7679],[-64.0941,57.806],[-64.1647,57.918],[-64.2014,57.9566],[-64.2144,57.9775],[-64.2134,58.0281],[-64.2214,58.0452],[-64.2764,58.0473],[-64.3468,58.0661],[-64.4043,58.0645],[-64.4276,58.0748],[-64.4286,58.097],[-64.4108,58.1483],[-64.3896,58.1877],[-64.3508,58.2064],[-64.242,58.2198],[-64.2092,58.238],[-64.1911,58.2642],[-64.1857,58.2939],[-64.1671,58.3388],[-64.1326,58.3586],[-64.0508,58.3723],[-64.0301,58.3834],[-64.0025,58.4208],[-63.9794,58.434],[-63.8646,58.4383],[-63.8307,58.4595],[-63.8182,58.486],[-63.8522,58.5149],[-63.8619,58.5475],[-63.8904,58.5668],[-63.9194,58.5602],[-63.976,58.5321],[-64.0305,58.5268],[-64.0527,58.5332],[-64.078,58.552],[-64.0992,58.5921],[-64.0861,58.6378],[-64.0594,58.669],[-64.0286,58.6823],[-63.954,58.6832],[-63.8808,58.705],[-63.8002,58.6984],[-63.6303,58.7095],[-63.5336,58.7235],[-63.4978,58.7372],[-63.4837,58.7586],[-63.5084,58.7897],[-63.5552,58.8248],[-63.5934,58.8443],[-63.6373,58.8525],[-63.7263,58.8785],[-63.7604,58.8791],[-63.7941,58.8673],[-63.8419,58.8298],[-63.8911,58.8244],[-63.9411,58.8274],[-63.9822,58.8233],[-64.0203,58.8094],[-64.0913,58.7678],[-64.1263,58.7525],[-64.1571,58.7508],[-64.2366,58.7696],[-64.2615,58.7818],[-64.2698,58.8077],[-64.2586,58.8501],[-64.2782,58.8752],[-64.3104,58.8847],[-64.4014,58.8838],[-64.4713,58.8959],[-64.568,58.8873],[-64.605,58.8964],[-64.667,58.929],[-64.7015,58.9423],[-64.7328,58.9409],[-64.7913,58.9137],[-64.8227,58.9113],[-64.876,58.9253],[-64.8822,58.9351],[-64.8403,58.9563],[-64.838,58.9672],[-64.8635,58.9937],[-64.8241,59.0368],[-64.7927,59.0546],[-64.7542,59.0651],[-64.7159,59.0657],[-64.6847,59.054],[-64.6556,59.0301],[-64.5767,59.0179],[-64.5395,59.0024],[-64.5022,59.0016],[-64.4611,58.9874],[-64.414,58.982],[-64.3183,58.9922],[-64.2921,59.0073],[-64.3049,59.0344],[-64.3329,59.0569],[-64.3649,59.0733],[-64.4445,59.0819],[-64.4691,59.0884],[-64.4895,59.1057],[-64.4892,59.1468],[-64.4981,59.1657],[-64.5279,59.1857],[-64.5329,59.2113],[-64.5121,59.2364],[-64.5124,59.2607],[-64.5383,59.2856],[-64.5287,59.3073],[-64.5092,59.3227],[-64.5053,59.3417],[-64.5372,59.3727],[-64.4859,59.3995],[-64.5034,59.4295],[-64.4559,59.4512],[-64.3557,59.4842],[-64.3494,59.5051],[-64.3762,59.5235],[-64.4141,59.5291],[-64.4845,59.5179],[-64.5792,59.4773],[-64.672,59.4503],[-64.702,59.4473],[-64.7313,59.4563],[-64.7749,59.4973],[-64.7786,59.5182],[-64.8022,59.5201],[-64.8279,59.5374],[-64.8934,59.5647],[-64.9032,59.6038],[-64.9018,59.6415],[-64.885,59.6638],[-64.8251,59.6805],[-64.7745,59.6992],[-64.8103,59.7719],[-64.8015,59.8054],[-64.8141,59.819],[-64.7477,59.8432],[-64.7677,59.8801],[-64.737,59.8918],[-64.6707,59.8834],[-64.6544,59.9167],[-64.6635,59.9404],[-64.6901,59.9491],[-64.7511,59.9556],[-64.7902,59.9717],[-64.8354,59.9639],[-64.8616,59.9894],[-64.8775,60.0226],[-64.9042,60.0478],[-64.8774,60.0597],[-64.8172,60.0393],[-64.7815,60.0436],[-64.7051,60.0642],[-64.7047,60.0762],[-64.741,60.1014],[-64.7239,60.1059],[-64.6174,60.1065],[-64.5992,60.1178],[-64.6088,60.142],[-64.636,60.1743],[-64.6696,60.1834],[-64.7489,60.1736],[-64.7733,60.1802],[-64.8428,60.2189],[-64.858,60.2363],[-64.8447,60.2641],[-64.8083,60.2808],[-64.7642,60.2896],[-64.7029,60.2946],[-64.6532,60.2926],[-64.5314,60.3039],[-64.598,60.3294],[-64.6275,60.3467],[-64.6966,60.3476],[-64.6761,60.3339],[-64.7785,60.3613],[-64.8488,60.3657],[-64.8605,60.355],[-64.8397,60.3432],[-64.8469,60.3134],[-64.8843,60.2819],[-64.9573,60.2589],[-64.8804,60.2189],[-64.8741,60.2042],[-64.8942,60.1957],[-64.9515,60.1934],[-64.9661,60.1547],[-64.9948,60.1527],[-64.9914,60.1291],[-65.0084,60.1112],[-65.019,60.1202],[-65.0631,60.1043],[-65.0653,60.0946],[-65.025,60.0808],[-65.0461,60.0548],[-65.0685,60.0465],[-65.1286,60.0466],[-65.1177,60.0084],[-65.0749,59.9897],[-65.0665,59.9776],[-65.1134,59.9829],[-65.1286,59.9776],[-65.085,59.9562],[-65.0709,59.9433],[-65.0802,59.9299],[-65.0993,59.947],[-65.1422,59.9551],[-65.1411,59.9316],[-65.1695,59.923],[-65.2098,59.923],[-65.2098,59.9156],[-65.1378,59.9002],[-65.1286,59.8855],[-65.1405,59.8713],[-65.2234,59.8956],[-65.2264,59.8756],[-65.203,59.8542],[-65.2242,59.8411],[-65.1951,59.8346],[-65.1415,59.8061],[-65.0933,59.7963],[-65.0531,59.779],[-64.984,59.7722],[-64.984,59.7648],[-65.0515,59.7665],[-65.1658,59.7927],[-65.2142,59.8208],[-65.3111,59.8462],[-65.3361,59.8457],[-65.379,59.8298],[-65.3675,59.7995],[-65.4177,59.8153],[-65.4327,59.8094],[-65.4459,59.787],[-65.4842,59.7995],[-65.4979,59.7927],[-65.4664,59.7714],[-65.5218,59.7503],[-65.5463,59.7313],[-65.5194,59.7026],[-65.4891,59.6262],[-65.4289,59.5321],[-65.3927,59.5121],[-65.3134,59.5094],[-65.2515,59.491],[-65.1813,59.4758],[-65.1269,59.4361],[-65.0823,59.4106],[-65.0331,59.3909],[-64.984,59.3812],[-65.0031,59.3757],[-65.0619,59.388],[-65.1729,59.4389],[-65.1855,59.4631],[-65.246,59.4728],[-65.3641,59.4848],[-65.4228,59.4706],[-65.4575,59.4724],[-65.5264,59.4897],[-65.5599,59.491],[-65.5453,59.4744],[-65.4706,59.4501],[-65.4979,59.4364],[-65.4067,59.4174],[-65.3818,59.4023],[-65.4193,59.4063],[-65.4432,59.3886],[-65.4403,59.3518],[-65.4054,59.3402],[-65.3576,59.2822],[-65.3718,59.2801],[-65.5106,59.3585],[-65.559,59.3767],[-65.5804,59.3647],[-65.5661,59.3074],[-65.5392,59.2946],[-65.4917,59.2583],[-65.5101,59.2539],[-65.5433,59.2646],[-65.5679,59.246],[-65.6029,59.2571],[-65.6121,59.2494],[-65.5933,59.2075],[-65.5941,59.1894],[-65.6503,59.2449],[-65.6802,59.264],[-65.7275,59.2713],[-65.7427,59.2679],[-65.7364,59.2411],[-65.7449,59.2304],[-65.7325,59.2155],[-65.6835,59.1968],[-65.71,59.1857],[-65.7176,59.1583],[-65.6657,59.114],[-65.6425,59.0733],[-65.5817,59.0751],[-65.5593,59.0868],[-65.5416,59.1088],[-65.5292,59.0938],[-65.4668,59.0832],[-65.4256,59.0636],[-65.3497,59.0646],[-65.3197,59.0528],[-65.3494,59.0398],[-65.4437,59.0451],[-65.5003,59.0629],[-65.5292,59.0665],[-65.5941,59.046],[-65.5607,59.0217],[-65.5155,59.0132],[-65.4917,58.9914],[-65.5071,58.9881],[-65.6056,59.0137],[-65.6549,59.0465],[-65.6835,59.0528],[-65.7291,59.0376],[-65.779,59.0323],[-65.7381,59.0181],[-65.7706,59.0192],[-65.7933,59.0051],[-65.6981,58.9791],[-65.6726,58.9601],[-65.6774,58.9286],[-65.7048,58.9483],[-65.7563,58.9758],[-65.8693,59.0085],[-65.8861,58.9932],[-65.8539,58.9611],[-65.8616,58.943],[-65.9237,58.934],[-65.9822,58.9172],[-65.965,58.8911],[-65.8854,58.8719],[-65.8021,58.8673],[-65.7995,58.8536],[-65.8595,58.8328],[-65.9449,58.8415],[-65.9709,58.8263],[-66.0192,58.8612],[-66.0397,58.8474],[-66.0923,58.789],[-66.1086,58.7791],[-66.0431,58.7574],[-66.0356,58.7098],[-66.0397,58.6966],[-66.0147,58.6903],[-65.9617,58.6881],[-65.9442,58.6755],[-65.9378,58.6489],[-65.8752,58.6283],[-65.8642,58.5978],[-65.8275,58.5799],[-65.8436,58.5744],[-65.8735,58.5838],[-65.9004,58.5664],[-65.9052,58.5379],[-65.9626,58.5039],[-65.9851,58.4775],[-65.9711,58.4689],[-65.9254,58.4595],[-65.923,58.4427],[-65.9576,58.4329],[-65.9572,58.4086],[-65.9692,58.397],[-66.0186,58.3881],[-66.0351,58.3763],[-66.0534,58.3328],[-66.0651,58.3298],[-66.095,58.3602],[-66.0723,58.3794],[-66.0207,58.3953],[-65.9988,58.4086],[-65.9928,58.4309],[-66.0186,58.4911],[-66.0067,58.5259],[-65.9897,58.5351],[-65.9761,58.5637],[-65.9603,58.5693],[-65.9372,58.6094],[-65.9575,58.6263],[-66.005,58.6345],[-65.9971,58.6492],[-66.027,58.6577],[-66.0627,58.6503],[-66.1012,58.6829],[-66.1158,58.7263],[-66.194,58.7491],[-66.2104,58.7574],[-66.2525,58.7951],[-66.2947,58.8034],[-66.3476,58.8331],[-66.347,58.8458],[-66.3824,58.8536],[-66.4062,58.84],[-66.4439,58.8328],[-66.4717,58.8126],[-66.461,58.8028],[-66.4747,58.7716],[-66.491,58.7648],[-66.4758,58.7501],[-66.4513,58.7444],[-66.4687,58.722],[-66.527,58.7196],[-66.5536,58.7102],[-66.5714,58.6694],[-66.5954,58.6772],[-66.5885,58.6313],[-66.6288,58.5929],[-66.624,58.5513],[-66.6693,58.54],[-66.6599,58.5255],[-66.6151,58.498],[-66.6354,58.4909],[-66.7107,58.498],[-66.8069,58.498],[-66.811,58.4649],[-66.8417,58.4495],[-66.8522,58.425],[-66.8605,58.4398],[-66.8963,58.4495],[-66.8837,58.4866],[-66.91,58.5004],[-66.9466,58.4984],[-67.0062,58.4365],[-67.0406,58.4226],[-67.0806,58.4222],[-67.0642,58.3929],[-67.076,58.3691],[-67.112,58.3602],[-67.1602,58.3802],[-67.2048,58.351],[-67.2321,58.3397],[-67.2947,58.3348],[-67.3321,58.324],[-67.3635,58.2861],[-67.4648,58.2851],[-67.5028,58.2635],[-67.5369,58.2338],[-67.5732,58.2264],[-67.6088,58.1758],[-67.6463,58.1387],[-67.6624,58.116],[-67.66,58.0967],[-67.6391,58.0651],[-67.6566,58.0312],[-67.7067,57.9908],[-67.7119,57.9666],[-67.7044,57.9288],[-67.7386,57.9431],[-67.7303,57.9836],[-67.6905,58.0277],[-67.6703,58.0721],[-67.6928,58.1098],[-67.7017,58.1415],[-67.6941,58.1721],[-67.6547,58.2211],[-67.649,58.2518],[-67.66,58.2679],[-67.6938,58.2866],[-67.7323,58.2851],[-67.7181,58.2987],[-67.7296,58.3333],[-67.6914,58.3602],[-67.7082,58.3834],[-67.6754,58.4234],[-67.6846,58.4396],[-67.7084,58.4434],[-67.7189,58.4599],[-67.756,58.4744],[-67.787,58.47],[-67.787,58.4427],[-67.8208,58.3992],[-67.8236,58.3356],[-67.8006,58.2987],[-67.8446,58.2777],[-67.8646,58.259],[-67.8627,58.2373],[-67.9258,58.2261],[-67.9533,58.212],[-67.9726,58.1894],[-67.9907,58.1504],[-68.0157,58.1324],[-68.0682,58.1131],[-68.1206,58.0719],[-68.1235,58.0984],[-68.0824,58.1553],[-68.0027,58.2031],[-67.9831,58.2082],[-67.9003,58.2558],[-67.8684,58.2897],[-67.8617,58.3264],[-67.9099,58.3676],[-67.9081,58.3835],[-67.9241,58.4117],[-67.9173,58.4529],[-67.8898,58.4987],[-67.9099,58.511],[-67.9652,58.5184],[-67.9535,58.5444],[-67.9744,58.5698],[-68.0062,58.5795],[-68.0272,58.5519],[-68.0273,58.5217],[-68.0675,58.5178],[-68.112,58.525],[-68.1369,58.5234],[-68.1767,58.4819],[-68.1706,58.4222],[-68.1914,58.3906],[-68.1873,58.3639],[-68.2198,58.3283],[-68.2388,58.2851],[-68.241,58.2512],[-68.2516,58.2365],[-68.2926,58.2218],[-68.307,58.1763],[-68.3099,58.1209],[-68.3385,58.0898],[-68.3903,58.0721],[-68.4176,58.0386],[-68.4686,58.0204],[-68.6072,57.9975],[-68.6866,57.9937],[-68.756,57.973],[-68.9497,57.941],[-69.0408,57.9083],[-69.1094,57.8934],[-69.1444,57.8697],[-69.3697,57.7705],[-69.2237,57.862],[-69.1411,57.8987],[-69.0476,57.9151],[-68.9998,57.9356],[-68.9701,57.9604],[-68.8487,57.9764],[-68.7191,58.0137],[-68.52,58.0312],[-68.4772,58.0436],[-68.3766,58.1131],[-68.3541,58.1237],[-68.3419,58.1445],[-68.3502,58.1705],[-68.3385,58.186],[-68.3152,58.2509],[-68.2433,58.3533],[-68.2258,58.395],[-68.2225,58.4255],[-68.205,58.4454],[-68.2206,58.4843],[-68.191,58.5464],[-68.2118,58.5483],[-68.2521,58.5275],[-68.2742,58.5246],[-68.2915,58.5345],[-68.2744,58.5672],[-68.2742,58.5867],[-68.2914,58.5981],[-68.3332,58.5898],[-68.3487,58.6003],[-68.3502,58.6215],[-68.329,58.6579],[-68.3288,58.6755],[-68.3809,58.701],[-68.3829,58.7341],[-68.3593,58.7612],[-68.3616,58.7835],[-68.3903,58.7996],[-68.4103,58.8239],[-68.4999,58.8331],[-68.5405,58.861],[-68.616,58.8912],[-68.6422,58.8976],[-68.7287,58.9032],[-68.7869,58.9225],[-68.8948,58.8779],[-68.993,58.8815],[-68.9793,58.902],[-69.1248,58.9019],[-69.1885,58.8952],[-69.2563,58.8992],[-69.3058,58.8834],[-69.3782,58.8695],[-69.4121,58.8437],[-69.4181,58.8297],[-69.487,58.7922],[-69.566,58.7748],[-69.6082,58.7604],[-69.6304,58.7375],[-69.6505,58.7012],[-69.6715,58.6966],[-69.6987,58.7027],[-69.742,58.6528],[-69.7795,58.6296],[-69.7957,58.5985],[-69.834,58.6041],[-69.8653,58.6279],[-69.8768,58.6447],[-69.8536,58.6656],[-69.8017,58.6898],[-69.8001,58.7049],[-69.8411,58.7152],[-69.8819,58.7082],[-69.9183,58.6864],[-69.9281,58.703],[-69.932,58.7444],[-69.9212,58.7791],[-69.9546,58.7722],[-69.9701,58.7582],[-70.0221,58.7394],[-70.0413,58.7375],[-70.0587,58.7574],[-70.1363,58.7564],[-70.1715,58.7757],[-70.1991,58.7782],[-70.2542,58.7717],[-70.2119,58.7895],[-70.1395,58.7839],[-70.0724,58.7922],[-70.0345,58.8126],[-69.9593,58.8146],[-69.8905,58.8331],[-69.9116,58.8741],[-69.8668,58.8637],[-69.8353,58.8342],[-69.8017,58.8263],[-69.8014,58.8541],[-69.816,58.8815],[-69.8035,58.9191],[-69.8227,58.946],[-69.859,58.9611],[-69.8979,58.9634],[-69.8739,58.9759],[-69.8631,59.0051],[-69.8773,59.0518],[-69.8631,59.0597],[-69.8394,59.0456],[-69.7964,58.9813],[-69.7676,58.9709],[-69.7612,58.9881],[-69.7294,58.983],[-69.7047,58.9631],[-69.7198,58.9361],[-69.6919,58.9157],[-69.6884,58.9307],[-69.6719,58.9274],[-69.6785,58.8951],[-69.7198,58.8673],[-69.6839,58.8054],[-69.6652,58.7922],[-69.6421,58.7912],[-69.5653,58.8065],[-69.538,58.8359],[-69.5229,58.8899],[-69.4787,58.8729],[-69.4516,58.8952],[-69.4659,58.9351],[-69.5035,59.0733],[-69.4804,59.0664],[-69.4659,59.046],[-69.4302,59.0255],[-69.4144,59.0549],[-69.3907,59.0714],[-69.3424,59.0938],[-69.3642,59.1162],[-69.3973,59.1206],[-69.4244,59.1081],[-69.4657,59.1373],[-69.5001,59.1068],[-69.5157,59.1085],[-69.5417,59.128],[-69.5342,59.1552],[-69.5426,59.1695],[-69.5281,59.186],[-69.4495,59.2285],[-69.4256,59.2254],[-69.4181,59.2037],[-69.389,59.1942],[-69.3663,59.2034],[-69.3652,59.2445],[-69.3411,59.2413],[-69.2948,59.2161],[-69.2434,59.2282],[-69.2325,59.2413],[-69.2444,59.2665],[-69.266,59.2768],[-69.2468,59.303],[-69.2548,59.3248],[-69.274,59.3351],[-69.2977,59.3343],[-69.3373,59.3151],[-69.3695,59.3204],[-69.3561,59.3341],[-69.3977,59.3569],[-69.4455,59.3613],[-69.5265,59.3336],[-69.5653,59.3341],[-69.6271,59.3067],[-69.7247,59.305],[-69.7551,59.3177],[-69.7495,59.3428],[-69.6434,59.3647],[-69.6321,59.3851],[-69.6715,59.3886],[-69.6626,59.4075],[-69.6434,59.416],[-69.6715,59.457],[-69.7047,59.4722],[-69.6987,59.4848],[-69.737,59.4827],[-69.7582,59.4905],[-69.7485,59.5161],[-69.6915,59.5611],[-69.6256,59.59],[-69.568,59.6026],[-69.5373,59.6227],[-69.5162,59.6493],[-69.5206,59.6766],[-69.5888,59.6828],[-69.6047,59.6955],[-69.6577,59.7033],[-69.6224,59.7274],[-69.5859,59.7361],[-69.5478,59.7648],[-69.6122,59.7839],[-69.5963,59.8094],[-69.6007,59.8336],[-69.5615,59.8647],[-69.5898,59.8761],[-69.7237,59.8978],[-69.7676,59.9156],[-69.7278,59.9219],[-69.7198,59.9603],[-69.7351,59.9703],[-69.7698,59.9711],[-69.8581,59.9609],[-69.942,59.9641],[-70.045,59.951],[-70.1068,59.9534],[-70.1649,59.9641],[-70.2266,59.9865],[-70.3225,59.9776],[-70.3846,59.9913],[-70.4801,59.9709],[-70.5777,59.9772],[-70.7216,60.0092],[-70.773,60.014],[-70.808,60.0233],[-70.8628,60.0295],[-70.9213,60.0555],[-71.0351,60.0665],[-70.9962,60.0762],[-70.6507,60.0218],[-70.5968,59.9975],[-70.5719,59.995],[-70.3295,60.006],[-70.3094,60.0118],[-70.3362,60.0323],[-70.2952,60.0255],[-69.901,60.005],[-69.8216,59.9892],[-69.7949,59.9913],[-69.7731,60.0043],[-69.8427,60.0289],[-69.8387,60.0578],[-69.8263,60.0716],[-69.7744,60.0665],[-69.7356,60.049],[-69.7143,60.0497],[-69.6953,60.0665],[-69.6465,60.0686],[-69.628,60.0767],[-69.6304,60.0943],[-69.611,60.1011],[-69.6099,60.1496],[-69.5994,60.1837],[-69.6509,60.1837],[-69.6024,60.2247],[-69.6169,60.2352],[-69.657,60.2415],[-69.672,60.2633],[-69.7123,60.2998],[-69.7533,60.3066],[-69.7699,60.324],[-69.7533,60.333],[-69.7198,60.3756],[-69.7353,60.4113],[-69.7759,60.4245],[-69.7497,60.4622],[-69.7949,60.4923],[-69.829,60.5257],[-69.8081,60.5356],[-69.688,60.5565],[-69.6577,60.5841],[-69.6671,60.5994],[-69.6976,60.6081],[-69.6832,60.6431],[-69.6925,60.6612],[-69.7198,60.684],[-69.644,60.7086],[-69.6024,60.7386],[-69.5724,60.7515],[-69.5058,60.77],[-69.4432,60.7754],[-69.4093,60.7841],[-69.3813,60.7999],[-69.3697,60.824],[-69.387,60.8549],[-69.3876,60.8818],[-69.3697,60.9168],[-69.4244,60.923],[-69.4234,60.9411],[-69.4484,60.9836],[-69.4733,61.0001],[-69.5069,61.0539],[-69.5366,61.0797],[-69.5577,61.086],[-69.6012,61.0849],[-69.651,61.0643],[-69.6509,61.0403],[-69.6788,61.0123],[-69.6917,60.9588],[-69.6509,60.9168],[-69.6623,60.8852],[-69.7026,60.8743],[-69.7394,60.8861],[-69.7403,60.923],[-69.777,60.9195],[-69.8205,60.9043],[-69.8871,60.8649],[-69.9387,60.8402],[-69.9078,60.8378],[-69.8495,60.8547],[-69.8584,60.8422],[-69.9159,60.81],[-69.9635,60.8302],[-69.9949,60.8491],[-70.0587,60.8503],[-70.055,60.8758],[-70.076,60.8815],[-70.1512,60.882],[-70.1512,60.8895],[-70.1009,60.8956],[-70.0897,60.9025],[-70.1048,60.9261],[-70.0912,60.9688],[-70.1117,60.9961],[-70.1034,61.0198],[-70.1269,61.0102],[-70.1601,61.0217],[-70.1512,61.0403],[-70.1102,61.0601],[-70.1127,61.0688],[-70.1512,61.0738],[-70.144,61.0836],[-70.1888,61.0881],[-70.2292,61.0733],[-70.2672,61.0881],[-70.3251,61.1004],[-70.3473,61.0831],[-70.3429,61.0676],[-70.3636,61.0688],[-70.402,61.0859],[-70.4255,61.0881],[-70.4044,61.0601],[-70.4318,61.0676],[-70.4432,61.0583],[-70.4255,61.0266],[-70.4575,61.0296],[-70.4727,61.0539],[-70.5077,61.0648],[-70.5416,61.0601],[-70.5354,61.0465],[-70.5689,61.0465],[-70.5562,61.0284],[-70.5354,61.0198],[-70.5544,61.0139],[-70.6037,61.0328],[-70.6677,61.0268],[-70.6856,61.0328],[-70.6583,61.0539],[-70.7257,61.079],[-70.7618,61.0858],[-70.7818,61.0738],[-70.7618,61.0631],[-70.775,61.0539],[-70.8028,61.0571],[-70.8469,61.0754],[-70.9394,61.0738],[-70.9274,61.0927],[-70.9555,61.1162],[-71.0388,61.1318],[-71.0719,61.1328],[-71.1114,61.1252],[-71.1676,61.1411],[-71.185,61.1227],[-71.2206,61.1495],[-71.2133,61.1672],[-71.275,61.1557],[-71.3714,61.1495],[-71.36,61.1265],[-71.444,61.1847],[-71.4597,61.2134],[-71.4977,61.2309],[-71.5211,61.2246],[-71.5338,61.1963],[-71.508,61.17],[-71.5367,61.1598],[-71.5804,61.161],[-71.5558,61.1973],[-71.5729,61.2205],[-71.5946,61.2222],[-71.6309,61.2042],[-71.6182,61.2343],[-71.5968,61.2594],[-71.6964,61.2774],[-71.7271,61.2935],[-71.6915,61.3081],[-71.6656,61.3345],[-71.7414,61.3481],[-71.8056,61.3478],[-71.8227,61.355],[-71.796,61.3618],[-71.8227,61.3755],[-71.7073,61.3684],[-71.6719,61.3755],[-71.6465,61.3937],[-71.5831,61.4102],[-71.6185,61.418],[-71.7345,61.4102],[-71.7957,61.4233],[-71.8553,61.4238],[-71.8916,61.437],[-71.8109,61.4479],[-71.7688,61.4609],[-71.7482,61.4791],[-71.796,61.4915],[-71.7818,61.5044],[-71.7926,61.5269],[-71.8485,61.5231],[-71.8574,61.5338],[-71.8035,61.5423],[-71.6915,61.5393],[-71.6378,61.5468],[-71.6239,61.5655],[-71.5671,61.5585],[-71.5487,61.5747],[-71.5582,61.5873],[-71.5906,61.6014],[-71.581,61.6138],[-71.652,61.6498],[-71.7323,61.6654],[-71.7606,61.6771],[-71.8091,61.6833],[-71.8636,61.6976],[-71.9568,61.7112],[-71.9698,61.7012],[-71.938,61.6777],[-71.94,61.6567],[-71.9637,61.642],[-71.972,61.6105],[-71.9915,61.6014],[-72.0362,61.6014],[-72.0834,61.5889],[-72.119,61.5892],[-72.2209,61.6014],[-72.242,61.5975],[-72.3031,61.5679],[-72.2773,61.6031],[-72.2435,61.6176],[-72.2015,61.6174],[-72.1284,61.6047],[-72.0851,61.6063],[-72.0246,61.6416],[-71.9952,61.6771],[-72.0345,61.7004],[-72.0424,61.7255],[-72.0763,61.7449],[-72.1411,61.7574],[-72.1709,61.7432],[-72.2063,61.7386],[-72.2237,61.7502],[-72.2116,61.7789],[-72.187,61.7801],[-72.2063,61.7932],[-72.1318,61.8006],[-72.1796,61.8279],[-72.2032,61.8658],[-72.2323,61.8813],[-72.3571,61.8894],[-72.488,61.9241],[-72.5696,61.9329],[-72.6052,61.9437],[-72.6305,61.9229],[-72.6317,61.8956],[-72.6048,61.8416],[-72.6019,61.8126],[-72.6316,61.821],[-72.6632,61.8501],[-72.6662,61.8832],[-72.6929,61.8756],[-72.755,61.8354],[-72.796,61.8354],[-72.6913,61.9023],[-72.6887,61.9454],[-72.673,61.9583],[-72.6212,61.9651],[-72.6078,61.9722],[-72.598,62.0197],[-72.6159,62.0366],[-72.598,62.0477],[-72.6263,62.0629],[-72.6662,62.0613],[-72.6214,62.1019],[-72.6291,62.1169],[-72.6879,62.1267],[-72.7174,62.1446],[-72.7541,62.1501],[-72.8238,62.1358],[-72.7829,62.1166],[-72.7829,62.1091],[-72.8246,62.1171],[-72.9474,62.1227],[-72.899,62.1433],[-72.969,62.1729],[-73.0622,62.1876],[-73.0839,62.215],[-73.196,62.2606],[-73.212,62.2763],[-73.2095,62.3128],[-73.2477,62.3216],[-73.3173,62.3282],[-73.3782,62.3705],[-73.4064,62.3767],[-73.4502,62.3662],[-73.5023,62.3903],[-73.5714,62.3948],[-73.5948,62.4142],[-73.6463,62.4722],[-73.6707,62.4821],[-73.7487,62.4722],[-73.8722,62.4648],[-73.9071,62.4297],[-73.9422,62.4184],[-73.982,62.3767],[-74.0182,62.3608],[-74.087,62.3522],[-74.1391,62.3282],[-74.1915,62.326],[-74.2168,62.337],[-74.2784,62.3235],[-74.2956,62.2984],[-74.3179,62.2866],[-74.365,62.2783],[-74.3782,62.2649],[-74.4169,62.2525],[-74.7049,62.2525],[-74.7235,62.2464],[-74.755,62.2136],[-74.7411,62.1851],[-74.6842,62.1558],[-74.6374,62.1449],[-74.5581,62.1091],[-74.5983,62.1107],[-74.673,62.1238],[-74.7703,62.1575],[-74.7897,62.1821],[-74.8409,62.2039],[-74.8904,62.2342],[-75.0061,62.269],[-75.0517,62.2737],[-75.0924,62.2668],[-75.133,62.2348],[-75.1533,62.232],[-75.1422,62.2723],[-75.1744,62.2941],[-75.3277,62.3175],[-75.4703,62.3019],[-75.4935,62.2959],[-75.5751,62.2457],[-75.6678,62.2221],[-75.7354,62.1954],[-75.7765,62.187],[-75.8317,62.1638],[-75.8938,62.1638],[-75.8124,62.2021],[-75.7709,62.2067],[-75.7164,62.238],[-75.5922,62.2668],[-75.5922,62.273],[-75.6586,62.2965],[-75.8297,62.3133],[-75.8556,62.3244],[-75.9143,62.335],[-75.9386,62.3521],[-75.9668,62.3544],[-76.0139,62.3419],[-76.0548,62.3555],[-76.0985,62.3456],[-76.1129,62.3493],[-76.1254,62.3747],[-76.1499,62.3871],[-76.1906,62.3878],[-76.2193,62.3993],[-76.3047,62.4073],[-76.4015,62.4312],[-76.4645,62.4354],[-76.534,62.4592],[-76.5957,62.4581],[-76.6548,62.4722],[-76.6647,62.4869],[-76.7047,62.4894],[-76.7577,62.5108],[-76.912,62.5222],[-76.949,62.5411],[-76.9698,62.5434],[-77.0188,62.5338],[-77.0433,62.5192],[-77.0663,62.5337],[-77.1134,62.5337],[-77.1371,62.5268],[-77.1684,62.5473],[-77.2436,62.5494],[-77.3568,62.561],[-77.3775,62.5576],[-77.4049,62.5883],[-77.4718,62.5938],[-77.4908,62.5883],[-77.538,62.5473],[-77.6141,62.5317],[-77.6566,62.5166],[-77.687,62.4773],[-77.7847,62.468],[-77.8878,62.426],[-77.9166,62.4207],[-77.9356,62.4071],[-77.9769,62.3965],[-78.024,62.3918],[-78.1005,62.3471],[-78.1107,62.3158],[-78.1549,62.2973],[-78.1559,62.2737],[-78.1413,62.232],[-78.165,62.1669],[-78.1427,62.1073],[-78.1407,62.0386],[-78.1277,61.9933],[-78.094,61.9769],[-78.0731,61.9241],[-78.0848,61.888],[-78.0655,61.8558],[-78.0458,61.8377],[-78.0246,61.7932],[-78.0047,61.7665],[-78.0047,61.7324],[-77.9897,61.7148],[-77.9398,61.6936],[-77.8146,61.6918],[-77.7927,61.7014],[-77.7642,61.666],[-77.7084,61.6163],[-77.6857,61.6088],[-77.5992,61.6085],[-77.5727,61.6014],[-77.5894,61.5923],[-77.6232,61.593],[-77.6342,61.5821],[-77.5456,61.5759],[-77.5008,61.5633],[-77.4766,61.54],[-77.5684,61.5476],[-77.6037,61.5638],[-77.6547,61.5542],[-77.6661,61.5277],[-77.6333,61.5093],[-77.5455,61.4853],[-77.5716,61.4704],[-77.6077,61.4647],[-77.6826,61.4648],[-77.6772,61.4393],[-77.6976,61.4318],[-77.724,61.4384],[-77.7372,61.4546],[-77.7716,61.4626],[-77.7853,61.4547],[-77.7565,61.3998],[-77.7449,61.3497],[-77.744,61.2972],[-77.7235,61.2731],[-77.7515,61.232],[-77.7082,61.2186],[-77.6927,61.2073],[-77.7031,61.1911],[-77.7652,61.1793],[-77.7902,61.1458],[-77.8124,61.0881],[-77.8093,61.0571],[-77.8617,61.0544],[-77.8879,61.0371],[-78.0028,60.9724],[-78.0224,60.951],[-78.0941,60.9168],[-78.1405,60.8736],[-78.1655,60.8684],[-78.1965,60.7927],[-78.0798,60.807],[-78.0457,60.807],[-77.9629,60.8293],[-77.9194,60.8353],[-77.8807,60.8274],[-77.97,60.7927],[-77.8817,60.8003],[-77.8601,60.7927],[-77.8949,60.7523],[-77.561,60.8388],[-77.5106,60.841],[-77.5106,60.8348],[-77.7183,60.7812],[-77.744,60.7665],[-77.668,60.7759],[-77.6295,60.775],[-77.6068,60.7591],[-77.6712,60.7325],[-77.7011,60.7084],[-77.7577,60.684],[-77.8293,60.6433],[-77.7706,60.5925],[-77.686,60.5583],[-77.6174,60.5599],[-77.5727,60.5742],[-77.5418,60.5757],[-77.4608,60.5666],[-77.4151,60.5468],[-77.5469,60.5474],[-77.5659,60.5189],[-77.5917,60.5026],[-77.6963,60.4649],[-77.7423,60.4258],[-77.7432,60.4042],[-77.7162,60.3824],[-77.6342,60.3613],[-77.6333,60.3437],[-77.5933,60.3209],[-77.6219,60.2724],[-77.6137,60.2657],[-77.5603,60.2851],[-77.538,60.2862],[-77.5642,60.2674],[-77.5315,60.2551],[-77.4697,60.2172],[-77.514,60.2078],[-77.5597,60.211],[-77.5353,60.1837],[-77.4825,60.1536],[-77.4083,60.1353],[-77.4083,60.1291],[-77.463,60.133],[-77.5069,60.1242],[-77.5336,60.1343],[-77.6007,60.1148],[-77.5796,60.0943],[-77.6342,60.0665],[-77.5864,60.0665],[-77.556,60.0528],[-77.4766,60.0528],[-77.4186,60.0466],[-77.3946,60.0665],[-77.3462,60.0602],[-77.3493,60.0422],[-77.3047,60.0364],[-77.2157,60.0583],[-77.1892,60.0602],[-77.2095,60.0454],[-77.2447,60.0337],[-77.3127,60.0255],[-77.2801,60.0073],[-77.2363,60.005],[-77.3135,59.9918],[-77.3332,59.9845],[-77.299,59.9709],[-77.3468,59.965],[-77.3872,59.9435],[-77.353,59.9299],[-77.4105,59.9256],[-77.4183,59.9136],[-77.3717,59.9003],[-77.3513,59.8668],[-77.2916,59.7995],[-77.3217,59.7905],[-77.411,59.7934],[-77.4498,59.779],[-77.4684,59.7477],[-77.494,59.7449],[-77.5354,59.7593],[-77.5455,59.7449],[-77.5074,59.7188],[-77.5032,59.7067],[-77.5455,59.6971],[-77.5455,59.6897],[-77.4806,59.6832],[-77.4629,59.6766],[-77.4446,59.6449],[-77.4498,59.6146],[-77.4259,59.5954],[-77.3861,59.583],[-77.3127,59.573],[-77.3127,59.5668],[-77.3998,59.5694],[-77.443,59.5776],[-77.4697,59.5947],[-77.4621,59.6246],[-77.4875,59.6478],[-77.5522,59.6766],[-77.5777,59.6952],[-77.6051,59.6805],[-77.6685,59.6767],[-77.7062,59.7033],[-77.7782,59.7102],[-77.744,59.6971],[-77.7689,59.6839],[-77.7987,59.6828],[-77.7677,59.6388],[-77.7259,59.6305],[-77.7162,59.6214],[-77.7303,59.5487],[-77.7372,59.5395],[-77.8415,59.5086],[-77.8812,59.4849],[-77.8471,59.4501],[-77.8897,59.4454],[-77.9154,59.4191],[-77.8906,59.4014],[-77.8539,59.4085],[-77.793,59.4326],[-77.7745,59.4258],[-77.7707,59.4085],[-77.7322,59.4027],[-77.7235,59.416],[-77.6752,59.4023],[-77.7779,59.3819],[-77.8061,59.3682],[-77.7702,59.3507],[-77.785,59.3265],[-77.8109,59.3201],[-77.8693,59.3205],[-77.8949,59.3129],[-77.8366,59.3026],[-77.8192,59.293],[-77.8783,59.2806],[-77.9066,59.2689],[-77.9498,59.2679],[-77.9984,59.2445],[-78.0756,59.2269],[-78.1066,59.2099],[-78.0867,59.1614],[-78.1047,59.1554],[-78.1374,59.1613],[-78.1556,59.1552],[-78.1261,59.1233],[-78.1314,59.1079],[-78.1556,59.0938],[-78.1786,59.0922],[-78.2018,59.1127],[-78.2233,59.1081],[-78.2049,59.0737],[-78.21,59.0535],[-78.2543,59.0699],[-78.2853,59.0528],[-78.2716,59.0323],[-78.2794,59.0172],[-78.3201,58.9914],[-78.3126,58.984],[-78.279,58.9952],[-78.2437,58.9982],[-78.3047,58.9599],[-78.3164,58.9255],[-78.3618,58.9142],[-78.3527,58.9514],[-78.3883,58.9634],[-78.4346,58.9545],[-78.4514,58.9398],[-78.443,58.9157],[-78.4643,58.9182],[-78.5181,58.9634],[-78.5511,58.9686],[-78.5657,58.9578],[-78.56,58.9446],[-78.5317,58.943],[-78.5457,58.9239],[-78.5454,58.902],[-78.5215,58.8574],[-78.4962,58.8319],[-78.4885,58.8065],[-78.5082,58.7791],[-78.5383,58.7955],[-78.5425,58.7652],[-78.4934,58.739],[-78.4737,58.7202],[-78.4751,58.6985],[-78.4982,58.7027],[-78.52,58.6852],[-78.5733,58.6755],[-78.5594,58.665],[-78.571,58.6387],[-78.5665,58.6208],[-78.5488,58.6089],[-78.4774,58.614],[-78.4587,58.6068],[-78.4464,58.5797],[-78.4281,58.5743],[-78.3724,58.5419],[-78.3446,58.5384],[-78.3201,58.5464],[-78.3834,58.5772],[-78.4174,58.6007],[-78.4299,58.6208],[-78.4093,58.6297],[-78.3719,58.614],[-78.3126,58.5731],[-78.2673,58.5192],[-78.2027,58.5048],[-78.1437,58.4757],[-78.1277,58.4548],[-78.0788,58.4559],[-78.0449,58.4329],[-78.0145,58.424],[-78.0315,58.3881],[-78.012,58.3848],[-77.9563,58.3602],[-77.7707,58.3192],[-77.6963,58.2851],[-77.6232,58.2784],[-77.6007,58.2713],[-77.5318,58.2304],[-77.4706,58.212],[-77.4451,58.1846],[-77.4908,58.1684],[-77.4189,58.1482],[-77.4015,58.1479],[-77.3568,58.1114],[-77.3227,58.0946],[-77.2643,58.0864],[-77.2018,58.0562],[-77.1483,58.0175],[-77.1273,57.9849],[-77.1063,57.9662],[-77.0793,57.9615],[-77.0083,57.866],[-76.9498,57.8278],[-76.9136,57.7764],[-76.8957,57.7629],[-76.8602,57.7199],[-76.8087,57.6755],[-76.8056,57.6135],[-76.7646,57.5588],[-76.735,57.4999],[-76.6863,57.4272],[-76.6566,57.4044],[-76.5893,57.2713],[-76.5653,57.192],[-76.5666,57.164],[-76.5579,57.1411],[-76.5327,57.1153],[-76.5329,57.0872],[-76.5526,57.0532],[-76.5579,57.0312],[-76.5417,56.9387],[-76.5277,56.8979],[-76.521,56.8555],[-76.5037,56.7838],[-76.5107,56.7296],[-76.5072,56.7115],[-76.5275,56.5945],[-76.526,56.494],[-76.517,56.4696],[-76.5244,56.4621],[-76.5151,56.4382],[-76.5306,56.3696],[-76.5358,56.3185],[-76.5452,56.295],[-76.5785,56.2558],[-76.6155,56.1767],[-76.6221,56.1395],[-76.6587,56.073],[-76.6815,56.0429],[-76.7115,56.0186],[-76.7504,56.0028],[-76.797,55.9942],[-76.8087,55.986],[-76.822,55.9519],[-76.8419,55.9337],[-76.9012,55.9003],[-77.0445,55.783],[-77.1638,55.7092],[-77.1892,55.6819],[-77.17,55.683],[-77.0887,55.7142],[-77.1129,55.6754],[-77.1646,55.6433],[-77.2375,55.5917],[-77.636,55.3768],[-77.675,55.3669],[-77.7816,55.2735],[-77.8005,55.2641],[-77.8744,55.2486],[-78.0078,55.1887],[-78.0457,55.181],[-78.1556,55.1401],[-78.2374,55.0922],[-78.2702,55.0817],[-78.3126,55.0581],[-78.3922,55.0275],[-78.4498,55.0234],[-78.5044,55.0029],[-78.5297,55.0039],[-78.5783,54.9757],[-78.6776,54.9513],[-78.7267,54.9443],[-78.7731,54.9261],[-78.8749,54.9077],[-78.8954,54.8998],[-78.9512,54.858],[-78.9674,54.852],[-79.2926,54.7974],[-79.3246,54.7797],[-79.3841,54.7753],[-79.4109,54.7627],[-79.4845,54.7564],[-79.516,54.7439],[-79.5471,54.74],[-79.6285,54.7148],[-79.6419,54.7285],[-79.6435,54.7008],[-79.6763,54.6938],[-79.7656,54.6528],[-79.6995,54.6529],[-79.6745,54.6589],[-79.6831,54.6739],[-79.6514,54.661],[-79.6537,54.6425],[-79.6905,54.6329],[-79.5937,54.6329],[-79.592,54.621],[-79.6353,54.5777],[-79.6064,54.5808],[-79.5807,54.5914],[-79.6012,54.5981],[-79.5595,54.609],[-79.5255,54.5914],[-79.5294,54.5772],[-79.5504,54.5697],[-79.6012,54.5646],[-79.6012,54.5572],[-79.5692,54.5521],[-79.5399,54.535],[-79.5292,54.5171],[-79.5534,54.5094],[-79.5192,54.5019],[-79.5045,54.473],[-79.4906,54.4626],[-79.505,54.4268],[-79.4503,54.42],[-79.4503,54.4138],[-79.4982,54.4064],[-79.4913,54.3859],[-79.505,54.3723],[-79.4799,54.3697],[-79.4634,54.3533],[-79.4574,54.3309],[-79.464,54.3102],[-79.4357,54.3105],[-79.4156,54.2972],[-79.4435,54.2835],[-79.4081,54.2709],[-79.2932,54.2615],[-79.2909,54.2441],[-79.3343,54.2487],[-79.3268,54.2282],[-79.3575,54.2154],[-79.3821,54.1941],[-79.3205,54.1967],[-79.2919,54.1884],[-79.2859,54.1737],[-79.238,54.1805],[-79.2383,54.1617],[-79.2139,54.1634],[-79.1623,54.1805],[-79.1014,54.1876],[-79.0689,54.1875],[-79.0463,54.1805],[-79.0725,54.1621],[-79.1153,54.1583],[-79.1424,54.1457],[-79.1009,54.1395],[-79.1241,54.1197],[-79.1077,54.1121],[-79.1294,54.1075],[-79.175,54.1115],[-79.1692,54.0911],[-79.2665,54.0994],[-79.2926,54.0911],[-79.2694,54.0836],[-79.1371,54.083],[-79.0941,54.0712],[-79.1077,54.0638],[-78.9796,54.0192],[-78.9643,54.0023],[-79.049,54.0101],[-79.0736,54.0023],[-79.064,53.9835],[-79.0388,53.9676],[-79.0764,53.9676],[-79.0252,53.9614],[-79.0423,53.9472],[-79.0736,53.9486],[-79.1351,53.9614],[-79.0992,53.9494],[-79.0223,53.936],[-78.9917,53.9129],[-79.0801,53.9163],[-79.1077,53.9061],[-79.0666,53.8943],[-79.0589,53.8802],[-79.0662,53.8577],[-78.9714,53.8551],[-78.9286,53.8435],[-78.9017,53.8173],[-78.9403,53.822],[-79.0135,53.8459],[-79.0525,53.8378],[-79.0525,53.831],[-79.0189,53.8242],[-79.0736,53.8037],[-79.0463,53.79],[-79.0634,53.7571],[-79.0626,53.7441],[-79.0388,53.7416],[-79.0574,53.72],[-79.1269,53.7228],[-79.1561,53.7081],[-79.0853,53.6966],[-79.0193,53.6939],[-79.0133,53.6773],[-79.0463,53.6727],[-79.0338,53.6547],[-79.0084,53.6528],[-79.0231,53.6321],[-79.0388,53.6392],[-79.0662,53.5982],[-79.0252,53.6044],[-78.9979,53.6181],[-78.9652,53.609],[-78.9569,53.5846],[-78.9313,53.5786],[-78.9326,53.5551],[-78.9606,53.5498],[-79.0195,53.5709],[-79.0326,53.5566],[-79.0016,53.5328],[-78.9569,53.5163],[-79.0041,53.4977],[-79.0284,53.4991],[-79.0463,53.5163],[-79.0463,53.5294],[-79.0701,53.5306],[-79.1146,53.5089],[-79.0763,53.4694],[-79.0525,53.461],[-79.0653,53.4479],[-79.0533,53.4393],[-79.0329,53.4496],[-78.9917,53.4536],[-78.9729,53.4185],[-78.9498,53.4023],[-78.9432,53.3819],[-78.9643,53.3444],[-78.9374,53.317],[-78.9537,53.2951],[-78.9432,53.2829],[-78.8954,53.2686],[-78.9227,53.2482],[-78.8993,53.2482],[-78.888,53.2318],[-78.9289,53.2209],[-78.9017,53.201],[-78.9374,53.1867],[-78.9159,53.1662],[-78.9774,53.07],[-78.9294,53.0722],[-78.9159,53.0638],[-78.9454,53.0385],[-78.9842,53.0284],[-78.9272,53.005],[-78.8931,53.0017],[-78.857,53.0172],[-78.8371,52.9912],[-78.8132,52.9814],[-78.7856,52.9819],[-78.8061,52.9602],[-78.8219,52.9671],[-78.8524,52.9605],[-78.8675,52.9676],[-78.8745,52.9398],[-78.9017,52.9266],[-78.89,52.9221],[-78.8675,52.8925],[-78.8284,52.8742],[-78.7831,52.8715],[-78.7049,52.8857],[-78.69,52.8851],[-78.775,52.8262],[-78.7716,52.8168],[-78.7309,52.8304],[-78.7265,52.7981],[-78.7576,52.7827],[-78.8308,52.7825],[-78.847,52.7752],[-78.8502,52.7574],[-78.7856,52.741],[-78.772,52.7242],[-78.7784,52.7138],[-78.8197,52.7069],[-78.8197,52.7007],[-78.7624,52.696],[-78.7615,52.6838],[-78.7856,52.6591],[-78.756,52.6465],[-78.7242,52.6523],[-78.7099,52.625],[-78.7309,52.6175],[-78.69,52.5977],[-78.7103,52.5944],[-78.7651,52.5704],[-78.7099,52.5629],[-78.7173,52.5424],[-78.6677,52.556],[-78.649,52.5493],[-78.6528,52.5317],[-78.6327,52.5317],[-78.5863,52.5424],[-78.5631,52.5333],[-78.5454,52.5055],[-78.5665,52.4879],[-78.5215,52.4809],[-78.5136,52.458],[-78.5404,52.4494],[-78.5351,52.4307],[-78.5099,52.4214],[-78.5317,52.3953],[-78.5235,52.3768],[-78.4996,52.3558],[-78.5118,52.3302],[-78.5469,52.3044],[-78.5589,52.2888],[-78.5528,52.2681],[-78.5123,52.2776],[-78.4487,52.2724],[-78.4082,52.2482],[-78.4082,52.2408],[-78.49,52.2567],[-78.5467,52.2466],[-78.553,52.2364],[-78.5317,52.1998],[-78.559,52.1657],[-78.5733,52.1247],[-78.5913,52.1061],[-78.6553,52.0837],[-78.6348,52.0694],[-78.6693,52.0551],[-78.7099,52.0565],[-78.6974,52.0395],[-78.6962,52.0183],[-78.7197,52.014],[-78.7308,51.9874],[-78.7472,51.9769],[-78.8273,51.9579],[-78.8926,51.9468],[-78.8915,51.9321],[-78.8684,51.8903],[-78.8397,51.8683],[-78.8406,51.8423],[-78.8764,51.8149],[-78.9238,51.7982],[-78.9774,51.8026],[-79.015,51.7961],[-79.0388,51.7685],[-79.0194,51.7632],[-78.9917,51.7269],[-78.9364,51.7001],[-78.9425,51.6751],[-78.9293,51.6605],[-78.8675,51.6468],[-78.8408,51.617],[-78.7924,51.6108],[-78.8082,51.5956],[-78.8197,51.568],[-78.8227,51.5377],[-78.8129,51.5146],[-78.7823,51.5036],[-78.7131,51.5065],[-78.69,51.4873],[-78.7536,51.4862],[-78.7938,51.4745],[-78.8334,51.4327],[-78.8822,51.4033],[-78.8797,51.3745],[-78.8401,51.3629],[-78.8266,51.3501],[-78.8624,51.3442],[-78.9033,51.3044],[-78.9122,51.2892],[-78.9198,51.233],[-78.9143,51.2192],[-78.8829,51.2073],[-78.847,51.1645],[-78.9125,51.1825],[-78.9532,51.2192],[-78.9606,51.2579],[-78.935,51.2816],[-78.9525,51.3116],[-78.9706,51.3774],[-79.0053,51.419],[-79.0066,51.4558],[-79.0291,51.4799],[-79.0828,51.5067],[-79.1282,51.5425],[-79.1412,51.5425],[-79.1842,51.5257],[-79.2659,51.5278],[-79.2856,51.552],[-79.2811,51.5721],[-79.2445,51.6309],[-79.279,51.642],[-79.3232,51.667],[-79.346,51.6618],[-79.4681,51.5802],[-79.5164,51.5603],[-79.5602,51.5555],[-79.5297,51.5097],[-79.5191,51.4835],[-79.5208,51.4667],[-79.5208,51.2521],[-79.5208,50.9655],[-79.4979,50.934],[-79.464,50.9191],[-79.4093,50.8703],[-79.3692,50.8114],[-79.3396,50.7918],[-79.3343,50.7269],[-79.3529,50.7434],[-79.3584,50.7805],[-79.392,50.8051],[-79.423,50.8566],[-79.5208,50.9429]]],[[[-59.3506,50.6035],[-59.3355,50.616],[-59.3239,50.6103],[-59.3537,50.5643],[-59.3529,50.5375],[-59.3411,50.538],[-59.298,50.5641],[-59.296,50.5723],[-59.3375,50.6444],[-59.3594,50.656],[-59.3834,50.6388],[-59.3657,50.6059],[-59.3506,50.6035]]],[[[-58.3984,51.2545],[-58.4121,51.2818],[-58.4336,51.2762],[-58.5021,51.2751],[-58.5359,51.258],[-58.5629,51.2334],[-58.4742,51.2204],[-58.4557,51.225],[-58.3984,51.2545]]],[[[-69.102,59.1313],[-69.1143,59.1422],[-69.1519,59.1347],[-69.1659,59.1452],[-69.235,59.1531],[-69.2946,59.1518],[-69.3542,59.1406],[-69.3356,59.1143],[-69.2862,59.0698],[-69.3042,59.0419],[-69.3226,59.029],[-69.3226,59.0051],[-69.3635,58.9634],[-69.3436,58.9494],[-69.3221,58.9508],[-69.2946,58.984],[-69.2377,58.9542],[-69.2189,58.9634],[-69.2315,58.9807],[-69.2172,58.9945],[-69.178,59.0113],[-69.1468,59.038],[-69.0818,59.0614],[-69.102,59.0663],[-69.0613,59.0766],[-69.065,59.0947],[-69.102,59.1313]]],[[[-73.9952,45.3201],[-74.0436,45.3057],[-74.1211,45.3091],[-74.1626,45.2878],[-74.165,45.2697],[-74.1394,45.2512],[-74.081,45.2528],[-74.003,45.2687],[-73.9837,45.277],[-73.9289,45.3172],[-73.9206,45.3338],[-73.9833,45.3262],[-73.9952,45.3201]]],[[[-73.889,45.3967],[-73.9173,45.41],[-73.974,45.4155],[-73.9845,45.4064],[-73.9752,45.3913],[-73.9485,45.3697],[-73.9148,45.3662],[-73.8581,45.3889],[-73.889,45.3967]]],[[[-73.9318,45.4888],[-73.8993,45.5009],[-73.8851,45.5124],[-73.8963,45.5245],[-73.9338,45.513],[-73.9473,45.4982],[-73.9318,45.4888]]],[[[-73.8573,45.5494],[-73.8427,45.5458],[-73.7799,45.5471],[-73.7314,45.557],[-73.6846,45.5875],[-73.6365,45.6493],[-73.6129,45.6679],[-73.5729,45.6861],[-73.5648,45.6987],[-73.5854,45.7006],[-73.6383,45.6891],[-73.6662,45.6922],[-73.7178,45.6758],[-73.7589,45.6525],[-73.806,45.6131],[-73.8277,45.6012],[-73.8635,45.5679],[-73.8573,45.5494]]],[[[-73.4993,45.7099],[-73.6207,45.6383],[-73.668,45.5756],[-73.7167,45.5444],[-73.7802,45.5243],[-73.8437,45.5227],[-73.8707,45.4963],[-73.9736,45.4446],[-73.9586,45.431],[-73.9249,45.43],[-73.8504,45.4489],[-73.7948,45.4672],[-73.7169,45.4645],[-73.6192,45.4426],[-73.5887,45.4479],[-73.5679,45.4694],[-73.5414,45.4826],[-73.5406,45.5478],[-73.5267,45.5764],[-73.5069,45.5957],[-73.4996,45.6268],[-73.469,45.7056],[-73.4706,45.7133],[-73.4993,45.7099]]],[[[-70.8433,47.0332],[-70.8854,47.0266],[-70.9241,47.0032],[-70.9935,46.95],[-71.0851,46.9057],[-71.1247,46.877],[-71.114,46.8594],[-71.0718,46.8581],[-71.0312,46.8629],[-70.9525,46.8955],[-70.8913,46.9317],[-70.8619,46.946],[-70.8153,46.9991],[-70.8157,47.0236],[-70.8433,47.0332]]],[[[-61.671,47.5465],[-61.646,47.5529],[-61.6207,47.5682],[-61.5788,47.6018],[-61.5546,47.615],[-61.5266,47.6221],[-61.469,47.6223],[-61.4813,47.601],[-61.5023,47.5827],[-61.5515,47.5608],[-61.5338,47.5521],[-61.5011,47.5568],[-61.4695,47.5695],[-61.4485,47.6005],[-61.4001,47.616],[-61.3822,47.6367],[-61.3863,47.644],[-61.5059,47.6414],[-61.5621,47.6271],[-61.8393,47.4367],[-61.9012,47.4221],[-61.9413,47.4025],[-61.9486,47.3828],[-61.9495,47.3362],[-61.9897,47.2734],[-62.0171,47.2455],[-62.0106,47.2248],[-61.9888,47.2172],[-61.9382,47.2182],[-61.8749,47.2376],[-61.873,47.225],[-61.816,47.2283],[-61.793,47.2403],[-61.7843,47.266],[-61.8107,47.2443],[-61.8668,47.2499],[-61.8966,47.2652],[-61.9072,47.2797],[-61.9203,47.2601],[-61.941,47.2623],[-61.9656,47.283],[-61.9405,47.3266],[-61.9169,47.3487],[-61.8628,47.3554],[-61.8365,47.4014],[-61.8215,47.41],[-61.7782,47.4058],[-61.765,47.4111],[-61.7086,47.4857],[-61.6564,47.5307],[-61.6253,47.5493],[-61.5925,47.5608],[-61.6362,47.5571],[-61.6715,47.538],[-61.7854,47.4338],[-61.8222,47.4154],[-61.8594,47.4237],[-61.8357,47.4328],[-61.7908,47.4645],[-61.7435,47.4831],[-61.6991,47.5275],[-61.671,47.5465]]],[[[-64.3192,49.7912],[-64.3024,49.779],[-64.178,49.741],[-64.0588,49.7145],[-63.9252,49.6749],[-63.7642,49.602],[-63.6772,49.5417],[-63.6414,49.5135],[-63.6185,49.4838],[-63.6141,49.4486],[-63.5731,49.4049],[-63.5868,49.39],[-63.4621,49.3594],[-63.4038,49.3536],[-63.3636,49.3402],[-63.3342,49.3244],[-63.2777,49.3149],[-63.2124,49.2729],[-63.1647,49.2629],[-63.0933,49.2329],[-62.8845,49.1965],[-62.6818,49.1485],[-62.5063,49.1386],[-62.4169,49.112],[-62.3426,49.1022],[-62.3033,49.0798],[-62.2482,49.0679],[-62.13,49.0821],[-62.0506,49.0745],[-61.8821,49.0837],[-61.8116,49.069],[-61.7573,49.0969],[-61.707,49.0976],[-61.7024,49.123],[-61.6608,49.151],[-61.7086,49.1845],[-61.7495,49.2329],[-61.7768,49.2466],[-61.7905,49.2739],[-61.8265,49.295],[-61.8179,49.3081],[-61.8656,49.3376],[-61.8826,49.3545],[-61.9413,49.349],[-62.0181,49.3884],[-62.1331,49.3968],[-62.2043,49.4142],[-62.2641,49.4657],[-62.3113,49.4726],[-62.3392,49.4909],[-62.3859,49.4904],[-62.4416,49.5346],[-62.4541,49.5579],[-62.4757,49.5619],[-62.5342,49.6047],[-62.5897,49.6127],[-62.6173,49.6205],[-62.6876,49.653],[-62.7757,49.6692],[-62.8463,49.6984],[-62.893,49.6975],[-62.9388,49.7294],[-62.9621,49.7405],[-63.0449,49.7537],[-63.1241,49.7839],[-63.2086,49.7908],[-63.3747,49.8294],[-63.5128,49.8455],[-63.6053,49.8502],[-63.6981,49.8673],[-63.9447,49.8961],[-63.9919,49.9162],[-64.027,49.921],[-64.1328,49.9501],[-64.2137,49.9523],[-64.2691,49.9296],[-64.3509,49.9274],[-64.4513,49.9095],[-64.4905,49.8909],[-64.5106,49.8681],[-64.4706,49.8524],[-64.4475,49.8234],[-64.4247,49.8085],[-64.3744,49.7946],[-64.3887,49.8194],[-64.3672,49.8256],[-64.3354,49.8155],[-64.3192,49.7912]]],[[[-63.8847,50.1994],[-63.8561,50.2047],[-63.8575,50.2174],[-63.9015,50.254],[-63.9248,50.2397],[-63.927,50.2214],[-63.9123,50.206],[-63.8847,50.1994]]],[[[-70.3698,47.4268],[-70.411,47.4144],[-70.4336,47.3959],[-70.4357,47.377],[-70.4117,47.3702],[-70.3739,47.3839],[-70.3239,47.4274],[-70.3698,47.4268]]],[[[-68.8643,48.4076],[-68.8911,48.388],[-68.8447,48.396],[-68.8427,48.4159],[-68.8643,48.4076]]],[[[-58.8612,50.8331],[-58.8856,50.7943],[-58.8611,50.7796],[-58.8463,50.7894],[-58.8612,50.8331]]],[[[-58.4626,51.1763],[-58.547,51.1504],[-58.6212,51.0918],[-58.5815,51.08],[-58.5692,51.1007],[-58.4957,51.121],[-58.457,51.1407],[-58.4274,51.1671],[-58.4626,51.1763]]],[[[-58.3076,51.2523],[-58.3882,51.2389],[-58.4139,51.2222],[-58.411,51.2016],[-58.3629,51.2022],[-58.3263,51.2205],[-58.3071,51.2358],[-58.3076,51.2523]]],[[[-67.5583,58.411],[-67.5928,58.4222],[-67.6366,58.4022],[-67.6578,58.3641],[-67.6619,58.3272],[-67.6359,58.291],[-67.582,58.2785],[-67.5308,58.2969],[-67.5262,58.3471],[-67.5583,58.411]]],[[[-68.9955,59.0163],[-69.0612,59.0112],[-69.1113,58.971],[-69.1203,58.9573],[-69.0156,58.9724],[-68.9746,58.9896],[-68.9955,59.0163]]],[[[-69.9219,61.0131],[-69.9234,61.0316],[-69.9567,61.035],[-70.0119,60.9968],[-70.0008,60.9691],[-70.0039,60.9351],[-69.9776,60.9299],[-69.9721,60.953],[-69.9497,60.9657],[-69.95,60.9859],[-69.9111,60.9999],[-69.9219,61.0131]]],[[[-71.561,61.3334],[-71.5856,61.3239],[-71.5864,61.302],[-71.5569,61.2958],[-71.4865,61.3019],[-71.4878,61.3371],[-71.561,61.3334]]],[[[-72.0914,61.8947],[-72.113,61.9046],[-72.1308,61.889],[-72.1059,61.8707],[-72.0589,61.8505],[-71.9734,61.8589],[-71.9939,61.8707],[-72.0914,61.8947]]],[[[-72.4121,62.0391],[-72.4624,62.0367],[-72.4406,62.0268],[-72.3524,62.0003],[-72.3281,62.016],[-72.4121,62.0391]]]]},"properties":{"name":"Québec","name_en":"Quebec","name_ja":"ケベック州","name_zh":"魁北克","name_ko":"퀘벡","adm0_a3":"CAN","postal":"QC","iso_3166_2":"CA-QC","type_en":"Province","region":"Eastern Canada","geonunit":"Canada"}},
{"type":"Feature","geometry":{"type":"MultiPolygon","coordinates":[[[[-69.0636,47.2908],[-69.0575,47.2695],[-69.0402,47.2491],[-68.9062,47.1902],[-68.8897,47.1906],[-68.7618,47.237],[-68.7178,47.2452],[-68.6442,47.2453],[-68.5852,47.2825],[-68.5397,47.2999],[-68.492,47.3076],[-68.4667,47.3057],[-68.4353,47.2913],[-68.3856,47.3017],[-68.382,47.3278],[-68.3478,47.3585],[-68.2997,47.3678],[-68.2464,47.3606],[-68.197,47.3414],[-68.1561,47.3067],[-68.1014,47.2862],[-68.0394,47.2452],[-67.9932,47.2232],[-67.9624,47.1977],[-67.9434,47.1645],[-67.8991,47.1388],[-67.8706,47.1074],[-67.8136,47.0819],[-67.8052,47.0356],[-67.8,46.7668],[-67.7948,46.4979],[-67.7897,46.229],[-67.7846,45.9601],[-67.7597,45.9286],[-67.7694,45.904],[-67.7992,45.8757],[-67.7728,45.8281],[-67.8063,45.7818],[-67.8111,45.7665],[-67.807,45.7129],[-67.8001,45.6998],[-67.748,45.6778],[-67.7355,45.6908],[-67.7174,45.6854],[-67.7048,45.6642],[-67.6603,45.6374],[-67.6075,45.6201],[-67.5519,45.6104],[-67.45,45.6108],[-67.4313,45.5979],[-67.4221,45.5688],[-67.4262,45.5334],[-67.4932,45.4931],[-67.4823,45.4555],[-67.4288,45.3871],[-67.4346,45.3503],[-67.4591,45.3184],[-67.475,45.2824],[-67.4713,45.2663],[-67.4276,45.2366],[-67.3905,45.1931],[-67.3563,45.1659],[-67.3192,45.1539],[-67.2846,45.1697],[-67.2772,45.1951],[-67.2673,45.2025],[-67.2424,45.2026],[-67.176,45.1787],[-67.1877,45.2014],[-67.1903,45.2332],[-67.168,45.2226],[-67.163,45.1985],[-67.1492,45.2055],[-67.1363,45.1965],[-67.1341,45.1651],[-67.1248,45.1438],[-67.0864,45.0976],[-67.0657,45.0825],[-67.0401,45.0756],[-67.0495,45.0964],[-67.0401,45.1438],[-67.0211,45.1684],[-66.9857,45.1588],[-66.9814,45.171],[-66.957,45.1891],[-66.9435,45.1898],[-66.916,45.1547],[-66.8697,45.1439],[-66.8479,45.1283],[-66.8994,45.1208],[-66.911,45.1139],[-66.9087,45.0987],[-66.8889,45.0607],[-66.8721,45.0656],[-66.8417,45.0873],[-66.8034,45.0934],[-66.8001,45.1078],[-66.7808,45.0968],[-66.797,45.0658],[-66.7895,45.0594],[-66.7458,45.0645],[-66.7311,45.0748],[-66.725,45.0936],[-66.7181,45.0799],[-66.6925,45.0746],[-66.6601,45.0846],[-66.55,45.1403],[-66.5199,45.1439],[-66.491,45.1556],[-66.4603,45.1147],[-66.4643,45.0836],[-66.4542,45.0771],[-66.4288,45.0837],[-66.3929,45.1112],[-66.358,45.1166],[-66.3428,45.1444],[-66.2838,45.15],[-66.2589,45.1618],[-66.2486,45.1853],[-66.2705,45.1898],[-66.3277,45.1898],[-66.31,45.2048],[-66.2798,45.2086],[-66.2316,45.1966],[-66.2021,45.1595],[-66.1894,45.1778],[-66.1422,45.2028],[-66.141,45.2181],[-66.116,45.2367],[-66.0602,45.258],[-66.0709,45.2745],[-66.1285,45.2791],[-66.1664,45.2973],[-66.1968,45.3338],[-66.1854,45.3441],[-66.1217,45.3611],[-66.1006,45.3541],[-66.0584,45.4227],[-66.0204,45.4493],[-66.0098,45.4643],[-65.9988,45.4396],[-66.0019,45.3986],[-66.0336,45.3704],[-66.136,45.3126],[-66.0396,45.2851],[-66.0186,45.2716],[-65.9956,45.2303],[-65.9094,45.2103],[-65.8883,45.2139],[-65.8529,45.233],[-65.8266,45.2417],[-65.8041,45.2601],[-65.7825,45.2619],[-65.7523,45.2444],[-65.733,45.2533],[-65.6975,45.2852],[-65.6607,45.2945],[-65.6288,45.3126],[-65.545,45.3296],[-65.5194,45.3646],[-65.4892,45.3716],[-65.3151,45.4592],[-65.1843,45.5104],[-65.0352,45.5504],[-64.9945,45.5591],[-64.943,45.6081],[-64.9048,45.6282],[-64.8828,45.6336],[-64.8176,45.6374],[-64.7952,45.6273],[-64.7848,45.6132],[-64.7563,45.6278],[-64.7292,45.6733],[-64.7078,45.689],[-64.6898,45.7242],[-64.6413,45.7242],[-64.6761,45.7515],[-64.6465,45.7777],[-64.6132,45.8004],[-64.5854,45.8259],[-64.5724,45.8607],[-64.5787,45.8727],[-64.6134,45.9022],[-64.6354,45.9452],[-64.6566,45.9529],[-64.6686,45.9706],[-64.6932,45.9883],[-64.708,46.008],[-64.6966,46.0326],[-64.7103,46.0496],[-64.7649,46.0873],[-64.7487,46.0899],[-64.7261,46.0791],[-64.6898,46.0463],[-64.6788,45.991],[-64.6298,45.9545],[-64.5724,45.8856],[-64.5484,45.8836],[-64.5315,45.9022],[-64.5362,45.8615],[-64.5315,45.847],[-64.4905,45.8167],[-64.5085,45.7662],[-64.5263,45.7425],[-64.5458,45.7316],[-64.5139,45.7206],[-64.4809,45.7279],[-64.4642,45.7728],[-64.4195,45.7912],[-64.369,45.8467],[-64.3397,45.8607],[-64.3591,45.8681],[-64.3615,45.8851],[-64.3472,45.8887],[-64.3216,45.8778],[-64.2734,45.8357],[-64.2447,45.8813],[-64.1985,45.9157],[-64.1751,45.95],[-64.1595,45.9638],[-64.1197,45.9764],[-64.0733,45.9732],[-64.0513,45.9768],[-64.0427,45.992],[-64.0933,46.0326],[-64.0797,46.0365],[-64.0727,46.06],[-64.0638,46.0618],[-63.9056,46.058],[-63.8854,46.0657],[-63.8605,46.0873],[-63.7918,46.0995],[-63.7711,46.1152],[-63.8131,46.1403],[-63.8943,46.1566],[-63.9463,46.1788],[-64.0226,46.1853],[-64.0497,46.1789],[-64.0827,46.1593],[-64.1109,46.1868],[-64.1274,46.1698],[-64.1513,46.1663],[-64.1691,46.1835],[-64.1627,46.1951],[-64.185,46.2102],[-64.2533,46.2344],[-64.3472,46.2313],[-64.3704,46.2237],[-64.4054,46.2381],[-64.514,46.2394],[-64.5594,46.2238],[-64.5636,46.2797],[-64.5553,46.2986],[-64.5284,46.3057],[-64.5234,46.3216],[-64.5365,46.3515],[-64.5585,46.3691],[-64.5799,46.348],[-64.5749,46.3387],[-64.6277,46.3336],[-64.6572,46.321],[-64.6726,46.3274],[-64.704,46.3275],[-64.6455,46.3404],[-64.6277,46.3542],[-64.6146,46.3822],[-64.6134,46.4193],[-64.6362,46.4508],[-64.6686,46.4709],[-64.6898,46.464],[-64.7111,46.4805],[-64.6777,46.5006],[-64.6903,46.5386],[-64.7174,46.556],[-64.7198,46.5763],[-64.7054,46.6518],[-64.7136,46.6872],[-64.7322,46.6988],[-64.7579,46.6903],[-64.7512,46.6701],[-64.8019,46.6956],[-64.8327,46.6994],[-64.8542,46.6763],[-64.8519,46.7008],[-64.8394,46.7169],[-64.8189,46.7248],[-64.7921,46.7247],[-64.8443,46.7632],[-64.8649,46.7832],[-64.8949,46.8321],[-64.9044,46.8588],[-64.9058,46.8869],[-64.8952,46.9165],[-64.8527,46.9627],[-64.8065,46.9854],[-64.8076,47.0152],[-64.8255,47.0635],[-64.7996,47.0816],[-64.8254,47.0891],[-64.9086,47.0928],[-64.9368,47.0878],[-64.9652,47.0631],[-64.9983,47.0651],[-65.015,47.0885],[-65.0323,47.0946],[-65.0631,47.0906],[-65.149,47.0537],[-65.2065,47.0468],[-65.2132,47.0521],[-65.203,47.0946],[-65.2448,47.0819],[-65.2843,47.0809],[-65.3675,47.0878],[-65.3675,47.0946],[-65.3315,47.1006],[-65.1225,47.2027],[-65.0985,47.2364],[-65.0613,47.2519],[-65.043,47.2752],[-65.0199,47.2824],[-64.974,47.2864],[-64.9596,47.2943],[-64.9604,47.3448],[-64.9279,47.3934],[-64.9088,47.4025],[-64.9088,47.3553],[-64.8932,47.4219],[-64.8678,47.4857],[-64.9152,47.4648],[-64.9245,47.4675],[-64.8896,47.4997],[-64.8741,47.5198],[-64.9088,47.5198],[-64.8971,47.5371],[-64.8922,47.5615],[-64.8678,47.5744],[-64.8288,47.6059],[-64.7996,47.6427],[-64.8118,47.6533],[-64.7996,47.6638],[-64.8126,47.6775],[-64.7576,47.6864],[-64.7394,47.7014],[-64.6686,47.7321],[-64.7308,47.7656],[-64.753,47.7573],[-64.7608,47.7455],[-64.7577,47.7149],[-64.7785,47.711],[-64.786,47.739],[-64.8026,47.746],[-64.842,47.7481],[-64.8605,47.7594],[-64.8094,47.7614],[-64.7897,47.7713],[-64.786,47.7936],[-64.8,47.8093],[-64.8263,47.8155],[-64.9061,47.8107],[-64.9902,47.7906],[-65.0734,47.7799],[-65.0546,47.803],[-64.9778,47.842],[-65.0257,47.8496],[-65.2093,47.8197],[-65.285,47.7817],[-65.3636,47.762],[-65.4374,47.7062],[-65.4774,47.6837],[-65.499,47.6793],[-65.5668,47.6775],[-65.5911,47.6692],[-65.6357,47.6223],[-65.6671,47.6453],[-65.6692,47.6564],[-65.6288,47.6706],[-65.6636,47.6955],[-65.6897,47.7247],[-65.7412,47.8486],[-65.7722,47.8829],[-65.8179,47.9074],[-65.8661,47.9169],[-65.9709,47.9239],[-66.1769,47.9791],[-66.2159,47.9932],[-66.2384,47.9852],[-66.262,48.0058],[-66.319,48.0111],[-66.3451,48.0214],[-66.3619,48.0406],[-66.3553,48.0693],[-66.3859,48.0751],[-66.5576,48.0382],[-66.6135,48.0109],[-66.6858,48.0076],[-66.7315,47.9865],[-66.843,47.9968],[-66.8942,47.9921],[-66.9385,47.9678],[-66.9494,47.9486],[-66.9392,47.9171],[-66.9419,47.9023],[-66.9616,47.8945],[-66.9874,47.9034],[-67.0296,47.927],[-67.0731,47.9266],[-67.1138,47.9134],[-67.1441,47.8964],[-67.1733,47.8875],[-67.2029,47.8853],[-67.2342,47.8937],[-67.2727,47.8909],[-67.3199,47.8961],[-67.3336,47.8889],[-67.3509,47.8496],[-67.3637,47.8393],[-67.3913,47.8499],[-67.4071,47.8771],[-67.4545,47.8933],[-67.4971,47.9119],[-67.5439,47.9257],[-67.606,47.9381],[-67.6128,47.9975],[-68.1135,47.9975],[-68.1135,47.9283],[-68.3779,47.9283],[-68.3779,47.6081],[-68.3868,47.5583],[-68.4081,47.5363],[-68.465,47.501],[-68.5527,47.4369],[-68.5838,47.4222],[-68.7646,47.3626],[-68.8364,47.3438],[-68.9833,47.3152],[-69.0636,47.2908]]],[[[-66.901,44.8894],[-66.8919,44.9219],[-66.9036,44.9337],[-66.9049,44.9558],[-66.9336,44.9415],[-66.9544,44.8998],[-66.9583,44.8777],[-66.9818,44.8725],[-66.9752,44.8607],[-66.9388,44.8386],[-66.9193,44.8373],[-66.931,44.8699],[-66.901,44.8894]]],[[[-66.9635,44.961],[-66.9479,44.9831],[-66.9388,45.0248],[-66.9544,45.0274],[-66.9739,45.0183],[-67.0169,44.9792],[-67.0052,44.948],[-66.9857,44.9258],[-66.9635,44.961]]],[[[-66.8615,44.7268],[-66.8658,44.7112],[-66.8846,44.6889],[-66.906,44.6062],[-66.8761,44.6063],[-66.867,44.6298],[-66.8391,44.6504],[-66.8099,44.6518],[-66.7833,44.6612],[-66.7541,44.6573],[-66.7328,44.6411],[-66.7283,44.623],[-66.709,44.6137],[-66.6904,44.62],[-66.6918,44.643],[-66.7211,44.6628],[-66.7386,44.7106],[-66.7615,44.7545],[-66.7529,44.7639],[-66.7355,44.7591],[-66.7432,44.782],[-66.7568,44.7776],[-66.7695,44.7957],[-66.7913,44.7991],[-66.8258,44.7876],[-66.8511,44.7547],[-66.8615,44.7268]]],[[[-64.5047,47.8898],[-64.5201,47.8736],[-64.5799,47.8625],[-64.568,47.883],[-64.5955,47.8855],[-64.6587,47.8755],[-64.6805,47.8614],[-64.6966,47.842],[-64.6966,47.821],[-64.6686,47.8209],[-64.6898,47.7936],[-64.6542,47.8019],[-64.655,47.7829],[-64.6966,47.7594],[-64.6542,47.7471],[-64.6488,47.7321],[-64.5935,47.7654],[-64.5389,47.8072],[-64.509,47.8446],[-64.4989,47.8928],[-64.4774,47.9444],[-64.512,47.9025],[-64.5047,47.8898]]],[[[-64.5458,47.9717],[-64.5941,47.9144],[-64.5904,47.9035],[-64.5683,47.907],[-64.5078,47.9283],[-64.4874,47.9412],[-64.4724,47.9634],[-64.4843,48.0201],[-64.5108,48.0336],[-64.5258,48.0207],[-64.5458,47.9717]]]]},"properties":{"name":"New Brunswick","name_en":"New Brunswick","name_ja":"ニュー・ブランズウィック州","name_zh":"新不伦瑞克","name_ko":"뉴브런즈윅","adm0_a3":"CAN","postal":"NB","iso_3166_2":"CA-NB","type_en":"Province","region":"Eastern Canada","geonunit":"Canada"}},
{"type":"Feature","geometry":{"type":"MultiPolygon","coordinates":[[[[-136.4449,68.9099],[-136.5006,68.9159],[-136.54,68.9069],[-136.5257,68.8933],[-136.6015,68.8995],[-136.663,68.8758],[-136.7455,68.879],[-136.8011,68.8891],[-136.9053,68.9207],[-136.9618,68.9274],[-136.9925,68.9479],[-137.0608,68.9547],[-137.1912,68.9479],[-137.2237,68.9509],[-137.3004,68.9752],[-137.4313,68.9957],[-137.3829,69.0031],[-137.4247,69.0142],[-137.5182,69.0168],[-138.0955,69.1401],[-138.2272,69.1833],[-138.3124,69.2295],[-138.3393,69.2585],[-138.357,69.3047],[-138.3904,69.309],[-138.4183,69.2546],[-138.4449,69.2353],[-138.4847,69.2365],[-138.5275,69.2495],[-138.507,69.2563],[-138.5616,69.2563],[-138.6026,69.2427],[-138.6367,69.2837],[-138.7246,69.3304],[-138.7665,69.3591],[-138.9557,69.4066],[-139.0303,69.4422],[-139.1094,69.499],[-139.1438,69.5137],[-139.295,69.517],[-139.3635,69.5443],[-139.7006,69.5744],[-139.7475,69.5854],[-139.7746,69.6002],[-139.7127,69.5878],[-139.61,69.583],[-139.918,69.6213],[-140.1527,69.6188],[-140.2227,69.5991],[-140.4051,69.6015],[-140.6435,69.6164],[-140.8192,69.6381],[-140.837,69.6263],[-140.873,69.6254],[-140.8985,69.6406],[-140.9898,69.6457],[-141.0056,69.6509],[-141.0055,69.5052],[-141.0053,69.2136],[-141.0052,68.922],[-141.0051,68.6305],[-141.0049,68.339],[-141.0048,68.0474],[-141.0047,67.7558],[-141.0045,67.4643],[-141.0044,67.1727],[-141.0042,66.8811],[-141.0042,66.5896],[-141.0041,66.4438],[-141.0039,66.1523],[-141.0038,65.8607],[-141.0036,65.5692],[-141.0035,65.2776],[-141.0034,64.986],[-141.0032,64.6945],[-141.0031,64.5487],[-141.0031,64.2571],[-141.0029,63.9655],[-141.0028,63.6741],[-141.0026,63.3825],[-141.0025,63.0909],[-141.0024,62.9451],[-141.0023,62.6536],[-141.0022,62.5078],[-141.0021,62.2162],[-141.002,61.9246],[-141.0018,61.6331],[-141.0017,61.4873],[-141.0016,61.1958],[-141.0015,61.05],[-141.0014,60.7584],[-141.0012,60.4669],[-141.0012,60.3211],[-140.9796,60.2958],[-140.5337,60.2185],[-140.5187,60.2239],[-140.4628,60.2891],[-140.4241,60.2932],[-140.0158,60.1874],[-139.9678,60.1884],[-139.9169,60.2079],[-139.7284,60.309],[-139.6798,60.3268],[-139.6283,60.3341],[-139.1016,60.3466],[-139.0795,60.341],[-139.0687,60.3221],[-139.0732,60.2998],[-139.1832,60.1002],[-139.1821,60.0734],[-139.0602,60.0001],[-138.5755,60.0001],[-138.0995,60.0001],[-137.6235,60.0001],[-137.1475,60.0001],[-136.6715,60.0001],[-136.1955,60.0001],[-135.7194,60.0001],[-135.2434,60.0001],[-134.7674,60.0001],[-134.2914,60.0001],[-133.8154,60.0001],[-133.3394,60.0001],[-132.8634,60.0001],[-132.3874,60.0001],[-131.9113,60.0001],[-131.4354,60.0001],[-130.9593,60.0001],[-130.4833,60.0001],[-130.0073,60.0001],[-129.5313,60.0001],[-129.0553,60.0001],[-128.5793,60.0001],[-128.1033,60.0001],[-127.6272,60.0001],[-127.1512,60.0001],[-126.6752,60.0001],[-126.1992,60.0001],[-125.7231,60.0001],[-125.2472,60.0001],[-124.7712,60.0001],[-124.2951,60.0001],[-123.8191,60.0001],[-123.8379,60.025],[-123.865,60.0383],[-123.8958,60.0404],[-123.9542,60.0229],[-123.9945,60.0163],[-124.0256,60.0199],[-124.0259,60.042],[-123.9841,60.0834],[-123.9808,60.0985],[-124.0222,60.161],[-124.0839,60.2004],[-124.1179,60.2367],[-124.1454,60.279],[-124.1957,60.3301],[-124.2132,60.3737],[-124.2063,60.4311],[-124.2162,60.4613],[-124.245,60.4778],[-124.2824,60.4836],[-124.3422,60.4796],[-124.4164,60.4793],[-124.4446,60.5538],[-124.4733,60.5801],[-124.5179,60.6027],[-124.5791,60.6401],[-124.6197,60.6821],[-124.6027,60.7183],[-124.5356,60.7449],[-124.5042,60.7617],[-124.4787,60.7879],[-124.4833,60.8003],[-124.5341,60.8546],[-124.5462,60.8972],[-124.5665,60.939],[-124.5986,60.9645],[-124.6637,60.9539],[-124.7141,60.9584],[-124.7617,60.9557],[-124.8058,60.9682],[-124.8282,60.9612],[-124.8687,60.9262],[-124.8758,60.9043],[-124.869,60.8634],[-124.8919,60.8551],[-125.0214,60.86],[-125.094,60.8509],[-125.1583,60.8523],[-125.1956,60.8436],[-125.2408,60.817],[-125.3218,60.7879],[-125.3642,60.782],[-125.4079,60.7863],[-125.5466,60.8222],[-125.5925,60.8267],[-125.6762,60.8277],[-125.7154,60.834],[-125.7553,60.8492],[-125.826,60.8831],[-125.864,60.894],[-125.9014,60.8947],[-125.9384,60.8847],[-125.9613,60.8685],[-125.9921,60.812],[-126.0142,60.8035],[-126.0543,60.8057],[-126.0938,60.8147],[-126.1141,60.8265],[-126.1074,60.859],[-126.1444,60.8669],[-126.2207,60.8625],[-126.2441,60.8456],[-126.2198,60.8219],[-126.2215,60.806],[-126.2455,60.7885],[-126.2885,60.7797],[-126.3896,60.777],[-126.4346,60.7841],[-126.5103,60.8145],[-126.5433,60.8117],[-126.5728,60.7994],[-126.6596,60.7497],[-126.6936,60.7481],[-126.7367,60.7758],[-126.7879,60.7824],[-126.8339,60.7549],[-126.8845,60.7819],[-126.8947,60.8073],[-126.8809,60.833],[-126.9162,60.8523],[-126.9198,60.9141],[-126.901,60.9387],[-126.9344,61.0005],[-126.9346,61.0522],[-126.9459,61.0648],[-126.9909,61.0658],[-127.0483,61.0451],[-127.068,61.0454],[-127.1,61.0707],[-127.0928,61.0901],[-127.0443,61.1034],[-127.0122,61.127],[-127.0307,61.1535],[-127.0072,61.1877],[-127.0284,61.2649],[-127.0455,61.3017],[-127.0657,61.3241],[-127.0616,61.3604],[-127.0738,61.3791],[-127.1077,61.3887],[-127.1262,61.4077],[-127.1305,61.4426],[-127.1457,61.4652],[-127.2213,61.4876],[-127.281,61.5161],[-127.3127,61.5216],[-127.3881,61.5065],[-127.4327,61.5056],[-127.5348,61.5102],[-127.5914,61.5344],[-127.6567,61.5451],[-127.6762,61.557],[-127.7026,61.5897],[-127.7723,61.6012],[-127.8396,61.6269],[-127.9132,61.6789],[-127.9728,61.6887],[-128.0057,61.7264],[-128.0033,61.7648],[-128.0177,61.7853],[-128.0674,61.836],[-128.1061,61.8592],[-128.1363,61.8583],[-128.1988,61.8463],[-128.2247,61.8584],[-128.2466,61.9184],[-128.2863,61.9532],[-128.3294,61.9748],[-128.3813,61.9902],[-128.3911,61.999],[-128.3798,62.0214],[-128.3968,62.0413],[-128.4649,62.0631],[-128.5175,62.0917],[-128.5466,62.1218],[-128.6455,62.1239],[-128.685,62.1203],[-128.7236,62.1054],[-128.7625,62.0608],[-128.7791,62.0569],[-128.8485,62.0687],[-128.8767,62.1137],[-128.9273,62.1163],[-128.9966,62.1362],[-129.0708,62.1317],[-129.13,62.1161],[-129.1538,62.1211],[-129.2388,62.1518],[-129.2876,62.1534],[-129.2831,62.1729],[-129.2161,62.1959],[-129.2042,62.2158],[-129.2322,62.2251],[-129.2529,62.2506],[-129.2772,62.2652],[-129.2878,62.2937],[-129.3094,62.3212],[-129.2977,62.3393],[-129.2707,62.3558],[-129.2158,62.3776],[-129.2824,62.3974],[-129.3047,62.423],[-129.2826,62.4305],[-129.2695,62.4573],[-129.1995,62.4625],[-129.1716,62.4791],[-129.1969,62.5072],[-129.2454,62.5236],[-129.3342,62.5368],[-129.3645,62.5476],[-129.4189,62.5806],[-129.4515,62.5904],[-129.5141,62.5719],[-129.552,62.5664],[-129.5689,62.5801],[-129.5538,62.593],[-129.4955,62.6077],[-129.4939,62.6284],[-129.5177,62.639],[-129.523,62.6766],[-129.5519,62.684],[-129.5811,62.703],[-129.6242,62.7054],[-129.6258,62.7281],[-129.6483,62.7492],[-129.633,62.7559],[-129.6688,62.7853],[-129.7045,62.824],[-129.7645,62.8516],[-129.7733,62.8686],[-129.7652,62.8853],[-129.7024,62.8923],[-129.721,62.9093],[-129.7067,62.9498],[-129.6711,62.9756],[-129.6638,63.0026],[-129.5997,63.0467],[-129.6138,63.0722],[-129.6561,63.0758],[-129.7365,63.0639],[-129.8111,63.087],[-129.8447,63.0913],[-129.8352,63.1148],[-129.8526,63.1253],[-129.8919,63.1834],[-129.9177,63.204],[-129.9774,63.207],[-130.0344,63.2615],[-130.058,63.2695],[-130.1337,63.262],[-130.1501,63.2681],[-130.1294,63.3165],[-130.0657,63.3406],[-129.9713,63.3532],[-129.9189,63.3733],[-129.905,63.3957],[-129.9144,63.426],[-129.8944,63.4548],[-129.8228,63.4779],[-129.8872,63.5634],[-129.9554,63.5833],[-129.9558,63.6173],[-129.975,63.6251],[-130.0545,63.6251],[-130.0886,63.6294],[-130.0855,63.6482],[-130.1056,63.6613],[-130.0858,63.6879],[-130.1286,63.7026],[-130.2224,63.6699],[-130.2682,63.6708],[-130.276,63.6841],[-130.3081,63.6939],[-130.3152,63.7151],[-130.2788,63.737],[-130.2134,63.7439],[-130.1988,63.7588],[-130.1321,63.7575],[-130.098,63.7823],[-130.1281,63.8105],[-130.1831,63.8002],[-130.2221,63.8054],[-130.3625,63.8415],[-130.3989,63.8595],[-130.4333,63.8901],[-130.5441,63.9342],[-130.5685,63.924],[-130.6148,63.9414],[-130.6965,63.9596],[-130.7399,63.9734],[-130.7694,63.9951],[-130.7754,64.0106],[-130.7508,64.0353],[-130.774,64.0518],[-130.8114,64.0511],[-130.8626,64.0419],[-130.8566,64.0667],[-130.8696,64.0848],[-130.9278,64.1132],[-130.942,64.1289],[-130.9405,64.15],[-130.8727,64.1905],[-130.9335,64.2084],[-130.9753,64.2644],[-131.0605,64.2795],[-131.0132,64.3118],[-131.0035,64.3252],[-131.0619,64.3527],[-131.0677,64.3756],[-131.1456,64.4241],[-131.2527,64.4331],[-131.3319,64.4509],[-131.3845,64.4679],[-131.4112,64.4565],[-131.4266,64.4159],[-131.4803,64.4073],[-131.5185,64.3871],[-131.5494,64.3896],[-131.5989,64.3689],[-131.6194,64.3687],[-131.6822,64.3923],[-131.7281,64.3905],[-131.8186,64.3775],[-131.8261,64.387],[-131.8058,64.4266],[-131.7716,64.4572],[-131.7118,64.4899],[-131.6817,64.5212],[-131.7369,64.547],[-131.7751,64.5529],[-131.8487,64.5558],[-131.9495,64.6044],[-131.9753,64.6348],[-132.0157,64.6589],[-132.0538,64.6964],[-132.1587,64.7059],[-132.1997,64.7183],[-132.2806,64.7578],[-132.3206,64.7686],[-132.4228,64.7762],[-132.4828,64.7843],[-132.5355,64.7708],[-132.5691,64.775],[-132.5886,64.802],[-132.62,64.8222],[-132.5802,64.8488],[-132.5026,64.8647],[-132.4812,64.8799],[-132.4825,64.905],[-132.5134,64.9434],[-132.4921,64.973],[-132.433,64.9824],[-132.4088,65.0142],[-132.3471,65.0207],[-132.3344,65.0315],[-132.3539,65.069],[-132.39,65.085],[-132.4548,65.0812],[-132.5269,65.0914],[-132.5529,65.1031],[-132.5266,65.1574],[-132.5353,65.169],[-132.5908,65.1912],[-132.6265,65.1721],[-132.6788,65.1711],[-132.6936,65.1557],[-132.7158,65.1564],[-132.7715,65.1751],[-132.7877,65.1879],[-132.7252,65.1912],[-132.7202,65.2088],[-132.7691,65.2167],[-132.7711,65.2295],[-132.7134,65.2286],[-132.6467,65.2743],[-132.5545,65.2841],[-132.5534,65.327],[-132.5299,65.3525],[-132.4966,65.3719],[-132.418,65.4048],[-132.3743,65.417],[-132.3569,65.4359],[-132.3221,65.4398],[-132.3108,65.4829],[-132.2754,65.5228],[-132.2761,65.5447],[-132.2304,65.5596],[-132.1822,65.5835],[-132.1756,65.6037],[-132.2053,65.6303],[-132.2197,65.6587],[-132.2783,65.6898],[-132.2941,65.7195],[-132.3707,65.7715],[-132.4578,65.8075],[-132.5371,65.8268],[-132.5694,65.8441],[-132.5645,65.8672],[-132.5134,65.9029],[-132.3893,65.9336],[-132.3467,65.9409],[-132.332,65.9556],[-132.3506,65.9884],[-132.3911,65.9966],[-132.4819,65.9771],[-132.5202,65.9879],[-132.5335,66.0129],[-132.5615,66.0293],[-132.6246,66.0288],[-132.6667,66.0171],[-132.7268,65.9815],[-132.7814,65.9689],[-132.8022,65.9523],[-132.8067,65.9281],[-132.858,65.9115],[-132.9355,65.9074],[-132.9939,65.9231],[-132.9189,65.9797],[-132.9072,66.0031],[-132.9204,66.0255],[-132.9554,66.0297],[-133.0286,66.0235],[-133.1274,66.0233],[-133.2243,66.0052],[-133.2817,65.9863],[-133.3403,65.9841],[-133.3522,65.9632],[-133.3876,65.947],[-133.4246,65.9443],[-133.5001,65.9567],[-133.5753,65.9556],[-133.6118,65.9619],[-133.6313,65.9854],[-133.6084,66.0499],[-133.6954,66.0613],[-133.7047,66.072],[-133.6895,66.0996],[-133.6641,66.1204],[-133.5979,66.1391],[-133.5672,66.1538],[-133.558,66.18],[-133.5766,66.2212],[-133.5643,66.2606],[-133.5843,66.2928],[-133.6335,66.3032],[-133.7612,66.2967],[-133.7989,66.2985],[-133.8191,66.3102],[-133.7659,66.3822],[-133.7597,66.4371],[-133.7323,66.453],[-133.6515,66.4356],[-133.6294,66.4453],[-133.6368,66.462],[-133.6832,66.4978],[-133.6925,66.5198],[-133.6734,66.5358],[-133.6006,66.5593],[-133.6106,66.579],[-133.6933,66.5978],[-133.7097,66.6256],[-133.7598,66.6404],[-133.7819,66.6566],[-133.7552,66.6801],[-133.7719,66.6957],[-133.8342,66.7258],[-133.8314,66.7401],[-133.7795,66.7646],[-133.7633,66.7986],[-133.77,66.8089],[-133.8184,66.8303],[-133.8419,66.8625],[-133.883,66.8791],[-133.8916,66.8956],[-133.9249,66.9124],[-134.0723,66.9443],[-134.0912,66.9638],[-134.0636,66.9812],[-134.0301,66.9866],[-133.9275,66.9826],[-133.873,66.9864],[-133.8311,67.0034],[-134.2062,67.0035],[-134.6495,67.0035],[-135.0003,67.0036],[-135.554,67.0036],[-136.1622,67.0037],[-136.1858,67.0359],[-136.2216,67.0644],[-136.2229,67.1183],[-136.2035,67.146],[-136.2343,67.166],[-136.2304,67.1875],[-136.1382,67.2246],[-136.1202,67.2759],[-136.0952,67.2972],[-136.138,67.3596],[-136.1161,67.3773],[-136.2009,67.4081],[-136.1813,67.4454],[-136.1738,67.4934],[-136.1573,67.5042],[-136.1769,67.5173],[-136.1894,67.5642],[-136.2218,67.602],[-136.2751,67.6325],[-136.4053,67.65],[-136.4269,67.663],[-136.4249,67.6937],[-136.4448,67.7256],[-136.4433,67.7856],[-136.4453,68.0493],[-136.4438,68.2359],[-136.4438,68.5314],[-136.4449,68.9099]]],[[[-139.1134,69.6542],[-139.1649,69.6479],[-139.2184,69.6316],[-139.3158,69.5854],[-139.3356,69.5717],[-139.3036,69.572],[-139.2602,69.5854],[-139.2338,69.5642],[-139.1727,69.5415],[-139.1103,69.5369],[-139.0277,69.5854],[-138.9873,69.5861],[-138.9054,69.5783],[-138.8701,69.5921],[-138.8918,69.6063],[-138.9521,69.6238],[-139.0125,69.6306],[-139.1134,69.6542]]]]},"properties":{"name":"Yukon","name_en":"Yukon","name_ja":"ユーコン準州","name_zh":"育空","name_ko":"유콘 준","adm0_a3":"CAN","postal":"YT","iso_3166_2":"CA-YT","type_en":"Territory","region":"Northern Canada","geonunit":"Canada"}},
{"type":"Feature","geometry":{"type":"MultiPolygon","coordinates":[[[[-94.8031,60.0001],[-94.8009,60.0105],[-94.759,60.0193],[-94.7733,60.0255],[-94.759,60.0466],[-94.7733,60.0528],[-94.7599,60.0685],[-94.7186,60.079],[-94.7029,60.1057],[-94.7145,60.1539],[-94.6976,60.1627],[-94.6816,60.1972],[-94.6907,60.2383],[-94.7118,60.2657],[-94.6759,60.3087],[-94.6435,60.337],[-94.6156,60.3923],[-94.6299,60.4199],[-94.6802,60.4746],[-94.7027,60.4854],[-94.8006,60.4984],[-94.7617,60.5052],[-94.6678,60.4943],[-94.6423,60.5121],[-94.6654,60.5217],[-94.7385,60.5394],[-94.6883,60.5528],[-94.5716,60.5277],[-94.52,60.5468],[-94.5059,60.5755],[-94.5207,60.5846],[-94.4884,60.6234],[-94.4921,60.6492],[-94.4719,60.6683],[-94.4094,60.7097],[-94.3974,60.7272],[-94.4095,60.7641],[-94.3754,60.8274],[-94.3578,60.8345],[-94.3516,60.8581],[-94.2959,60.8864],[-94.2662,60.8906],[-94.2423,60.9034],[-94.232,60.9304],[-94.17,60.9956],[-94.1605,61.0338],[-94.1188,61.0725],[-94.0711,61.0815],[-94.0328,61.0812],[-93.9964,61.0902],[-93.9862,61.1007],[-93.9986,61.1147],[-94.0554,61.108],[-94.0664,61.1335],[-94.0403,61.1632],[-94.1011,61.1632],[-94.0805,61.1779],[-94.0171,61.2009],[-94.0266,61.2185],[-93.9986,61.2246],[-94.0255,61.2502],[-94.0328,61.2799],[-94.0958,61.3111],[-94.1147,61.3283],[-94.0746,61.3261],[-93.9927,61.3057],[-93.9217,61.3033],[-93.8585,61.3179],[-93.8336,61.3283],[-93.841,61.3413],[-93.8223,61.3499],[-93.8276,61.3627],[-93.8706,61.3928],[-93.9261,61.3907],[-93.9713,61.4028],[-93.9366,61.4102],[-93.9581,61.4191],[-93.9658,61.4494],[-93.985,61.458],[-93.9366,61.4915],[-93.9059,61.5007],[-93.8776,61.5206],[-93.838,61.5617],[-93.8336,61.5747],[-93.7858,61.5542],[-93.6902,61.6157],[-93.5189,61.6833],[-93.4431,61.6908],[-93.3134,61.7324],[-93.3348,61.7346],[-93.3954,61.7255],[-93.4219,61.731],[-93.4717,61.7665],[-93.4362,61.7719],[-93.3669,61.7534],[-93.3029,61.7519],[-93.2714,61.7363],[-93.2462,61.7838],[-93.2872,61.7941],[-93.3302,61.787],[-93.3851,61.787],[-93.4369,61.8074],[-93.4369,61.8149],[-93.3672,61.8144],[-93.3475,61.8211],[-93.4679,61.8354],[-93.5021,61.8558],[-93.5978,61.8542],[-93.6136,61.861],[-93.6042,61.8797],[-93.5833,61.8868],[-93.4916,61.8894],[-93.5137,61.9023],[-93.5943,61.9341],[-93.617,61.9523],[-93.5975,61.9538],[-93.4958,61.9398],[-93.3367,61.8966],[-93.2793,61.8968],[-93.3099,61.9261],[-93.3885,61.9515],[-93.3673,61.9549],[-93.2172,61.9515],[-93.2172,61.9583],[-93.4165,62.0266],[-93.4165,62.034],[-93.293,62.0197],[-93.3339,62.0539],[-93.3109,62.054],[-93.2445,62.034],[-93.2069,61.9936],[-93.1702,61.9856],[-93.1483,62.0266],[-93.1615,62.0476],[-93.1382,62.0538],[-93.1073,62.0402],[-93.0758,62.041],[-93.0639,62.0623],[-93.0807,62.0682],[-93.0659,62.0814],[-93.0046,62.0682],[-92.9853,62.0732],[-92.9407,62.1016],[-92.9298,62.1166],[-92.9551,62.1241],[-93.0135,62.1271],[-93.0653,62.1169],[-93.1285,62.1296],[-93.1152,62.1597],[-93.0736,62.178],[-92.9922,62.1742],[-92.9708,62.1842],[-93.0118,62.1978],[-92.9968,62.2039],[-92.9435,62.1978],[-92.9018,62.2047],[-92.8784,62.2006],[-92.861,62.1842],[-92.8056,62.1781],[-92.7848,62.2147],[-92.7647,62.2184],[-92.7813,62.2396],[-92.8484,62.2637],[-92.9156,62.2668],[-92.9193,62.2866],[-92.9838,62.2941],[-93.0785,62.3306],[-93.1494,62.3383],[-93.1859,62.3465],[-93.252,62.3698],[-93.131,62.3443],[-92.9424,62.3245],[-92.9086,62.3122],[-92.8609,62.3172],[-92.8135,62.2951],[-92.779,62.2866],[-92.7443,62.2941],[-92.7092,62.2764],[-92.6828,62.2457],[-92.6903,62.232],[-92.6213,62.2115],[-92.6134,62.1729],[-92.5967,62.161],[-92.556,62.1715],[-92.4705,62.1501],[-92.4967,62.17],[-92.5521,62.1868],[-92.5766,62.2012],[-92.5934,62.2394],[-92.6356,62.26],[-92.6009,62.2699],[-92.5898,62.2994],[-92.6198,62.3229],[-92.7374,62.3493],[-92.8052,62.3494],[-92.8274,62.3555],[-92.7909,62.3627],[-92.7331,62.3646],[-92.6828,62.3767],[-92.7118,62.3879],[-92.7101,62.4108],[-92.7253,62.4315],[-92.7183,62.4647],[-92.6141,62.4678],[-92.532,62.4449],[-92.5456,62.4784],[-92.51,62.49],[-92.5006,62.5131],[-92.522,62.5132],[-92.5592,62.4928],[-92.5598,62.522],[-92.5388,62.5337],[-92.5555,62.5532],[-92.5804,62.561],[-92.5733,62.5798],[-92.6213,62.6094],[-92.6051,62.622],[-92.5176,62.5759],[-92.5046,62.5747],[-92.4794,62.5991],[-92.4569,62.5883],[-92.478,62.5679],[-92.4594,62.5472],[-92.3989,62.5385],[-92.3197,62.5473],[-92.3402,62.5684],[-92.2609,62.5626],[-92.2446,62.5747],[-92.2787,62.5958],[-92.2584,62.6014],[-92.2171,62.5969],[-92.1832,62.6125],[-92.1415,62.5821],[-92.1868,62.5619],[-92.159,62.5433],[-92.0937,62.5473],[-92.0249,62.5337],[-91.9835,62.5316],[-91.9429,62.5411],[-91.9476,62.5588],[-91.9029,62.5791],[-91.8898,62.6002],[-91.8975,62.6397],[-91.968,62.655],[-92.2036,62.6668],[-92.2777,62.6788],[-92.2756,62.6914],[-92.2241,62.6845],[-92.2241,62.692],[-92.317,62.7132],[-92.3568,62.7322],[-92.3917,62.7633],[-92.4539,62.7939],[-92.463,62.8115],[-92.4286,62.8336],[-92.3331,62.8452],[-92.2804,62.8408],[-92.2284,62.8292],[-92.16,62.8048],[-92.0989,62.8039],[-92.0863,62.8185],[-92.135,62.8491],[-92.1348,62.8769],[-92.083,62.8725],[-91.9794,62.8474],[-91.8331,62.8292],[-91.7372,62.8292],[-91.6579,62.8113],[-91.442,62.7869],[-91.3943,62.7868],[-91.3539,62.8012],[-91.4222,62.8223],[-91.3984,62.8282],[-91.3124,62.8305],[-91.2208,62.8622],[-91.1996,62.8968],[-91.1615,62.9111],[-91.0963,62.9227],[-91.0311,62.9514],[-90.8257,62.9383],[-90.7838,62.9451],[-90.7847,62.9656],[-90.7233,62.9731],[-90.7537,62.9998],[-90.7187,62.9994],[-90.6891,63.0141],[-90.7233,63.0141],[-90.692,63.0418],[-90.6588,63.0342],[-90.6436,63.0689],[-90.6775,63.0707],[-90.6891,63.0817],[-90.6544,63.0886],[-90.6919,63.1248],[-90.6954,63.1369],[-90.6717,63.1534],[-90.6749,63.1649],[-90.7223,63.1749],[-90.7266,63.19],[-90.6956,63.1858],[-90.6891,63.2326],[-90.7189,63.261],[-90.6954,63.2748],[-90.741,63.2944],[-90.7506,63.3214],[-90.6824,63.3375],[-90.6891,63.3567],[-90.7084,63.3647],[-90.7912,63.3629],[-90.8727,63.3859],[-90.9228,63.3921],[-90.9646,63.4086],[-90.9765,63.4244],[-90.952,63.4222],[-90.8344,63.3931],[-90.7847,63.3977],[-90.9267,63.4321],[-90.9613,63.457],[-91.0174,63.4711],[-91.0622,63.4529],[-91.0994,63.4591],[-91.1683,63.4932],[-91.3155,63.5015],[-91.3711,63.4851],[-91.4085,63.5001],[-91.3806,63.5137],[-91.4003,63.5308],[-91.5041,63.5622],[-91.5399,63.5801],[-91.5867,63.5823],[-91.6178,63.6035],[-91.6151,63.646],[-91.6609,63.6773],[-91.7784,63.7144],[-91.8069,63.7159],[-91.8954,63.692],[-91.9836,63.6745],[-92.0354,63.6441],[-92.0813,63.6452],[-92.1217,63.6218],[-92.181,63.6219],[-92.2098,63.6099],[-92.2042,63.5931],[-92.2169,63.5527],[-92.2303,63.541],[-92.2567,63.5422],[-92.3041,63.5747],[-92.334,63.5752],[-92.3402,63.5548],[-92.3653,63.549],[-92.4432,63.5485],[-92.4494,63.5274],[-92.4674,63.5284],[-92.5456,63.5548],[-92.5297,63.5644],[-92.4022,63.5894],[-92.3837,63.5961],[-92.3539,63.6304],[-92.323,63.6514],[-92.3051,63.6527],[-92.306,63.6304],[-92.2765,63.6219],[-92.2031,63.6403],[-92.1689,63.6441],[-92.2087,63.6667],[-92.1687,63.6921],[-92.1,63.6993],[-92.1275,63.7112],[-92.2098,63.726],[-92.2508,63.7465],[-92.3026,63.7403],[-92.4125,63.7465],[-92.4364,63.7949],[-92.4639,63.8116],[-92.4994,63.8206],[-92.5351,63.8195],[-92.5878,63.7864],[-92.6349,63.7839],[-92.7665,63.832],[-92.9097,63.8403],[-93.0124,63.8698],[-93.1041,63.8806],[-93.1483,63.9042],[-93.2172,63.911],[-93.3359,63.9613],[-93.4006,63.9774],[-93.4574,63.9594],[-93.4232,63.9383],[-93.4506,63.9321],[-93.3954,63.9042],[-93.3612,63.8738],[-93.2861,63.8496],[-93.2172,63.8496],[-93.2172,63.8427],[-93.2767,63.8326],[-93.3074,63.8325],[-93.366,63.8472],[-93.3725,63.8298],[-93.3339,63.8154],[-93.3685,63.8172],[-93.4307,63.843],[-93.4645,63.8496],[-93.5331,63.8496],[-93.6473,63.8815],[-93.6994,63.9511],[-93.7256,63.9631],[-93.7721,63.9594],[-93.7596,63.9755],[-93.7659,63.9935],[-93.5968,63.993],[-93.5462,64.001],[-93.6008,64.014],[-93.5524,64.0242],[-93.5639,64.039],[-93.6072,64.0494],[-93.6451,64.0823],[-93.67,64.0941],[-93.6697,64.1239],[-93.6976,64.1512],[-93.7795,64.1915],[-93.7646,64.1965],[-93.7178,64.1683],[-93.6952,64.1622],[-93.6349,64.1649],[-93.6168,64.1545],[-93.6329,64.1251],[-93.6099,64.0969],[-93.5425,64.075],[-93.4789,64.0339],[-93.4161,64.0163],[-93.3675,64.0115],[-93.3134,63.9935],[-93.1666,63.9739],[-93.1269,63.9608],[-93.0684,63.9324],[-92.9872,63.9414],[-92.9565,63.9383],[-92.9341,63.9081],[-92.8632,63.9027],[-92.8504,63.9075],[-92.7862,63.901],[-92.7508,63.8872],[-92.7511,63.8631],[-92.5063,63.831],[-92.4672,63.8186],[-92.3954,63.7844],[-92.3738,63.7791],[-92.2992,63.7812],[-92.188,63.7657],[-92.149,63.754],[-92.0458,63.7504],[-92.0528,63.7676],[-92.0143,63.7791],[-91.9962,63.7977],[-91.9982,63.8188],[-91.9829,63.8217],[-91.8883,63.8091],[-91.8883,63.8017],[-91.9671,63.7919],[-91.9907,63.7812],[-91.9477,63.7557],[-91.8989,63.746],[-91.7489,63.7482],[-91.7006,63.7802],[-91.6815,63.775],[-91.6549,63.7465],[-91.6754,63.7417],[-91.6734,63.7222],[-91.5916,63.7185],[-91.5482,63.7311],[-91.5076,63.7305],[-91.371,63.7017],[-91.3328,63.6776],[-91.3909,63.6915],[-91.4085,63.6776],[-91.3918,63.6671],[-91.3149,63.6614],[-91.2345,63.6339],[-91.1959,63.6304],[-91.1504,63.6373],[-91.1022,63.6215],[-91.0613,63.6151],[-90.9745,63.5787],[-90.9101,63.5692],[-90.7432,63.5754],[-90.6612,63.6025],[-90.5929,63.6099],[-90.5578,63.5983],[-90.5426,63.6315],[-90.5712,63.6707],[-90.6056,63.6761],[-90.6498,63.655],[-90.7028,63.6645],[-90.6418,63.6838],[-90.6482,63.7055],[-90.6068,63.7032],[-90.521,63.6857],[-90.4831,63.6714],[-90.5254,63.6572],[-90.4564,63.6509],[-90.4899,63.6367],[-90.4468,63.6207],[-90.3946,63.6159],[-90.3421,63.6215],[-90.2981,63.6367],[-90.3186,63.6441],[-90.2696,63.6511],[-90.2224,63.6367],[-90.2838,63.623],[-90.2594,63.6079],[-90.1473,63.6304],[-90.1684,63.6577],[-90.1371,63.6993],[-90.1039,63.6998],[-90.0995,63.7198],[-90.0734,63.7327],[-90.0585,63.754],[-90.0688,63.7637],[-90.12,63.7812],[-89.9742,63.7786],[-89.9691,63.8222],[-89.998,63.8404],[-90.0935,63.886],[-90.0995,63.9042],[-90.1274,63.9184],[-90.0858,63.9246],[-90.137,63.9446],[-90.2234,63.9918],[-90.2777,64.001],[-90.2777,64.0072],[-90.223,64.0145],[-90.1684,64.0072],[-90.1157,63.964],[-90.092,63.9526],[-90.0831,63.9702],[-90.0176,63.9656],[-90.0297,63.9855],[-90.0189,63.9926],[-89.9691,63.9792],[-89.9545,63.9492],[-89.9964,63.9321],[-89.9681,63.9201],[-89.8982,63.9258],[-89.8502,63.9221],[-89.8199,63.9334],[-89.8127,63.9602],[-89.839,63.988],[-89.8895,63.9929],[-89.9208,64.014],[-89.8531,64.0277],[-89.894,64.0419],[-89.8989,64.0532],[-89.9281,64.055],[-89.9477,64.0837],[-89.9139,64.1034],[-89.9321,64.1175],[-90.0238,64.1239],[-90.017,64.1073],[-90.0408,64.1002],[-90.0703,64.1158],[-90.1274,64.1301],[-90.0489,64.1443],[-90,64.163],[-89.9398,64.1685],[-89.9139,64.1649],[-89.8637,64.1462],[-89.8323,64.1414],[-89.8183,64.1546],[-89.8264,64.1774],[-89.8685,64.1906],[-89.8872,64.2058],[-89.819,64.199],[-89.7864,64.2502],[-89.7521,64.2253],[-89.7504,64.1877],[-89.7364,64.1478],[-89.7435,64.1385],[-89.791,64.1369],[-89.8258,64.1096],[-89.7522,64.0725],[-89.7069,64.0317],[-89.7023,64.045],[-89.7222,64.0761],[-89.6942,64.0784],[-89.6556,64.0625],[-89.5924,64.0208],[-89.5404,63.9721],[-89.5092,63.9521],[-89.4825,63.9526],[-89.5426,63.9924],[-89.5644,64.0256],[-89.5651,64.0761],[-89.5266,64.0764],[-89.4962,64.0624],[-89.4386,64.0242],[-89.3791,64.0414],[-89.3348,64.0192],[-89.2899,63.9866],[-89.2497,63.9656],[-89.2508,63.9934],[-89.2873,64.0106],[-89.2392,64.0041],[-89.2057,63.9791],[-89.1776,63.97],[-89.1256,63.9656],[-89.1474,63.9526],[-89.0493,63.9464],[-89.0232,63.9526],[-89.0494,63.9609],[-89.0898,63.9619],[-89.1058,63.9867],[-89.1774,64.0385],[-89.2187,64.0931],[-89.2742,64.1314],[-89.2907,64.1369],[-89.2555,64.1599],[-89.212,64.1318],[-89.1992,64.0992],[-89.1477,64.0561],[-89.1026,64.0439],[-89.0596,64.0251],[-88.9965,64.0106],[-89.0028,63.9935],[-88.967,63.9885],[-88.9036,64.0082],[-88.8724,64.001],[-88.8792,63.9867],[-88.8564,63.9823],[-88.827,63.991],[-88.7346,63.9724],[-88.6874,63.9792],[-88.6661,64.0115],[-88.5931,64.0185],[-88.5503,64.0277],[-88.5582,64.0481],[-88.483,64.0508],[-88.3079,64.1073],[-88.2728,64.1151],[-88.2216,64.1444],[-88.1295,64.1369],[-88.0929,64.1506],[-88.0443,64.1843],[-87.9817,64.1915],[-87.9964,64.2058],[-88.0506,64.2369],[-88.0207,64.2739],[-87.8995,64.3331],[-87.8749,64.3608],[-87.8589,64.4382],[-87.813,64.4871],[-87.8051,64.52],[-87.7643,64.5224],[-87.6,64.5582],[-87.5776,64.5695],[-87.5466,64.6136],[-87.5135,64.6341],[-87.5094,64.6477],[-87.5292,64.7129],[-87.4852,64.7477],[-87.4686,64.7443],[-87.4712,64.7163],[-87.4447,64.7076],[-87.4164,64.7199],[-87.3728,64.7539],[-87.3153,64.7589],[-87.2982,64.7706],[-87.3101,64.7986],[-87.275,64.85],[-87.2448,64.8806],[-87.1688,64.9396],[-87.1183,64.9456],[-87.0774,64.973],[-87.1115,65.0009],[-87.0848,65.0153],[-87.0023,65.0419],[-86.9736,65.0576],[-86.9925,65.0828],[-86.9948,65.1039],[-86.9382,65.142],[-86.9538,65.1654],[-86.9784,65.1796],[-87.0342,65.1943],[-87.0569,65.2064],[-87.0381,65.2189],[-87.0469,65.238],[-87.3728,65.2752],[-87.5277,65.2683],[-87.6083,65.2916],[-87.6597,65.3006],[-87.7111,65.301],[-87.7489,65.2883],[-87.7509,65.2675],[-87.8315,65.2821],[-87.941,65.2883],[-88.0459,65.2681],[-88.0773,65.2678],[-88.1212,65.2804],[-88.5471,65.2992],[-88.6177,65.3139],[-88.8792,65.3225],[-88.9338,65.3435],[-88.9674,65.343],[-89.0399,65.3282],[-89.1291,65.3773],[-89.1474,65.3919],[-89.1505,65.4152],[-89.1842,65.439],[-89.2194,65.4516],[-89.2585,65.4565],[-89.3938,65.5012],[-89.4272,65.5275],[-89.449,65.5589],[-89.4538,65.5887],[-89.4914,65.6158],[-89.6131,65.6495],[-89.6433,65.6725],[-89.7364,65.7277],[-89.7733,65.7388],[-89.851,65.7516],[-89.9581,65.7943],[-90.0942,65.8212],[-90.3007,65.8403],[-90.5297,65.8819],[-90.8957,65.9038],[-90.9551,65.9204],[-91.0705,65.9285],[-91.1077,65.923],[-91.1273,65.9052],[-91.1085,65.8976],[-91.0659,65.8569],[-91.0045,65.8159],[-91.0316,65.8083],[-91.0629,65.8161],[-91.1205,65.8432],[-91.4973,65.9468],[-91.4634,65.9581],[-91.3832,65.9608],[-91.3103,65.9759],[-91.182,65.9468],[-91.1063,65.953],[-91.0456,65.9415],[-90.4008,65.9052],[-90.237,65.9269],[-90.219,65.9227],[-90.2224,65.9052],[-90.291,65.8984],[-90.3665,65.9003],[-90.4034,65.8967],[-90.4353,65.8848],[-90.3022,65.8602],[-90.2287,65.8594],[-90.1079,65.8902],[-90.0443,65.8916],[-89.9691,65.8711],[-89.9101,65.8657],[-89.8375,65.8309],[-89.7706,65.8227],[-89.7327,65.8415],[-89.7432,65.8779],[-89.7671,65.8926],[-90.0039,65.9468],[-89.9674,65.9558],[-89.7758,65.9432],[-89.76,65.936],[-89.688,65.9468],[-89.6382,65.9232],[-89.5372,65.8984],[-89.5098,65.8606],[-89.4783,65.8559],[-89.4757,65.8711],[-89.4481,65.8756],[-89.4084,65.867],[-89.3385,65.84],[-89.3109,65.8133],[-89.2272,65.7998],[-89.1474,65.7687],[-89.1365,65.7429],[-89.1094,65.7285],[-89.0511,65.7203],[-88.9701,65.6965],[-88.8736,65.6995],[-88.8453,65.7038],[-88.819,65.6899],[-88.743,65.6746],[-88.4481,65.6433],[-88.4209,65.625],[-88.4806,65.6282],[-88.5846,65.6453],[-88.8314,65.6452],[-88.7586,65.6343],[-88.7218,65.6244],[-88.6619,65.5954],[-88.5503,65.5831],[-88.4616,65.5536],[-88.4179,65.5262],[-88.3253,65.4906],[-88.3065,65.4714],[-88.2555,65.4465],[-88.2318,65.4199],[-88.2055,65.4051],[-88.1704,65.4],[-88.0639,65.3595],[-87.9275,65.3334],[-87.3808,65.3297],[-87.3101,65.3435],[-87.2594,65.3616],[-87.2099,65.3671],[-87.1558,65.3929],[-87.0786,65.4021],[-87.0637,65.4186],[-87.11,65.4354],[-87.1183,65.45],[-87.1044,65.4705],[-87.067,65.4883],[-87.0153,65.4875],[-87.0085,65.508],[-86.9744,65.5217],[-86.9879,65.5353],[-86.8955,65.5552],[-86.8259,65.5616],[-86.793,65.5841],[-86.7422,65.6073],[-86.7025,65.6387],[-86.6639,65.6577],[-86.6151,65.6702],[-86.5592,65.6699],[-86.5223,65.7053],[-86.4747,65.734],[-86.4536,65.7823],[-86.4945,65.8159],[-86.466,65.8343],[-86.4629,65.8556],[-86.4213,65.8826],[-86.4125,65.9045],[-86.3648,65.9052],[-86.3219,65.9154],[-86.2926,65.93],[-86.2599,65.929],[-86.2049,65.9397],[-86.1942,65.9841],[-86.1617,65.991],[-86.0633,65.9991],[-85.9744,66.0356],[-85.9863,66.0548],[-85.9748,66.0983],[-85.8996,66.1477],[-85.8567,66.1628],[-85.892,66.1934],[-85.9562,66.1997],[-86.2755,66.2684],[-86.3437,66.2894],[-86.4704,66.2954],[-86.5432,66.313],[-86.6206,66.3144],[-86.6488,66.327],[-86.6935,66.3658],[-86.791,66.4289],[-86.8079,66.4463],[-86.7894,66.4539],[-86.6667,66.431],[-86.6317,66.4403],[-86.7473,66.496],[-86.7825,66.5222],[-86.7403,66.5316],[-86.6806,66.516],[-86.6205,66.5069],[-86.5771,66.5359],[-86.5975,66.5563],[-86.5256,66.5495],[-86.4166,66.515],[-86.3927,66.5154],[-86.3613,66.5501],[-86.3265,66.5528],[-86.2829,66.5222],[-86.2071,66.5222],[-86.1388,66.5011],[-85.9058,66.5154],[-85.8525,66.502],[-85.7829,66.5001],[-85.7516,66.5177],[-85.6823,66.5306],[-85.5296,66.5667],[-85.4655,66.5744],[-85.4161,66.567],[-85.378,66.5158],[-85.3465,66.5011],[-85.3223,66.4795],[-85.3006,66.4065],[-85.313,66.3724],[-85.2797,66.3607],[-85.2849,66.3336],[-85.2678,66.2869],[-85.2416,66.2701],[-85.1793,66.2684],[-85.1308,66.2956],[-85.1361,66.3264],[-85.1178,66.3304],[-85.0836,66.3031],[-85.0832,66.2868],[-85.0377,66.2799],[-84.9837,66.2543],[-84.9425,66.2547],[-84.8912,66.2687],[-84.8542,66.2635],[-84.783,66.227],[-84.7521,66.2214],[-84.6074,66.2146],[-84.535,66.1933],[-84.4801,66.166],[-84.4047,66.166],[-84.3783,66.173],[-84.3817,66.1901],[-84.4252,66.2274],[-84.5077,66.2678],[-84.5423,66.2956],[-84.6033,66.3157],[-84.6367,66.3439],[-84.5922,66.3625],[-84.5375,66.4052],[-84.5009,66.3993],[-84.5145,66.3851],[-84.4493,66.3759],[-84.4237,66.3614],[-84.4053,66.3372],[-84.3978,66.3043],[-84.3708,66.2836],[-84.3263,66.2769],[-84.3028,66.3031],[-84.2038,66.3242],[-84.1545,66.3062],[-84.1412,66.2718],[-84.0893,66.2485],[-84.0027,66.2341],[-83.9712,66.2041],[-83.9222,66.2033],[-83.829,66.2137],[-83.7914,66.2137],[-83.7913,66.2043],[-83.8473,66.1724],[-83.8566,66.1585],[-83.8066,66.1632],[-83.6908,66.1992],[-83.7016,66.228],[-83.7615,66.2547],[-83.7836,66.3014],[-83.8628,66.3168],[-83.8697,66.3299],[-83.8702,66.3956],[-83.894,66.4322],[-83.9632,66.4779],[-84.0099,66.4918],[-84.0375,66.5111],[-84.0757,66.5224],[-84.211,66.5946],[-84.1774,66.6116],[-84.1446,66.6588],[-84.1446,66.6867],[-84.166,66.6921],[-84.2334,66.6935],[-84.263,66.7001],[-84.3153,66.6799],[-84.3705,66.7072],[-84.4525,66.7208],[-84.4219,66.7288],[-84.3481,66.7591],[-84.3221,66.7761],[-84.3434,66.7832],[-84.4183,66.7823],[-84.5009,66.8096],[-84.5486,66.8181],[-84.6501,66.8241],[-84.6927,66.845],[-84.6521,66.8533],[-84.5533,66.8282],[-84.5084,66.8232],[-84.5436,66.8514],[-84.6166,66.8774],[-84.6951,66.8955],[-84.7473,66.8996],[-84.5912,66.9048],[-84.6151,66.9223],[-84.6033,66.9399],[-84.72,66.9331],[-84.7674,66.9556],[-84.8712,66.9461],[-84.8913,66.9194],[-84.92,66.916],[-84.9745,66.9291],[-85.0006,66.9194],[-84.9202,66.9119],[-84.9108,66.9014],[-84.9407,66.8736],[-84.9784,66.8598],[-85.0611,66.858],[-85.1278,66.8375],[-85.1866,66.8522],[-85.2152,66.8677],[-85.2046,66.8785],[-85.1451,66.9057],[-85.2128,66.9194],[-85.0046,66.9681],[-84.6374,66.9815],[-84.7003,67.0026],[-84.7677,67.0089],[-84.854,66.988],[-84.8845,66.9946],[-84.8435,67.015],[-84.9177,67.028],[-84.9391,67.0368],[-84.9049,67.043],[-84.9391,67.056],[-84.9101,67.0619],[-84.8094,67.0293],[-84.3705,66.9741],[-84.4199,66.9616],[-84.5318,66.9791],[-84.5828,66.9815],[-84.5125,66.945],[-84.4083,66.935],[-84.391,66.9194],[-84.4108,66.9163],[-84.4115,66.8859],[-84.3726,66.8674],[-84.2401,66.8375],[-84.2401,66.8307],[-84.3893,66.8352],[-84.4394,66.8307],[-84.4119,66.8073],[-84.3035,66.801],[-84.2681,66.7823],[-84.3083,66.7601],[-84.3026,66.7413],[-84.2694,66.7279],[-84.1379,66.7122],[-84.0978,66.7193],[-84.1036,66.7481],[-84.029,66.7839],[-84.0484,66.7897],[-83.9652,66.8113],[-83.9425,66.827],[-83.9181,66.8859],[-83.8904,66.8572],[-83.8845,66.8171],[-83.9,66.7909],[-83.9437,66.7709],[-83.959,66.7481],[-83.9422,66.7235],[-83.8907,66.714],[-83.8566,66.6867],[-83.8959,66.6473],[-83.9176,66.6674],[-83.9146,66.6947],[-83.9578,66.7121],[-84.0045,66.697],[-84.0136,66.6799],[-84.0034,66.6457],[-84.0136,66.6321],[-83.9726,66.6184],[-83.9855,66.6064],[-83.9635,66.5836],[-83.9147,66.5967],[-83.8907,66.57],[-83.8478,66.5456],[-83.7322,66.537],[-83.6781,66.5253],[-83.6444,66.4744],[-83.5927,66.4383],[-83.5626,66.4268],[-83.5287,66.3969],[-83.5345,66.3851],[-83.5771,66.3988],[-83.5959,66.4328],[-83.6295,66.4414],[-83.63,66.4192],[-83.658,66.4192],[-83.6396,66.4041],[-83.5686,66.3714],[-83.5891,66.3571],[-83.5605,66.3494],[-83.4996,66.3644],[-83.4468,66.3548],[-83.3863,66.356],[-83.3694,66.3503],[-83.3275,66.3807],[-83.2626,66.3961],[-83.1378,66.4504],[-83.1304,66.4602],[-83.0588,66.4791],[-83.0274,66.4952],[-83.01,66.5505],[-82.9986,66.5552],[-82.9093,66.5549],[-82.8516,66.5705],[-82.6335,66.5633],[-82.5909,66.5709],[-82.5627,66.6171],[-82.5368,66.6357],[-82.4793,66.6519],[-82.4823,66.6707],[-82.4642,66.6802],[-82.3817,66.6965],[-82.3732,66.7276],[-82.1566,66.714],[-82.1824,66.7486],[-82.1844,66.7686],[-82.1606,66.7939],[-82.0821,66.8341],[-82.0917,66.858],[-82.0132,66.9057],[-82.0411,66.9194],[-81.9949,66.9433],[-81.9784,66.9678],[-81.9549,66.9768],[-81.8212,66.9992],[-81.7162,66.9728],[-81.6644,66.9815],[-81.6327,67.0089],[-81.5274,66.996],[-81.5029,67.001],[-81.4924,67.0187],[-81.491,67.0605],[-81.4466,67.0659],[-81.4184,67.0945],[-81.4173,67.1323],[-81.3757,67.187],[-81.3627,67.2552],[-81.3517,67.2838],[-81.29,67.4012],[-81.2552,67.4301],[-81.2379,67.4605],[-81.2665,67.4948],[-81.3011,67.5118],[-81.3315,67.54],[-81.3836,67.5766],[-81.4037,67.5979],[-81.4572,67.6284],[-81.585,67.6633],[-81.6426,67.6872],[-81.7002,67.7353],[-81.7506,67.7462],[-81.8185,67.7728],[-81.8419,67.7897],[-81.8116,67.7973],[-81.8281,67.8068],[-81.889,67.8121],[-81.9498,67.8332],[-81.9716,67.8619],[-82.0607,67.8868],[-82.0882,67.8995],[-82.1292,67.9479],[-82.123,67.961],[-82.1685,67.9956],[-82.1292,68.0429],[-82.1372,68.0533],[-82.1099,68.0739],[-82.0817,68.0825],[-82.123,68.1118],[-82.0469,68.1207],[-82.0184,68.1305],[-81.99,68.1982],[-81.9936,68.215],[-82.0444,68.2174],[-82.0784,68.1838],[-82.099,68.1757],[-82.1088,68.1494],[-82.1748,68.125],[-82.2065,68.1247],[-82.3148,68.1466],[-82.3448,68.1755],[-82.2848,68.2235],[-82.2602,68.2626],[-82.2727,68.2916],[-82.3024,68.2908],[-82.3697,68.2695],[-82.4418,68.284],[-82.5066,68.3179],[-82.4674,68.3245],[-82.3766,68.3194],[-82.3489,68.3377],[-82.3697,68.3563],[-82.4656,68.3856],[-82.5203,68.4134],[-82.6025,68.406],[-82.6346,68.4112],[-82.6506,68.4339],[-82.6437,68.4473],[-82.596,68.4408],[-82.5161,68.4537],[-82.4969,68.4639],[-82.5478,68.4718],[-82.5892,68.4954],[-82.6356,68.4971],[-82.6116,68.5302],[-82.573,68.5272],[-82.47,68.4848],[-82.4298,68.4759],[-82.2661,68.4581],[-82.2217,68.4581],[-82.1879,68.4718],[-82.1769,68.4881],[-82.2738,68.5301],[-82.2267,68.5327],[-82.1361,68.5139],[-82.0885,68.5096],[-82.0631,68.4979],[-82.0323,68.4457],[-82.0166,68.4339],[-81.9537,68.4307],[-81.9187,68.4533],[-81.8555,68.4612],[-81.8256,68.471],[-81.7965,68.5037],[-81.8146,68.5301],[-81.7655,68.5262],[-81.6741,68.5085],[-81.6295,68.5128],[-81.4791,68.5748],[-81.3585,68.6018],[-81.3409,68.6226],[-81.2665,68.6387],[-81.2506,68.6686],[-81.2636,68.6853],[-81.2589,68.756],[-81.233,68.7739],[-81.3652,68.8617],[-81.4192,68.8754],[-81.5037,68.8631],[-81.5454,68.8325],[-81.588,68.8454],[-81.5812,68.8659],[-81.6717,68.9026],[-81.7025,68.9075],[-81.7948,68.9017],[-81.8146,68.9138],[-81.8756,68.9017],[-82.0616,68.879],[-82.0087,68.8998],[-81.8855,68.9296],[-81.7291,68.9451],[-81.7053,68.9547],[-81.6838,68.9945],[-81.6365,68.9888],[-81.5802,68.993],[-81.5527,69.0032],[-81.4822,69.0646],[-81.3629,69.1013],[-81.2733,69.0919],[-81.3217,69.1396],[-81.3447,69.1949],[-81.4037,69.2086],[-81.4654,69.2011],[-81.4959,69.2036],[-81.6397,69.2482],[-81.753,69.2679],[-81.9916,69.278],[-82.0473,69.27],[-82.0268,69.2495],[-82.2373,69.2352],[-82.2696,69.2382],[-82.2943,69.2563],[-82.2399,69.2665],[-82.2534,69.2905],[-82.2255,69.2981],[-82.1699,69.2921],[-82.1435,69.2979],[-82.1659,69.3155],[-82.2422,69.347],[-82.3052,69.3599],[-82.39,69.4078],[-82.2678,69.3856],[-82.2255,69.3935],[-82.2816,69.4194],[-82.7368,69.4781],[-83.1921,69.5369],[-83.2741,69.5369],[-83.2899,69.5467],[-83.2533,69.5581],[-82.5161,69.4937],[-82.4793,69.5028],[-82.618,69.57],[-82.7537,69.5779],[-82.5837,69.5896],[-82.5544,69.5996],[-82.6575,69.6195],[-82.6459,69.6293],[-82.5892,69.6331],[-82.6164,69.6467],[-82.4562,69.6394],[-82.4062,69.6181],[-82.2534,69.6406],[-82.4172,69.6467],[-82.5755,69.6741],[-82.568,69.6877],[-82.6303,69.7026],[-82.6984,69.702],[-82.6883,69.6821],[-82.9042,69.6945],[-83.0206,69.6815],[-83.2533,69.7088],[-83.3566,69.6815],[-83.4489,69.6946],[-83.4952,69.6872],[-83.6856,69.7088],[-83.7541,69.7117],[-83.8129,69.7334],[-84.0315,69.7636],[-84.1695,69.8247],[-84.2477,69.8386],[-84.2886,69.8323],[-84.3398,69.8597],[-84.6947,69.8537],[-84.7743,69.8386],[-84.8629,69.8616],[-84.8981,69.8529],[-84.8572,69.8323],[-84.9073,69.8135],[-85.0293,69.8065],[-85.0558,69.7969],[-85.0558,69.7771],[-85.0956,69.7794],[-85.1748,69.7943],[-85.3202,69.847],[-85.3571,69.8529],[-85.5632,69.8581],[-85.5902,69.8323],[-85.3708,69.8249],[-85.3332,69.7914],[-85.3336,69.7805],[-85.3699,69.7606],[-85.412,69.756],[-85.3979,69.7853],[-85.429,69.7885],[-85.5145,69.7703],[-85.4969,69.752],[-85.4496,69.7412],[-85.44,69.7119],[-85.4493,69.6894],[-85.5145,69.6815],[-85.5441,69.6535],[-85.4955,69.6176],[-85.3854,69.5642],[-85.461,69.5705],[-85.4756,69.5499],[-85.5316,69.526],[-85.5145,69.5028],[-85.5395,69.4846],[-85.534,69.4633],[-85.5103,69.4464],[-85.4803,69.4414],[-85.4192,69.4686],[-85.3773,69.4614],[-85.3444,69.4414],[-85.412,69.4481],[-85.3813,69.4267],[-85.412,69.414],[-85.4831,69.4149],[-85.5083,69.4078],[-85.4973,69.39],[-85.44,69.3662],[-85.4673,69.3594],[-85.4442,69.3428],[-85.337,69.3184],[-85.3607,69.3096],[-85.422,69.3132],[-85.4659,69.3269],[-85.5008,69.3183],[-85.4735,69.2768],[-85.4325,69.2631],[-85.3779,69.2222],[-85.3916,69.2154],[-85.3468,69.2009],[-85.2526,69.1973],[-85.2066,69.1881],[-85.2248,69.1741],[-85.2904,69.1661],[-85.3165,69.1539],[-85.2703,69.1379],[-85.22,69.1328],[-85.1859,69.1429],[-85.1929,69.1669],[-85.1681,69.1731],[-85.0123,69.1805],[-84.9875,69.1744],[-85.0244,69.1636],[-85.1138,69.1551],[-85.1383,69.1267],[-85.095,69.12],[-85.0104,69.1457],[-84.9664,69.1396],[-85.0285,69.1192],[-84.948,69.1076],[-84.9527,69.0919],[-84.8893,69.0786],[-84.7672,69.088],[-84.7483,69.0747],[-84.7547,69.0503],[-84.7148,69.035],[-84.6897,69.0471],[-84.6514,69.0298],[-84.5577,69.0296],[-84.5282,69.0236],[-84.5816,68.9968],[-84.6698,69.0139],[-84.7245,69.0095],[-84.8081,69.0346],[-84.8435,69.0236],[-84.8367,69.0093],[-84.9531,69.0185],[-84.9875,69.0093],[-84.9459,69.0031],[-84.9412,68.9842],[-84.9053,68.9737],[-84.8151,68.9661],[-84.8043,68.9334],[-84.8794,68.941],[-84.921,68.9389],[-84.9552,68.9507],[-85.0807,68.9643],[-85.1187,68.9636],[-85.1451,68.9479],[-85.0006,68.9243],[-85.0129,68.9157],[-85.0636,68.9175],[-85.058,68.8995],[-85.0006,68.8858],[-85.0558,68.879],[-85.0427,68.8659],[-85.1728,68.8774],[-85.1929,68.8693],[-85.1786,68.8472],[-85.145,68.8348],[-84.9872,68.8113],[-84.9047,68.8249],[-84.8409,68.8231],[-84.8092,68.8141],[-84.7893,68.7877],[-84.761,68.7781],[-84.7547,68.7629],[-84.7882,68.7356],[-84.8983,68.7456],[-84.9596,68.7629],[-85.1247,68.7486],[-85.1995,68.7642],[-85.2394,68.7659],[-85.2612,68.7486],[-85.2332,68.7446],[-85.2248,68.7213],[-85.3603,68.734],[-85.3916,68.7424],[-85.3636,68.7629],[-85.4134,68.7745],[-85.5629,68.784],[-85.4598,68.756],[-85.5237,68.7336],[-85.5616,68.7309],[-85.6105,68.7475],[-85.6681,68.727],[-85.6932,68.6667],[-85.7342,68.6387],[-85.7427,68.613],[-85.7267,68.5848],[-85.7335,68.5574],[-85.7205,68.5506],[-85.7205,68.5063],[-85.741,68.4786],[-85.732,68.4654],[-85.6653,68.4544],[-85.741,68.4408],[-85.7063,68.4134],[-85.7172,68.3983],[-85.8035,68.336],[-85.8441,68.324],[-85.814,68.3048],[-85.8109,68.2838],[-85.8366,68.2695],[-85.8353,68.2306],[-85.7894,68.2217],[-85.8048,68.2035],[-85.8714,68.2012],[-85.8905,68.1846],[-85.8648,68.1297],[-85.9075,68.1219],[-85.913,68.0851],[-85.9017,68.0544],[-86.0118,68.0089],[-86.0586,67.9993],[-86.0697,67.9847],[-86.0976,67.9841],[-86.1095,68.0024],[-86.0973,68.0162],[-86.1204,68.0212],[-86.1383,68.0094],[-86.1251,67.9846],[-86.1283,67.9578],[-86.1662,67.9374],[-86.1867,67.9138],[-86.253,67.8944],[-86.2896,67.8681],[-86.3437,67.8449],[-86.3907,67.8098],[-86.4769,67.7177],[-86.5293,67.6872],[-86.4945,67.6531],[-86.4888,67.6171],[-86.453,67.6059],[-86.4809,67.574],[-86.493,67.5113],[-86.4747,67.478],[-86.4808,67.4591],[-86.5361,67.447],[-86.5361,67.4265],[-86.5019,67.3794],[-86.5533,67.3522],[-86.5839,67.3492],[-86.6037,67.3651],[-86.5946,67.3964],[-86.6151,67.4144],[-86.6255,67.3719],[-86.6534,67.3637],[-86.6859,67.3735],[-86.7416,67.4061],[-86.779,67.4186],[-86.8822,67.4061],[-86.9293,67.3773],[-86.9605,67.3674],[-86.9607,67.331],[-86.9879,67.3247],[-87.0199,67.3499],[-87.0777,67.3577],[-87.0922,67.3531],[-87.0637,67.3242],[-86.9948,67.303],[-87.0078,67.2867],[-86.9607,67.2552],[-87.0052,67.2466],[-87.0707,67.2634],[-87.0712,67.228],[-87.1012,67.1835],[-87.1141,67.1789],[-87.1183,67.2143],[-87.1372,67.2288],[-87.1813,67.2366],[-87.1959,67.2227],[-87.2281,67.2281],[-87.2422,67.2144],[-87.234,67.1933],[-87.2555,67.1801],[-87.277,67.1084],[-87.3043,67.1037],[-87.3278,67.1733],[-87.3722,67.1801],[-87.4145,67.175],[-87.4598,67.1354],[-87.5162,67.1187],[-87.5102,67.1843],[-87.4923,67.199],[-87.4547,67.2069],[-87.3728,67.2416],[-87.3629,67.2672],[-87.3995,67.2757],[-87.4474,67.2639],[-87.4547,67.2727],[-87.4576,67.3349],[-87.4838,67.3631],[-87.5718,67.3934],[-87.6598,67.4339],[-87.7148,67.4811],[-87.8153,67.5195],[-87.8681,67.5631],[-87.9125,67.5836],[-87.9407,67.6047],[-87.9781,67.6178],[-88.0693,67.632],[-88.153,67.6804],[-88.1735,67.7077],[-88.1635,67.7362],[-88.1848,67.7528],[-88.2486,67.776],[-88.2926,67.8312],[-88.3034,67.8629],[-88.3316,67.8983],[-88.3473,67.9385],[-88.3736,67.9758],[-88.3585,68.0026],[-88.3795,68.0299],[-88.3348,68.0456],[-88.3428,68.0754],[-88.2863,68.1066],[-88.2833,68.126],[-88.3038,68.1671],[-88.3247,68.1893],[-88.3421,68.2282],[-88.4068,68.2769],[-88.3984,68.2908],[-88.3204,68.3088],[-88.2555,68.3446],[-88.2083,68.3588],[-88.2119,68.3806],[-88.1871,68.3793],[-88.18,68.3586],[-88.1884,68.2703],[-88.1697,68.2392],[-88.1461,68.2359],[-88.1263,68.2496],[-88.095,68.2421],[-88.027,68.2382],[-87.9935,68.2291],[-87.9438,68.2009],[-87.8929,68.2359],[-87.8446,68.2558],[-87.7922,68.3312],[-87.8036,68.3446],[-87.8004,68.4043],[-87.8367,68.4324],[-87.8309,68.4687],[-87.8785,68.4965],[-87.8929,68.537],[-87.9253,68.566],[-87.9481,68.6087],[-87.9233,68.6424],[-87.9199,68.6651],[-87.9471,68.7297],[-87.9802,68.7712],[-88.0226,68.8087],[-88.2497,68.9316],[-88.4475,68.9971],[-88.5215,69.0128],[-88.5597,69.0304],[-88.7286,69.0839],[-88.8457,69.1396],[-88.8868,69.1796],[-88.921,69.1943],[-88.942,69.2336],[-89.0359,69.2672],[-89.1987,69.2781],[-89.2635,69.2602],[-89.3317,69.2495],[-89.3953,69.2116],[-89.4093,69.1751],[-89.5446,69.0919],[-89.6722,69.0445],[-89.7053,69.0202],[-89.7432,68.9683],[-89.7469,68.9162],[-89.7222,68.853],[-89.7364,68.8312],[-89.705,68.8328],[-89.688,68.8175],[-89.7159,68.7902],[-89.6977,68.7653],[-89.72,68.7264],[-89.7269,68.6882],[-89.7159,68.6462],[-89.7406,68.6299],[-89.7706,68.6257],[-89.7556,68.6474],[-89.7539,68.6773],[-89.7665,68.7037],[-89.8095,68.7127],[-89.8468,68.6773],[-89.9009,68.6605],[-89.8973,68.6439],[-89.9449,68.6158],[-89.9208,68.5643],[-89.8961,68.5502],[-89.821,68.5445],[-89.8593,68.5096],[-89.871,68.4819],[-89.9005,68.4864],[-89.9009,68.4612],[-89.9243,68.4516],[-89.9783,68.4456],[-90.0039,68.4339],[-89.9896,68.406],[-90.0002,68.3793],[-90.0235,68.3729],[-90.07,68.3443],[-90.1641,68.3152],[-90.12,68.2626],[-90.1938,68.2358],[-90.237,68.2321],[-90.2708,68.2421],[-90.2876,68.28],[-90.3241,68.3099],[-90.3118,68.3377],[-90.3384,68.352],[-90.3865,68.3505],[-90.4757,68.3377],[-90.3583,68.3724],[-90.3186,68.3793],[-90.4974,68.4134],[-90.6035,68.4408],[-90.6001,68.4612],[-90.5172,68.4919],[-90.4867,68.5438],[-90.5332,68.5597],[-90.5303,68.5815],[-90.4899,68.5915],[-90.5255,68.6151],[-90.565,68.6257],[-90.5265,68.642],[-90.5309,68.653],[-90.5008,68.6677],[-90.483,68.711],[-90.5262,68.7334],[-90.5277,68.7527],[-90.5104,68.784],[-90.4922,68.7717],[-90.4571,68.777],[-90.449,68.7902],[-90.4758,68.7965],[-90.4421,68.8312],[-90.4818,68.8266],[-90.5635,68.7989],[-90.5998,68.8039],[-90.5611,68.8281],[-90.4979,68.8447],[-90.4468,68.8402],[-90.4371,68.8548],[-90.4831,68.8523],[-90.4412,68.8701],[-90.4465,68.8863],[-90.5326,68.9114],[-90.6211,68.9163],[-90.5855,68.9274],[-90.5998,68.9479],[-90.5793,68.9479],[-90.6265,68.9957],[-90.6855,68.9982],[-90.709,69.0072],[-90.7023,69.0397],[-90.6614,69.0618],[-90.6706,69.0882],[-90.7707,69.1089],[-90.8052,69.1328],[-90.857,69.1446],[-91.0336,69.2196],[-91.1256,69.2388],[-91.1813,69.274],[-91.2592,69.2837],[-91.393,69.3258],[-91.4495,69.3525],[-91.4495,69.3594],[-91.2542,69.2987],[-91.1891,69.2905],[-91.1561,69.2933],[-91.0897,69.312],[-90.9849,69.3588],[-90.956,69.3525],[-90.9893,69.3431],[-91.0106,69.311],[-91.0946,69.2851],[-91.0701,69.2681],[-90.9398,69.3033],[-90.956,69.2905],[-90.9492,69.2631],[-90.9087,69.2706],[-90.9355,69.2495],[-90.8052,69.2563],[-90.8182,69.2768],[-90.8052,69.311],[-90.8111,69.3463],[-90.7978,69.3662],[-90.7383,69.3904],[-90.6495,69.4135],[-90.6265,69.4078],[-90.5855,69.4208],[-90.6259,69.4241],[-90.7028,69.4543],[-90.6214,69.454],[-90.6144,69.439],[-90.5616,69.4283],[-90.4762,69.4481],[-90.3525,69.4373],[-90.3118,69.4543],[-90.3698,69.4447],[-90.3695,69.4597],[-90.4079,69.4686],[-90.4369,69.4932],[-90.5036,69.5096],[-90.6544,69.5369],[-90.7242,69.5342],[-90.7533,69.5191],[-90.7506,69.4897],[-90.8878,69.4897],[-90.8813,69.5192],[-90.8977,69.5369],[-90.9772,69.5159],[-91.0072,69.5272],[-91.0858,69.5113],[-91.11,69.5133],[-91.1891,69.5642],[-91.3048,69.5443],[-91.3468,69.5233],[-91.5041,69.5233],[-91.5571,69.5118],[-91.5724,69.5233],[-91.5411,69.5338],[-91.3597,69.5529],[-91.3243,69.5634],[-91.2189,69.6143],[-91.1318,69.6194],[-91.0933,69.6406],[-91.1683,69.6331],[-91.1676,69.6557],[-91.1951,69.6557],[-91.2508,69.6406],[-91.2899,69.6602],[-91.3214,69.6528],[-91.426,69.6684],[-91.4973,69.6611],[-91.5007,69.6436],[-91.5331,69.6411],[-91.6003,69.6126],[-91.5792,69.5853],[-91.6481,69.5581],[-91.7134,69.5577],[-91.7102,69.5443],[-91.8027,69.5133],[-91.7983,69.4897],[-91.874,69.5096],[-91.9371,69.519],[-91.9667,69.5336],[-92.1027,69.5581],[-92.1217,69.5716],[-92.1689,69.5779],[-92.1815,69.5938],[-92.2378,69.6058],[-92.2992,69.6406],[-92.0863,69.6195],[-92.1146,69.6323],[-92.1766,69.6334],[-92.2264,69.6588],[-92.2628,69.6658],[-92.3749,69.6678],[-92.3402,69.702],[-92.382,69.7046],[-92.3886,69.6877],[-92.4494,69.6877],[-92.4714,69.6976],[-92.6036,69.6833],[-92.6691,69.6542],[-92.7006,69.6551],[-92.7703,69.6695],[-92.8334,69.6613],[-92.923,69.6741],[-92.923,69.6815],[-92.8557,69.6896],[-92.8136,69.6792],[-92.715,69.6767],[-92.6227,69.7054],[-92.5388,69.7088],[-92.5388,69.715],[-92.8684,69.702],[-92.6841,69.7569],[-92.6555,69.7703],[-92.6735,69.7808],[-92.6487,69.7942],[-92.6006,69.7668],[-92.5679,69.7646],[-92.5456,69.7839],[-92.5476,69.8168],[-92.436,69.8323],[-92.4091,69.8454],[-92.3794,69.8451],[-92.3419,69.8619],[-92.2647,69.8752],[-92.2446,69.8938],[-92.2713,69.9075],[-92.2235,69.9148],[-92.0863,69.9757],[-92.0773,69.9937],[-92.0249,69.9962],[-91.9429,70.0241],[-91.9936,70.0555],[-92.0504,70.0767],[-92.1117,70.0886],[-92.3116,70.0943],[-92.4565,70.0687],[-92.463,70.0515],[-92.4923,70.0508],[-92.5311,70.0776],[-92.5872,70.0788],[-92.5317,70.0934],[-92.4739,70.0986],[-92.4342,70.1381],[-92.3886,70.147],[-92.4307,70.1714],[-92.4842,70.1812],[-92.3917,70.1812],[-92.3264,70.1951],[-92.2903,70.1877],[-92.2662,70.2131],[-92.3675,70.2364],[-92.2995,70.2405],[-92.2992,70.2569],[-92.2639,70.2395],[-92.2106,70.1829],[-92.1217,70.1741],[-92.0453,70.1341],[-91.9955,70.123],[-91.8841,70.1287],[-91.8126,70.1402],[-91.6965,70.134],[-91.5452,70.145],[-91.511,70.1613],[-91.5575,70.1982],[-91.6507,70.2359],[-91.6599,70.2189],[-91.6965,70.2023],[-91.6877,70.2278],[-91.7307,70.3047],[-91.6891,70.3183],[-91.7087,70.3465],[-91.7443,70.3593],[-91.7862,70.3365],[-91.8058,70.3593],[-91.8527,70.3669],[-91.8983,70.3562],[-91.9053,70.3399],[-91.8536,70.3047],[-91.9208,70.2993],[-91.9586,70.2578],[-91.9634,70.2699],[-92.0044,70.2842],[-91.9996,70.3032],[-92.0863,70.3047],[-91.9907,70.3251],[-92.0023,70.3488],[-91.9764,70.3668],[-92.0181,70.373],[-91.9982,70.3941],[-92.0362,70.392],[-92.0422,70.4214],[-92.1348,70.435],[-92.1116,70.4489],[-92.1117,70.4726],[-92.1777,70.4729],[-92.2856,70.4896],[-92.2303,70.5107],[-92.1932,70.5101],[-92.2157,70.5338],[-92.2508,70.5381],[-92.2624,70.5581],[-92.2508,70.579],[-92.2056,70.5718],[-92.1552,70.579],[-92.2154,70.6163],[-92.2499,70.6254],[-92.277,70.5808],[-92.3033,70.5734],[-92.3402,70.5995],[-92.3162,70.6014],[-92.3026,70.6337],[-92.3539,70.6479],[-92.4069,70.6549],[-92.4159,70.6678],[-92.6145,70.6889],[-92.6622,70.6787],[-92.6903,70.6889],[-92.6418,70.7093],[-92.6747,70.7246],[-92.7175,70.7298],[-92.6623,70.736],[-92.6959,70.7578],[-92.6752,70.7656],[-92.7681,70.7978],[-92.8202,70.8099],[-92.9459,70.8174],[-93.0215,70.8491],[-93.0527,70.8807],[-93.0002,70.8727],[-92.9428,70.8468],[-92.8541,70.8596],[-92.8964,70.884],[-92.9077,70.902],[-92.8951,70.9905],[-92.8541,71.0452],[-92.8862,71.0707],[-92.8611,71.1109],[-92.8587,71.1498],[-92.8829,71.189],[-92.9372,71.2233],[-92.931,71.2359],[-92.9479,71.2949],[-92.9975,71.3189],[-92.9811,71.337],[-92.9906,71.3571],[-93.0471,71.372],[-93.1277,71.3766],[-93.1679,71.394],[-93.1881,71.4157],[-93.2156,71.4691],[-93.2571,71.4837],[-93.3592,71.5021],[-93.4197,71.5358],[-93.5447,71.5539],[-93.635,71.5795],[-93.7355,71.6281],[-93.8205,71.6553],[-93.7157,71.7049],[-93.7038,71.7335],[-93.7209,71.7653],[-93.7612,71.7793],[-93.8088,71.7789],[-93.8974,71.753],[-93.9506,71.7509],[-93.9881,71.7589],[-94.0123,71.7782],[-94.0541,71.7892],[-94.1218,71.7604],[-94.1632,71.7646],[-94.1599,71.7829],[-94.2108,71.7923],[-94.2352,71.7813],[-94.2823,71.7361],[-94.4031,71.6649],[-94.4155,71.6655],[-94.3884,71.723],[-94.4,71.7457],[-94.3879,71.7825],[-94.3549,71.7987],[-94.4198,71.8123],[-94.447,71.7907],[-94.4652,71.8211],[-94.4921,71.826],[-94.5399,71.7713],[-94.5951,71.7435],[-94.6224,71.7646],[-94.6138,71.7962],[-94.6492,71.8198],[-94.5514,71.8505],[-94.4766,71.8534],[-94.4512,71.8676],[-94.4527,71.8859],[-94.5057,71.9017],[-94.4245,71.9095],[-94.4027,71.9222],[-94.4044,71.9459],[-94.4735,71.956],[-94.492,71.9904],[-94.5487,72.0021],[-95.2252,71.9495],[-95.2115,71.929],[-95.2593,71.9017],[-95.232,71.8942],[-95.2545,71.8792],[-95.2467,71.863],[-95.1787,71.8472],[-95.1017,71.8608],[-94.815,71.8511],[-94.759,71.8397],[-94.641,71.8734],[-94.6081,71.8676],[-94.6948,71.8356],[-94.7407,71.8293],[-94.8347,71.8424],[-94.9856,71.8476],[-95.0248,71.8408],[-95.0644,71.8471],[-95.1357,71.8328],[-95.2161,71.8295],[-95.2388,71.8198],[-95.2804,71.7782],[-95.2882,71.7519],[-95.2593,71.7373],[-95.302,71.7205],[-95.4921,71.723],[-95.5913,71.693],[-95.6193,71.6752],[-95.6776,71.6683],[-95.6786,71.6524],[-95.7252,71.6337],[-95.7766,71.6348],[-95.8464,71.627],[-95.9104,71.6069],[-95.8762,71.5932],[-95.8878,71.5802],[-95.9304,71.5705],[-95.9445,71.5522],[-95.8626,71.5386],[-95.8074,71.5107],[-95.6884,71.5096],[-95.628,71.4938],[-95.4921,71.4871],[-95.4764,71.5001],[-95.376,71.5107],[-95.4647,71.484],[-95.4784,71.4622],[-95.5204,71.4548],[-95.5487,71.4224],[-95.4832,71.3889],[-95.4374,71.3803],[-95.4784,71.3741],[-95.4722,71.3605],[-95.5882,71.3605],[-95.577,71.346],[-95.5194,71.3258],[-95.5364,71.2961],[-95.6583,71.2915],[-95.8398,71.3508],[-95.8824,71.3741],[-95.8956,71.3939],[-95.9859,71.4151],[-96.1335,71.4142],[-96.2117,71.3868],[-96.2684,71.3417],[-96.2803,71.3127],[-96.3266,71.2983],[-96.4471,71.2989],[-96.5069,71.2779],[-96.4721,71.2643],[-96.4311,71.2643],[-96.4591,71.1954],[-96.3759,71.1606],[-96.39,71.1478],[-96.4587,71.1715],[-96.549,71.1442],[-96.5615,71.1271],[-96.4869,71.0916],[-96.4197,71.0897],[-96.4106,71.1197],[-96.3759,71.1029],[-96.4152,71.0649],[-96.4681,71.0454],[-96.5,71.0452],[-96.4875,71.0285],[-96.5376,70.9179],[-96.5986,70.8599],[-96.6164,70.8258],[-96.6024,70.7913],[-96.5734,70.774],[-96.4652,70.7504],[-96.441,70.7386],[-96.3976,70.6889],[-96.3476,70.6654],[-96.2673,70.6396],[-96.1903,70.6247],[-96.1574,70.6337],[-96.1225,70.6564],[-95.9036,70.7093],[-95.8148,70.7156],[-95.8989,70.6926],[-95.9588,70.6815],[-96.0544,70.6442],[-96.0539,70.607],[-95.9177,70.5628],[-95.8024,70.5509],[-95.7989,70.5312],[-95.9952,70.5639],[-96.0749,70.5927],[-96.126,70.5792],[-96.1442,70.564],[-96.1369,70.5449],[-96.1711,70.5336],[-96.2058,70.5381],[-96.233,70.5712],[-96.3025,70.5191],[-96.3343,70.4869],[-96.3287,70.4487],[-96.3378,70.425],[-96.3622,70.4077],[-96.4226,70.4147],[-96.4448,70.4077],[-96.5106,70.3684],[-96.546,70.3406],[-96.5615,70.3153],[-96.5737,70.2344],[-96.5377,70.1739],[-96.5319,70.1362],[-96.4863,70.097],[-96.2564,69.9703],[-96.2223,69.9627],[-96.1749,69.9722],[-96.1101,69.9565],[-96.1069,69.9201],[-96.0885,69.9143],[-96.1227,69.9006],[-96.0817,69.8795],[-96.1134,69.8666],[-96.1569,69.884],[-96.2058,69.8658],[-96.0868,69.8463],[-96.0544,69.8323],[-95.9759,69.7862],[-95.9316,69.7919],[-95.869,69.7772],[-95.8301,69.8078],[-95.7869,69.7908],[-95.8279,69.7703],[-95.7869,69.743],[-95.751,69.7854],[-95.736,69.7908],[-95.6503,69.7839],[-95.5868,69.7422],[-95.5382,69.7308],[-95.4799,69.7073],[-95.4105,69.6859],[-95.2252,69.6467],[-95.1848,69.645],[-95.1639,69.6308],[-95.119,69.6195],[-95.0248,69.6268],[-94.9992,69.6195],[-95.0123,69.6058],[-94.9712,69.6092],[-94.9529,69.5891],[-94.8751,69.5716],[-94.7887,69.5782],[-94.7458,69.5943],[-94.7242,69.6195],[-94.7602,69.6473],[-94.7454,69.6678],[-94.6299,69.6877],[-94.6361,69.6542],[-94.6068,69.6328],[-94.5851,69.6482],[-94.561,69.6406],[-94.5279,69.5961],[-94.5217,69.5759],[-94.4474,69.5201],[-94.3822,69.4959],[-94.3222,69.453],[-94.1495,69.4345],[-93.9986,69.4414],[-93.9304,69.4354],[-93.8976,69.4393],[-93.8683,69.4543],[-93.8728,69.4865],[-93.8131,69.4959],[-93.8035,69.4822],[-93.6839,69.5233],[-93.558,69.5307],[-93.5058,69.5156],[-93.4508,69.4738],[-93.5264,69.4225],[-93.5878,69.3662],[-93.5557,69.3699],[-93.4779,69.3594],[-93.3859,69.3796],[-93.3619,69.373],[-93.4344,69.3568],[-93.4536,69.3321],[-93.4864,69.3188],[-93.5796,69.2995],[-93.6268,69.2749],[-93.6076,69.27],[-93.665,69.2488],[-93.7034,69.2254],[-93.7603,69.2107],[-93.8186,69.1752],[-93.8403,69.1687],[-93.8516,69.1861],[-93.8131,69.2222],[-93.8683,69.2181],[-93.8819,69.2291],[-93.8443,69.2425],[-93.8131,69.27],[-93.8605,69.2501],[-93.8819,69.2495],[-93.81,69.311],[-93.7866,69.315],[-93.7174,69.3451],[-93.6785,69.3547],[-93.6301,69.3902],[-93.5956,69.3994],[-93.5257,69.4414],[-93.6122,69.4396],[-93.7392,69.409],[-93.7945,69.3685],[-93.8462,69.3498],[-93.8854,69.3451],[-93.9304,69.3662],[-94.0266,69.3662],[-94.1146,69.3476],[-94.2379,69.3365],[-94.2816,69.3221],[-94.314,69.2979],[-94.2594,69.2768],[-94.3003,69.2495],[-94.2799,69.2291],[-94.3245,69.1707],[-94.324,69.1558],[-94.2528,69.127],[-94.1352,69.1328],[-94.0387,69.1584],[-94.0055,69.1601],[-94.077,69.1295],[-94.1077,69.1268],[-94.1725,69.1079],[-94.186,69.0859],[-94.1495,69.0646],[-94.1762,69.0495],[-94.2316,69.0372],[-94.2909,69.0377],[-94.3459,69.0258],[-94.3686,69.0093],[-94.4027,68.9621],[-94.4632,68.9417],[-94.4648,68.9547],[-94.5309,68.9773],[-94.5712,68.9819],[-94.602,68.9683],[-94.5987,68.9493],[-94.5668,68.9358],[-94.5843,68.9032],[-94.5505,68.8907],[-94.5599,68.8631],[-94.6041,68.8244],[-94.6361,68.756],[-94.5709,68.7629],[-94.52,68.7294],[-94.4985,68.7257],[-94.4657,68.7434],[-94.4125,68.723],[-94.2829,68.758],[-94.1099,68.7591],[-94.0592,68.7867],[-93.9778,68.8107],[-93.8954,68.86],[-93.8262,68.8793],[-93.8131,68.8995],[-93.9434,68.8585],[-93.923,68.8858],[-93.944,68.8831],[-93.9782,68.8583],[-94.0251,68.8408],[-94.0806,68.8523],[-94.0499,68.8613],[-94.0738,68.8858],[-94.0446,68.9163],[-93.9688,68.9475],[-93.9588,68.9658],[-93.923,68.982],[-93.9508,68.9957],[-93.9025,69.0236],[-93.9366,69.0298],[-93.868,69.0611],[-93.8271,69.0692],[-93.8,69.0646],[-93.8655,69.0373],[-93.8967,69.0176],[-93.9093,68.9957],[-93.8336,69.0093],[-93.8758,68.9752],[-93.8573,68.9626],[-93.827,68.9616],[-93.7721,68.9752],[-93.7386,68.9683],[-93.6608,68.9722],[-93.6349,68.9621],[-93.6561,68.9404],[-93.6377,68.9361],[-93.6492,68.8995],[-93.6372,68.8878],[-93.5772,68.8622],[-93.5817,68.8315],[-93.637,68.8041],[-93.6534,68.7642],[-93.6876,68.7612],[-93.6976,68.7486],[-93.6793,68.7319],[-93.7057,68.6646],[-93.7523,68.6195],[-93.7305,68.6118],[-93.6453,68.6258],[-93.5803,68.6121],[-93.3964,68.6329],[-93.4464,68.6149],[-93.5238,68.6073],[-93.5447,68.5972],[-93.5462,68.5643],[-93.6212,68.5506],[-93.6614,68.5307],[-93.724,68.5201],[-93.7574,68.506],[-93.9498,68.4758],[-94.1224,68.4223],[-94.1387,68.3988],[-94.203,68.3738],[-94.2118,68.3272],[-94.1933,68.2887],[-94.2109,68.2695],[-94.2482,68.2588],[-94.3409,68.2443],[-94.3826,68.2198],[-94.4512,68.2012],[-94.4746,68.1832],[-94.5604,68.1633],[-94.6483,68.1206],[-94.6839,68.1084],[-94.701,68.0814],[-94.7384,68.0583],[-94.7982,68.0381],[-94.861,68.0309],[-94.9313,68.0605],[-95.0123,68.0504],[-95.0397,68.0552],[-95.0948,68.0913],[-95.1417,68.085],[-95.2281,68.0456],[-95.2535,68.0462],[-95.2183,68.0776],[-95.2318,68.0848],[-95.2729,68.0776],[-95.4503,68.0718],[-95.4784,68.0634],[-95.4312,68.0572],[-95.4217,68.02],[-95.4449,68.0094],[-95.4652,67.9746],[-95.5267,67.9442],[-95.582,67.8995],[-95.5365,67.8867],[-95.5268,67.8485],[-95.5455,67.8083],[-95.5851,67.7897],[-95.6296,67.7879],[-95.6292,67.776],[-95.6761,67.7654],[-95.7052,67.7414],[-95.6957,67.7115],[-95.6636,67.6964],[-95.5922,67.6837],[-95.5504,67.6562],[-95.4632,67.6393],[-95.4383,67.6038],[-95.3555,67.5671],[-95.3253,67.5305],[-95.3249,67.5108],[-95.3993,67.478],[-95.4138,67.4566],[-95.3713,67.4392],[-95.359,67.3949],[-95.3302,67.3435],[-95.3021,67.3284],[-95.1754,67.2896],[-95.1728,67.2786],[-95.2556,67.2623],[-95.2685,67.2112],[-95.3437,67.1588],[-95.3486,67.1454],[-95.3236,67.1172],[-95.3481,67.0834],[-95.2915,67.0312],[-95.3009,67.0089],[-95.2332,66.9897],[-95.2183,66.9741],[-95.2533,66.9456],[-95.2524,66.9331],[-95.2952,66.904],[-95.3419,66.8996],[-95.3885,66.9121],[-95.4107,66.9331],[-95.4732,66.9202],[-95.5067,66.9025],[-95.5752,66.9126],[-95.6702,66.9126],[-95.7338,66.9031],[-95.7528,66.9057],[-95.7663,66.9331],[-95.8273,66.9435],[-95.8714,66.9288],[-95.9242,66.947],[-95.9761,66.9539],[-96.0285,66.9514],[-96.092,66.927],[-96.0764,66.9031],[-96.0287,66.8813],[-95.9997,66.8511],[-95.9308,66.8307],[-95.8916,66.8055],[-95.8368,66.756],[-95.7921,66.737],[-95.7648,66.6913],[-95.7322,66.6799],[-95.7008,66.6826],[-95.6739,66.697],[-95.6847,66.7321],[-95.655,66.731],[-95.6305,66.6894],[-95.6435,66.6693],[-95.712,66.6588],[-95.7407,66.6483],[-95.7922,66.602],[-95.821,66.5911],[-95.7834,66.6385],[-95.7854,66.6811],[-95.8315,66.7242],[-95.8642,66.7665],[-96.0592,66.822],[-96.1124,66.8413],[-96.1261,66.8822],[-96.1527,66.9006],[-96.2467,66.9269],[-96.3011,66.9749],[-96.3976,66.9946],[-96.4169,67.0293],[-96.4557,67.0598],[-96.4543,67.0688],[-96.3922,67.0933],[-96.3492,67.0703],[-96.2982,67.0758],[-96.2646,67.0494],[-96.2814,67.0112],[-96.2598,66.9914],[-96.2218,66.9837],[-96.15,66.9936],[-96.1158,66.9883],[-96.1574,66.9678],[-96.1271,66.957],[-96.0934,66.9569],[-96.027,66.9741],[-96.0487,67.0165],[-95.9805,67.0647],[-95.9558,67.0745],[-95.9308,67.0703],[-95.9671,67.0469],[-95.9923,67.0089],[-95.9618,67.009],[-95.9377,66.9604],[-95.9137,66.9478],[-95.882,66.9468],[-95.7659,66.9591],[-95.6579,66.983],[-95.6019,66.9883],[-95.6366,66.9678],[-95.6035,66.9468],[-95.4764,66.9542],[-95.4215,66.9493],[-95.4032,66.9741],[-95.3669,66.9627],[-95.3477,66.9738],[-95.3275,67.0225],[-95.3378,67.0417],[-95.4032,67.056],[-95.413,67.0814],[-95.3794,67.1079],[-95.3965,67.1392],[-95.3871,67.1606],[-95.4374,67.2006],[-95.4427,67.1518],[-95.4864,67.143],[-95.4784,67.1801],[-95.4995,67.1938],[-95.4852,67.2006],[-95.5219,67.2196],[-95.6211,67.2031],[-95.664,67.2069],[-95.6435,67.228],[-95.6661,67.2241],[-95.7066,67.1943],[-95.8073,67.1692],[-95.8353,67.1658],[-95.8117,67.1929],[-95.5845,67.3013],[-95.5541,67.3242],[-95.536,67.3567],[-95.5612,67.3763],[-95.6033,67.3871],[-95.623,67.3794],[-95.6378,67.3477],[-95.678,67.335],[-95.735,67.3765],[-95.78,67.3651],[-95.7904,67.3486],[-95.9081,67.2866],[-95.9611,67.2905],[-96.0066,67.2552],[-96.0751,67.2258],[-96.1107,67.2219],[-96.1369,67.2347],[-96.1422,67.2626],[-96.1711,67.2552],[-96.253,67.2477],[-96.2253,67.3221],[-96.1711,67.344],[-96.1225,67.3835],[-96.1114,67.4154],[-96.068,67.4409],[-96.096,67.447],[-96.0959,67.4675],[-96.1193,67.4713],[-96.1532,67.4422],[-96.21,67.4256],[-96.2604,67.4409],[-96.326,67.4407],[-96.3759,67.4632],[-96.3622,67.4811],[-96.3921,67.4961],[-96.4243,67.4948],[-96.4596,67.4748],[-96.4652,67.5122],[-96.4311,67.5433],[-96.4652,67.5495],[-96.3914,67.567],[-96.3572,67.5828],[-96.335,67.6121],[-96.3439,67.6894],[-96.3072,67.6964],[-96.2909,67.663],[-96.2671,67.6373],[-96.2325,67.6252],[-96.1972,67.627],[-96.1819,67.6429],[-96.1711,67.7003],[-96.2058,67.6804],[-96.2223,67.704],[-96.1913,67.7365],[-96.2095,67.7535],[-96.2164,67.7803],[-96.212,67.8312],[-96.1759,67.8663],[-96.1682,67.8933],[-96.1227,67.9684],[-96.0817,68.0094],[-96.086,68.0377],[-96.0464,68.0764],[-96.0244,68.1157],[-96.0817,68.1459],[-96.0424,68.1887],[-95.9388,68.2525],[-95.8967,68.2967],[-95.9377,68.2906],[-96.0094,68.2523],[-96.1505,68.2285],[-96.2126,68.2103],[-96.2933,68.1989],[-96.3153,68.1892],[-96.3981,68.1714],[-96.4913,68.1348],[-96.525,68.116],[-96.5485,68.0851],[-96.4789,68.0906],[-96.4857,68.0709],[-96.4448,68.0504],[-96.5194,68.0362],[-96.5627,68.0405],[-96.5926,68.0687],[-96.6577,68.0572],[-96.6771,68.0216],[-96.6918,68.0162],[-96.7645,68.0172],[-96.8019,68.0268],[-96.8148,68.0504],[-96.795,68.072],[-96.685,68.0913],[-96.6918,68.105],[-96.6377,68.1135],[-96.6247,68.1253],[-96.6434,68.1397],[-96.5245,68.1917],[-96.4895,68.218],[-96.4796,68.2732],[-96.4694,68.286],[-96.4038,68.3179],[-96.4862,68.3034],[-96.592,68.2542],[-96.6222,68.2348],[-96.6339,68.2139],[-96.6086,68.1943],[-96.6415,68.189],[-96.6813,68.2111],[-96.6795,68.2387],[-96.6304,68.2496],[-96.6574,68.2592],[-96.6714,68.2831],[-96.69,68.2864],[-96.9264,68.2427],[-96.9716,68.2539],[-97.0806,68.2657],[-97.072,68.3005],[-97.0561,68.3066],[-96.9935,68.2967],[-97.0099,68.35],[-97.1407,68.3714],[-97.171,68.3856],[-97.1435,68.3978],[-97.1095,68.393],[-97.2491,68.4459],[-97.2604,68.4687],[-97.43,68.5056],[-97.5624,68.5029],[-97.5916,68.4922],[-97.621,68.4621],[-97.5751,68.4476],[-97.5276,68.4544],[-97.5037,68.4408],[-97.5294,68.4207],[-97.6115,68.4439],[-97.6359,68.4554],[-97.6576,68.4824],[-97.6614,68.5063],[-97.7055,68.5278],[-97.7961,68.5321],[-97.8563,68.5438],[-97.9252,68.5301],[-97.9796,68.5471],[-97.9971,68.5404],[-98.0105,68.4991],[-97.9864,68.4818],[-97.8984,68.4476],[-97.9075,68.4302],[-97.868,68.4166],[-97.793,68.4095],[-97.7543,68.389],[-97.7476,68.3687],[-97.7816,68.3712],[-97.8512,68.3896],[-97.9083,68.3915],[-97.9047,68.3446],[-98.0956,68.3675],[-98.1105,68.3497],[-98.0685,68.3377],[-98.1058,68.3217],[-98.1514,68.3347],[-98.1924,68.3077],[-98.2131,68.3042],[-98.2532,68.3176],[-98.3176,68.3568],[-98.4307,68.3768],[-98.5011,68.4169],[-98.526,68.4254],[-98.5408,68.4148],[-98.4595,68.3651],[-98.4774,68.3525],[-98.5415,68.3651],[-98.5148,68.3315],[-98.5444,68.3397],[-98.6308,68.3824],[-98.6731,68.3865],[-98.7134,68.3793],[-98.7181,68.3676],[-98.6861,68.3514],[-98.5922,68.2916],[-98.5423,68.2673],[-98.4875,68.2496],[-98.499,68.2388],[-98.5415,68.2359],[-98.4863,68.2156],[-98.3681,68.1898],[-98.3155,68.1671],[-98.3245,68.1281],[-98.3636,68.094],[-98.4114,68.0825],[-98.4391,68.1186],[-98.4261,68.1481],[-98.4305,68.1689],[-98.4794,68.1904],[-98.5284,68.1623],[-98.5353,68.1397],[-98.5771,68.1561],[-98.5726,68.1381],[-98.449,68.0709],[-98.4169,68.0225],[-98.3837,67.9987],[-98.3087,67.9753],[-98.2233,67.9341],[-98.1715,67.8757],[-98.095,67.8366],[-98.0487,67.8381],[-98.0641,67.8747],[-98.0589,67.9169],[-98.0015,67.9595],[-97.977,67.9305],[-97.9575,67.929],[-97.8705,67.9684],[-97.7948,67.9753],[-97.7743,67.9875],[-97.7296,67.9733],[-97.7134,67.9827],[-97.7095,68.0128],[-97.6932,68.0227],[-97.6409,68.0094],[-97.5736,67.9743],[-97.4712,67.9354],[-97.3975,67.8867],[-97.327,67.8759],[-97.2952,67.8859],[-97.2628,67.9219],[-97.2496,67.9246],[-97.2228,67.9029],[-97.1974,67.86],[-97.1648,67.8449],[-97.1208,67.793],[-97.1201,67.7794],[-97.2111,67.734],[-97.2262,67.7145],[-97.156,67.7174],[-97.0936,67.7009],[-97.0611,67.6804],[-97.152,67.6746],[-97.1969,67.6644],[-97.1921,67.6395],[-97.2132,67.6246],[-97.2746,67.6667],[-97.3351,67.6529],[-97.415,67.6107],[-97.4955,67.6081],[-97.5579,67.5954],[-97.5903,67.603],[-97.6559,67.645],[-97.7122,67.6457],[-97.7408,67.6524],[-97.796,67.6846],[-97.831,67.6925],[-97.9084,67.694],[-97.9394,67.7044],[-97.975,67.7452],[-98.0487,67.7692],[-98.0921,67.7603],[-98.1753,67.848],[-98.226,67.8873],[-98.2411,67.9138],[-98.314,67.9551],[-98.3478,67.9645],[-98.5223,68.0456],[-98.568,68.0885],[-98.597,68.0943],[-98.6445,68.0709],[-98.7167,68.0749],[-98.7428,68.06],[-98.7339,68.0367],[-98.727,67.9578],[-98.7128,67.9449],[-98.6444,67.9187],[-98.609,67.9101],[-98.5694,67.8859],[-98.5005,67.8654],[-98.4595,67.8722],[-98.361,67.8113],[-98.3786,67.79],[-98.5893,67.7828],[-98.6138,67.7856],[-98.6649,67.8101],[-98.6983,67.8096],[-98.6998,67.7897],[-98.7323,67.7541],[-98.7799,67.7483],[-98.8779,67.7555],[-98.9034,67.7475],[-98.9154,67.7116],[-98.9364,67.6968],[-98.9817,67.722],[-99.0558,67.7196],[-99.109,67.7292],[-99.1584,67.7145],[-99.1932,67.722],[-99.2267,67.7145],[-99.2529,67.7235],[-99.2953,67.7554],[-99.3578,67.7654],[-99.4237,67.7941],[-99.4874,67.7828],[-99.4949,67.7965],[-99.5675,67.8077],[-99.6196,67.7939],[-99.6488,67.7969],[-99.6861,67.8165],[-99.7678,67.8265],[-99.7953,67.8244],[-99.7927,67.8049],[-99.817,67.8009],[-99.9122,67.8232],[-99.9678,67.8101],[-100.0287,67.8244],[-100.0805,67.817],[-100.1664,67.8449],[-100.4128,67.8511],[-100.4589,67.8425],[-100.5443,67.8075],[-100.5904,67.7965],[-100.5841,67.8347],[-100.5928,67.847],[-100.6456,67.8312],[-100.6873,67.8483],[-100.717,67.847],[-100.735,67.817],[-100.7691,67.8265],[-100.8136,67.8014],[-100.8496,67.7968],[-100.892,67.8249],[-100.9231,67.8207],[-100.9222,67.8032],[-100.8922,67.7706],[-100.9193,67.7555],[-100.9569,67.7492],[-101.0976,67.7491],[-101.0948,67.7866],[-101.1567,67.7589],[-101.1903,67.7587],[-101.235,67.776],[-101.2524,67.7697],[-101.2418,67.7369],[-101.2816,67.7202],[-101.3408,67.7282],[-101.3821,67.7185],[-101.4097,67.7317],[-101.4477,67.7344],[-101.4459,67.7133],[-101.3998,67.694],[-101.4364,67.6881],[-101.4717,67.6972],[-101.5294,67.6804],[-101.6219,67.7006],[-101.6735,67.694],[-101.7418,67.7276],[-101.7703,67.7282],[-101.798,67.7081],[-101.8265,67.7173],[-101.838,67.7419],[-101.8998,67.7491],[-101.9391,67.7858],[-101.9806,67.7916],[-101.9888,67.7692],[-102.0257,67.7505],[-102.0631,67.7482],[-102.1014,67.7556],[-102.1307,67.7751],[-102.1676,67.7555],[-102.2284,67.7351],[-102.201,67.7003],[-102.2318,67.6951],[-102.2538,67.7304],[-102.3059,67.7233],[-102.3408,67.7509],[-102.4511,67.7823],[-102.7626,67.8151],[-102.8385,67.8449],[-102.9092,67.8851],[-102.9484,67.9268],[-103.0167,67.92],[-103.083,67.9275],[-103.1545,67.9676],[-103.2562,67.9731],[-103.3178,68.0077],[-103.3635,68.0115],[-103.3797,68.0776],[-103.3388,68.1118],[-103.3866,68.1596],[-103.4425,68.1674],[-103.5284,68.133],[-103.5477,68.1132],[-103.5438,68.0714],[-103.5718,68.0583],[-103.6162,68.0572],[-103.6871,68.072],[-103.722,68.0642],[-103.7565,68.0367],[-103.8356,68.0213],[-103.8786,68.0233],[-103.9903,68.0487],[-104.1476,68.0242],[-104.2295,68.0299],[-104.317,68.0571],[-104.3633,68.0367],[-104.4839,68.0339],[-104.5106,68.0429],[-104.4999,68.0607],[-104.5294,68.0767],[-104.5735,68.0784],[-104.5994,68.0947],[-104.6037,68.1287],[-104.6173,68.1396],[-104.6757,68.1397],[-104.6173,68.2025],[-104.602,68.2353],[-104.6341,68.2496],[-104.7851,68.2491],[-104.8201,68.2651],[-104.8846,68.2295],[-104.9352,68.2359],[-104.945,68.2606],[-104.8565,68.2808],[-104.8422,68.2919],[-104.8489,68.3271],[-104.8942,68.3514],[-104.9034,68.3314],[-104.9532,68.3074],[-104.9842,68.3227],[-105.0334,68.3091],[-105.086,68.3104],[-104.9967,68.2769],[-105.0392,68.2591],[-105.0951,68.2695],[-105.3231,68.3544],[-105.3535,68.3793],[-105.3331,68.4135],[-105.3669,68.4206],[-105.527,68.4103],[-105.5515,68.4277],[-105.536,68.4499],[-105.4852,68.4662],[-105.4201,68.4943],[-105.3815,68.4886],[-105.3402,68.4697],[-105.3262,68.4749],[-105.3262,68.5159],[-105.3874,68.5203],[-105.4092,68.5306],[-105.4666,68.5976],[-105.5392,68.6501],[-105.5453,68.6667],[-105.4855,68.6915],[-105.4696,68.722],[-105.5224,68.7537],[-105.6068,68.7902],[-105.6785,68.8322],[-105.712,68.8419],[-105.7508,68.8659],[-105.8122,68.8858],[-105.9978,68.8995],[-106.1975,68.9444],[-106.2442,68.9404],[-106.2721,68.9069],[-106.3058,68.8964],[-106.3805,68.8863],[-106.451,68.8651],[-106.5663,68.8523],[-106.6657,68.8162],[-106.7032,68.8113],[-106.7994,68.8175],[-106.9108,68.8004],[-107.0751,68.7574],[-107.1529,68.7497],[-107.2926,68.7014],[-107.4257,68.7001],[-107.4832,68.6851],[-107.6283,68.6741],[-107.7531,68.646],[-107.8064,68.6535],[-108.2808,68.6216],[-108.3472,68.6001],[-108.4061,68.5609],[-108.5946,68.3992],[-108.755,68.3392],[-108.744,68.3063],[-108.7797,68.2831],[-108.8151,68.2742],[-108.796,68.2549],[-108.7322,68.2349],[-108.6975,68.2558],[-108.5998,68.2558],[-108.5602,68.2788],[-108.4527,68.3126],[-108.4166,68.3042],[-108.4022,68.2689],[-108.441,68.2241],[-108.4576,68.1869],[-108.4098,68.1807],[-108.3805,68.2316],[-108.3516,68.2324],[-108.3279,68.2046],[-108.3376,68.1551],[-108.3542,68.1404],[-108.3825,68.1397],[-108.3614,68.1596],[-108.4181,68.1648],[-108.44,68.1457],[-108.42,68.1224],[-108.3892,68.111],[-108.2433,68.1455],[-108.1846,68.1696],[-108.1491,68.1733],[-107.9892,68.1723],[-108.0096,68.1546],[-107.9247,68.148],[-107.8959,68.1528],[-107.8647,68.1772],[-107.8443,68.1807],[-107.7314,68.1807],[-107.6413,68.1662],[-107.6031,68.175],[-107.6204,68.1833],[-107.7296,68.2072],[-107.7794,68.2407],[-107.8242,68.2421],[-107.861,68.2519],[-107.889,68.2695],[-107.8473,68.3332],[-107.8063,68.3452],[-107.745,68.3315],[-107.6925,68.3425],[-107.5465,68.3518],[-107.5089,68.3236],[-107.4713,68.319],[-107.3746,68.3237],[-107.3008,68.3073],[-107.2739,68.2687],[-107.2462,68.2673],[-107.1895,68.2769],[-107.1408,68.2721],[-107.1311,68.3007],[-107.0973,68.321],[-107.0223,68.3485],[-107.009,68.3713],[-106.9568,68.3725],[-106.9144,68.3857],[-106.8397,68.3715],[-106.81,68.3708],[-106.7923,68.3856],[-106.8111,68.3984],[-106.7867,68.4149],[-106.724,68.3825],[-106.7169,68.3514],[-106.6517,68.3514],[-106.6042,68.3073],[-106.5803,68.2976],[-106.5281,68.3011],[-106.5663,68.3411],[-106.5562,68.3588],[-106.4875,68.3892],[-106.4879,68.4074],[-106.5161,68.4158],[-106.5731,68.4202],[-106.6119,68.4384],[-106.6352,68.4687],[-106.5697,68.4687],[-106.5491,68.4486],[-106.5098,68.4586],[-106.5309,68.4849],[-106.5596,68.4886],[-106.5389,68.5078],[-106.4545,68.5095],[-106.4224,68.5159],[-106.5533,68.5159],[-106.522,68.5267],[-106.087,68.5925],[-106.0572,68.6015],[-106.0524,68.6195],[-105.9412,68.6401],[-105.8791,68.6393],[-105.8166,68.6129],[-105.7659,68.618],[-105.7277,68.6383],[-105.6483,68.6387],[-105.6927,68.6226],[-105.706,68.5947],[-105.7787,68.5507],[-105.765,68.5296],[-105.706,68.5063],[-105.6976,68.4888],[-105.7476,68.421],[-105.7986,68.4277],[-105.8184,68.4551],[-105.8433,68.424],[-105.8741,68.4105],[-105.942,68.4263],[-105.9705,68.4277],[-105.991,68.3964],[-106.0524,68.3998],[-106.1224,68.366],[-106.1486,68.3651],[-106.1821,68.393],[-106.2511,68.393],[-106.276,68.3869],[-106.3541,68.3514],[-106.4159,68.3554],[-106.4457,68.3513],[-106.4708,68.3315],[-106.426,68.3043],[-106.4488,68.2713],[-106.4944,68.2458],[-106.4841,68.2287],[-106.3466,68.1869],[-106.4018,68.1807],[-106.4435,68.1528],[-106.4773,68.1911],[-106.5995,68.2463],[-106.6315,68.2496],[-106.6394,68.2376],[-106.6272,68.1852],[-106.6449,68.1733],[-106.6998,68.1983],[-106.6824,68.2285],[-106.753,68.2288],[-106.7888,68.224],[-106.8134,68.208],[-106.7628,68.1682],[-106.7458,68.1396],[-106.7582,68.105],[-106.8661,68.1231],[-106.9261,68.1265],[-106.9704,68.1118],[-106.9525,68.1001],[-107.0256,68.105],[-107.1349,68.0913],[-107.1076,68.126],[-107.1466,68.1318],[-107.1916,68.1179],[-107.2721,68.0776],[-107.3727,68.0474],[-107.4287,68.0427],[-107.5067,68.0623],[-107.583,68.0666],[-107.6919,68.0456],[-107.7382,68.0162],[-107.7519,67.9951],[-107.7741,67.9886],[-107.8344,68.0094],[-107.8182,68.0246],[-107.7382,68.0429],[-107.8021,68.0449],[-107.814,68.0572],[-107.7189,68.0612],[-107.6973,68.0776],[-107.7501,68.0919],[-107.814,68.0913],[-107.8463,68.1071],[-107.8795,68.093],[-107.8899,68.0736],[-107.8959,68.0264],[-107.9186,68.0055],[-107.8927,67.9879],[-107.8344,67.9815],[-107.8039,67.955],[-107.7508,67.9655],[-107.6716,67.9538],[-107.6593,67.9467],[-107.6873,67.9112],[-107.8673,67.8625],[-107.9416,67.8543],[-107.9613,67.8207],[-107.9997,67.7796],[-108.0188,67.7351],[-107.9896,67.6933],[-107.8659,67.6309],[-107.8113,67.6203],[-107.7456,67.5926],[-107.7078,67.5706],[-107.6687,67.5291],[-107.6147,67.5159],[-107.5858,67.5012],[-107.5836,67.478],[-107.6283,67.4504],[-107.6352,67.4061],[-107.6514,67.4003],[-107.6973,67.4265],[-107.7223,67.421],[-107.695,67.3874],[-107.6567,67.3725],[-107.5889,67.3105],[-107.5591,67.2679],[-107.5456,67.2301],[-107.527,67.2123],[-107.4235,67.1579],[-107.3363,67.1424],[-107.2858,67.1249],[-107.2237,67.1317],[-107.2032,67.1249],[-107.2516,67.0976],[-107.2464,67.0842],[-107.3612,67.0668],[-107.4034,67.0412],[-107.3131,67.015],[-107.2674,66.9894],[-107.1349,66.8922],[-107.1622,66.8785],[-107.0877,66.8307],[-107.0877,66.8232],[-107.1319,66.8303],[-107.2215,66.902],[-107.3085,66.9346],[-107.3541,66.9613],[-107.401,66.9743],[-107.4414,66.963],[-107.4042,66.9187],[-107.3956,66.8922],[-107.4116,66.879],[-107.4844,66.8859],[-107.4518,66.8478],[-107.4092,66.8171],[-107.4315,66.8078],[-107.4775,66.845],[-107.4994,66.8283],[-107.5254,66.8254],[-107.5737,66.845],[-107.5348,66.868],[-107.5412,66.8846],[-107.5874,66.8996],[-107.5953,66.8815],[-107.6347,66.8953],[-107.65,66.9196],[-107.6973,66.9536],[-107.6465,66.9558],[-107.6048,66.93],[-107.5482,66.918],[-107.5318,66.9299],[-107.4844,66.9194],[-107.524,67.0204],[-107.6178,67.074],[-107.643,67.0771],[-107.6672,67.0661],[-107.6064,66.9839],[-107.6199,66.9663],[-107.6876,66.9822],[-107.7375,67.0115],[-107.7587,67.0089],[-107.7685,66.9778],[-107.7655,66.9461],[-107.7178,66.8785],[-107.7095,66.8312],[-107.6898,66.7686],[-107.7135,66.753],[-107.7431,66.7539],[-107.7997,66.7686],[-107.7674,66.7394],[-107.6587,66.7077],[-107.6267,66.6625],[-107.5737,66.6252],[-107.5635,66.5946],[-107.4945,66.5622],[-107.4514,66.548],[-107.4352,66.5108],[-107.4159,66.4982],[-107.2933,66.4417],[-107.2499,66.4139],[-107.2379,66.3918],[-107.2018,66.3785],[-107.2099,66.3591],[-107.2415,66.3485],[-107.2758,66.3608],[-107.3649,66.4335],[-107.4167,66.4465],[-107.4455,66.4656],[-107.498,66.5362],[-107.5211,66.5534],[-107.5533,66.5563],[-107.5404,66.5405],[-107.5655,66.5307],[-107.6352,66.57],[-107.7001,66.621],[-107.7245,66.6321],[-107.6898,66.6457],[-107.7657,66.6914],[-107.8324,66.7483],[-107.889,66.7618],[-107.8575,66.7238],[-107.8754,66.7072],[-107.8685,66.6721],[-107.8889,66.6697],[-107.9435,66.7235],[-107.9496,66.7445],[-107.9368,66.7823],[-107.9952,66.8322],[-108.0535,66.8511],[-108.1865,66.8389],[-108.2317,66.8511],[-108.201,66.858],[-108.1361,66.8601],[-108.1133,66.9232],[-108.1195,66.9394],[-108.1636,66.9645],[-108.2215,66.9794],[-108.3042,66.9836],[-108.3397,66.9904],[-108.3647,67.0172],[-108.4071,67.0378],[-108.4508,67.0703],[-108.4745,67.0761],[-108.4923,67.0634],[-108.4889,67.0419],[-108.5267,67.0415],[-108.5494,67.0685],[-108.5675,67.1113],[-108.6221,67.1597],[-108.5892,67.1582],[-108.5122,67.1113],[-108.4237,67.0855],[-108.3696,67.0613],[-108.303,67.0404],[-108.215,67.0274],[-108.1898,67.0317],[-108.1975,67.056],[-108.1634,67.0634],[-108.1394,67.08],[-108.0777,67.0701],[-108.0399,67.0839],[-107.9547,67.0688],[-107.8854,67.0482],[-107.8856,67.0925],[-107.9164,67.1392],[-107.8754,67.1392],[-107.8927,67.1694],[-107.9925,67.2825],[-108.2641,67.3813],[-108.2869,67.3924],[-108.3243,67.4351],[-108.3863,67.4493],[-108.444,67.434],[-108.444,67.4061],[-108.4303,67.3856],[-108.4361,67.3569],[-108.4713,67.3515],[-108.4932,67.3654],[-108.5104,67.392],[-108.5259,67.4504],[-108.5181,67.4816],[-108.5245,67.5056],[-108.5848,67.5773],[-108.5811,67.6085],[-108.5991,67.6253],[-108.6399,67.6295],[-108.7108,67.6252],[-108.7307,67.6158],[-108.7384,67.5932],[-108.7445,67.4543],[-108.7569,67.4146],[-108.7797,67.3794],[-108.8241,67.3572],[-108.8412,67.3677],[-108.848,67.3955],[-108.866,67.4146],[-108.9326,67.4169],[-108.9299,67.434],[-108.9969,67.449],[-109.0226,67.4877],[-108.9294,67.5318],[-108.9337,67.5463],[-108.974,67.5757],[-108.9971,67.656],[-109.0129,67.6793],[-109.0746,67.722],[-109.2598,67.7351],[-109.3011,67.7209],[-109.4042,67.7419],[-109.3824,67.7555],[-109.4059,67.7698],[-109.4519,67.7443],[-109.4955,67.7408],[-109.5128,67.7282],[-109.4908,67.718],[-109.4977,67.7033],[-109.5387,67.689],[-109.7167,67.7192],[-109.7436,67.7287],[-109.7427,67.7453],[-109.7208,67.7502],[-109.6508,67.7398],[-109.6226,67.7419],[-109.6512,67.7541],[-109.7462,67.776],[-109.7376,67.791],[-109.6984,67.8101],[-109.7834,67.8389],[-109.832,67.8736],[-109.8707,67.8827],[-109.9522,67.8859],[-109.9106,67.8585],[-109.9331,67.8342],[-109.9669,67.8338],[-109.9948,67.8526],[-109.9994,67.8859],[-109.9747,67.9357],[-109.9712,67.9673],[-110.0596,68.0051],[-110.131,68.0104],[-110.1778,67.9988],[-110.203,67.9741],[-110.1884,67.9542],[-110.1297,67.9268],[-110.1582,67.9184],[-110.2191,67.9479],[-110.2793,67.9642],[-110.3426,67.9684],[-110.3284,67.9479],[-110.4208,67.9484],[-110.532,67.9157],[-110.5766,67.8885],[-110.6778,67.8791],[-110.7509,67.8623],[-110.8218,67.817],[-110.8471,67.8069],[-110.9042,67.8005],[-111.019,67.7681],[-111.0375,67.7668],[-111.0881,67.7907],[-111.1563,67.7677],[-111.2122,67.7624],[-111.1797,67.7755],[-111.1717,67.7946],[-111.2122,67.7897],[-111.1644,67.817],[-111.1528,67.8312],[-111.1674,67.8461],[-111.2167,67.8337],[-111.292,67.8261],[-111.3668,67.7863],[-111.4009,67.7521],[-111.4528,67.7357],[-111.4693,67.7443],[-111.4592,67.7692],[-111.535,67.7692],[-111.5759,67.7487],[-111.5456,67.7214],[-111.8797,67.7641],[-111.9315,67.7487],[-111.9043,67.7419],[-111.9315,67.722],[-111.8992,67.7132],[-111.8708,67.694],[-111.8855,67.6852],[-111.926,67.694],[-111.9801,67.694],[-111.9977,67.7406],[-112.0277,67.7487],[-112.1861,67.7282],[-112.3276,67.7456],[-112.371,67.7351],[-112.3431,67.703],[-112.3546,67.6943],[-112.421,67.6824],[-112.7494,67.6765],[-112.8334,67.6873],[-113.042,67.6736],[-113.0823,67.6765],[-113.1929,67.7003],[-113.3158,67.7109],[-113.6808,67.6947],[-113.8588,67.6962],[-113.9422,67.7106],[-113.9813,67.7242],[-114.1721,67.7423],[-114.2002,67.7419],[-114.2616,67.7282],[-114.3298,67.7282],[-114.3979,67.7419],[-114.5353,67.7969],[-114.5428,67.7829],[-114.599,67.7746],[-114.6349,67.7818],[-114.7165,67.8116],[-114.7892,67.817],[-114.9965,67.7927],[-115.1182,67.8039],[-115.1263,67.8129],[-115.1872,67.8244],[-115.2827,67.8722],[-115.256,67.8859],[-115.3935,67.8791],[-115.5361,67.9034],[-115.5338,67.9344],[-115.4683,67.9405],[-115.3024,67.9733],[-115.203,67.9822],[-115.1676,68.0004],[-115.112,68.0162],[-115.1287,68.0229],[-115.1871,68.023],[-115.2491,68.0429],[-115.2281,68.0913],[-115.1837,68.1224],[-115.1795,68.1418],[-115.2417,68.1869],[-114.8961,68.1514],[-114.8602,68.1566],[-114.8336,68.1911],[-114.7551,68.1943],[-114.8387,68.2363],[-114.8873,68.2479],[-114.9686,68.2831],[-114.9415,68.2913],[-114.837,68.2626],[-114.6243,68.2521],[-114.4503,68.2695],[-114.378,68.253],[-114.3374,68.2359],[-114.2685,68.2359],[-114.2052,68.2575],[-114.0812,68.2407],[-114.0355,68.2412],[-114.0152,68.2527],[-114.0568,68.3042],[-114.0419,68.3222],[-113.9632,68.3678],[-113.9484,68.3922],[-113.9054,68.3998],[-113.9543,68.4356],[-113.9884,68.4344],[-114.005,68.3998],[-114.0594,68.3974],[-114.1108,68.4135],[-114.1117,68.4396],[-114.0568,68.4408],[-114.0799,68.4945],[-114.1283,68.5201],[-114.1797,68.5387],[-114.1829,68.564],[-114.201,68.5719],[-114.3753,68.607],[-114.4012,68.6169],[-114.4189,68.6412],[-114.4678,68.6667],[-114.4398,68.6872],[-114.5226,68.7172],[-114.7421,68.7553],[-114.8293,68.8139],[-114.9878,68.8674],[-115.035,68.8751],[-115.0773,68.8659],[-115.0636,68.8523],[-115.1144,68.8564],[-115.2113,68.8957],[-115.3789,68.9211],[-115.443,68.9423],[-115.4971,68.946],[-115.5878,68.9752],[-115.7147,68.9683],[-115.8017,68.9914],[-115.9164,69.0102],[-115.9412,69.0031],[-115.8655,68.9683],[-115.7919,68.951],[-115.7699,68.9404],[-115.8379,68.9404],[-115.8792,68.9274],[-115.9081,68.9297],[-116.1605,68.9841],[-116.2152,68.9888],[-116.269,68.9851],[-116.318,68.9683],[-116.3111,68.9477],[-116.0853,68.8858],[-116.1256,68.879],[-116.0987,68.8564],[-115.9412,68.8175],[-115.9712,68.8093],[-116.2081,68.8312],[-116.2497,68.8523],[-116.3286,68.8781],[-116.413,68.8858],[-116.4218,68.8673],[-116.4678,68.8638],[-116.7568,68.8858],[-116.7873,68.8978],[-116.8242,68.8869],[-116.8612,68.8925],[-116.9416,68.9387],[-116.9736,68.9463],[-117.0101,68.9404],[-116.9617,68.9138],[-116.9814,68.9068],[-117.0697,68.9051],[-117.1261,68.8933],[-117.1654,68.8939],[-117.3019,68.9257],[-117.3707,68.9509],[-117.6868,68.9857],[-117.8347,68.9943],[-118.0409,69.0246],[-118.2208,69.0782],[-118.4769,69.1295],[-118.6285,69.2021],[-118.6664,69.2255],[-118.8688,69.2562],[-119.2582,69.2965],[-119.4762,69.3052],[-119.7255,69.3298],[-119.7872,69.3474],[-119.9976,69.3474],[-120.0858,69.3636],[-120.1579,69.3886],[-120.2786,69.4078],[-120.6395,69.5349],[-120.6808,69.5567],[-120.6808,69.3324],[-120.6808,69.1171],[-120.6808,68.9019],[-120.6808,68.5529],[-120.6808,68.2853],[-120.6808,68.0156],[-120.6696,67.997],[-120.6394,67.9925],[-120.1992,67.8577],[-119.7591,67.723],[-119.2626,67.5709],[-118.7662,67.4189],[-118.2697,67.2669],[-117.7732,67.1149],[-117.1834,66.9342],[-116.5936,66.7536],[-116.0038,66.573],[-115.414,66.3924],[-114.9138,66.2392],[-114.4137,66.086],[-113.9136,65.933],[-113.4134,65.7798],[-113.1861,65.7102],[-112.7313,65.5709],[-112.5039,65.5013],[-112.4707,65.4958],[-112.363,65.5001],[-111.8713,65.5001],[-111.5993,65.5001],[-111.0554,65.5001],[-110.7058,65.5009],[-110.6694,65.4961],[-110.6332,65.4827],[-110.2265,65.2708],[-109.9656,65.135],[-109.5798,64.9327],[-109.5163,64.9019],[-109.4509,64.8753],[-109.2151,64.812],[-108.9729,64.7782],[-108.7278,64.7602],[-108.4833,64.7444],[-107.9643,64.7035],[-107.4451,64.6626],[-106.9259,64.6216],[-106.4068,64.5807],[-105.7986,64.5328],[-105.1905,64.4849],[-104.5823,64.4369],[-103.9741,64.389],[-103.5447,64.3552],[-103.1152,64.3213],[-102.6858,64.2875],[-102.2563,64.2536],[-102.1203,64.2476],[-102.0374,64.24],[-101.9991,64.2274],[-101.9878,64.1276],[-101.9893,64.028],[-102.0038,63.8931],[-102.0054,63.6989],[-102.0049,63.1807],[-102.0044,62.6624],[-102.0038,62.1442],[-102.0033,61.626],[-102.0029,61.2201],[-102.0025,60.8143],[-102.002,60.4086],[-102.0016,60.0001],[-101.5516,60.0001],[-101.1015,60.0001],[-100.6515,60.0001],[-100.2014,60.0001],[-99.7514,60.0001],[-99.3013,60.0001],[-98.8513,60.0001],[-98.4012,60.0001],[-97.9512,60.0001],[-97.5012,60.0001],[-97.0512,60.0001],[-96.6011,60.0001],[-96.151,60.0001],[-95.701,60.0001],[-95.251,60.0001],[-94.8031,60.0001]]],[[[-107.8754,66.9431],[-107.883,66.914],[-107.902,66.8923],[-107.9505,66.858],[-107.924,66.8547],[-107.8886,66.8671],[-107.8307,66.9027],[-107.8191,66.9191],[-107.7934,66.9946],[-107.8115,67.0152],[-107.8391,67.0007],[-107.8644,66.9702],[-107.8754,66.9431]]],[[[-108.0467,66.9815],[-108.0629,67.001],[-108.115,67.0368],[-108.0981,67.0014],[-108.0982,66.9741],[-108.0535,66.93],[-108.0368,66.9023],[-107.9989,66.9126],[-107.9368,66.9536],[-107.9936,66.956],[-108.0467,66.9815]]],[[[-107.4167,67.1187],[-107.6088,67.21],[-107.6242,67.2045],[-107.6147,67.1658],[-107.5669,67.1044],[-107.5175,67.082],[-107.3836,67.0837],[-107.3455,67.0888],[-107.3205,67.1044],[-107.4167,67.1187]]],[[[-108.0057,67.372],[-108.0132,67.3577],[-107.953,67.3161],[-107.9073,67.3168],[-107.9075,67.3314],[-107.9368,67.3577],[-107.889,67.4061],[-107.8816,67.4675],[-107.9017,67.4859],[-107.9716,67.4811],[-107.9505,67.475],[-107.9739,67.4578],[-108.052,67.4465],[-108.0809,67.4265],[-108.0324,67.4129],[-108.0399,67.3924],[-108.1377,67.4228],[-108.1491,67.4129],[-108.1276,67.3967],[-108.0849,67.383],[-108.0057,67.372]]],[[[-108.2869,67.5358],[-108.2933,67.5555],[-108.3301,67.5642],[-108.3614,67.5495],[-108.3937,67.5538],[-108.4582,67.5737],[-108.4923,67.5637],[-108.4713,67.5495],[-108.4992,67.5358],[-108.4527,67.4888],[-108.4196,67.4719],[-108.3825,67.4675],[-108.2999,67.4948],[-108.3026,67.5266],[-108.2869,67.5358]]],[[[-108.1287,67.6457],[-108.1287,67.5979],[-108.107,67.5745],[-108.0734,67.5637],[-108.1376,67.5505],[-108.1422,67.5296],[-108.1188,67.5019],[-108.1058,67.4682],[-108.0618,67.481],[-108.0347,67.5091],[-108.0711,67.5316],[-108.0512,67.5459],[-107.9907,67.5487],[-107.9346,67.537],[-107.9225,67.5495],[-107.9627,67.5978],[-107.9852,67.6457],[-108.0255,67.6676],[-108.0971,67.6772],[-108.1214,67.6667],[-108.1287,67.6457]]],[[[-97.4317,67.7077],[-97.4606,67.6961],[-97.529,67.6985],[-97.562,67.694],[-97.5279,67.6804],[-97.5531,67.6574],[-97.5378,67.6289],[-97.5181,67.6243],[-97.4317,67.6395],[-97.3353,67.6798],[-97.3361,67.7282],[-97.3674,67.7383],[-97.3928,67.7343],[-97.4317,67.7077]]],[[[-109.2117,67.7897],[-109.1795,67.7691],[-109.1361,67.7681],[-109.0541,67.7829],[-109.0398,67.7897],[-109.0707,67.811],[-109.1207,67.8096],[-109.2117,67.7897]]],[[[-114.1373,67.8876],[-114.2163,67.9062],[-114.2572,67.9073],[-114.2965,67.8996],[-114.2378,67.8791],[-114.0084,67.8722],[-113.9906,67.879],[-113.9265,67.8791],[-113.9745,67.8918],[-114.0863,67.8824],[-114.1373,67.8876]]],[[[-113.446,67.9268],[-113.3989,67.9138],[-113.4215,67.907],[-113.5586,67.9161],[-113.6037,67.9063],[-113.5284,67.8953],[-113.2953,67.9063],[-113.248,67.92],[-113.2843,67.9385],[-113.3413,67.939],[-113.446,67.9268]]],[[[-111.0893,67.8654],[-111.0753,67.8553],[-111.0318,67.8627],[-110.9521,67.8859],[-110.8787,67.8925],[-110.8594,67.9029],[-110.8082,67.961],[-110.8445,67.9556],[-110.9459,67.9138],[-111.0672,67.8789],[-111.0893,67.8654]]],[[[-108.0535,67.9548],[-108.0676,67.9765],[-108.1044,67.9785],[-108.2084,67.9497],[-108.2351,67.9306],[-108.2479,67.883],[-108.1907,67.8859],[-108.1218,67.8791],[-108.0922,67.8847],[-108.0556,67.9243],[-108.0535,67.9548]]],[[[-108.9107,67.92],[-108.8854,67.9499],[-108.9351,67.9706],[-108.9926,67.9815],[-109.0128,67.9684],[-109.0746,67.9753],[-109.0472,67.9548],[-109.1632,67.9805],[-109.1981,67.9951],[-109.1847,67.9573],[-109.1392,67.9328],[-108.9411,67.8759],[-108.9101,67.8722],[-108.8833,67.8814],[-108.882,67.9177],[-108.9107,67.92]]],[[[-98.9667,68.0709],[-98.9918,68.0766],[-99.0539,68.0521],[-99.0834,68.0572],[-99.0523,68.0333],[-99.0318,68.006],[-98.9819,67.9822],[-98.954,67.9851],[-98.9325,68.0026],[-98.9735,68.0162],[-98.9667,68.0709]]],[[[-109.3557,68.0572],[-109.4036,68.0632],[-109.4146,68.0842],[-109.4513,68.0981],[-109.4839,68.0993],[-109.5066,68.0851],[-109.4824,68.0728],[-109.4718,68.0504],[-109.4852,68.0436],[-109.5475,68.0572],[-109.5245,68.0438],[-109.3835,67.9894],[-109.3424,67.9812],[-109.3175,67.9852],[-109.3082,68.0084],[-109.3168,68.0299],[-109.3557,68.0572]]],[[[-110.0614,68.0981],[-110.1648,68.082],[-110.2184,68.0644],[-110.2594,68.0429],[-110.2324,68.0386],[-110.1576,68.0572],[-110.0777,68.0588],[-110.0106,68.0776],[-109.9139,68.0883],[-109.8758,68.1323],[-109.9206,68.1398],[-110.0148,68.1078],[-110.0614,68.0981]]],[[[-109.856,68.1596],[-109.8293,68.1381],[-109.782,68.1426],[-109.6804,68.1838],[-109.6636,68.2143],[-109.5959,68.2183],[-109.568,68.2496],[-109.6432,68.2426],[-109.7848,68.1809],[-109.856,68.1596]]],[[[-111.6579,68.3042],[-111.7201,68.3017],[-111.7193,68.2831],[-111.7706,68.2674],[-111.7814,68.2558],[-111.7687,68.2299],[-111.7261,68.2215],[-111.677,68.2253],[-111.6448,68.2359],[-111.6295,68.2703],[-111.5992,68.2899],[-111.5128,68.2969],[-111.5287,68.314],[-111.6579,68.3042]]],[[[-100.0907,68.3725],[-100.1186,68.3793],[-100.1208,68.3549],[-100.1555,68.3376],[-100.234,68.324],[-100.1632,68.2882],[-100.121,68.2786],[-100.0907,68.2906],[-100.0907,68.3377],[-100.0777,68.3626],[-100.0907,68.3725]]],[[[-110.836,68.5507],[-111.034,68.5097],[-111.0952,68.48],[-111.0822,68.4749],[-110.9024,68.4699],[-110.7324,68.4886],[-110.6989,68.4886],[-110.7187,68.515],[-110.7557,68.5358],[-110.7987,68.5485],[-110.836,68.5507]]],[[[-110.6443,68.5507],[-110.6225,68.5711],[-110.7504,68.5711],[-110.7605,68.5662],[-110.7262,68.537],[-110.6808,68.5271],[-110.6143,68.5226],[-110.5525,68.5287],[-110.5207,68.5507],[-110.6443,68.5507]]],[[[-104.4901,68.5159],[-104.5757,68.5544],[-104.6507,68.567],[-104.6813,68.5786],[-104.8889,68.5873],[-104.9909,68.5786],[-105.086,68.5507],[-105.0622,68.5495],[-105.0041,68.5097],[-104.9014,68.4578],[-104.8054,68.4376],[-104.7728,68.4235],[-104.7152,68.4146],[-104.6552,68.398],[-104.5289,68.4033],[-104.4658,68.4169],[-104.4294,68.445],[-104.4523,68.4919],[-104.4901,68.5159]]],[[[-113.9674,68.6121],[-113.9674,68.5978],[-113.7958,68.5817],[-113.762,68.5978],[-113.8353,68.6144],[-113.9419,68.6203],[-113.9674,68.6121]]],[[[-114.1462,68.6741],[-114.1803,68.686],[-114.1068,68.6284],[-114.0705,68.6195],[-114.0478,68.6272],[-114.0718,68.6446],[-114.1462,68.6741]]],[[[-101.694,68.7703],[-101.7078,68.7878],[-101.778,68.7886],[-101.9796,68.826],[-102.0246,68.8238],[-102.0577,68.7971],[-102.0577,68.7703],[-102.0731,68.7609],[-102.1598,68.7406],[-102.2108,68.7148],[-102.313,68.6885],[-102.3519,68.6872],[-102.2904,68.6636],[-102.1874,68.6387],[-102.1479,68.6413],[-102.0774,68.6142],[-101.996,68.6168],[-101.9057,68.5927],[-101.8662,68.5725],[-101.8292,68.5784],[-101.799,68.6274],[-101.8249,68.653],[-101.7387,68.6386],[-101.7031,68.6445],[-101.6797,68.6741],[-101.7014,68.722],[-101.694,68.7703]]],[[[-114.4739,68.8933],[-114.4174,68.8736],[-114.351,68.8727],[-114.3305,68.8862],[-114.354,68.8944],[-114.4384,68.9004],[-114.4739,68.8933]]],[[[-100.2068,68.8039],[-100.1776,68.8034],[-100.2068,68.8523],[-100.1712,68.8648],[-100.1801,68.8933],[-100.1249,68.9069],[-100.1542,68.9234],[-100.2286,68.9289],[-100.3285,68.9796],[-100.3235,69.0031],[-100.4041,69.0297],[-100.5377,69.042],[-100.5607,69.0378],[-100.5789,69.0119],[-100.6313,68.9957],[-100.5891,68.9653],[-100.5797,68.948],[-100.5904,68.9274],[-100.6221,68.9196],[-100.6304,68.8747],[-100.6313,68.7971],[-100.6033,68.7556],[-100.5795,68.7529],[-100.5602,68.7778],[-100.5084,68.7971],[-100.4712,68.7998],[-100.447,68.7766],[-100.4948,68.7629],[-100.4454,68.7305],[-100.3924,68.7151],[-100.3635,68.7221],[-100.3104,68.7703],[-100.2392,68.7659],[-100.2211,68.7703],[-100.2068,68.8039]]],[[[-100.0423,69.085],[-100.051,69.1069],[-100.1227,69.1292],[-100.1385,69.1471],[-100.1725,69.115],[-100.2068,69.1055],[-100.2383,69.0845],[-100.2552,69.0503],[-100.2486,69.0223],[-100.2274,68.9997],[-100.1658,68.9683],[-100.0348,68.9409],[-100.001,68.9606],[-99.986,69.0173],[-99.9945,69.0441],[-100.0423,69.085]]],[[[-101.5294,69.1881],[-101.5233,69.2011],[-101.5638,69.2196],[-101.6278,69.2235],[-101.6891,69.2112],[-101.7219,69.1806],[-101.6916,69.1671],[-101.6195,69.1643],[-101.6052,69.1505],[-101.6185,69.1325],[-101.681,69.1169],[-101.7014,69.0987],[-101.6822,69.0867],[-101.5875,69.1024],[-101.5506,69.113],[-101.5061,69.1548],[-101.5045,69.1757],[-101.5294,69.1881]]],[[[-100.9814,69.4822],[-101.0713,69.5119],[-101.0784,69.5373],[-101.1584,69.5468],[-101.1807,69.5642],[-101.2374,69.5483],[-101.2602,69.5807],[-101.2768,69.5854],[-101.3446,69.5779],[-101.3793,69.5405],[-101.2929,69.4936],[-101.2626,69.4897],[-101.248,69.5023],[-101.1868,69.4822],[-101.2352,69.4438],[-101.3035,69.4481],[-101.2916,69.436],[-101.2421,69.4208],[-101.2472,69.3941],[-101.2831,69.3861],[-101.2284,69.373],[-101.2064,69.3801],[-101.1988,69.4055],[-101.1595,69.3935],[-101.0981,69.4078],[-101.0999,69.4273],[-101.0612,69.4595],[-101.0019,69.4481],[-100.9593,69.4725],[-100.9814,69.4822]]],[[[-96.5549,69.4792],[-96.4764,69.4687],[-96.385,69.4498],[-96.3144,69.3935],[-96.2757,69.3746],[-96.232,69.3627],[-96.1431,69.3525],[-96.1512,69.366],[-96.1295,69.3935],[-96.1505,69.4283],[-96.11,69.4497],[-96.1022,69.4897],[-96.1375,69.5353],[-96.1483,69.5627],[-96.1894,69.5712],[-96.2083,69.5518],[-96.2735,69.5443],[-96.3225,69.5314],[-96.3841,69.5626],[-96.5431,69.5666],[-96.6369,69.5581],[-96.6918,69.5854],[-96.7402,69.5779],[-96.6502,69.532],[-96.6124,69.5034],[-96.5549,69.4792]]],[[[-95.9445,69.4208],[-95.9839,69.4014],[-95.9923,69.3594],[-95.9225,69.3431],[-95.8846,69.3439],[-95.8626,69.3594],[-95.8762,69.373],[-95.8554,69.4016],[-95.78,69.4687],[-95.8145,69.5077],[-95.8353,69.5581],[-95.8043,69.5656],[-95.7217,69.5557],[-95.6947,69.5406],[-95.6702,69.5062],[-95.6913,69.4761],[-95.6554,69.4095],[-95.6634,69.4003],[-95.7188,69.3862],[-95.7255,69.3688],[-95.7118,69.3451],[-95.7459,69.3389],[-95.7117,69.3218],[-95.5336,69.3314],[-95.515,69.3354],[-95.4818,69.3696],[-95.413,69.3863],[-95.4032,69.3969],[-95.3965,69.4481],[-95.3691,69.4959],[-95.3808,69.5233],[-95.4921,69.5717],[-95.5209,69.5778],[-95.6295,69.6198],[-95.6913,69.6126],[-95.6776,69.6263],[-95.7775,69.6357],[-95.8011,69.6331],[-95.8282,69.6092],[-95.8899,69.6058],[-95.9232,69.5915],[-95.9542,69.5393],[-95.952,69.517],[-96.0114,69.4828],[-95.9993,69.449],[-95.9445,69.4208]]],[[[-102.126,69.715],[-102.1565,69.7349],[-102.2262,69.7261],[-102.2358,69.6846],[-102.2106,69.6603],[-102.1593,69.6542],[-102.119,69.671],[-102.126,69.715]]],[[[-95.2149,68.8622],[-95.2642,68.8751],[-95.3145,68.8964],[-95.3533,68.904],[-95.3956,68.8987],[-95.571,68.8351],[-95.629,68.831],[-95.6576,68.8361],[-95.678,68.8695],[-95.7066,68.8842],[-95.7667,68.8933],[-95.8111,68.874],[-95.8455,68.8906],[-95.8483,68.9547],[-95.8659,68.9798],[-95.9385,69.0056],[-95.9793,69.0503],[-95.9556,69.073],[-95.9247,69.085],[-95.952,69.1396],[-96.0172,69.1844],[-96.0482,69.2297],[-96.0677,69.2353],[-96.1077,69.1991],[-96.1431,69.1806],[-96.1548,69.1642],[-96.1369,69.1267],[-96.1566,69.0849],[-96.1204,69.0421],[-96.1505,69.0298],[-96.2019,69.0411],[-96.2394,69.072],[-96.2166,69.1189],[-96.2251,69.1408],[-96.253,69.1601],[-96.2231,69.1795],[-96.2059,69.2299],[-96.1711,69.2631],[-96.1842,69.291],[-96.2198,69.314],[-96.3213,69.3551],[-96.4092,69.3748],[-96.5342,69.4283],[-96.62,69.4453],[-96.7123,69.4543],[-96.7935,69.4958],[-96.8566,69.4879],[-96.8934,69.4977],[-97.0433,69.5726],[-97.0842,69.5823],[-97.1215,69.6274],[-97.2248,69.6823],[-97.2969,69.6981],[-97.3285,69.6734],[-97.3766,69.5976],[-97.4305,69.6203],[-97.4932,69.6741],[-97.4583,69.6892],[-97.3784,69.6918],[-97.3423,69.7088],[-97.4073,69.727],[-97.4388,69.742],[-97.4521,69.7668],[-97.4752,69.7772],[-97.6169,69.7942],[-97.6764,69.8085],[-97.6971,69.8444],[-97.727,69.8585],[-97.8265,69.8695],[-97.8767,69.8869],[-97.9252,69.8959],[-97.9746,69.8964],[-98.0215,69.8852],[-98.0623,69.8597],[-98.1,69.8201],[-98.1429,69.8069],[-98.2193,69.7976],[-98.2838,69.7571],[-98.3292,69.702],[-98.3362,69.6374],[-98.3702,69.6058],[-98.2902,69.589],[-98.2409,69.5657],[-98.1964,69.527],[-98.1562,69.5012],[-98.0008,69.4481],[-98.0238,69.4346],[-98.095,69.427],[-98.1101,69.4379],[-98.1054,69.4593],[-98.1241,69.4687],[-98.1827,69.4674],[-98.2765,69.4991],[-98.2978,69.524],[-98.3693,69.5683],[-98.4625,69.5836],[-98.5494,69.5851],[-98.5961,69.5581],[-98.5906,69.5203],[-98.536,69.499],[-98.4186,69.4761],[-98.4516,69.4645],[-98.5626,69.4822],[-98.5877,69.4754],[-98.6079,69.4427],[-98.554,69.4064],[-98.4563,69.3751],[-98.4111,69.3525],[-98.3932,69.3181],[-98.4391,69.3041],[-98.497,69.3066],[-98.5262,69.2984],[-98.5551,69.2768],[-98.5734,69.2769],[-98.6243,69.301],[-98.6532,69.301],[-98.6987,69.2734],[-98.7101,69.2565],[-98.7128,69.2021],[-98.7457,69.1871],[-98.8162,69.1745],[-98.9049,69.1806],[-98.9245,69.1777],[-98.9669,69.1505],[-99.0067,69.1391],[-99.1311,69.1471],[-99.2062,69.1396],[-99.2573,69.1544],[-99.2751,69.1471],[-99.3093,69.1588],[-99.3575,69.1321],[-99.4191,69.1396],[-99.4613,69.1346],[-99.4916,69.1208],[-99.5915,69.0411],[-99.5908,69.0148],[-99.4853,68.9689],[-99.4464,68.9274],[-99.4556,68.9119],[-99.4172,68.8904],[-99.2954,68.8693],[-99.2424,68.8558],[-99.2065,68.8349],[-99.1822,68.8314],[-99.13,68.853],[-99.0696,68.8568],[-99.0423,68.8659],[-99.1107,68.9069],[-99.1182,68.9243],[-99.0734,68.9211],[-99.0188,68.9092],[-99.0014,68.9211],[-98.9927,68.9537],[-98.9328,68.9435],[-98.8714,68.9397],[-98.8197,68.9277],[-98.8246,68.9011],[-98.8497,68.8961],[-98.8738,68.874],[-98.8634,68.8344],[-98.7177,68.7914],[-98.6793,68.7902],[-98.6445,68.8039],[-98.584,68.7944],[-98.5224,68.7503],[-98.4806,68.7468],[-98.4394,68.7541],[-98.4111,68.7703],[-98.4006,68.7923],[-98.4254,68.8489],[-98.4066,68.8615],[-98.3638,68.8576],[-98.255,68.8258],[-98.2513,68.8115],[-98.2916,68.7734],[-98.2684,68.7403],[-98.2193,68.7151],[-98.1649,68.6998],[-98.1193,68.675],[-98.0876,68.6795],[-98.0418,68.7014],[-97.9933,68.6966],[-97.8378,68.6578],[-97.7886,68.6605],[-97.7606,68.6521],[-97.7108,68.6194],[-97.6537,68.6069],[-97.562,68.5643],[-97.4645,68.5352],[-97.4081,68.5507],[-97.3219,68.5331],[-97.2604,68.5301],[-97.1998,68.5176],[-97.1592,68.5181],[-97.1064,68.5301],[-97.0962,68.5391],[-97.1443,68.5915],[-97.0814,68.585],[-97.0368,68.5538],[-96.9433,68.5265],[-96.88,68.5188],[-96.7132,68.4785],[-96.6342,68.4706],[-96.5592,68.4518],[-96.5205,68.4476],[-96.3248,68.4717],[-96.2959,68.4801],[-96.1522,68.5644],[-96.0835,68.5761],[-96.0475,68.5915],[-95.9997,68.6257],[-95.9586,68.6291],[-95.8815,68.6103],[-95.8421,68.6195],[-95.8561,68.6445],[-95.8539,68.6686],[-95.8363,68.6868],[-95.7928,68.6992],[-95.8074,68.7294],[-95.7778,68.7414],[-95.7305,68.7318],[-95.5951,68.756],[-95.5599,68.7448],[-95.5475,68.7295],[-95.5683,68.681],[-95.5304,68.6784],[-95.439,68.7396],[-95.371,68.7597],[-95.2749,68.8],[-95.21,68.8533],[-95.2149,68.8622]]],[[[-97.4658,69.9006],[-97.4288,69.8944],[-97.3578,69.8929],[-97.2754,69.8589],[-97.2491,69.8602],[-97.2262,69.8795],[-97.2548,69.8947],[-97.3264,69.8918],[-97.3559,69.9075],[-97.3293,69.9348],[-97.3472,69.952],[-97.3884,69.9624],[-97.4658,69.9627],[-97.486,69.9494],[-97.487,69.914],[-97.4658,69.9006]]],[[[-100.7412,70.3122],[-100.7928,70.3284],[-100.8511,70.3251],[-100.8509,70.3063],[-100.8722,70.2978],[-100.7943,70.256],[-100.7625,70.2626],[-100.776,70.2842],[-100.7412,70.3122]]],[[[-100.3514,70.4897],[-100.262,70.4561],[-100.2292,70.4645],[-100.2896,70.5185],[-100.2887,70.5381],[-100.3131,70.5546],[-100.3682,70.57],[-100.3924,70.5853],[-100.3675,70.5917],[-100.3138,70.59],[-100.2391,70.5671],[-100.1938,70.579],[-100.2751,70.6064],[-100.3443,70.6098],[-100.3588,70.6328],[-100.4128,70.6405],[-100.4613,70.661],[-100.4864,70.6815],[-100.5179,70.6793],[-100.5804,70.661],[-100.6859,70.6848],[-100.7145,70.6815],[-100.6718,70.6457],[-100.6661,70.6299],[-100.6803,70.5753],[-100.6556,70.5516],[-100.462,70.4965],[-100.3514,70.4897]]],[[[-110.0037,72.7104],[-110.0037,72.6273],[-109.9569,72.6078],[-109.9106,72.559],[-109.8272,72.5338],[-109.7877,72.5044],[-109.8164,72.4931],[-109.8857,72.4917],[-110.0037,72.5238],[-110.0037,72.4966],[-109.9857,72.4892],[-109.8031,72.4509],[-109.7803,72.4362],[-109.8083,72.4302],[-109.8626,72.4455],[-109.9808,72.4618],[-110.0037,72.4581],[-110.0037,72.2741],[-110.0034,72.0038],[-110.0028,71.6464],[-110.0023,71.3905],[-110.002,71.1587],[-110.0015,70.927],[-110.0012,70.6953],[-110.0008,70.4635],[-110.0003,70.1876],[-110,70.0001],[-110.6481,70.0001],[-111.1111,70.0001],[-111.5741,70.0001],[-112.037,70.0001],[-112.5,70.0001],[-112.4998,69.9105],[-112.5842,69.9162],[-112.6287,69.9139],[-112.6591,69.9023],[-112.5286,69.8891],[-112.4473,69.8961],[-112.4102,69.889],[-112.4005,69.8695],[-112.4626,69.8502],[-112.5742,69.8493],[-112.6474,69.8562],[-112.6499,69.8334],[-112.8749,69.8323],[-112.8833,69.8492],[-112.881,69.9889],[-112.8988,70.0001],[-113.2556,70.0001],[-113.7516,70.0001],[-114.2476,70.0001],[-114.8251,70.0001],[-115.4024,70.0001],[-115.9799,70.0001],[-116.5572,70.0001],[-116.9676,70.0001],[-117.1237,70.0012],[-117.1436,69.888],[-116.7778,69.7046],[-116.6643,69.6529],[-116.6348,69.63],[-116.6936,69.6343],[-116.7735,69.6335],[-116.8558,69.6476],[-116.8481,69.6328],[-116.8696,69.6204],[-116.9281,69.6058],[-116.9056,69.5926],[-116.8114,69.5748],[-116.7609,69.5501],[-116.7084,69.5512],[-116.7631,69.5779],[-116.6196,69.5717],[-116.5831,69.554],[-116.6122,69.5369],[-116.6036,69.5223],[-116.5576,69.4959],[-116.6214,69.477],[-116.6327,69.4618],[-116.5277,69.4139],[-116.4316,69.4037],[-116.1457,69.3411],[-116.0297,69.3309],[-115.9748,69.3002],[-115.5819,69.2714],[-115.189,69.2427],[-115.1125,69.2452],[-115.0776,69.2541],[-115.0294,69.2819],[-114.9399,69.282],[-114.8997,69.2631],[-114.8557,69.2529],[-114.3973,69.2882],[-114.2548,69.2837],[-114.2047,69.2663],[-114.1322,69.2506],[-114.0227,69.2495],[-113.9445,69.2589],[-113.8851,69.2311],[-113.584,69.2012],[-113.5088,69.1745],[-113.6337,69.1834],[-113.6931,69.1949],[-113.6922,69.1556],[-113.6378,69.1396],[-113.6677,69.1321],[-113.6522,69.0884],[-113.6373,69.0764],[-113.5692,69.057],[-113.5497,69.0441],[-113.6249,69.0429],[-113.6378,69.0298],[-113.5702,69.0298],[-113.584,68.9769],[-113.5719,68.9652],[-113.6721,68.9099],[-113.6692,68.8824],[-113.6192,68.8454],[-113.6715,68.8275],[-113.6555,68.8005],[-113.5973,68.7777],[-113.5508,68.7438],[-113.4722,68.7131],[-113.4398,68.6872],[-113.4548,68.6689],[-113.4198,68.6275],[-113.3868,68.6157],[-113.3505,68.5915],[-113.2817,68.5817],[-113.2242,68.5619],[-113.1415,68.5484],[-113.1034,68.537],[-113.0516,68.5096],[-113.0391,68.4949],[-113.0628,68.4886],[-113.2117,68.5045],[-113.2617,68.5029],[-113.2981,68.491],[-113.3031,68.4749],[-113.283,68.4606],[-113.244,68.4544],[-112.898,68.4749],[-112.749,68.4631],[-112.6511,68.4783],[-112.6157,68.5029],[-112.5833,68.5097],[-112.3915,68.5029],[-112.3523,68.5073],[-112.2967,68.5255],[-112.2472,68.5159],[-111.5312,68.5438],[-111.3489,68.5206],[-111.251,68.5197],[-111.2054,68.5507],[-111.2567,68.5583],[-111.371,68.5623],[-111.4183,68.5786],[-111.3624,68.5874],[-111.1094,68.5807],[-111.0196,68.6029],[-110.8907,68.6121],[-110.8452,68.5952],[-111.0039,68.5783],[-111.0416,68.5643],[-110.9801,68.5484],[-110.7604,68.5848],[-110.6579,68.5895],[-110.6051,68.6169],[-110.5694,68.6191],[-110.4446,68.6113],[-110.3761,68.5764],[-110.347,68.5802],[-110.2943,68.6052],[-110.2287,68.6279],[-110.1584,68.6328],[-109.9864,68.6252],[-109.9038,68.6387],[-109.7837,68.6326],[-109.6246,68.6417],[-109.3474,68.6981],[-109.0286,68.7268],[-108.9516,68.7424],[-108.8661,68.784],[-108.8028,68.7939],[-108.6683,68.8376],[-108.6056,68.867],[-108.5648,68.876],[-108.5384,68.8954],[-108.5367,68.9148],[-108.5675,68.9342],[-108.5395,68.947],[-108.3272,68.9521],[-108.2317,68.9328],[-107.9412,68.9411],[-107.8816,68.9548],[-107.475,68.9929],[-107.3348,69.0256],[-107.2721,69.0578],[-107.1687,69.1369],[-107.1082,69.1637],[-107.0273,69.1523],[-107.0393,69.1881],[-107.0261,69.1979],[-106.9642,69.2011],[-106.9374,69.2156],[-106.9264,69.239],[-106.9471,69.2637],[-106.9591,69.2968],[-106.9927,69.3272],[-106.9909,69.3451],[-106.9634,69.3627],[-106.9212,69.3708],[-106.7671,69.3759],[-106.7462,69.3885],[-106.7442,69.4392],[-106.6654,69.4704],[-106.6205,69.4972],[-106.5839,69.5036],[-106.5117,69.4897],[-106.4405,69.4412],[-106.3509,69.4225],[-106.3198,69.4047],[-106.3095,69.331],[-106.2821,69.3147],[-106.2742,69.2881],[-106.2945,69.2717],[-106.3861,69.246],[-106.4087,69.2257],[-106.4121,69.1881],[-106.3295,69.1785],[-106.204,69.1499],[-106.0729,69.1601],[-106.005,69.1484],[-105.9679,69.1496],[-105.9289,69.1669],[-105.8859,69.1765],[-105.5485,69.154],[-105.4913,69.1267],[-105.4579,69.1011],[-105.2572,69.0942],[-105.2139,69.0805],[-105.0389,69.0646],[-105.0773,69.0871],[-105.127,69.0919],[-105.0807,69.1062],[-104.9725,69.0934],[-104.9184,69.0751],[-104.9171,69.0479],[-104.9648,69.0303],[-105.0519,69.0168],[-105.0314,69.0031],[-105.0648,68.9875],[-105.1466,69.0019],[-105.1788,68.9923],[-105.222,68.963],[-105.2778,68.9547],[-105.197,68.9298],[-105.1555,68.9036],[-105.123,68.8964],[-104.5936,68.8645],[-104.5296,68.875],[-104.4731,68.9103],[-104.4468,68.9416],[-104.3666,68.9291],[-104.3039,68.9088],[-104.2704,68.9069],[-104.3052,68.9404],[-104.2642,68.9479],[-104.2336,68.9013],[-104.1978,68.8813],[-104.0997,68.8585],[-104.0655,68.8565],[-103.962,68.8659],[-103.9276,68.8617],[-103.8649,68.8428],[-103.782,68.8409],[-103.7187,68.8265],[-103.6193,68.8175],[-103.5681,68.8312],[-103.4473,68.7895],[-103.3832,68.7823],[-103.3531,68.7902],[-103.3612,68.8135],[-103.3314,68.8312],[-103.1636,68.843],[-103.1122,68.8249],[-103.0146,68.8017],[-102.9659,68.7987],[-102.9171,68.8043],[-102.8292,68.8304],[-102.7366,68.8335],[-102.702,68.8523],[-102.7517,68.8757],[-102.7491,68.8995],[-102.6975,68.8915],[-102.6349,68.8659],[-102.5231,68.8655],[-102.4891,68.8727],[-102.4501,68.8964],[-102.4217,68.9018],[-102.3861,68.9274],[-102.4071,68.9547],[-102.3824,68.9578],[-102.3109,68.9404],[-102.2141,68.9547],[-102.1492,68.9562],[-102.0773,68.9997],[-102.0375,68.9996],[-101.9903,68.9734],[-101.9645,68.9696],[-101.8468,68.9883],[-101.8113,69.0063],[-101.8182,69.0191],[-101.8659,69.0441],[-101.7974,69.0937],[-101.7684,69.123],[-101.756,69.1601],[-101.7716,69.1938],[-101.854,69.2195],[-101.9086,69.2548],[-101.9489,69.2612],[-101.9947,69.2516],[-102.047,69.2294],[-102.0672,69.1892],[-102.0898,69.1824],[-102.1396,69.1949],[-102.1579,69.2126],[-102.2215,69.2291],[-102.2165,69.2499],[-102.2358,69.2631],[-102.2106,69.2793],[-102.1557,69.2761],[-102.0908,69.24],[-102.0539,69.2665],[-102.0378,69.288],[-102.0949,69.3147],[-102.1055,69.3314],[-102.1732,69.3184],[-102.1732,69.3525],[-102.1195,69.3665],[-102.0387,69.3574],[-101.9466,69.4059],[-101.9391,69.4206],[-101.9683,69.4414],[-102.0548,69.4844],[-102.0846,69.4897],[-102.2179,69.4903],[-102.2826,69.5036],[-102.3844,69.4831],[-102.4642,69.4807],[-102.4837,69.4711],[-102.517,69.4283],[-102.5474,69.4135],[-102.6296,69.4132],[-102.7052,69.3901],[-102.8368,69.3869],[-102.8776,69.3618],[-102.8829,69.3283],[-102.9484,69.2979],[-103.0221,69.2209],[-103.0462,69.2025],[-103.1217,69.1743],[-103.1415,69.1567],[-103.1538,69.1267],[-103.1835,69.1159],[-103.2192,69.1402],[-103.2084,69.1707],[-103.214,69.1925],[-103.1949,69.2095],[-103.0727,69.2404],[-103.0383,69.2574],[-103.0235,69.2803],[-103.0163,69.3262],[-103.0371,69.3662],[-102.9893,69.4208],[-103.0126,69.4561],[-103.0167,69.4822],[-103.0411,69.5153],[-103.0852,69.5233],[-103.0985,69.5151],[-103.0954,69.4581],[-103.1129,69.4416],[-103.1361,69.4499],[-103.1884,69.533],[-103.2208,69.5555],[-103.3282,69.5736],[-103.4477,69.6132],[-103.5101,69.6195],[-103.4789,69.6766],[-103.4896,69.6945],[-103.4366,69.7082],[-103.4049,69.7036],[-103.3797,69.6815],[-103.3475,69.6808],[-103.2976,69.6945],[-103.2217,69.6478],[-103.1574,69.6169],[-103.0879,69.596],[-103.0235,69.5921],[-103.0108,69.5812],[-102.8735,69.5591],[-102.8179,69.5387],[-102.7838,69.5369],[-102.715,69.5512],[-102.6349,69.5443],[-102.5702,69.5487],[-102.5096,69.5642],[-102.517,69.5854],[-102.4952,69.5996],[-102.5076,69.6355],[-102.4872,69.6907],[-102.5784,69.6979],[-102.6151,69.7143],[-102.6815,69.756],[-102.6592,69.768],[-102.5823,69.7435],[-102.5253,69.7603],[-102.4905,69.7869],[-102.4618,69.7908],[-102.427,69.7771],[-102.4037,69.7838],[-102.3954,69.8176],[-102.3661,69.7908],[-102.374,69.7643],[-102.3488,69.7634],[-102.2972,69.7976],[-102.3457,69.8323],[-102.2962,69.8532],[-102.2358,69.8529],[-102.2543,69.8935],[-102.253,69.9125],[-102.225,69.9205],[-102.1794,69.9018],[-102.1672,69.8832],[-102.1786,69.8549],[-102.157,69.8323],[-102.1095,69.8348],[-102.0467,69.8553],[-102.0297,69.8472],[-102.0248,69.8086],[-101.9372,69.7396],[-101.9198,69.7316],[-101.8652,69.7498],[-101.8507,69.7471],[-101.7068,69.6912],[-101.6735,69.6467],[-101.6381,69.6955],[-101.5694,69.7457],[-101.5529,69.7971],[-101.4748,69.8938],[-101.4385,69.9092],[-101.4264,69.8795],[-101.4715,69.8323],[-101.4302,69.7668],[-101.3784,69.732],[-101.3565,69.6962],[-101.3285,69.6794],[-101.2551,69.6679],[-101.167,69.6815],[-101.153,69.6922],[-101.1117,69.6679],[-101.077,69.6604],[-101.0497,69.6679],[-100.9643,69.6645],[-100.9251,69.6997],[-100.92,69.7197],[-100.9473,69.743],[-100.8946,69.7611],[-100.8722,69.8078],[-100.8896,69.871],[-100.8859,69.8869],[-100.9101,69.9116],[-100.9526,69.9177],[-100.9609,69.9385],[-100.9267,69.9757],[-100.9473,70.0105],[-100.9267,70.0168],[-100.9901,70.0783],[-100.9942,70.0981],[-100.9763,70.1474],[-100.9957,70.175],[-101.0607,70.1961],[-101.126,70.1955],[-101.1268,70.1716],[-101.1595,70.1539],[-101.2551,70.1402],[-101.3328,70.1716],[-101.3743,70.1769],[-101.4007,70.1343],[-101.4205,70.1275],[-101.4901,70.1282],[-101.5294,70.1129],[-101.5823,70.1325],[-101.6222,70.1644],[-101.6475,70.2044],[-101.6439,70.2248],[-101.5841,70.2723],[-101.6928,70.3087],[-101.8113,70.3013],[-101.8234,70.272],[-101.8524,70.2617],[-101.9528,70.2697],[-102.0441,70.3122],[-102.0942,70.3247],[-102.1262,70.345],[-102.1922,70.3334],[-102.2494,70.373],[-102.4093,70.4255],[-102.4891,70.435],[-102.558,70.4561],[-102.6202,70.4645],[-102.6566,70.4836],[-102.8511,70.5163],[-102.8559,70.5347],[-102.8389,70.5596],[-102.8597,70.5966],[-102.9459,70.6206],[-102.9892,70.6511],[-103.0869,70.6775],[-103.1316,70.6823],[-103.1612,70.661],[-103.1414,70.6315],[-103.1252,70.5761],[-103.0303,70.5373],[-102.946,70.5316],[-102.9204,70.5176],[-102.9278,70.4991],[-102.9661,70.4936],[-103.1393,70.5106],[-103.1836,70.5427],[-103.2279,70.5611],[-103.272,70.591],[-103.3085,70.598],[-103.5377,70.5995],[-103.599,70.6206],[-103.6473,70.661],[-103.7512,70.7065],[-103.7777,70.7126],[-103.8434,70.7431],[-103.878,70.7507],[-103.9701,70.751],[-104.024,70.7845],[-104.1052,70.8981],[-104.1469,70.9279],[-104.2319,70.965],[-104.304,70.9729],[-104.5912,71.0732],[-104.6478,71.1197],[-104.6274,71.1386],[-104.5448,71.1606],[-104.4591,71.2128],[-104.4405,71.2491],[-104.483,71.2987],[-104.497,71.3258],[-104.4631,71.3605],[-104.4076,71.3673],[-104.3046,71.3458],[-104.2824,71.364],[-104.3363,71.4045],[-104.3451,71.4219],[-104.3188,71.4697],[-104.3716,71.4816],[-104.4076,71.5107],[-104.3708,71.5577],[-104.3653,71.5772],[-104.3803,71.6],[-104.4804,71.6745],[-104.5249,71.6963],[-104.5448,71.7298],[-104.5831,71.7598],[-104.6405,71.7825],[-104.654,71.8123],[-104.6855,71.8295],[-104.7872,71.8448],[-104.8146,71.8619],[-104.8403,71.9464],[-104.8856,72.0009],[-104.9256,72.0246],[-104.9488,72.0588],[-105.0246,72.073],[-105.0126,72.0967],[-105.0389,72.114],[-105.025,72.1333],[-104.9799,72.1481],[-104.9596,72.1784],[-104.9798,72.205],[-105.0138,72.2148],[-105.045,72.2512],[-105.1217,72.3057],[-105.1378,72.3437],[-105.2095,72.3815],[-105.2769,72.44],[-105.3051,72.4566],[-105.2833,72.463],[-105.2235,72.4504],[-105.1959,72.484],[-105.2484,72.5007],[-105.2232,72.5181],[-105.2496,72.5526],[-105.3188,72.559],[-105.3157,72.5971],[-105.3467,72.6205],[-105.2936,72.638],[-105.2897,72.6544],[-105.4565,72.703],[-105.4286,72.7304],[-105.5106,72.7788],[-105.4822,72.7863],[-105.3815,72.7304],[-105.3188,72.7378],[-105.3325,72.7511],[-105.4013,72.7713],[-105.3672,72.7924],[-105.389,72.7979],[-105.4361,72.834],[-105.495,72.8557],[-105.5589,72.8607],[-105.5248,72.8812],[-105.5658,72.9084],[-105.6409,72.9364],[-105.6068,72.9501],[-105.7541,72.9759],[-105.8307,73.0133],[-105.8293,73.0513],[-105.8501,73.06],[-105.928,73.0653],[-105.963,73.0525],[-106.0489,73.0534],[-106.1795,73.0828],[-106.234,73.0872],[-106.2613,73.1103],[-106.3398,73.1418],[-106.4056,73.1543],[-106.423,73.1752],[-106.4708,73.1896],[-106.4844,73.2238],[-106.5378,73.2367],[-106.563,73.2131],[-106.6759,73.2296],[-106.7767,73.2969],[-106.8734,73.3156],[-106.9158,73.3132],[-106.9571,73.2989],[-107.0052,73.3063],[-107.0877,73.2858],[-107.0834,73.2711],[-107.1287,73.2443],[-107.0351,73.2111],[-107.0114,73.1971],[-107.0397,73.1787],[-107.0732,73.178],[-107.1724,73.195],[-107.2926,73.2411],[-107.3365,73.2495],[-107.454,73.2886],[-107.5189,73.2957],[-107.662,73.3284],[-107.7934,73.3262],[-108.0133,73.3549],[-108.0876,73.3542],[-108.0132,73.3132],[-108.1238,73.316],[-108.1566,73.3063],[-108.1224,73.2927],[-108.1187,73.2688],[-108.0535,73.238],[-107.9045,73.2126],[-107.8679,73.1896],[-108.0675,73.2077],[-108.1649,73.2061],[-108.2589,73.176],[-108.2983,73.1338],[-108.2655,73.1019],[-108.1566,73.0525],[-108.2248,73.0463],[-108.2257,73.0356],[-108.1361,72.9848],[-108.1628,72.9706],[-108.1634,72.9438],[-108.1047,72.9122],[-108.1425,72.8884],[-108.1391,72.8712],[-108.1013,72.8402],[-108.0565,72.7761],[-108.0836,72.7601],[-108.0057,72.703],[-108.0262,72.6799],[-108.0125,72.6638],[-107.9579,72.6422],[-108.0132,72.6205],[-107.9354,72.6069],[-107.8754,72.5733],[-107.8902,72.5476],[-107.8754,72.5249],[-107.9852,72.5181],[-107.9427,72.4902],[-107.8933,72.4735],[-107.786,72.4634],[-107.8087,72.4428],[-107.8719,72.4348],[-107.8649,72.4119],[-107.8181,72.3962],[-107.8039,72.3741],[-107.8481,72.3604],[-107.7345,72.3266],[-107.7178,72.3027],[-107.7272,72.2879],[-107.7733,72.2878],[-107.8096,72.3043],[-107.8607,72.3046],[-107.8649,72.2958],[-107.7948,72.251],[-107.786,72.227],[-107.7792,72.1413],[-107.6352,72.1276],[-107.6632,72.1208],[-107.621,72.1032],[-107.6202,72.0861],[-107.6469,72.0817],[-107.6516,72.0584],[-107.6048,72.0109],[-107.5641,72.0067],[-107.4227,71.9772],[-107.4167,71.929],[-107.2722,71.909],[-107.2516,71.9017],[-107.2716,71.8845],[-107.3459,71.872],[-107.429,71.887],[-107.4725,71.8703],[-107.399,71.8383],[-107.3109,71.8267],[-107.2516,71.8061],[-107.5188,71.7844],[-107.5636,71.7752],[-107.6308,71.7281],[-107.6684,71.7082],[-107.7088,71.711],[-107.8011,71.7344],[-107.8344,71.7099],[-107.8387,71.6923],[-107.8194,71.6711],[-107.7859,71.6639],[-107.7245,71.6348],[-107.741,71.6182],[-107.8555,71.6104],[-107.9171,71.6309],[-107.9852,71.6348],[-107.9778,71.6606],[-107.9919,71.6834],[-108.0467,71.7167],[-108.0976,71.7234],[-108.1988,71.706],[-108.246,71.723],[-108.1771,71.7373],[-108.1739,71.7615],[-108.2392,71.7729],[-108.2869,71.7987],[-108.2521,71.8232],[-108.2476,71.8455],[-108.2794,71.8608],[-108.2943,71.8815],[-108.2211,71.9117],[-108.1883,71.9495],[-108.2242,71.97],[-108.2541,71.9636],[-108.3175,71.9355],[-108.328,71.9429],[-108.2931,71.9763],[-108.3525,71.9926],[-108.4166,71.9905],[-108.4003,72.0264],[-108.3961,72.0861],[-108.4135,72.1271],[-108.4377,72.1276],[-108.4024,72.1487],[-108.4576,72.1624],[-108.46,72.144],[-108.4845,72.1381],[-108.5402,72.1487],[-108.5343,72.2025],[-108.5911,72.2887],[-108.6439,72.3258],[-108.6631,72.361],[-108.6302,72.4653],[-108.5941,72.484],[-108.5897,72.5038],[-108.6334,72.5656],[-108.6736,72.5775],[-108.8678,72.6059],[-108.889,72.5938],[-108.8418,72.5733],[-108.9371,72.5795],[-109.0228,72.5681],[-109.0472,72.5733],[-109.0268,72.5938],[-109.0541,72.6075],[-109.0252,72.624],[-109.0336,72.6484],[-108.9574,72.6588],[-108.946,72.6738],[-109.0581,72.6889],[-109.1639,72.7241],[-109.1161,72.7446],[-109.1833,72.767],[-109.4042,72.752],[-109.3762,72.7713],[-109.7523,72.8812],[-109.7274,72.8964],[-109.6427,72.9001],[-109.6226,72.916],[-109.689,72.9298],[-109.7592,72.9364],[-109.8549,72.9219],[-109.8833,72.9364],[-109.9053,72.9706],[-110.0037,72.9851],[-110.0037,72.7554],[-109.9105,72.7346],[-109.8,72.731],[-109.7734,72.7167],[-109.8174,72.7181],[-109.856,72.703],[-109.8199,72.6722],[-109.8758,72.6757],[-110.0037,72.7104]]],[[[-72.949,66.7346],[-73.0105,66.7259],[-73.0983,66.7277],[-73.1888,66.6984],[-73.2355,66.6909],[-73.3321,66.6634],[-73.3648,66.6475],[-73.4114,66.6084],[-73.4309,66.5638],[-73.4556,66.5506],[-73.7147,66.4602],[-73.7802,66.4184],[-73.8131,66.4098],[-73.9133,66.3714],[-73.9064,66.3571],[-73.9482,66.3586],[-74.0016,66.3342],[-74.0383,66.3253],[-74.082,66.3002],[-74.3454,66.2258],[-74.4203,66.1872],[-74.4722,66.1486],[-74.4586,66.112],[-74.4204,66.0834],[-74.2062,65.9805],[-74.1814,65.953],[-74.1304,65.9236],[-74.0814,65.9076],[-74.0123,65.8551],[-73.8991,65.8259],[-73.8247,65.8154],[-73.7829,65.796],[-73.7178,65.7746],[-73.702,65.7463],[-73.6532,65.7203],[-73.6857,65.7204],[-73.7016,65.6999],[-73.6805,65.665],[-73.6248,65.6618],[-73.6135,65.6295],[-73.6327,65.6104],[-73.5899,65.5888],[-73.5363,65.5299],[-73.496,65.494],[-73.5024,65.4807],[-73.4744,65.4596],[-73.4964,65.4533],[-73.5541,65.4599],[-73.5947,65.476],[-73.6737,65.4596],[-73.7143,65.4759],[-73.7419,65.498],[-73.7391,65.5168],[-73.7761,65.5248],[-73.8804,65.5357],[-73.913,65.5324],[-73.958,65.5064],[-73.9838,65.5068],[-74.03,65.5217],[-74.0511,65.5367],[-74.1184,65.5371],[-74.1793,65.5285],[-74.1843,65.5134],[-74.1534,65.4949],[-74.1766,65.487],[-74.2869,65.4807],[-74.3248,65.4515],[-74.3446,65.4118],[-74.434,65.3814],[-74.5029,65.3435],[-74.5512,65.3334],[-74.6088,65.3359],[-74.6614,65.3507],[-74.6947,65.3776],[-74.6605,65.3851],[-74.6801,65.4007],[-74.7084,65.4056],[-74.6744,65.4201],[-74.6754,65.4314],[-74.7152,65.4398],[-74.7459,65.4257],[-74.7556,65.3983],[-74.8009,65.3851],[-74.8722,65.3981],[-74.938,65.3919],[-74.9785,65.3785],[-75.0655,65.3977],[-75.1097,65.3939],[-75.0742,65.3284],[-75.084,65.3027],[-75.1056,65.2785],[-75.1298,65.2678],[-75.2154,65.2541],[-75.3048,65.2678],[-75.5498,65.2771],[-75.5837,65.2861],[-75.6127,65.3088],[-75.5981,65.3216],[-75.6206,65.3434],[-75.6406,65.3435],[-75.665,65.3254],[-75.7154,65.3088],[-75.9491,65.3225],[-75.9346,65.2917],[-75.9069,65.2856],[-75.9082,65.261],[-75.8002,65.2509],[-75.7507,65.2364],[-75.7089,65.2138],[-75.7294,65.2001],[-75.7182,65.1916],[-75.6816,65.2001],[-75.6449,65.1849],[-75.5621,65.1689],[-75.437,65.086],[-75.4072,65.0623],[-75.38,65.0146],[-75.3631,65.0076],[-75.3072,65.0252],[-75.2702,65.0494],[-75.2539,65.1086],[-75.1987,65.1057],[-75.1949,65.0727],[-75.2353,65.0559],[-75.2477,65.0149],[-75.2905,65.0009],[-75.2921,64.99],[-75.2626,64.957],[-75.3712,64.9847],[-75.393,64.9825],[-75.3868,64.9599],[-75.4453,64.9515],[-75.4683,64.939],[-75.4846,64.9044],[-75.5469,64.8935],[-75.5557,64.8791],[-75.51,64.8842],[-75.4594,64.8771],[-75.3872,64.9196],[-75.3458,64.9252],[-75.3569,64.9018],[-75.339,64.8842],[-75.3612,64.8662],[-75.3731,64.8358],[-75.3594,64.8227],[-75.3531,64.7934],[-75.3352,64.7724],[-75.294,64.7508],[-75.297,64.7341],[-75.3336,64.7243],[-75.4072,64.7259],[-75.4014,64.7423],[-75.4497,64.7718],[-75.5376,64.7812],[-75.5239,64.8091],[-75.4682,64.8131],[-75.4587,64.8402],[-75.4913,64.8568],[-75.5605,64.8545],[-75.599,64.8706],[-75.6127,64.9184],[-75.6679,64.9456],[-75.633,64.9535],[-75.555,64.9405],[-75.5172,64.9394],[-75.4822,64.9573],[-75.4557,64.9616],[-75.4141,64.9804],[-75.4407,65.0077],[-75.4158,65.0161],[-75.4186,65.0305],[-75.4523,65.0786],[-75.5239,65.1101],[-75.598,65.1264],[-75.6536,65.1449],[-75.7393,65.1592],[-75.7553,65.1884],[-75.7703,65.1927],[-75.7573,65.2138],[-75.7979,65.2323],[-75.8683,65.2442],[-75.9112,65.2579],[-75.9828,65.2614],[-76.0174,65.2821],[-76.1204,65.2883],[-76.6769,65.4111],[-76.7678,65.4056],[-76.8309,65.4311],[-76.9322,65.4333],[-76.9664,65.4117],[-77.0895,65.416],[-77.1168,65.4244],[-77.1204,65.4398],[-77.194,65.4553],[-77.2718,65.4596],[-77.2364,65.4739],[-77.3916,65.4731],[-77.4357,65.4596],[-77.4068,65.4386],[-77.312,65.3981],[-77.2917,65.3814],[-77.314,65.3625],[-77.4561,65.3851],[-77.5141,65.3261],[-77.4368,65.2738],[-77.3811,65.2473],[-77.3128,65.2001],[-77.352,65.1761],[-77.5176,65.1449],[-77.5926,65.1507],[-77.6295,65.1484],[-77.6777,65.1213],[-77.7578,65.0965],[-77.8168,65.0915],[-77.8776,65.0692],[-77.9636,65.0519],[-77.9769,65.0276],[-78.0219,65.0182],[-78.0891,64.9824],[-78.1206,64.9742],[-78.144,64.9573],[-78.1329,64.9037],[-78.1175,64.8774],[-78.0656,64.8501],[-78.0731,64.8159],[-78.1072,64.8159],[-78.123,64.7845],[-78.1746,64.7681],[-78.1879,64.753],[-78.183,64.7259],[-78.2719,64.7152],[-78.299,64.7067],[-78.1866,64.7086],[-78.1556,64.6993],[-78.1831,64.6816],[-78.1966,64.6514],[-78.1619,64.6378],[-78.1621,64.6096],[-78.1284,64.59],[-78.1848,64.5867],[-78.1444,64.5573],[-78.0656,64.5416],[-78.0775,64.5173],[-78.0472,64.4965],[-77.97,64.4659],[-77.97,64.4597],[-78.0182,64.4428],[-78.011,64.4282],[-77.952,64.4116],[-77.8822,64.4247],[-77.8366,64.4249],[-77.8602,64.4051],[-77.9086,64.4051],[-77.854,64.3703],[-77.7745,64.3641],[-77.7578,64.343],[-77.6926,64.3368],[-77.6789,64.3225],[-77.647,64.3322],[-77.6623,64.3773],[-77.6547,64.3908],[-77.5561,64.3578],[-77.5111,64.3572],[-77.4909,64.3498],[-77.5455,64.3225],[-77.5455,64.315],[-77.4357,64.315],[-77.4049,64.3276],[-77.3811,64.315],[-77.4499,64.2952],[-77.4016,64.2952],[-77.3667,64.2771],[-77.3811,64.2468],[-77.3508,64.2411],[-77.2234,64.2741],[-77.1522,64.2847],[-77.1332,64.3011],[-77.0174,64.259],[-76.982,64.2575],[-76.9627,64.2741],[-76.8986,64.2437],[-76.8255,64.2338],[-76.8118,64.2194],[-76.8466,64.2058],[-76.7641,64.2058],[-76.689,64.1916],[-76.6695,64.1968],[-76.6567,64.2213],[-76.7064,64.2329],[-76.7303,64.2763],[-76.7279,64.2961],[-76.7109,64.3054],[-76.6815,64.2952],[-76.689,64.2815],[-76.6269,64.2884],[-76.5962,64.315],[-76.5759,64.2999],[-76.5549,64.3088],[-76.504,64.3014],[-76.4963,64.2781],[-76.4547,64.27],[-76.4067,64.2742],[-76.3798,64.2884],[-76.4283,64.3088],[-76.4897,64.315],[-76.4617,64.3244],[-76.42,64.3207],[-76.3784,64.3085],[-76.3176,64.2808],[-76.1881,64.3014],[-76.2078,64.3192],[-76.2379,64.3218],[-76.2979,64.315],[-76.3212,64.3211],[-76.3798,64.3566],[-76.3526,64.3624],[-76.2864,64.3511],[-76.2333,64.3684],[-76.1677,64.3553],[-76.1409,64.3703],[-76.175,64.3778],[-76.1102,64.3918],[-76.0925,64.3703],[-76.0712,64.3664],[-75.9783,64.4065],[-75.953,64.4075],[-75.9491,64.3778],[-75.9193,64.3891],[-75.8621,64.3776],[-75.8472,64.3681],[-75.8318,64.384],[-75.736,64.3725],[-75.7158,64.384],[-75.8088,64.4218],[-75.7983,64.4385],[-75.8402,64.4621],[-75.8864,64.4802],[-75.9218,64.487],[-75.8659,64.4891],[-75.7499,64.4597],[-75.7102,64.4416],[-75.6947,64.446],[-75.743,64.4659],[-75.7231,64.4715],[-75.6773,64.4556],[-75.6332,64.4597],[-75.6947,64.487],[-75.7393,64.515],[-75.7794,64.5186],[-75.8154,64.5314],[-75.8282,64.5598],[-75.784,64.5758],[-75.8232,64.5894],[-75.8424,64.6136],[-75.82,64.6222],[-75.793,64.617],[-75.7069,64.5793],[-75.6628,64.5685],[-75.6178,64.5668],[-75.5717,64.5758],[-75.5651,64.5517],[-75.5411,64.5421],[-75.456,64.5374],[-75.3994,64.5191],[-75.3583,64.5115],[-75.3118,64.48],[-75.2382,64.4551],[-75.2086,64.4317],[-75.1949,64.446],[-75.1489,64.4518],[-75.1534,64.4659],[-75.1887,64.4824],[-75.1568,64.4944],[-75.113,64.4659],[-75.0191,64.4416],[-74.9721,64.4181],[-74.9261,64.4348],[-74.8514,64.3963],[-74.7834,64.384],[-74.7909,64.4051],[-74.7578,64.4008],[-74.7131,64.382],[-74.681,64.3778],[-74.6848,64.3978],[-74.6122,64.4113],[-74.6136,64.4272],[-74.5364,64.4317],[-74.5381,64.4477],[-74.5057,64.4617],[-74.5319,64.4754],[-74.5777,64.4794],[-74.6173,64.5059],[-74.6053,64.5211],[-74.5574,64.5012],[-74.5364,64.5075],[-74.5532,64.5248],[-74.5836,64.5327],[-74.6463,64.5347],[-74.6254,64.5488],[-74.5975,64.5502],[-74.5439,64.5416],[-74.5041,64.5466],[-74.4687,64.5621],[-74.5917,64.631],[-74.7288,64.689],[-74.7966,64.7009],[-74.8323,64.7206],[-74.8486,64.7508],[-74.8824,64.7629],[-74.9649,64.7751],[-74.9889,64.8023],[-74.9209,64.8023],[-74.8686,64.7831],[-74.8398,64.7868],[-74.8216,64.8091],[-74.7932,64.8016],[-74.7457,64.7753],[-74.7186,64.7778],[-74.7098,64.803],[-74.7402,64.8446],[-74.7254,64.8637],[-74.6621,64.8689],[-74.6401,64.8637],[-74.6608,64.8997],[-74.6463,64.9047],[-74.5439,64.8985],[-74.578,64.8774],[-74.5622,64.8642],[-74.5019,64.8628],[-74.4818,64.8501],[-74.4866,64.8367],[-74.5536,64.8488],[-74.5707,64.8413],[-74.6069,64.8034],[-74.6423,64.791],[-74.6605,64.7613],[-74.6839,64.7622],[-74.7084,64.7402],[-74.6254,64.6847],[-74.5643,64.6657],[-74.5507,64.631],[-74.4961,64.6166],[-74.4447,64.6287],[-74.4158,64.6276],[-74.4346,64.6105],[-74.3945,64.5768],[-74.3686,64.5766],[-74.3446,64.5969],[-74.3877,64.6267],[-74.4204,64.6657],[-74.3994,64.6601],[-74.3597,64.634],[-74.3243,64.6426],[-74.3255,64.6781],[-74.3108,64.6856],[-74.2664,64.662],[-74.2623,64.6509],[-74.2938,64.6344],[-74.2926,64.6222],[-74.2423,64.5826],[-74.2159,64.6089],[-74.2318,64.6448],[-74.215,64.6788],[-74.2023,64.6652],[-74.1671,64.6856],[-74.1291,64.6815],[-74.1086,64.7047],[-74.1282,64.7316],[-74.1187,64.7477],[-74.0817,64.7485],[-74.0498,64.7259],[-74.0672,64.6686],[-74.0839,64.6409],[-74.0723,64.6208],[-74.0187,64.6005],[-74.0026,64.5826],[-74.1314,64.5901],[-74.1671,64.5758],[-74.1528,64.5642],[-74.1016,64.5695],[-73.9979,64.5434],[-73.9548,64.515],[-73.9996,64.5167],[-74.0823,64.5366],[-74.1262,64.5416],[-74.0513,64.4693],[-74.0436,64.446],[-74.0559,64.4345],[-74.0945,64.4597],[-74.1739,64.4659],[-74.1026,64.436],[-74.079,64.4206],[-74.1125,64.4051],[-74.0982,64.3778],[-74.1145,64.3706],[-74.1739,64.3703],[-74.1634,64.3584],[-74.1125,64.3498],[-74.1023,64.3359],[-74.0578,64.3397],[-74.0151,64.3272],[-73.9958,64.3293],[-73.9896,64.3908],[-73.9405,64.4113],[-73.9664,64.4278],[-73.9565,64.4571],[-73.9617,64.4802],[-73.9147,64.4628],[-73.8763,64.4642],[-73.886,64.4932],[-73.874,64.4992],[-73.8413,64.4877],[-73.8165,64.4685],[-73.7829,64.4802],[-73.7917,64.4919],[-73.8447,64.5045],[-73.8608,64.5307],[-73.8916,64.5542],[-73.886,64.5758],[-73.9265,64.5836],[-73.9332,64.6033],[-73.8928,64.6105],[-73.8725,64.6041],[-73.8375,64.5759],[-73.791,64.5517],[-73.7519,64.5416],[-73.7482,64.5559],[-73.6641,64.5635],[-73.6464,64.5758],[-73.6879,64.5826],[-73.663,64.6135],[-73.669,64.664],[-73.6236,64.6588],[-73.5643,64.5915],[-73.5154,64.5969],[-73.4736,64.6147],[-73.4503,64.6164],[-73.4272,64.603],[-73.4523,64.5915],[-73.3953,64.5651],[-73.4223,64.551],[-73.4481,64.5663],[-73.4887,64.5758],[-73.4685,64.5461],[-73.4819,64.515],[-73.4642,64.508],[-73.4249,64.5175],[-73.3303,64.5309],[-73.314,64.5382],[-73.3014,64.5656],[-73.3094,64.5937],[-73.3515,64.6378],[-73.3087,64.6656],[-73.2874,64.6481],[-73.2764,64.6044],[-73.2484,64.5891],[-73.2245,64.5917],[-73.1747,64.6161],[-73.1672,64.59],[-73.1804,64.5758],[-73.2481,64.5646],[-73.2727,64.528],[-73.3977,64.4911],[-73.4184,64.465],[-73.3894,64.4597],[-73.3254,64.4792],[-73.3031,64.4727],[-73.3543,64.4424],[-73.384,64.4384],[-73.4293,64.4542],[-73.4497,64.4422],[-73.4819,64.4051],[-73.4167,64.3741],[-73.3749,64.3757],[-73.36,64.3996],[-73.3186,64.3996],[-73.2656,64.3703],[-73.2963,64.3641],[-73.3273,64.384],[-73.349,64.3512],[-73.3921,64.336],[-73.3863,64.2815],[-73.3699,64.2683],[-73.3083,64.2553],[-73.2827,64.2604],[-73.2749,64.2913],[-73.3105,64.315],[-73.2596,64.3142],[-73.2434,64.3361],[-73.2257,64.326],[-73.2163,64.2991],[-73.1301,64.2917],[-73.1045,64.2815],[-73.1318,64.2679],[-73.1116,64.2558],[-73.0635,64.2468],[-73.0543,64.2284],[-73.0847,64.199],[-73.0782,64.1833],[-73.0157,64.1916],[-72.9654,64.1914],[-72.9195,64.1785],[-72.9056,64.1656],[-72.899,64.1239],[-72.8757,64.1159],[-72.8753,64.0942],[-72.9059,64.0897],[-72.9419,64.0679],[-72.919,64.0507],[-72.8581,64.0482],[-72.886,64.0351],[-72.8549,64.0222],[-72.7789,64.0159],[-72.7482,64.001],[-72.7342,63.9699],[-72.7141,63.9656],[-72.6588,63.9867],[-72.7059,64.017],[-72.6868,64.0792],[-72.6588,64.0792],[-72.6778,64.0324],[-72.6534,64.0141],[-72.6121,64.0322],[-72.5912,64.0277],[-72.6116,64.001],[-72.6048,63.9625],[-72.629,63.9407],[-72.6662,63.9321],[-72.6403,63.8952],[-72.6411,63.8805],[-72.6662,63.8564],[-72.643,63.8547],[-72.5981,63.8671],[-72.5738,63.853],[-72.4893,63.8269],[-72.4608,63.8222],[-72.4732,63.8099],[-72.536,63.8017],[-72.5132,63.7897],[-72.4755,63.7862],[-72.3685,63.7852],[-72.3688,63.811],[-72.4056,63.8284],[-72.3276,63.8737],[-72.31,63.9042],[-72.2719,63.8841],[-72.2548,63.8974],[-72.2754,63.9248],[-72.2418,63.9594],[-72.2207,63.9321],[-72.2336,63.9194],[-72.2092,63.9008],[-72.1618,63.898],[-72.0903,63.911],[-72.1313,63.8864],[-72.1871,63.8822],[-72.2207,63.8694],[-72.25,63.8232],[-72.2736,63.8093],[-72.2485,63.7676],[-72.2625,63.7641],[-72.3199,63.7807],[-72.3436,63.7735],[-72.3646,63.754],[-72.336,63.7545],[-72.3245,63.7442],[-72.3176,63.6789],[-72.2138,63.6776],[-72.2215,63.7117],[-72.2064,63.7403],[-72.2145,63.7585],[-72.2006,63.7804],[-72.1482,63.7338],[-72.1145,63.7198],[-72.0762,63.7407],[-72.0513,63.7104],[-72.0555,63.685],[-72.0416,63.6707],[-72.023,63.6761],[-71.9632,63.7257],[-71.9262,63.6945],[-71.9693,63.6702],[-71.974,63.6554],[-71.9298,63.655],[-71.878,63.685],[-71.8914,63.6939],[-71.8899,63.7155],[-71.8688,63.7255],[-71.8445,63.7607],[-71.8675,63.7665],[-71.9326,63.7607],[-71.9476,63.7724],[-71.9953,63.7465],[-72.0084,63.754],[-71.9578,63.8068],[-71.9228,63.8196],[-71.8854,63.8091],[-71.9053,63.7949],[-71.8276,63.7796],[-71.7759,63.7458],[-71.766,63.7299],[-71.7756,63.7123],[-71.7545,63.6918],[-71.7209,63.7361],[-71.6981,63.7534],[-71.6794,63.7403],[-71.7014,63.7009],[-71.7204,63.6918],[-71.6794,63.6776],[-71.6555,63.6577],[-71.6159,63.6508],[-71.6179,63.6645],[-71.6612,63.6985],[-71.6623,63.7089],[-71.6276,63.7243],[-71.5832,63.7198],[-71.5836,63.6993],[-71.5498,63.7123],[-71.5354,63.7055],[-71.5656,63.6908],[-71.5832,63.6544],[-71.5695,63.6439],[-71.5062,63.6432],[-71.4876,63.6304],[-71.5477,63.6276],[-71.5729,63.6208],[-71.5832,63.5925],[-71.5619,63.5815],[-71.5145,63.5797],[-71.4398,63.5894],[-71.4597,63.6099],[-71.405,63.6168],[-71.4187,63.6367],[-71.3671,63.6259],[-71.3722,63.5998],[-71.4187,63.5752],[-71.3864,63.5673],[-71.3359,63.5688],[-71.3219,63.6093],[-71.2891,63.6191],[-71.2524,63.6164],[-71.2269,63.6025],[-71.2778,63.5984],[-71.2891,63.5845],[-71.2772,63.5661],[-71.3199,63.5405],[-71.3839,63.5285],[-71.4125,63.5137],[-71.3989,63.5001],[-71.4178,63.4875],[-71.5539,63.4719],[-71.5741,63.4639],[-71.5633,63.4523],[-71.5799,63.4357],[-71.6145,63.4269],[-71.6862,63.4244],[-71.8712,63.4449],[-71.9671,63.4449],[-72.0363,63.4523],[-72.0714,63.4315],[-72.0843,63.4473],[-72.1423,63.4483],[-72.0923,63.4272],[-72.063,63.4244],[-72.0804,63.4039],[-72.0152,63.3977],[-72.0015,63.4033],[-71.9971,63.4293],[-71.978,63.429],[-71.9626,63.4038],[-71.937,63.3945],[-71.8269,63.3877],[-71.8011,63.3913],[-71.7809,63.4145],[-71.7472,63.3812],[-71.7483,63.3629],[-71.7272,63.3567],[-71.7474,63.3489],[-71.8227,63.3493],[-71.7687,63.3214],[-71.7665,63.2841],[-71.7408,63.2748],[-71.7687,63.2605],[-71.6709,63.2721],[-71.6487,63.2639],[-71.6678,63.2487],[-71.7359,63.2473],[-71.762,63.2326],[-71.7073,63.2196],[-71.6589,63.1984],[-71.6918,63.1929],[-71.7135,63.1779],[-71.6885,63.1738],[-71.6179,63.1432],[-71.5579,63.1285],[-71.4978,63.1234],[-71.4605,63.1048],[-71.4088,63.1234],[-71.3941,63.1011],[-71.4261,63.0755],[-71.402,63.0556],[-71.3726,63.0485],[-71.3089,63.0476],[-71.2609,63.0358],[-71.2525,63.0273],[-71.2746,63.0141],[-71.2371,63.0072],[-71.207,63.0172],[-71.1965,63.0646],[-71.1518,63.1022],[-71.1296,63.0801],[-71.1108,63.0755],[-71.0289,63.0786],[-70.9925,63.106],[-70.9982,63.1431],[-70.9672,63.163],[-70.9265,63.1726],[-70.8985,63.1649],[-70.9526,63.1432],[-70.9221,63.1161],[-70.8645,63.1402],[-70.8297,63.1432],[-70.8228,63.1301],[-70.9498,63.0923],[-70.9554,63.0735],[-71.001,63.0551],[-71.0321,63.0271],[-71.1208,63.0334],[-71.1444,63.0183],[-71.158,62.9936],[-71.1421,62.9848],[-71.0513,62.9873],[-71.0098,62.9968],[-71.0072,63.0203],[-70.967,63.0346],[-70.9327,63.0203],[-70.9597,63.0075],[-70.9395,62.9731],[-70.9561,62.965],[-71.018,62.9694],[-71.0419,62.9656],[-71.0255,62.9533],[-70.9558,62.9446],[-70.9122,62.9514],[-70.8744,62.948],[-70.8043,62.9337],[-70.8016,62.9275],[-70.8679,62.928],[-70.8985,62.9179],[-70.8297,62.8968],[-70.8016,62.8935],[-70.6857,62.89],[-70.5355,62.8695],[-70.4932,62.8666],[-70.4587,62.838],[-70.4266,62.8289],[-70.3834,62.8008],[-70.3381,62.7908],[-70.2673,62.7596],[-70.2403,62.7541],[-70.1618,62.7596],[-70.1018,62.7481],[-70.0698,62.7476],[-69.9956,62.7659],[-69.939,62.8012],[-69.9117,62.7741],[-69.8769,62.7596],[-69.8286,62.7649],[-69.7925,62.7357],[-69.7609,62.7329],[-69.7813,62.7534],[-69.7761,62.7724],[-69.8192,62.7907],[-69.8496,62.8223],[-69.8353,62.8292],[-69.7621,62.7939],[-69.7216,62.7838],[-69.6789,62.7801],[-69.6988,62.7459],[-69.6365,62.7634],[-69.6269,62.791],[-69.5671,62.7674],[-69.5093,62.7745],[-69.4626,62.7596],[-69.4069,62.7704],[-69.3908,62.7521],[-69.4176,62.7459],[-69.4987,62.7465],[-69.5374,62.7391],[-69.569,62.7193],[-69.5325,62.7067],[-69.4934,62.7125],[-69.4319,62.7125],[-69.454,62.6971],[-69.4871,62.6982],[-69.4735,62.6783],[-69.5452,62.6828],[-69.5895,62.667],[-69.5868,62.6577],[-69.5204,62.6049],[-69.4834,62.5883],[-69.4451,62.5535],[-69.4319,62.5958],[-69.4592,62.6292],[-69.4071,62.6053],[-69.4085,62.5752],[-69.3902,62.561],[-69.3859,62.54],[-69.3641,62.5408],[-69.3493,62.5684],[-69.3189,62.592],[-69.3046,62.6292],[-69.2758,62.6174],[-69.3152,62.5411],[-69.3083,62.5411],[-69.2883,62.4936],[-69.1975,62.4445],[-69.0272,62.3798],[-69.0034,62.3765],[-68.9617,62.3872],[-68.9023,62.3632],[-68.8822,62.3662],[-68.8634,62.3829],[-68.8384,62.3803],[-68.8153,62.3419],[-68.705,62.3283],[-68.7261,62.3078],[-68.6111,62.2656],[-68.5537,62.2497],[-68.1092,62.2184],[-68.0825,62.232],[-68.0607,62.2116],[-68.033,62.2076],[-67.9809,62.2119],[-67.8583,62.1936],[-67.831,62.2091],[-67.8076,62.2047],[-67.8349,62.178],[-67.7553,62.1634],[-67.6741,62.1575],[-67.5813,62.1811],[-67.5223,62.1506],[-67.4899,62.1452],[-67.4006,62.1498],[-67.3378,62.14],[-67.3488,62.1227],[-67.3277,62.0781],[-67.3175,62.0732],[-67.2561,62.0812],[-67.2452,62.1023],[-67.2246,62.0983],[-67.1243,62.0434],[-67.0875,62.034],[-67.0233,62.0539],[-66.9693,62.0237],[-66.9376,62.0145],[-66.9168,62.034],[-66.9202,62.0443],[-66.8554,62.0197],[-66.7735,62.0172],[-66.7456,62.0129],[-66.7518,61.9993],[-66.7216,61.9887],[-66.705,61.9691],[-66.6778,61.9647],[-66.6362,61.9716],[-66.6152,61.9651],[-66.6561,61.9478],[-66.6624,61.9376],[-66.6276,61.9208],[-66.5913,61.9304],[-66.5552,61.9074],[-66.4862,61.8983],[-66.4057,61.8771],[-66.3376,61.8752],[-66.2745,61.8581],[-66.1702,61.8764],[-66.0631,61.8749],[-66.0336,61.8894],[-65.9713,61.8864],[-65.9504,61.8969],[-65.9636,61.9273],[-65.9873,61.9338],[-65.9883,61.9617],[-65.9997,61.9665],[-66.0398,61.9583],[-66.0652,61.9966],[-66.1422,62.0129],[-66.1066,62.0237],[-66.1075,62.0502],[-66.1633,62.1023],[-66.173,62.1175],[-66.2043,62.1166],[-66.1787,62.1347],[-66.1584,62.1246],[-66.1285,62.0886],[-66.093,62.0891],[-66.0603,62.0749],[-66.04,62.0753],[-66.0292,62.0917],[-66.0535,62.1262],[-66.0532,62.1453],[-66.0121,62.1741],[-65.93,62.1978],[-65.93,62.2047],[-65.9871,62.2421],[-66.0184,62.2505],[-66.0592,62.2281],[-66.18,62.242],[-66.2651,62.2668],[-66.1855,62.2651],[-66.1553,62.2481],[-66.1702,62.2866],[-66.1559,62.3078],[-66.2033,62.324],[-66.2105,62.3419],[-66.2325,62.3495],[-66.2446,62.3214],[-66.275,62.3432],[-66.302,62.3511],[-66.3633,62.332],[-66.3483,62.3099],[-66.3067,62.273],[-66.3438,62.2707],[-66.4298,62.3214],[-66.4739,62.3367],[-66.4755,62.3557],[-66.417,62.3544],[-66.3903,62.3721],[-66.3371,62.3806],[-66.3278,62.3903],[-66.3967,62.4238],[-66.3524,62.4475],[-66.3582,62.4517],[-66.4407,62.4449],[-66.4964,62.4207],[-66.5151,62.4366],[-66.496,62.4632],[-66.4985,62.4784],[-66.4803,62.5051],[-66.5253,62.519],[-66.5515,62.5607],[-66.6052,62.583],[-66.6226,62.6026],[-66.6083,62.6156],[-66.6549,62.6234],[-66.6832,62.6155],[-66.7182,62.6292],[-66.6698,62.6435],[-66.6904,62.65],[-66.7728,62.6367],[-66.754,62.6606],[-66.725,62.6708],[-66.7597,62.6839],[-66.9809,62.6577],[-67.0062,62.6572],[-66.9578,62.6845],[-66.91,62.6982],[-66.982,62.7031],[-67.0534,62.692],[-67.0603,62.6982],[-67.0269,62.7198],[-67.0147,62.7375],[-67.0472,62.7596],[-67.0397,62.7739],[-67.0773,62.773],[-67.1223,62.7596],[-67.0931,62.7869],[-67.0924,62.8061],[-67.1223,62.8292],[-67.1758,62.815],[-67.1844,62.8258],[-67.2452,62.8148],[-67.1911,62.8389],[-67.1748,62.8545],[-67.198,62.8769],[-67.2224,62.881],[-67.2873,62.8558],[-67.3687,62.8558],[-67.3687,62.8632],[-67.2452,62.8837],[-67.2452,62.89],[-67.2938,62.9001],[-67.3561,62.9368],[-67.3722,62.9409],[-67.4171,62.9315],[-67.3942,62.9639],[-67.4238,62.9794],[-67.4786,62.9862],[-67.551,62.9636],[-67.5679,62.9731],[-67.59,62.9578],[-67.6567,62.9248],[-67.6766,62.9287],[-67.6726,62.9472],[-67.6431,62.9588],[-67.6498,62.9691],[-67.5996,62.9897],[-67.5294,62.9995],[-67.5059,63.0203],[-67.5369,63.045],[-67.5714,63.0513],[-67.5931,63.0368],[-67.6635,63.0408],[-67.6769,63.028],[-67.7386,62.9998],[-67.7187,62.9821],[-67.715,62.9622],[-67.7734,62.9588],[-67.7386,62.9862],[-67.7656,62.9915],[-67.7666,63.0141],[-67.8007,63.0141],[-67.7471,63.0347],[-67.7311,63.056],[-67.7136,63.0609],[-67.6322,63.061],[-67.6021,63.0817],[-67.6326,63.1032],[-67.6778,63.1022],[-67.7574,63.0887],[-67.7987,63.0889],[-67.8615,63.1203],[-67.8957,63.1185],[-67.9174,63.106],[-67.91,63.0886],[-67.9491,63.0694],[-67.9857,63.0755],[-67.9547,63.1036],[-67.9468,63.1247],[-67.9174,63.1432],[-68.0141,63.1523],[-68.0595,63.1662],[-68.1126,63.1575],[-68.1469,63.1606],[-68.1901,63.1899],[-68.2298,63.1993],[-68.2464,63.2121],[-68.2071,63.2187],[-68.2137,63.2416],[-68.2873,63.2736],[-68.2743,63.2878],[-68.3008,63.312],[-68.3372,63.3226],[-68.4034,63.3759],[-68.4487,63.3917],[-68.4996,63.4312],[-68.4669,63.4301],[-68.4444,63.4449],[-68.5136,63.4444],[-68.5517,63.4494],[-68.5819,63.4727],[-68.6447,63.5015],[-68.7147,63.5257],[-68.7603,63.5548],[-68.7862,63.5906],[-68.8634,63.6099],[-68.8144,63.6247],[-68.8277,63.6507],[-68.8832,63.6776],[-68.9197,63.705],[-68.9902,63.7404],[-68.993,63.7607],[-68.9282,63.7607],[-68.8847,63.7487],[-68.7737,63.7307],[-68.746,63.7403],[-68.7152,63.7357],[-68.7175,63.753],[-68.746,63.7676],[-68.7308,63.7772],[-68.5753,63.7329],[-68.5443,63.7329],[-68.5406,63.7465],[-68.4962,63.7403],[-68.4407,63.7163],[-68.4003,63.664],[-68.3138,63.64],[-68.2801,63.6447],[-68.3153,63.6918],[-68.2889,63.6991],[-68.2573,63.6784],[-68.223,63.6315],[-68.2243,63.6174],[-68.2464,63.6099],[-68.2305,63.5966],[-68.1811,63.6062],[-68.1614,63.585],[-68.1304,63.588],[-68.1372,63.6099],[-68.1204,63.6024],[-68.0921,63.5584],[-68.0747,63.549],[-68.0339,63.5468],[-68.0017,63.5273],[-67.9447,63.5075],[-67.8689,63.4637],[-67.827,63.4079],[-67.7861,63.3967],[-67.7313,63.3697],[-67.6977,63.3697],[-67.6704,63.3948],[-67.6847,63.4333],[-67.7176,63.4726],[-67.7836,63.5308],[-67.8195,63.5924],[-67.8066,63.6298],[-67.8143,63.6509],[-67.8686,63.6864],[-67.87,63.7138],[-67.916,63.7452],[-67.9242,63.7676],[-67.8655,63.7414],[-67.8392,63.7233],[-67.8354,63.696],[-67.8076,63.6993],[-67.7955,63.6845],[-67.7857,63.6448],[-67.7663,63.6367],[-67.6704,63.6577],[-67.6897,63.6329],[-67.6444,63.6033],[-67.6184,63.558],[-67.5332,63.5212],[-67.5491,63.5059],[-67.5059,63.4728],[-67.5007,63.4428],[-67.4293,63.421],[-67.4147,63.425],[-67.4235,63.4651],[-67.3898,63.4591],[-67.3714,63.4044],[-67.3402,63.3741],[-67.2398,63.3214],[-67.2011,63.2885],[-67.1772,63.281],[-67.153,63.2952],[-67.1844,63.3151],[-67.1625,63.3148],[-67.112,63.2878],[-67.0382,63.2834],[-67.0124,63.2878],[-67.0397,63.335],[-67.0129,63.4027],[-66.974,63.3959],[-66.9792,63.3774],[-67.0062,63.3425],[-67.0048,63.3198],[-66.962,63.3037],[-66.951,63.2909],[-66.9651,63.2787],[-67.0191,63.2616],[-67.0199,63.2394],[-67.0034,63.227],[-66.9487,63.2084],[-66.8865,63.1621],[-66.8343,63.1507],[-66.8113,63.1652],[-66.8047,63.1884],[-66.8137,63.21],[-66.8464,63.23],[-66.8339,63.2717],[-66.807,63.2748],[-66.8036,63.2353],[-66.7668,63.1904],[-66.766,63.1649],[-66.7805,63.1419],[-66.7653,63.1318],[-66.7728,63.0991],[-66.7588,63.0819],[-66.6979,63.0385],[-66.6494,63.0271],[-66.6562,63.0408],[-66.5987,63.02],[-66.5664,62.998],[-66.5438,63.0041],[-66.5696,63.0302],[-66.6291,63.0513],[-66.6612,63.0743],[-66.6841,63.1022],[-66.6619,63.0971],[-66.6234,63.0735],[-66.6015,63.0681],[-66.5676,63.077],[-66.56,63.0932],[-66.5879,63.1022],[-66.5809,63.1326],[-66.623,63.1645],[-66.6009,63.2121],[-66.6253,63.2296],[-66.7168,63.2656],[-66.7387,63.294],[-66.7286,63.3086],[-66.6698,63.3493],[-66.6654,63.3735],[-66.6437,63.3746],[-66.6357,63.3567],[-66.6909,63.3015],[-66.6884,63.2814],[-66.6492,63.2654],[-66.5805,63.2281],[-66.5502,63.1982],[-66.5742,63.1649],[-66.565,63.1508],[-66.5258,63.1234],[-66.491,63.0886],[-66.5168,63.0889],[-66.5028,63.0645],[-66.4718,63.0613],[-66.478,63.0476],[-66.4184,63.0075],[-66.3675,62.9971],[-66.3073,62.998],[-66.2794,62.9936],[-66.2689,62.9731],[-66.2226,62.976],[-66.1907,62.9514],[-66.1291,62.9433],[-66.1039,62.9516],[-66.1087,62.9731],[-66.0876,62.9793],[-66.1042,62.9968],[-66.1529,63.0119],[-66.206,63.0405],[-66.218,63.0886],[-66.2909,63.129],[-66.2574,63.1315],[-66.2079,63.1077],[-66.1648,63.095],[-66.1422,63.0476],[-66.1175,63.035],[-66.0603,63.0551],[-66.0733,63.0302],[-66.0535,62.9998],[-66.0023,62.9803],[-65.9442,62.9793],[-65.9573,62.9998],[-65.8663,63.0321],[-65.8343,63.0271],[-65.8859,63.0024],[-65.9095,62.9731],[-65.9531,62.9503],[-65.9635,62.9375],[-65.9299,62.9232],[-65.8856,62.9315],[-65.8406,62.9111],[-65.7882,62.8732],[-65.7791,62.8869],[-65.7904,62.9042],[-65.8269,62.9284],[-65.8166,62.9483],[-65.7657,62.9626],[-65.7421,62.9764],[-65.7573,63.0141],[-65.7388,63.0487],[-65.7122,63.0512],[-65.7103,63.0203],[-65.6835,62.9998],[-65.6898,62.9862],[-65.725,62.9596],[-65.7524,62.9248],[-65.7051,62.8995],[-65.6866,62.8968],[-65.6659,62.9123],[-65.6562,62.8732],[-65.6406,62.842],[-65.6038,62.8251],[-65.5606,62.8213],[-65.5283,62.8286],[-65.4775,62.8223],[-65.457,62.8489],[-65.4436,62.8459],[-65.4365,62.8223],[-65.3986,62.8292],[-65.3684,62.8929],[-65.345,62.9258],[-65.3273,62.9179],[-65.3415,62.8884],[-65.3409,62.8558],[-65.326,62.8437],[-65.2515,62.8354],[-65.2736,62.8278],[-65.3559,62.8253],[-65.3751,62.7869],[-65.3425,62.7751],[-65.2724,62.7878],[-65.2447,62.7801],[-65.296,62.7591],[-65.3162,62.745],[-65.3502,62.7071],[-65.3546,62.6845],[-65.3287,62.6765],[-65.3188,62.6979],[-65.2652,62.6982],[-65.3,62.6783],[-65.246,62.6059],[-65.211,62.5788],[-65.1696,62.5684],[-65.139,62.5706],[-65.0803,62.5844],[-65.0081,62.6146],[-64.9906,62.6278],[-64.9914,62.6435],[-64.9395,62.631],[-64.9294,62.6435],[-64.9625,62.6627],[-64.984,62.692],[-64.9914,62.7255],[-65.0151,62.7354],[-65.0645,62.7868],[-65.0892,62.7998],[-65.1212,62.8354],[-65.1761,62.8659],[-65.2037,62.8956],[-65.1833,62.9213],[-65.2518,62.9595],[-65.2853,62.9841],[-65.272,63.0067],[-65.2552,62.9955],[-65.2362,62.965],[-65.1823,62.954],[-65.1212,62.9248],[-65.1456,62.9656],[-65.1475,62.9806],[-65.1287,62.9998],[-65.1143,62.9923],[-65.1007,62.9588],[-65.0135,62.9115],[-64.9464,62.8952],[-64.8871,62.8694],[-64.7834,62.8642],[-64.7513,62.8695],[-64.7215,62.9002],[-64.7034,62.9042],[-64.6418,62.8972],[-64.6278,62.9111],[-64.6936,62.957],[-64.7132,62.9565],[-64.718,62.9213],[-64.7587,62.9514],[-64.8475,62.9731],[-64.7717,62.9862],[-64.7875,63.0068],[-64.7786,63.0271],[-64.8064,63.0412],[-64.8031,63.0551],[-64.7688,63.0412],[-64.7783,63.0744],[-64.8435,63.0825],[-64.8679,63.096],[-64.8404,63.1014],[-64.7796,63.0944],[-64.77,63.1015],[-64.7922,63.1301],[-64.8193,63.1419],[-64.8826,63.1419],[-64.9021,63.154],[-64.8605,63.1711],[-64.9313,63.1839],[-65.0598,63.1779],[-65.0467,63.1916],[-65.087,63.2059],[-65.0745,63.2199],[-65.0532,63.2193],[-65.012,63.2021],[-64.9907,63.2003],[-64.9778,63.2279],[-65.0051,63.2394],[-65.0973,63.2394],[-65.1491,63.2878],[-65.1168,63.2851],[-65.0708,63.2627],[-65.0281,63.2497],[-65.0051,63.2748],[-65.0734,63.3083],[-65.0364,63.3112],[-64.9914,63.2878],[-64.953,63.2539],[-64.9021,63.2394],[-64.9226,63.2748],[-64.9089,63.2878],[-64.9431,63.3384],[-64.9465,63.3598],[-65.0126,63.4011],[-65.0839,63.3996],[-65.1212,63.4039],[-65.0579,63.4255],[-65.0467,63.4387],[-65.1024,63.4313],[-65.1491,63.4312],[-65.1328,63.4445],[-65.0808,63.4457],[-65.0598,63.4523],[-65.0581,63.4827],[-65.0861,63.5169],[-65.0993,63.5495],[-65.0529,63.5752],[-64.9877,63.5894],[-64.9944,63.6125],[-65.0939,63.6577],[-65.1376,63.7178],[-65.1782,63.7289],[-65.2099,63.754],[-65.2933,63.7973],[-65.3024,63.8127],[-65.229,63.8082],[-65.173,63.7933],[-65.1491,63.7744],[-65.2099,63.7812],[-65.1881,63.7641],[-65.1377,63.749],[-65.1177,63.7366],[-65.0803,63.685],[-65.0551,63.6706],[-64.9993,63.6573],[-64.9503,63.6386],[-64.9353,63.6122],[-64.9431,63.5894],[-64.9317,63.5714],[-64.8911,63.5521],[-64.8369,63.5039],[-64.8406,63.4858],[-64.7997,63.3977],[-64.7587,63.3834],[-64.7751,63.3682],[-64.7717,63.3288],[-64.7211,63.3039],[-64.7171,63.281],[-64.6751,63.2711],[-64.642,63.2394],[-64.6072,63.2605],[-64.5368,63.2552],[-64.5253,63.2748],[-64.4844,63.2878],[-64.5179,63.2988],[-64.593,63.307],[-64.6278,63.3214],[-64.6016,63.3293],[-64.552,63.3112],[-64.5253,63.3083],[-64.5056,63.3245],[-64.5048,63.3459],[-64.5223,63.3767],[-64.6059,63.3854],[-64.6352,63.4182],[-64.6096,63.4226],[-64.5628,63.4007],[-64.5316,63.4039],[-64.5076,63.4221],[-64.5048,63.4432],[-64.5207,63.4619],[-64.5526,63.4728],[-64.5271,63.4904],[-64.5253,63.5175],[-64.5347,63.5456],[-64.5594,63.5622],[-64.5382,63.5699],[-64.5445,63.5829],[-64.5868,63.6025],[-64.5797,63.6147],[-64.5352,63.6099],[-64.5048,63.6441],[-64.5432,63.6864],[-64.6761,63.7403],[-64.7068,63.7623],[-64.764,63.7493],[-64.9295,63.7777],[-64.9547,63.7877],[-64.9914,63.8284],[-64.9674,63.8527],[-64.9294,63.8564],[-64.8928,63.8684],[-64.8953,63.8974],[-64.8338,63.9162],[-64.7996,63.9369],[-64.6467,63.9755],[-64.6352,63.983],[-64.6578,64.0012],[-64.663,64.0278],[-64.6948,64.0461],[-64.7333,64.0168],[-64.7622,64.009],[-64.7717,64.0277],[-64.7936,64.031],[-64.8358,64.0233],[-64.8816,63.9935],[-64.9203,63.9791],[-64.9636,63.973],[-64.9387,63.9893],[-64.9226,64.0141],[-65.0393,64.0208],[-65.0803,64.0141],[-65.1931,64.0219],[-65.2242,64.0419],[-65.1287,64.0482],[-65.0529,64.0687],[-65.0767,64.0834],[-65.1177,64.0845],[-65.1963,64.0761],[-65.1144,64.1096],[-65.1833,64.1239],[-65.1622,64.1444],[-65.1892,64.1383],[-65.1963,64.1512],[-65.2515,64.1785],[-65.2928,64.1785],[-65.3481,64.1505],[-65.3955,64.1512],[-65.3074,64.1934],[-65.2447,64.199],[-65.2623,64.2189],[-65.2939,64.2268],[-65.3608,64.2269],[-65.3453,64.2389],[-65.3575,64.2541],[-65.5245,64.2443],[-65.5668,64.2542],[-65.5353,64.2621],[-65.4678,64.2665],[-65.4365,64.2741],[-65.4644,64.2952],[-65.416,64.2884],[-65.4355,64.3051],[-65.4712,64.3084],[-65.6562,64.3014],[-65.6579,64.3092],[-65.5942,64.315],[-65.5259,64.3293],[-65.2689,64.2956],[-65.227,64.3005],[-65.1963,64.315],[-65.1784,64.3475],[-65.1989,64.366],[-65.2652,64.384],[-65.2386,64.4056],[-65.1546,64.4067],[-65.0942,64.4197],[-65.0734,64.4491],[-65.081,64.4792],[-65.1632,64.4742],[-65.1676,64.4875],[-65.1144,64.515],[-65.1453,64.516],[-65.2058,64.4916],[-65.2379,64.487],[-65.2065,64.518],[-65.2114,64.5414],[-65.2652,64.5211],[-65.2789,64.487],[-65.2745,64.4715],[-65.3,64.4727],[-65.3341,64.487],[-65.4078,64.4454],[-65.4009,64.4721],[-65.3483,64.501],[-65.3409,64.528],[-65.3986,64.5246],[-65.4559,64.488],[-65.4927,64.4757],[-65.519,64.4802],[-65.5054,64.5006],[-65.6146,64.5006],[-65.6911,64.488],[-65.7069,64.4901],[-65.7261,64.5152],[-65.7177,64.5416],[-65.7225,64.5756],[-65.7524,64.59],[-65.7134,64.6036],[-65.6531,64.6068],[-65.5865,64.6491],[-65.5743,64.6788],[-65.5821,64.7045],[-65.56,64.7129],[-65.5828,64.7568],[-65.6466,64.7734],[-65.703,64.7546],[-65.7034,64.6924],[-65.7388,64.7341],[-65.7261,64.767],[-65.6693,64.7986],[-65.6688,64.812],[-65.7168,64.8442],[-65.7379,64.8467],[-65.7761,64.8044],[-65.7934,64.8091],[-65.7814,64.8618],[-65.824,64.8828],[-65.8734,64.8698],[-65.9171,64.8876],[-65.9521,64.8845],[-65.9334,64.8607],[-65.889,64.8296],[-65.9062,64.81],[-65.9368,64.8091],[-65.9016,64.7797],[-65.8542,64.7613],[-65.893,64.7506],[-65.8956,64.7325],[-65.8542,64.6856],[-65.7996,64.6514],[-65.823,64.6379],[-65.8656,64.6626],[-65.908,64.6787],[-65.9538,64.7368],[-65.9506,64.7595],[-65.9679,64.7697],[-66.0126,64.7545],[-65.9988,64.7129],[-66.0225,64.707],[-66.0414,64.7194],[-66.0484,64.7416],[-66.0205,64.7828],[-66.0091,64.8323],[-66.0187,64.8576],[-66.1009,64.8074],[-66.1248,64.7698],[-66.1495,64.744],[-66.1553,64.7093],[-66.1709,64.6834],[-66.218,64.6924],[-66.2105,64.7259],[-66.2202,64.7488],[-66.2105,64.7613],[-66.2833,64.7579],[-66.3213,64.7612],[-66.3415,64.7744],[-66.2074,64.7744],[-66.1903,64.781],[-66.1826,64.8126],[-66.1968,64.8227],[-66.1646,64.8627],[-66.1496,64.8706],[-66.2086,64.897],[-66.2445,64.9062],[-66.2726,64.9047],[-66.2924,64.8749],[-66.3212,64.8836],[-66.3067,64.9122],[-66.3469,64.9453],[-66.3688,64.9456],[-66.3732,64.9195],[-66.4537,64.9296],[-66.4985,64.9456],[-66.4802,64.9689],[-66.4825,64.986],[-66.5056,64.9838],[-66.5371,64.9584],[-66.5394,65.0134],[-66.6822,65.0442],[-66.694,65.0177],[-66.6582,64.9868],[-66.6494,64.9699],[-66.6539,64.9335],[-66.6849,64.8644],[-66.6909,64.8262],[-66.684,64.8096],[-66.6357,64.7812],[-66.6806,64.7676],[-66.7108,64.7744],[-66.6977,64.7886],[-66.725,64.7949],[-66.72,64.8139],[-66.7387,64.8227],[-66.7368,64.853],[-66.766,64.8774],[-66.7387,64.892],[-66.725,64.9184],[-66.7512,64.9317],[-66.8343,64.9456],[-66.7716,64.9565],[-66.7434,64.9682],[-66.7463,65.0068],[-66.7784,65.0082],[-66.766,65.0276],[-66.7865,65.0351],[-66.7592,65.0692],[-66.8513,65.0361],[-66.9168,65.0493],[-66.8909,65.0659],[-66.8113,65.0626],[-66.7927,65.0903],[-66.8275,65.0903],[-66.8092,65.1025],[-66.7588,65.1157],[-66.7592,65.1313],[-66.725,65.1859],[-66.7517,65.1816],[-66.7998,65.1574],[-66.837,65.1459],[-66.8964,65.1039],[-66.8874,65.0816],[-66.9062,65.0712],[-66.9653,65.0623],[-66.9515,65.0795],[-66.9675,65.0866],[-67.0199,65.0828],[-67.0836,65.0642],[-67.1086,65.0623],[-67.069,65.1008],[-67.0321,65.1134],[-66.9615,65.1101],[-66.9516,65.1291],[-66.9359,65.216],[-66.9373,65.2412],[-66.9945,65.2013],[-67.0199,65.2064],[-67.0124,65.22],[-67.0487,65.2241],[-67.098,65.2031],[-67.1381,65.2317],[-67.1701,65.2269],[-67.1345,65.2469],[-67.0807,65.2473],[-67.1257,65.2752],[-67.1601,65.261],[-67.1688,65.2685],[-67.1223,65.3162],[-67.1643,65.3193],[-67.2424,65.3497],[-67.2837,65.3572],[-67.3142,65.3298],[-67.3452,65.3225],[-67.3865,65.3286],[-67.4171,65.351],[-67.327,65.3554],[-67.3142,65.3674],[-67.1459,65.3657],[-67.0913,65.3806],[-67.0599,65.4241],[-67.0705,65.4359],[-67.1048,65.4446],[-67.0603,65.4534],[-67.0843,65.4677],[-67.1396,65.4696],[-67.2088,65.4592],[-67.2731,65.4739],[-67.3355,65.4505],[-67.3808,65.4783],[-67.4587,65.5012],[-67.3471,65.5015],[-67.3277,65.508],[-67.3413,65.5219],[-67.392,65.5209],[-67.4171,65.5285],[-67.3782,65.5435],[-67.3405,65.5446],[-67.2595,65.5353],[-67.2756,65.5593],[-67.3287,65.5715],[-67.3414,65.5832],[-67.2542,65.6084],[-67.2731,65.6452],[-67.3695,65.6745],[-67.4549,65.6789],[-67.4717,65.6725],[-67.4863,65.646],[-67.5439,65.6623],[-67.7355,65.6384],[-67.7552,65.6318],[-67.8091,65.5859],[-67.869,65.5832],[-67.9062,65.5537],[-67.9758,65.5179],[-68.0014,65.4934],[-68.0334,65.4875],[-67.9615,65.5487],[-67.9569,65.5727],[-67.9847,65.5786],[-68.0248,65.5622],[-68.0607,65.5694],[-67.9788,65.6042],[-67.9448,65.5915],[-67.9174,65.6042],[-67.9916,65.6336],[-67.9652,65.6384],[-67.927,65.6201],[-67.8852,65.6269],[-67.869,65.6452],[-67.8876,65.6674],[-67.869,65.6862],[-67.8895,65.706],[-67.9262,65.6972],[-67.9652,65.6999],[-67.9744,65.7096],[-67.9536,65.7252],[-67.9584,65.7408],[-67.9249,65.7568],[-67.8447,65.7625],[-67.8143,65.7824],[-67.8297,65.8096],[-67.8143,65.8159],[-67.8609,65.827],[-67.8811,65.8196],[-67.9017,65.7923],[-67.9609,65.7978],[-68.0076,65.7807],[-68.0383,65.782],[-68.0955,65.796],[-68.2054,65.796],[-68.157,65.8159],[-68.1089,65.8195],[-68.0823,65.8328],[-68.1296,65.837],[-68.1911,65.8643],[-68.1603,65.872],[-68.1368,65.9266],[-68.1592,65.9289],[-68.1774,65.9052],[-68.1911,65.9257],[-68.2705,65.9125],[-68.3124,65.9128],[-68.3352,65.9326],[-68.3153,65.9614],[-68.2743,65.9667],[-68.2147,65.9473],[-68.1911,65.953],[-68.218,65.9663],[-68.2802,65.9824],[-68.3453,66.0325],[-68.3343,66.0493],[-68.2817,66.0171],[-68.1762,65.9728],[-68.116,65.9667],[-68.1302,65.9863],[-68.1562,65.9971],[-68.2116,66.0076],[-68.1906,66.0275],[-68.1586,66.0339],[-68.124,66.0271],[-68.0955,66.0076],[-68.1015,65.9918],[-68.0825,65.9809],[-68.053,66.0078],[-68.0682,66.0493],[-68.0273,66.0759],[-68.0452,66.0831],[-68.0815,66.0776],[-68.1041,66.0859],[-68.1501,66.1175],[-68.222,66.1282],[-68.2191,66.1113],[-68.26,66.1113],[-68.2191,66.0759],[-68.2611,66.0806],[-68.3349,66.1212],[-68.3894,66.1361],[-68.4282,66.1762],[-68.4584,66.1885],[-68.544,66.195],[-68.5952,66.1728],[-68.6509,66.1882],[-68.6887,66.1745],[-68.8497,66.1933],[-68.8267,66.201],[-68.5238,66.2069],[-68.4966,66.2129],[-68.4724,66.2367],[-68.519,66.2821],[-68.5135,66.3031],[-68.4754,66.2901],[-68.4444,66.2684],[-68.3992,66.1868],[-68.3289,66.1858],[-68.3424,66.2102],[-68.3319,66.2226],[-68.2737,66.2274],[-68.2584,66.2186],[-68.2389,66.1585],[-68.2162,66.1459],[-68.1386,66.1273],[-68.0787,66.1195],[-67.9919,66.0945],[-67.9726,66.0834],[-68.0198,66.0732],[-68.0136,66.0458],[-68.0317,66.0106],[-68.0257,65.9949],[-67.9857,65.9878],[-67.9886,65.9734],[-67.9447,65.9468],[-67.9228,65.9032],[-67.81,65.8784],[-67.7501,65.8968],[-67.7045,65.8984],[-67.7529,65.9499],[-67.7459,65.9665],[-67.7045,65.9326],[-67.6583,65.9276],[-67.6266,65.9091],[-67.6021,65.9052],[-67.5177,65.9112],[-67.473,65.8935],[-67.4502,65.9027],[-67.4171,65.9326],[-67.4162,65.9443],[-67.3743,65.9349],[-67.3437,65.9191],[-67.2691,65.9286],[-67.2077,65.9134],[-67.1701,65.9326],[-67.2085,65.9426],[-67.239,65.9605],[-67.2519,65.9814],[-67.3142,66.0015],[-67.2342,66.0117],[-67.1633,66.0356],[-67.1633,66.0424],[-67.2185,66.0424],[-67.2692,66.0633],[-67.2936,66.1113],[-67.3133,66.1193],[-67.4353,66.1384],[-67.486,66.1585],[-67.4794,66.1734],[-67.5611,66.1858],[-67.6441,66.2226],[-67.6778,66.2274],[-67.6877,66.2408],[-67.7327,66.2449],[-67.7529,66.2547],[-67.7222,66.2674],[-67.7045,66.2926],[-67.7395,66.3155],[-67.7568,66.3366],[-67.7591,66.3608],[-67.8019,66.3898],[-67.8524,66.4134],[-67.8766,66.4638],[-67.9377,66.4792],[-67.9519,66.499],[-67.9842,66.5003],[-67.9846,66.5131],[-67.9379,66.5222],[-67.9036,66.4984],[-67.8769,66.4992],[-67.8594,66.5222],[-67.8452,66.5154],[-67.8218,66.467],[-67.8004,66.4586],[-67.701,66.4385],[-67.6294,66.4465],[-67.6431,66.4328],[-67.5748,66.4192],[-67.5282,66.3862],[-67.4978,66.3859],[-67.4818,66.3527],[-67.437,66.3441],[-67.4512,66.3304],[-67.4193,66.3055],[-67.3898,66.2994],[-67.3834,66.3175],[-67.3352,66.2895],[-67.3032,66.2807],[-67.2322,66.3093],[-67.146,66.3028],[-67.1291,66.3168],[-67.1877,66.3521],[-67.2827,66.3696],[-67.3605,66.3943],[-67.3939,66.4125],[-67.4103,66.4328],[-67.351,66.4329],[-67.3352,66.426],[-67.3619,66.4123],[-67.2523,66.4055],[-67.2324,66.3991],[-67.1991,66.371],[-67.1772,66.3646],[-67.1465,66.3786],[-67.1609,66.4245],[-67.1428,66.4403],[-67.2523,66.4768],[-67.2725,66.5151],[-67.3039,66.5327],[-67.3786,66.5492],[-67.7026,66.5598],[-67.7461,66.57],[-67.7237,66.5824],[-67.6368,66.5768],[-67.6499,66.598],[-67.5998,66.5907],[-67.5686,66.5754],[-67.5205,66.5757],[-67.527,66.598],[-67.5559,66.6217],[-67.5091,66.6175],[-67.4486,66.5737],[-67.4103,66.5911],[-67.3519,66.5978],[-67.3299,66.5935],[-67.3352,66.5768],[-67.2818,66.5523],[-67.1948,66.5376],[-67.1905,66.4949],[-67.1294,66.4872],[-67.0955,66.4939],[-67.0911,66.5184],[-67.1633,66.5222],[-67.1369,66.5367],[-67.0725,66.5342],[-67.0472,66.5222],[-67.0342,66.5427],[-67.0045,66.5348],[-66.9613,66.5408],[-66.8827,66.57],[-67.0603,66.6383],[-67.0603,66.6457],[-67.0121,66.6416],[-66.9683,66.6308],[-66.8889,66.598],[-66.8486,66.5903],[-66.7641,66.5993],[-66.725,66.5911],[-66.7454,66.5727],[-66.8616,66.5427],[-66.8051,66.5258],[-66.7917,66.4982],[-66.7944,66.4741],[-66.8207,66.467],[-66.7853,66.442],[-66.739,66.4328],[-66.7184,66.4379],[-66.7044,66.4584],[-66.6772,66.4602],[-66.7085,66.4035],[-66.7308,66.3896],[-66.766,66.3851],[-66.6925,66.3699],[-66.6226,66.3714],[-66.5659,66.3969],[-66.5018,66.4083],[-66.4739,66.4188],[-66.4432,66.4143],[-66.4444,66.4018],[-66.5555,66.3815],[-66.5742,66.3714],[-66.5711,66.352],[-66.5409,66.3465],[-66.4718,66.3503],[-66.5157,66.3204],[-66.4924,66.3123],[-66.478,66.2789],[-66.5367,66.2895],[-66.5467,66.2826],[-66.5401,66.2448],[-66.5208,66.2187],[-66.4763,66.2048],[-66.4259,66.2013],[-66.3892,66.2069],[-66.3728,66.2241],[-66.3875,66.242],[-66.4438,66.2684],[-66.4222,66.2807],[-66.362,66.2547],[-66.3106,66.2731],[-66.3135,66.2622],[-66.2806,66.2423],[-66.236,66.253],[-66.1496,66.2895],[-66.1907,66.241],[-66.2122,66.2504],[-66.2517,66.2218],[-66.2142,66.2032],[-66.2043,66.1796],[-66.1559,66.1585],[-66.1478,66.1407],[-66.0119,66.1175],[-65.9591,66.1147],[-65.8599,66.1346],[-65.7791,66.1728],[-65.6819,66.1914],[-65.592,66.2575],[-65.5709,66.2822],[-65.5558,66.3303],[-65.5218,66.3436],[-65.5054,66.3765],[-65.4775,66.3918],[-65.4699,66.353],[-65.4878,66.34],[-65.5389,66.3236],[-65.522,66.317],[-65.4707,66.3168],[-65.514,66.2978],[-65.536,66.2764],[-65.5599,66.2347],[-65.6194,66.2016],[-65.6391,66.1728],[-65.6727,66.1684],[-65.8406,66.1039],[-65.9231,66.0902],[-65.9186,66.0742],[-65.9604,66.0527],[-65.9643,66.0412],[-65.9442,66.0114],[-65.9397,65.9768],[-65.9251,65.9596],[-65.8994,65.9537],[-65.8242,65.9564],[-65.7517,65.9709],[-65.3931,65.9822],[-65.3169,66.0033],[-65.2894,66.0424],[-65.2669,66.0412],[-65.2363,66.0245],[-65.2016,66.0283],[-65.0584,66.0607],[-65.0209,66.0782],[-64.9636,66.0759],[-64.9226,66.0976],[-64.8714,66.1075],[-64.8504,66.12],[-64.8592,66.1512],[-64.8332,66.1994],[-64.8131,66.2073],[-64.7954,66.2347],[-64.7656,66.2557],[-64.7103,66.2826],[-64.616,66.299],[-64.581,66.3135],[-64.5299,66.3197],[-64.4667,66.3411],[-64.4397,66.3441],[-64.4223,66.3304],[-64.3696,66.354],[-64.354,66.3503],[-64.3872,66.3275],[-64.4299,66.3102],[-64.5601,66.286],[-64.6388,66.2438],[-64.7172,66.2246],[-64.7407,66.1997],[-64.7782,66.1029],[-64.8,66.0743],[-64.8543,66.0294],[-64.8122,66.0052],[-64.7812,65.999],[-64.7376,65.9742],[-64.7568,65.9685],[-64.8065,65.9742],[-64.9097,66.0053],[-64.9602,66.0009],[-65.0604,65.984],[-65.1088,65.9685],[-65.1562,65.9614],[-65.2116,65.9433],[-65.3533,65.9141],[-65.3731,65.8901],[-65.4508,65.8432],[-65.4775,65.796],[-65.5031,65.7668],[-65.4907,65.7397],[-65.4663,65.7448],[-65.4153,65.7792],[-65.385,65.7877],[-65.3768,65.7744],[-65.4017,65.7482],[-65.4538,65.6793],[-65.184,65.6567],[-65.1588,65.6619],[-65.0906,65.7047],[-65.0015,65.725],[-64.8248,65.7366],[-64.7922,65.7277],[-64.8226,65.7153],[-64.9368,65.7134],[-64.9774,65.7071],[-65.0505,65.6843],[-65.1036,65.6729],[-65.1177,65.6384],[-65.1777,65.6301],[-65.2244,65.6393],[-65.2677,65.6384],[-65.3013,65.6296],[-65.31,65.592],[-65.3409,65.5832],[-65.3289,65.5613],[-65.2935,65.5605],[-65.1959,65.6029],[-65.1929,65.5834],[-65.2221,65.5661],[-65.1807,65.546],[-65.0939,65.549],[-64.9913,65.548],[-64.967,65.5589],[-64.8699,65.6503],[-64.8301,65.665],[-64.7103,65.6588],[-64.7347,65.6453],[-64.8301,65.6384],[-64.8332,65.6073],[-64.7922,65.5832],[-64.8406,65.59],[-64.9368,65.5415],[-64.9294,65.5285],[-65.025,65.5111],[-65.1147,65.5043],[-65.1696,65.4875],[-65.1456,65.4742],[-65.1491,65.449],[-65.1318,65.425],[-65.0725,65.3883],[-65.0102,65.3694],[-64.984,65.3776],[-64.9903,65.3946],[-64.9551,65.4075],[-64.8706,65.4282],[-64.813,65.4186],[-64.7087,65.4354],[-64.6761,65.4465],[-64.6421,65.4706],[-64.6171,65.4536],[-64.498,65.4596],[-64.5253,65.4465],[-64.507,65.4409],[-64.4652,65.4495],[-64.4514,65.4789],[-64.4086,65.4807],[-64.4318,65.4377],[-64.4585,65.4211],[-64.5086,65.4323],[-64.6077,65.4306],[-64.6759,65.4006],[-64.7508,65.3928],[-64.818,65.3696],[-64.8882,65.3555],[-64.9151,65.3435],[-64.8918,65.3366],[-64.7922,65.351],[-64.6824,65.3435],[-64.7587,65.3162],[-64.8195,65.3298],[-64.8785,65.3163],[-64.9089,65.3026],[-64.8629,65.2931],[-64.8543,65.2821],[-64.9021,65.2821],[-64.8319,65.2433],[-64.7974,65.2397],[-64.765,65.2541],[-64.7451,65.2752],[-64.7103,65.2716],[-64.6892,65.2519],[-64.6489,65.2473],[-64.6913,65.2423],[-64.7157,65.2272],[-64.6824,65.2064],[-64.7025,65.2],[-64.7308,65.1592],[-64.6574,65.1749],[-64.6414,65.1927],[-64.6169,65.1924],[-64.6399,65.1579],[-64.6135,65.1374],[-64.6414,65.1238],[-64.5913,65.1306],[-64.5733,65.1264],[-64.5571,65.0932],[-64.5048,65.1449],[-64.4622,65.2062],[-64.4558,65.2415],[-64.4775,65.2821],[-64.436,65.3298],[-64.3745,65.3435],[-64.357,65.3527],[-64.3472,65.3851],[-64.2926,65.4056],[-64.298,65.423],[-64.2823,65.4307],[-64.2374,65.4323],[-64.2646,65.4056],[-64.2517,65.3919],[-64.3261,65.3472],[-64.3378,65.3332],[-64.3922,65.3041],[-64.4,65.279],[-64.3506,65.3026],[-64.3382,65.2955],[-64.3881,65.261],[-64.3921,65.2165],[-64.3743,65.1793],[-64.3461,65.1757],[-64.336,65.1544],[-64.2504,65.1818],[-64.2274,65.2001],[-64.1147,65.2083],[-64.079,65.2064],[-64.1097,65.1896],[-64.1785,65.1767],[-64.2069,65.1623],[-64.2548,65.1185],[-64.2783,65.1039],[-64.2595,65.0976],[-64.1964,65.1101],[-64.2106,65.0965],[-64.1532,65.0554],[-64.1097,65.0523],[-64.0819,65.0773],[-64.0732,65.1202],[-64.0585,65.1213],[-63.9913,65.0993],[-63.9487,65.1098],[-63.9016,65.1449],[-63.8848,65.1431],[-63.8731,65.1748],[-63.8539,65.1836],[-63.8091,65.1859],[-63.7916,65.1793],[-63.8021,65.1645],[-63.8623,65.1216],[-63.8851,65.0861],[-63.8668,65.0692],[-63.871,65.0445],[-63.8441,65.0314],[-63.8074,65.0295],[-63.7552,65.0528],[-63.7198,65.0557],[-63.6551,65.0419],[-63.7435,65.0307],[-63.765,65.0146],[-63.8258,65.0146],[-63.8122,65.0077],[-63.8258,64.9866],[-63.7735,64.9794],[-63.7563,64.9659],[-63.6573,64.9894],[-63.6297,65.0043],[-63.6024,64.9945],[-63.6052,64.9655],[-63.6619,64.9456],[-63.6387,64.9243],[-63.6551,64.9184],[-63.5908,64.9031],[-63.5241,64.903],[-63.5384,64.9326],[-63.5043,64.9599],[-63.5316,64.973],[-63.4559,65.0077],[-63.4696,65.0351],[-63.4052,65.0328],[-63.3876,65.0493],[-63.4633,65.0555],[-63.4633,65.0623],[-63.3887,65.062],[-63.3671,65.0692],[-63.4138,65.0861],[-63.436,65.1039],[-63.3552,65.1269],[-63.3398,65.1449],[-63.3735,65.1538],[-63.4485,65.1582],[-63.4832,65.1654],[-63.436,65.1722],[-63.5179,65.1927],[-63.4946,65.2015],[-63.4087,65.2001],[-63.3734,65.2064],[-63.3395,65.1927],[-63.3177,65.1981],[-63.3238,65.2215],[-63.3469,65.2269],[-63.4341,65.2328],[-63.4559,65.2412],[-63.4055,65.2539],[-63.3503,65.2541],[-63.3524,65.2719],[-63.3878,65.2753],[-63.4087,65.2678],[-63.4566,65.2849],[-63.4182,65.3004],[-63.3666,65.296],[-63.3398,65.3026],[-63.3876,65.3088],[-63.3734,65.3298],[-63.4975,65.3708],[-63.4633,65.3851],[-63.5242,65.3851],[-63.5242,65.3919],[-63.3876,65.3981],[-63.4633,65.4056],[-63.6551,65.467],[-63.6274,65.4803],[-63.5716,65.4741],[-63.4241,65.4337],[-63.3734,65.4398],[-63.2914,65.4323],[-63.2914,65.4398],[-63.4393,65.4856],[-63.5305,65.4856],[-63.5242,65.5012],[-63.5422,65.5217],[-63.6018,65.5325],[-63.6204,65.549],[-63.5726,65.549],[-63.5869,65.5832],[-63.6074,65.5967],[-63.5547,65.5832],[-63.5128,65.5451],[-63.4801,65.5285],[-63.3666,65.5383],[-63.3324,65.5769],[-63.3398,65.59],[-63.3187,65.5967],[-63.3666,65.6335],[-63.3842,65.6384],[-63.4975,65.6315],[-63.5863,65.6588],[-63.6643,65.6489],[-63.7143,65.6699],[-63.7108,65.6825],[-63.6234,65.6736],[-63.6019,65.6656],[-63.5794,65.6793],[-63.4633,65.6862],[-63.3757,65.6723],[-63.3467,65.6725],[-63.3876,65.7134],[-63.3671,65.734],[-63.4119,65.7627],[-63.4833,65.8492],[-63.5316,65.8779],[-63.5116,65.9077],[-63.5179,65.9257],[-63.5013,65.9387],[-63.4764,65.9336],[-63.4323,65.8469],[-63.352,65.7823],[-63.3295,65.7414],[-63.2504,65.693],[-63.2162,65.6496],[-63.1962,65.6337],[-63.1617,65.6315],[-63.1601,65.6492],[-63.0137,65.6352],[-63.0109,65.6104],[-62.9923,65.5884],[-62.9597,65.59],[-62.9047,65.6278],[-62.897,65.65],[-62.9078,65.6725],[-62.9207,65.7333],[-62.9631,65.7551],[-62.9321,65.7606],[-62.9006,65.7477],[-62.8761,65.7239],[-62.8625,65.6548],[-62.8505,65.6333],[-62.8264,65.6291],[-62.8197,65.6104],[-62.7851,65.5952],[-62.7471,65.59],[-62.7259,65.6008],[-62.7291,65.621],[-62.7106,65.6341],[-62.6752,65.6391],[-62.6533,65.6308],[-62.675,65.6042],[-62.6572,65.5888],[-62.6356,65.5996],[-62.5942,65.664],[-62.598,65.6749],[-62.6407,65.6838],[-62.6881,65.7134],[-62.7823,65.7194],[-62.8198,65.732],[-62.8464,65.7687],[-62.8266,65.768],[-62.6894,65.7445],[-62.6528,65.7327],[-62.5891,65.724],[-62.5718,65.7626],[-62.6117,65.7761],[-62.699,65.8159],[-62.7418,65.8136],[-62.8259,65.8432],[-62.8122,65.8643],[-62.8736,65.8848],[-62.8708,65.9081],[-62.8054,65.8916],[-62.7925,65.867],[-62.7426,65.8538],[-62.7104,65.8275],[-62.6446,65.8108],[-62.5825,65.8078],[-62.5378,65.8185],[-62.5385,65.8022],[-62.5103,65.7933],[-62.3999,65.8044],[-62.3529,65.8159],[-62.3021,65.8117],[-62.2915,65.8227],[-62.3696,65.8681],[-62.3686,65.9148],[-62.4204,65.9069],[-62.456,65.9257],[-62.3871,65.9326],[-62.4094,65.968],[-62.4289,65.9787],[-62.4772,65.9727],[-62.5317,66.0076],[-62.8228,66.0219],[-62.8741,66.051],[-62.8979,66.0976],[-62.9283,66.1243],[-62.9521,66.1279],[-63.0243,66.1175],[-63.0655,66.1243],[-62.9722,66.1509],[-62.9237,66.1512],[-62.8799,66.1312],[-62.8535,66.0823],[-62.8269,66.0544],[-62.7644,66.0356],[-62.7086,66.0501],[-62.6235,66.0294],[-62.5285,66.0356],[-62.4411,66.0126],[-62.4109,66.023],[-62.3317,65.9849],[-62.3023,65.9809],[-62.1999,66.0106],[-62.1705,66.0122],[-62.1114,66.0004],[-62.0554,66.0184],[-62.024,66.0219],[-61.9656,66.0151],[-61.9542,66.0198],[-61.9927,66.0502],[-62.0836,66.0483],[-62.1134,66.0561],[-62.0918,66.0661],[-62.0103,66.0759],[-62.0425,66.0845],[-62.0786,66.0834],[-62.0376,66.1039],[-62.1283,66.0986],[-62.1543,66.1039],[-62.1704,66.1208],[-62.1059,66.1448],[-62.1374,66.1545],[-62.3265,66.1607],[-62.3568,66.1687],[-62.3597,66.1858],[-62.4516,66.1954],[-62.4935,66.2069],[-62.5385,66.2274],[-62.6621,66.1993],[-62.699,66.1981],[-62.7495,66.2255],[-62.802,66.2449],[-62.8122,66.2752],[-62.8942,66.3372],[-62.8137,66.3282],[-62.7794,66.3045],[-62.7843,66.2895],[-62.757,66.2684],[-62.7644,66.2547],[-62.6912,66.2364],[-62.6643,66.2196],[-62.5738,66.2368],[-62.4799,66.2664],[-62.4007,66.2752],[-62.3405,66.2998],[-62.3188,66.3031],[-62.4177,66.3436],[-62.4706,66.37],[-62.4758,66.3993],[-62.5326,66.411],[-62.5662,66.407],[-62.6147,66.3874],[-62.6536,66.3909],[-62.716,66.4123],[-62.6943,66.418],[-62.6269,66.4055],[-62.6063,66.4084],[-62.6267,66.4403],[-62.6074,66.4422],[-62.4901,66.426],[-62.4158,66.4259],[-62.3361,66.4155],[-62.3222,66.4089],[-62.2518,66.4074],[-62.2196,66.3972],[-62.2369,66.3714],[-62.2117,66.3237],[-62.1953,66.3168],[-62.1264,66.3168],[-62.0823,66.3304],[-62.0161,66.3074],[-61.9346,66.2895],[-61.85,66.295],[-61.7844,66.3372],[-61.7539,66.3417],[-61.6901,66.3296],[-61.6608,66.3304],[-61.6053,66.3508],[-61.5646,66.3441],[-61.4923,66.3674],[-61.4622,66.3714],[-61.5237,66.3918],[-61.5646,66.4192],[-61.8663,66.4192],[-61.9593,66.4045],[-61.9898,66.4192],[-61.9005,66.4328],[-61.8768,66.4465],[-61.8386,66.4465],[-61.7948,66.435],[-61.7636,66.4365],[-61.7229,66.4602],[-61.6472,66.4602],[-61.582,66.4779],[-61.6051,66.5056],[-61.6677,66.5258],[-61.8215,66.6286],[-61.9731,66.6494],[-62.0351,66.64],[-62.0891,66.609],[-62.1235,66.6103],[-62.1884,66.6252],[-62.1884,66.6321],[-62.0498,66.6495],[-62.017,66.6723],[-62.0314,66.6867],[-61.9993,66.6989],[-61.8663,66.6588],[-61.7766,66.6547],[-61.7344,66.6467],[-61.6458,66.608],[-61.6155,66.5658],[-61.5763,66.5505],[-61.4382,66.5465],[-61.4138,66.5768],[-61.3592,66.5768],[-61.2705,66.6048],[-61.2903,66.6184],[-61.2675,66.6316],[-61.2764,66.6542],[-61.3011,66.6777],[-61.3593,66.7125],[-61.4074,66.7475],[-61.4691,66.7618],[-61.4479,66.7686],[-61.5059,66.805],[-61.6628,66.8112],[-61.7297,66.8307],[-61.6586,66.8341],[-61.6274,66.846],[-61.6056,66.8716],[-61.7006,66.8939],[-61.7559,66.8817],[-61.8032,66.8891],[-61.9356,66.8916],[-61.9783,66.8726],[-62.0083,66.8801],[-61.9895,66.8959],[-61.9313,66.9053],[-61.7971,66.8937],[-61.7465,66.9161],[-61.7392,66.9446],[-61.7769,66.9536],[-61.8458,66.9372],[-61.8663,66.9461],[-61.839,66.9741],[-61.9063,66.9761],[-61.956,66.963],[-62.0172,66.9126],[-62.0836,66.9123],[-62.1059,66.9194],[-62.0649,66.9461],[-62.0581,66.9815],[-62.0334,67.0136],[-62.0041,67.0368],[-62.0408,67.0506],[-62.09,67.0598],[-62.1407,67.0615],[-62.2226,67.043],[-62.2712,67.0472],[-62.2983,67.0225],[-62.2757,66.9809],[-62.284,66.9461],[-62.3631,66.9331],[-62.425,66.9282],[-62.4212,66.9126],[-62.4417,66.8996],[-62.4212,66.8642],[-62.4267,66.8498],[-62.3802,66.8376],[-62.3392,66.7966],[-62.2989,66.7766],[-62.292,66.7585],[-62.3113,66.7277],[-62.4007,66.786],[-62.4117,66.8179],[-62.47,66.8312],[-62.4969,66.845],[-62.514,66.9092],[-62.5552,66.9385],[-62.6068,66.9536],[-62.6655,66.9548],[-62.6956,66.9475],[-62.7302,66.9503],[-62.7637,66.9288],[-62.7713,66.9126],[-62.7508,66.8785],[-62.7759,66.8508],[-62.7434,66.8134],[-62.7502,66.788],[-62.7872,66.7678],[-62.806,66.7396],[-62.8327,66.7209],[-62.8228,66.6833],[-62.8878,66.6514],[-62.9016,66.6383],[-62.9118,66.6548],[-62.8601,66.7072],[-62.8668,66.7388],[-62.8227,66.8015],[-62.8259,66.8642],[-62.843,66.9169],[-62.8389,66.9604],[-62.905,66.973],[-62.9761,66.9678],[-62.9991,66.9488],[-63.1297,66.938],[-63.2033,66.9091],[-63.2985,66.8996],[-63.3491,66.8907],[-63.3284,66.838],[-63.3361,66.8061],[-63.3842,66.7385],[-63.4131,66.7116],[-63.4559,66.7072],[-63.4237,66.7724],[-63.4147,66.8037],[-63.4238,66.8804],[-63.4361,66.9072],[-63.4868,66.9053],[-63.4956,66.871],[-63.4772,66.846],[-63.4869,66.8341],[-63.528,66.8182],[-63.5723,66.8096],[-63.8197,66.8171],[-63.806,66.8315],[-63.7729,66.8321],[-63.7097,66.8232],[-63.6146,66.8298],[-63.5641,66.8483],[-63.5521,66.868],[-63.5651,66.8922],[-63.5241,66.9169],[-63.4696,66.9269],[-63.3469,66.9357],[-63.285,66.9475],[-63.2368,66.9741],[-63.2228,67.0002],[-63.2299,67.0368],[-63.2842,67.0988],[-63.2504,67.1323],[-63.0587,67.1658],[-62.9769,67.2219],[-62.9813,67.2549],[-63.002,67.288],[-63.0276,67.303],[-63.1171,67.3303],[-63.1636,67.3376],[-63.2095,67.3167],[-63.1679,67.2962],[-63.1872,67.2733],[-63.2585,67.2484],[-63.2914,67.2553],[-63.2213,67.28],[-63.2035,67.2988],[-63.2662,67.3126],[-63.2965,67.3057],[-63.3324,67.2825],[-63.4121,67.2177],[-63.4215,67.1968],[-63.3982,67.1562],[-63.4394,67.1213],[-63.4927,67.0916],[-63.5507,67.0712],[-63.6745,67.0526],[-63.737,67.0293],[-63.7674,67.0034],[-63.7712,66.9604],[-63.8004,66.993],[-63.7375,67.0476],[-63.6685,67.0623],[-63.5391,67.1112],[-63.4559,67.1767],[-63.4491,67.228],[-63.5049,67.2407],[-63.5675,67.2441],[-63.6893,67.2348],[-63.7579,67.2177],[-63.7851,67.2416],[-63.8469,67.2348],[-63.8885,67.2416],[-63.9186,67.2038],[-63.9619,67.188],[-64.1417,67.187],[-64.2414,67.1634],[-64.3472,67.1454],[-64.4965,67.1386],[-64.536,67.1298],[-64.5968,67.0941],[-64.6109,67.0776],[-64.6289,67.0269],[-64.6584,67.006],[-64.7004,67.0089],[-64.6953,67.0196],[-64.6966,67.0839],[-64.6645,67.1171],[-64.6091,67.1403],[-64.2032,67.2069],[-64.1466,67.2221],[-64.0914,67.2091],[-64.0214,67.213],[-63.9996,67.2289],[-63.963,67.2757],[-64.0117,67.2825],[-64.298,67.2379],[-64.5749,67.2364],[-64.6352,67.228],[-64.7275,67.2033],[-64.7727,67.1983],[-64.8195,67.2069],[-64.7886,67.2216],[-64.5253,67.2621],[-64.392,67.2502],[-64.3472,67.2553],[-64.2871,67.2721],[-64.2305,67.2962],[-64.2573,67.3055],[-64.3602,67.303],[-64.7997,67.3515],[-64.7623,67.3627],[-64.3903,67.3366],[-64.0183,67.3105],[-63.9234,67.2958],[-63.9209,67.3183],[-64.0046,67.331],[-63.9543,67.3432],[-63.9416,67.361],[-63.9476,67.4016],[-63.9971,67.4538],[-64.0449,67.4669],[-64.0976,67.4669],[-64.2032,67.4538],[-64.3268,67.4536],[-64.3876,67.4631],[-64.4434,67.4811],[-64.2678,67.4675],[-64.2482,67.4691],[-64.1175,67.5023],[-64.1002,67.5228],[-64.0461,67.5299],[-64.0524,67.5413],[-64.103,67.5508],[-64.0771,67.5892],[-64.0763,67.6178],[-64.1077,67.6212],[-64.2278,67.6142],[-64.2851,67.6252],[-64.2221,67.6362],[-64.2073,67.6542],[-64.2169,67.6804],[-64.261,67.7143],[-64.3124,67.7351],[-64.3577,67.7084],[-64.3972,67.6966],[-64.4472,67.6954],[-64.6207,67.6671],[-64.6414,67.6667],[-64.5961,67.6879],[-64.5448,67.7029],[-64.4896,67.7117],[-64.3988,67.7145],[-64.3676,67.7589],[-64.3787,67.7724],[-64.4571,67.7624],[-64.4577,67.7893],[-64.5035,67.8065],[-64.607,67.8318],[-64.6557,67.8312],[-64.6898,67.817],[-64.7408,67.83],[-64.7587,67.8244],[-64.752,67.8017],[-64.7734,67.711],[-64.7956,67.6981],[-64.8605,67.694],[-64.8237,67.7135],[-64.8065,67.7487],[-64.8161,67.7829],[-64.8757,67.7945],[-64.9132,67.7943],[-64.9499,67.776],[-65.003,67.7694],[-65.0152,67.7483],[-65.0467,67.7282],[-65.1144,67.722],[-65.1389,67.7073],[-65.1656,67.6442],[-65.1948,67.6437],[-65.2031,67.6562],[-65.1963,67.7077],[-65.1641,67.7355],[-65.0393,67.7624],[-65.0455,67.7767],[-65.012,67.793],[-65.0192,67.8181],[-65.0395,67.8312],[-65.076,67.8256],[-65.1265,67.7997],[-65.1491,67.7965],[-65.1069,67.8449],[-65.1088,67.8666],[-65.0837,67.8449],[-65.0456,67.8518],[-65.0087,67.8689],[-64.9431,67.9138],[-64.9724,67.9248],[-65.0367,67.9254],[-65.0666,67.9343],[-65.0143,67.9486],[-64.8888,67.9404],[-64.7589,67.9654],[-64.7196,67.9852],[-64.7799,68.0083],[-64.8502,68.0178],[-64.9648,68.0524],[-65.025,68.0572],[-65.0803,68.0429],[-65.1069,68.023],[-65.1682,68.0312],[-65.1833,68.0162],[-65.1501,67.9895],[-65.1815,67.9672],[-65.2932,67.9405],[-65.3751,67.9343],[-65.4194,67.9138],[-65.4907,67.824],[-65.5495,67.793],[-65.5177,67.7663],[-65.3804,67.7187],[-65.3249,67.6094],[-65.3612,67.5979],[-65.373,67.6074],[-65.4092,67.6736],[-65.4425,67.7098],[-65.4654,67.723],[-65.5159,67.7322],[-65.5803,67.7557],[-65.6016,67.7692],[-65.6136,67.7995],[-65.5379,67.8288],[-65.4653,67.9277],[-65.4468,67.9939],[-65.4707,68.0026],[-65.519,67.9951],[-65.6547,67.9981],[-65.7586,67.9684],[-65.8096,67.9749],[-65.8276,67.9684],[-65.7791,67.9343],[-65.7706,67.8977],[-65.8089,67.8653],[-65.892,67.8474],[-65.946,67.8288],[-65.9593,67.8173],[-65.9403,67.7789],[-65.9503,67.7275],[-65.9764,67.6818],[-65.9988,67.6667],[-65.9865,67.6486],[-66.0118,67.6366],[-66.0262,67.6531],[-66.0133,67.6717],[-66.0323,67.7282],[-65.9988,67.776],[-66.0051,67.817],[-65.9459,67.8737],[-65.9442,67.8996],[-65.961,67.9153],[-66.0159,67.9437],[-66.0323,67.961],[-65.922,68.0209],[-65.8924,68.0538],[-65.8548,68.081],[-65.8685,68.0913],[-65.9027,68.0851],[-65.8671,68.1106],[-65.9074,68.1544],[-65.9488,68.1649],[-65.9627,68.1361],[-65.9442,68.1118],[-65.9512,68.0564],[-65.9681,68.0331],[-66.0182,68.0272],[-66.1322,67.9859],[-66.1916,67.98],[-66.2248,67.9647],[-66.2646,67.9652],[-66.2966,67.9465],[-66.3208,67.9158],[-66.3415,67.9063],[-66.3376,67.881],[-66.369,67.8419],[-66.3545,67.8101],[-66.3673,67.7823],[-66.4036,67.7968],[-66.3967,67.817],[-66.4231,67.8358],[-66.5127,67.8297],[-66.5719,67.852],[-66.6259,67.8559],[-66.6724,67.8684],[-66.7227,67.871],[-66.7456,67.8791],[-66.696,67.8898],[-66.637,67.8861],[-66.5011,67.8631],[-66.4305,67.8654],[-66.4011,67.8783],[-66.4097,67.8996],[-66.3553,67.9398],[-66.3278,67.9753],[-66.2923,67.9943],[-66.2141,68.0051],[-66.1832,68.023],[-66.2186,68.0336],[-66.2384,68.0572],[-66.2403,68.0819],[-66.2999,68.0913],[-66.3892,68.0709],[-66.478,68.0776],[-66.478,68.0851],[-66.3821,68.0871],[-66.3341,68.0959],[-66.3135,68.1291],[-66.346,68.1362],[-66.5401,68.1528],[-66.5814,68.1484],[-66.6114,68.134],[-66.6295,68.1076],[-66.6445,68.0324],[-66.6679,68.008],[-66.7009,67.9936],[-66.7387,67.989],[-66.7043,68.0146],[-66.6772,68.0504],[-66.6841,68.1015],[-66.6698,68.1118],[-66.6932,68.1455],[-66.7387,68.1397],[-66.7651,68.1149],[-66.8207,68.103],[-66.9066,68.0647],[-66.9243,68.0504],[-66.9316,68.0198],[-66.9442,68.0162],[-66.9714,68.0367],[-66.9575,68.075],[-66.8487,68.1191],[-66.8275,68.1323],[-66.8448,68.1615],[-66.8207,68.1943],[-66.7886,68.208],[-66.766,68.2421],[-66.7882,68.2494],[-66.8968,68.2591],[-66.9761,68.2788],[-67.0272,68.2965],[-67.1197,68.2898],[-67.1359,68.2831],[-67.2936,68.2421],[-67.2748,68.1953],[-67.3079,68.1733],[-67.3153,68.1561],[-67.3797,68.1288],[-67.3997,68.1276],[-67.5626,68.154],[-67.6021,68.1671],[-67.5645,68.1752],[-67.4515,68.1528],[-67.3851,68.1542],[-67.3558,68.164],[-67.3277,68.1869],[-67.338,68.2264],[-67.317,68.2554],[-67.2792,68.2741],[-67.2247,68.2857],[-67.239,68.2968],[-67.0654,68.3066],[-67.0124,68.3179],[-67.0325,68.3266],[-67.198,68.3588],[-67.2581,68.3571],[-67.3151,68.3253],[-67.3352,68.324],[-67.3314,68.3496],[-67.3565,68.3574],[-67.4035,68.3551],[-67.4194,68.3463],[-67.5364,68.3082],[-67.5426,68.27],[-67.5611,68.2558],[-67.6822,68.2415],[-67.6977,68.2496],[-67.5948,68.2641],[-67.5748,68.2769],[-67.5748,68.3179],[-67.5353,68.3328],[-67.548,68.3435],[-67.6473,68.3188],[-67.7493,68.3177],[-67.8181,68.2968],[-67.828,68.2695],[-67.8514,68.2616],[-67.8762,68.2834],[-67.869,68.3042],[-67.8358,68.3243],[-67.7939,68.3377],[-67.4431,68.3767],[-67.4031,68.397],[-67.3726,68.3923],[-67.3347,68.4018],[-67.1844,68.393],[-67.1155,68.3725],[-67.0533,68.362],[-66.9686,68.3699],[-66.9197,68.3936],[-66.9243,68.4135],[-66.8937,68.4224],[-66.8002,68.406],[-66.788,68.4315],[-66.7283,68.4282],[-66.6636,68.4339],[-66.6636,68.4408],[-66.795,68.4657],[-66.8634,68.4665],[-66.9305,68.4544],[-66.9687,68.442],[-67.064,68.4749],[-67.1291,68.4824],[-67.0943,68.4544],[-67.1086,68.4202],[-67.1247,68.4133],[-67.3414,68.4135],[-67.3143,68.4294],[-67.272,68.4328],[-67.1905,68.4277],[-67.2081,68.4438],[-67.2219,68.4786],[-67.2417,68.4909],[-67.2731,68.4544],[-67.286,68.459],[-67.3079,68.4954],[-67.3549,68.5008],[-67.3762,68.4749],[-67.419,68.4973],[-67.4587,68.4886],[-67.5486,68.4923],[-67.5748,68.4886],[-67.5506,68.4565],[-67.5508,68.4279],[-67.5947,68.3883],[-67.6225,68.3998],[-67.6021,68.4544],[-67.63,68.4931],[-67.5961,68.5055],[-67.5376,68.5114],[-67.4923,68.5301],[-67.5192,68.5491],[-67.5942,68.5429],[-67.6215,68.5584],[-67.6641,68.5647],[-67.7004,68.5536],[-67.8146,68.537],[-67.859,68.5502],[-67.869,68.537],[-67.8649,68.4977],[-67.8963,68.4339],[-67.9235,68.4125],[-67.9584,68.3998],[-67.9076,68.4561],[-67.9161,68.5042],[-67.9312,68.5282],[-67.9174,68.5507],[-67.9334,68.56],[-67.9726,68.537],[-68.0136,68.5301],[-68.0235,68.5438],[-68.1195,68.541],[-68.1295,68.5717],[-68.1433,68.5786],[-68.1904,68.5711],[-68.2163,68.5883],[-68.3354,68.5947],[-68.3785,68.601],[-68.4214,68.5947],[-68.4586,68.5643],[-68.7603,68.5711],[-68.7158,68.583],[-68.5478,68.5867],[-68.4812,68.6002],[-68.487,68.6225],[-68.63,68.6387],[-68.6849,68.6326],[-68.7671,68.5978],[-68.8286,68.5915],[-68.9043,68.6052],[-68.8801,68.6127],[-68.8255,68.613],[-68.7674,68.6525],[-68.7265,68.6526],[-68.644,68.6654],[-68.39,68.6308],[-68.3605,68.6299],[-68.2802,68.652],[-68.2256,68.6605],[-68.1461,68.6372],[-68.1057,68.6302],[-68.0751,68.6462],[-68.0948,68.6599],[-68.1706,68.6741],[-68.0955,68.6667],[-68.0477,68.6872],[-68.1219,68.6887],[-68.1433,68.7014],[-68.2115,68.716],[-68.4034,68.7356],[-68.4965,68.7336],[-68.5472,68.7531],[-68.6641,68.7424],[-68.7534,68.7604],[-68.8759,68.7684],[-68.9499,68.7456],[-68.9999,68.7486],[-68.9595,68.7629],[-68.946,68.7872],[-68.9888,68.8034],[-69.3835,68.8175],[-69.3506,68.8349],[-69.1507,68.8312],[-69.2035,68.8529],[-69.2685,68.8603],[-69.3978,68.8585],[-69.3635,68.8811],[-69.3021,68.8828],[-69.1612,68.8538],[-69.0613,68.8523],[-68.9658,68.8175],[-68.8868,68.8113],[-68.8371,68.8162],[-68.7907,68.8024],[-68.743,68.8137],[-68.7152,68.8111],[-68.6459,68.7888],[-68.6003,68.7882],[-68.6026,68.8039],[-68.4928,68.7971],[-68.5096,68.8161],[-68.6094,68.8386],[-68.5825,68.8499],[-68.4741,68.8428],[-68.4006,68.8454],[-68.2747,68.823],[-68.223,68.8252],[-67.8778,68.7712],[-67.8193,68.7725],[-67.7734,68.784],[-67.8458,68.79],[-67.8707,68.8112],[-67.9276,68.8113],[-68.1332,68.8372],[-68.1825,68.8543],[-68.2211,68.8567],[-68.2751,68.8754],[-68.4558,68.8851],[-68.4928,68.8995],[-68.1843,68.8827],[-68.1296,68.869],[-67.999,68.8559],[-67.9726,68.8659],[-68.0014,68.8869],[-68.0887,68.9069],[-68.0587,68.9119],[-68.0403,68.9479],[-68.1631,68.9477],[-68.2055,68.9592],[-68.2687,68.9645],[-68.3031,68.9853],[-68.5179,68.9725],[-68.5469,68.9644],[-68.5512,68.9841],[-68.4853,68.982],[-68.4671,68.9955],[-68.3945,69.007],[-68.2401,69.0056],[-68.043,68.9722],[-68.0008,68.972],[-67.9652,68.982],[-67.9788,68.9957],[-67.9515,69.0057],[-67.7414,69.0124],[-67.7045,69.0236],[-67.7355,69.0401],[-68.116,69.1328],[-68.1482,69.1453],[-68.2007,69.1498],[-68.3734,69.1796],[-68.463,69.1741],[-68.6327,69.1398],[-68.6771,69.1144],[-68.7671,69.1114],[-68.8641,69.0916],[-68.8906,69.072],[-68.8999,69.0463],[-68.9316,69.0236],[-68.9326,68.9962],[-68.9798,68.9743],[-69.0183,68.9684],[-68.9807,68.998],[-68.9598,69.0243],[-68.9248,69.1055],[-69.0272,69.1055],[-69.0511,69.0919],[-69.0961,69.0919],[-69.0699,69.1137],[-69.0355,69.122],[-68.9219,69.12],[-68.8031,69.1396],[-68.7284,69.1367],[-68.6907,69.145],[-68.6505,69.1669],[-68.5416,69.1885],[-68.507,69.2011],[-68.5319,69.2106],[-68.6764,69.2131],[-68.7442,69.2034],[-68.8837,69.2032],[-68.9641,69.2235],[-68.7847,69.2157],[-68.6933,69.2232],[-68.6263,69.2365],[-68.2235,69.2129],[-68.1787,69.2032],[-68.1384,69.2034],[-68.0825,69.2197],[-68.1706,69.2768],[-68.2182,69.2845],[-68.4169,69.2757],[-68.7019,69.3046],[-68.77,69.3215],[-68.9525,69.3389],[-68.9992,69.3347],[-69.1371,69.3041],[-69.2351,69.2649],[-69.2606,69.2768],[-69.208,69.3017],[-69.0135,69.3594],[-68.3459,69.2983],[-68.236,69.3124],[-68.1979,69.311],[-68.0952,69.2811],[-68.0456,69.2744],[-67.9993,69.2563],[-67.9362,69.2458],[-67.9029,69.2336],[-67.678,69.1772],[-67.5095,69.1608],[-67.4649,69.1669],[-67.3942,69.1883],[-67.3557,69.1928],[-67.3209,69.1844],[-67.2521,69.1562],[-67.2125,69.1479],[-67.1844,69.154],[-67.2042,69.1745],[-67.1594,69.1845],[-66.9775,69.1769],[-66.7819,69.1331],[-66.7423,69.1369],[-66.6688,69.1846],[-66.6494,69.2222],[-66.6711,69.2644],[-66.6909,69.2829],[-66.7387,69.3016],[-66.788,69.34],[-67.2276,69.4643],[-67.5459,69.4708],[-67.5923,69.4802],[-67.7915,69.4805],[-67.8727,69.4592],[-67.9174,69.4543],[-68.0051,69.462],[-68.3977,69.5472],[-68.4551,69.567],[-68.5875,69.591],[-68.7656,69.5924],[-68.9538,69.5672],[-69.012,69.5366],[-69.0989,69.5369],[-69.1439,69.5233],[-69.1795,69.5237],[-69.2386,69.5119],[-69.2905,69.5087],[-69.6582,69.5512],[-69.764,69.5443],[-69.8032,69.5358],[-69.8857,69.5071],[-69.9545,69.5202],[-70.0172,69.5261],[-70.0067,69.543],[-69.9458,69.5369],[-69.79,69.5666],[-69.7062,69.5717],[-69.2608,69.5349],[-69.2175,69.541],[-69.1455,69.5659],[-69.0159,69.5806],[-68.9658,69.5996],[-68.8059,69.6235],[-68.7261,69.6467],[-68.6656,69.6478],[-68.548,69.6331],[-68.3492,69.6331],[-68.2872,69.6508],[-68.2536,69.6675],[-68.2255,69.71],[-68.1933,69.7225],[-68.1235,69.7362],[-68.0894,69.757],[-68.0131,69.7761],[-67.7472,69.7826],[-67.6633,69.7608],[-67.6166,69.7582],[-67.5548,69.7402],[-67.3469,69.7166],[-67.1155,69.7287],[-67.1388,69.7621],[-67.1701,69.7908],[-67.152,69.8055],[-67.1625,69.8255],[-67.208,69.8627],[-67.2167,69.8799],[-67.2167,69.9265],[-67.2253,69.9484],[-67.2495,69.9634],[-67.3414,69.9997],[-67.3653,70.0338],[-67.4308,70.0714],[-67.4903,70.1157],[-67.5461,70.1476],[-67.5865,70.159],[-67.7412,70.2281],[-67.8085,70.2637],[-67.8644,70.2784],[-68.0054,70.2941],[-68.0546,70.3251],[-68.157,70.3183],[-68.1495,70.3001],[-68.1762,70.283],[-68.2392,70.2603],[-68.2891,70.2329],[-68.3231,70.2234],[-68.2935,70.1887],[-68.3394,70.1943],[-68.3496,70.1727],[-68.2935,70.1675],[-68.3249,70.1425],[-68.2161,70.1343],[-68.1911,70.1266],[-68.2842,70.0842],[-68.3369,70.0688],[-68.3904,70.0651],[-68.441,70.0736],[-68.4586,70.0515],[-68.5649,70.0534],[-68.5456,70.0256],[-68.5788,70.0154],[-68.612,69.9923],[-68.6715,69.9831],[-68.6641,69.9553],[-68.6362,69.9484],[-68.6914,69.9484],[-68.7059,69.934],[-68.7794,69.9516],[-68.9282,69.9553],[-69.0135,69.9348],[-69.1029,69.9205],[-69.1611,69.8968],[-69.2117,69.8877],[-69.3667,69.7902],[-69.3906,69.7839],[-69.5039,69.7862],[-69.5554,69.8044],[-69.603,69.8116],[-69.7469,69.8044],[-69.8141,69.7729],[-69.8087,69.743],[-69.83,69.7206],[-69.9039,69.681],[-69.9355,69.6741],[-69.982,69.6178],[-70.0079,69.6263],[-69.9912,69.6774],[-69.9577,69.7031],[-69.8906,69.7362],[-69.8602,69.7942],[-69.7882,69.8323],[-69.7106,69.8446],[-69.4803,69.8187],[-69.4082,69.8293],[-69.3746,69.8429],[-69.3087,69.8904],[-69.2489,69.9118],[-69.22,69.9305],[-69.1574,69.9527],[-69.1223,69.975],[-69.0852,69.9851],[-68.8649,70.0194],[-68.7906,70.0412],[-68.7324,70.0788],[-68.7603,70.106],[-68.6436,70.147],[-68.6783,70.2023],[-68.7065,70.2094],[-68.957,70.1993],[-68.9999,70.2023],[-69.1002,70.2201],[-69.1302,70.2159],[-69.1117,70.2014],[-69.0135,70.1887],[-69.0374,70.1677],[-69.0793,70.1686],[-69.1575,70.1887],[-69.2089,70.1929],[-69.6832,70.1396],[-69.7198,70.1266],[-69.7926,70.085],[-69.8041,70.0488],[-69.7916,70.0338],[-69.7513,70.0156],[-69.7412,69.9855],[-69.7585,69.9729],[-69.8763,69.9516],[-69.9332,69.9687],[-70.0533,69.9641],[-70.0898,69.9558],[-70.3363,69.8529],[-70.3709,69.8443],[-70.4728,69.8454],[-70.446,69.8635],[-70.3967,69.8643],[-70.3427,69.8884],[-70.2415,69.9073],[-70.2196,69.9205],[-70.2236,69.9456],[-70.1444,69.9696],[-70.1136,69.9709],[-70.0006,69.9962],[-69.8322,69.9831],[-69.8149,69.992],[-69.829,70.0119],[-69.8769,70.044],[-69.9509,70.0592],[-70.0277,70.0651],[-70.0622,70.0578],[-70.1175,70.0255],[-70.1799,70.0205],[-70.1566,70.0455],[-70.0886,70.0683],[-69.9365,70.0835],[-69.8674,70.1077],[-69.8428,70.1266],[-69.8326,70.1528],[-69.8083,70.1667],[-69.7246,70.1804],[-69.6169,70.2159],[-69.5046,70.2252],[-69.4702,70.2481],[-69.3636,70.2569],[-69.2125,70.2842],[-69.0973,70.2821],[-69.0138,70.3049],[-68.9054,70.2969],[-68.8367,70.3143],[-68.72,70.3223],[-68.6846,70.332],[-68.6528,70.3618],[-68.6529,70.3826],[-68.673,70.4235],[-68.6302,70.4551],[-68.5913,70.467],[-68.5522,70.4614],[-68.548,70.4418],[-68.5821,70.4111],[-68.566,70.3945],[-68.4874,70.3692],[-68.4586,70.373],[-68.4354,70.4224],[-68.3934,70.4337],[-68.3846,70.4575],[-68.2978,70.4969],[-68.2805,70.5176],[-68.2905,70.5538],[-68.3623,70.5843],[-68.7301,70.6537],[-69.0978,70.7231],[-69.1267,70.7329],[-69.203,70.7794],[-69.2723,70.7866],[-69.4108,70.777],[-69.4045,70.7913],[-69.4735,70.7913],[-69.5903,70.7734],[-69.6373,70.7487],[-69.6666,70.6926],[-69.7124,70.6889],[-69.7822,70.7192],[-69.8087,70.7026],[-69.7745,70.6889],[-69.8013,70.6831],[-69.8559,70.6897],[-69.9014,70.6674],[-69.9799,70.6541],[-70.0409,70.5966],[-70.053,70.6352],[-70.0762,70.6132],[-70.1925,70.62],[-70.3294,70.6132],[-70.374,70.6168],[-70.412,70.6064],[-70.329,70.5385],[-70.3095,70.5033],[-70.3619,70.5005],[-70.4535,70.4787],[-70.4945,70.4897],[-70.4215,70.5126],[-70.4053,70.5408],[-70.4513,70.5722],[-70.453,70.5927],[-70.4802,70.6132],[-70.4487,70.6352],[-70.4081,70.6426],[-70.2822,70.6425],[-70.2058,70.6567],[-69.9565,70.7345],[-69.8675,70.7764],[-69.8072,70.8148],[-69.7745,70.8562],[-69.819,70.8776],[-69.8759,70.8843],[-69.915,70.8799],[-70.2363,70.801],[-70.3977,70.7845],[-70.5135,70.7418],[-70.5566,70.7419],[-70.6174,70.7299],[-70.6445,70.712],[-70.6929,70.7038],[-70.8433,70.6479],[-70.9853,70.6337],[-71.0072,70.6166],[-71.0129,70.592],[-71.0562,70.5517],[-70.9873,70.5312],[-71.0506,70.5238],[-71.0756,70.4907],[-71.1279,70.4384],[-71.1436,70.4057],[-71.1927,70.3531],[-71.1927,70.332],[-71.2283,70.3046],[-71.2279,70.2827],[-71.2101,70.2712],[-71.248,70.2221],[-71.3097,70.1888],[-71.34,70.1328],[-71.353,70.1233],[-71.4567,70.0814],[-71.5227,70.0279],[-71.5422,70.0241],[-71.5012,70.0856],[-71.4204,70.1162],[-71.405,70.134],[-71.4398,70.1266],[-71.4188,70.1569],[-71.3771,70.1697],[-71.3715,70.1955],[-71.3126,70.2258],[-71.2746,70.2699],[-71.32,70.3049],[-71.31,70.3314],[-71.275,70.3425],[-71.242,70.4182],[-71.1655,70.5176],[-71.1832,70.5431],[-71.2529,70.5481],[-71.3433,70.5654],[-71.42,70.5525],[-71.4398,70.5585],[-71.3914,70.5716],[-71.4516,70.5866],[-71.5149,70.579],[-71.508,70.5456],[-71.5582,70.5147],[-71.6589,70.4698],[-71.6378,70.4561],[-71.6658,70.4145],[-71.6719,70.373],[-71.7535,70.3146],[-71.8237,70.2937],[-71.8507,70.2978],[-71.806,70.3098],[-71.7698,70.3281],[-71.745,70.3571],[-71.7286,70.4185],[-71.7414,70.4282],[-71.8129,70.435],[-71.9374,70.4147],[-71.9674,70.4214],[-71.9325,70.4368],[-71.8894,70.4424],[-71.7651,70.4437],[-71.7408,70.4595],[-71.7272,70.4971],[-71.6036,70.5414],[-71.5793,70.5695],[-71.5972,70.5944],[-71.5764,70.6132],[-71.5262,70.6205],[-71.264,70.5836],[-71.2122,70.5819],[-71.1636,70.5908],[-71.1415,70.6044],[-71.1034,70.661],[-71.0675,70.6762],[-70.8055,70.7244],[-70.749,70.7548],[-70.7478,70.7988],[-70.713,70.8397],[-70.544,70.8974],[-70.5212,70.9143],[-70.5164,70.9371],[-70.5308,70.9592],[-70.5727,70.9936],[-70.5864,71.0346],[-70.6379,71.0787],[-70.7136,71.1039],[-70.7872,71.1146],[-70.8616,71.1091],[-70.983,71.0711],[-71.1509,71.0377],[-71.2019,71.007],[-71.2346,70.9547],[-71.2744,70.9321],[-71.289,70.908],[-71.2542,70.9002],[-71.1814,70.8674],[-71.1744,70.8572],[-71.215,70.8553],[-71.2988,70.8853],[-71.3228,70.8872],[-71.5906,70.8732],[-71.7295,70.838],[-71.8216,70.8272],[-71.9531,70.7913],[-72.2105,70.7646],[-72.2752,70.7094],[-72.3277,70.6749],[-72.3919,70.6541],[-72.478,70.6464],[-72.5135,70.6254],[-72.5707,70.6132],[-72.5564,70.6337],[-72.6247,70.6337],[-72.5825,70.6462],[-72.4903,70.6514],[-72.3646,70.6889],[-72.3162,70.7299],[-72.3373,70.7578],[-72.2735,70.7751],[-72.1642,70.8304],[-72.1846,70.8489],[-72.3032,70.8732],[-72.4769,70.8378],[-72.7761,70.818],[-72.7485,70.8273],[-72.3563,70.8787],[-72.32,70.8972],[-72.3237,70.9279],[-72.2692,70.9564],[-72.1824,70.9658],[-72.1307,71.0068],[-72.1003,71.021],[-72.1182,71.0486],[-72.0981,71.067],[-72.0451,71.0848],[-71.9929,71.0891],[-71.8901,71.1114],[-71.861,71.1135],[-71.7109,71.0969],[-71.6199,71.072],[-71.4705,71.0657],[-71.445,71.0735],[-71.3845,71.134],[-71.3436,71.168],[-71.2926,71.1842],[-71.2402,71.2152],[-71.1544,71.244],[-71.1171,71.2705],[-71.1452,71.2942],[-71.2875,71.3843],[-71.3862,71.4147],[-71.433,71.4356],[-71.4187,71.456],[-71.5819,71.5151],[-71.7827,71.5346],[-71.9201,71.5743],[-72.4726,71.6473],[-72.5494,71.6651],[-72.5843,71.6553],[-72.6008,71.6364],[-72.6182,71.5734],[-72.639,71.5455],[-72.7687,71.5185],[-72.8376,71.5107],[-72.8026,71.4798],[-72.7778,71.4718],[-72.7551,71.4356],[-72.8118,71.4183],[-72.9357,71.4194],[-72.9946,71.4077],[-72.9643,71.3586],[-72.9604,71.3362],[-72.97,71.2873],[-72.9954,71.2542],[-73.0305,71.2326],[-73.1278,71.2333],[-73.169,71.2273],[-73.1871,71.2062],[-73.1703,71.1715],[-73.2007,71.1408],[-73.2612,71.1055],[-73.2874,71.0716],[-73.3734,71.0569],[-73.3999,71.0452],[-73.4013,71.026],[-73.3723,71.0017],[-73.3789,70.9831],[-73.4354,71.0251],[-73.4546,71.0316],[-73.4277,71.0549],[-73.3272,71.0828],[-73.2901,71.0998],[-73.2416,71.1544],[-73.2481,71.1943],[-73.2764,71.2233],[-73.2271,71.2468],[-73.0499,71.2705],[-73.0649,71.2827],[-73.1201,71.2968],[-73.1608,71.2911],[-73.1759,71.3079],[-73.2539,71.33],[-73.315,71.3404],[-73.4409,71.3468],[-73.4387,71.3135],[-73.4686,71.3],[-73.5312,71.2904],[-73.5502,71.2705],[-73.6221,71.2332],[-73.66,71.1823],[-73.6671,71.1074],[-73.6942,71.0861],[-73.7637,71.0687],[-73.8377,71.0657],[-73.8808,71.0533],[-73.8996,71.0595],[-73.8559,71.0766],[-73.7475,71.0897],[-73.7147,71.1197],[-73.7172,71.1619],[-73.6805,71.2097],[-73.6879,71.2438],[-73.6337,71.2851],[-73.5709,71.3158],[-73.521,71.3311],[-73.5083,71.3602],[-73.4829,71.374],[-73.4226,71.377],[-73.3789,71.3872],[-73.422,71.4208],[-73.4377,71.4437],[-73.5024,71.4288],[-73.518,71.3859],[-73.6389,71.3605],[-73.5861,71.3956],[-73.634,71.436],[-73.6532,71.4424],[-73.6117,71.4857],[-73.6196,71.5172],[-73.5638,71.5585],[-73.6217,71.5832],[-73.6879,71.5932],[-73.7584,71.58],[-73.8662,71.5353],[-73.8673,71.5189],[-73.9022,71.483],[-73.91,71.4448],[-73.9545,71.4322],[-74.0089,71.3708],[-73.9951,71.3434],[-74.0029,71.3263],[-74.1865,71.2199],[-74.2423,71.2028],[-74.157,71.2448],[-74.0965,71.2828],[-74.1022,71.305],[-74.1814,71.3052],[-74.1814,71.3127],[-74.1204,71.3311],[-74.0721,71.3373],[-74.0624,71.4132],[-74.03,71.4424],[-74.1814,71.4356],[-74.2915,71.4083],[-74.3179,71.4151],[-74.2615,71.4314],[-74.1911,71.4433],[-74.0747,71.4697],[-73.9962,71.4618],[-73.9821,71.4765],[-74.0163,71.4902],[-74.0004,71.5016],[-73.9753,71.5455],[-73.8996,71.5795],[-73.8767,71.6164],[-73.8168,71.6244],[-73.7966,71.6348],[-73.8029,71.658],[-73.6461,71.7089],[-73.6082,71.7335],[-73.5964,71.7639],[-73.621,71.7725],[-73.6571,71.7589],[-73.6805,71.723],[-73.6874,71.7589],[-73.7215,71.7782],[-73.9059,71.7756],[-73.996,71.7542],[-74.0641,71.7031],[-74.1136,71.6527],[-74.1455,71.6394],[-74.1876,71.6348],[-74.2168,71.6209],[-74.1997,71.5897],[-74.146,71.5386],[-74.2054,71.5515],[-74.249,71.583],[-74.246,71.6257],[-74.232,71.6375],[-74.1423,71.6697],[-74.1209,71.6881],[-74.1016,71.7335],[-74.1361,71.7435],[-74.2821,71.7346],[-74.3179,71.7099],[-74.419,71.6712],[-74.5029,71.6684],[-74.5227,71.6626],[-74.601,71.5711],[-74.619,71.5585],[-74.694,71.5532],[-74.7282,71.5442],[-74.7425,71.5141],[-74.7304,71.4782],[-74.6295,71.4182],[-74.631,71.3902],[-74.7539,71.3221],[-74.825,71.2922],[-74.8933,71.2473],[-75.0459,71.1872],[-75.0768,71.1837],[-75.0987,71.1954],[-75.0321,71.2152],[-75.0006,71.2412],[-74.92,71.2707],[-74.8893,71.2988],[-74.8009,71.3431],[-74.7867,71.3647],[-74.7348,71.3727],[-74.7053,71.3874],[-74.7152,71.4182],[-74.7449,71.4411],[-74.812,71.4522],[-74.9281,71.456],[-74.8431,71.4781],[-74.8215,71.5133],[-74.8437,71.5233],[-75.0255,71.5207],[-75.0646,71.5107],[-75.1279,71.4719],[-75.1534,71.4697],[-75.1337,71.4924],[-75.0196,71.5427],[-74.8306,71.5493],[-74.7884,71.5717],[-74.7467,71.5779],[-74.6905,71.6022],[-74.6346,71.6551],[-74.6494,71.6789],[-74.6807,71.6994],[-74.7156,71.7016],[-74.7995,71.684],[-74.8558,71.6584],[-74.8751,71.6383],[-74.9243,71.6197],[-75.0455,71.6055],[-75.2019,71.5539],[-75.3116,71.5455],[-75.3947,71.5192],[-75.4141,71.525],[-75.2648,71.5629],[-75.1691,71.6007],[-74.9565,71.6525],[-74.9417,71.6752],[-74.9701,71.6915],[-75.0099,71.6998],[-75.0851,71.7031],[-75.3942,71.6752],[-75.3518,71.7001],[-75.0516,71.723],[-74.9274,71.7099],[-74.8449,71.7298],[-74.7424,71.7336],[-74.692,71.7466],[-74.6534,71.7748],[-74.5507,71.7987],[-74.578,71.826],[-74.5439,71.8328],[-74.4669,71.8083],[-74.4138,71.8061],[-74.3179,71.8198],[-74.2627,71.8198],[-74.215,71.8371],[-74.1729,71.8654],[-74.1814,71.8942],[-74.2091,71.916],[-74.1938,71.929],[-74.1224,71.9557],[-74.118,71.9672],[-74.1739,72.0314],[-74.2368,72.0761],[-74.3156,72.0888],[-74.8923,72.111],[-74.9759,72.1308],[-75.0632,72.1282],[-75.1274,72.0902],[-75.1639,72.042],[-75.196,72.0242],[-75.2931,72.0044],[-75.4606,72.0092],[-75.5019,72.0025],[-75.5742,71.968],[-75.5745,71.9187],[-75.6332,71.8759],[-75.6536,71.8328],[-75.7136,71.7951],[-75.7847,71.7391],[-75.8344,71.7151],[-75.9317,71.7031],[-75.9958,71.7091],[-76.0585,71.6971],[-76.0999,71.7031],[-76.025,71.7175],[-75.8736,71.7268],[-75.8045,71.7578],[-75.7499,71.8061],[-75.6918,71.8435],[-75.7021,71.8608],[-75.6754,71.8942],[-75.6376,71.9105],[-75.6307,71.9514],[-75.6077,71.9904],[-75.5391,72.0194],[-75.2967,72.0395],[-75.2451,72.0512],[-75.2223,72.0693],[-75.2421,72.0834],[-75.5132,72.1256],[-75.6577,72.1243],[-76.0051,72.0594],[-76.0344,72.0439],[-76.0583,72.0109],[-76.1169,71.9753],[-76.1881,71.9557],[-76.2524,71.9298],[-76.3329,71.8704],[-76.385,71.8515],[-76.4146,71.8608],[-76.36,71.8881],[-76.2837,71.9455],[-76.175,71.9763],[-76.0966,72.0345],[-76.0684,72.0759],[-76.0288,72.0887],[-75.6391,72.1451],[-75.4779,72.147],[-75.2818,72.1241],[-75.246,72.1285],[-75.0633,72.1865],[-75.0303,72.2153],[-74.9417,72.2574],[-75.0419,72.3227],[-75.07,72.3585],[-75.1534,72.4157],[-75.1918,72.4556],[-75.1984,72.4976],[-75.4741,72.5292],[-75.5436,72.5526],[-75.6407,72.5634],[-75.7351,72.5826],[-75.9399,72.5922],[-75.9901,72.587],[-76.0718,72.5463],[-76.0372,72.4914],[-76.0825,72.4794],[-76.1267,72.4914],[-76.1682,72.5386],[-76.1538,72.5664],[-76.1695,72.5911],[-76.1968,72.5993],[-76.652,72.6387],[-76.6815,72.6552],[-76.6584,72.6664],[-76.689,72.6972],[-76.7835,72.7295],[-76.8891,72.7435],[-77.601,72.7558],[-77.6547,72.7378],[-77.7235,72.7275],[-77.7994,72.7042],[-77.9771,72.6984],[-78.0246,72.6757],[-78.1889,72.6536],[-78.3747,72.5938],[-78.4431,72.587],[-78.4567,72.5556],[-78.5351,72.5146],[-78.5591,72.5106],[-78.5449,72.4868],[-78.5548,72.4448],[-78.5321,72.4256],[-78.2271,72.3376],[-78.0009,72.3101],[-77.9416,72.2921],[-77.826,72.2779],[-77.6868,72.2363],[-77.626,72.228],[-77.5478,72.1992],[-77.2718,72.196],[-77.1318,72.1727],[-76.9974,72.1345],[-77.1802,72.1604],[-77.2589,72.1843],[-77.2985,72.1898],[-77.5896,72.1833],[-77.6206,72.1754],[-77.5865,72.1413],[-77.6184,72.1121],[-77.661,72.1003],[-77.6258,72.1299],[-77.626,72.1484],[-77.6684,72.1686],[-77.655,72.1942],[-77.6914,72.2166],[-77.7851,72.2443],[-77.9155,72.2642],[-78.0246,72.2512],[-78.0206,72.2796],[-78.4088,72.329],[-78.4709,72.3188],[-78.4557,72.2827],[-78.4766,72.2443],[-78.4157,72.2232],[-78.4226,72.2034],[-78.3915,72.1863],[-78.4276,72.1794],[-78.4562,72.1937],[-78.4567,72.217],[-78.5204,72.2353],[-78.5318,72.2512],[-78.5273,72.2904],[-78.5393,72.3057],[-78.5119,72.3263],[-78.5696,72.3557],[-78.6348,72.3542],[-78.7174,72.3331],[-78.7891,72.3405],[-78.8175,72.3227],[-78.7985,72.3064],[-78.7591,72.2994],[-78.7671,72.2652],[-78.8751,72.2307],[-78.8494,72.2177],[-78.6838,72.1657],[-78.6208,72.1581],[-78.5572,72.1389],[-78.461,72.1282],[-78.3883,72.0975],[-78.3536,72.0526],[-78.3384,72.0043],[-78.2945,71.9765],[-78.1861,71.9836],[-78.0989,71.968],[-78.0916,71.9432],[-78.0179,71.9189],[-77.9421,71.8676],[-77.8892,71.8437],[-77.7714,71.8198],[-77.6964,71.8123],[-77.7404,71.7827],[-77.7476,71.7517],[-77.7708,71.7782],[-77.8197,71.804],[-77.9316,71.8248],[-77.9769,71.8471],[-77.9888,71.8797],[-78.0371,71.9036],[-78.1345,71.9427],[-78.1379,71.9666],[-78.1767,71.9725],[-78.2815,71.9582],[-78.3083,71.9499],[-78.2988,71.9172],[-78.227,71.8912],[-78.1713,71.8504],[-78.0659,71.8096],[-78.0058,71.8017],[-77.9086,71.7714],[-77.9521,71.7729],[-78.0472,71.7875],[-78.1239,71.8124],[-78.209,71.8238],[-78.3849,71.9405],[-78.3884,71.97],[-78.4377,72.0454],[-78.4665,72.077],[-78.5045,72.1003],[-78.8304,72.1727],[-78.8751,72.1686],[-78.88,72.1509],[-78.862,72.1059],[-78.8771,72.0674],[-78.916,72.0314],[-78.8972,72.0035],[-78.8157,71.9723],[-78.7603,71.9595],[-78.619,71.9477],[-78.5939,71.9324],[-78.5964,71.9118],[-78.5698,71.8941],[-78.5045,71.8745],[-78.5455,71.8616],[-78.5919,71.8701],[-78.7189,71.9233],[-79.0665,71.9763],[-79.1302,71.9589],[-79.1737,71.9578],[-79.2307,71.9763],[-79.2095,71.9893],[-79.1425,72.0059],[-79.116,72.0348],[-79.0579,72.0615],[-79.0301,72.0865],[-79.0034,72.1547],[-78.9433,72.196],[-78.9779,72.2206],[-78.9849,72.2441],[-78.9505,72.2758],[-78.9715,72.2853],[-79.0424,72.2878],[-79.1268,72.3419],[-79.2834,72.3944],[-79.3316,72.4023],[-79.3685,72.3952],[-79.3641,72.3727],[-79.3895,72.3579],[-79.4875,72.3229],[-79.4901,72.3006],[-79.546,72.2921],[-79.4819,72.2631],[-79.4483,72.2038],[-79.4642,72.1937],[-79.4993,72.235],[-79.5084,72.2608],[-79.5456,72.2751],[-79.607,72.2753],[-79.7111,72.2369],[-79.6968,72.2232],[-79.768,72.2224],[-79.7735,72.2487],[-79.7388,72.2669],[-79.6551,72.2891],[-79.5938,72.3405],[-79.6472,72.3598],[-79.6558,72.3741],[-79.753,72.4014],[-79.7725,72.4157],[-79.7681,72.4348],[-79.6906,72.4703],[-79.7415,72.4877],[-79.7618,72.4761],[-79.7862,72.484],[-79.7657,72.4976],[-79.8188,72.5064],[-79.8681,72.4914],[-79.8603,72.4471],[-79.8749,72.4287],[-79.9266,72.4096],[-80.049,72.3979],[-80.1603,72.3397],[-80.1555,72.3109],[-80.0674,72.2779],[-80.0339,72.2466],[-79.9302,72.196],[-79.8385,72.1664],[-79.7312,72.1575],[-79.696,72.1472],[-79.6764,72.1276],[-79.937,72.1649],[-80.0053,72.1828],[-80.0684,72.213],[-80.163,72.2816],[-80.2017,72.296],[-80.2452,72.2999],[-80.2836,72.2886],[-80.307,72.2574],[-80.2381,72.2096],[-80.298,72.2076],[-80.3144,72.1898],[-80.3656,72.1754],[-80.4064,72.1928],[-80.4748,72.1927],[-80.4829,72.1807],[-80.4415,72.1399],[-80.3653,72.1109],[-80.3539,72.0749],[-80.3967,72.0501],[-80.458,72.036],[-80.5157,72.0299],[-80.5681,72.0136],[-80.6645,72.0073],[-80.7594,71.9836],[-80.7644,71.9372],[-80.834,71.9079],[-80.9853,71.8881],[-80.9613,71.9087],[-80.8772,71.9243],[-80.8448,71.9393],[-80.8209,71.9799],[-80.8244,72.0123],[-80.8004,72.0178],[-80.807,72.0463],[-80.8414,72.0543],[-80.9547,72.0371],[-81.0523,72.0412],[-81.0878,72.0526],[-80.9922,72.073],[-81.0263,72.0935],[-80.758,72.1039],[-80.6871,72.0755],[-80.6026,72.0634],[-80.581,72.0693],[-80.572,72.0914],[-80.6187,72.1101],[-80.6776,72.1208],[-80.7362,72.141],[-80.7594,72.1413],[-80.9717,72.2034],[-80.8666,72.1997],[-80.8345,72.2096],[-80.8564,72.2306],[-80.8316,72.2607],[-80.7523,72.3092],[-80.6378,72.358],[-80.5762,72.3747],[-80.5124,72.3815],[-80.5227,72.4191],[-80.4936,72.45],[-80.5062,72.4976],[-80.5555,72.5155],[-80.7449,72.4673],[-80.797,72.4467],[-80.8891,72.4362],[-81.2416,72.2608],[-81.3112,72.2454],[-81.3826,72.2443],[-81.2864,72.2779],[-81.2048,72.2916],[-81.1846,72.3057],[-81.1883,72.3326],[-81.1635,72.3467],[-81.1185,72.3495],[-81.0884,72.3741],[-81.0491,72.3869],[-80.9838,72.4438],[-80.9027,72.4645],[-80.7594,72.5249],[-80.5261,72.5795],[-80.5585,72.6276],[-80.4956,72.6474],[-80.4516,72.6777],[-80.3653,72.7099],[-80.3024,72.7165],[-80.2455,72.7378],[-80.3206,72.8061],[-80.3649,72.8182],[-80.4601,72.8278],[-80.5323,72.856],[-80.5652,72.8914],[-80.6403,72.9279],[-80.6388,72.9616],[-80.6571,72.9774],[-80.6417,72.9958],[-80.5807,73.0258],[-80.5964,73.0464],[-80.5499,73.0948],[-80.5742,73.1248],[-80.6428,73.1698],[-81.1335,73.2471],[-81.1876,73.2646],[-81.2181,73.2927],[-81.2175,73.3212],[-81.1846,73.3542],[-81.1841,73.4143],[-81.2291,73.5397],[-81.259,73.567],[-81.343,73.6103],[-81.4086,73.6309],[-81.4531,73.6658],[-81.4509,73.6868],[-81.4746,73.7047],[-81.5284,73.7162],[-81.8768,73.7216],[-82.0506,73.7377],[-82.4428,73.7305],[-82.8311,73.7367],[-82.8974,73.7073],[-83.0029,73.678],[-83.0572,73.6494],[-83.1297,73.6667],[-83.1631,73.6672],[-83.3565,73.6434],[-83.5466,73.5997],[-83.6412,73.5951],[-83.9849,73.5231],[-84.0075,73.5049],[-83.6652,73.4561],[-83.63,73.4228],[-83.6425,73.3606],[-83.596,73.3262],[-83.6052,73.3015],[-83.6457,73.3044],[-83.6788,73.3218],[-83.74,73.3951],[-83.7335,73.4144],[-83.781,73.4361],[-84.1822,73.4777],[-84.2409,73.4742],[-84.6033,73.414],[-84.658,73.3951],[-84.5986,73.365],[-84.5979,73.3356],[-84.5726,73.322],[-84.3846,73.2575],[-84.3426,73.2313],[-84.3985,73.2245],[-84.5145,73.2777],[-84.5695,73.2927],[-84.6313,73.3],[-84.6859,73.3262],[-84.7369,73.3718],[-84.7972,73.3909],[-84.8367,73.3891],[-85.1134,73.3218],[-85.1358,73.3094],[-85.1609,73.2541],[-85.193,73.2313],[-85.1581,73.2091],[-85.1125,73.2029],[-85.0211,73.2033],[-84.5692,73.1146],[-84.4919,73.1152],[-84.2423,73.0892],[-84.1651,73.0705],[-83.9199,73.0638],[-83.7947,73.0466],[-83.781,73.0327],[-83.6625,73.0023],[-83.6573,72.9919],[-83.7054,72.9953],[-83.8613,73.0366],[-84.002,73.0376],[-84.4589,73.0624],[-84.8809,73.1021],[-85.0304,73.1365],[-85.1754,73.149],[-85.2272,73.1313],[-85.2138,73.1103],[-85.1247,73.0525],[-85.2082,73.0593],[-85.3348,73.0948],[-85.3931,73.14],[-85.4172,73.1406],[-85.4636,73.1119],[-85.5356,73.0258],[-85.1719,73.0115],[-85.1862,73.019],[-85.1571,73.0351],[-85.118,73.0331],[-85.0822,73.017],[-85.0627,72.991],[-85.09,72.9848],[-84.946,72.9637],[-84.9158,72.9626],[-84.719,72.9111],[-84.6192,72.9044],[-84.2379,72.8012],[-84.0787,72.7875],[-83.9529,72.7582],[-83.9914,72.749],[-84.1304,72.7788],[-84.2579,72.7888],[-84.3063,72.8029],[-84.3716,72.8124],[-84.458,72.8406],[-84.9206,72.8986],[-85.159,72.9482],[-85.3179,72.9631],[-85.5433,72.9765],[-85.594,72.9631],[-85.6132,72.9363],[-85.6728,72.9084],[-85.6821,72.8936],[-85.6523,72.8712],[-85.6738,72.8421],[-85.6654,72.8266],[-85.6948,72.7856],[-85.7138,72.7378],[-85.6896,72.6915],[-85.7025,72.6347],[-85.6328,72.5935],[-85.5788,72.5827],[-85.4736,72.5795],[-85.4968,72.5661],[-85.6021,72.5581],[-85.6182,72.5454],[-85.57,72.5185],[-85.5459,72.484],[-85.5145,72.4634],[-85.4531,72.4504],[-85.3443,72.4129],[-85.1179,72.3878],[-85.1452,72.3604],[-85.1202,72.3561],[-85.0769,72.376],[-85.008,72.3741],[-85.0211,72.402],[-84.8909,72.4379],[-84.8282,72.4448],[-84.7695,72.4604],[-84.8035,72.4099],[-84.8777,72.402],[-84.8647,72.3672],[-84.8259,72.3798],[-84.5351,72.3672],[-84.4563,72.387],[-84.4321,72.3815],[-84.5323,72.357],[-84.5692,72.3542],[-84.7822,72.3621],[-84.8141,72.3576],[-84.8857,72.31],[-84.9392,72.2921],[-84.9112,72.2809],[-84.8163,72.2642],[-84.7704,72.2466],[-84.6898,72.244],[-84.6722,72.2369],[-84.7474,72.2307],[-84.6102,72.1686],[-84.4854,72.1425],[-84.3774,72.1345],[-84.4116,72.1208],[-84.3852,72.1116],[-84.3428,72.0771],[-84.3154,72.0656],[-84.246,72.0554],[-84.1645,72.0246],[-84.1925,72.0109],[-84.1583,71.9836],[-84.1788,71.9763],[-84.1717,71.951],[-84.2066,71.9385],[-84.2303,71.9526],[-84.2567,72.0147],[-84.3635,72.0588],[-84.4184,72.0622],[-84.4475,72.0894],[-84.5078,72.1174],[-84.5598,72.1242],[-84.6079,72.1387],[-84.6834,72.145],[-84.8366,72.1933],[-84.862,72.2197],[-84.9128,72.2265],[-84.957,72.241],[-85.0358,72.2547],[-85.0711,72.2314],[-85.1105,72.2307],[-85.0992,72.2546],[-85.1805,72.2595],[-85.1862,72.2443],[-85.2326,72.2386],[-85.2395,72.2571],[-85.2961,72.2642],[-85.3637,72.2512],[-85.4375,72.2651],[-85.4764,72.2663],[-85.5009,72.2512],[-85.4526,72.2453],[-85.4189,72.217],[-85.5148,72.2399],[-85.5425,72.2369],[-85.5009,72.2144],[-85.5084,72.1754],[-85.4791,72.1736],[-85.4136,72.1501],[-85.4162,72.1388],[-85.4674,72.1276],[-85.5425,72.1276],[-85.4954,72.0859],[-85.5718,72.0578],[-85.7407,72.0519],[-85.7821,72.0389],[-85.7723,72.0266],[-85.7206,72.0109],[-85.8749,72.0317],[-85.9371,72.0267],[-85.9875,72.0314],[-85.9875,72.0041],[-85.9602,71.9836],[-86.0149,71.9977],[-86.0247,72.0146],[-86.0506,72.0146],[-86.0214,71.9841],[-85.7473,71.9486],[-85.6519,71.9201],[-85.5734,71.9072],[-85.5629,71.8942],[-85.4632,71.8391],[-85.4378,71.8148],[-85.454,71.8017],[-85.5834,71.7918],[-85.522,71.7782],[-85.5288,71.7714],[-85.4553,71.759],[-85.328,71.6857],[-85.2579,71.6684],[-84.8916,71.633],[-84.8529,71.6398],[-84.8436,71.6553],[-84.8709,71.6752],[-84.7132,71.682],[-84.6318,71.6725],[-84.6034,71.6479],[-84.658,71.6131],[-84.645,71.5843],[-84.5631,71.5554],[-84.5283,71.4731],[-84.5472,71.4499],[-84.5909,71.4392],[-84.7005,71.4328],[-84.739,71.4245],[-84.7613,71.4077],[-84.7412,71.3803],[-84.7578,71.3679],[-84.7883,71.3189],[-84.7987,71.2877],[-84.758,71.2589],[-84.6648,71.2233],[-84.6918,71.2123],[-84.7821,71.1954],[-84.8013,71.1747],[-84.8026,71.1408],[-84.8259,71.1005],[-84.8236,71.0666],[-84.7746,71.0377],[-84.7861,71.0241],[-84.7628,71.0125],[-84.753,70.9759],[-84.788,70.9572],[-84.7992,70.9279],[-84.9047,70.9279],[-84.968,70.924],[-84.9779,70.9504],[-84.9392,70.9763],[-84.9311,71.0009],[-84.9462,71.0193],[-85.008,71.0316],[-85.008,71.052],[-84.973,71.0565],[-84.9597,71.0787],[-85.1452,71.0861],[-85.1452,71.093],[-84.9823,71.1078],[-84.8777,71.0725],[-84.8709,71.1135],[-84.8537,71.1404],[-84.8568,71.1597],[-84.8861,71.178],[-84.9139,71.1737],[-84.9726,71.1962],[-85.0428,71.1885],[-84.9875,71.168],[-85.0136,71.1615],[-85.1247,71.1823],[-85.09,71.1544],[-85.1456,71.1544],[-85.1818,71.1411],[-85.193,71.1544],[-85.4838,71.1751],[-85.5441,71.1555],[-85.7685,71.1494],[-85.8186,71.1413],[-85.8859,71.105],[-86.1213,71.0561],[-86.1987,71.0346],[-86.2235,71.0205],[-86.2849,71.0063],[-86.6625,70.9763],[-86.8236,70.9905],[-86.8032,71.0004],[-86.4952,71.0377],[-86.4195,71.0377],[-86.399,71.052],[-86.3084,71.0557],[-86.2072,71.0787],[-86.2141,71.0998],[-86.1666,71.107],[-86.0189,71.1462],[-85.9747,71.175],[-85.9132,71.1823],[-85.8814,71.1779],[-85.8367,71.1885],[-85.7957,71.1885],[-85.725,71.2085],[-85.7001,71.2097],[-85.5432,71.1806],[-85.4978,71.1855],[-85.4708,71.2104],[-85.4265,71.1943],[-85.3897,71.2085],[-85.3951,71.2264],[-85.4715,71.2297],[-85.4166,71.2527],[-85.2961,71.2438],[-85.2025,71.2658],[-85.1719,71.2779],[-85.2551,71.2709],[-85.2756,71.2847],[-85.1932,71.2993],[-84.8581,71.2761],[-84.8376,71.2866],[-84.8743,71.3367],[-84.905,71.3468],[-84.9438,71.3444],[-84.9417,71.3686],[-84.9187,71.3906],[-84.9597,71.4288],[-85.0246,71.4411],[-85.1859,71.4448],[-85.2067,71.4622],[-85.3003,71.4729],[-85.3299,71.4902],[-85.3718,71.4874],[-85.4121,71.497],[-85.4258,71.5175],[-85.4969,71.5144],[-85.5288,71.5455],[-85.5743,71.5661],[-85.6745,71.5918],[-85.7206,71.6131],[-85.7268,71.6379],[-85.7684,71.6553],[-85.8469,71.671],[-85.9283,71.7134],[-85.9636,71.7395],[-86.0095,71.7512],[-86.043,71.7731],[-86.0885,71.7783],[-86.1276,71.7943],[-86.1903,71.8419],[-86.242,71.8942],[-86.3261,71.9509],[-86.3339,71.987],[-86.4082,72.0058],[-86.4195,72.0212],[-86.4475,72.1276],[-86.4338,72.1686],[-86.4604,72.2034],[-86.4325,72.2768],[-86.402,72.3054],[-86.3087,72.3662],[-86.2534,72.3946],[-86.242,72.4225],[-86.2663,72.4663],[-86.3261,72.5036],[-86.6802,72.6462],[-86.7058,72.6684],[-86.6802,72.6832],[-86.7354,72.7167],[-86.7313,72.7424],[-86.7106,72.7617],[-86.6986,72.8161],[-86.6727,72.847],[-86.6129,72.8936],[-86.4697,72.9585],[-86.3839,73.0202],[-86.332,73.0443],[-86.3301,73.06],[-86.2829,73.0872],[-86.2924,73.1162],[-86.247,73.1295],[-86.2181,73.1485],[-86.1296,73.2331],[-86.0303,73.3024],[-85.7396,73.4433],[-85.6646,73.4572],[-85.5772,73.5124],[-85.4736,73.5255],[-84.952,73.6677],[-84.8777,73.7104],[-84.8367,73.7452],[-84.8828,73.7482],[-85.1057,73.812],[-85.2166,73.8199],[-85.2719,73.8183],[-85.7478,73.8319],[-86.0186,73.8549],[-86.3738,73.8474],[-86.5584,73.8553],[-86.7142,73.8474],[-86.8761,73.8188],[-87.1341,73.8027],[-87.2983,73.7703],[-87.4346,73.7654],[-87.5862,73.7373],[-87.7645,73.7167],[-87.8537,73.6839],[-87.9954,73.6557],[-88.4138,73.5255],[-88.4718,73.4953],[-88.4978,73.4665],[-88.5878,73.454],[-88.6875,73.423],[-88.784,73.3655],[-88.8428,73.3478],[-88.8594,73.3337],[-88.8332,73.3236],[-88.6481,73.2962],[-88.6192,73.2858],[-88.6488,73.2807],[-88.7496,73.2927],[-88.8212,73.2927],[-88.8629,73.3063],[-88.9619,73.2897],[-89.0512,73.2517],[-88.9809,73.2257],[-88.9074,73.225],[-88.8867,73.217],[-88.9368,73.2088],[-89.0412,73.2189],[-89.0922,73.2108],[-89.1143,73.192],[-89.1475,73.1862],[-89.1809,73.1555],[-89.1257,73.1481],[-89.2185,73.1317],[-89.2572,73.0875],[-89.3119,73.0463],[-89.2347,73.0276],[-89.3249,73.0115],[-89.3538,72.9929],[-89.3557,72.9671],[-89.3072,72.9467],[-89.3059,72.9103],[-89.3318,72.8955],[-89.3209,72.8823],[-89.3802,72.8607],[-89.4136,72.8309],[-89.3939,72.8116],[-89.2498,72.7924],[-89.2908,72.7788],[-89.2766,72.7582],[-89.2944,72.7526],[-89.3454,72.7651],[-89.4274,72.7651],[-89.4825,72.7821],[-89.5782,72.7924],[-89.5515,72.7651],[-89.5856,72.7241],[-89.567,72.7001],[-89.4985,72.6851],[-89.4683,72.6689],[-89.5449,72.669],[-89.5651,72.6621],[-89.5485,72.6401],[-89.5875,72.6166],[-89.6614,72.6347],[-89.7095,72.629],[-89.7532,72.6108],[-89.7842,72.5733],[-89.774,72.5286],[-89.7842,72.484],[-89.8144,72.4592],[-89.8877,72.4491],[-89.8824,72.4326],[-89.7842,72.4287],[-89.8489,72.4239],[-89.8871,72.4292],[-89.8995,72.4173],[-89.8331,72.403],[-89.8527,72.3867],[-89.8901,72.3781],[-89.9382,72.3469],[-89.9556,72.3123],[-89.9329,72.2705],[-89.963,72.2574],[-89.9009,72.217],[-89.9009,72.1898],[-89.8325,72.1793],[-89.7706,72.1624],[-89.675,72.1828],[-89.5858,72.1791],[-89.5782,72.1624],[-89.6564,72.1392],[-89.6733,72.1133],[-89.7362,72.1276],[-89.7617,72.1256],[-89.9925,72.0716],[-89.9692,72.0389],[-90.004,72.0246],[-89.9965,71.9905],[-90.0521,71.9509],[-90.0992,71.9461],[-90.1186,71.9289],[-90.1047,71.9163],[-90.0144,71.8905],[-90.003,71.8684],[-89.9556,71.8533],[-89.9577,71.8321],[-89.9363,71.817],[-89.8805,71.8123],[-89.914,71.7987],[-89.8591,71.7751],[-89.7979,71.7646],[-89.832,71.7509],[-89.8203,71.7322],[-89.8805,71.7099],[-89.9033,71.6806],[-89.9766,71.6579],[-90.004,71.6348],[-89.9968,71.61],[-90.0388,71.6042],[-90.0339,71.586],[-89.9909,71.5756],[-89.9571,71.5231],[-90.0102,71.5175],[-89.9934,71.5064],[-89.9822,71.4697],[-90.004,71.456],[-89.9808,71.4453],[-89.963,71.4151],[-89.932,71.4071],[-89.8988,71.3625],[-89.8531,71.3393],[-89.8134,71.329],[-89.015,71.2677],[-88.6158,71.237],[-88.5111,71.2459],[-88.181,71.2295],[-88.1054,71.2123],[-88.067,71.2128],[-88.0227,71.237],[-87.9206,71.27],[-87.8641,71.2748],[-87.8179,71.2575],[-87.8446,71.2438],[-87.8265,71.2217],[-87.8521,71.2026],[-87.8389,71.1863],[-87.749,71.1408],[-87.5412,71.095],[-87.5039,71.079],[-87.4269,71.0725],[-87.3935,71.0489],[-87.3472,71.0515],[-87.3303,71.0397],[-87.0493,71.01],[-87.0023,70.9968],[-87.059,70.9901],[-87.2283,71.0111],[-87.2824,71.0093],[-87.3279,70.9868],[-87.3586,70.9496],[-87.5293,70.9558],[-87.5867,70.9485],[-87.6881,70.9619],[-87.7257,70.9545],[-87.8139,70.9531],[-87.893,70.9353],[-88.3249,70.9584],[-88.3554,70.9726],[-88.3729,71.0111],[-88.4105,71.0274],[-88.4599,71.0352],[-88.5722,71.0397],[-88.6424,71.0546],[-88.7485,71.0492],[-88.8383,71.0377],[-88.9209,71.0526],[-89.1263,71.0316],[-89.176,71.0375],[-89.2219,71.052],[-89.2089,71.0657],[-89.2276,71.0771],[-89.5577,71.093],[-89.5066,71.0644],[-89.4647,71.0557],[-89.3308,71.0029],[-89.2264,70.9827],[-89.1884,70.9626],[-89.2157,70.9558],[-89.2089,70.9421],[-89.3218,70.9399],[-89.3763,70.9254],[-89.4277,70.9223],[-89.4491,70.908],[-89.4155,70.8789],[-89.3663,70.8188],[-89.2985,70.7774],[-89.1695,70.7268],[-89.076,70.6999],[-89.0649,70.6815],[-89.0219,70.6679],[-89.0023,70.6343],[-88.9306,70.5618],[-88.9072,70.5449],[-88.7687,70.484],[-88.6941,70.465],[-88.4445,70.4418],[-88.405,70.4513],[-88.3371,70.4254],[-88.1413,70.3959],[-87.9573,70.3348],[-87.904,70.3288],[-87.8794,70.3183],[-87.9398,70.3029],[-88.0023,70.3047],[-88.0615,70.3345],[-88.0845,70.3388],[-88.1947,70.3388],[-88.1947,70.3531],[-88.2279,70.3505],[-88.2629,70.332],[-88.1504,70.3001],[-88.0302,70.2949],[-87.9204,70.2637],[-87.9339,70.2501],[-87.8525,70.238],[-87.7686,70.248],[-87.6119,70.2842],[-87.641,70.2989],[-87.7937,70.3122],[-87.7797,70.332],[-87.4888,70.3288],[-87.425,70.3153],[-87.005,70.2833],[-86.9682,70.3183],[-86.9852,70.3307],[-86.9744,70.3531],[-87.0098,70.3745],[-87.0474,70.3845],[-87.2003,70.3872],[-87.2283,70.3796],[-87.2487,70.3941],[-87.1694,70.4047],[-87.1346,70.4166],[-87.1389,70.4418],[-87.0314,70.4685],[-86.9746,70.4727],[-86.9198,70.463],[-86.9345,70.4494],[-86.9949,70.435],[-86.9679,70.423],[-86.8933,70.4226],[-86.8719,70.4077],[-86.9403,70.4077],[-86.9018,70.3851],[-86.7902,70.3948],[-86.7416,70.3872],[-86.7785,70.3759],[-86.8602,70.3686],[-86.8987,70.3593],[-86.8835,70.3356],[-86.8582,70.3251],[-86.6392,70.3251],[-86.6721,70.3718],[-86.5809,70.4282],[-86.5037,70.4373],[-86.4116,70.4626],[-86.3376,70.4897],[-86.3928,70.5238],[-86.3413,70.5198],[-86.2926,70.4934],[-86.297,70.4774],[-86.3634,70.4526],[-86.4952,70.4296],[-86.5188,70.418],[-86.5908,70.3593],[-86.566,70.3553],[-86.5567,70.3279],[-86.5772,70.3183],[-86.5579,70.3003],[-86.5499,70.2365],[-86.5211,70.2307],[-86.2697,70.1135],[-85.7829,69.9952],[-85.7332,69.9949],[-85.5909,70.0168],[-85.2548,69.9889],[-85.2346,69.9962],[-85.3469,70.0323],[-85.405,70.0386],[-85.4897,70.0576],[-85.5389,70.0615],[-85.6094,70.0784],[-85.795,70.0592],[-85.8536,70.0499],[-85.8748,70.072],[-85.8566,70.0895],[-85.8004,70.0998],[-85.5185,70.106],[-85.4455,70.0966],[-85.3693,70.1093],[-85.3409,70.1088],[-85.2729,70.0942],[-85.1914,70.0985],[-85.1456,70.0856],[-84.952,70.0666],[-84.8913,70.0822],[-84.8117,70.1187],[-84.7904,70.0996],[-84.8709,70.0788],[-84.8338,70.036],[-84.7412,70.0203],[-84.6948,70.0066],[-84.5351,70.0105],[-84.3681,69.9875],[-84.0769,69.9864],[-84.0277,69.9779],[-83.6728,69.9464],[-83.5737,69.9536],[-83.4858,69.9739],[-83.3502,69.9831],[-83.2672,70.0165],[-83.2352,70.0032],[-83.1745,70.0164],[-83.137,70.0031],[-83.0516,70.0105],[-83.0293,69.9892],[-83.0001,69.9894],[-82.9102,69.9536],[-82.8459,69.9433],[-82.7758,69.9202],[-82.7395,69.9143],[-82.7305,69.927],[-82.664,69.9096],[-82.6445,69.8938],[-82.4415,69.8441],[-82.3945,69.8644],[-82.3256,69.8593],[-82.205,69.8323],[-82.2324,69.8284],[-82.2966,69.8375],[-82.2602,69.8249],[-82.3013,69.8044],[-82.2556,69.807],[-82.1384,69.786],[-82.1258,69.8181],[-82.1435,69.8249],[-82.0815,69.8386],[-82.0474,69.8659],[-81.9976,69.8766],[-81.9742,69.8685],[-81.9648,69.8454],[-81.8575,69.8649],[-81.8556,69.8869],[-81.8075,69.8929],[-81.7593,69.8759],[-81.7389,69.8869],[-81.7668,69.9075],[-81.7115,69.9348],[-81.7386,69.9518],[-81.7781,69.9626],[-81.8762,69.9709],[-81.9723,70.0105],[-82.0587,70.059],[-82.1282,70.0704],[-82.246,70.1129],[-82.6611,70.191],[-82.7189,70.2085],[-82.8152,70.2085],[-82.8356,70.2296],[-82.862,70.2369],[-83.0479,70.3122],[-82.9628,70.303],[-82.9216,70.2911],[-82.8446,70.2575],[-82.6031,70.2106],[-82.5539,70.1856],[-82.5065,70.1889],[-82.4432,70.1734],[-82.3547,70.1646],[-82.3041,70.143],[-82.2351,70.146],[-82.1914,70.1266],[-82.1182,70.1169],[-81.9586,70.0576],[-81.7526,69.9733],[-81.7255,69.9696],[-81.6,69.9774],[-81.5676,69.9696],[-81.5933,69.9437],[-81.5539,69.9279],[-81.4884,69.9257],[-81.4429,69.9138],[-81.3778,69.8859],[-81.3416,69.8764],[-81.3,69.8529],[-81.225,69.8341],[-81.1759,69.8289],[-81.0814,69.7668],[-80.9512,69.7362],[-80.9711,69.7246],[-80.9293,69.7148],[-80.832,69.7331],[-80.7799,69.756],[-80.7782,69.7932],[-80.8279,69.8037],[-80.9853,69.8869],[-81.0539,69.9021],[-81.1396,69.9385],[-81.1635,69.9831],[-81.1932,70.0008],[-81.3072,70.0338],[-81.3376,70.0371],[-81.3997,70.0109],[-81.4453,70.0048],[-81.4584,70.0241],[-81.5749,70.0687],[-81.6875,70.0741],[-81.7355,70.0955],[-81.7624,70.1229],[-81.7,70.1336],[-81.6092,70.1203],[-81.5654,70.1083],[-81.2025,70.0966],[-81.1362,70.0856],[-81.0715,70.0993],[-81.0455,70.0701],[-81.0091,70.0626],[-80.8965,70.0737],[-80.8259,70.0556],[-80.5495,70.0475],[-80.3665,69.994],[-80.2964,69.9894],[-80.266,70.0031],[-80.2048,70.0115],[-80.0683,70.0041],[-80.0333,69.9962],[-80.0537,69.9696],[-80.0115,69.9456],[-79.9813,69.9508],[-79.9061,69.9831],[-79.8812,69.9674],[-79.8352,69.9534],[-79.8067,69.9348],[-79.7725,69.8869],[-79.6809,69.8486],[-79.4324,69.8837],[-78.8881,69.8938],[-78.8419,69.8814],[-78.7999,69.8795],[-78.7857,69.9038],[-78.7376,69.9144],[-78.7,69.9313],[-78.6658,69.9661],[-78.6651,70.0138],[-78.6869,70.0478],[-78.7366,70.0777],[-78.7341,70.1181],[-78.7522,70.1426],[-78.7509,70.1712],[-78.7669,70.1914],[-78.868,70.2548],[-78.9254,70.3021],[-78.9707,70.3251],[-79.0463,70.3425],[-79.0842,70.3411],[-79.0873,70.3183],[-79.128,70.3092],[-79.1776,70.3106],[-79.2247,70.321],[-79.2898,70.3559],[-79.3742,70.3731],[-79.4501,70.3527],[-79.4693,70.371],[-79.5651,70.3902],[-79.5913,70.4113],[-79.5751,70.4362],[-79.5039,70.4607],[-79.4374,70.4418],[-79.4064,70.4398],[-79.389,70.463],[-79.4243,70.4923],[-79.3909,70.494],[-79.3436,70.4766],[-79.3166,70.4832],[-79.279,70.5238],[-79.3132,70.5449],[-79.2307,70.5585],[-79.2245,70.5312],[-79.2963,70.4938],[-79.3058,70.4732],[-79.2931,70.4552],[-79.327,70.4427],[-79.2852,70.4433],[-79.2134,70.4208],[-79.1599,70.4431],[-79.1472,70.4746],[-79.1562,70.4971],[-79.1425,70.5107],[-79.1761,70.5176],[-79.1232,70.5281],[-79.0988,70.5573],[-79.0401,70.5873],[-79.0032,70.6186],[-79.0132,70.631],[-79.1279,70.6132],[-79.1595,70.6291],[-79.0327,70.6811],[-79.0054,70.6678],[-78.9792,70.6382],[-78.9365,70.6262],[-78.885,70.6262],[-78.8577,70.6405],[-78.8002,70.6094],[-78.7836,70.5771],[-78.7174,70.5517],[-78.7608,70.5524],[-78.7999,70.5654],[-78.8409,70.5995],[-78.8818,70.6008],[-78.9576,70.5694],[-78.9979,70.5654],[-78.9889,70.5556],[-78.9039,70.5576],[-78.8819,70.5517],[-78.9265,70.5385],[-79.0799,70.5381],[-79.0389,70.5176],[-79.1009,70.5033],[-79.0463,70.4897],[-79.0737,70.4766],[-79.0259,70.4561],[-78.9819,70.4593],[-78.9399,70.4443],[-78.897,70.4169],[-78.8675,70.4145],[-78.9091,70.4487],[-78.881,70.4824],[-78.8608,70.4561],[-78.8333,70.4471],[-78.7447,70.4561],[-78.7416,70.4277],[-78.6997,70.3825],[-78.6348,70.3798],[-78.6628,70.3531],[-78.5817,70.3144],[-78.5591,70.3183],[-78.5864,70.3388],[-78.5359,70.3566],[-78.4862,70.3549],[-78.3884,70.3388],[-78.4058,70.3322],[-78.47,70.332],[-78.4897,70.3205],[-78.5393,70.3122],[-78.4619,70.279],[-78.3946,70.2296],[-78.3891,70.2164],[-78.3298,70.2023],[-78.299,70.2221],[-78.2308,70.2296],[-78.2415,70.2126],[-78.2156,70.2047],[-78.1522,70.2023],[-78.134,70.2253],[-78.1966,70.2501],[-78.1966,70.2569],[-78.1209,70.2501],[-78.0557,70.2221],[-78.0173,70.2287],[-77.9331,70.2572],[-77.8915,70.2637],[-77.8478,70.2457],[-77.7982,70.2511],[-77.6826,70.1837],[-77.6964,70.1539],[-77.6745,70.1112],[-77.6684,70.0613],[-77.6977,69.9945],[-77.671,69.8995],[-77.6682,69.8548],[-77.6827,69.8249],[-77.6635,69.8039],[-77.6398,69.7579],[-77.6144,69.743],[-77.5458,69.7541],[-77.5179,69.773],[-77.5176,69.7976],[-77.4425,69.7908],[-77.5176,69.8187],[-77.5365,69.8322],[-77.5895,69.8195],[-77.6343,69.8249],[-77.51,69.8449],[-77.4909,69.8627],[-77.3542,69.8739],[-77.3045,69.8923],[-77.2574,69.893],[-77.2163,69.9058],[-77.0665,69.9362],[-76.9764,69.9422],[-77.0137,69.9197],[-77.1178,69.9078],[-77.2926,69.8677],[-77.3128,69.842],[-77.2929,69.836],[-77.1979,69.8327],[-77.1505,69.8182],[-77.0998,69.8454],[-77.0501,69.8576],[-76.9974,69.8597],[-77.0726,69.8187],[-76.8733,69.8187],[-76.7767,69.8361],[-76.7573,69.8187],[-76.7952,69.8082],[-76.8891,69.8017],[-76.9012,69.7771],[-76.8826,69.7553],[-76.8168,69.7586],[-76.7845,69.7498],[-76.7948,69.7225],[-76.8354,69.6946],[-76.9422,69.6815],[-76.9012,69.715],[-76.921,69.7148],[-76.9733,69.6945],[-77.0184,69.7055],[-77.0452,69.6877],[-77.1367,69.6862],[-77.1808,69.6745],[-77.2029,69.6467],[-77.1353,69.6283],[-77.049,69.6301],[-77.0384,69.6058],[-76.9838,69.5972],[-76.9528,69.6],[-76.9068,69.6215],[-76.8317,69.6258],[-76.8618,69.6187],[-76.8822,69.5907],[-76.835,69.5759],[-76.703,69.565],[-76.6815,69.5717],[-76.644,69.6027],[-76.6348,69.6271],[-76.6064,69.6195],[-76.5524,69.6329],[-76.517,69.6679],[-76.5434,69.6755],[-76.6406,69.6741],[-76.6221,69.6887],[-76.5845,69.6946],[-76.4477,69.6927],[-76.4147,69.7023],[-76.3865,69.6763],[-76.3613,69.6708],[-76.1819,69.6679],[-76.2292,69.6376],[-76.2284,69.6193],[-76.3341,69.6426],[-76.3855,69.6467],[-76.4512,69.6603],[-76.4696,69.6576],[-76.5526,69.614],[-76.6163,69.592],[-76.6343,69.5717],[-76.6296,69.546],[-76.6029,69.5289],[-76.4521,69.4689],[-76.4283,69.4543],[-76.3913,69.4053],[-76.3597,69.4003],[-76.2172,69.4174],[-76.1682,69.414],[-76.051,69.3837],[-75.9621,69.3735],[-75.9165,69.3481],[-75.8063,69.3272],[-75.7504,69.3046],[-75.6874,69.2871],[-75.6019,69.2357],[-75.5717,69.1571],[-75.6065,69.1362],[-75.5956,69.1021],[-75.621,69.088],[-75.7154,69.0919],[-75.8116,69.0831],[-75.8257,69.0573],[-75.8905,69.0473],[-75.9899,69.0109],[-76.0596,69.0087],[-76.0865,69.0136],[-76.1307,69.0376],[-76.1607,69.0449],[-76.4225,69.0599],[-76.5654,69.0373],[-76.6381,69.0159],[-76.6385,68.9798],[-76.6269,68.9683],[-76.6522,68.9318],[-76.6235,68.8964],[-76.5913,68.885],[-76.5338,68.8814],[-76.5375,68.8523],[-76.5729,68.821],[-76.6732,68.7658],[-76.6815,68.7294],[-76.625,68.6824],[-76.539,68.6748],[-76.3256,68.6985],[-76.0236,68.7766],[-75.9559,68.8188],[-75.9346,68.8249],[-75.806,68.8365],[-75.7325,68.8627],[-75.6065,68.8858],[-75.5484,68.9057],[-75.4967,68.9342],[-75.5637,68.9706],[-75.5704,68.9865],[-75.5308,69.0093],[-75.4864,69.022],[-75.4407,69.0168],[-75.3957,68.9835],[-75.3636,68.9716],[-75.2974,68.9342],[-75.2427,68.9211],[-75.202,68.8968],[-75.1391,68.8887],[-75.116,68.893],[-75.1062,68.9103],[-75.0599,68.9552],[-75.0715,68.9752],[-75.0427,68.9862],[-75.0516,69.0093],[-74.9986,69.0207],[-74.9706,69.0441],[-74.8915,69.0699],[-74.8091,69.0833],[-74.7275,69.0543],[-74.668,69.0476],[-74.6401,69.0236],[-74.6798,69.0077],[-74.7254,69.0093],[-74.8046,68.9957],[-74.7288,69.0236],[-74.9261,69.0017],[-75.0113,68.967],[-75.0034,68.9475],[-74.9343,68.9621],[-74.8592,68.9683],[-75.0441,68.9342],[-75.0011,68.928],[-74.8943,68.9477],[-74.8449,68.9404],[-74.87,68.9327],[-75.0223,68.9152],[-75.0441,68.9069],[-74.8972,68.915],[-74.7551,68.9401],[-74.7032,68.9376],[-74.6736,68.9211],[-74.7015,68.9069],[-74.6848,68.8798],[-74.722,68.8585],[-74.7894,68.8543],[-74.8524,68.8386],[-74.8449,68.8312],[-74.9532,68.8215],[-74.9593,68.811],[-74.8933,68.7971],[-74.8415,68.7971],[-74.825,68.7766],[-74.65,68.7914],[-74.6326,68.8039],[-74.6579,68.8188],[-74.7499,68.8175],[-74.7174,68.8295],[-74.681,68.8312],[-74.6872,68.8454],[-74.6137,68.8502],[-74.5745,68.8419],[-74.5507,68.8249],[-74.5786,68.8013],[-74.619,68.784],[-74.7178,68.7739],[-74.7208,68.7355],[-74.6674,68.7151],[-74.5959,68.6794],[-74.5375,68.6652],[-74.5232,68.6108],[-74.5046,68.5995],[-74.4482,68.5915],[-74.4036,68.5711],[-74.3725,68.5438],[-74.2543,68.5399],[-74.2217,68.5301],[-74.22,68.5158],[-74.1497,68.5301],[-74.0026,68.537],[-74.0249,68.507],[-73.9858,68.4954],[-73.9122,68.5224],[-73.8852,68.5549],[-73.8952,68.571],[-73.9405,68.5848],[-73.9968,68.6269],[-74.0455,68.6552],[-74.0436,68.6667],[-74.0982,68.694],[-74.1473,68.6975],[-74.1876,68.7294],[-74.1391,68.7356],[-74.088,68.722],[-74.0377,68.7213],[-74.0067,68.7303],[-73.9821,68.7077],[-73.9515,68.705],[-73.8883,68.714],[-73.8402,68.696],[-73.7556,68.6872],[-73.7966,68.6667],[-73.7078,68.6605],[-73.7341,68.6465],[-73.8245,68.6257],[-73.8245,68.6195],[-73.7357,68.6264],[-73.7215,68.6158],[-73.7584,68.5816],[-73.817,68.5711],[-73.7289,68.5404],[-73.7386,68.5192],[-73.7623,68.5105],[-73.8176,68.5097],[-73.861,68.4982],[-73.8787,68.4843],[-73.8932,68.4462],[-73.9474,68.4135],[-73.9062,68.3992],[-73.8688,68.3759],[-73.8444,68.3496],[-73.728,68.3137],[-73.6412,68.3107],[-73.5843,68.3042],[-73.5969,68.2929],[-73.6389,68.2968],[-73.6879,68.2769],[-73.6389,68.2626],[-73.6191,68.2496],[-73.5917,68.2558],[-73.6116,68.2769],[-73.5713,68.2778],[-73.536,68.2879],[-73.4682,68.3179],[-73.4653,68.3332],[-73.372,68.3315],[-73.3555,68.3353],[-73.3513,68.3756],[-73.2963,68.3856],[-73.3174,68.3998],[-73.2559,68.3955],[-73.2137,68.3793],[-73.2715,68.3806],[-73.3174,68.3588],[-73.2921,68.3359],[-73.3421,68.3205],[-73.413,68.3179],[-73.4238,68.2968],[-73.4618,68.2921],[-73.4949,68.2769],[-73.4178,68.2722],[-73.3866,68.2528],[-73.3515,68.2496],[-73.3234,68.2667],[-73.3381,68.2727],[-73.3031,68.2906],[-73.2003,68.2753],[-73.1945,68.2661],[-73.2148,68.2363],[-73.1771,68.2421],[-73.1495,68.2173],[-73.1173,68.2321],[-73.0726,68.2075],[-73.0374,68.2116],[-73.0436,68.2359],[-73.0189,68.2436],[-72.9946,68.2359],[-72.9884,68.1733],[-72.9604,68.1118],[-72.9133,68.0572],[-72.9195,68.0397],[-72.899,68.023],[-72.9133,67.9951],[-72.9059,67.961],[-72.94,67.9479],[-72.944,67.9323],[-72.8785,67.9343],[-72.9133,67.9063],[-72.8894,67.8959],[-72.8574,67.8605],[-72.8376,67.8511],[-72.7637,67.8804],[-72.7346,67.8654],[-72.7367,67.85],[-72.6764,67.8135],[-72.6189,67.7955],[-72.5912,67.7555],[-72.5965,67.7452],[-72.6662,67.722],[-72.6728,67.7026],[-72.6435,67.6718],[-72.6126,67.6643],[-72.5914,67.6395],[-72.5239,67.6374],[-72.482,67.6176],[-72.495,67.5979],[-72.467,67.5637],[-72.4315,67.5535],[-72.4361,67.5315],[-72.489,67.5152],[-72.508,67.5023],[-72.4335,67.475],[-72.4278,67.4406],[-72.3572,67.3651],[-72.3698,67.3308],[-72.3142,67.3059],[-72.1933,67.2757],[-72.2457,67.2596],[-72.2827,67.2211],[-72.2752,67.1801],[-72.2889,67.1621],[-72.3509,67.1195],[-72.4118,67.0992],[-72.4767,67.0876],[-72.6715,67.0803],[-72.7385,67.0683],[-72.8035,67.043],[-72.8284,67.0181],[-72.8785,66.9269],[-72.9133,66.9088],[-72.9654,66.8666],[-73.0058,66.8177],[-73.0055,66.7792],[-72.949,66.7346]]],[[[-64.5192,60.3193],[-64.5124,60.3425],[-64.4902,60.3612],[-64.4324,60.3727],[-64.4225,60.3976],[-64.4874,60.4022],[-64.5315,60.3756],[-64.5294,60.4142],[-64.5394,60.426],[-64.5663,60.4308],[-64.5697,60.458],[-64.6072,60.4575],[-64.6014,60.4688],[-64.6413,60.4923],[-64.6826,60.4802],[-64.727,60.478],[-64.8269,60.4854],[-64.8616,60.4655],[-64.8541,60.4404],[-64.8244,60.4155],[-64.7503,60.3738],[-64.7034,60.3613],[-64.6462,60.3591],[-64.5941,60.3476],[-64.5192,60.3193]]],[[[-67.8808,60.4968],[-67.9466,60.5306],[-67.9991,60.5859],[-68.0281,60.5827],[-68.1306,60.5965],[-68.2413,60.5856],[-68.2912,60.5063],[-68.3077,60.47],[-68.38,60.3758],[-68.439,60.2593],[-68.4194,60.2097],[-68.375,60.1966],[-68.321,60.1971],[-68.2839,60.2173],[-68.2046,60.2264],[-68.1813,60.2389],[-68.1726,60.2575],[-68.1109,60.2685],[-68.0612,60.2941],[-68.0047,60.296],[-67.9728,60.2903],[-67.9558,60.3021],[-67.9601,60.3326],[-67.9351,60.3471],[-67.9085,60.3769],[-67.8876,60.3791],[-67.847,60.4164],[-67.8265,60.4657],[-67.8403,60.4895],[-67.8808,60.4968]]],[[[-64.6103,60.6902],[-64.6351,60.6629],[-64.6921,60.6155],[-64.7165,60.6049],[-64.6898,60.5878],[-64.6586,60.6052],[-64.6256,60.6146],[-64.5973,60.6502],[-64.594,60.6837],[-64.6103,60.6902]]],[[[-78.2437,60.8349],[-78.2511,60.8274],[-78.6037,60.7796],[-78.6279,60.7523],[-78.6914,60.7204],[-78.6794,60.7114],[-78.5885,60.7143],[-78.5044,60.7387],[-78.3363,60.7587],[-78.2785,60.7728],[-78.2952,60.7799],[-78.3406,60.7728],[-78.2307,60.8131],[-78.2233,60.8349],[-78.2437,60.8349]]],[[[-64.8406,61.3515],[-64.8028,61.3769],[-64.7866,61.3953],[-64.7996,61.4102],[-64.7826,61.4241],[-64.7212,61.4386],[-64.6966,61.458],[-64.675,61.508],[-64.717,61.5133],[-64.6823,61.5338],[-64.7201,61.54],[-64.72,61.5578],[-64.7015,61.5656],[-64.65,61.6047],[-64.6842,61.6185],[-64.7375,61.6157],[-64.7233,61.6361],[-64.778,61.6185],[-64.7921,61.6225],[-64.7351,61.65],[-64.717,61.6635],[-64.9757,61.6805],[-65.0466,61.6977],[-65.4292,61.6623],[-65.4706,61.6444],[-65.4842,61.6225],[-65.4858,61.5993],[-65.4481,61.5858],[-65.3545,61.54],[-65.308,61.5366],[-65.2817,61.5269],[-65.263,61.5093],[-65.1931,61.5024],[-65.1795,61.4686],[-65.1608,61.459],[-65.087,61.458],[-65.1211,61.437],[-65.0758,61.4186],[-64.972,61.4164],[-64.9225,61.4028],[-64.9772,61.3791],[-64.9754,61.3494],[-64.9554,61.3476],[-64.915,61.3618],[-64.9004,61.3406],[-64.8751,61.3307],[-64.8512,61.3337],[-64.8406,61.3515]]],[[[-65.7033,61.7932],[-65.7233,61.8443],[-65.7378,61.8475],[-65.7765,61.8282],[-65.7933,61.845],[-65.7523,61.8559],[-65.7915,61.8725],[-65.841,61.8532],[-65.8914,61.8231],[-65.9464,61.8011],[-65.9294,61.787],[-65.8752,61.7665],[-65.8135,61.7597],[-65.7865,61.7646],[-65.7722,61.787],[-65.7212,61.7576],[-65.6915,61.7504],[-65.676,61.7597],[-65.7033,61.7932]]],[[[-93.0255,61.9167],[-93.0664,61.9378],[-93.1041,61.9223],[-93.1942,61.9248],[-93.2247,61.9064],[-93.2161,61.8817],[-93.1954,61.8772],[-93.1483,61.8832],[-93.1294,61.8747],[-93.0875,61.8354],[-93.0589,61.8299],[-93.0201,61.8447],[-92.9841,61.8682],[-92.964,61.8894],[-93.0322,61.903],[-93.0255,61.9167]]],[[[-65.2412,61.9204],[-65.2552,61.8909],[-65.222,61.8345],[-65.2043,61.821],[-65.1695,61.8149],[-65.1473,61.7839],[-65.0378,61.7683],[-64.9573,61.7324],[-64.9015,61.7274],[-64.8743,61.7344],[-64.8279,61.7612],[-64.8404,61.7814],[-64.8741,61.8074],[-64.892,61.8328],[-64.9181,61.8332],[-64.9501,61.8211],[-64.9576,61.8327],[-64.9604,61.8842],[-64.9778,61.8969],[-65.0189,61.8561],[-65.0299,61.8879],[-65.0665,61.9304],[-65.1132,61.944],[-65.1624,61.9515],[-65.1986,61.9452],[-65.2078,61.9255],[-65.2412,61.9204]]],[[[-92.2719,62.4074],[-92.305,62.4179],[-92.3402,62.4176],[-92.3749,62.3903],[-92.2997,62.4042],[-92.2787,62.3903],[-92.3003,62.3898],[-92.3539,62.3624],[-92.3259,62.3572],[-92.2628,62.3655],[-92.2288,62.3624],[-92.1415,62.404],[-92.2414,62.3986],[-92.2719,62.4074]]],[[[-79.2825,62.2699],[-79.3404,62.2866],[-79.3684,62.3214],[-79.4249,62.3469],[-79.4404,62.3798],[-79.4547,62.3884],[-79.505,62.3965],[-79.5586,62.4204],[-79.6111,62.4176],[-79.6891,62.3796],[-79.7173,62.3792],[-79.724,62.4029],[-79.7579,62.4049],[-79.7905,62.3959],[-79.8308,62.4108],[-79.9346,62.3781],[-79.9766,62.3413],[-79.9892,62.3084],[-80.0746,62.2462],[-80.1583,62.1994],[-80.215,62.1377],[-80.2186,62.0912],[-80.2515,62.0512],[-80.2625,61.9811],[-80.2856,61.9304],[-80.2591,61.8894],[-80.2611,61.8563],[-80.2413,61.8315],[-80.2189,61.8212],[-80.2226,61.8094],[-80.1804,61.7743],[-80.138,61.7695],[-80.0599,61.746],[-80.0409,61.7173],[-80.0062,61.7113],[-79.95,61.6833],[-79.8891,61.6157],[-79.8338,61.5731],[-79.7502,61.5859],[-79.7244,61.6123],[-79.6888,61.6259],[-79.639,61.6605],[-79.6164,61.7044],[-79.5849,61.7214],[-79.5485,61.7595],[-79.5397,61.8006],[-79.5183,61.8481],[-79.4565,61.8969],[-79.4408,61.9272],[-79.4027,61.9581],[-79.3864,62.0022],[-79.3675,62.0045],[-79.326,61.9884],[-79.3343,62.0477],[-79.3152,62.0908],[-79.2695,62.1452],[-79.2722,62.2047],[-79.2657,62.2498],[-79.2825,62.2699]]],[[[-92.5766,62.404],[-92.5992,62.4001],[-92.5662,62.3844],[-92.5388,62.3829],[-92.42,62.3969],[-92.4022,62.4108],[-92.4928,62.4171],[-92.5289,62.433],[-92.5766,62.404]]],[[[-64.3806,62.5275],[-64.4044,62.536],[-64.4667,62.5267],[-64.4632,62.5473],[-64.5262,62.5612],[-64.5522,62.5597],[-64.5526,62.5411],[-64.6484,62.5473],[-64.6944,62.5361],[-64.717,62.5541],[-64.7565,62.5671],[-64.8013,62.5685],[-64.8417,62.5561],[-64.8678,62.5275],[-64.8517,62.5146],[-64.8061,62.5032],[-64.7921,62.4927],[-64.8863,62.4966],[-64.9322,62.4893],[-64.9635,62.4648],[-64.943,62.4592],[-64.9521,62.4354],[-64.923,62.4195],[-64.7809,62.393],[-64.6959,62.3881],[-64.5941,62.3698],[-64.5758,62.3809],[-64.5157,62.3953],[-64.47,62.4176],[-64.5004,62.4392],[-64.4976,62.4486],[-64.4452,62.437],[-64.3949,62.4648],[-64.463,62.4728],[-64.4843,62.4858],[-64.3602,62.4996],[-64.3813,62.5138],[-64.3806,62.5275]]],[[[-77.8539,62.5883],[-77.887,62.5992],[-78.0904,62.5883],[-78.1087,62.5841],[-78.1056,62.5653],[-78.087,62.561],[-77.9324,62.5473],[-77.8606,62.5505],[-77.8363,62.5623],[-77.8539,62.5883]]],[[[-77.723,62.5883],[-77.7646,62.6026],[-77.8061,62.5958],[-77.8335,62.6026],[-77.8041,62.5482],[-77.744,62.5411],[-77.6929,62.5677],[-77.6656,62.5613],[-77.6205,62.5883],[-77.6395,62.5922],[-77.723,62.5883]]],[[[-64.9669,62.5337],[-64.9325,62.5545],[-64.902,62.5541],[-64.8685,62.5631],[-64.8406,62.5821],[-64.9145,62.6069],[-64.954,62.6085],[-65.025,62.5958],[-65.0831,62.5594],[-65.1416,62.5541],[-65.1144,62.5385],[-65.0616,62.5328],[-64.9669,62.5337]]],[[[-91.5929,62.6509],[-91.6891,62.6708],[-91.6697,62.6542],[-91.586,62.6262],[-91.5763,62.6322],[-91.5929,62.6509]]],[[[-91.1341,62.6845],[-91.2466,62.6999],[-91.2714,62.692],[-91.271,62.6801],[-91.2016,62.6764],[-91.1478,62.664],[-90.984,62.664],[-91.0448,62.6826],[-91.1341,62.6845]]],[[[-74.0162,62.6708],[-74.106,62.6804],[-74.1527,62.692],[-74.3756,62.6845],[-74.4005,62.7023],[-74.4134,62.7255],[-74.4576,62.7287],[-74.4818,62.7459],[-74.5419,62.751],[-74.5643,62.7391],[-74.6324,62.7294],[-74.6531,62.7193],[-74.567,62.6868],[-74.5321,62.6689],[-74.4442,62.6621],[-74.3756,62.6345],[-74.1186,62.6026],[-73.9647,62.6094],[-74.0162,62.6708]]],[[[-70.2406,62.6156],[-70.275,62.6574],[-70.3733,62.6666],[-70.3267,62.6865],[-70.3849,62.6955],[-70.4255,62.7125],[-70.3976,62.7193],[-70.4131,62.7315],[-70.4736,62.7504],[-70.4925,62.767],[-70.5558,62.7778],[-70.6111,62.7979],[-70.7886,62.8415],[-71.2082,62.8887],[-71.236,62.8864],[-71.237,62.8732],[-71.1974,62.8502],[-71.1428,62.8389],[-71.0351,62.8292],[-71.0687,62.8203],[-71.1474,62.8256],[-71.1797,62.8148],[-71.1573,62.8035],[-71.0725,62.8002],[-71.0347,62.8133],[-70.9596,62.8032],[-70.9073,62.7748],[-70.8714,62.7728],[-70.8023,62.7801],[-70.774,62.7713],[-70.7781,62.7497],[-70.8146,62.7441],[-70.8501,62.7534],[-70.9089,62.7524],[-70.9252,62.7459],[-70.8665,62.72],[-70.8171,62.6732],[-70.8204,62.6266],[-70.7907,62.6028],[-70.7334,62.5958],[-70.7254,62.569],[-70.7405,62.5576],[-70.6822,62.5473],[-70.6446,62.5684],[-70.5856,62.5454],[-70.5624,62.5411],[-70.362,62.5269],[-70.2308,62.5509],[-70.194,62.5675],[-70.177,62.59],[-70.1995,62.6101],[-70.2406,62.6156]]],[[[-82.1913,62.9862],[-82.2572,62.9956],[-82.3271,62.9714],[-82.37,62.9656],[-82.3763,62.9384],[-82.4205,62.928],[-82.6059,62.946],[-82.6955,62.9452],[-82.7394,62.9384],[-83.001,62.8524],[-83.0604,62.842],[-83.1189,62.8472],[-83.1714,62.8769],[-83.2088,62.9085],[-83.2726,62.92],[-83.2965,62.9309],[-83.4187,62.8923],[-83.4809,62.8455],[-83.5198,62.8264],[-83.5345,62.808],[-83.5589,62.7507],[-83.5482,62.7224],[-83.5528,62.6997],[-83.5832,62.6686],[-83.66,62.6313],[-83.6691,62.6079],[-83.7132,62.5684],[-83.907,62.4914],[-83.9391,62.4592],[-83.9398,62.4238],[-83.91,62.3953],[-83.7515,62.31],[-83.7248,62.2856],[-83.7132,62.2394],[-83.7194,62.1606],[-83.7052,62.1435],[-83.673,62.1451],[-83.4178,62.2394],[-83.2806,62.2525],[-83.199,62.2296],[-83.1678,62.2087],[-83.1346,62.1766],[-83.0662,62.1872],[-82.8979,62.2475],[-82.7467,62.3105],[-82.6227,62.3965],[-82.4247,62.4722],[-82.3934,62.5306],[-82.3446,62.5644],[-82.314,62.5715],[-82.296,62.5852],[-82.1634,62.6079],[-82.1367,62.6156],[-82.0771,62.6518],[-82.0381,62.6627],[-81.9958,62.6865],[-81.9569,62.6977],[-81.9276,62.7293],[-81.93,62.7622],[-81.9648,62.8012],[-81.9353,62.827],[-81.9517,62.8354],[-81.9033,62.8558],[-81.9086,62.8775],[-81.8983,62.8966],[-81.8624,62.9248],[-81.8973,62.9449],[-81.9346,62.955],[-82.1096,62.9685],[-82.1913,62.9862]]],[[[-90.6202,63.4796],[-90.6511,63.4903],[-90.7568,63.5001],[-90.7345,63.4652],[-90.7022,63.4449],[-90.6429,63.4432],[-90.6155,63.4491],[-90.5998,63.4665],[-90.6202,63.4796]]],[[[-77.538,63.2878],[-77.556,63.3183],[-77.6283,63.3552],[-77.6417,63.3759],[-77.6273,63.3902],[-77.6547,63.3977],[-77.6342,63.4039],[-77.6596,63.4159],[-77.6888,63.4182],[-77.6826,63.4387],[-77.758,63.4244],[-77.8035,63.4276],[-77.8471,63.4387],[-77.8192,63.4523],[-77.8443,63.4725],[-77.8956,63.48],[-77.9908,63.4796],[-78.0488,63.4858],[-78.0798,63.4728],[-78.1068,63.4747],[-78.1863,63.4932],[-78.2783,63.4823],[-78.3798,63.4551],[-78.4405,63.5194],[-78.4848,63.5111],[-78.5185,63.485],[-78.5443,63.4492],[-78.5247,63.432],[-78.533,63.4183],[-78.5112,63.4107],[-78.5317,63.3902],[-78.4982,63.3697],[-78.4567,63.3567],[-78.342,63.2924],[-78.3155,63.2819],[-78.2479,63.2326],[-78.2086,63.2102],[-78.1498,63.1891],[-78.1103,63.1612],[-78.0443,63.1442],[-78.0457,63.1301],[-77.9589,63.0994],[-77.9408,63.0871],[-77.8895,63.0887],[-77.8245,63.1022],[-77.7588,63.1104],[-77.6448,63.1432],[-77.5597,63.1848],[-77.5675,63.2072],[-77.5495,63.2275],[-77.5045,63.2605],[-77.496,63.2761],[-77.538,63.2878]]],[[[-90.6749,63.5212],[-90.7233,63.5485],[-90.7613,63.5539],[-90.7978,63.5485],[-90.7637,63.5274],[-90.9697,63.5548],[-90.8506,63.5069],[-90.8118,63.5001],[-90.7435,63.5137],[-90.6886,63.5104],[-90.6749,63.5212]]],[[[-91.4631,63.6168],[-91.5259,63.6196],[-91.5391,63.607],[-91.4821,63.5924],[-91.4665,63.5649],[-91.4355,63.555],[-91.4011,63.5548],[-91.4147,63.5678],[-91.2987,63.5678],[-91.3595,63.5927],[-91.3993,63.5976],[-91.4631,63.6168]]],[[[-64.0864,63.335],[-64.1189,63.3415],[-64.1691,63.3629],[-64.1825,63.3934],[-64.2242,63.3948],[-64.2516,63.4244],[-64.2926,63.4387],[-64.2516,63.4449],[-64.2735,63.4709],[-64.3055,63.4858],[-64.2838,63.499],[-64.2819,63.5163],[-64.316,63.5737],[-64.326,63.6441],[-64.3549,63.6689],[-64.3949,63.6776],[-64.408,63.6553],[-64.465,63.647],[-64.4979,63.6168],[-64.4638,63.5627],[-64.4352,63.5479],[-64.407,63.5114],[-64.4086,63.4932],[-64.3881,63.4858],[-64.4097,63.4704],[-64.3639,63.4277],[-64.3516,63.3947],[-64.3291,63.3878],[-64.2589,63.3272],[-64.1858,63.3015],[-64.1596,63.3202],[-64.0932,63.2803],[-64.0597,63.2748],[-64.0992,63.3218],[-64.0864,63.335]]],[[[-76.6889,63.4858],[-76.6178,63.5217],[-76.7073,63.5459],[-76.7224,63.5622],[-76.7093,63.5678],[-77.1203,63.685],[-77.1062,63.6696],[-77.1374,63.6645],[-77.196,63.685],[-77.2877,63.6857],[-77.3332,63.6993],[-77.3664,63.7014],[-77.397,63.6934],[-77.4461,63.6611],[-77.4481,63.6417],[-77.4134,63.6327],[-77.3332,63.6304],[-77.3332,63.623],[-77.425,63.623],[-77.4414,63.6195],[-77.4183,63.5906],[-77.3605,63.5894],[-77.3735,63.582],[-77.2884,63.5605],[-77.2438,63.541],[-77.2438,63.5274],[-77.1561,63.5004],[-77.0383,63.4312],[-76.9821,63.4073],[-76.89,63.4119],[-76.831,63.3859],[-76.7705,63.3803],[-76.7255,63.3691],[-76.702,63.3697],[-76.6525,63.3997],[-76.6388,63.4195],[-76.6548,63.4387],[-76.6295,63.4296],[-76.6092,63.4348],[-76.5716,63.4591],[-76.5449,63.4665],[-76.5802,63.4755],[-76.6584,63.4772],[-76.6889,63.4858]]],[[[-72.4744,63.7055],[-72.5006,63.7128],[-72.7829,63.6714],[-72.7829,63.6645],[-72.6796,63.6721],[-72.6299,63.6464],[-72.5997,63.6467],[-72.5427,63.6645],[-72.5911,63.6776],[-72.5404,63.6945],[-72.5134,63.6945],[-72.4912,63.6722],[-72.4598,63.6879],[-72.4744,63.7055]]],[[[-92.9777,63.9042],[-92.9969,63.9132],[-93.0937,63.911],[-93.0522,63.8865],[-92.9717,63.8747],[-92.9615,63.8794],[-92.9777,63.9042]]],[[[-64.8883,63.7949],[-64.8414,63.7775],[-64.7921,63.7676],[-64.7027,63.7871],[-64.6423,63.7525],[-64.5981,63.7434],[-64.5762,63.726],[-64.5218,63.7198],[-64.4843,63.685],[-64.4291,63.6776],[-64.3935,63.7008],[-64.4086,63.7329],[-64.3881,63.7329],[-64.4222,63.7812],[-64.444,63.7852],[-64.4843,63.754],[-64.5011,63.7512],[-64.5389,63.7744],[-64.6134,63.7875],[-64.5637,63.8039],[-64.5047,63.8427],[-64.5554,63.8518],[-64.6072,63.8427],[-64.5526,63.8974],[-64.5626,63.9086],[-64.6138,63.8861],[-64.6437,63.9154],[-64.6875,63.9176],[-64.729,63.9027],[-64.7308,63.8694],[-64.7578,63.8782],[-64.7785,63.8632],[-64.7563,63.8494],[-64.7512,63.8284],[-64.787,63.8533],[-64.8126,63.8837],[-64.8933,63.8466],[-64.9165,63.8237],[-64.8883,63.7949]]],[[[-77.9734,63.9656],[-77.9208,63.9554],[-77.7895,63.9428],[-77.7566,63.9316],[-77.7103,63.9423],[-77.6446,63.9825],[-77.6094,64.0142],[-77.5455,64.0208],[-77.5455,64.0277],[-77.5957,64.0412],[-77.7782,64.0351],[-77.7914,64.0208],[-77.8607,64.0277],[-77.9054,64.0245],[-77.9495,64.0141],[-77.9763,63.9881],[-77.9734,63.9656]]],[[[-81.4688,64.1916],[-81.4231,64.1965],[-81.3826,64.2132],[-81.3938,64.2297],[-81.442,64.2382],[-81.4991,64.2368],[-81.5368,64.2232],[-81.5388,64.2064],[-81.517,64.1967],[-81.4688,64.1916]]],[[[-73.2764,64.2194],[-73.2621,64.2399],[-73.3378,64.2399],[-73.3121,64.2139],[-73.331,64.1916],[-73.3912,64.1962],[-73.3998,64.1649],[-73.3378,64.1717],[-73.3651,64.1512],[-73.3133,64.1599],[-73.2873,64.1477],[-73.2552,64.1717],[-73.2689,64.1854],[-73.2191,64.1905],[-73.1733,64.2058],[-73.198,64.2137],[-73.2506,64.212],[-73.2764,64.2194]]],[[[-73.5296,64.5041],[-73.5023,64.528],[-73.5091,64.5559],[-73.534,64.5661],[-73.571,64.5676],[-73.6088,64.5605],[-73.6842,64.5248],[-73.6736,64.5075],[-73.578,64.4932],[-73.6055,64.4892],[-73.578,64.4522],[-73.591,64.446],[-73.6407,64.4499],[-73.6736,64.4317],[-73.6548,64.3925],[-73.6542,64.3232],[-73.6083,64.3137],[-73.5563,64.315],[-73.5842,64.3293],[-73.5745,64.3454],[-73.5153,64.3703],[-73.5399,64.3708],[-73.5501,64.4113],[-73.5049,64.4325],[-73.4949,64.4765],[-73.5296,64.5041]]],[[[-65.5463,64.5484],[-65.4445,64.552],[-65.3909,64.5621],[-65.3607,64.5826],[-65.4193,64.5832],[-65.4364,64.59],[-65.4075,64.5998],[-65.3371,64.6041],[-65.2749,64.623],[-65.2283,64.6249],[-65.2098,64.644],[-65.2501,64.6378],[-65.2515,64.6583],[-65.2789,64.6678],[-65.3135,64.6657],[-65.2515,64.7129],[-65.2889,64.7147],[-65.2931,64.7402],[-65.3607,64.6993],[-65.3929,64.6531],[-65.4091,64.6583],[-65.3835,64.7117],[-65.3935,64.7395],[-65.4289,64.7292],[-65.4427,64.69],[-65.4979,64.6657],[-65.5499,64.6227],[-65.6064,64.6064],[-65.654,64.5808],[-65.6881,64.5476],[-65.6835,64.515],[-65.6596,64.5089],[-65.5596,64.5211],[-65.5015,64.5192],[-65.4507,64.5347],[-65.5017,64.5334],[-65.5463,64.5484]]],[[[-62.2572,65.7482],[-62.3021,65.7487],[-62.387,65.7277],[-62.3971,65.7482],[-62.4149,65.7408],[-62.4696,65.7488],[-62.4857,65.7237],[-62.4416,65.693],[-62.4696,65.665],[-62.387,65.6725],[-62.3938,65.6514],[-62.3522,65.6514],[-62.3113,65.665],[-62.3486,65.6301],[-62.3181,65.6152],[-62.2662,65.6638],[-62.2517,65.6335],[-62.2089,65.6095],[-62.1897,65.6303],[-62.202,65.6452],[-62.1344,65.6545],[-62.1269,65.6793],[-62.1628,65.6927],[-62.202,65.6862],[-62.1679,65.706],[-62.1988,65.7137],[-62.2645,65.7073],[-62.2982,65.7134],[-62.2498,65.7408],[-62.2572,65.7482]]],[[[-83.5034,65.8097],[-83.4631,65.8097],[-83.4132,65.8353],[-83.2895,65.8352],[-83.2912,65.8469],[-83.3279,65.8634],[-83.3694,65.8711],[-83.5447,65.8711],[-83.5825,65.8615],[-83.5724,65.8404],[-83.5382,65.8193],[-83.5034,65.8097]]],[[[-80.1833,63.7676],[-80.1697,63.7744],[-80.193,63.8078],[-80.2224,63.8171],[-80.2796,63.8091],[-80.3794,63.8506],[-80.6439,63.8817],[-80.6746,63.894],[-80.7047,63.9184],[-80.6188,63.9011],[-80.5771,63.8979],[-80.5328,63.9042],[-80.4969,63.9177],[-80.5488,63.9332],[-80.5397,63.9594],[-80.5219,63.9697],[-80.5438,63.9849],[-80.6147,64.0072],[-80.6971,64.0163],[-80.7147,64.0385],[-80.7632,64.0735],[-80.8237,64.1027],[-80.8888,64.1226],[-80.9512,64.1301],[-80.9307,64.1034],[-80.9791,64.0687],[-80.9219,64.0302],[-80.9037,64.0108],[-80.9307,63.9935],[-80.9737,63.9936],[-81.0585,64.0265],[-81.2451,64.0574],[-81.2983,64.0806],[-81.3733,64.0744],[-81.4098,64.0823],[-81.3826,64.0966],[-81.4192,64.0989],[-81.4508,64.0823],[-81.4303,64.055],[-81.4565,64.0378],[-81.5013,64.0326],[-81.5883,64.0351],[-81.65,64.0285],[-81.779,64.002],[-81.8783,64.0039],[-81.9713,63.9938],[-82.0001,64.0106],[-81.9742,64.035],[-81.9784,64.0482],[-81.95,64.0681],[-81.9396,64.0524],[-81.9101,64.0687],[-81.8558,64.0852],[-81.7673,64.094],[-81.709,64.1128],[-81.6272,64.1236],[-81.6066,64.1341],[-81.6091,64.1512],[-81.588,64.1854],[-81.6229,64.2217],[-81.6658,64.2309],[-81.7135,64.2542],[-81.7609,64.2928],[-81.7804,64.3259],[-81.7531,64.3615],[-81.7525,64.384],[-81.7699,64.4166],[-81.7742,64.446],[-81.7526,64.4818],[-81.7713,64.512],[-81.7976,64.5241],[-81.8487,64.5347],[-82.0616,64.6514],[-82.0784,64.6754],[-82.1225,64.692],[-82.2177,64.6912],[-82.2049,64.7197],[-82.267,64.7259],[-82.308,64.7508],[-82.366,64.768],[-82.4247,64.7675],[-82.4722,64.7556],[-82.5496,64.748],[-82.6233,64.7812],[-82.7145,64.781],[-82.7462,64.7886],[-82.7946,64.8129],[-82.8476,64.861],[-82.8838,64.8797],[-82.9426,64.8878],[-83.0011,64.9162],[-83.0509,64.9192],[-83.1094,64.9354],[-83.2084,64.9477],[-83.2223,64.9699],[-83.3068,65.0089],[-83.3398,65.0358],[-83.3358,65.076],[-83.3598,65.0941],[-83.3977,65.1366],[-83.5465,65.1623],[-83.7248,65.163],[-83.7752,65.1802],[-83.8429,65.1654],[-83.8825,65.1655],[-83.9181,65.1784],[-83.8771,65.1927],[-83.9726,65.2001],[-84.0461,65.1977],[-84.0985,65.2095],[-84.1787,65.2507],[-84.2303,65.2676],[-84.2334,65.2821],[-84.1523,65.3322],[-84.16,65.347],[-84.22,65.3541],[-84.2954,65.3776],[-84.3637,65.3851],[-84.4118,65.4118],[-84.4434,65.4193],[-84.4272,65.4498],[-84.4503,65.4623],[-84.5774,65.4894],[-84.5934,65.4841],[-84.6239,65.4512],[-84.6524,65.4385],[-84.745,65.3515],[-84.7526,65.3352],[-84.7509,65.2908],[-84.7677,65.2821],[-84.7882,65.2412],[-84.8153,65.2211],[-84.848,65.2135],[-84.9318,65.2182],[-84.9313,65.2643],[-84.9996,65.3263],[-85.019,65.3522],[-85.0006,65.4056],[-85.0194,65.4254],[-85.0767,65.4564],[-85.1622,65.4831],[-85.2301,65.4934],[-85.3165,65.5415],[-85.2864,65.56],[-85.2506,65.5552],[-85.1117,65.5812],[-85.0799,65.5931],[-85.0524,65.6142],[-85.0737,65.6497],[-85.1676,65.7091],[-85.1839,65.7263],[-85.1527,65.7367],[-85.1719,65.7612],[-85.1641,65.7768],[-85.201,65.8093],[-85.3251,65.8376],[-85.3695,65.8396],[-85.3973,65.8297],[-85.4263,65.8022],[-85.4572,65.7936],[-85.4883,65.7966],[-85.4891,65.8203],[-85.5062,65.8387],[-85.4623,65.8807],[-85.4865,65.9241],[-85.5409,65.9216],[-85.6098,65.9105],[-85.7269,65.8635],[-85.9389,65.7632],[-85.9903,65.7124],[-86.0284,65.665],[-86.0283,65.6061],[-86.066,65.5864],[-86.1047,65.5142],[-86.12,65.4446],[-86.1451,65.4091],[-86.1519,65.3851],[-86.0973,65.3572],[-86.1627,65.3057],[-86.1739,65.2865],[-86.1404,65.2],[-86.1383,65.1135],[-86.1455,65.0952],[-86.2003,65.0555],[-86.2207,65.0236],[-86.2277,64.9866],[-86.2145,64.9726],[-86.1727,64.9543],[-86.1593,64.9394],[-86.1704,64.9075],[-86.214,64.8911],[-86.182,64.8559],[-86.2071,64.8501],[-86.173,64.8296],[-86.1975,64.8156],[-86.2277,64.8159],[-86.2458,64.8045],[-86.3529,64.6508],[-86.3832,64.6206],[-86.4194,64.5969],[-86.383,64.5458],[-86.3888,64.4747],[-86.4058,64.4385],[-86.3437,64.4113],[-86.3754,64.3746],[-86.3785,64.3566],[-86.3614,64.322],[-86.3648,64.3088],[-86.3382,64.2819],[-86.2959,64.2679],[-86.3164,64.2338],[-86.2988,64.2187],[-86.2106,64.182],[-86.1856,64.1449],[-86.1929,64.1034],[-86.2174,64.0872],[-86.2506,64.0791],[-86.3497,64.073],[-86.4162,64.0539],[-86.4919,64.0231],[-86.5614,64.0163],[-86.5979,63.9969],[-86.8959,63.9302],[-86.9538,63.8974],[-87.1774,63.7304],[-87.2086,63.6965],[-87.2238,63.6601],[-87.2145,63.623],[-87.1754,63.585],[-87.1238,63.5636],[-87.0644,63.5548],[-86.8682,63.5618],[-86.8021,63.5749],[-86.7416,63.6025],[-86.6612,63.6577],[-86.6323,63.6645],[-86.4945,63.6714],[-86.2854,63.6461],[-86.214,63.6509],[-85.9539,63.6993],[-85.8198,63.7055],[-85.7936,63.7134],[-85.7137,63.7744],[-85.7153,63.716],[-85.7063,63.6993],[-85.617,63.6749],[-85.5902,63.6133],[-85.6301,63.5737],[-85.6039,63.5212],[-85.6075,63.5008],[-85.6523,63.4387],[-85.655,63.4177],[-85.6436,63.2943],[-85.6352,63.2431],[-85.6039,63.2121],[-85.5853,63.1733],[-85.5098,63.1292],[-85.4552,63.1223],[-85.2739,63.1234],[-85.0958,63.1571],[-84.9544,63.1938],[-84.785,63.255],[-84.7577,63.2711],[-84.7231,63.2774],[-84.6826,63.3],[-84.6195,63.3068],[-84.5902,63.3151],[-84.5204,63.3746],[-84.4803,63.3934],[-84.4457,63.4591],[-84.4525,63.4797],[-84.4049,63.5273],[-84.4053,63.5548],[-84.3099,63.5977],[-84.2842,63.6268],[-84.2289,63.6231],[-84.1849,63.6302],[-84.1218,63.611],[-84.0893,63.6099],[-84.0639,63.6207],[-84.0074,63.6714],[-83.924,63.6933],[-83.8968,63.7167],[-83.7839,63.7685],[-83.728,63.7823],[-83.699,63.7812],[-83.6492,63.7651],[-83.6338,63.771],[-83.6175,63.8205],[-83.5959,63.8222],[-83.6422,63.8565],[-83.6486,63.8764],[-83.6269,63.8942],[-83.6046,63.9304],[-83.6194,63.9528],[-83.6669,63.9871],[-83.6853,64.0141],[-83.6369,64.0394],[-83.6016,64.0457],[-83.5829,64.0761],[-83.5394,64.1107],[-83.5128,64.1204],[-83.4565,64.1253],[-83.4014,64.1095],[-83.3348,64.1352],[-83.2689,64.1384],[-83.2035,64.1221],[-83.1509,64.1717],[-83.0843,64.1898],[-83.0137,64.1916],[-82.9721,64.158],[-82.9658,64.137],[-82.9796,64.1171],[-83.0474,64.0629],[-83.0758,64.0506],[-83.1099,64.0208],[-83.1383,64.0067],[-83.1236,63.9935],[-83.1304,63.9792],[-83.0845,63.9582],[-83.0592,63.9543],[-83.0279,63.9662],[-82.9926,63.9656],[-82.9537,63.9774],[-82.8424,63.9867],[-82.7394,63.973],[-82.5339,63.973],[-82.5063,63.9558],[-82.4788,63.951],[-82.3911,63.9238],[-82.3558,63.8974],[-82.3558,63.853],[-82.3912,63.8223],[-82.4342,63.8184],[-82.5177,63.7966],[-82.5509,63.7573],[-82.5516,63.743],[-82.493,63.7198],[-82.4818,63.6852],[-82.3575,63.6596],[-82.3189,63.6594],[-82.2875,63.685],[-82.2602,63.6645],[-82.2626,63.6787],[-82.2427,63.687],[-82.0746,63.6918],[-81.9897,63.6624],[-81.9409,63.655],[-81.8819,63.6361],[-81.8344,63.6441],[-81.7637,63.6411],[-81.7296,63.6309],[-81.6606,63.582],[-81.636,63.5752],[-81.5318,63.5808],[-81.4977,63.5758],[-81.4545,63.5498],[-81.2215,63.5015],[-81.1249,63.4638],[-81.0189,63.4503],[-80.9856,63.4557],[-80.9341,63.4796],[-80.9307,63.5212],[-80.9021,63.533],[-80.8446,63.5341],[-80.8214,63.5532],[-80.774,63.5778],[-80.7284,63.5884],[-80.629,63.6304],[-80.5977,63.6369],[-80.5622,63.6602],[-80.5127,63.6825],[-80.4919,63.7123],[-80.4664,63.7273],[-80.2821,63.7422],[-80.2318,63.754],[-80.183,63.7563],[-80.1833,63.7676]]],[[[-85.0011,66.0076],[-85.0522,66.0278],[-85.1024,66.0285],[-85.1557,66.0112],[-85.1793,65.9878],[-85.1735,65.9665],[-85.1861,65.9468],[-85.1459,65.9063],[-85.1367,65.8796],[-85.1526,65.8569],[-85.1407,65.8403],[-85.1247,65.7824],[-85.1127,65.7621],[-85.0454,65.7163],[-84.9242,65.6898],[-84.8629,65.661],[-84.8412,65.5876],[-84.8009,65.5671],[-84.7512,65.5564],[-84.7132,65.5552],[-84.6755,65.5675],[-84.6483,65.5933],[-84.5741,65.6356],[-84.6033,65.6725],[-84.5902,65.6862],[-84.6275,65.7029],[-84.6593,65.7484],[-84.7046,65.7956],[-84.715,65.8353],[-84.761,65.8643],[-84.7561,65.8772],[-84.7942,65.8922],[-84.8913,65.9468],[-84.8572,65.9667],[-84.9303,66.0151],[-85.0011,66.0076]]],[[[-84.4735,66.0902],[-84.4735,66.0759],[-84.4252,66.0294],[-84.3707,66.0069],[-84.2896,66.0044],[-84.2334,65.9809],[-84.1946,65.9719],[-84.1869,65.9286],[-84.1527,65.9233],[-84.1246,65.9067],[-84.1327,65.8763],[-84.1086,65.8361],[-84.109,65.8026],[-84.1412,65.7786],[-84.1427,65.7668],[-84.0728,65.7554],[-84.0211,65.7612],[-83.9782,65.74],[-83.959,65.7408],[-83.8697,65.7829],[-83.8019,65.7939],[-83.7809,65.7824],[-83.8293,65.7551],[-83.723,65.7641],[-83.6853,65.7482],[-83.7496,65.7386],[-83.802,65.7169],[-83.802,65.6862],[-83.8428,65.6836],[-83.8389,65.6522],[-83.8144,65.653],[-83.7611,65.6725],[-83.7275,65.6712],[-83.6238,65.6514],[-83.6576,65.6729],[-83.6493,65.6898],[-83.618,65.7028],[-83.5829,65.706],[-83.6227,65.6645],[-83.5963,65.6588],[-83.4792,65.6588],[-83.4298,65.6463],[-83.3874,65.621],[-83.3671,65.6186],[-83.3006,65.6345],[-83.2464,65.665],[-83.2668,65.6782],[-83.2585,65.6901],[-83.2123,65.706],[-83.2393,65.7216],[-83.2908,65.728],[-83.4727,65.7277],[-83.5356,65.7168],[-83.5277,65.7374],[-83.5611,65.7551],[-83.6355,65.7669],[-83.665,65.7861],[-83.7121,65.791],[-83.7262,65.8022],[-83.7864,65.8128],[-83.802,65.8227],[-83.712,65.8535],[-83.6825,65.8815],[-83.6927,65.9257],[-83.7125,65.9428],[-83.7755,65.9697],[-83.8334,65.9782],[-83.9437,66.022],[-84.0006,66.0356],[-84.004,66.0797],[-84.0214,66.0877],[-84.0688,66.0629],[-84.1234,66.0834],[-84.1861,66.0873],[-84.3461,66.1179],[-84.4082,66.1411],[-84.4578,66.1461],[-84.4735,66.1386],[-84.4735,66.0902]]],[[[-83.2738,66.3093],[-83.2926,66.2679],[-83.2515,66.2509],[-83.1881,66.2418],[-83.1138,66.2079],[-83.0395,66.1948],[-83.0069,66.1994],[-82.9576,66.2436],[-82.9044,66.2684],[-82.9278,66.281],[-83.0482,66.2622],[-83.1028,66.2895],[-83.1579,66.285],[-83.1782,66.2895],[-83.1372,66.3093],[-83.1987,66.3202],[-83.225,66.3411],[-83.2628,66.347],[-83.2961,66.312],[-83.2738,66.3093]]],[[[-62.4075,67.187],[-62.4285,67.1929],[-62.5248,67.1938],[-62.5732,67.1823],[-62.6539,67.1733],[-62.6129,67.1454],[-62.6847,67.1423],[-62.702,67.1195],[-62.7396,67.1055],[-62.787,67.1053],[-62.8053,67.0942],[-62.8053,67.0634],[-62.8219,67.0584],[-62.9015,67.0634],[-62.8078,67.0203],[-62.7469,67.0181],[-62.7399,67.0464],[-62.7203,67.0533],[-62.671,67.0461],[-62.6505,67.0529],[-62.5907,67.0954],[-62.4072,67.1589],[-62.3739,67.1658],[-62.4075,67.187]]],[[[-63.5179,67.3242],[-63.5544,67.3129],[-63.593,67.3105],[-63.5853,67.3419],[-63.601,67.355],[-63.6316,67.3561],[-63.6869,67.3469],[-63.7517,67.319],[-63.8332,67.29],[-63.7701,67.2759],[-63.4608,67.2703],[-63.4092,67.2753],[-63.3602,67.2962],[-63.3861,67.3117],[-63.4763,67.3409],[-63.5179,67.3242]]],[[[-63.7575,67.5228],[-63.7943,67.5556],[-63.8945,67.6035],[-63.9294,67.6395],[-63.9547,67.655],[-63.9825,67.6431],[-63.9916,67.6049],[-64.0267,67.5662],[-64.038,67.5296],[-64.0167,67.5124],[-63.9824,67.5067],[-63.7893,67.5112],[-63.7575,67.5228]]],[[[-73.3583,67.8381],[-73.4061,67.862],[-73.3992,67.8944],[-73.4334,67.9343],[-73.4129,67.9684],[-73.4462,67.993],[-73.5218,68.0096],[-73.6048,68.0158],[-73.6597,68.0095],[-73.735,68.0162],[-73.7755,67.998],[-73.8043,67.9974],[-73.9231,68.0338],[-74.0919,68.0559],[-74.1609,68.0702],[-74.2554,68.0635],[-74.277,68.0776],[-74.244,68.1082],[-74.2218,68.1162],[-74.2144,68.1354],[-74.2508,68.1465],[-74.3094,68.1752],[-74.3384,68.1807],[-74.3619,68.1699],[-74.3858,68.1279],[-74.4346,68.105],[-74.4346,68.0851],[-74.4772,68.0698],[-74.6573,68.0842],[-74.7307,68.0741],[-74.756,68.0634],[-74.7752,68.0294],[-74.7772,67.9852],[-74.7532,67.9474],[-74.6402,67.8567],[-74.598,67.8302],[-74.5506,67.8101],[-74.4023,67.7789],[-73.9059,67.7775],[-73.4095,67.776],[-73.3712,67.8032],[-73.3583,67.8381]]],[[[-66.2964,68.2695],[-66.3277,68.2359],[-66.3436,68.2342],[-66.4593,68.2468],[-66.4969,68.244],[-66.5478,68.2135],[-66.6288,68.2217],[-66.6586,68.2164],[-66.6527,68.1977],[-66.6195,68.1857],[-66.581,68.1869],[-66.3166,68.1595],[-66.2706,68.1614],[-66.2707,68.2003],[-66.244,68.2379],[-66.1831,68.2626],[-66.1983,68.2757],[-66.2964,68.2695]]],[[[-86.5771,68.2906],[-86.66,68.3104],[-86.6869,68.3104],[-86.7477,68.287],[-86.8266,68.2278],[-86.8951,68.1951],[-86.9129,68.1733],[-86.8979,68.1379],[-86.9713,68.1084],[-86.9857,68.0674],[-86.9402,68.0429],[-86.8744,68.0338],[-86.8479,68.0222],[-86.8371,67.992],[-86.8486,67.9665],[-86.8924,67.9548],[-86.9129,67.9343],[-86.9409,67.9371],[-86.9542,67.9245],[-86.9204,67.8614],[-86.8719,67.8101],[-86.8366,67.7918],[-86.7585,67.7775],[-86.7208,67.7658],[-86.6801,67.7351],[-86.5975,67.7282],[-86.5666,67.7378],[-86.5106,67.7746],[-86.4645,67.7919],[-86.4127,67.8449],[-86.3738,67.9592],[-86.3922,68.0231],[-86.4354,68.0981],[-86.4337,68.1671],[-86.4078,68.2078],[-86.5023,68.2632],[-86.5771,68.2906]]],[[[-75.0335,68.1733],[-75.0788,68.1869],[-75.1376,68.2363],[-75.4966,68.2831],[-75.5975,68.3138],[-75.9112,68.3446],[-75.9912,68.3288],[-76.0479,68.3048],[-76.0819,68.2977],[-76.1827,68.2978],[-76.2281,68.3039],[-76.2563,68.3179],[-76.2522,68.3317],[-76.2991,68.3348],[-76.6889,68.2626],[-76.7308,68.2431],[-76.8465,68.1671],[-76.8772,68.1528],[-76.908,68.1118],[-76.9831,68.0634],[-77.2122,67.8704],[-77.2449,67.836],[-77.3227,67.708],[-77.3182,67.6879],[-77.2637,67.5939],[-77.2233,67.5433],[-77.258,67.5228],[-77.238,67.4894],[-77.2506,67.4538],[-77.178,67.4255],[-77.1134,67.3242],[-77.062,67.2758],[-76.9816,67.2433],[-76.6337,67.228],[-76.5377,67.2475],[-76.3668,67.2416],[-76.2746,67.2652],[-76.2433,67.2695],[-76.1476,67.2553],[-76.089,67.2621],[-75.9211,67.2553],[-75.8893,67.258],[-75.6897,67.3078],[-75.5959,67.3111],[-75.5683,67.3244],[-75.5438,67.3515],[-75.5106,67.3611],[-75.3905,67.3577],[-75.3594,67.3856],[-75.328,67.3974],[-75.3253,67.4129],[-75.298,67.4227],[-75.2296,67.432],[-75.1394,67.4868],[-75.0651,67.5524],[-75.0286,67.6307],[-75.0441,67.6457],[-75.0593,67.6862],[-75.0655,67.7317],[-75.0609,67.7769],[-75.0441,67.817],[-75.1167,67.8663],[-75.1356,67.9228],[-75.1614,67.9531],[-75.1431,67.9783],[-75.0701,68.0332],[-75.0515,68.0572],[-75.0347,68.0993],[-75.0072,68.1105],[-75.0099,68.1459],[-75.0335,68.1733]]],[[[-78.909,68.324],[-78.9413,68.3536],[-79.1456,68.3476],[-79.176,68.3315],[-79.1888,68.2902],[-79.1835,68.2217],[-79.15,68.1991],[-79.0975,68.1771],[-79.0443,68.1662],[-79.0084,68.1769],[-78.9691,68.2043],[-78.8712,68.2304],[-78.83,68.2527],[-78.8104,68.2845],[-78.8312,68.3008],[-78.909,68.324]]],[[[-82.0814,68.3073],[-82.0664,68.3081],[-82.0035,68.3425],[-82.022,68.3542],[-82.0968,68.3511],[-82.1407,68.3797],[-82.1767,68.3854],[-82.246,68.3856],[-82.2255,68.3651],[-82.2557,68.3619],[-82.328,68.3786],[-82.3489,68.3651],[-82.2604,68.3444],[-82.1493,68.3344],[-82.0814,68.3073]]],[[[-74.3688,68.3892],[-74.3345,68.3605],[-74.2967,68.3456],[-74.2149,68.324],[-74.2588,68.3151],[-74.2713,68.2948],[-74.2573,68.2689],[-74.2217,68.2496],[-74.1733,68.2471],[-74.1539,68.2556],[-74.14,68.2891],[-74.0944,68.3142],[-74.0841,68.3432],[-74.1186,68.3588],[-74.1704,68.3997],[-74.2479,68.4432],[-74.2978,68.4644],[-74.3597,68.4675],[-74.3905,68.4537],[-74.4009,68.4226],[-74.3688,68.3892]]],[[[-78.6142,68.5063],[-78.6292,68.5152],[-78.7242,68.5233],[-78.6912,68.5312],[-78.6566,68.5631],[-78.531,68.5444],[-78.484,68.5574],[-78.4634,68.6195],[-78.4899,68.6274],[-78.5665,68.6257],[-78.6751,68.6584],[-78.8425,68.6673],[-78.9017,68.653],[-78.7719,68.6195],[-78.7781,68.6121],[-78.6925,68.5998],[-78.6689,68.5848],[-78.7034,68.5617],[-78.7428,68.5519],[-78.83,68.5507],[-78.888,68.5159],[-78.9355,68.5219],[-78.9482,68.491],[-78.9706,68.4749],[-78.8843,68.4765],[-78.8607,68.4687],[-78.8818,68.4544],[-78.7841,68.4459],[-78.7374,68.4523],[-78.6466,68.4827],[-78.6142,68.5063]]],[[[-74.8448,68.5786],[-74.7882,68.5613],[-74.5382,68.555],[-74.5171,68.5643],[-74.5745,68.5978],[-74.6475,68.6116],[-74.6461,68.6474],[-74.683,68.6633],[-74.7926,68.6757],[-74.8298,68.6616],[-74.8932,68.6257],[-74.8448,68.5786]]],[[[-74.838,68.4202],[-74.8799,68.4182],[-74.9001,68.4339],[-74.8869,68.4466],[-74.8113,68.4476],[-74.7815,68.461],[-74.7738,68.4855],[-74.8264,68.5089],[-74.9339,68.5714],[-74.9625,68.611],[-74.9894,68.6688],[-75.0199,68.681],[-75.1705,68.6898],[-75.2222,68.7077],[-75.2389,68.7248],[-75.31,68.6964],[-75.3314,68.6605],[-75.3921,68.626],[-75.4004,68.6087],[-75.3942,68.5507],[-75.4115,68.5228],[-75.379,68.4988],[-75.2563,68.4494],[-75.0347,68.3972],[-75.0162,68.3856],[-75.0065,68.3462],[-74.9763,68.3352],[-74.8841,68.344],[-74.8426,68.3227],[-74.8113,68.324],[-74.8451,68.3493],[-74.8148,68.344],[-74.8075,68.3662],[-74.8653,68.3793],[-74.8052,68.398],[-74.7842,68.4179],[-74.838,68.4202]]],[[[-68.0061,68.7703],[-68.2047,68.7971],[-68.3214,68.7971],[-68.4176,68.8175],[-68.4531,68.8093],[-68.442,68.7846],[-68.1873,68.7669],[-67.9147,68.7105],[-67.6634,68.7014],[-67.6963,68.7195],[-68.0061,68.7703]]],[[[-90.182,69.1192],[-90.1547,69.1396],[-90.1785,69.1431],[-90.2123,69.1247],[-90.2516,69.1226],[-90.264,69.1471],[-90.2768,69.114],[-90.2537,69.0816],[-90.2117,69.0695],[-90.161,69.0782],[-90.1547,69.051],[-90.1274,69.0578],[-90.1473,69.1055],[-90.182,69.1192]]],[[[-90.4974,69.2427],[-90.4626,69.2631],[-90.4708,69.2789],[-90.5138,69.301],[-90.5482,69.342],[-90.619,69.3764],[-90.6595,69.3813],[-90.7367,69.3652],[-90.7711,69.3451],[-90.7773,69.2768],[-90.7302,69.304],[-90.6671,69.3575],[-90.6603,69.3323],[-90.6817,69.311],[-90.6544,69.311],[-90.6901,69.2897],[-90.6915,69.2717],[-90.6482,69.27],[-90.6913,69.2343],[-90.6702,69.2341],[-90.6411,69.2545],[-90.6035,69.2048],[-90.5906,69.2001],[-90.4892,69.2149],[-90.4563,69.2342],[-90.4707,69.248],[-90.4974,69.2427]]],[[[-79.0798,68.879],[-78.9653,68.8879],[-78.9327,68.8973],[-78.8706,68.9025],[-78.83,68.9174],[-78.7992,68.9513],[-78.7399,68.9643],[-78.7242,68.9752],[-78.7173,69.0168],[-78.6038,69.069],[-78.5516,69.1024],[-78.5665,69.1328],[-78.4709,69.1707],[-78.4751,69.2056],[-78.4567,69.2291],[-78.397,69.2177],[-78.3797,69.1979],[-78.3417,69.2068],[-78.3219,69.2388],[-78.2635,69.2822],[-78.2147,69.2939],[-78.214,69.3029],[-78.2751,69.3696],[-78.3127,69.3871],[-78.4122,69.3869],[-78.4567,69.3935],[-78.5249,69.3799],[-78.6074,69.373],[-78.6757,69.3451],[-78.7101,69.3416],[-78.7309,69.3253],[-78.7109,69.3034],[-78.647,69.2807],[-78.6217,69.2631],[-78.6583,69.2579],[-78.7273,69.2698],[-78.7651,69.2563],[-78.8388,69.2153],[-78.8545,69.2011],[-78.8633,69.1484],[-78.9106,69.1346],[-78.9764,69.1037],[-79.0426,69.1055],[-79.0997,69.0939],[-79.16,69.0937],[-79.2042,69.0849],[-79.2418,69.0621],[-79.3258,68.9699],[-79.3686,68.9416],[-79.423,68.9274],[-79.3882,68.907],[-79.3967,68.8632],[-79.288,68.8355],[-79.2279,68.8312],[-79.1446,68.8693],[-79.0798,68.879]]],[[[-90.2504,69.2979],[-90.2126,69.3349],[-90.1754,69.3417],[-90.1473,69.373],[-90.1814,69.3951],[-90.1832,69.415],[-90.2093,69.4345],[-90.2019,69.4481],[-90.2504,69.4283],[-90.2288,69.4151],[-90.2393,69.3946],[-90.264,69.3935],[-90.2504,69.414],[-90.3024,69.4354],[-90.3574,69.4272],[-90.3897,69.4034],[-90.4899,69.3799],[-90.5067,69.3666],[-90.5104,69.3314],[-90.4886,69.3293],[-90.4586,69.3091],[-90.4034,69.3002],[-90.4079,69.2768],[-90.3551,69.2465],[-90.3276,69.239],[-90.3186,69.2631],[-90.2973,69.254],[-90.2507,69.2784],[-90.2504,69.2979]]],[[[-76.6923,69.4109],[-76.7168,69.425],[-76.7845,69.4078],[-76.9763,69.4078],[-77.0478,69.4197],[-77.1134,69.4481],[-77.2501,69.4351],[-77.3268,69.4171],[-77.3605,69.3898],[-77.3389,69.3456],[-77.34,69.3253],[-77.3808,69.284],[-77.3872,69.2665],[-77.3669,69.2246],[-77.3194,69.181],[-77.265,69.1467],[-77.1582,69.1182],[-77.0725,69.1396],[-76.9915,69.1451],[-76.9551,69.141],[-76.9564,69.1267],[-76.9012,69.1055],[-76.9217,69.1267],[-76.8602,69.154],[-76.9259,69.1713],[-76.9436,69.208],[-76.9083,69.2321],[-76.8593,69.2418],[-76.8158,69.2703],[-76.7657,69.2824],[-76.7069,69.306],[-76.6752,69.311],[-76.6735,69.3307],[-76.6473,69.3389],[-76.6473,69.383],[-76.6923,69.4109]]],[[[-67.4443,69.5921],[-67.4802,69.5924],[-67.5201,69.6058],[-67.5369,69.5748],[-67.6908,69.5443],[-67.7259,69.5499],[-67.7528,69.5233],[-67.7296,69.5154],[-67.6752,69.5129],[-67.628,69.5027],[-67.578,69.5105],[-67.5058,69.4959],[-67.485,69.5076],[-67.5542,69.5233],[-67.4967,69.535],[-67.3531,69.5319],[-67.3078,69.5581],[-67.3475,69.5681],[-67.3771,69.586],[-67.4443,69.5921]]],[[[-67.9099,69.5338],[-67.8971,69.5585],[-67.8671,69.5827],[-67.8075,69.616],[-67.737,69.6352],[-67.7311,69.6588],[-67.759,69.6741],[-67.8168,69.6805],[-67.8806,69.7105],[-67.9558,69.7104],[-67.9726,69.6945],[-67.9481,69.6798],[-67.828,69.6611],[-67.8884,69.6491],[-68.014,69.6779],[-68.0753,69.671],[-68.138,69.6377],[-68.1764,69.6289],[-68.219,69.6058],[-68.2882,69.5994],[-68.3077,69.5921],[-67.9674,69.5299],[-67.9099,69.5338]]],[[[-78.3945,69.6467],[-78.4139,69.642],[-78.484,69.6542],[-78.5665,69.6467],[-78.6155,69.6209],[-78.6897,69.5611],[-78.8546,69.5042],[-78.8807,69.4807],[-78.8576,69.4581],[-78.826,69.4516],[-78.7753,69.4631],[-78.654,69.5082],[-78.6195,69.5106],[-78.546,69.486],[-78.5172,69.4848],[-78.4427,69.5151],[-78.368,69.5297],[-78.287,69.5578],[-78.1451,69.5779],[-78.0923,69.5783],[-78.0511,69.6077],[-77.9584,69.6332],[-77.942,69.6467],[-77.9706,69.6845],[-78.0265,69.7186],[-78.0798,69.7362],[-78.1275,69.7394],[-78.1413,69.7498],[-78.1947,69.7548],[-78.2122,69.7371],[-78.2716,69.7362],[-78.2333,69.6884],[-78.2307,69.6741],[-78.2582,69.6587],[-78.2985,69.6621],[-78.3236,69.675],[-78.3058,69.6877],[-78.378,69.7046],[-78.3945,69.6945],[-78.3846,69.6593],[-78.3945,69.6467]]],[[[-79.9711,69.6331],[-79.9181,69.6047],[-79.8544,69.6126],[-79.6129,69.6198],[-79.5329,69.6331],[-79.3481,69.6945],[-79.3268,69.7088],[-79.3661,69.7366],[-79.4156,69.743],[-79.4081,69.7789],[-79.4547,69.801],[-79.5111,69.8077],[-79.5329,69.7976],[-79.6724,69.8204],[-79.7036,69.7976],[-79.7563,69.7868],[-79.7679,69.7539],[-79.8138,69.7634],[-79.8656,69.7462],[-79.9741,69.7306],[-80.0654,69.7543],[-80.1503,69.7234],[-80.1508,69.7408],[-80.1225,69.7597],[-80.1694,69.7907],[-80.2318,69.8044],[-80.3364,69.7824],[-80.3411,69.7976],[-80.4469,69.8004],[-80.5006,69.7874],[-80.4844,69.7498],[-80.4357,69.7236],[-80.3758,69.715],[-80.4242,69.702],[-80.3976,69.6828],[-80.4254,69.6683],[-80.4509,69.6815],[-80.4645,69.715],[-80.5093,69.7277],[-80.5875,69.7287],[-80.6495,69.7498],[-80.7184,69.756],[-80.7352,69.7324],[-80.8035,69.7047],[-80.7979,69.6755],[-80.7606,69.668],[-80.5622,69.6728],[-80.4968,69.6675],[-80.4372,69.6467],[-80.4025,69.6263],[-80.3516,69.616],[-80.3342,69.5581],[-80.3074,69.5676],[-80.261,69.6153],[-80.238,69.6263],[-80.2104,69.6187],[-80.238,69.5581],[-80.2152,69.5333],[-80.1504,69.5266],[-80.099,69.5126],[-79.9986,69.5001],[-79.9625,69.5067],[-79.9363,69.5369],[-79.9701,69.5539],[-80.0618,69.619],[-80.0775,69.6369],[-80.0532,69.649],[-79.9711,69.6331]]],[[[-83.8361,69.7498],[-83.7475,69.7279],[-83.701,69.7228],[-83.658,69.7287],[-83.6801,69.7475],[-83.7132,69.756],[-83.7007,69.7685],[-83.6375,69.7703],[-83.5928,69.784],[-83.5277,69.7908],[-83.5693,69.8043],[-83.8556,69.8317],[-83.8976,69.8187],[-83.9171,69.7936],[-83.9022,69.7738],[-83.8361,69.7498]]],[[[-91.8536,69.8597],[-91.8672,69.8454],[-91.8402,69.8249],[-91.7716,69.8386],[-91.67,69.8501],[-91.6413,69.8597],[-91.6932,69.876],[-91.7475,69.883],[-91.8019,69.8784],[-91.8536,69.8597]]],[[[-91.4631,69.7771],[-91.4717,69.799],[-91.5041,69.8187],[-91.4775,69.8231],[-91.4427,69.8524],[-91.4557,69.8597],[-91.4085,69.8795],[-91.4253,69.8861],[-91.4774,69.8795],[-91.5041,69.8386],[-91.5554,69.838],[-91.611,69.8216],[-91.7375,69.7976],[-91.6903,69.78],[-91.6426,69.7528],[-91.5568,69.7292],[-91.4914,69.7493],[-91.4631,69.7771]]],[[[-87.0842,69.9894],[-87.0063,70.0163],[-86.9811,70.0136],[-86.9171,69.9913],[-86.7769,69.9713],[-86.5035,69.9859],[-86.4775,69.9948],[-86.4604,70.0168],[-86.4957,70.0218],[-86.5111,70.0518],[-86.5831,70.1059],[-86.6507,70.1209],[-86.803,70.0924],[-87.0016,70.1203],[-87.0736,70.1516],[-87.1165,70.1611],[-87.1456,70.1402],[-87.0978,70.1266],[-87.1933,70.111],[-87.3158,70.1181],[-87.379,70.106],[-87.3626,70.0928],[-87.3031,70.0804],[-87.2791,70.0683],[-87.276,70.0372],[-87.2502,70.027],[-87.1864,70.0184],[-87.1201,69.9938],[-87.0842,69.9894]]],[[[-71.508,71.0173],[-71.837,71.0657],[-71.8597,71.0786],[-72.0116,71.0522],[-72.0146,71.0227],[-72.0461,70.9459],[-72.0675,70.9316],[-72.1253,70.921],[-72.1318,70.9353],[-72.1798,70.9421],[-72.228,70.9353],[-72.228,70.9217],[-72.1868,70.8825],[-72.1313,70.8641],[-72.1182,70.8254],[-72.0907,70.8123],[-72.0476,70.8089],[-71.9673,70.818],[-71.8984,70.8528],[-71.6247,70.9012],[-71.4387,70.9099],[-71.386,70.9293],[-71.3988,70.9496],[-71.3487,70.9847],[-71.3435,71.0076],[-71.3663,71.0161],[-71.508,71.0173]]],[[[-72.9536,71.5175],[-72.9922,71.519],[-73.0387,71.4873],[-73.1292,71.45],[-73.1393,71.4208],[-73.1726,71.435],[-73.1695,71.465],[-73.1225,71.48],[-73.0771,71.5386],[-73.1366,71.567],[-73.1719,71.5732],[-73.3524,71.5336],[-73.3788,71.5175],[-73.3719,71.4902],[-73.3074,71.4624],[-73.2872,71.4277],[-73.2552,71.4213],[-73.2668,71.3644],[-73.207,71.3444],[-73.1234,71.3389],[-73.0635,71.3258],[-73.0847,71.3084],[-73.0536,71.2964],[-73.005,71.3029],[-72.9801,71.3221],[-73.0163,71.3501],[-73.0089,71.3605],[-73.0293,71.3977],[-73.0115,71.4195],[-72.9398,71.4338],[-72.8544,71.4352],[-72.817,71.4486],[-72.899,71.4765],[-72.9536,71.5175]]],[[[-72.7379,71.6615],[-72.9263,71.6553],[-72.9885,71.6274],[-73.0436,71.5864],[-72.9955,71.5567],[-72.7653,71.529],[-72.7268,71.5474],[-72.6588,71.6],[-72.6893,71.644],[-72.7379,71.6615]]],[[[-95.3275,71.8471],[-95.357,71.847],[-95.4517,71.826],[-95.4449,71.7987],[-95.4249,71.7914],[-95.3623,71.7918],[-95.3926,71.7741],[-95.4728,71.7612],[-95.4921,71.7435],[-95.4096,71.7304],[-95.3185,71.7425],[-95.3087,71.778],[-95.2593,71.8328],[-95.291,71.8475],[-95.3275,71.8471]]],[[[-95.7663,72.875],[-95.7932,72.8806],[-95.8558,72.8607],[-95.7982,72.8159],[-95.7733,72.8061],[-95.7323,72.8077],[-95.7118,72.834],[-95.7335,72.8585],[-95.7663,72.875]]],[[[-96.9177,72.7378],[-96.8453,72.7401],[-96.7725,72.7239],[-96.74,72.7284],[-96.6509,72.7788],[-96.6483,72.8009],[-96.726,72.834],[-96.6888,72.8744],[-96.6918,72.8886],[-96.7594,72.8962],[-96.8514,72.8598],[-96.9145,72.8423],[-96.9382,72.8266],[-96.923,72.804],[-96.9481,72.7907],[-97.014,72.7788],[-96.9506,72.7413],[-96.9177,72.7378]]],[[[-97.072,73.1381],[-97.1356,73.0952],[-97.1443,73.0764],[-97.1003,72.992],[-97.0587,72.9642],[-96.973,72.9296],[-96.9342,72.9245],[-96.7838,72.9307],[-96.7101,72.9417],[-96.6551,72.9636],[-96.6229,73.0047],[-96.5683,73.0525],[-96.579,73.0834],[-96.6426,73.1255],[-96.6509,73.1418],[-96.7311,73.1126],[-96.7706,73.1234],[-96.726,73.1623],[-96.7483,73.178],[-96.8092,73.1921],[-96.9038,73.1896],[-96.9713,73.1691],[-97.0438,73.1556],[-97.072,73.1381]]],[[[-108.0876,73.5906],[-108.0262,73.5534],[-107.994,73.5466],[-107.7315,73.5626],[-107.6761,73.5742],[-107.6281,73.5738],[-107.5799,73.6005],[-107.6762,73.6254],[-107.8489,73.6334],[-108.014,73.6224],[-108.0876,73.5906]]],[[[-104.6809,73.6298],[-104.8246,73.6382],[-104.8649,73.6707],[-104.9836,73.6967],[-105.077,73.7388],[-105.1671,73.7567],[-105.3814,73.7707],[-105.5766,73.7618],[-105.7201,73.7355],[-106.5996,73.7106],[-106.6715,73.6905],[-106.737,73.6562],[-106.8272,73.5876],[-106.9017,73.5581],[-106.9618,73.5461],[-107.0226,73.5056],[-107.0393,73.4844],[-106.9888,73.4704],[-106.7904,73.468],[-106.7075,73.4482],[-106.619,73.4199],[-106.5088,73.4141],[-106.4565,73.4025],[-106.4252,73.3782],[-106.3682,73.369],[-106.3466,73.3473],[-106.1207,73.2927],[-106.1958,73.2858],[-106.1586,73.2614],[-106.094,73.2453],[-106.0456,73.2238],[-106.0456,73.2108],[-106.1077,73.1971],[-105.9494,73.1623],[-105.8942,73.1623],[-105.9159,73.1418],[-105.8634,73.1173],[-105.8265,73.1113],[-105.7288,73.0458],[-105.4857,72.9558],[-105.4603,72.9341],[-105.4469,72.9044],[-105.3815,72.8886],[-105.3877,72.8675],[-105.3343,72.8756],[-105.2983,72.8532],[-105.2034,72.8675],[-105.2778,72.8886],[-105.3331,72.916],[-105.3045,72.9324],[-105.3597,72.9501],[-105.3295,72.9599],[-105.2306,72.9364],[-105.2025,72.9445],[-105.1205,72.988],[-105.0158,73.0139],[-104.9813,73.0357],[-104.9904,73.0798],[-104.9249,73.1058],[-104.8378,73.1549],[-104.7618,73.173],[-104.7366,73.1896],[-104.7601,73.2004],[-104.7498,73.2175],[-104.6737,73.273],[-104.5932,73.3132],[-104.5727,73.3322],[-104.5863,73.3852],[-104.557,73.4129],[-104.5555,73.4328],[-104.5795,73.4497],[-104.5184,73.4929],[-104.5174,73.5124],[-104.4896,73.5323],[-104.5008,73.5672],[-104.5598,73.5952],[-104.6809,73.6298]]],[[[-80.9034,73.6074],[-80.8811,73.5898],[-80.8561,73.5449],[-80.7799,73.5049],[-80.7163,73.4936],[-80.7167,73.4789],[-80.8193,73.4907],[-80.8783,73.446],[-80.8721,73.3939],[-80.896,73.3815],[-80.8481,73.361],[-80.8717,73.3384],[-80.8601,73.319],[-80.7713,73.2791],[-80.7109,73.279],[-80.5533,73.2579],[-80.4416,73.2575],[-80.3675,73.2397],[-80.2725,73.2528],[-80.1638,73.2334],[-80.1176,73.2015],[-80.1182,73.1845],[-80.1802,73.1591],[-80.1662,73.1345],[-80.1225,73.1214],[-80.1761,73.0456],[-80.1218,72.9824],[-80.026,72.9151],[-80.0018,72.8712],[-79.9486,72.8475],[-79.8278,72.8332],[-79.5684,72.7598],[-79.3909,72.7418],[-79.1754,72.7546],[-78.9429,72.7918],[-78.8685,72.8109],[-78.7096,72.8305],[-78.6417,72.8525],[-78.1709,72.8986],[-78.1169,72.8892],[-78.0403,72.8953],[-77.4233,72.8828],[-77.3194,72.8559],[-76.8189,72.8332],[-76.7337,72.8417],[-76.6639,72.8268],[-76.319,72.8167],[-76.2204,72.8373],[-76.1251,72.847],[-76.0856,72.8675],[-76.0985,72.8892],[-76.0583,72.9017],[-76.1173,72.9417],[-76.2662,72.9443],[-76.3326,72.9705],[-76.2637,72.9985],[-76.3252,73.0327],[-76.2774,73.0525],[-76.319,73.06],[-76.3049,73.0727],[-76.2433,73.0935],[-76.2716,73.1021],[-76.3881,73.1093],[-76.5215,73.1292],[-76.6134,73.1672],[-76.6343,73.1698],[-76.5865,73.2045],[-76.5836,73.2192],[-76.62,73.238],[-76.7274,73.2778],[-76.7504,73.2989],[-76.702,73.3063],[-76.7144,73.3225],[-76.7572,73.3206],[-76.8497,73.3337],[-76.9043,73.325],[-77.0399,73.3588],[-77.0663,73.3815],[-77.0316,73.4025],[-77.0981,73.4293],[-77.1619,73.464],[-77.1483,73.4777],[-77.2135,73.5108],[-77.3208,73.5147],[-77.4281,73.5596],[-77.8635,73.6096],[-77.9997,73.6437],[-78.066,73.652],[-78.1385,73.6689],[-78.7654,73.6553],[-78.8463,73.6663],[-78.9087,73.6575],[-78.9743,73.6353],[-79.4503,73.6353],[-79.6034,73.6661],[-79.6461,73.6801],[-79.95,73.7104],[-80.0225,73.7341],[-80.0462,73.7315],[-80.0795,73.7023],[-80.1256,73.6979],[-80.3342,73.7589],[-80.4462,73.7735],[-80.5602,73.7725],[-80.67,73.7589],[-80.8618,73.7514],[-80.8058,73.7204],[-80.8026,73.6707],[-80.8393,73.6238],[-80.9034,73.6074]]],[[[-96.3213,72.4669],[-96.3347,72.4982],[-96.3902,72.5454],[-96.4386,72.5386],[-96.4038,72.5659],[-96.4487,72.5964],[-96.4523,72.6422],[-96.5888,72.6968],[-96.5137,72.7241],[-96.5376,72.752],[-96.6161,72.752],[-96.6028,72.7375],[-96.6591,72.714],[-96.7105,72.7148],[-96.932,72.6757],[-97.0686,72.6142],[-97.1594,72.6074],[-97.1939,72.6151],[-97.171,72.6484],[-97.1853,72.6689],[-97.1129,72.6999],[-97.031,72.7241],[-97.0349,72.7413],[-97.0777,72.7773],[-97.1095,72.7856],[-97.1649,72.7851],[-97.1772,72.8112],[-97.2194,72.8402],[-97.2663,72.8544],[-97.4186,72.8607],[-97.4186,72.8675],[-97.2911,72.875],[-97.2627,72.8885],[-97.2507,72.935],[-97.2262,72.9364],[-97.256,72.9621],[-97.6607,73.0367],[-97.8368,73.0414],[-97.8744,73.0478],[-97.9852,73.0441],[-98.0548,73.0263],[-98.0902,73.0327],[-98.1267,73.0128],[-98.223,72.9924],[-98.2677,72.9774],[-98.3155,72.9438],[-98.3841,72.9122],[-98.4038,72.8962],[-98.4176,72.861],[-98.4527,72.8849],[-98.4492,72.9238],[-98.4316,72.9434],[-98.4732,72.9637],[-98.4479,72.9797],[-98.4554,72.9958],[-98.5148,73.0047],[-98.494,73.0179],[-98.4105,73.0366],[-98.3486,73.0436],[-98.2316,73.0883],[-98.1893,73.1168],[-97.869,73.2363],[-97.8283,73.2783],[-97.7333,73.3063],[-97.6579,73.3124],[-97.6651,73.3206],[-97.5891,73.3201],[-97.2951,73.3664],[-97.2656,73.3674],[-97.223,73.351],[-97.1727,73.359],[-97.1778,73.3747],[-97.1505,73.3951],[-97.1838,73.4214],[-97.2541,73.4361],[-97.1648,73.4497],[-97.1832,73.4724],[-97.2202,73.4775],[-97.348,73.4696],[-97.445,73.5026],[-97.5517,73.468],[-97.5998,73.4572],[-97.6322,73.4604],[-97.6683,73.4863],[-97.6311,73.526],[-97.6439,73.5397],[-97.5919,73.5427],[-97.4846,73.5211],[-97.4317,73.5323],[-97.4555,73.5645],[-97.4486,73.5852],[-97.4248,73.5847],[-97.2777,73.5548],[-97.22,73.556],[-97.1778,73.5739],[-97.172,73.5893],[-96.9947,73.6259],[-96.9696,73.6408],[-96.973,73.6627],[-96.9382,73.6868],[-96.9564,73.7373],[-97.0688,73.7705],[-97.1614,73.8347],[-97.2604,73.8612],[-97.4612,73.8652],[-97.5705,73.8937],[-97.6134,73.8955],[-97.6992,73.8823],[-97.8038,73.8594],[-97.8358,73.8681],[-97.7333,73.909],[-97.7739,73.9189],[-97.9046,73.9022],[-97.9769,73.8486],[-98.0461,73.8371],[-98.0965,73.8183],[-98.5349,73.7941],[-98.6031,73.7806],[-98.6792,73.7774],[-98.7474,73.7649],[-98.796,73.7377],[-98.8386,73.7617],[-98.9147,73.764],[-99.0542,73.7514],[-99.1286,73.7518],[-99.1485,73.7414],[-99.1634,73.6954],[-99.1912,73.6903],[-99.2478,73.6967],[-99.2096,73.7193],[-99.2184,73.7394],[-99.355,73.7769],[-99.3931,73.7995],[-99.4464,73.7998],[-99.5147,73.8339],[-99.7013,73.8476],[-99.7731,73.8768],[-99.789,73.8681],[-99.8375,73.9022],[-99.8027,73.937],[-100.0013,73.95],[-100.1155,73.9401],[-100.1542,73.9264],[-100.2142,73.9199],[-100.2787,73.8896],[-100.303,73.8612],[-100.2477,73.855],[-100.262,73.8414],[-100.086,73.8318],[-100.0293,73.8414],[-99.9541,73.8795],[-99.9144,73.8883],[-99.8785,73.8681],[-99.8888,73.8954],[-99.8461,73.8883],[-99.8611,73.8445],[-99.9678,73.814],[-99.9698,73.8008],[-100.0293,73.7656],[-100.0233,73.7378],[-100.0699,73.773],[-100.1727,73.8],[-100.3027,73.8095],[-100.4149,73.8437],[-100.6414,73.8543],[-100.6722,73.8474],[-100.7228,73.8174],[-100.7583,73.8144],[-100.8858,73.8321],[-100.8858,73.814],[-100.9682,73.8125],[-101.0049,73.8024],[-101.0292,73.7787],[-100.9814,73.7725],[-101.0119,73.7541],[-101.095,73.7425],[-101.1186,73.7241],[-101.0636,73.7315],[-101.0162,73.7104],[-101.046,73.708],[-101.0479,73.6826],[-101.0162,73.6763],[-100.9371,73.6763],[-100.8579,73.6689],[-100.8773,73.6427],[-100.9131,73.6353],[-100.8747,73.6186],[-100.7607,73.605],[-100.6915,73.6244],[-100.6478,73.6007],[-100.5494,73.6005],[-100.5492,73.5591],[-100.6031,73.5178],[-100.5892,73.4838],[-100.4826,73.4583],[-100.4393,73.4395],[-100.4203,73.4193],[-100.44,73.4081],[-100.5177,73.4232],[-100.5577,73.4536],[-100.6543,73.4615],[-100.694,73.4777],[-100.7213,73.5124],[-100.7691,73.5459],[-100.8448,73.567],[-100.8852,73.5939],[-100.9186,73.603],[-100.978,73.5944],[-101.2298,73.6061],[-101.2551,73.5906],[-101.2694,73.56],[-101.3035,73.5522],[-101.3786,73.5596],[-101.4559,73.5478],[-101.5506,73.4914],[-101.6256,73.4914],[-101.5828,73.4787],[-101.5506,73.4572],[-101.5632,73.4495],[-101.4851,73.4435],[-101.4305,73.4156],[-101.3498,73.4124],[-101.3148,73.4005],[-101.3178,73.3747],[-101.289,73.3601],[-101.0668,73.325],[-101.0292,73.3262],[-101.0316,73.3024],[-100.974,73.282],[-100.8579,73.2628],[-100.6581,73.2811],[-100.4776,73.3233],[-100.3371,73.3262],[-100.3887,73.3405],[-100.406,73.3678],[-100.3787,73.3815],[-100.3835,73.4001],[-100.3439,73.3951],[-100.262,73.3529],[-100.2068,73.3337],[-100.1596,73.2927],[-100.0536,73.2452],[-99.9981,73.2356],[-99.926,73.2138],[-99.8189,73.218],[-99.7686,73.2108],[-99.8111,73.1951],[-99.994,73.1901],[-100.0387,73.1937],[-100.1385,73.2238],[-100.1044,73.2443],[-100.1803,73.238],[-100.2131,73.2459],[-100.2737,73.2803],[-100.3082,73.2841],[-100.3415,73.2732],[-100.3813,73.2904],[-100.4538,73.2579],[-100.447,73.2443],[-100.5563,73.2313],[-100.4674,73.2033],[-100.5648,73.1831],[-100.6115,73.1481],[-100.5458,73.1308],[-100.5193,73.116],[-100.5295,73.0935],[-100.4584,73.0862],[-100.4404,73.1024],[-100.3636,73.1339],[-100.3149,73.1418],[-100.2279,73.1344],[-100.2961,73.1214],[-100.262,73.1146],[-100.3235,73.1009],[-100.2892,73.0922],[-100.2078,73.0981],[-100.1732,73.0798],[-100.2279,73.0525],[-100.2039,73.0463],[-100.1533,73.0526],[-100.1522,73.0327],[-100.1112,73.0327],[-100.128,73.0154],[-100.1112,72.9985],[-100.1693,73.0038],[-100.1801,72.991],[-100.0497,72.9637],[-100.0355,72.9364],[-100.0884,72.919],[-100.0718,72.8886],[-100.1353,72.8962],[-100.2005,72.8812],[-100.3048,72.875],[-100.327,72.8843],[-100.3297,72.9084],[-100.265,72.9228],[-100.2688,72.96],[-100.3063,72.9506],[-100.2825,72.9364],[-100.3433,72.9429],[-100.3985,72.9637],[-100.4147,72.9875],[-100.3791,73.0112],[-100.3104,73.0327],[-100.3616,73.0499],[-100.3834,73.0277],[-100.422,73.0363],[-100.4674,73.019],[-100.447,73.0047],[-100.5023,72.9637],[-100.4852,72.9538],[-100.4183,72.956],[-100.3924,72.9501],[-100.447,72.9221],[-100.3966,72.9028],[-100.4203,72.875],[-100.3334,72.8502],[-100.3166,72.8061],[-100.3292,72.7869],[-100.4483,72.7381],[-100.4818,72.752],[-100.591,72.7587],[-100.7558,72.7504],[-100.8579,72.7582],[-100.8722,72.7378],[-100.8101,72.7241],[-100.8746,72.6962],[-100.9472,72.6894],[-101.0035,72.7037],[-101.0722,72.6931],[-101.1344,72.7116],[-101.2962,72.7186],[-101.3336,72.7248],[-101.3989,72.7502],[-101.3687,72.7582],[-101.3111,72.7477],[-101.2768,72.7788],[-101.317,72.8009],[-101.365,72.8061],[-101.324,72.7856],[-101.3551,72.7785],[-101.3973,72.7834],[-101.4686,72.8061],[-101.4635,72.8308],[-101.5363,72.8886],[-101.5984,72.9084],[-101.5679,72.9273],[-101.6178,72.9121],[-101.6287,72.8923],[-101.7392,72.9277],[-101.8175,72.9705],[-101.8012,72.9769],[-101.7349,72.9705],[-101.7895,72.9848],[-101.7628,73.019],[-101.8448,73.019],[-101.8855,73.0292],[-101.9062,73.06],[-101.9629,73.0537],[-101.9813,73.0661],[-101.9478,73.0935],[-102.0462,73.0803],[-102.1143,73.0888],[-102.206,73.0787],[-102.2829,73.0872],[-102.2693,73.0729],[-102.2976,73.0653],[-102.3617,73.0705],[-102.3519,73.06],[-102.3926,73.0475],[-102.4848,73.0412],[-102.5679,72.9948],[-102.5955,72.9535],[-102.602,72.9122],[-102.6693,72.8607],[-102.732,72.832],[-102.756,72.8123],[-102.7503,72.7639],[-102.715,72.752],[-102.7423,72.7304],[-102.688,72.705],[-102.6142,72.6613],[-102.4133,72.6007],[-102.3812,72.5776],[-102.3419,72.5795],[-102.1642,72.529],[-102.1393,72.5411],[-102.0653,72.5124],[-101.9665,72.4971],[-101.9062,72.4703],[-101.9615,72.4703],[-101.9062,72.4225],[-101.9198,72.4082],[-101.8397,72.4144],[-101.7943,72.4121],[-101.7765,72.3952],[-101.8663,72.3996],[-101.8932,72.3672],[-101.8401,72.3265],[-101.782,72.3088],[-101.7176,72.3114],[-101.6958,72.2919],[-101.6325,72.3126],[-101.5291,72.2961],[-101.4686,72.268],[-101.4764,72.2531],[-101.4486,72.2421],[-101.3998,72.2512],[-101.4032,72.2793],[-101.3562,72.3057],[-101.2933,72.3254],[-101.229,72.3354],[-101.2008,72.3297],[-101.167,72.3057],[-101.1345,72.2956],[-101.0658,72.2888],[-101.036,72.2779],[-101.0838,72.2642],[-101.023,72.2512],[-101.0571,72.2369],[-101.0292,72.2034],[-100.9806,72.179],[-100.9516,72.1787],[-100.9267,72.2034],[-100.8963,72.2093],[-100.8613,72.196],[-100.7991,72.2113],[-100.6365,72.1865],[-100.5636,72.1413],[-100.4879,72.1276],[-100.5152,72.1208],[-100.4984,72.0967],[-100.4441,72.1001],[-100.4203,72.0935],[-100.447,72.0588],[-100.3535,72.0244],[-100.2757,71.9666],[-100.1876,71.9424],[-100.1439,71.9249],[-100.1186,71.8942],[-100.0355,71.8676],[-99.8644,71.8594],[-99.8471,71.8502],[-99.8287,71.8121],[-99.7817,71.7878],[-99.7073,71.7733],[-99.673,71.7435],[-99.6661,71.7196],[-99.632,71.7099],[-99.6047,71.6684],[-99.5995,71.6418],[-99.5617,71.6201],[-99.5128,71.6054],[-99.3852,71.5858],[-99.3745,71.5613],[-99.4123,71.5455],[-99.3161,71.4765],[-99.3236,71.4606],[-99.282,71.4014],[-99.2512,71.3837],[-99.2351,71.3496],[-99.119,71.3498],[-99.0209,71.3841],[-98.994,71.3872],[-98.9463,71.3739],[-98.8276,71.3005],[-98.785,71.2836],[-98.7179,71.2717],[-98.6923,71.2779],[-98.6998,71.2922],[-98.6636,71.2989],[-98.5415,71.2922],[-98.4415,71.335],[-98.4111,71.3393],[-98.3155,71.3872],[-98.2152,71.4094],[-98.1306,71.4659],[-98.0982,71.4947],[-98.0418,71.5312],[-98.1344,71.5437],[-98.1784,71.5864],[-98.2336,71.5932],[-98.2976,71.6174],[-98.3072,71.6411],[-98.3754,71.6524],[-98.4111,71.6963],[-98.4156,71.7142],[-98.5005,71.723],[-98.48,71.7672],[-98.4384,71.8036],[-98.3231,71.8663],[-98.2603,71.8676],[-98.295,71.9017],[-98.2547,71.9079],[-98.2152,71.8938],[-98.2213,71.8728],[-98.3186,71.8118],[-98.3365,71.7899],[-98.3593,71.7344],[-98.3361,71.7131],[-98.2528,71.67],[-98.2198,71.6586],[-98.1449,71.6479],[-98.1004,71.6478],[-97.9698,71.6615],[-97.9057,71.65],[-97.7638,71.6459],[-97.6853,71.6184],[-97.4612,71.6174],[-97.3016,71.657],[-97.2119,71.6665],[-97.0829,71.7031],[-97.0798,71.718],[-97.014,71.7578],[-96.9616,71.8068],[-96.9352,71.8123],[-96.8294,71.8131],[-96.7396,71.8524],[-96.7086,71.8546],[-96.6776,71.8397],[-96.7384,71.8286],[-96.7377,71.7991],[-96.6239,71.8098],[-96.5597,71.8398],[-96.4932,71.9154],[-96.5189,71.9371],[-96.6146,71.9279],[-96.7174,71.9044],[-96.7669,71.9223],[-96.6999,71.9465],[-96.6395,71.961],[-96.5751,71.9495],[-96.5408,71.9545],[-96.515,71.971],[-96.4932,72.028],[-96.5158,72.0422],[-96.6645,72.0178],[-96.7772,72.0389],[-96.8443,72.0383],[-96.8693,72.0451],[-96.5284,72.0816],[-96.5,72.0935],[-96.4848,72.1285],[-96.5266,72.197],[-96.5342,72.2443],[-96.5741,72.2383],[-96.6161,72.2512],[-96.5547,72.2642],[-96.5819,72.2853],[-96.6066,72.2724],[-96.6459,72.2777],[-96.7185,72.2995],[-96.8417,72.3129],[-96.8768,72.3263],[-96.7402,72.3263],[-96.6644,72.3183],[-96.5205,72.3542],[-96.5052,72.3657],[-96.4411,72.3773],[-96.4076,72.4052],[-96.3393,72.4122],[-96.3036,72.4267],[-96.3213,72.4669]]],[[[-99.2474,73.855],[-98.876,73.8569],[-98.844,73.8522],[-98.8262,73.8321],[-99.1454,73.841],[-99.1721,73.8339],[-99.1434,73.8216],[-98.9513,73.8071],[-98.897,73.8187],[-98.836,73.8218],[-98.7632,73.8166],[-98.7202,73.8271],[-98.7485,73.8364],[-98.7184,73.8652],[-98.6514,73.8345],[-98.1434,73.8784],[-98.0744,73.8989],[-98.0517,73.9218],[-97.9934,73.9432],[-97.9002,73.9556],[-97.8085,73.9779],[-97.6929,74.0329],[-97.6432,74.0722],[-97.6576,74.1014],[-97.7252,74.1216],[-98.173,74.0977],[-98.5292,74.0334],[-98.7525,74.0336],[-98.8426,74.0074],[-98.9828,73.9959],[-99.0219,73.9848],[-98.9735,73.9575],[-98.9993,73.9505],[-99.097,73.9575],[-99.3897,73.9237],[-99.4403,73.909],[-99.4114,73.8827],[-99.3551,73.8662],[-99.2474,73.855]]],[[[-90.291,73.9233],[-90.3326,73.9302],[-90.3497,73.9158],[-90.6359,73.9525],[-90.9939,74.0059],[-91.3705,74.0153],[-91.5724,74.0331],[-91.7758,74.0165],[-91.8145,74.0288],[-92.0181,74.002],[-92.059,73.9922],[-92.0976,73.9945],[-92.1309,73.9508],[-92.334,73.9432],[-92.2713,73.9922],[-92.319,74.0244],[-92.373,74.0479],[-92.4302,74.0624],[-92.5171,74.0701],[-92.6428,74.103],[-92.7471,74.0851],[-92.7511,74.1083],[-92.8,74.1318],[-93.0176,74.1415],[-93.2726,74.178],[-93.4613,74.178],[-93.6676,74.1728],[-93.7298,74.1608],[-93.7659,74.1356],[-93.7501,74.0946],[-93.7249,74.0878],[-93.7572,74.0771],[-93.8265,74.088],[-93.883,74.1291],[-93.919,74.1401],[-94.3739,74.1323],[-94.4369,74.1014],[-94.4623,74.0976],[-94.6529,74.094],[-94.7206,74.1014],[-94.8166,74.0668],[-94.8594,74.0568],[-94.9467,74.0477],[-95.0416,74.0268],[-95.2486,74.0099],[-95.2934,73.9922],[-95.3275,73.9467],[-95.3309,73.9175],[-95.3176,73.892],[-95.2471,73.8586],[-95.2009,73.8493],[-95.1554,73.8273],[-95.1295,73.8271],[-95.109,73.8476],[-95.0476,73.8612],[-94.9576,73.8414],[-94.9576,73.8339],[-95.1159,73.814],[-95.0743,73.7783],[-95.0177,73.7606],[-94.9868,73.7418],[-94.9105,73.7104],[-94.8402,73.6916],[-94.6848,73.685],[-94.6224,73.6557],[-94.8037,73.6489],[-95.0214,73.6706],[-95.0881,73.6908],[-95.2459,73.7597],[-95.3082,73.7676],[-95.3539,73.7519],[-95.3794,73.769],[-95.4464,73.7741],[-95.582,73.7377],[-95.6623,73.7309],[-95.6844,73.7172],[-95.6565,73.7042],[-95.7192,73.6906],[-95.6846,73.6679],[-95.7254,73.6415],[-95.6423,73.6303],[-95.5555,73.5937],[-95.5537,73.5748],[-95.6129,73.5964],[-95.6702,73.5869],[-95.6435,73.567],[-95.7049,73.5596],[-95.6359,73.5281],[-95.6565,73.5124],[-95.6292,73.5049],[-95.6748,73.4821],[-95.6852,73.4632],[-95.6443,73.4055],[-95.6019,73.3889],[-95.6155,73.3473],[-95.6414,73.3227],[-95.5917,73.3026],[-95.5898,73.2467],[-95.5609,73.238],[-95.5885,73.2302],[-95.582,73.1623],[-95.5461,73.1564],[-95.5133,73.1337],[-95.5319,73.1264],[-95.6009,73.1307],[-95.6516,73.1186],[-95.6913,73.0872],[-95.6488,73.0574],[-95.6647,73.0226],[-95.7192,73.0115],[-95.7174,72.9971],[-95.6749,72.9828],[-95.6514,72.9464],[-95.623,72.9296],[-95.663,72.8849],[-95.6776,72.8232],[-95.6689,72.8022],[-95.6219,72.7864],[-95.5636,72.7863],[-95.5746,72.7713],[-95.5301,72.7438],[-95.5904,72.7434],[-95.5927,72.6994],[-95.5467,72.6896],[-95.4517,72.6832],[-95.4365,72.6571],[-95.3828,72.6484],[-95.3139,72.6075],[-95.3486,72.5938],[-95.3139,72.5454],[-95.2366,72.5373],[-95.1981,72.5229],[-95.1847,72.4925],[-95.1357,72.4634],[-95.1985,72.4566],[-95.1432,72.4362],[-95.2186,72.4442],[-95.2353,72.4395],[-95.2115,72.3952],[-95.1637,72.3542],[-95.1767,72.3092],[-95.1705,72.2887],[-95.1878,72.275],[-95.2115,72.217],[-95.2118,72.1967],[-95.1614,72.1607],[-95.1767,72.155],[-95.113,72.139],[-94.8407,72.1664],[-94.7904,72.1599],[-95.0792,72.1302],[-95.1295,72.114],[-95.1877,72.116],[-95.1939,72.0999],[-95.0886,72.1003],[-95.1502,72.0759],[-95.1871,72.069],[-95.1942,72.0292],[-95.2115,71.9942],[-95.109,71.998],[-95.109,71.9905],[-95.1728,71.9733],[-95.1453,71.9659],[-94.7495,72.0153],[-94.619,72.0151],[-94.5783,72.0195],[-94.345,72.0256],[-94.2913,72.0029],[-94.1904,72.0041],[-94.0883,71.9794],[-94.0601,71.9836],[-94.0675,71.998],[-94.0328,72.0041],[-94.0738,72.0246],[-94.0266,72.0656],[-94.0568,72.0626],[-94.129,72.0246],[-94.2065,72.0233],[-94.2339,72.0324],[-94.2184,72.0526],[-94.0878,72.0635],[-94.0465,72.1003],[-94.0266,72.155],[-93.9432,72.2096],[-93.9266,72.2382],[-93.8665,72.272],[-93.811,72.3163],[-93.6849,72.335],[-93.5981,72.3725],[-93.5492,72.4255],[-93.4921,72.4335],[-93.4642,72.4634],[-93.5006,72.516],[-93.5603,72.566],[-93.6622,72.6142],[-93.7836,72.6301],[-93.8236,72.6585],[-93.7932,72.6931],[-93.7965,72.7279],[-93.8128,72.7417],[-93.8758,72.7099],[-94.0195,72.7125],[-94.1859,72.7368],[-94.2272,72.737],[-94.3143,72.7166],[-94.3331,72.7455],[-94.3208,72.7651],[-94.2866,72.7803],[-94.2418,72.7812],[-94.1557,72.7713],[-93.5987,72.7847],[-93.5032,72.7978],[-93.4032,72.7943],[-93.318,72.8173],[-93.2793,72.8123],[-93.2318,72.7882],[-93.1145,72.7856],[-93.0482,72.7692],[-92.6287,72.7404],[-92.5832,72.7263],[-92.4672,72.7219],[-92.3849,72.7099],[-92.1689,72.7304],[-92.073,72.7552],[-92.0118,72.7986],[-91.8577,72.848],[-91.7716,72.9229],[-91.6595,72.9792],[-91.6456,73.0224],[-91.4973,73.1009],[-91.4737,73.1344],[-91.3763,73.2032],[-91.3773,73.2134],[-91.6339,73.2313],[-91.5956,73.2436],[-91.4613,73.2443],[-91.3791,73.2581],[-91.3043,73.2559],[-91.2577,73.2722],[-91.1758,73.3542],[-91.1041,73.3773],[-91.0756,73.4077],[-91.0399,73.4238],[-91.0326,73.4442],[-90.9351,73.484],[-90.9213,73.4981],[-90.996,73.5512],[-90.9834,73.5596],[-90.939,73.5459],[-90.8459,73.5459],[-90.7864,73.5568],[-90.6339,73.6415],[-90.5884,73.6578],[-90.5107,73.6979],[-90.4759,73.7304],[-90.4434,73.7453],[-90.3732,73.7924],[-90.3616,73.8269],[-90.3875,73.8476],[-90.3419,73.8743],[-90.313,73.871],[-90.2912,73.8476],[-90.239,73.8585],[-90.1957,73.9022],[-90.291,73.9233]]],[[[-97.7368,74.4714],[-97.6787,74.4571],[-97.6362,74.4599],[-97.4863,74.5062],[-97.3771,74.5124],[-97.291,74.564],[-97.2604,74.598],[-97.3702,74.6291],[-97.4584,74.6306],[-97.503,74.623],[-97.542,74.5896],[-97.6181,74.574],[-97.6347,74.5466],[-97.7572,74.5198],[-97.7948,74.4919],[-97.7368,74.4714]]],[[[-95.3623,74.5908],[-95.4236,74.6155],[-95.4926,74.6334],[-95.5632,74.6429],[-95.6566,74.6411],[-95.7122,74.632],[-95.7521,74.6145],[-95.7328,74.5875],[-95.7956,74.5987],[-95.87,74.5812],[-95.8419,74.5649],[-95.7767,74.5532],[-95.7176,74.5325],[-95.3496,74.4959],[-95.3139,74.498],[-95.2556,74.5188],[-95.2668,74.5436],[-95.3623,74.5908]]],[[[-103.6384,75.1995],[-103.6671,75.218],[-103.7469,75.2392],[-103.7452,75.2879],[-103.8114,75.337],[-103.8205,75.3667],[-103.8937,75.3757],[-103.9688,75.4099],[-104.0724,75.4167],[-104.1309,75.4356],[-104.4032,75.4326],[-104.4818,75.4149],[-104.6769,75.346],[-104.7229,75.3143],[-104.7284,75.2958],[-104.7707,75.287],[-104.7311,75.2685],[-104.6888,75.2665],[-104.744,75.2522],[-104.8144,75.1823],[-104.9093,75.1584],[-104.9296,75.1411],[-104.9065,75.1241],[-104.7886,75.0981],[-104.7056,75.069],[-104.5959,75.0495],[-104.4693,75.0351],[-104.3393,75.0325],[-104.2295,75.0189],[-104.1636,75.0373],[-103.8673,75.0644],[-103.7627,75.0906],[-103.6422,75.1357],[-103.5858,75.1772],[-103.6384,75.1995]]],[[[-93.4369,74.9443],[-93.431,74.9675],[-93.4488,74.9879],[-93.522,75.0388],[-93.5529,75.0468],[-93.6221,75.0344],[-93.6424,75.0399],[-93.6078,75.0553],[-93.4916,75.074],[-93.512,75.0952],[-93.467,75.1199],[-93.4847,75.1532],[-93.5803,75.205],[-93.5228,75.2309],[-93.4994,75.268],[-93.6678,75.3027],[-93.8,75.3074],[-93.8,75.3143],[-93.7222,75.3134],[-93.6492,75.3279],[-93.6765,75.362],[-93.7861,75.3744],[-93.8888,75.4167],[-93.9874,75.4393],[-94.0515,75.4742],[-94.3939,75.6042],[-94.8995,75.6447],[-94.9818,75.6227],[-95.0607,75.6227],[-95.1512,75.5932],[-95.2325,75.5939],[-95.2847,75.6037],[-95.34,75.5873],[-95.3734,75.555],[-95.4493,75.5726],[-95.5211,75.5546],[-95.5906,75.5489],[-95.7915,75.501],[-95.8421,75.4651],[-95.8002,75.4362],[-95.7136,75.4282],[-95.6795,75.4135],[-95.7049,75.403],[-95.7792,75.3964],[-95.8646,75.4047],[-95.8626,75.4167],[-95.9054,75.4343],[-95.9861,75.4382],[-96.0099,75.4178],[-96.0333,75.4241],[-96.1142,75.4195],[-96.1555,75.408],[-96.1779,75.3825],[-96.13,75.3786],[-96.0817,75.3893],[-96.0817,75.403],[-96.0389,75.4048],[-95.78,75.3825],[-95.803,75.3701],[-95.9377,75.3485],[-95.8899,75.3689],[-95.9205,75.3896],[-95.9618,75.3762],[-96.027,75.3279],[-96.1328,75.3087],[-96.1711,75.3074],[-96.1711,75.287],[-95.9337,75.3029],[-95.9036,75.2932],[-95.9449,75.2837],[-96.0334,75.2819],[-96.0896,75.2685],[-96.0714,75.2522],[-96.0077,75.2595],[-95.9861,75.2522],[-96.0784,75.2368],[-96.1322,75.2453],[-96.3541,75.2247],[-96.4038,75.2112],[-96.3697,75.1976],[-96.388,75.18],[-96.438,75.1959],[-96.4693,75.1944],[-96.477,75.1701],[-96.5298,75.1233],[-96.5819,75.0952],[-96.5751,75.0815],[-96.6046,75.0648],[-96.5888,75.0325],[-96.6161,74.9915],[-96.5898,74.9848],[-96.5198,75.0058],[-96.3494,75.0087],[-96.3295,75.0041],[-96.3317,74.9783],[-96.3976,74.9853],[-96.3876,74.9186],[-96.3485,74.91],[-96.2313,74.9143],[-96.2058,74.9307],[-96.1962,74.9638],[-96.1505,74.9853],[-96.1505,75.0189],[-96.0646,75.0236],[-96.0544,75.0126],[-96.105,74.9918],[-96.1431,74.958],[-96.109,74.958],[-96.0546,74.9727],[-96.0333,74.9506],[-96.1131,74.9453],[-96.1369,74.9369],[-96.0943,74.9059],[-96.0407,74.8959],[-95.9623,74.8632],[-95.87,74.855],[-95.8976,74.8259],[-95.7391,74.8208],[-95.7189,74.8466],[-95.6764,74.8189],[-95.6324,74.8127],[-95.5149,74.8141],[-95.4921,74.7998],[-95.5466,74.773],[-95.5402,74.7512],[-95.5113,74.7436],[-95.4517,74.7451],[-95.4784,74.7935],[-95.4604,74.8043],[-95.3828,74.8072],[-95.3828,74.7998],[-95.4647,74.7799],[-95.4137,74.7738],[-95.3623,74.7861],[-95.3356,74.8044],[-95.3054,74.8055],[-95.0538,74.7314],[-95.0886,74.6905],[-95.0439,74.678],[-94.9955,74.6768],[-94.921,74.6638],[-94.8712,74.6846],[-94.7901,74.6745],[-94.7733,74.6526],[-94.7242,74.6318],[-94.4512,74.6291],[-94.4246,74.6402],[-94.2862,74.6577],[-94.1952,74.6362],[-93.6077,74.6542],[-93.5331,74.6706],[-93.4893,74.6894],[-93.4574,74.7178],[-93.5041,74.741],[-93.4589,74.75],[-93.4165,74.8407],[-93.409,74.8891],[-93.4369,74.9443]]],[[[-96.5751,75.4377],[-96.5027,75.4616],[-96.5489,75.5049],[-96.541,75.5334],[-96.515,75.5502],[-96.4169,75.5682],[-96.4243,75.5812],[-96.3646,75.576],[-96.366,75.5644],[-96.4154,75.5515],[-96.4086,75.5223],[-96.2947,75.4942],[-96.2057,75.458],[-96.1642,75.4651],[-96.1088,75.4942],[-96.0486,75.5093],[-96.0301,75.5331],[-95.949,75.542],[-95.9104,75.5607],[-95.9361,75.5804],[-96.027,75.6091],[-96.1312,75.6095],[-96.2869,75.6503],[-96.3751,75.66],[-96.4243,75.6358],[-96.4169,75.5948],[-96.4362,75.5878],[-96.5308,75.5812],[-96.6699,75.5545],[-96.7055,75.5682],[-97.0549,75.4992],[-97.014,75.4717],[-97.0344,75.4651],[-96.9792,75.4241],[-96.9474,75.4144],[-96.9596,75.3847],[-96.8693,75.3757],[-96.8727,75.3574],[-96.7812,75.3757],[-96.6567,75.3886],[-96.6229,75.403],[-96.6877,75.4128],[-96.7055,75.4241],[-96.6757,75.4365],[-96.5751,75.4377]]],[[[-102.8733,75.7661],[-102.7969,75.7736],[-102.7877,75.7598],[-102.7286,75.76],[-102.7315,75.7781],[-102.6671,75.7661],[-102.6048,75.7726],[-102.5045,75.7991],[-102.4754,75.8214],[-102.4413,75.8698],[-102.3887,75.8904],[-102.0934,75.9154],[-101.9888,75.9374],[-101.9813,75.9517],[-102.0863,75.9588],[-102.0707,75.9722],[-102.2147,75.9927],[-102.4061,75.969],[-102.4901,75.9693],[-103.0449,75.9062],[-103.1099,75.8863],[-103.1373,75.8511],[-103.0514,75.8344],[-103.1852,75.8371],[-103.2541,75.8297],[-103.3109,75.8071],[-103.2494,75.8071],[-103.2711,75.7924],[-103.3866,75.7661],[-103.3275,75.7509],[-102.8946,75.7509],[-102.8733,75.7661]]],[[[-94.4853,75.9784],[-94.5323,75.998],[-94.5399,75.9892],[-94.6634,75.9654],[-94.8524,75.9532],[-94.9105,75.9374],[-94.8787,75.9035],[-94.8279,75.889],[-94.8345,75.8456],[-94.8234,75.8105],[-94.7934,75.7827],[-94.7438,75.7615],[-94.6578,75.7465],[-94.3165,75.7643],[-94.2946,75.7757],[-94.3192,75.8193],[-94.4232,75.8729],[-94.4512,75.9169],[-94.4575,75.9659],[-94.4853,75.9784]]],[[[-102.5716,75.9927],[-102.3559,76.0131],[-102.3268,76.0228],[-102.328,76.0654],[-102.3519,76.0753],[-102.4438,76.0899],[-103.0297,76.0473],[-103.1395,76.0473],[-103.2068,76.0237],[-103.3189,76.0229],[-103.4979,75.9824],[-103.7255,75.9783],[-103.821,75.948],[-103.9762,75.9443],[-103.9315,75.9272],[-103.889,75.8986],[-103.8015,75.9033],[-103.6916,75.889],[-103.3183,75.9235],[-102.5716,75.9927]]],[[[-78.8954,76.123],[-79.0111,76.1289],[-79.0682,76.1247],[-79.1457,76.0831],[-79.253,76.0587],[-79.2648,76.0336],[-79.3202,76.0161],[-79.4298,75.9988],[-79.5022,75.962],[-79.5679,75.9544],[-79.5937,75.9374],[-79.5831,75.9161],[-79.633,75.8931],[-79.752,75.8828],[-79.7231,75.8624],[-79.6512,75.87],[-79.5725,75.8555],[-79.5937,75.8214],[-79.477,75.8205],[-79.4252,75.7963],[-79.3404,75.8288],[-79.4103,75.8362],[-79.4298,75.8481],[-79.3296,75.8709],[-79.2792,75.8765],[-79.1131,75.8698],[-79.0466,75.8762],[-79.0252,75.8698],[-79.0736,75.8481],[-79.0505,75.8411],[-78.9714,75.8481],[-78.8965,75.8426],[-78.875,75.8555],[-78.9506,75.8796],[-79.0112,75.8858],[-79.1481,75.925],[-79.176,75.958],[-79.1441,75.9803],[-78.8607,76.0473],[-78.7999,76.0849],[-78.8126,76.1],[-78.8954,76.123]]],[[[-81.328,76.1497],[-81.263,76.1608],[-81.2044,76.1845],[-81.2533,76.1954],[-81.3684,76.1896],[-81.4651,76.164],[-81.4361,76.1547],[-81.328,76.1497]]],[[[-103.8114,76.0336],[-103.2432,76.0473],[-102.8376,76.0806],[-102.683,76.117],[-102.6125,76.1435],[-102.6262,76.1572],[-102.5306,76.1572],[-102.5853,76.1845],[-102.5404,76.2197],[-102.5416,76.2314],[-102.6258,76.258],[-102.6536,76.2943],[-102.7266,76.3156],[-103.4469,76.2781],[-103.5254,76.2725],[-103.5896,76.259],[-103.7089,76.2624],[-103.7939,76.2553],[-103.8571,76.2569],[-103.9118,76.2441],[-104.0821,76.2296],[-104.1295,76.2196],[-104.2025,76.2254],[-104.312,76.2124],[-104.3423,76.1831],[-104.416,76.1767],[-104.4659,76.1606],[-104.4769,76.1403],[-104.4109,76.0897],[-104.3677,76.0764],[-104.0786,76.0541],[-104.0654,76.0673],[-103.8732,76.0541],[-103.9443,76.0408],[-103.8114,76.0336]]],[[[-89.3801,76.4451],[-89.4693,76.4658],[-89.4962,76.4787],[-89.5619,76.4735],[-89.6265,76.4514],[-89.5964,76.4437],[-89.4074,76.4379],[-89.3801,76.4451]]],[[[-83.9923,76.4254],[-83.9739,76.4284],[-83.9112,76.4719],[-84.0134,76.5034],[-84.1378,76.5141],[-84.1085,76.4893],[-84.1234,76.4514],[-83.9923,76.4254]]],[[[-104.398,76.4687],[-104.3864,76.4423],[-104.4037,76.4207],[-104.4622,76.3967],[-104.3666,76.3899],[-104.3331,76.3695],[-104.4076,76.3353],[-104.3777,76.3249],[-103.9499,76.3264],[-103.8804,76.317],[-103.3363,76.3317],[-103.0226,76.4156],[-103.0207,76.4501],[-103.0701,76.4646],[-103.2193,76.4709],[-103.2443,76.4786],[-103.2621,76.5089],[-103.3048,76.4997],[-103.3874,76.4966],[-103.5797,76.5268],[-103.5908,76.5467],[-103.5579,76.5681],[-103.678,76.5771],[-103.7673,76.6163],[-103.8253,76.6227],[-103.883,76.5779],[-103.9455,76.5773],[-104.0245,76.5621],[-104.0582,76.5681],[-103.9356,76.622],[-103.9247,76.6401],[-103.9669,76.6617],[-104.0246,76.6705],[-104.3524,76.6633],[-104.652,76.602],[-104.6813,76.6022],[-104.641,76.5817],[-104.6683,76.555],[-104.5884,76.5395],[-104.5721,76.4923],[-104.5255,76.4832],[-104.4639,76.4986],[-104.398,76.4687]]],[[[-97.4249,75.5197],[-97.4064,75.6264],[-97.3725,75.6594],[-97.3775,75.6798],[-97.4249,75.6985],[-97.6032,75.7047],[-97.6719,75.7258],[-97.8973,75.7371],[-97.9394,75.7457],[-97.8981,75.76],[-97.8021,75.7774],[-97.7375,75.7817],[-97.6676,75.8024],[-97.6446,75.8251],[-97.5702,75.8652],[-97.5751,75.8828],[-97.62,75.9139],[-97.6514,75.9517],[-97.6545,75.9821],[-97.6269,75.9932],[-97.5968,76.0336],[-97.5874,76.0798],[-97.5299,76.1173],[-97.5004,76.1573],[-97.5277,76.2104],[-97.5541,76.2255],[-97.7089,76.2708],[-97.7333,76.2869],[-97.7197,76.308],[-97.7886,76.3223],[-97.7527,76.3438],[-97.7331,76.3956],[-97.6684,76.4204],[-97.6648,76.4329],[-97.6992,76.4656],[-97.6651,76.4862],[-97.8063,76.5164],[-98.0758,76.5334],[-98.1368,76.5569],[-98.1859,76.5476],[-98.2283,76.5596],[-98.3679,76.5705],[-98.4049,76.596],[-98.3435,76.596],[-98.2783,76.5817],[-98.151,76.5886],[-98.2275,76.6],[-98.3319,76.6065],[-98.4216,76.6255],[-98.4071,76.6581],[-98.4553,76.6821],[-98.8568,76.6779],[-98.8288,76.6584],[-98.7774,76.6508],[-98.6793,76.6506],[-98.5646,76.6657],[-98.4875,76.6574],[-98.5415,76.6432],[-98.508,76.6369],[-98.5482,76.6155],[-98.6136,76.6105],[-98.7339,76.6164],[-98.7267,76.5902],[-98.7799,76.5897],[-98.7816,76.6096],[-98.8341,76.6226],[-98.9047,76.6244],[-98.9755,76.6169],[-99.0287,76.6022],[-99.015,76.5886],[-99.056,76.5817],[-99.0376,76.5624],[-99.056,76.5407],[-98.994,76.5334],[-98.9729,76.5102],[-98.9059,76.4926],[-98.8568,76.4656],[-98.8915,76.4514],[-98.8506,76.4377],[-98.9042,76.4359],[-98.953,76.4514],[-98.9792,76.4728],[-99.0471,76.4554],[-99.1227,76.4649],[-99.1385,76.4551],[-99.0703,76.4042],[-99.1588,76.4157],[-99.241,76.4482],[-99.2573,76.4689],[-99.2218,76.4832],[-99.1385,76.4997],[-99.1637,76.5135],[-99.2615,76.5141],[-99.2911,76.5034],[-99.523,76.5909],[-99.6866,76.6022],[-99.5801,76.6011],[-99.5495,76.6096],[-99.59,76.6286],[-99.6409,76.6374],[-99.7413,76.6369],[-99.8513,76.6099],[-100.2696,76.6496],[-100.4252,76.6292],[-100.5789,76.5884],[-100.6531,76.5817],[-100.7281,76.5612],[-100.7003,76.5407],[-100.7316,76.532],[-100.9882,76.5066],[-100.963,76.4803],[-100.6753,76.381],[-100.3214,76.389],[-100.2477,76.3695],[-100.1385,76.3831],[-100.1801,76.3632],[-100.0634,76.3284],[-99.958,76.33],[-99.9269,76.3223],[-100.0218,76.308],[-99.9966,76.2988],[-99.8437,76.2869],[-99.897,76.2769],[-100.0631,76.2869],[-100.1781,76.3176],[-100.2142,76.308],[-100.1249,76.2943],[-100.0771,76.2733],[-100.4446,76.2838],[-100.4951,76.2702],[-100.511,76.2499],[-100.4787,76.2338],[-100.1687,76.1904],[-99.9942,76.205],[-99.8807,76.173],[-99.7782,76.1625],[-99.6996,76.1411],[-99.4185,76.164],[-99.4608,76.1501],[-99.5584,76.1445],[-99.6837,76.1238],[-99.8101,76.1381],[-99.9535,76.1435],[-100.0391,76.1591],[-100.0839,76.1605],[-100.1249,76.1497],[-100.1186,76.1361],[-100.2211,76.1361],[-100.1166,76.1037],[-100.0837,76.0526],[-100.0602,76.0425],[-99.9945,76.0405],[-100.0355,76.0131],[-99.9914,76.013],[-99.9622,75.9909],[-99.8907,75.9895],[-99.8717,75.9784],[-99.902,75.9548],[-99.8641,75.9374],[-99.8184,75.9512],[-99.4914,75.9833],[-99.4403,75.9722],[-99.5204,75.957],[-99.5847,75.9632],[-99.5942,75.9462],[-99.6845,75.9357],[-99.7239,75.9169],[-99.8656,75.9079],[-99.9471,75.8752],[-99.974,75.8828],[-99.987,75.9238],[-100.0696,75.9127],[-100.1522,75.9169],[-100.0826,75.9355],[-100.0702,75.9517],[-100.1443,75.9571],[-100.2059,75.9943],[-100.3539,76.0656],[-100.6251,76.0815],[-100.6251,76.0883],[-100.4556,76.1015],[-100.4203,76.123],[-100.7412,76.0957],[-100.6251,76.123],[-100.6341,76.1367],[-100.6866,76.1497],[-100.7172,76.174],[-100.8463,76.2106],[-100.9608,76.2318],[-101.1053,76.2391],[-101.1321,76.2452],[-101.0819,76.3198],[-101.0571,76.3284],[-101.0862,76.342],[-101.2157,76.3706],[-101.3068,76.4106],[-101.3718,76.4197],[-101.4134,76.4377],[-101.8113,76.4588],[-101.8465,76.4548],[-101.9424,76.4254],[-102.0351,76.4128],[-102.0577,76.3967],[-102.0346,76.3843],[-101.9547,76.3695],[-101.9855,76.3558],[-102.062,76.3561],[-102.0986,76.349],[-102.05,76.3298],[-102.0852,76.313],[-102.1948,76.2943],[-102.0779,76.2938],[-102.0577,76.28],[-102.067,76.2586],[-102.1676,76.2391],[-102.1028,76.2208],[-101.8499,76.2296],[-101.7867,76.2186],[-101.3855,76.2534],[-101.5436,76.2104],[-101.7423,76.1845],[-101.7895,76.1572],[-101.8859,76.121],[-101.9088,76.0872],[-101.8963,76.0647],[-101.8438,76.027],[-101.7799,76.0027],[-101.71,75.9897],[-101.4136,76.0036],[-101.3439,76.0212],[-101.3035,76.0207],[-101.3671,75.9962],[-101.3992,75.9753],[-101.4871,75.9592],[-101.5895,75.9245],[-101.5532,75.8974],[-101.5506,75.8698],[-101.5074,75.8571],[-101.4149,75.8624],[-101.3718,75.8518],[-101.3275,75.8179],[-101.3588,75.7797],[-101.229,75.7784],[-101.1488,75.7899],[-101.0644,75.7904],[-101.0497,75.8071],[-100.9132,75.8145],[-100.9881,75.7907],[-101.1511,75.7836],[-101.2279,75.7661],[-101.2758,75.7457],[-101.4152,75.7576],[-101.4748,75.7736],[-101.4544,75.8145],[-101.4928,75.8144],[-101.5766,75.8286],[-101.6361,75.846],[-101.7076,75.8555],[-101.7816,75.8742],[-101.833,75.9058],[-102.2623,75.8698],[-102.3441,75.8376],[-102.3741,75.8105],[-102.3258,75.7838],[-102.119,75.7995],[-102.0912,75.7873],[-102.2227,75.7582],[-102.2054,75.7371],[-102.1173,75.7375],[-102.0924,75.7035],[-102.0093,75.7115],[-102.0093,75.7047],[-102.1061,75.698],[-102.2467,75.7244],[-102.5226,75.7292],[-102.5853,75.7115],[-102.5306,75.6985],[-102.5505,75.6909],[-102.6199,75.6911],[-102.6877,75.678],[-102.6671,75.6501],[-102.702,75.6358],[-102.6451,75.627],[-102.633,75.6159],[-102.736,75.617],[-102.8214,75.6374],[-102.8817,75.6178],[-102.8468,75.5998],[-102.7565,75.5858],[-102.7286,75.5744],[-102.7761,75.545],[-102.7091,75.5404],[-102.6671,75.5272],[-102.6679,75.5041],[-102.6334,75.4981],[-102.4003,75.5402],[-102.2079,75.5539],[-102.0638,75.5477],[-101.4494,75.6077],[-101.4062,75.6068],[-101.3612,75.5783],[-101.2895,75.5916],[-101.2295,75.588],[-101.1527,75.6016],[-101.1019,75.6033],[-101.0622,75.6153],[-100.5535,75.6501],[-100.4792,75.6419],[-100.3545,75.6562],[-100.2742,75.6516],[-100.2233,75.6667],[-99.5563,75.6985],[-99.6655,75.678],[-98.9312,75.7142],[-98.8942,75.6997],[-98.9604,75.6842],[-99.8232,75.6562],[-99.8096,75.6358],[-99.8641,75.6159],[-99.6655,75.6159],[-99.7037,75.5952],[-99.7989,75.5885],[-99.9915,75.5618],[-100.0423,75.5607],[-99.9364,75.5477],[-99.8557,75.5549],[-99.83,75.5477],[-100.2825,75.5272],[-100.2825,75.5197],[-99.9535,75.4992],[-100.0392,75.4802],[-100.2229,75.4897],[-100.3104,75.4787],[-100.0088,75.4713],[-100.0412,75.4572],[-100.7213,75.4377],[-100.7213,75.4304],[-100.6193,75.4326],[-100.5685,75.4271],[-100.5221,75.4099],[-100.5166,75.3946],[-100.4265,75.3825],[-100.499,75.3668],[-100.5767,75.3689],[-100.5856,75.3527],[-100.6242,75.3494],[-100.7003,75.362],[-100.6046,75.3757],[-100.6492,75.3835],[-100.7821,75.3552],[-100.6758,75.3365],[-100.5377,75.2982],[-100.5029,75.2926],[-100.2477,75.3143],[-100.2794,75.289],[-100.406,75.2733],[-100.3537,75.2568],[-100.2523,75.263],[-100.0619,75.2461],[-100.0091,75.247],[-100.0175,75.2293],[-100.4165,75.2346],[-100.4881,75.2271],[-100.5494,75.205],[-100.515,75.1871],[-100.4541,75.1815],[-100.3985,75.1634],[-100.4333,75.1498],[-100.396,75.1296],[-100.3849,75.1048],[-100.3979,75.0588],[-100.3688,75.0231],[-100.3302,75.0141],[-99.6454,74.976],[-99.5287,74.9828],[-99.4791,74.9964],[-99.4259,74.9915],[-99.4409,75.006],[-99.4871,75.0156],[-99.501,75.0325],[-99.4464,75.0604],[-99.3896,75.0762],[-99.3314,75.1214],[-99.282,75.1225],[-99.2958,75.0973],[-99.3783,75.0469],[-99.3782,75.0126],[-99.4055,74.999],[-99.3743,74.9892],[-98.9542,75.0089],[-98.9416,75.0305],[-98.9667,75.0468],[-98.9408,75.0606],[-98.8604,75.0653],[-98.8369,75.0542],[-98.8636,75.0399],[-98.8306,75.0109],[-98.7731,75.0185],[-98.7469,75.0126],[-98.7891,74.999],[-98.7502,74.9884],[-98.035,75.0263],[-97.9593,75.0189],[-97.9443,75.0725],[-97.9733,75.112],[-98.1034,75.1411],[-98.151,75.1702],[-98.151,75.1833],[-98.0799,75.2076],[-98.1033,75.2255],[-98.0359,75.2204],[-98.0206,75.2018],[-98.035,75.1772],[-98.0133,75.1596],[-97.8129,75.1131],[-97.7277,75.1133],[-97.6436,75.1264],[-97.5688,75.1498],[-97.6166,75.1702],[-97.6145,75.1541],[-97.6849,75.1702],[-97.6576,75.1833],[-97.6951,75.1924],[-97.7663,75.1909],[-97.8022,75.1976],[-97.7737,75.2132],[-97.7333,75.2112],[-97.76,75.2379],[-97.8514,75.2647],[-97.8978,75.3055],[-97.9249,75.2872],[-97.9115,75.2665],[-98.0008,75.2795],[-97.953,75.3143],[-97.891,75.3279],[-97.9305,75.3395],[-97.9736,75.3326],[-98.0572,75.2868],[-98.1167,75.298],[-98.1312,75.3143],[-98.076,75.3279],[-98.123,75.341],[-98.1647,75.3342],[-98.123,75.3686],[-98.0623,75.3757],[-98.0828,75.3552],[-97.9866,75.3689],[-97.9934,75.3552],[-97.9115,75.362],[-97.8871,75.3801],[-98.027,75.3941],[-98.0623,75.403],[-98.0353,75.4155],[-97.8194,75.4162],[-97.7743,75.4241],[-97.8044,75.4338],[-97.9425,75.4544],[-98.0204,75.4491],[-98.0555,75.4583],[-97.9728,75.463],[-97.9686,75.4788],[-98.0418,75.4849],[-98.0211,75.4919],[-97.9456,75.4924],[-97.9556,75.5076],[-97.9237,75.5196],[-97.8614,75.5124],[-97.8231,75.465],[-97.7577,75.4659],[-97.7507,75.4887],[-97.7955,75.5234],[-97.8513,75.5378],[-97.8288,75.5539],[-97.7498,75.5478],[-97.7606,75.5744],[-97.7242,75.5722],[-97.4795,75.4924],[-97.4983,75.4832],[-97.4932,75.4377],[-97.4723,75.4245],[-97.3316,75.3966],[-97.2809,75.403],[-97.3734,75.4416],[-97.4089,75.4716],[-97.4249,75.5197]]],[[[-101.1597,76.5817],[-100.3335,76.7145],[-100.2477,76.7394],[-100.6285,76.7598],[-100.9725,76.7355],[-101.0238,76.7188],[-101.0449,76.6933],[-101.1376,76.684],[-101.1921,76.6558],[-101.2427,76.6466],[-101.4335,76.6417],[-101.5303,76.6282],[-101.5984,76.6022],[-101.6871,76.5886],[-101.3381,76.5612],[-101.1597,76.5817]]],[[[-89.675,76.7326],[-89.6964,76.7535],[-89.8487,76.8137],[-89.9822,76.8424],[-90.1989,76.8362],[-90.3305,76.8238],[-90.5295,76.7922],[-90.5945,76.7509],[-90.568,76.7156],[-90.2662,76.5746],[-90.2043,76.5242],[-90.1578,76.5061],[-90.0648,76.4862],[-89.9774,76.4777],[-89.9386,76.4833],[-89.9486,76.5066],[-89.9196,76.5158],[-89.8258,76.4862],[-89.787,76.4859],[-89.675,76.5066],[-89.7125,76.5209],[-89.7916,76.5344],[-89.8495,76.5832],[-89.8593,76.6164],[-89.8358,76.6575],[-89.8162,76.6677],[-89.7259,76.68],[-89.675,76.7121],[-89.675,76.7326]]],[[[-110.0037,75.9114],[-110.0037,75.8787],[-109.9517,75.8605],[-109.8934,75.8522],[-109.8396,75.8709],[-109.7886,75.8642],[-109.7279,75.8821],[-109.6574,75.8698],[-109.7052,75.8481],[-109.6295,75.8344],[-109.6915,75.8071],[-109.4042,75.8009],[-109.4643,75.7941],[-109.4083,75.7788],[-109.102,75.7501],[-109.0615,75.7388],[-109.0677,75.7189],[-109.0108,75.7209],[-108.9579,75.7047],[-108.8577,75.7003],[-108.8281,75.6911],[-108.8747,75.6815],[-108.9249,75.684],[-108.9083,75.6661],[-108.8349,75.6227],[-108.8964,75.5886],[-108.8555,75.5607],[-108.9941,75.5681],[-109.0336,75.5539],[-108.951,75.5427],[-108.9268,75.5303],[-108.8964,75.4924],[-108.9375,75.4774],[-109.0254,75.4987],[-109.5145,75.5217],[-110.0037,75.5447],[-110.0037,75.3618],[-110.0037,75.1413],[-110.0037,74.8526],[-109.8839,74.8706],[-109.5819,74.8581],[-109.5323,74.867],[-109.4276,74.8996],[-109.3572,74.9467],[-109.0753,74.9887],[-108.9926,74.9915],[-109.0336,75.0058],[-108.9374,75.0058],[-108.9715,75.0189],[-108.9242,75.0541],[-108.8242,75.0715],[-108.6521,75.0548],[-108.5965,75.0385],[-108.5469,75.0127],[-108.5122,74.9785],[-108.807,74.9915],[-108.807,74.9853],[-108.5685,74.9605],[-108.5399,74.9412],[-108.4166,74.9171],[-108.057,74.9369],[-107.9716,74.9294],[-107.9442,74.9369],[-108.0188,74.9506],[-107.9471,74.9721],[-107.9972,75.0007],[-107.9764,75.0201],[-107.9164,75.0126],[-107.8539,75.0137],[-107.7739,75.0344],[-107.7436,75.0527],[-107.7732,75.0754],[-107.7717,75.1014],[-107.7148,75.092],[-107.6836,75.0505],[-107.7182,75.032],[-107.7203,75.0161],[-107.6863,74.9822],[-107.5126,74.9434],[-107.3142,74.9338],[-107.231,74.9201],[-107.0052,74.9238],[-106.786,74.9853],[-106.7602,75.003],[-106.0089,75.0566],[-106.0033,75.0737],[-106.0792,75.093],[-106.0471,75.1241],[-106.0104,75.1342],[-105.8916,75.1457],[-105.8885,75.1669],[-105.8395,75.1833],[-105.9394,75.2147],[-105.8958,75.2591],[-105.8122,75.3],[-105.7356,75.314],[-105.7218,75.3378],[-105.6614,75.3552],[-105.6553,75.3776],[-105.7087,75.4104],[-105.5931,75.4651],[-105.6199,75.4813],[-105.7151,75.4841],[-105.7508,75.4924],[-105.6614,75.5067],[-105.6893,75.5272],[-105.5897,75.5501],[-105.5181,75.5539],[-105.4936,75.5655],[-105.4634,75.6159],[-105.4101,75.6312],[-105.3905,75.6597],[-105.4197,75.7117],[-105.4634,75.7326],[-105.4224,75.7457],[-105.4634,75.8012],[-105.4429,75.8214],[-105.4665,75.8577],[-105.5118,75.8906],[-105.6068,75.9374],[-105.7599,75.9902],[-106.3398,76.0616],[-106.6068,76.0616],[-106.6554,76.0507],[-106.7187,76.0151],[-106.8413,75.9821],[-106.8749,75.9654],[-106.8914,75.9411],[-106.8686,75.9027],[-106.891,75.8585],[-106.8623,75.8256],[-106.6642,75.8144],[-106.6148,75.8009],[-106.754,75.7958],[-106.8185,75.7853],[-106.8823,75.7661],[-106.8797,75.7466],[-106.909,75.6985],[-106.8749,75.6637],[-106.8966,75.6508],[-106.9294,75.6706],[-106.9617,75.7104],[-106.9499,75.7525],[-107.0221,75.7674],[-107.0235,75.7847],[-106.9568,75.7941],[-107.077,75.8153],[-107.1076,75.8419],[-107.0939,75.8698],[-107.0461,75.889],[-107.076,75.8994],[-107.1503,75.8986],[-107.2161,75.9158],[-107.2975,75.913],[-107.3672,75.9186],[-107.7206,75.8858],[-107.771,75.8694],[-107.8653,75.8107],[-107.9215,75.7907],[-107.9786,75.7807],[-108.0262,75.7873],[-108.0467,75.8071],[-107.9994,75.8444],[-107.9368,75.8624],[-107.9442,75.876],[-107.8974,75.9011],[-107.7882,75.9026],[-107.7382,75.9169],[-107.7934,75.9306],[-107.7049,75.9615],[-107.6483,75.9728],[-107.6503,76.0058],[-107.6901,76.0156],[-107.7307,76.039],[-107.8576,76.0659],[-108.0399,76.0678],[-108.162,76.0479],[-108.3552,76.0541],[-108.4992,76.0405],[-108.4484,76.0712],[-108.3825,76.0883],[-108.4576,76.1025],[-108.3969,76.132],[-108.4098,76.1497],[-108.3776,76.1738],[-108.3364,76.1864],[-108.1199,76.2101],[-108.0876,76.2254],[-108.2142,76.2391],[-108.2115,76.2669],[-108.1385,76.2591],[-108.0809,76.2869],[-108.2242,76.3353],[-108.1911,76.3552],[-108.2385,76.3558],[-108.3423,76.4021],[-108.4713,76.4069],[-108.53,76.4158],[-108.5897,76.4102],[-108.6159,76.4235],[-108.5872,76.4432],[-108.4849,76.4588],[-108.5096,76.4694],[-108.5694,76.4717],[-108.5868,76.4926],[-108.5259,76.5141],[-108.6033,76.5151],[-108.6065,76.5307],[-108.5483,76.5395],[-108.5387,76.5618],[-108.6287,76.5792],[-108.6872,76.6022],[-108.7319,76.6432],[-108.6491,76.6535],[-108.5973,76.6431],[-108.4686,76.6863],[-108.4441,76.7033],[-108.4508,76.7326],[-108.4855,76.7571],[-108.5323,76.767],[-108.67,76.7665],[-108.6872,76.7838],[-108.6494,76.8145],[-108.7756,76.8642],[-108.8208,76.8344],[-108.9012,76.8161],[-109.0063,76.8288],[-109.1844,76.8219],[-109.2533,76.8015],[-109.3251,76.7889],[-109.3353,76.7598],[-109.4407,76.7399],[-109.4945,76.7228],[-109.5066,76.6984],[-109.5521,76.6749],[-109.5543,76.6301],[-109.6636,76.6164],[-109.6505,76.5886],[-109.7803,76.596],[-109.7598,76.5749],[-109.8492,76.5334],[-109.7335,76.5355],[-109.7052,76.5271],[-109.8083,76.4916],[-109.8616,76.4982],[-109.9169,76.4862],[-110.0037,76.4862],[-110.0037,76.2264],[-109.9269,76.1997],[-109.8934,76.1975],[-109.9038,76.2316],[-109.8319,76.2408],[-109.6955,76.2247],[-109.6996,76.195],[-109.5422,76.1894],[-109.4894,76.1518],[-109.4217,76.1424],[-109.3231,76.1154],[-109.308,76.1025],[-109.3824,76.0883],[-109.3899,76.0678],[-109.2726,76.0541],[-109.2974,76.0391],[-109.3995,76.0413],[-109.4377,76.0336],[-109.3899,76.0207],[-109.4333,76.0036],[-109.5384,75.9939],[-109.587,75.9839],[-109.6857,75.9478],[-109.9762,75.9195],[-110.0037,75.9114]]],[[[-79.5602,74.9915],[-79.505,74.999],[-79.592,75.0206],[-79.6422,75.0189],[-79.7441,75.0326],[-79.7799,75.0325],[-80.0257,74.9853],[-80.0593,74.9609],[-80.1063,74.9737],[-80.197,74.958],[-80.2746,74.9565],[-80.2579,74.9771],[-80.1766,74.9853],[-80.2115,74.9942],[-80.2873,74.9938],[-80.4434,75.0399],[-80.3448,75.0399],[-80.2878,75.0629],[-79.9687,75.0975],[-79.9355,75.1413],[-79.8646,75.1516],[-79.8336,75.1732],[-79.7513,75.1702],[-79.6285,75.1802],[-79.6059,75.1978],[-79.5169,75.2292],[-79.5118,75.2522],[-79.4534,75.2724],[-79.4435,75.287],[-79.5911,75.2899],[-79.6149,75.3037],[-79.6002,75.3188],[-79.5326,75.3273],[-79.5118,75.3485],[-79.5329,75.3552],[-79.4935,75.3681],[-79.501,75.3919],[-79.5965,75.4019],[-79.6831,75.4377],[-79.6597,75.45],[-79.5738,75.4515],[-79.6498,75.4698],[-80.3758,75.4651],[-80.3418,75.4829],[-79.9955,75.5242],[-79.95,75.5402],[-79.9787,75.5499],[-80.0537,75.5435],[-80.0878,75.5477],[-80.0599,75.5682],[-80.0786,75.5861],[-80.1766,75.6016],[-80.2214,75.6186],[-80.3365,75.6379],[-80.4176,75.6364],[-80.5034,75.6616],[-81.0152,75.6363],[-81.1007,75.6439],[-81.1758,75.6576],[-81.2521,75.654],[-81.2863,75.6637],[-81.2418,75.6948],[-81.1686,75.7316],[-81.0951,75.76],[-81.1131,75.7791],[-81.5191,75.8006],[-82.331,75.8436],[-82.4181,75.8301],[-82.5052,75.829],[-82.5408,75.8214],[-82.6245,75.8207],[-83.089,75.7403],[-83.1721,75.7546],[-83.2667,75.7441],[-83.3959,75.7486],[-83.4308,75.7558],[-83.5205,75.7987],[-83.6823,75.7918],[-83.7542,75.8071],[-83.699,75.8214],[-83.7362,75.8266],[-83.8392,75.8145],[-84.0006,75.8288],[-83.9181,75.8145],[-84.0192,75.7722],[-84.178,75.7628],[-84.2115,75.753],[-84.2896,75.7133],[-84.6647,75.6911],[-84.6418,75.6705],[-84.6579,75.6501],[-84.5387,75.6435],[-84.5009,75.6358],[-84.5761,75.6243],[-84.8025,75.6562],[-85.0449,75.6558],[-85.0148,75.6433],[-85.0972,75.629],[-85.1793,75.629],[-85.2002,75.6047],[-85.296,75.6016],[-85.2817,75.5886],[-85.3227,75.5744],[-85.2271,75.5682],[-85.2271,75.5607],[-85.387,75.5736],[-85.4589,75.5612],[-85.5681,75.5723],[-85.5287,75.6016],[-85.5919,75.5971],[-85.7165,75.5573],[-86.0104,75.5359],[-86.1517,75.5088],[-86.111,75.4849],[-85.9079,75.4673],[-85.7919,75.4304],[-85.5809,75.4197],[-85.5219,75.403],[-85.8162,75.4084],[-85.9928,75.4222],[-86.1964,75.4154],[-86.4016,75.3763],[-86.618,75.3689],[-86.4193,75.4052],[-86.3648,75.4304],[-86.3951,75.4313],[-86.5167,75.4683],[-86.5799,75.4776],[-86.7778,75.476],[-87.0602,75.5512],[-87.1115,75.5948],[-87.2657,75.623],[-87.3656,75.6159],[-87.4029,75.5886],[-87.4609,75.5682],[-87.5004,75.5666],[-87.5094,75.5439],[-87.4237,75.5008],[-87.433,75.4713],[-87.4669,75.456],[-87.5167,75.4504],[-87.6056,75.4515],[-87.5428,75.4645],[-87.4957,75.4924],[-87.6159,75.5245],[-87.6334,75.5551],[-87.6694,75.5687],[-87.7508,75.5809],[-87.9818,75.5441],[-87.9954,75.5334],[-88.181,75.4924],[-88.2125,75.4738],[-88.3038,75.4924],[-88.2423,75.5129],[-88.2001,75.5184],[-88.2226,75.545],[-88.3312,75.5607],[-88.482,75.6091],[-88.5799,75.6585],[-88.6846,75.6828],[-88.7563,75.678],[-88.7565,75.6458],[-88.8026,75.6282],[-88.9003,75.6091],[-88.8155,75.5508],[-88.7529,75.4819],[-88.7638,75.4377],[-88.9174,75.4304],[-88.9681,75.4376],[-88.9788,75.4682],[-89.1024,75.4887],[-89.1114,75.5168],[-89.1448,75.5271],[-89.1874,75.5776],[-89.2085,75.586],[-89.4145,75.5886],[-89.5412,75.5539],[-89.6755,75.5496],[-89.7084,75.5607],[-89.6694,75.57],[-89.5815,75.5637],[-89.5446,75.5744],[-89.5985,75.5938],[-89.7116,75.573],[-89.7631,75.5812],[-89.6962,75.5925],[-89.6472,75.6224],[-89.4034,75.6173],[-89.3061,75.6363],[-89.2572,75.6358],[-89.2074,75.7108],[-89.1677,75.7506],[-89.171,75.7835],[-89.1977,75.7963],[-89.3187,75.8071],[-89.4416,75.8481],[-89.5148,75.8593],[-89.5611,75.8427],[-89.6182,75.8399],[-89.6815,75.8214],[-89.73,75.7907],[-89.7773,75.7941],[-89.7569,75.8071],[-89.7842,75.8214],[-89.7703,75.8437],[-89.688,75.9033],[-89.7758,75.9256],[-89.8478,75.9678],[-89.9418,75.9722],[-89.9583,75.988],[-89.9281,76.0063],[-90.0071,76.018],[-90.079,75.9927],[-90.1138,75.9374],[-90.1766,75.9391],[-90.2452,75.9696],[-90.3148,75.9744],[-90.3589,75.9486],[-90.4357,75.9357],[-90.5185,75.8988],[-90.5192,75.9404],[-90.4285,75.9722],[-90.5098,75.9873],[-90.5519,75.986],[-90.6613,75.96],[-90.7363,75.9654],[-90.6977,75.9904],[-90.7714,76.0024],[-90.7978,75.9988],[-90.853,75.9548],[-90.9318,75.9234],[-91.0659,75.8965],[-91.0522,75.8828],[-91.0868,75.8494],[-91.1288,75.8361],[-91.1205,75.8698],[-91.1478,75.9033],[-91.1058,75.9193],[-90.9472,75.9429],[-90.9583,75.9668],[-91.0721,75.9927],[-91.0408,75.9999],[-90.9733,75.9971],[-90.943,76.0063],[-90.9892,76.0209],[-91.1107,76.0125],[-91.1615,76.0207],[-91.1046,76.0346],[-90.2912,76.0318],[-90.2298,76.0425],[-90.1882,76.0678],[-90.552,76.0957],[-90.6204,76.088],[-90.7193,76.0564],[-90.8667,76.0678],[-90.7438,76.0883],[-90.7152,76.1118],[-90.6681,76.1156],[-90.7887,76.1325],[-91.2436,76.164],[-91.3671,76.1448],[-91.4085,76.1572],[-91.3539,76.1777],[-91.27,76.1892],[-91.2737,76.2117],[-91.4678,76.2419],[-91.4988,76.2514],[-91.5854,76.2562],[-91.6134,76.267],[-91.2372,76.2254],[-91.1615,76.1981],[-90.2367,76.1435],[-90.0937,76.125],[-90.0511,76.1361],[-90.0979,76.1501],[-90.4267,76.1628],[-90.4564,76.1777],[-90.0976,76.1799],[-89.3801,76.1845],[-89.3127,76.1968],[-89.2714,76.2213],[-89.2088,76.2254],[-89.1944,76.2482],[-89.2178,76.2661],[-89.2839,76.2869],[-89.2976,76.3005],[-89.681,76.3375],[-90.4478,76.4113],[-90.5103,76.4069],[-90.5774,76.3916],[-90.6407,76.4172],[-90.7289,76.4208],[-90.8052,76.4344],[-90.9526,76.4377],[-90.9901,76.4514],[-91.4011,76.4588],[-91.47,76.4862],[-91.5655,76.4997],[-91.5655,76.5066],[-91.3494,76.5169],[-91.1451,76.4806],[-91.0736,76.4806],[-91.0106,76.4923],[-91.0045,76.5201],[-90.925,76.4862],[-90.6534,76.4568],[-90.4927,76.4683],[-90.4694,76.4862],[-90.5309,76.5066],[-90.4974,76.5271],[-90.5717,76.564],[-90.8064,76.5875],[-90.876,76.6282],[-90.9211,76.6433],[-91.0106,76.6574],[-91.0919,76.6602],[-91.1396,76.6713],[-91.4411,76.6937],[-92.0044,76.6643],[-92.0118,76.6574],[-92.1547,76.6192],[-92.2353,76.6231],[-92.334,76.6022],[-92.3993,76.6016],[-92.5238,76.6222],[-92.693,76.596],[-92.8131,76.6164],[-92.9176,76.6221],[-92.9503,76.6301],[-93.0793,76.6276],[-93.1148,76.6164],[-93.0937,76.596],[-93.1529,76.5678],[-93.2247,76.5511],[-93.2451,76.5237],[-93.3197,76.4997],[-93.3813,76.467],[-93.5052,76.4544],[-93.5803,76.4309],[-93.5609,76.4145],[-93.4574,76.4104],[-93.5072,76.3908],[-93.5607,76.3952],[-93.6123,76.4158],[-93.6561,76.4451],[-93.6318,76.4567],[-93.5015,76.4811],[-93.4242,76.5154],[-93.3373,76.5375],[-93.2991,76.555],[-93.3126,76.5698],[-93.265,76.596],[-93.2616,76.6264],[-93.1876,76.667],[-93.179,76.7199],[-93.1968,76.7531],[-93.2417,76.7468],[-93.2991,76.7673],[-93.2855,76.7803],[-93.3885,76.8015],[-93.4165,76.8219],[-93.4634,76.8266],[-93.5065,76.8498],[-93.5853,76.861],[-93.6435,76.9021],[-93.7009,76.921],[-93.8215,76.9223],[-93.9188,76.939],[-94.0058,76.9257],[-94.0381,76.9051],[-94.1136,76.8878],[-94.234,76.8906],[-94.3073,76.9217],[-94.4403,76.9182],[-94.4983,76.9448],[-94.508,76.9712],[-94.9303,76.9789],[-95.0028,76.997],[-95.1916,77.0041],[-95.3109,77.0377],[-95.4237,77.0615],[-95.6673,77.0626],[-95.7707,77.0767],[-95.8919,77.0698],[-96.0013,77.0504],[-96.3902,77.0342],[-96.3219,77.0243],[-96.3082,77.0063],[-96.2467,77.0063],[-96.267,76.9871],[-96.3498,76.9924],[-96.4523,76.9728],[-96.8024,76.987],[-96.8284,76.9728],[-96.7414,76.9708],[-96.6577,76.9523],[-96.7123,76.9386],[-96.7698,76.9431],[-96.8511,76.9296],[-96.8661,76.9173],[-96.8501,76.8908],[-96.7852,76.8663],[-96.6847,76.8668],[-96.5991,76.8408],[-96.3144,76.8083],[-96.343,76.7987],[-96.4454,76.7939],[-96.4789,76.8059],[-96.5267,76.8015],[-96.5137,76.7803],[-96.4249,76.7716],[-96.3759,76.7598],[-96.3082,76.7598],[-96.3505,76.7461],[-96.4062,76.7467],[-96.5069,76.7673],[-96.5725,76.7672],[-96.6434,76.7531],[-96.682,76.7572],[-96.6776,76.7735],[-96.7402,76.7939],[-96.7874,76.7939],[-96.816,76.8063],[-96.8905,76.8124],[-96.8824,76.778],[-96.8426,76.7735],[-96.901,76.7468],[-96.9656,76.7394],[-96.9252,76.7161],[-96.8715,76.7032],[-96.767,76.6984],[-96.6819,76.7117],[-96.4996,76.6957],[-96.4757,76.6905],[-96.4485,76.6604],[-96.3724,76.6376],[-96.2257,76.6369],[-96.2467,76.6227],[-96.1945,76.6149],[-96.1422,76.5835],[-96.1048,76.5795],[-96.0286,76.5892],[-95.9923,76.5817],[-96.027,76.555],[-95.9171,76.555],[-95.8287,76.5685],[-95.784,76.5547],[-95.7521,76.5595],[-95.6483,76.602],[-95.5882,76.6096],[-95.6039,76.5948],[-95.7218,76.5379],[-95.7945,76.5211],[-96.0573,76.524],[-96.109,76.4997],[-96.0412,76.4626],[-95.9738,76.4359],[-95.8946,76.4226],[-95.8233,76.3991],[-95.5541,76.3831],[-95.4205,76.4009],[-95.376,76.3967],[-95.4466,76.382],[-95.4517,76.3695],[-95.399,76.3579],[-95.3419,76.3632],[-95.3009,76.3769],[-95.2373,76.3714],[-95.1764,76.3496],[-95.1258,76.3675],[-94.8412,76.3403],[-94.8006,76.3284],[-94.8258,76.3091],[-94.8808,76.334],[-95.0313,76.3342],[-95.0755,76.3268],[-95.0989,76.3072],[-95.2902,76.288],[-95.3578,76.3051],[-95.3902,76.267],[-95.3902,76.2391],[-95.1639,76.2391],[-95.0867,76.2257],[-95.0421,76.23],[-94.9992,76.2534],[-94.8481,76.2692],[-94.8003,76.2835],[-94.7491,76.3148],[-94.6634,76.3148],[-94.6423,76.2943],[-94.6634,76.2869],[-94.6037,76.2737],[-94.1864,76.2841],[-94.0676,76.2594],[-94.0084,76.2651],[-93.9429,76.2611],[-93.8427,76.27],[-93.7037,76.2515],[-93.6349,76.2596],[-93.6644,76.2702],[-93.7346,76.2734],[-93.7659,76.2869],[-93.7174,76.3148],[-93.6349,76.3284],[-93.6212,76.3148],[-93.6697,76.3005],[-93.5911,76.2997],[-93.2899,76.3692],[-93.2085,76.3755],[-93.1283,76.3702],[-93.0602,76.349],[-93.0807,76.3223],[-93.0685,76.3063],[-93.005,76.28],[-92.9275,76.237],[-92.8009,76.2143],[-92.7784,76.1814],[-92.7363,76.1538],[-92.6898,76.1457],[-92.6467,76.1199],[-92.6487,76.0815],[-92.6298,76.0203],[-92.5747,76.0099],[-92.5133,75.9656],[-92.4525,75.9577],[-92.4128,75.9265],[-92.2667,75.8979],[-92.1846,75.8949],[-92.1483,75.8859],[-92.1164,75.8624],[-92.1,75.8288],[-92.121,75.7925],[-92.1757,75.7525],[-92.1531,75.7294],[-92.0577,75.6933],[-92.0118,75.6637],[-92.0697,75.6396],[-92.0714,75.6187],[-92.0044,75.6016],[-92.0863,75.5707],[-92.1958,75.5567],[-92.2568,75.5252],[-92.3,75.5125],[-92.3808,75.4561],[-92.463,75.3757],[-92.4325,75.3718],[-92.3594,75.3795],[-92.3265,75.3757],[-92.4289,75.3415],[-92.4705,75.2932],[-92.4569,75.2645],[-92.4662,75.2418],[-92.504,75.218],[-92.4721,75.2153],[-92.3886,75.1772],[-92.3259,75.1662],[-92.3265,75.1498],[-92.2384,75.1406],[-92.074,75.1597],[-92.0595,75.1465],[-92.1142,75.1361],[-92.092,75.1216],[-92.0118,75.1014],[-92.0539,75.0878],[-92.1548,75.0966],[-92.2271,75.0685],[-92.2024,75.0673],[-92.2241,75.0325],[-92.1954,75.0245],[-92.0611,74.9628],[-92.0487,74.9482],[-92.0795,74.9369],[-92.0257,74.9218],[-92.0044,74.8891],[-92.0137,74.855],[-92.066,74.8161],[-92.0185,74.7775],[-91.8604,74.7525],[-91.8058,74.7383],[-91.8808,74.7116],[-91.821,74.7017],[-91.8126,74.7253],[-91.7146,74.7314],[-91.666,74.7268],[-91.6208,74.7116],[-91.6891,74.6837],[-91.635,74.665],[-91.5135,74.6447],[-91.3971,74.6428],[-91.3465,74.6632],[-91.3395,74.6888],[-91.3738,74.7041],[-91.3304,74.7209],[-91.2953,74.7052],[-91.2821,74.6787],[-91.3048,74.6632],[-91.2856,74.6359],[-91.0994,74.6291],[-91.1815,74.6872],[-91.182,74.7041],[-91.2278,74.7248],[-91.2211,74.7447],[-91.1702,74.7587],[-91.0994,74.7525],[-90.9014,74.8407],[-90.8413,74.8821],[-90.7713,74.8879],[-90.7471,74.8507],[-90.7568,74.8344],[-90.8148,74.8174],[-90.8496,74.7829],[-90.8941,74.7609],[-90.9923,74.7383],[-91.025,74.7041],[-90.9463,74.6884],[-90.8741,74.6973],[-90.8564,74.7189],[-90.8231,74.7296],[-90.7233,74.7383],[-90.7637,74.7178],[-90.7301,74.6632],[-90.7013,74.6461],[-90.5638,74.6086],[-90.473,74.6049],[-90.3118,74.6291],[-90.3732,74.6018],[-90.1107,74.5547],[-90.0882,74.5574],[-90.03,74.5866],[-89.9828,74.5844],[-89.9486,74.5328],[-89.9185,74.5273],[-89.8081,74.539],[-89.7012,74.536],[-89.6191,74.5553],[-89.5781,74.5465],[-89.4344,74.5533],[-89.3818,74.5877],[-89.2481,74.5835],[-89.1959,74.5888],[-89.1474,74.6079],[-89.1178,74.643],[-89.0989,74.6871],[-89.1136,74.6973],[-89.2088,74.7215],[-89.2442,74.7567],[-89.1577,74.7329],[-89.0837,74.7197],[-89.0391,74.7407],[-89.0102,74.7861],[-89.0363,74.7904],[-89.0847,74.8199],[-89.0989,74.8407],[-89.017,74.814],[-88.9404,74.7952],[-88.9108,74.7752],[-88.9182,74.7267],[-88.8792,74.6905],[-88.8693,74.6632],[-88.832,74.6703],[-88.7646,74.7155],[-88.7473,74.7351],[-88.7565,74.7649],[-88.7358,74.7935],[-88.6885,74.8132],[-88.6613,74.8515],[-88.626,74.855],[-88.6191,74.8208],[-88.5549,74.8409],[-88.5441,74.855],[-88.5788,74.8961],[-88.5283,74.8989],[-88.4478,74.8344],[-88.475,74.8197],[-88.4888,74.7935],[-88.4376,74.7861],[-88.3209,74.7857],[-88.297,74.773],[-88.4342,74.7656],[-88.4118,74.759],[-88.4156,74.7312],[-88.447,74.6893],[-88.5442,74.616],[-88.5669,74.5644],[-88.5346,74.5092],[-88.5178,74.5012],[-88.2421,74.4814],[-88.153,74.5056],[-88.1129,74.4849],[-88.0604,74.4774],[-87.8773,74.4819],[-87.7558,74.5199],[-87.7384,74.4748],[-87.6992,74.4598],[-87.6436,74.4583],[-87.4643,74.4844],[-87.433,74.5198],[-87.3686,74.5449],[-87.2965,74.5465],[-87.3319,74.53],[-87.3728,74.526],[-87.3347,74.4831],[-87.2593,74.4682],[-87.0723,74.4735],[-87.0296,74.4844],[-87.0421,74.496],[-87.0141,74.514],[-87.0023,74.498],[-86.9366,74.4677],[-86.911,74.4645],[-86.6037,74.4714],[-86.6501,74.4853],[-86.7363,74.5287],[-86.801,74.5494],[-86.7919,74.5987],[-86.803,74.6222],[-86.749,74.6154],[-86.7569,74.5875],[-86.7211,74.5812],[-86.7108,74.5586],[-86.6614,74.5375],[-86.4408,74.4898],[-86.38,74.4875],[-86.3164,74.498],[-86.2513,74.5284],[-86.224,74.5551],[-86.2379,74.6014],[-86.224,74.6139],[-86.16,74.6164],[-86.1793,74.5942],[-86.1036,74.5653],[-86.0826,74.5374],[-86.1246,74.4844],[-85.6039,74.498],[-85.5303,74.5157],[-85.4892,74.5373],[-85.4849,74.5539],[-85.5226,74.6012],[-85.5362,74.6576],[-85.5337,74.6901],[-85.4946,74.6837],[-85.4698,74.6628],[-85.4263,74.5875],[-85.3636,74.5465],[-85.3676,74.5172],[-85.3328,74.496],[-85.1849,74.4931],[-85.126,74.499],[-85.0714,74.5131],[-85.0353,74.539],[-85.0626,74.5875],[-85.0491,74.6202],[-85.0762,74.6426],[-85.0016,74.6826],[-85.008,74.7041],[-84.9748,74.697],[-84.9617,74.6629],[-84.9944,74.6489],[-84.9761,74.6222],[-84.9878,74.5843],[-84.9457,74.5556],[-84.9149,74.5124],[-84.8437,74.5048],[-84.7433,74.5233],[-84.6764,74.5237],[-84.6129,74.5029],[-84.5005,74.5128],[-84.2583,74.5065],[-84.1462,74.518],[-84.0439,74.5432],[-83.6857,74.5544],[-83.641,74.5456],[-83.4935,74.5778],[-83.4709,74.5947],[-83.4457,74.6632],[-83.396,74.6841],[-83.3911,74.7041],[-83.3312,74.7472],[-83.3319,74.7819],[-83.4709,74.8171],[-83.5239,74.8444],[-83.5625,74.8923],[-83.4917,74.9095],[-83.4248,74.8871],[-83.3588,74.8564],[-83.1893,74.8243],[-83.1283,74.8321],[-83.0785,74.8158],[-83.0819,74.7935],[-83.0411,74.7881],[-83.0597,74.7641],[-83.0956,74.7587],[-83.1304,74.7078],[-83.1173,74.6694],[-83.085,74.6385],[-82.9507,74.5639],[-82.92,74.5515],[-82.7406,74.522],[-82.6998,74.5267],[-82.6062,74.5124],[-82.4793,74.539],[-82.4509,74.5714],[-82.3951,74.5645],[-82.3884,74.5336],[-82.4217,74.5183],[-82.2262,74.5101],[-82.1957,74.5003],[-82.068,74.4771],[-81.9705,74.4768],[-81.8845,74.4637],[-81.7887,74.4584],[-81.7384,74.4662],[-81.6221,74.5009],[-81.5614,74.5014],[-81.51,74.5178],[-81.4378,74.526],[-81.3202,74.5618],[-81.1153,74.5789],[-80.5419,74.5635],[-80.4698,74.5824],[-80.4228,74.5875],[-80.265,74.5779],[-80.2175,74.5875],[-80.2318,74.6018],[-80.1617,74.6238],[-80.1562,74.6369],[-80.197,74.6426],[-80.1766,74.6632],[-80.2107,74.6768],[-80.2047,74.6973],[-80.1288,74.7178],[-80.1531,74.7329],[-80.2454,74.7587],[-80.2155,74.7751],[-80.1354,74.7829],[-80.1008,74.7935],[-80.1225,74.814],[-80.1008,74.8276],[-80.3555,74.8703],[-80.4106,74.9018],[-80.3994,74.9143],[-80.3131,74.9416],[-80.262,74.8794],[-80.2384,74.8779],[-80.1902,74.8959],[-80.1966,74.9434],[-80.1459,74.9202],[-80.1697,74.8754],[-80.1577,74.8594],[-79.9476,74.8175],[-79.8752,74.8173],[-79.8158,74.8354],[-79.3952,74.8763],[-79.3343,74.9034],[-79.4393,74.923],[-79.4888,74.9561],[-79.5602,74.9915]]],[[[-85.1622,77.4587],[-85.0489,77.4587],[-84.8705,77.4827],[-84.8162,77.4997],[-84.8437,77.5158],[-84.9463,77.5352],[-85.0184,77.5835],[-85.3233,77.5891],[-85.4148,77.5727],[-85.5424,77.5407],[-85.2444,77.5325],[-85.1549,77.5125],[-85.1383,77.4997],[-85.1789,77.4642],[-85.1622,77.4587]]],[[[-89.6613,77.3564],[-89.7042,77.3596],[-89.6948,77.3904],[-89.7195,77.4247],[-89.7159,77.4587],[-89.7757,77.4864],[-90.1453,77.5833],[-90.2025,77.5925],[-90.2277,77.6115],[-90.3041,77.6294],[-90.8817,77.6577],[-90.9555,77.6513],[-91.0553,77.6216],[-91.1687,77.6175],[-91.2093,77.5754],[-91.182,77.5407],[-91.2093,77.5202],[-91.1683,77.4525],[-91.1996,77.4079],[-91.1322,77.3854],[-91.1022,77.3625],[-91.0551,77.3529],[-90.9245,77.307],[-90.3875,77.2334],[-90.4171,77.2138],[-90.3625,77.1989],[-90.1652,77.213],[-90.0939,77.2041],[-89.7909,77.2707],[-89.6571,77.3242],[-89.6613,77.3564]]],[[[-104.3945,77.1925],[-104.3711,77.2348],[-104.3972,77.2733],[-104.4765,77.2874],[-104.4213,77.3079],[-104.4896,77.3216],[-104.5433,77.3443],[-104.7039,77.3828],[-104.7485,77.4177],[-104.7923,77.422],[-105.0006,77.4116],[-105.0159,77.4146],[-105.0062,77.4608],[-104.952,77.487],[-104.9662,77.5168],[-104.9961,77.5371],[-105.503,77.7211],[-105.6483,77.7542],[-105.9088,77.7679],[-106.0772,77.7386],[-106.0897,77.7164],[-106.0502,77.695],[-105.9031,77.6561],[-105.8442,77.6203],[-105.8262,77.5957],[-105.8266,77.5602],[-105.8607,77.5482],[-105.6816,77.5162],[-105.765,77.4662],[-105.6811,77.4531],[-105.6597,77.441],[-105.6893,77.4252],[-105.6278,77.4041],[-105.6614,77.3836],[-105.5714,77.3808],[-105.5515,77.37],[-105.5723,77.3393],[-105.5363,77.3044],[-105.4082,77.2874],[-105.4696,77.2744],[-105.3908,77.2589],[-105.3188,77.226],[-105.3951,77.2192],[-105.3578,77.2119],[-105.2781,77.215],[-105.2436,77.2055],[-105.2641,77.1782],[-105.2246,77.1645],[-105.0997,77.1782],[-105.0058,77.175],[-104.9154,77.154],[-104.8562,77.1262],[-104.7912,77.1099],[-104.754,77.1112],[-104.6478,77.1373],[-104.5136,77.1407],[-104.45,77.1518],[-104.3945,77.1925]]],[[[-93.252,77.6444],[-93.2117,77.6441],[-93.1011,77.6642],[-93.2079,77.723],[-93.2702,77.7385],[-93.3485,77.7399],[-93.407,77.7571],[-93.4574,77.7542],[-93.608,77.7815],[-93.7789,77.7679],[-93.8273,77.7399],[-93.9096,77.7468],[-93.94,77.7373],[-94.063,77.7734],[-94.1774,77.7604],[-94.314,77.7741],[-94.3003,77.7604],[-94.3686,77.7604],[-94.3549,77.7741],[-94.9484,77.7914],[-94.9849,77.7877],[-95.0854,77.7586],[-95.241,77.7459],[-95.2936,77.7692],[-95.3555,77.7399],[-95.4015,77.7468],[-95.4032,77.7815],[-95.4442,77.8113],[-95.5065,77.8107],[-95.6241,77.7759],[-95.6752,77.7803],[-95.7235,77.7716],[-95.8967,77.7604],[-95.9783,77.7427],[-96.0402,77.7369],[-96.1295,77.7133],[-96.2355,77.7055],[-96.2604,77.6915],[-96.2574,77.6575],[-96.2877,77.658],[-96.2848,77.6155],[-96.3287,77.6096],[-96.3025,77.5933],[-96.1227,77.5277],[-96.0764,77.4981],[-95.9876,77.4791],[-95.1592,77.4783],[-94.3308,77.4775],[-94.2277,77.4575],[-94.0885,77.4505],[-94.0048,77.4614],[-93.9508,77.4525],[-93.9577,77.4383],[-93.8541,77.4457],[-93.7845,77.4377],[-93.7659,77.4457],[-93.6456,77.4528],[-93.581,77.4402],[-93.5015,77.4641],[-93.4784,77.4881],[-93.5058,77.5071],[-93.4848,77.5198],[-93.4779,77.5587],[-93.3749,77.5891],[-93.409,77.6096],[-93.3362,77.6447],[-93.252,77.6444]]],[[[-77.5727,77.8566],[-77.6505,77.8709],[-77.8893,77.8529],[-77.9563,77.8361],[-77.8812,77.7846],[-77.8526,77.7792],[-77.7638,77.7952],[-77.6718,77.7966],[-77.5966,77.8166],[-77.5727,77.8566]]],[[[-102.4487,77.7399],[-102.4487,77.7331],[-102.2904,77.7194],[-102.1763,77.6951],[-101.7906,77.6794],[-101.621,77.7009],[-101.558,77.7307],[-101.4464,77.7205],[-101.3417,77.7301],[-101.1476,77.7198],[-101.0426,77.7309],[-100.9607,77.7285],[-100.932,77.7445],[-100.9582,77.7603],[-101.2143,77.8407],[-101.6452,77.8903],[-101.7252,77.9065],[-101.8054,77.8954],[-102.3982,77.8889],[-102.4952,77.8647],[-102.5306,77.8361],[-102.5008,77.8193],[-102.517,77.7952],[-102.4689,77.7706],[-102.4133,77.7604],[-102.4487,77.7399]]],[[[-110.0037,78.0993],[-110.0037,77.9314],[-109.7869,77.9498],[-109.6861,77.9714],[-109.6016,78.0321],[-109.5815,78.0541],[-109.6037,78.0739],[-109.6972,78.0974],[-110.0037,78.0993]]],[[[-102.9005,78.2744],[-103.0242,78.2698],[-103.0651,78.2613],[-103.2468,78.1953],[-103.2842,78.1614],[-103.2342,78.1281],[-103.0865,78.1224],[-103.0472,78.127],[-102.8695,78.189],[-102.7992,78.2001],[-102.7785,78.2148],[-102.7992,78.2567],[-102.9005,78.2744]]],[[[-88.0574,78.4525],[-88.0714,78.4587],[-88.1603,78.4389],[-88.2079,78.4384],[-88.2344,78.4159],[-88.2474,78.3726],[-88.2014,78.3569],[-88.2943,78.3489],[-88.3795,78.319],[-88.4114,78.2794],[-88.3791,78.2454],[-88.2888,78.2468],[-88.2083,78.2818],[-88.1649,78.3168],[-88.1605,78.3637],[-88.0804,78.3996],[-88.0467,78.4232],[-88.0574,78.4525]]],[[[-110.0037,78.6869],[-110.0037,78.329],[-109.9604,78.3291],[-109.8719,78.3024],[-109.8232,78.2954],[-109.5079,78.3165],[-109.4239,78.3085],[-109.3389,78.3547],[-109.3251,78.3738],[-109.3557,78.3911],[-109.3141,78.4109],[-109.3343,78.4284],[-109.2595,78.4593],[-109.2665,78.4936],[-109.3197,78.4958],[-109.3467,78.5353],[-109.4069,78.559],[-109.4794,78.5723],[-109.5045,78.5896],[-109.6335,78.5868],[-109.6636,78.6039],[-109.7594,78.6282],[-109.8402,78.6363],[-109.856,78.6654],[-109.8873,78.6759],[-110.0037,78.6869]]],[[[-74.5581,78.7814],[-74.6272,78.784],[-74.6605,78.7535],[-74.6947,78.7473],[-74.6923,78.7217],[-74.3311,78.6784],[-74.2402,78.69],[-74.1671,78.7268],[-74.3156,78.7563],[-74.512,78.771],[-74.5581,78.7814]]],[[[-96.9103,77.7952],[-96.8614,77.789],[-96.7267,77.8368],[-96.6064,77.8475],[-96.5644,77.8415],[-96.5137,77.8566],[-96.6875,77.8525],[-96.7402,77.8703],[-96.7086,77.8803],[-96.6322,77.8774],[-96.5306,77.9022],[-96.4211,77.9018],[-96.4106,77.8771],[-96.3655,77.863],[-95.8085,77.903],[-95.7046,77.9263],[-95.5694,77.9345],[-95.5252,77.9481],[-95.4517,77.946],[-95.3774,77.9726],[-95.2667,77.9726],[-95.1626,77.9607],[-95.0607,77.9726],[-94.99,78.0198],[-94.8893,78.0689],[-94.9242,78.0867],[-94.8893,78.1093],[-95.0917,78.1646],[-95.109,78.1924],[-95.1816,78.2078],[-95.3331,78.2165],[-95.4032,78.2333],[-95.3699,78.2468],[-94.8813,78.3349],[-94.8279,78.3637],[-94.8729,78.3951],[-94.9347,78.4031],[-95.1187,78.4547],[-95.2634,78.4689],[-95.4611,78.5111],[-95.6998,78.5261],[-95.7459,78.5207],[-95.8683,78.491],[-95.907,78.4873],[-96.2735,78.5351],[-96.2189,78.5617],[-96.2121,78.5931],[-96.1642,78.6238],[-96.2394,78.6306],[-96.3404,78.6256],[-96.5431,78.6856],[-96.5978,78.694],[-96.7049,78.6863],[-96.8942,78.7029],[-96.9593,78.7336],[-97.3451,78.7733],[-97.451,78.7971],[-98.1491,78.8187],[-98.3559,78.7739],[-98.3155,78.7473],[-98.3702,78.7268],[-98.3155,78.7064],[-98.3292,78.6833],[-98.3161,78.6462],[-98.2336,78.6238],[-98.2231,78.6024],[-98.1376,78.6021],[-98.0276,78.5692],[-98.0305,78.5455],[-98.0758,78.5351],[-98.2882,78.5351],[-98.3399,78.5436],[-98.323,78.5207],[-98.3791,78.5206],[-98.4111,78.4941],[-98.3597,78.4517],[-98.2167,78.4152],[-98.035,78.3985],[-98.0902,78.3699],[-98.0139,78.3364],[-98.0685,78.3085],[-97.9137,78.2921],[-97.8388,78.2753],[-97.7668,78.247],[-97.8221,78.2333],[-97.9221,78.244],[-97.9195,78.2203],[-97.8296,78.2265],[-97.5351,78.2067],[-97.3942,78.2129],[-97.2284,78.195],[-97.1756,78.1762],[-97.0377,78.1524],[-96.9774,78.1556],[-96.8693,78.1372],[-96.9041,78.1235],[-96.8563,78.1093],[-96.9376,78.081],[-97.6569,78.0971],[-97.6849,78.0757],[-97.6514,78.0559],[-97.7743,78.0416],[-97.7528,78.0286],[-97.6719,78.0273],[-97.4348,77.9936],[-97.3433,77.9594],[-96.9935,77.9249],[-97.0529,77.8933],[-97.1238,77.8771],[-97.0873,77.842],[-97.1033,77.8082],[-97.0412,77.8082],[-96.9103,77.7952]]],[[[-105.6068,79.1036],[-105.607,79.0554],[-105.5635,79.0259],[-105.4025,79.0129],[-104.9534,79.0539],[-104.7456,79.039],[-104.6785,79.0111],[-104.7633,78.9731],[-104.817,78.9402],[-104.8328,78.9118],[-104.8738,78.8907],[-105.01,78.8451],[-105.0318,78.8262],[-105.0056,78.8071],[-104.9554,78.7982],[-104.8354,78.7998],[-104.785,78.8088],[-104.6888,78.8435],[-104.5795,78.8633],[-104.5293,78.893],[-104.4563,78.957],[-104.3702,78.969],[-104.2994,78.9587],[-104.2472,78.9971],[-104.0776,78.9863],[-104.0259,78.9442],[-103.8558,78.9146],[-103.8316,78.8914],[-103.8563,78.8826],[-104.149,78.8244],[-104.2233,78.7883],[-104.1881,78.7767],[-104.1,78.7772],[-104.0482,78.7574],[-103.9923,78.7574],[-103.8937,78.7814],[-103.8891,78.8098],[-103.8118,78.7957],[-103.7209,78.8065],[-103.6951,78.7957],[-103.7613,78.7744],[-103.8179,78.7405],[-103.7552,78.7467],[-103.6431,78.7718],[-103.592,78.7678],[-103.5821,78.7465],[-103.4984,78.7883],[-103.384,78.7746],[-103.3586,78.7486],[-103.3183,78.737],[-103.348,78.7217],[-103.4596,78.7206],[-103.5306,78.7064],[-103.4828,78.6716],[-103.9103,78.6688],[-103.9814,78.6552],[-104.0445,78.6306],[-104.0106,78.6202],[-103.4394,78.6252],[-103.4002,78.6169],[-103.435,78.6039],[-103.3797,78.5896],[-103.4943,78.5661],[-103.453,78.5474],[-103.4972,78.5065],[-103.5836,78.5024],[-103.7218,78.5243],[-104.0377,78.5207],[-104.641,78.5834],[-104.8192,78.578],[-104.8822,78.5574],[-104.9753,78.54],[-105.0177,78.5245],[-105.0433,78.4953],[-104.9904,78.4389],[-104.8688,78.3968],[-104.8196,78.3616],[-104.7313,78.3467],[-104.6757,78.3227],[-104.4657,78.2746],[-103.9465,78.2428],[-103.9045,78.253],[-103.9142,78.2744],[-103.8802,78.2763],[-103.7434,78.3101],[-103.6588,78.3211],[-103.498,78.3248],[-103.3797,78.3364],[-103.3345,78.3482],[-102.7441,78.3806],[-102.6671,78.3637],[-102.7972,78.3288],[-102.818,78.3119],[-102.8022,78.2878],[-102.765,78.2741],[-102.5925,78.2445],[-102.5429,78.2426],[-102.1608,78.2883],[-101.4984,78.2378],[-101.2903,78.1879],[-101.2626,78.1855],[-101.092,78.2056],[-101.0214,78.187],[-101.023,78.1583],[-100.9689,78.1248],[-100.8053,78.0961],[-100.7621,78.083],[-100.7629,78.0621],[-100.8285,78.055],[-100.8307,78.0153],[-100.7818,77.9726],[-100.6425,77.9167],[-100.6048,77.8839],[-100.61,77.864],[-100.389,77.844],[-100.2795,77.819],[-100.1112,77.815],[-99.9386,77.7829],[-99.8854,77.7861],[-99.7967,77.8194],[-99.1822,77.8437],[-99.0172,77.8938],[-99.0723,77.9208],[-99.0703,77.9385],[-99.1038,77.9659],[-98.9984,77.9888],[-98.9701,78.0041],[-98.9462,78.0689],[-99.0445,78.0819],[-99.2956,78.1855],[-99.4328,78.2129],[-99.5045,78.2709],[-99.5706,78.2953],[-99.7703,78.2944],[-99.8027,78.3085],[-99.7481,78.3808],[-99.798,78.4219],[-99.8717,78.4389],[-99.8336,78.4576],[-99.6935,78.4782],[-99.6593,78.5071],[-99.5973,78.5351],[-99.6519,78.5425],[-99.6261,78.559],[-99.5558,78.566],[-99.5284,78.5834],[-99.5579,78.5987],[-99.6454,78.6088],[-99.7692,78.6069],[-99.8298,78.6393],[-99.9364,78.6238],[-100.0634,78.6381],[-100.0343,78.657],[-99.9277,78.6785],[-99.8921,78.6989],[-99.9904,78.7361],[-100.2739,78.7721],[-100.3164,78.7842],[-100.3268,78.8143],[-100.3985,78.8299],[-100.5212,78.8239],[-100.5954,78.8008],[-100.7646,78.8016],[-100.9064,78.7737],[-101.0019,78.7814],[-101.0354,78.8039],[-101.1583,78.8019],[-101.2079,78.8225],[-101.1626,78.8378],[-101.1127,78.8725],[-100.9882,78.9316],[-101.0142,78.9505],[-101.1337,78.9783],[-101.1671,78.9583],[-101.3054,78.9775],[-101.6484,79.081],[-101.9103,79.0912],[-101.9578,79.0865],[-102.1205,79.0427],[-102.2829,79.0353],[-102.2953,79.0207],[-102.4208,79.0142],[-102.3798,78.967],[-102.4027,78.9348],[-102.5372,78.8776],[-102.5989,78.8776],[-102.6262,78.905],[-102.5716,78.9316],[-102.5884,78.9505],[-102.6643,78.9525],[-102.7288,78.9401],[-102.7764,78.946],[-102.75,78.9682],[-102.6649,78.986],[-102.637,79.0418],[-102.6072,79.0765],[-102.6269,79.1027],[-102.7497,79.1241],[-102.8249,79.165],[-102.8785,79.1677],[-102.9278,79.2134],[-102.8795,79.2333],[-103.0161,79.2471],[-103.1209,79.2907],[-103.2904,79.3096],[-103.3724,79.3009],[-103.657,79.3413],[-103.7216,79.3633],[-104.6784,79.321],[-105.1568,79.2999],[-105.4081,79.3343],[-105.4569,79.3293],[-105.4839,79.3022],[-105.4256,79.2964],[-105.449,79.2695],[-105.5608,79.2355],[-105.6278,79.165],[-105.6068,79.1036]]],[[[-100.1522,79.998],[-100.1443,79.9407],[-100.1801,79.9117],[-100.0702,79.8782],[-99.7051,79.885],[-99.5836,79.8987],[-99.3118,79.8484],[-99.2956,79.8161],[-99.3365,79.8093],[-99.303,79.7888],[-99.3304,79.7683],[-99.3001,79.7594],[-98.9589,79.7282],[-98.8848,79.7096],[-98.8779,79.6789],[-98.8028,79.6758],[-98.7805,79.7084],[-98.6514,79.7922],[-98.6719,79.8441],[-98.727,79.885],[-98.7681,79.8955],[-98.7687,79.926],[-98.706,79.967],[-98.778,79.997],[-98.7869,80.0222],[-98.8779,80.0563],[-98.8738,80.0838],[-98.9596,80.0955],[-99.0629,80.1252],[-99.1197,80.1337],[-99.4228,80.111],[-99.5703,80.1422],[-99.7794,80.1508],[-100.0603,80.0962],[-100.1252,80.0595],[-100.1937,80.0323],[-100.1522,79.998]]],[[[-95.8524,80.6528],[-95.6286,80.6573],[-95.4837,80.6299],[-95.1869,80.6129],[-94.9713,80.6391],[-95.0675,80.687],[-95.1637,80.7],[-95.4232,80.6976],[-95.4777,80.7084],[-95.5334,80.7],[-95.7254,80.7],[-95.7192,80.6938],[-96.0559,80.6937],[-96.1505,80.6658],[-95.8524,80.6528]]],[[[-96.6231,80.0443],[-96.5646,80.0522],[-96.3902,80.0489],[-96.644,80.0277],[-96.6776,80.0154],[-96.5956,79.9602],[-96.5579,79.9486],[-96.2074,79.9337],[-96.1369,79.9117],[-96.1704,79.9037],[-96.2807,79.9055],[-96.3902,79.885],[-96.4064,79.9133],[-96.5613,79.9051],[-96.6161,79.885],[-96.5888,79.8571],[-96.5427,79.8484],[-96.4376,79.8695],[-96.3902,79.8645],[-96.4932,79.8372],[-96.4066,79.8322],[-96.2852,79.8065],[-96.253,79.7888],[-96.253,79.7546],[-96.2191,79.7399],[-96.1339,79.7373],[-95.8537,79.6524],[-95.1933,79.6474],[-95.1442,79.6564],[-94.7702,79.6821],[-94.694,79.7064],[-94.6155,79.7119],[-94.5738,79.7431],[-94.4165,79.7529],[-94.3686,79.7683],[-94.3708,79.7849],[-94.3191,79.7839],[-94.2934,79.7587],[-94.3617,79.7342],[-94.3282,79.697],[-94.3406,79.6862],[-94.6364,79.6362],[-94.7277,79.6105],[-95.6115,79.559],[-95.7391,79.5424],[-95.7049,79.5076],[-95.739,79.4855],[-95.78,79.4809],[-95.6702,79.4468],[-95.78,79.4326],[-95.7554,79.4062],[-95.6979,79.4071],[-95.646,79.3943],[-95.3902,79.3773],[-95.386,79.3998],[-95.2804,79.4052],[-95.2806,79.3578],[-95.1637,79.35],[-95.2135,79.3306],[-95.2755,79.3421],[-95.3214,79.337],[-95.2579,79.3178],[-95.191,79.3159],[-95.2388,79.2885],[-95.211,79.281],[-95.1193,79.2817],[-95.0023,79.2674],[-94.9607,79.2916],[-94.5298,79.3425],[-94.3884,79.371],[-94.4471,79.3916],[-94.4844,79.3796],[-94.5126,79.4195],[-94.4801,79.4267],[-94.0919,79.3918],[-93.841,79.399],[-94.0098,79.3725],[-94.1441,79.3369],[-94.1611,79.2981],[-94.2109,79.2749],[-94.135,79.2799],[-94.0465,79.2612],[-93.9298,79.2592],[-93.786,79.2806],[-93.7223,79.3023],[-93.6287,79.3227],[-93.6839,79.3432],[-93.6544,79.3665],[-93.5731,79.3568],[-93.4951,79.3602],[-93.4125,79.4193],[-93.321,79.4521],[-93.2722,79.4514],[-93.2344,79.4182],[-93.3885,79.3432],[-93.0924,79.3708],[-93.005,79.3916],[-93.0255,79.4084],[-93.147,79.4663],[-93.0867,79.4871],[-93.0535,79.4802],[-92.9582,79.425],[-92.8472,79.4127],[-92.6063,79.4506],[-92.2875,79.4575],[-92.2303,79.4326],[-92.3515,79.418],[-92.423,79.4177],[-92.5804,79.3848],[-92.5478,79.3686],[-92.3985,79.371],[-92.1686,79.3524],[-92.0512,79.354],[-91.8303,79.3432],[-91.7437,79.3642],[-91.4617,79.3796],[-91.3295,79.3796],[-91.1628,79.3959],[-91.1205,79.3916],[-91.1341,79.3642],[-91.1703,79.3544],[-91.4955,79.3354],[-91.6588,79.3356],[-91.8331,79.3159],[-91.915,79.3022],[-92.0625,79.3008],[-92.1195,79.3188],[-92.1832,79.3159],[-92.1348,79.3022],[-92.5644,79.3104],[-92.6007,79.3041],[-92.6959,79.2674],[-92.6273,79.2454],[-92.0863,79.206],[-91.8854,79.2202],[-91.745,79.2172],[-91.3546,79.23],[-91.0442,79.2517],[-90.7631,79.2495],[-90.4166,79.2608],[-90.3878,79.2396],[-90.5281,79.2202],[-90.7001,79.2181],[-91.2393,79.1929],[-91.3756,79.195],[-91.5749,79.1804],[-91.8812,79.1635],[-92.2903,79.1531],[-92.5273,79.1677],[-92.7511,79.165],[-92.8404,79.1452],[-93.0011,79.1595],[-93.0843,79.1528],[-93.2291,79.1712],[-93.3305,79.171],[-93.433,79.1565],[-93.47,79.1201],[-93.5758,79.084],[-93.594,79.0626],[-93.6864,79.0598],[-93.8065,79.0478],[-93.9318,79.0434],[-94.021,79.0264],[-94.2103,79.0076],[-94.2935,78.9869],[-94.2716,78.9682],[-94.0627,78.9022],[-93.9603,78.8833],[-93.8746,78.834],[-93.7728,78.8312],[-93.5469,78.8386],[-93.3671,78.8205],[-93.3062,78.8041],[-93.0812,78.7784],[-93.0384,78.7678],[-93.0648,78.7418],[-93.1626,78.7399],[-93.5662,78.7863],[-93.7775,78.7827],[-93.8131,78.7678],[-93.7594,78.7544],[-93.6518,78.7088],[-93.5228,78.6767],[-93.3737,78.6883],[-93.3475,78.6784],[-93.4717,78.6518],[-93.3468,78.6083],[-93.2162,78.5896],[-92.9768,78.6043],[-92.9366,78.6221],[-92.8113,78.6381],[-92.733,78.6295],[-92.6559,78.6119],[-91.7373,78.5595],[-91.6492,78.565],[-91.654,78.5299],[-91.844,78.55],[-92.4705,78.5207],[-92.5194,78.4993],[-92.6282,78.4941],[-92.882,78.5071],[-92.8754,78.496],[-92.9691,78.4896],[-92.9913,78.4661],[-92.9527,78.4367],[-92.8704,78.4053],[-92.8219,78.4016],[-92.678,78.3684],[-92.6009,78.3569],[-92.6139,78.3364],[-92.5034,78.3132],[-92.3886,78.3085],[-92.2787,78.3284],[-92.2198,78.3323],[-92.1757,78.3153],[-92.2949,78.3041],[-92.3079,78.2829],[-92.2013,78.2825],[-92.1962,78.2613],[-92.1163,78.227],[-92.0044,78.2129],[-91.9699,78.2309],[-91.8595,78.2439],[-91.7659,78.2307],[-91.6044,78.1909],[-91.1846,78.1754],[-90.8841,78.1446],[-90.6036,78.1539],[-90.3527,78.1446],[-90.288,78.1674],[-90.2759,78.1865],[-90.3622,78.2274],[-90.3704,78.2563],[-90.3254,78.2744],[-90.3725,78.2875],[-90.5946,78.2912],[-90.7043,78.3057],[-90.7506,78.3227],[-90.7054,78.3354],[-90.5383,78.3227],[-90.332,78.3364],[-90.1388,78.3253],[-90.0465,78.3046],[-89.9555,78.2675],[-89.9604,78.2436],[-89.9014,78.2212],[-89.7135,78.2261],[-89.6519,78.2089],[-89.6144,78.1628],[-89.5354,78.1525],[-89.4552,78.1645],[-89.472,78.1862],[-89.5682,78.237],[-89.5992,78.2852],[-89.7872,78.3984],[-89.9763,78.4394],[-89.9822,78.4661],[-90.0587,78.5092],[-90.0511,78.5282],[-90.0995,78.5617],[-90.0667,78.6055],[-90.0062,78.6138],[-89.9555,78.5971],[-89.9009,78.5617],[-89.8492,78.5472],[-89.8043,78.5039],[-89.6575,78.4357],[-89.5514,78.4109],[-89.4908,78.3754],[-89.352,78.3391],[-89.2459,78.2621],[-89.05,78.1817],[-88.9988,78.1692],[-88.8544,78.1601],[-88.8113,78.1654],[-88.77,78.1855],[-88.7217,78.237],[-88.7123,78.268],[-88.6737,78.3227],[-88.571,78.3806],[-88.54,78.4169],[-88.5512,78.4328],[-88.7563,78.5487],[-88.7774,78.576],[-88.7643,78.5984],[-88.8048,78.6102],[-88.7674,78.618],[-88.6125,78.6102],[-88.5696,78.6125],[-88.5441,78.5896],[-88.2765,78.4766],[-88.2285,78.4636],[-88.0421,78.4793],[-87.9097,78.5524],[-87.8987,78.5742],[-87.9339,78.6169],[-88.022,78.6546],[-88.0672,78.6629],[-88.2772,78.6649],[-88.3249,78.6518],[-88.3585,78.6579],[-88.3226,78.6732],[-88.1602,78.6784],[-88.1443,78.7068],[-88.2047,78.7642],[-88.2281,78.8299],[-88.1871,78.905],[-88.2165,78.9529],[-88.1737,78.9956],[-88.1256,79.0056],[-87.9286,79.009],[-87.8787,79.0452],[-87.8055,79.079],[-87.7284,79.0831],[-87.7452,79.0613],[-87.8383,79.0285],[-87.7974,79.008],[-87.9891,78.9595],[-87.9558,78.9065],[-88.0002,78.8311],[-87.9845,78.7929],[-87.9164,78.7263],[-87.8588,78.6927],[-87.6723,78.6462],[-87.6216,78.6457],[-87.5367,78.6716],[-87.5292,78.6927],[-87.3921,78.7535],[-87.3098,78.8093],[-87.2218,78.8217],[-87.0361,78.8745],[-86.9402,78.9186],[-86.9849,78.9497],[-87.0011,78.9901],[-86.9879,79.0521],[-86.9436,79.0589],[-86.912,79.0196],[-86.8105,78.9732],[-86.7467,78.9591],[-86.6146,78.9742],[-86.552,79.0399],[-86.5628,79.049],[-86.5039,79.0687],[-85.6765,79.1496],[-85.633,79.1626],[-85.5105,79.1662],[-85.4048,79.1906],[-85.3165,79.1923],[-85.196,79.234],[-84.9481,79.2601],[-84.9126,79.2707],[-84.9186,79.296],[-85.0558,79.3568],[-85.1036,79.3719],[-85.2469,79.397],[-85.3246,79.4381],[-85.3944,79.4533],[-85.4192,79.4879],[-85.5351,79.5408],[-85.5638,79.5798],[-85.6243,79.6038],[-85.6987,79.618],[-85.7865,79.6174],[-85.8618,79.593],[-85.8987,79.5356],[-85.8944,79.499],[-85.9296,79.4904],[-86.0106,79.4392],[-86.0675,79.4362],[-86.1662,79.4599],[-86.1361,79.4717],[-86.0284,79.4809],[-86.0694,79.5076],[-86.1383,79.5219],[-86.0421,79.5486],[-86.0421,79.5691],[-86.1669,79.6056],[-86.2565,79.639],[-86.3091,79.6481],[-86.6204,79.652],[-86.7193,79.6425],[-86.8172,79.6175],[-86.712,79.592],[-86.6938,79.5691],[-86.769,79.5704],[-86.7764,79.5561],[-86.8379,79.5498],[-86.8209,79.5841],[-86.8448,79.5932],[-86.991,79.6035],[-87.1593,79.5766],[-87.2213,79.5322],[-87.2806,79.5122],[-87.3412,79.5082],[-87.4609,79.5356],[-87.4473,79.5691],[-87.4107,79.5904],[-87.1887,79.6278],[-87.1313,79.6551],[-87.1313,79.6728],[-87.0569,79.7379],[-87.0646,79.7946],[-86.9713,79.8816],[-86.962,79.9088],[-87.0324,79.9125],[-87.3468,79.8425],[-87.4883,79.8372],[-87.4379,79.8611],[-87.3121,79.8737],[-87.2293,79.9189],[-87.1002,79.9362],[-87.0352,79.939],[-87.0085,79.9533],[-87.1251,79.988],[-87.1688,80.0085],[-87.2394,80.0704],[-87.7141,80.0796],[-87.8634,80.059],[-87.9354,80.0681],[-87.9891,80.111],[-88.0636,80.1252],[-88.0246,80.1385],[-87.6694,80.1621],[-87.5756,80.1796],[-87.5722,80.2282],[-87.6118,80.2686],[-87.6119,80.3285],[-87.6743,80.4038],[-87.7006,80.4126],[-88.469,80.4399],[-88.5963,80.4127],[-88.6811,80.3775],[-88.6501,80.3389],[-88.7086,80.2897],[-88.5934,80.2383],[-88.5093,80.2208],[-88.3102,80.212],[-88.2555,80.1867],[-88.2931,80.174],[-88.3312,80.1867],[-88.4274,80.1929],[-88.3993,80.1752],[-88.3187,80.1597],[-88.1461,80.0973],[-88.2449,80.1069],[-88.2749,80.1218],[-88.3928,80.142],[-88.482,80.1451],[-88.4137,80.111],[-88.5384,80.0991],[-88.6024,80.1185],[-89.04,80.1938],[-89.1588,80.2325],[-89.2353,80.2738],[-89.2605,80.3037],[-89.1657,80.3188],[-89.1058,80.3437],[-89.1302,80.3556],[-89.0785,80.399],[-89.1208,80.4096],[-89.2139,80.3929],[-89.2572,80.399],[-89.2294,80.4152],[-89.1086,80.4433],[-89.058,80.4678],[-89.3249,80.5368],[-89.6265,80.5429],[-89.6313,80.5317],[-89.7159,80.5368],[-89.8319,80.5293],[-89.7475,80.4825],[-89.7743,80.4641],[-90.0067,80.5419],[-90.4918,80.5634],[-90.5548,80.5788],[-90.5754,80.5646],[-90.7311,80.5667],[-90.7503,80.5942],[-90.6188,80.6319],[-90.6136,80.6558],[-90.7098,80.7033],[-91.0889,80.7486],[-91.154,80.79],[-91.1471,80.8131],[-91.2574,80.8409],[-91.3611,80.8996],[-91.4308,80.9089],[-91.527,80.9464],[-91.5246,80.978],[-91.7081,81.038],[-91.915,81.0774],[-91.7853,81.091],[-91.8473,81.1252],[-91.7983,81.1592],[-91.8291,81.1619],[-92.2369,81.2563],[-92.3708,81.2636],[-92.4884,81.2859],[-92.7064,81.3018],[-92.7729,81.3177],[-93.0963,81.3475],[-93.2577,81.3734],[-93.5267,81.3871],[-93.5666,81.3791],[-93.4855,81.3348],[-93.5666,81.3033],[-93.6643,81.3394],[-93.928,81.3585],[-94.1885,81.3666],[-94.2799,81.3442],[-94.2504,81.3225],[-94.3603,81.2929],[-94.3959,81.2617],[-94.3337,81.2438],[-94.1664,81.2232],[-93.9206,81.2095],[-93.7766,81.2071],[-93.579,81.2241],[-93.2172,81.2145],[-93.252,81.2003],[-93.1442,81.1911],[-93.1,81.1564],[-93.1601,81.1453],[-93.1217,81.1183],[-93.1558,81.0978],[-93.3135,81.0867],[-93.5189,81.091],[-93.4916,81.07],[-93.8236,81.1047],[-94.1557,81.0978],[-94.3024,81.1227],[-94.3599,81.1047],[-94.1702,81.0637],[-93.9702,81.0581],[-93.9093,81.0426],[-94.0388,81.0524],[-94.0738,81.0426],[-93.9366,81.029],[-93.9366,81.0228],[-94.105,81.0306],[-94.129,81.0153],[-94.2154,81.0058],[-94.2518,81.017],[-94.3707,80.9749],[-94.4471,80.9675],[-94.5126,80.988],[-94.4573,81.0153],[-94.5456,81.0333],[-94.8631,81.0646],[-94.903,81.0637],[-95.0387,81.0352],[-95.1678,81.0291],[-95.2318,81.0153],[-95.2711,80.9618],[-95.2991,80.9484],[-95.4852,80.9061],[-95.4352,80.8884],[-95.15,80.8856],[-95.1922,80.8724],[-95.4807,80.8493],[-95.5336,80.8241],[-95.4997,80.808],[-95.1391,80.7973],[-94.9284,80.8201],[-94.8558,80.8099],[-94.8973,80.7959],[-95.0402,80.7825],[-95.0248,80.7714],[-94.6952,80.7341],[-94.514,80.7259],[-94.3891,80.7484],[-94.3106,80.7458],[-94.314,80.7273],[-94.255,80.7232],[-94.1288,80.7282],[-94.0738,80.7074],[-94.6202,80.6934],[-94.6771,80.6658],[-94.6008,80.6418],[-94.5211,80.6049],[-94.3754,80.6174],[-94.0055,80.5914],[-93.7858,80.5368],[-93.7858,80.5293],[-93.9349,80.5219],[-93.9866,80.5582],[-94.0321,80.5487],[-94.2868,80.5666],[-94.576,80.5554],[-94.7617,80.5692],[-94.9815,80.6037],[-95.296,80.5876],[-95.6263,80.5915],[-96.027,80.5839],[-96.0074,80.5641],[-95.9219,80.5424],[-95.9646,80.5095],[-96.1022,80.4946],[-96.0587,80.4819],[-95.7922,80.4514],[-95.73,80.4154],[-95.5641,80.39],[-95.4839,80.39],[-95.4374,80.3437],[-95.5643,80.3525],[-95.6684,80.3716],[-95.8099,80.3695],[-95.949,80.3915],[-96.1024,80.3896],[-96.2548,80.3739],[-96.2803,80.3642],[-96.2189,80.3437],[-96.3297,80.3398],[-96.4535,80.3574],[-96.4591,80.3437],[-96.6322,80.3644],[-96.685,80.3437],[-96.5749,80.33],[-96.4913,80.3293],[-96.4815,80.3104],[-96.5683,80.2761],[-96.3216,80.2616],[-95.9691,80.2014],[-95.8824,80.2003],[-95.6125,80.2481],[-95.5627,80.2277],[-95.376,80.2277],[-95.2636,80.251],[-95.232,80.2413],[-95.3371,80.2094],[-95.5592,80.21],[-95.6763,80.1926],[-95.6559,80.1769],[-95.4015,80.1267],[-94.9598,80.1423],[-94.6934,80.1882],[-94.6171,80.2226],[-94.5408,80.2255],[-94.4921,80.2072],[-94.1068,80.1871],[-94.0875,80.1799],[-94.5458,80.1577],[-94.8074,80.0973],[-94.6454,80.051],[-94.5615,80.0384],[-94.4245,80.0065],[-94.3822,79.988],[-94.4228,79.9822],[-94.8457,80.0454],[-94.9584,80.0459],[-95.1693,80.034],[-95.4674,80.048],[-95.6702,80.0489],[-95.704,80.0569],[-96.0185,80.072],[-96.3639,80.1415],[-96.7106,80.1481],[-96.748,80.1401],[-96.7827,80.1005],[-96.773,80.0727],[-96.7213,80.0541],[-96.6231,80.0443]]],[[[-61.0855,82.3312],[-61.137,82.3823],[-61.3412,82.4502],[-61.5789,82.4889],[-62.1059,82.4963],[-62.099,82.51],[-62.2573,82.51],[-62.2574,82.4897],[-62.3523,82.482],[-62.3012,82.5212],[-62.1747,82.5299],[-62.7393,82.5234],[-62.7644,82.51],[-62.729,82.4889],[-62.7978,82.4901],[-62.8411,82.5182],[-62.9014,82.5115],[-63.035,82.4567],[-63.3733,82.441],[-63.3095,82.4609],[-63.0933,82.4684],[-63.0655,82.5373],[-63.0007,82.5636],[-62.9283,82.5708],[-62.9627,82.5935],[-63.3706,82.6118],[-63.3808,82.6254],[-63.302,82.6236],[-63.2299,82.6466],[-63.3217,82.6623],[-63.5589,82.6807],[-63.5384,82.7012],[-63.6515,82.7178],[-63.8531,82.7216],[-63.49,82.741],[-63.3808,82.77],[-63.3808,82.8036],[-63.4471,82.8267],[-64.1363,82.8374],[-64.3284,82.7908],[-64.3931,82.7922],[-64.4429,82.7605],[-64.5768,82.7943],[-64.7102,82.8148],[-64.7513,82.8315],[-64.7103,82.8588],[-64.8865,82.8601],[-64.9031,82.8829],[-64.7152,82.8795],[-64.6557,82.9004],[-64.6967,82.9098],[-65.1324,82.8994],[-65.2017,82.881],[-65.3061,82.8724],[-65.2576,82.8633],[-65.1448,82.8668],[-65.1007,82.852],[-65.1946,82.847],[-65.3545,82.8036],[-65.3073,82.7882],[-65.2032,82.7831],[-65.1553,82.77],[-65.4449,82.7775],[-65.5259,82.8036],[-65.4569,82.8315],[-65.4925,82.8431],[-65.8516,82.8424],[-66.6295,82.7583],[-66.6772,82.7291],[-66.6676,82.7119],[-66.8601,82.7242],[-67.1023,82.7108],[-67.1463,82.6979],[-67.2624,82.6931],[-67.442,82.6584],[-68.6177,82.6304],[-68.6715,82.6397],[-68.6373,82.6533],[-68.4853,82.6703],[-68.4283,82.6848],[-67.8684,82.721],[-67.7878,82.7373],[-67.6797,82.7386],[-67.5996,82.7523],[-67.2467,82.7702],[-67.1505,82.7927],[-66.8463,82.8121],[-66.8069,82.8315],[-66.3628,82.8941],[-66.3892,82.9209],[-66.2998,82.9345],[-66.4029,82.9432],[-66.6562,82.9414],[-66.7851,82.9584],[-66.8524,82.926],[-66.9789,82.9345],[-66.9373,82.9543],[-67.0977,82.9636],[-67.1802,82.9333],[-67.5968,82.9712],[-67.9996,82.954],[-68.1319,82.9332],[-68.1911,82.9482],[-68.1433,82.9897],[-68.1718,82.9991],[-68.5337,83.0096],[-68.6794,82.9831],[-68.9537,82.9831],[-68.9862,82.996],[-68.9763,83.0265],[-69.0393,83.0458],[-69.2144,83.0135],[-69.617,82.9899],[-69.6057,83.006],[-69.4834,83.0456],[-69.6762,83.045],[-69.7744,83.0512],[-69.6652,83.0779],[-69.7335,83.0921],[-69.6577,83.1052],[-69.6875,83.1165],[-70.8174,83.1111],[-70.8917,83.0996],[-70.8371,83.0921],[-70.9457,83.0854],[-71.0129,83.1015],[-71.1244,83.0996],[-71.1116,83.0703],[-71.2691,83.0605],[-71.4806,83.0224],[-71.4547,82.9996],[-71.3089,82.9897],[-70.8672,82.9051],[-70.8371,82.8861],[-71.5832,82.9482],[-71.5695,82.9619],[-71.7652,83.0017],[-71.7961,83.0201],[-71.7667,83.0425],[-71.5832,83.0921],[-71.6276,83.1033],[-72.2738,83.1088],[-72.5017,83.0779],[-72.5916,83.1024],[-72.788,83.0823],[-72.9722,83.073],[-73.0089,83.0581],[-72.886,83.0581],[-72.9327,83.0445],[-73.2478,83.0207],[-73.4361,82.9719],[-73.5735,82.9592],[-73.6531,82.9271],[-73.5716,82.9114],[-73.453,82.9027],[-73.3258,82.8439],[-73.1143,82.7915],[-72.5017,82.7291],[-72.6116,82.7154],[-72.5911,82.7012],[-73.0036,82.756],[-73.8284,82.8657],[-73.9025,82.9134],[-73.9958,82.9345],[-74.0529,82.9637],[-74.2,83.0021],[-75.0569,83.0421],[-75.187,83.0231],[-75.2905,83.0233],[-75.4313,83.0401],[-76.1355,83.0537],[-76.2366,83.035],[-77.1304,83.0106],[-77.175,83.0233],[-77.134,83.037],[-77.335,83.0133],[-77.3872,82.9897],[-76.6678,82.8799],[-76.5396,82.823],[-76.3736,82.7905],[-75.9757,82.7905],[-76.0564,82.7703],[-76.2307,82.7742],[-76.3116,82.7564],[-76.2724,82.7264],[-76.2118,82.7084],[-76.0924,82.7012],[-76.1061,82.6881],[-75.44,82.6305],[-75.4004,82.6192],[-75.4615,82.6008],[-75.668,82.5937],[-76.1736,82.456],[-76.2637,82.4684],[-76.1929,82.5159],[-76.0803,82.5417],[-75.8938,82.5987],[-75.9613,82.6004],[-76.1667,82.6329],[-76.281,82.6351],[-76.4324,82.6648],[-76.5569,82.6755],[-76.7311,82.7436],[-76.7888,82.7584],[-76.9289,82.7679],[-76.9502,82.8062],[-77.1387,82.8669],[-77.8522,82.926],[-78.0818,82.9046],[-78.114,82.8929],[-78.0188,82.8662],[-78.0587,82.8588],[-78.202,82.8784],[-78.2437,82.8663],[-78.1754,82.8315],[-78.2578,82.8502],[-78.3656,82.8569],[-78.4206,82.8723],[-78.5187,82.8461],[-78.5591,82.8663],[-78.5089,82.9214],[-78.606,82.9436],[-78.7928,82.9437],[-78.9897,82.8779],[-79.0736,82.8799],[-79.1235,82.9222],[-79.2177,82.9345],[-79.1907,82.954],[-79.2722,82.9543],[-79.3405,82.9755],[-80.1581,82.9393],[-80.2054,82.9225],[-80.4298,82.9004],[-80.3522,82.8644],[-79.6763,82.8315],[-79.6763,82.8247],[-79.9235,82.8223],[-79.9984,82.8036],[-79.9234,82.798],[-79.895,82.7652],[-78.5044,82.6881],[-78.5479,82.676],[-78.9409,82.6706],[-79.0382,82.6813],[-79.1265,82.6691],[-79.9008,82.7179],[-79.9848,82.6943],[-79.9422,82.6792],[-79.7992,82.6533],[-79.8743,82.6462],[-79.9227,82.6564],[-80.1016,82.6701],[-80.1834,82.7012],[-80.1424,82.7216],[-80.2926,82.7564],[-80.3154,82.7864],[-81.4739,82.8303],[-81.5408,82.8237],[-81.5762,82.7912],[-81.4783,82.7659],[-81.3664,82.7558],[-81.2687,82.7277],[-81.1601,82.7171],[-81.0972,82.6727],[-80.6006,82.5588],[-80.5806,82.5434],[-80.887,82.535],[-81.4164,82.6313],[-82.07,82.6743],[-82.328,82.6592],[-82.3968,82.6192],[-82.2943,82.5845],[-81.9238,82.5299],[-81.9136,82.5246],[-81.5,82.4977],[-82.4973,82.5094],[-82.6809,82.4393],[-82.7301,82.4105],[-82.7116,82.3815],[-81.7651,82.2357],[-81.2919,82.1628],[-80.8693,82.1599],[-80.9665,82.1376],[-80.9337,82.1039],[-79.8637,82.0269],[-79.8346,82.0159],[-79.9234,81.9886],[-79.8698,81.9755],[-79.7566,81.9735],[-79.7036,81.9613],[-79.6809,81.9358],[-79.2306,81.8179],[-79.5291,81.824],[-79.6152,81.8591],[-80.0213,81.9676],[-80.4403,82.008],[-80.5181,81.9962],[-80.6088,82.0022],[-80.6148,82.0159],[-81.1014,82.0677],[-81.5812,82.1196],[-82.1297,82.1902],[-82.4008,82.2472],[-82.5716,82.2472],[-82.9699,82.2984],[-83.025,82.2852],[-83.0087,82.2305],[-82.8371,82.1871],[-82.627,82.1037],[-82.5843,82.0948],[-82.112,82.0994],[-81.9449,82.0712],[-81.8766,82.0438],[-81.9471,82.0352],[-82.1018,82.0596],[-83.1304,82.0712],[-82.9792,82.0994],[-82.9517,82.1258],[-83.034,82.1716],[-83.3362,82.2283],[-83.37,82.272],[-83.4268,82.303],[-83.6749,82.349],[-84.1986,82.3728],[-84.3474,82.3533],[-84.3836,82.3728],[-84.5206,82.3998],[-84.946,82.4274],[-84.9003,82.4383],[-84.647,82.4431],[-84.6235,82.4525],[-84.7084,82.483],[-85.7619,82.4675],[-85.9012,82.4447],[-85.8957,82.4267],[-85.7873,82.4262],[-85.7063,82.4138],[-85.5484,82.4158],[-85.5009,82.4001],[-85.5352,82.3657],[-85.5157,82.352],[-85.4189,82.3517],[-85.4947,82.3237],[-85.3506,82.2903],[-85.401,82.277],[-85.5627,82.2746],[-85.6725,82.245],[-86.3578,82.2308],[-86.5583,82.2413],[-86.848,82.2206],[-86.8594,82.1903],[-86.7282,82.1374],[-85.7403,82.0643],[-84.7524,81.9912],[-84.7132,81.9681],[-84.6856,81.9241],[-84.6033,81.893],[-84.72,81.9039],[-84.8293,81.9402],[-84.8233,81.9689],[-84.8659,81.9935],[-85.032,81.9991],[-85.0695,81.9886],[-84.9395,81.9309],[-84.7957,81.8856],[-84.9105,81.8951],[-85.021,81.9203],[-85.2,81.9974],[-85.2679,82.008],[-85.6837,82.0078],[-85.7342,81.9886],[-85.6402,81.9486],[-85.406,81.8874],[-85.3711,81.8651],[-85.4294,81.8601],[-85.9788,82.0165],[-86.1118,82.0324],[-86.1621,82.0458],[-86.6289,82.0587],[-86.9648,82.0515],[-86.9927,82.0245],[-86.844,81.9886],[-87.1314,81.9756],[-87.0898,81.956],[-86.814,81.9317],[-86.7279,81.893],[-87.2896,81.9645],[-87.3176,81.9756],[-87.1736,82.0159],[-87.1936,82.0306],[-87.3728,82.0774],[-87.5879,82.0916],[-87.7934,82.0774],[-87.9991,82.1053],[-88.0916,82.1053],[-88.1177,82.0934],[-88.2366,82.0808],[-88.6807,82.0584],[-89.0074,82.0068],[-89.058,81.9886],[-88.9891,81.9476],[-88.9891,81.9277],[-89.0793,81.9141],[-89.2521,81.9487],[-89.3445,81.9465],[-89.4132,81.9296],[-89.3791,81.9068],[-89.1763,81.9005],[-89.1475,81.8856],[-89.2688,81.8428],[-89.3699,81.8196],[-89.4826,81.8241],[-89.4776,81.8443],[-89.5341,81.8446],[-89.6448,81.864],[-89.7432,81.8998],[-89.6812,81.9135],[-89.7646,81.922],[-89.8924,81.9011],[-89.9831,81.9028],[-89.9351,81.8856],[-90.2429,81.8998],[-90.6129,81.8767],[-90.6855,81.862],[-90.7323,81.8393],[-91.0139,81.8423],[-91.0913,81.8304],[-91.1541,81.8037],[-91.0312,81.7695],[-91.2065,81.7627],[-91.398,81.7769],[-91.4844,81.7718],[-91.618,81.7366],[-91.7085,81.7344],[-91.7512,81.7005],[-91.8127,81.6801],[-91.7716,81.6671],[-91.9126,81.6702],[-91.9566,81.6602],[-91.8672,81.646],[-91.9492,81.6323],[-91.8809,81.6186],[-91.812,81.6207],[-91.7515,81.6048],[-91.4817,81.5962],[-91.442,81.5852],[-91.4171,81.5439],[-91.47,81.5299],[-91.1439,81.56],[-91.0826,81.5413],[-90.9623,81.5635],[-91.0076,81.6084],[-90.9287,81.6323],[-90.7806,81.6418],[-90.7159,81.6743],[-90.6828,81.6771],[-90.4875,81.6582],[-90.3938,81.6602],[-90.2913,81.646],[-90.3565,81.6907],[-90.2987,81.7041],[-90.2366,81.696],[-90.1336,81.6602],[-90.0238,81.646],[-90.0921,81.6261],[-89.8389,81.6323],[-89.5856,81.6323],[-89.6415,81.6017],[-89.9148,81.5964],[-89.976,81.5676],[-90.0899,81.5699],[-90.8336,81.4643],[-90.8599,81.4473],[-90.4831,81.3989],[-90.552,81.3852],[-90.4923,81.3708],[-90.3502,81.376],[-90.2582,81.3978],[-89.7852,81.4463],[-89.5143,81.4875],[-89.3083,81.5052],[-88.9785,81.5405],[-88.6129,81.5537],[-88.5053,81.5639],[-88.4036,81.5865],[-88.2825,81.586],[-88.2486,81.5635],[-88.136,81.5572],[-88.0476,81.5703],[-87.3135,81.5179],[-87.2487,81.4951],[-87.284,81.4861],[-87.5264,81.5169],[-87.7219,81.5162],[-87.7873,81.5237],[-87.8929,81.5108],[-87.9756,81.5224],[-87.9407,81.5361],[-88.3074,81.5223],[-88.4956,81.5228],[-88.8889,81.5005],[-88.9339,81.4815],[-88.8478,81.463],[-88.8861,81.4552],[-88.9909,81.4693],[-89.2434,81.411],[-89.4536,81.4064],[-89.6086,81.3639],[-89.9245,81.3422],[-89.9556,81.3306],[-89.8313,81.3037],[-89.574,81.2858],[-89.3874,81.2518],[-88.9947,81.2661],[-88.9339,81.2487],[-89.5586,81.2086],[-89.6044,81.2105],[-89.7933,81.2468],[-89.9167,81.2402],[-89.9836,81.2499],[-90.2981,81.1935],[-90.3528,81.1737],[-90.3189,81.1417],[-90.2487,81.1121],[-90.1821,81.07],[-90.0822,81.0464],[-89.8262,81.013],[-88.8429,81.0464],[-87.8596,81.0797],[-87.3885,81.0694],[-86.9351,81.111],[-86.5219,81.1252],[-86.2936,81.1522],[-86.2002,81.189],[-85.8752,81.2402],[-85.245,81.2991],[-85.0092,81.3035],[-84.9391,81.3102],[-84.8485,81.2905],[-84.7742,81.2996],[-84.7337,81.2835],[-84.8413,81.2613],[-85.1862,81.2343],[-85.533,81.1892],[-85.6028,81.1705],[-85.751,81.1431],[-85.8576,81.1332],[-85.9192,81.1116],[-85.8304,81.0842],[-85.8583,81.076],[-86.0157,81.0838],[-86.2814,81.0694],[-86.4581,81.0282],[-86.6992,81.0054],[-87.0291,81.0058],[-87.1381,80.9897],[-87.6186,80.9814],[-87.8301,80.9988],[-88.4132,80.9988],[-88.8607,80.9811],[-89.0255,80.9574],[-89.2719,80.9532],[-89.3465,80.9365],[-89.4344,80.9284],[-89.4512,80.9069],[-89.3864,80.8789],[-89.1846,80.8515],[-88.9314,80.7985],[-88.6252,80.769],[-88.3778,80.722],[-88.1011,80.6808],[-87.8949,80.6749],[-87.7065,80.6455],[-87.4651,80.6337],[-87.276,80.6318],[-87.1647,80.6643],[-87.0991,80.6915],[-87.0639,80.7336],[-86.6181,80.8372],[-86.5631,80.8746],[-86.4619,80.8886],[-86.3669,80.9272],[-86.1116,80.9929],[-85.781,81.034],[-85.491,81.051],[-85.3931,81.0602],[-85.2798,81.0513],[-85.1774,81.069],[-84.2576,81.1001],[-84.2037,81.0957],[-83.2943,81.1406],[-82.3848,81.1854],[-82.3633,81.1799],[-82.459,81.1606],[-82.6992,81.1489],[-82.7528,81.1357],[-83.679,81.0936],[-84.1421,81.0725],[-84.2195,81.0581],[-84.8841,81.0281],[-84.9568,81.0444],[-85.0006,81.029],[-85.1961,81.0228],[-85.2336,81.0107],[-85.3637,80.9955],[-85.6225,80.9803],[-85.7985,80.9463],[-86.1751,80.8312],[-86.5517,80.7162],[-86.6883,80.651],[-86.7491,80.6045],[-86.1178,80.5368],[-86.0502,80.5378],[-85.7853,80.6018],[-85.5629,80.6249],[-85.6345,80.6009],[-85.7957,80.5746],[-85.8645,80.543],[-85.797,80.5304],[-85.6509,80.5412],[-85.5506,80.5255],[-85.1214,80.5041],[-84.9271,80.53],[-84.6912,80.5317],[-84.397,80.51],[-84.0795,80.5361],[-83.8987,80.5375],[-83.8017,80.5598],[-83.7195,80.6318],[-83.7733,80.6823],[-83.8267,80.7088],[-83.8099,80.7388],[-83.7747,80.7416],[-83.8628,80.7621],[-83.7061,80.7486],[-83.601,80.7794],[-83.532,80.7845],[-83.3837,80.8099],[-83.2737,80.8465],[-83.1236,80.831],[-83.1499,80.8177],[-83.3564,80.7695],[-83.5264,80.758],[-83.5686,80.7416],[-83.499,80.7012],[-83.3018,80.6984],[-83.0015,80.723],[-82.5786,80.7416],[-82.5081,80.7712],[-82.4224,80.7728],[-82.3738,80.7856],[-82.1287,80.8089],[-81.9703,80.8372],[-81.76,80.8167],[-81.9422,80.7614],[-82.0273,80.7545],[-82.1494,80.7269],[-82.8349,80.6846],[-82.8903,80.6586],[-83.0497,80.6528],[-83.119,80.6322],[-83.1683,80.5877],[-83.1657,80.561],[-83.1204,80.5478],[-82.9131,80.5394],[-82.7248,80.5535],[-82.3896,80.5581],[-82.3389,80.567],[-81.8119,80.5983],[-81.5528,80.6218],[-81.2171,80.6277],[-80.8756,80.663],[-80.6341,80.7042],[-80.3574,80.7396],[-80.057,80.7631],[-79.9275,80.7977],[-79.6145,80.8276],[-79.4829,80.8662],[-79.4374,80.9061],[-79.3776,80.9286],[-79.2794,80.9296],[-79.1712,80.9737],[-79.1828,80.9957],[-79.2443,80.9877],[-79.3467,81.0017],[-79.2586,81.0638],[-79.107,81.071],[-79.0662,81.0911],[-79.1532,81.103],[-79.4632,81.1754],[-79.505,81.2003],[-78.9441,81.1074],[-78.7368,81.1136],[-78.69,81.1252],[-78.7576,81.1389],[-78.6829,81.1918],[-78.5938,81.2123],[-78.4829,81.2256],[-78.1917,81.3052],[-77.8747,81.3358],[-77.7801,81.3578],[-76.8539,81.4553],[-76.7917,81.452],[-76.7591,81.4331],[-76.9667,81.4062],[-77.0715,81.3756],[-77.1958,81.3765],[-77.366,81.3402],[-77.6242,81.3212],[-77.666,81.3066],[-77.8421,81.2844],[-77.9905,81.2487],[-78.0574,81.2192],[-78.1597,81.1929],[-78.2646,81.1799],[-78.38,81.1786],[-78.4442,81.1705],[-78.4766,81.1519],[-78.3946,81.1463],[-78.4697,81.1044],[-78.8858,81.0118],[-78.9267,80.9861],[-78.8784,80.9576],[-78.862,80.9254],[-78.9364,80.8788],[-78.8478,80.8577],[-78.116,80.8883],[-77.9976,80.9061],[-77.3895,80.9045],[-77.0244,80.8868],[-76.7763,80.9028],[-76.5892,80.9024],[-76.4835,80.8788],[-76.5153,80.8561],[-76.5691,80.8463],[-77.1359,80.8323],[-77.5073,80.8338],[-77.731,80.8174],[-78.1893,80.806],[-78.2332,80.7931],[-78.3384,80.7829],[-78.5319,80.7807],[-78.6383,80.754],[-78.8499,80.7455],[-79.0788,80.7115],[-79.3916,80.6984],[-79.5684,80.6643],[-79.9114,80.6312],[-79.9643,80.6113],[-79.2738,80.61],[-78.7851,80.6159],[-78.0179,80.597],[-78.0523,80.5691],[-78.1094,80.5637],[-78.6996,80.5703],[-78.8132,80.5555],[-78.9275,80.5644],[-79.0403,80.5498],[-79.4297,80.5528],[-79.5097,80.538],[-80.0512,80.5276],[-80.3616,80.5083],[-80.2926,80.4884],[-80.3523,80.4726],[-81.6121,80.411],[-81.9886,80.404],[-82.5362,80.3746],[-83.1592,80.3354],[-83.2056,80.3171],[-83.0017,80.2796],[-82.9424,80.2444],[-82.5186,80.1155],[-82.1687,80.0183],[-82.0703,80.0101],[-81.9992,79.991],[-81.4573,79.9542],[-81.4037,79.9397],[-81.4423,79.9267],[-81.5675,79.926],[-81.6617,79.9076],[-81.5713,79.8267],[-81.5656,79.8066],[-81.629,79.7684],[-81.5061,79.7547],[-81.5334,79.7213],[-81.5032,79.7148],[-81.3222,79.7206],[-80.881,79.6539],[-80.4446,79.675],[-80.4001,79.6897],[-79.752,79.707],[-79.9196,79.6485],[-80.0845,79.6512],[-80.6201,79.6041],[-80.6427,79.5908],[-80.5875,79.5692],[-81.378,79.6429],[-81.4532,79.6417],[-81.587,79.6013],[-81.6516,79.5942],[-81.7873,79.6114],[-81.7507,79.6263],[-81.6837,79.6103],[-81.616,79.6244],[-81.6775,79.6484],[-81.6706,79.6933],[-81.8311,79.6934],[-81.9114,79.703],[-81.9859,79.7274],[-81.9648,79.7473],[-82.0149,79.7749],[-82.1047,79.8423],[-82.1709,79.8689],[-82.6776,79.9918],[-83.1133,80.0742],[-83.3438,80.146],[-83.7879,80.2509],[-84.0379,80.2685],[-84.6267,80.2787],[-85.3157,80.2685],[-85.7271,80.3152],[-85.8933,80.3384],[-86.4377,80.32],[-86.5157,80.3028],[-86.5088,80.2898],[-86.5568,80.2049],[-86.6431,80.1532],[-86.6332,80.098],[-86.5838,80.0505],[-86.4411,80.0076],[-85.9524,79.9917],[-85.8726,79.9777],[-85.5214,79.9654],[-85.4248,79.9339],[-85.2538,79.926],[-85.3326,79.9001],[-85.4189,79.9056],[-85.5346,79.9355],[-85.8789,79.9415],[-85.9655,79.9558],[-86.3118,79.9737],[-86.3963,79.963],[-86.4493,79.9372],[-86.4747,79.8926],[-86.4536,79.8503],[-86.3785,79.8236],[-86.4687,79.8237],[-86.4895,79.8135],[-86.4899,79.7698],[-86.4499,79.7542],[-86.1578,79.7327],[-85.8628,79.6981],[-85.6278,79.7091],[-85.3216,79.6797],[-85.021,79.6175],[-85.049,79.5908],[-84.9664,79.5561],[-84.9683,79.5384],[-84.8846,79.5145],[-84.8793,79.4874],[-84.689,79.4477],[-84.5898,79.4401],[-84.4866,79.4127],[-84.4825,79.3793],[-84.449,79.3619],[-84.4297,79.2971],[-84.347,79.2629],[-84.3222,79.2184],[-84.3296,79.1924],[-84.1428,79.1827],[-84.0841,79.1943],[-84.0003,79.223],[-83.9625,79.2204],[-83.9318,79.1924],[-84.028,79.1589],[-83.9801,79.1514],[-83.9612,79.1276],[-83.88,79.123],[-83.7274,79.0966],[-83.6924,79.07],[-83.5409,79.0471],[-83.4971,79.0466],[-83.407,79.0657],[-83.3632,79.0552],[-83.4474,79.029],[-83.9825,79.0511],[-84.0006,79.0694],[-84.0689,79.0831],[-84.0509,79.1047],[-84.1645,79.1309],[-84.3406,79.1323],[-84.4529,79.1483],[-84.5058,79.1468],[-84.7659,79.0871],[-84.7828,79.0528],[-84.7521,79.0389],[-84.5095,79.0154],[-84.2793,78.9553],[-83.9613,78.962],[-83.6691,78.9337],[-83.3312,78.9317],[-82.9678,78.9408],[-82.6116,78.902],[-82.5346,78.8851],[-82.1225,78.9165],[-82.0337,78.9534],[-81.9735,78.9698],[-81.9407,79.004],[-81.8814,79.0189],[-81.5622,79.061],[-81.547,79.0694],[-81.4788,79.049],[-81.6402,79.004],[-81.6986,78.9785],[-81.7122,78.9494],[-81.76,78.9186],[-81.6569,78.8907],[-81.7054,78.8708],[-81.71,78.8491],[-81.8073,78.8475],[-81.7388,78.8572],[-81.7717,78.8659],[-82.018,78.867],[-82.3245,78.8475],[-82.4014,78.8287],[-82.6481,78.8355],[-82.9837,78.8552],[-83.2093,78.8512],[-83.2602,78.8367],[-83.2108,78.8037],[-83.0981,78.8032],[-83.0357,78.7799],[-82.8902,78.7678],[-82.7735,78.7337],[-82.3394,78.7592],[-82.2625,78.7513],[-82.2193,78.7269],[-82.2473,78.7199],[-82.4793,78.7337],[-82.4977,78.7174],[-82.596,78.7064],[-82.5147,78.6688],[-82.246,78.604],[-82.2391,78.5897],[-82.3428,78.5692],[-82.5072,78.5921],[-82.609,78.617],[-82.6292,78.6373],[-82.6907,78.6499],[-82.691,78.6654],[-82.7878,78.6927],[-83.1617,78.7244],[-83.2602,78.7473],[-83.3222,78.772],[-83.5495,78.7923],[-83.7456,78.8389],[-84.7061,78.8708],[-85.0311,78.9219],[-85.1654,78.9119],[-85.2461,78.9169],[-85.3838,78.8839],[-85.4924,78.876],[-85.7573,78.8317],[-86.0159,78.8379],[-86.5059,78.8022],[-86.6099,78.8093],[-86.9405,78.7142],[-86.9888,78.6482],[-87.1184,78.5935],[-87.1223,78.5829],[-87.0551,78.5692],[-86.9036,78.583],[-86.8583,78.5692],[-86.8583,78.5488],[-87.1573,78.5493],[-87.4825,78.452],[-87.5293,78.411],[-87.5002,78.3935],[-87.5162,78.3259],[-87.5006,78.2667],[-87.523,78.2334],[-87.4884,78.219],[-87.3471,78.2212],[-87.2783,78.2354],[-87.2003,78.2192],[-87.0911,78.213],[-87.0911,78.2068],[-87.4355,78.1871],[-87.4926,78.1703],[-87.5367,78.1446],[-87.4879,78.1272],[-86.7698,78.1204],[-86.725,78.1287],[-86.5692,78.1808],[-86.5293,78.2068],[-86.4854,78.2156],[-86.44,78.2068],[-86.3553,78.2095],[-86.2877,78.1953],[-86.2365,78.2051],[-86.1438,78.239],[-86.0833,78.2519],[-86.0457,78.3071],[-86.0011,78.3154],[-85.8919,78.3501],[-85.8769,78.383],[-85.8366,78.3418],[-85.9055,78.3023],[-85.8782,78.2955],[-85.9202,78.2678],[-85.9392,78.2374],[-86.0222,78.213],[-86.118,78.172],[-86.2242,78.1664],[-86.2345,78.1446],[-86.286,78.1],[-86.2894,78.0834],[-86.2277,78.0621],[-85.4878,78.1167],[-85.4915,78.1061],[-85.3916,78.1372],[-85.3613,78.1598],[-85.2378,78.2012],[-85.1984,78.2276],[-85.085,78.2785],[-85.0286,78.2887],[-85.049,78.3154],[-84.9596,78.3501],[-84.9725,78.3748],[-84.9528,78.3985],[-84.9801,78.411],[-84.8729,78.4659],[-84.8572,78.5071],[-84.647,78.5994],[-84.617,78.5897],[-84.6589,78.5726],[-84.7178,78.5328],[-84.7883,78.5071],[-84.7683,78.4876],[-84.8037,78.4671],[-84.8275,78.4116],[-84.8709,78.37],[-84.761,78.3432],[-84.6977,78.3469],[-84.6214,78.3714],[-84.5833,78.3669],[-84.5882,78.3437],[-84.8088,78.3265],[-84.851,78.3085],[-84.8846,78.2781],[-84.9494,78.244],[-84.9683,78.2141],[-84.9485,78.2012],[-84.8708,78.1993],[-84.7528,78.2181],[-84.4252,78.213],[-84.2232,78.1856],[-84.028,78.1856],[-84.028,78.1788],[-84.2088,78.1595],[-84.3933,78.1909],[-84.6236,78.2032],[-84.8421,78.1689],[-85.0353,78.1788],[-84.9944,78.1583],[-85.0413,78.1269],[-85.0974,78.1031],[-84.852,78.0577],[-84.7381,78.0585],[-84.5893,78.0806],[-84.2886,78.0826],[-84.3382,78.0705],[-84.5386,78.0745],[-84.5965,78.0652],[-84.7067,78.0348],[-84.9254,78.0416],[-85.0628,78.0627],[-85.6606,77.9501],[-85.6796,77.9352],[-85.6523,77.9191],[-85.4878,77.9113],[-85.5122,77.8946],[-85.4935,77.8732],[-85.3523,77.8846],[-85.2362,77.91],[-84.5498,77.9281],[-84.3153,77.8977],[-84.3568,77.8883],[-84.6768,77.9077],[-84.8911,77.8378],[-84.9069,77.8408],[-84.8435,77.8908],[-84.8982,77.8966],[-84.9596,77.8834],[-85.0358,77.8785],[-85.1793,77.8884],[-85.2505,77.8854],[-85.3202,77.8721],[-85.4017,77.8317],[-85.3799,77.8133],[-85.26,77.8039],[-85.1452,77.8219],[-85.0924,77.821],[-85.0088,77.8442],[-84.946,77.8287],[-85.0558,77.8015],[-85.1641,77.8062],[-85.1895,77.7983],[-85.2106,77.7588],[-85.3506,77.74],[-85.2681,77.7133],[-85.3072,77.6711],[-85.2825,77.6597],[-85.0006,77.6233],[-84.943,77.6027],[-84.7157,77.6396],[-84.6201,77.6694],[-84.5445,77.6809],[-84.4521,77.7436],[-84.4336,77.7252],[-84.4726,77.6918],[-84.5929,77.6539],[-84.6536,77.6233],[-84.8349,77.5909],[-84.8682,77.5735],[-84.8454,77.5432],[-84.761,77.5203],[-84.3342,77.5326],[-84.0841,77.5095],[-83.9044,77.5134],[-83.9182,77.4935],[-83.6785,77.5345],[-83.4225,77.6073],[-83.3266,77.6716],[-83.2019,77.7095],[-83.1236,77.7878],[-83.0711,77.8107],[-83.0007,77.8262],[-82.936,77.8819],[-82.7589,77.9162],[-82.7388,77.9476],[-82.793,77.989],[-82.7841,78.0177],[-82.6575,78.0618],[-82.5091,78.0803],[-82.3211,78.0826],[-82.3719,78.0554],[-82.3701,78.0416],[-82.4859,78.0442],[-82.5447,78.0388],[-82.596,78.0212],[-82.5476,77.9932],[-82.5619,77.987],[-82.5135,77.9597],[-82.5818,77.946],[-82.5408,77.9249],[-82.6407,77.8942],[-82.6507,77.8567],[-82.6843,77.8333],[-82.8083,77.8015],[-82.7803,77.7952],[-82.8809,77.728],[-82.9523,77.7133],[-82.973,77.6839],[-83.0243,77.6719],[-83.2591,77.5678],[-83.3169,77.5583],[-83.3564,77.5277],[-83.4246,77.5072],[-83.5042,77.5025],[-83.6238,77.4725],[-83.8037,77.4728],[-83.8362,77.4588],[-83.7998,77.429],[-83.4842,77.3914],[-83.4662,77.3489],[-84.0621,77.4042],[-84.3563,77.3905],[-84.4971,77.4068],[-84.5733,77.4067],[-84.617,77.3837],[-84.5764,77.3736],[-84.576,77.3489],[-84.4845,77.3205],[-84.4661,77.3017],[-84.761,77.3216],[-84.9385,77.374],[-85.0006,77.3837],[-85.4023,77.4007],[-85.5356,77.4526],[-85.4804,77.4663],[-85.5947,77.4609],[-85.752,77.426],[-85.7957,77.4253],[-85.7185,77.4745],[-85.7818,77.5044],[-85.8093,77.5277],[-85.8679,77.5997],[-85.8814,77.6315],[-85.9569,77.6911],[-85.9744,77.7133],[-86.0727,77.7339],[-86.2156,77.7933],[-86.4522,77.8364],[-86.6641,77.8542],[-86.8467,77.8895],[-87.192,77.9045],[-88.0422,77.8227],[-88.1165,77.8348],[-88.1326,77.8567],[-88.222,77.8567],[-88.1153,77.8202],[-88.181,77.8015],[-88.1836,77.7756],[-88.235,77.7741],[-88.2244,77.7616],[-88.1673,77.7605],[-88.1531,77.7195],[-88.2146,77.6805],[-88.222,77.6643],[-88.1883,77.6404],[-88.0106,77.6146],[-87.9052,77.5842],[-87.8105,77.5754],[-87.852,77.5687],[-87.8196,77.5527],[-87.7183,77.5476],[-87.6466,77.4868],[-87.6696,77.468],[-87.758,77.4581],[-87.7831,77.4383],[-87.7517,77.4084],[-87.7006,77.3973],[-87.721,77.3701],[-87.6812,77.3534],[-87.3487,77.334],[-87.1233,77.3687],[-86.8504,77.3639],[-86.831,77.3564],[-86.9334,77.3427],[-87.0418,77.3489],[-87.095,77.3424],[-87.1964,77.3138],[-87.2487,77.308],[-87.2173,77.2823],[-87.1708,77.2745],[-86.9936,77.2816],[-86.9129,77.267],[-87.0085,77.2608],[-87.1251,77.2442],[-87.2017,77.2139],[-87.1813,77.2002],[-87.1326,77.2136],[-86.929,77.1981],[-86.8284,77.1802],[-86.6768,77.1935],[-86.6038,77.1782],[-86.8924,77.1708],[-86.79,77.1373],[-86.8711,77.131],[-86.9539,77.1509],[-86.9577,77.165],[-87.0296,77.1708],[-87.0835,77.189],[-87.3616,77.1765],[-87.461,77.1373],[-87.461,77.1298],[-87.3375,77.1162],[-87.3801,77.1057],[-87.4746,77.1114],[-87.5857,77.0977],[-87.6156,77.1008],[-87.6454,77.1326],[-87.6775,77.1373],[-87.7735,77.1279],[-87.8648,77.1373],[-88.1293,77.109],[-88.1673,77.1162],[-88.1326,77.1298],[-88.2936,77.1363],[-88.3931,77.1193],[-88.4946,77.1141],[-88.5441,77.1025],[-88.3932,77.1025],[-88.4195,77.0788],[-88.5351,77.0736],[-88.6415,77.0446],[-88.7195,77.0141],[-88.9905,76.9818],[-88.9979,76.955],[-89.4731,76.8812],[-89.5372,76.8568],[-89.4505,76.7503],[-89.4006,76.7394],[-89.4552,76.7252],[-89.419,76.6875],[-89.4476,76.6591],[-89.5996,76.629],[-89.6336,76.5821],[-89.6812,76.5749],[-89.5985,76.5601],[-89.5439,76.5429],[-89.4829,76.5715],[-89.4418,76.5694],[-89.4053,76.529],[-89.4348,76.4998],[-89.4165,76.4922],[-89.2604,76.4588],[-89.2355,76.4377],[-89.1702,76.4242],[-89.1043,76.4289],[-89.0468,76.4503],[-89.0356,76.4258],[-88.9952,76.4122],[-88.9106,76.4105],[-88.8867,76.4309],[-88.8079,76.4474],[-88.7974,76.4846],[-88.8315,76.4998],[-88.7786,76.5356],[-88.7974,76.555],[-88.7493,76.564],[-88.7359,76.5961],[-88.6834,76.5936],[-88.6397,76.5613],[-88.6807,76.5237],[-88.6129,76.4862],[-88.6577,76.4751],[-88.6958,76.4153],[-88.6678,76.4025],[-88.5987,76.4105],[-88.6216,76.4382],[-88.5829,76.4678],[-88.4888,76.5067],[-88.513,76.528],[-88.4963,76.5476],[-88.5311,76.5814],[-88.6219,76.5883],[-88.6602,76.6022],[-88.585,76.637],[-88.6735,76.7005],[-88.7086,76.7121],[-88.6892,76.7335],[-88.6295,76.7549],[-88.5388,76.8165],[-88.49,76.8178],[-88.4882,76.7689],[-88.5517,76.7405],[-88.5396,76.7079],[-88.4927,76.683],[-88.4885,76.6505],[-88.5236,76.6336],[-88.5093,76.6152],[-88.44,76.5928],[-88.4212,76.5476],[-88.3543,76.5191],[-88.359,76.49],[-88.4411,76.4657],[-88.3898,76.4551],[-88.3585,76.4377],[-88.4342,76.4042],[-88.4036,76.3937],[-87.9179,76.3641],[-87.8657,76.3968],[-87.8794,76.4105],[-87.8169,76.4162],[-87.7773,76.3622],[-87.7067,76.3396],[-87.6299,76.3356],[-87.5708,76.3491],[-87.5839,76.3695],[-87.5397,76.3708],[-87.4505,76.3513],[-87.4063,76.3558],[-87.502,76.3832],[-87.4331,76.4042],[-87.4331,76.4235],[-87.5474,76.449],[-87.5467,76.4688],[-87.5026,76.4948],[-87.5063,76.5137],[-87.5953,76.5375],[-87.5708,76.5886],[-87.5839,76.6097],[-87.5256,76.6147],[-87.461,76.5886],[-87.4846,76.5331],[-87.4211,76.5223],[-87.3921,76.4967],[-87.4331,76.4657],[-87.401,76.4557],[-87.1514,76.4487],[-87.1221,76.4199],[-87.1558,76.404],[-87.0924,76.3815],[-86.8485,76.3695],[-86.722,76.3484],[-86.6837,76.4087],[-86.6354,76.4492],[-86.6591,76.4657],[-86.5919,76.4808],[-86.32,76.5209],[-86.3083,76.5353],[-86.6317,76.637],[-86.578,76.6417],[-86.517,76.6269],[-86.4043,76.5836],[-86.2322,76.5487],[-86.2072,76.5272],[-86.2372,76.5079],[-86.4058,76.4825],[-86.4195,76.4599],[-86.4054,76.4067],[-86.3474,76.3885],[-86.2823,76.3865],[-86.2174,76.375],[-86.0734,76.3706],[-85.9991,76.3767],[-85.8621,76.3568],[-85.7233,76.3547],[-85.5841,76.3361],[-85.5198,76.3315],[-85.4326,76.3081],[-85.2491,76.3161],[-85.2034,76.2843],[-84.4102,76.3093],[-84.3881,76.3151],[-84.3999,76.3393],[-84.942,76.4223],[-85.0286,76.4719],[-85.0217,76.4997],[-85.0558,76.5203],[-85.0353,76.5749],[-84.9875,76.586],[-84.901,76.5631],[-84.7995,76.5034],[-84.7957,76.4787],[-84.7167,76.4542],[-84.6334,76.439],[-84.5489,76.4335],[-84.235,76.4468],[-84.1992,76.4588],[-84.1787,76.4862],[-84.251,76.5371],[-84.2036,76.5935],[-84.1973,76.6181],[-84.2726,76.6313],[-84.3296,76.6507],[-84.293,76.6638],[-84.2386,76.6609],[-84.1013,76.6348],[-84.0484,76.5749],[-84.0506,76.5533],[-84.002,76.5318],[-83.8976,76.5067],[-83.8731,76.4862],[-83.7778,76.4758],[-83.6946,76.4315],[-83.2793,76.4062],[-83.2237,76.4114],[-83.1851,76.4309],[-83.2465,76.4588],[-83.1851,76.4961],[-83.2369,76.5187],[-83.2459,76.5669],[-83.267,76.5886],[-83.3765,76.6265],[-83.4044,76.654],[-83.5006,76.6811],[-83.5277,76.7087],[-83.5167,76.7223],[-83.4014,76.7615],[-83.3564,76.7531],[-83.4048,76.7189],[-83.3723,76.6695],[-83.2225,76.6325],[-83.1994,76.6097],[-83.1273,76.5946],[-83.0752,76.5334],[-83.0847,76.5159],[-83.0616,76.4998],[-83.1025,76.4657],[-83.001,76.4363],[-82.8528,76.4136],[-82.8009,76.39],[-82.282,76.4005],[-82.1728,76.4246],[-82.133,76.4551],[-82.2115,76.5013],[-82.2255,76.5203],[-82.2095,76.5422],[-82.0821,76.5681],[-82.2957,76.6146],[-82.3818,76.6196],[-82.5119,76.6623],[-82.5613,76.6926],[-82.5544,76.7252],[-82.6507,76.7531],[-82.637,76.7599],[-82.6986,76.7966],[-82.7735,76.8146],[-82.7298,76.821],[-82.6482,76.795],[-82.5893,76.7834],[-82.5547,76.7565],[-82.493,76.7327],[-82.4446,76.6916],[-82.3253,76.644],[-82.2763,76.6349],[-82.1779,76.6301],[-81.8905,76.6689],[-81.7986,76.6915],[-81.7844,76.6744],[-81.8311,76.6559],[-81.9033,76.6507],[-82.0204,76.6193],[-82.0616,76.6165],[-81.9927,76.5961],[-82.0445,76.5478],[-82.0821,76.5272],[-82.0557,76.5165],[-81.9353,76.495],[-81.5381,76.473],[-81.4023,76.4831],[-81.3211,76.5067],[-81.2477,76.5506],[-81.2069,76.5636],[-81.1772,76.5334],[-81.2181,76.4998],[-81.0965,76.5021],[-80.9685,76.4802],[-80.8946,76.4468],[-80.8251,76.4364],[-80.7725,76.42],[-80.7764,76.3865],[-80.8553,76.3461],[-80.8932,76.3355],[-80.9597,76.2757],[-81.0269,76.2648],[-81.0431,76.2358],[-81.0952,76.2186],[-81.065,76.208],[-80.9914,76.2042],[-80.958,76.1907],[-81.0425,76.176],[-81.0673,76.164],[-81.0725,76.1291],[-80.9394,76.1462],[-80.8878,76.173],[-80.7902,76.164],[-80.6672,76.164],[-80.6086,76.1982],[-80.4432,76.1977],[-80.3792,76.2187],[-80.2388,76.2442],[-80.19,76.2467],[-80.0963,76.2279],[-79.5503,76.317],[-79.5013,76.3177],[-79.3477,76.2969],[-79.2932,76.3024],[-79.2517,76.3223],[-79.2671,76.3415],[-79.2449,76.3619],[-79.1761,76.3832],[-79.1949,76.3955],[-79.1494,76.4155],[-79.0091,76.4244],[-78.9701,76.4349],[-78.9187,76.4656],[-78.856,76.5295],[-78.7742,76.5773],[-78.6832,76.5681],[-78.5665,76.5681],[-78.6143,76.555],[-78.5864,76.5203],[-78.6217,76.4998],[-78.5646,76.4704],[-78.4998,76.4593],[-78.3673,76.4657],[-78.3805,76.4862],[-78.3556,76.4984],[-78.1413,76.5272],[-78.1897,76.5613],[-78.0884,76.6146],[-78.0126,76.637],[-77.8879,76.6337],[-77.8278,76.641],[-77.7708,76.6643],[-77.8128,76.6881],[-77.8124,76.7053],[-77.7664,76.7279],[-77.7898,76.7763],[-77.772,76.7999],[-77.7162,76.822],[-77.7987,76.8492],[-77.8949,76.8691],[-77.8335,76.8909],[-77.9024,76.9182],[-77.8892,76.9498],[-77.9154,76.9659],[-78.0908,77.0228],[-78.1317,77.0253],[-78.3331,77.0126],[-78.3844,77.0041],[-78.4157,76.9858],[-78.3884,76.9728],[-78.4302,76.9618],[-78.5342,76.954],[-78.5665,76.9318],[-78.5671,76.8973],[-78.6255,76.8834],[-78.7242,76.8834],[-78.6963,76.8424],[-78.7204,76.8276],[-78.9644,76.8424],[-78.9091,76.8834],[-78.9065,76.9013],[-78.8675,76.9244],[-78.9031,76.9342],[-79.019,76.9387],[-79.0818,76.9252],[-79.1205,76.9302],[-79.3756,76.9256],[-79.3929,76.9529],[-79.3467,76.9792],[-79.0941,77.0752],[-79.0272,77.0906],[-79.0065,77.1047],[-79.0662,77.1373],[-79.0326,77.1572],[-79.1045,77.1748],[-79.2024,77.2073],[-79.2485,77.2159],[-79.3435,77.2189],[-79.4324,77.2386],[-79.7178,77.2434],[-80.0264,77.189],[-80.3213,77.0812],[-80.3725,77.0747],[-80.4099,77.0827],[-80.3755,77.1007],[-80.2791,77.1244],[-80.2393,77.1677],[-80.1458,77.1888],[-80.1151,77.2056],[-80.1454,77.2111],[-80.3188,77.2181],[-80.3756,77.2305],[-81.103,77.2875],[-81.4782,77.2229],[-81.5259,77.2087],[-81.6204,77.2018],[-81.7527,77.1666],[-81.8191,77.1655],[-81.8918,77.1827],[-81.9102,77.2056],[-81.8828,77.2192],[-81.9176,77.2534],[-82.02,77.267],[-82.1981,77.3017],[-82.1519,77.3159],[-81.8489,77.29],[-81.1997,77.3234],[-81.1709,77.3325],[-81.1811,77.3635],[-81.2071,77.3741],[-81.48,77.3759],[-81.5796,77.3929],[-81.7372,77.4348],[-81.731,77.4693],[-81.6744,77.5051],[-81.673,77.5237],[-81.804,77.5973],[-81.8766,77.6035],[-81.911,77.6179],[-81.946,77.6543],[-81.9375,77.6854],[-81.9164,77.6905],[-81.8345,77.6581],[-81.8474,77.6363],[-81.8248,77.6249],[-81.6405,77.5984],[-81.6092,77.5823],[-81.6706,77.5687],[-81.5888,77.5544],[-81.5675,77.5408],[-81.5823,77.517],[-81.4381,77.4971],[-81.3612,77.4765],[-81.2969,77.4365],[-81.2156,77.4192],[-81.0331,77.4042],[-81.013,77.3837],[-80.9745,77.3804],[-80.7799,77.3359],[-80.6383,77.3259],[-80.5514,77.3098],[-80.4643,77.3065],[-80.3914,77.2952],[-80.2999,77.3017],[-80.1973,77.2875],[-79.9712,77.2806],[-79.8441,77.3113],[-79.6456,77.3216],[-79.1332,77.2913],[-79.0547,77.3121],[-79.0025,77.3169],[-78.9293,77.3526],[-78.8198,77.3837],[-78.7242,77.3769],[-78.8408,77.3154],[-78.7658,77.3109],[-78.6897,77.3191],[-78.501,77.3652],[-78.2891,77.3776],[-78.2307,77.4042],[-78.2786,77.4315],[-78.1973,77.4525],[-78.0185,77.472],[-77.9421,77.5134],[-77.9844,77.5482],[-77.9765,77.5602],[-77.9086,77.5687],[-77.7368,77.6008],[-77.7162,77.6096],[-77.7564,77.6273],[-77.8474,77.6324],[-77.8601,77.6581],[-77.9127,77.675],[-78.0264,77.6684],[-78.0799,77.6785],[-77.9875,77.7025],[-78.0094,77.7233],[-78.052,77.7331],[-77.9421,77.7605],[-77.9807,77.8167],[-78.1413,77.8424],[-78.1568,77.8642],[-78.2813,77.8641],[-78.43,77.9113],[-78.3788,77.9365],[-78.1829,77.9659],[-78.2717,77.987],[-78.2166,78.0026],[-77.8805,77.9427],[-77.1538,77.9487],[-77.0633,77.9149],[-76.8807,77.905],[-76.7462,77.9341],[-76.539,77.9457],[-76.4639,77.991],[-76.2324,78.0211],[-76.1785,78.0183],[-76.0982,77.9963],[-75.9892,77.9846],[-75.934,77.9586],[-75.8392,78.0007],[-75.6816,78.0484],[-75.6884,78.0559],[-75.5884,78.0953],[-75.5819,78.113],[-75.6176,78.131],[-75.6685,78.1373],[-76.191,78.133],[-76.2946,78.1528],[-76.6118,78.1645],[-76.689,78.172],[-76.7235,78.1856],[-76.8235,78.1858],[-76.9154,78.2068],[-76.8883,78.2233],[-76.6892,78.2424],[-76.6048,78.2552],[-76.3594,78.2318],[-76.1937,78.2471],[-75.6262,78.1998],[-75.5171,78.2192],[-75.4107,78.2679],[-75.3699,78.3073],[-75.3145,78.311],[-75.2168,78.3023],[-75.1198,78.3049],[-75.0708,78.3149],[-75.0298,78.3364],[-75.0559,78.3403],[-75.1077,78.3755],[-76.0786,78.4662],[-76.1266,78.501],[-76.2818,78.5195],[-76.6759,78.5087],[-76.6876,78.5197],[-76.5005,78.5475],[-75.3981,78.5156],[-75.1846,78.5416],[-75.0088,78.5378],[-74.8023,78.5886],[-74.6326,78.5897],[-74.7161,78.6277],[-74.8086,78.6267],[-74.8728,78.6443],[-74.8319,78.6579],[-74.8663,78.6771],[-74.8449,78.699],[-74.7512,78.7003],[-74.722,78.7126],[-74.8319,78.7473],[-74.763,78.7678],[-74.7862,78.7827],[-74.9063,78.7883],[-74.7776,78.8055],[-74.7738,78.8348],[-74.8865,78.8225],[-74.9151,78.8544],[-75.075,78.8627],[-75.3049,78.8846],[-75.5522,78.8872],[-75.7443,78.8972],[-75.846,78.8805],[-76.2563,78.8797],[-76.3941,78.8504],[-76.4592,78.8494],[-76.4412,78.8713],[-76.2684,78.9046],[-75.8276,78.9261],[-75.7219,78.967],[-75.7808,78.982],[-76.7328,79.0367],[-77.718,78.9697],[-77.8214,78.9459],[-78.0627,78.8578],[-78.1819,78.7829],[-78.2711,78.7742],[-78.299,78.7958],[-78.2165,78.8299],[-78.1413,78.8777],[-77.9771,78.9414],[-77.9563,78.9596],[-77.7367,79.0052],[-77.7032,79.008],[-77.7659,79.0365],[-77.9151,79.0559],[-78.8664,79.0618],[-78.8955,79.0694],[-78.3317,79.0848],[-78.0962,79.0848],[-77.7919,79.0694],[-77.6963,79.0353],[-77.614,79.0342],[-77.5339,79.0239],[-77.1591,79.0712],[-76.9655,79.0725],[-76.7065,79.0907],[-76.3885,79.076],[-76.1687,79.0773],[-76.1148,79.0849],[-76.0856,79.1036],[-76.1409,79.1105],[-76.1335,79.1241],[-76.4947,79.1345],[-76.7417,79.1496],[-77.0015,79.1491],[-78.0594,79.1793],[-78.2127,79.1599],[-78.2574,79.1719],[-78.1824,79.1954],[-77.207,79.1998],[-76.9832,79.1908],[-76.6004,79.2025],[-76.0888,79.2047],[-75.8936,79.1697],[-75.8529,79.1452],[-75.8864,79.1309],[-75.8597,79.1179],[-75.8938,79.1036],[-75.7874,79.1033],[-75.7572,79.0842],[-75.5052,79.0748],[-75.087,79.0318],[-74.7926,79.048],[-74.4923,79.0367],[-74.4473,79.0499],[-74.4539,79.0768],[-74.5249,79.095],[-74.5644,79.121],[-74.6314,79.1279],[-74.6674,79.1452],[-74.6121,79.1514],[-74.6598,79.1655],[-74.7798,79.16],[-74.825,79.1793],[-74.7834,79.1932],[-74.5935,79.1946],[-74.4925,79.212],[-74.4687,79.2272],[-74.7985,79.2438],[-75.0517,79.2311],[-75.9481,79.2372],[-76.1534,79.2751],[-76.2056,79.2772],[-76.304,79.2635],[-76.5121,79.2607],[-76.783,79.2792],[-77.0891,79.2674],[-77.4971,79.2476],[-77.4566,79.2599],[-77.3258,79.2674],[-77.3651,79.2814],[-77.6332,79.321],[-77.8335,79.3177],[-78.0594,79.35],[-77.9908,79.3678],[-77.8824,79.3703],[-77.7865,79.3542],[-77.2251,79.3248],[-77.1619,79.3302],[-77.221,79.35],[-77.2791,79.3883],[-77.3151,79.3989],[-77.4015,79.4531],[-77.3529,79.4642],[-77.243,79.4498],[-77.1245,79.4689],[-77.0871,79.4061],[-76.9486,79.3666],[-76.8616,79.3506],[-76.8347,79.3556],[-76.2357,79.3485],[-76.1545,79.337],[-75.9141,79.347],[-75.91,79.366],[-76.0106,79.3711],[-76.1523,79.395],[-76.2075,79.4299],[-76.1409,79.4469],[-76.1936,79.4703],[-76.4486,79.4829],[-76.5769,79.4757],[-76.7574,79.4941],[-76.8541,79.4827],[-76.9448,79.4941],[-77.1271,79.4941],[-77.1885,79.5084],[-77.165,79.5408],[-77.1338,79.5487],[-77.045,79.522],[-76.1952,79.4935],[-76.0094,79.4358],[-75.915,79.4308],[-75.8424,79.4538],[-75.8006,79.4453],[-75.7871,79.4198],[-75.6946,79.4127],[-75.675,79.4339],[-75.5124,79.3962],[-75.028,79.3733],[-74.9616,79.3806],[-74.8909,79.4203],[-75.0097,79.4617],[-75.0646,79.4941],[-74.9582,79.5153],[-74.9132,79.4888],[-74.7907,79.4755],[-74.6961,79.45],[-74.3924,79.4517],[-74.282,79.4399],[-74.0303,79.4501],[-73.9595,79.4715],[-73.9511,79.4875],[-74.0026,79.5425],[-73.9658,79.5636],[-73.9047,79.5544],[-73.7965,79.5111],[-73.7337,79.4962],[-73.5955,79.5079],[-73.463,79.4999],[-73.3169,79.5091],[-73.1739,79.5388],[-73.1278,79.5592],[-73.1324,79.58],[-73.187,79.597],[-73.1619,79.6262],[-73.1734,79.6586],[-73.2668,79.6826],[-73.2901,79.7007],[-73.36,79.7171],[-73.3833,79.7756],[-73.4818,79.761],[-73.5843,79.761],[-74.352,79.8093],[-74.6702,79.7957],[-74.7703,79.8236],[-74.7685,79.8376],[-74.8449,79.8503],[-74.326,79.8745],[-74.2278,79.8957],[-73.7686,79.865],[-73.7419,79.8503],[-73.8051,79.8503],[-73.8655,79.8373],[-73.8133,79.8223],[-73.3852,79.8386],[-73.1909,79.8232],[-72.931,79.8236],[-72.943,79.8085],[-73.0635,79.8093],[-73.0157,79.7684],[-72.9617,79.7526],[-72.9503,79.7216],[-72.9202,79.7096],[-72.6284,79.679],[-72.3919,79.6865],[-72.2317,79.6626],[-72.127,79.6807],[-72.0188,79.6847],[-71.9405,79.702],[-71.4826,79.7378],[-71.3826,79.763],[-71.1424,79.7895],[-71.0882,79.8156],[-71.0188,79.8229],[-70.9896,79.8557],[-70.9116,79.8926],[-71.1785,79.9164],[-71.4287,79.8878],[-71.4488,79.9161],[-71.376,79.9423],[-70.7054,79.9916],[-70.6356,80.0403],[-70.5293,80.0439],[-70.487,80.0626],[-70.5034,80.0984],[-70.5636,80.1104],[-70.6482,80.1429],[-71.0067,80.1225],[-71.3241,80.0918],[-71.5243,80.0682],[-71.7128,80.0741],[-71.8423,80.0624],[-72.1679,80.0565],[-72.342,80.0626],[-72.3236,80.0837],[-72.3919,80.0905],[-72.1073,80.0859],[-71.8985,80.111],[-72.0236,80.1509],[-72.4198,80.2134],[-72.3328,80.2298],[-72.1646,80.1945],[-71.9979,80.1916],[-71.9053,80.1725],[-71.8407,80.1383],[-71.7346,80.1179],[-71.5008,80.1213],[-71.3538,80.1523],[-71.1004,80.186],[-70.7477,80.2072],[-70.2108,80.1882],[-70.1591,80.1925],[-70.0821,80.2306],[-69.9974,80.2439],[-69.9595,80.2618],[-70.0159,80.2845],[-70.4529,80.3437],[-70.4713,80.3589],[-70.44,80.3975],[-70.3704,80.4127],[-70.4548,80.4364],[-70.511,80.4735],[-70.579,80.4873],[-70.683,80.5257],[-70.8191,80.549],[-70.7882,80.5705],[-70.334,80.4765],[-70.2695,80.4535],[-70.2195,80.4195],[-70.3095,80.358],[-69.666,80.3552],[-69.3742,80.3974],[-69.2978,80.43],[-69.2671,80.471],[-69.2162,80.4891],[-69.133,80.5362],[-68.926,80.5834],[-68.8906,80.6045],[-68.9726,80.6175],[-68.7733,80.6392],[-68.6533,80.6761],[-68.5845,80.6828],[-68.4761,80.7107],[-68.4033,80.7212],[-68.2794,80.7599],[-67.985,80.7965],[-67.8537,80.8228],[-67.8328,80.8539],[-67.684,80.8577],[-67.6058,80.8712],[-67.5332,80.8987],[-67.6089,80.9334],[-67.563,80.946],[-67.2349,80.9405],[-66.8717,81.0137],[-66.6721,81.0399],[-66.53,81.0825],[-66.4639,81.1216],[-66.2967,81.1527],[-66.2478,81.1782],[-66.1064,81.1975],[-65.9889,81.2283],[-65.8714,81.2296],[-65.6709,81.2571],[-65.5767,81.2518],[-65.4001,81.2695],[-65.1164,81.3328],[-64.6921,81.3908],[-64.4682,81.4614],[-64.4359,81.4815],[-64.4617,81.5059],[-64.5461,81.5504],[-64.9349,81.5345],[-65.247,81.5109],[-65.7357,81.4933],[-65.9595,81.4639],[-66.2187,81.4462],[-66.8372,81.3967],[-67.2021,81.3755],[-67.7793,81.3214],[-67.787,81.317],[-68.6346,81.2509],[-69.4822,81.1848],[-69.5342,81.1745],[-69.6323,81.1387],[-70.0203,81.1059],[-69.9998,81.1162],[-69.8175,81.1412],[-69.6373,81.1799],[-70.071,81.1621],[-70.2133,81.1799],[-70.1648,81.1937],[-69.9237,81.1882],[-69.7,81.212],[-69.5801,81.2119],[-69.3668,81.2405],[-69.3517,81.2518],[-69.4363,81.2517],[-69.4734,81.2618],[-69.4251,81.2767],[-69.0203,81.2618],[-68.8795,81.2788],[-68.8165,81.2762],[-68.7336,81.292],[-68.6217,81.294],[-68.4407,81.3113],[-68.255,81.3446],[-68.145,81.3507],[-68.0448,81.3734],[-67.2843,81.4425],[-67.1137,81.4639],[-66.6541,81.4999],[-66.6083,81.5162],[-66.659,81.5312],[-67.2688,81.5714],[-68.5806,81.5161],[-68.8559,81.543],[-68.8559,81.5504],[-68.3562,81.543],[-68.3894,81.5666],[-69.2513,81.7003],[-69.3083,81.7217],[-68.5782,81.616],[-68.2132,81.5632],[-67.6731,81.5934],[-66.6249,81.6229],[-66.3898,81.6203],[-66.1507,81.6279],[-65.9997,81.6544],[-65.8581,81.6273],[-65.3741,81.6805],[-65.3408,81.6944],[-65.7074,81.6801],[-65.8687,81.6944],[-66.0058,81.683],[-66.0466,81.6944],[-65.3612,81.7344],[-65.375,81.7627],[-65.0463,81.749],[-64.9221,81.7579],[-64.7806,81.731],[-64.3726,81.725],[-64.3017,81.7385],[-64.1866,81.745],[-64.1206,81.7695],[-64.3083,81.8195],[-64.286,81.8312],[-64.123,81.8032],[-63.9202,81.7987],[-63.1169,81.9113],[-63.045,81.9135],[-62.5148,81.987],[-62.4758,82.0228],[-62.3904,82.0159],[-62.2576,82.0235],[-62.0859,82.0596],[-62.0023,82.0867],[-61.8731,82.1127],[-62.0313,82.1394],[-61.3124,82.1972],[-61.1187,82.2584],[-61.0855,82.3312]]],[[[-79.8414,53.1457],[-79.8553,53.1694],[-79.8949,53.1807],[-79.9166,53.1703],[-79.9309,53.1495],[-79.9363,53.1253],[-79.9298,53.0944],[-79.8494,53.0852],[-79.8181,53.0917],[-79.7951,53.1054],[-79.7992,53.1219],[-79.8414,53.1457]]],[[[-79.95,53.3518],[-79.9438,53.3716],[-79.9718,53.3654],[-80.0428,53.3662],[-80.0707,53.3549],[-80.086,53.3304],[-80.0461,53.3093],[-80.0182,53.2737],[-79.9842,53.2651],[-79.9471,53.2659],[-79.9233,53.2755],[-79.9173,53.2974],[-79.9567,53.3231],[-79.95,53.3518]]],[[[-79.8619,53.9129],[-79.8619,53.9204],[-79.9301,53.9409],[-79.9069,53.9177],[-79.8749,53.9062],[-79.8619,53.9129]]],[[[-79.9779,56.2021],[-79.7157,56.3091],[-79.6788,56.3313],[-79.6422,56.3659],[-79.5926,56.4301],[-79.57,56.4694],[-79.5459,56.5303],[-79.5771,56.5102],[-79.589,56.4942],[-79.6002,56.4552],[-79.6324,56.4157],[-79.6744,56.3845],[-79.7445,56.3659],[-79.7748,56.3673],[-79.86,56.3862],[-79.8817,56.3768],[-79.8636,56.3548],[-79.8717,56.3355],[-79.8913,56.3294],[-80.0003,56.3259],[-80.031,56.3197],[-80.0599,56.3044],[-80.0524,56.2837],[-80.098,56.2399],[-80.105,56.2005],[-80.0638,56.1874],[-80.0329,56.1899],[-79.9779,56.2021]]],[[[-79.5937,56.7712],[-79.5604,56.7473],[-79.5476,56.7275],[-79.5641,56.6753],[-79.5833,56.6489],[-79.5649,56.6206],[-79.5155,56.6675],[-79.4877,56.6636],[-79.48,56.6951],[-79.4913,56.716],[-79.4803,56.7232],[-79.4982,56.7712],[-79.5106,56.7837],[-79.5509,56.7847],[-79.5734,56.8182],[-79.5864,56.803],[-79.5738,56.7774],[-79.5937,56.7712]]],[[[-79.9028,56.8941],[-79.8782,56.885],[-79.8125,56.8967],[-79.7992,56.8764],[-79.7861,56.8258],[-79.7908,56.7961],[-79.7512,56.7932],[-79.7309,56.8019],[-79.7237,56.8207],[-79.7315,56.8531],[-79.7562,56.9164],[-79.795,56.9516],[-79.8073,56.9506],[-79.8271,56.9282],[-79.8515,56.9388],[-79.8754,56.9228],[-79.9028,56.8941]]],[[[-79.793,57.4285],[-79.7845,57.4443],[-79.7799,57.5111],[-79.7611,57.5205],[-79.7228,57.5019],[-79.7036,57.5111],[-79.6964,57.5295],[-79.7013,57.5733],[-79.7281,57.6172],[-79.7372,57.622],[-79.7718,57.601],[-79.8069,57.5693],[-79.8282,57.5288],[-79.8172,57.5241],[-79.7847,57.5378],[-79.7799,57.5278],[-79.8025,57.5116],[-79.8117,57.4853],[-79.851,57.4865],[-79.8465,57.4735],[-79.8078,57.4335],[-79.793,57.4285]]],[[[-80.4708,59.491],[-80.4912,59.4848],[-80.5533,59.4501],[-80.5192,59.4438],[-80.5471,59.4085],[-80.5509,59.3818],[-80.5272,59.3754],[-80.5138,59.4103],[-80.4645,59.4706],[-80.4708,59.491]]],[[[-80.225,59.7313],[-80.2591,59.6972],[-80.2454,59.6767],[-80.287,59.6818],[-80.296,59.6627],[-80.3258,59.6484],[-80.3422,59.6196],[-80.3172,59.6136],[-80.2562,59.6267],[-80.2209,59.6625],[-80.1561,59.6828],[-80.1492,59.7102],[-80.2108,59.7219],[-80.225,59.7313]]],[[[-80.1083,59.7648],[-80.0666,59.7601],[-80.0189,59.7722],[-79.9899,59.7959],[-79.9363,59.8132],[-79.9055,59.8336],[-79.8817,59.861],[-79.9098,59.862],[-79.9479,59.8819],[-79.9847,59.8685],[-80.0052,59.8889],[-80.043,59.8778],[-80.067,59.8585],[-80.0975,59.8513],[-80.1288,59.8275],[-80.1799,59.7581],[-80.1629,59.7449],[-80.1503,59.7523],[-80.1465,59.7761],[-80.099,59.8017],[-80.0946,59.8132],[-80.0731,59.8021],[-80.1083,59.7648]]],[[[-79.3951,52.0837],[-79.4438,52.0661],[-79.484,52.0639],[-79.5336,52.0297],[-79.5841,52.0148],[-79.6211,52.0258],[-79.6353,52.0217],[-79.6558,51.9875],[-79.6217,51.9392],[-79.6204,51.9205],[-79.5841,51.9329],[-79.5155,51.9466],[-79.414,51.9383],[-79.3734,51.9453],[-79.3365,51.9633],[-79.3266,51.9818],[-79.3205,52.0335],[-79.2952,52.0554],[-79.2517,52.0769],[-79.2837,52.0965],[-79.3487,52.105],[-79.3951,52.0837]]],[[[-80.7593,52.9192],[-80.7795,52.9487],[-80.8791,53.0322],[-80.9479,53.0695],[-80.9683,53.1011],[-81.1228,53.2022],[-81.1742,53.2123],[-81.4244,53.2288],[-81.4949,53.2131],[-81.6149,53.2138],[-81.6662,53.207],[-81.7571,53.1826],[-81.7804,53.1799],[-81.8578,53.1852],[-81.8828,53.1799],[-81.9441,53.1437],[-81.985,53.107],[-82.0132,53.07],[-82.0536,53.0397],[-82.0627,53.0228],[-82.016,53.0104],[-81.9517,52.9744],[-81.7923,52.9422],[-81.6494,52.9035],[-81.4688,52.8613],[-81.2863,52.8441],[-81.1518,52.8032],[-81.0268,52.7526],[-80.7845,52.723],[-80.7438,52.7002],[-80.7177,52.695],[-80.6995,52.7001],[-80.7047,52.7213],[-80.6696,52.742],[-80.6784,52.7804],[-80.7184,52.8476],[-80.7237,52.8628],[-80.7593,52.9192]]],[[[-79.7582,53.5225],[-79.7247,53.5089],[-79.7036,53.5163],[-79.7656,53.5467],[-79.7582,53.5225]]],[[[-79.2859,54.9135],[-79.3678,54.893],[-79.4696,54.8896],[-79.6539,54.8544],[-79.6973,54.8408],[-79.7315,54.8179],[-79.6831,54.8179],[-79.6831,54.8111],[-79.735,54.8048],[-79.7799,54.7838],[-79.7579,54.7802],[-79.6035,54.8288],[-79.4019,54.852],[-79.3127,54.882],[-79.2926,54.8793],[-79.2417,54.8979],[-79.1514,54.9023],[-79.036,54.9269],[-79.0189,54.9408],[-79.2859,54.9135]]],[[[-77.3121,55.6192],[-77.3292,55.6142],[-77.3667,55.5783],[-77.4131,55.5623],[-77.4484,55.5341],[-77.619,55.4375],[-77.6479,55.4274],[-77.5863,55.4362],[-77.5261,55.4654],[-77.3775,55.5603],[-77.3192,55.582],[-77.2372,55.6319],[-77.2096,55.6397],[-77.2113,55.6538],[-77.245,55.6448],[-77.3121,55.6192]]],[[[-79.0053,56.017],[-78.9798,56.0318],[-78.9507,56.0375],[-78.9507,56.0785],[-78.9657,56.0836],[-78.9873,56.0644],[-79.0133,56.0591],[-79.0252,56.0245],[-79.0281,55.9926],[-79.0898,55.8571],[-79.1239,55.809],[-79.1424,55.7973],[-79.1122,55.8002],[-79.0783,55.8343],[-79.049,55.8793],[-79.0326,55.9146],[-79.0214,55.9537],[-78.9986,55.9826],[-78.9364,56.0245],[-78.9527,56.0307],[-79.0053,56.017]]],[[[-78.7576,56.1679],[-78.7413,56.1658],[-78.7242,56.1815],[-78.6999,56.1745],[-78.6757,56.1815],[-78.6813,56.1972],[-78.6553,56.2362],[-78.6603,56.2805],[-78.649,56.2908],[-78.6597,56.3194],[-78.6634,56.353],[-78.6627,56.4211],[-78.6708,56.4431],[-78.6996,56.449],[-78.7576,56.4348],[-78.788,56.4014],[-78.7982,56.3792],[-78.8334,56.3454],[-78.8129,56.3454],[-78.8266,56.3188],[-78.8146,56.3102],[-78.847,56.2778],[-78.829,56.269],[-78.8405,56.2485],[-78.9193,56.1713],[-78.9364,56.1195],[-78.8845,56.1219],[-78.8334,56.1331],[-78.7775,56.1727],[-78.7576,56.1679]]],[[[-79.5459,56.0438],[-79.6318,55.9412],[-79.7672,55.8181],[-79.7861,55.7905],[-79.7391,55.8118],[-79.6453,55.8967],[-79.6339,55.903],[-79.6074,55.8867],[-79.5538,55.8685],[-79.5093,55.865],[-79.4693,55.8794],[-79.381,55.962],[-79.3548,55.9779],[-79.2484,56.1452],[-79.1898,56.2132],[-79.1556,56.2362],[-79.1314,56.205],[-79.1282,56.1611],[-79.1971,56.0102],[-79.2806,55.8881],[-79.2859,55.8663],[-79.2191,55.9522],[-79.1487,56.0751],[-79.1207,56.116],[-79.1126,56.1401],[-79.0733,56.1804],[-79.0593,56.2021],[-79.0736,56.2089],[-79.0525,56.2293],[-79.0975,56.2163],[-79.1005,56.2331],[-79.0562,56.3486],[-79.0426,56.3659],[-79.0115,56.3734],[-79.0053,56.387],[-78.9747,56.3846],[-78.9979,56.3529],[-78.9702,56.3428],[-78.9736,56.3043],[-78.9901,56.2626],[-79.1111,56.087],[-79.1199,56.0554],[-79.1434,56.0231],[-79.1535,55.9951],[-79.1835,55.9482],[-79.2184,55.8722],[-79.2033,55.8594],[-79.1955,55.9048],[-79.098,56.0508],[-79.0622,56.1394],[-78.9808,56.2327],[-78.9575,56.2774],[-78.9432,56.2908],[-78.892,56.3109],[-78.8818,56.3256],[-78.9469,56.3188],[-78.9364,56.3454],[-78.909,56.3454],[-78.9258,56.3606],[-78.9227,56.4081],[-78.9361,56.4302],[-78.9578,56.4347],[-79.0115,56.428],[-79.0576,56.437],[-79.0935,56.459],[-79.1175,56.491],[-79.131,56.5442],[-79.1903,56.5521],[-79.235,56.5515],[-79.247,56.5621],[-79.2553,56.5953],[-79.2476,56.6317],[-79.223,56.6495],[-79.19,56.6429],[-79.1539,56.6054],[-79.1327,56.6151],[-79.1343,56.6344],[-79.204,56.685],[-79.2583,56.6818],[-79.2849,56.661],[-79.2859,56.6061],[-79.2906,56.5857],[-79.2991,56.4799],[-79.3087,56.4353],[-79.3248,56.3948],[-79.361,56.3485],[-79.4093,56.2329],[-79.4093,56.2225],[-79.4493,56.2035],[-79.5308,56.1847],[-79.5602,56.1679],[-79.5801,56.1391],[-79.6046,56.1291],[-79.6039,56.1614],[-79.5738,56.1815],[-79.5155,56.2327],[-79.4824,56.2863],[-79.4783,56.3013],[-79.4813,56.3471],[-79.4352,56.4142],[-79.428,56.4636],[-79.4156,56.4969],[-79.4299,56.51],[-79.4458,56.555],[-79.4708,56.5521],[-79.464,56.5303],[-79.4783,56.5242],[-79.4613,56.4797],[-79.4675,56.4287],[-79.505,56.3323],[-79.5254,56.2936],[-79.551,56.2663],[-79.7372,56.1614],[-79.949,55.9682],[-79.9876,55.9553],[-80.0257,55.9003],[-79.9709,55.8969],[-79.9491,55.8891],[-79.9127,55.8432],[-79.909,55.8253],[-79.8671,55.8435],[-79.8564,55.8714],[-79.8301,55.8986],[-79.7228,55.9786],[-79.5841,56.1107],[-79.5459,56.1331],[-79.4932,56.1316],[-79.4708,56.121],[-79.4745,56.1027],[-79.5288,56.0612],[-79.5459,56.0438]]],[[[-79.9059,56.8668],[-79.9438,56.8395],[-79.9524,56.8147],[-79.9517,56.7852],[-79.9394,56.7605],[-79.8881,56.7491],[-79.868,56.7637],[-79.8619,56.7849],[-79.838,56.7945],[-79.8174,56.8316],[-79.8242,56.848],[-79.858,56.8655],[-79.9059,56.8668]]],[[[-77.9216,58.3328],[-77.9495,58.3266],[-77.7383,58.2504],[-77.6984,58.2407],[-77.6683,58.2447],[-77.8179,58.3088],[-77.9216,58.3328]]],[[[-78.6416,58.6283],[-78.6074,58.6345],[-78.6962,58.6966],[-78.6877,58.6603],[-78.6553,58.6413],[-78.6832,58.6208],[-78.6304,58.5959],[-78.4567,58.5389],[-78.4831,58.5528],[-78.6238,58.6157],[-78.6416,58.6283]]],[[[-79.0275,52.1136],[-79.0801,52.1065],[-79.0867,52.0975],[-79.0316,52.0934],[-79.0067,52.0979],[-79.0019,52.1076],[-79.0275,52.1136]]],[[[-79.4057,52.261],[-79.4456,52.2624],[-79.4849,52.2533],[-79.5013,52.2331],[-79.475,52.2375],[-79.4009,52.2409],[-79.3793,52.2519],[-79.4057,52.261]]],[[[-78.7342,52.4451],[-78.7685,52.4477],[-78.8145,52.4352],[-78.8017,52.4339],[-78.8,52.4128],[-78.7626,52.4138],[-78.7609,52.4064],[-78.727,52.4123],[-78.7552,52.4221],[-78.7074,52.4476],[-78.7342,52.4451]]],[[[-79.5846,52.5552],[-79.5914,52.5767],[-79.6124,52.5773],[-79.6394,52.5326],[-79.5653,52.5454],[-79.5846,52.5552]]],[[[-81.1052,54.3329],[-81.086,54.3482],[-81.0936,54.3702],[-81.108,54.366],[-81.1052,54.3329]]],[[[-76.7305,56.1608],[-76.7565,56.1789],[-76.7729,56.1654],[-76.7748,56.1037],[-76.7208,56.1254],[-76.7159,56.138],[-76.7305,56.1608]]],[[[-77.8498,56.3153],[-77.8476,56.3236],[-77.9405,56.3114],[-77.9639,56.3056],[-77.9801,56.2866],[-77.9276,56.2988],[-77.8846,56.3035],[-77.8498,56.3153]]],[[[-77.487,56.4421],[-77.5067,56.4174],[-77.537,56.397],[-77.5354,56.3795],[-77.5026,56.3865],[-77.4776,56.4365],[-77.487,56.4421]]],[[[-78.8111,56.6577],[-78.753,56.6573],[-78.7501,56.6756],[-78.8407,56.6758],[-78.8111,56.6577]]],[[[-76.6234,56.6815],[-76.6161,56.6955],[-76.6342,56.7153],[-76.6343,56.6566],[-76.6479,56.6265],[-76.6554,56.5875],[-76.6464,56.5505],[-76.619,56.5869],[-76.6258,56.6336],[-76.6234,56.6815]]],[[[-76.652,57.0714],[-76.6715,57.0985],[-76.6725,57.1173],[-76.6536,57.1289],[-76.6786,57.1518],[-76.6815,57.1702],[-76.7114,57.1964],[-76.7335,57.1764],[-76.7201,57.1463],[-76.7009,57.0827],[-76.6751,57.0654],[-76.652,57.0714]]],[[[-78.2684,57.1986],[-78.3116,57.2087],[-78.3576,57.1955],[-78.3824,57.1781],[-78.3578,57.1704],[-78.3243,57.1719],[-78.2967,57.1912],[-78.2684,57.1986]]],[[[-78.3365,57.3052],[-78.3264,57.3178],[-78.3472,57.3286],[-78.381,57.3288],[-78.4581,57.3048],[-78.4808,57.2914],[-78.4154,57.2793],[-78.3365,57.3052]]],[[[-76.7911,57.3361],[-76.7638,57.2851],[-76.7394,57.2839],[-76.733,57.2935],[-76.7499,57.3264],[-76.7454,57.3602],[-76.7713,57.3906],[-76.8354,57.4258],[-76.8393,57.4189],[-76.8177,57.391],[-76.7911,57.3361]]],[[[-78.6288,58.7795],[-78.6509,58.8021],[-78.6831,58.8022],[-78.7049,58.7795],[-78.6288,58.7795]]],[[[-78.9011,58.8325],[-78.9271,58.8655],[-78.9376,58.8648],[-78.9421,58.8378],[-78.8843,58.81],[-78.9011,58.8325]]],[[[-80.5524,59.1101],[-80.5829,59.0983],[-80.5483,59.0911],[-80.5355,59.0999],[-80.5524,59.1101]]],[[[-80.5185,59.6947],[-80.5806,59.6693],[-80.5882,59.6616],[-80.567,59.6464],[-80.5515,59.6494],[-80.5107,59.6833],[-80.5185,59.6947]]],[[[-80.3873,59.7117],[-80.4219,59.6948],[-80.4484,59.6583],[-80.4297,59.6527],[-80.4076,59.685],[-80.3905,59.6858],[-80.3703,59.7087],[-80.3873,59.7117]]],[[[-92.7984,61.948],[-92.8507,61.9477],[-92.875,61.9387],[-92.8376,61.926],[-92.8171,61.9366],[-92.7875,61.9288],[-92.7719,61.9351],[-92.7984,61.948]]],[[[-92.6417,62.0607],[-92.7009,62.0746],[-92.6887,62.0419],[-92.6528,62.0265],[-92.6361,62.0404],[-92.6417,62.0607]]],[[[-66.4385,62.8953],[-66.562,62.9311],[-66.569,62.9148],[-66.4948,62.8774],[-66.4106,62.8483],[-66.3425,62.8496],[-66.3633,62.8706],[-66.4385,62.8953]]],[[[-66.9247,63.0652],[-66.9949,63.0929],[-67.0745,63.0975],[-67.0382,63.0712],[-66.9725,63.0341],[-66.8949,62.9804],[-66.8345,62.9528],[-66.7931,62.9255],[-66.7708,62.9449],[-66.8074,62.9859],[-66.9247,63.0652]]],[[[-68.1453,63.2725],[-68.2161,63.2764],[-68.1879,63.2503],[-68.1274,63.2206],[-68.0498,63.1924],[-68.0585,63.2227],[-68.1453,63.2725]]],[[[-68.0234,63.3009],[-68.092,63.3204],[-67.9589,63.2184],[-67.895,63.1894],[-67.9317,63.2329],[-68.0234,63.3009]]],[[[-67.8527,63.346],[-67.9125,63.3931],[-67.964,63.41],[-67.9515,63.3805],[-67.9145,63.3371],[-67.8662,63.2918],[-67.8183,63.2913],[-67.8457,63.3261],[-67.8527,63.346]]],[[[-64.0434,63.5631],[-64.1373,63.618],[-64.1687,63.6046],[-64.1489,63.5401],[-64.0912,63.4865],[-64.0434,63.5631]]],[[[-64.2172,63.8426],[-64.334,63.8448],[-64.3418,63.8201],[-64.3429,63.7693],[-64.315,63.7394],[-64.2611,63.7239],[-64.2566,63.7616],[-64.1742,63.8057],[-64.2172,63.8426]]],[[[-76.4842,64.1813],[-76.4718,64.2061],[-76.4941,64.2235],[-76.4974,64.2426],[-76.5297,64.2458],[-76.5727,64.2343],[-76.5685,64.2061],[-76.5255,64.1971],[-76.4842,64.1813]]],[[[-76.6644,64.2417],[-76.628,64.2219],[-76.6074,64.221],[-76.5958,64.2392],[-76.5653,64.2541],[-76.6131,64.2715],[-76.652,64.2632],[-76.6901,64.2641],[-76.6909,64.2524],[-76.6644,64.2417]]],[[[-64.9654,64.3097],[-65.0462,64.3279],[-65.0755,64.307],[-65.0665,64.2793],[-65.0416,64.2447],[-64.9913,64.1932],[-64.9411,64.2063],[-64.8783,64.2296],[-64.9375,64.2442],[-64.8845,64.2637],[-64.946,64.276],[-64.9868,64.2901],[-64.9654,64.3097]]],[[[-66.9343,65.317],[-66.903,65.345],[-66.9246,65.3649],[-66.9712,65.3468],[-67.0167,65.3198],[-66.9971,65.2977],[-66.9678,65.283],[-66.9343,65.317]]],[[[-89.0468,65.4064],[-89.1006,65.4152],[-89.1027,65.397],[-89.0557,65.4009],[-88.9806,65.3822],[-88.9693,65.3879],[-89.0104,65.4006],[-89.023,65.4147],[-89.0468,65.4064]]],[[[-88.4308,65.487],[-88.4886,65.4814],[-88.4846,65.4648],[-88.459,65.4557],[-88.3713,65.462],[-88.3831,65.4725],[-88.4308,65.487]]],[[[-67.4325,65.7427],[-67.5588,65.739],[-67.6765,65.7275],[-67.7045,65.7165],[-67.6825,65.6893],[-67.6197,65.7014],[-67.5295,65.7131],[-67.4788,65.708],[-67.3892,65.7362],[-67.4325,65.7427]]],[[[-65.7864,65.702],[-65.7706,65.7633],[-65.8073,65.7769],[-65.8656,65.7812],[-65.8588,65.7495],[-65.8611,65.7052],[-65.8372,65.6783],[-65.7981,65.6834],[-65.7864,65.702]]],[[[-66.9295,65.9498],[-66.9216,65.9753],[-66.9639,65.997],[-67.0534,66.0081],[-67.1199,66.0068],[-67.1486,65.9959],[-67.1057,65.9577],[-67.0877,65.974],[-67.0574,65.9833],[-66.9881,65.974],[-66.9625,65.9511],[-66.9295,65.9498]]],[[[-85.0217,66.0831],[-85.0806,66.0814],[-85.0982,66.0743],[-85.0924,66.0509],[-85.0295,66.0507],[-84.9975,66.0573],[-85.0217,66.0831]]],[[[-83.5952,66.0401],[-83.5578,66.0514],[-83.5704,66.0837],[-83.5931,66.0766],[-83.6223,66.049],[-83.5952,66.0401]]],[[[-83.6114,66.0846],[-83.5741,66.1103],[-83.6488,66.123],[-83.6578,66.0993],[-83.6484,66.0711],[-83.6114,66.0846]]],[[[-85.9556,66.4632],[-85.9823,66.4639],[-85.9624,66.4396],[-85.8995,66.4427],[-85.9112,66.462],[-85.9556,66.4632]]],[[[-113.0083,67.9473],[-113.1389,67.9375],[-113.1551,67.9218],[-113.1215,67.9154],[-113.0521,67.9204],[-112.9393,67.9206],[-112.8943,67.9292],[-112.8683,67.9465],[-112.8154,67.9509],[-112.7613,67.9641],[-112.8165,67.9692],[-112.945,67.9502],[-113.0083,67.9473]]],[[[-112.8369,68.1703],[-112.8905,68.1735],[-112.9123,68.1449],[-112.8265,68.1415],[-112.7897,68.1301],[-112.7612,68.1456],[-112.7178,68.1559],[-112.7461,68.1676],[-112.8369,68.1703]]],[[[-80.1466,69.4005],[-80.201,69.4277],[-80.2077,69.4081],[-80.182,69.3796],[-80.1313,69.3625],[-80.0878,69.3656],[-80.071,69.3836],[-80.1466,69.4005]]],[[[-81.6433,69.4144],[-81.7135,69.4282],[-81.8389,69.4338],[-81.8968,69.417],[-81.9027,69.3941],[-81.8827,69.3633],[-81.8303,69.3443],[-81.7673,69.3653],[-81.782,69.3873],[-81.6919,69.3844],[-81.7008,69.3688],[-81.6722,69.3535],[-81.5683,69.3443],[-81.4856,69.3472],[-81.5058,69.4068],[-81.5485,69.4155],[-81.6433,69.4144]]],[[[-82.5062,69.7906],[-82.6477,69.8261],[-82.749,69.8202],[-82.8433,69.8084],[-82.8547,69.7944],[-82.8157,69.7819],[-82.6955,69.7614],[-82.5589,69.7433],[-82.492,69.763],[-82.5062,69.7906]]]]},"properties":{"name":"Nunavut","name_en":"Nunavut","name_ja":"ヌナブト準州","name_zh":"努纳武特","name_ko":"누나부트 준","adm0_a3":"CAN","postal":"NU","iso_3166_2":"CA-NU","type_en":"Territory","region":"Northern Canada","geonunit":"Canada"}},
{"type":"Feature","geometry":{"type":"MultiPolygon","coordinates":[[[[-64.5314,60.3039],[-64.6532,60.2926],[-64.7029,60.2946],[-64.7642,60.2896],[-64.8083,60.2808],[-64.8447,60.2641],[-64.858,60.2363],[-64.8428,60.2189],[-64.7733,60.1802],[-64.7489,60.1736],[-64.6696,60.1834],[-64.636,60.1743],[-64.6088,60.142],[-64.5992,60.1178],[-64.6174,60.1065],[-64.7239,60.1059],[-64.741,60.1014],[-64.7047,60.0762],[-64.7051,60.0642],[-64.7815,60.0436],[-64.8172,60.0393],[-64.8774,60.0597],[-64.9042,60.0478],[-64.8775,60.0226],[-64.8616,59.9894],[-64.8354,59.9639],[-64.7902,59.9717],[-64.7511,59.9556],[-64.6901,59.9491],[-64.6635,59.9404],[-64.6544,59.9167],[-64.6707,59.8834],[-64.737,59.8918],[-64.7677,59.8801],[-64.7477,59.8432],[-64.8141,59.819],[-64.8015,59.8054],[-64.8103,59.7719],[-64.7745,59.6992],[-64.8251,59.6805],[-64.885,59.6638],[-64.9018,59.6415],[-64.9032,59.6038],[-64.8934,59.5647],[-64.8279,59.5374],[-64.8022,59.5201],[-64.7786,59.5182],[-64.7749,59.4973],[-64.7313,59.4563],[-64.702,59.4473],[-64.672,59.4503],[-64.5792,59.4773],[-64.4845,59.5179],[-64.4141,59.5291],[-64.3762,59.5235],[-64.3494,59.5051],[-64.3557,59.4842],[-64.4559,59.4512],[-64.5034,59.4295],[-64.4859,59.3995],[-64.5372,59.3727],[-64.5053,59.3417],[-64.5092,59.3227],[-64.5287,59.3073],[-64.5383,59.2856],[-64.5124,59.2607],[-64.5121,59.2364],[-64.5329,59.2113],[-64.5279,59.1857],[-64.4981,59.1657],[-64.4892,59.1468],[-64.4895,59.1057],[-64.4691,59.0884],[-64.4445,59.0819],[-64.3649,59.0733],[-64.3329,59.0569],[-64.3049,59.0344],[-64.2921,59.0073],[-64.3183,58.9922],[-64.414,58.982],[-64.4611,58.9874],[-64.5022,59.0016],[-64.5395,59.0024],[-64.5767,59.0179],[-64.6556,59.0301],[-64.6847,59.054],[-64.7159,59.0657],[-64.7542,59.0651],[-64.7927,59.0546],[-64.8241,59.0368],[-64.8635,58.9937],[-64.838,58.9672],[-64.8403,58.9563],[-64.8822,58.9351],[-64.876,58.9253],[-64.8227,58.9113],[-64.7913,58.9137],[-64.7328,58.9409],[-64.7015,58.9423],[-64.667,58.929],[-64.605,58.8964],[-64.568,58.8873],[-64.4713,58.8959],[-64.4014,58.8838],[-64.3104,58.8847],[-64.2782,58.8752],[-64.2586,58.8501],[-64.2698,58.8077],[-64.2615,58.7818],[-64.2366,58.7696],[-64.1571,58.7508],[-64.1263,58.7525],[-64.0913,58.7678],[-64.0203,58.8094],[-63.9822,58.8233],[-63.9411,58.8274],[-63.8911,58.8244],[-63.8419,58.8298],[-63.7941,58.8673],[-63.7604,58.8791],[-63.7263,58.8785],[-63.6373,58.8525],[-63.5934,58.8443],[-63.5552,58.8248],[-63.5084,58.7897],[-63.4837,58.7586],[-63.4978,58.7372],[-63.5336,58.7235],[-63.6303,58.7095],[-63.8002,58.6984],[-63.8808,58.705],[-63.954,58.6832],[-64.0286,58.6823],[-64.0594,58.669],[-64.0861,58.6378],[-64.0992,58.5921],[-64.078,58.552],[-64.0527,58.5332],[-64.0305,58.5268],[-63.976,58.5321],[-63.9194,58.5602],[-63.8904,58.5668],[-63.8619,58.5475],[-63.8522,58.5149],[-63.8182,58.486],[-63.8307,58.4595],[-63.8646,58.4383],[-63.9794,58.434],[-64.0025,58.4208],[-64.0301,58.3834],[-64.0508,58.3723],[-64.1326,58.3586],[-64.1671,58.3388],[-64.1857,58.2939],[-64.1911,58.2642],[-64.2092,58.238],[-64.242,58.2198],[-64.3508,58.2064],[-64.3896,58.1877],[-64.4108,58.1483],[-64.4286,58.097],[-64.4276,58.0748],[-64.4043,58.0645],[-64.3468,58.0661],[-64.2764,58.0473],[-64.2214,58.0452],[-64.2134,58.0281],[-64.2144,57.9775],[-64.2014,57.9566],[-64.1647,57.918],[-64.0941,57.806],[-64.0539,57.7679],[-64.0189,57.7781],[-64.0106,57.8137],[-63.9228,57.7956],[-63.9111,57.7832],[-63.8919,57.7304],[-63.847,57.7238],[-63.8253,57.6942],[-63.8029,57.6917],[-63.7695,57.7305],[-63.7488,57.7151],[-63.7168,57.6718],[-63.6959,57.659],[-63.6753,57.6737],[-63.6602,57.7199],[-63.6492,57.7312],[-63.6106,57.7395],[-63.5958,57.7342],[-63.5839,57.7081],[-63.5954,57.681],[-63.6392,57.6391],[-63.6672,57.6246],[-63.7324,57.6032],[-63.7566,57.5862],[-63.7649,57.5644],[-63.7606,57.5109],[-63.7646,57.4626],[-63.7443,57.4217],[-63.7079,57.3852],[-63.7177,57.3705],[-63.7864,57.3515],[-63.838,57.3253],[-63.8448,57.2954],[-63.8692,57.2498],[-63.8757,57.2274],[-63.8684,57.2006],[-63.8502,57.1918],[-63.8355,57.2189],[-63.8205,57.2745],[-63.8007,57.2758],[-63.7502,57.2441],[-63.7433,57.2267],[-63.7526,57.2102],[-63.7902,57.1689],[-63.7809,57.128],[-63.7952,57.1009],[-63.8503,57.0843],[-63.8717,57.0693],[-63.8846,57.0195],[-63.8659,56.9918],[-63.9004,56.975],[-63.9154,56.9366],[-63.9082,56.9168],[-63.8716,56.8906],[-63.8835,56.8732],[-63.9432,56.8755],[-63.9974,56.8548],[-64.0108,56.837],[-63.9929,56.7886],[-64.0198,56.7776],[-64.0836,56.7656],[-64.1157,56.7313],[-64.1241,56.6895],[-64.1061,56.6694],[-64.0573,56.644],[-64.0369,56.6273],[-64.015,56.5893],[-63.953,56.5577],[-63.9426,56.5451],[-63.947,56.4835],[-63.8746,56.4516],[-63.8771,56.4393],[-63.908,56.4278],[-63.9615,56.4196],[-64.011,56.419],[-64.1454,56.4361],[-64.1623,56.4345],[-64.1639,56.4145],[-64.1239,56.3984],[-64.1081,56.3754],[-64.1052,56.3478],[-64.1147,56.3218],[-64.1366,56.3037],[-64.1072,56.2851],[-64.0911,56.2628],[-64.055,56.2559],[-64.0166,56.2633],[-63.9417,56.253],[-63.8987,56.2377],[-63.8769,56.2173],[-63.8878,56.1942],[-63.9223,56.183],[-63.9916,56.1712],[-64.0109,56.1556],[-64.0184,56.1363],[-64.0217,56.0898],[-64.0103,56.0698],[-63.9766,56.0777],[-63.9158,56.1092],[-63.8814,56.1203],[-63.8477,56.1203],[-63.8461,56.1058],[-63.8775,56.0853],[-63.8709,56.0745],[-63.8439,56.0723],[-63.8341,56.0534],[-63.8043,56.0432],[-63.7032,56.0473],[-63.6284,56.0215],[-63.5872,56.0176],[-63.4942,56.0296],[-63.4613,56.0308],[-63.4506,56.0122],[-63.4967,55.9972],[-63.5557,55.9961],[-63.575,55.9917],[-63.691,55.9412],[-63.7893,55.9315],[-63.8403,55.9133],[-63.8421,55.8932],[-63.8257,55.8695],[-63.782,55.8477],[-63.7674,55.8295],[-63.7619,55.793],[-63.7109,55.7839],[-63.6964,55.7766],[-63.6927,55.753],[-63.7109,55.7147],[-63.7419,55.6746],[-63.7492,55.6546],[-63.6818,55.6509],[-63.669,55.6236],[-63.6745,55.5562],[-63.6854,55.5198],[-63.7128,55.4997],[-63.7692,55.4833],[-63.7674,55.4615],[-63.7383,55.4396],[-63.6417,55.425],[-63.5105,55.4232],[-63.3903,55.405],[-63.3375,55.4123],[-63.3302,55.3886],[-63.3429,55.3613],[-63.4559,55.3431],[-63.4905,55.3467],[-63.5543,55.3467],[-63.578,55.3394],[-63.5761,55.3267],[-63.5361,55.323],[-63.5415,55.3084],[-63.5998,55.3012],[-63.6454,55.2866],[-63.6599,55.2702],[-63.6454,55.2447],[-63.5506,55.2265],[-63.4614,55.2483],[-63.4103,55.252],[-63.4195,55.2246],[-63.4541,55.2046],[-63.4978,55.2028],[-63.5488,55.1846],[-63.5889,55.1208],[-63.6016,55.0716],[-63.5852,55.0498],[-63.5761,54.9787],[-63.5962,54.9605],[-63.5943,54.9186],[-63.6053,54.9022],[-63.6599,54.9022],[-63.6909,54.9168],[-63.7729,54.9423],[-63.8148,54.9405],[-63.8202,54.9186],[-63.8458,54.8803],[-63.8366,54.8457],[-63.8239,54.8293],[-63.8385,54.8129],[-63.884,54.7965],[-63.904,54.782],[-63.8968,54.7637],[-63.8713,54.7473],[-63.7893,54.7109],[-63.7292,54.6471],[-63.7401,54.6235],[-63.802,54.6417],[-63.8585,54.6289],[-63.8986,54.6016],[-63.966,54.6071],[-64.0516,54.6071],[-64.1135,54.6308],[-64.181,54.7109],[-64.2447,54.7328],[-64.3139,54.7656],[-64.3923,54.7892],[-64.4579,54.7947],[-64.538,54.7401],[-64.5763,54.7273],[-64.6346,54.7346],[-64.6892,54.7364],[-64.7147,54.7291],[-64.7676,54.7382],[-64.7767,54.7674],[-64.7585,54.8166],[-64.7821,54.8348],[-64.8477,54.8494],[-64.855,54.873],[-64.8714,54.8894],[-64.9406,54.9295],[-65.0044,54.9386],[-65.1028,54.9568],[-65.1629,54.9295],[-65.1939,54.8803],[-65.2212,54.8512],[-65.274,54.8366],[-65.2959,54.8257],[-65.3177,54.8366],[-65.3523,54.8257],[-65.3997,54.8239],[-65.4726,54.8421],[-65.4817,54.8166],[-65.4453,54.7801],[-65.4453,54.7455],[-65.4799,54.7309],[-65.5455,54.7255],[-65.5746,54.7401],[-65.6256,54.7492],[-65.662,54.72],[-65.6784,54.7146],[-65.698,54.7228],[-65.7343,54.7593],[-65.8191,54.8163],[-65.8402,54.8419],[-65.8493,54.869],[-65.8487,54.897],[-65.8736,54.9133],[-65.9497,54.9261],[-65.9947,54.9254],[-66.0288,54.9114],[-66.0593,54.9188],[-66.1341,54.9655],[-66.1972,54.9768],[-66.2543,54.9981],[-66.3006,55.0332],[-66.343,55.0736],[-66.422,55.1373],[-66.4788,55.1605],[-66.4933,55.1715],[-66.5589,55.2404],[-66.588,55.2554],[-66.6511,55.2544],[-66.6768,55.2578],[-66.6996,55.3071],[-66.7314,55.3274],[-66.7704,55.3388],[-66.832,55.3347],[-66.8372,55.3172],[-66.8118,55.293],[-66.7279,55.241],[-66.7009,55.2206],[-66.6938,55.1925],[-66.7352,55.1817],[-66.7431,55.1716],[-66.7623,55.1042],[-66.7574,55.0918],[-66.717,55.0432],[-66.6752,55.0075],[-66.6608,54.9842],[-66.6751,54.9745],[-66.7282,54.9599],[-66.7288,54.9387],[-66.6384,54.8517],[-66.6071,54.8039],[-66.6425,54.7812],[-66.7044,54.7841],[-66.7203,54.7669],[-66.7013,54.7402],[-66.737,54.7339],[-66.785,54.7458],[-66.8694,54.7784],[-66.9362,54.7991],[-66.9665,54.8143],[-66.9933,54.837],[-67.0159,54.8849],[-67.0445,54.9049],[-67.1069,54.9217],[-67.1967,54.9746],[-67.2301,54.9889],[-67.297,55.006],[-67.3086,55.0268],[-67.2811,55.0459],[-67.2741,55.066],[-67.3337,55.0839],[-67.3788,55.0887],[-67.4081,55.0806],[-67.4351,55.0635],[-67.4435,55.0349],[-67.4229,54.9971],[-67.3781,54.9489],[-67.3162,54.8939],[-67.2646,54.8354],[-67.1718,54.7804],[-67.0858,54.7322],[-67.0858,54.6806],[-67.1546,54.6153],[-67.1924,54.6118],[-67.2612,54.5706],[-67.2543,54.5465],[-67.2337,54.5155],[-67.2681,54.4846],[-67.3403,54.5121],[-67.4263,54.5706],[-67.4985,54.5946],[-67.5157,54.574],[-67.4951,54.5396],[-67.5088,54.488],[-67.5467,54.4846],[-67.6051,54.4708],[-67.6327,54.4846],[-67.6671,54.4605],[-67.7014,54.4502],[-67.7496,54.4261],[-67.7462,54.3436],[-67.6911,54.3057],[-67.6739,54.2645],[-67.6395,54.2301],[-67.6395,54.1888],[-67.7049,54.1544],[-67.7427,54.1544],[-67.7737,54.1269],[-67.7909,54.0994],[-67.8081,54.034],[-67.7806,54.0065],[-67.7462,53.9824],[-67.7118,53.9721],[-67.6705,53.9446],[-67.6155,53.924],[-67.5948,53.8586],[-67.5226,53.838],[-67.5123,53.8139],[-67.5776,53.7967],[-67.5948,53.783],[-67.5742,53.7658],[-67.5295,53.7589],[-67.5123,53.7314],[-67.4125,53.6935],[-67.3988,53.6351],[-67.3231,53.5663],[-67.1855,53.5422],[-67.1133,53.525],[-67.0308,53.5147],[-66.8898,53.4149],[-66.9345,53.3977],[-66.9861,53.384],[-67.0101,53.353],[-66.9964,53.3255],[-66.962,53.2946],[-66.9689,53.1879],[-66.9929,53.1673],[-66.9826,53.1432],[-66.9826,53.1054],[-66.9964,53.0813],[-67.048,53.0744],[-67.0583,53.0916],[-67.0514,53.1226],[-67.1202,53.1226],[-67.1683,53.1535],[-67.2096,53.1535],[-67.2406,53.1673],[-67.299,53.157],[-67.3266,53.1329],[-67.3575,53.1295],[-67.385,53.1054],[-67.3678,53.016],[-67.3403,52.9781],[-67.3334,52.9437],[-67.3472,52.9162],[-67.3025,52.8681],[-67.2612,52.8612],[-67.2027,52.8268],[-67.1649,52.8199],[-67.134,52.8578],[-67.0996,52.8715],[-67.0617,52.875],[-67.0514,52.8096],[-67.0411,52.7752],[-66.9861,52.758],[-66.9482,52.7374],[-66.907,52.6961],[-66.8657,52.6617],[-66.8554,52.6892],[-66.8519,52.7305],[-66.8244,52.7236],[-66.8141,52.6927],[-66.7935,52.6789],[-66.7694,52.6789],[-66.7591,52.7064],[-66.7694,52.7649],[-66.7487,52.7752],[-66.7075,52.7718],[-66.6559,52.7959],[-66.6456,52.8268],[-66.6456,52.8887],[-66.6249,52.9369],[-66.5493,52.9403],[-66.508,52.9575],[-66.4633,52.9953],[-66.4564,53.0297],[-66.4254,53.0366],[-66.3635,53.0022],[-66.2913,52.9025],[-66.2879,52.8474],[-66.3119,52.844],[-66.3291,52.8543],[-66.391,52.8715],[-66.4014,52.844],[-66.3773,52.7993],[-66.3326,52.7374],[-66.2947,52.6376],[-66.2879,52.6101],[-66.3119,52.6101],[-66.3739,52.6686],[-66.4048,52.648],[-66.4082,52.5895],[-66.3739,52.5413],[-66.3842,52.4691],[-66.3635,52.4416],[-66.3498,52.3831],[-66.3498,52.3591],[-66.3876,52.3694],[-66.4358,52.3763],[-66.4805,52.335],[-66.4667,52.3075],[-66.4564,52.2662],[-66.4323,52.2284],[-66.4082,52.218],[-66.3842,52.1733],[-66.3739,52.1424],[-66.3498,52.1321],[-66.3016,52.1321],[-66.2638,52.1561],[-66.2775,52.2215],[-66.3016,52.2868],[-66.2844,52.3075],[-66.2569,52.2971],[-66.2122,52.2524],[-66.195,52.2215],[-66.1228,52.2008],[-66.0781,52.1699],[-66.0884,52.0908],[-66.0265,52.0805],[-65.9921,52.0598],[-65.9508,52.0805],[-65.9405,52.0942],[-65.9027,52.0805],[-65.8717,52.0977],[-65.8236,52.108],[-65.7582,52.0908],[-65.7307,52.0873],[-65.6963,52.1045],[-65.655,52.108],[-65.6619,52.0633],[-65.6825,52.0254],[-65.6619,51.9876],[-65.6138,52.0323],[-65.5518,52.0323],[-65.5278,52.0564],[-65.5003,52.0977],[-65.459,52.0254],[-65.4143,51.9842],[-65.3936,51.9773],[-65.3764,51.9842],[-65.3592,51.9498],[-65.373,51.9188],[-65.3936,51.8982],[-65.3386,51.8191],[-65.318,51.8535],[-65.2767,51.8672],[-65.2217,51.826],[-65.1838,51.8225],[-65.177,51.7916],[-65.1838,51.7744],[-65.1322,51.7572],[-65.0806,51.7503],[-65.0325,51.7606],[-64.9912,51.7365],[-64.9568,51.7228],[-64.9224,51.7297],[-64.919,51.7606],[-64.8571,51.7744],[-64.7711,51.764],[-64.6886,51.7228],[-64.6542,51.6918],[-64.5785,51.6127],[-64.5304,51.5921],[-64.4788,51.6093],[-64.4375,51.6402],[-64.4065,51.654],[-64.3446,51.6677],[-64.324,51.6953],[-64.2793,51.74],[-64.293,51.7847],[-64.3343,51.8191],[-64.3377,51.8741],[-64.3618,51.967],[-64.3377,52.0117],[-64.2758,51.967],[-64.2346,51.9807],[-64.2724,52.0392],[-64.2518,52.1149],[-64.2105,52.1286],[-64.1727,52.1149],[-64.1555,52.1321],[-64.1795,52.163],[-64.2105,52.2215],[-64.2208,52.2662],[-64.207,52.304],[-64.1658,52.3212],[-64.1417,52.3556],[-64.1279,52.3866],[-64.1279,52.4278],[-64.1417,52.4898],[-64.1623,52.531],[-64.183,52.5517],[-64.1899,52.5723],[-64.1623,52.5964],[-64.1589,52.6376],[-64.1658,52.6755],[-64.1245,52.6961],[-64.1073,52.7202],[-64.0041,52.7339],[-63.7943,52.7718],[-63.7187,52.7787],[-63.6671,52.8131],[-63.6533,52.8371],[-63.612,52.8612],[-63.6017,52.8199],[-63.6052,52.7855],[-63.5958,52.7709],[-63.5756,52.7685],[-63.5156,52.741],[-63.4572,52.7236],[-63.4103,52.6974],[-63.3842,52.6732],[-63.3791,52.6512],[-63.4136,52.639],[-63.5022,52.6468],[-63.8126,52.6202],[-63.8759,52.6084],[-63.9541,52.5799],[-63.9955,52.5579],[-64.0436,52.52],[-64.0689,52.4944],[-64.0812,52.4734],[-64.0754,52.4536],[-64.0568,52.4426],[-64.0291,52.3978],[-64.0009,52.3696],[-63.9727,52.3536],[-63.8897,52.3338],[-63.882,52.337],[-63.7734,52.3351],[-63.7495,52.3224],[-63.7504,52.3133],[-63.7852,52.3023],[-63.7832,52.2912],[-63.7354,52.2515],[-63.7144,52.2286],[-63.6936,52.1883],[-63.6805,52.1441],[-63.6718,52.0978],[-63.6401,52.0506],[-63.6441,52.037],[-63.6704,52.0357],[-63.7144,52.0471],[-63.7882,52.0714],[-63.8196,52.0681],[-63.8082,52.0426],[-63.7744,52.0136],[-63.7387,51.9998],[-63.3957,51.9998],[-62.9975,51.9998],[-62.7944,51.9998],[-62.3884,51.9998],[-61.9824,51.9999],[-61.678,51.9999],[-61.3737,51.9999],[-61.0694,51.9999],[-60.7651,51.9999],[-60.4608,51.9999],[-60.1565,51.9999],[-59.8522,51.9999],[-59.5479,51.9999],[-59.2993,51.9999],[-58.8022,52],[-58.5536,52],[-58.0566,52],[-57.5595,52.0001],[-57.101,52.0001],[-57.1009,51.7178],[-57.1003,51.419],[-57.0568,51.4278],[-57.0485,51.419],[-57.0293,51.425],[-56.9665,51.4252],[-56.9409,51.4466],[-56.9529,51.4736],[-56.9255,51.5009],[-56.8961,51.4772],[-56.8597,51.4757],[-56.8253,51.49],[-56.8021,51.5146],[-56.8105,51.5268],[-56.7773,51.5375],[-56.7679,51.5555],[-56.7368,51.5744],[-56.7001,51.5869],[-56.6879,51.6387],[-56.6686,51.6517],[-56.6034,51.6517],[-56.579,51.6574],[-56.4757,51.7058],[-56.4642,51.7146],[-56.4527,51.7429],[-56.4116,51.7337],[-56.3753,51.7484],[-56.3379,51.7821],[-56.2602,51.7821],[-56.2109,51.7972],[-56.1684,51.8315],[-56.1168,51.864],[-56.0812,51.8706],[-56.046,51.8945],[-55.9342,51.9252],[-55.903,51.9495],[-55.8977,51.9704],[-55.9061,51.9829],[-55.9659,52.0217],[-55.9358,52.0205],[-55.8874,52.0069],[-55.8636,52.008],[-55.8101,52.0225],[-55.7853,52.035],[-55.7611,52.0565],[-55.8021,52.0837],[-55.7725,52.0922],[-55.7121,52.0906],[-55.6848,52.1117],[-55.7066,52.146],[-55.6922,52.1861],[-55.7174,52.1882],[-55.7591,52.2045],[-55.7804,52.2067],[-55.7512,52.2248],[-55.7414,52.2123],[-55.7059,52.2203],[-55.6382,52.2131],[-55.6165,52.2203],[-55.6868,52.2501],[-55.7285,52.2544],[-55.7947,52.2408],[-55.774,52.2622],[-55.7301,52.2724],[-55.7068,52.2917],[-55.7248,52.2934],[-55.7515,52.283],[-55.7732,52.284],[-55.7887,52.2973],[-55.8158,52.296],[-55.8201,52.3082],[-55.8568,52.3035],[-55.8226,52.3227],[-55.8226,52.3302],[-55.9438,52.3464],[-55.9625,52.3677],[-56.0254,52.3919],[-56.1168,52.399],[-56.1651,52.4166],[-56.1987,52.4468],[-56.1691,52.4437],[-55.9781,52.3821],[-55.9173,52.3727],[-55.8473,52.3497],[-55.771,52.3397],[-55.7743,52.3614],[-55.8083,52.3854],[-55.7442,52.3873],[-55.7033,52.3668],[-55.6717,52.3581],[-55.6539,52.3651],[-55.6449,52.3929],[-55.6627,52.4039],[-55.6464,52.4302],[-55.6476,52.4432],[-55.6794,52.4495],[-55.7586,52.4495],[-55.7406,52.4929],[-55.7687,52.4992],[-55.8431,52.4946],[-55.8288,52.522],[-55.9114,52.5077],[-56.0004,52.5151],[-56.0406,52.5454],[-56.0758,52.5424],[-56.1407,52.5486],[-56.1631,52.5364],[-56.2667,52.5386],[-56.3526,52.5688],[-56.4287,52.5704],[-56.4501,52.5743],[-56.5004,52.5977],[-56.4538,52.595],[-56.4273,52.5804],[-56.3632,52.5841],[-56.2985,52.5726],[-56.2671,52.5612],[-56.2437,52.5458],[-56.2182,52.5403],[-56.1171,52.5704],[-56.0681,52.5689],[-56.017,52.5527],[-55.9864,52.5567],[-56.0115,52.5764],[-56.0485,52.5772],[-56.0279,52.5939],[-55.9759,52.6136],[-56.017,52.6415],[-56.0527,52.6462],[-56.1243,52.6455],[-56.0972,52.6622],[-56.0477,52.6593],[-55.9591,52.6393],[-55.9333,52.6379],[-55.9132,52.6221],[-55.884,52.6114],[-55.8173,52.6135],[-55.8021,52.5977],[-55.7537,52.625],[-55.7804,52.6318],[-55.7464,52.6428],[-55.7394,52.6523],[-55.759,52.6562],[-55.7776,52.6811],[-55.7984,52.6871],[-55.8871,52.6871],[-55.9465,52.6805],[-55.9659,52.6871],[-56.0052,52.7202],[-56.0274,52.7213],[-56.0212,52.7342],[-56.0377,52.7549],[-56.0594,52.7657],[-56.11,52.7752],[-56.1368,52.7869],[-56.1584,52.8046],[-56.1625,52.818],[-56.1373,52.8168],[-56.0614,52.799],[-56.0274,52.7827],[-55.9752,52.7779],[-55.925,52.7957],[-56.0001,52.7957],[-55.9925,52.807],[-55.9607,52.8161],[-55.9082,52.8157],[-55.871,52.8304],[-55.8116,52.8304],[-55.8021,52.8407],[-55.8129,52.877],[-55.8431,52.8994],[-55.8348,52.9236],[-55.8568,52.9354],[-55.9114,52.954],[-55.884,52.9602],[-55.9042,52.9835],[-55.9405,52.9946],[-56.0511,53.0043],[-56.1095,52.9708],[-56.1373,52.9875],[-56.1049,52.9968],[-56.082,53.0222],[-56.1447,53.029],[-56.1652,53.0359],[-56.0587,53.0427],[-56.0324,53.0395],[-55.9557,53.0222],[-55.9064,53.0363],[-55.8865,53.0534],[-55.8772,53.0769],[-55.9022,53.1024],[-55.9455,53.111],[-55.9455,53.1185],[-55.9157,53.1163],[-55.8559,53.0985],[-55.8288,53.0974],[-55.8091,53.1054],[-55.7469,53.1457],[-55.7742,53.1662],[-55.7679,53.1776],[-55.7984,53.1799],[-55.8245,53.1932],[-55.8431,53.2147],[-55.7947,53.2058],[-55.7528,53.2416],[-55.7455,53.2556],[-55.7731,53.2593],[-55.7947,53.2352],[-55.8108,53.2338],[-55.8636,53.2482],[-55.8219,53.2667],[-55.8082,53.2794],[-55.8192,53.2997],[-55.8383,53.3065],[-55.8899,53.3043],[-55.9114,53.3096],[-55.8953,53.3157],[-55.8121,53.3301],[-55.8165,53.3404],[-55.8431,53.3518],[-55.8902,53.3518],[-55.8568,53.3649],[-55.8568,53.3716],[-55.9007,53.3944],[-55.9247,53.4016],[-55.9523,53.399],[-56.0143,53.3659],[-56.0411,53.3716],[-56.0057,53.3944],[-55.9659,53.4064],[-55.9659,53.4127],[-56.0349,53.4337],[-56.0307,53.4612],[-56.0528,53.4785],[-56.2403,53.5362],[-56.2635,53.5537],[-56.2397,53.5604],[-56.1975,53.5603],[-56.0697,53.5458],[-56.0411,53.5362],[-56.0622,53.5294],[-56.0212,53.5225],[-56.0274,53.5089],[-56.0058,53.5056],[-55.9864,53.5225],[-55.9939,53.5294],[-55.9796,53.5498],[-56.0362,53.5804],[-56.0587,53.5846],[-56.1341,53.5864],[-56.1584,53.5982],[-56.1824,53.5994],[-56.2502,53.5846],[-56.3304,53.5908],[-56.3502,53.5982],[-56.3274,53.6049],[-56.281,53.5975],[-56.2602,53.6044],[-56.3148,53.6298],[-56.3486,53.6364],[-56.3983,53.6179],[-56.4311,53.6174],[-56.5973,53.6456],[-56.6327,53.6603],[-56.7091,53.6757],[-56.7269,53.687],[-56.6062,53.6787],[-56.5798,53.6979],[-56.5441,53.7121],[-56.4935,53.7211],[-56.4274,53.7216],[-56.4116,53.728],[-56.4396,53.7416],[-56.4241,53.7534],[-56.4365,53.7675],[-56.4799,53.79],[-56.5104,53.7797],[-56.5451,53.7764],[-56.5949,53.7566],[-56.6177,53.7695],[-56.6103,53.7491],[-56.6313,53.7416],[-56.596,53.7211],[-56.596,53.7143],[-56.6433,53.7192],[-56.7154,53.7523],[-56.7543,53.7491],[-56.7428,53.7415],[-56.7572,53.7276],[-56.7843,53.7337],[-56.7952,53.7211],[-56.8151,53.7334],[-56.8859,53.7201],[-56.946,53.7354],[-56.9835,53.7275],[-57.0384,53.6857],[-57.069,53.6665],[-57.0607,53.6499],[-57.0746,53.6369],[-57.1331,53.621],[-57.1304,53.5877],[-57.1469,53.5714],[-57.1354,53.5504],[-57.2692,53.4894],[-57.2919,53.4693],[-57.2812,53.4399],[-57.3331,53.4474],[-57.3774,53.4337],[-57.3241,53.4746],[-57.3092,53.4952],[-57.3061,53.5345],[-57.3439,53.5436],[-57.3178,53.5852],[-57.3297,53.5846],[-57.377,53.6072],[-57.419,53.5992],[-57.4537,53.5982],[-57.442,53.6107],[-57.4463,53.6256],[-57.4974,53.6036],[-57.5494,53.5908],[-57.5177,53.6258],[-57.4571,53.6486],[-57.3364,53.6727],[-57.2555,53.7088],[-57.2033,53.7194],[-57.1527,53.7399],[-57.1241,53.7416],[-57.1553,53.772],[-57.1501,53.7845],[-57.1069,53.7943],[-57.108,53.8041],[-57.1378,53.8242],[-57.1304,53.831],[-57.1047,53.8234],[-57.0758,53.8242],[-57.0917,53.8356],[-57.1446,53.8447],[-57.1847,53.8686],[-57.2134,53.8791],[-57.2226,53.9154],[-57.2008,53.9398],[-57.1446,53.934],[-57.158,53.9511],[-57.1829,53.9575],[-57.234,53.9614],[-57.262,53.978],[-57.2886,54.0023],[-57.3427,54.0673],[-57.3654,54.1085],[-57.3569,54.1395],[-57.3985,54.1326],[-57.3905,54.154],[-57.4662,54.2003],[-57.5289,54.1737],[-57.5488,54.187],[-57.5933,54.17],[-57.617,54.1668],[-57.6034,54.1873],[-57.6999,54.2003],[-57.7703,54.1973],[-57.7821,54.2078],[-57.7678,54.2145],[-57.8307,54.2043],[-57.8617,54.203],[-57.8777,54.2145],[-57.9009,54.2093],[-57.9689,54.2201],[-58.0116,54.2397],[-58.1087,54.2333],[-58.1989,54.2402],[-58.2285,54.2357],[-58.2523,54.2092],[-58.3301,54.2145],[-58.3749,54.1997],[-58.409,54.163],[-58.4155,54.1404],[-58.3968,54.1276],[-58.3445,54.1121],[-58.3218,54.0928],[-58.2821,54.095],[-58.2488,54.1192],[-58.1794,54.1395],[-58.1506,54.1406],[-58.0378,54.1295],[-57.9739,54.1047],[-57.951,54.1013],[-57.8746,54.1047],[-57.8197,54.0943],[-57.7956,54.0836],[-57.7958,54.0712],[-57.8184,54.0661],[-58.1281,54.0979],[-58.1559,54.0938],[-58.2203,54.0638],[-58.2891,54.0666],[-58.3227,54.0525],[-58.527,54.0151],[-58.6579,53.9728],[-58.7485,53.9538],[-58.8407,53.9471],[-58.8531,53.942],[-58.8714,53.9061],[-58.8868,53.8931],[-58.9683,53.8541],[-59.004,53.8293],[-59.05,53.8133],[-59.0707,53.7963],[-59.0489,53.7818],[-59.0502,53.7552],[-59.0155,53.7491],[-59.0222,53.7143],[-59.067,53.7211],[-59.0768,53.687],[-59.1173,53.6878],[-59.1511,53.6746],[-59.1879,53.676],[-59.2072,53.6944],[-59.2436,53.6831],[-59.2694,53.6654],[-59.2952,53.6874],[-59.317,53.687],[-59.33,53.6572],[-59.3678,53.6524],[-59.3893,53.6269],[-59.4542,53.5982],[-59.5111,53.5554],[-59.6072,53.5338],[-59.7547,53.524],[-59.8561,53.5388],[-59.8912,53.5306],[-59.8822,53.5126],[-59.8607,53.4997],[-59.8083,53.4949],[-59.7838,53.4815],[-59.8094,53.4744],[-59.8731,53.4877],[-59.884,53.4822],[-59.8749,53.4466],[-59.8993,53.461],[-59.9289,53.4317],[-59.9719,53.4027],[-60.029,53.3581],[-60.1047,53.3376],[-60.1426,53.3337],[-60.1531,53.3239],[-60.1398,53.3157],[-60.0911,53.3062],[-60.1033,53.2831],[-60.129,53.2755],[-60.1499,53.2969],[-60.1758,53.3052],[-60.2476,53.28],[-60.3021,53.2718],[-60.4206,53.2686],[-60.4206,53.2755],[-60.3472,53.2814],[-60.276,53.2966],[-60.2081,53.3198],[-60.1813,53.3364],[-60.1879,53.3518],[-60.2047,53.3546],[-60.2596,53.3444],[-60.3817,53.337],[-60.4098,53.3481],[-60.3971,53.3701],[-60.3654,53.3518],[-60.3452,53.3824],[-60.2855,53.3972],[-60.2336,53.4201],[-60.2016,53.4403],[-60.1327,53.461],[-60.0812,53.4597],[-60.0371,53.4399],[-60.0417,53.4802],[-60.0637,53.5089],[-60.1016,53.502],[-60.1815,53.541],[-60.2537,53.5543],[-60.2757,53.562],[-60.3563,53.6072],[-60.4108,53.6218],[-60.4412,53.6461],[-60.6367,53.7038],[-60.7223,53.7081],[-60.805,53.7259],[-60.8353,53.728],[-60.9,53.7109],[-60.9203,53.7143],[-60.9343,53.7283],[-60.9232,53.7391],[-60.883,53.7587],[-60.8614,53.7958],[-60.8635,53.8154],[-60.8793,53.831],[-60.8594,53.8352],[-60.8453,53.8208],[-60.8213,53.7797],[-60.7364,53.7579],[-60.6913,53.7385],[-60.5026,53.7081],[-60.4387,53.6772],[-60.3885,53.6679],[-60.3387,53.6256],[-60.2725,53.5998],[-60.2299,53.5749],[-60.1466,53.5543],[-60.1361,53.5294],[-60.1116,53.5466],[-60.0741,53.5546],[-60.071,53.5665],[-60.1122,53.6178],[-60.1047,53.6765],[-60.0941,53.7004],[-60.0692,53.7093],[-60.0166,53.7081],[-60.078,53.7374],[-60.1083,53.7577],[-60.1327,53.7831],[-60.083,53.7644],[-60.0423,53.7659],[-60.0016,53.7801],[-59.9,53.7955],[-59.823,53.7933],[-59.8072,53.7984],[-59.814,53.8139],[-59.8683,53.8176],[-59.8788,53.8242],[-59.866,53.839],[-59.844,53.8447],[-59.7913,53.848],[-59.6392,53.8242],[-59.5316,53.8216],[-59.4745,53.8281],[-59.4412,53.8447],[-59.4271,53.8446],[-59.3649,53.8794],[-59.3021,53.8943],[-59.2698,53.9126],[-59.2165,53.9307],[-59.1024,53.9531],[-59.0343,53.9525],[-58.9745,53.9715],[-58.9198,54.016],[-59.0427,54.0228],[-59.0427,54.0302],[-58.8584,54.0501],[-58.7054,54.0327],[-58.6529,54.0364],[-58.6035,54.0559],[-58.5629,54.0848],[-58.5231,54.1284],[-58.4641,54.1537],[-58.4105,54.2091],[-58.3712,54.2282],[-58.3949,54.2366],[-58.4125,54.2307],[-58.4394,54.2078],[-58.4755,54.1959],[-58.526,54.1909],[-58.5431,54.1941],[-58.5744,54.1756],[-58.6527,54.1489],[-58.6981,54.1244],[-58.769,54.1252],[-58.8189,54.1152],[-58.9642,54.0743],[-59.1206,54.0549],[-59.3028,54.0184],[-59.4412,54.016],[-59.5108,54.0012],[-59.5225,54.0054],[-59.5245,54.0264],[-59.583,54.0384],[-59.5797,54.0504],[-59.5157,54.0638],[-59.4195,54.0501],[-59.3983,54.0494],[-59.2679,54.0667],[-59.2342,54.0823],[-59.187,54.0869],[-59.1308,54.1074],[-59.0016,54.1206],[-58.8787,54.1473],[-58.7274,54.1457],[-58.6812,54.1571],[-58.5629,54.2078],[-58.4681,54.2336],[-58.3249,54.253],[-58.251,54.2543],[-58.2272,54.263],[-58.2476,54.2903],[-58.1947,54.3034],[-58.1794,54.2972],[-58.1155,54.3193],[-58.0974,54.3319],[-58.1372,54.3315],[-58.2205,54.3127],[-58.2613,54.3102],[-58.2423,54.3249],[-58.1876,54.3445],[-58.1861,54.3586],[-57.9042,54.388],[-57.8791,54.3934],[-57.8546,54.3807],[-57.8242,54.381],[-57.7847,54.3919],[-57.7654,54.3872],[-57.6783,54.3774],[-57.6339,54.3834],[-57.5311,54.4248],[-57.5192,54.4346],[-57.5419,54.4473],[-57.5002,54.4638],[-57.4622,54.463],[-57.4367,54.4493],[-57.419,54.461],[-57.4526,54.4679],[-57.6866,54.4656],[-57.707,54.4753],[-57.6598,54.4886],[-57.4394,54.4876],[-57.391,54.5019],[-57.3755,54.5267],[-57.3832,54.5414],[-57.432,54.5504],[-57.432,54.5572],[-57.3532,54.5668],[-57.3535,54.5914],[-57.3996,54.592],[-57.4178,54.5977],[-57.4122,54.6192],[-57.4463,54.6261],[-57.4498,54.6494],[-57.4864,54.6588],[-57.5558,54.6596],[-57.5803,54.6396],[-57.6676,54.6335],[-57.7115,54.6487],[-57.7279,54.6633],[-57.7207,54.68],[-57.7368,54.6916],[-57.7729,54.679],[-57.847,54.7387],[-57.8648,54.7449],[-57.9429,54.7422],[-57.9922,54.7168],[-58.0087,54.7217],[-58.0055,54.737],[-58.0235,54.7427],[-58.1385,54.7394],[-58.1595,54.7422],[-58.1991,54.7777],[-58.1853,54.7859],[-58.2035,54.7974],[-58.3863,54.7952],[-58.3984,54.79],[-58.387,54.7474],[-58.4022,54.7422],[-58.4374,54.75],[-58.4394,54.7769],[-58.5052,54.7838],[-58.5629,54.7695],[-58.5551,54.7832],[-58.5157,54.8037],[-58.5977,54.8037],[-58.6522,54.8098],[-58.6815,54.8185],[-58.713,54.8498],[-58.7318,54.8425],[-58.7443,54.8044],[-58.7583,54.809],[-58.7709,54.8469],[-58.7984,54.8578],[-58.8341,54.8427],[-58.9,54.8451],[-58.9198,54.8555],[-58.9005,54.8781],[-58.9056,54.893],[-58.8841,54.8978],[-58.8867,54.9113],[-58.9057,54.9225],[-58.9335,54.9203],[-58.9403,54.8998],[-58.9735,54.8913],[-59.0155,54.893],[-59.0155,54.8998],[-58.9735,54.9189],[-58.9481,54.936],[-58.9086,54.9443],[-58.8925,54.9544],[-58.9079,54.9653],[-58.9725,54.996],[-58.9813,55.0165],[-59.008,55.0165],[-59.0295,54.998],[-59.0448,54.9988],[-58.9744,55.0786],[-58.9543,55.1311],[-58.9639,55.1401],[-58.9949,55.1195],[-59.008,55.1537],[-59.0274,55.162],[-59.0641,55.148],[-59.0735,55.1084],[-59.1048,55.0786],[-59.0989,55.1151],[-59.1116,55.1257],[-59.1398,55.1197],[-59.1526,55.0991],[-59.1451,55.0806],[-59.1695,55.0803],[-59.1805,55.0991],[-59.2254,55.0841],[-59.2408,55.0719],[-59.2352,55.0506],[-59.2822,55.022],[-59.3276,55.0165],[-59.3826,54.978],[-59.3928,54.9892],[-59.3862,55.0046],[-59.318,55.0458],[-59.2769,55.0655],[-59.2624,55.0922],[-59.2279,55.1141],[-59.1824,55.1313],[-59.1426,55.1547],[-59.1253,55.1946],[-59.1316,55.2138],[-59.1598,55.2387],[-59.1728,55.2133],[-59.2215,55.1679],[-59.2239,55.1927],[-59.2072,55.2083],[-59.2161,55.2182],[-59.2523,55.2159],[-59.2781,55.2004],[-59.3096,55.1643],[-59.3096,55.1468],[-59.3649,55.0991],[-59.3982,55.0399],[-59.4132,55.0302],[-59.4136,55.0576],[-59.4273,55.0662],[-59.4476,55.062],[-59.6256,54.9482],[-59.6988,54.9143],[-59.7496,54.904],[-59.7934,54.876],[-59.8021,54.853],[-59.8031,54.8145],[-59.792,54.7868],[-59.819,54.7805],[-59.844,54.7659],[-59.922,54.7432],[-59.9477,54.7564],[-59.8578,54.7899],[-59.8201,54.8408],[-59.8353,54.8544],[-59.8528,54.8447],[-59.8501,54.8746],[-59.8013,54.9073],[-59.7587,54.9206],[-59.732,54.9372],[-59.7181,54.9555],[-59.7354,54.9681],[-59.6802,54.9892],[-59.6597,55.0029],[-59.6279,55.0006],[-59.5641,55.0506],[-59.543,55.0506],[-59.5141,55.0672],[-59.4863,55.1009],[-59.4542,55.1195],[-59.43,55.142],[-59.4401,55.1518],[-59.4674,55.1507],[-59.4952,55.1401],[-59.5013,55.1544],[-59.4952,55.1946],[-59.5178,55.2143],[-59.5306,55.2141],[-59.5384,55.1772],[-59.6077,55.1435],[-59.6434,55.1335],[-59.6771,55.1468],[-59.7357,55.1506],[-59.7558,55.1468],[-59.8,55.1127],[-59.8657,55.1195],[-59.8661,55.1478],[-59.8861,55.1389],[-59.9203,55.1468],[-59.9513,55.1205],[-59.964,55.1171],[-59.9745,55.156],[-59.9346,55.1618],[-59.8912,55.1523],[-59.8188,55.1696],[-59.7621,55.2015],[-59.7419,55.1948],[-59.7368,55.217],[-59.7558,55.2219],[-59.7354,55.2561],[-59.7164,55.2523],[-59.7202,55.2742],[-59.7348,55.2922],[-59.7484,55.2766],[-59.7621,55.284],[-59.7574,55.299],[-59.7764,55.3319],[-59.8241,55.322],[-59.8657,55.2971],[-59.885,55.2735],[-59.9096,55.2684],[-59.913,55.2424],[-59.9392,55.2354],[-59.9964,55.2435],[-60.0228,55.2356],[-60.0162,55.2269],[-60.0404,55.2186],[-60.0886,55.1515],[-60.1076,55.1339],[-60.2014,55.0875],[-60.2971,55.0234],[-60.2843,55.0548],[-60.2523,55.0865],[-60.2169,55.1056],[-60.1879,55.0991],[-60.1759,55.124],[-60.0911,55.1884],[-60.0705,55.2356],[-60.0292,55.2614],[-60.0228,55.2766],[-60.0482,55.2735],[-60.0874,55.2486],[-60.1341,55.2356],[-60.1706,55.2041],[-60.1941,55.1946],[-60.1697,55.2316],[-60.1737,55.2424],[-60.1395,55.284],[-60.154,55.2902],[-60.1895,55.2683],[-60.212,55.2478],[-60.2289,55.2561],[-60.2871,55.2334],[-60.3722,55.1679],[-60.3874,55.1617],[-60.4269,55.1679],[-60.4616,55.1503],[-60.4752,55.1127],[-60.4932,55.1018],[-60.5372,55.0924],[-60.5743,55.0736],[-60.6124,55.0364],[-60.6703,55.0098],[-60.6876,54.9954],[-60.6614,55.0376],[-60.6739,55.0506],[-60.6534,55.0573],[-60.6056,55.0854],[-60.5368,55.1076],[-60.5027,55.1343],[-60.4678,55.1884],[-60.4123,55.2142],[-60.36,55.2496],[-60.3553,55.2591],[-60.3966,55.2587],[-60.433,55.2208],[-60.4582,55.2356],[-60.4921,55.2263],[-60.5682,55.1821],[-60.6124,55.1679],[-60.5367,55.2049],[-60.5128,55.239],[-60.506,55.2637],[-60.4669,55.2933],[-60.4503,55.2958],[-60.4281,55.2828],[-60.3915,55.3051],[-60.4132,55.3113],[-60.3829,55.3458],[-60.3747,55.3807],[-60.3624,55.3904],[-60.2685,55.4215],[-60.2296,55.4278],[-60.2016,55.4212],[-60.1941,55.4349],[-60.2146,55.441],[-60.2044,55.457],[-60.2146,55.4684],[-60.2016,55.4894],[-60.254,55.505],[-60.2794,55.5012],[-60.2903,55.4792],[-60.2838,55.4406],[-60.3153,55.4412],[-60.3313,55.4553],[-60.343,55.4376],[-60.3654,55.4349],[-60.3302,55.4677],[-60.3313,55.4758],[-60.304,55.4894],[-60.3277,55.4948],[-60.3481,55.4824],[-60.3797,55.4479],[-60.4189,55.4277],[-60.4285,55.4153],[-60.4132,55.4001],[-60.4415,55.3685],[-60.4821,55.3523],[-60.4512,55.3848],[-60.444,55.4022],[-60.4547,55.4138],[-60.4432,55.429],[-60.4547,55.4479],[-60.3865,55.4749],[-60.3654,55.4894],[-60.3433,55.516],[-60.3108,55.5093],[-60.304,55.5305],[-60.3372,55.5478],[-60.3192,55.5761],[-60.3263,55.5832],[-60.3548,55.5751],[-60.401,55.5303],[-60.4286,55.5108],[-60.4547,55.5031],[-60.4114,55.5546],[-60.3944,55.5851],[-60.3995,55.613],[-60.4343,55.6345],[-60.4712,55.6302],[-60.5305,55.5919],[-60.5122,55.6413],[-60.4935,55.6601],[-60.4183,55.6796],[-60.3751,55.6855],[-60.3859,55.7011],[-60.3722,55.7154],[-60.3859,55.7228],[-60.3313,55.7601],[-60.3347,55.782],[-60.3722,55.77],[-60.4056,55.7888],[-60.4237,55.7768],[-60.463,55.8016],[-60.4896,55.8105],[-60.5238,55.7866],[-60.5308,55.7462],[-60.5714,55.6881],[-60.6022,55.6279],[-60.6327,55.6121],[-60.6813,55.5646],[-60.6851,55.5786],[-60.6534,55.6055],[-60.6313,55.6404],[-60.6489,55.652],[-60.6562,55.6764],[-60.6149,55.6903],[-60.5914,55.7086],[-60.6124,55.7154],[-60.6066,55.733],[-60.6139,55.7736],[-60.6261,55.783],[-60.602,55.8196],[-60.654,55.8253],[-60.6706,55.7949],[-60.6964,55.7698],[-60.749,55.7365],[-60.7718,55.7355],[-60.8623,55.7427],[-60.9203,55.7365],[-60.9439,55.7298],[-60.9687,55.7495],[-60.9493,55.7551],[-60.893,55.7495],[-60.8179,55.7564],[-60.7611,55.7809],[-60.736,55.8],[-60.7285,55.8253],[-60.7468,55.8502],[-60.7816,55.8597],[-60.8959,55.8604],[-60.9455,55.8703],[-61.0659,55.8496],[-61.0985,55.8483],[-61.1195,55.8594],[-61.1933,55.8796],[-61.194,55.8929],[-61.1381,55.9014],[-61.0785,55.8929],[-61.0712,55.9283],[-61.1001,55.9514],[-61.139,55.9722],[-61.1766,55.9761],[-61.2015,55.9482],[-61.2297,55.9627],[-61.2629,55.9693],[-61.3454,55.9693],[-61.4027,55.9599],[-61.4471,55.9806],[-61.4621,56.0028],[-61.428,55.9956],[-61.4137,55.9823],[-61.383,55.9761],[-61.383,55.9966],[-61.4744,56.0105],[-61.5031,56.0102],[-61.4681,56.0297],[-61.3983,56.0327],[-61.2704,56.0245],[-61.3256,56.0375],[-61.3053,56.0441],[-61.235,56.0438],[-61.2911,56.064],[-61.3448,56.0648],[-61.4004,56.0505],[-61.4553,56.0581],[-61.426,56.082],[-61.3483,56.103],[-61.3523,56.1195],[-61.3393,56.1446],[-61.3613,56.1456],[-61.4067,56.13],[-61.3915,56.1694],[-61.3352,56.1781],[-61.3523,56.2058],[-61.3448,56.2225],[-61.3728,56.2288],[-61.4346,56.2138],[-61.547,56.2004],[-61.5788,56.2088],[-61.5992,56.2236],[-61.6776,56.2225],[-61.7228,56.2088],[-61.7768,56.2088],[-61.7632,56.2293],[-61.8352,56.2225],[-61.8822,56.2344],[-61.9145,56.2166],[-61.9353,56.2174],[-62.0089,56.2405],[-62.004,56.2573],[-62.0463,56.2737],[-62.0785,56.2982],[-62.0179,56.3089],[-61.9834,56.291],[-61.9469,56.2869],[-61.9075,56.2955],[-61.8275,56.2973],[-61.7564,56.2839],[-61.7676,56.2727],[-61.8315,56.2709],[-61.7965,56.2568],[-61.7483,56.2563],[-61.6608,56.2709],[-61.6608,56.2778],[-61.7992,56.2978],[-61.8179,56.3044],[-61.7963,56.3132],[-61.7685,56.3131],[-61.6267,56.2837],[-61.6055,56.2839],[-61.6056,56.3068],[-61.6396,56.3255],[-61.6654,56.3281],[-61.72,56.3242],[-61.7433,56.3323],[-61.7154,56.3454],[-61.7475,56.3394],[-61.7668,56.3436],[-61.7768,56.3597],[-61.8302,56.3769],[-61.8458,56.387],[-61.7905,56.3938],[-61.8447,56.4097],[-61.9038,56.4143],[-61.9327,56.4366],[-61.9531,56.4422],[-61.9754,56.4219],[-62.081,56.4296],[-62.1255,56.4429],[-62.1474,56.4553],[-62.1034,56.4589],[-62.0101,56.4529],[-61.9481,56.4656],[-61.9562,56.4831],[-62.0201,56.4896],[-62.0859,56.4832],[-62.0859,56.4901],[-62.0368,56.508],[-61.9774,56.5107],[-61.7566,56.4858],[-61.714,56.5014],[-61.6676,56.5033],[-61.654,56.5167],[-61.6588,56.5394],[-61.6813,56.5484],[-61.7237,56.5806],[-61.7564,56.5651],[-61.7818,56.566],[-61.8697,56.593],[-61.9177,56.5856],[-62.001,56.5876],[-62.0239,56.593],[-62.243,56.6203],[-62.243,56.6265],[-61.9402,56.6162],[-61.9141,56.6265],[-61.9585,56.6351],[-62.0072,56.634],[-62.0999,56.6508],[-62.1676,56.6781],[-62.2477,56.6951],[-62.2843,56.712],[-62.3597,56.7222],[-62.4149,56.7503],[-62.5679,56.796],[-62.5699,56.8039],[-62.5447,56.8395],[-62.5127,56.8528],[-62.4757,56.8531],[-62.4217,56.8346],[-62.3845,56.8343],[-62.3389,56.8463],[-62.0887,56.8413],[-62.0444,56.8258],[-62.2282,56.8175],[-62.2601,56.8284],[-62.305,56.8184],[-62.479,56.7983],[-62.5031,56.7849],[-62.4839,56.7756],[-62.348,56.7529],[-62.2641,56.7222],[-62.2379,56.7163],[-62.1247,56.7049],[-62.0375,56.675],[-61.9844,56.6644],[-61.9545,56.6653],[-61.9282,56.682],[-61.8968,56.6685],[-61.9276,56.6539],[-61.8689,56.6373],[-61.7433,56.634],[-61.6881,56.6203],[-61.6627,56.6282],[-61.6584,56.6422],[-61.6716,56.6555],[-61.7225,56.6677],[-61.7706,56.6879],[-61.7905,56.6812],[-61.8199,56.709],[-61.8141,56.7125],[-61.7563,56.704],[-61.7113,56.711],[-61.6949,56.7296],[-61.7508,56.7517],[-61.8185,56.7569],[-61.8472,56.7528],[-61.8647,56.7413],[-61.8867,56.7023],[-61.9015,56.7238],[-61.8867,56.7501],[-61.9051,56.7775],[-61.8942,56.8054],[-61.8583,56.7935],[-61.8092,56.7885],[-61.7606,56.7928],[-61.7086,56.8135],[-61.6642,56.8089],[-61.6471,56.8258],[-61.6515,56.8688],[-61.6295,56.8944],[-61.5673,56.9216],[-61.5373,56.963],[-61.5018,56.9789],[-61.4656,56.9829],[-61.4119,56.9818],[-61.3932,56.9897],[-61.3572,56.9615],[-61.3448,56.9897],[-61.3707,57.0024],[-61.3551,57.0165],[-61.3763,57.0458],[-61.3764,57.067],[-61.3591,57.0896],[-61.3819,57.1211],[-61.4212,57.1411],[-61.4718,57.1561],[-61.5267,57.1612],[-61.6844,57.1548],[-61.6986,57.1716],[-61.6775,57.1839],[-61.6198,57.2299],[-61.6492,57.2331],[-61.7843,57.1548],[-61.7761,57.1911],[-61.7853,57.1963],[-61.8467,57.1704],[-61.8651,57.1706],[-61.883,57.21],[-61.9067,57.2192],[-61.9591,57.2231],[-61.9656,57.2367],[-62.0116,57.243],[-62.0239,57.2571],[-61.9451,57.2571],[-61.894,57.2705],[-61.8708,57.293],[-61.879,57.319],[-61.8715,57.3428],[-61.9276,57.3602],[-61.9276,57.3671],[-61.8235,57.3584],[-61.8048,57.3671],[-61.817,57.3774],[-61.9004,57.4155],[-62.0313,57.4564],[-62.1355,57.461],[-62.1594,57.4691],[-62.1822,57.4651],[-62.2103,57.4493],[-62.2638,57.449],[-62.315,57.4285],[-62.3771,57.4285],[-62.4149,57.449],[-62.4696,57.4626],[-62.515,57.4831],[-62.5447,57.5111],[-62.5161,57.509],[-62.4211,57.4831],[-62.3741,57.4632],[-62.3489,57.4578],[-62.3287,57.4661],[-62.2892,57.5236],[-62.2703,57.5384],[-62.2437,57.545],[-62.1642,57.5316],[-62.1153,57.5346],[-62.0723,57.5521],[-62.0768,57.5822],[-62.0386,57.5976],[-61.974,57.6067],[-61.8899,57.625],[-61.8942,57.6718],[-61.9686,57.6885],[-61.9501,57.7092],[-61.963,57.7351],[-62.0072,57.7814],[-62.0812,57.7896],[-62.1187,57.7975],[-62.1195,57.8189],[-62.1405,57.8332],[-62.1272,57.8518],[-62.0882,57.8744],[-62.0657,57.8989],[-62.0815,57.947],[-62.1409,57.9783],[-62.1573,57.9731],[-62.1952,57.9431],[-62.2089,57.9083],[-62.233,57.9393],[-62.2777,57.9567],[-62.3048,57.9205],[-62.3241,57.909],[-62.346,57.9151],[-62.331,57.9255],[-62.3277,57.9678],[-62.3392,57.984],[-62.3773,57.9498],[-62.3859,57.8994],[-62.4006,57.8741],[-62.4208,57.8707],[-62.428,57.8834],[-62.4235,57.915],[-62.4296,57.949],[-62.4211,57.9636],[-62.4866,57.9765],[-62.562,57.9697],[-62.5924,57.9634],[-62.6439,57.9379],[-62.675,57.9356],[-62.6556,57.9487],[-62.5345,58.0057],[-62.4787,58.0098],[-62.4183,57.9971],[-62.387,57.9977],[-62.3269,58.027],[-62.305,58.0312],[-62.3269,58.0646],[-62.3446,58.0715],[-62.3785,58.0519],[-62.3958,58.0596],[-62.387,58.0721],[-62.4286,58.0864],[-62.3713,58.0963],[-62.3665,58.1069],[-62.396,58.1148],[-62.4507,58.1113],[-62.4901,58.0932],[-62.4963,58.0599],[-62.5173,58.0585],[-62.5098,58.0749],[-62.531,58.0932],[-62.5242,58.1102],[-62.4653,58.1513],[-62.451,58.1678],[-62.4621,58.182],[-62.5105,58.1758],[-62.5521,58.1293],[-62.5657,58.1621],[-62.5812,58.1653],[-62.6334,58.1274],[-62.6512,58.1238],[-62.7142,58.1446],[-62.7496,58.1254],[-62.7712,58.1348],[-62.8408,58.1235],[-62.8531,58.1348],[-62.8326,58.1411],[-62.8525,58.147],[-62.9262,58.1329],[-62.9699,58.1101],[-62.9714,58.0964],[-63.0358,58.0828],[-63.0924,58.0581],[-63.1033,58.0145],[-63.1383,57.9999],[-63.3218,57.9833],[-63.3398,57.984],[-63.3153,57.9973],[-63.2555,58.015],[-63.193,58.02],[-63.1681,58.028],[-63.1343,58.066],[-63.1988,58.0573],[-63.2006,58.0687],[-63.0345,58.1182],[-63.0108,58.1411],[-63.0644,58.1483],[-63.0791,58.1553],[-62.8175,58.1791],[-62.7547,58.1712],[-62.6614,58.1758],[-62.6352,58.1868],[-62.6146,58.2138],[-62.5788,58.223],[-62.6004,58.2546],[-62.6676,58.2715],[-62.6972,58.2532],[-62.833,58.2538],[-62.8702,58.23],[-62.8881,58.2028],[-62.9076,58.2143],[-62.8726,58.2619],[-62.8555,58.2687],[-62.7327,58.2713],[-62.7091,58.2851],[-62.6345,58.3019],[-62.6204,58.3207],[-62.6334,58.3602],[-62.6194,58.3708],[-62.6539,58.4148],[-62.6301,58.4317],[-62.5992,58.4427],[-62.6068,58.4564],[-62.5583,58.4775],[-62.5786,58.5042],[-62.6206,58.5061],[-62.7057,58.4911],[-62.7437,58.4963],[-62.7629,58.4844],[-62.7712,58.4632],[-62.786,58.4589],[-62.7923,58.4802],[-62.7842,58.498],[-62.8172,58.4849],[-62.8236,58.4711],[-62.8531,58.4775],[-62.9377,58.4682],[-63.0097,58.4287],[-63.0517,58.4521],[-63.0791,58.4427],[-63.1405,58.3836],[-63.1657,58.3835],[-63.1274,58.4148],[-63.0858,58.4564],[-63.1249,58.4759],[-63.1441,58.4784],[-63.264,58.47],[-63.4217,58.3676],[-63.4885,58.3442],[-63.5465,58.3119],[-63.593,58.3055],[-63.5348,58.3527],[-63.4874,58.3779],[-63.4353,58.3915],[-63.3398,58.4632],[-63.3561,58.4872],[-63.3913,58.4911],[-63.5241,58.4775],[-63.4714,58.4903],[-63.4488,58.5045],[-63.4422,58.5246],[-63.413,58.5085],[-63.3686,58.4977],[-63.3269,58.497],[-63.3056,58.511],[-63.2786,58.5058],[-63.1756,58.5035],[-63.1548,58.5246],[-63.1247,58.5316],[-63.0784,58.5591],[-62.9354,58.5966],[-62.9225,58.6066],[-62.9176,58.6314],[-62.873,58.6447],[-62.8465,58.6693],[-62.8531,58.7027],[-62.8729,58.7156],[-62.9456,58.7027],[-63.0207,58.7016],[-63.0449,58.7102],[-63.0333,58.7192],[-62.9146,58.7512],[-62.91,58.7969],[-62.9269,58.8232],[-63.0428,58.8593],[-63.0474,58.8708],[-62.9897,58.8815],[-63.0145,58.8974],[-63.0525,58.9023],[-63.0919,58.895],[-63.1207,58.8741],[-63.1249,58.8468],[-63.1548,58.8263],[-63.1789,58.8284],[-63.1791,58.8415],[-63.1548,58.8741],[-63.1678,58.8815],[-63.1951,58.8591],[-63.2298,58.861],[-63.2983,58.852],[-63.3261,58.861],[-63.2367,58.8815],[-63.185,58.915],[-63.1616,58.9225],[-63.1902,58.94],[-63.2298,58.943],[-63.2298,58.9504],[-63.1942,58.9536],[-63.1678,58.9634],[-63.1832,58.9844],[-63.2162,58.984],[-63.241,58.9757],[-63.3056,58.943],[-63.2694,58.9793],[-63.2225,59.0051],[-63.2506,59.0137],[-63.3398,59.0256],[-63.3398,59.0323],[-63.162,59.03],[-63.1274,59.046],[-63.1316,59.0623],[-63.191,59.0596],[-63.2504,59.0767],[-63.2913,59.0733],[-63.2851,59.0938],[-63.3528,59.1044],[-63.3866,59.102],[-63.407,59.0727],[-63.4377,59.0632],[-63.4606,59.0709],[-63.5075,59.056],[-63.5358,59.0363],[-63.6173,59.041],[-63.6619,59.0386],[-63.7231,59.0201],[-63.7438,59.0181],[-63.7803,59.0274],[-63.8121,59.046],[-63.8708,59.0332],[-63.881,59.0181],[-63.8593,58.9786],[-63.8605,58.9634],[-63.8823,58.962],[-63.9067,58.9898],[-63.9166,59.0268],[-63.8946,59.0597],[-63.9464,59.0597],[-63.9694,59.0367],[-64.0399,59.0179],[-64.038,59.0323],[-64.0028,59.0489],[-63.9847,59.0738],[-63.9629,59.0808],[-63.8243,59.0687],[-63.7757,59.0555],[-63.7199,59.0561],[-63.6616,59.0703],[-63.5818,59.0751],[-63.5609,59.0823],[-63.5215,59.1082],[-63.4422,59.1206],[-63.3912,59.1749],[-63.363,59.1877],[-63.3733,59.2167],[-63.408,59.2154],[-63.4563,59.1928],[-63.4564,59.207],[-63.437,59.2296],[-63.449,59.2446],[-63.4299,59.2471],[-63.3883,59.2681],[-63.3926,59.2925],[-63.4664,59.2788],[-63.5439,59.2198],[-63.602,59.214],[-63.6414,59.2242],[-63.6098,59.2273],[-63.5452,59.2583],[-63.5332,59.2806],[-63.5253,59.3165],[-63.5316,59.3477],[-63.5535,59.3536],[-63.624,59.3539],[-63.6517,59.3682],[-63.6749,59.3393],[-63.6984,59.3253],[-63.7301,59.2651],[-63.7749,59.248],[-63.8258,59.2446],[-63.8258,59.2521],[-63.7748,59.2634],[-63.7428,59.3082],[-63.7264,59.3504],[-63.7096,59.3682],[-63.7523,59.3632],[-63.7649,59.3682],[-63.7506,59.3886],[-63.8059,59.3749],[-63.9608,59.3906],[-63.9998,59.3903],[-64.038,59.3812],[-64.066,59.3955],[-64.0347,59.4105],[-63.9998,59.4185],[-63.795,59.4222],[-63.7808,59.4501],[-63.7281,59.5091],[-63.7369,59.5321],[-63.7669,59.5483],[-63.8741,59.573],[-63.9356,59.5395],[-63.9807,59.5064],[-63.9834,59.5258],[-63.943,59.5668],[-63.8776,59.5838],[-63.8641,59.6113],[-63.8896,59.6173],[-63.9464,59.6112],[-63.9734,59.6237],[-64.0073,59.624],[-64.0321,59.6102],[-64.0399,59.5622],[-64.1206,59.5184],[-64.0919,59.561],[-64.0728,59.5744],[-64.0597,59.6214],[-64.0316,59.645],[-63.956,59.6458],[-63.922,59.6555],[-63.9698,59.6623],[-63.943,59.6897],[-63.9623,59.6946],[-64.038,59.6828],[-64.1479,59.6828],[-64.2123,59.7161],[-64.2464,59.7426],[-64.2646,59.7648],[-64.2594,59.7884],[-64.1925,59.7785],[-64.1759,59.7961],[-64.1743,59.8307],[-64.1622,59.861],[-64.1264,59.9075],[-64.1532,59.9121],[-64.1826,59.8821],[-64.2186,59.8745],[-64.2577,59.8746],[-64.2577,59.8821],[-64.2125,59.8898],[-64.1826,59.9156],[-64.2034,59.9336],[-64.2293,59.9416],[-64.2987,59.9435],[-64.2744,59.9637],[-64.1812,59.9754],[-64.1479,59.9845],[-64.1709,60.0224],[-64.2106,60.0323],[-64.2205,60.0466],[-64.2773,60.0478],[-64.326,60.0602],[-64.329,60.0281],[-64.3026,60.01],[-64.2625,60.0031],[-64.2242,60.005],[-64.2454,59.995],[-64.3055,59.9975],[-64.3246,59.9894],[-64.3635,59.958],[-64.369,59.9274],[-64.4236,59.9233],[-64.4764,59.9005],[-64.5184,59.9025],[-64.4503,59.9296],[-64.4176,59.9326],[-64.3949,59.9566],[-64.4005,59.9761],[-64.4166,59.9851],[-64.4881,60.0036],[-64.5395,60.0109],[-64.421,60.0083],[-64.3932,60.0145],[-64.3738,60.0401],[-64.4137,60.0711],[-64.4024,60.0875],[-64.3755,60.0812],[-64.3675,60.1182],[-64.3772,60.1297],[-64.3983,60.1208],[-64.4291,60.0842],[-64.4515,60.0661],[-64.5021,60.057],[-64.5556,60.0554],[-64.5867,60.0602],[-64.8065,59.9845],[-64.8283,59.9912],[-64.8125,60.0082],[-64.6892,60.0434],[-64.663,60.0616],[-64.6324,60.0715],[-64.5731,60.0808],[-64.4911,60.081],[-64.4632,60.0875],[-64.4979,60.1148],[-64.3992,60.1512],[-64.3806,60.1701],[-64.41,60.1973],[-64.4291,60.1968],[-64.3949,60.2172],[-64.4162,60.2234],[-64.4597,60.1982],[-64.5153,60.1763],[-64.5663,60.1763],[-64.543,60.1936],[-64.483,60.2197],[-64.4632,60.2383],[-64.4853,60.2402],[-64.5389,60.2657],[-64.6171,60.2725],[-64.6518,60.2641],[-64.7293,60.2348],[-64.7587,60.2383],[-64.6811,60.2783],[-64.6365,60.293],[-64.5867,60.293],[-64.4951,60.2726],[-64.4534,60.2506],[-64.3988,60.2402],[-64.3806,60.2452],[-64.4166,60.2597],[-64.4642,60.2911],[-64.5314,60.3039]]],[[[-55.8772,47.266],[-55.871,47.2517],[-55.8431,47.2734],[-55.8592,47.2771],[-55.8636,47.2933],[-55.8881,47.2949],[-55.9194,47.289],[-55.9485,47.2766],[-55.8904,47.2609],[-55.8772,47.266]]],[[[-54.1225,47.6427],[-54.1211,47.664],[-54.1343,47.6645],[-54.1659,47.6064],[-54.171,47.5881],[-54.1846,47.5955],[-54.171,47.6223],[-54.1833,47.6159],[-54.2399,47.5644],[-54.246,47.5539],[-54.214,47.5585],[-54.2174,47.5397],[-54.2597,47.4857],[-54.3506,47.4224],[-54.3627,47.41],[-54.3511,47.403],[-54.2724,47.3957],[-54.244,47.4077],[-54.1803,47.5065],[-54.1566,47.5335],[-54.1603,47.5557],[-54.151,47.5878],[-54.1225,47.6427]]],[[[-55.925,47.6775],[-55.9405,47.6856],[-55.9696,47.6858],[-56.0835,47.6662],[-56.1083,47.6541],[-56.11,47.6365],[-56.0976,47.6298],[-56.0647,47.6304],[-56.04,47.6198],[-55.9572,47.6059],[-55.9036,47.6071],[-55.8772,47.616],[-55.9241,47.6387],[-55.938,47.6569],[-55.925,47.6775]]],[[[-54.0951,47.6191],[-54.1029,47.5615],[-54.102,47.5403],[-54.0884,47.5465],[-54.0992,47.5069],[-54.0985,47.4918],[-54.0815,47.4782],[-54.0666,47.5317],[-54.0661,47.5554],[-54.0786,47.5661],[-54.0815,47.6092],[-54.065,47.628],[-54.0611,47.6564],[-54.0815,47.6911],[-54.0815,47.6501],[-54.0951,47.6191]]],[[[-53.5677,48.1908],[-53.6494,48.1569],[-53.6775,48.1498],[-53.7044,48.1516],[-53.7474,48.1721],[-53.7699,48.1772],[-53.8413,48.1714],[-53.8624,48.1772],[-53.8982,48.2048],[-53.921,48.2166],[-53.9314,48.2084],[-53.9284,48.1833],[-53.8898,48.1436],[-53.8752,48.1065],[-53.8109,48.0952],[-53.7184,48.102],[-53.6188,48.0821],[-53.5655,48.0822],[-53.5335,48.1082],[-53.5539,48.1082],[-53.5241,48.1445],[-53.52,48.1581],[-53.5335,48.1772],[-53.514,48.1868],[-53.5215,48.2012],[-53.5435,48.207],[-53.5677,48.1908]]],[[[-54.6569,49.4657],[-54.6439,49.4753],[-54.6796,49.4929],[-54.6997,49.4726],[-54.7404,49.4589],[-54.7538,49.4452],[-54.7499,49.4243],[-54.7304,49.4113],[-54.6986,49.4077],[-54.6778,49.4384],[-54.6855,49.4576],[-54.6569,49.4657]]],[[[-55.7257,49.5619],[-55.736,49.5369],[-55.7332,49.5135],[-55.7085,49.5085],[-55.6786,49.5207],[-55.6571,49.5414],[-55.6575,49.5619],[-55.7257,49.5619]]],[[[-55.579,49.6097],[-55.5909,49.6035],[-55.6295,49.6035],[-55.6314,49.6225],[-55.6575,49.6234],[-55.6513,49.637],[-55.6717,49.637],[-55.7025,49.6225],[-55.7257,49.5818],[-55.7145,49.5715],[-55.6703,49.5711],[-55.6405,49.5855],[-55.5729,49.5981],[-55.579,49.6097]]],[[[-54.8835,49.5551],[-54.8596,49.5517],[-54.8404,49.5298],[-54.8069,49.5156],[-54.8455,49.5098],[-54.8766,49.4936],[-54.8524,49.4865],[-54.7811,49.4998],[-54.744,49.4938],[-54.7364,49.5244],[-54.6993,49.5419],[-54.6077,49.5607],[-54.5461,49.5848],[-54.5477,49.596],[-54.5293,49.6251],[-54.5394,49.661],[-54.5579,49.6535],[-54.6141,49.6161],[-54.6302,49.6234],[-54.616,49.637],[-54.6492,49.6249],[-54.6729,49.5787],[-54.7327,49.5551],[-54.7766,49.5561],[-54.7953,49.5636],[-54.7806,49.5959],[-54.8357,49.6035],[-54.8516,49.591],[-54.885,49.5952],[-54.8932,49.582],[-54.8835,49.5551]]],[[[-54.2768,49.5756],[-54.2587,49.5715],[-54.2276,49.5937],[-54.171,49.6097],[-54.1157,49.6165],[-54.0867,49.635],[-54.0554,49.6402],[-54.03,49.6575],[-53.9872,49.6511],[-53.9785,49.6643],[-54.0165,49.6678],[-54.0406,49.6916],[-54.0358,49.715],[-54.0543,49.7189],[-54.092,49.7505],[-54.1505,49.7537],[-54.1368,49.7326],[-54.173,49.7336],[-54.1846,49.7264],[-54.1829,49.6914],[-54.1914,49.678],[-54.2051,49.6984],[-54.1976,49.7053],[-54.244,49.7261],[-54.2698,49.7272],[-54.2876,49.7127],[-54.2665,49.7127],[-54.2801,49.6984],[-54.2528,49.678],[-54.3075,49.6718],[-54.292,49.5874],[-54.2768,49.5756]]],[[[-55.5104,50.8051],[-55.5281,50.7947],[-55.5961,50.7747],[-55.6036,50.7917],[-55.6199,50.7918],[-55.6234,50.7611],[-55.6464,50.7326],[-55.6427,50.7233],[-55.6165,50.7133],[-55.5983,50.7169],[-55.5824,50.699],[-55.5236,50.721],[-55.5093,50.7423],[-55.4657,50.7673],[-55.4748,50.781],[-55.4523,50.7962],[-55.4914,50.8086],[-55.5104,50.8051]]],[[[-55.5278,50.9727],[-55.5419,50.9878],[-55.5627,50.986],[-55.6029,50.9665],[-55.6391,50.9615],[-55.6134,50.9313],[-55.6234,50.9119],[-55.5878,50.896],[-55.5476,50.8908],[-55.5731,50.923],[-55.5656,50.9355],[-55.5348,50.9582],[-55.5278,50.9727]]],[[[-52.6288,47.5267],[-52.6599,47.5368],[-52.6769,47.5608],[-52.6906,47.5539],[-52.6566,47.6032],[-52.6549,47.6522],[-52.6667,47.6638],[-52.7088,47.6618],[-52.7179,47.6706],[-52.6974,47.7147],[-52.7042,47.756],[-52.7521,47.7731],[-52.7725,47.801],[-52.7984,47.7882],[-52.8185,47.7436],[-52.8414,47.6501],[-52.8612,47.6084],[-52.8929,47.571],[-52.9117,47.5563],[-52.9718,47.5267],[-53.038,47.4844],[-53.0781,47.47],[-53.1294,47.4168],[-53.1219,47.4372],[-53.1442,47.4437],[-53.1874,47.4305],[-53.1952,47.4371],[-53.1493,47.4782],[-53.1493,47.4994],[-53.1627,47.5006],[-53.2045,47.4714],[-53.2029,47.4842],[-53.184,47.5124],[-53.184,47.5608],[-53.217,47.5483],[-53.2406,47.5488],[-53.2598,47.5585],[-53.2073,47.5776],[-53.1826,47.5934],[-53.1704,47.6092],[-53.2105,47.5893],[-53.2523,47.5812],[-53.2436,47.5926],[-53.2045,47.616],[-53.2301,47.6126],[-53.2523,47.6018],[-53.2621,47.6142],[-53.2518,47.6254],[-53.1947,47.6434],[-53.1718,47.6748],[-53.1561,47.6837],[-53.1666,47.6972],[-53.184,47.6911],[-53.163,47.7185],[-53.1908,47.7247],[-53.2074,47.7359],[-53.1723,47.7495],[-53.1493,47.7694],[-53.1423,47.791],[-53.0885,47.8345],[-53.0628,47.8696],[-53.0611,47.9136],[-53.0536,47.9326],[-52.9984,47.9717],[-52.9669,48.0017],[-52.9541,48.0458],[-52.9029,48.0952],[-52.8582,48.0952],[-52.8348,48.1125],[-52.8658,48.124],[-52.9005,48.1613],[-52.9233,48.171],[-52.9526,48.153],[-52.9911,48.1065],[-53.0295,48.071],[-53.061,48.0519],[-53.0981,48.0406],[-53.1177,48.046],[-53.1481,48.0643],[-53.1704,48.0611],[-53.1843,48.0425],[-53.2139,48.0383],[-53.2392,48.0201],[-53.2765,48.0164],[-53.3135,47.9747],[-53.3288,47.941],[-53.3626,47.8998],[-53.3553,47.8693],[-53.3825,47.8764],[-53.4093,47.8693],[-53.4595,47.8055],[-53.4678,47.7715],[-53.4987,47.7464],[-53.4974,47.7162],[-53.4803,47.6926],[-53.5029,47.673],[-53.5192,47.6706],[-53.5085,47.655],[-53.5174,47.6327],[-53.513,47.616],[-53.5345,47.627],[-53.5607,47.6238],[-53.5335,47.5955],[-53.5509,47.5882],[-53.5471,47.5608],[-53.5539,47.5393],[-53.5819,47.5465],[-53.6051,47.5394],[-53.6229,47.5608],[-53.67,47.5267],[-53.6536,47.5522],[-53.6807,47.5987],[-53.7038,47.5887],[-53.7117,47.6099],[-53.6684,47.6696],[-53.6662,47.684],[-53.6843,47.6911],[-53.7057,47.6761],[-53.7379,47.6197],[-53.7632,47.6257],[-53.7938,47.664],[-53.8468,47.7068],[-53.855,47.7185],[-53.8349,47.7213],[-53.8335,47.7518],[-53.8542,47.7675],[-53.8583,47.8016],[-53.8767,47.8072],[-53.8773,47.8281],[-53.9289,47.8524],[-53.9177,47.8625],[-53.8948,47.8588],[-53.8447,47.8247],[-53.8312,47.7998],[-53.8041,47.7765],[-53.7916,47.7746],[-53.7632,47.8072],[-53.7413,47.8179],[-53.7325,47.8425],[-53.7252,47.8898],[-53.7873,47.8966],[-53.7873,47.9035],[-53.7212,47.902],[-53.6973,47.8966],[-53.6448,47.9659],[-53.6216,48.005],[-53.6229,48.0338],[-53.6086,48.0543],[-53.6291,48.0496],[-53.6843,48.0201],[-53.7411,48.0168],[-53.7759,47.9994],[-53.8419,48.0126],[-53.8868,48.0148],[-53.9239,48.0338],[-53.9076,48.0384],[-53.855,48.0263],[-53.7873,48.0263],[-53.7237,48.0397],[-53.6632,48.0611],[-53.684,48.0804],[-53.7251,48.0832],[-53.8041,48.0748],[-53.9052,48.0851],[-53.9177,48.1225],[-53.9413,48.1767],[-53.9444,48.2016],[-53.9394,48.2255],[-53.9253,48.237],[-53.9039,48.2368],[-53.8767,48.2255],[-53.8558,48.1958],[-53.8451,48.1908],[-53.8041,48.1982],[-53.7546,48.1933],[-53.6893,48.1701],[-53.6395,48.1693],[-53.5745,48.2119],[-53.5409,48.2398],[-53.4922,48.2477],[-53.4681,48.2565],[-53.4457,48.2857],[-53.3884,48.2861],[-53.369,48.2939],[-53.3865,48.3061],[-53.3555,48.3605],[-53.3622,48.3832],[-53.3382,48.3862],[-53.3319,48.3756],[-53.3144,48.3832],[-53.2698,48.3823],[-53.2393,48.3602],[-53.1874,48.3553],[-53.1431,48.3969],[-53.0847,48.418],[-53.0585,48.4359],[-53.0475,48.4617],[-53.0484,48.4851],[-53.0277,48.5358],[-52.9848,48.5545],[-53.0058,48.575],[-52.9813,48.5911],[-52.9829,48.6042],[-53.0128,48.6296],[-53.0252,48.6601],[-53.0436,48.676],[-53.0651,48.6809],[-53.0714,48.7004],[-53.0845,48.6999],[-53.0985,48.6509],[-53.1085,48.6401],[-53.1431,48.6365],[-53.1704,48.6091],[-53.1763,48.5889],[-53.2318,48.5545],[-53.2435,48.5264],[-53.2591,48.5266],[-53.2748,48.5396],[-53.2803,48.5607],[-53.3097,48.5488],[-53.3176,48.5523],[-53.3017,48.5794],[-53.3068,48.5893],[-53.3422,48.6127],[-53.3827,48.6159],[-53.4142,48.6238],[-53.4372,48.6159],[-53.4447,48.5981],[-53.4613,48.593],[-53.4636,48.5639],[-53.4578,48.5436],[-53.475,48.511],[-53.4987,48.5136],[-53.5055,48.4863],[-53.5215,48.4622],[-53.5409,48.4652],[-53.5585,48.4476],[-53.6154,48.4099],[-53.5471,48.4924],[-53.5881,48.4788],[-53.5781,48.5026],[-53.5881,48.5266],[-53.6328,48.4515],[-53.6754,48.4442],[-53.7184,48.4241],[-53.7252,48.4316],[-53.7003,48.4555],[-53.6154,48.4993],[-53.6365,48.5135],[-53.6632,48.5136],[-53.6229,48.5402],[-53.6568,48.5466],[-53.7003,48.5284],[-53.7419,48.5001],[-53.7699,48.4757],[-53.779,48.4475],[-53.8009,48.4411],[-53.814,48.4174],[-53.8456,48.395],[-53.8525,48.3836],[-53.8351,48.3764],[-53.856,48.3684],[-53.873,48.3735],[-53.8815,48.3884],[-53.8767,48.4099],[-53.829,48.4487],[-53.814,48.4652],[-53.8554,48.4752],[-53.8998,48.4585],[-53.9785,48.4099],[-54.0012,48.4054],[-54.0679,48.4099],[-54.088,48.4012],[-54.1368,48.3553],[-54.1425,48.3779],[-54.1641,48.3907],[-54.1095,48.4241],[-54.0921,48.4299],[-54.0437,48.4241],[-54.0099,48.4289],[-53.9805,48.441],[-53.9239,48.4726],[-53.867,48.4927],[-53.7877,48.5024],[-53.744,48.5229],[-53.7668,48.5402],[-53.7936,48.5402],[-53.7745,48.5508],[-53.7316,48.5541],[-53.711,48.5607],[-53.9034,48.5682],[-53.9435,48.5424],[-53.9586,48.5471],[-53.9215,48.5815],[-53.9034,48.5887],[-53.8463,48.5911],[-53.8283,48.5954],[-53.7849,48.623],[-53.7162,48.6418],[-53.6596,48.6471],[-53.6041,48.6767],[-53.6068,48.6963],[-53.6312,48.6988],[-53.6527,48.6846],[-53.7042,48.661],[-53.7262,48.66],[-53.729,48.6743],[-53.7042,48.6911],[-53.7451,48.6986],[-53.7502,48.7121],[-53.855,48.7047],[-53.8352,48.7504],[-53.8695,48.7221],[-53.9208,48.688],[-53.9167,48.6728],[-53.8732,48.673],[-53.7936,48.6849],[-53.7936,48.678],[-53.8935,48.632],[-53.9314,48.6296],[-53.896,48.6433],[-53.896,48.6501],[-53.9415,48.6608],[-53.9488,48.6833],[-53.9333,48.7035],[-53.9452,48.7287],[-53.9672,48.7366],[-54.0201,48.7395],[-53.9945,48.7531],[-53.9239,48.7395],[-53.8779,48.748],[-53.8414,48.7742],[-53.8568,48.7799],[-53.8773,48.7633],[-53.9003,48.7671],[-53.9031,48.791],[-53.9177,48.801],[-53.8573,48.7979],[-53.8294,48.8022],[-53.8004,48.8146],[-53.8445,48.8391],[-53.8951,48.8417],[-53.943,48.8243],[-53.9785,48.7879],[-53.962,48.7817],[-53.9906,48.7684],[-54.0133,48.7742],[-53.9901,48.7958],[-53.991,48.8061],[-54.0209,48.8154],[-54.1626,48.7712],[-54.1976,48.7674],[-54.181,48.7839],[-54.1846,48.801],[-54.1368,48.8214],[-54.0781,48.8214],[-54.0421,48.8334],[-53.9943,48.8347],[-53.9649,48.8419],[-53.9785,48.8562],[-53.9581,48.8691],[-53.8829,48.8903],[-53.8829,48.8966],[-53.9639,48.8859],[-53.961,48.8971],[-53.9239,48.9177],[-53.8621,48.9108],[-53.8117,48.9352],[-53.855,48.9592],[-53.8879,48.9709],[-53.8964,48.9805],[-53.8829,48.9927],[-53.8382,48.9791],[-53.7775,48.9878],[-53.7477,48.9987],[-53.7252,49.0139],[-53.8109,49.0139],[-53.8382,49.0337],[-53.7936,49.0275],[-53.609,49.0437],[-53.5796,49.0666],[-53.5909,49.0986],[-53.6229,49.1094],[-53.6051,49.1367],[-53.566,49.126],[-53.5335,49.164],[-53.5404,49.1878],[-53.4925,49.1982],[-53.4919,49.2187],[-53.4537,49.2422],[-53.4578,49.2602],[-53.478,49.2684],[-53.4925,49.2875],[-53.522,49.2802],[-53.5471,49.2875],[-53.5471,49.3018],[-53.5638,49.3008],[-53.5947,49.3244],[-53.6561,49.3322],[-53.6775,49.349],[-53.6637,49.3594],[-53.7252,49.3763],[-53.7733,49.3998],[-53.806,49.403],[-53.8739,49.4222],[-53.9239,49.4521],[-53.9511,49.4492],[-54.0165,49.4318],[-54.0406,49.4384],[-54.0004,49.4565],[-54.0411,49.4809],[-54.0611,49.4726],[-54.0769,49.4554],[-54.0855,49.4637],[-54.1392,49.4528],[-54.1604,49.4005],[-54.176,49.3838],[-54.1976,49.4111],[-54.212,49.4021],[-54.2323,49.3627],[-54.2386,49.3786],[-54.2193,49.4173],[-54.2587,49.4077],[-54.2597,49.4248],[-54.2921,49.4128],[-54.3043,49.4147],[-54.3013,49.4309],[-54.3489,49.4291],[-54.3729,49.4223],[-54.4093,49.3718],[-54.4164,49.3513],[-54.3968,49.3354],[-54.4634,49.301],[-54.4767,49.2692],[-54.4848,49.2786],[-54.4558,49.3386],[-54.4601,49.3555],[-54.487,49.3681],[-54.4794,49.4005],[-54.4447,49.4248],[-54.4557,49.4484],[-54.431,49.4726],[-54.4521,49.477],[-54.483,49.4711],[-54.534,49.4452],[-54.5061,49.4763],[-54.4962,49.5101],[-54.4437,49.5435],[-54.4515,49.5482],[-54.5447,49.5291],[-54.5853,49.4899],[-54.6365,49.447],[-54.6471,49.4328],[-54.6456,49.4154],[-54.6569,49.4111],[-54.6774,49.3837],[-54.7196,49.3631],[-54.7429,49.3198],[-54.7599,49.3389],[-54.7538,49.3559],[-54.7738,49.3472],[-54.7795,49.3066],[-54.7907,49.291],[-54.817,49.2756],[-54.8302,49.286],[-54.8341,49.3048],[-54.8337,49.4096],[-54.857,49.4067],[-54.8777,49.3859],[-54.8881,49.3623],[-54.8826,49.3452],[-54.8638,49.338],[-54.8724,49.2971],[-54.8907,49.2827],[-54.912,49.2835],[-54.921,49.3018],[-54.961,49.295],[-54.9858,49.2602],[-55.016,49.2365],[-55.048,49.2329],[-54.9991,49.2687],[-54.9953,49.2991],[-55.0132,49.349],[-55.0272,49.3294],[-55.0441,49.3349],[-55.0821,49.3627],[-55.0739,49.3339],[-55.0542,49.3081],[-55.0542,49.2944],[-55.1988,49.2392],[-55.2479,49.2152],[-55.2726,49.2099],[-55.2875,49.1845],[-55.2534,49.192],[-55.2823,49.1503],[-55.2873,49.1267],[-55.2777,49.106],[-55.2597,49.1037],[-55.208,49.1256],[-55.1845,49.123],[-55.2582,49.0807],[-55.2777,49.0747],[-55.3063,49.076],[-55.3353,49.069],[-55.3695,49.0498],[-55.3684,49.0601],[-55.3223,49.0883],[-55.3124,49.1151],[-55.3422,49.123],[-55.3223,49.1572],[-55.3644,49.1595],[-55.3651,49.1723],[-55.3291,49.192],[-55.3065,49.2237],[-55.2655,49.2449],[-55.2442,49.2488],[-55.2229,49.2646],[-55.2196,49.3164],[-55.2298,49.344],[-55.225,49.3681],[-55.1988,49.4042],[-55.1885,49.392],[-55.1621,49.4179],[-55.1715,49.4309],[-55.1282,49.4664],[-55.123,49.4831],[-55.13,49.5137],[-55.1557,49.5493],[-55.2125,49.5346],[-55.1988,49.5067],[-55.2329,49.5209],[-55.2198,49.5301],[-55.2602,49.5482],[-55.2872,49.5358],[-55.3148,49.5346],[-55.2677,49.48],[-55.2737,49.4527],[-55.2677,49.4248],[-55.2363,49.39],[-55.2663,49.3612],[-55.2987,49.3531],[-55.3083,49.3349],[-55.3012,49.3223],[-55.3148,49.3149],[-55.3256,49.3389],[-55.3422,49.3559],[-55.2961,49.372],[-55.2886,49.4008],[-55.3131,49.3887],[-55.3291,49.39],[-55.3148,49.4042],[-55.3325,49.4031],[-55.3661,49.353],[-55.3831,49.3354],[-55.3736,49.3631],[-55.3915,49.3696],[-55.4452,49.3559],[-55.4321,49.3688],[-55.3964,49.3869],[-55.3321,49.4432],[-55.3148,49.4521],[-55.3417,49.4582],[-55.4005,49.4311],[-55.4315,49.4248],[-55.3496,49.4936],[-55.3769,49.4936],[-55.3701,49.5067],[-55.4285,49.5001],[-55.4452,49.4936],[-55.4733,49.4606],[-55.4862,49.48],[-55.5005,49.4589],[-55.493,49.4452],[-55.5206,49.436],[-55.5323,49.396],[-55.5693,49.3627],[-55.5728,49.3874],[-55.5619,49.4111],[-55.5637,49.426],[-55.5209,49.4936],[-55.5538,49.4898],[-55.5824,49.4724],[-55.6265,49.4278],[-55.6448,49.3903],[-55.6575,49.3837],[-55.6789,49.3964],[-55.6717,49.4248],[-55.6985,49.4248],[-55.6786,49.4726],[-55.7347,49.4538],[-55.7665,49.4483],[-55.7878,49.4521],[-55.7563,49.4754],[-55.7192,49.4757],[-55.7574,49.4934],[-55.7878,49.4936],[-55.7742,49.5135],[-55.822,49.522],[-55.8644,49.5198],[-55.9523,49.4998],[-55.9919,49.4848],[-56.06,49.4462],[-56.1307,49.4291],[-56.0858,49.4691],[-56.0769,49.4919],[-56.0542,49.4967],[-56.0349,49.5104],[-55.9806,49.5195],[-55.9374,49.5363],[-55.9008,49.5624],[-55.8772,49.596],[-55.9134,49.5946],[-55.9386,49.6097],[-55.8772,49.6439],[-55.868,49.6683],[-55.8446,49.6783],[-55.8356,49.6916],[-55.891,49.6894],[-55.8977,49.6984],[-55.9261,49.6831],[-55.9591,49.678],[-55.8902,49.7053],[-55.8977,49.7189],[-55.9396,49.7063],[-55.9685,49.7028],[-56.0382,49.6733],[-56.0977,49.6376],[-56.1243,49.6165],[-56.1654,49.5747],[-56.172,49.5855],[-56.1654,49.6135],[-56.1509,49.6308],[-56.0895,49.663],[-56.0627,49.6829],[-56.069,49.6984],[-56.0211,49.7148],[-56.0049,49.7265],[-56.0144,49.7394],[-56.0019,49.7525],[-55.9728,49.7394],[-55.9617,49.7413],[-55.8079,49.8019],[-55.715,49.8222],[-55.6922,49.8493],[-55.649,49.859],[-55.5758,49.9017],[-55.4952,49.9191],[-55.4657,49.9449],[-55.4651,49.9626],[-55.493,50.0144],[-55.5704,49.9772],[-55.6104,49.9724],[-55.6667,49.9761],[-55.6922,49.9666],[-55.6848,49.9591],[-55.7226,49.9312],[-55.7673,49.9387],[-55.7773,49.9561],[-55.8035,49.9564],[-55.8424,49.9831],[-55.8638,50.0168],[-55.8926,50.0315],[-55.9591,50.0411],[-55.9841,49.9946],[-56.0034,49.9716],[-56.0349,49.9796],[-56.0036,50.0012],[-55.993,50.0155],[-56.0101,50.0312],[-56.0724,50.0109],[-56.1241,49.9556],[-56.1546,49.9341],[-56.1919,49.925],[-56.1487,49.96],[-56.1283,49.9888],[-56.11,50.0342],[-56.0697,50.0705],[-56.0666,50.0962],[-56.11,50.1236],[-56.0946,50.1278],[-56.1243,50.1373],[-56.1168,50.1584],[-56.1488,50.1557],[-56.2406,50.1066],[-56.2704,50.0593],[-56.317,50.0393],[-56.337,50.0171],[-56.3844,49.9464],[-56.3632,49.8977],[-56.4048,49.9182],[-56.4266,49.9027],[-56.4291,49.8869],[-56.4184,49.853],[-56.4253,49.8457],[-56.4669,49.8977],[-56.4853,49.8929],[-56.5181,49.8637],[-56.5475,49.8542],[-56.5729,49.8264],[-56.5997,49.8117],[-56.7253,49.6903],[-56.7408,49.6565],[-56.7952,49.6035],[-56.8378,49.5563],[-56.8567,49.5482],[-56.8293,49.5818],[-56.8157,49.6234],[-56.7818,49.6966],[-56.7816,49.7294],[-56.8104,49.734],[-56.8157,49.7431],[-56.9051,49.7537],[-56.8818,49.7708],[-56.8021,49.8015],[-56.7788,49.8188],[-56.7611,49.8424],[-56.7679,49.8636],[-56.7406,49.8772],[-56.7424,49.895],[-56.7195,49.9486],[-56.7281,49.9588],[-56.7477,49.9492],[-56.7816,49.9182],[-56.7757,49.9508],[-56.7388,50.0268],[-56.714,50.0513],[-56.6649,50.0827],[-56.6411,50.1099],[-56.6723,50.1304],[-56.6575,50.1363],[-56.6177,50.1304],[-56.6053,50.136],[-56.5234,50.1964],[-56.5041,50.2188],[-56.5078,50.2403],[-56.4844,50.2536],[-56.4623,50.2772],[-56.4321,50.3284],[-56.4295,50.3621],[-56.4813,50.3746],[-56.5004,50.3911],[-56.4525,50.3974],[-56.4278,50.3757],[-56.397,50.3874],[-56.3658,50.4248],[-56.3144,50.4594],[-56.2813,50.4868],[-56.2664,50.5063],[-56.2748,50.5124],[-56.3223,50.5203],[-56.3223,50.5277],[-56.2502,50.5277],[-56.2428,50.5331],[-56.2329,50.5693],[-56.2193,50.5837],[-56.1874,50.5986],[-56.127,50.643],[-56.0956,50.6793],[-56.1304,50.6853],[-56.1577,50.7067],[-56.1648,50.7459],[-56.1584,50.7611],[-56.172,50.7778],[-56.1509,50.8021],[-56.1435,50.8417],[-56.1512,50.8559],[-56.172,50.8566],[-56.1479,50.8932],[-56.1037,50.905],[-56.1322,50.8298],[-56.1243,50.8021],[-56.1373,50.7747],[-56.119,50.7535],[-56.0895,50.7611],[-56.1037,50.727],[-56.0806,50.7206],[-56.0503,50.7568],[-56.0069,50.7884],[-55.9618,50.8357],[-55.9397,50.8708],[-55.9028,50.8973],[-55.8922,50.897],[-55.8772,50.8635],[-55.8679,50.8903],[-55.8431,50.905],[-55.871,50.905],[-55.8731,50.9173],[-55.8602,50.9476],[-55.8493,50.9535],[-55.8328,50.9263],[-55.8158,50.9318],[-55.8356,50.9665],[-55.8083,51.0081],[-55.7742,51.0354],[-55.795,51.0427],[-55.8047,51.0691],[-55.7804,51.0553],[-55.7433,51.0701],[-55.7331,51.0831],[-55.7394,51.0969],[-55.7187,51.132],[-55.7391,51.1428],[-55.7332,51.1719],[-55.7191,51.1843],[-55.7512,51.2106],[-55.7738,51.2204],[-55.8485,51.231],[-55.911,51.2024],[-55.9591,51.1993],[-55.9591,51.1788],[-55.9455,51.1584],[-55.9811,51.1692],[-56.0184,51.2182],[-56.0758,51.2334],[-56.0144,51.2477],[-56.0485,51.2676],[-56.0144,51.2751],[-56.0212,51.3091],[-56.0342,51.3144],[-56.0963,51.3228],[-56.0895,51.3706],[-56.0629,51.3706],[-56.0411,51.3576],[-56.0349,51.3842],[-56.0098,51.3737],[-55.9669,51.3466],[-55.9386,51.3501],[-55.9523,51.3706],[-55.9372,51.3686],[-55.9045,51.3501],[-55.8673,51.3432],[-55.8052,51.3527],[-55.6854,51.3364],[-55.6632,51.3292],[-55.6174,51.3044],[-55.5961,51.3091],[-55.6083,51.3278],[-55.6097,51.3501],[-55.5922,51.3437],[-55.5648,51.3455],[-55.5548,51.3553],[-55.5712,51.3664],[-55.5663,51.3899],[-55.532,51.3798],[-55.5157,51.3686],[-55.4919,51.3884],[-55.4725,51.4252],[-55.4714,51.4404],[-55.4543,51.4796],[-55.4819,51.4751],[-55.5232,51.4971],[-55.5346,51.5084],[-55.4862,51.5084],[-55.4557,51.5009],[-55.4383,51.5156],[-55.4315,51.5388],[-55.4637,51.5548],[-55.4579,51.562],[-55.4171,51.5506],[-55.4042,51.563],[-55.4085,51.5794],[-55.427,51.587],[-55.4657,51.5903],[-55.5141,51.6039],[-55.5892,51.5766],[-55.5898,51.5656],[-55.6289,51.5716],[-55.6491,51.5931],[-55.6322,51.6101],[-55.6593,51.5998],[-55.7025,51.5657],[-55.7257,51.5556],[-55.7121,51.5849],[-55.7286,51.577],[-55.7379,51.555],[-55.6881,51.538],[-55.6786,51.5009],[-55.6634,51.4918],[-55.6097,51.4804],[-55.6431,51.473],[-55.681,51.4807],[-55.7537,51.5009],[-55.8226,51.5009],[-55.8729,51.4956],[-55.8902,51.5009],[-55.863,51.5274],[-55.8431,51.5556],[-55.8809,51.5528],[-55.8771,51.5712],[-55.8226,51.6238],[-55.8681,51.6126],[-55.8928,51.6278],[-56.0035,51.5766],[-56.0609,51.5534],[-56.1062,51.529],[-56.1909,51.5112],[-56.2154,51.5018],[-56.2381,51.4811],[-56.316,51.4674],[-56.3771,51.4309],[-56.3945,51.4252],[-56.4444,51.4215],[-56.4935,51.4122],[-56.6649,51.3501],[-56.7202,51.3193],[-56.7449,51.2961],[-56.7611,51.2676],[-56.7952,51.2409],[-56.7669,51.2226],[-56.7468,51.1993],[-56.7816,51.2067],[-56.8095,51.1925],[-56.7897,51.1611],[-56.7952,51.1378],[-56.8641,51.1136],[-56.875,51.0778],[-56.9027,51.0607],[-56.9801,51.0553],[-56.9625,51.0466],[-56.9205,51.0432],[-56.9051,51.0354],[-56.9007,51.0182],[-56.9169,51.0089],[-56.9799,50.9878],[-57.0109,51.0211],[-57.0702,51.0269],[-57.0485,51.0081],[-57.0348,50.9802],[-57.0144,50.9721],[-56.9761,50.9741],[-56.9603,50.9665],[-56.9955,50.9492],[-56.9737,50.9316],[-56.9603,50.9392],[-56.9391,50.9324],[-56.9255,50.9182],[-56.9535,50.91],[-56.9715,50.9125],[-56.9772,50.8815],[-57.014,50.8518],[-57.0422,50.8362],[-57.069,50.8021],[-57.0902,50.7882],[-57.1364,50.7711],[-57.1655,50.7531],[-57.2067,50.7542],[-57.2402,50.7338],[-57.2869,50.7201],[-57.3293,50.7133],[-57.3439,50.727],[-57.387,50.7148],[-57.3985,50.699],[-57.3811,50.6911],[-57.3219,50.6872],[-57.2996,50.6495],[-57.2546,50.6512],[-57.2402,50.6375],[-57.2756,50.6301],[-57.2756,50.6239],[-57.2384,50.6176],[-57.1651,50.6287],[-57.162,50.6137],[-57.1984,50.5969],[-57.2386,50.6],[-57.3191,50.6171],[-57.3553,50.6066],[-57.3741,50.581],[-57.387,50.5493],[-57.4053,50.5203],[-57.4569,50.4831],[-57.4638,50.4578],[-57.4947,50.4253],[-57.5173,50.3745],[-57.5266,50.3305],[-57.5698,50.2676],[-57.5943,50.2247],[-57.6102,50.1657],[-57.6586,50.1099],[-57.6985,50.0435],[-57.7328,50.006],[-57.7616,49.9449],[-57.8094,49.8969],[-57.8241,49.8618],[-57.8525,49.8332],[-57.864,49.7878],[-57.8988,49.7673],[-57.9119,49.7523],[-57.9398,49.7053],[-57.9481,49.6795],[-57.9516,49.6443],[-57.944,49.6142],[-57.9186,49.6035],[-57.9261,49.5893],[-57.8956,49.5673],[-57.8714,49.5272],[-57.8546,49.5277],[-57.8231,49.5619],[-57.8192,49.5306],[-57.7976,49.5098],[-57.7129,49.4717],[-57.7036,49.4589],[-57.7616,49.4657],[-57.8443,49.5063],[-57.8714,49.5067],[-57.8959,49.4925],[-57.8962,49.4735],[-57.8714,49.4309],[-57.8974,49.4392],[-57.9094,49.4591],[-57.9125,49.5101],[-57.9203,49.5319],[-57.9403,49.549],[-57.9668,49.5596],[-58.0012,49.5619],[-58.0226,49.5544],[-58.0581,49.5269],[-58.0916,49.5147],[-58.137,49.4842],[-58.1859,49.4427],[-58.212,49.4094],[-58.2287,49.371],[-58.2355,49.3033],[-58.2295,49.2685],[-58.1934,49.2431],[-58.1378,49.2279],[-58.0358,49.2177],[-57.9864,49.2252],[-57.9261,49.2466],[-57.9667,49.2044],[-57.9895,49.1879],[-58.0149,49.1783],[-58.1007,49.1828],[-58.1105,49.1708],[-58.08,49.1468],[-58.0226,49.1571],[-57.9261,49.192],[-57.9261,49.1845],[-57.9684,49.166],[-57.9684,49.1557],[-57.9398,49.151],[-57.894,49.1645],[-57.8578,49.192],[-57.8504,49.1845],[-57.8996,49.1388],[-57.9343,49.1265],[-58.0012,49.1367],[-58.061,49.1279],[-58.1271,49.1352],[-58.1354,49.1269],[-58.1362,49.0949],[-58.1074,49.0374],[-58.0462,48.9964],[-58.0093,48.9831],[-57.9079,48.9831],[-57.8845,48.9722],[-57.9207,48.9621],[-58.0686,48.9792],[-58.0977,48.9969],[-58.1452,49.0473],[-58.1759,49.0665],[-58.2134,49.0742],[-58.2926,49.0747],[-58.3429,49.0603],[-58.3696,49.0724],[-58.3673,49.0837],[-58.3445,49.1094],[-58.3712,49.1094],[-58.3534,49.1169],[-58.3488,49.1449],[-58.3612,49.151],[-58.3984,49.1367],[-58.4189,49.1156],[-58.4433,49.0568],[-58.4555,49.0413],[-58.5021,49.0064],[-58.512,48.9313],[-58.5221,48.9263],[-58.5445,48.8718],[-58.5568,48.8562],[-58.6107,48.8109],[-58.6241,48.7755],[-58.6666,48.7258],[-58.6773,48.6863],[-58.6784,48.6431],[-58.6854,48.6018],[-58.7137,48.5682],[-58.7635,48.5626],[-58.7945,48.5649],[-58.8387,48.5884],[-58.8441,48.6365],[-58.8509,48.6365],[-58.847,48.5964],[-58.8927,48.5539],[-58.8996,48.5864],[-58.9508,48.6075],[-58.9608,48.6296],[-58.9472,48.6514],[-58.888,48.7022],[-58.8424,48.7194],[-58.8146,48.737],[-58.769,48.7805],[-58.8035,48.7714],[-58.9708,48.675],[-59.1131,48.609],[-59.2069,48.5553],[-59.2265,48.5399],[-59.2343,48.5126],[-59.2624,48.4726],[-59.2365,48.4728],[-59.0782,48.515],[-59.0329,48.5209],[-58.9383,48.5168],[-58.838,48.5256],[-58.7267,48.552],[-58.7032,48.5545],[-58.5977,48.5471],[-58.5746,48.5378],[-58.5404,48.512],[-58.5189,48.5067],[-58.4706,48.5146],[-58.4474,48.5134],[-58.4332,48.4993],[-58.411,48.5142],[-58.3753,48.5251],[-58.3103,48.534],[-58.2754,48.5275],[-58.2892,48.5136],[-58.3411,48.5096],[-58.4061,48.4973],[-58.434,48.4794],[-58.4578,48.4494],[-58.4742,48.4378],[-58.5356,48.4241],[-58.5862,48.405],[-58.6045,48.4037],[-58.5782,48.4234],[-58.4946,48.4515],[-58.4946,48.4583],[-58.5362,48.4536],[-58.5704,48.4403],[-58.6004,48.4199],[-58.6287,48.3937],[-58.6579,48.387],[-58.6739,48.3734],[-58.683,48.345],[-58.7235,48.3057],[-58.7987,48.2658],[-58.8568,48.2165],[-58.9104,48.1998],[-58.9701,48.1419],[-59.0018,48.1225],[-59.1683,48.0587],[-59.2417,48.0155],[-59.3034,47.9649],[-59.3204,47.9345],[-59.3675,47.9311],[-59.4027,47.9096],[-59.3988,47.8803],[-59.3717,47.855],[-59.3596,47.8328],[-59.3314,47.8175],[-59.3251,47.7745],[-59.3107,47.7617],[-59.2829,47.7594],[-59.3077,47.6993],[-59.3126,47.6623],[-59.3011,47.6142],[-59.2556,47.6049],[-59.2277,47.5744],[-59.191,47.5783],[-59.1634,47.5639],[-59.1116,47.5608],[-59.0221,47.5764],[-58.9881,47.5881],[-58.9628,47.5814],[-58.9217,47.6015],[-58.7672,47.596],[-58.7032,47.6018],[-58.6479,47.6264],[-58.6276,47.612],[-58.6033,47.62],[-58.5704,47.6427],[-58.5272,47.6511],[-58.5431,47.6638],[-58.5229,47.6618],[-58.5084,47.6427],[-58.4707,47.652],[-58.4258,47.6365],[-58.4009,47.6545],[-58.3712,47.7185],[-58.3497,47.7397],[-58.324,47.7496],[-58.2613,47.7526],[-58.2895,47.7441],[-58.3134,47.7284],[-58.355,47.6632],[-58.3547,47.6491],[-58.3303,47.6466],[-58.2926,47.6741],[-58.2801,47.675],[-58.2272,47.6564],[-58.1879,47.673],[-58.0978,47.6952],[-58.0694,47.6973],[-58.0839,47.6808],[-58.0585,47.6758],[-58.042,47.6986],[-58.005,47.6775],[-57.9548,47.6727],[-57.9398,47.6775],[-57.9259,47.6952],[-57.8845,47.6973],[-57.9044,47.6789],[-57.9186,47.6501],[-57.8785,47.6561],[-57.8473,47.6524],[-57.8297,47.6365],[-57.8082,47.6289],[-57.7895,47.6365],[-57.7678,47.616],[-57.7507,47.6511],[-57.734,47.6564],[-57.6808,47.64],[-57.6547,47.6104],[-57.6278,47.6018],[-57.5795,47.6257],[-57.5561,47.6428],[-57.5289,47.6501],[-57.5357,47.6365],[-57.5053,47.6328],[-57.419,47.6365],[-57.376,47.6302],[-57.3411,47.643],[-57.3297,47.6328],[-57.3419,47.6086],[-57.3364,47.5955],[-57.3146,47.5837],[-57.244,47.6018],[-57.2069,47.5941],[-57.1962,47.5987],[-57.172,47.6365],[-57.1446,47.6092],[-57.1689,47.5847],[-57.1466,47.5723],[-57.1207,47.5676],[-56.9839,47.587],[-56.9574,47.5834],[-56.9175,47.5574],[-56.87,47.5451],[-56.8505,47.5539],[-56.8512,47.5317],[-56.8038,47.5393],[-56.7775,47.5334],[-56.7059,47.5744],[-56.7308,47.582],[-56.7679,47.6223],[-56.7543,47.6365],[-56.7208,47.5947],[-56.6761,47.5773],[-56.6376,47.5881],[-56.6503,47.6006],[-56.6853,47.6112],[-56.6996,47.6223],[-56.672,47.6267],[-56.5658,47.616],[-56.514,47.6223],[-56.4646,47.6112],[-56.3898,47.6064],[-56.3358,47.616],[-56.3192,47.6344],[-56.311,47.6612],[-56.3153,47.6859],[-56.3358,47.6973],[-56.3207,47.7084],[-56.3086,47.7526],[-56.3081,47.7192],[-56.2881,47.6973],[-56.2995,47.6853],[-56.3017,47.6291],[-56.2561,47.6273],[-56.235,47.632],[-56.2217,47.6555],[-56.203,47.6496],[-56.1932,47.6301],[-56.1584,47.6427],[-56.1857,47.6564],[-56.172,47.6706],[-56.1919,47.6775],[-56.1496,47.6872],[-56.1373,47.6973],[-56.1507,47.7138],[-56.172,47.7185],[-56.1393,47.7421],[-56.1304,47.7765],[-56.155,47.8262],[-56.1509,47.842],[-56.1378,47.8255],[-56.1168,47.7799],[-56.1011,47.7597],[-56.0895,47.7575],[-56.0553,47.7799],[-56.1058,47.7269],[-56.0963,47.711],[-56.1108,47.704],[-56.0724,47.6973],[-56.0494,47.7051],[-56.0093,47.7392],[-55.9685,47.7598],[-55.8854,47.7779],[-55.86,47.7912],[-55.8493,47.8106],[-55.8356,47.8625],[-55.817,47.8887],[-55.8288,47.8966],[-55.784,47.9217],[-55.774,47.9328],[-55.7804,47.9581],[-55.7553,47.9462],[-55.7394,47.9239],[-55.7848,47.895],[-55.7956,47.8779],[-55.7742,47.8693],[-55.8166,47.8397],[-55.8248,47.8204],[-55.8021,47.8072],[-55.8158,47.7951],[-55.8158,47.7765],[-55.8431,47.7526],[-55.8288,47.739],[-55.9036,47.6997],[-55.9176,47.6837],[-55.9144,47.6592],[-55.8944,47.6404],[-55.8431,47.6223],[-55.8131,47.6252],[-55.7332,47.6638],[-55.68,47.6784],[-55.6504,47.6818],[-55.6295,47.6775],[-55.699,47.6531],[-55.7425,47.6449],[-55.8083,47.6092],[-55.8631,47.5986],[-55.9181,47.5668],[-55.9386,47.5676],[-56.0455,47.5358],[-56.1334,47.5255],[-56.1694,47.5037],[-56.1619,47.4919],[-56.1205,47.468],[-56.1058,47.4667],[-56.0201,47.4995],[-55.9489,47.5124],[-55.8939,47.5414],[-55.8772,47.5335],[-55.8504,47.5578],[-55.8158,47.5676],[-55.8175,47.5561],[-55.7912,47.5744],[-55.7469,47.5881],[-55.7716,47.5727],[-55.8356,47.5124],[-55.8909,47.4785],[-55.9167,47.4573],[-55.9176,47.4372],[-55.8906,47.4609],[-55.8568,47.4782],[-55.8052,47.4622],[-55.7878,47.4782],[-55.7945,47.4936],[-55.7865,47.5136],[-55.7537,47.5403],[-55.7715,47.5042],[-55.7613,47.487],[-55.7742,47.4578],[-55.7346,47.4678],[-55.6985,47.4857],[-55.7127,47.5062],[-55.6966,47.5063],[-55.6643,47.4919],[-55.6411,47.5067],[-55.6234,47.5267],[-55.6513,47.5267],[-55.6384,47.5453],[-55.6188,47.5417],[-55.5892,47.5124],[-55.6118,47.4995],[-55.637,47.4578],[-55.6643,47.4372],[-55.6437,47.4387],[-55.611,47.455],[-55.5892,47.4578],[-55.6005,47.4389],[-55.5985,47.3993],[-55.5751,47.4097],[-55.5551,47.4448],[-55.5209,47.4646],[-55.4608,47.4654],[-55.4378,47.4714],[-55.4071,47.5015],[-55.4023,47.5207],[-55.4185,47.5335],[-55.3968,47.5676],[-55.4017,47.5828],[-55.3906,47.5955],[-55.426,47.5849],[-55.427,47.5948],[-55.3968,47.616],[-55.4179,47.6336],[-55.4595,47.616],[-55.4702,47.6269],[-55.4415,47.6601],[-55.4289,47.6831],[-55.4315,47.7147],[-55.4085,47.7105],[-55.4002,47.6959],[-55.3769,47.7042],[-55.3906,47.7185],[-55.3558,47.7321],[-55.3634,47.7185],[-55.3497,47.7112],[-55.3759,47.6865],[-55.3624,47.6541],[-55.3359,47.6587],[-55.3291,47.6706],[-55.3087,47.6638],[-55.2327,47.6552],[-55.1948,47.6364],[-55.1697,47.6399],[-55.1299,47.6638],[-55.1446,47.6318],[-55.1504,47.6018],[-55.1312,47.5836],[-55.1086,47.5854],[-55.0949,47.6007],[-55.1026,47.6223],[-55.0589,47.6584],[-54.9834,47.7508],[-54.9381,47.7873],[-54.9525,47.7514],[-55.0214,47.6855],[-55.0336,47.6576],[-55.0787,47.6191],[-55.0885,47.6017],[-55.0722,47.5974],[-54.9639,47.6057],[-54.8933,47.6192],[-54.8262,47.6445],[-54.7668,47.6837],[-54.7736,47.6706],[-54.719,47.675],[-54.7118,47.6682],[-54.7395,47.6501],[-54.7807,47.6406],[-54.8312,47.6221],[-54.8766,47.5812],[-54.8693,47.5718],[-54.8419,47.5881],[-54.8532,47.5601],[-54.8923,47.5363],[-54.951,47.5292],[-54.9479,47.5104],[-54.9858,47.5062],[-55.0596,47.4846],[-55.0958,47.4857],[-55.1284,47.4737],[-55.184,47.4604],[-55.2553,47.4114],[-55.2646,47.3962],[-55.2704,47.3614],[-55.2875,47.3281],[-55.2875,47.2864],[-55.3013,47.2676],[-55.3686,47.2289],[-55.3968,47.2182],[-55.4315,47.1909],[-55.4617,47.1809],[-55.4872,47.1403],[-55.5235,47.1338],[-55.5824,47.1152],[-55.6506,47.1064],[-55.6848,47.0952],[-55.738,47.1069],[-55.7611,47.1083],[-55.8214,47.0849],[-55.8699,47.0751],[-55.8891,47.059],[-55.925,47.0189],[-55.964,46.9889],[-55.98,46.9704],[-55.9864,46.947],[-55.9813,46.932],[-55.9503,46.9044],[-55.907,46.8869],[-55.8513,46.871],[-55.7769,46.8679],[-55.7394,46.8544],[-55.7167,46.871],[-55.6848,46.8619],[-55.6495,46.8679],[-55.6165,46.8824],[-55.5892,46.9029],[-55.5414,46.9091],[-55.5278,46.9438],[-55.5242,46.9217],[-55.5091,46.9194],[-55.4657,46.9308],[-55.4733,46.8975],[-55.4525,46.8763],[-55.4178,46.8666],[-55.3831,46.8681],[-55.359,46.8747],[-55.3701,46.9091],[-55.3118,46.9029],[-55.2829,46.9072],[-55.2509,46.9189],[-55.2296,46.9362],[-55.2329,46.9575],[-55.213,46.9652],[-55.2002,46.9805],[-55.1913,47.0227],[-55.2026,47.0559],[-55.1886,47.0746],[-55.1715,47.0673],[-55.1783,47.0264],[-55.1504,47.0158],[-55.1463,47.0377],[-55.1349,47.0476],[-55.0951,47.0599],[-55.1026,47.0816],[-55.0747,47.081],[-55.0718,47.095],[-55.0889,47.1288],[-55.0828,47.1591],[-55.0973,47.1718],[-55.1361,47.1697],[-55.1067,47.1978],[-55.088,47.2062],[-55.0718,47.2008],[-55.0679,47.1843],[-55.0738,47.157],[-55.0542,47.1562],[-55.027,47.1726],[-55.0132,47.194],[-55.0206,47.2077],[-55.0406,47.2177],[-55.0275,47.2387],[-54.9892,47.2803],[-54.9663,47.2883],[-54.9289,47.3113],[-54.9244,47.3349],[-54.8661,47.3796],[-54.8379,47.4193],[-54.822,47.4237],[-54.8403,47.3974],[-54.8282,47.3758],[-54.8015,47.423],[-54.7873,47.4237],[-54.7956,47.3944],[-54.822,47.369],[-54.7736,47.3832],[-54.7596,47.3628],[-54.7327,47.3758],[-54.7221,47.3559],[-54.6986,47.3615],[-54.7121,47.3758],[-54.6978,47.3924],[-54.6774,47.4025],[-54.6761,47.3854],[-54.6564,47.3852],[-54.6029,47.41],[-54.5439,47.468],[-54.5041,47.5305],[-54.4725,47.5496],[-54.4173,47.6092],[-54.4112,47.6018],[-54.4372,47.5557],[-54.575,47.3963],[-54.6106,47.3771],[-54.6058,47.3525],[-54.5795,47.3594],[-54.5266,47.3832],[-54.5234,47.3767],[-54.4726,47.4025],[-54.5061,47.4025],[-54.4763,47.4425],[-54.4508,47.4545],[-54.4443,47.4494],[-54.4521,47.4237],[-54.4037,47.4509],[-54.4173,47.4595],[-54.4385,47.4994],[-54.4447,47.4857],[-54.4584,47.4994],[-54.411,47.5307],[-54.3962,47.5595],[-54.3634,47.5917],[-54.3505,47.6188],[-54.3266,47.6477],[-54.3212,47.6672],[-54.3273,47.7102],[-54.3109,47.7008],[-54.2801,47.6979],[-54.2491,47.7301],[-54.2243,47.7727],[-54.1982,47.8333],[-54.1976,47.8693],[-54.2126,47.8779],[-54.2537,47.8878],[-54.2665,47.9035],[-54.2051,47.883],[-54.179,47.879],[-54.1641,47.855],[-54.141,47.8358],[-54.1095,47.8283],[-54.0983,47.8376],[-54.0923,47.863],[-54.0806,47.8633],[-54.0611,47.8283],[-54.0747,47.814],[-54.0609,47.8004],[-54.0421,47.802],[-54.0058,47.8209],[-54.0133,47.8072],[-53.9922,47.7594],[-53.9647,47.7569],[-53.9717,47.7427],[-53.9479,47.6817],[-53.9398,47.6349],[-53.9239,47.6092],[-53.9034,47.616],[-53.8926,47.5988],[-53.8918,47.5775],[-53.9034,47.5335],[-53.8859,47.5275],[-53.9086,47.4735],[-53.9235,47.4541],[-53.902,47.4315],[-53.8488,47.4448],[-53.8351,47.4305],[-53.8079,47.4237],[-53.8531,47.4135],[-53.8929,47.3929],[-53.9143,47.3635],[-53.8767,47.3615],[-53.8953,47.3405],[-53.9239,47.3281],[-53.9223,47.3132],[-53.9388,47.3052],[-53.9785,47.307],[-53.9695,47.3126],[-53.9962,47.3172],[-53.9991,47.2813],[-53.9891,47.2626],[-53.9318,47.2344],[-53.9512,47.2319],[-54.0028,47.2387],[-54.0235,47.2008],[-54.0404,47.1799],[-54.1004,47.0598],[-54.1505,47.0053],[-54.1641,46.9643],[-54.1854,46.9278],[-54.1976,46.8858],[-54.1885,46.8284],[-54.171,46.821],[-54.119,46.8135],[-54.0986,46.8005],[-54.0504,46.8081],[-54.0269,46.821],[-53.9922,46.8483],[-53.9478,46.8581],[-53.9342,46.8861],[-53.9127,46.8918],[-53.8829,46.9091],[-53.8693,46.9438],[-53.8185,46.9626],[-53.7753,47.0318],[-53.7668,47.04],[-53.7252,47.0468],[-53.6954,47.0701],[-53.7045,47.0775],[-53.6775,47.0913],[-53.6632,47.1288],[-53.6498,47.1472],[-53.6291,47.1562],[-53.6502,47.1083],[-53.6173,47.1193],[-53.5942,47.1457],[-53.5602,47.2045],[-53.5726,47.1621],[-53.5563,47.1579],[-53.5192,47.1697],[-53.5243,47.1435],[-53.4987,47.1356],[-53.5118,47.123],[-53.5631,47.0977],[-53.5819,47.0816],[-53.5706,47.0727],[-53.6051,47.0366],[-53.6434,46.9854],[-53.6086,46.9915],[-53.6001,46.9869],[-53.6152,46.959],[-53.5919,46.95],[-53.5745,46.978],[-53.5632,46.9693],[-53.5677,46.9438],[-53.5421,46.9446],[-53.5192,46.9643],[-53.5211,46.9446],[-53.5471,46.9282],[-53.5987,46.906],[-53.6126,46.869],[-53.6362,46.8387],[-53.6449,46.8012],[-53.6116,46.8143],[-53.5441,46.8858],[-53.5316,46.8933],[-53.4857,46.9029],[-53.4986,46.8868],[-53.5441,46.8785],[-53.5625,46.8463],[-53.6001,46.8126],[-53.6086,46.7971],[-53.6016,46.7642],[-53.6365,46.7114],[-53.6349,46.6859],[-53.6229,46.6558],[-53.59,46.6262],[-53.5547,46.6184],[-53.5183,46.6286],[-53.482,46.6527],[-53.4488,46.664],[-53.4407,46.6809],[-53.3738,46.7348],[-53.3553,46.739],[-53.3895,46.6838],[-53.3597,46.7134],[-53.3485,46.7173],[-53.3312,46.6933],[-53.2987,46.7206],[-53.266,46.739],[-53.2675,46.7145],[-53.2537,46.6832],[-53.2323,46.6538],[-53.2113,46.6353],[-53.1766,46.6251],[-53.1431,46.6291],[-53.0915,46.6496],[-53.0669,46.6656],[-53.0313,46.736],[-53.0069,46.7531],[-52.9786,46.7589],[-52.9611,46.7828],[-52.9413,46.7913],[-52.9302,46.8271],[-52.9341,46.8471],[-52.9097,46.9128],[-52.8822,46.9511],[-52.8985,46.967],[-52.8824,46.978],[-52.8951,46.9956],[-52.8893,47.0068],[-52.8545,47.0264],[-52.8749,47.0599],[-52.8563,47.0559],[-52.8492,47.0698],[-52.9376,47.0878],[-52.9203,47.0941],[-52.8688,47.1015],[-52.853,47.1343],[-52.846,47.1735],[-52.8149,47.2429],[-52.8019,47.2588],[-52.8141,47.2734],[-52.7824,47.2822],[-52.7595,47.3001],[-52.8004,47.307],[-52.7526,47.3144],[-52.7304,47.3325],[-52.711,47.3832],[-52.6747,47.4121],[-52.6566,47.4371],[-52.6906,47.4646],[-52.6433,47.4875],[-52.6285,47.4857],[-52.6166,47.5227],[-52.6288,47.5267]]],[[[-55.3527,51.8845],[-55.3324,51.8976],[-55.2739,51.9801],[-55.2701,52.0056],[-55.2873,52.0006],[-55.3323,51.9739],[-55.3831,51.9596],[-55.4185,51.9186],[-55.4274,51.8913],[-55.4097,51.8821],[-55.3527,51.8845]]],[[[-57.8714,54.8179],[-57.9018,54.8091],[-57.9295,54.8281],[-57.9695,54.8063],[-57.9875,54.8037],[-57.9814,54.8208],[-57.9944,54.8315],[-57.9818,54.8708],[-57.9387,54.894],[-57.9413,54.9256],[-57.9824,54.9175],[-58.0559,54.8972],[-58.0956,54.8784],[-58.1315,54.8793],[-58.1638,54.8615],[-58.1847,54.862],[-58.2104,54.8793],[-58.2274,54.8714],[-58.2252,54.853],[-58.2004,54.8179],[-58.1816,54.8063],[-58.1763,54.7753],[-58.1571,54.7639],[-58.0533,54.7531],[-58.0223,54.7564],[-57.9561,54.7921],[-57.9329,54.7974],[-57.882,54.7958],[-57.8572,54.8034],[-57.8436,54.8247],[-57.8705,54.8341],[-57.8714,54.8179]]],[[[-60.749,55.9345],[-60.7422,55.9482],[-60.8027,55.9462],[-60.852,55.9619],[-60.874,55.9478],[-60.8793,55.9208],[-60.8542,55.9001],[-60.8179,55.8867],[-60.8889,55.8859],[-60.8893,55.8658],[-60.8651,55.8659],[-60.7449,55.8869],[-60.709,55.904],[-60.6876,55.9283],[-60.7528,55.9184],[-60.749,55.9345]]],[[[-61.0097,56.0438],[-60.9687,56.0648],[-60.9538,56.0895],[-60.9614,56.1048],[-61.037,56.1195],[-61.0656,56.135],[-61.0438,56.1611],[-61.0985,56.1747],[-61.1038,56.1569],[-61.1331,56.1492],[-61.1338,56.1195],[-61.1884,56.1079],[-61.181,56.0922],[-61.1614,56.1049],[-61.1468,56.0922],[-61.1845,56.083],[-61.2157,56.0922],[-61.2083,56.1064],[-61.2323,56.0998],[-61.2313,56.0801],[-61.2015,56.0438],[-61.1741,56.0324],[-61.0028,56.0099],[-60.9551,56.0102],[-60.9407,56.0189],[-61.0097,56.0375],[-61.0097,56.0438]]],[[[-61.4137,56.3734],[-61.4523,56.3994],[-61.4825,56.4084],[-61.5287,56.3972],[-61.577,56.393],[-61.7974,56.4211],[-61.7887,56.4097],[-61.7564,56.4006],[-61.7296,56.3734],[-61.7087,56.3633],[-61.597,56.3332],[-61.4621,56.3188],[-61.4137,56.3256],[-61.4137,56.3323],[-61.4621,56.3454],[-61.453,56.3574],[-61.4219,56.3631],[-61.4137,56.3734]]],[[[-61.2288,56.4553],[-61.2162,56.4654],[-61.1673,56.4757],[-61.1932,56.4851],[-61.2266,56.4868],[-61.2991,56.4816],[-61.3358,56.4698],[-61.3666,56.4757],[-61.3113,56.4969],[-61.3301,56.5153],[-61.4137,56.5303],[-61.4623,56.55],[-61.5394,56.5539],[-61.5945,56.5605],[-61.6055,56.5521],[-61.5714,56.5242],[-61.6221,56.5239],[-61.6335,56.5105],[-61.4541,56.4988],[-61.4271,56.4925],[-61.4509,56.4782],[-61.6396,56.4969],[-61.6198,56.4832],[-61.6335,56.4696],[-61.5416,56.4694],[-61.5123,56.4453],[-61.4866,56.4453],[-61.4752,56.4553],[-61.4889,56.4696],[-61.4674,56.4696],[-61.3792,56.4522],[-61.1468,56.4422],[-61.166,56.4548],[-61.2101,56.4506],[-61.2288,56.4553]]],[[[-61.2157,56.5856],[-61.2007,56.5844],[-61.1673,56.6061],[-61.1059,56.6129],[-61.0715,56.6258],[-61.0706,56.6346],[-61.1059,56.6265],[-61.0712,56.6613],[-61.0854,56.6613],[-61.082,56.6779],[-61.095,56.6848],[-61.1649,56.6918],[-61.1628,56.676],[-61.1338,56.6613],[-61.1864,56.6621],[-61.2001,56.6443],[-61.235,56.6265],[-61.235,56.6129],[-61.2157,56.5856]]],[[[-61.6297,56.8463],[-61.6217,56.831],[-61.6241,56.7968],[-61.6471,56.7365],[-61.6257,56.7359],[-61.6017,56.7141],[-61.5753,56.7043],[-61.5611,56.6855],[-61.5099,56.6675],[-61.4535,56.626],[-61.4349,56.6203],[-61.3884,56.6232],[-61.3825,56.645],[-61.4038,56.6577],[-61.3998,56.6745],[-61.3775,56.678],[-61.3728,56.6921],[-61.3755,56.7576],[-61.4014,56.7802],[-61.4707,56.7905],[-61.4976,56.788],[-61.517,56.7743],[-61.5647,56.754],[-61.5847,56.7717],[-61.5607,56.7898],[-61.5106,56.8022],[-61.4957,56.8215],[-61.503,56.8292],[-61.469,56.8463],[-61.4457,56.8395],[-61.4553,56.8258],[-61.4327,56.8223],[-61.4011,56.8319],[-61.3523,56.8599],[-61.3777,56.8749],[-61.4069,56.8798],[-61.3685,56.9054],[-61.3387,56.935],[-61.3629,56.9399],[-61.4119,56.9291],[-61.4621,56.9555],[-61.4788,56.9577],[-61.5199,56.9487],[-61.527,56.9141],[-61.6055,56.8873],[-61.6344,56.8525],[-61.6297,56.8463]]],[[[-61.6129,57.4155],[-61.6129,57.4217],[-61.6668,57.4355],[-61.7503,57.445],[-61.7831,57.431],[-61.8253,57.4353],[-61.8074,57.4512],[-61.7711,57.4622],[-61.6807,57.4626],[-61.6471,57.4899],[-61.6949,57.4975],[-61.6335,57.5111],[-61.6593,57.533],[-61.7228,57.5384],[-61.752,57.5279],[-61.7707,57.5036],[-61.7982,57.4838],[-61.8315,57.4694],[-61.9004,57.449],[-61.8907,57.4276],[-61.8489,57.4151],[-61.6828,57.3996],[-61.6473,57.4006],[-61.6129,57.4155]]],[[[-61.8526,57.5861],[-61.8942,57.593],[-61.9261,57.5561],[-61.9551,57.559],[-61.9352,57.593],[-61.9671,57.5894],[-61.9983,57.5727],[-62.0183,57.5473],[-62.0171,57.5179],[-61.9628,57.4739],[-61.9291,57.4561],[-61.818,57.4947],[-61.7939,57.5073],[-61.7799,57.5361],[-61.7927,57.5566],[-61.8526,57.5861]]],[[[-61.9004,57.7643],[-61.8775,57.7558],[-61.8389,57.7848],[-61.8253,57.7612],[-61.7663,57.7203],[-61.7452,57.713],[-61.7111,57.7252],[-61.678,57.7279],[-61.6676,57.7506],[-61.6881,57.7506],[-61.654,57.778],[-61.6541,57.79],[-61.7228,57.7848],[-61.6949,57.8332],[-61.7194,57.8348],[-61.7267,57.824],[-61.7495,57.8394],[-61.8004,57.8449],[-61.8845,57.7863],[-61.9004,57.7643]]],[[[-61.9314,57.7954],[-61.8917,57.815],[-61.8719,57.8399],[-61.8867,57.8742],[-61.9413,57.8742],[-61.9211,57.9094],[-61.9314,57.9151],[-61.9823,57.9151],[-62.0113,57.9092],[-62.0412,57.894],[-62.1058,57.8386],[-62.0877,57.8153],[-62.0543,57.8332],[-62.0254,57.8234],[-61.9598,57.7895],[-61.9314,57.7954]]],[[[-64.079,59.7995],[-64.0318,59.8057],[-64.0597,59.8411],[-64.0455,59.8542],[-64.0592,59.8638],[-64.1019,59.863],[-64.1304,59.842],[-64.1553,59.7865],[-64.1274,59.7586],[-64.1689,59.7736],[-64.1826,59.7722],[-64.2031,59.7449],[-64.1916,59.7336],[-64.1417,59.7238],[-64.1691,59.7102],[-64.139,59.7009],[-64.1069,59.7033],[-64.0521,59.7235],[-64.0008,59.7238],[-63.9629,59.7518],[-63.9857,59.7709],[-64.0588,59.7854],[-64.079,59.7995]]],[[[-64.4324,60.3727],[-64.4902,60.3612],[-64.5124,60.3425],[-64.5192,60.3193],[-64.4267,60.2862],[-64.4342,60.3017],[-64.4774,60.3339],[-64.4632,60.355],[-64.4324,60.3727]]],[[[-54.7942,47.2794],[-54.8301,47.2671],[-54.8283,47.2431],[-54.8124,47.2318],[-54.7984,47.2426],[-54.7781,47.2736],[-54.7942,47.2794]]],[[[-54.1956,47.3932],[-54.2167,47.3813],[-54.2096,47.3599],[-54.178,47.36],[-54.1534,47.3684],[-54.1446,47.4004],[-54.1587,47.4147],[-54.178,47.4182],[-54.1956,47.3932]]],[[[-52.9565,47.6548],[-53.0192,47.619],[-53.0303,47.5992],[-53.0062,47.5935],[-52.9765,47.5969],[-52.9164,47.6345],[-52.9188,47.6526],[-52.9565,47.6548]]],[[[-55.8543,50.205],[-55.886,50.1975],[-55.8451,50.1906],[-55.8239,50.2041],[-55.8503,50.2143],[-55.8543,50.205]]],[[[-55.763,50.2319],[-55.8,50.2303],[-55.7895,50.2075],[-55.6958,50.1937],[-55.7128,50.22],[-55.7299,50.2302],[-55.763,50.2319]]],[[[-57.2503,50.8406],[-57.2753,50.8273],[-57.27,50.81],[-57.2397,50.806],[-57.2618,50.7997],[-57.2402,50.7956],[-57.2233,50.8101],[-57.1866,50.823],[-57.2094,50.8411],[-57.2503,50.8406]]],[[[-55.8523,52.7725],[-55.8877,52.7748],[-55.8954,52.7633],[-55.8663,52.7434],[-55.8613,52.7304],[-55.8297,52.7265],[-55.8095,52.7311],[-55.8119,52.7701],[-55.8523,52.7725]]],[[[-55.8085,53.0066],[-55.8504,53.0035],[-55.8492,52.9913],[-55.8023,52.9446],[-55.7896,52.9484],[-55.7819,52.9767],[-55.7679,52.9882],[-55.7869,52.9951],[-55.7754,53.0096],[-55.7868,53.0165],[-55.8085,53.0066]]],[[[-55.8273,53.0793],[-55.8477,53.0808],[-55.8744,53.0571],[-55.8707,53.0265],[-55.816,53.0242],[-55.8007,53.0326],[-55.7753,53.028],[-55.7588,53.0341],[-55.7689,53.0486],[-55.751,53.0594],[-55.7548,53.0754],[-55.7903,53.0938],[-55.8273,53.0793]]],[[[-55.9276,53.4922],[-55.9759,53.4845],[-55.9899,53.4704],[-55.9835,53.4417],[-55.9655,53.4324],[-55.9263,53.4289],[-55.9067,53.4186],[-55.83,53.4067],[-55.7859,53.3939],[-55.8168,53.4106],[-55.8111,53.4164],[-55.7695,53.4026],[-55.7686,53.4114],[-55.8134,53.433],[-55.8026,53.4554],[-55.7821,53.4558],[-55.7454,53.4406],[-55.7517,53.464],[-55.7672,53.4757],[-55.8146,53.4876],[-55.8245,53.4779],[-55.8801,53.4843],[-55.8899,53.4985],[-55.9276,53.4922]]],[[[-57.1527,53.6931],[-57.1721,53.6596],[-57.1544,53.6471],[-57.1138,53.643],[-57.0838,53.6566],[-57.082,53.6806],[-57.0662,53.6848],[-57.0308,53.713],[-57.0449,53.7151],[-57.0803,53.7036],[-57.1298,53.7046],[-57.1527,53.6931]]],[[[-56.9225,53.7976],[-56.9656,53.8122],[-56.9995,53.8104],[-57.0089,53.7885],[-56.9843,53.7594],[-56.9473,53.7521],[-56.9196,53.763],[-56.8826,53.7629],[-56.8177,53.79],[-56.8361,53.8065],[-56.8885,53.8066],[-56.9225,53.7976]]],[[[-57.328,54.2876],[-57.3677,54.2694],[-57.3676,54.259],[-57.3144,54.2397],[-57.299,54.2488],[-57.3212,54.2695],[-57.2925,54.2837],[-57.328,54.2876]]],[[[-57.2445,54.4842],[-57.2867,54.4828],[-57.2933,54.4686],[-57.2711,54.4609],[-57.2444,54.4674],[-57.2243,54.4519],[-57.1976,54.4493],[-57.2289,54.4919],[-57.2445,54.4842]]],[[[-57.3037,54.5747],[-57.3473,54.5551],[-57.3657,54.5239],[-57.3622,54.5073],[-57.3403,54.5014],[-57.268,54.5035],[-57.2547,54.5377],[-57.2834,54.5562],[-57.2751,54.5797],[-57.3037,54.5747]]]]},"properties":{"name":"Newfoundland and Labrador","name_en":"Newfoundland and Labrador","name_ja":"ニューファンドランド・ラブラドール州","name_zh":"纽芬兰-拉布拉多","name_ko":"뉴펀들랜드래브라도","adm0_a3":"CAN","postal":"NL","iso_3166_2":"CA-NL","type_en":"Province","region":"Eastern Canada","geonunit":"Canada"}},
{"type":"Feature","geometry":{"type":"MultiPolygon","coordinates":[[[[-64.0427,45.992],[-64.0513,45.9768],[-64.0733,45.9732],[-64.1197,45.9764],[-64.1595,45.9638],[-64.1751,45.95],[-64.1985,45.9157],[-64.2447,45.8813],[-64.2734,45.8357],[-64.2707,45.8135],[-64.2828,45.7935],[-64.3055,45.7788],[-64.2789,45.7786],[-64.2646,45.7651],[-64.3031,45.7619],[-64.3335,45.7446],[-64.3314,45.7772],[-64.3124,45.7856],[-64.2944,45.805],[-64.3055,45.8266],[-64.3806,45.7924],[-64.3789,45.7812],[-64.3981,45.7563],[-64.4321,45.7479],[-64.4391,45.7385],[-64.4291,45.7099],[-64.457,45.6832],[-64.4843,45.6764],[-64.5423,45.6317],[-64.5728,45.6153],[-64.6136,45.6027],[-64.6454,45.5863],[-64.6488,45.5591],[-64.6809,45.5425],[-64.7064,45.5369],[-64.8331,45.484],[-64.7996,45.4709],[-64.8539,45.4573],[-64.902,45.43],[-64.9287,45.383],[-64.9357,45.3512],[-64.9293,45.3263],[-64.8975,45.3465],[-64.8599,45.353],[-64.8227,45.348],[-64.7921,45.3338],[-64.774,45.3332],[-64.7682,45.2973],[-64.7174,45.3246],[-64.6966,45.3263],[-64.707,45.3606],[-64.6725,45.389],[-64.62,45.4085],[-64.5762,45.4156],[-64.4588,45.4],[-64.4359,45.3815],[-64.3881,45.3673],[-64.3472,45.389],[-64.3145,45.3819],[-64.3124,45.402],[-64.2759,45.3921],[-64.2439,45.3947],[-64.1826,45.4088],[-64.1053,45.4151],[-64.066,45.413],[-64.038,45.402],[-64.0523,45.3952],[-64.0138,45.3904],[-63.9366,45.3985],[-63.9083,45.3815],[-63.9105,45.3589],[-63.8909,45.3529],[-63.8339,45.3921],[-63.8158,45.3952],[-63.593,45.3952],[-63.5073,45.3747],[-63.3917,45.3716],[-63.3602,45.3611],[-63.3961,45.3556],[-63.4331,45.3449],[-63.4609,45.325],[-63.4695,45.2921],[-63.5045,45.3287],[-63.5241,45.3338],[-63.5787,45.3223],[-63.6749,45.3201],[-63.7159,45.3263],[-63.7369,45.2996],[-63.7604,45.3113],[-63.8014,45.311],[-63.809,45.2887],[-63.8253,45.2796],[-63.8847,45.2791],[-63.9058,45.2758],[-63.9629,45.2511],[-64.0243,45.2414],[-64.1151,45.2161],[-64.1656,45.186],[-64.1659,45.1594],[-64.1993,45.1487],[-64.1974,45.1326],[-64.1838,45.1143],[-64.1365,45.0729],[-64.1007,45.0594],[-64.1142,45.0462],[-64.1163,45.0114],[-64.1069,44.998],[-64.1359,45.0032],[-64.1553,44.9837],[-64.1491,45.0387],[-64.1516,45.0498],[-64.2235,45.1084],[-64.3055,45.1488],[-64.3316,45.1359],[-64.3369,45.1129],[-64.3675,45.1078],[-64.3673,45.1261],[-64.3881,45.1488],[-64.357,45.1708],[-64.3524,45.1852],[-64.3675,45.1966],[-64.3516,45.2481],[-64.3205,45.2829],[-64.3297,45.3096],[-64.3487,45.3194],[-64.4154,45.3263],[-64.4778,45.3411],[-64.4979,45.3338],[-64.4176,45.3196],[-64.3953,45.3016],[-64.4154,45.2716],[-64.475,45.2403],[-64.5106,45.2286],[-64.5755,45.2196],[-64.6441,45.2008],[-64.714,45.1924],[-64.8632,45.1396],[-65.0221,45.0602],[-65.1805,44.9932],[-65.2317,44.9552],[-65.3583,44.9044],[-65.3976,44.8949],[-65.4569,44.8546],[-65.6212,44.7789],[-65.7235,44.7274],[-65.7585,44.6827],[-65.7418,44.6678],[-65.7173,44.6744],[-65.6763,44.6964],[-65.654,44.6981],[-65.6153,44.7091],[-65.5351,44.747],[-65.4925,44.7581],[-65.4473,44.7811],[-65.4289,44.7782],[-65.4941,44.7487],[-65.5367,44.7366],[-65.5941,44.6889],[-65.6016,44.6964],[-65.625,44.6665],[-65.6923,44.6207],[-65.7486,44.6069],[-65.7571,44.6109],[-65.7523,44.6417],[-65.7631,44.6723],[-65.7859,44.6964],[-65.8747,44.6431],[-65.8889,44.6308],[-65.9988,44.5797],[-66.1803,44.4344],[-66.1923,44.4175],[-66.1968,44.3909],[-66.1872,44.3946],[-66.0284,44.5206],[-65.9425,44.5834],[-65.9132,44.5797],[-65.8685,44.5876],[-65.8491,44.5868],[-65.8405,44.5734],[-65.8479,44.5565],[-65.9277,44.5062],[-65.966,44.4892],[-66.0325,44.4368],[-66.0467,44.4066],[-66.095,44.3742],[-66.1137,44.3434],[-66.1422,44.2308],[-66.1587,44.2005],[-66.1877,44.1712],[-66.1947,44.1427],[-66.2103,44.1057],[-66.2104,44.0856],[-66.1943,44.0926],[-66.1834,44.0841],[-66.1488,44.0026],[-66.1629,43.9757],[-66.1496,43.9322],[-66.1701,43.8944],[-66.1701,43.8603],[-66.1492,43.8524],[-66.1496,43.8255],[-66.1285,43.8495],[-66.1112,43.8475],[-66.1198,43.8245],[-66.1337,43.8097],[-66.1217,43.7436],[-66.0794,43.7724],[-66.0732,43.7677],[-66.0773,43.7406],[-66.0602,43.7162],[-66.0555,43.7409],[-66.0421,43.7464],[-66.0309,43.7367],[-66.0281,43.7023],[-66.0064,43.6999],[-66.005,43.7237],[-65.9916,43.7311],[-65.9796,43.706],[-65.9634,43.7373],[-65.9744,43.7506],[-66.0017,43.8042],[-66.004,43.8317],[-65.9967,43.8541],[-65.9872,43.8392],[-65.9713,43.7801],[-65.9299,43.8056],[-65.9413,43.8199],[-65.9244,43.8268],[-65.9094,43.8192],[-65.8772,43.7696],[-65.8616,43.7709],[-65.8685,43.8056],[-65.8616,43.8056],[-65.8529,43.7642],[-65.82,43.7094],[-65.8157,43.6827],[-65.8148,43.6316],[-65.7995,43.6064],[-65.7923,43.6339],[-65.807,43.6548],[-65.7888,43.6911],[-65.779,43.689],[-65.7716,43.6688],[-65.7722,43.6412],[-65.7818,43.5874],[-65.7781,43.5682],[-65.7585,43.5511],[-65.7449,43.5586],[-65.7523,43.5865],[-65.7316,43.5627],[-65.7381,43.5313],[-65.7193,43.5089],[-65.6897,43.5108],[-65.6579,43.5016],[-65.6487,43.5176],[-65.6129,43.5362],[-65.566,43.574],[-65.5456,43.556],[-65.5517,43.543],[-65.5426,43.5279],[-65.504,43.5028],[-65.4936,43.4803],[-65.4748,43.4709],[-65.4741,43.5038],[-65.4842,43.5245],[-65.4626,43.5276],[-65.4507,43.5449],[-65.4556,43.556],[-65.4395,43.5572],[-65.4289,43.5449],[-65.4162,43.5001],[-65.4017,43.504],[-65.413,43.5388],[-65.4569,43.5933],[-65.4422,43.5929],[-65.4159,43.5714],[-65.3919,43.5666],[-65.3815,43.5766],[-65.3625,43.5749],[-65.3408,43.5449],[-65.3461,43.5874],[-65.3545,43.6107],[-65.3406,43.6173],[-65.3343,43.6703],[-65.3415,43.6935],[-65.3675,43.7436],[-65.3515,43.7368],[-65.3408,43.7579],[-65.323,43.7654],[-65.3135,43.7436],[-65.3278,43.7095],[-65.3272,43.6964],[-65.2893,43.6747],[-65.2504,43.6734],[-65.2246,43.7188],[-65.2491,43.7547],[-65.2547,43.7757],[-65.2379,43.7845],[-65.2379,43.8056],[-65.2117,43.772],[-65.1937,43.7245],[-65.1785,43.7101],[-65.1612,43.7156],[-65.1416,43.751],[-65.1366,43.7271],[-65.1512,43.6891],[-65.1286,43.6747],[-65.1232,43.6968],[-65.0963,43.7362],[-65.087,43.7579],[-65.0731,43.745],[-65.077,43.7108],[-65.0597,43.7032],[-65.0528,43.7205],[-65.0344,43.7123],[-65.0166,43.7272],[-65.0187,43.7709],[-65.0377,43.816],[-65.0392,43.8323],[-65.0204,43.817],[-64.9971,43.7696],[-64.9701,43.7589],[-64.949,43.7753],[-64.9325,43.8063],[-64.9639,43.8605],[-64.9668,43.8736],[-64.9498,43.8671],[-64.9243,43.8228],[-64.9066,43.805],[-64.8815,43.8118],[-64.8857,43.8389],[-64.915,43.8807],[-64.8741,43.8671],[-64.8542,43.8397],[-64.839,43.8297],[-64.8296,43.845],[-64.8126,43.8529],[-64.814,43.8741],[-64.786,43.8745],[-64.7971,43.8949],[-64.8333,43.9139],[-64.8474,43.9291],[-64.8284,43.931],[-64.8157,43.9541],[-64.7445,43.9578],[-64.6967,43.9901],[-64.667,43.9979],[-64.6618,44.0145],[-64.6694,44.0355],[-64.7054,44.0457],[-64.717,44.0588],[-64.6492,44.0589],[-64.6214,44.0648],[-64.5941,44.0794],[-64.5765,44.0692],[-64.5609,44.08],[-64.5458,44.1173],[-64.5543,44.13],[-64.6208,44.1408],[-64.6004,44.1483],[-64.6062,44.1586],[-64.5594,44.1483],[-64.5522,44.1597],[-64.4979,44.1408],[-64.483,44.1741],[-64.4692,44.1874],[-64.4489,44.1931],[-64.4344,44.2078],[-64.4256,44.2339],[-64.3675,44.2641],[-64.3573,44.2877],[-64.3639,44.2991],[-64.3822,44.303],[-64.4185,44.3262],[-64.4089,44.3285],[-64.3335,44.2991],[-64.3472,44.2922],[-64.3124,44.2643],[-64.3055,44.2718],[-64.2866,44.2586],[-64.269,44.2671],[-64.2373,44.2991],[-64.2888,44.2991],[-64.2646,44.3326],[-64.3017,44.3431],[-64.3124,44.34],[-64.2926,44.3263],[-64.305,44.3204],[-64.3397,44.3326],[-64.3358,44.3498],[-64.3472,44.3673],[-64.2816,44.3673],[-64.2279,44.3605],[-64.2106,44.3673],[-64.2606,44.3803],[-64.3124,44.381],[-64.3124,44.3872],[-64.275,44.4071],[-64.2753,44.4154],[-64.3397,44.4151],[-64.3356,44.4291],[-64.3537,44.4451],[-64.3539,44.4561],[-64.2987,44.4698],[-64.326,44.4766],[-64.308,44.4923],[-64.2987,44.515],[-64.3039,44.5426],[-64.2926,44.5455],[-64.3055,44.566],[-64.2528,44.5438],[-64.2274,44.537],[-64.2106,44.5523],[-64.2115,44.5714],[-64.1976,44.5803],[-64.1622,44.5797],[-64.128,44.5549],[-64.1188,44.5375],[-64.124,44.5219],[-64.1175,44.4875],[-64.0971,44.4747],[-64.0758,44.4766],[-64.0556,44.5089],[-64.0412,44.5226],[-64.0113,44.5113],[-64.025,44.5507],[-64.0367,44.5709],[-64.0619,44.5867],[-64.0602,44.6212],[-64.066,44.6343],[-64.0008,44.6553],[-63.9259,44.6747],[-63.8884,44.6964],[-63.8909,44.6798],[-63.9294,44.6479],[-63.9151,44.6417],[-63.943,44.6205],[-63.922,44.5933],[-63.9417,44.5543],[-63.9425,44.534],[-63.9294,44.5113],[-63.9122,44.501],[-63.8878,44.4971],[-63.8401,44.5045],[-63.8468,44.5187],[-63.834,44.5245],[-63.8053,44.5146],[-63.7848,44.5318],[-63.8094,44.4901],[-63.7934,44.4684],[-63.7649,44.5045],[-63.7584,44.4814],[-63.7369,44.4698],[-63.7286,44.475],[-63.7159,44.4561],[-63.7008,44.4676],[-63.6416,44.4759],[-63.6278,44.4698],[-63.6437,44.4496],[-63.6328,44.4407],[-63.6099,44.463],[-63.5962,44.4874],[-63.5793,44.484],[-63.5793,44.4635],[-63.5486,44.4732],[-63.5238,44.5032],[-63.5233,44.5181],[-63.5465,44.5501],[-63.5452,44.5933],[-63.5635,44.6348],[-63.5876,44.6642],[-63.6278,44.6684],[-63.649,44.6876],[-63.6619,44.7168],[-63.6326,44.713],[-63.5736,44.6656],[-63.5384,44.6479],[-63.5102,44.6241],[-63.4761,44.6134],[-63.439,44.5963],[-63.4217,44.6138],[-63.4154,44.6336],[-63.4206,44.6483],[-63.4558,44.6684],[-63.4169,44.6829],[-63.399,44.682],[-63.3876,44.6684],[-63.4154,44.6553],[-63.3891,44.6431],[-63.3171,44.6361],[-63.2851,44.6274],[-63.2813,44.6435],[-63.2367,44.6889],[-63.2484,44.6977],[-63.2498,44.7259],[-63.2367,44.7373],[-63.2162,44.7032],[-63.2139,44.6812],[-63.1832,44.6916],[-63.1732,44.7211],[-63.1548,44.7298],[-63.1605,44.7057],[-63.1405,44.6889],[-63.1207,44.7516],[-63.1251,44.7821],[-63.1027,44.784],[-63.102,44.7427],[-63.0956,44.7292],[-63.0631,44.718],[-63.0586,44.6752],[-63.0243,44.6968],[-63.014,44.7106],[-63.021,44.7267],[-63.0503,44.7505],[-63.0586,44.7782],[-63.047,44.7662],[-63.0185,44.778],[-63.004,44.7714],[-63.004,44.7373],[-62.9971,44.7137],[-62.9726,44.7174],[-62.9302,44.7401],[-62.9086,44.738],[-62.8736,44.7236],[-62.8638,44.7379],[-62.8426,44.7168],[-62.7979,44.7298],[-62.8258,44.7516],[-62.8026,44.7611],[-62.8053,44.7851],[-62.6872,44.8021],[-62.6539,44.7925],[-62.6614,44.8062],[-62.6068,44.8371],[-62.5992,44.8266],[-62.5778,44.8334],[-62.5527,44.8001],[-62.531,44.8062],[-62.5657,44.8402],[-62.5515,44.8676],[-62.5271,44.8559],[-62.5072,44.8634],[-62.4757,44.9011],[-62.4728,44.859],[-62.4672,44.8414],[-62.4484,44.8335],[-62.4477,44.8532],[-62.4372,44.8685],[-62.4006,44.8813],[-62.4149,44.8949],[-62.3934,44.9103],[-62.3773,44.91],[-62.3392,44.8949],[-62.346,44.9086],[-62.3392,44.9223],[-62.3061,44.9201],[-62.2777,44.9365],[-62.2703,44.9291],[-62.2545,44.952],[-62.2338,44.9593],[-62.1849,44.9564],[-62.1515,44.9752],[-62.1385,44.9688],[-62.0859,44.9774],[-62.0575,44.9755],[-62.0313,44.9911],[-62.0182,44.9848],[-61.9761,44.9911],[-62.0347,45.0041],[-62.039,45.0136],[-62.0102,45.0321],[-62.004,45.011],[-61.9757,45.036],[-61.9595,45.0365],[-61.9413,45.0246],[-61.9352,45.0532],[-61.9184,45.0368],[-61.8824,45.0342],[-61.8805,45.0532],[-61.8389,45.0464],[-61.8416,45.0645],[-61.8594,45.0799],[-61.8116,45.0799],[-61.8253,45.099],[-61.8097,45.1009],[-61.7564,45.0799],[-61.7564,45.101],[-61.7154,45.101],[-61.7043,45.107],[-61.6949,45.0914],[-61.6396,45.0873],[-61.6396,45.0936],[-61.6744,45.1147],[-61.6396,45.1208],[-61.6662,45.1493],[-61.7024,45.1693],[-61.6871,45.1754],[-61.6473,45.1568],[-61.6396,45.1754],[-61.6106,45.1506],[-61.5679,45.1471],[-61.3891,45.1636],[-61.371,45.1689],[-61.3387,45.1898],[-61.3646,45.1896],[-61.3651,45.2012],[-61.3318,45.2307],[-61.2786,45.254],[-61.2629,45.2511],[-61.2631,45.2392],[-61.2157,45.2477],[-61.2043,45.2458],[-61.1842,45.2085],[-61.1707,45.2157],[-61.1798,45.2425],[-61.1647,45.2637],[-61.1195,45.2716],[-61.1531,45.2375],[-61.1394,45.218],[-61.1197,45.2134],[-61.0712,45.2239],[-61.0785,45.2375],[-61.0566,45.236],[-61.0472,45.2546],[-61.0165,45.2716],[-61.037,45.2996],[-60.996,45.2921],[-60.9831,45.2713],[-60.9687,45.2716],[-60.9712,45.3139],[-60.9986,45.3332],[-61.0818,45.3427],[-61.1369,45.3542],[-61.4508,45.3494],[-61.4827,45.3747],[-61.4298,45.392],[-61.3881,45.418],[-61.3728,45.4088],[-61.3529,45.4134],[-61.2673,45.4434],[-61.2368,45.468],[-61.2372,45.5058],[-61.2629,45.5119],[-61.3237,45.5421],[-61.3589,45.5777],[-61.3697,45.5808],[-61.4,45.6326],[-61.4372,45.6498],[-61.4705,45.6831],[-61.4925,45.6907],[-61.5371,45.6889],[-61.5751,45.6727],[-61.589,45.6454],[-61.6099,45.6391],[-61.6198,45.6143],[-61.6404,45.6213],[-61.6422,45.6415],[-61.6844,45.6217],[-61.7259,45.6276],[-61.7949,45.6529],[-61.8365,45.6812],[-61.8763,45.6927],[-61.8942,45.7037],[-61.8878,45.7377],[-61.909,45.7869],[-61.9215,45.8507],[-61.8974,45.8716],[-61.9004,45.8818],[-61.9243,45.8891],[-61.9888,45.863],[-62.06,45.808],[-62.2703,45.7037],[-62.4161,45.6791],[-62.4416,45.6553],[-62.4047,45.6751],[-62.371,45.6825],[-62.3617,45.6733],[-62.3769,45.6622],[-62.4352,45.6427],[-62.4704,45.6145],[-62.4934,45.6081],[-62.5091,45.615],[-62.5026,45.631],[-62.4757,45.6627],[-62.5264,45.6583],[-62.5447,45.6627],[-62.5575,45.6779],[-62.5775,45.6859],[-62.6129,45.6907],[-62.6247,45.6823],[-62.6647,45.6798],[-62.6724,45.6562],[-62.647,45.6422],[-62.6568,45.6278],[-62.6691,45.6307],[-62.6918,45.6522],[-62.7066,45.6556],[-62.7399,45.618],[-62.7497,45.6129],[-62.7364,45.6553],[-62.765,45.6617],[-62.7917,45.6422],[-62.7843,45.6618],[-62.751,45.6812],[-62.703,45.6869],[-62.6334,45.7174],[-62.6645,45.7356],[-62.6989,45.7446],[-62.7288,45.7444],[-62.7569,45.7589],[-62.7386,45.7625],[-62.696,45.7608],[-62.675,45.772],[-62.6996,45.7724],[-62.7774,45.7651],[-62.9247,45.7826],[-62.98,45.796],[-63.1007,45.8113],[-63.1207,45.8061],[-63.0841,45.7903],[-63.0705,45.7784],[-63.0654,45.7589],[-63.1005,45.7646],[-63.1343,45.7589],[-63.1898,45.7364],[-63.2052,45.7459],[-63.1852,45.762],[-63.1957,45.7651],[-63.2572,45.7372],[-63.2572,45.7589],[-63.2816,45.7411],[-63.288,45.7242],[-63.3124,45.7372],[-63.3559,45.7481],[-63.3807,45.772],[-63.3472,45.7665],[-63.3017,45.7755],[-63.258,45.7914],[-63.2298,45.8061],[-63.2591,45.8159],[-63.354,45.7999],[-63.4154,45.8135],[-63.4285,45.7999],[-63.4769,45.8135],[-63.4963,45.807],[-63.5228,45.8194],[-63.5043,45.8266],[-63.4476,45.8214],[-63.4285,45.8266],[-63.4381,45.8384],[-63.4831,45.8607],[-63.4086,45.8545],[-63.4391,45.8756],[-63.4919,45.8826],[-63.593,45.8751],[-63.6288,45.8623],[-63.6526,45.8746],[-63.6619,45.8644],[-63.6523,45.8368],[-63.6697,45.8234],[-63.6687,45.847],[-63.6903,45.8531],[-63.7362,45.8419],[-63.7575,45.847],[-63.7159,45.8682],[-63.7589,45.8854],[-63.8059,45.8887],[-63.8109,45.9098],[-63.8249,45.9252],[-63.8667,45.9364],[-63.8703,45.9625],[-63.9049,45.9803],[-64.0077,46.005],[-64.0427,45.992]]],[[[-65.6078,43.4835],[-65.6345,43.4768],[-65.6561,43.463],[-65.6354,43.4532],[-65.6214,43.435],[-65.6288,43.4221],[-65.6106,43.4282],[-65.5742,43.4767],[-65.5599,43.5108],[-65.6052,43.5141],[-65.6171,43.5079],[-65.6078,43.4835]]],[[[-59.7935,43.9646],[-59.8198,43.9542],[-59.8715,43.9421],[-59.9978,43.9379],[-60.0739,43.9425],[-60.1302,43.9605],[-60.117,43.9429],[-60.0751,43.9272],[-60.0188,43.9138],[-59.9078,43.9162],[-59.8584,43.9236],[-59.8082,43.9402],[-59.7571,43.9661],[-59.7072,44.0144],[-59.7935,43.9646]]],[[[-66.2316,44.3872],[-66.2858,44.3248],[-66.3277,44.2581],[-66.3135,44.2507],[-66.2982,44.2833],[-66.2387,44.3384],[-66.2045,44.3812],[-66.213,44.3958],[-66.2316,44.3872]]],[[[-60.9141,45.5666],[-60.932,45.5769],[-60.9586,45.5814],[-61.0097,45.5808],[-61.0539,45.5711],[-61.0916,45.5529],[-61.1117,45.5488],[-61.1051,45.5271],[-61.0893,45.5233],[-61.0649,45.5045],[-61.0021,45.4945],[-61.0239,45.4709],[-61.0035,45.4608],[-60.9476,45.4982],[-60.9618,45.5173],[-60.9526,45.5316],[-60.9141,45.5529],[-60.8922,45.5528],[-60.8793,45.5666],[-60.8993,45.5787],[-60.9141,45.5666]]],[[[-60.0809,45.7924],[-60.0754,45.8155],[-60.1556,45.838],[-60.1273,45.8695],[-59.9757,45.8751],[-59.9886,45.8887],[-59.9682,45.9097],[-59.9393,45.9044],[-59.862,45.9357],[-59.8125,45.9306],[-59.8031,45.9569],[-59.8304,45.978],[-59.8321,46.0031],[-59.8583,46.0054],[-59.9207,45.9946],[-59.9371,46.0017],[-59.9579,46.0275],[-59.9542,46.0358],[-59.9092,46.042],[-59.8719,46.0736],[-59.8105,46.1078],[-59.8105,46.1152],[-59.8511,46.1044],[-59.8856,46.0805],[-59.8824,46.1113],[-59.8634,46.1364],[-59.8105,46.1699],[-59.8822,46.1767],[-59.9338,46.1585],[-59.9477,46.1624],[-59.9442,46.1962],[-59.9914,46.2069],[-60.0911,46.2108],[-60.0371,46.2238],[-60.0832,46.2462],[-60.1361,46.2518],[-60.1739,46.2307],[-60.1932,46.2117],[-60.2016,46.1938],[-60.192,46.1662],[-60.205,46.1423],[-60.2214,46.1624],[-60.2562,46.1767],[-60.2903,46.1562],[-60.212,46.2239],[-60.2047,46.2418],[-60.2596,46.2791],[-60.2835,46.3275],[-60.351,46.3121],[-60.4754,46.2335],[-60.4945,46.218],[-60.5026,46.2009],[-60.5714,46.1494],[-60.6014,46.1159],[-60.6213,46.101],[-60.6505,46.0907],[-60.6527,46.0722],[-60.6391,46.0668],[-60.607,46.0765],[-60.4473,46.1767],[-60.4007,46.2182],[-60.3828,46.2238],[-60.3384,46.226],[-60.2971,46.2381],[-60.301,46.2187],[-60.3146,46.2088],[-60.3548,46.2046],[-60.3749,46.197],[-60.4054,46.1638],[-60.4316,46.1494],[-60.4896,46.1015],[-60.564,46.0668],[-60.6225,46.0244],[-60.6658,46.0151],[-60.7148,45.9849],[-60.7816,45.9543],[-60.7867,45.9301],[-60.749,45.9296],[-60.7315,45.9046],[-60.7097,45.8903],[-60.6649,45.8987],[-60.646,45.9128],[-60.564,45.9439],[-60.4972,45.9566],[-60.4635,45.9774],[-60.3995,45.998],[-60.4164,45.9762],[-60.4452,45.9539],[-60.4778,45.9366],[-60.521,45.9243],[-60.5411,45.9009],[-60.569,45.8901],[-60.5993,45.8662],[-60.6234,45.8558],[-60.6534,45.8198],[-60.7148,45.7924],[-60.7372,45.7737],[-60.749,45.7446],[-60.7301,45.7139],[-60.7422,45.7038],[-60.7301,45.691],[-60.7439,45.6849],[-60.7657,45.6929],[-60.784,45.6689],[-60.8179,45.6689],[-60.8104,45.6627],[-60.8321,45.6553],[-60.8289,45.6406],[-60.8495,45.6477],[-60.7992,45.7033],[-60.8074,45.7208],[-60.8357,45.7405],[-60.8732,45.7524],[-60.9128,45.7562],[-60.9476,45.7515],[-61.0494,45.6985],[-61.082,45.6907],[-61.1334,45.6989],[-61.1476,45.7079],[-61.1158,45.7242],[-61.112,45.7515],[-61.1338,45.7446],[-61.1232,45.7636],[-61.1029,45.7789],[-61.0244,45.8137],[-61.0131,45.8232],[-60.9819,45.8207],[-60.9687,45.8341],[-60.9346,45.8266],[-60.9667,45.8565],[-60.965,45.8607],[-60.9263,45.8477],[-60.9141,45.8545],[-60.9686,45.8862],[-60.9892,45.8887],[-60.9827,45.8769],[-61.0194,45.8757],[-61.0609,45.8571],[-61.0985,45.8545],[-61.0886,45.8682],[-61.0438,45.8887],[-61.0712,45.8955],[-60.9892,45.8989],[-60.9617,45.9152],[-60.9203,45.916],[-60.8865,45.9084],[-60.8467,45.9284],[-60.8151,45.937],[-60.7974,45.9917],[-60.7432,46.0373],[-60.736,46.0566],[-60.7475,46.0662],[-60.7735,46.0593],[-60.8179,46.0388],[-60.8839,46.0347],[-60.9027,46.0102],[-60.9687,45.9849],[-61.0099,45.9414],[-61.0336,45.9365],[-61.1264,45.9296],[-61.1186,45.9494],[-61.1019,45.9582],[-61.0148,45.9747],[-60.9756,45.9917],[-60.9125,46.0518],[-60.8741,46.0792],[-60.852,46.0736],[-60.8741,46.0683],[-60.8732,46.0532],[-60.8164,46.0619],[-60.773,46.0734],[-60.7149,46.1074],[-60.7008,46.088],[-60.6124,46.1282],[-60.4752,46.2518],[-60.4269,46.284],[-60.4157,46.3239],[-60.4426,46.3325],[-60.4752,46.32],[-60.5244,46.2784],[-60.5524,46.2623],[-60.5987,46.1972],[-60.6058,46.2113],[-60.5779,46.2641],[-60.5304,46.3236],[-60.5094,46.3685],[-60.4616,46.4231],[-60.4211,46.5248],[-60.3797,46.5808],[-60.357,46.5946],[-60.3505,46.6159],[-60.3859,46.6422],[-60.358,46.6496],[-60.3815,46.656],[-60.3995,46.6701],[-60.3521,46.6865],[-60.3245,46.7452],[-60.309,46.8034],[-60.3055,46.8339],[-60.3108,46.8544],[-60.3387,46.8756],[-60.3583,46.8662],[-60.3935,46.863],[-60.4547,46.8681],[-60.442,46.8844],[-60.4739,46.8972],[-60.4958,46.8955],[-60.4647,46.9271],[-60.4343,46.9643],[-60.3984,46.9956],[-60.3834,47.0168],[-60.3961,47.0264],[-60.4203,47.0222],[-60.4616,47.0034],[-60.5011,47.0012],[-60.5231,47.0189],[-60.6033,47.0336],[-60.6421,47.0037],[-60.6515,46.9816],[-60.7013,46.9047],[-60.7696,46.8437],[-60.8321,46.821],[-60.8692,46.8],[-60.8992,46.7688],[-60.9476,46.6974],[-60.9721,46.6527],[-61.0048,46.6333],[-61.0238,46.5932],[-61.0302,46.6116],[-61.0165,46.6422],[-61.0538,46.6123],[-61.0575,46.6013],[-61.0304,46.568],[-61.0404,46.5504],[-61.0753,46.5133],[-61.0806,46.4805],[-61.0948,46.4539],[-61.1779,46.3856],[-61.2125,46.331],[-61.2888,46.2426],[-61.3844,46.1943],[-61.459,46.1453],[-61.4752,46.0736],[-61.5411,46.0405],[-61.5515,46.0218],[-61.5236,45.9917],[-61.5162,45.9508],[-61.5226,45.9328],[-61.4889,45.8887],[-61.4973,45.8352],[-61.4754,45.8113],[-61.4651,45.7763],[-61.4553,45.7099],[-61.442,45.6818],[-61.4193,45.6569],[-61.3629,45.6112],[-61.3349,45.5662],[-61.2846,45.5477],[-61.2702,45.5483],[-61.2772,45.5666],[-61.2412,45.5854],[-61.225,45.5819],[-61.2083,45.6081],[-61.2056,45.5927],[-61.1673,45.587],[-61.1511,45.5715],[-61.1748,45.5591],[-61.1314,45.5599],[-61.0854,45.5733],[-61.0576,45.5915],[-61.025,45.5915],[-61.0097,45.6081],[-61.0239,45.6143],[-60.97,45.6081],[-60.9462,45.6123],[-60.9476,45.628],[-60.9254,45.6258],[-60.9073,45.6143],[-60.8711,45.6457],[-60.8555,45.6388],[-60.8443,45.6046],[-60.8284,45.6007],[-60.7524,45.5939],[-60.7416,45.5727],[-60.7269,45.5656],[-60.7043,45.5733],[-60.6718,45.5737],[-60.6298,45.595],[-60.5118,45.6264],[-60.4752,45.6491],[-60.4626,45.6357],[-60.3954,45.6425],[-60.3229,45.6837],[-60.2835,45.6968],[-60.235,45.7069],[-60.2156,45.7194],[-60.1988,45.7557],[-60.1777,45.7665],[-60.0809,45.7924]]],[[[-62.545,45.8267],[-62.5744,45.824],[-62.6032,45.8106],[-62.5558,45.7992],[-62.5124,45.8144],[-62.5069,45.8281],[-62.545,45.8267]]],[[[-59.7081,45.9947],[-59.6952,46.034],[-59.7237,46.0289],[-59.7781,46.0124],[-59.781,46.0044],[-59.7259,46.0004],[-59.7081,45.9947]]]]},"properties":{"name":"Nova Scotia","name_en":"Nova Scotia","name_ja":"ノバスコシア州","name_zh":"新斯科舍","name_ko":"노바스코샤","adm0_a3":"CAN","postal":"NS","iso_3166_2":"CA-NS","type_en":"Province","region":"Eastern Canada","geonunit":"Canada"}},
{"type":"Feature","geometry":{"type":"MultiPolygon","coordinates":[[[[-135.5668,69.3861],[-135.3728,69.3437],[-135.3076,69.3091],[-135.2916,69.3159],[-135.2726,69.3488],[-135.281,69.3618],[-135.3483,69.3594],[-135.321,69.3799],[-135.3534,69.397],[-135.3891,69.4001],[-135.4609,69.3935],[-135.5216,69.4074],[-135.5517,69.4071],[-135.5668,69.3861]]],[[[-133.9294,69.5779],[-133.9294,69.5854],[-133.8304,69.5935],[-133.8127,69.6058],[-133.8506,69.6058],[-133.8612,69.6195],[-133.9014,69.6269],[-134.0113,69.5921],[-134.0182,69.5779],[-133.9499,69.5642],[-133.8883,69.572],[-133.9294,69.5779]]],[[[-135.5742,69.5779],[-135.5477,69.5717],[-135.4889,69.5793],[-135.4644,69.5921],[-135.4029,69.6542],[-135.511,69.6484],[-135.581,69.6093],[-135.5929,69.5937],[-135.5742,69.5779]]],[[[-124.9592,70.1675],[-124.9781,70.1707],[-125.0846,70.1649],[-125.1201,70.1442],[-125.1237,70.1266],[-125.0858,70.1196],[-125.048,70.1266],[-125.0963,70.1402],[-125.0678,70.1467],[-125.0078,70.1362],[-124.9592,70.1675]]],[[[-113.1655,70.3122],[-113.2071,70.2978],[-113.1634,70.2834],[-112.9764,70.2838],[-112.9464,70.2904],[-112.9769,70.3017],[-113.0563,70.3113],[-113.1655,70.3122]]],[[[-111.9527,70.3251],[-112.0946,70.3542],[-112.2868,70.369],[-112.3118,70.3663],[-112.3115,70.3469],[-112.1085,70.3009],[-111.6715,70.3122],[-111.8808,70.3177],[-111.9527,70.3251]]],[[[-116.6641,70.4971],[-116.7909,70.5107],[-116.8319,70.5107],[-116.8152,70.4937],[-116.7529,70.478],[-116.6067,70.4787],[-116.5712,70.4698],[-116.6109,70.4934],[-116.6641,70.4971]]],[[[-116.2634,70.5517],[-116.2975,70.5546],[-116.3527,70.5334],[-116.4435,70.5432],[-116.4962,70.5238],[-116.4531,70.5119],[-116.3542,70.5198],[-116.3006,70.5176],[-116.2286,70.5381],[-116.1256,70.5381],[-116.1566,70.5485],[-116.2634,70.5517]]],[[[-116.7221,70.5585],[-116.7773,70.5517],[-116.7445,70.5424],[-116.5406,70.5437],[-116.5098,70.5517],[-116.5436,70.5659],[-116.6105,70.571],[-116.68,70.5682],[-116.7221,70.5585]]],[[[-115.886,70.5822],[-116.0641,70.5517],[-115.9421,70.5423],[-115.8792,70.5462],[-115.8243,70.562],[-115.8348,70.5816],[-115.886,70.5822]]],[[[-117.0572,70.5716],[-117.2155,70.5927],[-117.2397,70.5927],[-117.3043,70.5716],[-117.2758,70.5503],[-117.222,70.5431],[-117.0026,70.5517],[-116.9083,70.5432],[-116.8797,70.5517],[-116.9176,70.5665],[-117.0572,70.5716]]],[[[-136.4449,68.9099],[-136.4438,68.5314],[-136.4438,68.2359],[-136.4453,68.0493],[-136.4433,67.7856],[-136.4448,67.7256],[-136.4249,67.6937],[-136.4269,67.663],[-136.4053,67.65],[-136.2751,67.6325],[-136.2218,67.602],[-136.1894,67.5642],[-136.1769,67.5173],[-136.1573,67.5042],[-136.1738,67.4934],[-136.1813,67.4454],[-136.2009,67.4081],[-136.1161,67.3773],[-136.138,67.3596],[-136.0952,67.2972],[-136.1202,67.2759],[-136.1382,67.2246],[-136.2304,67.1875],[-136.2343,67.166],[-136.2035,67.146],[-136.2229,67.1183],[-136.2216,67.0644],[-136.1858,67.0359],[-136.1622,67.0037],[-135.554,67.0036],[-135.0003,67.0036],[-134.6495,67.0035],[-134.2062,67.0035],[-133.8311,67.0034],[-133.873,66.9864],[-133.9275,66.9826],[-134.0301,66.9866],[-134.0636,66.9812],[-134.0912,66.9638],[-134.0723,66.9443],[-133.9249,66.9124],[-133.8916,66.8956],[-133.883,66.8791],[-133.8419,66.8625],[-133.8184,66.8303],[-133.77,66.8089],[-133.7633,66.7986],[-133.7795,66.7646],[-133.8314,66.7401],[-133.8342,66.7258],[-133.7719,66.6957],[-133.7552,66.6801],[-133.7819,66.6566],[-133.7598,66.6404],[-133.7097,66.6256],[-133.6933,66.5978],[-133.6106,66.579],[-133.6006,66.5593],[-133.6734,66.5358],[-133.6925,66.5198],[-133.6832,66.4978],[-133.6368,66.462],[-133.6294,66.4453],[-133.6515,66.4356],[-133.7323,66.453],[-133.7597,66.4371],[-133.7659,66.3822],[-133.8191,66.3102],[-133.7989,66.2985],[-133.7612,66.2967],[-133.6335,66.3032],[-133.5843,66.2928],[-133.5643,66.2606],[-133.5766,66.2212],[-133.558,66.18],[-133.5672,66.1538],[-133.5979,66.1391],[-133.6641,66.1204],[-133.6895,66.0996],[-133.7047,66.072],[-133.6954,66.0613],[-133.6084,66.0499],[-133.6313,65.9854],[-133.6118,65.9619],[-133.5753,65.9556],[-133.5001,65.9567],[-133.4246,65.9443],[-133.3876,65.947],[-133.3522,65.9632],[-133.3403,65.9841],[-133.2817,65.9863],[-133.2243,66.0052],[-133.1274,66.0233],[-133.0286,66.0235],[-132.9554,66.0297],[-132.9204,66.0255],[-132.9072,66.0031],[-132.9189,65.9797],[-132.9939,65.9231],[-132.9355,65.9074],[-132.858,65.9115],[-132.8067,65.9281],[-132.8022,65.9523],[-132.7814,65.9689],[-132.7268,65.9815],[-132.6667,66.0171],[-132.6246,66.0288],[-132.5615,66.0293],[-132.5335,66.0129],[-132.5202,65.9879],[-132.4819,65.9771],[-132.3911,65.9966],[-132.3506,65.9884],[-132.332,65.9556],[-132.3467,65.9409],[-132.3893,65.9336],[-132.5134,65.9029],[-132.5645,65.8672],[-132.5694,65.8441],[-132.5371,65.8268],[-132.4578,65.8075],[-132.3707,65.7715],[-132.2941,65.7195],[-132.2783,65.6898],[-132.2197,65.6587],[-132.2053,65.6303],[-132.1756,65.6037],[-132.1822,65.5835],[-132.2304,65.5596],[-132.2761,65.5447],[-132.2754,65.5228],[-132.3108,65.4829],[-132.3221,65.4398],[-132.3569,65.4359],[-132.3743,65.417],[-132.418,65.4048],[-132.4966,65.3719],[-132.5299,65.3525],[-132.5534,65.327],[-132.5545,65.2841],[-132.6467,65.2743],[-132.7134,65.2286],[-132.7711,65.2295],[-132.7691,65.2167],[-132.7202,65.2088],[-132.7252,65.1912],[-132.7877,65.1879],[-132.7715,65.1751],[-132.7158,65.1564],[-132.6936,65.1557],[-132.6788,65.1711],[-132.6265,65.1721],[-132.5908,65.1912],[-132.5353,65.169],[-132.5266,65.1574],[-132.5529,65.1031],[-132.5269,65.0914],[-132.4548,65.0812],[-132.39,65.085],[-132.3539,65.069],[-132.3344,65.0315],[-132.3471,65.0207],[-132.4088,65.0142],[-132.433,64.9824],[-132.4921,64.973],[-132.5134,64.9434],[-132.4825,64.905],[-132.4812,64.8799],[-132.5026,64.8647],[-132.5802,64.8488],[-132.62,64.8222],[-132.5886,64.802],[-132.5691,64.775],[-132.5355,64.7708],[-132.4828,64.7843],[-132.4228,64.7762],[-132.3206,64.7686],[-132.2806,64.7578],[-132.1997,64.7183],[-132.1587,64.7059],[-132.0538,64.6964],[-132.0157,64.6589],[-131.9753,64.6348],[-131.9495,64.6044],[-131.8487,64.5558],[-131.7751,64.5529],[-131.7369,64.547],[-131.6817,64.5212],[-131.7118,64.4899],[-131.7716,64.4572],[-131.8058,64.4266],[-131.8261,64.387],[-131.8186,64.3775],[-131.7281,64.3905],[-131.6822,64.3923],[-131.6194,64.3687],[-131.5989,64.3689],[-131.5494,64.3896],[-131.5185,64.3871],[-131.4803,64.4073],[-131.4266,64.4159],[-131.4112,64.4565],[-131.3845,64.4679],[-131.3319,64.4509],[-131.2527,64.4331],[-131.1456,64.4241],[-131.0677,64.3756],[-131.0619,64.3527],[-131.0035,64.3252],[-131.0132,64.3118],[-131.0605,64.2795],[-130.9753,64.2644],[-130.9335,64.2084],[-130.8727,64.1905],[-130.9405,64.15],[-130.942,64.1289],[-130.9278,64.1132],[-130.8696,64.0848],[-130.8566,64.0667],[-130.8626,64.0419],[-130.8114,64.0511],[-130.774,64.0518],[-130.7508,64.0353],[-130.7754,64.0106],[-130.7694,63.9951],[-130.7399,63.9734],[-130.6965,63.9596],[-130.6148,63.9414],[-130.5685,63.924],[-130.5441,63.9342],[-130.4333,63.8901],[-130.3989,63.8595],[-130.3625,63.8415],[-130.2221,63.8054],[-130.1831,63.8002],[-130.1281,63.8105],[-130.098,63.7823],[-130.1321,63.7575],[-130.1988,63.7588],[-130.2134,63.7439],[-130.2788,63.737],[-130.3152,63.7151],[-130.3081,63.6939],[-130.276,63.6841],[-130.2682,63.6708],[-130.2224,63.6699],[-130.1286,63.7026],[-130.0858,63.6879],[-130.1056,63.6613],[-130.0855,63.6482],[-130.0886,63.6294],[-130.0545,63.6251],[-129.975,63.6251],[-129.9558,63.6173],[-129.9554,63.5833],[-129.8872,63.5634],[-129.8228,63.4779],[-129.8944,63.4548],[-129.9144,63.426],[-129.905,63.3957],[-129.9189,63.3733],[-129.9713,63.3532],[-130.0657,63.3406],[-130.1294,63.3165],[-130.1501,63.2681],[-130.1337,63.262],[-130.058,63.2695],[-130.0344,63.2615],[-129.9774,63.207],[-129.9177,63.204],[-129.8919,63.1834],[-129.8526,63.1253],[-129.8352,63.1148],[-129.8447,63.0913],[-129.8111,63.087],[-129.7365,63.0639],[-129.6561,63.0758],[-129.6138,63.0722],[-129.5997,63.0467],[-129.6638,63.0026],[-129.6711,62.9756],[-129.7067,62.9498],[-129.721,62.9093],[-129.7024,62.8923],[-129.7652,62.8853],[-129.7733,62.8686],[-129.7645,62.8516],[-129.7045,62.824],[-129.6688,62.7853],[-129.633,62.7559],[-129.6483,62.7492],[-129.6258,62.7281],[-129.6242,62.7054],[-129.5811,62.703],[-129.5519,62.684],[-129.523,62.6766],[-129.5177,62.639],[-129.4939,62.6284],[-129.4955,62.6077],[-129.5538,62.593],[-129.5689,62.5801],[-129.552,62.5664],[-129.5141,62.5719],[-129.4515,62.5904],[-129.4189,62.5806],[-129.3645,62.5476],[-129.3342,62.5368],[-129.2454,62.5236],[-129.1969,62.5072],[-129.1716,62.4791],[-129.1995,62.4625],[-129.2695,62.4573],[-129.2826,62.4305],[-129.3047,62.423],[-129.2824,62.3974],[-129.2158,62.3776],[-129.2707,62.3558],[-129.2977,62.3393],[-129.3094,62.3212],[-129.2878,62.2937],[-129.2772,62.2652],[-129.2529,62.2506],[-129.2322,62.2251],[-129.2042,62.2158],[-129.2161,62.1959],[-129.2831,62.1729],[-129.2876,62.1534],[-129.2388,62.1518],[-129.1538,62.1211],[-129.13,62.1161],[-129.0708,62.1317],[-128.9966,62.1362],[-128.9273,62.1163],[-128.8767,62.1137],[-128.8485,62.0687],[-128.7791,62.0569],[-128.7625,62.0608],[-128.7236,62.1054],[-128.685,62.1203],[-128.6455,62.1239],[-128.5466,62.1218],[-128.5175,62.0917],[-128.4649,62.0631],[-128.3968,62.0413],[-128.3798,62.0214],[-128.3911,61.999],[-128.3813,61.9902],[-128.3294,61.9748],[-128.2863,61.9532],[-128.2466,61.9184],[-128.2247,61.8584],[-128.1988,61.8463],[-128.1363,61.8583],[-128.1061,61.8592],[-128.0674,61.836],[-128.0177,61.7853],[-128.0033,61.7648],[-128.0057,61.7264],[-127.9728,61.6887],[-127.9132,61.6789],[-127.8396,61.6269],[-127.7723,61.6012],[-127.7026,61.5897],[-127.6762,61.557],[-127.6567,61.5451],[-127.5914,61.5344],[-127.5348,61.5102],[-127.4327,61.5056],[-127.3881,61.5065],[-127.3127,61.5216],[-127.281,61.5161],[-127.2213,61.4876],[-127.1457,61.4652],[-127.1305,61.4426],[-127.1262,61.4077],[-127.1077,61.3887],[-127.0738,61.3791],[-127.0616,61.3604],[-127.0657,61.3241],[-127.0455,61.3017],[-127.0284,61.2649],[-127.0072,61.1877],[-127.0307,61.1535],[-127.0122,61.127],[-127.0443,61.1034],[-127.0928,61.0901],[-127.1,61.0707],[-127.068,61.0454],[-127.0483,61.0451],[-126.9909,61.0658],[-126.9459,61.0648],[-126.9346,61.0522],[-126.9344,61.0005],[-126.901,60.9387],[-126.9198,60.9141],[-126.9162,60.8523],[-126.8809,60.833],[-126.8947,60.8073],[-126.8845,60.7819],[-126.8339,60.7549],[-126.7879,60.7824],[-126.7367,60.7758],[-126.6936,60.7481],[-126.6596,60.7497],[-126.5728,60.7994],[-126.5433,60.8117],[-126.5103,60.8145],[-126.4346,60.7841],[-126.3896,60.777],[-126.2885,60.7797],[-126.2455,60.7885],[-126.2215,60.806],[-126.2198,60.8219],[-126.2441,60.8456],[-126.2207,60.8625],[-126.1444,60.8669],[-126.1074,60.859],[-126.1141,60.8265],[-126.0938,60.8147],[-126.0543,60.8057],[-126.0142,60.8035],[-125.9921,60.812],[-125.9613,60.8685],[-125.9384,60.8847],[-125.9014,60.8947],[-125.864,60.894],[-125.826,60.8831],[-125.7553,60.8492],[-125.7154,60.834],[-125.6762,60.8277],[-125.5925,60.8267],[-125.5466,60.8222],[-125.4079,60.7863],[-125.3642,60.782],[-125.3218,60.7879],[-125.2408,60.817],[-125.1956,60.8436],[-125.1583,60.8523],[-125.094,60.8509],[-125.0214,60.86],[-124.8919,60.8551],[-124.869,60.8634],[-124.8758,60.9043],[-124.8687,60.9262],[-124.8282,60.9612],[-124.8058,60.9682],[-124.7617,60.9557],[-124.7141,60.9584],[-124.6637,60.9539],[-124.5986,60.9645],[-124.5665,60.939],[-124.5462,60.8972],[-124.5341,60.8546],[-124.4833,60.8003],[-124.4787,60.7879],[-124.5042,60.7617],[-124.5356,60.7449],[-124.6027,60.7183],[-124.6197,60.6821],[-124.5791,60.6401],[-124.5179,60.6027],[-124.4733,60.5801],[-124.4446,60.5538],[-124.4164,60.4793],[-124.3422,60.4796],[-124.2824,60.4836],[-124.245,60.4778],[-124.2162,60.4613],[-124.2063,60.4311],[-124.2132,60.3737],[-124.1957,60.3301],[-124.1454,60.279],[-124.1179,60.2367],[-124.0839,60.2004],[-124.0222,60.161],[-123.9808,60.0985],[-123.9841,60.0834],[-124.0259,60.042],[-124.0256,60.0199],[-123.9945,60.0163],[-123.9542,60.0229],[-123.8958,60.0404],[-123.865,60.0383],[-123.8379,60.025],[-123.8191,60.0001],[-123.3417,60.0001],[-122.8643,60.0001],[-122.3869,60.0001],[-121.9096,60.0001],[-121.4322,60.0001],[-120.9547,60.0001],[-120.4773,60.0001],[-120,60.0001],[-119.375,60.0001],[-118.75,60.0001],[-118.125,60.0001],[-117.4999,60.0001],[-116.875,60.0001],[-116.25,60.0001],[-115.625,60.0001],[-115,60.0001],[-114.375,60.0001],[-113.75,60.0001],[-113.1249,60.0001],[-112.5,60.0001],[-111.8749,60.0001],[-111.2499,60.0001],[-110.6249,60.0001],[-110,60.0001],[-109.5001,60.0001],[-109.0001,60.0001],[-108.5003,60.0001],[-108.0004,60.0001],[-107.5005,60.0001],[-107.0006,60.0001],[-106.5007,60.0001],[-106.0008,60.0001],[-105.5009,60.0001],[-105.001,60.0001],[-104.5011,60.0001],[-104.0012,60.0001],[-103.5013,60.0001],[-103.0014,60.0001],[-102.5015,60.0001],[-102.0016,60.0001],[-102.002,60.4086],[-102.0025,60.8143],[-102.0029,61.2201],[-102.0033,61.626],[-102.0038,62.1442],[-102.0044,62.6624],[-102.0049,63.1807],[-102.0054,63.6989],[-102.0038,63.8931],[-101.9893,64.028],[-101.9878,64.1276],[-101.9991,64.2274],[-102.0374,64.24],[-102.1203,64.2476],[-102.2563,64.2536],[-102.6858,64.2875],[-103.1152,64.3213],[-103.5447,64.3552],[-103.9741,64.389],[-104.5823,64.4369],[-105.1905,64.4849],[-105.7986,64.5328],[-106.4068,64.5807],[-106.9259,64.6216],[-107.4451,64.6626],[-107.9643,64.7035],[-108.4833,64.7444],[-108.7278,64.7602],[-108.9729,64.7782],[-109.2151,64.812],[-109.4509,64.8753],[-109.5163,64.9019],[-109.5798,64.9327],[-109.9656,65.135],[-110.2265,65.2708],[-110.6332,65.4827],[-110.6694,65.4961],[-110.7058,65.5009],[-111.0554,65.5001],[-111.5993,65.5001],[-111.8713,65.5001],[-112.363,65.5001],[-112.4707,65.4958],[-112.5039,65.5013],[-112.7313,65.5709],[-113.1861,65.7102],[-113.4134,65.7798],[-113.9136,65.933],[-114.4137,66.086],[-114.9138,66.2392],[-115.414,66.3924],[-116.0038,66.573],[-116.5936,66.7536],[-117.1834,66.9342],[-117.7732,67.1149],[-118.2697,67.2669],[-118.7662,67.4189],[-119.2626,67.5709],[-119.7591,67.723],[-120.1992,67.8577],[-120.6394,67.9925],[-120.6696,67.997],[-120.6808,68.0156],[-120.6808,68.2853],[-120.6808,68.5529],[-120.6808,68.9019],[-120.6808,69.1171],[-120.6808,69.3324],[-120.6808,69.5567],[-120.8074,69.6235],[-121.4278,69.7668],[-121.56,69.7695],[-121.6439,69.789],[-122.036,69.8187],[-122.1721,69.8045],[-122.3526,69.8142],[-122.4811,69.8021],[-122.5303,69.8131],[-122.5844,69.8091],[-122.6282,69.8217],[-122.6844,69.8187],[-122.7458,69.8323],[-122.7725,69.7949],[-122.8356,69.8031],[-122.951,69.8386],[-123.0052,69.825],[-123.0777,69.7878],[-123.1573,69.7703],[-123.1307,69.7595],[-123.1047,69.7233],[-123.1005,69.6754],[-123.1158,69.6542],[-123.1581,69.6301],[-123.1583,69.6066],[-123.1348,69.5891],[-123.1319,69.5678],[-123.1636,69.5369],[-123.1656,69.5004],[-123.1776,69.4959],[-123.2734,69.5028],[-123.2666,69.5096],[-123.3553,69.5028],[-123.4432,69.4769],[-123.4374,69.4263],[-123.3827,69.414],[-123.5447,69.377],[-123.6769,69.3612],[-123.727,69.3775],[-123.8016,69.3662],[-123.8088,69.3874],[-123.8819,69.3736],[-123.9564,69.3881],[-123.9979,69.404],[-124.0201,69.3799],[-123.9942,69.353],[-124.0227,69.3474],[-124.0611,69.3799],[-124.0946,69.3591],[-124.1588,69.3481],[-124.3261,69.3542],[-124.3822,69.3674],[-124.4385,69.3696],[-124.5211,69.4078],[-124.4984,69.4151],[-124.4173,69.414],[-124.4396,69.4479],[-124.4291,69.4735],[-124.3433,69.5156],[-124.2689,69.5366],[-124.2399,69.5512],[-124.222,69.5737],[-124.2096,69.616],[-124.1846,69.6331],[-124.0718,69.6658],[-124.0344,69.6815],[-124.0543,69.6877],[-124.0406,69.7088],[-124.0748,69.7287],[-124.2016,69.732],[-124.2298,69.727],[-124.2851,69.7009],[-124.3666,69.7038],[-124.4144,69.7243],[-124.4803,69.7209],[-124.5067,69.7362],[-124.4812,69.7592],[-124.4964,69.7897],[-124.4726,69.7976],[-124.452,69.8345],[-124.4037,69.8597],[-124.4521,69.8733],[-124.4462,69.8908],[-124.4783,69.898],[-124.5069,69.9163],[-124.4612,69.918],[-124.4391,69.9279],[-124.4354,69.9553],[-124.4877,69.9579],[-124.5409,69.9696],[-124.4867,69.9768],[-124.4722,69.9936],[-124.4173,69.9962],[-124.486,70.0029],[-124.5067,70.0105],[-124.4772,70.0207],[-124.4169,70.0148],[-124.3904,70.0205],[-124.3703,70.0417],[-124.3627,70.0714],[-124.3915,70.0949],[-124.4439,70.1112],[-124.3839,70.1402],[-124.4081,70.1554],[-124.5067,70.147],[-124.5674,70.1596],[-124.6023,70.147],[-124.702,70.1513],[-124.7504,70.132],[-124.6849,70.1129],[-124.7401,70.0924],[-124.7106,70.0924],[-124.5941,70.1164],[-124.5067,70.106],[-124.5182,70.0937],[-124.5824,70.0856],[-124.5352,70.072],[-124.465,70.0867],[-124.4173,70.0515],[-124.4529,70.0424],[-124.528,70.061],[-124.562,70.0372],[-124.5272,70.0372],[-124.5456,70.0189],[-124.5999,70.0219],[-124.5955,70.0372],[-124.6317,70.0648],[-124.6713,70.0788],[-124.8084,70.0576],[-124.822,70.0714],[-124.8636,70.0576],[-124.9183,70.0515],[-124.9592,70.0303],[-124.8562,70.0372],[-124.8964,70.0243],[-124.951,70.0183],[-125.0061,70.02],[-125.048,70.0303],[-124.9877,70.0456],[-124.9797,70.0683],[-125.0138,70.0856],[-125.0347,70.0613],[-125.1299,70.0372],[-125.2062,70.0031],[-125.1849,69.9732],[-125.2193,69.9484],[-125.2095,69.9355],[-125.1715,69.9484],[-125.1198,69.9426],[-125.1026,69.9484],[-125.1299,69.9627],[-125.0917,69.9769],[-125.048,69.9757],[-125.0554,69.9894],[-124.9927,70.0105],[-124.9235,69.9982],[-124.9029,70.0161],[-124.8141,70.0159],[-124.7947,70.0105],[-124.8562,69.9894],[-124.8004,69.9746],[-124.7401,69.9757],[-124.7036,70.0169],[-124.6683,70.0209],[-124.6361,69.9984],[-124.6393,69.9739],[-124.7079,69.975],[-124.8971,69.9422],[-124.9312,69.9253],[-124.9767,69.8867],[-125.0275,69.8659],[-125.0199,69.8442],[-125.0309,69.8218],[-125.0753,69.7976],[-125.1689,69.8021],[-125.166,69.8549],[-125.2193,69.8454],[-125.2814,69.8112],[-125.2534,69.7976],[-125.2399,69.7711],[-125.1715,69.7771],[-125.077,69.7594],[-124.9261,69.7526],[-124.8724,69.7407],[-124.822,69.715],[-124.8616,69.7132],[-124.88,69.6778],[-124.9369,69.65],[-124.9701,69.7332],[-125.0323,69.7473],[-125.0858,69.7464],[-125.0841,69.7322],[-125.1435,69.7287],[-125.2336,69.6945],[-125.3373,69.7028],[-125.3701,69.6945],[-125.4186,69.6406],[-125.3769,69.6263],[-125.4159,69.6032],[-125.2471,69.595],[-125.2193,69.5854],[-125.2609,69.5748],[-125.2943,69.5512],[-125.2408,69.5176],[-125.1535,69.5047],[-125.1169,69.4897],[-125.1827,69.4919],[-125.2472,69.5028],[-125.3165,69.5275],[-125.336,69.5233],[-125.3087,69.5028],[-125.484,69.5137],[-125.5126,69.4923],[-125.5005,69.4761],[-125.583,69.4761],[-125.5756,69.4618],[-125.624,69.4208],[-125.5771,69.4354],[-125.5421,69.4345],[-125.4657,69.4543],[-125.3036,69.4739],[-125.3019,69.4543],[-125.2472,69.4481],[-125.2534,69.4618],[-125.2241,69.4684],[-125.1169,69.4687],[-125.151,69.4543],[-125.089,69.4543],[-125.1435,69.4345],[-125.1169,69.4208],[-125.1448,69.39],[-125.1612,69.3861],[-125.4302,69.399],[-125.4595,69.414],[-125.4731,69.4003],[-125.4545,69.3869],[-125.3906,69.373],[-125.3701,69.3525],[-125.4247,69.3184],[-125.4488,69.3192],[-125.5926,69.3525],[-125.6103,69.373],[-125.6581,69.3764],[-125.675,69.3906],[-125.7145,69.3942],[-125.8083,69.3861],[-125.9386,69.414],[-126.1317,69.4822],[-126.174,69.5069],[-126.2452,69.5253],[-126.2751,69.5486],[-126.6461,69.7297],[-126.7018,69.7674],[-126.8102,69.9119],[-126.7685,69.9348],[-126.7917,69.9503],[-126.7952,69.9757],[-126.7748,69.9757],[-126.8668,70.0017],[-126.8994,70.0236],[-126.9289,70.0644],[-126.9908,70.1095],[-127.0559,70.1812],[-127.1159,70.2252],[-127.1365,70.2529],[-127.1917,70.2822],[-127.2308,70.3099],[-127.4452,70.4059],[-127.6984,70.5002],[-127.9283,70.5671],[-127.9915,70.5929],[-128.0093,70.579],[-128.077,70.5585],[-128.1185,70.5361],[-128.1634,70.4955],[-128.1959,70.447],[-128.2005,70.4009],[-128.1782,70.3799],[-128.1407,70.3747],[-128.0633,70.3798],[-127.9422,70.4018],[-127.9062,70.3941],[-127.9283,70.3857],[-127.9584,70.3482],[-128.0831,70.3676],[-128.1111,70.3668],[-128.0928,70.3415],[-128.0639,70.3251],[-128.0605,70.3064],[-128.0324,70.2937],[-127.8722,70.2718],[-127.582,70.2509],[-127.5152,70.2221],[-127.5868,70.2377],[-127.8169,70.2085],[-127.921,70.2039],[-127.9928,70.1815],[-128.1111,70.1887],[-128.1549,70.1706],[-128.2078,70.164],[-128.2699,70.1408],[-128.3372,70.1298],[-128.3702,70.0974],[-128.3472,70.0396],[-128.3171,70.0241],[-128.3104,69.9894],[-128.3363,69.9504],[-128.4264,69.9348],[-128.6005,69.8693],[-128.6403,69.8486],[-128.6958,69.8094],[-128.7384,69.7941],[-128.7783,69.7681],[-128.8293,69.752],[-128.9121,69.7481],[-128.9676,69.7324],[-128.9747,69.7192],[-128.9198,69.6877],[-128.9941,69.6794],[-129.0426,69.6929],[-129.119,69.6945],[-129.1586,69.7148],[-129.1327,69.7771],[-129.1737,69.8323],[-129.114,69.8477],[-128.9329,69.8454],[-128.9579,69.8941],[-128.913,69.9109],[-128.8861,69.9763],[-128.9254,69.9776],[-128.9654,69.9645],[-128.9955,69.9422],[-129.0436,69.8899],[-129.1229,69.8561],[-129.4518,69.8367],[-129.5089,69.8249],[-129.6051,69.8249],[-129.702,69.789],[-129.8999,69.756],[-129.9552,69.7542],[-130.1671,69.7117],[-130.3382,69.7023],[-130.3797,69.6945],[-130.3381,69.6877],[-130.3927,69.6467],[-130.4381,69.6306],[-130.4586,69.6106],[-130.446,69.5959],[-130.4574,69.5792],[-130.4931,69.5677],[-130.5348,69.5423],[-130.7502,69.4543],[-130.6466,69.4618],[-130.6615,69.4327],[-130.6868,69.4183],[-130.7502,69.4078],[-130.8257,69.3815],[-130.7974,69.3525],[-130.8193,69.3385],[-130.8699,69.327],[-130.9451,69.2767],[-130.9551,69.2631],[-130.9315,69.2137],[-130.9542,69.1788],[-130.9278,69.1396],[-130.9687,69.1471],[-130.9929,69.1384],[-131.0172,69.152],[-131.024,69.1745],[-131.0069,69.1894],[-131.0262,69.206],[-130.9915,69.2478],[-130.9922,69.271],[-130.9337,69.3106],[-130.9073,69.3451],[-130.9009,69.3856],[-130.9346,69.3935],[-130.9846,69.3581],[-131.0228,69.3092],[-131.0469,69.3286],[-131.0421,69.352],[-130.9967,69.3662],[-130.9388,69.4243],[-130.9364,69.4592],[-130.9464,69.4932],[-130.9449,69.5319],[-130.9789,69.5505],[-130.9972,69.5184],[-130.9704,69.4787],[-131.0248,69.4023],[-131.0411,69.3668],[-131.067,69.3481],[-131.1195,69.3253],[-131.082,69.3559],[-131.0727,69.382],[-131.0434,69.4235],[-131.0302,69.4618],[-131.0347,69.4999],[-131.0522,69.531],[-131.1065,69.5779],[-131.0865,69.5978],[-131.1065,69.6195],[-131.1572,69.6166],[-131.1947,69.5921],[-131.1735,69.571],[-131.1284,69.56],[-131.0829,69.5336],[-131.063,69.4809],[-131.0891,69.415],[-131.1263,69.3752],[-131.1466,69.3716],[-131.1412,69.396],[-131.1194,69.4095],[-131.1264,69.4447],[-131.1151,69.5168],[-131.1588,69.5224],[-131.1673,69.5369],[-131.2083,69.5581],[-131.2297,69.5826],[-131.2567,69.5824],[-131.2325,69.5419],[-131.1611,69.4959],[-131.1674,69.4675],[-131.1475,69.4481],[-131.1673,69.4283],[-131.1611,69.3935],[-131.2002,69.373],[-131.2629,69.3662],[-131.3256,69.3253],[-131.4144,69.2979],[-131.4075,69.3148],[-131.3594,69.3352],[-131.3194,69.3626],[-131.222,69.3861],[-131.2093,69.4095],[-131.234,69.4831],[-131.2521,69.5039],[-131.2738,69.4993],[-131.2437,69.4078],[-131.2609,69.4211],[-131.2946,69.4761],[-131.317,69.4938],[-131.3394,69.4702],[-131.3319,69.4481],[-131.3802,69.4543],[-131.3597,69.4208],[-131.3937,69.4228],[-131.4144,69.373],[-131.4379,69.3586],[-131.5149,69.3359],[-131.5379,69.3389],[-131.4827,69.3594],[-131.4895,69.4003],[-131.4672,69.4211],[-131.4276,69.4351],[-131.4759,69.4572],[-131.5441,69.4618],[-131.5952,69.4743],[-131.6487,69.473],[-131.6767,69.4488],[-131.6471,69.4283],[-131.7635,69.4345],[-131.831,69.4216],[-131.8732,69.4335],[-131.9112,69.4281],[-131.9767,69.4078],[-131.9556,69.3995],[-131.9148,69.4126],[-131.8665,69.4035],[-131.8563,69.3764],[-131.7506,69.4022],[-131.7154,69.4003],[-131.7579,69.3713],[-131.8081,69.3204],[-131.8804,69.2847],[-131.9134,69.2875],[-131.8805,69.3184],[-131.9051,69.3139],[-131.9538,69.2683],[-131.9849,69.2556],[-132.0312,69.2545],[-132.0882,69.2337],[-132.1201,69.2353],[-132.1445,69.2504],[-132.1755,69.2339],[-132.1679,69.2154],[-132.2045,69.1647],[-132.2351,69.1591],[-132.1958,69.2112],[-132.2268,69.2177],[-132.2766,69.184],[-132.3009,69.182],[-132.3467,69.1949],[-132.2958,69.2054],[-132.295,69.2308],[-132.327,69.2337],[-132.3482,69.2169],[-132.3728,69.1493],[-132.4038,69.1317],[-132.4696,69.113],[-132.4491,69.1396],[-132.4311,69.1429],[-132.4081,69.2257],[-132.4313,69.2283],[-132.4565,69.1949],[-132.4528,69.1707],[-132.5076,69.1386],[-132.5788,69.1297],[-132.6614,69.0919],[-132.7917,69.0919],[-132.839,69.0832],[-132.8736,69.0578],[-132.845,69.0583],[-132.8265,69.0441],[-132.8586,69.0329],[-132.8647,69.0092],[-132.8498,68.9858],[-132.8193,68.9752],[-132.7404,68.9607],[-132.6997,68.9455],[-132.6756,68.9274],[-132.7628,68.9371],[-132.8109,68.9373],[-132.8326,68.9211],[-132.7798,68.8959],[-132.7098,68.8858],[-132.7253,68.8746],[-132.7612,68.8769],[-132.7911,68.859],[-132.7679,68.8471],[-132.676,68.8486],[-132.6449,68.8588],[-132.6545,68.879],[-132.62,68.892],[-132.5856,68.8933],[-132.5107,68.878],[-132.4838,68.8858],[-132.5794,68.9069],[-132.5502,68.9201],[-132.4938,68.9059],[-132.3939,68.8659],[-132.4211,68.8386],[-132.4591,68.8376],[-132.4832,68.8054],[-132.5142,68.8053],[-132.7054,68.837],[-132.7439,68.8312],[-132.7113,68.8105],[-132.7257,68.7907],[-132.7699,68.8132],[-132.8226,68.8233],[-132.8649,68.8463],[-132.9403,68.8633],[-132.964,68.8447],[-132.9289,68.8039],[-132.9608,68.8034],[-133.0372,68.8258],[-133.0729,68.8175],[-133.0654,68.8039],[-133.0939,68.8037],[-133.1138,68.8175],[-133.1548,68.8249],[-133.2047,68.8587],[-133.2567,68.865],[-133.3131,68.8523],[-133.3882,68.8454],[-133.3398,68.8175],[-133.3603,68.8039],[-133.3304,68.7946],[-133.2718,68.8051],[-133.1567,68.7756],[-133.1668,68.7625],[-133.2507,68.7911],[-133.2562,68.7639],[-133.1622,68.7424],[-133.1489,68.7238],[-133.004,68.7077],[-133.0381,68.722],[-132.9468,68.7142],[-132.922,68.694],[-132.9579,68.6994],[-133.0657,68.694],[-133.1741,68.7152],[-133.2094,68.7151],[-133.2352,68.7377],[-133.304,68.7448],[-133.3398,68.7629],[-133.4086,68.7766],[-133.451,68.7912],[-133.4831,68.8175],[-133.4913,68.8425],[-133.4285,68.8585],[-133.4701,68.8933],[-133.3882,68.9138],[-133.3629,68.9118],[-133.3758,68.8953],[-133.4012,68.8933],[-133.3829,68.8738],[-133.3354,68.8676],[-133.2987,68.8933],[-133.2513,68.9068],[-133.2094,68.9479],[-133.2504,68.9683],[-133.2108,68.9785],[-133.2169,69.0093],[-133.2027,69.0379],[-133.1551,69.0503],[-133.1191,69.0498],[-133.1007,69.072],[-133.0226,69.0552],[-132.9684,69.0629],[-132.9432,69.0824],[-132.9291,69.0627],[-132.9493,69.0441],[-132.922,69.0236],[-132.9293,69.0001],[-132.9137,68.9859],[-132.8811,68.9923],[-132.8891,69.0209],[-132.9084,69.0441],[-132.8998,69.0764],[-132.8808,69.0937],[-132.8326,69.113],[-132.8953,69.112],[-132.9079,69.1308],[-132.8705,69.1505],[-132.8258,69.2043],[-132.8463,69.2086],[-132.827,69.2236],[-132.772,69.2362],[-132.7712,69.2563],[-132.6685,69.2631],[-132.6204,69.2905],[-132.5447,69.2905],[-132.5164,69.2672],[-132.4975,69.1601],[-132.4865,69.174],[-132.4764,69.2222],[-132.4862,69.2359],[-132.4348,69.2529],[-132.4422,69.2933],[-132.4348,69.3041],[-132.387,69.311],[-132.36,69.2728],[-132.3249,69.2492],[-132.3153,69.2673],[-132.3467,69.3076],[-132.3346,69.3157],[-132.1143,69.3615],[-132.0785,69.3861],[-132.1406,69.414],[-132.0922,69.4208],[-132.0964,69.4507],[-132.0545,69.4575],[-132.0552,69.4743],[-132.0785,69.4822],[-132.0131,69.5275],[-131.9836,69.5369],[-131.8942,69.5369],[-131.8253,69.5581],[-131.7594,69.57],[-131.6955,69.5581],[-131.6634,69.5358],[-131.654,69.5443],[-131.6683,69.5779],[-131.5826,69.5717],[-131.5541,69.5769],[-131.5032,69.5717],[-131.4213,69.5921],[-131.3939,69.5779],[-131.3319,69.5779],[-131.3455,69.6058],[-131.2601,69.6036],[-131.2196,69.6101],[-131.1659,69.6362],[-131.0858,69.6331],[-131.048,69.6437],[-131.0412,69.6101],[-131.0124,69.5919],[-130.9757,69.5848],[-130.9412,69.5659],[-130.8732,69.5996],[-130.8468,69.6062],[-130.8358,69.6321],[-130.7709,69.6845],[-130.6706,69.6919],[-130.5911,69.7077],[-130.5647,69.743],[-130.5712,69.7596],[-130.5271,69.7839],[-130.479,69.7805],[-130.4523,69.7966],[-130.4141,69.8004],[-130.3192,69.849],[-130.2687,69.8403],[-130.1947,69.8597],[-130.1107,69.8691],[-129.7551,69.956],[-129.71,69.9726],[-129.5998,69.9912],[-129.5635,70.0096],[-129.4952,70.0303],[-129.5573,70.044],[-129.4634,70.0568],[-129.4259,70.0802],[-129.4065,70.1212],[-129.4201,70.134],[-129.4682,70.0908],[-129.4994,70.1177],[-129.4549,70.147],[-129.5054,70.1481],[-129.5441,70.1676],[-129.6029,70.1623],[-129.633,70.1675],[-129.592,70.1955],[-129.6151,70.217],[-129.6535,70.2221],[-129.6459,70.2391],[-129.6739,70.2699],[-129.7285,70.2562],[-129.7401,70.2434],[-129.7211,70.2296],[-129.7753,70.2295],[-129.8044,70.2065],[-129.831,70.2023],[-129.79,70.1812],[-129.8457,70.1529],[-129.8641,70.1336],[-129.8583,70.106],[-129.8937,70.0986],[-129.8863,70.0856],[-129.9317,70.0761],[-129.9925,70.0751],[-129.9346,70.0986],[-129.9754,70.1016],[-130.0557,70.0828],[-130.0985,70.0788],[-130.0786,70.101],[-130.1073,70.1086],[-130.1505,70.0707],[-130.1869,70.0526],[-130.1947,70.0613],[-130.16,70.106],[-130.1813,70.1059],[-130.2494,70.0856],[-130.3381,70.0856],[-130.2909,70.106],[-130.3264,70.1098],[-130.3245,70.1402],[-130.3524,70.1349],[-130.3851,70.1657],[-130.4064,70.1613],[-130.4062,70.1422],[-130.4346,70.134],[-130.5044,70.1389],[-130.5238,70.1266],[-130.4827,70.1203],[-130.4964,70.106],[-130.5414,70.1147],[-130.5504,70.134],[-130.5381,70.1529],[-130.4616,70.175],[-130.5419,70.1737],[-130.556,70.1508],[-130.6049,70.1359],[-130.6471,70.1418],[-130.6649,70.1247],[-130.6639,70.0981],[-130.723,70.0786],[-130.7471,70.09],[-130.7086,70.1266],[-130.7372,70.1332],[-130.7602,70.1107],[-130.8048,70.106],[-130.8739,70.0866],[-130.903,70.0683],[-130.9154,70.081],[-130.8936,70.106],[-131.0069,70.0363],[-131.0013,70.0283],[-130.9503,70.0374],[-130.9278,70.0303],[-130.999,70.0121],[-131.0277,69.9636],[-131.0581,69.9348],[-131.0848,69.8926],[-131.1488,69.8923],[-131.1885,69.8659],[-131.1537,69.8659],[-131.1885,69.8249],[-131.222,69.8529],[-131.2015,69.8832],[-131.2225,69.9184],[-131.2567,69.9422],[-131.2882,69.949],[-131.3568,69.9505],[-131.4083,69.9615],[-131.4264,69.9506],[-131.4486,69.9143],[-131.4213,69.9143],[-131.4513,69.8963],[-131.6201,69.8764],[-131.7024,69.8454],[-131.7647,69.8269],[-131.7731,69.7984],[-131.8395,69.7703],[-131.9293,69.7707],[-131.9997,69.7408],[-132.0999,69.7277],[-132.1214,69.719],[-132.1389,69.6879],[-132.1676,69.6878],[-132.2249,69.7038],[-132.2368,69.715],[-132.2641,69.7088],[-132.3187,69.715],[-132.2914,69.7362],[-132.4838,69.7362],[-132.4838,69.743],[-132.3597,69.7498],[-132.2774,69.7743],[-132.3437,69.7668],[-132.3932,69.7524],[-132.5484,69.743],[-132.5863,69.6945],[-132.6272,69.6741],[-132.5788,69.6679],[-132.5484,69.6815],[-132.4929,69.6919],[-132.4671,69.7055],[-132.4359,69.7044],[-132.4311,69.6828],[-132.4627,69.6611],[-132.3517,69.6918],[-132.333,69.6846],[-132.3485,69.6599],[-132.3851,69.6467],[-132.5301,69.632],[-132.6068,69.6518],[-132.6705,69.6577],[-132.7238,69.638],[-132.7991,69.6406],[-132.7712,69.6611],[-132.8873,69.6611],[-132.9469,69.6346],[-132.9909,69.5921],[-132.9542,69.5682],[-132.984,69.5251],[-132.9698,69.517],[-133.0072,69.4866],[-133.0495,69.4769],[-133.0455,69.4345],[-133.0894,69.4451],[-133.1958,69.414],[-133.2157,69.4016],[-133.2578,69.414],[-133.4634,69.4177],[-133.6319,69.3992],[-133.6714,69.3884],[-133.6966,69.3662],[-133.6619,69.3525],[-133.704,69.3393],[-133.7513,69.3389],[-133.7438,69.3594],[-133.7994,69.3451],[-133.8416,69.3454],[-133.8693,69.3325],[-133.8847,69.301],[-133.9063,69.2905],[-133.9546,69.2864],[-134.0001,69.2731],[-134.1222,69.2665],[-134.1629,69.2557],[-134.1981,69.2365],[-134.2242,69.2086],[-134.2373,69.18],[-134.2646,69.1601],[-134.313,69.154],[-134.2782,69.1949],[-134.2816,69.2123],[-134.2633,69.2409],[-134.229,69.2538],[-134.2222,69.2726],[-134.169,69.2979],[-134.1007,69.2979],[-134.0922,69.3448],[-134.0301,69.3832],[-133.8454,69.4521],[-133.7884,69.4914],[-133.7867,69.5367],[-133.7602,69.5393],[-133.7848,69.5717],[-133.8077,69.5761],[-133.8258,69.5581],[-133.7991,69.5512],[-133.881,69.5369],[-133.8612,69.5233],[-133.9147,69.5117],[-133.963,69.517],[-133.9983,69.5307],[-134.0523,69.5307],[-134.0045,69.5581],[-134.0364,69.5622],[-134.1209,69.5443],[-134.1739,69.5685],[-134.1864,69.5921],[-134.2424,69.5772],[-134.2196,69.6095],[-134.1492,69.6331],[-134.1742,69.6437],[-134.2242,69.6815],[-134.2557,69.6826],[-134.3348,69.6733],[-134.3199,69.7236],[-134.375,69.7271],[-134.4294,69.715],[-134.4809,69.7275],[-134.498,69.7225],[-134.4101,69.6569],[-134.4055,69.6369],[-134.4416,69.5911],[-134.4911,69.5642],[-134.4713,69.5443],[-134.5116,69.5377],[-134.5734,69.5512],[-134.5946,69.5275],[-134.5731,69.5096],[-134.5873,69.4959],[-134.5414,69.4756],[-134.5389,69.4959],[-134.5003,69.5179],[-134.4503,69.5168],[-134.4164,69.4975],[-134.4259,69.4652],[-134.4763,69.4438],[-134.5336,69.4504],[-134.6413,69.4822],[-134.7461,69.4781],[-134.7791,69.4822],[-134.8065,69.5028],[-134.8189,69.4827],[-134.8629,69.4934],[-134.9504,69.4761],[-135.0354,69.4886],[-135.0887,69.4785],[-135.1081,69.4618],[-135.1266,69.4824],[-135.1554,69.4797],[-135.2112,69.4543],[-135.2672,69.4418],[-135.2843,69.4145],[-135.2384,69.3389],[-135.2398,69.315],[-135.2198,69.2971],[-135.1669,69.2821],[-135.1759,69.2622],[-135.3393,69.289],[-135.3741,69.2995],[-135.4334,69.3339],[-135.5693,69.3447],[-135.6121,69.3283],[-135.6016,69.2979],[-135.557,69.2387],[-135.5839,69.2354],[-135.6425,69.2837],[-135.6509,69.3122],[-135.6822,69.3303],[-135.7668,69.3291],[-135.8379,69.3091],[-135.8554,69.2905],[-135.8363,69.2609],[-135.6254,69.1527],[-135.593,69.1433],[-135.4762,69.1303],[-135.4332,69.1176],[-135.4159,69.0987],[-135.472,69.1151],[-135.588,69.1249],[-135.7516,69.184],[-135.7782,69.2051],[-135.8132,69.2154],[-135.8945,69.2517],[-135.9338,69.2541],[-135.9678,69.2222],[-135.9367,69.1055],[-135.9194,69.0935],[-135.7425,69.0593],[-135.695,69.0154],[-135.519,69.0298],[-135.5938,69.0056],[-135.6813,68.9915],[-135.7699,68.9915],[-135.848,69.0093],[-135.9165,69.0393],[-135.9542,69.0484],[-135.9818,69.0407],[-135.9906,69.0159],[-135.9738,68.9955],[-135.9231,68.9621],[-135.9936,68.966],[-136.005,68.9479],[-135.8685,68.9069],[-135.8249,68.9034],[-135.6061,68.9114],[-135.6282,68.8933],[-135.5703,68.8593],[-135.4095,68.8535],[-135.3409,68.8386],[-135.5054,68.8454],[-135.4803,68.8114],[-135.4618,68.8009],[-135.3679,68.7821],[-135.3217,68.7261],[-135.2718,68.7171],[-135.2189,68.697],[-135.1998,68.6748],[-135.1624,68.6724],[-135.149,68.6605],[-135.1868,68.6624],[-135.256,68.6823],[-135.2912,68.6872],[-135.3788,68.674],[-135.4098,68.681],[-135.4123,68.6986],[-135.4439,68.7082],[-135.5185,68.7551],[-135.6356,68.7629],[-135.7026,68.7751],[-135.7586,68.7971],[-135.7816,68.8216],[-135.8537,68.8373],[-135.8815,68.8502],[-136.0676,68.8853],[-136.2391,68.8864],[-136.4165,68.9045],[-136.4449,68.9099]]],[[[-128.2346,70.661],[-128.2552,70.6472],[-128.3171,70.5716],[-128.3445,70.5449],[-128.2421,70.5716],[-128.2413,70.5994],[-128.1868,70.579],[-128.137,70.5754],[-128.1186,70.5844],[-128.1247,70.6064],[-128.0837,70.6132],[-128.112,70.6308],[-128.2015,70.66],[-128.2346,70.661]]],[[[-125.9489,71.9632],[-125.9091,71.9643],[-125.9636,71.9828],[-125.9969,71.977],[-125.9489,71.9632]]],[[[-110.5071,72.5938],[-110.5276,72.6005],[-110.5959,72.6007],[-110.5753,72.5797],[-110.5426,72.5721],[-110.4723,72.5733],[-110.5071,72.5938]]],[[[-110.3972,72.6205],[-110.4692,72.6254],[-110.4935,72.6205],[-110.3489,72.6075],[-110.3972,72.6205]]],[[[-110.3147,72.6552],[-110.4109,72.6422],[-110.3398,72.632],[-110.303,72.6332],[-110.2799,72.6484],[-110.3147,72.6552]]],[[[-110.0037,72.7554],[-110.0037,72.9851],[-110.0764,72.9958],[-110.7037,73.0091],[-110.7541,72.9848],[-110.7454,72.9656],[-110.6825,72.9288],[-110.6317,72.9158],[-110.5679,72.8675],[-110.529,72.8493],[-110.4835,72.8392],[-110.2303,72.8243],[-110.1727,72.7913],[-110.1818,72.7689],[-110.2396,72.7582],[-110.2668,72.7427],[-110.2294,72.7378],[-110.107,72.7637],[-110.0037,72.7554]]],[[[-110.0037,72.6273],[-110.0037,72.7104],[-110.0432,72.7211],[-110.1193,72.7298],[-110.1975,72.7271],[-110.2075,72.7182],[-110.1707,72.6894],[-110.1968,72.6811],[-110.2943,72.6757],[-110.2657,72.6553],[-110.2221,72.6464],[-110.175,72.6479],[-110.1017,72.6629],[-110.0037,72.6273]]],[[[-110.0037,72.4966],[-110.0037,72.5238],[-110.0978,72.5605],[-110.1971,72.5723],[-110.2594,72.559],[-110.0411,72.5118],[-110.0037,72.4966]]],[[[-116.8558,69.6476],[-116.7735,69.6335],[-116.6936,69.6343],[-116.6348,69.63],[-116.6643,69.6529],[-116.7778,69.7046],[-117.1436,69.888],[-117.1237,70.0012],[-116.9676,70.0001],[-116.5572,70.0001],[-115.9799,70.0001],[-115.4024,70.0001],[-114.8251,70.0001],[-114.2476,70.0001],[-113.7516,70.0001],[-113.2556,70.0001],[-112.8988,70.0001],[-112.881,69.9889],[-112.8833,69.8492],[-112.8749,69.8323],[-112.6499,69.8334],[-112.6474,69.8562],[-112.5742,69.8493],[-112.4626,69.8502],[-112.4005,69.8695],[-112.4102,69.889],[-112.4473,69.8961],[-112.5286,69.8891],[-112.6591,69.9023],[-112.6287,69.9139],[-112.5842,69.9162],[-112.4998,69.9105],[-112.5,70.0001],[-112.037,70.0001],[-111.5741,70.0001],[-111.1111,70.0001],[-110.6481,70.0001],[-110,70.0001],[-110.0003,70.1876],[-110.0008,70.4635],[-110.0012,70.6953],[-110.0015,70.927],[-110.002,71.1587],[-110.0023,71.3905],[-110.0028,71.6464],[-110.0034,72.0038],[-110.0037,72.2741],[-110.0037,72.4581],[-110.0496,72.4394],[-110.1627,72.4797],[-110.2399,72.5278],[-110.2865,72.5366],[-110.3266,72.5549],[-110.3805,72.5595],[-110.4293,72.5279],[-110.4862,72.5255],[-110.5344,72.5044],[-110.4857,72.4805],[-110.3079,72.4362],[-110.3343,72.4273],[-110.4538,72.4605],[-110.5446,72.474],[-110.5937,72.4943],[-110.5903,72.5135],[-110.4902,72.5385],[-110.4855,72.5583],[-110.5276,72.5522],[-110.6234,72.5592],[-110.6783,72.5792],[-110.7291,72.5713],[-110.836,72.5249],[-110.7877,72.4771],[-110.9415,72.4831],[-110.9952,72.4734],[-110.9795,72.4504],[-111.0114,72.4311],[-111.0863,72.4083],[-111.0893,72.3741],[-111.0315,72.3131],[-111.0279,72.2853],[-111.047,72.2904],[-111.1167,72.3327],[-111.2023,72.3405],[-111.2259,72.3672],[-111.2947,72.3741],[-111.3524,72.3476],[-111.3767,72.3542],[-111.3575,72.3715],[-111.2811,72.402],[-111.3023,72.4088],[-111.3699,72.4082],[-111.3431,72.4233],[-111.2384,72.442],[-111.2054,72.4634],[-111.2419,72.4714],[-111.3473,72.4623],[-111.4071,72.4262],[-111.4784,72.4045],[-111.5739,72.3887],[-111.6092,72.3672],[-111.5768,72.3435],[-111.5071,72.3405],[-111.439,72.3538],[-111.4183,72.3467],[-111.4805,72.3247],[-111.5633,72.309],[-111.6027,72.2921],[-111.6647,72.2921],[-111.7032,72.2529],[-111.7125,72.2307],[-111.7533,72.2071],[-111.7882,72.2232],[-111.7219,72.2716],[-111.7211,72.3026],[-111.66,72.324],[-111.6448,72.3405],[-111.6588,72.3595],[-111.6888,72.3559],[-111.7472,72.3331],[-111.8212,72.3239],[-111.9043,72.3467],[-111.8875,72.3677],[-111.8546,72.3814],[-111.5644,72.4411],[-111.4473,72.4838],[-111.444,72.5008],[-111.4934,72.5106],[-111.2893,72.566],[-111.2668,72.5795],[-111.2457,72.6278],[-111.2089,72.6734],[-111.2333,72.6968],[-111.2196,72.7241],[-111.3084,72.7378],[-111.3918,72.7414],[-111.4661,72.752],[-111.4661,72.7713],[-111.5074,72.7955],[-111.5522,72.8063],[-111.6478,72.8106],[-111.7142,72.8309],[-111.8805,72.8566],[-111.9215,72.8715],[-112.0091,72.881],[-112.0773,72.898],[-112.2804,72.9025],[-112.3732,72.9147],[-112.5342,72.9609],[-112.7919,72.9848],[-112.8589,73.0047],[-112.9422,73.0045],[-113.015,73.016],[-113.1925,72.9933],[-113.3909,72.9116],[-113.4838,72.8405],[-113.604,72.7775],[-113.6041,72.7617],[-113.5586,72.7548],[-113.4433,72.7519],[-113.4126,72.7304],[-113.4398,72.7099],[-113.4398,72.6852],[-113.4794,72.6667],[-113.6196,72.6395],[-113.6378,72.6205],[-113.6855,72.6081],[-113.734,72.6142],[-113.6794,72.6384],[-113.558,72.6719],[-113.5088,72.703],[-113.5591,72.6989],[-113.801,72.6403],[-113.8567,72.6369],[-113.8985,72.6484],[-113.8849,72.6621],[-114.1261,72.6367],[-114.2555,72.6007],[-114.3218,72.5918],[-114.3395,72.5638],[-114.4062,72.559],[-114.5106,72.5733],[-114.558,72.571],[-114.5497,72.587],[-114.6042,72.6075],[-114.473,72.6243],[-114.4048,72.6574],[-114.248,72.6894],[-114.2677,72.6962],[-114.3146,72.6858],[-114.334,72.6931],[-114.3561,72.7463],[-114.2828,72.7651],[-114.2412,72.7924],[-114.0231,72.7978],[-113.9811,72.8091],[-113.9696,72.8245],[-114.0513,72.8713],[-114.0528,72.8998],[-114.0245,72.9345],[-114.0494,72.9705],[-114.0349,73.0058],[-114.0043,73.0352],[-114.0045,73.0716],[-113.962,73.1229],[-113.9584,73.1401],[-113.9811,73.176],[-114.0227,73.2119],[-114.1966,73.3081],[-114.2651,73.3357],[-114.4075,73.3475],[-114.5843,73.3846],[-114.6787,73.3776],[-114.7389,73.3664],[-114.9073,73.3198],[-115.1261,73.2951],[-115.2301,73.2642],[-115.3168,73.2654],[-115.3991,73.2335],[-115.5704,73.2018],[-115.7638,73.1867],[-116.0082,73.1408],[-116.2009,73.1189],[-116.319,73.0935],[-116.4368,73.0755],[-116.4955,73.0616],[-116.5937,73.0602],[-116.644,73.035],[-116.8948,72.9674],[-117.1106,72.9448],[-117.2082,72.9229],[-117.3693,72.9178],[-117.4005,72.906],[-117.482,72.8526],[-117.5451,72.8306],[-117.5956,72.7982],[-117.8083,72.7377],[-117.8673,72.7015],[-118.0029,72.6738],[-118.0409,72.6722],[-118.1898,72.6354],[-118.2261,72.6052],[-118.2831,72.5895],[-118.5128,72.5104],[-118.5687,72.4778],[-118.5934,72.4287],[-118.5856,72.4079],[-118.5406,72.3732],[-118.4289,72.3467],[-118.2421,72.3467],[-118.1745,72.3384],[-118.1249,72.3095],[-118.1056,72.2477],[-118.1278,72.2272],[-118.442,72.1828],[-118.5767,72.1794],[-118.6782,72.1423],[-118.7231,72.1078],[-118.7067,72.0913],[-118.7475,72.0532],[-118.825,72.0386],[-118.9479,71.9919],[-119.0543,71.9353],[-119.1002,71.8815],[-119.1073,71.8397],[-119.1376,71.7744],[-119.0931,71.6684],[-119.0509,71.6268],[-118.9969,71.6168],[-118.9272,71.5893],[-118.8886,71.583],[-118.8672,71.5932],[-118.9081,71.6206],[-118.833,71.6629],[-118.689,71.6615],[-118.6326,71.6505],[-118.6065,71.6684],[-118.4886,71.6584],[-118.4557,71.6411],[-118.3983,71.6248],[-118.4007,71.6036],[-118.4289,71.5795],[-118.356,71.5932],[-118.2977,71.5913],[-118.2049,71.5985],[-118.1739,71.6078],[-118.182,71.6274],[-118.1318,71.6503],[-118.0763,71.665],[-117.7215,71.6777],[-117.6953,71.6684],[-117.8666,71.6411],[-117.9434,71.6431],[-117.9693,71.6217],[-117.932,71.601],[-117.8968,71.6159],[-117.8319,71.6069],[-117.7729,71.5859],[-117.6915,71.5824],[-117.6537,71.5722],[-117.6922,71.5539],[-117.7629,71.5605],[-117.8393,71.5585],[-117.7574,71.5386],[-117.7836,71.5289],[-117.9315,71.5455],[-118.1273,71.5386],[-118.2528,71.5024],[-118.3083,71.4699],[-118.3088,71.4322],[-118.2432,71.3934],[-118.162,71.379],[-117.901,71.3872],[-117.8407,71.3762],[-117.7681,71.3802],[-117.7417,71.3993],[-117.714,71.4035],[-117.709,71.3872],[-117.5513,71.3742],[-117.5114,71.3921],[-117.483,71.4213],[-117.4983,71.441],[-117.5343,71.4487],[-117.6066,71.4486],[-117.6296,71.4722],[-117.5506,71.4902],[-117.5649,71.5039],[-117.5006,71.4958],[-117.4489,71.4697],[-117.4762,71.456],[-117.3935,71.4595],[-117.3806,71.4523],[-117.4032,71.4291],[-117.4136,71.3889],[-117.3678,71.3883],[-117.2902,71.405],[-117.2257,71.4014],[-117.1308,71.4167],[-117.0482,71.4374],[-116.9221,71.4274],[-116.821,71.4326],[-116.7323,71.4551],[-116.6346,71.4548],[-116.5528,71.4792],[-116.1849,71.5003],[-116.1361,71.509],[-116.045,71.5147],[-115.9811,71.5275],[-115.887,71.5305],[-115.8236,71.5482],[-115.608,71.5554],[-115.4547,71.5386],[-115.4547,71.5312],[-115.557,71.5175],[-115.4977,71.4941],[-115.4303,71.4894],[-115.297,71.497],[-115.1091,71.5356],[-115.0568,71.525],[-115.1469,71.5046],[-115.2066,71.4832],[-115.3243,71.4765],[-115.419,71.4518],[-115.4891,71.4675],[-115.5679,71.4721],[-115.6127,71.498],[-115.7296,71.4837],[-115.7625,71.497],[-115.742,71.5107],[-116.0477,71.4446],[-116.1903,71.4445],[-116.2058,71.4262],[-116.0663,71.4198],[-115.9039,71.3935],[-115.7873,71.3942],[-115.7289,71.3872],[-115.7646,71.3677],[-116.0506,71.364],[-116.0997,71.3501],[-116.1537,71.347],[-116.174,71.3537],[-116.0778,71.3673],[-116.1034,71.3767],[-116.2688,71.3639],[-116.3132,71.3507],[-116.8063,71.2909],[-116.8387,71.2705],[-116.8183,71.2643],[-116.8529,71.2483],[-116.9001,71.2402],[-117.0954,71.2438],[-117.4749,71.1855],[-117.798,71.1704],[-118.3865,71.0222],[-118.4215,70.9905],[-118.411,70.9746],[-118.3218,70.9068],[-118.2748,70.8784],[-118.1868,70.8394],[-117.8738,70.7483],[-117.809,70.7396],[-117.7339,70.7134],[-117.709,70.6951],[-117.7358,70.6624],[-117.6978,70.6356],[-117.5854,70.6064],[-117.5172,70.6064],[-117.5134,70.62],[-117.3741,70.6287],[-117.3306,70.6027],[-117.236,70.62],[-116.9886,70.6025],[-116.6829,70.6083],[-116.5833,70.6333],[-116.2334,70.6397],[-116.1898,70.6339],[-116.1671,70.62],[-116.2042,70.6161],[-116.1875,70.598],[-116.0386,70.5792],[-115.7289,70.6064],[-115.5809,70.5801],[-115.5459,70.5822],[-115.4956,70.5995],[-115.2414,70.6111],[-115.0436,70.6042],[-114.8734,70.6278],[-114.5063,70.6445],[-114.3973,70.6796],[-114.3467,70.6865],[-114.1831,70.6678],[-114.1444,70.6725],[-114.0364,70.7094],[-113.9884,70.7162],[-113.7196,70.6919],[-113.6872,70.6778],[-113.5613,70.6431],[-113.5255,70.6575],[-113.5203,70.6765],[-113.4907,70.6818],[-113.4126,70.6541],[-113.3627,70.6474],[-113.2071,70.6479],[-113.2107,70.6308],[-113.1792,70.6064],[-113.1059,70.6185],[-113.0536,70.5902],[-112.9259,70.5654],[-112.8666,70.5432],[-112.8461,70.5699],[-112.8206,70.5742],[-112.7253,70.5692],[-112.6407,70.5506],[-112.5841,70.5271],[-112.538,70.5186],[-112.5,70.5207],[-112.4722,70.5349],[-112.4372,70.5346],[-112.412,70.5107],[-112.3295,70.5238],[-112.2815,70.5056],[-112.1951,70.5058],[-112.144,70.4939],[-112.0862,70.4453],[-112.0694,70.4145],[-111.9643,70.3746],[-111.8766,70.3674],[-111.8088,70.3521],[-111.5668,70.3599],[-111.5156,70.3524],[-111.4866,70.332],[-111.5896,70.3122],[-111.5609,70.2951],[-111.4784,70.3001],[-111.4456,70.2904],[-111.5487,70.2699],[-111.6375,70.2806],[-111.7164,70.2619],[-111.8371,70.2735],[-111.9374,70.2637],[-112.2609,70.3093],[-112.3089,70.2978],[-112.2709,70.2844],[-112.1376,70.2773],[-112.1698,70.2674],[-112.3424,70.2671],[-112.3915,70.2501],[-112.3431,70.2365],[-112.4018,70.2296],[-112.4635,70.2438],[-112.527,70.2452],[-112.5587,70.2392],[-112.5833,70.2221],[-112.5212,70.2085],[-112.5863,70.2],[-112.8306,70.2315],[-112.8645,70.2438],[-112.9647,70.2534],[-112.9669,70.2365],[-112.9934,70.2314],[-113.2196,70.2599],[-113.4769,70.2836],[-113.6427,70.2624],[-114.0384,70.2812],[-114.1847,70.3157],[-114.5094,70.3153],[-114.7627,70.2915],[-115.0514,70.2802],[-115.2335,70.2639],[-115.6371,70.248],[-116.0327,70.2203],[-116.5115,70.1634],[-116.9651,70.1291],[-117.1951,70.0924],[-117.2997,70.0566],[-117.3581,70.0465],[-117.4144,70.0159],[-117.442,69.9894],[-117.3812,69.9512],[-117.3673,69.9169],[-117.3288,69.8696],[-117.2837,69.8294],[-117.2521,69.7641],[-117.1436,69.7319],[-117.0974,69.7043],[-117.0571,69.6947],[-116.9667,69.6855],[-116.9207,69.6679],[-116.8725,69.6603],[-116.8558,69.6476]]],[[[-115.3236,73.5087],[-115.3563,73.5418],[-115.3994,73.567],[-115.4944,73.6027],[-115.5328,73.6254],[-115.5843,73.6415],[-115.619,73.6689],[-115.6464,73.6765],[-115.7352,73.6831],[-115.923,73.73],[-115.9764,73.7657],[-116.1822,73.8265],[-116.2457,73.8611],[-116.329,73.8688],[-116.3864,73.9013],[-116.867,74.0876],[-117.4165,74.2325],[-118.066,74.2807],[-118.4027,74.2568],[-118.4568,74.247],[-118.5558,74.2419],[-118.6253,74.2271],[-118.7254,74.2208],[-118.7924,74.2005],[-118.8385,74.1955],[-118.8832,74.1787],[-118.8739,74.1629],[-118.7955,74.1276],[-118.8221,74.0899],[-118.8777,74.0772],[-118.9519,74.0176],[-118.9826,74.0073],[-119.0248,74.0189],[-119.069,74.0186],[-119.1478,73.9953],[-119.1893,73.9922],[-119.1492,74.0596],[-119.0692,74.0905],[-119.0768,74.1199],[-119.1347,74.1287],[-119.1007,74.152],[-119.1073,74.184],[-119.1444,74.2091],[-119.2372,74.2273],[-119.3743,74.2175],[-119.4799,74.2261],[-119.5074,74.2141],[-119.5792,74.1553],[-119.6212,74.1343],[-119.7225,74.11],[-119.7572,74.0772],[-119.7301,74.0465],[-119.7652,74.0353],[-119.822,74.0554],[-119.8336,74.0707],[-119.818,74.1043],[-119.685,74.1657],[-119.6474,74.1952],[-119.6622,74.225],[-119.6289,74.2315],[-119.5538,74.2242],[-119.5183,74.2311],[-119.5656,74.239],[-119.8595,74.2365],[-119.9809,74.2703],[-120.1566,74.279],[-120.5456,74.3513],[-120.9347,74.4236],[-120.9775,74.4236],[-120.9844,74.4509],[-121.0116,74.4704],[-121.1324,74.51],[-121.2108,74.5124],[-121.2773,74.5328],[-121.4295,74.5303],[-121.5808,74.5559],[-121.786,74.5432],[-122.1168,74.4966],[-122.6232,74.4631],[-122.9862,74.4524],[-123.3035,74.4494],[-123.4774,74.4265],[-123.6835,74.426],[-123.7306,74.412],[-124.0868,74.404],[-124.1213,74.3764],[-124.2313,74.3832],[-124.41,74.3733],[-124.6832,74.3517],[-124.7557,74.3486],[-124.7873,74.3342],[-124.7514,74.3163],[-124.6481,74.3249],[-124.6029,74.3137],[-124.6939,74.2757],[-124.6644,74.2659],[-124.5818,74.2708],[-124.5456,74.2651],[-124.5211,74.2386],[-124.5314,74.2177],[-124.5033,74.1986],[-124.4894,74.1663],[-124.4495,74.1481],[-124.4393,74.1106],[-124.4726,74.1083],[-124.4521,74.0803],[-124.4658,74.0742],[-124.4036,74.053],[-124.3893,74.0307],[-124.3423,73.9922],[-124.355,73.984],[-124.2611,73.9612],[-124.2396,73.9401],[-124.1976,73.9233],[-124.2251,73.8904],[-124.1852,73.8647],[-124.1453,73.8511],[-123.8828,73.8388],[-123.8225,73.8142],[-123.7738,73.7656],[-123.8485,73.7297],[-123.8284,73.7172],[-123.8414,73.7011],[-123.9171,73.6967],[-124.0133,73.6689],[-124.0561,73.6619],[-124.0816,73.6353],[-124.0406,73.5944],[-124.0748,73.5705],[-124.0679,73.5397],[-124.0901,73.5267],[-124.1526,73.5194],[-124.1812,73.484],[-124.2785,73.4844],[-124.3149,73.4777],[-124.3065,73.4602],[-124.4092,73.4377],[-124.4453,73.4193],[-124.4056,73.39],[-124.4178,73.3638],[-124.4894,73.3439],[-124.5409,73.2989],[-124.5741,73.2512],[-124.6501,73.2033],[-124.6719,73.1828],[-124.6439,73.1698],[-124.6664,73.1545],[-124.7873,73.1418],[-124.8211,73.1064],[-124.8599,73.0903],[-124.8507,73.0635],[-124.7547,73.0175],[-124.6986,73.0115],[-124.7191,73.0258],[-124.6234,73.0258],[-124.6371,73.019],[-124.5943,72.9951],[-124.4931,72.9774],[-124.5272,72.9569],[-124.4792,72.9398],[-124.4904,72.9251],[-124.5758,72.9083],[-124.7073,72.8879],[-124.777,72.8955],[-124.9515,72.8571],[-124.9912,72.87],[-125.0347,72.872],[-125.0682,72.8842],[-125.1183,72.8635],[-125.0828,72.8402],[-125.0384,72.8325],[-125.0216,72.7976],[-124.9766,72.7617],[-124.9739,72.7452],[-125.0207,72.703],[-124.9604,72.7089],[-124.9455,72.703],[-124.9865,72.6689],[-125.0445,72.673],[-125.0387,72.643],[-125.1026,72.6347],[-125.0388,72.6098],[-124.9661,72.6075],[-124.9753,72.5927],[-124.9524,72.5696],[-125.0607,72.5656],[-125.1754,72.5181],[-125.2992,72.4891],[-125.3087,72.4634],[-125.3631,72.4389],[-125.3428,72.4225],[-125.4384,72.4157],[-125.3906,72.402],[-125.4247,72.3672],[-125.4874,72.3467],[-125.5284,72.3126],[-125.5172,72.2938],[-125.4874,72.3102],[-125.4827,72.2856],[-125.5728,72.2487],[-125.651,72.2574],[-125.6793,72.2307],[-125.6566,72.1938],[-125.63,72.1855],[-125.5694,72.1828],[-125.6902,72.1684],[-125.7521,72.1477],[-125.7953,72.114],[-125.7322,72.1099],[-125.7193,72.0797],[-125.7416,72.0248],[-125.7606,72.0039],[-125.8083,71.9763],[-125.8776,71.964],[-125.7904,71.9492],[-125.5666,71.9738],[-125.272,71.9808],[-125.0067,71.979],[-124.9589,71.9666],[-124.9403,71.9499],[-124.982,71.9455],[-125.0275,71.9632],[-125.2534,71.9557],[-125.2323,71.9413],[-124.9686,71.8906],[-124.8732,71.8556],[-124.6617,71.8046],[-124.0646,71.7004],[-123.9395,71.6533],[-123.8351,71.5722],[-123.8082,71.5425],[-123.7345,71.5272],[-123.6692,71.4948],[-123.6235,71.4622],[-123.5567,71.3981],[-123.4357,71.2486],[-123.3524,71.1828],[-123.2553,71.1304],[-123.1499,71.093],[-123.0999,71.0846],[-122.7978,71.0878],[-122.7533,71.0998],[-122.6969,71.1391],[-122.6295,71.175],[-122.4017,71.226],[-122.3199,71.2338],[-122.233,71.2531],[-122.1561,71.2612],[-122.0606,71.2984],[-121.9804,71.3469],[-121.9311,71.3605],[-121.8546,71.4077],[-121.7379,71.4592],[-121.7006,71.4681],[-121.6035,71.4644],[-121.5668,71.4523],[-121.538,71.4307],[-121.5453,71.42],[-121.6081,71.4014],[-121.4232,71.3803],[-121.2056,71.4111],[-120.9925,71.4289],[-120.7641,71.4733],[-120.6352,71.4914],[-120.5155,71.5432],[-120.4226,71.6348],[-120.3878,71.6824],[-120.3834,71.7015],[-120.4216,71.7492],[-120.4089,71.7918],[-120.4034,71.8638],[-120.3881,71.8823],[-120.4574,71.929],[-120.434,71.9643],[-120.3948,71.9844],[-120.3065,72.0178],[-120.1977,72.085],[-120.1527,72.14],[-120.1835,72.2043],[-120.1967,72.217],[-120.2612,72.2418],[-120.2547,72.2608],[-120.192,72.274],[-120.1278,72.2642],[-120.1395,72.2542],[-120.1967,72.2443],[-120.1761,72.2357],[-119.976,72.2247],[-119.9018,72.2307],[-119.8304,72.2228],[-119.7728,72.2296],[-119.651,72.2739],[-119.4366,72.3182],[-119.3402,72.3467],[-119.3048,72.3701],[-119.3296,72.3845],[-119.3053,72.4504],[-119.2462,72.4857],[-119.2507,72.5044],[-119.1936,72.5303],[-119.18,72.5524],[-119.1898,72.579],[-119.1639,72.6298],[-119.1232,72.637],[-118.9054,72.6887],[-118.7679,72.7395],[-118.7176,72.7488],[-118.573,72.7513],[-118.522,72.7577],[-118.4311,72.8085],[-118.238,72.8576],[-118.0421,72.8859],[-117.9886,72.9049],[-117.8729,72.9296],[-117.7611,72.9717],[-117.6853,72.9811],[-117.3902,73.0555],[-117.2155,73.0661],[-117.1472,73.0935],[-116.9832,73.1197],[-116.9071,73.1418],[-116.8518,73.1666],[-116.7888,73.1737],[-116.7127,73.2013],[-116.503,73.238],[-116.4591,73.2612],[-116.2185,73.2847],[-115.9798,73.3249],[-115.7538,73.3575],[-115.5909,73.4042],[-115.5373,73.4248],[-115.4578,73.4299],[-115.4013,73.468],[-115.3205,73.4807],[-115.3236,73.5087]]],[[[-120.998,75.9306],[-121.0464,75.8965],[-120.998,75.8698],[-121.0328,75.8419],[-121.0361,75.817],[-121.2524,75.7773],[-121.2934,75.76],[-121.2568,75.7458],[-121.1682,75.7337],[-121.0587,75.7394],[-120.9911,75.763],[-120.9141,75.8105],[-120.8683,75.8828],[-120.8829,75.9364],[-120.9209,75.9411],[-120.998,75.9306]]],[[[-117.7847,75.8965],[-117.681,75.9238],[-117.5841,75.9783],[-117.5786,76.0063],[-117.5372,76.0214],[-117.5035,76.0473],[-117.4821,76.0819],[-117.4625,76.0883],[-117.5423,76.1093],[-117.6264,76.1156],[-117.6597,76.1259],[-117.7987,76.1116],[-117.8946,76.0815],[-117.8871,76.0678],[-118.0199,76.0389],[-118.0871,76.0355],[-118.1408,75.9882],[-118.2094,75.9686],[-118.3191,75.9722],[-118.6212,75.9221],[-118.6861,75.9009],[-118.7413,75.874],[-118.7573,75.8481],[-118.842,75.8354],[-118.9218,75.804],[-118.9921,75.7615],[-119.0526,75.7517],[-119.3321,75.6608],[-119.409,75.6159],[-119.409,75.6016],[-119.1984,75.5644],[-119.0933,75.5729],[-119.0107,75.5556],[-118.9365,75.5627],[-118.8739,75.5539],[-118.9305,75.5455],[-118.9416,75.5334],[-118.795,75.5308],[-118.7079,75.5082],[-118.6139,75.5037],[-118.2525,75.5956],[-118.2024,75.6016],[-118.2707,75.6159],[-117.9325,75.7398],[-117.9515,75.7745],[-117.8998,75.8045],[-117.8946,75.8214],[-117.8182,75.8419],[-117.8393,75.8555],[-117.7847,75.8965]]],[[[-110.0037,76.2264],[-110.0037,76.4862],[-110.1128,76.4538],[-110.3213,76.4288],[-110.3836,76.4309],[-110.3972,76.3967],[-110.3635,76.3716],[-110.3689,76.3537],[-110.3284,76.3415],[-110.3836,76.3005],[-110.147,76.2763],[-110.0037,76.2264]]],[[[-110.0037,75.8787],[-110.0037,75.9114],[-110.0546,75.8965],[-110.0037,75.8787]]],[[[-110.0037,74.8526],[-110.0037,75.1413],[-110.0037,75.3618],[-110.0037,75.5447],[-110.0683,75.5477],[-110.1161,75.5402],[-110.1579,75.5469],[-110.2186,75.5358],[-110.4187,75.5399],[-110.431,75.5595],[-110.5136,75.5733],[-110.8561,75.5574],[-111.0137,75.5314],[-111.2508,75.5219],[-111.2811,75.5402],[-111.3221,75.5477],[-111.2947,75.5744],[-111.3513,75.5798],[-111.4108,75.6159],[-111.3767,75.6531],[-111.4108,75.678],[-111.3614,75.7152],[-111.3883,75.7393],[-111.4487,75.7423],[-111.432,75.7661],[-111.4589,75.7888],[-111.5964,75.8145],[-111.4933,75.8145],[-111.4563,75.8282],[-111.4591,75.8419],[-111.8673,75.8288],[-111.949,75.8071],[-112.0353,75.8214],[-111.9801,75.8344],[-112.0347,75.8419],[-112.0899,75.8214],[-112.1595,75.8083],[-112.227,75.8145],[-112.1376,75.8344],[-112.1861,75.8481],[-112.0727,75.8756],[-111.7814,75.9005],[-111.7268,75.9169],[-111.7693,75.9474],[-111.8555,75.9535],[-112.118,76.0124],[-112.3646,76.0336],[-112.4188,76.0507],[-112.4472,76.0798],[-112.5155,76.11],[-112.5028,76.1447],[-112.4325,76.1708],[-112.6195,76.2053],[-112.7546,76.205],[-112.7562,76.2219],[-112.8308,76.2192],[-112.8686,76.2503],[-112.911,76.2641],[-112.9942,76.2733],[-113.159,76.2534],[-113.2198,76.2643],[-113.3544,76.2661],[-113.4429,76.2412],[-113.5682,76.2347],[-113.7135,76.205],[-113.8738,76.2065],[-113.963,76.1906],[-114.0636,76.2186],[-113.9849,76.2559],[-114.0084,76.2733],[-114.0836,76.2943],[-114.1388,76.3223],[-114.1108,76.3415],[-114.1505,76.3402],[-114.1798,76.3558],[-114.141,76.3548],[-114.0909,76.3899],[-114.1158,76.4306],[-114.1592,76.4588],[-114.2059,76.471],[-114.4508,76.5009],[-114.7626,76.4923],[-114.7005,76.5202],[-114.8724,76.5202],[-114.9049,76.5168],[-114.9817,76.4862],[-115.0215,76.4791],[-115.5123,76.4562],[-115.8749,76.3636],[-115.9133,76.349],[-115.8519,76.3223],[-115.927,76.2869],[-115.8773,76.2532],[-115.7794,76.2373],[-115.2793,76.237],[-115.0403,76.2084],[-114.9753,76.1773],[-114.8783,76.1774],[-114.795,76.168],[-114.7063,76.1744],[-114.667,76.164],[-114.711,76.1542],[-114.8271,76.1493],[-114.9498,76.164],[-115.1605,76.1671],[-115.4523,76.1882],[-115.672,76.1805],[-115.8411,76.185],[-115.9464,76.2021],[-116.1627,76.2038],[-116.5262,76.1601],[-116.5712,76.1292],[-116.6303,76.1204],[-116.7059,76.0578],[-116.7016,76.0405],[-116.6583,76.0199],[-116.542,76.0353],[-116.4962,76.0268],[-116.5303,76.0131],[-116.4757,75.9924],[-116.485,75.9721],[-116.6161,75.9763],[-116.7139,75.9612],[-116.734,75.9211],[-116.7081,75.8996],[-116.2444,75.8695],[-116.2025,75.8681],[-115.7616,75.8961],[-115.6977,75.8867],[-114.8577,75.9108],[-114.8125,75.9022],[-114.8274,75.8794],[-114.875,75.8674],[-115.5781,75.8344],[-115.7623,75.8618],[-115.8006,75.8344],[-116.1622,75.8193],[-116.8854,75.789],[-116.9656,75.7614],[-117.228,75.6335],[-117.249,75.6091],[-117.239,75.5827],[-117.1983,75.5755],[-116.8374,75.5763],[-116.1156,75.5778],[-116.1014,75.5858],[-115.9827,75.6114],[-115.7748,75.627],[-115.6975,75.6458],[-115.3722,75.6606],[-115.0522,75.7103],[-115.0021,75.6985],[-115.1121,75.6883],[-115.2549,75.6492],[-115.2844,75.6197],[-115.2628,75.6016],[-115.5897,75.588],[-116.0419,75.4848],[-116.1495,75.4772],[-116.3692,75.4892],[-116.4475,75.4775],[-117.2022,75.4808],[-117.3043,75.4583],[-117.5543,75.3581],[-117.5767,75.3366],[-117.5582,75.3143],[-117.6202,75.3124],[-117.6749,75.2932],[-117.6537,75.2795],[-117.6885,75.2597],[-117.6708,75.2445],[-117.5927,75.2273],[-117.5101,75.2011],[-117.0172,75.1495],[-116.9515,75.1619],[-116.894,75.1423],[-116.7672,75.1222],[-116.668,75.1272],[-116.6122,75.1634],[-116.5455,75.1852],[-116.467,75.1844],[-116.2565,75.2112],[-116.244,75.2081],[-116.2497,75.1624],[-116.3385,75.1156],[-116.2697,75.1005],[-116.0819,75.1274],[-116.0437,75.1287],[-116.0845,75.0987],[-116.1422,75.0838],[-116.2559,75.0673],[-116.2559,75.0604],[-116.1664,75.0402],[-116.0255,75.0261],[-115.9272,74.9979],[-115.7154,74.9704],[-115.6601,74.9722],[-115.5843,74.9954],[-115.5503,75.0161],[-115.5434,75.0399],[-115.6059,75.105],[-115.5912,75.1156],[-115.6527,75.1287],[-115.6534,75.1514],[-115.5242,75.1251],[-115.4481,75.1002],[-115.4058,75.1029],[-115.274,75.1494],[-115.2333,75.1736],[-115.1832,75.1258],[-115.1734,75.0995],[-115.215,75.0815],[-115.2258,75.0605],[-115.196,75.0024],[-115.1548,74.9835],[-115.0577,74.9667],[-114.9585,74.9705],[-114.4408,75.0679],[-114.33,75.1379],[-114.3033,75.1818],[-114.3852,75.218],[-114.4094,75.2491],[-114.4484,75.2636],[-114.547,75.2734],[-114.5819,75.2677],[-114.6151,75.2833],[-114.5493,75.312],[-114.5112,75.317],[-114.4944,75.3037],[-114.3619,75.2849],[-114.351,75.2597],[-114.3099,75.2404],[-114.2527,75.2268],[-114.1958,75.2252],[-114.1558,75.2423],[-114.1183,75.2733],[-114.0465,75.3664],[-114.0531,75.3859],[-114.0885,75.4088],[-114.0707,75.4749],[-114.0355,75.4658],[-113.9667,75.4289],[-113.9206,75.388],[-113.8739,75.3738],[-113.5182,75.4193],[-113.474,75.4377],[-113.4763,75.4219],[-113.4196,75.4241],[-113.3756,75.4164],[-113.5307,75.3873],[-113.6014,75.3654],[-113.6786,75.3595],[-113.7843,75.3397],[-113.8364,75.3017],[-113.8761,75.2497],[-113.9395,75.1833],[-113.9068,75.1686],[-113.8661,75.1686],[-113.7172,75.197],[-113.6453,75.1907],[-113.9128,75.1498],[-113.9538,75.1225],[-113.9576,75.0744],[-113.8866,75.0582],[-113.6658,75.0604],[-113.4469,75.0852],[-113.3497,75.0806],[-113.2065,75.0877],[-113.1798,75.0946],[-113.1382,75.1498],[-113.0836,75.1082],[-113.0229,75.0948],[-112.8571,75.1098],[-112.7301,75.1415],[-112.6994,75.1423],[-112.6935,75.1727],[-112.741,75.205],[-112.6998,75.2619],[-112.6652,75.2665],[-112.6789,75.2795],[-112.6213,75.2646],[-112.5933,75.2355],[-112.6324,75.2195],[-112.6195,75.1919],[-112.5895,75.1833],[-112.4495,75.1833],[-112.4389,75.2051],[-112.4666,75.2112],[-112.4435,75.2341],[-112.4049,75.246],[-112.3369,75.2255],[-112.3915,75.2112],[-112.2953,75.205],[-112.3616,75.1739],[-112.4293,75.165],[-112.4735,75.1498],[-112.4182,75.1282],[-112.3461,75.1215],[-112.2146,75.128],[-112.0592,75.1498],[-111.9235,75.1364],[-111.8974,75.1398],[-111.7535,75.1907],[-111.6783,75.1498],[-111.5616,75.1498],[-111.6243,75.1634],[-111.5992,75.171],[-111.4888,75.165],[-111.3722,75.1872],[-111.3122,75.2097],[-111.2748,75.2327],[-111.2435,75.2665],[-111.1027,75.2733],[-110.9508,75.2516],[-110.918,75.2324],[-110.9368,75.2228],[-110.9904,75.2243],[-111.0216,75.2023],[-111.0688,75.1907],[-111.0279,75.1772],[-111.1516,75.1383],[-111.26,75.1225],[-111.2668,75.1082],[-111.3395,75.1157],[-111.288,75.0877],[-111.4029,75.0633],[-111.4419,75.0604],[-111.543,75.0729],[-111.5759,75.0604],[-111.5548,75.0477],[-111.5049,75.0587],[-111.4797,75.0468],[-111.5555,75.0126],[-111.6713,75.004],[-111.7771,74.9851],[-112.0631,75.008],[-112.2718,74.9993],[-112.5491,74.9993],[-112.6978,74.9793],[-112.7978,74.9851],[-112.9589,74.9667],[-113.0129,74.9532],[-113.111,74.9417],[-113.2078,74.8908],[-113.3066,74.8886],[-113.33,74.8829],[-113.2602,74.8767],[-113.1929,74.8624],[-113.2176,74.8459],[-113.3362,74.8624],[-113.4214,74.8568],[-113.4956,74.8392],[-113.6268,74.8428],[-113.7519,74.8343],[-113.8295,74.814],[-113.9719,74.8076],[-114.2344,74.7587],[-114.3099,74.7321],[-114.395,74.7147],[-114.4398,74.6837],[-114.4308,74.6579],[-114.3923,74.6393],[-114.1929,74.5758],[-114.1735,74.567],[-113.7656,74.4711],[-113.693,74.4445],[-113.4527,74.4189],[-113.2211,74.4046],[-113.0238,74.3959],[-112.6349,74.4132],[-112.4374,74.4135],[-112.3883,74.424],[-112.3089,74.4304],[-112.239,74.4484],[-111.6575,74.5012],[-111.5742,74.532],[-111.411,74.5699],[-111.3225,74.5607],[-111.2284,74.5941],[-111.157,74.5942],[-111.075,74.6154],[-111.001,74.6164],[-110.95,74.6464],[-110.859,74.6514],[-110.774,74.6837],[-110.6168,74.7053],[-110.589,74.7253],[-110.634,74.7448],[-110.671,74.773],[-110.6661,74.7913],[-110.6033,74.7861],[-110.344,74.7966],[-110.3147,74.8072],[-110.4109,74.8208],[-110.3563,74.8344],[-110.3768,74.8407],[-110.3079,74.8522],[-110.1549,74.8279],[-110.0882,74.8407],[-110.0698,74.8236],[-110.0037,74.8526]]],[[[-114.837,76.7598],[-114.5106,76.7448],[-114.4219,76.7297],[-113.8306,76.7255],[-113.6732,76.7043],[-113.5565,76.7392],[-113.4885,76.7678],[-113.4535,76.7735],[-113.4635,76.7982],[-113.5104,76.8363],[-113.5863,76.8466],[-113.734,76.8834],[-113.8461,76.8989],[-114.1927,76.8908],[-114.2371,76.8791],[-114.4346,76.8824],[-114.6316,76.8616],[-114.8405,76.8094],[-114.8786,76.7673],[-114.837,76.7598]]],[[[-119.3175,76.1999],[-119.3026,76.1493],[-119.2855,76.1292],[-119.2449,76.1132],[-119.181,76.112],[-119.0953,76.0883],[-119.0726,76.0957],[-119.0587,76.1264],[-118.9635,76.1357],[-118.9634,76.164],[-118.901,76.1723],[-118.9369,76.2297],[-118.8997,76.2751],[-118.8605,76.2848],[-118.6928,76.2845],[-118.6516,76.2911],[-118.569,76.3452],[-118.6139,76.3695],[-118.5971,76.3878],[-118.6464,76.4324],[-118.7334,76.4588],[-118.8187,76.4588],[-118.8404,76.4787],[-118.9764,76.4923],[-118.9463,76.5229],[-118.8887,76.5298],[-118.7777,76.5334],[-118.8535,76.555],[-118.7929,76.5577],[-118.73,76.5441],[-118.673,76.5107],[-118.5349,76.5038],[-118.5041,76.5141],[-118.4798,76.5452],[-118.4352,76.555],[-118.3278,76.5498],[-118.3021,76.5677],[-118.326,76.5898],[-118.3482,76.6446],[-118.386,76.6608],[-118.4761,76.6841],[-118.4625,76.6984],[-118.4967,76.7189],[-118.3287,76.7099],[-118.3054,76.7431],[-118.3398,76.7713],[-118.047,76.7643],[-117.9567,76.7819],[-117.8658,76.8233],[-117.8185,76.8247],[-117.773,76.811],[-117.7362,76.7803],[-117.7642,76.7571],[-117.8595,76.7087],[-117.9186,76.6933],[-117.9281,76.6779],[-117.9007,76.6432],[-117.9765,76.6022],[-117.9076,76.5817],[-117.9554,76.5681],[-117.9076,76.5334],[-118.0101,76.505],[-118.0311,76.4862],[-117.9901,76.4656],[-118.0516,76.4451],[-118.0311,76.4309],[-118.0584,76.4104],[-118.007,76.4025],[-117.8666,76.349],[-117.858,76.3305],[-117.8186,76.3251],[-117.6763,76.3266],[-117.6513,76.3168],[-117.6605,76.2943],[-117.5714,76.2716],[-117.3524,76.2596],[-117.277,76.28],[-117.1363,76.2902],[-117.0263,76.3319],[-116.9683,76.3398],[-116.9343,76.3558],[-116.9419,76.3899],[-116.993,76.4204],[-116.9864,76.4624],[-117.0026,76.4787],[-117.0579,76.4947],[-117.0748,76.5261],[-117.0079,76.5522],[-116.9598,76.5557],[-116.8448,76.5403],[-116.7621,76.5731],[-116.52,76.5681],[-116.4513,76.5796],[-116.3248,76.5817],[-116.0832,76.6295],[-115.9781,76.6897],[-115.8928,76.6984],[-115.9635,76.7518],[-115.9952,76.7673],[-115.9952,76.7939],[-116.0402,76.8283],[-116.1749,76.8417],[-116.2631,76.8773],[-116.357,76.9076],[-116.3658,76.9318],[-116.3258,76.9455],[-116.2566,76.9405],[-116.024,76.8987],[-115.9071,76.897],[-115.751,76.9331],[-115.732,76.9486],[-115.7537,76.9648],[-115.8314,76.9728],[-116.2217,77.0417],[-116.2577,77.0559],[-116.2838,77.0827],[-116.2899,77.1119],[-116.3787,77.1282],[-116.3715,77.1455],[-116.3018,77.1483],[-116.2764,77.1645],[-116.2745,77.1898],[-116.2472,77.196],[-115.9278,77.2123],[-115.7761,77.2533],[-115.5371,77.2695],[-115.5058,77.2943],[-115.4581,77.3079],[-115.3926,77.3079],[-115.4608,77.3359],[-115.4478,77.3489],[-115.5753,77.3781],[-115.6584,77.3892],[-115.7765,77.4298],[-115.8502,77.4293],[-115.892,77.4414],[-116.0867,77.4603],[-116.1256,77.4724],[-116.0641,77.4867],[-116.1002,77.4907],[-116.2469,77.527],[-116.3596,77.5277],[-116.3385,77.5407],[-116.4272,77.5482],[-116.4067,77.5624],[-116.9007,77.5364],[-116.9281,77.5277],[-116.774,77.5197],[-116.7568,77.5134],[-116.9136,77.4743],[-116.9812,77.473],[-117.0384,77.4631],[-117.0647,77.4799],[-117.154,77.4587],[-117.0346,77.4314],[-116.994,77.3996],[-116.8524,77.4041],[-116.8519,77.384],[-116.7463,77.4008],[-116.647,77.3904],[-116.6825,77.3706],[-116.8109,77.3427],[-116.7773,77.329],[-116.8131,77.3166],[-116.8602,77.3183],[-117.0333,77.3529],[-117.1559,77.3638],[-117.1744,77.3406],[-117.0973,77.3435],[-117.0101,77.3017],[-117.0392,77.2928],[-117.1336,77.3017],[-117.2311,77.2857],[-117.3806,77.3154],[-117.4551,77.3154],[-117.4744,77.3359],[-117.6134,77.329],[-117.6818,77.3427],[-117.7437,77.3427],[-117.7992,77.3721],[-117.9349,77.3614],[-117.9346,77.3714],[-117.8524,77.3904],[-118.1023,77.3804],[-118.1788,77.3603],[-118.7003,77.3643],[-118.7598,77.3543],[-118.8205,77.361],[-118.8768,77.3369],[-118.9663,77.3196],[-119.1291,77.3283],[-119.1956,77.3176],[-119.2897,77.2888],[-119.3873,77.1925],[-119.4252,77.1806],[-119.5993,77.1518],[-119.6507,77.1164],[-119.7237,77.1162],[-119.827,77.0986],[-119.8544,77.0548],[-119.9224,77.0473],[-119.9308,77.0201],[-120.0384,77.0206],[-120.0911,77.0056],[-120.0936,76.9659],[-120.1874,76.9479],[-120.1688,76.9318],[-120.2281,76.9027],[-120.3697,76.8928],[-120.4294,76.8691],[-120.368,76.8424],[-120.3885,76.8288],[-120.368,76.8145],[-120.512,76.7838],[-120.5519,76.7594],[-120.8141,76.7337],[-120.9195,76.6955],[-121.039,76.6841],[-121.0893,76.6707],[-121.1466,76.6897],[-121.2043,76.6782],[-121.228,76.6212],[-121.314,76.596],[-121.3222,76.5778],[-121.4136,76.5543],[-121.4088,76.5141],[-121.4237,76.5004],[-121.4989,76.4696],[-121.5119,76.4482],[-121.5536,76.437],[-121.7814,76.4252],[-121.9632,76.4373],[-122.3806,76.4085],[-122.4514,76.3818],[-122.594,76.3538],[-122.6343,76.3269],[-122.6496,76.3005],[-122.6413,76.2651],[-122.7116,76.2469],[-122.7254,76.2316],[-122.8317,76.2373],[-122.8617,76.1824],[-122.9247,76.189],[-122.9445,76.1777],[-122.9103,76.1572],[-122.937,76.157],[-122.9586,76.132],[-123.0065,76.123],[-122.9792,76.1087],[-123.0407,76.0883],[-122.9637,76.091],[-122.8899,76.1087],[-122.8478,76.133],[-122.8378,76.1521],[-122.7701,76.1536],[-122.6702,76.1777],[-122.5753,76.1677],[-122.5745,76.1497],[-122.4926,76.1435],[-122.686,76.1237],[-122.7049,76.1156],[-122.519,76.123],[-122.483,76.1024],[-122.5336,76.0678],[-122.5261,76.0616],[-122.6019,76.0336],[-122.6981,76.0207],[-122.6257,76.0131],[-122.5603,76.0268],[-122.6417,75.9885],[-122.7316,75.9784],[-122.6189,75.942],[-122.4259,75.9328],[-122.3753,75.9374],[-122.191,75.9784],[-122.1453,75.9763],[-122.149,75.9971],[-122.1255,76.0412],[-122.0464,76.0336],[-121.8471,76.0452],[-121.8199,76.0297],[-121.685,76.0186],[-121.5529,75.9927],[-121.4949,75.9876],[-121.4163,75.958],[-121.4368,75.9443],[-121.3551,75.9324],[-121.2997,75.9108],[-121.2587,75.9654],[-121.2032,75.9845],[-121.1178,76.0001],[-121.0343,76.0036],[-120.9844,75.9858],[-121.0141,75.9504],[-120.9911,75.9443],[-120.9391,75.9678],[-120.9637,76.0133],[-121.0253,76.0616],[-120.998,76.1025],[-121.0112,76.1389],[-120.9888,76.164],[-120.88,76.1986],[-120.8472,76.1981],[-120.7945,76.1758],[-120.6916,76.1598],[-120.6622,76.1435],[-120.7451,76.1237],[-120.7345,76.0937],[-120.6492,76.1025],[-120.7138,76.0744],[-120.7325,76.0551],[-120.7174,76.0268],[-120.6837,76.0062],[-120.5962,75.9869],[-120.5597,75.9927],[-120.5802,76.0063],[-120.4603,76.0154],[-120.4357,76.0063],[-120.4499,75.9821],[-120.3885,75.9722],[-120.4606,75.9243],[-120.4635,75.8965],[-120.489,75.8471],[-120.4388,75.8105],[-120.3349,75.812],[-120.2597,75.8328],[-120.1609,75.8983],[-120.097,75.8847],[-120.0806,75.8555],[-120.0443,75.8427],[-119.8629,75.8591],[-119.7757,75.8831],[-119.702,75.9218],[-119.607,75.9169],[-119.6487,75.9377],[-119.7032,75.9443],[-119.6353,75.9956],[-119.5953,75.9944],[-119.5111,75.9672],[-119.486,75.9749],[-119.4773,76.0063],[-119.4917,76.0369],[-119.5233,76.0526],[-119.6842,76.0936],[-119.7618,76.0997],[-119.8057,76.1156],[-119.5777,76.112],[-119.5524,76.123],[-119.6758,76.1413],[-119.7032,76.164],[-119.62,76.1618],[-119.5646,76.1718],[-119.5972,76.2025],[-119.7107,76.267],[-119.6604,76.2777],[-119.6554,76.2974],[-119.6776,76.3244],[-119.7169,76.3353],[-119.6715,76.3389],[-119.5759,76.3207],[-119.535,76.3384],[-119.5226,76.3616],[-119.4808,76.3552],[-119.4685,76.2788],[-119.4425,76.2508],[-119.3795,76.2336],[-119.3175,76.1999]]],[[[-113.6863,77.8666],[-113.7015,77.8904],[-113.7373,77.9017],[-113.9513,77.9189],[-114.0699,77.9726],[-114.1146,78.0004],[-114.2578,77.9894],[-114.3169,78.0142],[-114.2691,78.0142],[-114.351,78.0347],[-114.2828,78.0621],[-114.3273,78.0808],[-114.3888,78.0766],[-114.5019,78.0484],[-114.6797,78.0345],[-114.7411,77.9999],[-114.7951,77.9829],[-114.8989,77.9736],[-114.9907,77.958],[-115.0407,77.9682],[-115.1182,77.9597],[-114.8578,77.8598],[-114.7982,77.8503],[-114.667,77.8082],[-114.5819,77.7965],[-114.538,77.783],[-114.5161,77.7604],[-114.6229,77.7741],[-114.6213,77.7568],[-114.4796,77.7514],[-114.3007,77.7133],[-114.1626,77.7067],[-113.7225,77.7692],[-113.6042,77.8109],[-113.6009,77.8324],[-113.6715,77.8459],[-113.6863,77.8666]]],[[[-110.0037,77.9314],[-110.0037,78.0993],[-110.7117,78.1038],[-110.8605,78.0688],[-110.9799,78.0732],[-111.0076,78.0969],[-111.2065,78.0825],[-111.2781,78.09],[-111.392,78.072],[-111.5272,78.0671],[-111.6395,78.0482],[-111.6907,78.0328],[-111.7749,78.0295],[-111.8241,78.0526],[-111.9506,78.0213],[-112.0563,78.0241],[-112.1691,78.0079],[-112.2709,78.0153],[-112.9249,77.9296],[-112.9582,77.9031],[-113.0286,77.8994],[-113.0851,77.9227],[-113.1411,77.9225],[-113.2413,77.905],[-113.2133,77.8908],[-113.2821,77.8624],[-113.3121,77.8388],[-113.3231,77.8082],[-113.3056,77.7768],[-113.2678,77.7598],[-113.186,77.7399],[-113.2338,77.7269],[-113.2102,77.7095],[-113.2192,77.682],[-113.2543,77.6716],[-113.0898,77.6232],[-113.2161,77.6004],[-113.2195,77.5761],[-113.1996,77.5277],[-113.1659,77.5151],[-113.0351,77.5185],[-112.9743,77.5019],[-112.955,77.471],[-112.7778,77.4484],[-112.6374,77.4641],[-112.6006,77.4537],[-112.5063,77.388],[-112.4693,77.3706],[-112.1092,77.3258],[-111.9908,77.3293],[-111.8839,77.3532],[-111.4012,77.4035],[-111.2811,77.4315],[-111.1932,77.4211],[-110.8807,77.4124],[-110.799,77.4433],[-110.7094,77.4528],[-110.5726,77.4553],[-110.2354,77.5042],[-110.1139,77.5427],[-110.0868,77.5715],[-110.1078,77.5875],[-110.1608,77.5924],[-110.1235,77.617],[-110.0559,77.632],[-110.041,77.6444],[-110.0819,77.658],[-110.0683,77.6716],[-110.1161,77.7058],[-110.0808,77.7525],[-110.1295,77.7815],[-110.3446,77.7849],[-110.4083,77.7734],[-110.72,77.7662],[-110.7775,77.8037],[-110.8804,77.8212],[-110.9037,77.8532],[-110.8415,77.8698],[-110.2248,77.898],[-110.1239,77.9212],[-110.0037,77.9314]]],[[[-110.0037,78.329],[-110.0037,78.6869],[-110.1366,78.6989],[-110.2377,78.7279],[-110.3663,78.7441],[-110.4269,78.7663],[-110.7147,78.7531],[-110.741,78.758],[-110.8441,78.7306],[-110.9796,78.72],[-111.1317,78.6916],[-111.1644,78.6989],[-111.2756,78.6702],[-111.3144,78.6484],[-111.4381,78.6442],[-111.3767,78.6238],[-111.4202,78.6066],[-111.816,78.5489],[-111.9267,78.5607],[-112.0355,78.5517],[-112.1501,78.557],[-112.3546,78.54],[-112.4927,78.512],[-112.682,78.4983],[-112.7809,78.4731],[-113.1018,78.4277],[-113.1498,78.4099],[-113.2142,78.4066],[-113.2208,78.3637],[-113.3362,78.3364],[-113.2483,78.285],[-113.1852,78.2736],[-113.0615,78.2744],[-112.8397,78.3065],[-112.786,78.3087],[-112.7557,78.3264],[-112.1755,78.3774],[-112.0287,78.3519],[-111.9801,78.35],[-111.8906,78.329],[-111.8708,78.3022],[-111.7785,78.2702],[-111.434,78.2746],[-111.4093,78.2818],[-111.432,78.3085],[-111.4115,78.3298],[-111.2787,78.3218],[-111.2401,78.3364],[-111.3153,78.3699],[-111.2889,78.3798],[-111.1546,78.3905],[-111.0261,78.3749],[-110.9459,78.35],[-110.8629,78.3391],[-110.8403,78.3152],[-110.3324,78.286],[-110.0037,78.329]]],[[[-136.2119,69.1793],[-136.2477,69.1717],[-136.1807,69.1335],[-136.1773,69.1165],[-136.2253,69.1206],[-136.2219,69.1057],[-136.1676,69.0867],[-136.1196,69.0793],[-136.087,69.0901],[-136.0063,69.0903],[-136.0215,69.1084],[-136.1455,69.1614],[-136.2119,69.1793]]],[[[-135.706,69.5088],[-135.7879,69.5058],[-135.8411,69.4957],[-135.8409,69.4814],[-135.7672,69.4814],[-135.7099,69.4743],[-135.6362,69.4513],[-135.5952,69.4484],[-135.5912,69.4671],[-135.706,69.5088]]]]},"properties":{"name":"Northwest Territories","name_en":"Northwest Territories","name_ja":"ノースウエスト準州","name_zh":"西北地区","name_ko":"노스웨스트 준","adm0_a3":"CAN","postal":"NT","iso_3166_2":"CA-NT","type_en":"Territory","region":"Northern Canada","geonunit":"Canada"}},
{"type":"Feature","geometry":{"type":"Polygon","coordinates":[[[-62.004,46.4641],[-62.0991,46.4837],[-62.1852,46.487],[-62.2646,46.4738],[-62.3573,46.4793],[-62.5169,46.4758],[-62.5658,46.4709],[-62.5856,46.4783],[-62.6117,46.4676],[-62.6741,46.4644],[-62.7023,46.4572],[-62.6772,46.4477],[-62.5856,46.4374],[-62.5856,46.4299],[-62.7645,46.449],[-62.8196,46.4374],[-62.8121,46.4299],[-62.8238,46.4151],[-62.8497,46.4374],[-62.9532,46.4241],[-63.0811,46.4209],[-63.1947,46.4311],[-63.2381,46.4074],[-63.2504,46.4299],[-63.2572,46.4231],[-63.3056,46.451],[-63.3178,46.489],[-63.3323,46.4988],[-63.399,46.5121],[-63.4365,46.5125],[-63.4289,46.4975],[-63.4455,46.4675],[-63.4566,46.4674],[-63.4819,46.4926],[-63.5008,46.4997],[-63.4947,46.5312],[-63.5367,46.5447],[-63.6389,46.567],[-63.6769,46.5681],[-63.7108,46.5584],[-63.7301,46.5329],[-63.7023,46.5193],[-63.7342,46.5107],[-63.7318,46.496],[-63.6966,46.4572],[-63.7089,46.4442],[-63.7296,46.4433],[-63.8134,46.4559],[-63.833,46.4819],[-63.813,46.4895],[-63.8258,46.5193],[-63.8605,46.5063],[-63.9198,46.4927],[-63.9356,46.4783],[-63.942,46.5003],[-63.9216,46.5112],[-63.881,46.5224],[-63.8517,46.5737],[-63.8332,46.5808],[-63.8468,46.6013],[-63.8336,46.6124],[-63.8548,46.6329],[-63.8712,46.6032],[-63.9066,46.608],[-63.9151,46.6291],[-63.894,46.6154],[-63.881,46.6291],[-63.8866,46.6512],[-63.939,46.6953],[-63.9834,46.7173],[-63.9698,46.7452],[-63.9856,46.7541],[-64.0349,46.7452],[-64.0719,46.7578],[-64.0933,46.78],[-64.079,46.8135],[-64.0597,46.8066],[-64.0555,46.8193],[-64.038,46.821],[-64.025,46.8483],[-63.9748,46.894],[-63.9732,46.906],[-63.9901,46.9333],[-63.9978,46.971],[-63.9959,47.0097],[-63.9834,47.04],[-63.9971,47.0673],[-64.0527,47.0215],[-64.1627,46.9562],[-64.2313,46.9033],[-64.2594,46.8664],[-64.2723,46.825],[-64.2909,46.8096],[-64.3335,46.7862],[-64.3695,46.7588],[-64.4015,46.723],[-64.4168,46.6828],[-64.4024,46.6422],[-64.383,46.6278],[-64.3643,46.6269],[-64.3226,46.6353],[-64.2305,46.6353],[-64.1969,46.6178],[-64.1655,46.6096],[-64.1448,46.5978],[-64.131,46.5991],[-64.0727,46.6422],[-64.079,46.5978],[-64.0619,46.57],[-64.079,46.5665],[-64.0727,46.5534],[-64.108,46.5444],[-64.1146,46.5126],[-64.1107,46.4738],[-64.1144,46.4435],[-64.1249,46.4497],[-64.1375,46.429],[-64.1245,46.4097],[-64.0827,46.4094],[-63.9872,46.3996],[-63.9561,46.4094],[-63.9345,46.423],[-63.9083,46.4156],[-63.8884,46.4026],[-63.8714,46.4094],[-63.8399,46.397],[-63.7668,46.3994],[-63.7369,46.3964],[-63.7369,46.389],[-63.7649,46.3821],[-63.7159,46.3542],[-63.7393,46.3567],[-63.8059,46.3747],[-63.7848,46.3411],[-63.8012,46.3488],[-63.8,46.3319],[-63.7848,46.32],[-63.713,46.2898],[-63.6946,46.2565],[-63.6756,46.2426],[-63.6278,46.2238],[-63.5873,46.2163],[-63.567,46.2231],[-63.535,46.2108],[-63.4992,46.2225],[-63.4806,46.2199],[-63.4503,46.196],[-63.4288,46.1972],[-63.4184,46.1856],[-63.3726,46.1719],[-63.3356,46.1657],[-63.2843,46.147],[-63.2572,46.1419],[-63.2334,46.1455],[-63.2082,46.1652],[-63.1473,46.1835],[-63.1477,46.2063],[-63.1753,46.2177],[-63.1891,46.1953],[-63.2149,46.1911],[-63.2709,46.1972],[-63.2709,46.2046],[-63.2333,46.2046],[-63.2076,46.2208],[-63.1747,46.2277],[-63.1737,46.2382],[-63.1957,46.2723],[-63.1616,46.2592],[-63.1343,46.2381],[-63.1204,46.2443],[-63.0968,46.2727],[-63.0697,46.2833],[-63.0436,46.3016],[-62.981,46.3194],[-62.963,46.32],[-62.9803,46.3055],[-63.0381,46.2866],[-63.0491,46.265],[-63.0611,46.2669],[-63.0729,46.2456],[-63.0933,46.2381],[-63.1168,46.2158],[-62.9974,46.1793],[-62.976,46.1835],[-62.9897,46.1972],[-62.976,46.2046],[-62.9355,46.1872],[-62.9282,46.1767],[-62.952,46.1664],[-62.9565,46.1448],[-62.9479,46.128],[-62.9316,46.132],[-62.8955,46.1575],[-62.8782,46.1556],[-62.8661,46.1357],[-62.887,46.1296],[-62.9176,46.1013],[-62.9503,46.0915],[-62.9736,46.0769],[-63.0306,46.0668],[-62.9967,46.062],[-62.909,46.0719],[-62.8873,46.0532],[-62.9346,46.053],[-62.9316,46.0426],[-62.9048,46.0253],[-62.8736,46.0184],[-62.8941,46.0054],[-62.8463,45.978],[-62.7774,45.9643],[-62.7567,45.9525],[-62.7367,45.967],[-62.7147,45.9704],[-62.6839,45.9656],[-62.5452,45.9718],[-62.4856,45.9899],[-62.4559,46.0252],[-62.5105,46.0184],[-62.5719,46.0388],[-62.5275,46.0573],[-62.4726,46.0634],[-62.4559,46.0805],[-62.4532,46.1076],[-62.4642,46.1352],[-62.4864,46.1527],[-62.5173,46.1494],[-62.4807,46.1352],[-62.4757,46.1214],[-62.5416,46.1282],[-62.5422,46.1458],[-62.531,46.1699],[-62.587,46.1774],[-62.6068,46.1835],[-62.5719,46.1903],[-62.5992,46.2108],[-62.5731,46.2074],[-62.5244,46.1868],[-62.4969,46.1835],[-62.513,46.2016],[-62.5856,46.2275],[-62.5764,46.239],[-62.5139,46.2177],[-62.4373,46.2163],[-62.4211,46.2238],[-62.4237,46.2451],[-62.4469,46.2591],[-62.4969,46.2723],[-62.4713,46.2805],[-62.3904,46.2661],[-62.3657,46.2714],[-62.3678,46.2844],[-62.4006,46.3132],[-62.3845,46.3057],[-62.3318,46.3132],[-62.3461,46.3243],[-62.348,46.3456],[-62.3597,46.361],[-62.3394,46.3594],[-62.2914,46.3411],[-62.2709,46.3542],[-62.2839,46.3821],[-62.2276,46.3459],[-62.1656,46.3584],[-62.0313,46.4149],[-61.977,46.4547],[-62.004,46.4641]]]},"properties":{"name":"Prince Edward Island","name_en":"Prince Edward Island","name_ja":"プリンスエドワードアイランド州","name_zh":"爱德华王子岛","name_ko":"프린스에드워드아일랜드","adm0_a3":"CAN","postal":"PE","iso_3166_2":"CA-PE","type_en":"Province","region":"Eastern Canada","geonunit":"Canada"}}
]}