{"type":"FeatureCollection", "features": [
{"type":"Feature","geometry":{"type":"Polygon","coordinates":[[[96.3663,42.7229],[96.3506,42.7409],[96.3372,42.8665],[96.3187,42.9101],[96.2943,42.9333],[95.9085,43.2145],[95.8744,43.2471],[95.855,43.2845],[95.8454,43.3265],[95.8414,43.3725],[95.8328,43.4089],[95.6925,43.6305],[95.5892,43.8695],[95.5353,43.9577],[95.5103,43.9791],[95.4749,43.9866],[95.4227,43.9886],[95.3275,44.0067],[95.319,44.0171],[95.3188,44.0407],[95.3283,44.0982],[95.3214,44.1484],[95.3271,44.1683],[95.3406,44.1875],[95.3475,44.2149],[95.3892,44.2608],[95.3977,44.2805],[95.3794,44.2871],[95.0368,44.255],[94.9938,44.2594],[94.9058,44.2942],[94.7209,44.3358],[94.6982,44.3435],[94.6572,44.3888],[94.5881,44.4361],[94.4603,44.4933],[94.4301,44.5045],[94.3664,44.5043],[94.3385,44.5121],[94.3219,44.528],[94.2955,44.5714],[94.2775,44.5896],[94.195,44.6543],[94.149,44.6672],[94.1037,44.6516],[94.0586,44.6513],[93.9751,44.66],[93.9274,44.6729],[93.8745,44.7142],[93.714,44.8746],[93.6883,44.8911],[93.5253,44.9513],[93.4206,44.9551],[93.3999,44.9606],[93.341,44.9849],[93.3172,44.9859],[93.269,44.9801],[93.2442,44.9815],[93.1657,45.0076],[93.1392,45.0099],[93.0524,45.0035],[93.0139,45.0093],[92.9749,45.0047],[92.9451,45.0058],[92.9162,45.0146],[92.861,45.0379],[92.7989,45.0332],[92.7527,45.038],[92.6385,45.0156],[92.5721,45.013],[92.4751,44.9975],[92.459,44.9979],[92.3965,45.0131],[92.331,45.0078],[92.2854,45.0195],[92.2679,45.0195],[92.2189,45.0101],[92.1937,45.0145],[92.1084,45.0582],[92.0757,45.0689],[92.0094,45.0762],[91.9191,45.0656],[91.747,45.0724],[91.663,45.0595],[91.564,45.0771],[91.534,45.0711],[91.5218,45.0775],[91.4561,45.1375],[91.4385,45.1461],[91.4169,45.1457],[91.3665,45.1143],[91.3467,45.1137],[91.2491,45.1297],[91.1843,45.1538],[91.1698,45.1635],[91.135,45.1979],[91.1013,45.2107],[91.0568,45.2176],[91.0113,45.2189],[90.9751,45.2149],[90.9055,45.186],[90.8732,45.1862],[90.8576,45.2151],[90.8666,45.2536],[90.8544,45.2706],[90.8372,45.28],[90.7966,45.2928],[90.791,45.3043],[90.7905,45.3377],[90.7626,45.3916],[90.7533,45.421],[90.738,45.4417],[90.6723,45.4757],[90.6511,45.4931],[90.6966,45.73],[90.7108,45.7522],[90.9192,45.9501],[90.9862,45.9931],[91.0024,46.0218],[91.0054,46.0681],[90.9959,46.1137],[90.9488,46.1683],[90.8992,46.2817],[90.8962,46.302],[90.906,46.3173],[90.9358,46.3439],[90.9861,46.4353],[91.0014,46.475],[91.0356,46.5291],[91.0475,46.5664],[91.0325,46.5799],[90.9959,46.5946],[90.9981,46.6203],[91.0117,46.6629],[91.0156,46.7032],[91.0048,46.7404],[90.9751,46.7741],[90.9394,46.7989],[90.9253,46.8131],[90.92,46.8336],[90.9344,46.8568],[90.9328,46.8748],[90.9101,46.8924],[90.8851,46.9447],[90.8698,46.9603],[90.8282,46.9823],[90.7424,46.9919],[90.7121,47.0147],[90.4687,47.3089],[90.4685,47.3235],[90.4856,47.3449],[90.4872,47.3782],[90.4752,47.3911],[90.4482,47.404],[90.4417,47.4305],[90.4412,47.493],[90.4273,47.5066],[90.3946,47.5247],[90.3816,47.5384],[90.352,47.5883],[90.3274,47.623],[90.3496,47.6478],[90.3448,47.6586],[90.3021,47.6785],[90.2097,47.6957],[90.1634,47.71],[90.12,47.7301],[90.0829,47.7561],[90.0588,47.7895],[90.0522,47.8107],[90.0644,47.8506],[90.0599,47.8688],[90.0446,47.8798],[90.0025,47.8804],[89.9632,47.8887],[89.9467,47.8832],[89.9344,47.8443],[89.9214,47.8321],[89.8891,47.8243],[89.7835,47.8185],[89.7513,47.8243],[89.7402,47.8362],[89.7234,47.8782],[89.7073,47.889],[89.6553,47.8998],[89.6274,47.9439],[89.5966,47.9526],[89.5756,47.976],[89.5719,48.0205],[89.5418,48.031],[89.5037,48.03],[89.4753,48.023],[89.4092,48.0231],[89.3692,48.0382],[89.3343,48.0324],[89.244,47.9802],[89.2187,47.977],[89.1671,47.984],[89.0747,47.9843],[89.0456,47.993],[88.9323,48.097],[88.9168,48.106],[88.8893,48.1109],[88.8315,48.1052],[88.8054,48.106],[88.7753,48.1206],[88.7092,48.1664],[88.6807,48.173],[88.6358,48.1758],[88.5962,48.1977],[88.5808,48.212],[88.5612,48.2683],[88.5588,48.2881],[88.573,48.3253],[88.5651,48.343],[88.5027,48.3926],[88.4791,48.4001],[88.4167,48.3941],[88.3834,48.4087],[88.3321,48.454],[88.3049,48.469],[88.2356,48.4932],[88.166,48.4937],[88.0882,48.5261],[88.0718,48.5388],[88.052,48.5432],[88.0166,48.5398],[87.983,48.5523],[87.9518,48.5752],[87.9428,48.5995],[87.9896,48.6242],[88.0102,48.6534],[88.055,48.6734],[88.0639,48.6826],[88.0594,48.7081],[88.0338,48.7291],[87.9755,48.756],[87.9524,48.7611],[87.9076,48.7588],[87.8417,48.7793],[87.8059,48.8006],[87.7961,48.8398],[87.7547,48.8573],[87.7379,48.8694],[87.7357,48.8867],[87.7569,48.9204],[87.8359,48.9459],[87.8726,48.968],[87.8722,49.0041],[87.8569,49.0156],[87.8219,49.0287],[87.816,49.0506],[87.8355,49.1007],[87.8324,49.1239],[87.8163,49.1658],[87.7164,49.1589],[87.5253,49.1198],[87.5001,49.1192],[87.4756,49.0876],[87.4384,49.0747],[87.4004,49.071],[87.3623,49.0751],[87.3238,49.0853],[87.2007,49.1087],[87.162,49.1228],[87.1163,49.1298],[86.9754,49.0924],[86.9466,49.0945],[86.8873,49.1068],[86.8595,49.1053],[86.8382,49.0939],[86.8162,49.0585],[86.7989,49.0422],[86.7601,49.0201],[86.7275,48.9903],[86.7094,48.9542],[86.718,48.9125],[86.7419,48.8787],[86.7737,48.8585],[86.7895,48.8391],[86.7647,48.8076],[86.7392,48.7835],[86.7519,48.7292],[86.7445,48.7035],[86.669,48.6342],[86.6211,48.6032],[86.5936,48.5741],[86.5651,48.5273],[86.5464,48.5172],[86.4306,48.4859],[86.3338,48.4904],[86.3074,48.4831],[86.2467,48.4374],[86.192,48.4182],[86.006,48.4296],[85.7837,48.4076],[85.7474,48.3901],[85.7187,48.3588],[85.5864,48.1412],[85.5618,48.0307],[85.5471,47.993],[85.5178,47.9446],[85.5154,47.9203],[85.5954,47.6241],[85.5958,47.5909],[85.58,47.5238],[85.5846,47.4929],[85.6002,47.4632],[85.6704,47.3843],[85.6789,47.3638],[85.6672,47.3261],[85.679,47.2907],[85.679,47.2749],[85.6597,47.2065],[85.6473,47.1979],[85.6016,47.1944],[85.5568,47.1787],[85.5471,47.162],[85.5386,47.1279],[85.5169,47.1003],[85.4986,47.0518],[85.4321,47.0531],[85.3037,47.0394],[85.2461,47.0444],[85.2051,47.0337],[85.1674,46.993],[85.146,46.9781],[85.0772,46.9433],[85.0354,46.915],[84.9904,46.9077],[84.9594,46.8909],[84.9368,46.861],[84.916,46.8506],[84.8402,46.8391],[84.7671,46.8181],[84.7396,46.8148],[84.7198,46.8213],[84.7155,46.8352],[84.7496,46.8825],[84.7516,46.918],[84.7317,46.9478],[84.6992,46.9702],[84.6635,46.9839],[84.616,46.9863],[84.521,46.9698],[84.4758,46.9752],[84.4218,46.9931],[84.3886,46.993],[84.2658,47.0001],[84.1591,46.9933],[84.094,46.9674],[84.0696,46.9644],[83.9992,46.9743],[83.9053,46.974],[83.5245,47.0671],[83.3534,47.145],[83.3142,47.158],[83.222,47.1719],[83.2019,47.1804],[83.1504,47.2115],[83.0991,47.2197],[83.0469,47.2147],[83.0215,47.2059],[83.0135,47.1946],[83.0152,47.1544],[83.0013,47.1214],[82.9995,47.1],[83.0055,47.0698],[82.9855,47.0125],[82.9934,46.9756],[82.9855,46.9425],[82.839,46.7324],[82.7474,46.4933],[82.7078,46.4342],[82.6893,46.3625],[82.6744,46.3311],[82.6079,46.2552],[82.5683,46.1965],[82.5419,46.1315],[82.5159,45.9932],[82.4889,45.9017],[82.4758,45.8732],[82.4475,45.8254],[82.3722,45.7342],[82.336,45.6351],[82.3046,45.5829],[82.2915,45.5332],[82.3275,45.4933],[82.3627,45.4812],[82.513,45.4658],[82.6157,45.4354],[82.632,45.4158],[82.6364,45.3789],[82.6339,45.3394],[82.6146,45.2486],[82.5852,45.1768],[82.5397,45.1237],[82.4758,45.1157],[82.4275,45.1372],[82.3418,45.2049],[82.2946,45.2282],[82.2453,45.2318],[82.1918,45.2222],[82.0005,45.1535],[81.9501,45.1445],[81.9101,45.158],[81.8753,45.1811],[81.8073,45.1887],[81.7885,45.2091],[81.7814,45.2666],[81.7652,45.3077],[81.7393,45.3381],[81.7048,45.3399],[81.6652,45.348],[81.6226,45.3343],[81.542,45.2933],[81.1442,45.2047],[81.0625,45.1722],[81.0219,45.1616],[80.976,45.1611],[80.8539,45.1265],[80.8276,45.1258],[80.7457,45.1443],[80.6971,45.1437],[80.5368,45.1011],[80.4676,45.1063],[80.4454,45.1042],[80.4251,45.0921],[80.4064,45.0566],[80.3901,45.0458],[80.365,45.0432],[80.2905,45.0462],[80.219,45.026],[80.1476,45.0345],[80.1034,45.0322],[80.0617,45.019],[80.0238,44.9933],[79.9247,44.9317],[79.8782,44.9147],[79.8582,44.9037],[79.843,44.8735],[79.8686,44.8494],[79.9917,44.7936],[80.0394,44.7905],[80.2183,44.8181],[80.2632,44.8094],[80.3145,44.7803],[80.4762,44.7354],[80.4923,44.728],[80.492,44.7017],[80.4762,44.6937],[80.4111,44.6828],[80.3763,44.6713],[80.3558,44.6529],[80.3592,44.6326],[80.3838,44.6028],[80.3645,44.5697],[80.3379,44.494],[80.3304,44.4531],[80.3329,44.4174],[80.373,44.2702],[80.3732,44.231],[80.346,44.1589],[80.3389,44.1215],[80.3451,44.1031],[80.3923,44.0655],[80.41,44.0319],[80.4127,43.9932],[80.4399,43.949],[80.4762,43.9102],[80.5944,43.6846],[80.7127,43.4589],[80.7101,43.4259],[80.6942,43.3947],[80.6429,43.3262],[80.6585,43.3106],[80.696,43.3033],[80.7355,43.2889],[80.7558,43.2576],[80.7652,43.1999],[80.7882,43.1682],[80.7934,43.1495],[80.7879,43.128],[80.7734,43.1129],[80.7315,43.1011],[80.7108,43.1048],[80.66,43.1328],[80.6185,43.1343],[80.5759,43.1194],[80.4979,43.0762],[80.4102,43.0487],[80.3681,43.0285],[80.3551,43.0006],[80.3738,42.9752],[80.4077,42.9547],[80.4762,42.9303],[80.5219,42.9254],[80.5429,42.9167],[80.5545,42.8989],[80.5486,42.8785],[80.5267,42.8684],[80.4762,42.8639],[80.4005,42.843],[80.3817,42.8314],[80.3339,42.8171],[80.3168,42.8156],[80.2649,42.8237],[80.2483,42.8162],[80.2275,42.791],[80.2054,42.7311],[80.1889,42.7016],[80.1525,42.6604],[80.14,42.623],[80.1535,42.5915],[80.1624,42.5524],[80.2001,42.5084],[80.2121,42.4788],[80.1947,42.4463],[80.2187,42.3549],[80.2255,42.339],[80.2495,42.31],[80.2684,42.238],[80.2605,42.2165],[80.2491,42.2049],[80.2103,42.1895],[80.2165,42.1744],[80.2246,42.1256],[80.2565,42.0844],[80.2576,42.0653],[80.2312,42.0337],[80.1819,42.021],[79.9309,42.0233],[79.8795,42.0132],[79.8429,42.0018],[79.8128,41.9776],[79.7926,41.9228],[79.7833,41.9051],[79.7475,41.8797],[79.703,41.8749],[79.6557,41.8758],[79.611,41.8676],[79.5547,41.8376],[79.4899,41.8193],[79.411,41.7786],[79.3674,41.7724],[79.3041,41.7876],[79.2649,41.7745],[79.2175,41.7412],[79.1745,41.7226],[79.1279,41.7143],[79.0887,41.7025],[78.9762,41.6418],[78.9158,41.6332],[78.8974,41.6263],[78.8073,41.5784],[78.6721,41.5384],[78.645,41.5237],[78.6291,41.488],[78.6192,41.4781],[78.584,41.466],[78.5104,41.4544],[78.4176,41.4005],[78.3599,41.3775],[78.3435,41.362],[78.3393,41.344],[78.3569,41.3055],[78.3597,41.2875],[78.3495,41.2704],[78.2916,41.2408],[78.2754,41.2289],[78.2503,41.2005],[78.2045,41.1337],[78.176,41.1055],[78.075,41.0395],[78.0365,41.0361],[77.9976,41.0498],[77.8667,41.0641],[77.831,41.063],[77.7976,41.0547],[77.6656,41.0013],[77.6318,40.9958],[77.5807,40.9977],[77.5035,40.9811],[77.4749,40.982],[77.3888,41.0117],[77.333,41.0207],[77.3012,41.0193],[77.2432,41.0057],[77.1188,41.0117],[77.0886,41.0196],[77.035,41.0403],[77.0077,41.0442],[76.9001,41.0258],[76.861,41.0132],[76.8209,40.9778],[76.7668,40.9447],[76.7574,40.9258],[76.7708,40.8671],[76.7625,40.847],[76.7469,40.8345],[76.7073,40.8176],[76.6742,40.7954],[76.6479,40.7649],[76.6308,40.7289],[76.6242,40.6275],[76.6094,40.5971],[76.5564,40.5657],[76.5312,40.535],[76.4989,40.4646],[76.4765,40.4361],[76.4491,40.4155],[76.362,40.3719],[76.3302,40.3481],[76.3135,40.3433],[76.2994,40.3557],[76.2833,40.4173],[76.2734,40.4341],[76.2442,40.4412],[76.2154,40.4166],[76.185,40.3842],[76.1514,40.3681],[76.1325,40.3715],[76.0761,40.392],[76.0516,40.3902],[75.9624,40.3573],[75.9215,40.3091],[75.9019,40.2989],[75.8586,40.2964],[75.7938,40.3089],[75.7505,40.3083],[75.7045,40.2931],[75.6818,40.2917],[75.6649,40.3057],[75.6402,40.3673],[75.6383,40.3861],[75.6464,40.4053],[75.6693,40.4324],[75.6669,40.4502],[75.629,40.4813],[75.6108,40.5129],[75.6056,40.5694],[75.5877,40.6119],[75.5599,40.6329],[75.5238,40.6332],[75.4818,40.6141],[75.2632,40.4802],[75.2292,40.4703],[75.2125,40.4447],[75.1939,40.4413],[75.1381,40.4639],[75.1132,40.4608],[75.0644,40.4438],[75.0391,40.4411],[75.0024,40.4473],[74.9661,40.4593],[74.8792,40.5051],[74.8564,40.5132],[74.8354,40.5116],[74.8201,40.494],[74.7874,40.4207],[74.7946,40.4055],[74.8417,40.3721],[74.8539,40.3588],[74.8621,40.3262],[74.8309,40.3199],[74.7467,40.3365],[74.7247,40.3375],[74.7058,40.3313],[74.6544,40.2915],[74.5987,40.2662],[74.5654,40.247],[74.4766,40.1724],[74.3699,40.1058],[74.3338,40.0937],[74.3029,40.0901],[74.2723,40.0938],[74.2031,40.1099],[74.1676,40.1064],[74.1329,40.0953],[74.1012,40.0788],[74.0695,40.0678],[74.004,40.0608],[73.9767,40.0436],[73.9579,40.0214],[73.944,39.9701],[73.9076,39.9379],[73.8932,39.9181],[73.8854,39.8765],[73.8729,39.8568],[73.8441,39.8381],[73.823,39.8057],[73.8198,39.7667],[73.8295,39.747],[73.8793,39.7279],[73.8935,39.7104],[73.8996,39.6895],[73.9043,39.6465],[73.9268,39.5929],[73.9216,39.5821],[73.8831,39.5612],[73.8592,39.5243],[73.848,39.4897],[73.8383,39.4757],[73.8207,39.4682],[73.6326,39.4483],[73.6319,39.4288],[73.6426,39.3718],[73.6413,39.3353],[73.6101,39.2655],[73.6023,39.2358],[73.6078,39.2073],[73.6314,39.1751],[73.6738,39.1426],[73.683,39.1287],[73.6982,39.0784],[73.7093,39.0655],[73.7687,39.0299],[73.8016,39.0014],[73.816,38.9938],[73.8291,38.9602],[73.8239,38.9449],[73.8096,38.9327],[73.7879,38.9271],[73.7399,38.9269],[73.7172,38.9186],[73.689,38.8911],[73.6808,38.873],[73.6837,38.8549],[73.7359,38.8004],[73.739,38.7811],[73.7327,38.7372],[73.7364,38.7217],[73.7723,38.6746],[73.7791,38.6602],[73.7886,38.6186],[73.7974,38.6028],[73.8336,38.578],[73.8871,38.559],[73.9329,38.5297],[74.0289,38.5272],[74.0455,38.5304],[74.0588,38.547],[74.0381,38.5792],[74.0373,38.5985],[74.0844,38.614],[74.0914,38.6204],[74.095,38.6458],[74.1091,38.6623],[74.1404,38.6692],[74.202,38.6523],[74.2438,38.6502],[74.3134,38.6692],[74.3342,38.667],[74.4766,38.6121],[74.6461,38.5611],[74.6965,38.524],[74.742,38.5231],[74.7763,38.5107],[74.8013,38.4828],[74.8329,38.4636],[74.8444,38.4172],[74.8383,38.3794],[74.8267,38.3632],[74.7843,38.3257],[74.7711,38.2915],[74.7713,38.1963],[74.7907,38.0814],[74.8099,38.0532],[74.8804,38.0217],[74.8928,37.994],[74.8888,37.9309],[74.894,37.8923],[74.9137,37.8808],[74.8946,37.8521],[74.8832,37.8439],[74.8984,37.8176],[74.9493,37.7953],[74.9615,37.7855],[74.9652,37.7675],[74.9544,37.7477],[74.9319,37.7216],[74.9236,37.6953],[74.8861,37.6535],[74.8822,37.6344],[74.8919,37.5992],[74.915,37.5707],[74.9452,37.5486],[75.0359,37.5064],[75.0534,37.4938],[75.104,37.4406],[75.1325,37.4185],[75.1641,37.4006],[75.1152,37.3878],[75.0918,37.3784],[75.0796,37.3612],[75.0771,37.3242],[75.0684,37.3121],[74.9754,37.2843],[74.9515,37.2813],[74.9329,37.2725],[74.9127,37.239],[74.8923,37.2311],[74.8131,37.2154],[74.7833,37.2197],[74.744,37.2884],[74.7215,37.2978],[74.6709,37.2613],[74.651,37.2596],[74.6233,37.2308],[74.609,37.2302],[74.59,37.2434],[74.5322,37.2322],[74.5001,37.2316],[74.4873,37.2259],[74.4676,37.1899],[74.4567,37.1773],[74.4203,37.1681],[74.3823,37.172],[74.3683,37.1671],[74.3661,37.1478],[74.3826,37.1266],[74.4144,37.1078],[74.4766,37.0831],[74.4941,37.0665],[74.5192,37.0302],[74.5424,37.0217],[74.5618,37.0297],[74.6261,37.0428],[74.6625,37.0545],[74.678,37.0517],[74.6922,37.0359],[74.7192,37.0165],[74.7926,37.0152],[74.8245,36.9941],[74.8609,36.9469],[74.8724,36.9071],[74.8858,36.9114],[74.9008,36.9499],[74.9105,36.9626],[74.9423,36.977],[74.9768,36.9843],[75.0145,36.9845],[75.1001,36.9941],[75.1328,36.9847],[75.1612,36.9642],[75.1951,36.9489],[75.3135,36.9288],[75.3513,36.9158],[75.378,36.8943],[75.3945,36.8643],[75.4014,36.8259],[75.4034,36.7848],[75.4105,36.7473],[75.4319,36.7229],[75.4926,36.7207],[75.508,36.7476],[75.5705,36.7667],[75.6498,36.754],[75.7287,36.7232],[75.7905,36.6878],[75.8498,36.6447],[75.8748,36.6195],[75.9766,36.4626],[75.9874,36.4212],[75.9686,36.3418],[75.9688,36.302],[75.9766,36.287],[76.0119,36.2481],[76.0144,36.2304],[75.9834,36.2154],[75.9701,36.2023],[75.9766,36.1628],[75.9642,36.1498],[75.9146,36.1239],[75.9014,36.1136],[75.8943,36.0974],[75.9,36.0635],[75.9223,36.0317],[75.953,36.0073],[75.9843,35.9956],[76.0614,35.9916],[76.09,35.9781],[76.1147,35.9418],[76.1238,35.9035],[76.1278,35.8621],[76.1381,35.8267],[76.166,35.8062],[76.1898,35.805],[76.2604,35.8178],[76.312,35.8097],[76.3489,35.831],[76.3841,35.8282],[76.4031,35.831],[76.4321,35.8605],[76.4765,35.8653],[76.5002,35.8715],[76.5372,35.9025],[76.5555,35.8979],[76.5653,35.8655],[76.5511,35.784],[76.5708,35.7513],[76.6042,35.7357],[76.6767,35.7138],[76.709,35.6941],[76.7454,35.655],[76.7634,35.6471],[76.8246,35.6478],[76.843,35.6413],[76.8805,35.6007],[76.8964,35.5896],[76.9358,35.5796],[76.9764,35.5787],[77.039,35.585],[77.0711,35.571],[77.1053,35.538],[77.1413,35.5254],[77.1775,35.5232],[77.2508,35.5307],[77.2811,35.528],[77.3054,35.5178],[77.352,35.4861],[77.3837,35.472],[77.4128,35.4694],[77.4764,35.4772],[77.5122,35.4785],[77.6606,35.4581],[77.6897,35.4627],[77.7474,35.4943],[77.7736,35.499],[77.8003,35.4954],[77.8342,35.4522],[77.8571,35.4366],[77.8831,35.4311],[77.9127,35.441],[77.9579,35.4821],[77.9859,35.4942],[78.0443,35.4916],[78.0556,35.4529],[78.0381,35.3981],[78.0098,35.3475],[78.0012,35.2689],[78.0364,35.1942],[78.13,35.0554],[78.1392,35.0189],[78.1481,34.9431],[78.1622,34.9088],[78.2025,34.8657],[78.2114,34.8483],[78.2732,34.6589],[78.296,34.6247],[78.3353,34.5944],[78.3794,34.5787],[78.6073,34.5465],[78.6646,34.5264],[78.7507,34.4713],[78.8017,34.415],[78.8392,34.3969],[78.8859,34.3858],[78.9221,34.3723],[78.9569,34.34],[78.9854,34.3501],[79.0377,34.3847],[79.2045,34.4394],[79.2398,34.4405],[79.3384,34.4308],[79.3809,34.4391],[79.4341,34.4617],[79.4811,34.4712],[79.5126,34.4717],[79.6025,34.4587],[79.6539,34.4418],[79.7173,34.4128],[79.757,34.4111],[79.7806,34.4191],[79.794,34.431],[79.8627,34.5212],[79.8793,34.5502],[79.9138,34.6255],[79.9563,34.6848],[79.9634,34.7209],[79.953,34.7578],[79.9167,34.7984],[79.9076,34.8183],[79.9026,34.8561],[79.8812,34.8939],[79.8838,34.9196],[79.9003,34.9381],[79.9263,34.9547],[79.9516,34.9619],[80.001,34.9684],[80.0194,34.9753],[80.0379,34.99],[80.0469,35.0177],[80.0402,35.0407],[80.0193,35.0643],[80.0142,35.0859],[80.0366,35.1199],[80.0973,35.1793],[80.1505,35.2195],[80.1762,35.2532],[80.2356,35.3752],[80.2542,35.4027],[80.2629,35.4357],[80.2596,35.5142],[80.2742,35.5276],[80.3192,35.5093],[80.3881,35.4576],[80.486,35.4042],[80.5413,35.3909],[80.6561,35.3843],[80.6768,35.3792],[80.7192,35.3571],[80.7661,35.3434],[80.8299,35.348],[80.8585,35.3471],[80.8932,35.3374],[80.9556,35.3031],[80.9789,35.2934],[81.0191,35.2963],[81.0369,35.3108],[81.0341,35.3551],[81.0426,35.3744],[81.0609,35.3886],[81.0914,35.3838],[81.1306,35.3538],[81.1778,35.3287],[81.2102,35.3169],[81.2597,35.3142],[81.3573,35.3324],[81.4174,35.326],[81.4618,35.3102],[81.5451,35.2518],[81.5766,35.239],[81.6042,35.2369],[81.7114,35.2457],[81.9243,35.2922],[82.0022,35.3194],[82.0226,35.3328],[82.0437,35.3681],[82.0564,35.4193],[82.0661,35.4337],[82.086,35.448],[82.2222,35.5058],[82.2892,35.545],[82.2982,35.5527],[82.3129,35.5827],[82.3143,35.6191],[82.3189,35.6337],[82.3385,35.6504],[82.3731,35.6618],[82.4005,35.6791],[82.4282,35.6898],[82.4585,35.6876],[82.6718,35.6511],[82.7104,35.6502],[82.7315,35.6573],[82.7846,35.6845],[82.8254,35.6918],[82.8852,35.6889],[82.9359,35.6741],[82.9688,35.6419],[82.9784,35.6008],[82.9676,35.5162],[82.9718,35.4904],[83.0063,35.4695],[83.0424,35.455],[83.0987,35.4128],[83.1218,35.4044],[83.1567,35.4072],[83.2101,35.4228],[83.2461,35.4212],[83.3114,35.401],[83.3527,35.394],[83.4526,35.3936],[83.4986,35.3852],[83.5402,35.3665],[83.5648,35.3607],[83.6151,35.359],[83.8707,35.3745],[83.9844,35.416],[84.0243,35.4181],[84.0511,35.4117],[84.1137,35.3833],[84.1332,35.3775],[84.1743,35.3768],[84.2147,35.389],[84.5634,35.5595],[84.5856,35.5667],[84.7776,35.6005],[84.8475,35.6335],[84.9236,35.6893],[85.1498,35.7498],[85.1771,35.7505],[85.2241,35.745],[85.2603,35.7304],[85.2835,35.7317],[85.3415,35.749],[85.3893,35.7567],[85.4293,35.7544],[85.452,35.7494],[85.5239,35.7163],[85.5435,35.678],[85.5619,35.6574],[85.5827,35.6578],[85.6198,35.6754],[85.7169,35.7593],[85.7453,35.7704],[85.7682,35.7726],[85.9299,35.7617],[85.9512,35.7641],[85.9932,35.7848],[86.028,35.8264],[86.0733,35.8604],[86.0874,35.8756],[86.1107,35.9163],[86.1201,35.9577],[86.1332,35.9853],[86.1591,36.0002],[86.1785,36.0203],[86.1919,36.0487],[86.2024,36.0956],[86.2123,36.1159],[86.2453,36.1359],[86.2724,36.1456],[86.3995,36.17],[86.4285,36.1876],[86.4594,36.2194],[86.4965,36.2253],[86.5896,36.2165],[86.6613,36.2201],[86.7139,36.2315],[86.787,36.2603],[86.8202,36.2651],[87.0008,36.2741],[87.0635,36.2922],[87.1799,36.301],[87.1938,36.304],[87.3456,36.3741],[87.3642,36.3756],[87.3945,36.3701],[87.4517,36.3493],[87.5006,36.3365],[87.5709,36.3338],[87.7658,36.3597],[87.8521,36.3629],[87.8876,36.3691],[87.9245,36.3826],[87.9672,36.4138],[88.0001,36.4284],[88.0785,36.4241],[88.1488,36.4284],[88.2768,36.4486],[88.3983,36.4548],[88.4592,36.4489],[88.4904,36.4379],[88.5224,36.4143],[88.7117,36.3684],[88.8281,36.3737],[88.8512,36.3673],[88.8827,36.3502],[88.9583,36.2873],[88.9932,36.274],[89.0401,36.2714],[89.0781,36.2643],[89.1105,36.2623],[89.2047,36.2664],[89.2236,36.2636],[89.6778,36.082],[89.8668,36.0656],[89.9188,36.0698],[89.9461,36.08],[89.972,36.1049],[90.0138,36.2528],[90.0296,36.2588],[90.0688,36.2333],[90.098,36.2049],[90.1325,36.1507],[90.1453,36.1371],[90.1657,36.1292],[90.2925,36.1155],[90.6227,36.1111],[90.6426,36.1058],[90.8294,36.0104],[90.875,36.0036],[90.915,36.0133],[91.0059,36.0529],[91.0475,36.0634],[91.1113,36.0739],[91.1316,36.0911],[91.1373,36.1204],[91.1358,36.1406],[91.1178,36.1976],[91.0838,36.2607],[91.061,36.3135],[91.0246,36.4603],[91.0067,36.5035],[90.9853,36.5176],[90.9369,36.5302],[90.8581,36.5391],[90.8053,36.5585],[90.7603,36.5906],[90.7105,36.6362],[90.6959,36.6606],[90.6881,36.6985],[90.6861,36.7457],[90.69,36.7763],[90.7015,36.8078],[90.7124,36.8215],[90.7659,36.864],[90.8078,36.9106],[90.8377,36.9278],[90.8911,36.9395],[90.9637,36.9296],[91.0004,36.9312],[91.055,36.9451],[91.1611,36.9921],[91.1914,37.0015],[91.2876,37.0135],[91.3082,37.024],[91.3256,37.053],[91.3236,37.0927],[91.3163,37.119],[91.3023,37.1371],[91.235,37.1954],[91.1631,37.3001],[91.1517,37.3233],[91.1262,37.4186],[91.1064,37.4581],[91.0737,37.4879],[90.9572,37.5194],[90.9391,37.5273],[90.8992,37.5534],[90.8666,37.5835],[90.8345,37.6078],[90.6756,37.6698],[90.569,37.732],[90.4365,37.7786],[90.4132,37.8],[90.4051,37.8274],[90.4101,37.847],[90.4435,37.9005],[90.4514,37.9368],[90.4484,37.9659],[90.4393,37.9961],[90.1935,38.3257],[90.1648,38.3791],[90.1533,38.4088],[90.1509,38.4328],[90.1722,38.4563],[90.2056,38.4693],[90.2561,38.4738],[90.3125,38.4658],[90.3809,38.4862],[90.4119,38.5038],[90.4782,38.5325],[90.5794,38.6004],[90.6264,38.6175],[90.636,38.6243],[90.6429,38.654],[90.6535,38.6741],[90.6658,38.6779],[90.7055,38.6715],[90.735,38.6732],[90.8949,38.701],[90.9239,38.7029],[91.0125,38.6987],[91.1198,38.7161],[91.1988,38.7404],[91.226,38.7441],[91.2944,38.7451],[91.3427,38.7598],[91.4425,38.8041],[91.4916,38.8173],[91.6286,38.8257],[91.8806,38.8755],[91.9755,38.9068],[92.1227,38.9406],[92.2486,38.989],[92.3331,39.0499],[92.3676,39.0629],[92.3944,39.0676],[92.5046,39.0744],[92.8111,39.1264],[92.9043,39.1509],[92.936,39.1529],[92.9353,39.1644],[92.9409,39.3107],[92.9535,39.392],[92.9542,39.4283],[92.948,39.4525],[92.7724,39.8105],[92.7665,39.8401],[92.7659,39.8777],[92.7774,39.9055],[92.9074,40.0792],[92.9195,40.1181],[92.9259,40.4229],[92.9415,40.4726],[92.9904,40.4878],[93.0368,40.4899],[93.2863,40.4693],[93.3191,40.477],[93.3977,40.5172],[93.5035,40.5476],[93.5343,40.561],[93.5775,40.588],[93.6691,40.6834],[93.7148,40.7434],[93.7599,40.8233],[94.011,41.104],[94.5809,41.5852],[95.0583,41.7886],[95.492,41.856],[95.7719,41.8297],[95.8058,41.8325],[95.8374,41.842],[95.8639,41.855],[95.952,41.9192],[96.0358,41.9953],[96.0444,42.0131],[96.041,42.0436],[96.0251,42.082],[96.0178,42.1387],[96.0438,42.4999],[96.0534,42.5411],[96.0729,42.5726],[96.0909,42.5869],[96.3663,42.7229]]]},"properties":{"name":"Xinjiang","name_en":"Xinjiang","name_ja":"新疆ウイグル自治区","name_zh":"新疆维吾尔自治区","name_ko":"신장 위구르 자치구","adm0_a3":"CHN","postal":"XJ","iso_3166_2":"CN-XJ","type_en":"Autonomous Region","region":"Northwest China","geonunit":"China"}},
{"type":"Feature","geometry":{"type":"Polygon","coordinates":[[[78.9569,34.34],[78.9762,34.3092],[78.9854,34.2864],[78.9885,34.2631],[78.9855,34.2399],[78.9762,34.2172],[78.9032,34.1581],[78.8061,34.123],[78.7301,34.0793],[78.7211,33.9944],[78.7703,33.8724],[78.7873,33.8084],[78.7941,33.7439],[78.7814,33.5528],[78.8009,33.4942],[78.8243,33.4611],[78.9177,33.3863],[78.965,33.3443],[79.023,33.318],[79.0533,33.3079],[79.098,33.2877],[79.1502,33.2926],[79.2601,33.2918],[79.3403,33.2751],[79.4201,33.2752],[79.4561,33.2504],[79.4235,33.1578],[79.3732,33.1121],[79.3811,33.0618],[79.3993,33.0269],[79.3398,33.0133],[79.3336,32.9943],[79.3785,32.9789],[79.4141,32.9721],[79.4711,32.909],[79.5641,32.7939],[79.6139,32.765],[79.6207,32.7287],[79.5762,32.6706],[79.5312,32.6483],[79.5157,32.6081],[79.4435,32.5348],[79.4068,32.5297],[79.3795,32.5765],[79.3205,32.5923],[79.2874,32.5326],[79.2356,32.5043],[79.2152,32.5079],[79.1614,32.4965],[79.1329,32.4855],[79.1129,32.4724],[79.1029,32.4499],[79.0917,32.3906],[79.0753,32.3708],[79.0282,32.3771],[78.9762,32.3616],[78.9434,32.3464],[78.9113,32.3547],[78.8815,32.3763],[78.8557,32.4005],[78.7715,32.4617],[78.7547,32.4938],[78.7369,32.5458],[78.735,32.5606],[78.7491,32.5959],[78.751,32.6128],[78.7368,32.6298],[78.7133,32.6375],[78.6945,32.6297],[78.6649,32.599],[78.6302,32.578],[78.5899,32.5699],[78.4475,32.5663],[78.4082,32.5584],[78.3848,32.5475],[78.381,32.528],[78.4092,32.4766],[78.4488,32.4268],[78.4522,32.4168],[78.4364,32.3962],[78.4389,32.3733],[78.4627,32.2818],[78.4563,32.2421],[78.458,32.2297],[78.5131,32.2076],[78.535,32.1813],[78.5518,32.1504],[78.6493,32.0364],[78.6783,32.0168],[78.7222,31.9946],[78.7338,31.9847],[78.7446,31.9642],[78.742,31.9453],[78.7202,31.9029],[78.7066,31.8408],[78.7003,31.8217],[78.6741,31.787],[78.6709,31.7705],[78.6956,31.7467],[78.6932,31.7185],[78.7313,31.668],[78.7581,31.6666],[78.7953,31.6338],[78.8189,31.6074],[78.814,31.595],[78.797,31.5788],[78.6995,31.51],[78.6954,31.4881],[78.733,31.4677],[78.7626,31.4451],[78.7601,31.412],[78.7455,31.3735],[78.7385,31.335],[78.7451,31.3081],[78.7845,31.2883],[78.822,31.2937],[78.862,31.2915],[78.921,31.2697],[78.9403,31.3016],[78.9596,31.3251],[78.9888,31.3433],[79.0155,31.3834],[79.0499,31.423],[79.0702,31.4614],[79.078,31.4617],[79.1314,31.4384],[79.1792,31.3938],[79.2076,31.3514],[79.2383,31.3297],[79.2392,31.3117],[79.2541,31.299],[79.262,31.2785],[79.2484,31.2567],[79.2529,31.2454],[79.2783,31.24],[79.2981,31.2032],[79.3022,31.1635],[79.3194,31.1423],[79.367,31.1116],[79.3723,31.0941],[79.3884,31.0695],[79.4016,31.0236],[79.4144,31.0204],[79.4463,31.0238],[79.4764,31.014],[79.4976,30.9812],[79.5296,30.9536],[79.5778,30.9384],[79.5895,30.9402],[79.6303,30.9625],[79.6885,30.9674],[79.739,30.9792],[79.7606,30.9772],[79.8335,30.9615],[79.8504,30.9545],[79.8629,30.9415],[79.8804,30.9128],[79.9032,30.8902],[79.9349,30.8725],[80.0056,30.8473],[80.0286,30.8308],[80.0625,30.7848],[80.0922,30.7745],[80.1092,30.7781],[80.1407,30.7932],[80.1693,30.7853],[80.1961,30.7481],[80.2246,30.7341],[80.2314,30.7249],[80.207,30.6861],[80.1999,30.6807],[80.1729,30.6792],[80.1669,30.6619],[80.1999,30.6259],[80.2033,30.6064],[80.1798,30.5595],[80.2162,30.5668],[80.2528,30.565],[80.3259,30.5465],[80.425,30.4978],[80.4754,30.4805],[80.5083,30.4623],[80.5251,30.4586],[80.5753,30.4663],[80.5964,30.4598],[80.6947,30.4117],[80.7231,30.392],[80.755,30.3458],[80.7817,30.321],[80.867,30.2885],[80.9438,30.2701],[80.976,30.2552],[81.0033,30.2127],[80.996,30.197],[81.0065,30.1889],[81.0309,30.1527],[81.0437,30.1202],[81.0742,30.0719],[81.0848,30.0262],[81.0978,30.0169],[81.1481,30.0232],[81.1945,30.0045],[81.2168,30.0082],[81.2273,30.0225],[81.2257,30.0505],[81.2668,30.0699],[81.2759,30.0954],[81.2663,30.1177],[81.2777,30.1319],[81.3224,30.1338],[81.3383,30.1435],[81.3573,30.1736],[81.3618,30.2048],[81.3744,30.2231],[81.3769,30.2412],[81.369,30.2661],[81.368,30.301],[81.3716,30.3169],[81.3873,30.3451],[81.3875,30.3739],[81.4074,30.3792],[81.4261,30.3725],[81.4628,30.3414],[81.4831,30.3319],[81.5094,30.3284],[81.5207,30.3319],[81.532,30.3703],[81.5443,30.3826],[81.5767,30.391],[81.5916,30.4143],[81.614,30.4169],[81.6357,30.411],[81.7574,30.3629],[81.779,30.358],[81.8444,30.3712],[81.8872,30.355],[81.9215,30.3574],[81.9412,30.354],[81.969,30.3283],[81.9789,30.3268],[82.0076,30.3368],[82.0499,30.3392],[82.0732,30.3372],[82.0888,30.3301],[82.0932,30.3147],[82.0821,30.2573],[82.085,30.2308],[82.0959,30.2135],[82.1142,30.2022],[82.1404,30.194],[82.1557,30.1814],[82.151,30.1622],[82.1276,30.1244],[82.1287,30.1108],[82.1445,30.0694],[82.1538,30.0582],[82.1742,30.0555],[82.2107,30.0644],[82.2557,30.0397],[82.2965,30.0368],[82.3189,30.0318],[82.3473,30.0034],[82.3944,30.0031],[82.4098,29.9946],[82.4389,29.9658],[82.4758,29.9455],[82.5242,29.9324],[82.5418,29.9232],[82.6185,29.8398],[82.6359,29.829],[82.667,29.835],[82.689,29.8277],[82.6818,29.7977],[82.691,29.7807],[82.7515,29.7393],[82.7811,29.7051],[82.8155,29.6901],[82.8366,29.6598],[82.8575,29.6662],[82.8997,29.6884],[82.9319,29.6642],[82.9759,29.664],[83.0329,29.6205],[83.0545,29.5861],[83.0796,29.5796],[83.0934,29.6151],[83.1267,29.6234],[83.1621,29.6252],[83.1873,29.6121],[83.1972,29.5891],[83.2293,29.5759],[83.2526,29.5552],[83.2633,29.5271],[83.2487,29.5066],[83.2472,29.4947],[83.2639,29.473],[83.328,29.485],[83.3552,29.4607],[83.357,29.4154],[83.3872,29.3935],[83.3931,29.3562],[83.4282,29.3335],[83.4372,29.3052],[83.4482,29.2968],[83.4934,29.2761],[83.503,29.261],[83.5125,29.2235],[83.5171,29.1917],[83.536,29.1792],[83.5614,29.1762],[83.5838,29.1621],[83.6393,29.1548],[83.656,29.1608],[83.6751,29.2088],[83.6955,29.2262],[83.7197,29.2336],[83.7706,29.2322],[83.7932,29.2348],[83.8379,29.254],[83.8689,29.2634],[83.8834,29.282],[83.9144,29.2894],[83.9456,29.2918],[83.9673,29.2847],[83.9758,29.2637],[84.0009,29.2725],[84.0125,29.2702],[84.0352,29.2476],[84.0721,29.257],[84.0897,29.2566],[84.0991,29.247],[84.1124,29.2091],[84.1555,29.2066],[84.1617,29.1925],[84.1552,29.1759],[84.1323,29.1438],[84.138,29.1247],[84.1601,29.1055],[84.1697,29.0889],[84.1755,29.0574],[84.2206,29.0389],[84.2314,29.026],[84.2067,28.9407],[84.2351,28.9],[84.286,28.8737],[84.354,28.8613],[84.3766,28.8488],[84.3931,28.8243],[84.4227,28.7992],[84.4378,28.7533],[84.4508,28.7339],[84.4758,28.7273],[84.4986,28.7279],[84.5518,28.7064],[84.6072,28.6982],[84.6162,28.6937],[84.6326,28.6688],[84.6711,28.6589],[84.683,28.6508],[84.6778,28.6044],[84.6908,28.5961],[84.7366,28.5942],[84.7556,28.5854],[84.7818,28.5589],[84.7991,28.5466],[84.8239,28.5405],[84.8793,28.5436],[84.9187,28.5357],[84.9364,28.5448],[84.9549,28.5743],[85.0025,28.5944],[85.0321,28.6341],[85.0549,28.6387],[85.075,28.6317],[85.1119,28.6088],[85.161,28.595],[85.168,28.5832],[85.157,28.5331],[85.1477,28.5158],[85.1232,28.5046],[85.1157,28.4915],[85.1095,28.4593],[85.0837,28.4455],[85.0776,28.4357],[85.0857,28.381],[85.0802,28.3188],[85.0874,28.3041],[85.1094,28.2923],[85.1342,28.292],[85.1736,28.3043],[85.2057,28.2783],[85.2239,28.2717],[85.2596,28.2669],[85.301,28.2811],[85.3257,28.2774],[85.3454,28.2612],[85.3626,28.2597],[85.3778,28.266],[85.4014,28.2888],[85.4316,28.2971],[85.4757,28.2791],[85.5207,28.2829],[85.5653,28.2754],[85.5989,28.2508],[85.6118,28.2511],[85.6391,28.2879],[85.6751,28.3064],[85.6791,28.3329],[85.6929,28.3352],[85.698,28.3134],[85.6998,28.2691],[85.7156,28.2434],[85.7345,28.2215],[85.7566,28.2032],[85.7828,28.1881],[85.8269,28.1705],[85.8483,28.1589],[85.8634,28.1433],[85.8717,28.1109],[85.8891,28.0903],[85.8904,28.0592],[85.8983,28.036],[85.9089,28.0224],[85.944,27.9947],[85.9566,27.9762],[85.9512,27.9162],[85.9627,27.8914],[85.9803,27.8852],[86.0265,27.8899],[86.0514,27.8876],[86.0757,27.8948],[86.1129,27.9268],[86.1122,27.9373],[86.0956,27.9579],[86.0981,27.9856],[86.0776,28.0069],[86.0847,28.0439],[86.0687,28.0768],[86.156,28.1565],[86.176,28.153],[86.186,28.1335],[86.1872,28.1087],[86.1722,28.0718],[86.1891,28.0436],[86.203,28.0026],[86.2385,27.9896],[86.2781,27.9837],[86.2947,27.9724],[86.3182,27.9458],[86.3376,27.938],[86.363,27.9461],[86.4057,27.917],[86.4388,27.9109],[86.4969,27.9379],[86.5105,27.9524],[86.5168,27.9714],[86.5162,28.0122],[86.5384,28.0472],[86.5442,28.093],[86.5536,28.1042],[86.5695,28.1066],[86.5969,28.0865],[86.6123,28.0803],[86.6271,28.0835],[86.662,28.1068],[86.6996,28.0988],[86.7317,28.0769],[86.736,28.0649],[86.7322,28.035],[86.7398,28.0215],[86.77,28.0121],[86.8405,28.0148],[86.8682,27.9949],[86.8769,27.9706],[86.8931,27.9542],[86.9147,27.9451],[86.9404,27.9431],[86.9887,27.9525],[87.0057,27.9515],[87.0305,27.9381],[87.062,27.9084],[87.1165,27.8446],[87.1558,27.8258],[87.182,27.8245],[87.2329,27.8297],[87.2905,27.8161],[87.3139,27.8286],[87.3358,27.8464],[87.3638,27.8553],[87.3853,27.8494],[87.3691,27.8191],[87.3691,27.8039],[87.3868,27.8044],[87.4756,27.8267],[87.5316,27.8368],[87.5513,27.8319],[87.5733,27.805],[87.59,27.8046],[87.6361,27.8237],[87.66,27.8199],[87.7005,27.8056],[87.7268,27.8078],[87.7564,27.8204],[87.7798,27.8394],[87.7987,27.8635],[87.8259,27.9066],[87.8367,27.9083],[87.8561,27.8986],[87.9346,27.8953],[87.9664,27.8827],[87.9918,27.8826],[88.03,27.8933],[88.0528,27.8865],[88.0957,27.8653],[88.1182,27.8609],[88.1049,27.8797],[88.0975,27.904],[88.0999,27.9283],[88.1157,27.9473],[88.1267,27.9504],[88.163,27.9469],[88.1979,27.9583],[88.3788,27.9826],[88.4558,28.0315],[88.4754,28.0362],[88.5021,28.0289],[88.5172,28.0396],[88.5308,28.059],[88.5528,28.0781],[88.594,28.1066],[88.6105,28.1058],[88.6317,28.0834],[88.652,28.0694],[88.7101,28.062],[88.7356,28.0553],[88.7801,28.0283],[88.8177,27.9947],[88.8197,27.9773],[88.8098,27.9445],[88.8107,27.9279],[88.8428,27.8924],[88.8516,27.8772],[88.8539,27.8437],[88.8057,27.6551],[88.7831,27.622],[88.7674,27.5862],[88.741,27.5457],[88.7416,27.5317],[88.7576,27.5114],[88.7544,27.4642],[88.7598,27.4351],[88.7736,27.4085],[88.7954,27.3859],[88.8308,27.3673],[88.852,27.3424],[88.8923,27.3155],[88.9152,27.3309],[88.9508,27.3282],[88.9719,27.3124],[88.997,27.3309],[88.9812,27.3546],[88.964,27.3929],[88.9511,27.4331],[88.9662,27.478],[88.983,27.4926],[88.973,27.5177],[88.9784,27.5303],[89.005,27.5497],[89.0027,27.5605],[89.0162,27.5758],[89.0334,27.579],[89.051,27.6083],[89.0915,27.6259],[89.1247,27.6149],[89.1274,27.6273],[89.156,27.6657],[89.1982,27.7306],[89.2166,27.7711],[89.2249,27.8078],[89.2587,27.8276],[89.2995,27.8442],[89.336,27.8691],[89.3701,27.9094],[89.421,27.9947],[89.4445,28.0312],[89.4753,28.0613],[89.4953,28.068],[89.515,28.0819],[89.5615,28.1346],[89.5978,28.1498],[89.7178,28.1691],[89.7558,28.1844],[89.7809,28.2288],[89.8297,28.2592],[89.8629,28.2958],[89.8813,28.2975],[89.9161,28.3156],[89.9525,28.3082],[89.9716,28.318],[89.9905,28.3206],[90.0709,28.3452],[90.1235,28.3354],[90.1532,28.3222],[90.1762,28.3255],[90.1993,28.3485],[90.2256,28.3584],[90.2618,28.3354],[90.2618,28.2991],[90.2915,28.2614],[90.3295,28.2558],[90.354,28.2991],[90.3869,28.2991],[90.4165,28.2827],[90.456,28.2827],[90.5054,28.2498],[90.5482,28.2465],[90.5877,28.2333],[90.5976,28.2004],[90.568,28.1905],[90.5482,28.1576],[90.5153,28.1543],[90.4857,28.1247],[90.4752,28.0723],[90.5101,28.0741],[90.5753,28.0658],[90.6219,28.073],[90.651,28.087],[90.6839,28.0871],[90.7269,28.0617],[90.7887,28.0475],[90.8509,28.044],[90.9095,28.0327],[90.9751,27.9821],[91.0088,27.9668],[91.0519,27.9628],[91.0926,27.9717],[91.1196,27.9949],[91.1338,28.0141],[91.1759,28.0575],[91.1947,28.0706],[91.2206,28.0749],[91.2697,28.0729],[91.2902,28.0914],[91.3096,28.0564],[91.3414,28.0306],[91.4188,27.9947],[91.4609,27.9844],[91.4975,27.9841],[91.5375,27.9694],[91.5786,27.9647],[91.6217,27.9507],[91.638,27.9397],[91.6528,27.9167],[91.6489,27.8972],[91.6283,27.8527],[91.6801,27.8498],[91.7299,27.8041],[91.8266,27.8076],[91.8564,27.7645],[91.8649,27.73],[91.9087,27.7319],[91.9522,27.7248],[91.9889,27.7694],[92.0649,27.7617],[92.1062,27.7861],[92.1263,27.8127],[92.2396,27.8653],[92.2492,27.8626],[92.2752,27.8117],[92.2888,27.7931],[92.3039,27.7862],[92.3173,27.8037],[92.3292,27.8329],[92.3501,27.8025],[92.3679,27.8038],[92.3811,27.8425],[92.3928,27.856],[92.4044,27.8538],[92.4173,27.8289],[92.439,27.8233],[92.4751,27.8466],[92.5182,27.8395],[92.575,27.8478],[92.5929,27.8682],[92.6365,27.8954],[92.6837,27.9105],[92.7364,27.9859],[92.7013,28.0252],[92.7013,28.0378],[92.6893,28.0483],[92.6542,28.0521],[92.6389,28.0575],[92.6373,28.072],[92.6548,28.1058],[92.6786,28.1331],[92.7079,28.1554],[92.7792,28.1959],[92.7902,28.1789],[92.8199,28.1793],[92.8503,28.192],[92.8654,28.2052],[92.9038,28.2497],[92.922,28.2586],[92.9604,28.2702],[92.9749,28.2823],[93.1298,28.326],[93.2078,28.3405],[93.2181,28.3946],[93.1863,28.432],[93.2188,28.4574],[93.287,28.5205],[93.3028,28.5569],[93.3172,28.6035],[93.4462,28.6719],[93.5517,28.6789],[93.6071,28.6722],[93.6255,28.6724],[93.6649,28.6902],[93.7055,28.6919],[93.7225,28.6966],[93.7817,28.6805],[93.8631,28.7049],[93.9278,28.6828],[93.9611,28.7299],[93.9816,28.7681],[93.9931,28.8019],[93.992,28.8446],[94.0268,28.8642],[94.0795,28.8831],[94.1354,28.8978],[94.1737,28.9302],[94.2502,28.9331],[94.2914,28.9773],[94.3473,29.0243],[94.2708,29.0979],[94.2875,29.1479],[94.3238,29.146],[94.3463,29.1591],[94.3729,29.1963],[94.3964,29.2071],[94.4224,29.2105],[94.475,29.2108],[94.5148,29.2211],[94.5286,29.2312],[94.5827,29.3029],[94.5999,29.3166],[94.6304,29.3195],[94.6685,29.3066],[94.7042,29.2847],[94.7564,29.2305],[94.7677,29.2139],[94.7615,29.1747],[94.7766,29.1667],[94.8541,29.17],[94.8913,29.1605],[94.9891,29.154],[95.0477,29.1408],[95.099,29.1138],[95.1169,29.1081],[95.1915,29.0968],[95.2079,29.0896],[95.2163,29.065],[95.2249,29.0594],[95.2816,29.0527],[95.3674,29.0365],[95.4298,29.0465],[95.4876,29.069],[95.5113,29.1318],[95.5214,29.1379],[95.5227,29.1612],[95.5119,29.1975],[95.5153,29.2094],[95.5502,29.2125],[95.5538,29.239],[95.5644,29.2456],[95.5923,29.2497],[95.6467,29.2284],[95.7172,29.2183],[95.7474,29.2737],[95.7448,29.3404],[95.7764,29.3455],[95.7959,29.3529],[95.8631,29.324],[95.9537,29.3592],[96.0745,29.3693],[96.142,29.3685],[96.151,29.3541],[96.166,29.3032],[96.1763,29.2865],[96.2054,29.2569],[96.2353,29.2412],[96.2679,29.2417],[96.3371,29.2797],[96.3499,29.2742],[96.3662,29.2572],[96.3669,29.2442],[96.3424,29.2106],[96.3275,29.1804],[96.3164,29.1719],[96.2101,29.1458],[96.1936,29.1369],[96.1746,29.1088],[96.176,29.0174],[96.1953,28.9411],[96.2486,28.9453],[96.2947,28.9923],[96.3666,29.0365],[96.4576,28.9946],[96.4512,28.9814],[96.4601,28.9634],[96.4747,28.9621],[96.4922,28.948],[96.5004,28.9292],[96.5108,28.8855],[96.5238,28.8644],[96.5767,28.8085],[96.5926,28.7579],[96.598,28.7099],[96.501,28.6876],[96.5024,28.6445],[96.409,28.5589],[96.3365,28.4797],[96.3019,28.4207],[96.3696,28.3781],[96.4411,28.3954],[96.4952,28.4215],[96.5615,28.4473],[96.7169,28.4365],[96.8979,28.3547],[96.934,28.3366],[96.9658,28.3305],[96.9974,28.3371],[97.033,28.357],[97.0784,28.3751],[97.1156,28.3666],[97.1827,28.315],[97.2105,28.3081],[97.2208,28.2834],[97.2297,28.2746],[97.2853,28.2357],[97.3235,28.2175],[97.3338,28.2353],[97.3696,28.2535],[97.3844,28.2848],[97.3982,28.2889],[97.4367,28.2864],[97.4478,28.2976],[97.4524,28.3177],[97.4524,28.3555],[97.4453,28.383],[97.4657,28.4067],[97.4881,28.4419],[97.503,28.4777],[97.514,28.4947],[97.5277,28.5295],[97.5462,28.5385],[97.5675,28.5255],[97.5899,28.4947],[97.6136,28.482],[97.6705,28.5113],[97.6996,28.488],[97.74,28.3826],[97.7653,28.3524],[97.7973,28.3439],[97.8591,28.3701],[97.8975,28.3553],[97.9448,28.2988],[97.9788,28.2806],[97.9929,28.2689],[97.9938,28.2525],[97.9849,28.2242],[97.9911,28.214],[98.0314,28.2083],[98.0486,28.1996],[98.115,28.1439],[98.1363,28.1564],[98.212,28.1916],[98.2302,28.2029],[98.2615,28.2397],[98.2708,28.2619],[98.2829,28.3154],[98.2998,28.3548],[98.326,28.3444],[98.3458,28.326],[98.3737,28.2899],[98.41,28.2506],[98.4476,28.2317],[98.4899,28.2481],[98.5572,28.2999],[98.5758,28.3175],[98.6135,28.3676],[98.6404,28.4241],[98.6444,28.4594],[98.6358,28.5003],[98.6128,28.5394],[98.594,28.5832],[98.585,28.6265],[98.5892,28.6703],[98.6187,28.7042],[98.6724,28.7362],[98.6781,28.7571],[98.6652,28.8049],[98.6531,28.8256],[98.6545,28.8552],[98.6387,28.8787],[98.6382,28.9305],[98.6353,28.9414],[98.6513,28.9701],[98.7425,28.9889],[98.7658,29.0028],[98.785,29.0002],[98.8204,28.886],[98.8507,28.8201],[98.8735,28.8118],[98.912,28.8221],[98.9456,28.842],[98.9509,28.8594],[98.938,28.8802],[98.9089,28.9124],[98.9084,28.9364],[98.9171,28.9615],[98.9324,28.9863],[98.9489,29.0002],[98.9926,29.0225],[99.0077,29.0437],[99.0063,29.0732],[98.9948,29.1057],[98.9771,29.1405],[98.9722,29.159],[98.975,29.1816],[98.9902,29.202],[99.0057,29.2067],[99.0434,29.2095],[99.0604,29.2155],[99.1088,29.2238],[99.0902,29.2668],[99.0625,29.3083],[99.0629,29.3482],[99.0488,29.3877],[99.059,29.4181],[99.042,29.528],[99.042,29.5625],[99.0242,29.5816],[99.0155,29.6044],[98.9921,29.6347],[98.9868,29.6509],[98.9884,29.6887],[99.001,29.757],[99.0129,29.7648],[99.001,29.785],[99.0055,29.8201],[99.0177,29.8533],[99.0563,29.9153],[99.0434,29.945],[99.0368,29.9756],[99.0341,30.0553],[99.0299,30.0679],[98.9868,30.1444],[98.9607,30.46],[98.9567,30.4712],[98.9328,30.4907],[98.9318,30.5796],[98.9222,30.6238],[98.9054,30.6638],[98.9055,30.6825],[98.9176,30.6949],[98.9533,30.7082],[98.9607,30.7272],[98.9543,30.7479],[98.9386,30.7603],[98.8986,30.7787],[98.8806,30.7932],[98.8335,30.8436],[98.7877,30.8809],[98.7751,30.9022],[98.798,30.9409],[98.8054,30.9664],[98.803,30.991],[98.7649,31.0152],[98.7213,31.0664],[98.6931,31.1247],[98.6516,31.1555],[98.6038,31.1698],[98.6203,31.1879],[98.6114,31.2562],[98.6212,31.2889],[98.6379,31.3093],[98.6652,31.3206],[98.6827,31.3159],[98.7316,31.278],[98.7678,31.2304],[98.803,31.2579],[98.8308,31.2984],[98.885,31.3541],[98.8645,31.3678],[98.841,31.3968],[98.5922,31.5988],[98.5759,31.616],[98.5691,31.6318],[98.566,31.6607],[98.5587,31.6771],[98.5417,31.6899],[98.5015,31.7498],[98.4685,31.7669],[98.4455,31.8036],[98.4257,31.8134],[98.4353,31.8384],[98.4208,31.8782],[98.445,31.908],[98.4567,31.9605],[98.453,31.9841],[98.4369,32.0038],[98.3935,32.0401],[98.3747,32.0804],[98.3096,32.1287],[98.2718,32.1908],[98.2202,32.2522],[98.2136,32.2732],[98.2134,32.3379],[98.2058,32.3556],[98.1875,32.3667],[98.1445,32.382],[98.1231,32.4003],[98.0806,32.4047],[98.067,32.4228],[98.0142,32.4645],[97.8868,32.4976],[97.8565,32.5191],[97.838,32.5116],[97.8178,32.5133],[97.7157,32.5442],[97.6963,32.5013],[97.6768,32.4954],[97.6613,32.4803],[97.6528,32.4549],[97.6309,32.4441],[97.6116,32.4529],[97.5896,32.4742],[97.5623,32.4843],[97.5012,32.4847],[97.4008,32.5032],[97.3609,32.5002],[97.3542,32.4674],[97.3263,32.4236],[97.3364,32.4052],[97.3716,32.3979],[97.3932,32.385],[97.3941,32.3536],[97.3749,32.3173],[97.3749,32.3063],[97.3882,32.29],[97.3765,32.266],[97.3598,32.2605],[97.3146,32.2665],[97.2917,32.265],[97.2769,32.2523],[97.2544,32.204],[97.2446,32.1645],[97.2471,32.1359],[97.2556,32.1251],[97.2746,32.1208],[97.2732,32.1008],[97.2549,32.0758],[97.2251,32.063],[97.1998,32.068],[97.1835,32.0646],[97.1754,32.0344],[97.1586,32.0202],[97.1241,32.0093],[97.0823,32.0119],[97.0181,32.0229],[96.9824,32.017],[96.9329,31.9944],[96.9146,31.9901],[96.8717,31.9944],[96.8539,31.9909],[96.8038,31.973],[96.7541,31.9738],[96.733,31.9603],[96.744,31.9418],[96.7864,31.9101],[96.7849,31.8801],[96.7529,31.8387],[96.7485,31.8239],[96.7602,31.799],[96.7911,31.7559],[96.7967,31.7374],[96.7954,31.7155],[96.7799,31.6916],[96.7637,31.6809],[96.7374,31.6798],[96.7104,31.691],[96.6642,31.7211],[96.6021,31.7329],[96.5602,31.7369],[96.4832,31.7535],[96.4345,31.7764],[96.3827,31.8185],[96.3316,31.8909],[96.3074,31.9062],[96.2782,31.9091],[96.2222,31.8931],[96.1826,31.8712],[96.1684,31.8428],[96.145,31.8195],[96.1412,31.7971],[96.1478,31.7799],[96.2002,31.7466],[96.2129,31.7351],[96.2295,31.7021],[96.2323,31.682],[96.2146,31.6068],[96.2201,31.5914],[96.236,31.5777],[96.2294,31.558],[96.2103,31.5397],[96.193,31.5347],[96.1673,31.548],[96.1493,31.587],[96.1248,31.6215],[96.1167,31.6735],[96.0942,31.7005],[96.0621,31.7138],[96.0275,31.715],[95.9524,31.7054],[95.8993,31.7056],[95.8489,31.7143],[95.8337,31.7125],[95.7987,31.697],[95.7738,31.698],[95.7542,31.7243],[95.725,31.7464],[95.6449,31.7604],[95.5927,31.7616],[95.5573,31.7555],[95.5264,31.7453],[95.4971,31.7417],[95.4557,31.7741],[95.4186,31.7985],[95.4068,31.8107],[95.3944,31.8396],[95.3902,31.8879],[95.384,31.9047],[95.3543,31.9544],[95.3555,31.9799],[95.3725,31.9994],[95.413,32.0083],[95.4223,32.0244],[95.4066,32.0435],[95.4223,32.0734],[95.4253,32.0948],[95.408,32.1241],[95.4048,32.1507],[95.3821,32.1701],[95.3339,32.1784],[95.3176,32.1843],[95.2974,32.2022],[95.2777,32.2352],[95.2591,32.2441],[95.1166,32.2474],[95.0783,32.2545],[95.0618,32.2612],[95.0001,32.3065],[94.9684,32.3196],[94.9513,32.3372],[94.9456,32.3595],[94.9389,32.4282],[94.9318,32.4476],[94.9151,32.4633],[94.8522,32.5001],[94.7552,32.5355],[94.739,32.5526],[94.7218,32.5929],[94.6845,32.6124],[94.6581,32.6319],[94.6275,32.6659],[94.6005,32.6758],[94.5822,32.6722],[94.5373,32.6407],[94.5037,32.6247],[94.4514,32.6111],[94.4106,32.5915],[94.3978,32.5953],[94.3804,32.6141],[94.3568,32.6141],[94.3482,32.5967],[94.3447,32.5646],[94.335,32.55],[94.3169,32.5408],[94.2076,32.5295],[94.1783,32.5223],[94.1473,32.4951],[94.1108,32.4782],[94.0046,32.4806],[93.9526,32.4967],[93.9309,32.5096],[93.9021,32.4991],[93.8774,32.4954],[93.8524,32.4998],[93.8355,32.5114],[93.802,32.5552],[93.7751,32.5663],[93.7342,32.5725],[93.6447,32.5735],[93.5972,32.5646],[93.5587,32.5464],[93.5104,32.5161],[93.4755,32.5188],[93.4614,32.5335],[93.4426,32.5633],[93.4276,32.5703],[93.3822,32.5663],[93.3453,32.5777],[93.3048,32.6098],[93.2185,32.6598],[93.1957,32.6672],[93.1598,32.669],[93.0817,32.6653],[93.0538,32.6516],[93.0313,32.6635],[93.0161,32.6977],[93.0059,32.7346],[92.9859,32.7437],[92.9067,32.7269],[92.85,32.7289],[92.7273,32.7606],[92.65,32.7404],[92.5611,32.7527],[92.5268,32.7534],[92.4658,32.7694],[92.4401,32.767],[92.4191,32.7559],[92.3854,32.7691],[92.36,32.7683],[92.3347,32.7522],[92.2902,32.7612],[92.2658,32.7471],[92.2458,32.7429],[92.2214,32.745],[92.2032,32.7615],[92.1876,32.8153],[92.1877,32.8276],[92.2038,32.8582],[92.1961,32.8686],[92.1606,32.8804],[92.1193,32.8873],[92.0861,32.8856],[92.031,32.8538],[91.9768,32.8486],[91.9244,32.8715],[91.8549,32.9231],[91.8131,32.9683],[91.7944,32.9765],[91.7494,32.9754],[91.7203,32.9825],[91.6311,33.0375],[91.5974,33.0501],[91.5427,33.0803],[91.4752,33.1407],[91.3765,33.2713],[91.369,33.2845],[91.3733,33.2973],[91.3903,33.3027],[91.3999,33.3165],[91.3793,33.3331],[91.3616,33.337],[91.1892,33.337],[91.1698,33.3316],[91.149,33.3062],[91.1425,33.2674],[91.1279,33.2543],[91.0375,33.2348],[91.0204,33.2336],[90.9499,33.2394],[90.94,33.2366],[90.8955,33.202],[90.8571,33.1656],[90.8239,33.146],[90.8041,33.1405],[90.7415,33.1407],[90.6826,33.1493],[90.6603,33.1559],[90.5826,33.1886],[90.4695,33.252],[90.4363,33.2822],[90.4108,33.2898],[90.375,33.2839],[90.3232,33.2887],[90.2889,33.305],[90.262,33.3267],[90.2433,33.348],[90.2057,33.4015],[90.1942,33.431],[90.1924,33.4545],[90.2032,33.5001],[90.1702,33.5401],[90.1602,33.5604],[90.1406,33.5782],[90.0974,33.5973],[90.0372,33.6051],[89.9979,33.6166],[89.9751,33.6306],[89.9643,33.6583],[89.9613,33.6891],[89.9528,33.7155],[89.9426,33.7294],[89.9,33.7476],[89.8895,33.7665],[89.8921,33.8016],[89.8772,33.8227],[89.8008,33.8802],[89.7714,33.8878],[89.7419,33.9095],[89.6811,33.9834],[89.6581,34.0305],[89.6401,34.058],[89.6367,34.0934],[89.6479,34.1178],[89.6699,34.1398],[89.7185,34.1457],[89.7393,34.1538],[89.7866,34.1985],[89.7959,34.2251],[89.8186,34.3175],[89.8393,34.3473],[89.8456,34.37],[89.8403,34.3833],[89.8246,34.3945],[89.8039,34.3992],[89.7957,34.4084],[89.792,34.4397],[89.7971,34.5056],[89.7911,34.5541],[89.7618,34.6627],[89.7317,34.6889],[89.7203,34.7053],[89.7158,34.7251],[89.7239,34.7396],[89.7877,34.7867],[89.812,34.8123],[89.8252,34.8461],[89.808,34.906],[89.7877,34.9264],[89.7609,34.9355],[89.725,34.9385],[89.6454,34.9337],[89.6097,34.9347],[89.5836,34.9409],[89.5627,34.9564],[89.5607,34.9788],[89.5734,35.0442],[89.5717,35.0733],[89.5402,35.1159],[89.493,35.1623],[89.4548,35.2128],[89.459,35.2381],[89.474,35.2516],[89.4854,35.2807],[89.48,35.3216],[89.4843,35.3422],[89.5118,35.3596],[89.5759,35.3729],[89.6187,35.3872],[89.7301,35.4437],[89.7416,35.4572],[89.7368,35.4788],[89.6999,35.4976],[89.6903,35.5086],[89.6965,35.5293],[89.7174,35.5508],[89.7222,35.5803],[89.7137,35.6158],[89.7151,35.6423],[89.7279,35.6673],[89.7723,35.7346],[89.7889,35.7755],[89.7937,35.8038],[89.7888,35.8269],[89.772,35.8356],[89.7448,35.8384],[89.6761,35.8314],[89.6337,35.8325],[89.5814,35.8398],[89.5422,35.8512],[89.5116,35.8639],[89.4846,35.8802],[89.4589,35.9166],[89.4424,35.9523],[89.4351,35.9878],[89.4395,36.0003],[89.4669,36.0271],[89.5147,36.0533],[89.593,36.0727],[89.6778,36.082],[89.2236,36.2636],[89.2047,36.2664],[89.1105,36.2623],[89.0781,36.2643],[89.0401,36.2714],[88.9932,36.274],[88.9583,36.2873],[88.8827,36.3502],[88.8512,36.3673],[88.8281,36.3737],[88.7117,36.3684],[88.5224,36.4143],[88.4904,36.4379],[88.4592,36.4489],[88.3983,36.4548],[88.2768,36.4486],[88.1488,36.4284],[88.0785,36.4241],[88.0001,36.4284],[87.9672,36.4138],[87.9245,36.3826],[87.8876,36.3691],[87.8521,36.3629],[87.7658,36.3597],[87.5709,36.3338],[87.5006,36.3365],[87.4517,36.3493],[87.3945,36.3701],[87.3642,36.3756],[87.3456,36.3741],[87.1938,36.304],[87.1799,36.301],[87.0635,36.2922],[87.0008,36.2741],[86.8202,36.2651],[86.787,36.2603],[86.7139,36.2315],[86.6613,36.2201],[86.5896,36.2165],[86.4965,36.2253],[86.4594,36.2194],[86.4285,36.1876],[86.3995,36.17],[86.2724,36.1456],[86.2453,36.1359],[86.2123,36.1159],[86.2024,36.0956],[86.1919,36.0487],[86.1785,36.0203],[86.1591,36.0002],[86.1332,35.9853],[86.1201,35.9577],[86.1107,35.9163],[86.0874,35.8756],[86.0733,35.8604],[86.028,35.8264],[85.9932,35.7848],[85.9512,35.7641],[85.9299,35.7617],[85.7682,35.7726],[85.7453,35.7704],[85.7169,35.7593],[85.6198,35.6754],[85.5827,35.6578],[85.5619,35.6574],[85.5435,35.678],[85.5239,35.7163],[85.452,35.7494],[85.4293,35.7544],[85.3893,35.7567],[85.3415,35.749],[85.2835,35.7317],[85.2603,35.7304],[85.2241,35.745],[85.1771,35.7505],[85.1498,35.7498],[84.9236,35.6893],[84.8475,35.6335],[84.7776,35.6005],[84.5856,35.5667],[84.5634,35.5595],[84.2147,35.389],[84.1743,35.3768],[84.1332,35.3775],[84.1137,35.3833],[84.0511,35.4117],[84.0243,35.4181],[83.9844,35.416],[83.8707,35.3745],[83.6151,35.359],[83.5648,35.3607],[83.5402,35.3665],[83.4986,35.3852],[83.4526,35.3936],[83.3527,35.394],[83.3114,35.401],[83.2461,35.4212],[83.2101,35.4228],[83.1567,35.4072],[83.1218,35.4044],[83.0987,35.4128],[83.0424,35.455],[83.0063,35.4695],[82.9718,35.4904],[82.9676,35.5162],[82.9784,35.6008],[82.9688,35.6419],[82.9359,35.6741],[82.8852,35.6889],[82.8254,35.6918],[82.7846,35.6845],[82.7315,35.6573],[82.7104,35.6502],[82.6718,35.6511],[82.4585,35.6876],[82.4282,35.6898],[82.4005,35.6791],[82.3731,35.6618],[82.3385,35.6504],[82.3189,35.6337],[82.3143,35.6191],[82.3129,35.5827],[82.2982,35.5527],[82.2892,35.545],[82.2222,35.5058],[82.086,35.448],[82.0661,35.4337],[82.0564,35.4193],[82.0437,35.3681],[82.0226,35.3328],[82.0022,35.3194],[81.9243,35.2922],[81.7114,35.2457],[81.6042,35.2369],[81.5766,35.239],[81.5451,35.2518],[81.4618,35.3102],[81.4174,35.326],[81.3573,35.3324],[81.2597,35.3142],[81.2102,35.3169],[81.1778,35.3287],[81.1306,35.3538],[81.0914,35.3838],[81.0609,35.3886],[81.0426,35.3744],[81.0341,35.3551],[81.0369,35.3108],[81.0191,35.2963],[80.9789,35.2934],[80.9556,35.3031],[80.8932,35.3374],[80.8585,35.3471],[80.8299,35.348],[80.7661,35.3434],[80.7192,35.3571],[80.6768,35.3792],[80.6561,35.3843],[80.5413,35.3909],[80.486,35.4042],[80.3881,35.4576],[80.3192,35.5093],[80.2742,35.5276],[80.2596,35.5142],[80.2629,35.4357],[80.2542,35.4027],[80.2356,35.3752],[80.1762,35.2532],[80.1505,35.2195],[80.0973,35.1793],[80.0366,35.1199],[80.0142,35.0859],[80.0193,35.0643],[80.0402,35.0407],[80.0469,35.0177],[80.0379,34.99],[80.0194,34.9753],[80.001,34.9684],[79.9516,34.9619],[79.9263,34.9547],[79.9003,34.9381],[79.8838,34.9196],[79.8812,34.8939],[79.9026,34.8561],[79.9076,34.8183],[79.9167,34.7984],[79.953,34.7578],[79.9634,34.7209],[79.9563,34.6848],[79.9138,34.6255],[79.8793,34.5502],[79.8627,34.5212],[79.794,34.431],[79.7806,34.4191],[79.757,34.4111],[79.7173,34.4128],[79.6539,34.4418],[79.6025,34.4587],[79.5126,34.4717],[79.4811,34.4712],[79.4341,34.4617],[79.3809,34.4391],[79.3384,34.4308],[79.2398,34.4405],[79.2045,34.4394],[79.0377,34.3847],[78.9854,34.3501],[78.9569,34.34]]]},"properties":{"name":"Xizang","name_en":"Tibet","name_ja":"チベット自治区","name_zh":"西藏自治区","name_ko":"티베트 자치구","adm0_a3":"CHN","postal":"XZ","iso_3166_2":"CN-XZ","type_en":"Autonomous Region","region":"Southwest China","geonunit":"China"}},
{"type":"Feature","geometry":{"type":"Polygon","coordinates":[[[121.4133,53.3173],[121.3576,53.3241],[121.3283,53.32],[121.3,53.3025],[121.2536,53.2869],[121.2035,53.2767],[121.1518,53.2745],[121.0549,53.29],[120.8743,53.2802],[120.8457,53.2734],[120.826,53.2619],[120.8239,53.2352],[120.7513,53.2069],[120.7141,53.185],[120.6522,53.1228],[120.6148,53.0971],[120.5276,53.0558],[120.4503,53.0083],[120.3919,52.9568],[120.3541,52.9332],[120.3267,52.899],[120.2907,52.8854],[120.2802,52.8659],[120.2525,52.8527],[120.2196,52.8449],[120.1774,52.8179],[120.156,52.8091],[120.0658,52.7832],[120.033,52.7607],[120.0461,52.734],[120.0529,52.693],[120.0326,52.6589],[120.0338,52.6254],[120.0564,52.6005],[120.0794,52.59],[120.1129,52.5845],[120.176,52.5837],[120.2421,52.6072],[120.2611,52.6111],[120.3676,52.6173],[120.4299,52.6361],[120.4642,52.636],[120.4918,52.6173],[120.5396,52.6037],[120.6087,52.574],[120.6545,52.567],[120.724,52.5422],[120.7081,52.5181],[120.702,52.4888],[120.6904,52.4702],[120.6904,52.4391],[120.6604,52.3988],[120.6522,52.3725],[120.6284,52.3579],[120.6262,52.3468],[120.6549,52.2991],[120.739,52.2566],[120.7581,52.2374],[120.7537,52.1945],[120.7841,52.158],[120.7713,52.141],[120.7792,52.1176],[120.7667,52.1084],[120.7451,52.0767],[120.7056,52.061],[120.6964,52.0345],[120.7116,52.0016],[120.7058,51.98],[120.6835,51.9593],[120.6621,51.925],[120.6476,51.911],[120.625,51.9053],[120.5663,51.9053],[120.5411,51.883],[120.4931,51.8757],[120.4809,51.8669],[120.4648,51.8402],[120.4083,51.8261],[120.3744,51.8023],[120.3193,51.776],[120.1538,51.664],[120.1082,51.6652],[120.0859,51.6444],[120.0567,51.5964],[120.0529,51.5522],[120.0422,51.5385],[119.9922,51.5033],[119.9772,51.487],[119.9742,51.4642],[119.9827,51.4422],[119.943,51.3908],[119.8953,51.384],[119.9127,51.3496],[119.9157,51.3307],[119.8833,51.318],[119.8606,51.289],[119.8196,51.2747],[119.8059,51.244],[119.815,51.2159],[119.7723,51.2185],[119.7581,51.199],[119.7854,51.1717],[119.7581,51.158],[119.7652,51.1424],[119.7483,51.0834],[119.7284,51.0645],[119.7104,51.0625],[119.7102,51.0385],[119.6832,51.0161],[119.6043,50.9782],[119.5732,50.9458],[119.518,50.9048],[119.53,50.8871],[119.528,50.8668],[119.5158,50.8481],[119.4975,50.8359],[119.5141,50.8134],[119.5149,50.7919],[119.5049,50.7506],[119.4967,50.7371],[119.4428,50.6851],[119.3831,50.6666],[119.3737,50.6428],[119.349,50.6347],[119.3261,50.61],[119.2936,50.5992],[119.2646,50.52],[119.2509,50.5045],[119.264,50.4896],[119.2437,50.4455],[119.1984,50.4131],[119.1549,50.4114],[119.1376,50.3925],[119.1412,50.3766],[119.1719,50.3757],[119.1753,50.3561],[119.2136,50.3566],[119.2508,50.3425],[119.3144,50.3517],[119.3529,50.3455],[119.3655,50.3108],[119.3385,50.294],[119.3338,50.2763],[119.3316,50.2173],[119.3483,50.1846],[119.344,50.1424],[119.3378,50.1241],[119.3162,50.0927],[119.3013,50.0798],[119.251,50.0483],[119.2085,50.0151],[119.1896,50.0073],[119.0917,49.9866],[118.9904,49.9793],[118.9238,49.9916],[118.8914,49.9793],[118.7916,49.9664],[118.7415,49.9531],[118.7129,49.9495],[118.6706,49.9621],[118.6444,49.9546],[118.6,49.931],[118.5706,49.9207],[118.5213,49.8941],[118.4908,49.8695],[118.477,49.836],[118.4558,49.8286],[118.3937,49.82],[118.3809,49.8115],[118.373,49.7863],[118.3536,49.7764],[118.3052,49.7671],[118.2417,49.7292],[118.2294,49.7292],[118.2082,49.6954],[118.1686,49.6715],[118.1064,49.6518],[118.0549,49.614],[118.0171,49.5958],[117.9307,49.5673],[117.8938,49.5466],[117.8738,49.5132],[117.8369,49.509],[117.795,49.5191],[117.7588,49.5127],[117.4729,49.6143],[117.2529,49.6225],[117.0576,49.6729],[116.7223,49.8017],[116.6843,49.8233],[116.4729,49.5165],[116.4577,49.4928],[116.2478,49.1815],[116.0378,48.8701],[116.0336,48.8524],[116.0476,48.8177],[116.048,48.7998],[116.0282,48.7675],[115.8004,48.5304],[115.7912,48.5138],[115.7866,48.473],[115.8093,48.274],[115.8,48.2423],[115.7708,48.2241],[115.5364,48.1492],[115.5142,48.1316],[115.5145,48.1221],[115.5458,47.993],[115.5619,47.9332],[115.5757,47.9097],[115.5999,47.8874],[115.8527,47.7056],[115.9145,47.6839],[115.9729,47.7091],[116.0843,47.8069],[116.1816,47.8496],[116.2439,47.8629],[116.4289,47.8351],[116.4997,47.8364],[116.7517,47.8741],[116.822,47.8763],[116.8533,47.8721],[116.9728,47.8376],[117.0474,47.8195],[117.0697,47.8102],[117.3171,47.6541],[117.3608,47.6509],[117.3999,47.6857],[117.4365,47.7305],[117.4729,47.7572],[117.5272,47.7865],[117.7417,47.9776],[117.7669,47.9931],[117.8152,48.0048],[117.9728,47.9979],[117.9972,48],[118.064,48.0196],[118.1225,48.0275],[118.1825,48.0282],[118.2063,48.0233],[118.2543,48.0029],[118.28,47.9981],[118.4728,47.9894],[118.5423,47.9662],[118.6052,47.9147],[118.7133,47.7936],[118.7674,47.7562],[118.9726,47.6951],[119.0596,47.6735],[119.0835,47.6616],[119.1042,47.6277],[119.1165,47.556],[119.1339,47.5275],[119.1576,47.5177],[119.251,47.4929],[119.291,47.4844],[119.3101,47.4761],[119.3178,47.4621],[119.2888,47.4291],[119.2819,47.4149],[119.3207,47.407],[119.476,47.3092],[119.4907,47.2972],[119.5251,47.2508],[119.5874,47.2384],[119.6294,47.2161],[119.7,47.1595],[119.7289,47.1286],[119.754,47.0944],[119.7605,47.0746],[119.7617,47.0155],[119.7701,46.993],[119.7843,46.9783],[119.8317,46.9421],[119.8523,46.9107],[119.8929,46.9055],[119.8964,46.8986],[119.8814,46.8729],[119.8868,46.8515],[119.9029,46.8424],[119.8987,46.8021],[119.8831,46.753],[119.9034,46.7264],[119.9042,46.7089],[119.8727,46.6732],[119.8344,46.651],[119.7963,46.6588],[119.7822,46.6556],[119.7544,46.6244],[119.7196,46.6027],[119.6801,46.5916],[119.6588,46.5962],[119.6235,46.6163],[119.5759,46.6192],[119.5013,46.628],[119.4529,46.6275],[119.3633,46.613],[119.3169,46.6117],[119.0624,46.661],[119.037,46.6687],[119.0141,46.6833],[118.9849,46.7245],[118.9672,46.7405],[118.947,46.7371],[118.9221,46.7155],[118.8906,46.7135],[118.8796,46.7273],[118.8675,46.7583],[118.8465,46.7655],[118.8162,46.7582],[118.7922,46.7378],[118.7538,46.6912],[118.7201,46.6767],[118.6846,46.6835],[118.6474,46.6977],[118.6094,46.7058],[118.552,46.6858],[118.4728,46.6857],[118.4352,46.6912],[118.3712,46.714],[118.3355,46.7222],[118.269,46.7229],[118.2383,46.7154],[118.1555,46.6746],[118.102,46.6731],[118.0839,46.6683],[118.0055,46.627],[117.9238,46.6152],[117.8783,46.5964],[117.8593,46.5803],[117.8327,46.5428],[117.817,46.5275],[117.7976,46.5203],[117.6962,46.5123],[117.6734,46.516],[117.6252,46.5357],[117.6075,46.5505],[117.582,46.592],[117.5682,46.6035],[117.5563,46.6016],[117.5101,46.5785],[117.4729,46.5847],[117.3938,46.5714],[117.4101,46.5398],[117.4055,46.5108],[117.3692,46.4757],[117.3575,46.4484],[117.3531,46.3795],[117.3375,46.3573],[117.3017,46.3501],[116.9579,46.3664],[116.8317,46.3864],[116.8046,46.3829],[116.7848,46.3659],[116.722,46.3287],[116.7073,46.3242],[116.6452,46.3185],[116.6036,46.3093],[116.5683,46.2909],[116.5396,46.2412],[116.5251,46.2268],[116.3572,46.1056],[116.2132,45.9082],[116.2071,45.8809],[116.2209,45.8498],[116.2421,45.8269],[116.2516,45.8033],[116.2304,45.7698],[116.1699,45.7091],[116.1439,45.6946],[116.0949,45.6765],[116.0633,45.6733],[116.012,45.6786],[115.9828,45.6596],[115.7673,45.5301],[115.6924,45.469],[115.6674,45.4543],[115.6378,45.4444],[115.473,45.4128],[115.3373,45.3947],[115.1263,45.3944],[114.9389,45.3738],[114.9053,45.3777],[114.7373,45.425],[114.7033,45.4272],[114.6693,45.4228],[114.5337,45.3855],[114.5194,45.3709],[114.5117,45.3255],[114.5023,45.3032],[114.473,45.2592],[114.4189,45.2015],[114.2118,45.0622],[114.1636,45.0401],[114.1392,45.0192],[114.1204,44.9932],[114.0893,44.9618],[114.0553,44.9406],[114.0171,44.9273],[113.9731,44.9193],[113.9138,44.9155],[113.8893,44.9083],[113.8376,44.8679],[113.7356,44.8159],[113.6725,44.7682],[113.6351,44.7463],[113.6048,44.7397],[113.5324,44.7453],[113.4732,44.7707],[113.1049,44.7944],[113.0169,44.8211],[112.9732,44.8212],[112.7485,44.8653],[112.6142,44.9088],[112.586,44.9238],[112.5645,44.9439],[112.5239,44.9933],[112.4413,45.0524],[112.4128,45.066],[112.3796,45.0707],[112.1076,45.0674],[112.0115,45.0875],[111.9583,45.0845],[111.9267,45.0609],[111.8433,45.0395],[111.7865,45.0086],[111.7607,44.9893],[111.7385,44.9663],[111.5514,44.6932],[111.541,44.6682],[111.5438,44.6013],[111.5302,44.5706],[111.509,44.5466],[111.4838,44.5064],[111.4469,44.4759],[111.4241,44.448],[111.4064,44.4165],[111.3971,44.3874],[111.3964,44.3466],[111.4106,44.3261],[111.4732,44.2988],[111.4906,44.2826],[111.4981,44.2644],[111.5037,44.2257],[111.5194,44.1886],[111.5438,44.1567],[111.6345,44.0659],[111.6682,44.0413],[111.7807,43.9862],[111.8114,43.9643],[111.8388,43.9388],[111.9306,43.8201],[111.9443,43.7864],[111.9479,43.757],[111.9451,43.7239],[111.9334,43.6966],[111.8458,43.6669],[111.7726,43.6693],[111.7538,43.6632],[111.5973,43.5234],[111.5677,43.5025],[111.535,43.4907],[111.4287,43.4839],[111.4014,43.4755],[111.3386,43.4382],[111.0961,43.3667],[110.9734,43.3156],[110.9337,43.2878],[110.797,43.1489],[110.6801,43.0577],[110.6657,43.0374],[110.641,42.9878],[110.6082,42.9447],[110.5667,42.9106],[110.4734,42.8549],[110.4494,42.8373],[110.4248,42.7852],[110.4067,42.7686],[110.1399,42.6826],[110.1057,42.6667],[110.0749,42.6435],[110.0427,42.636],[109.9873,42.6365],[109.9127,42.6288],[109.6673,42.549],[109.5183,42.4673],[109.5,42.4633],[109.4851,42.4493],[109.3286,42.4405],[109.2803,42.4283],[109.2534,42.4259],[108.9945,42.4495],[108.9613,42.4475],[108.8627,42.4089],[108.8285,42.4],[108.7969,42.3984],[108.5365,42.4351],[108.3198,42.4326],[108.2348,42.4501],[108.1774,42.4543],[108.0497,42.4391],[107.6224,42.3883],[107.1951,42.3375],[106.7678,42.2866],[106.3182,42.1401],[105.8686,41.9935],[105.4739,41.8403],[105.4027,41.8115],[105.3582,41.7858],[105.326,41.7767],[105.2745,41.7555],[105.2183,41.7484],[105.2009,41.7435],[105.0148,41.5961],[104.9738,41.5861],[104.9354,41.6224],[104.9137,41.6383],[104.8923,41.6448],[104.6012,41.6454],[104.5049,41.6566],[104.498,41.6658],[104.5008,41.8706],[104.1109,41.8131],[103.721,41.7556],[103.6914,41.7592],[103.3981,41.8764],[103.1048,41.9936],[103.0735,42.0045],[102.727,42.0645],[102.3806,42.1246],[102.0342,42.1846],[101.9742,42.2079],[101.8865,42.278],[101.7354,42.4612],[101.6376,42.5154],[101.5249,42.5375],[101.4107,42.5449],[101.2187,42.5298],[100.8181,42.5787],[100.4176,42.6276],[100.017,42.6765],[99.9716,42.6763],[99.6219,42.5974],[99.4745,42.5642],[99.0684,42.6039],[98.6622,42.6436],[98.2561,42.6833],[97.85,42.723],[97.5216,42.7552],[97.1907,42.7871],[97.8469,41.6193],[97.6796,41.5023],[97.6591,41.4839],[97.6476,41.4555],[97.659,41.4134],[97.7085,41.3494],[97.837,41.2175],[97.9505,41.1198],[97.9887,41.1064],[98.018,41.09],[98.2038,40.9512],[98.2245,40.9407],[98.2939,40.9166],[98.3206,40.8919],[98.3265,40.8557],[98.2348,40.5417],[98.2344,40.5282],[98.2458,40.5245],[98.5152,40.5335],[98.5715,40.5406],[98.6259,40.5569],[98.6458,40.5676],[98.7695,40.6696],[98.8051,40.7102],[98.8257,40.7266],[99.1574,40.8363],[99.496,40.8429],[99.5395,40.8514],[99.6645,40.9013],[99.7667,40.9099],[100.0112,40.8963],[100.0497,40.8805],[100.0755,40.859],[100.176,40.7351],[100.1903,40.7094],[100.1999,40.6769],[100.2038,40.617],[100.1898,40.5801],[100.14,40.5181],[100.0142,40.4025],[99.9875,40.358],[99.9566,40.2733],[99.9443,40.2523],[99.917,40.219],[99.8994,40.2048],[99.627,40.0692],[99.5325,40.0008],[99.4588,39.9245],[99.4309,39.8788],[99.6861,39.876],[99.762,39.8602],[99.8431,39.8029],[99.9251,39.7663],[100.0435,39.7277],[100.1889,39.6949],[100.2216,39.6804],[100.2567,39.6572],[100.2866,39.6273],[100.3023,39.5928],[100.3068,39.5498],[100.3181,39.5334],[100.3529,39.5174],[100.455,39.4956],[100.4848,39.4727],[100.4896,39.4374],[100.5067,39.4185],[100.5435,39.4089],[100.7895,39.4079],[100.8102,39.4039],[100.8332,39.3801],[100.8434,39.3433],[100.8493,39.2919],[100.8426,39.2288],[100.852,39.1675],[100.8662,39.1358],[100.8886,39.1052],[100.9413,39.0639],[101.0485,39.0008],[101.0982,38.9914],[101.1277,39],[101.1497,39.0159],[101.18,39.0206],[101.2,39.0158],[101.2171,38.9997],[101.2037,38.9571],[101.2064,38.9308],[101.2281,38.9032],[101.2478,38.87],[101.2802,38.8419],[101.3279,38.8257],[101.3359,38.8066],[101.3122,38.7865],[101.3104,38.7688],[101.3323,38.753],[101.39,38.753],[101.414,38.7492],[101.5802,38.6882],[101.5946,38.6875],[101.6329,38.6999],[101.65,38.7006],[101.7583,38.6875],[101.8311,38.6898],[101.8463,38.7011],[101.8849,38.7434],[101.9188,38.7743],[101.992,38.8286],[102.0204,38.8569],[102.0312,38.8792],[102.0228,38.8927],[101.9835,38.9245],[101.9513,38.9567],[101.859,39.0311],[101.8255,39.0644],[101.8249,39.0766],[101.8553,39.0912],[102.0152,39.1201],[102.3931,39.2372],[102.4332,39.2413],[102.4724,39.232],[102.5458,39.194],[102.5935,39.1779],[102.705,39.1619],[102.8306,39.1302],[102.9654,39.1194],[103.0064,39.1303],[103.0697,39.1861],[103.0998,39.206],[103.1364,39.2248],[103.234,39.2638],[103.284,39.293],[103.4638,39.3572],[103.7493,39.4249],[104.024,39.4411],[104.0606,39.4274],[104.0646,39.4048],[104.046,39.3477],[104.06,39.3078],[104.2079,39.1192],[104.2248,39.0907],[104.2271,39.0658],[104.2168,39.0347],[104.1716,38.9595],[104.147,38.9376],[104.1023,38.9217],[104.0595,38.8952],[104.0426,38.8741],[103.9795,38.759],[103.952,38.7219],[103.9139,38.6797],[103.8734,38.6427],[103.7943,38.5908],[103.4712,38.4359],[103.4458,38.4204],[103.4387,38.4057],[103.4435,38.3933],[103.4695,38.3624],[103.4877,38.3303],[103.5293,38.1612],[103.5217,38.1398],[103.4135,38.1168],[103.3881,38.102],[103.3828,38.0536],[103.3875,37.9991],[103.421,37.8603],[103.4382,37.8424],[103.6551,37.7861],[103.6787,37.775],[103.8637,37.6264],[104.1085,37.4618],[104.1433,37.4461],[104.179,37.4356],[104.2287,37.4039],[104.2625,37.3903],[104.3,37.403],[104.3261,37.4076],[104.3585,37.4012],[104.4252,37.4986],[104.4454,37.5123],[104.4752,37.5214],[104.5224,37.53],[104.5744,37.5307],[104.647,37.5066],[104.6627,37.5071],[104.8025,37.5337],[104.9443,37.5457],[104.9702,37.5519],[105.009,37.5767],[105.0416,37.6252],[105.0568,37.6423],[105.0849,37.6607],[105.2466,37.7253],[105.3544,37.7526],[105.41,37.7497],[105.4643,37.7323],[105.5049,37.7246],[105.5341,37.725],[105.5946,37.7349],[105.6416,37.7349],[105.6587,37.7398],[105.6905,37.7638],[105.7881,37.8051],[105.8021,37.8245],[105.7996,37.8895],[105.8148,37.9565],[105.8235,37.9803],[105.8247,38.0055],[105.7767,38.0747],[105.7607,38.1141],[105.7556,38.1355],[105.7574,38.1603],[105.7658,38.1844],[105.7813,38.2059],[105.8281,38.2268],[105.8456,38.2576],[105.8487,38.2748],[105.8453,38.3041],[105.8274,38.3307],[105.8227,38.3461],[105.8226,38.3958],[105.8412,38.5713],[105.8966,38.7362],[105.9118,38.7629],[105.9635,38.8304],[105.9858,38.8543],[106.0035,38.8812],[106.0136,38.9203],[106.0291,38.9455],[106.0603,38.9791],[106.0697,39.001],[106.0816,39.0613],[106.1132,39.1208],[106.1529,39.1308],[106.206,39.1224],[106.2408,39.1267],[106.271,39.144],[106.2878,39.1682],[106.2856,39.1909],[106.2726,39.2252],[106.2757,39.2692],[106.3021,39.2895],[106.347,39.2938],[106.4186,39.2828],[106.4515,39.2811],[106.4969,39.2858],[106.5457,39.3046],[106.5674,39.3163],[106.6141,39.3583],[106.6286,39.3614],[106.7493,39.3646],[106.7738,39.373],[106.7891,39.361],[106.8094,39.3093],[106.7994,39.2418],[106.8082,39.1991],[106.8199,39.1806],[106.8483,39.1639],[106.8819,39.1046],[106.8796,39.0939],[106.9119,39.0692],[106.9778,39.0356],[106.9834,39.0247],[106.9778,39.0029],[106.959,38.9642],[106.9317,38.9211],[106.7728,38.7157],[106.7134,38.6515],[106.7044,38.6372],[106.645,38.4592],[106.6242,38.4333],[106.571,38.3783],[106.4701,38.2907],[106.577,38.2405],[106.6299,38.2238],[106.69,38.2103],[106.8076,38.1571],[106.8292,38.1504],[106.9941,38.1189],[107.0608,38.1149],[107.1431,38.1407],[107.1626,38.1386],[107.3057,38.0779],[107.3242,38.0659],[107.3659,38.011],[107.3928,37.9852],[107.4062,37.948],[107.4047,37.9217],[107.4269,37.9067],[107.4918,37.9045],[107.5562,37.8768],[107.6576,37.8529],[107.7026,37.8324],[107.885,37.8016],[107.9287,37.7853],[107.9461,37.7721],[107.9911,37.7257],[108.0065,37.6954],[107.9996,37.645],[108.0387,37.6325],[108.2335,37.6404],[108.3072,37.6327],[108.333,37.6336],[108.4964,37.6686],[108.5205,37.6708],[108.5955,37.663],[108.6499,37.6628],[108.7385,37.6713],[108.7643,37.6819],[108.7697,37.695],[108.7712,37.7431],[108.7836,37.78],[108.7805,37.9053],[108.7907,37.9418],[108.8164,37.9739],[108.8363,37.9884],[108.8633,37.9876],[108.8771,37.9758],[108.8885,37.9527],[108.9103,37.9267],[108.9321,37.9152],[108.9543,37.9255],[109.001,37.9885],[109.0354,38.0752],[109.0382,38.0897],[109.028,38.111],[108.9934,38.1415],[108.9704,38.1668],[108.9535,38.1991],[108.9554,38.2249],[108.9753,38.2667],[108.9828,38.2985],[108.9864,38.3352],[109.0233,38.3752],[109.0454,38.4225],[109.0798,38.4565],[109.1443,38.5045],[109.16,38.5421],[109.2033,38.5694],[109.2958,38.6078],[109.3132,38.6205],[109.3158,38.6678],[109.332,38.6812],[109.3651,38.6893],[109.38,38.7056],[109.3915,38.7388],[109.4239,38.7691],[109.4624,38.7871],[109.4992,38.7942],[109.5157,38.7848],[109.538,38.7852],[109.5549,38.8049],[109.5746,38.8521],[109.617,38.8839],[109.6353,38.9058],[109.6743,39.0112],[109.7006,39.0235],[109.774,39.0351],[109.8206,39.0545],[109.8452,39.0966],[109.9633,39.1813],[109.9883,39.1945],[110.0373,39.2124],[110.1222,39.2575],[110.1691,39.2763],[110.1769,39.2852],[110.1658,39.3225],[110.1466,39.359],[110.1122,39.4029],[110.1092,39.4284],[110.1449,39.4448],[110.2012,39.436],[110.2252,39.4241],[110.2551,39.3774],[110.2744,39.357],[110.3381,39.3181],[110.3603,39.3153],[110.3966,39.3281],[110.4144,39.3496],[110.4285,39.3559],[110.4681,39.363],[110.4942,39.3743],[110.5265,39.365],[110.5569,39.3343],[110.5795,39.2969],[110.6034,39.2672],[110.6379,39.2451],[110.6563,39.246],[110.6849,39.2644],[110.7153,39.3199],[110.7282,39.3383],[110.8129,39.4274],[110.8457,39.4652],[110.9002,39.5068],[110.9457,39.5191],[110.9799,39.5341],[111.0131,39.5649],[111.0315,39.5698],[111.0539,39.5617],[111.0818,39.5631],[111.1206,39.5808],[111.1334,39.5788],[111.1371,39.565],[111.1227,39.5276],[111.079,39.4694],[111.0488,39.4367],[111.041,39.423],[111.0554,39.4055],[111.1057,39.3809],[111.11,39.3852],[111.1346,39.4106],[111.1642,39.4233],[111.1994,39.4272],[111.2843,39.4249],[111.3174,39.4294],[111.3427,39.4444],[111.3728,39.4892],[111.4212,39.5221],[111.4254,39.536],[111.4254,39.6254],[111.4539,39.6174],[111.4635,39.6203],[111.4491,39.6356],[111.453,39.6453],[111.4899,39.6522],[111.6749,39.6359],[111.701,39.6142],[111.7396,39.5989],[111.7612,39.598],[111.8001,39.6159],[111.847,39.6288],[111.9215,39.6888],[111.9333,39.7063],[111.9427,39.7339],[111.9491,39.7745],[111.9593,39.7906],[111.9871,39.8165],[111.9986,39.8331],[112.0244,39.889],[112.099,40.0054],[112.1098,40.0175],[112.1651,40.0593],[112.2198,40.1392],[112.2321,40.1657],[112.2793,40.229],[112.2898,40.2365],[112.353,40.2616],[112.3992,40.2883],[112.4241,40.2894],[112.4773,40.2764],[112.5332,40.2482],[112.5958,40.2378],[112.6753,40.1966],[112.7014,40.1748],[112.7342,40.1728],[112.8081,40.1982],[112.8438,40.2257],[112.8795,40.2679],[112.9247,40.3282],[112.9614,40.3559],[113.0865,40.4044],[113.1831,40.4253],[113.2077,40.4241],[113.2299,40.4167],[113.255,40.3949],[113.2811,40.3476],[113.2969,40.3319],[113.3341,40.3187],[113.4373,40.3248],[113.4873,40.3331],[113.5183,40.3437],[113.6766,40.4285],[113.6982,40.4318],[113.7655,40.4273],[113.8085,40.4342],[113.8961,40.4692],[113.9235,40.475],[114.0438,40.488],[114.0757,40.5027],[114.0828,40.5176],[114.0755,40.5502],[114.0449,40.582],[114.0335,40.6008],[114.027,40.6352],[114.0374,40.6627],[114.0635,40.6925],[114.0839,40.706],[114.1541,40.7426],[114.1159,40.7869],[114.0601,40.8137],[114.0475,40.8331],[114.0473,40.8651],[114.0277,40.9115],[114.0186,40.9236],[113.9694,40.9523],[113.9542,40.9674],[113.9183,41.0182],[113.908,41.0281],[113.8569,41.0583],[113.8285,41.0812],[113.8228,41.0942],[113.8622,41.0867],[113.8807,41.0993],[113.883,41.1238],[113.8984,41.1559],[113.9159,41.1627],[113.9638,41.1534],[113.9808,41.1611],[113.9896,41.1815],[113.9849,41.2409],[113.9737,41.2532],[113.9403,41.2566],[113.9239,41.2656],[113.9089,41.294],[113.9109,41.3336],[113.9232,41.3775],[113.928,41.4184],[113.9612,41.4462],[113.9919,41.4998],[114.0072,41.5188],[114.0273,41.5313],[114.1364,41.5557],[114.1662,41.5671],[114.1971,41.5936],[114.2135,41.7669],[114.2319,41.8269],[114.2557,41.8601],[114.2725,41.8756],[114.324,41.9135],[114.3564,41.93],[114.3819,41.9366],[114.4197,41.9563],[114.4427,41.9817],[114.4813,42.0753],[114.5229,42.1159],[114.5499,42.1301],[114.5963,42.1413],[114.7519,42.1399],[114.787,42.1583],[114.8049,42.1784],[114.8449,42.1483],[114.8562,42.1262],[114.8463,42.0817],[114.8497,42.0694],[114.8851,42.0185],[114.8961,41.9768],[114.9203,41.9369],[114.9226,41.8883],[114.9313,41.8386],[114.9127,41.8255],[114.8758,41.8117],[114.8712,41.7829],[114.8866,41.7531],[114.889,41.7371],[114.8806,41.6962],[114.8824,41.6443],[114.8756,41.6199],[114.889,41.61],[115.0974,41.6162],[115.1372,41.6109],[115.2259,41.5858],[115.2504,41.5914],[115.2683,41.6196],[115.2828,41.624],[115.3413,41.6159],[115.3416,41.6382],[115.316,41.6735],[115.313,41.6994],[115.3398,41.7208],[115.5275,41.7723],[115.5779,41.7911],[115.6824,41.8483],[115.7943,41.8904],[115.8588,41.9275],[115.901,41.9366],[115.9373,41.9275],[115.9708,41.8816],[116.0134,41.8374],[116.0379,41.8006],[116.0703,41.801],[116.086,41.8109],[116.1007,41.8299],[116.1088,41.8577],[116.1299,41.8729],[116.1822,41.8766],[116.2072,41.884],[116.2762,41.9503],[116.3609,42.0027],[116.3775,42.0097],[116.4151,42.0041],[116.4328,41.9899],[116.4431,41.9595],[116.4661,41.9476],[116.52,41.9671],[116.5524,41.96],[116.5684,41.936],[116.5997,41.9237],[116.6385,41.9287],[116.6724,41.9392],[116.7461,41.9749],[116.7973,41.987],[116.8173,42.006],[116.8581,42.0195],[116.8732,42.0307],[116.8877,42.0571],[116.8854,42.0764],[116.8548,42.1103],[116.8645,42.1453],[116.886,42.167],[116.8883,42.1847],[116.8789,42.2202],[116.8415,42.2732],[116.8266,42.3082],[116.837,42.3398],[116.8694,42.383],[116.8871,42.3954],[117.0559,42.4628],[117.1034,42.4761],[117.1549,42.4708],[117.2439,42.4823],[117.2605,42.4804],[117.3166,42.4632],[117.3486,42.4568],[117.3928,42.4546],[117.4124,42.4581],[117.4276,42.4766],[117.442,42.5335],[117.4504,42.5493],[117.5007,42.5839],[117.5294,42.6202],[117.5407,42.6194],[117.554,42.596],[117.5936,42.5516],[117.6281,42.5651],[117.7426,42.5911],[117.7875,42.6096],[117.8095,42.5996],[117.8005,42.5688],[117.8152,42.5523],[117.8569,42.5257],[117.8736,42.4998],[117.9446,42.4362],[117.9816,42.4113],[118.0123,42.3954],[118.0242,42.3826],[118.0205,42.3242],[118.0402,42.2888],[118.0413,42.2782],[118.0258,42.262],[117.9912,42.2446],[117.9893,42.2216],[118.0216,42.2016],[118.0986,42.1756],[118.0995,42.11],[118.1288,42.0564],[118.1236,42.0355],[118.1339,42.0219],[118.1827,42.0245],[118.2007,42.0352],[118.2118,42.07],[118.2323,42.0842],[118.2679,42.0739],[118.2798,42.0512],[118.2765,42.0224],[118.282,42.0018],[118.2976,41.9723],[118.2744,41.9114],[118.3046,41.8883],[118.3222,41.8635],[118.3192,41.8305],[118.3029,41.7856],[118.2782,41.7527],[118.2494,41.7607],[118.2273,41.786],[118.1997,41.7977],[118.1681,41.7901],[118.1516,41.7505],[118.1594,41.7191],[118.1749,41.694],[118.2038,41.6603],[118.2183,41.6153],[118.2444,41.5923],[118.301,41.5851],[118.3136,41.5696],[118.3124,41.5422],[118.2982,41.5001],[118.2947,41.4606],[118.3326,41.4466],[118.3436,41.4169],[118.3408,41.3818],[118.3498,41.3362],[118.3703,41.314],[118.4066,41.3096],[118.4102,41.3308],[118.4372,41.3483],[118.4784,41.3551],[118.625,41.3548],[118.6891,41.3436],[118.7279,41.3473],[118.7725,41.3709],[118.7971,41.3803],[118.8189,41.3817],[118.8313,41.3585],[118.8671,41.3365],[119.1527,41.3122],[119.1767,41.3141],[119.2136,41.3239],[119.2383,41.3198],[119.231,41.2734],[119.3616,41.375],[119.3823,41.4095],[119.3885,41.4333],[119.3897,41.4726],[119.3811,41.5201],[119.3556,41.6083],[119.3449,41.6276],[119.3156,41.6578],[119.308,41.6925],[119.3072,41.7232],[119.2986,41.7773],[119.3061,41.8078],[119.3093,41.8419],[119.3308,41.8675],[119.3217,41.9654],[119.3309,41.9803],[119.3628,42.0149],[119.3724,42.037],[119.3742,42.0804],[119.3659,42.1005],[119.3114,42.1254],[119.2453,42.1919],[119.2692,42.2323],[119.3357,42.2894],[119.3547,42.2977],[119.387,42.2993],[119.425,42.3165],[119.4486,42.3165],[119.4737,42.3322],[119.4898,42.3522],[119.5117,42.3945],[119.5339,42.3899],[119.5628,42.3718],[119.5897,42.3449],[119.5866,42.3205],[119.6171,42.2905],[119.6275,42.2692],[119.6294,42.2505],[119.6442,42.2355],[119.6779,42.2274],[119.762,42.2211],[119.8215,42.2086],[119.8459,42.1875],[119.845,42.1745],[119.8011,42.1448],[119.8082,42.1202],[119.8757,42.0703],[119.8843,42.0526],[119.8841,42.0193],[119.8919,41.9995],[119.9602,41.9718],[119.9757,41.9556],[119.98,41.9123],[119.9855,41.9029],[120.0303,41.8606],[120.0365,41.8318],[120.036,41.8058],[120.0264,41.7338],[120.0362,41.7074],[120.064,41.6998],[120.1076,41.7065],[120.1222,41.7274],[120.1273,41.7569],[120.1408,41.7893],[120.1729,41.8171],[120.2609,41.8801],[120.2918,41.9117],[120.3108,41.9406],[120.3402,41.9658],[120.4309,42.0046],[120.4482,42.0154],[120.4688,42.038],[120.4927,42.09],[120.486,42.1182],[120.4888,42.1357],[120.5092,42.1487],[120.6279,42.1604],[120.6556,42.1724],[120.7008,42.2019],[120.7351,42.2279],[120.8388,42.2656],[120.9126,42.2966],[120.9319,42.2964],[120.9697,42.2612],[120.9977,42.2498],[121.0342,42.2601],[121.3689,42.5],[121.3828,42.507],[121.4678,42.5255],[121.4958,42.5223],[121.5444,42.5352],[121.5653,42.5317],[121.5829,42.5168],[121.589,42.5004],[121.6101,42.4711],[121.629,42.4574],[121.6461,42.4536],[121.7237,42.4577],[121.7389,42.4653],[121.7605,42.4869],[121.8778,42.5396],[121.8925,42.5585],[121.9125,42.603],[121.9183,42.6466],[121.9339,42.6734],[121.9659,42.6955],[122.045,42.7209],[122.0626,42.7196],[122.1199,42.6958],[122.1901,42.6845],[122.2558,42.6469],[122.2994,42.6365],[122.3996,42.6583],[122.4255,42.675],[122.4339,42.7026],[122.4257,42.722],[122.3825,42.7715],[122.3669,42.7991],[122.3646,42.8335],[122.3763,42.8482],[122.392,42.8536],[122.4764,42.8496],[122.5272,42.8342],[122.5716,42.8094],[122.7279,42.741],[122.7633,42.7323],[122.8766,42.7415],[122.8928,42.7449],[122.9283,42.7711],[122.9745,42.7879],[123.0247,42.785],[123.059,42.7876],[123.1313,42.8264],[123.1598,42.8649],[123.1819,42.9441],[123.1933,42.955],[123.2612,42.9988],[123.2998,43.0165],[123.3544,43.0123],[123.612,43.0814],[123.6241,43.093],[123.6344,43.1378],[123.6601,43.1784],[123.6546,43.2116],[123.6683,43.2279],[123.6702,43.2637],[123.6969,43.317],[123.6963,43.3535],[123.6275,43.3587],[123.6059,43.3651],[123.5706,43.3957],[123.5555,43.4003],[123.4999,43.4064],[123.4545,43.4374],[123.3781,43.4532],[123.3586,43.4675],[123.3477,43.4852],[123.3448,43.5093],[123.3614,43.5398],[123.3991,43.5634],[123.4155,43.569],[123.4186,43.6183],[123.4518,43.5997],[123.4942,43.5895],[123.5167,43.612],[123.528,43.6368],[123.529,43.6735],[123.5222,43.697],[123.4989,43.7218],[123.4713,43.7617],[123.4177,43.8898],[123.3988,43.9213],[123.3431,43.9929],[123.3223,44.0419],[123.3213,44.0561],[123.3314,44.07],[123.3591,44.0922],[123.3648,44.1228],[123.3591,44.1513],[123.3494,44.1644],[123.3234,44.1792],[123.2801,44.1927],[123.2576,44.2041],[123.2435,44.2206],[123.2169,44.2753],[123.1962,44.3009],[123.1845,44.3254],[123.1786,44.3524],[123.1682,44.3668],[123.124,44.3936],[123.1165,44.4065],[123.1247,44.4759],[123.1238,44.4944],[123.0988,44.5315],[123.0808,44.5314],[123.0445,44.5133],[123.009,44.4844],[122.9553,44.4468],[122.8212,44.3941],[122.7495,44.3487],[122.7154,44.3356],[122.6379,44.324],[122.6243,44.3177],[122.5948,44.2911],[122.3766,44.22],[122.3225,44.2106],[122.2992,44.2106],[122.2779,44.2188],[122.2541,44.2459],[122.2786,44.3643],[122.2819,44.4287],[122.2741,44.4455],[122.2383,44.4753],[122.0882,44.6197],[122.0721,44.6447],[122.046,44.6949],[122.0409,44.731],[122.0463,44.7709],[122.0429,44.7946],[122.0226,44.8467],[122.0226,44.8627],[122.0331,44.8836],[122.0381,44.9344],[122.0143,45.0292],[122.0058,45.0899],[122.0108,45.1183],[122.0249,45.137],[122.0513,45.152],[122.1223,45.1685],[122.1482,45.1777],[122.1918,45.201],[122.2283,45.2376],[122.237,45.2707],[122.234,45.2871],[122.2097,45.3205],[122.206,45.3634],[122.1861,45.3833],[122.1653,45.4154],[122.1365,45.4491],[122.1067,45.4687],[122.0271,45.4845],[121.9965,45.5182],[121.9747,45.536],[121.9639,45.5675],[121.9803,45.6045],[121.9864,45.6297],[121.982,45.6423],[121.9344,45.69],[121.8983,45.7002],[121.865,45.6993],[121.7849,45.676],[121.7591,45.6749],[121.729,45.6822],[121.6664,45.7158],[121.6495,45.741],[121.6574,45.7486],[121.7143,45.7749],[121.742,45.7987],[121.7965,45.8726],[121.8148,45.9137],[121.8081,45.9525],[121.7787,45.9817],[121.7737,46.0103],[121.7954,46.0151],[121.87,46.0114],[121.9008,46.005],[121.9394,45.9893],[121.996,45.9803],[122.0406,45.9544],[122.0595,45.9274],[122.1461,45.8713],[122.1934,45.8553],[122.2398,45.8135],[122.2675,45.8188],[122.2938,45.8344],[122.3686,45.9001],[122.3844,45.9362],[122.3986,45.9492],[122.4262,45.9416],[122.4525,45.9198],[122.4712,45.8921],[122.4979,45.8254],[122.5132,45.8091],[122.5733,45.7771],[122.6121,45.7473],[122.647,45.7251],[122.689,45.7112],[122.7084,45.715],[122.7524,45.7539],[122.7734,45.7885],[122.7675,45.8375],[122.7748,45.8757],[122.7963,45.8988],[122.8006,45.9131],[122.791,45.9705],[122.7987,46.0893],[122.8214,46.0939],[123.0689,46.1087],[123.086,46.1134],[123.1001,46.128],[123.1094,46.1553],[123.1316,46.1821],[123.1474,46.2092],[123.1617,46.2201],[123.0341,46.3466],[122.9889,46.4066],[122.9861,46.4417],[123.0018,46.4751],[123.0085,46.5196],[123.004,46.5859],[123.0132,46.6069],[123.0358,46.6199],[123.0633,46.6246],[123.0942,46.622],[123.2186,46.5938],[123.2915,46.5864],[123.3707,46.5897],[123.3973,46.5978],[123.5361,46.692],[123.6087,46.7746],[123.626,46.8066],[123.5986,46.8068],[123.5996,46.8259],[123.6133,46.8411],[123.5918,46.8756],[123.5707,46.8733],[123.5542,46.8484],[123.5485,46.8226],[123.5232,46.8136],[123.4894,46.8173],[123.4636,46.8368],[123.4685,46.8747],[123.4416,46.8917],[123.3912,46.8999],[123.38,46.8981],[123.355,46.8753],[123.3305,46.8326],[123.313,46.8224],[123.267,46.8173],[123.2392,46.8029],[123.2042,46.7706],[123.1868,46.7616],[123.1244,46.7753],[123.0726,46.7958],[123.0294,46.818],[122.9962,46.8403],[122.7973,47.0337],[122.7639,47.0522],[122.6503,47.0863],[122.6262,47.0974],[122.574,47.1311],[122.5357,47.1701],[122.5008,47.2375],[122.4487,47.2852],[122.4052,47.3317],[122.4151,47.3467],[122.4867,47.4016],[122.4947,47.4102],[122.5128,47.455],[122.5459,47.51],[122.5654,47.5312],[122.723,47.5978],[122.7973,47.6436],[123.0954,47.7549],[123.2068,47.8138],[123.2194,47.8274],[123.2436,47.8674],[123.2655,47.9182],[123.2933,47.9457],[123.3441,47.9657],[123.4874,48.0076],[123.5496,48.0377],[123.5776,48.0543],[123.7269,48.1911],[124.0779,48.4483],[124.2341,48.5308],[124.2526,48.5334],[124.2778,48.5161],[124.3008,48.4919],[124.3075,48.4719],[124.305,48.449],[124.3179,48.4258],[124.3125,48.3718],[124.3272,48.3322],[124.3526,48.3034],[124.3725,48.2892],[124.3926,48.2637],[124.3962,48.2413],[124.4159,48.2225],[124.4165,48.1878],[124.4256,48.1744],[124.4653,48.1554],[124.4824,48.1116],[124.5205,48.1287],[124.5281,48.1909],[124.5486,48.2052],[124.5622,48.2362],[124.5595,48.3149],[124.5475,48.3523],[124.5207,48.369],[124.5303,48.4316],[124.5441,48.4668],[124.5336,48.5016],[124.5486,48.5199],[124.5338,48.5477],[124.5381,48.5717],[124.5895,48.6161],[124.6071,48.6387],[124.6162,48.6676],[124.6162,48.6993],[124.6243,48.7259],[124.6218,48.742],[124.6578,48.7942],[124.6752,48.8316],[124.6982,48.8494],[124.7864,49.0149],[124.8216,49.0609],[124.8223,49.1157],[124.8459,49.1366],[124.8639,49.1754],[124.9026,49.1773],[124.955,49.1657],[125.0312,49.1641],[125.0507,49.1411],[125.0625,49.1368],[125.1128,49.1351],[125.1356,49.1389],[125.1581,49.1511],[125.1738,49.1806],[125.1904,49.1879],[125.2229,49.22],[125.2188,49.2591],[125.2332,49.274],[125.2225,49.2855],[125.2452,49.3212],[125.2537,49.3429],[125.24,49.3901],[125.2674,49.4385],[125.2185,49.5197],[125.24,49.5409],[125.2357,49.5544],[125.2128,49.5682],[125.1954,49.5999],[125.1632,49.6206],[125.1481,49.6194],[125.1306,49.6366],[125.1252,49.6566],[125.1513,49.6644],[125.1792,49.6469],[125.1968,49.6466],[125.2196,49.6681],[125.2196,49.7538],[125.2233,49.787],[125.2162,49.7981],[125.1829,49.8112],[125.1779,49.819],[125.1909,49.8336],[125.2348,49.848],[125.2258,49.8636],[125.245,49.877],[125.224,49.9007],[125.2258,49.9183],[125.1885,49.9419],[125.1866,49.9517],[125.2258,49.9592],[125.248,49.9889],[125.2804,49.998],[125.2952,50.0145],[125.2517,50.043],[125.2503,50.0548],[125.3112,50.0513],[125.3294,50.0623],[125.281,50.0691],[125.2637,50.0953],[125.2644,50.1057],[125.3015,50.1374],[125.3158,50.1246],[125.3428,50.1291],[125.3595,50.1445],[125.3431,50.1647],[125.385,50.1899],[125.4184,50.1946],[125.443,50.2111],[125.4393,50.2261],[125.4537,50.232],[125.4393,50.254],[125.4571,50.2724],[125.4644,50.2925],[125.5063,50.3141],[125.5212,50.3428],[125.5308,50.393],[125.542,50.4066],[125.5724,50.394],[125.5696,50.4288],[125.5867,50.4411],[125.6467,50.4527],[125.657,50.4679],[125.6944,50.4829],[125.722,50.5106],[125.754,50.5141],[125.7933,50.5344],[125.8094,50.5622],[125.8098,50.5969],[125.8024,50.6377],[125.7827,50.6756],[125.8086,50.696],[125.7999,50.7134],[125.754,50.7543],[125.7682,50.7679],[125.824,50.7668],[125.8469,50.7947],[125.9122,50.8363],[125.8912,50.8567],[125.9088,50.8626],[125.9253,50.8567],[125.9517,50.8926],[125.9806,50.8704],[125.9903,50.8752],[126.001,50.9018],[126.0185,50.9078],[126.0147,50.9182],[126.0453,50.9431],[126.0563,50.9803],[126.044,51],[126.0351,51.0386],[126.0266,51.0511],[125.9891,51.0704],[125.9806,51.0864],[125.9844,51.1042],[125.9569,51.1116],[125.9253,51.11],[125.9284,51.1266],[125.8707,51.1448],[125.856,51.1656],[125.8434,51.2062],[125.8191,51.2137],[125.7995,51.21],[125.7195,51.2537],[125.6962,51.2756],[125.6829,51.303],[125.648,51.3432],[125.5769,51.3893],[125.5634,51.4029],[125.5541,51.4341],[125.5146,51.4837],[125.4866,51.5074],[125.3865,51.5613],[125.3333,51.5827],[125.1275,51.6157],[125.0937,51.6117],[125.0683,51.5944],[125.0624,51.5768],[125.0606,51.5344],[125.0461,51.5158],[125.0221,51.5045],[124.9784,51.5],[124.9545,51.4892],[124.9403,51.4452],[124.9302,51.4381],[124.8766,51.4197],[124.8475,51.3976],[124.8368,51.3757],[124.8206,51.3659],[124.7625,51.3657],[124.6662,51.3353],[124.5019,51.3606],[124.465,51.3564],[124.4465,51.341],[124.4381,51.3104],[124.3993,51.288],[124.3508,51.2786],[124.2843,51.2833],[124.2347,51.3084],[124.1897,51.3239],[124.1621,51.3284],[124.0044,51.3017],[123.8663,51.3134],[123.8272,51.3054],[123.8083,51.2906],[123.7888,51.2328],[123.7602,51.2175],[123.6624,51.1997],[123.6219,51.1971],[123.5696,51.2039],[123.5485,51.2174],[123.5026,51.2598],[123.4639,51.2711],[123.4383,51.2731],[123.3688,51.266],[123.2717,51.2667],[123.22,51.2854],[123.1789,51.3164],[123.1614,51.3179],[123.1153,51.3061],[123.0881,51.3125],[123.0237,51.3556],[122.9562,51.3861],[122.8844,51.4481],[122.8532,51.4814],[122.8389,51.5106],[122.8412,51.5466],[122.8355,51.5678],[122.7145,51.7017],[122.7067,51.734],[122.7213,51.7589],[122.7485,51.783],[122.7613,51.8025],[122.7542,51.8475],[122.6377,52.095],[122.6325,52.1161],[122.6449,52.1359],[122.7248,52.1566],[122.7537,52.1721],[122.7751,52.2],[122.7737,52.2245],[122.752,52.2412],[122.7307,52.2489],[122.5698,52.2658],[122.5019,52.286],[122.4814,52.3079],[122.454,52.3491],[122.3989,52.3811],[122.3816,52.3976],[122.3591,52.436],[122.3386,52.4537],[122.2077,52.4902],[122.1737,52.4796],[122.1344,52.4146],[122.0973,52.3617],[122.0418,52.3017],[122.0179,52.2831],[121.97,52.2668],[121.9111,52.2583],[121.8313,52.2694],[121.8041,52.2831],[121.7734,52.3107],[121.7408,52.3549],[121.719,52.3745],[121.6923,52.3885],[121.5817,52.4145],[121.4909,52.4447],[121.4672,52.4559],[121.3969,52.502],[121.3255,52.532],[121.1972,52.5646],[121.1691,52.5766],[121.1739,52.595],[121.5027,52.7747],[121.6915,52.9083],[121.7274,52.9546],[121.7796,52.9892],[121.8002,53.0236],[121.774,53.0653],[121.7654,53.095],[121.744,53.1112],[121.6928,53.1273],[121.6772,53.1376],[121.6664,53.157],[121.6511,53.2041],[121.6379,53.2203],[121.6072,53.2407],[121.5786,53.2522],[121.5116,53.2663],[121.4523,53.2882],[121.4133,53.3173]]]},"properties":{"name":"Inner Mongol","name_en":"Inner Mongolia","name_ja":"内モンゴル自治区","name_zh":"内蒙古自治区","name_ko":"내몽골 자치구","adm0_a3":"CHN","postal":"NM","iso_3166_2":"CN-NM","type_en":"Autonomous Region","region":"North China","geonunit":"China"}},
{"type":"Feature","geometry":{"type":"Polygon","coordinates":[[[96.3663,42.7229],[96.0909,42.5869],[96.0729,42.5726],[96.0534,42.5411],[96.0438,42.4999],[96.0178,42.1387],[96.0251,42.082],[96.041,42.0436],[96.0444,42.0131],[96.0358,41.9953],[95.952,41.9192],[95.8639,41.855],[95.8374,41.842],[95.8058,41.8325],[95.7719,41.8297],[95.492,41.856],[95.0583,41.7886],[94.5809,41.5852],[94.011,41.104],[93.7599,40.8233],[93.7148,40.7434],[93.6691,40.6834],[93.5775,40.588],[93.5343,40.561],[93.5035,40.5476],[93.3977,40.5172],[93.3191,40.477],[93.2863,40.4693],[93.0368,40.4899],[92.9904,40.4878],[92.9415,40.4726],[92.9259,40.4229],[92.9195,40.1181],[92.9074,40.0792],[92.7774,39.9055],[92.7659,39.8777],[92.7665,39.8401],[92.7724,39.8105],[92.948,39.4525],[92.9542,39.4283],[92.9535,39.392],[92.9409,39.3107],[92.9353,39.1644],[92.936,39.1529],[93.0018,39.146],[93.0357,39.1521],[93.0744,39.1782],[93.1166,39.1951],[93.1403,39.1987],[93.1975,39.1879],[93.2756,39.1887],[93.4052,39.217],[93.4325,39.2297],[93.4768,39.2598],[93.502,39.2719],[93.5391,39.2806],[93.6262,39.2777],[93.6451,39.2802],[93.7221,39.3067],[93.744,39.3089],[93.7733,39.3008],[93.8446,39.2954],[93.8779,39.2869],[93.9089,39.2856],[93.9699,39.3041],[94.0586,39.3089],[94.117,39.3219],[94.1499,39.3243],[94.1742,39.321],[94.4793,39.3178],[94.5212,39.3108],[94.5535,39.3012],[94.6311,39.2954],[94.6683,39.2789],[94.7022,39.2489],[94.7246,39.2368],[94.8495,39.2055],[94.9124,39.1982],[94.9377,39.1874],[94.9819,39.1568],[95.006,39.1512],[95.0572,39.1475],[95.1358,39.1636],[95.2186,39.1604],[95.2505,39.1658],[95.3053,39.1828],[95.321,39.1768],[95.3545,39.1346],[95.4609,39.0466],[95.496,39.0303],[95.5658,39.0152],[95.5783,39.0081],[95.6019,38.971],[95.6538,38.9288],[95.687,38.8955],[95.7216,38.8747],[95.7581,38.8735],[95.7882,38.8623],[95.8561,38.8148],[95.8919,38.7837],[96.0076,38.7517],[96.0311,38.7315],[96.0386,38.6993],[96.0548,38.6788],[96.0855,38.6674],[96.1265,38.6699],[96.1825,38.6435],[96.2328,38.6325],[96.2834,38.6353],[96.3155,38.6269],[96.3945,38.5824],[96.4396,38.5653],[96.5026,38.549],[96.513,38.5289],[96.5031,38.4997],[96.5104,38.4701],[96.5324,38.4577],[96.5679,38.4443],[96.6762,38.4153],[96.7235,38.39],[96.7492,38.3794],[96.8451,38.3564],[96.9123,38.3508],[96.9455,38.3582],[96.9587,38.3872],[96.9712,38.5673],[96.9632,38.6031],[96.9424,38.6391],[96.9399,38.6535],[96.9483,38.6694],[96.969,38.6804],[96.9705,38.7155],[96.9812,38.7443],[96.9745,38.7944],[96.979,38.8317],[96.9709,38.8642],[96.9832,38.9121],[96.9835,38.942],[96.9911,38.9968],[96.9838,39.0408],[96.9625,39.1032],[96.9663,39.1244],[96.9806,39.1344],[96.9976,39.179],[97.0265,39.1962],[97.0828,39.2035],[97.1375,39.2032],[97.3626,39.1504],[97.3749,39.1458],[97.6749,39.005],[97.6976,38.981],[98.0205,38.8362],[98.0686,38.8018],[98.1029,38.8146],[98.1937,38.8754],[98.2626,38.9317],[98.2725,38.9475],[98.284,38.9834],[98.3015,39.0079],[98.3243,39.0233],[98.3515,39.0211],[98.3835,39.0092],[98.4171,38.9732],[98.4446,38.9573],[98.5271,38.9572],[98.5749,38.9461],[98.6022,38.9476],[98.652,38.9696],[98.6964,39.0005],[98.714,39.0185],[98.7352,39.0623],[98.747,39.0706],[98.7819,39.0677],[98.8493,39.0439],[98.9019,39.0356],[98.9287,39.0198],[98.9621,38.9818],[98.9884,38.9743],[99.0412,38.978],[99.0641,38.9756],[99.0948,38.9578],[99.0986,38.9396],[99.0881,38.9235],[99.0886,38.9031],[99.0993,38.8896],[99.3598,38.7056],[99.4279,38.6396],[99.4459,38.6254],[99.4963,38.6011],[99.5079,38.5882],[99.5204,38.5552],[99.5572,38.5154],[99.7999,38.3657],[99.8326,38.3521],[99.9146,38.3383],[100.0006,38.3144],[100.079,38.2784],[100.1156,38.2512],[100.1465,38.214],[100.1585,38.2074],[100.1702,38.2215],[100.1671,38.247],[100.1574,38.2674],[100.1555,38.3028],[100.1156,38.334],[100.0831,38.3945],[100.0908,38.4511],[100.0986,38.4773],[100.1122,38.4906],[100.1408,38.4858],[100.2035,38.4413],[100.2358,38.3946],[100.2804,38.3716],[100.3088,38.3381],[100.3302,38.3207],[100.3578,38.307],[100.4117,38.2921],[100.4974,38.2894],[100.5301,38.2742],[100.5543,38.2521],[100.5799,38.2089],[100.602,38.1274],[100.6357,38.1054],[100.9322,38.0008],[100.9992,37.9856],[101.0498,37.9637],[101.2929,37.7989],[101.6465,37.6119],[101.6925,37.5984],[101.7071,37.5878],[101.7465,37.537],[101.7656,37.525],[101.7854,37.5205],[101.8017,37.5261],[101.8129,37.5438],[101.8187,37.604],[101.836,37.6273],[101.857,37.645],[101.9371,37.7307],[101.9563,37.74],[101.972,37.7204],[101.9802,37.6672],[101.9959,37.6145],[102.0539,37.5793],[102.0672,37.5483],[102.0594,37.5312],[102.0368,37.5012],[102.0327,37.4789],[102.0534,37.4524],[102.142,37.4067],[102.188,37.4078],[102.2128,37.3991],[102.2455,37.3809],[102.3506,37.3028],[102.4266,37.2781],[102.4611,37.2424],[102.518,37.1998],[102.5506,37.1638],[102.5591,37.1345],[102.5498,37.1188],[102.5197,37.0975],[102.4958,37.0891],[102.4932,37.0568],[102.4797,37.0028],[102.4601,36.9557],[102.4772,36.9403],[102.5556,36.9],[102.5888,36.8574],[102.63,36.8362],[102.6747,36.8016],[102.6816,36.7647],[102.6675,36.7414],[102.6152,36.7288],[102.5963,36.7138],[102.5919,36.6873],[102.6108,36.6572],[102.6322,36.6436],[102.6656,36.6307],[102.6982,36.6089],[102.7098,36.5874],[102.7205,36.5554],[102.7359,36.5289],[102.7697,36.4976],[102.7907,36.4174],[102.8012,36.3886],[102.808,36.353],[102.8186,36.3261],[102.8558,36.3231],[102.8945,36.3094],[102.9241,36.2814],[102.9421,36.2693],[102.981,36.2607],[103.0404,36.2165],[103.0188,36.1998],[102.9333,36.0861],[102.9312,36.0543],[102.9517,36.0356],[102.984,36.0146],[102.9995,35.9907],[102.9963,35.9798],[102.9705,35.9434],[102.9697,35.9205],[102.981,35.8745],[102.9822,35.8475],[102.976,35.8333],[102.8998,35.85],[102.8729,35.8464],[102.8591,35.857],[102.8375,35.8608],[102.7876,35.86],[102.7599,35.8376],[102.7354,35.8304],[102.7003,35.8395],[102.6954,35.8273],[102.6799,35.7568],[102.6904,35.7108],[102.7117,35.6622],[102.7213,35.6191],[102.7204,35.5663],[102.7022,35.524],[102.6874,35.5146],[102.6437,35.5183],[102.577,35.5357],[102.535,35.5356],[102.5068,35.5237],[102.4809,35.5009],[102.4532,35.4594],[102.4264,35.4353],[102.3846,35.4285],[102.3376,35.4304],[102.2981,35.4206],[102.2893,35.4069],[102.3029,35.3664],[102.2992,35.3506],[102.2656,35.3064],[102.2654,35.2806],[102.3088,35.2794],[102.3177,35.275],[102.3341,35.2408],[102.3756,35.2037],[102.3745,35.1736],[102.3365,35.1528],[102.2958,35.1057],[102.2786,35.0697],[102.2671,35.0559],[102.2127,35.0444],[102.1948,35.0376],[102.1433,35.005],[102.1142,34.9771],[102.0847,34.9574],[102.0603,34.9492],[102.0094,34.9421],[101.9985,34.9247],[101.9324,34.879],[101.9182,34.8613],[101.9128,34.8448],[101.9203,34.8195],[101.9232,34.7873],[101.9157,34.7649],[101.8953,34.7505],[101.8761,34.7504],[101.852,34.7632],[101.8298,34.7421],[101.8049,34.7279],[101.7766,34.7206],[101.7551,34.7037],[101.753,34.6803],[101.7639,34.6603],[101.7934,34.6319],[101.8181,34.6236],[101.8536,34.6326],[101.8826,34.6576],[101.9009,34.665],[101.9139,34.6614],[101.9244,34.6414],[101.9262,34.611],[101.9319,34.5911],[101.9592,34.5583],[101.985,34.5433],[102.0134,34.536],[102.0528,34.5391],[102.072,34.5364],[102.1045,34.5236],[102.1503,34.4951],[102.1622,34.4623],[102.1788,34.4321],[102.2073,34.393],[102.2161,34.3643],[102.2123,34.3515],[102.1854,34.34],[102.1694,34.3219],[102.1622,34.2941],[102.1391,34.2814],[102.1071,34.2822],[102.0765,34.267],[102.0632,34.2382],[102.0274,34.2278],[102.0196,34.2186],[102.0205,34.1865],[102.012,34.1776],[101.9732,34.1701],[101.9616,34.1404],[101.9306,34.1323],[101.8871,34.1459],[101.8625,34.1414],[101.8344,34.1073],[101.7804,34.0675],[101.7598,34.0728],[101.7376,34.0889],[101.729,34.1087],[101.7189,34.1034],[101.7079,34.1162],[101.6812,34.1224],[101.6472,34.136],[101.636,34.1453],[101.6396,34.1571],[101.615,34.1783],[101.6117,34.1912],[101.5699,34.2082],[101.5298,34.2186],[101.4888,34.2186],[101.4637,34.2304],[101.4258,34.2343],[101.3652,34.2527],[101.3237,34.2595],[101.2995,34.2781],[101.2799,34.2837],[101.256,34.3005],[101.2095,34.3019],[101.157,34.3192],[101.0842,34.3246],[101.0358,34.3389],[100.9613,34.3789],[100.9353,34.3863],[100.9002,34.3695],[100.8735,34.3404],[100.8288,34.3101],[100.8155,34.2946],[100.7813,34.2065],[100.7799,34.1916],[100.7917,34.1549],[100.8514,34.0871],[100.8929,34.0296],[100.9255,33.9645],[100.948,33.9298],[100.9749,33.9057],[101.009,33.8815],[101.0437,33.8759],[101.0745,33.8617],[101.112,33.8617],[101.1295,33.8506],[101.1548,33.8055],[101.1655,33.756],[101.1579,33.6899],[101.1603,33.6641],[101.1831,33.6549],[101.2047,33.6707],[101.2282,33.674],[101.2917,33.6469],[101.3199,33.6392],[101.3494,33.6371],[101.3996,33.6451],[101.4175,33.6547],[101.4438,33.6784],[101.4956,33.7046],[101.5162,33.7032],[101.5471,33.6761],[101.5769,33.6305],[101.5962,33.58],[101.6134,33.5119],[101.6399,33.5045],[101.7074,33.5044],[101.7231,33.5094],[101.7398,33.5244],[101.7775,33.53],[101.7899,33.5606],[101.7879,33.5932],[101.7954,33.6051],[101.8181,33.5994],[101.845,33.5848],[101.852,33.573],[101.884,33.5463],[101.8928,33.5265],[101.886,33.4975],[101.9123,33.4658],[101.9222,33.4443],[101.9232,33.4064],[101.9057,33.3732],[101.8891,33.3287],[101.8739,33.306],[101.854,33.2941],[101.8322,33.2692],[101.8257,33.2348],[101.8559,33.184],[101.8582,33.1536],[101.8528,33.1221],[101.8637,33.1226],[101.901,33.147],[101.9688,33.2025],[102.0042,33.2188],[102.0302,33.2211],[102.0767,33.2155],[102.0994,33.2222],[102.1152,33.2449],[102.131,33.2847],[102.1456,33.3034],[102.17,33.3139],[102.2289,33.3237],[102.2564,33.3425],[102.2788,33.3778],[102.3054,33.3923],[102.3504,33.3992],[102.3521,33.4036],[102.3863,33.4098],[102.4397,33.4486],[102.462,33.4576],[102.4546,33.4719],[102.4818,33.465],[102.4656,33.4864],[102.4546,33.5128],[102.4536,33.5356],[102.46,33.5416],[102.4763,33.5333],[102.4818,33.5401],[102.4237,33.5763],[102.4136,33.578],[102.4029,33.5941],[102.356,33.6094],[102.3248,33.6534],[102.3317,33.6978],[102.3431,33.7252],[102.3351,33.7357],[102.3052,33.7203],[102.2907,33.7251],[102.3248,33.7518],[102.2995,33.7808],[102.2811,33.79],[102.2474,33.7977],[102.2487,33.8164],[102.2642,33.8262],[102.2576,33.8381],[102.1946,33.9194],[102.1712,33.9418],[102.2026,33.9605],[102.2692,33.981],[102.3194,33.9874],[102.3273,33.9747],[102.3515,33.9699],[102.372,33.976],[102.4061,33.9987],[102.4254,34.0398],[102.4406,34.0597],[102.4772,34.0742],[102.6176,34.0835],[102.6412,34.0953],[102.6359,34.1103],[102.5928,34.1239],[102.5748,34.1395],[102.5796,34.1529],[102.5978,34.1655],[102.6616,34.1904],[102.7083,34.2142],[102.7247,34.2277],[102.7498,34.2585],[102.7818,34.2742],[102.8543,34.2844],[102.8898,34.2984],[102.9306,34.2956],[102.9443,34.2841],[102.97,34.2492],[103.0006,34.214],[103.0419,34.1898],[103.1201,34.1686],[103.1325,34.1594],[103.1468,34.1322],[103.1524,34.1085],[103.1534,34.0491],[103.1441,33.999],[103.1421,33.9615],[103.1519,33.922],[103.1829,33.8998],[103.1932,33.8838],[103.1922,33.8562],[103.1842,33.8221],[103.2042,33.7971],[103.2286,33.7833],[103.272,33.7652],[103.297,33.7596],[103.3507,33.7557],[103.3901,33.7577],[103.4363,33.7697],[103.5184,33.8108],[103.5414,33.8174],[103.5586,33.8069],[103.5507,33.7807],[103.5265,33.7393],[103.5228,33.7141],[103.553,33.7012],[103.6235,33.714],[103.6594,33.7105],[103.6944,33.6914],[103.7451,33.676],[103.8036,33.6712],[103.9151,33.6833],[104.093,33.6685],[104.1163,33.6621],[104.1315,33.6521],[104.1563,33.624],[104.1713,33.5908],[104.1744,33.5616],[104.1647,33.532],[104.166,33.5083],[104.1747,33.4902],[104.2271,33.4227],[104.258,33.4039],[104.2929,33.3636],[104.3197,33.3509],[104.3574,33.3429],[104.3829,33.3265],[104.3852,33.3139],[104.3677,33.3043],[104.3341,33.3058],[104.3078,33.3028],[104.2856,33.2896],[104.2806,33.2721],[104.2848,33.2363],[104.2966,33.1934],[104.3282,33.1404],[104.4059,33.0633],[104.4148,33.0453],[104.4142,33.0227],[104.3945,32.9751],[104.3776,32.9588],[104.3402,32.9579],[104.3213,32.9527],[104.2907,32.9231],[104.2765,32.8823],[104.2889,32.8479],[104.3128,32.8302],[104.3419,32.8202],[104.4057,32.8094],[104.4279,32.7936],[104.484,32.739],[104.5584,32.6883],[104.5857,32.6754],[104.6454,32.6579],[104.7041,32.6481],[104.7612,32.6439],[104.8143,32.6454],[104.841,32.6398],[104.8983,32.6118],[104.9384,32.6137],[105.0318,32.6387],[105.0588,32.6332],[105.0719,32.6137],[105.0883,32.6],[105.1127,32.5943],[105.1468,32.6083],[105.1649,32.6278],[105.1833,32.6551],[105.213,32.6634],[105.2446,32.646],[105.27,32.6417],[105.3114,32.6665],[105.3492,32.6989],[105.3865,32.7228],[105.4174,32.7308],[105.4372,32.7465],[105.4352,32.7736],[105.3864,32.8234],[105.3752,32.8476],[105.3852,32.8742],[105.4005,32.8917],[105.4309,32.9115],[105.4644,32.9215],[105.4919,32.9196],[105.4986,32.9074],[105.6393,32.8855],[105.698,32.8942],[105.7339,32.9074],[105.7816,32.9477],[105.8223,32.9648],[105.8587,32.9631],[105.8865,32.978],[105.9106,33.0317],[105.9106,33.0584],[105.8979,33.1491],[105.9034,33.1804],[105.9233,33.2115],[105.9247,33.2241],[105.9127,33.2337],[105.8874,33.2403],[105.8441,33.243],[105.7472,33.294],[105.7277,33.3152],[105.7175,33.3415],[105.7144,33.3664],[105.718,33.3887],[105.74,33.403],[105.7853,33.4063],[105.8013,33.4178],[105.8099,33.4327],[105.8324,33.4975],[105.8409,33.5052],[105.8752,33.5179],[105.9044,33.5358],[105.9517,33.5532],[105.984,33.5798],[105.9929,33.6106],[106.0057,33.615],[106.0735,33.6175],[106.0941,33.6094],[106.1192,33.5744],[106.1418,33.5654],[106.1706,33.5622],[106.2457,33.5901],[106.274,33.606],[106.307,33.6124],[106.344,33.6066],[106.3927,33.6188],[106.4181,33.6139],[106.4352,33.6005],[106.4474,33.5706],[106.4712,33.5487],[106.4955,33.5436],[106.5429,33.5634],[106.5595,33.5986],[106.5576,33.6343],[106.5402,33.6614],[106.524,33.6757],[106.4817,33.7009],[106.4715,33.7124],[106.465,33.7372],[106.4658,33.7653],[106.4547,33.8033],[106.4588,33.8239],[106.4819,33.8368],[106.4909,33.8556],[106.4798,33.8682],[106.4462,33.875],[106.4243,33.8988],[106.4232,33.9252],[106.4302,33.9421],[106.4547,33.9702],[106.4983,34.043],[106.5137,34.1066],[106.5375,34.1266],[106.5616,34.1225],[106.5795,34.1268],[106.5874,34.1375],[106.5863,34.1598],[106.5525,34.2421],[106.5339,34.2536],[106.5129,34.2569],[106.4968,34.2665],[106.5196,34.2773],[106.554,34.2808],[106.6017,34.2649],[106.656,34.2542],[106.6689,34.2554],[106.6859,34.2689],[106.6906,34.2913],[106.6721,34.37],[106.6736,34.3847],[106.6273,34.4196],[106.6141,34.4587],[106.5963,34.4729],[106.5729,34.4825],[106.5349,34.4902],[106.4983,34.5202],[106.4759,34.5242],[106.4505,34.5202],[106.3684,34.5202],[106.3511,34.5312],[106.3284,34.5586],[106.3177,34.5833],[106.3295,34.6016],[106.3686,34.6253],[106.3835,34.641],[106.4043,34.6801],[106.4321,34.7062],[106.4658,34.7201],[106.4915,34.741],[106.5066,34.7779],[106.5432,34.82],[106.5495,34.8382],[106.5497,34.8626],[106.5008,34.9262],[106.4966,34.9546],[106.5047,34.9788],[106.5033,34.9918],[106.4885,35.0185],[106.4912,35.0301],[106.5305,35.047],[106.5646,35.0796],[106.5834,35.0849],[106.6248,35.0766],[106.7702,35.0952],[106.811,35.0875],[106.9018,35.0904],[106.9148,35.089],[106.9556,35.0596],[107.0298,35.0483],[107.0515,35.0381],[107.074,35.0148],[107.099,34.9796],[107.1485,34.9502],[107.1701,34.9329],[107.1926,34.9028],[107.2109,34.8918],[107.2433,34.906],[107.2741,34.9152],[107.2858,34.9337],[107.2984,34.9408],[107.3208,34.9422],[107.3633,34.9342],[107.3861,34.9414],[107.4241,34.9425],[107.4742,34.9289],[107.4969,34.9258],[107.5175,34.931],[107.5419,34.9539],[107.5696,34.9654],[107.6218,34.9562],[107.71,34.9514],[107.753,34.9618],[107.7926,34.9673],[107.8303,34.9767],[107.8412,34.9868],[107.8406,35.0059],[107.8254,35.0272],[107.7929,35.0498],[107.7598,35.0789],[107.7047,35.1787],[107.6806,35.2082],[107.6705,35.228],[107.6782,35.2354],[107.7126,35.2421],[107.7304,35.2519],[107.7392,35.2717],[107.7309,35.3018],[107.7417,35.3184],[107.7864,35.3102],[107.862,35.2744],[107.9229,35.2669],[107.945,35.2555],[107.9641,35.2233],[107.9955,35.2297],[108.0214,35.245],[108.0722,35.2584],[108.1143,35.2793],[108.155,35.2906],[108.1926,35.2941],[108.2143,35.2923],[108.2465,35.2697],[108.2768,35.2628],[108.316,35.2747],[108.3536,35.2783],[108.4473,35.2696],[108.4926,35.2725],[108.5119,35.2778],[108.53,35.2909],[108.5609,35.3219],[108.5951,35.3646],[108.6115,35.379],[108.6172,35.3928],[108.6155,35.4223],[108.6064,35.4772],[108.6037,35.5479],[108.5463,35.6105],[108.5167,35.6651],[108.51,35.7009],[108.5232,35.776],[108.5226,35.7951],[108.5131,35.8282],[108.4962,35.8556],[108.4931,35.8812],[108.5137,35.8995],[108.5669,35.9263],[108.5969,35.9581],[108.6112,35.9674],[108.6434,35.9756],[108.6639,35.9865],[108.6771,36.0052],[108.6967,36.0891],[108.6998,36.1255],[108.6901,36.176],[108.6499,36.2265],[108.6441,36.2422],[108.6502,36.2651],[108.6822,36.2954],[108.704,36.3345],[108.7037,36.359],[108.6833,36.3771],[108.6526,36.3959],[108.6244,36.4217],[108.6065,36.432],[108.5738,36.4376],[108.5331,36.4577],[108.51,36.4595],[108.4706,36.4565],[108.4413,36.4613],[108.4008,36.4885],[108.3739,36.5321],[108.3564,36.546],[108.2943,36.5631],[108.2586,36.5674],[108.2439,36.5735],[108.2239,36.5953],[108.2124,36.6005],[108.1914,36.5922],[108.1683,36.5692],[108.1401,36.5731],[108.1025,36.5855],[108.0583,36.5915],[108.0417,36.5977],[108.0251,36.6204],[108.033,36.6544],[108.0176,36.6633],[107.9655,36.6691],[107.9486,36.6769],[107.9256,36.6998],[107.9057,36.7389],[107.8865,36.7554],[107.8379,36.7726],[107.7577,36.7898],[107.7244,36.8051],[107.6955,36.8251],[107.6634,36.8201],[107.6173,36.8242],[107.5489,36.84],[107.5225,36.853],[107.5326,36.8742],[107.5009,36.8908],[107.4429,36.8864],[107.2996,36.9072],[107.282,36.9149],[107.2934,36.9459],[107.2942,36.9907],[107.2778,37.0438],[107.2855,37.0685],[107.2439,37.0983],[107.1878,37.1171],[107.1257,37.1246],[107.0617,37.1215],[107.026,37.1086],[106.9329,37.1072],[106.8889,37.1204],[106.8468,37.1428],[106.7907,37.1897],[106.7472,37.2063],[106.6899,37.2066],[106.6568,37.1973],[106.6441,37.1817],[106.6377,37.1241],[106.6206,37.0702],[106.6204,37.0566],[106.6373,37.0255],[106.6339,36.9979],[106.6034,36.9503],[106.5748,36.9313],[106.5828,36.9138],[106.6147,36.8902],[106.649,36.8342],[106.6496,36.8],[106.6217,36.7416],[106.6022,36.7258],[106.5867,36.7241],[106.5544,36.7317],[106.5024,36.7065],[106.4898,36.6874],[106.4866,36.6483],[106.494,36.5598],[106.4847,36.534],[106.44,36.5148],[106.4308,36.5023],[106.4428,36.4875],[106.4782,36.4653],[106.4901,36.4536],[106.4954,36.4367],[106.5041,36.3623],[106.5,36.3412],[106.4732,36.3178],[106.4749,36.3002],[106.4966,36.2684],[106.5373,36.2594],[106.5787,36.2745],[106.6039,36.2778],[106.6242,36.2702],[106.6772,36.236],[106.7449,36.2066],[106.7659,36.203],[106.8137,36.2116],[106.8337,36.2028],[106.8523,36.1755],[106.8764,36.1604],[106.8982,36.1292],[106.9228,36.107],[106.9448,36.0769],[106.9418,36.0543],[106.9316,36.0243],[106.9293,36.0014],[106.9384,35.9757],[106.9137,35.9526],[106.9381,35.9298],[106.9348,35.9178],[106.9148,35.9071],[106.8777,35.901],[106.8543,35.8923],[106.8432,35.8822],[106.8683,35.8555],[106.885,35.821],[106.9063,35.8019],[106.9134,35.7888],[106.9046,35.776],[106.8779,35.7622],[106.8551,35.7346],[106.8146,35.7271],[106.7671,35.7066],[106.7505,35.6807],[106.7285,35.677],[106.69,35.7067],[106.6364,35.7146],[106.5949,35.7274],[106.5576,35.7332],[106.5222,35.7337],[106.4696,35.7274],[106.442,35.717],[106.4293,35.6994],[106.4488,35.6204],[106.4639,35.5977],[106.5009,35.5766],[106.5109,35.5609],[106.5055,35.5536],[106.4296,35.5565],[106.4133,35.5459],[106.4198,35.525],[106.4433,35.499],[106.4819,35.4889],[106.4966,35.4748],[106.4906,35.4337],[106.4901,35.4052],[106.4833,35.3744],[106.4649,35.3324],[106.447,35.3133],[106.3778,35.2607],[106.3597,35.2553],[106.339,35.2571],[106.3134,35.2736],[106.2823,35.3153],[106.253,35.3416],[106.2107,35.3952],[106.1773,35.413],[106.1124,35.4247],[106.0496,35.4222],[106.0196,35.4288],[105.9844,35.4273],[105.9324,35.4083],[105.9079,35.4044],[105.8894,35.4147],[105.8904,35.4398],[105.9124,35.4506],[106.0604,35.4639],[106.0788,35.4717],[106.0651,35.4877],[105.9361,35.5248],[105.9035,35.5182],[105.8702,35.4933],[105.8441,35.4877],[105.8294,35.4936],[105.7852,35.5434],[105.7249,35.6037],[105.7022,35.6322],[105.687,35.6605],[105.687,35.6813],[105.7195,35.6892],[105.7299,35.6973],[105.7256,35.7101],[105.7079,35.7177],[105.6674,35.7167],[105.6393,35.7107],[105.6024,35.6966],[105.5631,35.7],[105.4572,35.7521],[105.4318,35.7564],[105.4024,35.7951],[105.3882,35.8299],[105.363,35.8532],[105.3544,35.872],[105.3234,35.9182],[105.3181,35.9332],[105.3164,35.9936],[105.326,36.0225],[105.3515,36.0576],[105.4179,36.088],[105.4374,36.1067],[105.4379,36.1324],[105.4329,36.1647],[105.4352,36.1888],[105.447,36.2073],[105.4459,36.2546],[105.4281,36.3244],[105.4075,36.3651],[105.3928,36.3844],[105.3476,36.4184],[105.3359,36.4353],[105.309,36.4912],[105.2687,36.5502],[105.2205,36.693],[105.2225,36.7269],[105.2366,36.7399],[105.3217,36.7807],[105.3206,36.7966],[105.3046,36.8199],[105.2033,36.9248],[105.1802,36.9721],[105.1515,36.9961],[105.0905,37.0263],[105.0165,37.0402],[104.9939,37.0472],[104.9653,37.0638],[104.9224,37.0968],[104.9085,37.1274],[104.869,37.1864],[104.8636,37.2099],[104.8554,37.2182],[104.8015,37.2433],[104.7647,37.2505],[104.7506,37.2443],[104.7306,37.2254],[104.7089,37.215],[104.6844,37.2156],[104.6581,37.2226],[104.6214,37.2493],[104.6305,37.2748],[104.6681,37.2812],[104.6794,37.3],[104.7071,37.3129],[104.7224,37.3284],[104.7224,37.3393],[104.6878,37.3621],[104.6805,37.3732],[104.6858,37.3852],[104.7206,37.4005],[104.7176,37.4069],[104.6895,37.4119],[104.5316,37.4247],[104.4902,37.4416],[104.4645,37.4402],[104.4086,37.4013],[104.3585,37.4012],[104.3261,37.4076],[104.3,37.403],[104.2625,37.3903],[104.2287,37.4039],[104.179,37.4356],[104.1433,37.4461],[104.1085,37.4618],[103.8637,37.6264],[103.6787,37.775],[103.6551,37.7861],[103.4382,37.8424],[103.421,37.8603],[103.3875,37.9991],[103.3828,38.0536],[103.3881,38.102],[103.4135,38.1168],[103.5217,38.1398],[103.5293,38.1612],[103.4877,38.3303],[103.4695,38.3624],[103.4435,38.3933],[103.4387,38.4057],[103.4458,38.4204],[103.4712,38.4359],[103.7943,38.5908],[103.8734,38.6427],[103.9139,38.6797],[103.952,38.7219],[103.9795,38.759],[104.0426,38.8741],[104.0595,38.8952],[104.1023,38.9217],[104.147,38.9376],[104.1716,38.9595],[104.2168,39.0347],[104.2271,39.0658],[104.2248,39.0907],[104.2079,39.1192],[104.06,39.3078],[104.046,39.3477],[104.0646,39.4048],[104.0606,39.4274],[104.024,39.4411],[103.7493,39.4249],[103.4638,39.3572],[103.284,39.293],[103.234,39.2638],[103.1364,39.2248],[103.0998,39.206],[103.0697,39.1861],[103.0064,39.1303],[102.9654,39.1194],[102.8306,39.1302],[102.705,39.1619],[102.5935,39.1779],[102.5458,39.194],[102.4724,39.232],[102.4332,39.2413],[102.3931,39.2372],[102.0152,39.1201],[101.8553,39.0912],[101.8249,39.0766],[101.8255,39.0644],[101.859,39.0311],[101.9513,38.9567],[101.9835,38.9245],[102.0228,38.8927],[102.0312,38.8792],[102.0204,38.8569],[101.992,38.8286],[101.9188,38.7743],[101.8849,38.7434],[101.8463,38.7011],[101.8311,38.6898],[101.7583,38.6875],[101.65,38.7006],[101.6329,38.6999],[101.5946,38.6875],[101.5802,38.6882],[101.414,38.7492],[101.39,38.753],[101.3323,38.753],[101.3104,38.7688],[101.3122,38.7865],[101.3359,38.8066],[101.3279,38.8257],[101.2802,38.8419],[101.2478,38.87],[101.2281,38.9032],[101.2064,38.9308],[101.2037,38.9571],[101.2171,38.9997],[101.2,39.0158],[101.18,39.0206],[101.1497,39.0159],[101.1277,39],[101.0982,38.9914],[101.0485,39.0008],[100.9413,39.0639],[100.8886,39.1052],[100.8662,39.1358],[100.852,39.1675],[100.8426,39.2288],[100.8493,39.2919],[100.8434,39.3433],[100.8332,39.3801],[100.8102,39.4039],[100.7895,39.4079],[100.5435,39.4089],[100.5067,39.4185],[100.4896,39.4374],[100.4848,39.4727],[100.455,39.4956],[100.3529,39.5174],[100.3181,39.5334],[100.3068,39.5498],[100.3023,39.5928],[100.2866,39.6273],[100.2567,39.6572],[100.2216,39.6804],[100.1889,39.6949],[100.0435,39.7277],[99.9251,39.7663],[99.8431,39.8029],[99.762,39.8602],[99.6861,39.876],[99.4309,39.8788],[99.4588,39.9245],[99.5325,40.0008],[99.627,40.0692],[99.8994,40.2048],[99.917,40.219],[99.9443,40.2523],[99.9566,40.2733],[99.9875,40.358],[100.0142,40.4025],[100.14,40.5181],[100.1898,40.5801],[100.2038,40.617],[100.1999,40.6769],[100.1903,40.7094],[100.176,40.7351],[100.0755,40.859],[100.0497,40.8805],[100.0112,40.8963],[99.7667,40.9099],[99.6645,40.9013],[99.5395,40.8514],[99.496,40.8429],[99.1574,40.8363],[98.8257,40.7266],[98.8051,40.7102],[98.7695,40.6696],[98.6458,40.5676],[98.6259,40.5569],[98.5715,40.5406],[98.5152,40.5335],[98.2458,40.5245],[98.2344,40.5282],[98.2348,40.5417],[98.3265,40.8557],[98.3206,40.8919],[98.2939,40.9166],[98.2245,40.9407],[98.2038,40.9512],[98.018,41.09],[97.9887,41.1064],[97.9505,41.1198],[97.837,41.2175],[97.7085,41.3494],[97.659,41.4134],[97.6476,41.4555],[97.6591,41.4839],[97.6796,41.5023],[97.8469,41.6193],[97.1907,42.7871],[96.8327,42.7596],[96.4747,42.7321],[96.3793,42.7205],[96.3663,42.7229]]]},"properties":{"name":"Gansu","name_en":"Gansu","name_ja":"甘粛省","name_zh":"甘肃省","name_ko":"간쑤성","adm0_a3":"CHN","postal":"GS","iso_3166_2":"CN-GS","type_en":"Province","region":"Northwest China","geonunit":"China"}},
{"type":"Feature","geometry":{"type":"Polygon","coordinates":[[[98.115,28.1439],[98.127,28.1243],[98.128,28.1055],[98.1225,28.0154],[98.1185,27.9947],[98.1071,27.9731],[98.1135,27.9617],[98.149,27.9445],[98.1773,27.9129],[98.1767,27.8981],[98.1401,27.8786],[98.1458,27.8607],[98.1624,27.8428],[98.1966,27.8232],[98.2007,27.8136],[98.1979,27.7806],[98.2115,27.7603],[98.2018,27.7366],[98.2044,27.7273],[98.2381,27.6802],[98.2544,27.6481],[98.2757,27.5701],[98.2947,27.5366],[98.3286,27.5229],[98.3639,27.5322],[98.3833,27.5558],[98.3929,27.5872],[98.3982,27.6198],[98.4,27.6757],[98.4103,27.6843],[98.4745,27.6572],[98.4923,27.6434],[98.5222,27.6563],[98.5434,27.6425],[98.5644,27.6035],[98.5784,27.5917],[98.6046,27.5927],[98.635,27.6111],[98.6472,27.6117],[98.6657,27.5971],[98.6793,27.5773],[98.6818,27.5565],[98.6711,27.5162],[98.6683,27.4752],[98.6744,27.3866],[98.6773,27.3761],[98.6974,27.3689],[98.7077,27.3372],[98.7042,27.3042],[98.6802,27.237],[98.6736,27.2079],[98.6726,27.1756],[98.6827,27.1101],[98.6914,27.0924],[98.7165,27.0825],[98.7314,27.0688],[98.7378,27.0487],[98.7127,26.9951],[98.7357,26.9073],[98.7331,26.8879],[98.7145,26.862],[98.7181,26.8425],[98.7424,26.8104],[98.7504,26.792],[98.7492,26.7714],[98.7344,26.7343],[98.732,26.7135],[98.7465,26.6811],[98.7471,26.6557],[98.7556,26.625],[98.7485,26.606],[98.728,26.5726],[98.7211,26.5389],[98.7172,26.4087],[98.7074,26.3711],[98.6977,26.3541],[98.6578,26.3116],[98.6495,26.2906],[98.6422,26.2545],[98.6482,26.2448],[98.6682,26.2482],[98.677,26.2393],[98.7015,26.1912],[98.7055,26.1749],[98.6865,26.1541],[98.6867,26.1332],[98.6808,26.125],[98.6444,26.0979],[98.6308,26.0969],[98.6243,26.1085],[98.6257,26.1443],[98.563,26.1312],[98.5502,26.1208],[98.5455,26.1056],[98.5538,26.0711],[98.5726,26.0356],[98.5772,26.0173],[98.5754,25.9951],[98.5824,25.9823],[98.6162,25.9794],[98.6581,25.925],[98.6673,25.9058],[98.6847,25.8976],[98.6924,25.879],[98.6778,25.8433],[98.6261,25.8065],[98.61,25.8006],[98.5624,25.8164],[98.5395,25.8337],[98.5095,25.8381],[98.4981,25.8307],[98.4613,25.7947],[98.4393,25.7436],[98.4187,25.7242],[98.4132,25.6921],[98.3752,25.6493],[98.3572,25.5928],[98.3326,25.567],[98.2894,25.5504],[98.2766,25.5524],[98.2472,25.5792],[98.2324,25.5866],[98.1502,25.6131],[98.1401,25.6115],[98.1394,25.5502],[98.1342,25.5346],[98.1046,25.5068],[98.0995,25.4933],[98.112,25.4485],[98.1084,25.3889],[98.09,25.3859],[98.0757,25.3761],[98.0626,25.3543],[98.0449,25.3119],[98.0335,25.3013],[97.9763,25.2723],[97.9308,25.2185],[97.9099,25.2076],[97.8889,25.2056],[97.8788,25.2136],[97.8603,25.2441],[97.8236,25.2616],[97.801,25.2376],[97.777,25.1586],[97.7541,25.1136],[97.7375,25.0905],[97.7036,25.0739],[97.6996,25.065],[97.7052,25.0288],[97.7033,24.9604],[97.7083,24.9273],[97.7241,24.8972],[97.761,24.8703],[97.773,24.8547],[97.7652,24.8347],[97.7485,24.8265],[97.7266,24.8263],[97.686,24.8335],[97.6639,24.8298],[97.6425,24.8168],[97.604,24.7864],[97.5361,24.745],[97.5328,24.7233],[97.5386,24.5973],[97.5139,24.4617],[97.5133,24.4386],[97.5196,24.4308],[97.6007,24.4419],[97.6399,24.4393],[97.6523,24.4227],[97.6626,24.3901],[97.6883,24.3677],[97.6896,24.3465],[97.6536,24.3387],[97.6382,24.3281],[97.6445,24.3024],[97.7184,24.2777],[97.7241,24.2415],[97.7047,24.2217],[97.7046,24.1992],[97.7231,24.1713],[97.7201,24.1474],[97.7077,24.1253],[97.5165,23.9428],[97.533,23.9237],[97.5727,23.9076],[97.6099,23.8831],[97.6247,23.8467],[97.6371,23.8636],[97.6968,23.8871],[97.7482,23.9341],[97.7678,23.9465],[97.8178,23.9582],[97.8363,23.9718],[97.8766,24.0144],[97.89,24.0226],[98.1051,24.1015],[98.1815,24.1187],[98.2192,24.1174],[98.2933,24.1001],[98.3307,24.0995],[98.3956,24.1281],[98.435,24.1303],[98.4745,24.1278],[98.5033,24.1213],[98.5431,24.094],[98.5852,24.0757],[98.6404,24.1008],[98.6818,24.1069],[98.7162,24.1213],[98.8181,24.129],[98.8553,24.139],[98.8657,24.1457],[98.8735,24.1145],[98.8562,24.0838],[98.7656,24.0271],[98.7168,23.9884],[98.6633,23.9695],[98.6588,23.9611],[98.6745,23.9369],[98.6642,23.8904],[98.6714,23.8167],[98.6637,23.7969],[98.685,23.7848],[98.7083,23.7847],[98.7384,23.7756],[98.7779,23.7693],[98.7932,23.7585],[98.7991,23.7432],[98.8003,23.6927],[98.808,23.6758],[98.8574,23.6043],[98.8433,23.584],[98.7963,23.5579],[98.7844,23.547],[98.7809,23.5329],[98.8,23.4807],[98.8098,23.4741],[98.8489,23.4804],[98.864,23.4666],[98.8755,23.4464],[98.8896,23.4068],[98.8901,23.3679],[98.8819,23.3497],[98.8532,23.335],[98.8605,23.3224],[98.8965,23.3233],[98.9107,23.2976],[98.8601,23.2123],[98.859,23.1794],[98.9334,23.1722],[98.9707,23.1622],[99.0264,23.1604],[99.0393,23.1271],[99.0551,23.1096],[99.0749,23.1017],[99.13,23.1062],[99.1994,23.0923],[99.2021,23.0673],[99.2166,23.0574],[99.2361,23.0623],[99.2574,23.0792],[99.2848,23.0882],[99.3141,23.1265],[99.3338,23.1296],[99.351,23.1193],[99.381,23.0816],[99.4033,23.0683],[99.4782,23.0658],[99.4931,23.0574],[99.495,23.0435],[99.4904,23.012],[99.4988,22.9952],[99.5346,22.9493],[99.538,22.9264],[99.5153,22.9088],[99.4845,22.9103],[99.4299,22.9367],[99.4134,22.9307],[99.4112,22.9192],[99.4169,22.8743],[99.4144,22.8569],[99.3789,22.8132],[99.359,22.7749],[99.3272,22.7605],[99.308,22.7452],[99.3079,22.7196],[99.355,22.6085],[99.3574,22.5871],[99.3441,22.5333],[99.3578,22.4955],[99.3451,22.4728],[99.2828,22.4119],[99.2431,22.3932],[99.2374,22.3801],[99.2464,22.3659],[99.2437,22.3412],[99.2184,22.31],[99.2062,22.2613],[99.1994,22.2453],[99.1664,22.2046],[99.1594,22.1847],[99.1751,22.1687],[99.1445,22.1535],[99.1664,22.1321],[99.2123,22.1125],[99.2529,22.1028],[99.33,22.0956],[99.3649,22.0989],[99.425,22.1224],[99.4386,22.1242],[99.4904,22.1043],[99.539,22.1067],[99.6335,22.0848],[99.6501,22.0719],[99.6638,22.0487],[99.6839,22.039],[99.7038,22.0612],[99.7237,22.0706],[99.7392,22.0668],[99.7999,22.0375],[99.821,22.0178],[99.8417,22.0271],[99.8478,22.055],[99.8669,22.0579],[99.9424,22.0455],[99.9343,22.0189],[99.9505,21.9954],[99.9657,21.963],[99.9553,21.9246],[99.9202,21.852],[99.918,21.8292],[99.9221,21.8123],[99.9392,21.777],[99.9503,21.7212],[99.9607,21.7048],[99.9967,21.6861],[100.0823,21.6845],[100.1205,21.6737],[100.1463,21.6492],[100.1437,21.64],[100.1157,21.6295],[100.0949,21.5988],[100.0856,21.5676],[100.09,21.5289],[100.0973,21.5083],[100.1078,21.4955],[100.1283,21.4824],[100.1625,21.4364],[100.1871,21.4279],[100.2441,21.4645],[100.2752,21.4752],[100.3025,21.4955],[100.3265,21.5243],[100.3633,21.5318],[100.3837,21.5278],[100.4293,21.4954],[100.4435,21.4635],[100.4567,21.455],[100.4971,21.4618],[100.546,21.453],[100.5718,21.4551],[100.6217,21.4691],[100.6458,21.4799],[100.6615,21.4955],[100.704,21.5164],[100.7566,21.5698],[100.797,21.6261],[100.8349,21.6575],[100.8775,21.6773],[100.9743,21.7042],[100.9928,21.7114],[101.0687,21.762],[101.0828,21.7667],[101.1189,21.7598],[101.1249,21.7442],[101.1277,21.6952],[101.1493,21.6768],[101.1688,21.6379],[101.1667,21.6233],[101.1739,21.6119],[101.1577,21.5862],[101.1542,21.568],[101.159,21.5527],[101.1745,21.5517],[101.1866,21.5353],[101.1878,21.5059],[101.1683,21.4245],[101.1714,21.4034],[101.208,21.3835],[101.2348,21.3637],[101.2228,21.3351],[101.2074,21.3148],[101.2204,21.2963],[101.209,21.2455],[101.2204,21.2337],[101.2443,21.1929],[101.2597,21.1795],[101.2753,21.1741],[101.3139,21.1848],[101.3623,21.2158],[101.3815,21.2225],[101.4951,21.2428],[101.5391,21.2389],[101.584,21.2244],[101.5866,21.2042],[101.5772,21.1852],[101.5818,21.1757],[101.5965,21.1734],[101.6359,21.1895],[101.6551,21.1892],[101.6702,21.1771],[101.6883,21.1458],[101.7043,21.1351],[101.7179,21.1345],[101.756,21.1433],[101.7667,21.1506],[101.7702,21.1704],[101.7601,21.196],[101.7736,21.2074],[101.8052,21.2045],[101.8193,21.216],[101.8237,21.2345],[101.8123,21.2581],[101.7885,21.2742],[101.7365,21.2923],[101.7225,21.3042],[101.7151,21.3211],[101.7156,21.3382],[101.7256,21.3754],[101.7297,21.4742],[101.7443,21.4956],[101.7482,21.5145],[101.7348,21.5544],[101.7362,21.5709],[101.7509,21.5797],[101.7936,21.5882],[101.8062,21.606],[101.8038,21.6259],[101.7708,21.6388],[101.7559,21.6487],[101.7556,21.68],[101.7491,21.6981],[101.7286,21.7175],[101.7317,21.7505],[101.7515,21.8064],[101.7511,21.8161],[101.7262,21.8373],[101.7087,21.8696],[101.6859,21.8986],[101.6737,21.9314],[101.6381,21.9409],[101.6163,21.9536],[101.6068,21.9676],[101.6004,22.0075],[101.5922,22.0281],[101.5649,22.0695],[101.5554,22.0903],[101.555,22.1124],[101.567,22.1493],[101.5615,22.1761],[101.5182,22.2282],[101.5157,22.2454],[101.5407,22.2715],[101.5637,22.2768],[101.588,22.2714],[101.6061,22.2848],[101.6237,22.3466],[101.6437,22.3647],[101.6451,22.4242],[101.6545,22.4461],[101.6891,22.4789],[101.7132,22.4915],[101.7551,22.4955],[101.7849,22.4722],[101.8178,22.4063],[101.8426,22.3833],[101.8679,22.3788],[101.8773,22.3919],[101.8815,22.4122],[101.8916,22.4297],[101.9094,22.4359],[101.9529,22.4369],[101.9742,22.4451],[102.0146,22.4461],[102.0759,22.4324],[102.0953,22.4231],[102.1073,22.3975],[102.1187,22.3975],[102.1288,22.4109],[102.1645,22.4255],[102.218,22.4107],[102.2313,22.4263],[102.2425,22.4772],[102.2525,22.4955],[102.3769,22.6156],[102.3843,22.6289],[102.3727,22.6458],[102.3563,22.6587],[102.3627,22.6774],[102.395,22.6805],[102.4152,22.7098],[102.4256,22.7453],[102.4427,22.7652],[102.4678,22.7686],[102.4943,22.7604],[102.5158,22.7452],[102.5263,22.726],[102.5358,22.6958],[102.5584,22.6949],[102.5762,22.7138],[102.5867,22.7161],[102.6125,22.6916],[102.6323,22.685],[102.6722,22.6784],[102.6927,22.6705],[102.7519,22.6253],[102.7712,22.6178],[102.8134,22.6087],[102.8318,22.5997],[102.8452,22.5852],[102.8593,22.5505],[102.8937,22.4874],[102.9196,22.4692],[102.9565,22.4597],[102.9891,22.4376],[103.0089,22.4303],[103.029,22.4302],[103.0451,22.4405],[103.0491,22.4568],[103.0442,22.4865],[103.0583,22.4955],[103.0913,22.5051],[103.142,22.5378],[103.1447,22.5558],[103.13,22.578],[103.1417,22.607],[103.1685,22.6265],[103.2284,22.6558],[103.2525,22.6786],[103.27,22.7233],[103.3096,22.7879],[103.3216,22.7904],[103.3442,22.783],[103.3688,22.7671],[103.3875,22.7452],[103.4017,22.7378],[103.4043,22.6888],[103.4109,22.6747],[103.4475,22.6183],[103.4731,22.5916],[103.5036,22.5814],[103.5143,22.5874],[103.5509,22.6408],[103.5446,22.691],[103.5471,22.7007],[103.5683,22.725],[103.59,22.768],[103.6469,22.799],[103.6585,22.7932],[103.7264,22.7163],[103.7942,22.6594],[103.8297,22.6092],[103.8442,22.5993],[103.8668,22.5754],[103.8946,22.5692],[103.917,22.5333],[103.9407,22.5247],[103.9595,22.5071],[103.9854,22.5272],[103.9856,22.5703],[104.0075,22.6302],[104.0139,22.691],[104.0238,22.7192],[104.054,22.7538],[104.0733,22.7827],[104.0869,22.7916],[104.1282,22.7968],[104.2133,22.825],[104.2412,22.8244],[104.2288,22.7834],[104.2297,22.7619],[104.2368,22.7421],[104.2495,22.7283],[104.3044,22.7047],[104.3402,22.6864],[104.3555,22.6886],[104.449,22.7452],[104.4686,22.7649],[104.5333,22.8144],[104.5535,22.836],[104.5792,22.8089],[104.5943,22.809],[104.6098,22.823],[104.6627,22.8109],[104.7008,22.8182],[104.7282,22.8391],[104.7742,22.8962],[104.8236,22.9241],[104.827,22.9543],[104.7979,23.0856],[104.8115,23.0962],[104.8359,23.0998],[104.8613,23.1196],[104.8701,23.1635],[104.8809,23.1717],[104.8948,23.1703],[104.921,23.1558],[104.9452,23.1598],[104.9814,23.1904],[105.0157,23.2068],[105.0611,23.2325],[105.1424,23.2538],[105.1556,23.2669],[105.1896,23.2522],[105.2175,23.2654],[105.2359,23.3198],[105.2801,23.3588],[105.2937,23.3663],[105.3122,23.3658],[105.3201,23.3543],[105.3323,23.318],[105.3596,23.2916],[105.3895,23.2754],[105.4145,23.2785],[105.4309,23.2678],[105.4643,23.206],[105.4739,23.1945],[105.5213,23.1631],[105.5273,23.1976],[105.5566,23.2319],[105.6188,23.2847],[105.6271,23.3047],[105.6289,23.3473],[105.6401,23.3568],[105.6705,23.3453],[105.6924,23.3474],[105.7017,23.3593],[105.6921,23.3898],[105.6977,23.3989],[105.7234,23.4002],[105.7458,23.4138],[105.7735,23.4504],[105.8207,23.4826],[105.8308,23.5028],[105.848,23.5194],[105.8852,23.5173],[105.9592,23.4747],[105.983,23.469],[106.0162,23.472],[106.0561,23.483],[106.0844,23.5123],[106.1207,23.5268],[106.1281,23.5407],[106.1379,23.622],[106.1363,23.6741],[106.1494,23.7175],[106.1522,23.7504],[106.1341,23.7967],[106.1368,23.8172],[106.1497,23.8261],[106.187,23.8328],[106.2,23.8479],[106.1938,23.8694],[106.1452,23.9347],[106.1443,23.949],[106.1574,23.9737],[106.1401,23.9885],[106.0875,24.0143],[106.0152,24.0594],[106.0064,24.0727],[106.0211,24.1109],[106.0005,24.1128],[105.9708,24.0877],[105.9106,24.0815],[105.8859,24.063],[105.8843,24.0343],[105.8722,24.0247],[105.8331,24.0272],[105.788,24.0207],[105.771,24.0252],[105.7352,24.047],[105.6847,24.0546],[105.6522,24.07],[105.6409,24.0825],[105.6365,24.1094],[105.6185,24.1353],[105.5924,24.141],[105.5575,24.1304],[105.5321,24.1263],[105.5205,24.1162],[105.4936,24.0501],[105.4472,24.0376],[105.4318,24.0419],[105.407,24.0637],[105.3797,24.0756],[105.3508,24.093],[105.3203,24.1181],[105.2967,24.1294],[105.2863,24.1243],[105.2964,24.0887],[105.2829,24.0741],[105.253,24.0855],[105.1909,24.1256],[105.1731,24.1506],[105.1699,24.1674],[105.1787,24.2001],[105.1737,24.2273],[105.1762,24.3099],[105.1669,24.3284],[105.1412,24.3461],[105.1212,24.3692],[105.113,24.4098],[105.0934,24.4269],[105.0608,24.4307],[105.0158,24.4289],[104.9829,24.4244],[104.9611,24.4164],[104.9412,24.4184],[104.9088,24.4299],[104.8821,24.4468],[104.8594,24.4537],[104.7745,24.4619],[104.7527,24.4683],[104.7151,24.4588],[104.6994,24.4487],[104.6929,24.4274],[104.696,24.4033],[104.7287,24.3642],[104.7252,24.3383],[104.7061,24.3282],[104.6895,24.3295],[104.667,24.3398],[104.5992,24.4025],[104.5693,24.4434],[104.5616,24.4734],[104.5019,24.5782],[104.4847,24.636],[104.4831,24.6658],[104.4946,24.6982],[104.512,24.7184],[104.5399,24.7418],[104.5456,24.8134],[104.5522,24.8335],[104.5717,24.8503],[104.6,24.8898],[104.6265,24.9143],[104.6581,24.958],[104.7005,24.999],[104.707,25.0173],[104.6887,25.0736],[104.689,25.1013],[104.7138,25.1487],[104.7191,25.1685],[104.7197,25.2109],[104.7318,25.2192],[104.7678,25.2199],[104.78,25.228],[104.7894,25.2445],[104.7782,25.2617],[104.7137,25.2731],[104.6909,25.2821],[104.6689,25.2968],[104.6124,25.3561],[104.5951,25.3681],[104.5658,25.3812],[104.5584,25.4219],[104.5535,25.4845],[104.5461,25.5013],[104.535,25.5081],[104.4974,25.4944],[104.4681,25.4911],[104.4372,25.4986],[104.4327,25.5068],[104.4324,25.5567],[104.4224,25.5793],[104.3941,25.5903],[104.3499,25.6142],[104.3206,25.6359],[104.3062,25.6648],[104.3077,25.7102],[104.2994,25.746],[104.2995,25.7608],[104.3185,25.7656],[104.3491,25.7518],[104.367,25.7505],[104.3885,25.7715],[104.3936,25.7912],[104.4206,25.8569],[104.4207,25.893],[104.4156,25.9089],[104.3967,25.9259],[104.3929,25.9479],[104.4366,25.964],[104.4634,25.9815],[104.499,26.0308],[104.5046,26.0772],[104.517,26.1076],[104.505,26.1474],[104.5092,26.1657],[104.535,26.1978],[104.5452,26.2704],[104.5612,26.2907],[104.6117,26.3283],[104.6451,26.3469],[104.6598,26.3682],[104.6755,26.3793],[104.6553,26.431],[104.639,26.451],[104.6265,26.4977],[104.5815,26.5394],[104.5731,26.5692],[104.5594,26.5847],[104.5315,26.5935],[104.496,26.5877],[104.4821,26.5931],[104.4662,26.6135],[104.46,26.6632],[104.4299,26.7125],[104.4051,26.719],[104.3931,26.7137],[104.386,26.6855],[104.3585,26.6478],[104.3362,26.6332],[104.3177,26.6289],[104.2313,26.625],[104.2181,26.6266],[104.1685,26.6475],[104.1534,26.6512],[104.1238,26.6439],[104.111,26.6345],[104.0798,26.6002],[104.055,26.56],[104.0446,26.5281],[104.0204,26.5142],[103.9965,26.5185],[103.9158,26.5178],[103.8831,26.5244],[103.8292,26.5471],[103.7866,26.5771],[103.7757,26.5908],[103.7578,26.6294],[103.7631,26.6626],[103.7631,26.6944],[103.7751,26.7317],[103.7721,26.7405],[103.7374,26.7361],[103.731,26.7468],[103.7248,26.7802],[103.7173,26.799],[103.7157,26.826],[103.7296,26.8565],[103.7718,26.8719],[103.7783,26.88],[103.7714,26.9121],[103.7789,26.9382],[103.7783,26.9559],[103.7591,26.9764],[103.749,27.0051],[103.7299,27.0288],[103.7009,27.0524],[103.6846,27.0489],[103.6591,27.028],[103.6371,27.0184],[103.6068,27.0498],[103.5964,27.0761],[103.6233,27.1051],[103.6609,27.1271],[103.6954,27.1517],[103.7978,27.2548],[103.8185,27.2719],[103.8593,27.3154],[103.8946,27.3741],[103.9113,27.3904],[103.9538,27.4011],[103.9811,27.3995],[104.001,27.3873],[104.0299,27.3588],[104.0471,27.3463],[104.1236,27.3102],[104.1743,27.2715],[104.2026,27.2756],[104.2384,27.2952],[104.2496,27.3177],[104.247,27.3495],[104.2637,27.3706],[104.3144,27.4073],[104.3444,27.4412],[104.361,27.447],[104.3736,27.4375],[104.4015,27.3929],[104.4437,27.3472],[104.4692,27.3319],[104.5097,27.3193],[104.5483,27.3212],[104.5942,27.3138],[104.6195,27.3156],[104.6904,27.3292],[104.7296,27.3198],[104.7517,27.3217],[104.7834,27.3322],[104.8025,27.3291],[104.8302,27.3122],[104.8563,27.3068],[104.8709,27.3098],[104.9281,27.3419],[104.991,27.3623],[105.022,27.3901],[105.051,27.4056],[105.0826,27.4125],[105.1248,27.4085],[105.1657,27.3951],[105.1859,27.3932],[105.1974,27.3986],[105.1985,27.422],[105.2194,27.4515],[105.2233,27.4998],[105.2402,27.5209],[105.2464,27.5431],[105.2461,27.5825],[105.2666,27.6131],[105.2845,27.6602],[105.297,27.7217],[105.27,27.759],[105.277,27.7874],[105.2508,27.8167],[105.2281,27.8558],[105.2313,27.8715],[105.2574,27.9003],[105.2687,27.9184],[105.2777,27.9508],[105.2824,28.0007],[105.2548,28.0069],[105.2297,28.0003],[105.2033,28.0015],[105.1916,28.0097],[105.1859,28.048],[105.1719,28.0617],[105.0557,28.0881],[105.0174,28.0852],[104.9794,28.0631],[104.9662,28.0478],[104.9525,28.0004],[104.9583,27.9565],[104.9561,27.9457],[104.9408,27.9321],[104.9184,27.9242],[104.8974,27.9011],[104.8759,27.8927],[104.8332,27.8886],[104.786,27.8745],[104.7591,27.8734],[104.7146,27.8843],[104.7024,27.883],[104.6549,27.8564],[104.6316,27.849],[104.6048,27.8458],[104.572,27.8541],[104.5283,27.8767],[104.4825,27.891],[104.3754,27.9617],[104.3498,27.9902],[104.3284,28.0231],[104.3338,28.0467],[104.3833,28.0587],[104.4279,28.0753],[104.4446,28.0999],[104.4369,28.1293],[104.4097,28.1782],[104.4053,28.1977],[104.4232,28.22],[104.4173,28.2393],[104.3765,28.2823],[104.3619,28.2903],[104.312,28.3035],[104.2775,28.3228],[104.2635,28.346],[104.264,28.3949],[104.2581,28.4143],[104.262,28.4454],[104.2566,28.4646],[104.2559,28.5001],[104.2501,28.5308],[104.2621,28.545],[104.3054,28.5557],[104.335,28.5695],[104.3715,28.5652],[104.3876,28.5739],[104.4014,28.5904],[104.44,28.6054],[104.443,28.6245],[104.4142,28.6401],[104.3836,28.6465],[104.3525,28.6457],[104.3328,28.6336],[104.2927,28.6323],[104.2753,28.6389],[104.2509,28.6616],[104.2325,28.6397],[104.1789,28.6386],[104.1402,28.6334],[104.0922,28.6127],[104.0789,28.6131],[104.0478,28.6336],[104.0292,28.6304],[103.9927,28.6163],[103.9526,28.615],[103.9088,28.6336],[103.8782,28.6306],[103.8666,28.6752],[103.8511,28.6681],[103.8418,28.6363],[103.8325,28.6206],[103.8367,28.6049],[103.7952,28.5312],[103.8216,28.4849],[103.8598,28.4009],[103.8704,28.3438],[103.8803,28.3257],[103.7892,28.2556],[103.7495,28.2428],[103.7223,28.2155],[103.7089,28.2159],[103.6663,28.2633],[103.6438,28.2705],[103.6128,28.25],[103.5718,28.2432],[103.5384,28.1845],[103.459,28.1348],[103.4529,28.124],[103.4568,28.1053],[103.4346,28.0682],[103.4412,28.0424],[103.4567,28.0372],[103.4892,28.0377],[103.502,27.992],[103.5142,27.9714],[103.5511,27.9879],[103.563,27.9755],[103.537,27.9614],[103.5189,27.9454],[103.5112,27.9301],[103.5085,27.8645],[103.5033,27.8497],[103.4824,27.8248],[103.4769,27.8],[103.4588,27.7926],[103.4517,27.76],[103.4148,27.7429],[103.327,27.6736],[103.3137,27.6549],[103.2911,27.6462],[103.2861,27.6337],[103.3048,27.6051],[103.2962,27.5879],[103.285,27.5808],[103.2291,27.5736],[103.2181,27.5669],[103.1605,27.4972],[103.1505,27.4732],[103.1472,27.4344],[103.1208,27.4123],[103.1066,27.4085],[103.0927,27.414],[103.0382,27.4033],[103.0132,27.386],[102.9774,27.3889],[102.9548,27.4208],[102.9421,27.4051],[102.9298,27.3672],[102.9072,27.3337],[102.8895,27.2915],[102.8898,27.2567],[102.9038,27.2217],[102.9157,27.1344],[102.9139,27.1123],[102.885,27.0663],[102.8782,27.032],[102.8841,27.0178],[102.8996,27.0031],[102.8934,26.9615],[102.9013,26.9247],[102.925,26.8922],[102.9533,26.8617],[102.9753,26.8311],[102.9925,26.7659],[103.0042,26.7508],[103.0122,26.7038],[103.0237,26.6803],[103.0313,26.644],[103.0305,26.6018],[103.0363,26.5829],[103.0579,26.5572],[103.0578,26.5363],[103.0339,26.5022],[103.0103,26.5008],[102.9958,26.4854],[103.0033,26.4612],[102.9896,26.4413],[103.0033,26.4004],[102.9885,26.3652],[102.9718,26.3509],[102.9514,26.3451],[102.9087,26.3493],[102.8921,26.3554],[102.8934,26.365],[102.8782,26.3651],[102.8455,26.3272],[102.822,26.3172],[102.7913,26.3104],[102.767,26.2934],[102.7203,26.2376],[102.699,26.2235],[102.6678,26.2259],[102.6468,26.2447],[102.6099,26.2602],[102.6118,26.287],[102.6234,26.3188],[102.6265,26.3451],[102.6031,26.3663],[102.5681,26.3786],[102.5545,26.3732],[102.5029,26.3377],[102.4651,26.3227],[102.4006,26.3118],[102.3583,26.2626],[102.3149,26.2426],[102.2668,26.2353],[102.2521,26.2289],[102.2224,26.1869],[102.1457,26.1322],[102.1177,26.0963],[102.1126,26.0844],[102.0955,26.0828],[101.9216,26.0989],[101.9041,26.0877],[101.8828,26.0555],[101.8647,26.0403],[101.8495,26.0348],[101.8348,26.0553],[101.7972,26.0719],[101.7806,26.0918],[101.7757,26.1065],[101.7771,26.1483],[101.7637,26.1763],[101.7232,26.1952],[101.6766,26.2277],[101.6542,26.2328],[101.6265,26.2093],[101.5949,26.2087],[101.5824,26.219],[101.5725,26.2442],[101.5773,26.278],[101.573,26.2936],[101.58,26.3069],[101.6103,26.3313],[101.6269,26.336],[101.6436,26.3495],[101.6469,26.3615],[101.6385,26.3735],[101.6155,26.3875],[101.6024,26.4088],[101.5896,26.4422],[101.573,26.4666],[101.5442,26.495],[101.5077,26.5182],[101.4512,26.5306],[101.4231,26.5534],[101.4124,26.5697],[101.4196,26.5939],[101.445,26.6153],[101.4947,26.7056],[101.501,26.7265],[101.5029,26.7664],[101.4973,26.7794],[101.4806,26.7871],[101.4586,26.7827],[101.45,26.7736],[101.4371,26.7411],[101.4209,26.7295],[101.4094,26.7295],[101.3873,26.7446],[101.3707,26.7746],[101.3629,26.8366],[101.3424,26.871],[101.1612,27.0168],[101.1415,27.0449],[101.1407,27.0654],[101.1544,27.1157],[101.1714,27.1521],[101.1755,27.1703],[101.1728,27.1911],[101.1472,27.2032],[101.0994,27.2052],[101.0808,27.2012],[101.0372,27.1783],[101.0159,27.1802],[101.0038,27.1975],[100.9966,27.2434],[100.9956,27.2984],[100.9917,27.3308],[100.978,27.3737],[100.9408,27.4347],[100.9136,27.4599],[100.8805,27.4755],[100.8669,27.4947],[100.8721,27.562],[100.6609,27.8751],[100.6405,27.8915],[100.6254,27.8973],[100.6013,27.8811],[100.5717,27.8363],[100.5593,27.8245],[100.5326,27.8163],[100.504,27.8264],[100.4643,27.8472],[100.432,27.8456],[100.4095,27.829],[100.3492,27.7467],[100.3206,27.7331],[100.2975,27.7611],[100.3033,27.7805],[100.2964,27.8214],[100.2959,27.8526],[100.2776,27.8712],[100.2387,27.8804],[100.2021,27.8988],[100.1912,27.912],[100.1723,27.9493],[100.1596,27.9644],[100.0947,28.019],[100.0721,28.0442],[100.0588,28.0661],[100.0517,28.1051],[100.0292,28.1449],[100.0282,28.1694],[100.0469,28.1871],[100.1184,28.208],[100.1374,28.2173],[100.162,28.2363],[100.1682,28.2603],[100.1492,28.2776],[100.152,28.3134],[100.1431,28.3416],[100.1316,28.351],[100.0683,28.384],[100.032,28.4287],[100.001,28.4562],[99.98,28.488],[99.9598,28.5389],[99.9339,28.5694],[99.9046,28.5835],[99.8688,28.5881],[99.8456,28.6038],[99.8385,28.6261],[99.8366,28.654],[99.8284,28.6726],[99.7912,28.7003],[99.7622,28.712],[99.7323,28.745],[99.723,28.7741],[99.7243,28.819],[99.7189,28.8423],[99.7047,28.8446],[99.665,28.8244],[99.6287,28.8146],[99.6082,28.7944],[99.5991,28.7573],[99.5789,28.7266],[99.5513,28.7072],[99.5344,28.6808],[99.5217,28.6102],[99.5029,28.5794],[99.468,28.5722],[99.4467,28.5615],[99.3931,28.5428],[99.379,28.5301],[99.3711,28.5008],[99.3962,28.4671],[99.398,28.4566],[99.3872,28.4081],[99.3851,28.3838],[99.3886,28.3343],[99.4,28.2959],[99.4164,28.2548],[99.4023,28.1888],[99.3989,28.1265],[99.3867,28.1394],[99.3889,28.1682],[99.3815,28.1845],[99.3398,28.2241],[99.3148,28.2329],[99.2993,28.26],[99.2747,28.2773],[99.2737,28.3073],[99.2554,28.3145],[99.2269,28.3394],[99.1626,28.4382],[99.1621,28.4555],[99.1724,28.4634],[99.1784,28.4822],[99.1792,28.5237],[99.1655,28.5548],[99.1719,28.5827],[99.1695,28.6025],[99.1543,28.6407],[99.1351,28.6546],[99.1177,28.7087],[99.1246,28.7497],[99.1189,28.7709],[99.1005,28.8136],[99.0966,28.8359],[99.0993,28.856],[99.1177,28.9216],[99.1211,28.9647],[99.1041,29.0923],[99.1088,29.2238],[99.0604,29.2155],[99.0434,29.2095],[99.0057,29.2067],[98.9902,29.202],[98.975,29.1816],[98.9722,29.159],[98.9771,29.1405],[98.9948,29.1057],[99.0063,29.0732],[99.0077,29.0437],[98.9926,29.0225],[98.9489,29.0002],[98.9324,28.9863],[98.9171,28.9615],[98.9084,28.9364],[98.9089,28.9124],[98.938,28.8802],[98.9509,28.8594],[98.9456,28.842],[98.912,28.8221],[98.8735,28.8118],[98.8507,28.8201],[98.8204,28.886],[98.785,29.0002],[98.7658,29.0028],[98.7425,28.9889],[98.6513,28.9701],[98.6353,28.9414],[98.6382,28.9305],[98.6387,28.8787],[98.6545,28.8552],[98.6531,28.8256],[98.6652,28.8049],[98.6781,28.7571],[98.6724,28.7362],[98.6187,28.7042],[98.5892,28.6703],[98.585,28.6265],[98.594,28.5832],[98.6128,28.5394],[98.6358,28.5003],[98.6444,28.4594],[98.6404,28.4241],[98.6135,28.3676],[98.5758,28.3175],[98.5572,28.2999],[98.4899,28.2481],[98.4476,28.2317],[98.41,28.2506],[98.3737,28.2899],[98.3458,28.326],[98.326,28.3444],[98.2998,28.3548],[98.2829,28.3154],[98.2708,28.2619],[98.2615,28.2397],[98.2302,28.2029],[98.212,28.1916],[98.1363,28.1564],[98.115,28.1439]]]},"properties":{"name":"Yunnan","name_en":"Yunnan","name_ja":"雲南省","name_zh":"云南省","name_ko":"윈난성","adm0_a3":"CHN","postal":"YN","iso_3166_2":"CN-YN","type_en":"Province","region":"Southwest China","geonunit":"China"}},
{"type":"Feature","geometry":{"type":"Polygon","coordinates":[[[131.2528,43.4692],[131.1669,43.5211],[131.1607,43.5328],[131.1657,43.549],[131.192,43.5886],[131.1802,43.623],[131.1873,43.648],[131.175,43.7015],[131.1779,43.7255],[131.1703,43.7811],[131.1728,43.7991],[131.1929,43.8602],[131.2173,43.9085],[131.2184,43.9259],[131.2067,43.9748],[131.2178,44.0161],[131.2615,44.0461],[131.2645,44.0542],[131.1652,44.3681],[131.0658,44.682],[131.0214,44.7469],[130.9716,44.7756],[130.9301,44.825],[130.9334,44.8417],[130.9716,44.8541],[131.0083,44.8563],[131.0389,44.8746],[131.0411,44.8978],[131.0516,44.909],[131.1101,44.9195],[131.158,44.9017],[131.1765,44.9034],[131.259,44.9282],[131.2999,44.9565],[131.3295,44.9676],[131.3504,44.968],[131.4195,44.959],[131.4338,44.9613],[131.4522,44.9837],[131.6091,45.0897],[131.6198,45.1037],[131.6224,45.1237],[131.6049,45.1474],[131.6052,45.1646],[131.6278,45.1985],[131.6669,45.2096],[131.7113,45.2087],[131.7232,45.2153],[131.7853,45.3047],[131.818,45.3328],[131.8531,45.3376],[131.8707,45.3263],[131.9004,45.2729],[131.9315,45.2487],[131.9697,45.2338],[132.4047,45.1465],[132.8398,45.0592],[132.9212,45.0279],[132.9534,45.0244],[132.9926,45.0485],[133.0238,45.0583],[133.0497,45.0817],[133.0734,45.0906],[133.1154,45.123],[133.1272,45.1554],[133.1207,45.1834],[133.0975,45.2435],[133.1067,45.2646],[133.1019,45.2872],[133.1402,45.4354],[133.1798,45.4938],[133.2021,45.5113],[133.2409,45.5233],[133.2717,45.5284],[133.2989,45.5421],[133.3303,45.5493],[133.3748,45.5731],[133.4135,45.5733],[133.4252,45.5804],[133.4151,45.6004],[133.4276,45.6153],[133.4773,45.6277],[133.4567,45.6488],[133.4915,45.6734],[133.4878,45.6867],[133.4516,45.6992],[133.443,45.7097],[133.4709,45.7289],[133.4849,45.7685],[133.5114,45.7786],[133.4838,45.7966],[133.4773,45.8201],[133.4983,45.8372],[133.5027,45.862],[133.5144,45.8793],[133.5316,45.8882],[133.5523,45.8884],[133.5701,45.8764],[133.5859,45.8763],[133.5865,45.8884],[133.603,45.8986],[133.6101,45.9298],[133.6277,45.9378],[133.6499,45.9278],[133.6581,45.9345],[133.6948,46.0228],[133.72,46.0638],[133.7193,46.0793],[133.6964,46.115],[133.6874,46.1418],[133.741,46.159],[133.7751,46.1867],[133.7935,46.2143],[133.8129,46.2142],[133.8212,46.2001],[133.8366,46.2004],[133.8609,46.2236],[133.8553,46.2366],[133.9025,46.259],[133.8938,46.3019],[133.916,46.313],[133.8964,46.3272],[133.8744,46.3198],[133.8634,46.3393],[133.8809,46.3537],[133.926,46.3713],[133.9339,46.3908],[133.9215,46.4101],[133.8819,46.4371],[133.8544,46.4447],[133.8458,46.4707],[133.8493,46.4803],[133.8919,46.529],[133.9025,46.5736],[133.9203,46.5903],[133.9674,46.6112],[133.988,46.6252],[134.0148,46.665],[134.0259,46.7108],[134.0418,46.7527],[134.0447,46.772],[134.0214,46.8061],[134.0205,46.834],[134.0628,46.9069],[134.067,46.9268],[134.0692,46.9812],[134.0873,46.9988],[134.1142,47.0558],[134.1242,47.0705],[134.1457,47.0812],[134.1971,47.0852],[134.2172,47.0944],[134.2273,47.1177],[134.1898,47.1729],[134.1972,47.2053],[134.1619,47.2384],[134.1541,47.2579],[134.1701,47.2868],[134.1836,47.3275],[134.2451,47.3551],[134.2928,47.4097],[134.3326,47.4264],[134.3782,47.4302],[134.415,47.4392],[134.4366,47.4298],[134.4846,47.4302],[134.5353,47.4656],[134.5569,47.4712],[134.5606,47.4818],[134.6243,47.5496],[134.6682,47.574],[134.6827,47.5878],[134.6867,47.6312],[134.6929,47.6489],[134.7255,47.6632],[134.7726,47.7107],[134.7651,47.7182],[134.7698,47.741],[134.6965,47.7951],[134.6765,47.8243],[134.6676,47.8647],[134.6578,47.8867],[134.6458,47.8963],[134.5991,47.9107],[134.5877,47.9259],[134.6013,47.9441],[134.5669,47.9855],[134.5594,48.0095],[134.5672,48.0404],[134.5864,48.0612],[134.6479,48.1022],[134.6627,48.108],[134.683,48.1355],[134.6874,48.2198],[134.703,48.2526],[134.7009,48.2615],[134.6612,48.267],[134.6113,48.2854],[134.5695,48.3155],[134.5426,48.3573],[134.4898,48.3392],[134.4531,48.3442],[134.3864,48.3813],[134.3671,48.377],[134.2062,48.3597],[134.1161,48.3352],[134.0572,48.3272],[134.0248,48.3151],[133.9824,48.2852],[133.937,48.2733],[133.8775,48.2753],[133.8495,48.2693],[133.7966,48.2506],[133.7379,48.2511],[133.7213,48.2448],[133.6855,48.2021],[133.6545,48.1839],[133.6055,48.1716],[133.5848,48.1554],[133.5599,48.1133],[133.5244,48.0954],[133.4637,48.0895],[133.4132,48.103],[133.3795,48.1063],[133.3237,48.1001],[133.2907,48.1044],[133.2628,48.1194],[133.2237,48.126],[133.1852,48.1248],[133.092,48.1068],[133.061,48.0918],[133.044,48.0662],[133.0247,48.0524],[132.9408,48.0267],[132.9403,48.0226],[132.8648,47.9857],[132.8207,47.9424],[132.7897,47.9327],[132.7749,47.9338],[132.7382,47.9541],[132.7057,47.9604],[132.6746,47.9506],[132.6609,47.923],[132.6714,47.9025],[132.6588,47.8698],[132.6074,47.8276],[132.5814,47.8007],[132.5736,47.7822],[132.5804,47.748],[132.5567,47.7235],[132.5247,47.7075],[132.4758,47.7068],[132.4532,47.7105],[132.4006,47.7298],[132.3324,47.7365],[132.2508,47.7254],[132.2022,47.7005],[132.1617,47.69],[132.117,47.6894],[132.0892,47.6948],[132.0254,47.6979],[131.9665,47.69],[131.933,47.6722],[131.8943,47.67],[131.8649,47.6816],[131.8359,47.6845],[131.7804,47.6791],[131.703,47.6962],[131.6836,47.6946],[131.6307,47.6669],[131.594,47.6623],[131.5774,47.6686],[131.5379,47.7032],[131.5078,47.7215],[131.475,47.7345],[131.4184,47.7426],[131.2101,47.7092],[131.1672,47.6971],[131.1292,47.6812],[131.0843,47.6751],[131.0234,47.6823],[130.9418,47.718],[130.9383,47.7511],[130.9417,47.8206],[130.907,47.8843],[130.8574,47.9278],[130.6824,48.0504],[130.6747,48.0639],[130.6634,48.1164],[130.6747,48.1359],[130.7073,48.1634],[130.7528,48.1896],[130.7739,48.2442],[130.8194,48.2819],[130.824,48.2942],[130.8221,48.3338],[130.7796,48.3564],[130.7433,48.4116],[130.7383,48.4298],[130.7596,48.4679],[130.759,48.4857],[130.7443,48.4973],[130.7159,48.4991],[130.6393,48.4772],[130.6264,48.4823],[130.6135,48.5195],[130.6202,48.5605],[130.6077,48.5767],[130.5624,48.5881],[130.5408,48.5984],[130.5297,48.6163],[130.5333,48.6358],[130.6278,48.796],[130.6667,48.8415],[130.6743,48.8708],[130.6507,48.8764],[130.6249,48.8743],[130.5649,48.8559],[130.5117,48.8555],[130.4866,48.8637],[130.4653,48.8913],[130.4397,48.8965],[130.3868,48.8963],[130.3381,48.8853],[130.2936,48.8701],[130.2493,48.8645],[130.2018,48.8826],[130.0375,48.972],[129.9742,49.0151],[129.9265,49.0257],[129.9134,49.0395],[129.9117,49.0593],[129.9207,49.0819],[129.8832,49.0998],[129.8415,49.1092],[129.8454,49.1541],[129.8415,49.1672],[129.8247,49.1742],[129.776,49.1776],[129.7556,49.1843],[129.7375,49.2055],[129.7351,49.2389],[129.7112,49.2742],[129.6692,49.2792],[129.6192,49.2743],[129.5718,49.2798],[129.539,49.3037],[129.5321,49.3215],[129.5277,49.3848],[129.5024,49.4108],[129.4551,49.4273],[129.4034,49.4307],[129.3787,49.425],[129.3715,49.4106],[129.3732,49.3699],[129.3621,49.3498],[129.341,49.3412],[129.3161,49.3441],[129.2723,49.3753],[129.2456,49.3859],[129.1939,49.3897],[129.1712,49.3803],[129.136,49.3541],[129.1154,49.3488],[129.0879,49.3521],[129.0506,49.3767],[129.0146,49.4311],[128.9982,49.4413],[128.9471,49.4495],[128.8792,49.4797],[128.8536,49.4805],[128.7866,49.4655],[128.7601,49.4709],[128.7502,49.4845],[128.7541,49.5025],[128.7693,49.5207],[128.7995,49.5319],[128.8034,49.5443],[128.7969,49.5725],[128.7342,49.5844],[128.6662,49.6095],[128.6287,49.5753],[128.5513,49.5884],[128.3835,49.5794],[128.365,49.5697],[128.3448,49.548],[128.3204,49.5448],[128.2679,49.5588],[128.2251,49.5418],[128.1983,49.539],[128.0925,49.5416],[128.0671,49.5467],[128.0469,49.5583],[128.0125,49.5874],[127.9916,49.5987],[127.9479,49.6012],[127.9302,49.5852],[127.9073,49.5802],[127.8547,49.5849],[127.8309,49.5939],[127.77,49.6339],[127.722,49.6486],[127.7036,49.6606],[127.69,49.6815],[127.68,49.7392],[127.6443,49.7671],[127.5387,49.7899],[127.5081,49.8223],[127.5116,49.8691],[127.5322,49.9077],[127.534,49.9225],[127.4944,49.9732],[127.4867,50.0256],[127.5066,50.0635],[127.5702,50.1302],[127.5867,50.1672],[127.5906,50.2087],[127.5784,50.2206],[127.4048,50.276],[127.3546,50.2986],[127.3307,50.3282],[127.3375,50.3527],[127.3587,50.3813],[127.3585,50.4151],[127.3492,50.4262],[127.3047,50.4514],[127.289,50.466],[127.3026,50.4776],[127.3236,50.5138],[127.3648,50.5547],[127.3671,50.5778],[127.3587,50.605],[127.344,50.6278],[127.3271,50.6373],[127.2949,50.6664],[127.2823,50.6948],[127.2964,50.7301],[127.2874,50.751],[127.2207,50.7882],[127.1443,50.9035],[127.1108,50.9315],[127.0471,50.9672],[127.0323,50.9724],[126.9812,51.0277],[126.9464,51.0483],[126.9318,51.0638],[126.923,51.1079],[126.9054,51.1643],[126.9038,51.1934],[126.9163,51.2328],[126.9471,51.2581],[126.9679,51.2815],[126.9812,51.3089],[126.9722,51.324],[126.9546,51.3296],[126.9173,51.3247],[126.8853,51.3029],[126.8907,51.2715],[126.8699,51.2517],[126.8459,51.2515],[126.8237,51.2656],[126.809,51.2891],[126.8142,51.3249],[126.8435,51.3494],[126.8975,51.362],[126.9089,51.377],[126.9019,51.401],[126.8769,51.4099],[126.8259,51.4121],[126.8003,51.419],[126.7893,51.4358],[126.8016,51.4772],[126.8304,51.5081],[126.8074,51.5342],[126.7756,51.5458],[126.7006,51.5627],[126.6769,51.5766],[126.6751,51.5884],[126.7237,51.6359],[126.7245,51.6496],[126.7073,51.6856],[126.7249,51.6975],[126.7136,51.7232],[126.6624,51.7334],[126.6479,51.7413],[126.4461,51.9825],[126.4393,51.9979],[126.4474,52.0188],[126.4671,52.0317],[126.5144,52.0425],[126.5198,52.0613],[126.5513,52.113],[126.556,52.1306],[126.5312,52.1527],[126.4938,52.1613],[126.4533,52.1656],[126.3167,52.1998],[126.3122,52.228],[126.3921,52.2644],[126.4393,52.2753],[126.4212,52.2873],[126.3444,52.3026],[126.3157,52.3162],[126.3443,52.3576],[126.3507,52.3769],[126.3437,52.3914],[126.3127,52.4174],[126.276,52.4633],[126.2003,52.4671],[126.2006,52.4865],[126.2123,52.533],[126.1704,52.5476],[126.0828,52.5934],[126.0686,52.5953],[126.0591,52.5755],[126.028,52.5664],[126.0092,52.5684],[125.9908,52.5864],[125.9732,52.6316],[125.9828,52.653],[126.0026,52.6655],[126.0526,52.6725],[126.0686,52.6799],[126.0619,52.6966],[126.0351,52.7271],[126.066,52.7442],[126.1041,52.7545],[126.088,52.7754],[126.0667,52.7832],[126.0178,52.7824],[125.9769,52.765],[125.8674,52.8494],[125.8569,52.8643],[125.8637,52.8886],[125.8374,52.9067],[125.7365,52.8958],[125.6687,52.878],[125.6465,52.8849],[125.6471,52.9009],[125.6789,52.9332],[125.7111,52.9412],[125.7243,52.9528],[125.7335,52.9817],[125.6786,53.0057],[125.6502,53.0234],[125.6214,53.0621],[125.584,53.0589],[125.5213,53.0424],[125.4995,53.0506],[125.4765,53.0835],[125.4281,53.0947],[125.1274,53.2065],[125.0737,53.2122],[125.0194,53.2107],[124.9192,53.1939],[124.8804,53.1725],[124.8792,53.1539],[124.8962,53.1177],[124.8701,53.108],[124.8481,53.1137],[124.822,53.1472],[124.8014,53.1552],[124.7473,53.1477],[124.7202,53.1488],[124.6983,53.1626],[124.6964,53.1838],[124.6787,53.1993],[124.6402,53.2103],[124.5282,53.2103],[124.5005,53.2137],[124.4539,53.2282],[124.4082,53.2357],[124.3837,53.2461],[124.3425,53.2725],[124.3258,53.306],[124.3047,53.329],[124.2934,53.3513],[124.2754,53.3647],[124.2327,53.3817],[124.2088,53.3827],[124.1578,53.37],[124.1218,53.3527],[124.1003,53.3634],[124.0689,53.3896],[124.0174,53.407],[123.9897,53.4415],[123.9706,53.4552],[123.8766,53.4887],[123.8502,53.495],[123.7322,53.5038],[123.6778,53.52],[123.6396,53.5513],[123.6143,53.5633],[123.5919,53.5579],[123.5609,53.5242],[123.5419,53.5141],[123.5196,53.52],[123.5475,53.5405],[123.5353,53.5546],[123.5144,53.5624],[123.4948,53.5601],[123.4815,53.5181],[123.4317,53.5358],[123.3677,53.5458],[123.3403,53.5614],[123.3096,53.5675],[123.2526,53.5678],[123.2033,53.5383],[123.1801,53.5305],[123.1536,53.5131],[123.0025,53.5073],[122.8597,53.4739],[122.4712,53.4647],[122.4252,53.4524],[122.4016,53.451],[122.3797,53.4616],[122.3378,53.4913],[122.2937,53.4927],[122.2257,53.4739],[122.1687,53.4691],[122.1081,53.4381],[122.0816,53.4295],[121.889,53.4306],[121.641,53.3849],[121.5121,53.3298],[121.4588,53.3204],[121.4133,53.3173],[121.4523,53.2882],[121.5116,53.2663],[121.5786,53.2522],[121.6072,53.2407],[121.6379,53.2203],[121.6511,53.2041],[121.6664,53.157],[121.6772,53.1376],[121.6928,53.1273],[121.744,53.1112],[121.7654,53.095],[121.774,53.0653],[121.8002,53.0236],[121.7796,52.9892],[121.7274,52.9546],[121.6915,52.9083],[121.5027,52.7747],[121.1739,52.595],[121.1691,52.5766],[121.1972,52.5646],[121.3255,52.532],[121.3969,52.502],[121.4672,52.4559],[121.4909,52.4447],[121.5817,52.4145],[121.6923,52.3885],[121.719,52.3745],[121.7408,52.3549],[121.7734,52.3107],[121.8041,52.2831],[121.8313,52.2694],[121.9111,52.2583],[121.97,52.2668],[122.0179,52.2831],[122.0418,52.3017],[122.0973,52.3617],[122.1344,52.4146],[122.1737,52.4796],[122.2077,52.4902],[122.3386,52.4537],[122.3591,52.436],[122.3816,52.3976],[122.3989,52.3811],[122.454,52.3491],[122.4814,52.3079],[122.5019,52.286],[122.5698,52.2658],[122.7307,52.2489],[122.752,52.2412],[122.7737,52.2245],[122.7751,52.2],[122.7537,52.1721],[122.7248,52.1566],[122.6449,52.1359],[122.6325,52.1161],[122.6377,52.095],[122.7542,51.8475],[122.7613,51.8025],[122.7485,51.783],[122.7213,51.7589],[122.7067,51.734],[122.7145,51.7017],[122.8355,51.5678],[122.8412,51.5466],[122.8389,51.5106],[122.8532,51.4814],[122.8844,51.4481],[122.9562,51.3861],[123.0237,51.3556],[123.0881,51.3125],[123.1153,51.3061],[123.1614,51.3179],[123.1789,51.3164],[123.22,51.2854],[123.2717,51.2667],[123.3688,51.266],[123.4383,51.2731],[123.4639,51.2711],[123.5026,51.2598],[123.5485,51.2174],[123.5696,51.2039],[123.6219,51.1971],[123.6624,51.1997],[123.7602,51.2175],[123.7888,51.2328],[123.8083,51.2906],[123.8272,51.3054],[123.8663,51.3134],[124.0044,51.3017],[124.1621,51.3284],[124.1897,51.3239],[124.2347,51.3084],[124.2843,51.2833],[124.3508,51.2786],[124.3993,51.288],[124.4381,51.3104],[124.4465,51.341],[124.465,51.3564],[124.5019,51.3606],[124.6662,51.3353],[124.7625,51.3657],[124.8206,51.3659],[124.8368,51.3757],[124.8475,51.3976],[124.8766,51.4197],[124.9302,51.4381],[124.9403,51.4452],[124.9545,51.4892],[124.9784,51.5],[125.0221,51.5045],[125.0461,51.5158],[125.0606,51.5344],[125.0624,51.5768],[125.0683,51.5944],[125.0937,51.6117],[125.1275,51.6157],[125.3333,51.5827],[125.3865,51.5613],[125.4866,51.5074],[125.5146,51.4837],[125.5541,51.4341],[125.5634,51.4029],[125.5769,51.3893],[125.648,51.3432],[125.6829,51.303],[125.6962,51.2756],[125.7195,51.2537],[125.7995,51.21],[125.8191,51.2137],[125.8434,51.2062],[125.856,51.1656],[125.8707,51.1448],[125.9284,51.1266],[125.9253,51.11],[125.9569,51.1116],[125.9844,51.1042],[125.9806,51.0864],[125.9891,51.0704],[126.0266,51.0511],[126.0351,51.0386],[126.044,51],[126.0563,50.9803],[126.0453,50.9431],[126.0147,50.9182],[126.0185,50.9078],[126.001,50.9018],[125.9903,50.8752],[125.9806,50.8704],[125.9517,50.8926],[125.9253,50.8567],[125.9088,50.8626],[125.8912,50.8567],[125.9122,50.8363],[125.8469,50.7947],[125.824,50.7668],[125.7682,50.7679],[125.754,50.7543],[125.7999,50.7134],[125.8086,50.696],[125.7827,50.6756],[125.8024,50.6377],[125.8098,50.5969],[125.8094,50.5622],[125.7933,50.5344],[125.754,50.5141],[125.722,50.5106],[125.6944,50.4829],[125.657,50.4679],[125.6467,50.4527],[125.5867,50.4411],[125.5696,50.4288],[125.5724,50.394],[125.542,50.4066],[125.5308,50.393],[125.5212,50.3428],[125.5063,50.3141],[125.4644,50.2925],[125.4571,50.2724],[125.4393,50.254],[125.4537,50.232],[125.4393,50.2261],[125.443,50.2111],[125.4184,50.1946],[125.385,50.1899],[125.3431,50.1647],[125.3595,50.1445],[125.3428,50.1291],[125.3158,50.1246],[125.3015,50.1374],[125.2644,50.1057],[125.2637,50.0953],[125.281,50.0691],[125.3294,50.0623],[125.3112,50.0513],[125.2503,50.0548],[125.2517,50.043],[125.2952,50.0145],[125.2804,49.998],[125.248,49.9889],[125.2258,49.9592],[125.1866,49.9517],[125.1885,49.9419],[125.2258,49.9183],[125.224,49.9007],[125.245,49.877],[125.2258,49.8636],[125.2348,49.848],[125.1909,49.8336],[125.1779,49.819],[125.1829,49.8112],[125.2162,49.7981],[125.2233,49.787],[125.2196,49.7538],[125.2196,49.6681],[125.1968,49.6466],[125.1792,49.6469],[125.1513,49.6644],[125.1252,49.6566],[125.1306,49.6366],[125.1481,49.6194],[125.1632,49.6206],[125.1954,49.5999],[125.2128,49.5682],[125.2357,49.5544],[125.24,49.5409],[125.2185,49.5197],[125.2674,49.4385],[125.24,49.3901],[125.2537,49.3429],[125.2452,49.3212],[125.2225,49.2855],[125.2332,49.274],[125.2188,49.2591],[125.2229,49.22],[125.1904,49.1879],[125.1738,49.1806],[125.1581,49.1511],[125.1356,49.1389],[125.1128,49.1351],[125.0625,49.1368],[125.0507,49.1411],[125.0312,49.1641],[124.955,49.1657],[124.9026,49.1773],[124.8639,49.1754],[124.8459,49.1366],[124.8223,49.1157],[124.8216,49.0609],[124.7864,49.0149],[124.6982,48.8494],[124.6752,48.8316],[124.6578,48.7942],[124.6218,48.742],[124.6243,48.7259],[124.6162,48.6993],[124.6162,48.6676],[124.6071,48.6387],[124.5895,48.6161],[124.5381,48.5717],[124.5338,48.5477],[124.5486,48.5199],[124.5336,48.5016],[124.5441,48.4668],[124.5303,48.4316],[124.5207,48.369],[124.5475,48.3523],[124.5595,48.3149],[124.5622,48.2362],[124.5486,48.2052],[124.5281,48.1909],[124.5205,48.1287],[124.4824,48.1116],[124.4653,48.1554],[124.4256,48.1744],[124.4165,48.1878],[124.4159,48.2225],[124.3962,48.2413],[124.3926,48.2637],[124.3725,48.2892],[124.3526,48.3034],[124.3272,48.3322],[124.3125,48.3718],[124.3179,48.4258],[124.305,48.449],[124.3075,48.4719],[124.3008,48.4919],[124.2778,48.5161],[124.2526,48.5334],[124.2341,48.5308],[124.0779,48.4483],[123.7269,48.1911],[123.5776,48.0543],[123.5496,48.0377],[123.4874,48.0076],[123.3441,47.9657],[123.2933,47.9457],[123.2655,47.9182],[123.2436,47.8674],[123.2194,47.8274],[123.2068,47.8138],[123.0954,47.7549],[122.7973,47.6436],[122.723,47.5978],[122.5654,47.5312],[122.5459,47.51],[122.5128,47.455],[122.4947,47.4102],[122.4867,47.4016],[122.4151,47.3467],[122.4052,47.3317],[122.4487,47.2852],[122.5008,47.2375],[122.5357,47.1701],[122.574,47.1311],[122.6262,47.0974],[122.6503,47.0863],[122.7639,47.0522],[122.7973,47.0337],[122.9962,46.8403],[123.0294,46.818],[123.0726,46.7958],[123.1244,46.7753],[123.1868,46.7616],[123.2042,46.7706],[123.2392,46.8029],[123.267,46.8173],[123.313,46.8224],[123.3305,46.8326],[123.355,46.8753],[123.38,46.8981],[123.3912,46.8999],[123.4416,46.8917],[123.4685,46.8747],[123.4636,46.8368],[123.4894,46.8173],[123.5232,46.8136],[123.5485,46.8226],[123.5542,46.8484],[123.5707,46.8733],[123.5918,46.8756],[123.6133,46.8411],[123.5996,46.8259],[123.5986,46.8068],[123.626,46.8066],[123.6087,46.7746],[123.5361,46.692],[123.3973,46.5978],[123.3707,46.5897],[123.2915,46.5864],[123.2186,46.5938],[123.0942,46.622],[123.0633,46.6246],[123.0358,46.6199],[123.0132,46.6069],[123.004,46.5859],[123.0085,46.5196],[123.0018,46.4751],[122.9861,46.4417],[122.9889,46.4066],[123.0341,46.3466],[123.1617,46.2201],[123.1915,46.2489],[123.2339,46.2659],[123.2583,46.2651],[123.3241,46.2424],[123.3561,46.2352],[123.7617,46.2599],[123.7761,46.2626],[123.866,46.2911],[123.892,46.2787],[123.8955,46.2692],[123.9194,46.2723],[123.9395,46.2926],[123.9566,46.2908],[123.9576,46.2395],[123.9658,46.2239],[123.9569,46.2098],[123.9586,46.1927],[123.9732,46.1625],[123.9845,46.163],[123.9869,46.1432],[124.0011,46.1124],[123.9966,46.0983],[124.0113,46.0561],[124.035,46.0428],[124.0341,46.0185],[124.0016,46.0166],[123.9931,46.0055],[124.0065,45.9964],[123.9794,45.9781],[123.973,45.9519],[123.9794,45.9297],[123.9978,45.9147],[124.0509,45.8888],[124.062,45.8717],[124.0588,45.8569],[124.0415,45.8304],[124.0598,45.8091],[124.0514,45.7963],[124.0178,45.7817],[124.0219,45.7626],[124.075,45.7448],[124.0551,45.7317],[124.1031,45.7097],[124.1166,45.697],[124.1262,45.669],[124.165,45.6628],[124.141,45.6322],[124.1492,45.6222],[124.178,45.6219],[124.2149,45.6379],[124.2236,45.6355],[124.2336,45.602],[124.2619,45.5901],[124.2617,45.5744],[124.2748,45.5503],[124.2842,45.5455],[124.3323,45.5473],[124.3523,45.5419],[124.3631,45.5256],[124.3503,45.4986],[124.3618,45.4729],[124.3767,45.4574],[124.3956,45.4515],[124.4558,45.4636],[124.4774,45.4561],[124.5029,45.4232],[124.5244,45.4158],[124.5631,45.4153],[124.5778,45.4297],[124.5791,45.4493],[124.5895,45.4574],[124.6119,45.4479],[124.7227,45.4506],[124.7677,45.471],[124.7807,45.4506],[124.7968,45.4512],[124.8493,45.4431],[124.8725,45.4486],[124.8838,45.4673],[124.8789,45.4884],[124.8906,45.4984],[124.8979,45.5273],[124.9156,45.5328],[124.935,45.5189],[124.9512,45.4949],[124.98,45.4935],[125.0277,45.4984],[125.0444,45.4886],[125.0438,45.4515],[125.08,45.4167],[125.0829,45.3861],[125.1035,45.3953],[125.2329,45.4138],[125.2952,45.4021],[125.3074,45.417],[125.322,45.4158],[125.3563,45.4007],[125.3748,45.3985],[125.3977,45.409],[125.4113,45.425],[125.4226,45.4614],[125.4325,45.4773],[125.4514,45.4849],[125.5212,45.471],[125.5431,45.476],[125.6038,45.5046],[125.6189,45.5082],[125.6584,45.5046],[125.6993,45.512],[125.7062,45.4745],[125.7061,45.4455],[125.7137,45.4144],[125.7129,45.391],[125.7049,45.3597],[125.73,45.3176],[125.7464,45.3024],[125.7929,45.2729],[125.811,45.2523],[125.8407,45.2348],[125.9104,45.2066],[125.9676,45.1961],[126.1505,45.1412],[126.181,45.1525],[126.2156,45.1505],[126.2429,45.1561],[126.2771,45.1724],[126.2895,45.1847],[126.3235,45.1834],[126.348,45.1923],[126.3837,45.2158],[126.421,45.2285],[126.4529,45.2295],[126.4795,45.236],[126.5593,45.2467],[126.6217,45.2324],[126.6645,45.2001],[126.7534,45.1735],[126.789,45.1493],[126.836,45.1429],[126.8714,45.1487],[126.9071,45.1448],[126.9527,45.1342],[126.967,45.1142],[126.98,45.0719],[126.9892,45.0554],[127.0351,45.0074],[127.0677,44.9587],[127.0766,44.934],[127.0698,44.9007],[127.0621,44.8935],[127.0244,44.8823],[126.9988,44.8636],[126.9783,44.8261],[126.9812,44.8068],[126.9996,44.774],[127.0323,44.7306],[127.037,44.6854],[127.0334,44.6436],[127.045,44.5982],[127.0579,44.5862],[127.089,44.5897],[127.1006,44.5985],[127.1175,44.6279],[127.1473,44.6547],[127.1946,44.6552],[127.2129,44.6421],[127.2331,44.616],[127.2711,44.6138],[127.3114,44.6354],[127.3448,44.6455],[127.3752,44.6488],[127.4078,44.6375],[127.4579,44.6105],[127.5027,44.6016],[127.5593,44.5738],[127.5816,44.536],[127.5341,44.5305],[127.513,44.5183],[127.5089,44.4979],[127.5172,44.4618],[127.4928,44.4109],[127.5034,44.3955],[127.5367,44.3678],[127.5522,44.3404],[127.6125,44.2816],[127.6176,44.2722],[127.6092,44.241],[127.6098,44.2201],[127.6578,44.1834],[127.6859,44.1686],[127.7147,44.1615],[127.7212,44.1355],[127.7444,44.0856],[127.7787,44.0692],[127.8496,44.0559],[128.0047,44.096],[128.0398,44.1133],[128.0521,44.1258],[128.0566,44.1498],[128.049,44.2506],[128.0591,44.2891],[128.043,44.3407],[128.0462,44.3579],[128.0634,44.3627],[128.0845,44.3482],[128.118,44.3388],[128.1553,44.353],[128.1659,44.3679],[128.1882,44.4229],[128.2069,44.4405],[128.2611,44.467],[128.3208,44.4913],[128.3587,44.5017],[128.3916,44.4807],[128.4188,44.4501],[128.4388,44.4008],[128.4506,44.3442],[128.4507,44.3155],[128.4367,44.2193],[128.4395,44.1739],[128.4459,44.1539],[128.4721,44.1258],[128.5122,44.0986],[128.5288,44.0801],[128.5391,44.0427],[128.5536,44.0148],[128.6008,43.9612],[128.6315,43.9122],[128.6441,43.9009],[128.694,43.869],[128.7215,43.8283],[128.7474,43.8022],[128.7598,43.7705],[128.7609,43.7186],[128.7645,43.7091],[128.8182,43.6587],[128.8353,43.632],[128.852,43.5937],[128.8829,43.5562],[128.9022,43.5525],[128.9432,43.5565],[128.9761,43.5403],[129.0149,43.5397],[129.1634,43.5916],[129.2112,43.6013],[129.2289,43.6084],[129.2367,43.6241],[129.2194,43.6587],[129.2193,43.7063],[129.2157,43.7383],[129.2221,43.7619],[129.2492,43.7862],[129.2974,43.8039],[129.3622,43.8108],[129.4173,43.8395],[129.4786,43.8605],[129.5349,43.8703],[129.7524,43.8742],[129.772,43.8791],[129.7928,43.9005],[129.8021,43.9655],[129.8645,44.0037],[129.9129,44.0216],[129.9431,44.0139],[130.0001,43.9836],[130.0138,43.9491],[130.0181,43.8887],[130.0332,43.8556],[130.0805,43.8439],[130.1036,43.8454],[130.1182,43.8563],[130.1454,43.8898],[130.168,43.91],[130.2111,43.934],[130.251,43.9428],[130.2802,43.9644],[130.3109,44.032],[130.3342,44.0478],[130.3449,44.0337],[130.3457,44.001],[130.3319,43.95],[130.3328,43.9278],[130.3587,43.8766],[130.3676,43.8465],[130.3717,43.7972],[130.389,43.7707],[130.4134,43.7488],[130.4141,43.731],[130.3992,43.7023],[130.4004,43.675],[130.4141,43.6692],[130.5887,43.6277],[130.6194,43.616],[130.6776,43.5731],[130.744,43.545],[130.7978,43.5115],[130.8197,43.4868],[130.8372,43.4492],[130.85,43.4383],[130.8711,43.4371],[130.9166,43.4505],[130.9946,43.5077],[131.0134,43.5085],[131.0413,43.5003],[131.1037,43.4429],[131.1237,43.4327],[131.1495,43.4361],[131.2123,43.4606],[131.2528,43.4692]]]},"properties":{"name":"Heilongjiang","name_en":"Heilongjiang","name_ja":"黒竜江省","name_zh":"黑龙江省","name_ko":"헤이룽장성","adm0_a3":"CHN","postal":"HL","iso_3166_2":"CN-HL","type_en":"Province","region":"Northeast China","geonunit":"China"}},
{"type":"Feature","geometry":{"type":"Polygon","coordinates":[[[131.2528,43.4692],[131.2123,43.4606],[131.1495,43.4361],[131.1237,43.4327],[131.1037,43.4429],[131.0413,43.5003],[131.0134,43.5085],[130.9946,43.5077],[130.9166,43.4505],[130.8711,43.4371],[130.85,43.4383],[130.8372,43.4492],[130.8197,43.4868],[130.7978,43.5115],[130.744,43.545],[130.6776,43.5731],[130.6194,43.616],[130.5887,43.6277],[130.4141,43.6692],[130.4004,43.675],[130.3992,43.7023],[130.4141,43.731],[130.4134,43.7488],[130.389,43.7707],[130.3717,43.7972],[130.3676,43.8465],[130.3587,43.8766],[130.3328,43.9278],[130.3319,43.95],[130.3457,44.001],[130.3449,44.0337],[130.3342,44.0478],[130.3109,44.032],[130.2802,43.9644],[130.251,43.9428],[130.2111,43.934],[130.168,43.91],[130.1454,43.8898],[130.1182,43.8563],[130.1036,43.8454],[130.0805,43.8439],[130.0332,43.8556],[130.0181,43.8887],[130.0138,43.9491],[130.0001,43.9836],[129.9431,44.0139],[129.9129,44.0216],[129.8645,44.0037],[129.8021,43.9655],[129.7928,43.9005],[129.772,43.8791],[129.7524,43.8742],[129.5349,43.8703],[129.4786,43.8605],[129.4173,43.8395],[129.3622,43.8108],[129.2974,43.8039],[129.2492,43.7862],[129.2221,43.7619],[129.2157,43.7383],[129.2193,43.7063],[129.2194,43.6587],[129.2367,43.6241],[129.2289,43.6084],[129.2112,43.6013],[129.1634,43.5916],[129.0149,43.5397],[128.9761,43.5403],[128.9432,43.5565],[128.9022,43.5525],[128.8829,43.5562],[128.852,43.5937],[128.8353,43.632],[128.8182,43.6587],[128.7645,43.7091],[128.7609,43.7186],[128.7598,43.7705],[128.7474,43.8022],[128.7215,43.8283],[128.694,43.869],[128.6441,43.9009],[128.6315,43.9122],[128.6008,43.9612],[128.5536,44.0148],[128.5391,44.0427],[128.5288,44.0801],[128.5122,44.0986],[128.4721,44.1258],[128.4459,44.1539],[128.4395,44.1739],[128.4367,44.2193],[128.4507,44.3155],[128.4506,44.3442],[128.4388,44.4008],[128.4188,44.4501],[128.3916,44.4807],[128.3587,44.5017],[128.3208,44.4913],[128.2611,44.467],[128.2069,44.4405],[128.1882,44.4229],[128.1659,44.3679],[128.1553,44.353],[128.118,44.3388],[128.0845,44.3482],[128.0634,44.3627],[128.0462,44.3579],[128.043,44.3407],[128.0591,44.2891],[128.049,44.2506],[128.0566,44.1498],[128.0521,44.1258],[128.0398,44.1133],[128.0047,44.096],[127.8496,44.0559],[127.7787,44.0692],[127.7444,44.0856],[127.7212,44.1355],[127.7147,44.1615],[127.6859,44.1686],[127.6578,44.1834],[127.6098,44.2201],[127.6092,44.241],[127.6176,44.2722],[127.6125,44.2816],[127.5522,44.3404],[127.5367,44.3678],[127.5034,44.3955],[127.4928,44.4109],[127.5172,44.4618],[127.5089,44.4979],[127.513,44.5183],[127.5341,44.5305],[127.5816,44.536],[127.5593,44.5738],[127.5027,44.6016],[127.4579,44.6105],[127.4078,44.6375],[127.3752,44.6488],[127.3448,44.6455],[127.3114,44.6354],[127.2711,44.6138],[127.2331,44.616],[127.2129,44.6421],[127.1946,44.6552],[127.1473,44.6547],[127.1175,44.6279],[127.1006,44.5985],[127.089,44.5897],[127.0579,44.5862],[127.045,44.5982],[127.0334,44.6436],[127.037,44.6854],[127.0323,44.7306],[126.9996,44.774],[126.9812,44.8068],[126.9783,44.8261],[126.9988,44.8636],[127.0244,44.8823],[127.0621,44.8935],[127.0698,44.9007],[127.0766,44.934],[127.0677,44.9587],[127.0351,45.0074],[126.9892,45.0554],[126.98,45.0719],[126.967,45.1142],[126.9527,45.1342],[126.9071,45.1448],[126.8714,45.1487],[126.836,45.1429],[126.789,45.1493],[126.7534,45.1735],[126.6645,45.2001],[126.6217,45.2324],[126.5593,45.2467],[126.4795,45.236],[126.4529,45.2295],[126.421,45.2285],[126.3837,45.2158],[126.348,45.1923],[126.3235,45.1834],[126.2895,45.1847],[126.2771,45.1724],[126.2429,45.1561],[126.2156,45.1505],[126.181,45.1525],[126.1505,45.1412],[125.9676,45.1961],[125.9104,45.2066],[125.8407,45.2348],[125.811,45.2523],[125.7929,45.2729],[125.7464,45.3024],[125.73,45.3176],[125.7049,45.3597],[125.7129,45.391],[125.7137,45.4144],[125.7061,45.4455],[125.7062,45.4745],[125.6993,45.512],[125.6584,45.5046],[125.6189,45.5082],[125.6038,45.5046],[125.5431,45.476],[125.5212,45.471],[125.4514,45.4849],[125.4325,45.4773],[125.4226,45.4614],[125.4113,45.425],[125.3977,45.409],[125.3748,45.3985],[125.3563,45.4007],[125.322,45.4158],[125.3074,45.417],[125.2952,45.4021],[125.2329,45.4138],[125.1035,45.3953],[125.0829,45.3861],[125.08,45.4167],[125.0438,45.4515],[125.0444,45.4886],[125.0277,45.4984],[124.98,45.4935],[124.9512,45.4949],[124.935,45.5189],[124.9156,45.5328],[124.8979,45.5273],[124.8906,45.4984],[124.8789,45.4884],[124.8838,45.4673],[124.8725,45.4486],[124.8493,45.4431],[124.7968,45.4512],[124.7807,45.4506],[124.7677,45.471],[124.7227,45.4506],[124.6119,45.4479],[124.5895,45.4574],[124.5791,45.4493],[124.5778,45.4297],[124.5631,45.4153],[124.5244,45.4158],[124.5029,45.4232],[124.4774,45.4561],[124.4558,45.4636],[124.3956,45.4515],[124.3767,45.4574],[124.3618,45.4729],[124.3503,45.4986],[124.3631,45.5256],[124.3523,45.5419],[124.3323,45.5473],[124.2842,45.5455],[124.2748,45.5503],[124.2617,45.5744],[124.2619,45.5901],[124.2336,45.602],[124.2236,45.6355],[124.2149,45.6379],[124.178,45.6219],[124.1492,45.6222],[124.141,45.6322],[124.165,45.6628],[124.1262,45.669],[124.1166,45.697],[124.1031,45.7097],[124.0551,45.7317],[124.075,45.7448],[124.0219,45.7626],[124.0178,45.7817],[124.0514,45.7963],[124.0598,45.8091],[124.0415,45.8304],[124.0588,45.8569],[124.062,45.8717],[124.0509,45.8888],[123.9978,45.9147],[123.9794,45.9297],[123.973,45.9519],[123.9794,45.9781],[124.0065,45.9964],[123.9931,46.0055],[124.0016,46.0166],[124.0341,46.0185],[124.035,46.0428],[124.0113,46.0561],[123.9966,46.0983],[124.0011,46.1124],[123.9869,46.1432],[123.9845,46.163],[123.9732,46.1625],[123.9586,46.1927],[123.9569,46.2098],[123.9658,46.2239],[123.9576,46.2395],[123.9566,46.2908],[123.9395,46.2926],[123.9194,46.2723],[123.8955,46.2692],[123.892,46.2787],[123.866,46.2911],[123.7761,46.2626],[123.7617,46.2599],[123.3561,46.2352],[123.3241,46.2424],[123.2583,46.2651],[123.2339,46.2659],[123.1915,46.2489],[123.1617,46.2201],[123.1474,46.2092],[123.1316,46.1821],[123.1094,46.1553],[123.1001,46.128],[123.086,46.1134],[123.0689,46.1087],[122.8214,46.0939],[122.7987,46.0893],[122.791,45.9705],[122.8006,45.9131],[122.7963,45.8988],[122.7748,45.8757],[122.7675,45.8375],[122.7734,45.7885],[122.7524,45.7539],[122.7084,45.715],[122.689,45.7112],[122.647,45.7251],[122.6121,45.7473],[122.5733,45.7771],[122.5132,45.8091],[122.4979,45.8254],[122.4712,45.8921],[122.4525,45.9198],[122.4262,45.9416],[122.3986,45.9492],[122.3844,45.9362],[122.3686,45.9001],[122.2938,45.8344],[122.2675,45.8188],[122.2398,45.8135],[122.1934,45.8553],[122.1461,45.8713],[122.0595,45.9274],[122.0406,45.9544],[121.996,45.9803],[121.9394,45.9893],[121.9008,46.005],[121.87,46.0114],[121.7954,46.0151],[121.7737,46.0103],[121.7787,45.9817],[121.8081,45.9525],[121.8148,45.9137],[121.7965,45.8726],[121.742,45.7987],[121.7143,45.7749],[121.6574,45.7486],[121.6495,45.741],[121.6664,45.7158],[121.729,45.6822],[121.7591,45.6749],[121.7849,45.676],[121.865,45.6993],[121.8983,45.7002],[121.9344,45.69],[121.982,45.6423],[121.9864,45.6297],[121.9803,45.6045],[121.9639,45.5675],[121.9747,45.536],[121.9965,45.5182],[122.0271,45.4845],[122.1067,45.4687],[122.1365,45.4491],[122.1653,45.4154],[122.1861,45.3833],[122.206,45.3634],[122.2097,45.3205],[122.234,45.2871],[122.237,45.2707],[122.2283,45.2376],[122.1918,45.201],[122.1482,45.1777],[122.1223,45.1685],[122.0513,45.152],[122.0249,45.137],[122.0108,45.1183],[122.0058,45.0899],[122.0143,45.0292],[122.0381,44.9344],[122.0331,44.8836],[122.0226,44.8627],[122.0226,44.8467],[122.0429,44.7946],[122.0463,44.7709],[122.0409,44.731],[122.046,44.6949],[122.0721,44.6447],[122.0882,44.6197],[122.2383,44.4753],[122.2741,44.4455],[122.2819,44.4287],[122.2786,44.3643],[122.2541,44.2459],[122.2779,44.2188],[122.2992,44.2106],[122.3225,44.2106],[122.3766,44.22],[122.5948,44.2911],[122.6243,44.3177],[122.6379,44.324],[122.7154,44.3356],[122.7495,44.3487],[122.8212,44.3941],[122.9553,44.4468],[123.009,44.4844],[123.0445,44.5133],[123.0808,44.5314],[123.0988,44.5315],[123.1238,44.4944],[123.1247,44.4759],[123.1165,44.4065],[123.124,44.3936],[123.1682,44.3668],[123.1786,44.3524],[123.1845,44.3254],[123.1962,44.3009],[123.2169,44.2753],[123.2435,44.2206],[123.2576,44.2041],[123.2801,44.1927],[123.3234,44.1792],[123.3494,44.1644],[123.3591,44.1513],[123.3648,44.1228],[123.3591,44.0922],[123.3314,44.07],[123.3213,44.0561],[123.3223,44.0419],[123.3431,43.9929],[123.3988,43.9213],[123.4177,43.8898],[123.4713,43.7617],[123.4989,43.7218],[123.5222,43.697],[123.529,43.6735],[123.528,43.6368],[123.5167,43.612],[123.4942,43.5895],[123.4518,43.5997],[123.4186,43.6183],[123.4155,43.569],[123.3991,43.5634],[123.3614,43.5398],[123.3448,43.5093],[123.3477,43.4852],[123.3586,43.4675],[123.3781,43.4532],[123.4545,43.4374],[123.4999,43.4064],[123.5555,43.4003],[123.5706,43.3957],[123.6059,43.3651],[123.6275,43.3587],[123.6963,43.3535],[123.687,43.3683],[123.7066,43.4207],[123.7227,43.4355],[123.7487,43.4723],[123.782,43.4662],[123.8065,43.4542],[123.8519,43.4183],[123.9273,43.3731],[124.0064,43.3101],[124.0398,43.3019],[124.0786,43.304],[124.1214,43.2877],[124.1583,43.2583],[124.1762,43.2546],[124.2122,43.2567],[124.2363,43.2431],[124.2687,43.2344],[124.2819,43.226],[124.2924,43.206],[124.2958,43.1566],[124.3102,43.1443],[124.3942,43.1082],[124.415,43.0948],[124.4189,43.0819],[124.4043,43.0543],[124.375,43.0251],[124.3697,43.0123],[124.3759,42.9856],[124.3874,42.9717],[124.4345,42.9538],[124.4349,42.9431],[124.3835,42.9129],[124.3857,42.8848],[124.4535,42.8761],[124.4805,42.8513],[124.5196,42.8717],[124.6312,42.9571],[124.6732,42.999],[124.6792,43.0284],[124.6993,43.0592],[124.7657,43.1056],[124.799,43.1156],[124.8718,43.1178],[124.8856,43.1023],[124.8884,43.0867],[124.8683,43.0022],[124.8723,42.9597],[124.8603,42.8877],[124.8618,42.8547],[124.8752,42.816],[124.9024,42.8055],[124.9421,42.8037],[124.9679,42.7809],[124.9825,42.7247],[124.9732,42.6978],[124.9508,42.6717],[124.9592,42.653],[124.9925,42.6578],[125.0189,42.6469],[125.0367,42.6176],[125.0858,42.5873],[125.0958,42.5767],[125.0923,42.5383],[125.102,42.4939],[125.1882,42.4266],[125.2087,42.4058],[125.21,42.3936],[125.1979,42.3736],[125.1738,42.3547],[125.1794,42.3333],[125.2228,42.3162],[125.2695,42.309],[125.2852,42.2988],[125.2906,42.272],[125.284,42.2345],[125.3106,42.1993],[125.3186,42.1694],[125.3324,42.1647],[125.3788,42.1799],[125.4643,42.1612],[125.4805,42.1514],[125.4773,42.138],[125.4582,42.1054],[125.431,42.0832],[125.4199,42.0603],[125.4031,42.0437],[125.3734,42.0242],[125.3639,41.9945],[125.3414,41.9766],[125.2954,41.9572],[125.2909,41.9472],[125.3038,41.9233],[125.3026,41.9087],[125.2868,41.851],[125.2863,41.8259],[125.3246,41.7577],[125.3282,41.7474],[125.3218,41.7178],[125.3063,41.6804],[125.3472,41.6687],[125.387,41.6679],[125.4297,41.6823],[125.4495,41.6799],[125.4557,41.6184],[125.4699,41.5746],[125.5634,41.4108],[125.5987,41.3842],[125.6347,41.3415],[125.6435,41.3243],[125.6508,41.2863],[125.7027,41.2518],[125.7377,41.2452],[125.7515,41.2159],[125.7442,41.1833],[125.7477,41.17],[125.7683,41.1503],[125.7664,41.1395],[125.7291,41.1199],[125.723,41.1063],[125.7225,41.0738],[125.7011,41.02],[125.6917,41.0041],[125.6461,40.9763],[125.6098,40.9367],[125.5764,40.9126],[125.6002,40.8978],[125.6646,40.8988],[125.688,40.8928],[125.7041,40.8592],[125.7459,40.8682],[125.7609,40.8857],[125.7792,40.8846],[125.822,40.8698],[125.8317,40.8708],[125.8727,40.8927],[125.9015,40.8993],[125.9362,40.8774],[125.9643,40.8913],[125.9951,40.8941],[126.0153,40.9091],[125.9806,40.9136],[125.992,40.9284],[126.0286,40.9353],[126.0455,40.9447],[126.0658,40.9686],[126.0693,40.9894],[126.0837,41.0025],[126.1041,41.0092],[126.1013,41.0221],[126.1382,41.057],[126.1238,41.0755],[126.1474,41.0923],[126.2607,41.1431],[126.2844,41.1641],[126.3095,41.2078],[126.3573,41.2494],[126.3806,41.2908],[126.4409,41.3484],[126.4725,41.3665],[126.5013,41.3661],[126.4877,41.3444],[126.5221,41.3519],[126.5221,41.3776],[126.5013,41.4344],[126.5076,41.4472],[126.5422,41.489],[126.5588,41.5342],[126.5809,41.5752],[126.5665,41.6019],[126.567,41.6142],[126.6021,41.6421],[126.6179,41.6659],[126.6693,41.6671],[126.728,41.7013],[126.6871,41.724],[126.6795,41.736],[126.7125,41.7412],[126.7415,41.7292],[126.7714,41.7045],[126.7886,41.6959],[126.8089,41.7298],[126.8648,41.7473],[126.8871,41.7849],[126.9298,41.801],[126.9396,41.7937],[126.9461,41.7662],[126.9812,41.7633],[127.0332,41.7316],[127.0468,41.7192],[127.0766,41.6808],[127.0596,41.6822],[127.0455,41.668],[127.0494,41.6534],[127.074,41.6357],[127.1047,41.6262],[127.0972,41.6124],[127.1661,41.595],[127.1797,41.5852],[127.1365,41.5692],[127.118,41.5558],[127.1047,41.5374],[127.1282,41.5316],[127.1346,41.522],[127.1559,41.5305],[127.1797,41.517],[127.2071,41.5459],[127.2445,41.528],[127.2815,41.5311],[127.2898,41.5186],[127.2691,41.505],[127.3051,41.4947],[127.3442,41.4913],[127.3711,41.4981],[127.3885,41.496],[127.4051,41.4845],[127.4273,41.4831],[127.4741,41.4988],[127.5258,41.4843],[127.5429,41.4913],[127.5448,41.4689],[127.5588,41.4582],[127.5975,41.4503],[127.6383,41.4299],[127.6581,41.4466],[127.6903,41.439],[127.7846,41.4369],[127.8104,41.4436],[127.8489,41.4313],[127.8651,41.4374],[127.8719,41.4538],[127.9036,41.4663],[127.9442,41.4709],[127.9742,41.4503],[128.0014,41.4709],[128.0124,41.4601],[128.0115,41.4243],[128.0238,41.4115],[128.0506,41.4207],[128.0469,41.3988],[128.0642,41.3884],[128.0881,41.3889],[128.1039,41.3996],[128.1182,41.3934],[128.1039,41.3791],[128.1461,41.3763],[128.1857,41.4045],[128.2876,41.5447],[128.303,41.5834],[128.2833,41.6051],[128.2814,41.623],[128.269,41.6434],[128.2509,41.6601],[128.2241,41.6694],[128.1591,41.7118],[128.1443,41.7547],[128.097,41.8226],[128.091,41.8417],[128.0576,41.8499],[128.04,41.8796],[128.0204,41.9651],[128.0215,41.9798],[128.0346,41.9937],[128.0546,41.9983],[128.1005,41.9991],[128.262,42.0329],[128.3638,42.0265],[128.3871,42.0207],[128.4076,42.0083],[128.454,42.0103],[128.5024,41.9961],[128.5437,42.0081],[128.5644,42.0008],[128.6079,42.0302],[128.6825,42.0257],[128.7093,42.0302],[128.721,42.0476],[128.8171,42.0439],[128.9035,42.0263],[128.9401,42.0354],[128.9548,42.0752],[128.9638,42.0885],[129.0089,42.0951],[129.0266,42.1019],[129.0635,42.1361],[129.0647,42.1538],[129.0885,42.1432],[129.1198,42.1494],[129.148,42.1737],[129.2112,42.22],[129.2093,42.2347],[129.1869,42.236],[129.1834,42.2546],[129.2112,42.267],[129.2161,42.2911],[129.228,42.2977],[129.1939,42.3182],[129.2261,42.3181],[129.2423,42.3387],[129.228,42.3592],[129.2431,42.3787],[129.3038,42.3896],[129.3154,42.4223],[129.3265,42.4268],[129.3379,42.4144],[129.3521,42.4206],[129.3401,42.4455],[129.3631,42.445],[129.3862,42.4281],[129.4188,42.4411],[129.4341,42.4411],[129.4825,42.4107],[129.4889,42.4026],[129.5171,42.391],[129.5352,42.3696],[129.5542,42.3769],[129.5632,42.4041],[129.5877,42.4114],[129.5945,42.4222],[129.5917,42.448],[129.6335,42.4454],[129.6712,42.4379],[129.7033,42.4424],[129.7289,42.4759],[129.7336,42.5118],[129.7314,42.5509],[129.7365,42.5852],[129.7631,42.6062],[129.7462,42.6155],[129.7416,42.629],[129.7511,42.6429],[129.7767,42.6472],[129.7723,42.6617],[129.7865,42.6847],[129.7576,42.7036],[129.7556,42.7223],[129.7613,42.746],[129.7895,42.7925],[129.799,42.8367],[129.8342,42.9075],[129.8467,42.9282],[129.8517,42.9619],[129.8631,42.969],[129.907,42.9761],[129.8901,42.9828],[129.8798,42.996],[129.9092,43.0084],[129.9341,43.0084],[129.9813,42.9667],[130.0082,42.9606],[130.0473,42.9619],[130.0943,42.9769],[130.1215,42.9818],[130.1336,42.9727],[130.1225,42.9433],[130.0988,42.9215],[130.1404,42.9071],[130.1938,42.9082],[130.239,42.9022],[130.2565,42.8669],[130.2422,42.782],[130.243,42.7434],[130.2627,42.7086],[130.3171,42.6674],[130.3248,42.6503],[130.393,42.6062],[130.4205,42.6043],[130.43,42.5915],[130.4312,42.5615],[130.4525,42.5493],[130.4679,42.5549],[130.471,42.5698],[130.4551,42.5852],[130.4842,42.61],[130.5014,42.6108],[130.5165,42.5994],[130.5308,42.5305],[130.5676,42.5528],[130.5845,42.5689],[130.5843,42.5989],[130.5719,42.6218],[130.5511,42.6456],[130.5267,42.6658],[130.5039,42.6778],[130.4743,42.679],[130.4381,42.6753],[130.4038,42.6776],[130.3797,42.6967],[130.4072,42.7354],[130.491,42.7808],[130.5865,42.8173],[130.6491,42.8289],[130.731,42.8259],[130.748,42.8375],[130.7695,42.8658],[130.7943,42.8691],[130.8562,42.8498],[130.9924,42.8487],[131.0088,42.8869],[131.0239,42.8963],[131.074,42.8966],[131.103,42.9104],[131.0993,42.9354],[131.0828,42.9652],[131.0743,42.9934],[131.0752,43.0196],[131.0855,43.0421],[131.1199,43.059],[131.1266,43.0824],[131.1694,43.1078],[131.184,43.1208],[131.1899,43.1392],[131.1849,43.1563],[131.1672,43.1816],[131.1691,43.2017],[131.1931,43.2308],[131.2255,43.2519],[131.2377,43.2658],[131.242,43.2838],[131.2425,43.3214],[131.2479,43.3442],[131.2809,43.3802],[131.2778,43.4385],[131.2743,43.4512],[131.2528,43.4692]]]},"properties":{"name":"Jilin","name_en":"Jilin","name_ja":"吉林省","name_zh":"吉林省","name_ko":"지린성","adm0_a3":"CHN","postal":"JL","iso_3166_2":"CN-JL","type_en":"Province","region":"Northeast China","geonunit":"China"}},
{"type":"Feature","geometry":{"type":"MultiPolygon","coordinates":[[[[125.7041,40.8592],[125.688,40.8928],[125.6646,40.8988],[125.6002,40.8978],[125.5764,40.9126],[125.6098,40.9367],[125.6461,40.9763],[125.6917,41.0041],[125.7011,41.02],[125.7225,41.0738],[125.723,41.1063],[125.7291,41.1199],[125.7664,41.1395],[125.7683,41.1503],[125.7477,41.17],[125.7442,41.1833],[125.7515,41.2159],[125.7377,41.2452],[125.7027,41.2518],[125.6508,41.2863],[125.6435,41.3243],[125.6347,41.3415],[125.5987,41.3842],[125.5634,41.4108],[125.4699,41.5746],[125.4557,41.6184],[125.4495,41.6799],[125.4297,41.6823],[125.387,41.6679],[125.3472,41.6687],[125.3063,41.6804],[125.3218,41.7178],[125.3282,41.7474],[125.3246,41.7577],[125.2863,41.8259],[125.2868,41.851],[125.3026,41.9087],[125.3038,41.9233],[125.2909,41.9472],[125.2954,41.9572],[125.3414,41.9766],[125.3639,41.9945],[125.3734,42.0242],[125.4031,42.0437],[125.4199,42.0603],[125.431,42.0832],[125.4582,42.1054],[125.4773,42.138],[125.4805,42.1514],[125.4643,42.1612],[125.3788,42.1799],[125.3324,42.1647],[125.3186,42.1694],[125.3106,42.1993],[125.284,42.2345],[125.2906,42.272],[125.2852,42.2988],[125.2695,42.309],[125.2228,42.3162],[125.1794,42.3333],[125.1738,42.3547],[125.1979,42.3736],[125.21,42.3936],[125.2087,42.4058],[125.1882,42.4266],[125.102,42.4939],[125.0923,42.5383],[125.0958,42.5767],[125.0858,42.5873],[125.0367,42.6176],[125.0189,42.6469],[124.9925,42.6578],[124.9592,42.653],[124.9508,42.6717],[124.9732,42.6978],[124.9825,42.7247],[124.9679,42.7809],[124.9421,42.8037],[124.9024,42.8055],[124.8752,42.816],[124.8618,42.8547],[124.8603,42.8877],[124.8723,42.9597],[124.8683,43.0022],[124.8884,43.0867],[124.8856,43.1023],[124.8718,43.1178],[124.799,43.1156],[124.7657,43.1056],[124.6993,43.0592],[124.6792,43.0284],[124.6732,42.999],[124.6312,42.9571],[124.5196,42.8717],[124.4805,42.8513],[124.4535,42.8761],[124.3857,42.8848],[124.3835,42.9129],[124.4349,42.9431],[124.4345,42.9538],[124.3874,42.9717],[124.3759,42.9856],[124.3697,43.0123],[124.375,43.0251],[124.4043,43.0543],[124.4189,43.0819],[124.415,43.0948],[124.3942,43.1082],[124.3102,43.1443],[124.2958,43.1566],[124.2924,43.206],[124.2819,43.226],[124.2687,43.2344],[124.2363,43.2431],[124.2122,43.2567],[124.1762,43.2546],[124.1583,43.2583],[124.1214,43.2877],[124.0786,43.304],[124.0398,43.3019],[124.0064,43.3101],[123.9273,43.3731],[123.8519,43.4183],[123.8065,43.4542],[123.782,43.4662],[123.7487,43.4723],[123.7227,43.4355],[123.7066,43.4207],[123.687,43.3683],[123.6963,43.3535],[123.6969,43.317],[123.6702,43.2637],[123.6683,43.2279],[123.6546,43.2116],[123.6601,43.1784],[123.6344,43.1378],[123.6241,43.093],[123.612,43.0814],[123.3544,43.0123],[123.2998,43.0165],[123.2612,42.9988],[123.1933,42.955],[123.1819,42.9441],[123.1598,42.8649],[123.1313,42.8264],[123.059,42.7876],[123.0247,42.785],[122.9745,42.7879],[122.9283,42.7711],[122.8928,42.7449],[122.8766,42.7415],[122.7633,42.7323],[122.7279,42.741],[122.5716,42.8094],[122.5272,42.8342],[122.4764,42.8496],[122.392,42.8536],[122.3763,42.8482],[122.3646,42.8335],[122.3669,42.7991],[122.3825,42.7715],[122.4257,42.722],[122.4339,42.7026],[122.4255,42.675],[122.3996,42.6583],[122.2994,42.6365],[122.2558,42.6469],[122.1901,42.6845],[122.1199,42.6958],[122.0626,42.7196],[122.045,42.7209],[121.9659,42.6955],[121.9339,42.6734],[121.9183,42.6466],[121.9125,42.603],[121.8925,42.5585],[121.8778,42.5396],[121.7605,42.4869],[121.7389,42.4653],[121.7237,42.4577],[121.6461,42.4536],[121.629,42.4574],[121.6101,42.4711],[121.589,42.5004],[121.5829,42.5168],[121.5653,42.5317],[121.5444,42.5352],[121.4958,42.5223],[121.4678,42.5255],[121.3828,42.507],[121.3689,42.5],[121.0342,42.2601],[120.9977,42.2498],[120.9697,42.2612],[120.9319,42.2964],[120.9126,42.2966],[120.8388,42.2656],[120.7351,42.2279],[120.7008,42.2019],[120.6556,42.1724],[120.6279,42.1604],[120.5092,42.1487],[120.4888,42.1357],[120.486,42.1182],[120.4927,42.09],[120.4688,42.038],[120.4482,42.0154],[120.4309,42.0046],[120.3402,41.9658],[120.3108,41.9406],[120.2918,41.9117],[120.2609,41.8801],[120.1729,41.8171],[120.1408,41.7893],[120.1273,41.7569],[120.1222,41.7274],[120.1076,41.7065],[120.064,41.6998],[120.0362,41.7074],[120.0264,41.7338],[120.036,41.8058],[120.0365,41.8318],[120.0303,41.8606],[119.9855,41.9029],[119.98,41.9123],[119.9757,41.9556],[119.9602,41.9718],[119.8919,41.9995],[119.8841,42.0193],[119.8843,42.0526],[119.8757,42.0703],[119.8082,42.1202],[119.8011,42.1448],[119.845,42.1745],[119.8459,42.1875],[119.8215,42.2086],[119.762,42.2211],[119.6779,42.2274],[119.6442,42.2355],[119.6294,42.2505],[119.6275,42.2692],[119.6171,42.2905],[119.5866,42.3205],[119.5897,42.3449],[119.5628,42.3718],[119.5339,42.3899],[119.5117,42.3945],[119.4898,42.3522],[119.4737,42.3322],[119.4486,42.3165],[119.425,42.3165],[119.387,42.2993],[119.3547,42.2977],[119.3357,42.2894],[119.2692,42.2323],[119.2453,42.1919],[119.3114,42.1254],[119.3659,42.1005],[119.3742,42.0804],[119.3724,42.037],[119.3628,42.0149],[119.3309,41.9803],[119.3217,41.9654],[119.3308,41.8675],[119.3093,41.8419],[119.3061,41.8078],[119.2986,41.7773],[119.3072,41.7232],[119.308,41.6925],[119.3156,41.6578],[119.3449,41.6276],[119.3556,41.6083],[119.3811,41.5201],[119.3897,41.4726],[119.3885,41.4333],[119.3823,41.4095],[119.3616,41.375],[119.231,41.2734],[119.2155,41.2328],[119.1973,41.2069],[119.1635,41.1764],[119.1007,41.1418],[119.0478,41.0944],[119.0134,41.0804],[118.9648,41.0747],[118.9371,41.0605],[118.9274,41.0468],[118.9289,41.0297],[118.9397,41.0218],[118.9872,41.0096],[119.0083,40.9991],[119.0103,40.9763],[118.9893,40.9569],[118.966,40.9527],[118.9253,40.9638],[118.9022,40.9566],[118.8933,40.9223],[118.8769,40.8924],[118.8577,40.8691],[118.8483,40.8485],[118.8547,40.8206],[119.0412,40.6633],[119.0616,40.6514],[119.1239,40.6676],[119.1544,40.695],[119.1772,40.7044],[119.191,40.7004],[119.1958,40.6777],[119.1858,40.6414],[119.1898,40.6201],[119.2395,40.5596],[119.2724,40.5482],[119.2936,40.5307],[119.3275,40.5333],[119.4641,40.5323],[119.5284,40.5446],[119.5637,40.5401],[119.5759,40.512],[119.5918,40.4957],[119.5999,40.4769],[119.5924,40.4466],[119.5907,40.4156],[119.5801,40.3734],[119.5875,40.3461],[119.5983,40.3271],[119.6289,40.2891],[119.6383,40.2699],[119.6306,40.2198],[119.6347,40.2091],[119.7066,40.2149],[119.7426,40.2052],[119.7483,40.193],[119.7477,40.1436],[119.738,40.0995],[119.7654,40.063],[119.8159,40.037],[119.8321,40.0218],[119.8502,39.9863],[119.8755,39.9947],[119.912,39.9981],[119.9153,40.0362],[119.9503,40.0565],[120.1184,40.1],[120.1832,40.1232],[120.2613,40.1467],[120.309,40.1797],[120.358,40.1918],[120.436,40.1945],[120.472,40.2143],[120.4925,40.2313],[120.5049,40.2491],[120.5066,40.2733],[120.5013,40.2919],[120.5018,40.3269],[120.5346,40.3441],[120.5912,40.3673],[120.5884,40.3843],[120.5475,40.3762],[120.5391,40.3829],[120.5457,40.4024],[120.5621,40.4113],[120.5841,40.4137],[120.5974,40.4224],[120.597,40.45],[120.6041,40.4652],[120.6209,40.4744],[120.6591,40.4838],[120.6788,40.5219],[120.77,40.5858],[120.7984,40.5997],[120.8086,40.6184],[120.8253,40.674],[120.8478,40.6831],[120.8677,40.6787],[120.9402,40.6912],[120.9626,40.7093],[121.0207,40.7193],[121.0103,40.7309],[120.9758,40.7393],[120.9395,40.7405],[120.9363,40.7556],[120.9685,40.7836],[120.9632,40.8066],[120.991,40.8313],[121.0296,40.8265],[121.0499,40.7974],[121.0684,40.8034],[121.0657,40.8184],[121.0803,40.8284],[121.0799,40.863],[121.106,40.8732],[121.1306,40.8933],[121.1758,40.9223],[121.2003,40.9307],[121.2249,40.9271],[121.2447,40.9064],[121.2584,40.9206],[121.2739,40.903],[121.2993,40.8996],[121.3373,40.9282],[121.3613,40.9396],[121.3945,40.9242],[121.4298,40.9138],[121.4409,40.8913],[121.4502,40.8859],[121.5104,40.8794],[121.575,40.8415],[121.595,40.8459],[121.7396,40.8491],[121.7584,40.872],[121.7801,40.9079],[121.7777,40.935],[121.826,40.974],[121.8679,40.9958],[121.8748,40.9896],[121.8489,40.9584],[121.8259,40.9482],[121.8406,40.9138],[121.8438,40.8597],[121.8511,40.8323],[121.872,40.8151],[121.8972,40.8078],[122.0491,40.7461],[122.0671,40.7351],[122.1087,40.6995],[122.1218,40.6801],[122.1594,40.7016],[122.1707,40.6865],[122.168,40.6535],[122.1376,40.624],[122.1504,40.6039],[122.1765,40.5866],[122.2249,40.5785],[122.2756,40.5436],[122.294,40.523],[122.3019,40.5023],[122.2869,40.4887],[122.2881,40.4728],[122.2515,40.4539],[122.2501,40.4306],[122.2036,40.4272],[122.211,40.3806],[122.1803,40.3524],[122.1287,40.3259],[122.1061,40.3101],[122.1075,40.2622],[122.0916,40.2272],[122.0386,40.1964],[122.016,40.1881],[121.9915,40.187],[122.0064,40.1563],[121.9957,40.1239],[121.9331,40.1014],[121.9295,40.0773],[121.8805,40.0415],[121.8269,40.0225],[121.8648,40.0194],[121.881,40.008],[121.8738,39.9914],[121.8547,39.9852],[121.836,39.9711],[121.8097,39.965],[121.7997,39.94],[121.7744,39.9208],[121.7546,39.9183],[121.7071,39.9269],[121.6849,39.9225],[121.636,39.8967],[121.6161,39.8717],[121.5663,39.8588],[121.5359,39.8618],[121.5099,39.824],[121.4707,39.8102],[121.4776,39.7868],[121.4873,39.778],[121.4846,39.764],[121.4573,39.7485],[121.4639,39.7386],[121.4909,39.721],[121.5068,39.6943],[121.5184,39.6867],[121.5374,39.6925],[121.5474,39.6732],[121.5259,39.6527],[121.5396,39.639],[121.5259,39.6179],[121.4982,39.6529],[121.4639,39.6458],[121.4707,39.6321],[121.4498,39.6151],[121.3822,39.6013],[121.3265,39.6024],[121.3062,39.598],[121.26,39.5637],[121.2485,39.5434],[121.2234,39.5286],[121.2368,39.5147],[121.2727,39.5154],[121.3062,39.5018],[121.354,39.5222],[121.3995,39.5202],[121.436,39.5086],[121.4614,39.4737],[121.492,39.389],[121.5259,39.3647],[121.5489,39.3619],[121.7178,39.3715],[121.7078,39.3957],[121.7454,39.3979],[121.8307,39.3851],[121.8987,39.3994],[121.9312,39.4172],[121.943,39.3994],[121.9151,39.3954],[121.8655,39.3706],[121.8375,39.3647],[121.7798,39.3715],[121.7651,39.3654],[121.7313,39.3305],[121.7361,39.3118],[121.7178,39.2969],[121.6802,39.2752],[121.647,39.2649],[121.6419,39.2722],[121.612,39.275],[121.5899,39.2641],[121.6331,39.2362],[121.6263,39.2245],[121.6017,39.2213],[121.6079,39.2008],[121.5926,39.1922],[121.6067,39.1808],[121.6299,39.1732],[121.6419,39.1762],[121.6492,39.1581],[121.681,39.1364],[121.6898,39.1182],[121.6741,39.088],[121.6323,39.0695],[121.5465,39.0493],[121.4863,39.0196],[121.4673,39.0151],[121.4281,39.0147],[121.4033,39.0383],[121.3748,39.0442],[121.3523,39.0381],[121.3342,39.0266],[121.3268,39.012],[121.3403,38.9776],[121.3343,38.9686],[121.2918,38.9674],[121.2568,38.9497],[121.2195,38.9405],[121.202,38.9429],[121.1795,38.9543],[121.1179,38.9434],[121.0862,38.9057],[121.0904,38.8991],[121.1485,38.8991],[121.1524,38.8863],[121.1145,38.8581],[121.1113,38.8403],[121.1349,38.8098],[121.1393,38.7895],[121.1145,38.7681],[121.1324,38.7587],[121.1531,38.7276],[121.1795,38.7209],[121.1985,38.7279],[121.2447,38.7756],[121.2175,38.7756],[121.2367,38.7985],[121.2876,38.7881],[121.3447,38.8146],[121.3801,38.8166],[121.485,38.8099],[121.4989,38.8146],[121.5527,38.8581],[121.5811,38.863],[121.6548,38.8579],[121.6761,38.8712],[121.6963,38.8629],[121.7048,38.8731],[121.7036,38.8919],[121.6936,38.9096],[121.6592,38.9263],[121.6182,38.9264],[121.5874,38.9401],[121.5921,38.9487],[121.6289,38.9543],[121.6526,38.9634],[121.6578,38.9839],[121.6358,38.9953],[121.6709,39.0077],[121.7105,39.0067],[121.7388,39.0015],[121.7201,39.0195],[121.7247,39.0302],[121.7449,39.0335],[121.7725,39.022],[121.8115,38.9728],[121.8479,38.9475],[121.8599,38.9446],[121.8875,38.9624],[121.8953,38.981],[121.8801,38.997],[121.838,39.0151],[121.8269,39.0363],[121.8794,39.0274],[121.9232,39.009],[121.9129,39.0307],[121.8884,39.0425],[121.9043,39.0494],[121.943,39.0363],[121.9593,39.0405],[121.988,39.0629],[122.0423,39.0597],[122.0513,39.0671],[122.0393,39.0909],[122.0479,39.0992],[122.0733,39.1046],[122.1275,39.142],[122.1627,39.1461],[122.1358,39.1581],[122.1045,39.1591],[122.1167,39.1887],[122.115,39.2008],[122.1986,39.2512],[122.2402,39.2856],[122.2515,39.3237],[122.2674,39.318],[122.2901,39.351],[122.3189,39.362],[122.3447,39.382],[122.3833,39.3957],[122.3963,39.411],[122.447,39.4124],[122.4956,39.4272],[122.5401,39.454],[122.5554,39.456],[122.561,39.468],[122.5532,39.4814],[122.5621,39.4868],[122.5879,39.467],[122.6366,39.5085],[122.6484,39.5324],[122.6768,39.5154],[122.7108,39.536],[122.7798,39.5605],[122.7882,39.5723],[122.8486,39.6179],[122.8716,39.6058],[122.9449,39.6197],[122.9641,39.6116],[122.9924,39.6367],[122.9963,39.6496],[122.9776,39.6588],[123.0091,39.6805],[123.0398,39.6731],[123.0581,39.6748],[123.108,39.6901],[123.1284,39.6649],[123.1743,39.6658],[123.2232,39.6798],[123.2659,39.7011],[123.2551,39.7241],[123.2064,39.7347],[123.21,39.755],[123.249,39.7482],[123.2654,39.7541],[123.2635,39.7676],[123.2359,39.8024],[123.252,39.8171],[123.2642,39.7973],[123.2732,39.8102],[123.3141,39.7761],[123.3394,39.7849],[123.3867,39.7896],[123.4036,39.8102],[123.4031,39.8236],[123.4171,39.8245],[123.4212,39.8132],[123.4104,39.7966],[123.4104,39.7352],[123.4277,39.7266],[123.4456,39.737],[123.4815,39.7797],[123.5132,39.7978],[123.5332,39.7966],[123.5637,39.7709],[123.5914,39.7843],[123.6226,39.8717],[123.631,39.904],[123.6567,39.9195],[123.6431,39.8786],[123.6697,39.8566],[123.7201,39.8306],[123.773,39.8183],[123.8076,39.8376],[123.8604,39.8244],[123.9107,39.8245],[123.9421,39.8406],[123.9857,39.8102],[124.041,39.8245],[124.0669,39.8362],[124.0881,39.8519],[124.1182,39.8332],[124.1372,39.8424],[124.155,39.8613],[124.2022,39.8786],[124.2664,39.9269],[124.2867,39.9293],[124.2991,39.9404],[124.3079,39.9611],[124.3523,39.999],[124.364,40.0209],[124.3569,40.0763],[124.3582,40.0891],[124.3856,40.1105],[124.5282,40.2141],[124.5487,40.2209],[124.5549,40.2414],[124.6112,40.2722],[124.6426,40.2943],[124.693,40.3028],[124.7125,40.3103],[124.723,40.3267],[124.7412,40.3704],[124.8008,40.3941],[124.8499,40.4316],[124.8838,40.4655],[124.8955,40.4836],[124.9179,40.4611],[124.9596,40.4537],[124.9866,40.4574],[125.0263,40.4574],[125.0463,40.4711],[125.0153,40.5083],[125.0251,40.5344],[125.0736,40.548],[125.1146,40.5641],[125.1531,40.584],[125.2561,40.615],[125.2772,40.6436],[125.3082,40.6498],[125.3367,40.6411],[125.3636,40.6467],[125.3909,40.6325],[125.4133,40.6318],[125.4189,40.6666],[125.4437,40.6687],[125.4563,40.6797],[125.4598,40.7013],[125.4691,40.7129],[125.4916,40.7209],[125.5331,40.7218],[125.5533,40.7371],[125.5601,40.7783],[125.5865,40.7819],[125.6099,40.7613],[125.6687,40.7622],[125.6826,40.7689],[125.6733,40.7841],[125.6448,40.8106],[125.6832,40.8479],[125.7041,40.8592]]],[[[122.3213,39.166],[122.334,39.1463],[122.3763,39.1606],[122.3889,39.1523],[122.4026,39.1591],[122.3889,39.1871],[122.4026,39.2138],[122.3548,39.1956],[122.3306,39.1801],[122.3213,39.166]]],[[[122.636,39.2343],[122.636,39.228],[122.6975,39.2213],[122.6907,39.1933],[122.7256,39.21],[122.7395,39.2222],[122.742,39.2361],[122.7186,39.2419],[122.6621,39.2327],[122.636,39.2343]]],[[[122.6844,39.2622],[122.6439,39.2785],[122.5847,39.2844],[122.5466,39.2969],[122.5051,39.2969],[122.5335,39.2717],[122.5862,39.258],[122.6431,39.2551],[122.6844,39.2622]]],[[[121.4225,39.4745],[121.3884,39.4745],[121.3526,39.4824],[121.3313,39.4758],[121.311,39.4479],[121.2659,39.4336],[121.2595,39.3915],[121.273,39.3851],[121.2962,39.3914],[121.3406,39.4403],[121.3753,39.4424],[121.3796,39.4249],[121.3361,39.3874],[121.3369,39.3774],[121.3532,39.3732],[121.4035,39.3706],[121.4217,39.3737],[121.4336,39.3858],[121.432,39.4243],[121.4163,39.4403],[121.4431,39.4411],[121.4505,39.4503],[121.4424,39.4629],[121.4225,39.4745]]],[[[122.9644,39.5154],[122.9797,39.4993],[123.0057,39.4973],[123.03,39.5079],[123.0401,39.5297],[123.0176,39.5445],[122.9898,39.5495],[122.968,39.5411],[122.9644,39.5154]]],[[[123.1807,39.0919],[123.1681,39.0839],[123.1436,39.0809],[123.1592,39.0717],[123.1452,39.0433],[123.1607,39.0292],[123.1956,39.0521],[123.1958,39.0653],[123.1807,39.0919]]]]},"properties":{"name":"Liaoning","name_en":"Liaoning","name_ja":"遼寧省","name_zh":"辽宁省","name_ko":"랴오닝성","adm0_a3":"CHN","postal":"LN","iso_3166_2":"CN-LN","type_en":"Province","region":"Northeast China","geonunit":"China"}},
{"type":"Feature","geometry":{"type":"MultiPolygon","coordinates":[[[[105.5213,23.1631],[105.5348,23.1363],[105.5353,23.0941],[105.5397,23.0755],[105.5516,23.0597],[105.566,23.0541],[105.6368,23.0513],[105.665,23.0434],[105.6903,23.044],[105.7197,23.0196],[105.7547,23.0057],[105.7794,22.9761],[105.8357,22.9172],[105.8539,22.9047],[105.8701,22.9231],[105.8866,22.9298],[105.9132,22.9244],[105.9448,22.9277],[105.974,22.9399],[105.99,22.9706],[105.9992,22.9754],[106.0776,22.981],[106.1321,22.975],[106.17,22.966],[106.2024,22.947],[106.223,22.9124],[106.2271,22.8756],[106.234,22.8639],[106.2766,22.851],[106.3157,22.8538],[106.458,22.889],[106.4737,22.8971],[106.478,22.9196],[106.4878,22.9254],[106.5169,22.9154],[106.567,22.9038],[106.5817,22.8953],[106.5992,22.865],[106.6104,22.8529],[106.6327,22.8496],[106.6479,22.867],[106.6675,22.8675],[106.6851,22.8482],[106.7149,22.8261],[106.731,22.8001],[106.7451,22.7972],[106.7898,22.7972],[106.7987,22.7844],[106.7915,22.7721],[106.7466,22.7443],[106.7396,22.7268],[106.7355,22.6954],[106.6977,22.6309],[106.6802,22.5795],[106.6679,22.5691],[106.6463,22.5688],[106.6301,22.5801],[106.6076,22.61],[106.588,22.6078],[106.5688,22.5746],[106.5459,22.4725],[106.5303,22.4493],[106.5269,22.4278],[106.5345,22.3975],[106.5365,22.3605],[106.5418,22.3451],[106.5553,22.332],[106.5775,22.3246],[106.6173,22.3228],[106.6338,22.3094],[106.6397,22.2967],[106.6629,22.2233],[106.6605,22.2134],[106.6397,22.1909],[106.6424,22.1761],[106.6613,22.1436],[106.6584,22.1201],[106.6722,22.0925],[106.673,22.0661],[106.6679,22.0427],[106.6482,21.9955],[106.6496,21.9776],[106.6589,21.9628],[106.6746,21.9622],[106.6897,21.9729],[106.7224,22.007],[106.7483,21.9999],[106.761,21.9851],[106.7815,21.975],[106.8405,21.9736],[106.8648,21.9681],[106.8769,21.9573],[106.8988,21.9278],[106.9204,21.917],[106.9377,21.92],[106.9712,21.9358],[106.9919,21.9354],[107.0094,21.9274],[107.0202,21.9129],[107.0211,21.8923],[107.0118,21.8756],[106.9871,21.8448],[106.9891,21.8243],[107.0029,21.8106],[107.0658,21.7958],[107.0948,21.779],[107.1724,21.7151],[107.2121,21.7052],[107.2439,21.7152],[107.2727,21.7183],[107.3032,21.6887],[107.3297,21.616],[107.3482,21.5994],[107.3829,21.6189],[107.41,21.6454],[107.426,21.6521],[107.4459,21.6469],[107.457,21.6315],[107.461,21.5964],[107.4912,21.5841],[107.5099,21.5818],[107.5331,21.6087],[107.551,21.6108],[107.6132,21.6056],[107.6719,21.6176],[107.6903,21.6247],[107.7294,21.652],[107.7448,21.6575],[107.7779,21.656],[107.8324,21.6394],[107.8555,21.6003],[107.8961,21.5694],[107.931,21.5342],[107.9442,21.5308],[107.9912,21.4857],[107.9912,21.4801],[107.9653,21.4473],[107.9707,21.4316],[108.0166,21.4704],[108.0432,21.4816],[108.0806,21.4857],[108.0806,21.4931],[108.061,21.4962],[108.0222,21.4857],[108.0112,21.5065],[108.0274,21.5233],[107.9912,21.5484],[108.0023,21.5543],[108.032,21.5519],[108.0569,21.536],[108.0711,21.5366],[108.077,21.5455],[108.0663,21.562],[108.1058,21.5591],[108.1148,21.5751],[108.1323,21.5654],[108.1353,21.5819],[108.158,21.5715],[108.1764,21.5758],[108.2103,21.603],[108.2041,21.603],[108.2088,21.6239],[108.1973,21.6365],[108.2103,21.6439],[108.2103,21.6303],[108.2383,21.6439],[108.2268,21.6256],[108.2525,21.5953],[108.245,21.5644],[108.2103,21.5136],[108.211,21.5006],[108.2264,21.508],[108.2586,21.5341],[108.2838,21.5447],[108.2896,21.564],[108.314,21.5819],[108.314,21.5893],[108.2935,21.5893],[108.3008,21.6072],[108.314,21.616],[108.3065,21.6303],[108.3276,21.6303],[108.3128,21.6518],[108.3114,21.6817],[108.3215,21.7097],[108.3413,21.7258],[108.3377,21.6975],[108.386,21.6729],[108.4097,21.6781],[108.4238,21.6986],[108.4236,21.6794],[108.4097,21.6645],[108.4234,21.6633],[108.471,21.6713],[108.471,21.6645],[108.4481,21.6581],[108.4437,21.6439],[108.4273,21.6391],[108.4164,21.6234],[108.4276,21.6167],[108.4437,21.6234],[108.4387,21.5942],[108.4319,21.5832],[108.4164,21.5819],[108.4209,21.5942],[108.4067,21.6002],[108.3906,21.5954],[108.3897,21.5751],[108.4021,21.5598],[108.42,21.5569],[108.471,21.562],[108.458,21.5751],[108.4712,21.5812],[108.4635,21.5955],[108.4785,21.6061],[108.4915,21.6234],[108.5051,21.603],[108.4891,21.6076],[108.4818,21.5995],[108.4812,21.5819],[108.5188,21.5955],[108.512,21.6092],[108.5269,21.6142],[108.5331,21.6303],[108.512,21.6365],[108.512,21.6439],[108.536,21.638],[108.5469,21.6431],[108.553,21.6576],[108.5393,21.6501],[108.5452,21.6661],[108.5654,21.6785],[108.5598,21.6986],[108.5188,21.6713],[108.5188,21.6986],[108.5331,21.7191],[108.5201,21.7126],[108.5051,21.6713],[108.5051,21.6917],[108.4778,21.6986],[108.4778,21.7054],[108.5051,21.7128],[108.4969,21.7259],[108.4635,21.7402],[108.4915,21.7402],[108.4913,21.7577],[108.5051,21.7879],[108.4971,21.809],[108.4883,21.8148],[108.4778,21.8078],[108.471,21.8221],[108.4846,21.8221],[108.4557,21.8488],[108.4487,21.8658],[108.4573,21.8883],[108.458,21.9177],[108.4778,21.945],[108.4607,21.8871],[108.4631,21.863],[108.4915,21.8563],[108.4784,21.8664],[108.4849,21.8771],[108.5188,21.8903],[108.5051,21.9108],[108.5256,21.9046],[108.5457,21.9238],[108.553,21.9518],[108.5598,21.9388],[108.5733,21.9518],[108.5738,21.9355],[108.553,21.9177],[108.5537,21.9038],[108.5703,21.8934],[108.5877,21.8979],[108.5945,21.9177],[108.6355,21.8842],[108.6221,21.8711],[108.6006,21.8306],[108.5714,21.8128],[108.5694,21.7944],[108.5806,21.7813],[108.6075,21.7879],[108.5938,21.7548],[108.5945,21.7402],[108.6287,21.7464],[108.6292,21.7561],[108.615,21.7879],[108.6355,21.7743],[108.6422,21.7969],[108.6423,21.8221],[108.6492,21.8221],[108.656,21.7948],[108.6697,21.8153],[108.677,21.8153],[108.6731,21.798],[108.6556,21.7782],[108.6463,21.7514],[108.6654,21.7519],[108.6832,21.7402],[108.6492,21.7333],[108.6543,21.7235],[108.6746,21.7154],[108.6832,21.7054],[108.6941,21.7121],[108.7112,21.7464],[108.7249,21.7464],[108.7247,21.7297],[108.7154,21.7091],[108.7127,21.6884],[108.7385,21.6713],[108.7516,21.6917],[108.7516,21.6501],[108.7332,21.6624],[108.7112,21.6576],[108.7112,21.6501],[108.7276,21.6448],[108.7335,21.6127],[108.7459,21.6203],[108.7727,21.6234],[108.7874,21.6414],[108.7965,21.6439],[108.834,21.628],[108.8499,21.626],[108.8614,21.6439],[108.8211,21.6439],[108.8386,21.668],[108.8343,21.6857],[108.7931,21.7128],[108.7999,21.7258],[108.7796,21.7258],[108.7999,21.7333],[108.7931,21.7538],[108.8121,21.7524],[108.8167,21.7164],[108.8347,21.7258],[108.8435,21.745],[108.8425,21.7681],[108.8326,21.7838],[108.8142,21.7812],[108.8211,21.801],[108.7796,21.8153],[108.8014,21.8183],[108.8408,21.8116],[108.8614,21.8153],[108.8507,21.8005],[108.8552,21.7812],[108.8695,21.801],[108.8757,21.801],[108.8614,21.76],[108.8757,21.7538],[108.8863,21.7672],[108.9031,21.7743],[108.8975,21.76],[108.9241,21.7668],[108.9166,21.7538],[108.886,21.7504],[108.8655,21.7397],[108.8695,21.7054],[108.8552,21.6943],[108.8552,21.685],[108.8695,21.6713],[108.8916,21.6727],[108.9017,21.6652],[108.9207,21.622],[108.9446,21.6092],[108.9702,21.6064],[109.0138,21.6154],[109.0484,21.6369],[109.0667,21.6439],[109.0667,21.6365],[109.0464,21.603],[109.0667,21.616],[109.0776,21.597],[109.1011,21.6092],[109.1161,21.5906],[109.1358,21.603],[109.1421,21.5535],[109.1426,21.5102],[109.1328,21.4959],[109.0601,21.4801],[109.0437,21.4663],[109.0398,21.4503],[109.0501,21.4372],[109.0964,21.4252],[109.1387,21.4016],[109.1563,21.4038],[109.1446,21.418],[109.1494,21.4385],[109.1571,21.4235],[109.172,21.4175],[109.2146,21.4174],[109.2271,21.4722],[109.2388,21.4857],[109.2388,21.4316],[109.2586,21.4447],[109.2776,21.437],[109.2989,21.4433],[109.3155,21.4591],[109.3208,21.4801],[109.3352,21.4582],[109.3438,21.4535],[109.4244,21.4524],[109.4382,21.4551],[109.4546,21.4818],[109.4722,21.4993],[109.4658,21.4829],[109.4722,21.4658],[109.4859,21.4743],[109.5308,21.4916],[109.5609,21.5267],[109.5609,21.5683],[109.5728,21.5817],[109.5299,21.6357],[109.4647,21.6576],[109.4647,21.6645],[109.4847,21.658],[109.5064,21.6577],[109.521,21.6658],[109.5199,21.685],[109.5062,21.685],[109.4927,21.6986],[109.5677,21.76],[109.575,21.7457],[109.5945,21.7464],[109.5945,21.7402],[109.5679,21.72],[109.5608,21.7073],[109.5677,21.6986],[109.5609,21.6713],[109.5759,21.6594],[109.5853,21.6308],[109.6155,21.6501],[109.603,21.6206],[109.6109,21.6115],[109.6128,21.5898],[109.608,21.5751],[109.636,21.5683],[109.6253,21.5854],[109.6372,21.6016],[109.677,21.6234],[109.6702,21.603],[109.677,21.5751],[109.6682,21.5596],[109.6599,21.5281],[109.6497,21.5205],[109.7086,21.4833],[109.7415,21.474],[109.7595,21.4931],[109.7732,21.4931],[109.7603,21.5116],[109.7478,21.5452],[109.7481,21.5749],[109.7438,21.5796],[109.7459,21.6487],[109.7611,21.66],[109.7962,21.6347],[109.8266,21.6372],[109.894,21.6611],[109.9173,21.6872],[109.9501,21.8409],[109.9672,21.8667],[109.9854,21.8715],[110.0355,21.8719],[110.0522,21.8746],[110.0903,21.8954],[110.1058,21.8985],[110.1424,21.8974],[110.1781,21.8891],[110.2161,21.8745],[110.2439,21.8802],[110.2991,21.897],[110.3559,21.889],[110.3692,21.8909],[110.3773,21.9034],[110.3745,21.9326],[110.3803,21.9515],[110.351,21.9781],[110.344,21.9922],[110.3449,22.0248],[110.3555,22.1008],[110.3511,22.1372],[110.3305,22.1771],[110.3336,22.1905],[110.3784,22.1904],[110.4003,22.203],[110.4141,22.1983],[110.4667,22.151],[110.4763,22.1459],[110.4988,22.1473],[110.5234,22.1704],[110.5393,22.18],[110.564,22.1766],[110.591,22.1602],[110.6095,22.1622],[110.6424,22.1835],[110.6445,22.2223],[110.6708,22.2676],[110.6956,22.28],[110.7325,22.2678],[110.766,22.2715],[110.7746,22.2837],[110.7632,22.3129],[110.7503,22.3281],[110.697,22.3687],[110.6963,22.3865],[110.704,22.428],[110.6951,22.4471],[110.6787,22.4669],[110.6823,22.4836],[110.7147,22.4746],[110.7268,22.4846],[110.7335,22.5108],[110.7454,22.5354],[110.7434,22.5562],[110.7546,22.5802],[110.7857,22.5652],[110.7993,22.5704],[110.8231,22.5906],[110.8699,22.5938],[110.8893,22.6076],[110.9313,22.6171],[110.9438,22.649],[110.9556,22.6543],[110.9749,22.6524],[110.9983,22.6397],[111.0238,22.6387],[111.058,22.6651],[111.0798,22.6923],[111.0791,22.7144],[111.052,22.735],[111.066,22.7406],[111.1815,22.7485],[111.1923,22.7518],[111.2313,22.7869],[111.2772,22.8185],[111.3222,22.8822],[111.3512,22.9082],[111.3566,22.9247],[111.3608,22.9738],[111.3797,22.9827],[111.3926,23.0202],[111.411,23.0526],[111.4117,23.0724],[111.405,23.0841],[111.3841,23.0995],[111.372,23.1221],[111.37,23.1391],[111.3825,23.1686],[111.3842,23.2001],[111.3777,23.2138],[111.3737,23.2431],[111.3628,23.273],[111.3692,23.3118],[111.3653,23.3415],[111.3912,23.4313],[111.4465,23.5118],[111.4693,23.5579],[111.4715,23.5812],[111.4664,23.6022],[111.471,23.6132],[111.4904,23.6258],[111.5504,23.6514],[111.6012,23.658],[111.6218,23.6757],[111.6297,23.6937],[111.6263,23.7127],[111.6137,23.73],[111.6137,23.7599],[111.6303,23.8064],[111.6575,23.8417],[111.6971,23.847],[111.7171,23.8443],[111.7503,23.8321],[111.7754,23.8325],[111.7933,23.8492],[111.8079,23.9092],[111.8229,23.9282],[111.8681,23.9496],[111.8835,23.9645],[111.9019,24.0016],[111.8948,24.0399],[111.8785,24.0814],[111.8757,24.0985],[111.878,24.1527],[111.8748,24.1749],[111.8628,24.1983],[111.8693,24.2318],[111.9057,24.2495],[111.9348,24.2738],[111.9759,24.2768],[111.9893,24.2942],[112.0366,24.3329],[112.0521,24.359],[112.0473,24.3815],[112.0094,24.4419],[111.9909,24.4659],[111.9876,24.4993],[112.0029,24.5337],[112.0055,24.5531],[111.9761,24.5642],[111.9333,24.6014],[111.923,24.6331],[111.9277,24.6468],[111.9432,24.6607],[111.9325,24.6863],[111.9325,24.6983],[111.9545,24.7186],[111.9874,24.7286],[111.9966,24.7357],[111.9871,24.7588],[111.941,24.7736],[111.926,24.7749],[111.892,24.7635],[111.8571,24.7645],[111.797,24.7604],[111.6671,24.7797],[111.6363,24.7598],[111.6158,24.707],[111.5844,24.705],[111.5687,24.6998],[111.5329,24.6553],[111.5169,24.6427],[111.5015,24.6473],[111.4758,24.6667],[111.4382,24.6753],[111.4282,24.681],[111.4291,24.6984],[111.4586,24.7492],[111.4736,24.7929],[111.4696,24.8202],[111.4446,24.8458],[111.4409,24.859],[111.4499,24.8839],[111.4425,24.9168],[111.4297,24.9434],[111.432,24.9625],[111.4569,25.0014],[111.4619,25.0195],[111.4486,25.0363],[111.4215,25.0524],[111.4145,25.0698],[111.4269,25.1062],[111.4153,25.1229],[111.3886,25.1348],[111.3732,25.1338],[111.3343,25.1153],[111.3181,25.112],[111.2843,25.1427],[111.2744,25.1477],[111.2505,25.1348],[111.1709,25.065],[111.1258,25.0445],[111.1143,25.0267],[111.0959,24.9747],[111.079,24.9442],[111.0471,24.9211],[111.0306,24.918],[111.0063,24.9355],[110.9937,24.9649],[110.9655,24.9999],[110.9546,25.0253],[110.9581,25.0624],[110.9732,25.0935],[110.9932,25.1508],[111.0106,25.1645],[111.0416,25.1695],[111.0615,25.1786],[111.099,25.2137],[111.1138,25.2386],[111.1107,25.2765],[111.1169,25.2863],[111.1371,25.2953],[111.1538,25.3139],[111.1642,25.3649],[111.1796,25.3787],[111.1999,25.3879],[111.2381,25.3933],[111.2538,25.3991],[111.2827,25.43],[111.2921,25.4709],[111.3158,25.5032],[111.3211,25.5203],[111.3177,25.5449],[111.3262,25.5906],[111.3242,25.6018],[111.305,25.6392],[111.3051,25.6532],[111.3171,25.6754],[111.3177,25.7181],[111.3237,25.7298],[111.3611,25.7345],[111.4113,25.8026],[111.4161,25.8415],[111.4224,25.8569],[111.4725,25.8907],[111.4736,25.8991],[111.451,25.9065],[111.4566,25.9216],[111.4466,25.9267],[111.4083,25.9079],[111.3425,25.9039],[111.3174,25.909],[111.3031,25.8965],[111.2997,25.8684],[111.2785,25.8611],[111.2562,25.869],[111.2286,25.8928],[111.2021,25.9303],[111.1943,25.9575],[111.2019,25.9957],[111.2317,26.0629],[111.2468,26.132],[111.2567,26.2101],[111.277,26.2502],[111.2519,26.2797],[111.2372,26.2844],[111.2163,26.2822],[111.1634,26.2997],[111.1233,26.306],[111.0388,26.3443],[111.001,26.3537],[110.9645,26.3852],[110.9473,26.3899],[110.9355,26.3825],[110.9256,26.3619],[110.9147,26.3159],[110.9065,26.293],[110.8789,26.2752],[110.724,26.2743],[110.6975,26.2888],[110.7009,26.3168],[110.6886,26.3323],[110.6408,26.3383],[110.5771,26.3508],[110.5541,26.3412],[110.5511,26.3255],[110.556,26.3013],[110.5449,26.2795],[110.5462,26.2501],[110.5365,26.2249],[110.4846,26.1716],[110.4316,26.168],[110.4097,26.164],[110.3831,26.1513],[110.3528,26.1266],[110.3417,26.1127],[110.299,26.021],[110.2808,25.9987],[110.247,25.9782],[110.2223,25.9833],[110.2063,26.0112],[110.1812,26.0392],[110.1646,26.047],[110.1382,26.0517],[110.0813,26.0389],[110.0336,26.0365],[110.0239,26.0575],[110.0276,26.0736],[110.0578,26.1246],[110.062,26.1499],[110.0431,26.1633],[110.0017,26.1697],[109.9784,26.1887],[109.9585,26.1954],[109.9273,26.1971],[109.9117,26.1812],[109.8639,26.0776],[109.8384,26.045],[109.8041,26.0371],[109.7813,26.0238],[109.7715,25.9998],[109.7868,25.9442],[109.7857,25.9262],[109.772,25.9082],[109.7126,25.8902],[109.6766,25.8891],[109.6575,25.8986],[109.6538,25.9163],[109.6743,25.9634],[109.6723,25.9853],[109.6239,26.0362],[109.6032,26.0527],[109.566,26.0385],[109.5228,26.0394],[109.4879,26.05],[109.4567,26.0389],[109.3991,25.9985],[109.3871,25.9813],[109.3855,25.9601],[109.4033,25.9346],[109.398,25.9132],[109.3556,25.876],[109.3368,25.8248],[109.3125,25.7854],[109.3004,25.7431],[109.2812,25.7309],[109.2561,25.7283],[109.2286,25.7384],[109.2162,25.7529],[109.1824,25.8033],[109.1625,25.8044],[109.1633,25.7709],[109.1486,25.7507],[109.128,25.7494],[109.1116,25.7664],[109.1042,25.796],[109.0854,25.8054],[109.0145,25.7874],[108.9854,25.785],[108.9533,25.7757],[108.9265,25.7603],[108.8709,25.7075],[108.8616,25.6896],[108.8655,25.6581],[108.8783,25.6503],[108.9007,25.6565],[108.9527,25.6914],[108.9798,25.7043],[109.0267,25.7198],[109.0413,25.7204],[109.0442,25.7091],[109.028,25.6517],[109.0244,25.595],[109.0402,25.5643],[109.0414,25.5434],[109.032,25.5326],[109.0035,25.5141],[108.9836,25.515],[108.9412,25.5488],[108.9281,25.5504],[108.8511,25.539],[108.7913,25.5225],[108.7741,25.5219],[108.7657,25.5424],[108.7737,25.5739],[108.7678,25.5989],[108.7454,25.6134],[108.7257,25.6125],[108.6946,25.602],[108.6596,25.5764],[108.6423,25.5503],[108.6405,25.5297],[108.6568,25.5121],[108.6517,25.501],[108.6011,25.4834],[108.5793,25.4679],[108.568,25.4472],[108.5679,25.4159],[108.6011,25.3778],[108.6035,25.3434],[108.5985,25.3113],[108.5749,25.3273],[108.5418,25.3806],[108.5271,25.3987],[108.5182,25.4179],[108.496,25.4474],[108.4444,25.4826],[108.4211,25.5087],[108.4048,25.5149],[108.3564,25.5149],[108.3389,25.5201],[108.3116,25.5371],[108.2934,25.5387],[108.2817,25.507],[108.2599,25.4923],[108.2338,25.4825],[108.2167,25.4696],[108.1967,25.4359],[108.1709,25.4131],[108.1418,25.3983],[108.1318,25.3864],[108.1328,25.3437],[108.1292,25.2688],[108.1177,25.2442],[108.1025,25.2301],[108.0678,25.2131],[108.0561,25.2114],[107.9666,25.209],[107.9253,25.1923],[107.8871,25.1574],[107.8619,25.146],[107.8032,25.1462],[107.776,25.153],[107.7619,25.2012],[107.745,25.2263],[107.7338,25.2266],[107.7095,25.2154],[107.6982,25.205],[107.6769,25.206],[107.6745,25.2343],[107.6491,25.2528],[107.6416,25.2675],[107.6474,25.3064],[107.6347,25.3115],[107.6226,25.3005],[107.6122,25.2736],[107.5779,25.2644],[107.5529,25.2501],[107.5358,25.2307],[107.5133,25.2169],[107.4989,25.2141],[107.4736,25.2195],[107.4654,25.2431],[107.4781,25.2645],[107.4772,25.28],[107.4469,25.2889],[107.4241,25.3031],[107.4122,25.3211],[107.4067,25.342],[107.4056,25.3737],[107.3979,25.3873],[107.3684,25.4031],[107.335,25.4082],[107.3139,25.4238],[107.3157,25.4475],[107.3274,25.4702],[107.3067,25.5015],[107.2671,25.5407],[107.2442,25.5586],[107.2227,25.5584],[107.1928,25.5362],[107.1656,25.5268],[107.1288,25.5233],[107.0779,25.5284],[107.0621,25.5172],[107.0219,25.498],[107.0048,25.4633],[106.9746,25.4404],[106.9721,25.4252],[106.9803,25.398],[107.0146,25.3534],[107.0113,25.304],[106.9955,25.2554],[106.9707,25.2347],[106.9632,25.2502],[106.9448,25.2562],[106.9093,25.2484],[106.9004,25.2166],[106.886,25.197],[106.7852,25.1797],[106.7044,25.1795],[106.6668,25.1735],[106.6407,25.153],[106.617,25.127],[106.5871,25.1044],[106.5045,25.0714],[106.4567,25.0361],[106.381,25.0119],[106.3706,25.0044],[106.3066,24.9815],[106.2274,24.9815],[106.2141,24.9788],[106.1973,24.9604],[106.1677,24.9646],[106.1557,24.9604],[106.1816,24.921],[106.1987,24.8768],[106.1994,24.8299],[106.1762,24.7822],[106.1511,24.7598],[106.0839,24.7153],[106.0595,24.6935],[106.0364,24.6548],[106.0207,24.6419],[106.0012,24.6485],[105.9316,24.7184],[105.9165,24.7287],[105.8708,24.7344],[105.852,24.7293],[105.8257,24.709],[105.8057,24.7071],[105.7877,24.7157],[105.7607,24.7429],[105.7286,24.7533],[105.6753,24.7897],[105.6551,24.7807],[105.6365,24.7842],[105.5932,24.8107],[105.5422,24.8102],[105.5086,24.8175],[105.4791,24.8372],[105.4581,24.8664],[105.4444,24.9236],[105.4308,24.9341],[105.3807,24.9571],[105.3608,24.9534],[105.3327,24.9405],[105.2894,24.9332],[105.2672,24.9382],[105.249,24.971],[105.2059,25.0039],[105.1887,25.0088],[105.1772,25.0014],[105.1637,24.9788],[105.1395,24.9719],[105.1001,24.9543],[105.067,24.9126],[105.0481,24.8954],[105.0393,24.8551],[105.0245,24.8146],[105.0125,24.7975],[104.9739,24.7827],[104.9321,24.7711],[104.8897,24.7654],[104.8767,24.755],[104.8519,24.7058],[104.8253,24.6883],[104.781,24.6796],[104.7293,24.6314],[104.6952,24.6618],[104.6405,24.6767],[104.6303,24.6829],[104.5824,24.7285],[104.556,24.7454],[104.5399,24.7418],[104.512,24.7184],[104.4946,24.6982],[104.4831,24.6658],[104.4847,24.636],[104.5019,24.5782],[104.5616,24.4734],[104.5693,24.4434],[104.5992,24.4025],[104.667,24.3398],[104.6895,24.3295],[104.7061,24.3282],[104.7252,24.3383],[104.7287,24.3642],[104.696,24.4033],[104.6929,24.4274],[104.6994,24.4487],[104.7151,24.4588],[104.7527,24.4683],[104.7745,24.4619],[104.8594,24.4537],[104.8821,24.4468],[104.9088,24.4299],[104.9412,24.4184],[104.9611,24.4164],[104.9829,24.4244],[105.0158,24.4289],[105.0608,24.4307],[105.0934,24.4269],[105.113,24.4098],[105.1212,24.3692],[105.1412,24.3461],[105.1669,24.3284],[105.1762,24.3099],[105.1737,24.2273],[105.1787,24.2001],[105.1699,24.1674],[105.1731,24.1506],[105.1909,24.1256],[105.253,24.0855],[105.2829,24.0741],[105.2964,24.0887],[105.2863,24.1243],[105.2967,24.1294],[105.3203,24.1181],[105.3508,24.093],[105.3797,24.0756],[105.407,24.0637],[105.4318,24.0419],[105.4472,24.0376],[105.4936,24.0501],[105.5205,24.1162],[105.5321,24.1263],[105.5575,24.1304],[105.5924,24.141],[105.6185,24.1353],[105.6365,24.1094],[105.6409,24.0825],[105.6522,24.07],[105.6847,24.0546],[105.7352,24.047],[105.771,24.0252],[105.788,24.0207],[105.8331,24.0272],[105.8722,24.0247],[105.8843,24.0343],[105.8859,24.063],[105.9106,24.0815],[105.9708,24.0877],[106.0005,24.1128],[106.0211,24.1109],[106.0064,24.0727],[106.0152,24.0594],[106.0875,24.0143],[106.1401,23.9885],[106.1574,23.9737],[106.1443,23.949],[106.1452,23.9347],[106.1938,23.8694],[106.2,23.8479],[106.187,23.8328],[106.1497,23.8261],[106.1368,23.8172],[106.1341,23.7967],[106.1522,23.7504],[106.1494,23.7175],[106.1363,23.6741],[106.1379,23.622],[106.1281,23.5407],[106.1207,23.5268],[106.0844,23.5123],[106.0561,23.483],[106.0162,23.472],[105.983,23.469],[105.9592,23.4747],[105.8852,23.5173],[105.848,23.5194],[105.8308,23.5028],[105.8207,23.4826],[105.7735,23.4504],[105.7458,23.4138],[105.7234,23.4002],[105.6977,23.3989],[105.6921,23.3898],[105.7017,23.3593],[105.6924,23.3474],[105.6705,23.3453],[105.6401,23.3568],[105.6289,23.3473],[105.6271,23.3047],[105.6188,23.2847],[105.5566,23.2319],[105.5273,23.1976],[105.5213,23.1631]]],[[[109.1009,21.0212],[109.1277,21.0322],[109.1362,21.051],[109.1227,21.0654],[109.0999,21.0607],[109.0905,21.0419],[109.1009,21.0212]]]]},"properties":{"name":"Guangxi","name_en":"Guangxi","name_ja":"広西チワン族自治区","name_zh":"广西壮族自治区","name_ko":"광시 좡족 자치구","adm0_a3":"CHN","postal":"GX","iso_3166_2":"CN-GX","type_en":"Autonomous Region","region":"South Central China","geonunit":"China"}},
{"type":"Feature","geometry":{"type":"MultiPolygon","coordinates":[[[[109.7481,21.5749],[109.7732,21.5819],[109.7651,21.5634],[109.7701,21.5516],[109.7833,21.5464],[109.8005,21.5546],[109.7991,21.4986],[109.8027,21.4733],[109.8211,21.4584],[109.8352,21.4801],[109.8277,21.4931],[109.8414,21.5068],[109.859,21.4828],[109.887,21.4815],[109.9444,21.4931],[109.9444,21.4857],[109.9273,21.4798],[109.9246,21.465],[109.9334,21.4538],[109.9513,21.4584],[109.9405,21.4372],[109.9176,21.4138],[109.9048,21.3907],[109.9241,21.3703],[109.9241,21.3628],[109.8414,21.3559],[109.8074,21.3559],[109.7998,21.3329],[109.7869,21.3287],[109.7837,21.3483],[109.7657,21.3559],[109.7739,21.3187],[109.7735,21.2997],[109.7657,21.2877],[109.7703,21.2713],[109.7732,21.2154],[109.7467,21.1797],[109.752,21.1641],[109.7364,21.169],[109.7202,21.1834],[109.6959,21.1701],[109.6702,21.1232],[109.6856,21.1066],[109.7,21.083],[109.7098,21.0572],[109.7117,21.0338],[109.6975,21.0406],[109.6807,20.9945],[109.679,20.9739],[109.6913,20.9587],[109.6612,20.9276],[109.6656,20.8809],[109.6895,20.8354],[109.7179,20.8078],[109.7044,20.842],[109.739,20.8078],[109.7315,20.855],[109.7378,20.8654],[109.753,20.8637],[109.7595,20.8489],[109.752,20.842],[109.7732,20.8215],[109.7603,20.8078],[109.7581,20.7928],[109.7732,20.7669],[109.7564,20.7497],[109.7603,20.73],[109.7869,20.6911],[109.801,20.7063],[109.8294,20.7079],[109.8547,20.7199],[109.8619,20.7082],[109.8414,20.6844],[109.8277,20.698],[109.8059,20.6795],[109.7852,20.6796],[109.7752,20.6862],[109.7516,20.6737],[109.7517,20.6454],[109.7459,20.6298],[109.7759,20.6313],[109.802,20.6163],[109.8189,20.5891],[109.8211,20.5546],[109.8277,20.5546],[109.8414,20.5956],[109.8482,20.5956],[109.8414,20.5472],[109.8257,20.5428],[109.8196,20.5235],[109.8352,20.5063],[109.8497,20.5009],[109.8828,20.4977],[109.9029,20.4842],[109.9172,20.4448],[109.927,20.4549],[109.9309,20.5063],[109.9436,20.4607],[109.9581,20.4516],[109.9649,20.4783],[109.9723,20.4645],[110.0098,20.4342],[110.0155,20.4184],[109.9854,20.3721],[109.9824,20.3515],[109.9749,20.3546],[109.9581,20.3827],[109.9458,20.3957],[109.8961,20.4311],[109.888,20.414],[109.8628,20.4063],[109.8899,20.3827],[109.8741,20.3763],[109.8858,20.3664],[109.9172,20.3523],[109.9309,20.3178],[109.9241,20.2734],[109.9146,20.2485],[109.9249,20.2383],[109.9444,20.2561],[109.9509,20.2722],[109.9658,20.281],[109.9923,20.2865],[110.006,20.2803],[110.0271,20.3008],[110.0576,20.2964],[110.0698,20.2778],[110.0931,20.2706],[110.1096,20.253],[110.1275,20.248],[110.1878,20.253],[110.1966,20.2703],[110.2372,20.275],[110.2564,20.2694],[110.2803,20.253],[110.294,20.2629],[110.3443,20.2792],[110.3621,20.3049],[110.4,20.3008],[110.4068,20.3052],[110.4585,20.3623],[110.4754,20.3977],[110.5023,20.4127],[110.5154,20.4348],[110.5342,20.4783],[110.5115,20.5279],[110.4952,20.5532],[110.4789,20.5677],[110.4517,20.5677],[110.4085,20.5859],[110.3919,20.6068],[110.397,20.6161],[110.3806,20.6338],[110.3628,20.6223],[110.3628,20.6434],[110.3394,20.6315],[110.3145,20.6365],[110.3284,20.6527],[110.3281,20.6776],[110.3008,20.6571],[110.3088,20.684],[110.3294,20.7072],[110.3375,20.7258],[110.3076,20.739],[110.3076,20.7532],[110.3321,20.7679],[110.333,20.7788],[110.3213,20.7943],[110.3418,20.8215],[110.3482,20.803],[110.3486,20.7464],[110.369,20.7197],[110.3836,20.7134],[110.397,20.7185],[110.4094,20.751],[110.4027,20.7901],[110.3862,20.826],[110.369,20.8489],[110.3611,20.8359],[110.3486,20.8489],[110.3418,20.842],[110.3358,20.8588],[110.3197,20.8599],[110.2871,20.842],[110.2117,20.8405],[110.1915,20.8358],[110.1915,20.8489],[110.1567,20.8489],[110.1619,20.8622],[110.1567,20.8768],[110.1773,20.8625],[110.1541,20.9064],[110.1493,20.924],[110.1548,20.9773],[110.1431,20.9923],[110.1567,20.986],[110.1841,21.0338],[110.1956,21.0713],[110.2046,21.0822],[110.2056,21.0494],[110.2102,21.0346],[110.2218,21.0327],[110.2693,21.0892],[110.2803,21.0959],[110.3338,21.1164],[110.3474,21.1332],[110.3941,21.1625],[110.4032,21.2085],[110.4099,21.2238],[110.3849,21.2711],[110.3628,21.2877],[110.3663,21.3061],[110.3567,21.3192],[110.3281,21.3355],[110.345,21.3389],[110.3827,21.3218],[110.3765,21.3355],[110.3895,21.3287],[110.3944,21.364],[110.3721,21.403],[110.3585,21.4357],[110.3895,21.4521],[110.3895,21.4447],[110.369,21.4249],[110.401,21.387],[110.4195,21.3774],[110.4312,21.3975],[110.4373,21.3975],[110.4239,21.3416],[110.4339,21.3088],[110.4653,21.3485],[110.4653,21.3287],[110.4863,21.3355],[110.4863,21.3287],[110.4448,21.3076],[110.4448,21.3013],[110.4732,21.2955],[110.4863,21.3013],[110.4789,21.2734],[110.4663,21.2834],[110.4373,21.2939],[110.4243,21.2877],[110.4373,21.2734],[110.4258,21.2692],[110.4373,21.2392],[110.4243,21.1915],[110.4312,21.1915],[110.4632,21.2121],[110.4815,21.2172],[110.5887,21.2256],[110.5752,21.2467],[110.617,21.2297],[110.6365,21.2302],[110.6433,21.2529],[110.6157,21.3012],[110.6167,21.3454],[110.6356,21.381],[110.7273,21.4189],[110.76,21.4447],[110.7664,21.4447],[110.7554,21.4134],[110.7246,21.4031],[110.6924,21.3992],[110.6716,21.3813],[110.6365,21.3703],[110.6318,21.3554],[110.6419,21.3373],[110.6433,21.3218],[110.6555,21.3428],[110.6776,21.3485],[110.6629,21.3372],[110.6548,21.3146],[110.6509,21.2604],[110.6571,21.2604],[110.6763,21.3096],[110.7048,21.3485],[110.744,21.3826],[110.7682,21.3975],[110.7905,21.4038],[110.8298,21.3922],[110.8694,21.3847],[110.9172,21.4059],[110.9412,21.4221],[110.9659,21.4328],[110.9929,21.4249],[111.0249,21.4565],[111.0437,21.4694],[111.0686,21.4726],[111.0586,21.4831],[111.0269,21.4793],[111.0169,21.4581],[110.9954,21.4453],[110.9797,21.4521],[111.0013,21.4629],[111.0139,21.4857],[111.0022,21.4899],[110.9957,21.5076],[110.9859,21.5136],[111.0233,21.5278],[111.0276,21.5409],[111.0344,21.5315],[111.0755,21.5136],[111.0794,21.4979],[111.1077,21.4958],[111.1238,21.5068],[111.13,21.4931],[111.0884,21.4801],[111.0884,21.4726],[111.134,21.4716],[111.1436,21.4658],[111.1616,21.4764],[111.2263,21.4993],[111.2136,21.5057],[111.1842,21.5058],[111.1716,21.4993],[111.1716,21.5136],[111.158,21.5205],[111.2063,21.5321],[111.2127,21.5205],[111.2322,21.5246],[111.3013,21.4993],[111.2691,21.4521],[111.2529,21.4447],[111.2673,21.4394],[111.2925,21.4506],[111.3443,21.4875],[111.3628,21.5068],[111.4043,21.5267],[111.3765,21.5327],[111.3497,21.5267],[111.3628,21.5412],[111.3878,21.5414],[111.438,21.5341],[111.4155,21.5577],[111.4121,21.5763],[111.4322,21.603],[111.4441,21.5636],[111.4553,21.5512],[111.4727,21.5546],[111.4671,21.5294],[111.4761,21.5136],[111.5045,21.5182],[111.5272,21.5341],[111.5379,21.5205],[111.5567,21.5224],[111.5956,21.5341],[111.582,21.5555],[111.5819,21.5819],[111.5911,21.5758],[111.6065,21.5446],[111.6305,21.5299],[111.6514,21.5409],[111.6658,21.5587],[111.6904,21.6038],[111.7129,21.6234],[111.7284,21.6164],[111.7879,21.616],[111.7725,21.6352],[111.7469,21.6439],[111.7737,21.6501],[111.7796,21.6754],[111.7725,21.7055],[111.7606,21.7258],[111.6956,21.7614],[111.6781,21.7812],[111.7009,21.7684],[111.7258,21.7668],[111.7579,21.7533],[111.7879,21.76],[111.794,21.7445],[111.8069,21.7433],[111.8351,21.7668],[111.8289,21.7492],[111.8294,21.7287],[111.8362,21.717],[111.8494,21.7258],[111.8695,21.7167],[111.8767,21.6986],[111.8538,21.7074],[111.8423,21.699],[111.8389,21.6781],[111.8679,21.6767],[111.8843,21.6828],[111.9041,21.7017],[111.9146,21.7191],[111.992,21.7638],[112.0003,21.7743],[111.9751,21.7762],[111.9464,21.7859],[111.9207,21.8],[111.9041,21.8153],[111.8958,21.8371],[111.8906,21.8674],[111.8904,21.9251],[111.9119,21.9136],[111.9341,21.8904],[111.9517,21.865],[111.9692,21.824],[111.9932,21.8342],[112.0188,21.8598],[112.0344,21.8842],[112.0413,21.8842],[112.0374,21.8625],[112.013,21.8346],[112.0071,21.8187],[112.013,21.8044],[112.0472,21.795],[112.0855,21.7961],[112.1727,21.8144],[112.1926,21.8432],[112.2009,21.8267],[112.2031,21.8067],[112.199,21.7868],[112.1824,21.753],[112.1969,21.7423],[112.2268,21.7296],[112.2449,21.7065],[112.2862,21.7088],[112.3633,21.7333],[112.388,21.7561],[112.3928,21.7851],[112.4043,21.8115],[112.398,21.8506],[112.3884,21.8623],[112.3906,21.9012],[112.3701,21.9388],[112.3565,21.9797],[112.3575,22.0054],[112.3648,22.0345],[112.3782,22.0584],[112.3975,22.0685],[112.3928,22.0563],[112.3763,21.9866],[112.3906,21.9555],[112.4048,21.9429],[112.4363,21.9456],[112.4937,21.9661],[112.4815,21.9446],[112.4242,21.9178],[112.4111,21.9012],[112.4151,21.8685],[112.426,21.8452],[112.4432,21.8284],[112.5509,21.7729],[112.5791,21.7668],[112.608,21.7751],[112.6331,21.7958],[112.6476,21.8227],[112.6451,21.8494],[112.6856,21.8699],[112.7061,21.8918],[112.7305,21.8903],[112.7376,21.8969],[112.7437,21.932],[112.7886,21.9518],[112.8004,21.9472],[112.826,21.9661],[112.8408,21.9609],[112.859,21.9325],[112.8794,21.8752],[112.9116,21.8563],[112.9571,21.8757],[112.9796,21.9012],[112.9894,21.9373],[113.0167,21.9425],[113.0286,21.9611],[113.019,21.977],[113.0227,22.0025],[113.0183,22.0212],[113.0161,22.0577],[113.0221,22.1011],[113.0206,22.126],[113.0266,22.1432],[113.0579,22.1211],[113.0773,22.1473],[113.0851,22.2076],[113.1106,22.2193],[113.1133,22.1874],[113.1275,22.161],[113.1182,22.1437],[113.1245,22.1311],[113.1106,22.0992],[113.1189,22.0658],[113.1396,22.0369],[113.1575,22.0247],[113.1783,22.0409],[113.1947,22.0464],[113.2306,22.0432],[113.2472,22.0543],[113.2559,22.0827],[113.2466,22.1035],[113.2634,22.137],[113.2822,22.1454],[113.3027,22.1833],[113.3255,22.1837],[113.3508,22.1715],[113.402,22.1796],[113.354,22.2436],[113.3285,22.2685],[113.303,22.3098],[113.2273,22.4253],[113.1892,22.4626],[113.1656,22.4787],[113.1585,22.5067],[113.1653,22.5756],[113.1776,22.5641],[113.2319,22.4791],[113.2427,22.4575],[113.2556,22.4039],[113.2764,22.3721],[113.3032,22.3437],[113.3516,22.3083],[113.3602,22.2932],[113.3645,22.2678],[113.4119,22.2255],[113.4256,22.1862],[113.4592,22.158],[113.4837,22.1551],[113.4972,22.1716],[113.5299,22.2023],[113.523,22.213],[113.5386,22.2217],[113.5529,22.219],[113.5612,22.2337],[113.5877,22.2379],[113.59,22.2534],[113.5772,22.2666],[113.5736,22.3007],[113.5923,22.3161],[113.5995,22.3505],[113.6104,22.3702],[113.5816,22.3713],[113.5581,22.3808],[113.5516,22.3958],[113.5464,22.4376],[113.5625,22.4804],[113.5947,22.5234],[113.5992,22.5752],[113.5638,22.6144],[113.553,22.6385],[113.5163,22.6714],[113.4763,22.6999],[113.4536,22.7257],[113.395,22.7482],[113.3775,22.7674],[113.426,22.7494],[113.4395,22.7394],[113.4519,22.7551],[113.4942,22.7748],[113.44,22.8041],[113.4259,22.8158],[113.3679,22.8807],[113.3504,22.8897],[113.2922,22.8773],[113.2581,22.8978],[113.213,22.9045],[113.213,22.912],[113.3076,22.8941],[113.3365,22.8978],[113.4299,22.9313],[113.4737,22.9182],[113.484,22.9243],[113.481,22.9357],[113.4912,22.954],[113.5038,22.9898],[113.5023,23.0204],[113.4812,23.0515],[113.4514,23.0623],[113.4193,23.0655],[113.3987,23.0833],[113.4175,23.097],[113.4452,23.0893],[113.4942,23.0628],[113.5247,23.0666],[113.5509,23.0879],[113.5933,23.1107],[113.6265,23.118],[113.6739,23.1505],[113.7031,23.1578],[113.7198,23.1553],[113.7611,23.1379],[113.7979,23.1343],[113.8301,23.1175],[113.7844,23.1317],[113.7581,23.1216],[113.7202,23.1379],[113.692,23.1326],[113.6372,23.1091],[113.5821,23.0985],[113.5564,23.0841],[113.5364,23.0631],[113.5283,23.038],[113.5327,22.9958],[113.554,22.9876],[113.583,23.0212],[113.5838,22.9785],[113.5762,22.9387],[113.5867,22.9536],[113.5992,23.0092],[113.6172,23.0349],[113.6051,23.0014],[113.6041,22.9735],[113.5951,22.9448],[113.5967,22.9182],[113.6091,22.9629],[113.6121,22.9947],[113.6307,23.0349],[113.6382,23.0349],[113.6244,22.9992],[113.6113,22.9338],[113.5923,22.8891],[113.6104,22.9045],[113.6023,22.8664],[113.6056,22.8472],[113.6172,22.8362],[113.6101,22.862],[113.6172,22.8903],[113.6326,22.8531],[113.6553,22.8192],[113.6626,22.7981],[113.6536,22.7587],[113.6724,22.7469],[113.6846,22.7469],[113.6997,22.7612],[113.7444,22.7612],[113.7581,22.7534],[113.7647,22.7348],[113.7729,22.6724],[113.7936,22.6616],[113.7992,22.631],[113.8224,22.5872],[113.8438,22.562],[113.8799,22.5367],[113.8939,22.5211],[113.8662,22.5115],[113.8744,22.4782],[113.8903,22.4527],[113.9097,22.4776],[113.9103,22.4858],[113.9478,22.4904],[113.9519,22.5238],[113.9638,22.5381],[113.9993,22.5306],[114.0553,22.5069],[114.0584,22.517],[114.0797,22.5237],[114.0915,22.5344],[114.1171,22.5276],[114.1289,22.5381],[114.1487,22.5381],[114.162,22.5605],[114.183,22.5562],[114.2207,22.5551],[114.2383,22.5599],[114.2762,22.588],[114.3022,22.583],[114.3053,22.5942],[114.3285,22.6055],[114.3403,22.5979],[114.3956,22.6135],[114.4243,22.6017],[114.4385,22.583],[114.4404,22.5687],[114.4557,22.5705],[114.4796,22.5462],[114.487,22.5219],[114.4764,22.5094],[114.4768,22.4899],[114.4851,22.4683],[114.5016,22.4521],[114.5158,22.4526],[114.5422,22.478],[114.5705,22.4843],[114.6075,22.5044],[114.6177,22.5141],[114.6116,22.5287],[114.5933,22.5419],[114.5548,22.5573],[114.5432,22.5694],[114.5296,22.5551],[114.502,22.5508],[114.4954,22.562],[114.5139,22.5873],[114.5291,22.5983],[114.5609,22.6088],[114.5776,22.6359],[114.5903,22.6439],[114.5825,22.6553],[114.5482,22.6445],[114.5066,22.6465],[114.4996,22.6531],[114.5238,22.6872],[114.5221,22.706],[114.5523,22.6945],[114.5711,22.7024],[114.5633,22.7327],[114.6025,22.7405],[114.6172,22.7501],[114.6378,22.7551],[114.6455,22.767],[114.6838,22.7813],[114.6955,22.7926],[114.7167,22.7908],[114.7341,22.7758],[114.7549,22.7817],[114.7698,22.8105],[114.7848,22.8159],[114.817,22.8004],[114.8213,22.7906],[114.8132,22.7748],[114.802,22.7734],[114.7525,22.7497],[114.742,22.7327],[114.7389,22.7106],[114.7538,22.6934],[114.75,22.6787],[114.7375,22.669],[114.7425,22.647],[114.7438,22.6094],[114.7541,22.5897],[114.7746,22.5977],[114.8064,22.5925],[114.8322,22.6021],[114.8658,22.6017],[114.8868,22.5909],[114.8892,22.5729],[114.8802,22.5591],[114.896,22.5475],[114.9191,22.5612],[114.9052,22.5784],[114.9019,22.5981],[114.9249,22.6387],[114.9387,22.6573],[114.9666,22.6765],[114.9553,22.6848],[114.9372,22.7095],[114.91,22.7236],[114.8904,22.7141],[114.8781,22.7296],[114.8819,22.7475],[114.8625,22.7632],[114.8891,22.7637],[114.9031,22.7489],[114.9168,22.744],[114.9268,22.7612],[114.9417,22.7539],[114.9566,22.7157],[114.9598,22.6961],[114.9853,22.6893],[114.9988,22.7022],[115.0289,22.7084],[115.0308,22.7173],[115.0178,22.737],[115.0366,22.7537],[115.0457,22.7759],[115.0655,22.796],[115.1117,22.8022],[115.1329,22.8115],[115.1506,22.8096],[115.1583,22.7924],[115.1803,22.7848],[115.1729,22.8212],[115.196,22.8319],[115.2173,22.8349],[115.2315,22.8301],[115.2456,22.8354],[115.2722,22.8738],[115.2922,22.8953],[115.3171,22.9045],[115.3094,22.8694],[115.3248,22.8596],[115.303,22.8386],[115.2586,22.8205],[115.2328,22.8053],[115.2334,22.7882],[115.2891,22.7916],[115.3306,22.7885],[115.364,22.7636],[115.3862,22.7829],[115.4112,22.7883],[115.4241,22.762],[115.3889,22.7469],[115.3507,22.7469],[115.3385,22.7331],[115.3482,22.7174],[115.3735,22.6942],[115.3943,22.6897],[115.4213,22.6902],[115.4383,22.7006],[115.4648,22.701],[115.5362,22.6681],[115.5752,22.6683],[115.5642,22.6849],[115.5625,22.7056],[115.5901,22.7372],[115.5862,22.7451],[115.5673,22.7473],[115.5556,22.7144],[115.5239,22.7418],[115.527,22.767],[115.539,22.7889],[115.5913,22.8475],[115.6121,22.8636],[115.6006,22.8619],[115.5779,22.8432],[115.5594,22.8361],[115.5304,22.8383],[115.5056,22.8493],[115.468,22.8493],[115.468,22.8568],[115.4942,22.8608],[115.4961,22.8803],[115.483,22.9018],[115.4642,22.912],[115.437,22.8978],[115.4185,22.9077],[115.406,22.925],[115.4383,22.9204],[115.4509,22.9319],[115.4683,22.9265],[115.5056,22.8978],[115.5476,22.8954],[115.533,22.862],[115.5399,22.8529],[115.5606,22.8493],[115.5779,22.8773],[115.6533,22.8937],[115.6831,22.9243],[115.692,22.929],[115.7303,22.9342],[115.7213,22.9045],[115.7052,22.9074],[115.6825,22.8882],[115.6843,22.8778],[115.7036,22.8693],[115.697,22.8507],[115.7369,22.8517],[115.7632,22.8415],[115.8099,22.8083],[115.8147,22.7861],[115.8065,22.7783],[115.795,22.8003],[115.788,22.7978],[115.7978,22.7544],[115.81,22.7461],[115.826,22.7466],[115.8432,22.77],[115.8835,22.7946],[115.9037,22.7894],[115.9333,22.806],[115.958,22.8047],[115.9661,22.8172],[115.9967,22.8367],[116.0118,22.838],[116.0479,22.8518],[116.0762,22.8679],[116.0873,22.8897],[116.0713,22.8978],[116.0419,22.9223],[116.0421,22.9329],[116.087,22.9066],[116.1237,22.8947],[116.0913,22.8684],[116.0847,22.8498],[116.0957,22.8259],[116.1297,22.8391],[116.171,22.8645],[116.221,22.919],[116.2462,22.9316],[116.2815,22.9579],[116.2694,22.9666],[116.2523,22.9591],[116.2349,22.9603],[116.201,22.9735],[116.2136,22.9828],[116.2623,22.9737],[116.2891,22.9789],[116.2985,22.9632],[116.3383,22.9519],[116.353,22.9381],[116.3796,22.929],[116.4263,22.9374],[116.4585,22.9474],[116.4947,22.9394],[116.5185,22.9675],[116.5219,22.9984],[116.5479,23.006],[116.5633,23.0188],[116.5548,23.0361],[116.5485,23.0664],[116.5517,23.0867],[116.5336,23.1091],[116.5451,23.1448],[116.5699,23.1777],[116.6015,23.1966],[116.6029,23.2177],[116.564,23.223],[116.527,23.2006],[116.5093,23.2164],[116.5089,23.2341],[116.57,23.247],[116.6115,23.2387],[116.6181,23.2215],[116.6152,23.1783],[116.6468,23.163],[116.6712,23.2146],[116.6893,23.2297],[116.7151,23.2438],[116.709,23.2585],[116.6792,23.2714],[116.6672,23.2813],[116.7056,23.2766],[116.7313,23.2577],[116.7542,23.2334],[116.7839,23.2124],[116.8048,23.2361],[116.7771,23.2404],[116.7656,23.2974],[116.7486,23.3263],[116.7301,23.3308],[116.7271,23.3161],[116.7094,23.3198],[116.6912,23.339],[116.661,23.3372],[116.6419,23.3188],[116.6084,23.3205],[116.588,23.3161],[116.573,23.3237],[116.5332,23.3619],[116.5232,23.3775],[116.5217,23.4112],[116.5317,23.4226],[116.5535,23.4143],[116.5689,23.391],[116.6578,23.3545],[116.6929,23.3599],[116.7466,23.3492],[116.7732,23.3494],[116.8666,23.4502],[116.8726,23.4738],[116.8543,23.4974],[116.8497,23.5113],[116.855,23.5249],[116.8755,23.5471],[116.8862,23.5731],[116.8721,23.6069],[116.8775,23.6184],[116.9007,23.6343],[116.9089,23.6546],[116.9275,23.6645],[116.9409,23.6587],[116.9176,23.6379],[116.9276,23.6247],[116.9507,23.6109],[116.9651,23.6154],[116.9854,23.6402],[117.0183,23.6479],[117.0234,23.6587],[117.0684,23.6513],[117.0779,23.6388],[117.076,23.6046],[117.0836,23.589],[117.0784,23.5646],[117.0842,23.5506],[117.0995,23.5543],[117.1285,23.5724],[117.1508,23.6069],[117.1746,23.6163],[117.159,23.6407],[117.1367,23.6599],[117.0938,23.6785],[117.0749,23.6904],[117.0533,23.7113],[117.0365,23.7383],[116.9985,23.8702],[116.974,23.914],[116.9553,23.9947],[116.9386,24.0172],[116.9248,24.0776],[116.9275,24.1062],[116.9411,24.1444],[116.9575,24.1648],[116.9677,24.1851],[116.9633,24.2069],[116.9428,24.239],[116.894,24.3672],[116.8824,24.394],[116.8493,24.4198],[116.8319,24.4433],[116.824,24.4809],[116.7569,24.5256],[116.7493,24.5334],[116.7486,24.5515],[116.7568,24.5969],[116.7747,24.6463],[116.7678,24.6669],[116.7453,24.6709],[116.6599,24.6696],[116.6038,24.6558],[116.5748,24.6435],[116.5296,24.6154],[116.5097,24.6182],[116.501,24.6286],[116.4782,24.6854],[116.4617,24.7108],[116.4329,24.7396],[116.385,24.8116],[116.3809,24.8337],[116.3721,24.8413],[116.3434,24.8385],[116.3066,24.8179],[116.2747,24.8074],[116.2577,24.8172],[116.2563,24.8398],[116.2466,24.8439],[116.1937,24.8513],[116.1651,24.8513],[116.1147,24.8461],[116.0916,24.8522],[116.052,24.8744],[116.0357,24.8936],[116.0228,24.8969],[115.988,24.8942],[115.9533,24.9125],[115.9355,24.9163],[115.8875,24.9168],[115.9061,24.8846],[115.9034,24.8716],[115.8852,24.8702],[115.836,24.8758],[115.8113,24.8726],[115.7873,24.8609],[115.7584,24.8291],[115.7537,24.8116],[115.7576,24.7897],[115.7491,24.7477],[115.7559,24.7284],[115.7755,24.7052],[115.7823,24.6851],[115.7803,24.6461],[115.7826,24.623],[115.7992,24.5727],[115.797,24.5641],[115.7559,24.5594],[115.7058,24.5457],[115.6836,24.5535],[115.6515,24.5846],[115.5992,24.6091],[115.5643,24.652],[115.5582,24.6666],[115.5411,24.6855],[115.5024,24.7057],[115.4857,24.72],[115.4541,24.7655],[115.4385,24.7793],[115.4206,24.7846],[115.3927,24.7801],[115.3413,24.7631],[115.3328,24.7467],[115.293,24.7634],[115.2639,24.7591],[115.2397,24.7461],[115.1804,24.6968],[115.1621,24.6878],[115.1391,24.6842],[115.0929,24.6877],[115.0643,24.7044],[115.047,24.7067],[115.0187,24.6863],[114.9446,24.67],[114.9188,24.6504],[114.8904,24.605],[114.8764,24.5898],[114.8627,24.5878],[114.8403,24.6001],[114.8339,24.6142],[114.8196,24.623],[114.7766,24.6335],[114.7405,24.6252],[114.7292,24.6102],[114.7247,24.5789],[114.7116,24.5545],[114.6915,24.5504],[114.6632,24.563],[114.654,24.5813],[114.6419,24.5853],[114.6222,24.5794],[114.5695,24.5513],[114.5259,24.556],[114.4981,24.5558],[114.4705,24.5398],[114.4438,24.5079],[114.4249,24.4996],[114.4058,24.5015],[114.3909,24.5111],[114.3625,24.5652],[114.3505,24.5735],[114.2894,24.5956],[114.2594,24.6345],[114.2481,24.6447],[114.2129,24.6497],[114.1822,24.6592],[114.1691,24.6696],[114.1753,24.6833],[114.1923,24.6953],[114.2694,24.7328],[114.3016,24.7586],[114.3252,24.7938],[114.3375,24.8264],[114.3836,24.8847],[114.3878,24.9303],[114.3957,24.9537],[114.4135,24.9797],[114.4419,24.9944],[114.4746,25.0044],[114.5161,25.0287],[114.5482,25.0545],[114.5795,25.0661],[114.6227,25.0722],[114.6425,25.0811],[114.6761,25.1057],[114.7084,25.1085],[114.7293,25.1189],[114.7307,25.1294],[114.6941,25.1465],[114.6831,25.1635],[114.6858,25.1745],[114.7168,25.2456],[114.7175,25.2599],[114.7069,25.2896],[114.6858,25.3053],[114.6315,25.322],[114.6023,25.3382],[114.5805,25.3601],[114.5693,25.4069],[114.5599,25.4141],[114.5266,25.4139],[114.4995,25.3871],[114.4856,25.3824],[114.4398,25.3895],[114.4292,25.386],[114.4067,25.3569],[114.3844,25.3353],[114.3651,25.3256],[114.3207,25.3129],[114.3004,25.2973],[114.2788,25.2918],[114.2436,25.296],[114.2028,25.2952],[114.1753,25.2999],[114.1405,25.3111],[114.115,25.3084],[114.0653,25.2781],[114.026,25.2677],[114.0065,25.2753],[114.004,25.2868],[114.0234,25.3265],[114.026,25.3442],[114.013,25.3965],[114.0186,25.4267],[114.0121,25.4351],[113.9907,25.4224],[113.9795,25.4239],[113.9457,25.443],[113.9275,25.4481],[113.8802,25.4335],[113.8654,25.4154],[113.8521,25.384],[113.8281,25.3567],[113.7856,25.3417],[113.764,25.3414],[113.7139,25.3609],[113.6817,25.3615],[113.6366,25.3495],[113.5825,25.3259],[113.563,25.3248],[113.5621,25.3443],[113.5498,25.354],[113.5234,25.3856],[113.5096,25.3872],[113.4822,25.3784],[113.4626,25.3766],[113.4216,25.3838],[113.4114,25.3889],[113.3908,25.4113],[113.3576,25.4244],[113.3087,25.4638],[113.2924,25.4896],[113.2913,25.5141],[113.2829,25.5176],[113.2175,25.5056],[113.1864,25.4931],[113.1476,25.4659],[113.0898,25.4142],[113.0635,25.3969],[113.0103,25.3689],[112.9504,25.3522],[112.9081,25.3201],[112.8973,25.322],[112.8812,25.3415],[112.8646,25.3428],[112.8524,25.3277],[112.8589,25.2839],[112.8662,25.2665],[112.8891,25.2415],[112.901,25.2399],[112.96,25.2516],[113.0148,25.2456],[113.0276,25.2362],[113.0205,25.2139],[112.9891,25.1984],[112.9691,25.1806],[112.9663,25.161],[112.9731,25.0997],[112.9588,25.0561],[112.9639,25.0237],[112.9931,24.9754],[112.9889,24.9639],[112.9666,24.9587],[112.9256,24.9575],[112.8821,24.9434],[112.8509,24.9393],[112.8078,24.9428],[112.7141,24.9995],[112.7018,25.0147],[112.6945,25.0348],[112.6933,25.0668],[112.6801,25.094],[112.6633,25.1131],[112.6374,25.1304],[112.6109,25.1378],[112.5442,25.1323],[112.4584,25.1643],[112.4368,25.1668],[112.4021,25.1611],[112.3823,25.1632],[112.3316,25.1815],[112.2638,25.1755],[112.2512,25.1779],[112.214,25.2004],[112.1954,25.1999],[112.1858,25.188],[112.1827,25.1526],[112.1569,25.0795],[112.1491,25.0334],[112.1272,24.9778],[112.121,24.9493],[112.1384,24.93],[112.1648,24.912],[112.1657,24.8888],[112.1491,24.8314],[112.1448,24.7936],[112.1396,24.7844],[112.1269,24.789],[112.107,24.8122],[112.0664,24.7966],[112.0502,24.7819],[112.0184,24.7425],[111.9966,24.7357],[111.9874,24.7286],[111.9545,24.7186],[111.9325,24.6983],[111.9325,24.6863],[111.9432,24.6607],[111.9277,24.6468],[111.923,24.6331],[111.9333,24.6014],[111.9761,24.5642],[112.0055,24.5531],[112.0029,24.5337],[111.9876,24.4993],[111.9909,24.4659],[112.0094,24.4419],[112.0473,24.3815],[112.0521,24.359],[112.0366,24.3329],[111.9893,24.2942],[111.9759,24.2768],[111.9348,24.2738],[111.9057,24.2495],[111.8693,24.2318],[111.8628,24.1983],[111.8748,24.1749],[111.878,24.1527],[111.8757,24.0985],[111.8785,24.0814],[111.8948,24.0399],[111.9019,24.0016],[111.8835,23.9645],[111.8681,23.9496],[111.8229,23.9282],[111.8079,23.9092],[111.7933,23.8492],[111.7754,23.8325],[111.7503,23.8321],[111.7171,23.8443],[111.6971,23.847],[111.6575,23.8417],[111.6303,23.8064],[111.6137,23.7599],[111.6137,23.73],[111.6263,23.7127],[111.6297,23.6937],[111.6218,23.6757],[111.6012,23.658],[111.5504,23.6514],[111.4904,23.6258],[111.471,23.6132],[111.4664,23.6022],[111.4715,23.5812],[111.4693,23.5579],[111.4465,23.5118],[111.3912,23.4313],[111.3653,23.3415],[111.3692,23.3118],[111.3628,23.273],[111.3737,23.2431],[111.3777,23.2138],[111.3842,23.2001],[111.3825,23.1686],[111.37,23.1391],[111.372,23.1221],[111.3841,23.0995],[111.405,23.0841],[111.4117,23.0724],[111.411,23.0526],[111.3926,23.0202],[111.3797,22.9827],[111.3608,22.9738],[111.3566,22.9247],[111.3512,22.9082],[111.3222,22.8822],[111.2772,22.8185],[111.2313,22.7869],[111.1923,22.7518],[111.1815,22.7485],[111.066,22.7406],[111.052,22.735],[111.0791,22.7144],[111.0798,22.6923],[111.058,22.6651],[111.0238,22.6387],[110.9983,22.6397],[110.9749,22.6524],[110.9556,22.6543],[110.9438,22.649],[110.9313,22.6171],[110.8893,22.6076],[110.8699,22.5938],[110.8231,22.5906],[110.7993,22.5704],[110.7857,22.5652],[110.7546,22.5802],[110.7434,22.5562],[110.7454,22.5354],[110.7335,22.5108],[110.7268,22.4846],[110.7147,22.4746],[110.6823,22.4836],[110.6787,22.4669],[110.6951,22.4471],[110.704,22.428],[110.6963,22.3865],[110.697,22.3687],[110.7503,22.3281],[110.7632,22.3129],[110.7746,22.2837],[110.766,22.2715],[110.7325,22.2678],[110.6956,22.28],[110.6708,22.2676],[110.6445,22.2223],[110.6424,22.1835],[110.6095,22.1622],[110.591,22.1602],[110.564,22.1766],[110.5393,22.18],[110.5234,22.1704],[110.4988,22.1473],[110.4763,22.1459],[110.4667,22.151],[110.4141,22.1983],[110.4003,22.203],[110.3784,22.1904],[110.3336,22.1905],[110.3305,22.1771],[110.3511,22.1372],[110.3555,22.1008],[110.3449,22.0248],[110.344,21.9922],[110.351,21.9781],[110.3803,21.9515],[110.3745,21.9326],[110.3773,21.9034],[110.3692,21.8909],[110.3559,21.889],[110.2991,21.897],[110.2439,21.8802],[110.2161,21.8745],[110.1781,21.8891],[110.1424,21.8974],[110.1058,21.8985],[110.0903,21.8954],[110.0522,21.8746],[110.0355,21.8719],[109.9854,21.8715],[109.9672,21.8667],[109.9501,21.8409],[109.9173,21.6872],[109.894,21.6611],[109.8266,21.6372],[109.7962,21.6347],[109.7611,21.66],[109.7459,21.6487],[109.7438,21.5796],[109.7481,21.5749]]],[[[111.9627,21.6576],[111.9385,21.6526],[111.9282,21.6645],[111.8838,21.6501],[111.8353,21.6439],[111.8451,21.624],[111.8421,21.6068],[111.8224,21.5751],[111.8093,21.5655],[111.8224,21.562],[111.8633,21.5683],[111.8975,21.5955],[111.9815,21.612],[111.9998,21.6212],[112.0073,21.6365],[111.9998,21.654],[111.9627,21.6576]]],[[[112.6454,21.7128],[112.6201,21.7045],[112.5778,21.683],[112.5559,21.6781],[112.5679,21.6606],[112.5598,21.6484],[112.5243,21.6269],[112.5182,21.6168],[112.5254,21.5989],[112.5349,21.5955],[112.5559,21.6234],[112.5799,21.6155],[112.6165,21.6192],[112.6238,21.6333],[112.6504,21.6404],[112.638,21.6645],[112.6546,21.6985],[112.6454,21.7128]]],[[[112.844,21.7743],[112.8076,21.7728],[112.7957,21.7668],[112.7775,21.7727],[112.7649,21.7318],[112.7478,21.7333],[112.7117,21.7025],[112.7062,21.6884],[112.7156,21.6802],[112.7367,21.6811],[112.7744,21.6917],[112.7676,21.6635],[112.7344,21.6287],[112.7372,21.6126],[112.7537,21.6074],[112.7649,21.5819],[112.7997,21.5791],[112.8106,21.5893],[112.7935,21.6082],[112.7944,21.6231],[112.8106,21.6576],[112.7975,21.7059],[112.8318,21.7359],[112.8626,21.7456],[112.8682,21.7576],[112.8626,21.7694],[112.844,21.7743]]],[[[113.3914,22.0275],[113.4103,22.0635],[113.4126,22.076],[113.3989,22.0685],[113.3827,22.0896],[113.3727,22.0801],[113.3436,22.0685],[113.3094,22.0241],[113.3235,22.0119],[113.4058,22.007],[113.3914,22.0275]]],[[[113.3648,22.1579],[113.3472,22.1564],[113.328,22.1458],[113.3231,22.1579],[113.3084,22.1486],[113.2987,22.1286],[113.2717,22.12],[113.2642,22.1049],[113.2688,22.0883],[113.2891,22.0685],[113.3137,22.0764],[113.3362,22.1005],[113.354,22.1308],[113.3648,22.1579]]],[[[113.5935,22.7848],[113.573,22.8301],[113.5467,22.8349],[113.527,22.8466],[113.4878,22.8928],[113.4756,22.9007],[113.433,22.912],[113.4051,22.9081],[113.3962,22.8981],[113.4021,22.8829],[113.4341,22.8491],[113.4559,22.8308],[113.4732,22.8254],[113.474,22.8493],[113.4808,22.8493],[113.4953,22.8139],[113.5061,22.798],[113.5212,22.7879],[113.5286,22.8022],[113.5446,22.7688],[113.5583,22.7579],[113.5798,22.7537],[113.6028,22.7626],[113.5935,22.7848]]],[[[117.0715,23.4731],[117.0491,23.4741],[117.0376,23.4469],[117.01,23.439],[117.0003,23.4416],[116.9822,23.4595],[116.9676,23.4531],[116.943,23.4301],[116.9481,23.4218],[117.004,23.4198],[117.0489,23.4047],[117.0829,23.4111],[117.1288,23.3994],[117.1374,23.4196],[117.1418,23.4497],[117.1226,23.4655],[117.1259,23.4827],[117.1089,23.4823],[117.1021,23.468],[117.0903,23.4611],[117.0715,23.4731]]],[[[110.5959,20.9587],[110.5749,20.9475],[110.5475,20.9177],[110.5757,20.8888],[110.5892,20.8835],[110.6095,20.8973],[110.6245,20.9152],[110.6325,20.9367],[110.6279,20.9486],[110.5959,20.9587]]],[[[110.5475,21.0373],[110.5388,21.0731],[110.5264,21.0821],[110.5071,21.0822],[110.4728,21.0617],[110.4441,21.06],[110.4232,21.0514],[110.4177,21.0406],[110.4082,21.0482],[110.3898,21.0959],[110.3713,21.081],[110.3426,21.0747],[110.2874,21.0744],[110.2954,21.0631],[110.308,21.0609],[110.3352,21.0686],[110.3269,21.0574],[110.3099,21.0529],[110.2731,21.0611],[110.2695,21.0516],[110.2874,21.0338],[110.2459,21.0276],[110.2654,21.0043],[110.2619,20.993],[110.2459,20.986],[110.2666,20.9726],[110.2987,20.9807],[110.3337,20.9963],[110.363,21.0058],[110.4414,21.0058],[110.4577,21.0012],[110.493,20.978],[110.5027,20.9475],[110.5169,20.9376],[110.5261,20.9416],[110.5208,20.9724],[110.5438,21.0228],[110.5475,21.0373]]],[[[110.617,21.1915],[110.617,21.1989],[110.594,21.2028],[110.5773,21.191],[110.5549,21.1567],[110.5501,21.1684],[110.5686,21.1915],[110.5497,21.2025],[110.5264,21.2008],[110.5042,21.1877],[110.4792,21.1846],[110.4634,21.1907],[110.4963,21.1952],[110.4998,21.2063],[110.4878,21.2086],[110.4526,21.2015],[110.4177,21.1785],[110.4519,21.1785],[110.4495,21.1562],[110.4792,21.1505],[110.4792,21.1641],[110.489,21.1501],[110.5071,21.1437],[110.5059,21.1269],[110.5207,21.1118],[110.5432,21.105],[110.5652,21.1126],[110.5769,21.1309],[110.5995,21.1783],[110.617,21.1915]]],[[[110.4714,20.6474],[110.437,20.6679],[110.4177,20.6548],[110.4358,20.6385],[110.4481,20.5963],[110.4573,20.5869],[110.4758,20.5959],[110.4763,20.6316],[110.4714,20.6474]]],[[[113.278,21.925],[113.2678,21.9433],[113.2577,21.9466],[113.2317,21.9345],[113.2217,21.9141],[113.2258,21.9008],[113.2585,21.8804],[113.2678,21.8865],[113.2857,21.9181],[113.278,21.925]]],[[[113.7717,22.0003],[113.7363,21.9972],[113.7482,21.9728],[113.7645,21.9668],[113.7759,21.9859],[113.7717,22.0003]]],[[[114.3068,22.0572],[114.3101,22.0686],[114.293,22.0578],[114.2168,22.0322],[114.2067,22.0258],[114.2224,22.0217],[114.3025,22.0449],[114.3068,22.0572]]],[[[113.4735,22.0985],[113.4702,22.0776],[113.4847,22.0714],[113.5389,22.0821],[113.5476,22.0926],[113.5326,22.0954],[113.5271,22.1061],[113.5327,22.1203],[113.5189,22.1273],[113.4715,22.1141],[113.4735,22.0985]]],[[[113.6234,22.4399],[113.6118,22.4305],[113.6123,22.398],[113.6212,22.3914],[113.6423,22.4002],[113.6424,22.4114],[113.6533,22.4137],[113.6579,22.432],[113.6496,22.4386],[113.6234,22.4399]]],[[[113.5468,22.7419],[113.5255,22.7449],[113.4765,22.7313],[113.4765,22.7195],[113.4914,22.7058],[113.5624,22.6557],[113.6026,22.6115],[113.628,22.5958],[113.6418,22.6016],[113.6451,22.6251],[113.6357,22.6565],[113.6039,22.685],[113.5753,22.6987],[113.5595,22.735],[113.5468,22.7419]]],[[[113.5292,22.9604],[113.5154,22.9692],[113.5058,22.9516],[113.51,22.9212],[113.5238,22.8967],[113.545,22.88],[113.5535,22.8858],[113.5536,22.9113],[113.5451,22.9378],[113.5292,22.9486],[113.5292,22.9604]]],[[[116.9956,23.5635],[116.9744,23.5594],[116.9578,23.5449],[116.936,23.5355],[116.9509,23.5174],[116.971,23.5146],[116.9878,23.5241],[117.0093,23.555],[116.9956,23.5635]]]]},"properties":{"name":"Guangdong","name_en":"Guangdong","name_ja":"広東省","name_zh":"广东省","name_ko":"광둥성","adm0_a3":"CHN","postal":"GD","iso_3166_2":"CN-GD","type_en":"Province","region":"South Central China","geonunit":"China"}},
{"type":"Feature","geometry":{"type":"Polygon","coordinates":[[[111.0105,19.6838],[110.9944,19.6943],[111,19.7217],[110.9968,19.7492],[110.9832,19.8078],[110.9771,19.8659],[110.9346,19.9951],[110.9207,20.012],[110.9043,19.9992],[110.8699,19.997],[110.7883,20.0104],[110.7747,20.0202],[110.7528,20.0475],[110.7109,20.0752],[110.6851,20.1533],[110.6779,20.1636],[110.652,20.117],[110.6401,20.1083],[110.6042,20.1108],[110.5931,20.1073],[110.5693,20.0798],[110.5708,20.0307],[110.6009,20.0211],[110.6091,19.9899],[110.6232,19.9718],[110.6178,19.9639],[110.6232,19.9407],[110.6058,19.9232],[110.5986,19.944],[110.5803,19.9797],[110.5755,19.9992],[110.5641,19.9845],[110.5505,19.9885],[110.5208,20.0066],[110.5276,20.0202],[110.4959,20.0235],[110.4702,20.0318],[110.4312,20.0506],[110.4246,20.0475],[110.383,20.081],[110.375,20.0636],[110.3767,20.0439],[110.3865,20.0019],[110.4094,19.98],[110.4177,19.9439],[110.4109,19.9234],[110.3972,19.9787],[110.3682,20.0078],[110.3767,20.0264],[110.3589,20.0498],[110.325,20.0612],[110.2952,20.0394],[110.261,20.0331],[110.2326,20.0445],[110.1712,20.0608],[110.157,20.0674],[110.1375,20.0244],[110.1149,20.0019],[110.0682,19.9848],[110.1155,19.9848],[110.1388,20.0026],[110.1227,19.9743],[110.1099,19.965],[110.1026,19.9739],[110.0682,19.9787],[110.0503,19.9741],[110.0137,19.9575],[110.0147,19.9409],[109.9922,19.9254],[110.0062,19.9103],[109.9901,19.906],[109.96,19.9178],[109.9515,19.9309],[109.9756,19.9323],[109.9724,19.9482],[109.9447,19.9787],[109.9426,19.9909],[109.9266,19.9843],[109.9148,19.9902],[109.8833,19.9848],[109.8804,19.9676],[109.8704,19.9534],[109.8355,19.9309],[109.8386,19.9584],[109.828,19.9848],[109.8159,19.9912],[109.8076,19.9514],[109.7637,19.9744],[109.7376,19.9781],[109.7256,19.9575],[109.7199,19.9853],[109.7284,19.9979],[109.719,20.0106],[109.7046,20.0066],[109.6681,20.0069],[109.6426,19.9923],[109.6263,19.998],[109.5957,19.9932],[109.527,19.9514],[109.5259,19.9404],[109.5374,19.9245],[109.5446,19.9333],[109.5575,19.9173],[109.5545,19.9103],[109.5254,19.9119],[109.5156,19.9052],[109.5202,19.8825],[109.5293,19.8755],[109.5817,19.862],[109.5817,19.8557],[109.5618,19.8574],[109.533,19.8526],[109.527,19.862],[109.4795,19.8442],[109.465,19.8341],[109.4553,19.8649],[109.4436,19.873],[109.4126,19.8614],[109.3688,19.8893],[109.3213,19.892],[109.3114,19.9195],[109.3037,19.9217],[109.28,19.9029],[109.2551,19.8983],[109.2487,19.8688],[109.2112,19.8483],[109.1975,19.8278],[109.1668,19.8055],[109.1633,19.7903],[109.1672,19.7427],[109.1633,19.7248],[109.1702,19.7248],[109.1975,19.7458],[109.2356,19.7624],[109.261,19.7787],[109.2732,19.7936],[109.3074,19.7869],[109.2868,19.7732],[109.2942,19.7595],[109.2747,19.7572],[109.3074,19.7111],[109.2832,19.7248],[109.259,19.7316],[109.2049,19.7186],[109.2058,19.6984],[109.1921,19.6785],[109.1565,19.6496],[109.1336,19.6434],[109.1184,19.6312],[109.0671,19.6087],[109.0159,19.6013],[109.0085,19.5971],[108.9927,19.5678],[108.9566,19.5346],[108.9408,19.5141],[108.9448,19.492],[108.9245,19.5063],[108.9033,19.4934],[108.8698,19.4579],[108.8275,19.4442],[108.7903,19.4232],[108.7707,19.3944],[108.7292,19.378],[108.6865,19.3779],[108.6693,19.3437],[108.6773,19.3276],[108.6668,19.3252],[108.6626,19.3097],[108.6448,19.3104],[108.6494,19.2996],[108.6317,19.2863],[108.627,19.275],[108.638,19.249],[108.6218,19.2281],[108.6221,19.2177],[108.6639,19.2096],[108.6719,19.173],[108.6834,19.1501],[108.6631,19.1562],[108.6443,19.1242],[108.6152,19.1016],[108.6426,19.0185],[108.6426,18.9828],[108.6504,18.9736],[108.6563,18.944],[108.6538,18.921],[108.6289,18.8682],[108.6239,18.8492],[108.6275,18.8359],[108.6494,18.8136],[108.6681,18.7886],[108.6834,18.7562],[108.6936,18.7199],[108.6971,18.6833],[108.6909,18.6047],[108.6741,18.5548],[108.6773,18.5324],[108.695,18.5048],[108.7107,18.4997],[108.7551,18.497],[108.7956,18.4866],[108.8311,18.4687],[108.8687,18.4438],[108.8859,18.4267],[108.9528,18.4023],[108.979,18.3748],[109.0007,18.3672],[109.0916,18.3686],[109.1221,18.3582],[109.136,18.3612],[109.1292,18.3475],[109.1395,18.3407],[109.1497,18.2997],[109.1626,18.2878],[109.1906,18.2997],[109.2181,18.3057],[109.3335,18.3043],[109.44,18.289],[109.4627,18.2797],[109.4807,18.2648],[109.4929,18.2451],[109.5002,18.2595],[109.5065,18.2528],[109.5096,18.2308],[109.4927,18.2281],[109.465,18.2041],[109.4787,18.1927],[109.5108,18.2136],[109.5339,18.2104],[109.5296,18.2277],[109.5523,18.2448],[109.5612,18.2587],[109.5666,18.2488],[109.5612,18.2308],[109.5497,18.2255],[109.568,18.1932],[109.5612,18.1693],[109.5877,18.1816],[109.6157,18.1762],[109.6021,18.2041],[109.6291,18.2274],[109.6637,18.2376],[109.6773,18.2451],[109.6907,18.2092],[109.7012,18.2041],[109.728,18.2247],[109.7415,18.2508],[109.7393,18.2587],[109.7119,18.2587],[109.694,18.2672],[109.6704,18.2656],[109.6704,18.273],[109.6968,18.2899],[109.7116,18.288],[109.7178,18.2731],[109.7318,18.273],[109.7266,18.3038],[109.75,18.3736],[109.7461,18.3959],[109.7762,18.404],[109.8145,18.4021],[109.8252,18.3859],[109.8355,18.3823],[109.8821,18.4075],[109.9154,18.4168],[109.958,18.4144],[109.9736,18.4231],[109.9819,18.4355],[109.9925,18.4294],[109.9925,18.4431],[110.0062,18.4294],[110.0205,18.4505],[110.0239,18.4412],[110.0199,18.4177],[110.0003,18.403],[109.9686,18.4055],[109.9686,18.3898],[109.9951,18.3823],[110.0403,18.3823],[110.0526,18.3902],[110.0403,18.426],[110.0446,18.4401],[110.0607,18.4296],[110.0614,18.4089],[110.0682,18.4089],[110.0698,18.427],[110.0825,18.4778],[110.0741,18.4891],[110.0462,18.4959],[110.0342,18.5119],[110.0706,18.502],[110.0881,18.5043],[110.1033,18.5394],[110.1211,18.5558],[110.157,18.5808],[110.2272,18.6422],[110.2708,18.6682],[110.3079,18.6628],[110.3273,18.6793],[110.3801,18.6905],[110.3972,18.7038],[110.4109,18.6901],[110.3454,18.6809],[110.3352,18.6733],[110.3445,18.6646],[110.3887,18.675],[110.4035,18.6628],[110.4268,18.6809],[110.431,18.6925],[110.4246,18.7038],[110.4504,18.7565],[110.469,18.7772],[110.4928,18.772],[110.4985,18.7816],[110.5344,18.7856],[110.51,18.8686],[110.5034,18.8819],[110.4937,18.876],[110.5025,18.8112],[110.4928,18.7931],[110.465,18.8045],[110.4451,18.8037],[110.4315,18.8215],[110.4346,18.8304],[110.4588,18.8483],[110.4656,18.8819],[110.4909,18.8957],[110.5091,18.8978],[110.5134,18.9064],[110.5071,18.9303],[110.5099,18.9643],[110.5181,18.9935],[110.5308,19.0184],[110.5632,19.0557],[110.57,19.1009],[110.5823,19.1501],[110.5755,19.1501],[110.5623,19.1024],[110.5549,19.0873],[110.5568,19.12],[110.5462,19.1399],[110.5242,19.1283],[110.5073,19.1322],[110.4792,19.1631],[110.4905,19.1666],[110.5101,19.1501],[110.5444,19.1501],[110.5686,19.1631],[110.5803,19.1552],[110.589,19.1767],[110.6063,19.1999],[110.6216,19.2307],[110.6327,19.2645],[110.6414,19.3124],[110.666,19.3198],[110.6779,19.3344],[110.6697,19.3817],[110.6858,19.3931],[110.6983,19.4169],[110.7324,19.4169],[110.7576,19.4309],[110.7645,19.4408],[110.7603,19.4579],[110.7723,19.4617],[110.7962,19.4846],[110.8025,19.5174],[110.8218,19.5541],[110.813,19.5634],[110.8036,19.5892],[110.7944,19.6013],[110.8063,19.6127],[110.8264,19.6218],[110.8477,19.6225],[110.8626,19.6087],[110.8257,19.6033],[110.8185,19.5911],[110.8218,19.5678],[110.8428,19.5399],[110.8587,19.5348],[110.8765,19.5398],[110.9136,19.5837],[110.9658,19.636],[110.9933,19.643],[111.0204,19.636],[111.0347,19.6422],[111.0105,19.6838]]]},"properties":{"name":"Hainan","name_en":"Hainan","name_ja":"海南省","name_zh":"海南省","name_ko":"하이난성","adm0_a3":"CHN","postal":"HA","iso_3166_2":"CN-HI","type_en":"Province","region":"South Central China","geonunit":"China"}},
{"type":"Feature","geometry":{"type":"MultiPolygon","coordinates":[[[[117.4689,23.7531],[117.4478,23.7423],[117.4198,23.7543],[117.4136,23.7717],[117.3859,23.7742],[117.3727,23.7667],[117.3792,23.7468],[117.3767,23.7289],[117.3425,23.6997],[117.3464,23.6848],[117.3639,23.6915],[117.3937,23.6792],[117.3691,23.6224],[117.3378,23.5965],[117.3205,23.574],[117.3745,23.5727],[117.4316,23.5826],[117.4154,23.6082],[117.4211,23.6465],[117.4448,23.6649],[117.4672,23.6579],[117.4798,23.6627],[117.4765,23.6894],[117.4842,23.7108],[117.4959,23.7202],[117.5162,23.7163],[117.5267,23.7401],[117.5042,23.7499],[117.4689,23.7531]]],[[[119.3054,26.036],[119.2722,26.0421],[119.2433,26.0571],[119.2212,26.0895],[119.2092,26.0986],[119.2178,26.059],[119.2468,26.0266],[119.2576,26.0015],[119.2905,25.9953],[119.346,25.9764],[119.3906,25.967],[119.405,25.9779],[119.4012,25.996],[119.3698,26.0142],[119.3054,26.036]]],[[[120.4192,27.2064],[120.4165,27.2087],[120.4131,27.2656],[120.4058,27.2969],[120.3883,27.329],[120.3585,27.3672],[120.344,27.3796],[120.3065,27.3767],[120.2892,27.3826],[120.2662,27.4018],[120.2489,27.4102],[120.212,27.4137],[120.1477,27.4002],[120.1139,27.3831],[120.0644,27.3436],[120.0382,27.3395],[120.0233,27.3429],[119.999,27.3577],[119.9787,27.3579],[119.9544,27.3457],[119.9307,27.3248],[119.8964,27.3249],[119.8667,27.318],[119.8348,27.3248],[119.8064,27.3131],[119.7701,27.3159],[119.7617,27.3251],[119.7558,27.3517],[119.733,27.3781],[119.6934,27.411],[119.6866,27.432],[119.6909,27.4715],[119.6866,27.5113],[119.6539,27.5507],[119.6543,27.5776],[119.6479,27.5861],[119.6144,27.6006],[119.6104,27.61],[119.6247,27.6467],[119.6158,27.6656],[119.5642,27.6755],[119.5514,27.6746],[119.5303,27.6584],[119.5117,27.6367],[119.5012,27.6154],[119.496,27.5926],[119.478,27.5658],[119.4673,27.5253],[119.4493,27.5139],[119.4124,27.5016],[119.3904,27.5126],[119.3474,27.4917],[119.3357,27.4711],[119.3226,27.4618],[119.2886,27.4534],[119.2656,27.4241],[119.2429,27.4176],[119.1858,27.4199],[119.1332,27.434],[119.1169,27.4611],[119.1018,27.466],[119.0868,27.4595],[119.0532,27.4716],[119.0053,27.4801],[118.9483,27.4717],[118.9191,27.4768],[118.8986,27.4877],[118.8851,27.5012],[118.8899,27.5242],[118.9123,27.5297],[118.9227,27.55],[118.8941,27.6515],[118.8822,27.6728],[118.882,27.6899],[118.8906,27.7073],[118.8895,27.7222],[118.8615,27.7662],[118.841,27.8157],[118.8299,27.8851],[118.8198,27.91],[118.8086,27.9213],[118.7784,27.938],[118.7557,27.9598],[118.7481,27.9732],[118.7463,28.0107],[118.75,28.0868],[118.7532,28.1009],[118.7843,28.1298],[118.7853,28.1448],[118.7657,28.1782],[118.7664,28.1906],[118.797,28.2129],[118.8024,28.2227],[118.7961,28.2399],[118.7629,28.2696],[118.7531,28.2836],[118.7352,28.326],[118.6977,28.2999],[118.678,28.2919],[118.6293,28.2839],[118.6089,28.2965],[118.5925,28.2992],[118.5354,28.2848],[118.516,28.2623],[118.4989,28.2624],[118.4464,28.2887],[118.4081,28.2699],[118.3698,28.2433],[118.3489,28.2198],[118.3555,28.1999],[118.3788,28.1847],[118.3805,28.17],[118.3714,28.1362],[118.3678,28.0997],[118.3521,28.089],[118.3129,28.0859],[118.1952,28.0445],[118.1696,28.0412],[118.1406,28.0444],[118.1307,28.0405],[118.1135,28.0185],[118.0902,28.0053],[118.075,27.9849],[118.0613,27.979],[118.0261,27.9841],[117.9881,27.973],[117.9465,27.9732],[117.9242,27.9665],[117.8858,27.9483],[117.8234,27.9373],[117.7947,27.913],[117.7866,27.884],[117.7851,27.8479],[117.7617,27.8213],[117.7456,27.8133],[117.7279,27.8176],[117.7018,27.833],[117.6638,27.838],[117.6234,27.8538],[117.6053,27.8662],[117.5846,27.9015],[117.5575,27.9315],[117.5444,27.9667],[117.5218,27.9744],[117.5089,27.9708],[117.4849,27.9481],[117.4594,27.9341],[117.4245,27.9234],[117.4062,27.9042],[117.3497,27.866],[117.3283,27.8596],[117.2929,27.8646],[117.2842,27.857],[117.2923,27.7975],[117.2871,27.7726],[117.273,27.7636],[117.2251,27.7235],[117.189,27.675],[117.1707,27.6557],[117.1123,27.5676],[117.1016,27.5278],[117.1042,27.4917],[117.1216,27.4518],[117.1247,27.4299],[117.1018,27.3915],[117.0977,27.3753],[117.1011,27.3467],[117.1115,27.338],[117.1303,27.3436],[117.1357,27.317],[117.1538,27.3005],[117.1538,27.2764],[117.102,27.2078],[117.0766,27.1885],[117.0655,27.1705],[117.0401,27.1095],[117.0008,27.0787],[116.9852,27.07],[116.934,27.027],[116.9234,27.021],[116.8786,27.0259],[116.8289,27.0099],[116.7802,27.0095],[116.7614,27.0064],[116.702,26.9794],[116.6797,26.9892],[116.6697,26.9869],[116.6474,26.9665],[116.6092,26.9422],[116.5923,26.918],[116.554,26.8816],[116.5453,26.8679],[116.5318,26.7616],[116.5281,26.7486],[116.509,26.723],[116.505,26.6893],[116.5171,26.6597],[116.5329,26.6392],[116.5423,26.5628],[116.5675,26.5231],[116.5827,26.509],[116.6143,26.5031],[116.6195,26.4921],[116.5945,26.3951],[116.5733,26.378],[116.5506,26.3837],[116.5318,26.4077],[116.5217,26.4125],[116.5017,26.407],[116.4764,26.372],[116.4412,26.3381],[116.399,26.2875],[116.3961,26.2681],[116.405,26.2239],[116.4046,26.1924],[116.4193,26.1529],[116.4168,26.1303],[116.3973,26.0615],[116.363,26.0208],[116.3363,25.9715],[116.3232,25.9551],[116.2782,25.9304],[116.2565,25.9236],[116.2106,25.9204],[116.1802,25.9072],[116.1352,25.8663],[116.1313,25.8339],[116.1344,25.8166],[116.1611,25.7804],[116.1536,25.7717],[116.1237,25.7642],[116.1085,25.7493],[116.0877,25.7102],[116.0632,25.6989],[116.0519,25.6835],[116.0276,25.6364],[116.027,25.6162],[116.0445,25.5746],[116.0203,25.5356],[116.0002,25.4972],[115.9924,25.4486],[115.9787,25.4033],[115.9756,25.3806],[115.9787,25.3508],[115.9746,25.332],[115.9569,25.3],[115.9341,25.2789],[115.908,25.2383],[115.8926,25.2246],[115.8428,25.1947],[115.8422,25.1733],[115.8653,25.0965],[115.8752,25.071],[115.8757,25.029],[115.8885,24.9999],[115.8811,24.9759],[115.8537,24.967],[115.856,24.9531],[115.8875,24.9168],[115.9355,24.9163],[115.9533,24.9125],[115.988,24.8942],[116.0228,24.8969],[116.0357,24.8936],[116.052,24.8744],[116.0916,24.8522],[116.1147,24.8461],[116.1651,24.8513],[116.1937,24.8513],[116.2466,24.8439],[116.2563,24.8398],[116.2577,24.8172],[116.2747,24.8074],[116.3066,24.8179],[116.3434,24.8385],[116.3721,24.8413],[116.3809,24.8337],[116.385,24.8116],[116.4329,24.7396],[116.4617,24.7108],[116.4782,24.6854],[116.501,24.6286],[116.5097,24.6182],[116.5296,24.6154],[116.5748,24.6435],[116.6038,24.6558],[116.6599,24.6696],[116.7453,24.6709],[116.7678,24.6669],[116.7747,24.6463],[116.7568,24.5969],[116.7486,24.5515],[116.7493,24.5334],[116.7569,24.5256],[116.824,24.4809],[116.8319,24.4433],[116.8493,24.4198],[116.8824,24.394],[116.894,24.3672],[116.9428,24.239],[116.9633,24.2069],[116.9677,24.1851],[116.9575,24.1648],[116.9411,24.1444],[116.9275,24.1062],[116.9248,24.0776],[116.9386,24.0172],[116.9553,23.9947],[116.974,23.914],[116.9985,23.8702],[117.0365,23.7383],[117.0533,23.7113],[117.0749,23.6904],[117.0938,23.6785],[117.1367,23.6599],[117.159,23.6407],[117.1746,23.6163],[117.2192,23.6296],[117.2172,23.6525],[117.2085,23.6649],[117.2295,23.6928],[117.2441,23.6575],[117.2355,23.6398],[117.239,23.6055],[117.2571,23.6156],[117.2791,23.6363],[117.2636,23.6554],[117.268,23.6798],[117.2762,23.6877],[117.2719,23.7213],[117.2923,23.7622],[117.2774,23.7822],[117.2926,23.7895],[117.3191,23.7616],[117.3456,23.7685],[117.3689,23.7926],[117.3824,23.7952],[117.4343,23.7759],[117.4635,23.7883],[117.4901,23.8326],[117.4996,23.8741],[117.4685,23.9119],[117.4271,23.9104],[117.4097,23.9134],[117.4071,23.9331],[117.4166,23.9468],[117.4302,23.9438],[117.4548,23.9256],[117.4746,23.921],[117.5374,23.9194],[117.5567,23.9132],[117.5824,23.8893],[117.5982,23.8524],[117.602,23.7989],[117.5875,23.7778],[117.5917,23.7371],[117.6194,23.7748],[117.6393,23.7941],[117.626,23.8122],[117.6255,23.8402],[117.6336,23.8742],[117.6486,23.9092],[117.6951,23.9536],[117.6873,23.9791],[117.6885,23.9975],[117.7088,24.0355],[117.6797,24.039],[117.6671,24.0627],[117.6922,24.0465],[117.7241,24.0338],[117.75,24.0373],[117.7571,24.0703],[117.7633,24.0703],[117.7761,24.0373],[117.7571,24.0249],[117.7617,24.0148],[117.7865,24.0281],[117.7981,24.0218],[117.7914,24.0015],[117.7379,23.9505],[117.7293,23.9194],[117.7366,23.9081],[117.7586,23.9155],[117.7655,23.9473],[117.772,23.9589],[117.7981,23.9802],[117.8391,24.0236],[117.8623,24.0352],[117.8936,24.028],[117.8994,24.0402],[117.8936,24.0733],[117.9014,24.0986],[117.9305,24.1411],[117.9378,24.1617],[117.9324,24.1783],[117.9073,24.1863],[117.9321,24.208],[117.9436,24.2126],[117.9585,24.2031],[117.9679,24.1598],[117.9788,24.1621],[117.9893,24.1931],[118.0239,24.2067],[118.0593,24.2455],[118.0718,24.2546],[118.0847,24.2491],[118.1087,24.2611],[118.1265,24.262],[118.1196,24.2993],[118.1023,24.3143],[118.0906,24.3415],[118.0718,24.3489],[118.053,24.3469],[118.0242,24.3236],[118.0159,24.3269],[118.0239,24.3508],[118.0408,24.3656],[118.0475,24.3991],[118.0301,24.4128],[117.9894,24.3948],[117.9073,24.3849],[117.8746,24.3963],[117.7913,24.4606],[117.7913,24.4675],[117.8157,24.4716],[117.9011,24.4532],[117.8849,24.4687],[117.8259,24.4805],[117.8677,24.4896],[117.9119,24.4789],[117.9961,24.447],[118.0217,24.4457],[118.0203,24.4547],[117.9995,24.4709],[118.0094,24.4855],[118.0367,24.4909],[118.0581,24.5159],[118.044,24.5283],[118.0208,24.5366],[117.9788,24.5425],[117.9749,24.5527],[117.9924,24.5715],[118.0093,24.5807],[118.0029,24.5624],[118.0211,24.555],[118.0374,24.5606],[118.0448,24.576],[118.037,24.5978],[118.0444,24.6177],[118.0923,24.5978],[118.1104,24.5841],[118.1128,24.5978],[118.131,24.6201],[118.1414,24.657],[118.1575,24.6627],[118.1605,24.6934],[118.1814,24.6728],[118.1876,24.6574],[118.1743,24.6245],[118.2037,24.6215],[118.2158,24.604],[118.1817,24.5978],[118.1812,24.5761],[118.1943,24.5565],[118.219,24.5414],[118.2418,24.5438],[118.2498,24.5761],[118.273,24.5744],[118.284,24.5978],[118.3071,24.5883],[118.325,24.5903],[118.3517,24.5823],[118.3799,24.5902],[118.4048,24.6066],[118.4219,24.6245],[118.4009,24.6723],[118.4312,24.6997],[118.4347,24.659],[118.4281,24.6313],[118.4453,24.629],[118.4749,24.6143],[118.5012,24.6081],[118.5711,24.569],[118.5781,24.5602],[118.5545,24.5532],[118.554,24.5181],[118.5908,24.5281],[118.6205,24.5455],[118.6466,24.5684],[118.6615,24.5903],[118.6642,24.6123],[118.6402,24.6169],[118.6336,24.6279],[118.636,24.6638],[118.6541,24.6934],[118.6854,24.6665],[118.6987,24.676],[118.7202,24.7056],[118.7468,24.7207],[118.7639,24.7517],[118.7595,24.7678],[118.7434,24.7753],[118.72,24.7694],[118.7151,24.7983],[118.7018,24.81],[118.6975,24.8017],[118.6677,24.7822],[118.6438,24.7822],[118.638,24.7721],[118.6179,24.8053],[118.6199,24.8436],[118.6128,24.8558],[118.572,24.8852],[118.5958,24.8747],[118.6241,24.8678],[118.6512,24.8669],[118.6712,24.8747],[118.6734,24.8866],[118.6404,24.9156],[118.6677,24.9534],[118.6881,24.9262],[118.6888,24.8957],[118.6975,24.9068],[118.6956,24.9404],[118.7205,24.9169],[118.7295,24.9005],[118.7297,24.8852],[118.7018,24.8715],[118.6998,24.8515],[118.7161,24.8436],[118.762,24.858],[118.7801,24.8678],[118.7776,24.8852],[118.7921,24.8911],[118.8259,24.8778],[118.8667,24.891],[118.898,24.8758],[118.9244,24.8699],[118.952,24.8708],[118.9762,24.8778],[118.97,24.8989],[118.9342,24.8861],[118.9099,24.9072],[118.9011,24.9378],[118.9116,24.9534],[118.9485,24.9568],[118.9637,24.9544],[118.9771,24.934],[119.009,24.9473],[119.0177,24.9603],[118.9973,24.9534],[118.9832,24.9951],[118.9995,25.0241],[119.0042,25.0502],[118.9973,25.0535],[118.98,25.0118],[118.9537,25.003],[118.9283,25.0149],[118.9352,25.0224],[118.8779,25.0407],[118.8601,25.0565],[118.8491,25.0738],[118.8577,25.098],[118.8856,25.1061],[118.9214,25.1014],[118.9473,25.1132],[118.949,25.1369],[118.9722,25.1721],[118.9746,25.1826],[118.9631,25.1937],[118.933,25.1946],[118.9153,25.1794],[118.9093,25.1957],[118.9111,25.2172],[118.884,25.2204],[118.8648,25.228],[118.8756,25.2438],[118.8965,25.2575],[118.9837,25.283],[119.0273,25.2782],[119.0249,25.2593],[119,25.2541],[118.98,25.2449],[118.9693,25.2264],[118.9873,25.2222],[119.0348,25.2278],[119.0574,25.225],[119.0689,25.2167],[119.0691,25.2037],[119.0586,25.1862],[119.034,25.1587],[119.0291,25.1405],[119.0444,25.1247],[119.0532,25.1576],[119.0647,25.1625],[119.0792,25.1521],[119.0648,25.1247],[119.0991,25.1112],[119.0855,25.1247],[119.0933,25.1356],[119.1338,25.1247],[119.1499,25.1316],[119.1466,25.1437],[119.1338,25.1384],[119.1018,25.1966],[119.1161,25.2138],[119.142,25.221],[119.1756,25.1765],[119.2294,25.1932],[119.2428,25.19],[119.2556,25.1759],[119.2813,25.1794],[119.2888,25.1891],[119.2725,25.2318],[119.2813,25.2414],[119.3237,25.238],[119.3442,25.2424],[119.3529,25.2585],[119.3475,25.2678],[119.3189,25.2794],[119.2914,25.3166],[119.2778,25.3302],[119.2651,25.3176],[119.243,25.3302],[119.2347,25.2949],[119.2163,25.2694],[119.2013,25.2597],[119.1815,25.2893],[119.2015,25.3063],[119.2232,25.3166],[119.2034,25.3581],[119.1953,25.3581],[119.1924,25.342],[119.1732,25.3251],[119.157,25.3626],[119.1096,25.4068],[119.1026,25.4203],[119.1287,25.43],[119.1834,25.465],[119.2151,25.4703],[119.2378,25.4818],[119.2688,25.5269],[119.272,25.5575],[119.2778,25.5705],[119.3106,25.5779],[119.3214,25.5873],[119.3052,25.6046],[119.3226,25.611],[119.343,25.6092],[119.3563,25.6],[119.3529,25.5847],[119.3604,25.5773],[119.3809,25.5909],[119.356,25.5507],[119.3565,25.5269],[119.366,25.5207],[119.4419,25.5095],[119.4491,25.5053],[119.4331,25.4595],[119.4356,25.4469],[119.447,25.4388],[119.4662,25.4748],[119.5049,25.4749],[119.4937,25.4542],[119.4922,25.4404],[119.5042,25.4299],[119.4912,25.3832],[119.4832,25.3712],[119.5444,25.3772],[119.5582,25.4046],[119.536,25.4191],[119.5386,25.4612],[119.5521,25.4538],[119.5615,25.4633],[119.5763,25.4628],[119.5931,25.4394],[119.578,25.4187],[119.5887,25.4013],[119.5999,25.3712],[119.5794,25.3445],[119.6029,25.3461],[119.6546,25.3581],[119.6204,25.365],[119.6373,25.378],[119.646,25.3926],[119.6453,25.4105],[119.6341,25.4333],[119.614,25.4388],[119.628,25.4614],[119.6224,25.4694],[119.5999,25.4748],[119.6036,25.4912],[119.5726,25.4879],[119.5726,25.4947],[119.5999,25.5084],[119.5664,25.5158],[119.583,25.5173],[119.5931,25.5295],[119.5723,25.5334],[119.5684,25.5474],[119.5794,25.5847],[119.5584,25.5638],[119.5344,25.5759],[119.5173,25.5568],[119.4924,25.5648],[119.481,25.5805],[119.4832,25.6257],[119.4671,25.6139],[119.4597,25.6329],[119.4491,25.6872],[119.4771,25.6797],[119.4871,25.6873],[119.5173,25.6902],[119.5228,25.7058],[119.5354,25.7059],[119.5799,25.68],[119.593,25.6932],[119.5964,25.7315],[119.6209,25.7603],[119.606,25.769],[119.6079,25.8052],[119.583,25.8202],[119.5779,25.8624],[119.5664,25.8721],[119.5742,25.8849],[119.5841,25.8769],[119.5999,25.8442],[119.6165,25.8926],[119.6235,25.8994],[119.6543,25.9069],[119.6751,25.9261],[119.699,25.9726],[119.7024,25.9851],[119.6954,26.0026],[119.6751,26.0223],[119.6484,26.0154],[119.6194,26.0235],[119.5664,26.0502],[119.5543,26.0456],[119.5191,26.0445],[119.5042,26.036],[119.5,26.0102],[119.49,25.9942],[119.4409,25.9638],[119.4098,25.9499],[119.3775,25.9414],[119.3467,25.9404],[119.2962,25.957],[119.2468,25.9672],[119.243,25.995],[119.209,26.0434],[119.1952,26.0876],[119.1815,26.0986],[119.1573,26.0908],[119.1365,26.1029],[119.0935,26.1396],[119.0935,26.1458],[119.1202,26.1359],[119.1611,26.1116],[119.2158,26.1001],[119.2332,26.0878],[119.2612,26.0605],[119.2771,26.0529],[119.3269,26.048],[119.3434,26.0421],[119.3734,26.0223],[119.4151,26.0093],[119.4356,25.9814],[119.4585,25.9825],[119.4732,25.9971],[119.4937,26.0329],[119.5183,26.0649],[119.5374,26.0968],[119.5611,26.125],[119.5999,26.1458],[119.5918,26.1664],[119.6135,26.1822],[119.625,26.2029],[119.637,26.2117],[119.6682,26.2215],[119.6682,26.242],[119.6341,26.2551],[119.6543,26.2724],[119.6736,26.2805],[119.7327,26.2851],[119.7644,26.2966],[119.7927,26.2841],[119.8054,26.2904],[119.7849,26.2966],[119.8011,26.3176],[119.8268,26.3284],[119.8547,26.3275],[119.8775,26.3134],[119.8882,26.3188],[119.95,26.3649],[119.95,26.3723],[119.9085,26.3605],[119.8801,26.3631],[119.8558,26.3776],[119.8401,26.3786],[119.8513,26.3928],[119.8258,26.4269],[119.7977,26.4113],[119.7874,26.3974],[119.7801,26.375],[119.7706,26.3649],[119.7544,26.3721],[119.7484,26.3589],[119.7471,26.3276],[119.7357,26.3222],[119.6819,26.3171],[119.6887,26.3376],[119.6653,26.3402],[119.6555,26.3556],[119.6543,26.429],[119.6309,26.4487],[119.6163,26.4374],[119.5941,26.4336],[119.5731,26.4378],[119.5664,26.4549],[119.5796,26.4709],[119.5999,26.4748],[119.6204,26.468],[119.641,26.4822],[119.6537,26.498],[119.6646,26.4921],[119.6898,26.4595],[119.7376,26.4437],[119.752,26.4315],[119.762,26.4075],[119.7918,26.4133],[119.7918,26.4338],[119.8123,26.4338],[119.8189,26.4532],[119.8023,26.4894],[119.7849,26.502],[119.7986,26.5158],[119.7791,26.5207],[119.7659,26.5344],[119.7617,26.5507],[119.7706,26.5641],[119.7849,26.5505],[119.7849,26.5778],[119.7364,26.5915],[119.7429,26.6018],[119.7352,26.612],[119.7009,26.6086],[119.6751,26.6188],[119.6189,26.5878],[119.5999,26.5704],[119.5924,26.5909],[119.5542,26.6152],[119.5411,26.6563],[119.5444,26.6625],[119.5681,26.6645],[119.5999,26.6461],[119.6082,26.6835],[119.596,26.7033],[119.5589,26.7082],[119.5515,26.7252],[119.5521,26.7491],[119.5794,26.7764],[119.5755,26.788],[119.606,26.7969],[119.6218,26.7868],[119.6204,26.7656],[119.6266,26.7491],[119.646,26.7533],[119.6638,26.7405],[119.6961,26.7082],[119.7249,26.6978],[119.7274,26.7179],[119.6838,26.7542],[119.6751,26.7764],[119.6802,26.7996],[119.6924,26.8174],[119.712,26.8079],[119.7261,26.7865],[119.7327,26.7634],[119.7302,26.7429],[119.7562,26.7377],[119.7706,26.759],[119.7652,26.7941],[119.782,26.8285],[119.7984,26.8414],[119.8198,26.8493],[119.8463,26.8522],[119.8348,26.8325],[119.7974,26.8164],[119.7918,26.79],[119.8158,26.7976],[119.8401,26.79],[119.8023,26.7668],[119.7915,26.7048],[119.7918,26.6877],[119.8196,26.7114],[119.8292,26.715],[119.8538,26.6877],[119.8569,26.6535],[119.9016,26.6597],[119.888,26.6872],[119.9019,26.7101],[119.9241,26.7325],[119.9356,26.759],[119.9237,26.7812],[119.9251,26.7922],[119.9463,26.7969],[120.0149,26.79],[120.0675,26.8005],[120.0797,26.7969],[120.0776,26.7856],[120.032,26.7286],[120.0282,26.715],[120.0115,26.7212],[120.0003,26.7077],[119.9863,26.6796],[119.9768,26.674],[119.9841,26.6535],[119.9685,26.6479],[119.929,26.6256],[119.8685,26.6101],[119.8538,26.5983],[119.8548,26.5719],[119.8482,26.5607],[119.8359,26.5615],[119.8357,26.5314],[119.8472,26.5236],[119.8843,26.5232],[119.9356,26.5605],[119.9412,26.5933],[119.96,26.6113],[120.0149,26.6113],[120.0278,26.6153],[120.0797,26.6461],[120.0867,26.6392],[120.0765,26.6301],[120.0804,26.6174],[120.1344,26.6461],[120.1207,26.6461],[120.1036,26.6753],[120.1077,26.7013],[120.1436,26.7101],[120.1428,26.7328],[120.1124,26.7357],[120.1002,26.7429],[120.0977,26.7585],[120.1282,26.7969],[120.1109,26.7987],[120.0763,26.8174],[120.0476,26.8232],[120.0245,26.8379],[120.0252,26.8602],[120.0553,26.8894],[120.032,26.8999],[120.0657,26.8979],[120.0833,26.8863],[120.0956,26.8873],[120.1207,26.8999],[120.1136,26.9188],[120.1257,26.9273],[120.1685,26.9272],[120.2008,26.9154],[120.2191,26.9154],[120.2374,26.9272],[120.23,26.9409],[120.2437,26.9551],[120.2357,26.9664],[120.1996,26.9614],[120.187,26.9635],[120.1487,26.9819],[120.1932,26.9814],[120.23,26.9893],[120.2374,26.9819],[120.2552,26.9971],[120.2556,27.0175],[120.2415,27.034],[120.2163,27.0371],[120.2578,27.0727],[120.2715,27.0576],[120.2783,27.0638],[120.264,27.0986],[120.2437,27.1327],[120.2621,27.13],[120.2827,27.1123],[120.3579,27.0984],[120.3775,27.0986],[120.395,27.106],[120.3739,27.106],[120.3814,27.1252],[120.408,27.1327],[120.408,27.1396],[120.3739,27.147],[120.3846,27.1498],[120.4217,27.147],[120.4217,27.1531],[120.3862,27.1795],[120.3699,27.1875],[120.3473,27.1805],[120.3655,27.2096],[120.3648,27.2251],[120.3473,27.2426],[120.3399,27.2289],[120.3336,27.2351],[120.3064,27.2153],[120.2976,27.2268],[120.27,27.2394],[120.2566,27.2569],[120.2095,27.2351],[120.2019,27.2178],[120.1775,27.2215],[120.1753,27.2388],[120.1958,27.263],[120.1921,27.2877],[120.1958,27.2978],[120.2257,27.2686],[120.2437,27.2835],[120.2237,27.3115],[120.2586,27.3],[120.2715,27.304],[120.264,27.3244],[120.2852,27.304],[120.3119,27.3177],[120.2988,27.2978],[120.3193,27.2904],[120.2953,27.2763],[120.2881,27.2645],[120.292,27.2494],[120.3031,27.2423],[120.3473,27.2494],[120.3762,27.2363],[120.4067,27.1842],[120.4292,27.1737],[120.4192,27.2064]]],[[[118.0925,24.5562],[118.0894,24.5384],[118.0752,24.5122],[118.0747,24.484],[118.0823,24.4823],[118.1062,24.4941],[118.103,24.4799],[118.072,24.4675],[118.0734,24.4527],[118.0921,24.4385],[118.114,24.4306],[118.1365,24.4293],[118.1538,24.4371],[118.1639,24.4719],[118.1808,24.4835],[118.1893,24.5031],[118.1814,24.5351],[118.1631,24.532],[118.1379,24.5365],[118.0925,24.5562]]],[[[119.8465,25.5363],[119.8745,25.5568],[119.8301,25.572],[119.8169,25.5798],[119.8329,25.5909],[119.8135,25.6088],[119.792,25.6046],[119.7803,25.6174],[119.7759,25.6357],[119.7817,25.6592],[119.7635,25.6595],[119.7305,25.6461],[119.6987,25.6126],[119.6927,25.5942],[119.7026,25.5773],[119.7188,25.5913],[119.7305,25.581],[119.7162,25.5363],[119.7263,25.5251],[119.7588,25.5307],[119.7783,25.522],[119.7664,25.5063],[119.7485,25.5026],[119.6961,25.5093],[119.6777,25.5012],[119.6685,25.4879],[119.6999,25.4823],[119.71,25.4879],[119.7118,25.4696],[119.6978,25.4566],[119.693,25.4376],[119.7039,25.4236],[119.7222,25.4138],[119.7573,25.4049],[119.7578,25.4333],[119.772,25.4506],[119.7946,25.463],[119.8211,25.4675],[119.8465,25.4612],[119.8397,25.4792],[119.8064,25.4958],[119.7988,25.5158],[119.8047,25.5326],[119.8186,25.5458],[119.8345,25.5491],[119.8465,25.5363]]],[[[119.551,25.2095],[119.5228,25.2084],[119.5026,25.221],[119.4917,25.2414],[119.4704,25.2522],[119.4447,25.2291],[119.4612,25.2033],[119.4889,25.1963],[119.5033,25.2038],[119.5127,25.1988],[119.5109,25.1823],[119.5173,25.1715],[119.5422,25.1654],[119.5534,25.1953],[119.5676,25.2049],[119.551,25.2095]]],[[[119.3465,25.5667],[119.3317,25.5713],[119.305,25.5434],[119.2815,25.4829],[119.2816,25.4638],[119.2969,25.4229],[119.335,25.438],[119.3306,25.4674],[119.3521,25.5522],[119.3465,25.5667]]],[[[119.627,26.1079],[119.5994,26.1281],[119.5749,26.1195],[119.554,26.0956],[119.5653,26.0805],[119.6204,26.0642],[119.6441,26.0784],[119.627,26.1079]]],[[[120.3268,26.9397],[120.3526,26.9238],[120.3857,26.9352],[120.3739,26.9436],[120.363,26.963],[120.3509,26.9712],[120.3222,26.9621],[120.3185,26.9486],[120.3268,26.9397]]]]},"properties":{"name":"Fujian","name_en":"Fujian","name_ja":"福建省","name_zh":"福建省","name_ko":"푸젠성","adm0_a3":"CHN","postal":"FJ","iso_3166_2":"CN-FJ","type_en":"Province","geonunit":"China"}},
{"type":"Feature","geometry":{"type":"MultiPolygon","coordinates":[[[[121.2555,28.14],[121.2689,28.1939],[121.2564,28.2148],[121.2306,28.2197],[121.2109,28.209],[121.2041,28.1897],[121.1875,28.1689],[121.1653,28.1505],[121.125,28.1401],[121.1204,28.1357],[121.1323,28.1143],[121.1306,28.1035],[121.1552,28.0714],[121.1467,28.0578],[121.1516,28.0412],[121.1864,28.0437],[121.2185,28.0585],[121.2192,28.0679],[121.2381,28.0712],[121.2381,28.0929],[121.2571,28.0852],[121.2791,28.0854],[121.2854,28.1019],[121.2645,28.1216],[121.2555,28.14]]],[[[122.2388,30.3131],[122.2205,30.3207],[122.2251,30.3323],[122.2114,30.3466],[122.166,30.3317],[122.1528,30.3227],[122.1221,30.3193],[122.0957,30.3107],[122.0736,30.2914],[122.114,30.2651],[122.1377,30.2546],[122.2023,30.2419],[122.2145,30.2473],[122.2196,30.2705],[122.2319,30.2777],[122.2039,30.2851],[122.2039,30.2914],[122.2388,30.3131]]],[[[122.3989,30.4565],[122.3747,30.4573],[122.3692,30.477],[122.3488,30.4606],[122.3374,30.4585],[122.3113,30.4726],[122.2908,30.4717],[122.2871,30.4831],[122.2766,30.4798],[122.2738,30.4514],[122.2871,30.4422],[122.2728,30.436],[122.2854,30.4221],[122.306,30.4232],[122.348,30.436],[122.3638,30.4334],[122.4041,30.4186],[122.4231,30.4149],[122.411,30.4521],[122.3989,30.4565]]],[[[121.2748,30.6912],[121.2659,30.7256],[121.2561,30.7441],[121.2264,30.774],[121.1975,30.7863],[121.1538,30.7865],[121.1337,30.7957],[121.1044,30.8343],[121.0853,30.8439],[121.0679,30.8391],[121.0489,30.8116],[121.0311,30.8094],[120.9929,30.8214],[120.981,30.832],[120.997,30.8669],[120.9807,30.8881],[120.9806,30.9025],[120.9929,30.9318],[120.9816,30.9613],[120.9843,30.9924],[120.9692,31.0095],[120.9397,31.0135],[120.9093,31.0117],[120.8943,30.9976],[120.8781,30.9939],[120.8338,31.0017],[120.7815,30.9968],[120.7264,30.9779],[120.6921,30.9766],[120.6822,30.9688],[120.6826,30.9543],[120.6957,30.9434],[120.7067,30.9138],[120.7095,30.8911],[120.6958,30.8803],[120.6345,30.858],[120.6043,30.8603],[120.5779,30.8458],[120.5343,30.8009],[120.491,30.7637],[120.4469,30.8897],[120.4322,30.9028],[120.4035,30.8889],[120.377,30.8912],[120.3617,30.9388],[120.3042,30.9303],[120.2134,30.9205],[120.1286,30.9432],[120.0513,30.9945],[120.0256,31.0222],[119.9624,31.0677],[119.9431,31.0866],[119.9319,31.15],[119.9094,31.1649],[119.8803,31.1696],[119.8356,31.1664],[119.8037,31.1587],[119.7888,31.1602],[119.764,31.1765],[119.7401,31.1765],[119.7002,31.1661],[119.6743,31.1662],[119.6531,31.1591],[119.6298,31.1329],[119.6207,31.0492],[119.5765,30.8792],[119.575,30.8471],[119.533,30.7864],[119.5005,30.7694],[119.4926,30.7542],[119.4881,30.7185],[119.4645,30.6782],[119.4514,30.6481],[119.4431,30.6392],[119.4239,30.6379],[119.4085,30.6465],[119.3975,30.6762],[119.3835,30.6853],[119.3506,30.6754],[119.3387,30.6642],[119.3236,30.632],[119.3059,30.6187],[119.2723,30.6083],[119.2683,30.5796],[119.2415,30.5508],[119.2487,30.5294],[119.2659,30.5166],[119.2816,30.5134],[119.3208,30.5182],[119.33,30.5094],[119.3319,30.4831],[119.3575,30.441],[119.3629,30.4045],[119.3972,30.379],[119.3924,30.3684],[119.3311,30.3724],[119.28,30.3463],[119.2617,30.3292],[119.2473,30.3046],[119.2291,30.3004],[119.2107,30.3137],[119.1655,30.3103],[119.1183,30.3154],[119.0575,30.3119],[119.0049,30.3319],[118.9801,30.3476],[118.9543,30.3548],[118.9347,30.3521],[118.8991,30.3365],[118.8811,30.3244],[118.8757,30.3115],[118.8792,30.2876],[118.9095,30.2222],[118.8963,30.2026],[118.8603,30.173],[118.8527,30.1593],[118.8802,30.1475],[118.869,30.1085],[118.8932,30.0071],[118.894,29.9826],[118.8835,29.967],[118.851,29.9423],[118.8414,29.9266],[118.8349,29.8984],[118.8201,29.88],[118.7413,29.8284],[118.7259,29.8031],[118.7244,29.788],[118.7329,29.7627],[118.7237,29.7302],[118.6481,29.6583],[118.6112,29.6538],[118.5948,29.6482],[118.5569,29.6252],[118.4967,29.5611],[118.4696,29.5239],[118.4213,29.4943],[118.3895,29.4563],[118.3732,29.4528],[118.3436,29.4849],[118.3271,29.4921],[118.3133,29.4875],[118.3062,29.4717],[118.3105,29.4469],[118.2834,29.435],[118.1747,29.4079],[118.1833,29.3812],[118.1806,29.357],[118.1726,29.342],[118.1324,29.2979],[118.1159,29.2916],[118.0739,29.2872],[118.052,29.2753],[118.0556,29.2413],[118.0467,29.2099],[118.0008,29.1439],[117.9992,29.1344],[118.0096,29.1126],[118.0522,29.0749],[118.0639,29.0506],[118.1288,29.0245],[118.2019,28.9715],[118.229,28.9545],[118.228,28.9284],[118.2579,28.9232],[118.2719,28.9088],[118.2927,28.8723],[118.3029,28.8358],[118.3717,28.7986],[118.3937,28.7261],[118.4255,28.6952],[118.4282,28.6792],[118.4165,28.6243],[118.4159,28.604],[118.4275,28.5627],[118.455,28.5274],[118.4579,28.5174],[118.4401,28.5001],[118.4402,28.4928],[118.4646,28.4714],[118.4665,28.3797],[118.4763,28.3323],[118.4715,28.3204],[118.4464,28.2887],[118.4989,28.2624],[118.516,28.2623],[118.5354,28.2848],[118.5925,28.2992],[118.6089,28.2965],[118.6293,28.2839],[118.678,28.2919],[118.6977,28.2999],[118.7352,28.326],[118.7531,28.2836],[118.7629,28.2696],[118.7961,28.2399],[118.8024,28.2227],[118.797,28.2129],[118.7664,28.1906],[118.7657,28.1782],[118.7853,28.1448],[118.7843,28.1298],[118.7532,28.1009],[118.75,28.0868],[118.7463,28.0107],[118.7481,27.9732],[118.7557,27.9598],[118.7784,27.938],[118.8086,27.9213],[118.8198,27.91],[118.8299,27.8851],[118.841,27.8157],[118.8615,27.7662],[118.8895,27.7222],[118.8906,27.7073],[118.882,27.6899],[118.8822,27.6728],[118.8941,27.6515],[118.9227,27.55],[118.9123,27.5297],[118.8899,27.5242],[118.8851,27.5012],[118.8986,27.4877],[118.9191,27.4768],[118.9483,27.4717],[119.0053,27.4801],[119.0532,27.4716],[119.0868,27.4595],[119.1018,27.466],[119.1169,27.4611],[119.1332,27.434],[119.1858,27.4199],[119.2429,27.4176],[119.2656,27.4241],[119.2886,27.4534],[119.3226,27.4618],[119.3357,27.4711],[119.3474,27.4917],[119.3904,27.5126],[119.4124,27.5016],[119.4493,27.5139],[119.4673,27.5253],[119.478,27.5658],[119.496,27.5926],[119.5012,27.6154],[119.5117,27.6367],[119.5303,27.6584],[119.5514,27.6746],[119.5642,27.6755],[119.6158,27.6656],[119.6247,27.6467],[119.6104,27.61],[119.6144,27.6006],[119.6479,27.5861],[119.6543,27.5776],[119.6539,27.5507],[119.6866,27.5113],[119.6909,27.4715],[119.6866,27.432],[119.6934,27.411],[119.733,27.3781],[119.7558,27.3517],[119.7617,27.3251],[119.7701,27.3159],[119.8064,27.3131],[119.8348,27.3248],[119.8667,27.318],[119.8964,27.3249],[119.9307,27.3248],[119.9544,27.3457],[119.9787,27.3579],[119.999,27.3577],[120.0233,27.3429],[120.0382,27.3395],[120.0644,27.3436],[120.1139,27.3831],[120.1477,27.4002],[120.212,27.4137],[120.2489,27.4102],[120.2662,27.4018],[120.2892,27.3826],[120.3065,27.3767],[120.344,27.3796],[120.3585,27.3672],[120.3883,27.329],[120.4058,27.2969],[120.4131,27.2656],[120.4165,27.2087],[120.4192,27.2064],[120.4217,27.2221],[120.4597,27.2204],[120.4684,27.1822],[120.499,27.1972],[120.5178,27.2016],[120.5081,27.216],[120.526,27.2388],[120.5178,27.263],[120.544,27.286],[120.5475,27.3276],[120.5049,27.3388],[120.5049,27.345],[120.5274,27.3498],[120.5396,27.3652],[120.5459,27.4033],[120.5596,27.4021],[120.6226,27.3804],[120.6353,27.3797],[120.6489,27.4002],[120.6394,27.4083],[120.6377,27.4243],[120.6465,27.4445],[120.6656,27.4517],[120.6781,27.4665],[120.682,27.4816],[120.6769,27.4946],[120.662,27.5032],[120.6334,27.5073],[120.6185,27.5164],[120.5966,27.5703],[120.6356,27.6087],[120.6665,27.6254],[120.6756,27.6597],[120.6676,27.6681],[120.6802,27.6864],[120.6725,27.7115],[120.6367,27.7458],[120.6353,27.7633],[120.6527,27.7532],[120.7043,27.7128],[120.7226,27.7159],[120.741,27.7332],[120.796,27.8054],[120.8075,27.8348],[120.827,27.849],[120.8523,27.8582],[120.8684,27.8826],[120.8638,27.9181],[120.8473,27.949],[120.8353,27.956],[120.7506,27.9756],[120.7073,28.0097],[120.6589,28.024],[120.6043,28.024],[120.589,28.0267],[120.5801,28.0461],[120.5802,28.0898],[120.5596,28.1128],[120.577,28.1156],[120.585,28.0955],[120.5902,28.0544],[120.606,28.0422],[120.6209,28.0399],[120.662,28.0445],[120.7075,28.0412],[120.731,28.0358],[120.7811,28.0024],[120.8196,27.9892],[120.88,27.9987],[120.9214,27.9817],[120.9652,27.9871],[120.9935,28.0258],[121.0009,28.0506],[121.002,28.0856],[121.0094,28.1031],[121.0534,28.1482],[121.0858,28.1665],[121.1005,28.1849],[121.1195,28.2189],[121.1301,28.2659],[121.1218,28.2844],[121.0789,28.2781],[121.0396,28.2853],[121.025,28.3046],[121.0667,28.3114],[121.0721,28.2917],[121.0885,28.2932],[121.1303,28.3056],[121.1443,28.3436],[121.169,28.3598],[121.1616,28.3775],[121.169,28.3848],[121.1841,28.3821],[121.2141,28.3606],[121.231,28.3591],[121.2647,28.366],[121.2562,28.3552],[121.2305,28.3481],[121.2175,28.3524],[121.2031,28.3319],[121.2368,28.3061],[121.2489,28.2702],[121.2252,28.2389],[121.2617,28.2258],[121.2752,28.2082],[121.2879,28.1809],[121.3093,28.1749],[121.3301,28.1475],[121.3514,28.1466],[121.3682,28.162],[121.3767,28.1841],[121.3745,28.1953],[121.354,28.1879],[121.3648,28.2258],[121.3745,28.2363],[121.4081,28.2463],[121.4188,28.2697],[121.3955,28.2841],[121.4089,28.3049],[121.436,28.2971],[121.4413,28.3117],[121.4731,28.3306],[121.5,28.3327],[121.5415,28.3218],[121.5675,28.3045],[121.5806,28.3008],[121.5781,28.2603],[121.5855,28.2568],[121.6079,28.2705],[121.6213,28.2851],[121.6417,28.3218],[121.6563,28.3393],[121.6477,28.3485],[121.634,28.3472],[121.6285,28.3639],[121.6323,28.3794],[121.6159,28.3972],[121.6075,28.4203],[121.5838,28.4429],[121.5844,28.4542],[121.6077,28.4772],[121.5846,28.4891],[121.5449,28.4925],[121.5116,28.4895],[121.521,28.501],[121.5816,28.5047],[121.5732,28.5251],[121.5494,28.551],[121.5384,28.5714],[121.5256,28.6247],[121.5101,28.6571],[121.49,28.6657],[121.4548,28.6895],[121.4138,28.6966],[121.3814,28.682],[121.365,28.696],[121.3276,28.692],[121.2584,28.6751],[121.2704,28.6874],[121.2987,28.7012],[121.2993,28.7229],[121.2859,28.7383],[121.2408,28.7528],[121.2312,28.7602],[121.2183,28.7858],[121.1935,28.8048],[121.1597,28.8135],[121.1423,28.8396],[121.1521,28.8425],[121.1629,28.8253],[121.19,28.8117],[121.2144,28.8073],[121.2244,28.798],[121.2379,28.7639],[121.2903,28.7516],[121.3202,28.7248],[121.3512,28.7119],[121.5028,28.7004],[121.6056,28.7247],[121.6214,28.7359],[121.6148,28.7564],[121.6355,28.7785],[121.6626,28.7906],[121.6626,28.798],[121.6358,28.798],[121.6699,28.8253],[121.6419,28.8459],[121.6235,28.8423],[121.6267,28.8808],[121.617,28.8803],[121.6017,28.8936],[121.5806,28.8868],[121.5352,28.9037],[121.5259,28.9147],[121.5118,28.9169],[121.5049,28.9352],[121.4918,28.9284],[121.4978,28.9497],[121.5169,28.9564],[121.5465,28.9522],[121.5543,28.9357],[121.5708,28.9301],[121.5853,28.9383],[121.5874,28.9631],[121.6053,28.9426],[121.6285,28.932],[121.6842,28.9147],[121.6975,28.9368],[121.7178,28.9488],[121.6842,28.9556],[121.6847,28.9675],[121.6594,28.9727],[121.6538,28.9886],[121.6617,29.0029],[121.6898,29.0171],[121.6817,29.0268],[121.6419,29.0513],[121.6174,29.04],[121.5574,29.049],[121.5396,29.0376],[121.5527,29.0287],[121.5321,29.0205],[121.5303,29.0512],[121.5369,29.0612],[121.5564,29.0649],[121.5992,29.0502],[121.6148,29.0581],[121.6246,29.0883],[121.6214,29.1133],[121.5287,29.1151],[121.4968,29.1044],[121.4017,29.1065],[121.4283,29.1271],[121.4564,29.1338],[121.4564,29.1406],[121.436,29.1406],[121.4434,29.1474],[121.4085,29.1611],[121.4314,29.1722],[121.4564,29.1611],[121.4712,29.1914],[121.4802,29.1972],[121.491,29.176],[121.5117,29.1893],[121.5049,29.2089],[121.5305,29.2382],[121.5364,29.2583],[121.5259,29.2778],[121.5505,29.2714],[121.5743,29.2778],[121.562,29.2958],[121.5743,29.3051],[121.5887,29.2915],[121.6065,29.2274],[121.6148,29.206],[121.6289,29.1884],[121.6323,29.2106],[121.6229,29.2641],[121.6289,29.2846],[121.6248,29.3015],[121.6404,29.3066],[121.6546,29.3],[121.6416,29.2676],[121.6392,29.2173],[121.6525,29.183],[121.6706,29.1757],[121.7045,29.1742],[121.7243,29.182],[121.7457,29.2016],[121.7743,29.2539],[121.7779,29.2964],[121.7708,29.3378],[121.7586,29.3598],[121.7759,29.3726],[121.7997,29.374],[121.7879,29.3426],[121.7882,29.3286],[121.7997,29.3188],[121.817,29.3322],[121.8307,29.3339],[121.8406,29.3188],[121.8184,29.3162],[121.7997,29.3051],[121.8018,29.2927],[121.788,29.2019],[121.7853,29.1681],[121.8126,29.1615],[121.8406,29.1611],[121.8938,29.1871],[121.9221,29.1958],[121.943,29.1959],[121.943,29.2232],[121.9573,29.2164],[121.9507,29.2371],[121.9532,29.2497],[121.9666,29.2558],[121.9915,29.2573],[121.9744,29.2846],[121.9627,29.2814],[121.94,29.2641],[121.9222,29.2705],[121.9059,29.2846],[121.9005,29.2987],[121.9158,29.3051],[121.9089,29.3188],[121.9314,29.3239],[121.9295,29.3393],[121.9162,29.3489],[121.9214,29.3813],[121.9157,29.3907],[121.9291,29.4087],[121.9226,29.4181],[121.9363,29.4277],[121.9573,29.4081],[121.9578,29.4231],[121.971,29.4491],[121.9427,29.4797],[121.9441,29.4977],[121.9124,29.5143],[121.9104,29.5246],[121.9498,29.5385],[121.9412,29.5512],[121.9637,29.5602],[121.971,29.5689],[121.9663,29.6025],[121.9426,29.6113],[121.9273,29.6345],[121.9158,29.6409],[121.8996,29.6275],[121.8679,29.6273],[121.854,29.6159],[121.8345,29.6156],[121.7961,29.6006],[121.7743,29.5754],[121.7484,29.5626],[121.745,29.5447],[121.7583,29.5481],[121.7827,29.5434],[121.814,29.5522],[121.8448,29.5362],[121.8474,29.5242],[121.8306,29.5281],[121.812,29.4901],[121.7784,29.4694],[121.7646,29.4767],[121.7572,29.499],[121.7665,29.5206],[121.764,29.5308],[121.7376,29.519],[121.7266,29.5223],[121.7246,29.5385],[121.7109,29.5386],[121.6743,29.5203],[121.6755,29.5105],[121.6427,29.4952],[121.5696,29.4746],[121.5488,29.4386],[121.5313,29.417],[121.5089,29.3983],[121.4849,29.3905],[121.4776,29.4127],[121.4972,29.4222],[121.5117,29.4376],[121.5137,29.452],[121.4918,29.456],[121.5049,29.4838],[121.4797,29.4748],[121.4651,29.4209],[121.4426,29.4154],[121.4427,29.4398],[121.4278,29.4679],[121.4553,29.4894],[121.457,29.5009],[121.4434,29.5242],[121.4583,29.5252],[121.4844,29.5447],[121.5168,29.5461],[121.5226,29.5129],[121.5308,29.51],[121.5743,29.5522],[121.5925,29.5436],[121.6239,29.5544],[121.667,29.5566],[121.7041,29.572],[121.7765,29.6526],[121.8346,29.6871],[121.8624,29.708],[121.8661,29.7366],[121.8731,29.7538],[121.8853,29.7613],[121.9022,29.7525],[121.9244,29.7735],[121.9368,29.7917],[121.983,29.8232],[122.0282,29.836],[122.1148,29.8716],[122.1364,29.8845],[122.1291,29.9038],[122.1059,29.907],[122.0562,29.8874],[121.9817,29.8903],[121.9356,29.8874],[121.9149,29.9187],[121.8164,29.9515],[121.7966,29.963],[121.7675,29.9732],[121.7501,29.9725],[121.7219,29.9605],[121.7323,29.9786],[121.7068,29.9851],[121.6778,30.0006],[121.6583,30.0184],[121.6233,30.0599],[121.5546,30.1609],[121.5068,30.22],[121.4296,30.293],[121.3774,30.3251],[121.2541,30.3484],[121.1854,30.3376],[121.1497,30.3258],[121.1091,30.2828],[120.9944,30.2111],[120.9542,30.192],[120.9235,30.1859],[120.8928,30.1698],[120.8532,30.1744],[120.8286,30.185],[120.8135,30.2133],[120.7514,30.2256],[120.701,30.1846],[120.6629,30.1412],[120.6463,30.1269],[120.6646,30.1096],[120.688,30.0978],[120.7141,30.0933],[120.7647,30.0966],[120.7837,30.0893],[120.7922,30.0661],[120.772,30.0832],[120.755,30.0869],[120.7234,30.0797],[120.6825,30.0849],[120.6533,30.1025],[120.6318,30.1224],[120.6301,30.135],[120.666,30.1662],[120.6914,30.1975],[120.7344,30.2322],[120.7255,30.2426],[120.6987,30.2518],[120.6849,30.2718],[120.6573,30.3363],[120.6517,30.3593],[120.6216,30.3726],[120.5249,30.3779],[120.4771,30.3748],[120.4505,30.3689],[120.421,30.3054],[120.3847,30.2496],[120.3681,30.2409],[120.3503,30.2407],[120.3314,30.2492],[120.2955,30.2787],[120.2744,30.2776],[120.25,30.2701],[120.2302,30.236],[120.2,30.2178],[120.179,30.2007],[120.1471,30.1989],[120.1958,30.2329],[120.2398,30.2889],[120.2579,30.2981],[120.2852,30.2988],[120.3163,30.2909],[120.3423,30.2742],[120.3646,30.2686],[120.379,30.2735],[120.3888,30.2908],[120.4072,30.3542],[120.4303,30.3898],[120.4791,30.4035],[120.6192,30.4061],[120.667,30.4015],[120.6981,30.394],[120.7271,30.3758],[120.745,30.3596],[120.754,30.3271],[120.7696,30.306],[120.7874,30.2936],[120.8107,30.2966],[120.8318,30.3053],[120.8506,30.3302],[120.8882,30.3686],[120.9151,30.3746],[120.8948,30.4013],[120.9288,30.4081],[120.9395,30.4219],[120.9288,30.4531],[120.9317,30.473],[120.9489,30.5068],[120.9778,30.5433],[121.0202,30.5711],[121.0474,30.5828],[121.1024,30.5891],[121.1309,30.5998],[121.1485,30.6278],[121.2029,30.6651],[121.2219,30.675],[121.2748,30.6912]]],[[[121.9575,29.1195],[121.9554,29.1435],[121.9432,29.1611],[121.9266,29.1667],[121.9033,29.1666],[121.8814,29.1603],[121.8682,29.1474],[121.8716,29.1266],[121.9002,29.0937],[121.8887,29.0723],[121.9123,29.0714],[121.9353,29.0629],[121.9583,29.1019],[121.9575,29.1195]]],[[[122.1432,29.7334],[122.1265,29.7451],[122.1238,29.7709],[122.1148,29.7885],[122.0682,29.7795],[122.0393,29.7475],[122.0329,29.7309],[122.0365,29.7175],[122.0531,29.716],[122.0739,29.7244],[122.0928,29.7258],[122.1211,29.6917],[122.1275,29.669],[122.1494,29.6818],[122.1494,29.6689],[122.1698,29.675],[122.1629,29.6545],[122.1869,29.6734],[122.177,29.6968],[122.1432,29.7334]]],[[[122.3952,29.8836],[122.4097,29.9112],[122.3952,29.9221],[122.4075,29.9306],[122.4067,29.9527],[122.3591,29.9463],[122.3464,29.9494],[122.3418,29.963],[122.322,29.9484],[122.3206,29.9372],[122.3335,29.9206],[122.3539,29.9106],[122.3674,29.8959],[122.3692,29.8836],[122.3571,29.8617],[122.3772,29.8389],[122.3952,29.8333],[122.3941,29.8479],[122.3828,29.8647],[122.3952,29.8836]]],[[[121.8818,30.0764],[121.853,30.0871],[121.8477,30.0832],[121.8347,30.045],[121.8351,30.0194],[121.8274,30.0042],[121.8362,29.9887],[121.8716,29.9767],[121.8897,29.984],[121.9033,30.0018],[121.9105,30.0241],[121.9092,30.045],[121.8853,30.0612],[121.8818,30.0764]]],[[[122.3275,30.0245],[122.3042,30.042],[122.2896,30.0673],[122.2561,30.0682],[122.2388,30.0866],[122.2039,30.0996],[122.1736,30.1022],[122.1648,30.1205],[122.1323,30.1238],[122.1033,30.1437],[122.0874,30.1475],[121.9746,30.148],[121.9631,30.1424],[121.978,30.1071],[121.9803,30.0846],[121.9719,30.0677],[121.9768,30.0537],[121.9917,30.0381],[122.0122,30.0319],[122.0105,30.0003],[122.0257,29.9973],[122.0653,30.0159],[122.099,30.0145],[122.1442,30.0004],[122.1847,29.9945],[122.2292,29.9787],[122.2456,29.9699],[122.2778,29.9399],[122.2936,29.9338],[122.3001,29.9525],[122.307,29.9972],[122.3267,30.0108],[122.3275,30.0245]]],[[[121.074,27.4795],[121.0461,27.4652],[121.0673,27.4368],[121.0765,27.4385],[121.0665,27.455],[121.1034,27.4519],[121.1035,27.4601],[121.074,27.4795]]],[[[121.1817,27.8647],[121.1537,27.8564],[121.1567,27.8488],[121.114,27.8441],[121.096,27.8279],[121.098,27.8178],[121.1164,27.8178],[121.1384,27.8249],[121.1712,27.8188],[121.173,27.841],[121.1893,27.8483],[121.1817,27.8647]]],[[[121.0493,27.9509],[121.0718,27.9573],[121.1033,27.9462],[121.1392,27.957],[121.1397,27.9658],[121.1113,27.9838],[121.0648,27.9814],[121.0402,27.958],[121.0493,27.9509]]],[[[121.8622,29.1296],[121.8439,29.1419],[121.7898,29.1498],[121.7858,29.1197],[121.8145,29.1154],[121.8421,29.095],[121.8535,29.0976],[121.8674,29.1158],[121.8622,29.1296]]],[[[122.3047,29.8175],[122.312,29.829],[122.2712,29.8468],[122.2477,29.8461],[122.2317,29.8362],[122.2327,29.8278],[122.2513,29.8061],[122.2956,29.7791],[122.3147,29.7837],[122.3047,29.8175]]],[[[121.9722,29.9448],[121.96,29.9532],[121.9409,29.9377],[121.9336,29.9213],[121.9461,29.904],[121.9741,29.8998],[121.9924,29.9083],[121.9935,29.9189],[121.9722,29.9448]]],[[[122.3457,30.2419],[122.375,30.2622],[122.3958,30.2394],[122.4085,30.244],[122.4077,30.2659],[122.3999,30.2746],[122.3826,30.2772],[122.324,30.2722],[122.3025,30.2521],[122.2874,30.2478],[122.2776,30.2355],[122.3053,30.2401],[122.3457,30.2419]]],[[[122.5293,30.7208],[122.5246,30.7236],[122.4844,30.7147],[122.4729,30.7172],[122.4408,30.741],[122.4299,30.7431],[122.4347,30.7271],[122.4273,30.7039],[122.432,30.698],[122.4607,30.694],[122.4744,30.7026],[122.5248,30.7018],[122.5293,30.7208]]]]},"properties":{"name":"Zhejiang","name_en":"Zhejiang","name_ja":"浙江省","name_zh":"浙江省","name_ko":"저장성","adm0_a3":"CHN","postal":"ZJ","iso_3166_2":"CN-ZJ","type_en":"Province","region":"East China","geonunit":"China"}},
{"type":"Feature","geometry":{"type":"MultiPolygon","coordinates":[[[[121.8377,31.3751],[121.8045,31.3747],[121.7942,31.3688],[121.8132,31.3208],[121.8347,31.2925],[121.8511,31.2939],[121.8775,31.3196],[121.8818,31.3366],[121.8779,31.3543],[121.8678,31.3662],[121.8377,31.3751]]],[[[121.3409,31.491],[121.3253,31.4923],[121.2915,31.4851],[121.2617,31.4867],[121.236,31.4808],[121.2148,31.4673],[121.1868,31.4575],[121.1732,31.4414],[121.1356,31.3744],[121.1405,31.3176],[121.1263,31.277],[121.0867,31.2784],[121.0613,31.2666],[121.0586,31.2484],[121.0704,31.1763],[121.063,31.1537],[121.0347,31.1438],[120.9582,31.135],[120.883,31.14],[120.8652,31.1357],[120.8608,31.1257],[120.8663,31.1074],[120.8892,31.0791],[120.9093,31.0117],[120.9397,31.0135],[120.9692,31.0095],[120.9843,30.9924],[120.9816,30.9613],[120.9929,30.9318],[120.9806,30.9025],[120.9807,30.8881],[120.997,30.8669],[120.981,30.832],[120.9929,30.8214],[121.0311,30.8094],[121.0489,30.8116],[121.0679,30.8391],[121.0853,30.8439],[121.1044,30.8343],[121.1337,30.7957],[121.1538,30.7865],[121.1975,30.7863],[121.2264,30.774],[121.2561,30.7441],[121.2659,30.7256],[121.2748,30.6912],[121.3335,30.7031],[121.3506,30.7134],[121.4106,30.7674],[121.4564,30.7833],[121.5429,30.8165],[121.6311,30.8366],[121.8108,30.8532],[121.9074,30.8571],[121.9601,30.8743],[121.9774,30.9149],[121.9508,30.9821],[121.877,31.0991],[121.7775,31.2144],[121.7252,31.2816],[121.6316,31.3358],[121.5462,31.3661],[121.448,31.4265],[121.4177,31.4528],[121.3609,31.4775],[121.3409,31.491]]],[[[121.8441,31.6079],[121.7212,31.6303],[121.6632,31.6524],[121.6257,31.6758],[121.5711,31.7138],[121.5352,31.7284],[121.501,31.7503],[121.4753,31.7708],[121.3861,31.8117],[121.3226,31.8293],[121.2641,31.8411],[121.2193,31.8295],[121.1814,31.796],[121.1763,31.7843],[121.2245,31.7377],[121.2859,31.704],[121.3145,31.6556],[121.3447,31.6413],[121.3755,31.6341],[121.4046,31.6137],[121.4846,31.5799],[121.5175,31.5684],[121.5413,31.5538],[121.5715,31.5294],[121.6846,31.5068],[121.7302,31.4848],[121.7834,31.4657],[121.8173,31.4467],[121.8514,31.4392],[121.9129,31.4563],[121.9779,31.4778],[121.9866,31.5039],[121.9801,31.5403],[121.919,31.5785],[121.8441,31.6079]]],[[[121.7624,31.3738],[121.7256,31.4027],[121.6913,31.4192],[121.6182,31.4438],[121.5912,31.4459],[121.5845,31.4414],[121.5988,31.4291],[121.7205,31.3577],[121.7664,31.3206],[121.78,31.3252],[121.7822,31.3418],[121.7624,31.3738]]]]},"properties":{"name":"Shanghai","name_en":"Shanghai","name_ja":"上海市","name_zh":"上海市","name_ko":"상하이시","adm0_a3":"CHN","postal":"SH","iso_3166_2":"CN-SH","type_en":"Municipality","region":"East China","geonunit":"China"}},
{"type":"Feature","geometry":{"type":"MultiPolygon","coordinates":[[[[119.8807,32.1252],[119.875,32.1552],[119.8329,32.2521],[119.8143,32.2756],[119.7853,32.2917],[119.7508,32.2931],[119.7162,32.2727],[119.7195,32.2496],[119.7498,32.228],[119.7893,32.2115],[119.8193,32.2038],[119.791,32.1655],[119.792,32.1218],[119.8587,32.1015],[119.8903,32.0754],[119.9014,32.0825],[119.8807,32.1252]]],[[[119.2803,35.0766],[119.2732,35.0993],[119.253,35.1091],[119.2287,35.1126],[119.1756,35.1059],[119.1021,35.0601],[119.0763,35.0498],[118.954,35.0508],[118.8943,35.0454],[118.8668,35.0363],[118.8556,35.0154],[118.8568,34.9837],[118.8423,34.9346],[118.8336,34.9193],[118.7983,34.8758],[118.7767,34.8336],[118.7728,34.7916],[118.7594,34.7486],[118.7247,34.7068],[118.7045,34.6907],[118.6807,34.6839],[118.6527,34.6869],[118.5964,34.7075],[118.5579,34.7087],[118.5318,34.7053],[118.4772,34.6892],[118.464,34.6809],[118.4523,34.662],[118.4505,34.6284],[118.4334,34.6093],[118.4227,34.5785],[118.4195,34.504],[118.4099,34.4717],[118.391,34.4437],[118.3428,34.4186],[118.3107,34.4199],[118.2481,34.412],[118.1977,34.3997],[118.1654,34.3992],[118.1702,34.4371],[118.1602,34.4563],[118.1461,34.4651],[118.1324,34.4843],[118.1324,34.496],[118.1487,34.5193],[118.1504,34.5475],[118.1138,34.5586],[118.0942,34.571],[118.0894,34.5835],[118.0877,34.6222],[118.077,34.6408],[118.0504,34.6515],[117.9986,34.6564],[117.9426,34.675],[117.9147,34.677],[117.8519,34.6633],[117.8059,34.6637],[117.7901,34.6512],[117.7884,34.609],[117.7747,34.5459],[117.7733,34.5265],[117.7598,34.5221],[117.7136,34.5338],[117.6712,34.5328],[117.6532,34.5261],[117.5907,34.4716],[117.5663,34.4626],[117.5466,34.4624],[117.469,34.4753],[117.4442,34.4929],[117.3736,34.564],[117.337,34.5886],[117.2739,34.5637],[117.2443,34.5343],[117.2375,34.5175],[117.2399,34.4739],[117.2355,34.4613],[117.2104,34.4455],[117.1818,34.4501],[117.1562,34.4754],[117.1447,34.5016],[117.1404,34.5644],[117.0606,34.7095],[117.0432,34.7302],[116.9933,34.774],[116.9764,34.8058],[116.9722,34.838],[116.9593,34.8629],[116.9414,34.8796],[116.8276,34.9583],[116.813,34.9594],[116.7996,34.9417],[116.7773,34.9343],[116.7247,34.9291],[116.6468,34.9384],[116.6319,34.9379],[116.5751,34.9203],[116.5472,34.9144],[116.4994,34.9106],[116.47,34.8983],[116.4537,34.8816],[116.4202,34.8343],[116.4157,34.758],[116.4104,34.7365],[116.3901,34.7206],[116.3825,34.7032],[116.387,34.6831],[116.3843,34.6518],[116.3772,34.6395],[116.4199,34.6426],[116.4843,34.5988],[116.5097,34.5662],[116.5715,34.5265],[116.5906,34.5005],[116.6249,34.485],[116.7153,34.4681],[116.7695,34.4518],[116.783,34.4408],[116.8023,34.4001],[116.8145,34.3921],[116.8477,34.3898],[116.9062,34.4009],[116.9357,34.3978],[116.9495,34.3893],[116.9777,34.3561],[116.9802,34.3454],[116.9661,34.2978],[116.9695,34.2754],[116.979,34.2654],[117.0195,34.2376],[117.0141,34.1928],[117.0184,34.1707],[117.0339,34.1555],[117.137,34.1074],[117.1594,34.0912],[117.1785,34.0845],[117.2293,34.0741],[117.3213,34.0789],[117.3486,34.07],[117.3703,34.0557],[117.3917,34.0313],[117.4069,34.025],[117.4406,34.0262],[117.4768,34.0447],[117.5035,34.0498],[117.5328,34.0398],[117.5475,34.0267],[117.5724,33.9905],[117.5942,33.9861],[117.6084,33.9899],[117.6239,34.0083],[117.6509,33.9825],[117.6628,33.9402],[117.6808,33.9145],[117.6875,33.8876],[117.7149,33.8783],[117.7456,33.8823],[117.7488,33.869],[117.7442,33.8232],[117.7476,33.7764],[117.7424,33.7502],[117.7269,33.7279],[117.7522,33.7244],[117.8313,33.7346],[117.8649,33.7264],[117.8992,33.7343],[117.9255,33.734],[117.9655,33.7516],[118.0616,33.7571],[118.091,33.7659],[118.1237,33.766],[118.1442,33.7556],[118.1633,33.7368],[118.1736,33.7156],[118.1767,33.6926],[118.1684,33.6726],[118.1215,33.6113],[118.1105,33.5308],[118.1128,33.4795],[118.091,33.4779],[118.0633,33.489],[118.0396,33.4547],[117.9925,33.3489],[117.9831,33.2995],[117.941,33.2617],[117.9319,33.2351],[117.9418,33.2246],[117.9684,33.2139],[117.9789,33.2044],[117.9964,33.1678],[118.0138,33.1618],[118.0807,33.1496],[118.095,33.1613],[118.1564,33.1814],[118.1605,33.2071],[118.1698,33.2132],[118.1968,33.2049],[118.218,33.1799],[118.2207,33.1644],[118.2165,33.1172],[118.2241,33.0779],[118.2484,33.0134],[118.26,32.9989],[118.2948,32.9746],[118.2989,32.9631],[118.2541,32.9392],[118.239,32.9237],[118.2393,32.8939],[118.2506,32.8701],[118.2877,32.838],[118.2891,32.7956],[118.2997,32.7774],[118.3628,32.7499],[118.3673,32.7357],[118.3991,32.7309],[118.4308,32.7403],[118.5764,32.7267],[118.5996,32.7416],[118.625,32.7449],[118.7085,32.7321],[118.7202,32.7321],[118.7454,32.7572],[118.738,32.7864],[118.7451,32.8016],[118.7482,32.8385],[118.7667,32.8555],[118.7977,32.8651],[118.8057,32.9089],[118.8127,32.9251],[118.833,32.9428],[118.8379,32.9614],[118.8574,32.9723],[118.9104,32.9573],[118.9509,32.9667],[118.993,32.962],[119.0063,32.9437],[119.0089,32.9095],[119.0307,32.9003],[119.0502,32.8801],[119.0768,32.8614],[119.0951,32.841],[119.1095,32.8339],[119.148,32.8285],[119.1565,32.8183],[119.151,32.7891],[119.1544,32.7713],[119.172,32.7415],[119.185,32.731],[119.1904,32.7112],[119.1919,32.6672],[119.2022,32.6238],[119.1994,32.5937],[119.1689,32.5752],[119.1466,32.5409],[119.1388,32.5001],[119.0805,32.4461],[119.0662,32.4454],[119.0623,32.4676],[119.034,32.4994],[119.0096,32.5132],[118.9835,32.5123],[118.9725,32.5171],[118.9407,32.5583],[118.9057,32.5637],[118.9051,32.5896],[118.8913,32.5957],[118.8472,32.5876],[118.8283,32.5912],[118.819,32.6032],[118.7767,32.5991],[118.7587,32.6127],[118.7244,32.6001],[118.7017,32.6003],[118.6662,32.5874],[118.6429,32.5939],[118.608,32.5813],[118.5802,32.5935],[118.5589,32.5875],[118.5518,32.5744],[118.5593,32.5493],[118.5919,32.5267],[118.5928,32.5001],[118.601,32.483],[118.6118,32.4777],[118.6499,32.4735],[118.6614,32.4682],[118.6679,32.4532],[118.6677,32.4037],[118.6841,32.3392],[118.6615,32.3157],[118.6504,32.289],[118.6696,32.2672],[118.6654,32.2497],[118.6504,32.2379],[118.599,32.2116],[118.5423,32.2012],[118.5144,32.1998],[118.5031,32.1929],[118.4987,32.1763],[118.4991,32.1377],[118.483,32.1241],[118.4115,32.0887],[118.3979,32.0781],[118.3831,32.054],[118.3853,32.024],[118.4028,32.0032],[118.3703,31.9805],[118.3666,31.964],[118.352,31.9467],[118.3752,31.9254],[118.4226,31.896],[118.4486,31.8971],[118.4604,31.8907],[118.4811,31.8587],[118.4724,31.804],[118.4769,31.7902],[118.5111,31.7677],[118.5397,31.7545],[118.5687,31.7356],[118.6374,31.7254],[118.6753,31.7126],[118.6844,31.7009],[118.6604,31.6685],[118.6679,31.6542],[118.7096,31.6397],[118.736,31.6392],[118.7655,31.6716],[118.7894,31.6674],[118.7999,31.6281],[118.8104,31.6235],[118.8441,31.6329],[118.8605,31.6274],[118.8685,31.6071],[118.8684,31.5818],[118.8799,31.5522],[118.8809,31.5224],[118.8272,31.3975],[118.7967,31.372],[118.751,31.358],[118.742,31.3496],[118.7366,31.3208],[118.7557,31.2808],[118.7849,31.2586],[118.7993,31.2309],[118.8161,31.2263],[119.0747,31.2388],[119.096,31.2471],[119.1629,31.2874],[119.1759,31.2886],[119.2361,31.2649],[119.2545,31.2621],[119.2834,31.2671],[119.3168,31.2667],[119.3361,31.2844],[119.3489,31.2858],[119.3597,31.254],[119.3566,31.2192],[119.3628,31.1924],[119.3814,31.1842],[119.4066,31.1804],[119.4931,31.151],[119.5269,31.1553],[119.548,31.1413],[119.5924,31.1308],[119.6298,31.1329],[119.6531,31.1591],[119.6743,31.1662],[119.7002,31.1661],[119.7401,31.1765],[119.764,31.1765],[119.7888,31.1602],[119.8037,31.1587],[119.8356,31.1664],[119.8803,31.1696],[119.9094,31.1649],[119.9319,31.15],[119.9431,31.0866],[119.9624,31.0677],[120.0256,31.0222],[120.0513,30.9945],[120.1286,30.9432],[120.2134,30.9205],[120.3042,30.9303],[120.3617,30.9388],[120.377,30.8912],[120.4035,30.8889],[120.4322,30.9028],[120.4469,30.8897],[120.491,30.7637],[120.5343,30.8009],[120.5779,30.8458],[120.6043,30.8603],[120.6345,30.858],[120.6958,30.8803],[120.7095,30.8911],[120.7067,30.9138],[120.6957,30.9434],[120.6826,30.9543],[120.6822,30.9688],[120.6921,30.9766],[120.7264,30.9779],[120.7815,30.9968],[120.8338,31.0017],[120.8781,30.9939],[120.8943,30.9976],[120.9093,31.0117],[120.8892,31.0791],[120.8663,31.1074],[120.8608,31.1257],[120.8652,31.1357],[120.883,31.14],[120.9582,31.135],[121.0347,31.1438],[121.063,31.1537],[121.0704,31.1763],[121.0586,31.2484],[121.0613,31.2666],[121.0867,31.2784],[121.1263,31.277],[121.1405,31.3176],[121.1356,31.3744],[121.1732,31.4414],[121.1868,31.4575],[121.2148,31.4673],[121.236,31.4808],[121.2617,31.4867],[121.2915,31.4851],[121.3253,31.4923],[121.3409,31.491],[121.3203,31.5048],[121.2447,31.6004],[121.1444,31.6847],[121.067,31.7241],[121.0138,31.743],[120.9485,31.7579],[120.8954,31.7633],[120.8319,31.7778],[120.7484,31.8022],[120.7315,31.8139],[120.7208,31.8319],[120.7171,31.8611],[120.7515,31.8247],[120.8078,31.8097],[120.8248,31.8287],[120.8074,31.8738],[120.7798,31.9159],[120.7504,31.9783],[120.69,31.9982],[120.67,31.9988],[120.6043,31.9914],[120.5178,32.0187],[120.4695,32.0251],[120.4554,32.0214],[120.4558,31.9825],[120.4182,31.9697],[120.3412,31.9563],[120.23,31.9089],[120.1783,31.9042],[120.131,31.9123],[120.0388,31.9431],[120.0064,31.9503],[119.9787,31.969],[119.9385,32.018],[119.8556,32.087],[119.7849,32.1143],[119.7644,32.1437],[119.7638,32.1625],[119.7886,32.1986],[119.7786,32.2047],[119.7302,32.2106],[119.7014,32.2335],[119.6904,32.2353],[119.6453,32.1952],[119.6277,32.1894],[119.606,32.1969],[119.649,32.2196],[119.676,32.2781],[119.6854,32.2924],[119.6786,32.3062],[119.649,32.3361],[119.6129,32.3546],[119.6409,32.3588],[119.6924,32.3198],[119.7581,32.327],[119.8184,32.3137],[119.8421,32.2991],[119.8743,32.2651],[119.8875,32.2139],[119.9005,32.1982],[119.9221,32.2174],[119.9212,32.1965],[119.9085,32.1389],[119.9214,32.1085],[119.992,32.0159],[120.02,31.9908],[120.0523,31.9709],[120.0901,31.955],[120.1314,31.9432],[120.1759,31.9367],[120.2237,31.9368],[120.2671,31.9487],[120.3003,31.9717],[120.3616,32.0256],[120.4278,32.0529],[120.4908,32.0825],[120.5224,32.0826],[120.5655,32.0767],[120.6344,32.077],[120.7436,32.036],[120.8108,32.0226],[120.8469,31.9914],[120.9055,31.926],[120.9193,31.8994],[120.9414,31.8925],[120.9448,31.8846],[120.9406,31.8446],[120.9506,31.8252],[120.9778,31.8144],[121.0054,31.8208],[121.0399,31.8193],[121.0866,31.8018],[121.1151,31.7963],[121.1852,31.8367],[121.2279,31.8659],[121.2864,31.8906],[121.3174,31.8832],[121.416,31.8406],[121.4802,31.811],[121.4949,31.8065],[121.5174,31.7834],[121.5743,31.7655],[121.6072,31.7486],[121.6756,31.7236],[121.749,31.7116],[121.8173,31.6909],[121.872,31.6907],[121.9148,31.7064],[121.9304,31.7267],[121.9221,31.7544],[121.8747,31.8259],[121.875,31.8637],[121.8478,31.9046],[121.8252,31.9277],[121.8219,31.9525],[121.7644,31.9953],[121.7178,32.0256],[121.6831,32.0426],[121.6554,32.0629],[121.5542,32.1025],[121.5308,32.1085],[121.4819,32.1103],[121.4673,32.1218],[121.4434,32.1143],[121.4321,32.1339],[121.4251,32.164],[121.3987,32.1689],[121.368,32.2274],[121.3667,32.239],[121.4193,32.2503],[121.4011,32.3521],[121.3894,32.3849],[121.3541,32.4148],[121.2717,32.4477],[121.2151,32.4727],[121.1915,32.4787],[121.1573,32.4956],[121.1202,32.5074],[121.1008,32.498],[121.0987,32.5211],[121.0862,32.536],[121.0663,32.544],[120.975,32.5951],[120.9439,32.6052],[120.9112,32.6301],[120.9066,32.6597],[120.8639,32.6711],[120.8303,32.6977],[120.8401,32.7245],[120.8431,32.7039],[120.8604,32.6898],[120.8614,32.7197],[120.8524,32.756],[120.8803,32.772],[120.9048,32.8126],[120.9078,32.8439],[120.8887,32.9627],[120.8958,33.0136],[120.8901,33.0261],[120.8674,33.0324],[120.8338,33.0256],[120.8259,33.0302],[120.8196,33.0541],[120.8189,33.0922],[120.8125,33.1058],[120.7922,33.1087],[120.807,33.1378],[120.7852,33.165],[120.7302,33.2049],[120.7435,33.2086],[120.7444,33.2241],[120.7322,33.2482],[120.7476,33.2558],[120.7503,33.2696],[120.7379,33.2793],[120.6951,33.2932],[120.6672,33.3251],[120.662,33.338],[120.6558,33.4132],[120.6521,33.4281],[120.6278,33.478],[120.5733,33.5333],[120.5391,33.5947],[120.526,33.6107],[120.4837,33.65],[120.4951,33.6622],[120.5117,33.6567],[120.5059,33.6972],[120.5049,33.7356],[120.4983,33.7533],[120.4497,33.7864],[120.4509,33.8015],[120.4314,33.846],[120.4071,33.8598],[120.3984,33.879],[120.4126,33.8875],[120.408,33.9168],[120.385,33.9704],[120.3713,34.036],[120.3535,34.0608],[120.3482,34.0769],[120.3252,34.1113],[120.325,34.1365],[120.2988,34.2043],[120.2742,34.2445],[120.2571,34.3118],[120.2398,34.3237],[120.1182,34.3596],[120.0787,34.3775],[120.023,34.4194],[119.9829,34.4407],[119.94,34.4579],[119.905,34.4649],[119.8621,34.4658],[119.8262,34.4704],[119.7953,34.4817],[119.7512,34.5142],[119.7053,34.5312],[119.6477,34.5338],[119.641,34.5505],[119.6092,34.5627],[119.5887,34.5822],[119.5317,34.6157],[119.4566,34.6846],[119.4727,34.6981],[119.4742,34.7153],[119.4632,34.7324],[119.4422,34.746],[119.3877,34.7535],[119.3467,34.7808],[119.325,34.76],[119.2914,34.7535],[119.2418,34.7617],[119.221,34.7494],[119.2098,34.7186],[119.1922,34.7182],[119.1887,34.7331],[119.1953,34.7597],[119.1891,34.7665],[119.2019,34.785],[119.1931,34.8099],[119.1887,34.8563],[119.2034,34.9316],[119.1929,34.974],[119.1929,35.0004],[119.2039,35.025],[119.2073,35.0484],[119.2212,35.064],[119.2803,35.0766]]]]},"properties":{"name":"Jiangsu","name_en":"Jiangsu","name_ja":"江蘇省","name_zh":"江苏省","name_ko":"장쑤성","adm0_a3":"CHN","postal":"JS","iso_3166_2":"CN-JS","type_en":"Province","region":"East China","geonunit":"China"}},
{"type":"Feature","geometry":{"type":"MultiPolygon","coordinates":[[[[117.8372,38.2709],[117.7906,38.252],[117.7752,38.2358],[117.7687,38.2193],[117.7677,38.1909],[117.7798,38.1644],[117.7541,38.1282],[117.6873,38.0727],[117.6185,38.0579],[117.5867,38.0573],[117.5687,38.0489],[117.5327,38.0154],[117.5059,37.9701],[117.4893,37.9308],[117.4645,37.9069],[117.4409,37.8669],[117.4206,37.8467],[117.3775,37.8411],[117.3194,37.8508],[117.2348,37.8412],[117.1716,37.8428],[117.1194,37.8401],[117.0755,37.8424],[116.9965,37.8319],[116.9595,37.8381],[116.9326,37.8356],[116.8755,37.8369],[116.8395,37.8337],[116.8024,37.8403],[116.7647,37.8223],[116.7439,37.7993],[116.7276,37.7538],[116.7184,37.7446],[116.6573,37.7112],[116.642,37.6945],[116.6316,37.6725],[116.6087,37.6394],[116.581,37.6107],[116.5567,37.5971],[116.5336,37.5716],[116.505,37.5527],[116.4849,37.5326],[116.4541,37.5151],[116.4207,37.4788],[116.4106,37.4846],[116.3864,37.5156],[116.3797,37.533],[116.376,37.5831],[116.371,37.5972],[116.3501,37.6209],[116.3195,37.5975],[116.3065,37.5713],[116.2759,37.5455],[116.2639,37.5113],[116.2317,37.4804],[116.2199,37.4624],[116.2227,37.4383],[116.2492,37.4165],[116.2556,37.3873],[116.2265,37.3635],[116.2068,37.3551],[116.1805,37.356],[116.1479,37.3675],[116.115,37.3681],[116.0849,37.3593],[116.0357,37.3543],[115.9966,37.3309],[115.975,37.3217],[115.9727,37.2718],[115.9566,37.2416],[115.9415,37.2273],[115.9072,37.2065],[115.8984,37.1962],[115.8923,37.1715],[115.8704,37.1288],[115.8703,37.0971],[115.8518,37.0572],[115.8242,37.0372],[115.7868,37.0003],[115.7762,36.9854],[115.7778,36.9606],[115.773,36.9457],[115.7471,36.9149],[115.7007,36.8787],[115.6861,36.8595],[115.6644,36.8153],[115.6264,36.7936],[115.5443,36.7677],[115.4995,36.7617],[115.4778,36.7536],[115.4611,36.7229],[115.4241,36.6863],[115.4001,36.6717],[115.3655,36.6244],[115.3416,36.5998],[115.348,36.5817],[115.3277,36.5654],[115.3176,36.5282],[115.2892,36.4989],[115.2757,36.4742],[115.2934,36.4534],[115.302,36.4288],[115.3329,36.3755],[115.3433,36.3521],[115.3469,36.3177],[115.36,36.3008],[115.3945,36.301],[115.4124,36.2877],[115.4245,36.2699],[115.4489,36.2492],[115.4558,36.2271],[115.4603,36.1579],[115.4631,36.1107],[115.4588,36.07],[115.4493,36.0418],[115.424,35.9946],[115.3998,35.9724],[115.3519,35.9515],[115.3339,35.9311],[115.3184,35.8173],[115.3176,35.7915],[115.3311,35.7737],[115.3556,35.7808],[115.3773,35.7934],[115.4164,35.8238],[115.4345,35.8556],[115.4416,35.8888],[115.4493,35.9021],[115.4682,35.9129],[115.4912,35.9155],[115.5303,35.9112],[115.6692,35.9438],[115.7387,35.9686],[115.7885,35.9988],[115.8287,36.031],[115.8577,36.0336],[115.9269,36.022],[115.9625,36.0355],[116.0773,36.1031],[116.0903,36.0786],[116.0872,36.0592],[116.0644,36.0409],[116.0337,35.9658],[115.991,35.9809],[115.9657,35.9859],[115.9202,35.9678],[115.8635,35.925],[115.8583,35.9044],[115.8839,35.8876],[115.8863,35.8777],[115.8738,35.8655],[115.851,35.8591],[115.7613,35.8492],[115.73,35.8306],[115.6808,35.7678],[115.655,35.7463],[115.618,35.7313],[115.5764,35.7223],[115.5368,35.7194],[115.5042,35.7228],[115.5027,35.6955],[115.4921,35.6782],[115.4675,35.6635],[115.4207,35.6437],[115.4032,35.6305],[115.3951,35.6158],[115.3928,35.5723],[115.3835,35.5575],[115.3416,35.5555],[115.3308,35.5344],[115.345,35.4963],[115.3404,35.4852],[115.3071,35.4758],[115.2663,35.4362],[115.2265,35.4162],[115.1507,35.4159],[115.1321,35.3979],[115.0918,35.3904],[115.0684,35.3801],[115.0263,35.3324],[115.0092,35.2942],[114.982,35.2669],[114.9417,35.2188],[114.8643,35.1887],[114.8516,35.1782],[114.8518,35.1596],[114.865,35.1206],[114.8471,35.0816],[114.8475,35.0381],[114.8342,35.0162],[114.8833,34.9995],[114.9051,34.996],[114.9769,35.0101],[114.9978,35.0078],[115.1745,34.9442],[115.2016,34.9207],[115.2223,34.8965],[115.216,34.8357],[115.2307,34.8267],[115.246,34.8423],[115.2701,34.8493],[115.3176,34.8428],[115.3512,34.8192],[115.4105,34.7941],[115.4293,34.7797],[115.4288,34.7224],[115.4358,34.6757],[115.4481,34.652],[115.4836,34.6123],[115.5194,34.5853],[115.5417,34.5775],[115.6164,34.5674],[115.6464,34.5687],[115.677,34.5825],[115.685,34.5977],[115.7068,34.6003],[115.7483,34.592],[115.8003,34.5721],[115.8164,34.5714],[115.8793,34.5891],[115.9567,34.5918],[115.9666,34.594],[115.9937,34.6216],[116.0081,34.6182],[116.0437,34.6002],[116.0646,34.6041],[116.0847,34.6162],[116.1009,34.6077],[116.1305,34.5716],[116.1513,34.5667],[116.1865,34.5831],[116.2047,34.583],[116.228,34.5654],[116.2669,34.5767],[116.344,34.616],[116.3772,34.6395],[116.3843,34.6518],[116.387,34.6831],[116.3825,34.7032],[116.3901,34.7206],[116.4104,34.7365],[116.4157,34.758],[116.4202,34.8343],[116.4537,34.8816],[116.47,34.8983],[116.4994,34.9106],[116.5472,34.9144],[116.5751,34.9203],[116.6319,34.9379],[116.6468,34.9384],[116.7247,34.9291],[116.7773,34.9343],[116.7996,34.9417],[116.813,34.9594],[116.8276,34.9583],[116.9414,34.8796],[116.9593,34.8629],[116.9722,34.838],[116.9764,34.8058],[116.9933,34.774],[117.0432,34.7302],[117.0606,34.7095],[117.1404,34.5644],[117.1447,34.5016],[117.1562,34.4754],[117.1818,34.4501],[117.2104,34.4455],[117.2355,34.4613],[117.2399,34.4739],[117.2375,34.5175],[117.2443,34.5343],[117.2739,34.5637],[117.337,34.5886],[117.3736,34.564],[117.4442,34.4929],[117.469,34.4753],[117.5466,34.4624],[117.5663,34.4626],[117.5907,34.4716],[117.6532,34.5261],[117.6712,34.5328],[117.7136,34.5338],[117.7598,34.5221],[117.7733,34.5265],[117.7747,34.5459],[117.7884,34.609],[117.7901,34.6512],[117.8059,34.6637],[117.8519,34.6633],[117.9147,34.677],[117.9426,34.675],[117.9986,34.6564],[118.0504,34.6515],[118.077,34.6408],[118.0877,34.6222],[118.0894,34.5835],[118.0942,34.571],[118.1138,34.5586],[118.1504,34.5475],[118.1487,34.5193],[118.1324,34.496],[118.1324,34.4843],[118.1461,34.4651],[118.1602,34.4563],[118.1702,34.4371],[118.1654,34.3992],[118.1977,34.3997],[118.2481,34.412],[118.3107,34.4199],[118.3428,34.4186],[118.391,34.4437],[118.4099,34.4717],[118.4195,34.504],[118.4227,34.5785],[118.4334,34.6093],[118.4505,34.6284],[118.4523,34.662],[118.464,34.6809],[118.4772,34.6892],[118.5318,34.7053],[118.5579,34.7087],[118.5964,34.7075],[118.6527,34.6869],[118.6807,34.6839],[118.7045,34.6907],[118.7247,34.7068],[118.7594,34.7486],[118.7728,34.7916],[118.7767,34.8336],[118.7983,34.8758],[118.8336,34.9193],[118.8423,34.9346],[118.8568,34.9837],[118.8556,35.0154],[118.8668,35.0363],[118.8943,35.0454],[118.954,35.0508],[119.0763,35.0498],[119.1021,35.0601],[119.1756,35.1059],[119.2287,35.1126],[119.253,35.1091],[119.2732,35.0993],[119.2803,35.0766],[119.3362,35.0887],[119.358,35.0971],[119.3706,35.1174],[119.3877,35.2054],[119.4046,35.2537],[119.4219,35.2774],[119.4219,35.3005],[119.4287,35.3215],[119.4696,35.3215],[119.5077,35.3323],[119.5223,35.3527],[119.5515,35.38],[119.5623,35.4006],[119.5696,35.4348],[119.596,35.462],[119.6041,35.488],[119.6341,35.548],[119.648,35.5839],[119.6968,35.5994],[119.7071,35.6142],[119.7325,35.6208],[119.7484,35.6093],[119.7439,35.5759],[119.771,35.5933],[119.8116,35.6479],[119.8401,35.6579],[119.8341,35.6353],[119.8433,35.6158],[119.8602,35.6061],[119.9046,35.6246],[119.9085,35.634],[119.9005,35.6605],[119.9083,35.6809],[119.9356,35.705],[119.9002,35.7363],[119.9255,35.7568],[119.9378,35.7611],[119.97,35.7324],[120.0029,35.7278],[120.0198,35.7598],[120.0388,35.8428],[120.0523,35.8626],[120.0972,35.9008],[120.1358,35.9041],[120.1685,35.9384],[120.189,35.9453],[120.1897,35.9315],[120.1705,35.9075],[120.1753,35.89],[120.1852,35.9038],[120.2268,35.9418],[120.2444,35.9531],[120.2844,35.9626],[120.3053,35.987],[120.2849,36.0109],[120.2808,35.9982],[120.2428,35.9736],[120.2295,35.9728],[120.23,35.9999],[120.1978,35.9853],[120.1753,35.9936],[120.1707,36.0087],[120.1719,36.0461],[120.1685,36.062],[120.1541,36.0771],[120.1168,36.0876],[120.1002,36.0961],[120.0897,36.1117],[120.0894,36.1477],[120.1052,36.1742],[120.1053,36.2009],[120.0859,36.2091],[120.0972,36.2264],[120.1082,36.2255],[120.1173,36.2097],[120.1445,36.2089],[120.1868,36.2191],[120.2191,36.2219],[120.2163,36.1991],[120.2845,36.176],[120.2988,36.1916],[120.2752,36.2041],[120.2735,36.2343],[120.2865,36.2638],[120.3064,36.2742],[120.3228,36.2264],[120.3392,36.2226],[120.3616,36.1916],[120.335,36.1361],[120.3135,36.1045],[120.3084,36.0795],[120.292,36.062],[120.3247,36.0572],[120.3535,36.0408],[120.3695,36.0488],[120.4217,36.062],[120.4736,36.0893],[120.5362,36.0915],[120.5516,36.1137],[120.5652,36.1158],[120.5936,36.1098],[120.6167,36.1234],[120.6278,36.1165],[120.6968,36.144],[120.7048,36.1562],[120.6875,36.1879],[120.6756,36.2506],[120.6546,36.2883],[120.662,36.3015],[120.6436,36.3225],[120.662,36.3363],[120.7073,36.3227],[120.7222,36.3306],[120.6907,36.3708],[120.6865,36.3872],[120.7141,36.4287],[120.7371,36.4387],[120.7506,36.4592],[120.7725,36.4635],[120.8069,36.4639],[120.832,36.4553],[120.8264,36.4325],[120.844,36.4227],[120.8497,36.3861],[120.8674,36.3772],[120.8904,36.3979],[120.9014,36.419],[120.8948,36.4387],[120.9063,36.4524],[120.95,36.4592],[120.9378,36.4877],[120.9412,36.5097],[120.9614,36.5314],[120.9636,36.5479],[120.9275,36.5329],[120.9203,36.5533],[120.8948,36.5616],[120.8646,36.5977],[120.8504,36.6046],[120.8264,36.5963],[120.8136,36.5837],[120.7938,36.551],[120.7787,36.5411],[120.7503,36.5408],[120.7423,36.5559],[120.7576,36.5963],[120.7469,36.6032],[120.7506,36.6168],[120.7708,36.6172],[120.8241,36.644],[120.8506,36.6509],[120.8648,36.6467],[120.8927,36.6285],[120.9334,36.6203],[120.9288,36.5963],[120.9447,36.5912],[120.9984,36.5895],[121.0235,36.5839],[121.0325,36.5895],[121.0325,36.6243],[121.0425,36.6277],[121.0628,36.6101],[121.0802,36.61],[121.128,36.6509],[121.1577,36.6686],[121.3142,36.7118],[121.3335,36.7124],[121.3853,36.7065],[121.4017,36.7124],[121.3794,36.717],[121.3778,36.7315],[121.3901,36.7468],[121.4089,36.754],[121.4448,36.7535],[121.4534,36.7574],[121.4707,36.7896],[121.453,36.8164],[121.4595,36.8287],[121.4844,36.8291],[121.4981,36.8109],[121.5222,36.8122],[121.5465,36.8359],[121.5881,36.8462],[121.6072,36.845],[121.6047,36.8325],[121.573,36.8196],[121.5474,36.7982],[121.5032,36.7886],[121.4964,36.7745],[121.5035,36.7604],[121.5259,36.754],[121.5601,36.7676],[121.583,36.7628],[121.5942,36.7676],[121.6035,36.7497],[121.6253,36.7404],[121.6343,36.7466],[121.6214,36.7888],[121.6245,36.8148],[121.6375,36.8314],[121.6582,36.8402],[121.6842,36.8428],[121.6842,36.8359],[121.6494,36.8223],[121.6715,36.8193],[121.7085,36.8328],[121.7372,36.8392],[121.7559,36.8723],[121.786,36.8912],[121.9151,36.9202],[121.9498,36.9389],[121.9234,36.9685],[121.9149,36.9858],[121.9263,36.9936],[121.9614,36.9929],[122.0042,36.986],[122.0396,36.9846],[122.0538,36.9752],[122.0376,36.9637],[122.0331,36.898],[122.0652,36.9067],[122.0809,36.9166],[122.0943,36.9509],[122.1429,36.9458],[122.1492,36.9621],[122.15,37.0053],[122.1661,37.0141],[122.1797,37.0058],[122.1786,36.9863],[122.1627,36.9458],[122.2112,36.9184],[122.2529,36.906],[122.2659,36.898],[122.1969,36.898],[122.1848,36.885],[122.1807,36.8664],[122.1853,36.8499],[122.2003,36.8428],[122.3198,36.8229],[122.3552,36.8291],[122.3757,36.8496],[122.3797,36.8614],[122.3972,36.8569],[122.4207,36.8608],[122.4364,36.8707],[122.4214,36.8952],[122.4075,36.9005],[122.4022,36.9145],[122.4122,36.9248],[122.44,36.9184],[122.4773,36.926],[122.4985,36.9389],[122.5127,36.9346],[122.4985,36.9042],[122.5173,36.9031],[122.5327,36.9259],[122.5254,36.9445],[122.5401,37.0277],[122.513,37.0205],[122.4612,37.0308],[122.4364,37.0277],[122.437,37.0116],[122.4243,37.0036],[122.4092,37.0063],[122.4024,37.0215],[122.4112,37.0365],[122.4485,37.0572],[122.4541,37.0775],[122.4364,37.0898],[122.4476,37.1474],[122.4644,37.1518],[122.4644,37.1103],[122.4707,37.1103],[122.4827,37.14],[122.51,37.1552],[122.5435,37.1566],[122.5743,37.1444],[122.5772,37.1578],[122.5632,37.1732],[122.5852,37.1887],[122.6289,37.1928],[122.6289,37.1997],[122.6029,37.2099],[122.5947,37.2369],[122.5601,37.2747],[122.5491,37.3109],[122.5576,37.3191],[122.5947,37.2952],[122.5912,37.3142],[122.5708,37.3448],[122.6146,37.3709],[122.6561,37.3846],[122.679,37.3747],[122.6887,37.3897],[122.6882,37.4098],[122.6124,37.4186],[122.5916,37.4044],[122.5706,37.4016],[122.488,37.4119],[122.4712,37.4254],[122.457,37.4182],[122.2965,37.4182],[122.2786,37.4239],[122.2618,37.4509],[122.2454,37.4597],[122.2242,37.458],[122.1832,37.4182],[122.1621,37.4331],[122.1414,37.4566],[122.1299,37.4835],[122.1355,37.5007],[122.1526,37.5146],[122.1519,37.5329],[122.1395,37.5506],[122.1218,37.5627],[122.0951,37.5491],[122.0671,37.5627],[122.0718,37.5445],[122.0615,37.5372],[122.0256,37.528],[121.9946,37.4867],[121.9778,37.4717],[121.9974,37.4341],[121.988,37.4256],[121.9573,37.4238],[121.9446,37.4325],[121.9573,37.4597],[121.9378,37.4643],[121.7324,37.4617],[121.6594,37.4727],[121.635,37.4813],[121.6026,37.4719],[121.5874,37.4536],[121.6343,37.4624],[121.6549,37.4577],[121.6761,37.4392],[121.6516,37.4371],[121.5916,37.4245],[121.5703,37.4287],[121.5371,37.4562],[121.4769,37.468],[121.464,37.4995],[121.4468,37.5196],[121.4017,37.5491],[121.3817,37.5661],[121.3814,37.583],[121.3984,37.5949],[121.4298,37.5969],[121.3936,37.6225],[121.354,37.6379],[121.3745,37.6105],[121.3447,37.5908],[121.3081,37.5812],[121.1915,37.5752],[121.1554,37.5826],[121.1344,37.6105],[121.1355,37.6263],[121.1485,37.6379],[121.1301,37.6518],[121.1322,37.6645],[121.1485,37.6894],[121.138,37.7012],[121.1133,37.7082],[121.0667,37.7136],[121.0326,37.7104],[121.022,37.7167],[121.0054,37.7443],[120.9754,37.7514],[120.9569,37.7609],[120.9288,37.7887],[120.9408,37.8065],[120.9258,37.8193],[120.8777,37.8297],[120.8464,37.8181],[120.8216,37.8173],[120.7849,37.8297],[120.738,37.834],[120.7049,37.821],[120.6743,37.802],[120.6353,37.7887],[120.5936,37.7819],[120.5562,37.7614],[120.4634,37.7477],[120.4431,37.7382],[120.411,37.7121],[120.3685,37.6947],[120.3119,37.6863],[120.22,37.6863],[120.2354,37.6748],[120.2786,37.6724],[120.3064,37.6652],[120.3225,37.6324],[120.2976,37.5979],[120.1876,37.5118],[120.0598,37.4404],[120.009,37.4223],[119.929,37.3846],[119.8823,37.3708],[119.8589,37.3602],[119.8463,37.3437],[119.8867,37.2847],[119.8973,37.2494],[119.8775,37.2338],[119.7918,37.1806],[119.7706,37.1518],[119.7168,37.1416],[119.6607,37.1376],[119.5635,37.1418],[119.4751,37.1333],[119.4412,37.1206],[119.2871,37.1373],[119.1455,37.1789],[119.115,37.2011],[119.0586,37.2276],[119.0147,37.2698],[118.9724,37.2807],[118.9612,37.2956],[118.9495,37.3362],[118.9446,37.3781],[118.9579,37.5314],[118.9767,37.6109],[119.0108,37.6538],[119.0371,37.7221],[119.0695,37.7406],[119.1201,37.7375],[119.1893,37.7007],[119.2177,37.6752],[119.2557,37.6719],[119.2596,37.7158],[119.2431,37.7695],[119.2068,37.8028],[119.1557,37.824],[119.1169,37.8533],[119.0925,37.9128],[119.0484,37.948],[118.9966,37.9631],[118.9734,37.9965],[118.9561,38.0336],[118.942,38.0494],[118.9248,38.0578],[118.95,38.0973],[118.8401,38.1526],[118.8054,38.1518],[118.7604,38.1551],[118.6549,38.1457],[118.6158,38.1251],[118.573,38.0799],[118.543,38.0683],[118.5123,38.0881],[118.4489,38.1078],[118.312,38.1279],[118.2158,38.145],[118.1461,38.1425],[118.1192,38.1523],[118.0848,38.1387],[118.0652,38.1431],[118.0524,38.1537],[118.0537,38.1733],[118.0072,38.197],[117.9775,38.1948],[117.9417,38.2339],[117.9002,38.2462],[117.8372,38.2709]]],[[[120.7484,37.9387],[120.7271,37.9477],[120.7224,37.9191],[120.7263,37.9088],[120.7546,37.8967],[120.7573,37.9227],[120.7484,37.9387]]],[[[120.6068,37.9799],[120.6019,37.9693],[120.6155,37.9483],[120.6229,37.9488],[120.6258,37.9726],[120.6068,37.9799]]],[[[120.7201,37.9809],[120.6902,37.9906],[120.695,37.9747],[120.7092,37.9658],[120.7273,37.9694],[120.7201,37.9809]]],[[[120.7604,38.1705],[120.7427,38.1876],[120.7388,38.1756],[120.7466,38.1619],[120.7733,38.1597],[120.7604,38.1705]]],[[[120.8065,38.2882],[120.8362,38.3043],[120.8198,38.3137],[120.8,38.2939],[120.8065,38.2882]]]]},"properties":{"name":"Shandong","name_en":"Shandong","name_ja":"山東省","name_zh":"山东省","name_ko":"산둥성","adm0_a3":"CHN","postal":"SD","iso_3166_2":"CN-SD","type_en":"Province","region":"East China","geonunit":"China"}},
{"type":"Feature","geometry":{"type":"MultiPolygon","coordinates":[[[[117.5435,38.6213],[117.4429,38.6025],[117.4085,38.5911],[117.2713,38.5592],[117.2485,38.5632],[117.2276,38.5754],[117.2133,38.5979],[117.1894,38.6058],[117.0949,38.6118],[117.0727,38.6242],[117.0661,38.6347],[117.0528,38.6904],[117.0432,38.7037],[117.0211,38.7082],[116.9348,38.6908],[116.8975,38.6928],[116.8808,38.6994],[116.8511,38.7389],[116.8302,38.75],[116.7738,38.7642],[116.7382,38.7871],[116.7108,38.8205],[116.6877,38.8749],[116.6806,38.9159],[116.6822,38.9527],[116.6887,38.9777],[116.7122,39.0118],[116.8918,39.1025],[116.9089,39.1234],[116.91,39.1364],[116.8934,39.1638],[116.8518,39.1776],[116.8362,39.1909],[116.8261,39.2165],[116.8268,39.241],[116.8535,39.3414],[116.8532,39.3522],[116.8316,39.3834],[116.8226,39.425],[116.7976,39.4713],[116.7912,39.4929],[116.7869,39.5522],[116.7934,39.6023],[116.6764,39.6033],[116.6275,39.6115],[116.6044,39.6112],[116.5644,39.5975],[116.5474,39.5816],[116.5434,39.5673],[116.5274,39.5564],[116.4933,39.5524],[116.4443,39.532],[116.4283,39.5214],[116.4326,39.5001],[116.4578,39.4866],[116.4655,39.4722],[116.459,39.454],[116.4335,39.4423],[116.3866,39.4421],[116.3358,39.4533],[116.3176,39.4609],[116.2498,39.5058],[116.225,39.5357],[116.2104,39.5719],[116.1853,39.5791],[116.1609,39.5778],[116.1097,39.5642],[116.0716,39.5662],[116.0172,39.5566],[116.0006,39.5576],[115.9454,39.5754],[115.9001,39.5684],[115.8766,39.5553],[115.8402,39.5448],[115.8085,39.544],[115.7926,39.5358],[115.7828,39.5214],[115.7559,39.509],[115.6881,39.5497],[115.6735,39.5835],[115.6521,39.5989],[115.6185,39.6037],[115.5848,39.5968],[115.5542,39.5983],[115.4905,39.6172],[115.4768,39.6248],[115.4634,39.6432],[115.4373,39.7493],[115.4366,39.7608],[115.4507,39.7795],[115.4757,39.7853],[115.5126,39.7797],[115.5627,39.7948],[115.5624,39.8075],[115.5109,39.8385],[115.5015,39.8576],[115.5042,39.9087],[115.4964,39.9236],[115.4543,39.9421],[115.4271,39.9626],[115.4218,39.9756],[115.4308,39.9906],[115.469,40.0066],[115.485,40.0185],[115.5131,40.0602],[115.5455,40.0828],[115.5776,40.0963],[115.8198,40.1519],[115.845,40.1606],[115.863,40.1785],[115.8816,40.2133],[115.9055,40.2393],[115.934,40.2582],[115.943,40.2715],[115.9452,40.2937],[115.9386,40.3121],[115.9206,40.3337],[115.895,40.3469],[115.7282,40.5396],[115.7344,40.5612],[115.7793,40.5747],[115.8745,40.6102],[115.9139,40.6118],[115.9947,40.596],[116.0269,40.5981],[116.0482,40.6068],[116.0984,40.6411],[116.1304,40.658],[116.2073,40.7504],[116.2261,40.7647],[116.2441,40.7669],[116.2914,40.7399],[116.32,40.7437],[116.3419,40.7604],[116.376,40.7673],[116.4603,40.7624],[116.4723,40.7698],[116.4589,40.7916],[116.3558,40.9016],[116.3509,40.9261],[116.3648,40.9303],[116.4002,40.9069],[116.4382,40.8997],[116.4541,40.9028],[116.4663,40.9149],[116.4823,40.9431],[116.4972,40.9532],[116.5918,40.9919],[116.596,41.0208],[116.6089,41.0403],[116.6262,41.0476],[116.6427,41.0456],[116.6527,41.031],[116.6579,40.9653],[116.6758,40.9401],[116.7247,40.9069],[116.7689,40.8648],[116.837,40.8116],[116.8652,40.7847],[116.9104,40.7492],[116.9588,40.7183],[117.058,40.6772],[117.0876,40.675],[117.1163,40.6873],[117.1658,40.6936],[117.1992,40.69],[117.3035,40.6618],[117.4285,40.669],[117.4859,40.6619],[117.4886,40.6513],[117.4381,40.6369],[117.4118,40.5974],[117.3997,40.5943],[117.3283,40.5946],[117.2825,40.5853],[117.2431,40.5702],[117.1973,40.5342],[117.1849,40.512],[117.1841,40.4973],[117.1956,40.4795],[117.2379,40.4502],[117.2425,40.4385],[117.2379,40.3936],[117.2408,40.3631],[117.2505,40.3378],[117.2711,40.3125],[117.3312,40.2675],[117.3568,40.257],[117.4511,40.2267],[117.5559,40.1704],[117.6053,40.1395],[117.6225,40.1239],[117.6351,40.099],[117.6501,40.0832],[117.6829,40.0754],[117.7178,40.0721],[117.7497,40.0635],[117.7563,40.0526],[117.742,40.0261],[117.7648,40.0113],[117.7896,39.9816],[117.7776,39.9667],[117.7656,39.9641],[117.7125,39.9685],[117.6479,39.9617],[117.6156,39.9647],[117.5384,40.0003],[117.5096,39.9996],[117.5013,39.9887],[117.5158,39.9521],[117.5165,39.9303],[117.5041,39.8824],[117.5078,39.8564],[117.5235,39.8282],[117.5331,39.7504],[117.5598,39.7342],[117.5678,39.7236],[117.5749,39.6936],[117.591,39.6779],[117.6225,39.6664],[117.6366,39.6376],[117.6358,39.6211],[117.6189,39.5889],[117.6309,39.5759],[117.6854,39.5585],[117.7136,39.5331],[117.73,39.5382],[117.743,39.5568],[117.7502,39.5798],[117.778,39.58],[117.802,39.5698],[117.831,39.566],[117.8742,39.5714],[117.8928,39.5646],[117.9128,39.5394],[117.9114,39.5276],[117.8782,39.4473],[117.8762,39.4246],[117.8971,39.3987],[117.9763,39.3718],[118.0079,39.3427],[118.0131,39.3071],[118.0067,39.2393],[118.0096,39.2186],[118.0454,39.219],[118.0964,39.2024],[118.1405,39.1728],[118.1709,39.1353],[118.2071,39.0767],[118.2353,39.0531],[118.2679,39.043],[118.3001,39.0406],[118.3261,39.0309],[118.3443,39.0307],[118.3604,39.0419],[118.41,39.0629],[118.4691,39.0978],[118.4871,39.102],[118.5291,39.1247],[118.5194,39.1394],[118.5271,39.1492],[118.5902,39.1483],[118.6194,39.161],[118.6491,39.1597],[118.7278,39.1473],[118.7747,39.1482],[118.796,39.1518],[118.8405,39.1756],[118.859,39.2075],[118.8738,39.2138],[118.8714,39.2001],[118.8855,39.1852],[118.8806,39.1728],[118.9027,39.1767],[118.9456,39.1921],[118.9563,39.1881],[118.942,39.1591],[118.8943,39.1318],[118.9104,39.1254],[118.9402,39.1389],[118.9935,39.1796],[119.0156,39.1898],[119.1293,39.2941],[119.1848,39.3548],[119.2033,39.3634],[119.2259,39.3578],[119.2557,39.3655],[119.2794,39.384],[119.3051,39.433],[119.2971,39.4552],[119.2708,39.4891],[119.2564,39.4931],[119.262,39.5351],[119.2814,39.575],[119.2624,39.5775],[119.2427,39.5459],[119.2293,39.536],[119.243,39.5707],[119.209,39.5502],[119.2086,39.5696],[119.2232,39.5847],[119.2454,39.5945],[119.2849,39.5954],[119.3141,39.6412],[119.3396,39.7156],[119.3679,39.7483],[119.4115,39.778],[119.4294,39.7953],[119.4668,39.8148],[119.5307,39.8147],[119.5199,39.8583],[119.5356,39.8908],[119.5719,39.9043],[119.6206,39.911],[119.6609,39.9327],[119.7082,39.9349],[119.7496,39.9524],[119.7744,39.9505],[119.811,39.973],[119.8502,39.9863],[119.8321,40.0218],[119.8159,40.037],[119.7654,40.063],[119.738,40.0995],[119.7477,40.1436],[119.7483,40.193],[119.7426,40.2052],[119.7066,40.2149],[119.6347,40.2091],[119.6306,40.2198],[119.6383,40.2699],[119.6289,40.2891],[119.5983,40.3271],[119.5875,40.3461],[119.5801,40.3734],[119.5907,40.4156],[119.5924,40.4466],[119.5999,40.4769],[119.5918,40.4957],[119.5759,40.512],[119.5637,40.5401],[119.5284,40.5446],[119.4641,40.5323],[119.3275,40.5333],[119.2936,40.5307],[119.2724,40.5482],[119.2395,40.5596],[119.1898,40.6201],[119.1858,40.6414],[119.1958,40.6777],[119.191,40.7004],[119.1772,40.7044],[119.1544,40.695],[119.1239,40.6676],[119.0616,40.6514],[119.0412,40.6633],[118.8547,40.8206],[118.8483,40.8485],[118.8577,40.8691],[118.8769,40.8924],[118.8933,40.9223],[118.9022,40.9566],[118.9253,40.9638],[118.966,40.9527],[118.9893,40.9569],[119.0103,40.9763],[119.0083,40.9991],[118.9872,41.0096],[118.9397,41.0218],[118.9289,41.0297],[118.9274,41.0468],[118.9371,41.0605],[118.9648,41.0747],[119.0134,41.0804],[119.0478,41.0944],[119.1007,41.1418],[119.1635,41.1764],[119.1973,41.2069],[119.2155,41.2328],[119.231,41.2734],[119.2383,41.3198],[119.2136,41.3239],[119.1767,41.3141],[119.1527,41.3122],[118.8671,41.3365],[118.8313,41.3585],[118.8189,41.3817],[118.7971,41.3803],[118.7725,41.3709],[118.7279,41.3473],[118.6891,41.3436],[118.625,41.3548],[118.4784,41.3551],[118.4372,41.3483],[118.4102,41.3308],[118.4066,41.3096],[118.3703,41.314],[118.3498,41.3362],[118.3408,41.3818],[118.3436,41.4169],[118.3326,41.4466],[118.2947,41.4606],[118.2982,41.5001],[118.3124,41.5422],[118.3136,41.5696],[118.301,41.5851],[118.2444,41.5923],[118.2183,41.6153],[118.2038,41.6603],[118.1749,41.694],[118.1594,41.7191],[118.1516,41.7505],[118.1681,41.7901],[118.1997,41.7977],[118.2273,41.786],[118.2494,41.7607],[118.2782,41.7527],[118.3029,41.7856],[118.3192,41.8305],[118.3222,41.8635],[118.3046,41.8883],[118.2744,41.9114],[118.2976,41.9723],[118.282,42.0018],[118.2765,42.0224],[118.2798,42.0512],[118.2679,42.0739],[118.2323,42.0842],[118.2118,42.07],[118.2007,42.0352],[118.1827,42.0245],[118.1339,42.0219],[118.1236,42.0355],[118.1288,42.0564],[118.0995,42.11],[118.0986,42.1756],[118.0216,42.2016],[117.9893,42.2216],[117.9912,42.2446],[118.0258,42.262],[118.0413,42.2782],[118.0402,42.2888],[118.0205,42.3242],[118.0242,42.3826],[118.0123,42.3954],[117.9816,42.4113],[117.9446,42.4362],[117.8736,42.4998],[117.8569,42.5257],[117.8152,42.5523],[117.8005,42.5688],[117.8095,42.5996],[117.7875,42.6096],[117.7426,42.5911],[117.6281,42.5651],[117.5936,42.5516],[117.554,42.596],[117.5407,42.6194],[117.5294,42.6202],[117.5007,42.5839],[117.4504,42.5493],[117.442,42.5335],[117.4276,42.4766],[117.4124,42.4581],[117.3928,42.4546],[117.3486,42.4568],[117.3166,42.4632],[117.2605,42.4804],[117.2439,42.4823],[117.1549,42.4708],[117.1034,42.4761],[117.0559,42.4628],[116.8871,42.3954],[116.8694,42.383],[116.837,42.3398],[116.8266,42.3082],[116.8415,42.2732],[116.8789,42.2202],[116.8883,42.1847],[116.886,42.167],[116.8645,42.1453],[116.8548,42.1103],[116.8854,42.0764],[116.8877,42.0571],[116.8732,42.0307],[116.8581,42.0195],[116.8173,42.006],[116.7973,41.987],[116.7461,41.9749],[116.6724,41.9392],[116.6385,41.9287],[116.5997,41.9237],[116.5684,41.936],[116.5524,41.96],[116.52,41.9671],[116.4661,41.9476],[116.4431,41.9595],[116.4328,41.9899],[116.4151,42.0041],[116.3775,42.0097],[116.3609,42.0027],[116.2762,41.9503],[116.2072,41.884],[116.1822,41.8766],[116.1299,41.8729],[116.1088,41.8577],[116.1007,41.8299],[116.086,41.8109],[116.0703,41.801],[116.0379,41.8006],[116.0134,41.8374],[115.9708,41.8816],[115.9373,41.9275],[115.901,41.9366],[115.8588,41.9275],[115.7943,41.8904],[115.6824,41.8483],[115.5779,41.7911],[115.5275,41.7723],[115.3398,41.7208],[115.313,41.6994],[115.316,41.6735],[115.3416,41.6382],[115.3413,41.6159],[115.2828,41.624],[115.2683,41.6196],[115.2504,41.5914],[115.2259,41.5858],[115.1372,41.6109],[115.0974,41.6162],[114.889,41.61],[114.8756,41.6199],[114.8824,41.6443],[114.8806,41.6962],[114.889,41.7371],[114.8866,41.7531],[114.8712,41.7829],[114.8758,41.8117],[114.9127,41.8255],[114.9313,41.8386],[114.9226,41.8883],[114.9203,41.9369],[114.8961,41.9768],[114.8851,42.0185],[114.8497,42.0694],[114.8463,42.0817],[114.8562,42.1262],[114.8449,42.1483],[114.8049,42.1784],[114.787,42.1583],[114.7519,42.1399],[114.5963,42.1413],[114.5499,42.1301],[114.5229,42.1159],[114.4813,42.0753],[114.4427,41.9817],[114.4197,41.9563],[114.3819,41.9366],[114.3564,41.93],[114.324,41.9135],[114.2725,41.8756],[114.2557,41.8601],[114.2319,41.8269],[114.2135,41.7669],[114.1971,41.5936],[114.1662,41.5671],[114.1364,41.5557],[114.0273,41.5313],[114.0072,41.5188],[113.9919,41.4998],[113.9612,41.4462],[113.928,41.4184],[113.9232,41.3775],[113.9109,41.3336],[113.9089,41.294],[113.9239,41.2656],[113.9403,41.2566],[113.9737,41.2532],[113.9849,41.2409],[113.9896,41.1815],[113.9808,41.1611],[113.9638,41.1534],[113.9159,41.1627],[113.8984,41.1559],[113.883,41.1238],[113.8807,41.0993],[113.8622,41.0867],[113.8228,41.0942],[113.8285,41.0812],[113.8569,41.0583],[113.908,41.0281],[113.9183,41.0182],[113.9542,40.9674],[113.9694,40.9523],[114.0186,40.9236],[114.0277,40.9115],[114.0473,40.8651],[114.0475,40.8331],[114.0601,40.8137],[114.1159,40.7869],[114.1541,40.7426],[114.1498,40.6952],[114.1517,40.6736],[114.1643,40.6524],[114.1984,40.6222],[114.229,40.6],[114.2465,40.5793],[114.2576,40.55],[114.2591,40.4926],[114.2773,40.4275],[114.2858,40.3786],[114.3054,40.362],[114.3856,40.3552],[114.4337,40.3605],[114.4922,40.3484],[114.5042,40.3425],[114.5107,40.325],[114.4925,40.3106],[114.4503,40.2938],[114.2886,40.255],[114.2332,40.2308],[114.16,40.2104],[114.1171,40.2035],[114.0854,40.185],[114.0749,40.16],[114.0695,40.106],[114.0608,40.0867],[114.04,40.0888],[114.0271,40.1015],[114.0149,40.127],[113.996,40.1318],[113.9584,40.0793],[113.9342,40.0607],[113.9244,40.0291],[113.9359,40.0157],[114.0095,39.9807],[114.0353,39.942],[114.058,39.9245],[114.086,39.9169],[114.1784,39.9058],[114.1923,39.9018],[114.2332,39.8764],[114.3284,39.8605],[114.3828,39.8611],[114.4011,39.8415],[114.4055,39.8265],[114.4031,39.7809],[114.4056,39.7501],[114.3968,39.6971],[114.4021,39.6585],[114.4305,39.6127],[114.4595,39.6068],[114.48,39.5944],[114.4972,39.5746],[114.5164,39.5645],[114.5364,39.5444],[114.5409,39.5312],[114.529,39.4822],[114.5002,39.4349],[114.4684,39.3901],[114.4595,39.3382],[114.4203,39.3],[114.4149,39.2821],[114.4161,39.2257],[114.4117,39.1978],[114.394,39.1693],[114.3664,39.1526],[114.3277,39.1417],[114.3094,39.13],[114.2754,39.0888],[114.2569,39.0771],[114.2163,39.069],[114.1668,39.0732],[114.1251,39.066],[114.0891,39.0744],[114.0498,39.1008],[114.0303,39.1176],[114.0127,39.1188],[113.9275,39.0853],[113.8754,39.0833],[113.8533,39.0723],[113.8349,39.0415],[113.823,39.0084],[113.8093,38.986],[113.776,38.9709],[113.7586,38.9489],[113.7542,38.9313],[113.7602,38.9092],[113.78,38.8722],[113.8261,38.8237],[113.8251,38.8103],[113.7983,38.7784],[113.7487,38.7295],[113.6906,38.7136],[113.6837,38.7029],[113.6809,38.6678],[113.669,38.6603],[113.6306,38.6534],[113.609,38.6445],[113.5918,38.6172],[113.5525,38.5662],[113.5345,38.5373],[113.5321,38.5199],[113.5421,38.4646],[113.5429,38.4393],[113.518,38.3776],[113.5318,38.2779],[113.5395,38.2521],[113.5579,38.2434],[113.676,38.2122],[113.717,38.1877],[113.7408,38.1649],[113.7586,38.1574],[113.7907,38.1529],[113.8177,38.0914],[113.8454,38.0572],[113.8793,37.9712],[113.8915,37.9495],[113.9264,37.9236],[113.9871,37.839],[113.9949,37.8254],[114.0264,37.7508],[114.1004,37.6982],[114.1065,37.6694],[114.0963,37.5995],[114.0876,37.5724],[114.076,37.5541],[114.0531,37.5006],[114.0189,37.4546],[113.9511,37.3884],[113.9305,37.3488],[113.897,37.3122],[113.8867,37.2961],[113.8757,37.2485],[113.8577,37.2089],[113.7998,37.1638],[113.7665,37.133],[113.7543,37.1149],[113.7469,37.0762],[113.7542,37.0231],[113.7734,36.9837],[113.776,36.8906],[113.7708,36.8682],[113.7483,36.8616],[113.6999,36.8749],[113.6792,36.8716],[113.6715,36.8554],[113.6695,36.8299],[113.6557,36.8078],[113.6078,36.7691],[113.5565,36.7607],[113.5337,36.7473],[113.5076,36.7414],[113.4754,36.7412],[113.4539,36.7366],[113.4384,36.7195],[113.4628,36.6979],[113.4686,36.6831],[113.4541,36.6552],[113.4587,36.6358],[113.5064,36.6032],[113.5267,36.565],[113.5474,36.5485],[113.5331,36.5163],[113.5351,36.4834],[113.5562,36.4649],[113.6031,36.4512],[113.6308,36.4381],[113.6562,36.4166],[113.6915,36.3953],[113.721,36.3559],[113.7897,36.3404],[113.8083,36.3394],[113.8589,36.3628],[113.8734,36.3647],[113.9071,36.3441],[113.9541,36.3466],[113.9758,36.3584],[113.9893,36.359],[114.0171,36.3447],[114.048,36.3119],[114.0631,36.2771],[114.0897,36.2654],[114.1563,36.2467],[114.1932,36.2409],[114.2202,36.2406],[114.2456,36.2528],[114.2621,36.2522],[114.3046,36.2407],[114.3431,36.2447],[114.3659,36.2221],[114.4182,36.2119],[114.5484,36.139],[114.5845,36.1309],[114.6337,36.132],[114.6688,36.1439],[114.7072,36.1528],[114.7278,36.1522],[114.7813,36.1418],[114.8095,36.1404],[114.8306,36.1508],[114.8599,36.1404],[114.8932,36.1196],[114.9242,36.088],[114.9189,36.0612],[114.9307,36.0566],[114.9777,36.0609],[114.9971,36.0701],[115.0338,36.1009],[115.0606,36.1516],[115.1061,36.1846],[115.1193,36.186],[115.1503,36.1778],[115.1799,36.1831],[115.224,36.1748],[115.2452,36.1614],[115.296,36.0868],[115.3132,36.0787],[115.3413,36.079],[115.3579,36.0872],[115.3981,36.1252],[115.4603,36.1579],[115.4558,36.2271],[115.4489,36.2492],[115.4245,36.2699],[115.4124,36.2877],[115.3945,36.301],[115.36,36.3008],[115.3469,36.3177],[115.3433,36.3521],[115.3329,36.3755],[115.302,36.4288],[115.2934,36.4534],[115.2757,36.4742],[115.2892,36.4989],[115.3176,36.5282],[115.3277,36.5654],[115.348,36.5817],[115.3416,36.5998],[115.3655,36.6244],[115.4001,36.6717],[115.4241,36.6863],[115.4611,36.7229],[115.4778,36.7536],[115.4995,36.7617],[115.5443,36.7677],[115.6264,36.7936],[115.6644,36.8153],[115.6861,36.8595],[115.7007,36.8787],[115.7471,36.9149],[115.773,36.9457],[115.7778,36.9606],[115.7762,36.9854],[115.7868,37.0003],[115.8242,37.0372],[115.8518,37.0572],[115.8703,37.0971],[115.8704,37.1288],[115.8923,37.1715],[115.8984,37.1962],[115.9072,37.2065],[115.9415,37.2273],[115.9566,37.2416],[115.9727,37.2718],[115.975,37.3217],[115.9966,37.3309],[116.0357,37.3543],[116.0849,37.3593],[116.115,37.3681],[116.1479,37.3675],[116.1805,37.356],[116.2068,37.3551],[116.2265,37.3635],[116.2556,37.3873],[116.2492,37.4165],[116.2227,37.4383],[116.2199,37.4624],[116.2317,37.4804],[116.2639,37.5113],[116.2759,37.5455],[116.3065,37.5713],[116.3195,37.5975],[116.3501,37.6209],[116.371,37.5972],[116.376,37.5831],[116.3797,37.533],[116.3864,37.5156],[116.4106,37.4846],[116.4207,37.4788],[116.4541,37.5151],[116.4849,37.5326],[116.505,37.5527],[116.5336,37.5716],[116.5567,37.5971],[116.581,37.6107],[116.6087,37.6394],[116.6316,37.6725],[116.642,37.6945],[116.6573,37.7112],[116.7184,37.7446],[116.7276,37.7538],[116.7439,37.7993],[116.7647,37.8223],[116.8024,37.8403],[116.8395,37.8337],[116.8755,37.8369],[116.9326,37.8356],[116.9595,37.8381],[116.9965,37.8319],[117.0755,37.8424],[117.1194,37.8401],[117.1716,37.8428],[117.2348,37.8412],[117.3194,37.8508],[117.3775,37.8411],[117.4206,37.8467],[117.4409,37.8669],[117.4645,37.9069],[117.4893,37.9308],[117.5059,37.9701],[117.5327,38.0154],[117.5687,38.0489],[117.5867,38.0573],[117.6185,38.0579],[117.6873,38.0727],[117.7541,38.1282],[117.7798,38.1644],[117.7677,38.1909],[117.7687,38.2193],[117.7752,38.2358],[117.7906,38.252],[117.8372,38.2709],[117.8039,38.294],[117.7161,38.3785],[117.668,38.4462],[117.5804,38.5848],[117.566,38.6125],[117.5435,38.6213]]],[[[118.6327,39.0746],[118.6146,39.0676],[118.6287,39.0486],[118.5778,39.0086],[118.5597,39.0031],[118.5264,39.0467],[118.4882,39.0505],[118.4785,39.0429],[118.4695,39.0063],[118.4707,38.9706],[118.4909,38.9432],[118.4803,38.9348],[118.5027,38.919],[118.5143,38.9194],[118.5943,38.9722],[118.6487,39.0447],[118.6487,39.0559],[118.6327,39.0746]]],[[[117.2391,40.0926],[117.0643,40.0648],[117.0051,40.0388],[116.9877,40.0344],[116.8294,40.0367],[116.7738,40.0246],[116.7594,40.0126],[116.7442,39.959],[116.7493,39.9431],[116.776,39.9099],[116.7814,39.8897],[116.8159,39.8751],[116.8423,39.8498],[116.8792,39.8324],[116.8922,39.8311],[116.9025,39.843],[116.916,39.8329],[116.9287,39.8014],[116.9222,39.7736],[116.8803,39.7202],[116.8756,39.6865],[116.9031,39.6859],[116.9551,39.6647],[117.0352,39.6467],[117.1222,39.618],[117.1528,39.6184],[117.1744,39.6329],[117.1832,39.6551],[117.1886,39.721],[117.2029,39.7616],[117.2009,39.7785],[117.1841,39.797],[117.1843,39.8088],[117.2031,39.824],[117.2476,39.836],[117.2631,39.8512],[117.2549,39.862],[117.2089,39.8668],[117.1796,39.8794],[117.1594,39.9057],[117.1475,39.948],[117.1639,39.9872],[117.2071,40.0371],[117.2391,40.0926]]]]},"properties":{"name":"Hebei","name_en":"Hebei","name_ja":"河北省","name_zh":"河北省","name_ko":"허베이성","adm0_a3":"CHN","postal":"HB","iso_3166_2":"CN-HE","type_en":"Province","region":"North China","geonunit":"China"}},
{"type":"Feature","geometry":{"type":"Polygon","coordinates":[[[118.0096,39.2186],[118.0067,39.2393],[118.0131,39.3071],[118.0079,39.3427],[117.9763,39.3718],[117.8971,39.3987],[117.8762,39.4246],[117.8782,39.4473],[117.9114,39.5276],[117.9128,39.5394],[117.8928,39.5646],[117.8742,39.5714],[117.831,39.566],[117.802,39.5698],[117.778,39.58],[117.7502,39.5798],[117.743,39.5568],[117.73,39.5382],[117.7136,39.5331],[117.6854,39.5585],[117.6309,39.5759],[117.6189,39.5889],[117.6358,39.6211],[117.6366,39.6376],[117.6225,39.6664],[117.591,39.6779],[117.5749,39.6936],[117.5678,39.7236],[117.5598,39.7342],[117.5331,39.7504],[117.5235,39.8282],[117.5078,39.8564],[117.5041,39.8824],[117.5165,39.9303],[117.5158,39.9521],[117.5013,39.9887],[117.5096,39.9996],[117.5384,40.0003],[117.6156,39.9647],[117.6479,39.9617],[117.7125,39.9685],[117.7656,39.9641],[117.7776,39.9667],[117.7896,39.9816],[117.7648,40.0113],[117.742,40.0261],[117.7563,40.0526],[117.7497,40.0635],[117.7178,40.0721],[117.6829,40.0754],[117.6501,40.0832],[117.6351,40.099],[117.6225,40.1239],[117.6053,40.1395],[117.5559,40.1704],[117.4511,40.2267],[117.3568,40.257],[117.372,40.2006],[117.3595,40.1755],[117.3399,40.1589],[117.3106,40.1105],[117.2886,40.1],[117.2391,40.0926],[117.2071,40.0371],[117.1639,39.9872],[117.1475,39.948],[117.1594,39.9057],[117.1796,39.8794],[117.2089,39.8668],[117.2549,39.862],[117.2631,39.8512],[117.2476,39.836],[117.2031,39.824],[117.1843,39.8088],[117.1841,39.797],[117.2009,39.7785],[117.2029,39.7616],[117.1886,39.721],[117.1832,39.6551],[117.1744,39.6329],[117.1528,39.6184],[117.1222,39.618],[117.0352,39.6467],[116.9551,39.6647],[116.9031,39.6859],[116.8756,39.6865],[116.8563,39.6573],[116.8216,39.6191],[116.7934,39.6023],[116.7869,39.5522],[116.7912,39.4929],[116.7976,39.4713],[116.8226,39.425],[116.8316,39.3834],[116.8532,39.3522],[116.8535,39.3414],[116.8268,39.241],[116.8261,39.2165],[116.8362,39.1909],[116.8518,39.1776],[116.8934,39.1638],[116.91,39.1364],[116.9089,39.1234],[116.8918,39.1025],[116.7122,39.0118],[116.6887,38.9777],[116.6822,38.9527],[116.6806,38.9159],[116.6877,38.8749],[116.7108,38.8205],[116.7382,38.7871],[116.7738,38.7642],[116.8302,38.75],[116.8511,38.7389],[116.8808,38.6994],[116.8975,38.6928],[116.9348,38.6908],[117.0211,38.7082],[117.0432,38.7037],[117.0528,38.6904],[117.0661,38.6347],[117.0727,38.6242],[117.0949,38.6118],[117.1894,38.6058],[117.2133,38.5979],[117.2276,38.5754],[117.2485,38.5632],[117.2713,38.5592],[117.4085,38.5911],[117.4429,38.6025],[117.5435,38.6213],[117.5605,38.6571],[117.5588,38.6909],[117.5732,38.7137],[117.5763,38.7737],[117.584,38.8116],[117.7088,38.981],[117.7019,38.9953],[117.7295,38.9844],[117.7753,38.9811],[117.7736,38.9989],[117.7515,39.0679],[117.7183,39.093],[117.7154,39.1114],[117.7376,39.1064],[117.7573,39.1144],[117.8856,39.2011],[117.9312,39.2121],[118.0096,39.2186]]]},"properties":{"name":"Tianjin","name_en":"Tianjin","name_ja":"天津市","name_zh":"天津市","name_ko":"톈진시","adm0_a3":"CHN","postal":"TJ","iso_3166_2":"CN-TJ","type_en":"Municipality","region":"North China","geonunit":"China"}},
{"type":"Feature","geometry":{"type":"Polygon","coordinates":[[[111.1965,15.7754],[111.2075,15.7822],[111.1994,15.7892],[111.1965,15.7754]]]},"properties":{"name":"Paracel Islands","name_en":"Paracel Islands","name_ja":"パラセル諸島","name_zh":"西沙群岛","name_ko":"파라셀 아일랜즈","adm0_a3":"CHN","iso_3166_2":"CN-X01~","geonunit":"Paracel Islands"}},
{"type":"Feature","geometry":{"type":"Polygon","coordinates":[[[117.3568,40.257],[117.3312,40.2675],[117.2711,40.3125],[117.2505,40.3378],[117.2408,40.3631],[117.2379,40.3936],[117.2425,40.4385],[117.2379,40.4502],[117.1956,40.4795],[117.1841,40.4973],[117.1849,40.512],[117.1973,40.5342],[117.2431,40.5702],[117.2825,40.5853],[117.3283,40.5946],[117.3997,40.5943],[117.4118,40.5974],[117.4381,40.6369],[117.4886,40.6513],[117.4859,40.6619],[117.4285,40.669],[117.3035,40.6618],[117.1992,40.69],[117.1658,40.6936],[117.1163,40.6873],[117.0876,40.675],[117.058,40.6772],[116.9588,40.7183],[116.9104,40.7492],[116.8652,40.7847],[116.837,40.8116],[116.7689,40.8648],[116.7247,40.9069],[116.6758,40.9401],[116.6579,40.9653],[116.6527,41.031],[116.6427,41.0456],[116.6262,41.0476],[116.6089,41.0403],[116.596,41.0208],[116.5918,40.9919],[116.4972,40.9532],[116.4823,40.9431],[116.4663,40.9149],[116.4541,40.9028],[116.4382,40.8997],[116.4002,40.9069],[116.3648,40.9303],[116.3509,40.9261],[116.3558,40.9016],[116.4589,40.7916],[116.4723,40.7698],[116.4603,40.7624],[116.376,40.7673],[116.3419,40.7604],[116.32,40.7437],[116.2914,40.7399],[116.2441,40.7669],[116.2261,40.7647],[116.2073,40.7504],[116.1304,40.658],[116.0984,40.6411],[116.0482,40.6068],[116.0269,40.5981],[115.9947,40.596],[115.9139,40.6118],[115.8745,40.6102],[115.7793,40.5747],[115.7344,40.5612],[115.7282,40.5396],[115.895,40.3469],[115.9206,40.3337],[115.9386,40.3121],[115.9452,40.2937],[115.943,40.2715],[115.934,40.2582],[115.9055,40.2393],[115.8816,40.2133],[115.863,40.1785],[115.845,40.1606],[115.8198,40.1519],[115.5776,40.0963],[115.5455,40.0828],[115.5131,40.0602],[115.485,40.0185],[115.469,40.0066],[115.4308,39.9906],[115.4218,39.9756],[115.4271,39.9626],[115.4543,39.9421],[115.4964,39.9236],[115.5042,39.9087],[115.5015,39.8576],[115.5109,39.8385],[115.5624,39.8075],[115.5627,39.7948],[115.5126,39.7797],[115.4757,39.7853],[115.4507,39.7795],[115.4366,39.7608],[115.4373,39.7493],[115.4634,39.6432],[115.4768,39.6248],[115.4905,39.6172],[115.5542,39.5983],[115.5848,39.5968],[115.6185,39.6037],[115.6521,39.5989],[115.6735,39.5835],[115.6881,39.5497],[115.7559,39.509],[115.7828,39.5214],[115.7926,39.5358],[115.8085,39.544],[115.8402,39.5448],[115.8766,39.5553],[115.9001,39.5684],[115.9454,39.5754],[116.0006,39.5576],[116.0172,39.5566],[116.0716,39.5662],[116.1097,39.5642],[116.1609,39.5778],[116.1853,39.5791],[116.2104,39.5719],[116.225,39.5357],[116.2498,39.5058],[116.3176,39.4609],[116.3358,39.4533],[116.3866,39.4421],[116.4335,39.4423],[116.459,39.454],[116.4655,39.4722],[116.4578,39.4866],[116.4326,39.5001],[116.4283,39.5214],[116.4443,39.532],[116.4933,39.5524],[116.5274,39.5564],[116.5434,39.5673],[116.5474,39.5816],[116.5644,39.5975],[116.6044,39.6112],[116.6275,39.6115],[116.6764,39.6033],[116.7934,39.6023],[116.8216,39.6191],[116.8563,39.6573],[116.8756,39.6865],[116.8803,39.7202],[116.9222,39.7736],[116.9287,39.8014],[116.916,39.8329],[116.9025,39.843],[116.8922,39.8311],[116.8792,39.8324],[116.8423,39.8498],[116.8159,39.8751],[116.7814,39.8897],[116.776,39.9099],[116.7493,39.9431],[116.7442,39.959],[116.7594,40.0126],[116.7738,40.0246],[116.8294,40.0367],[116.9877,40.0344],[117.0051,40.0388],[117.0643,40.0648],[117.2391,40.0926],[117.2886,40.1],[117.3106,40.1105],[117.3399,40.1589],[117.3595,40.1755],[117.372,40.2006],[117.3568,40.257]]]},"properties":{"name":"Beijing","name_en":"Beijing","name_ja":"北京市","name_zh":"北京市","name_ko":"베이징시","adm0_a3":"CHN","postal":"BJ","iso_3166_2":"CN-BJ","type_en":"Municipality","region":"North China","geonunit":"China"}},
{"type":"Feature","geometry":{"type":"Polygon","coordinates":[[[108.5184,32.1976],[108.4794,32.2503],[108.441,32.2616],[108.3676,32.2655],[108.3443,32.2637],[108.2914,32.2512],[108.251,32.2648],[108.2367,32.2627],[108.1877,32.2353],[108.1517,32.2409],[108.1165,32.232],[108.08,32.2334],[108.0518,32.2266],[108.0159,32.2033],[108.0072,32.183],[108.0031,32.1499],[107.9905,32.1452],[107.9601,32.1583],[107.9045,32.1965],[107.8609,32.2136],[107.8435,32.2282],[107.8059,32.2799],[107.7729,32.3107],[107.7245,32.3355],[107.6592,32.3886],[107.6222,32.3992],[107.5751,32.3918],[107.5472,32.3923],[107.4596,32.4086],[107.4567,32.4256],[107.4624,32.4402],[107.4483,32.4764],[107.4447,32.5002],[107.4483,32.5222],[107.4418,32.5328],[107.4169,32.5354],[107.391,32.5303],[107.3705,32.5198],[107.3479,32.5],[107.2841,32.4529],[107.2562,32.4445],[107.2331,32.4436],[107.2022,32.4528],[107.1476,32.4837],[107.0962,32.5047],[107.07,32.5229],[107.0711,32.5435],[107.093,32.5955],[107.0978,32.658],[107.0962,32.6692],[107.0653,32.7083],[107.039,32.718],[107.0109,32.7196],[106.9345,32.7127],[106.8774,32.7184],[106.843,32.7169],[106.8134,32.7208],[106.7567,32.7405],[106.7374,32.7434],[106.7126,32.7378],[106.6608,32.6988],[106.6256,32.6801],[106.604,32.6755],[106.5187,32.6698],[106.4468,32.6466],[106.3896,32.6442],[106.364,32.6387],[106.3042,32.6041],[106.2819,32.5955],[106.2289,32.592],[106.1913,32.6049],[106.1149,32.6488],[106.0816,32.6766],[106.0565,32.7136],[106.0542,32.7482],[106.0609,32.7712],[106.0952,32.8272],[106.1025,32.8598],[106.0823,32.8735],[106.0393,32.8724],[105.9604,32.854],[105.8988,32.8514],[105.8755,32.8447],[105.8534,32.8292],[105.8356,32.8085],[105.8134,32.7621],[105.806,32.7551],[105.7822,32.755],[105.7569,32.7619],[105.7245,32.7598],[105.7046,32.7508],[105.6333,32.7075],[105.6137,32.7026],[105.587,32.7081],[105.5683,32.7305],[105.5614,32.7702],[105.5513,32.8059],[105.5209,32.8549],[105.4986,32.9074],[105.4919,32.9196],[105.4644,32.9215],[105.4309,32.9115],[105.4005,32.8917],[105.3852,32.8742],[105.3752,32.8476],[105.3864,32.8234],[105.4352,32.7736],[105.4372,32.7465],[105.4174,32.7308],[105.3865,32.7228],[105.3492,32.6989],[105.3114,32.6665],[105.27,32.6417],[105.2446,32.646],[105.213,32.6634],[105.1833,32.6551],[105.1649,32.6278],[105.1468,32.6083],[105.1127,32.5943],[105.0883,32.6],[105.0719,32.6137],[105.0588,32.6332],[105.0318,32.6387],[104.9384,32.6137],[104.8983,32.6118],[104.841,32.6398],[104.8143,32.6454],[104.7612,32.6439],[104.7041,32.6481],[104.6454,32.6579],[104.5857,32.6754],[104.5584,32.6883],[104.484,32.739],[104.4279,32.7936],[104.4057,32.8094],[104.3419,32.8202],[104.3128,32.8302],[104.2889,32.8479],[104.2765,32.8823],[104.2907,32.9231],[104.3213,32.9527],[104.3402,32.9579],[104.3776,32.9588],[104.3945,32.9751],[104.4142,33.0227],[104.4148,33.0453],[104.4059,33.0633],[104.3282,33.1404],[104.2966,33.1934],[104.2848,33.2363],[104.2806,33.2721],[104.2856,33.2896],[104.3078,33.3028],[104.3341,33.3058],[104.3677,33.3043],[104.3852,33.3139],[104.3829,33.3265],[104.3574,33.3429],[104.3197,33.3509],[104.2929,33.3636],[104.258,33.4039],[104.2271,33.4227],[104.1747,33.4902],[104.166,33.5083],[104.1647,33.532],[104.1744,33.5616],[104.1713,33.5908],[104.1563,33.624],[104.1315,33.6521],[104.1163,33.6621],[104.093,33.6685],[103.9151,33.6833],[103.8036,33.6712],[103.7451,33.676],[103.6944,33.6914],[103.6594,33.7105],[103.6235,33.714],[103.553,33.7012],[103.5228,33.7141],[103.5265,33.7393],[103.5507,33.7807],[103.5586,33.8069],[103.5414,33.8174],[103.5184,33.8108],[103.4363,33.7697],[103.3901,33.7577],[103.3507,33.7557],[103.297,33.7596],[103.272,33.7652],[103.2286,33.7833],[103.2042,33.7971],[103.1842,33.8221],[103.1922,33.8562],[103.1932,33.8838],[103.1829,33.8998],[103.1519,33.922],[103.1421,33.9615],[103.1441,33.999],[103.1534,34.0491],[103.1524,34.1085],[103.1468,34.1322],[103.1325,34.1594],[103.1201,34.1686],[103.0419,34.1898],[103.0006,34.214],[102.97,34.2492],[102.9443,34.2841],[102.9306,34.2956],[102.8898,34.2984],[102.8543,34.2844],[102.7818,34.2742],[102.7498,34.2585],[102.7247,34.2277],[102.7083,34.2142],[102.6616,34.1904],[102.5978,34.1655],[102.5796,34.1529],[102.5748,34.1395],[102.5928,34.1239],[102.6359,34.1103],[102.6412,34.0953],[102.6176,34.0835],[102.4772,34.0742],[102.4406,34.0597],[102.4254,34.0398],[102.4061,33.9987],[102.372,33.976],[102.3515,33.9699],[102.3273,33.9747],[102.3194,33.9874],[102.2692,33.981],[102.2026,33.9605],[102.1712,33.9418],[102.1946,33.9194],[102.2576,33.8381],[102.2642,33.8262],[102.2487,33.8164],[102.2474,33.7977],[102.2811,33.79],[102.2995,33.7808],[102.3248,33.7518],[102.2907,33.7251],[102.3052,33.7203],[102.3351,33.7357],[102.3431,33.7252],[102.3317,33.6978],[102.3248,33.6534],[102.356,33.6094],[102.4029,33.5941],[102.4136,33.578],[102.4237,33.5763],[102.4818,33.5401],[102.4763,33.5333],[102.46,33.5416],[102.4536,33.5356],[102.4546,33.5128],[102.4656,33.4864],[102.4818,33.465],[102.4546,33.4719],[102.462,33.4576],[102.4397,33.4486],[102.3863,33.4098],[102.3521,33.4036],[102.3504,33.3992],[102.3054,33.3923],[102.2788,33.3778],[102.2564,33.3425],[102.2289,33.3237],[102.17,33.3139],[102.1456,33.3034],[102.131,33.2847],[102.1152,33.2449],[102.0994,33.2222],[102.0767,33.2155],[102.0302,33.2211],[102.0042,33.2188],[101.9688,33.2025],[101.901,33.147],[101.8637,33.1226],[101.8528,33.1221],[101.8582,33.1536],[101.8559,33.184],[101.8257,33.2348],[101.8322,33.2692],[101.854,33.2941],[101.8739,33.306],[101.8891,33.3287],[101.9057,33.3732],[101.9232,33.4064],[101.9222,33.4443],[101.9123,33.4658],[101.886,33.4975],[101.8928,33.5265],[101.884,33.5463],[101.852,33.573],[101.845,33.5848],[101.8181,33.5994],[101.7954,33.6051],[101.7879,33.5932],[101.7899,33.5606],[101.7775,33.53],[101.7661,33.4712],[101.7482,33.4511],[101.7118,33.4351],[101.6911,33.4203],[101.6688,33.3828],[101.6605,33.3497],[101.6651,33.3204],[101.6775,33.3086],[101.7102,33.2947],[101.7214,33.285],[101.7269,33.2678],[101.7161,33.2408],[101.6939,33.2134],[101.6436,33.1278],[101.6272,33.1168],[101.6097,33.1175],[101.592,33.1296],[101.5589,33.1657],[101.5246,33.1959],[101.4806,33.2248],[101.4452,33.2359],[101.4093,33.2319],[101.4015,33.225],[101.3961,33.2002],[101.3865,33.1833],[101.3743,33.1786],[101.3379,33.202],[101.3243,33.2023],[101.2963,33.1925],[101.22,33.1706],[101.1841,33.1528],[101.1641,33.1281],[101.1614,33.1144],[101.134,33.0463],[101.1249,33.0018],[101.125,32.972],[101.1314,32.9384],[101.1516,32.9119],[101.2047,32.8884],[101.2181,32.8787],[101.2319,32.8577],[101.2366,32.8075],[101.2175,32.7578],[101.1874,32.7093],[101.1708,32.6883],[101.1411,32.6701],[101.1121,32.6678],[101.077,32.6816],[101.0495,32.6756],[101.008,32.6484],[100.9837,32.6387],[100.9523,32.635],[100.9298,32.6278],[100.9022,32.6305],[100.8659,32.6542],[100.8349,32.6635],[100.7449,32.6712],[100.6971,32.6857],[100.6747,32.6831],[100.6811,32.6529],[100.6711,32.6288],[100.6577,32.6174],[100.6429,32.5945],[100.635,32.5262],[100.622,32.5015],[100.603,32.4512],[100.5896,32.4387],[100.5444,32.4182],[100.5312,32.4034],[100.4877,32.4326],[100.4686,32.4553],[100.473,32.4853],[100.4974,32.5086],[100.5404,32.5336],[100.5609,32.5633],[100.5421,32.5866],[100.5333,32.6089],[100.5087,32.6283],[100.4985,32.6691],[100.4888,32.6836],[100.4587,32.7057],[100.4423,32.7266],[100.3994,32.7584],[100.3611,32.7399],[100.282,32.7359],[100.255,32.7258],[100.241,32.6997],[100.2305,32.6456],[100.2232,32.6369],[100.1814,32.6367],[100.142,32.6476],[100.1256,32.6583],[100.119,32.6709],[100.126,32.6881],[100.149,32.7224],[100.1577,32.7506],[100.1586,32.7823],[100.149,32.8282],[100.1366,32.8475],[100.0837,32.8854],[100.0469,32.9355],[100.0123,32.9465],[99.9728,32.9392],[99.9508,32.9441],[99.9186,32.968],[99.8759,33.0246],[99.8602,33.0276],[99.8539,33.012],[99.8511,32.982],[99.841,32.957],[99.8177,32.9401],[99.7904,32.9347],[99.7693,32.9218],[99.762,32.8987],[99.7654,32.8732],[99.7626,32.847],[99.7289,32.7577],[99.7212,32.7455],[99.6985,32.7446],[99.6371,32.7773],[99.5834,32.7961],[99.5432,32.8218],[99.5094,32.8354],[99.4273,32.8443],[99.3969,32.8528],[99.3632,32.8772],[99.3066,32.8816],[99.2894,32.8871],[99.2681,32.9086],[99.2253,32.9989],[99.2,33.017],[99.1006,33.0725],[99.0431,33.0878],[98.9069,33.1393],[98.8716,33.1592],[98.8521,33.1749],[98.8367,33.1966],[98.8133,33.243],[98.7804,33.2805],[98.7729,33.3027],[98.7785,33.3503],[98.7649,33.3779],[98.7579,33.4043],[98.7503,33.4617],[98.7357,33.4898],[98.7033,33.512],[98.6885,33.5311],[98.6634,33.5898],[98.6333,33.6077],[98.6279,33.6159],[98.6344,33.6351],[98.6536,33.6493],[98.6458,33.6762],[98.5796,33.7427],[98.4579,33.8401],[98.4114,33.8618],[98.3847,33.8636],[98.3232,33.8487],[98.3017,33.8458],[98.2756,33.852],[98.2702,33.8586],[98.2678,33.8887],[98.2512,33.9171],[98.2277,33.9341],[98.2118,33.9395],[98.0349,33.9598],[97.9961,33.9526],[97.9777,33.9426],[97.9498,33.9187],[97.8755,33.8819],[97.8191,33.8642],[97.7601,33.8584],[97.7451,33.8649],[97.7401,33.888],[97.7383,33.9464],[97.7314,33.9609],[97.7021,33.993],[97.6957,34.0052],[97.6585,34.0048],[97.6389,33.9996],[97.6318,33.9878],[97.624,33.9401],[97.6102,33.9309],[97.4499,33.882],[97.3835,33.8699],[97.3752,33.8624],[97.3648,33.8258],[97.3671,33.8115],[97.384,33.7789],[97.3947,33.7367],[97.3956,33.6772],[97.3857,33.6326],[97.3905,33.6114],[97.4099,33.5907],[97.4288,33.5806],[97.4548,33.5778],[97.4774,33.5622],[97.4929,33.4989],[97.5092,33.4712],[97.5393,33.4537],[97.58,33.4464],[97.6216,33.4456],[97.6591,33.4203],[97.7243,33.4061],[97.7375,33.3965],[97.7307,33.3818],[97.7011,33.3565],[97.6841,33.348],[97.6299,33.3382],[97.6157,33.3284],[97.5752,33.264],[97.5005,33.1944],[97.4799,33.153],[97.4765,33.1203],[97.4966,33.0732],[97.5043,33.0456],[97.5044,33.0267],[97.4937,32.9994],[97.4687,32.9825],[97.4003,32.9577],[97.3753,32.9312],[97.361,32.897],[97.3773,32.8617],[97.3842,32.7792],[97.3916,32.7616],[97.4251,32.7246],[97.4307,32.7003],[97.4478,32.6944],[97.4661,32.6768],[97.5742,32.6214],[97.6033,32.6215],[97.6206,32.588],[97.6637,32.5599],[97.7157,32.5442],[97.8178,32.5133],[97.838,32.5116],[97.8565,32.5191],[97.8868,32.4976],[98.0142,32.4645],[98.067,32.4228],[98.0806,32.4047],[98.1231,32.4003],[98.1445,32.382],[98.1875,32.3667],[98.2058,32.3556],[98.2134,32.3379],[98.2136,32.2732],[98.2202,32.2522],[98.2718,32.1908],[98.3096,32.1287],[98.3747,32.0804],[98.3935,32.0401],[98.4369,32.0038],[98.453,31.9841],[98.4567,31.9605],[98.445,31.908],[98.4208,31.8782],[98.4353,31.8384],[98.4257,31.8134],[98.4455,31.8036],[98.4685,31.7669],[98.5015,31.7498],[98.5417,31.6899],[98.5587,31.6771],[98.566,31.6607],[98.5691,31.6318],[98.5759,31.616],[98.5922,31.5988],[98.841,31.3968],[98.8645,31.3678],[98.885,31.3541],[98.8308,31.2984],[98.803,31.2579],[98.7678,31.2304],[98.7316,31.278],[98.6827,31.3159],[98.6652,31.3206],[98.6379,31.3093],[98.6212,31.2889],[98.6114,31.2562],[98.6203,31.1879],[98.6038,31.1698],[98.6516,31.1555],[98.6931,31.1247],[98.7213,31.0664],[98.7649,31.0152],[98.803,30.991],[98.8054,30.9664],[98.798,30.9409],[98.7751,30.9022],[98.7877,30.8809],[98.8335,30.8436],[98.8806,30.7932],[98.8986,30.7787],[98.9386,30.7603],[98.9543,30.7479],[98.9607,30.7272],[98.9533,30.7082],[98.9176,30.6949],[98.9055,30.6825],[98.9054,30.6638],[98.9222,30.6238],[98.9318,30.5796],[98.9328,30.4907],[98.9567,30.4712],[98.9607,30.46],[98.9868,30.1444],[99.0299,30.0679],[99.0341,30.0553],[99.0368,29.9756],[99.0434,29.945],[99.0563,29.9153],[99.0177,29.8533],[99.0055,29.8201],[99.001,29.785],[99.0129,29.7648],[99.001,29.757],[98.9884,29.6887],[98.9868,29.6509],[98.9921,29.6347],[99.0155,29.6044],[99.0242,29.5816],[99.042,29.5625],[99.042,29.528],[99.059,29.4181],[99.0488,29.3877],[99.0629,29.3482],[99.0625,29.3083],[99.0902,29.2668],[99.1088,29.2238],[99.1041,29.0923],[99.1211,28.9647],[99.1177,28.9216],[99.0993,28.856],[99.0966,28.8359],[99.1005,28.8136],[99.1189,28.7709],[99.1246,28.7497],[99.1177,28.7087],[99.1351,28.6546],[99.1543,28.6407],[99.1695,28.6025],[99.1719,28.5827],[99.1655,28.5548],[99.1792,28.5237],[99.1784,28.4822],[99.1724,28.4634],[99.1621,28.4555],[99.1626,28.4382],[99.2269,28.3394],[99.2554,28.3145],[99.2737,28.3073],[99.2747,28.2773],[99.2993,28.26],[99.3148,28.2329],[99.3398,28.2241],[99.3815,28.1845],[99.3889,28.1682],[99.3867,28.1394],[99.3989,28.1265],[99.4023,28.1888],[99.4164,28.2548],[99.4,28.2959],[99.3886,28.3343],[99.3851,28.3838],[99.3872,28.4081],[99.398,28.4566],[99.3962,28.4671],[99.3711,28.5008],[99.379,28.5301],[99.3931,28.5428],[99.4467,28.5615],[99.468,28.5722],[99.5029,28.5794],[99.5217,28.6102],[99.5344,28.6808],[99.5513,28.7072],[99.5789,28.7266],[99.5991,28.7573],[99.6082,28.7944],[99.6287,28.8146],[99.665,28.8244],[99.7047,28.8446],[99.7189,28.8423],[99.7243,28.819],[99.723,28.7741],[99.7323,28.745],[99.7622,28.712],[99.7912,28.7003],[99.8284,28.6726],[99.8366,28.654],[99.8385,28.6261],[99.8456,28.6038],[99.8688,28.5881],[99.9046,28.5835],[99.9339,28.5694],[99.9598,28.5389],[99.98,28.488],[100.001,28.4562],[100.032,28.4287],[100.0683,28.384],[100.1316,28.351],[100.1431,28.3416],[100.152,28.3134],[100.1492,28.2776],[100.1682,28.2603],[100.162,28.2363],[100.1374,28.2173],[100.1184,28.208],[100.0469,28.1871],[100.0282,28.1694],[100.0292,28.1449],[100.0517,28.1051],[100.0588,28.0661],[100.0721,28.0442],[100.0947,28.019],[100.1596,27.9644],[100.1723,27.9493],[100.1912,27.912],[100.2021,27.8988],[100.2387,27.8804],[100.2776,27.8712],[100.2959,27.8526],[100.2964,27.8214],[100.3033,27.7805],[100.2975,27.7611],[100.3206,27.7331],[100.3492,27.7467],[100.4095,27.829],[100.432,27.8456],[100.4643,27.8472],[100.504,27.8264],[100.5326,27.8163],[100.5593,27.8245],[100.5717,27.8363],[100.6013,27.8811],[100.6254,27.8973],[100.6405,27.8915],[100.6609,27.8751],[100.8721,27.562],[100.8669,27.4947],[100.8805,27.4755],[100.9136,27.4599],[100.9408,27.4347],[100.978,27.3737],[100.9917,27.3308],[100.9956,27.2984],[100.9966,27.2434],[101.0038,27.1975],[101.0159,27.1802],[101.0372,27.1783],[101.0808,27.2012],[101.0994,27.2052],[101.1472,27.2032],[101.1728,27.1911],[101.1755,27.1703],[101.1714,27.1521],[101.1544,27.1157],[101.1407,27.0654],[101.1415,27.0449],[101.1612,27.0168],[101.3424,26.871],[101.3629,26.8366],[101.3707,26.7746],[101.3873,26.7446],[101.4094,26.7295],[101.4209,26.7295],[101.4371,26.7411],[101.45,26.7736],[101.4586,26.7827],[101.4806,26.7871],[101.4973,26.7794],[101.5029,26.7664],[101.501,26.7265],[101.4947,26.7056],[101.445,26.6153],[101.4196,26.5939],[101.4124,26.5697],[101.4231,26.5534],[101.4512,26.5306],[101.5077,26.5182],[101.5442,26.495],[101.573,26.4666],[101.5896,26.4422],[101.6024,26.4088],[101.6155,26.3875],[101.6385,26.3735],[101.6469,26.3615],[101.6436,26.3495],[101.6269,26.336],[101.6103,26.3313],[101.58,26.3069],[101.573,26.2936],[101.5773,26.278],[101.5725,26.2442],[101.5824,26.219],[101.5949,26.2087],[101.6265,26.2093],[101.6542,26.2328],[101.6766,26.2277],[101.7232,26.1952],[101.7637,26.1763],[101.7771,26.1483],[101.7757,26.1065],[101.7806,26.0918],[101.7972,26.0719],[101.8348,26.0553],[101.8495,26.0348],[101.8647,26.0403],[101.8828,26.0555],[101.9041,26.0877],[101.9216,26.0989],[102.0955,26.0828],[102.1126,26.0844],[102.1177,26.0963],[102.1457,26.1322],[102.2224,26.1869],[102.2521,26.2289],[102.2668,26.2353],[102.3149,26.2426],[102.3583,26.2626],[102.4006,26.3118],[102.4651,26.3227],[102.5029,26.3377],[102.5545,26.3732],[102.5681,26.3786],[102.6031,26.3663],[102.6265,26.3451],[102.6234,26.3188],[102.6118,26.287],[102.6099,26.2602],[102.6468,26.2447],[102.6678,26.2259],[102.699,26.2235],[102.7203,26.2376],[102.767,26.2934],[102.7913,26.3104],[102.822,26.3172],[102.8455,26.3272],[102.8782,26.3651],[102.8934,26.365],[102.8921,26.3554],[102.9087,26.3493],[102.9514,26.3451],[102.9718,26.3509],[102.9885,26.3652],[103.0033,26.4004],[102.9896,26.4413],[103.0033,26.4612],[102.9958,26.4854],[103.0103,26.5008],[103.0339,26.5022],[103.0578,26.5363],[103.0579,26.5572],[103.0363,26.5829],[103.0305,26.6018],[103.0313,26.644],[103.0237,26.6803],[103.0122,26.7038],[103.0042,26.7508],[102.9925,26.7659],[102.9753,26.8311],[102.9533,26.8617],[102.925,26.8922],[102.9013,26.9247],[102.8934,26.9615],[102.8996,27.0031],[102.8841,27.0178],[102.8782,27.032],[102.885,27.0663],[102.9139,27.1123],[102.9157,27.1344],[102.9038,27.2217],[102.8898,27.2567],[102.8895,27.2915],[102.9072,27.3337],[102.9298,27.3672],[102.9421,27.4051],[102.9548,27.4208],[102.9774,27.3889],[103.0132,27.386],[103.0382,27.4033],[103.0927,27.414],[103.1066,27.4085],[103.1208,27.4123],[103.1472,27.4344],[103.1505,27.4732],[103.1605,27.4972],[103.2181,27.5669],[103.2291,27.5736],[103.285,27.5808],[103.2962,27.5879],[103.3048,27.6051],[103.2861,27.6337],[103.2911,27.6462],[103.3137,27.6549],[103.327,27.6736],[103.4148,27.7429],[103.4517,27.76],[103.4588,27.7926],[103.4769,27.8],[103.4824,27.8248],[103.5033,27.8497],[103.5085,27.8645],[103.5112,27.9301],[103.5189,27.9454],[103.537,27.9614],[103.563,27.9755],[103.5511,27.9879],[103.5142,27.9714],[103.502,27.992],[103.4892,28.0377],[103.4567,28.0372],[103.4412,28.0424],[103.4346,28.0682],[103.4568,28.1053],[103.4529,28.124],[103.459,28.1348],[103.5384,28.1845],[103.5718,28.2432],[103.6128,28.25],[103.6438,28.2705],[103.6663,28.2633],[103.7089,28.2159],[103.7223,28.2155],[103.7495,28.2428],[103.7892,28.2556],[103.8803,28.3257],[103.8704,28.3438],[103.8598,28.4009],[103.8216,28.4849],[103.7952,28.5312],[103.8367,28.6049],[103.8325,28.6206],[103.8418,28.6363],[103.8511,28.6681],[103.8666,28.6752],[103.8782,28.6306],[103.9088,28.6336],[103.9526,28.615],[103.9927,28.6163],[104.0292,28.6304],[104.0478,28.6336],[104.0789,28.6131],[104.0922,28.6127],[104.1402,28.6334],[104.1789,28.6386],[104.2325,28.6397],[104.2509,28.6616],[104.2753,28.6389],[104.2927,28.6323],[104.3328,28.6336],[104.3525,28.6457],[104.3836,28.6465],[104.4142,28.6401],[104.443,28.6245],[104.44,28.6054],[104.4014,28.5904],[104.3876,28.5739],[104.3715,28.5652],[104.335,28.5695],[104.3054,28.5557],[104.2621,28.545],[104.2501,28.5308],[104.2559,28.5001],[104.2566,28.4646],[104.262,28.4454],[104.2581,28.4143],[104.264,28.3949],[104.2635,28.346],[104.2775,28.3228],[104.312,28.3035],[104.3619,28.2903],[104.3765,28.2823],[104.4173,28.2393],[104.4232,28.22],[104.4053,28.1977],[104.4097,28.1782],[104.4369,28.1293],[104.4446,28.0999],[104.4279,28.0753],[104.3833,28.0587],[104.3338,28.0467],[104.3284,28.0231],[104.3498,27.9902],[104.3754,27.9617],[104.4825,27.891],[104.5283,27.8767],[104.572,27.8541],[104.6048,27.8458],[104.6316,27.849],[104.6549,27.8564],[104.7024,27.883],[104.7146,27.8843],[104.7591,27.8734],[104.786,27.8745],[104.8332,27.8886],[104.8759,27.8927],[104.8974,27.9011],[104.9184,27.9242],[104.9408,27.9321],[104.9561,27.9457],[104.9583,27.9565],[104.9525,28.0004],[104.9662,28.0478],[104.9794,28.0631],[105.0174,28.0852],[105.0557,28.0881],[105.1719,28.0617],[105.1859,28.048],[105.1916,28.0097],[105.2033,28.0015],[105.2297,28.0003],[105.2548,28.0069],[105.2824,28.0007],[105.2777,27.9508],[105.2687,27.9184],[105.2574,27.9003],[105.2313,27.8715],[105.2281,27.8558],[105.2508,27.8167],[105.277,27.7874],[105.27,27.759],[105.297,27.7217],[105.3142,27.7214],[105.3297,27.7293],[105.3608,27.76],[105.4551,27.7815],[105.4798,27.7839],[105.5245,27.7746],[105.5535,27.7447],[105.5923,27.7296],[105.609,27.7147],[105.6311,27.6822],[105.6469,27.6781],[105.7119,27.6915],[105.7397,27.7157],[105.7715,27.7208],[105.8185,27.717],[105.8431,27.7194],[105.8759,27.7452],[105.9153,27.7551],[105.9394,27.7491],[106.0049,27.7516],[106.0392,27.7568],[106.07,27.7784],[106.1036,27.7881],[106.1309,27.7842],[106.1808,27.7705],[106.2068,27.7673],[106.2476,27.7752],[106.3301,27.8215],[106.3454,27.8349],[106.339,27.8658],[106.3148,27.9158],[106.3086,27.9378],[106.3058,27.9786],[106.299,28.0004],[106.2688,28.0274],[106.2153,28.0561],[106.2012,28.0937],[106.1993,28.1243],[106.1636,28.1539],[106.1329,28.1687],[106.1094,28.1747],[106.0916,28.1721],[106.055,28.1563],[106.009,28.1402],[105.9968,28.1403],[105.9561,28.1553],[105.9062,28.1506],[105.8918,28.1539],[105.8756,28.1742],[105.8722,28.2078],[105.8806,28.2357],[105.866,28.2584],[105.8468,28.2692],[105.7976,28.2824],[105.7703,28.3003],[105.7478,28.3057],[105.7104,28.3018],[105.6672,28.3183],[105.6505,28.34],[105.6606,28.3694],[105.6558,28.4411],[105.6437,28.4618],[105.6206,28.4824],[105.6188,28.4915],[105.6305,28.5064],[105.6497,28.5174],[105.6637,28.5336],[105.6699,28.561],[105.6832,28.5834],[105.7063,28.5984],[105.7301,28.6037],[105.7732,28.5889],[105.7849,28.589],[105.8292,28.6027],[105.8682,28.6035],[105.8919,28.6093],[105.9081,28.6396],[105.9166,28.6754],[105.9315,28.7065],[105.9552,28.734],[105.965,28.7508],[105.9844,28.7535],[106.0783,28.6693],[106.1235,28.6387],[106.1537,28.6236],[106.1715,28.5978],[106.1888,28.5846],[106.2687,28.5566],[106.2873,28.545],[106.2985,28.5274],[106.2997,28.483],[106.3142,28.471],[106.3387,28.4801],[106.3721,28.5228],[106.3834,28.5535],[106.3824,28.5725],[106.3396,28.6161],[106.298,28.6724],[106.282,28.7027],[106.2712,28.7336],[106.2574,28.7939],[106.256,28.8129],[106.2614,28.8417],[106.2603,28.8693],[106.2476,28.8847],[106.2272,28.8968],[106.1793,28.9157],[106.1556,28.9185],[106.1251,28.9161],[106.0809,28.9316],[106.0262,28.9656],[106.0084,28.9734],[105.9853,28.9716],[105.878,28.92],[105.8371,28.9176],[105.8153,28.9241],[105.7951,28.9365],[105.7692,28.9607],[105.7453,28.9948],[105.7372,29.0311],[105.7401,29.0712],[105.724,29.1177],[105.7338,29.1541],[105.7108,29.1874],[105.7006,29.2237],[105.708,29.291],[105.6947,29.3049],[105.6784,29.3004],[105.6612,29.2725],[105.6446,29.2697],[105.5887,29.2887],[105.5577,29.287],[105.5058,29.2915],[105.4224,29.3336],[105.4125,29.3439],[105.4117,29.403],[105.4052,29.43],[105.3741,29.45],[105.3296,29.4607],[105.3148,29.4696],[105.2926,29.5105],[105.2852,29.5528],[105.2911,29.5848],[105.3046,29.6075],[105.3241,29.6283],[105.3628,29.6568],[105.3909,29.6922],[105.4117,29.7032],[105.4461,29.6961],[105.4644,29.7047],[105.4843,29.7276],[105.4945,29.7318],[105.5352,29.73],[105.5484,29.7366],[105.5527,29.7891],[105.5575,29.8039],[105.5767,29.8231],[105.6523,29.857],[105.71,29.8675],[105.7166,29.8733],[105.717,29.9023],[105.7105,29.9291],[105.713,29.9568],[105.75,30.0113],[105.7389,30.0326],[105.6787,30.0687],[105.623,30.1096],[105.5776,30.1288],[105.5572,30.1476],[105.5552,30.1759],[105.5704,30.189],[105.6234,30.2028],[105.6483,30.2139],[105.6514,30.2291],[105.628,30.2566],[105.6297,30.2734],[105.6537,30.2815],[105.7087,30.2741],[105.7283,30.2767],[105.7345,30.2871],[105.7254,30.3175],[105.7283,30.3296],[105.7917,30.4234],[105.8153,30.4377],[105.8534,30.4299],[105.8792,30.4095],[105.905,30.3974],[105.9988,30.3851],[106.1247,30.3423],[106.1642,30.316],[106.1798,30.2909],[106.1907,30.2637],[106.2159,30.2481],[106.239,30.2202],[106.267,30.2277],[106.2925,30.2575],[106.3049,30.2629],[106.3849,30.2636],[106.4083,30.2719],[106.4216,30.3068],[106.4364,30.3216],[106.4487,30.3239],[106.5017,30.3126],[106.5385,30.3411],[106.5685,30.3091],[106.591,30.2981],[106.6178,30.2687],[106.6397,30.1974],[106.6696,30.143],[106.6855,30.1337],[106.6954,30.0928],[106.7173,30.0593],[106.7413,30.0436],[106.7704,30.0366],[106.808,30.0397],[106.8499,30.0539],[106.8855,30.0517],[106.9593,30.064],[107.0014,30.055],[107.0329,30.0579],[107.0473,30.0682],[107.0839,30.1105],[107.0998,30.1179],[107.1293,30.141],[107.1628,30.1838],[107.1946,30.2185],[107.2287,30.2382],[107.2671,30.3259],[107.3721,30.4999],[107.3841,30.5155],[107.4165,30.5267],[107.4776,30.6095],[107.4884,30.6578],[107.4556,30.7097],[107.4511,30.7331],[107.4567,30.7609],[107.4772,30.7911],[107.5076,30.822],[107.5305,30.8358],[107.5589,30.843],[107.6209,30.8374],[107.6514,30.8406],[107.6797,30.8533],[107.7068,30.8804],[107.7215,30.8892],[107.7363,30.8832],[107.7691,30.8274],[107.7906,30.8049],[107.8115,30.798],[107.8372,30.8022],[107.8499,30.8096],[107.9295,30.8727],[107.9492,30.8999],[107.9515,30.9257],[107.9317,30.9488],[107.9537,30.9833],[107.9965,31.0217],[108.0068,31.0386],[108.0377,31.1505],[108.0436,31.1857],[108.0331,31.2222],[108.0588,31.2433],[108.1421,31.284],[108.1759,31.3061],[108.194,31.3309],[108.1909,31.3658],[108.1974,31.3913],[108.2103,31.4142],[108.2231,31.4679],[108.2418,31.486],[108.3016,31.4933],[108.3232,31.4994],[108.3523,31.5174],[108.4068,31.566],[108.431,31.61],[108.4496,31.6529],[108.505,31.6961],[108.5162,31.7083],[108.5235,31.7379],[108.5148,31.7661],[108.5007,31.7908],[108.4809,31.8108],[108.4227,31.8525],[108.287,31.9222],[108.2714,31.9321],[108.2602,31.9481],[108.2678,31.9729],[108.3202,32.0351],[108.3447,32.0735],[108.3657,32.08],[108.4015,32.0803],[108.4169,32.0893],[108.4192,32.1],[108.407,32.1181],[108.371,32.1487],[108.3612,32.1672],[108.389,32.1843],[108.5184,32.1976]]]},"properties":{"name":"Sichuan","name_en":"Sichuan","name_ja":"四川省","name_zh":"四川省","name_ko":"쓰촨성","adm0_a3":"CHN","postal":"SC","iso_3166_2":"CN-SC","type_en":"Province","region":"Southwest China","geonunit":"China"}},
{"type":"Feature","geometry":{"type":"Polygon","coordinates":[[[108.5184,32.1976],[108.389,32.1843],[108.3612,32.1672],[108.371,32.1487],[108.407,32.1181],[108.4192,32.1],[108.4169,32.0893],[108.4015,32.0803],[108.3657,32.08],[108.3447,32.0735],[108.3202,32.0351],[108.2678,31.9729],[108.2602,31.9481],[108.2714,31.9321],[108.287,31.9222],[108.4227,31.8525],[108.4809,31.8108],[108.5007,31.7908],[108.5148,31.7661],[108.5235,31.7379],[108.5162,31.7083],[108.505,31.6961],[108.4496,31.6529],[108.431,31.61],[108.4068,31.566],[108.3523,31.5174],[108.3232,31.4994],[108.3016,31.4933],[108.2418,31.486],[108.2231,31.4679],[108.2103,31.4142],[108.1974,31.3913],[108.1909,31.3658],[108.194,31.3309],[108.1759,31.3061],[108.1421,31.284],[108.0588,31.2433],[108.0331,31.2222],[108.0436,31.1857],[108.0377,31.1505],[108.0068,31.0386],[107.9965,31.0217],[107.9537,30.9833],[107.9317,30.9488],[107.9515,30.9257],[107.9492,30.8999],[107.9295,30.8727],[107.8499,30.8096],[107.8372,30.8022],[107.8115,30.798],[107.7906,30.8049],[107.7691,30.8274],[107.7363,30.8832],[107.7215,30.8892],[107.7068,30.8804],[107.6797,30.8533],[107.6514,30.8406],[107.6209,30.8374],[107.5589,30.843],[107.5305,30.8358],[107.5076,30.822],[107.4772,30.7911],[107.4567,30.7609],[107.4511,30.7331],[107.4556,30.7097],[107.4884,30.6578],[107.4776,30.6095],[107.4165,30.5267],[107.3841,30.5155],[107.3721,30.4999],[107.2671,30.3259],[107.2287,30.2382],[107.1946,30.2185],[107.1628,30.1838],[107.1293,30.141],[107.0998,30.1179],[107.0839,30.1105],[107.0473,30.0682],[107.0329,30.0579],[107.0014,30.055],[106.9593,30.064],[106.8855,30.0517],[106.8499,30.0539],[106.808,30.0397],[106.7704,30.0366],[106.7413,30.0436],[106.7173,30.0593],[106.6954,30.0928],[106.6855,30.1337],[106.6696,30.143],[106.6397,30.1974],[106.6178,30.2687],[106.591,30.2981],[106.5685,30.3091],[106.5385,30.3411],[106.5017,30.3126],[106.4487,30.3239],[106.4364,30.3216],[106.4216,30.3068],[106.4083,30.2719],[106.3849,30.2636],[106.3049,30.2629],[106.2925,30.2575],[106.267,30.2277],[106.239,30.2202],[106.2159,30.2481],[106.1907,30.2637],[106.1798,30.2909],[106.1642,30.316],[106.1247,30.3423],[105.9988,30.3851],[105.905,30.3974],[105.8792,30.4095],[105.8534,30.4299],[105.8153,30.4377],[105.7917,30.4234],[105.7283,30.3296],[105.7254,30.3175],[105.7345,30.2871],[105.7283,30.2767],[105.7087,30.2741],[105.6537,30.2815],[105.6297,30.2734],[105.628,30.2566],[105.6514,30.2291],[105.6483,30.2139],[105.6234,30.2028],[105.5704,30.189],[105.5552,30.1759],[105.5572,30.1476],[105.5776,30.1288],[105.623,30.1096],[105.6787,30.0687],[105.7389,30.0326],[105.75,30.0113],[105.713,29.9568],[105.7105,29.9291],[105.717,29.9023],[105.7166,29.8733],[105.71,29.8675],[105.6523,29.857],[105.5767,29.8231],[105.5575,29.8039],[105.5527,29.7891],[105.5484,29.7366],[105.5352,29.73],[105.4945,29.7318],[105.4843,29.7276],[105.4644,29.7047],[105.4461,29.6961],[105.4117,29.7032],[105.3909,29.6922],[105.3628,29.6568],[105.3241,29.6283],[105.3046,29.6075],[105.2911,29.5848],[105.2852,29.5528],[105.2926,29.5105],[105.3148,29.4696],[105.3296,29.4607],[105.3741,29.45],[105.4052,29.43],[105.4117,29.403],[105.4125,29.3439],[105.4224,29.3336],[105.5058,29.2915],[105.5577,29.287],[105.5887,29.2887],[105.6446,29.2697],[105.6612,29.2725],[105.6784,29.3004],[105.6947,29.3049],[105.708,29.291],[105.7006,29.2237],[105.7108,29.1874],[105.7338,29.1541],[105.724,29.1177],[105.7401,29.0712],[105.7372,29.0311],[105.7453,28.9948],[105.7692,28.9607],[105.7951,28.9365],[105.8153,28.9241],[105.8371,28.9176],[105.878,28.92],[105.9853,28.9716],[106.0084,28.9734],[106.0262,28.9656],[106.0809,28.9316],[106.1251,28.9161],[106.1556,28.9185],[106.1793,28.9157],[106.2272,28.8968],[106.2476,28.8847],[106.2603,28.8693],[106.2614,28.8417],[106.256,28.8129],[106.2574,28.7939],[106.2712,28.7336],[106.282,28.7027],[106.298,28.6724],[106.3396,28.6161],[106.3824,28.5725],[106.4067,28.5662],[106.4532,28.5416],[106.4745,28.5368],[106.4887,28.541],[106.4917,28.5559],[106.483,28.5885],[106.4889,28.6174],[106.5101,28.6395],[106.5222,28.6727],[106.5144,28.7096],[106.4766,28.7676],[106.463,28.7999],[106.4611,28.8194],[106.4763,28.8348],[106.4892,28.8317],[106.5199,28.8002],[106.5624,28.7671],[106.5756,28.7486],[106.5983,28.6978],[106.624,28.6584],[106.6265,28.6374],[106.5898,28.5701],[106.5576,28.534],[106.5533,28.5212],[106.5624,28.5107],[106.6302,28.5217],[106.6562,28.5132],[106.6692,28.4978],[106.694,28.4828],[106.7302,28.4833],[106.75,28.5022],[106.7511,28.5619],[106.762,28.5909],[106.7741,28.5934],[106.8032,28.5883],[106.829,28.6087],[106.843,28.6372],[106.8479,28.6584],[106.8465,28.6928],[106.8351,28.7305],[106.8372,28.7512],[106.8492,28.773],[106.8894,28.8014],[106.9115,28.8106],[106.9273,28.8103],[106.9463,28.7928],[106.9595,28.791],[106.9733,28.8045],[106.9995,28.86],[107.0155,28.8799],[107.0307,28.8876],[107.0762,28.8889],[107.1066,28.9005],[107.1309,28.898],[107.1611,28.8813],[107.1944,28.8541],[107.2168,28.8294],[107.2488,28.809],[107.2702,28.8048],[107.297,28.8084],[107.4368,28.8773],[107.4542,28.8937],[107.4621,28.9149],[107.4654,28.951],[107.4729,28.9646],[107.4997,28.9931],[107.4983,29.0072],[107.4795,29.0282],[107.4419,29.0511],[107.424,29.077],[107.4168,29.1122],[107.4172,29.1378],[107.4305,29.1829],[107.4438,29.2068],[107.4668,29.2326],[107.4961,29.2461],[107.5088,29.2403],[107.5321,29.2065],[107.5572,29.1868],[107.5799,29.1783],[107.6317,29.1667],[107.6611,29.1507],[107.6926,29.1427],[107.7658,29.1504],[107.7835,29.1374],[107.7867,29.1138],[107.7835,29.0616],[107.7898,29.0402],[107.8291,28.9922],[107.85,28.9826],[107.8754,28.9841],[107.9913,29.0435],[108.0546,29.0645],[108.1661,29.0604],[108.2862,29.0772],[108.2975,29.072],[108.2924,29.045],[108.3015,29.006],[108.3406,28.9197],[108.3405,28.8692],[108.35,28.8433],[108.3716,28.8159],[108.3759,28.7944],[108.3673,28.777],[108.3293,28.7568],[108.3207,28.7397],[108.323,28.7058],[108.3303,28.6892],[108.364,28.6777],[108.4061,28.6584],[108.4852,28.6403],[108.5095,28.6372],[108.5387,28.6462],[108.5824,28.6011],[108.5845,28.5901],[108.5786,28.4998],[108.5829,28.4718],[108.5841,28.4265],[108.578,28.3961],[108.5828,28.3742],[108.6075,28.3352],[108.6299,28.3268],[108.665,28.3246],[108.6813,28.3377],[108.6651,28.376],[108.6711,28.3985],[108.6653,28.4196],[108.645,28.4432],[108.6408,28.4586],[108.6549,28.4735],[108.6895,28.4847],[108.7124,28.4848],[108.73,28.4754],[108.7489,28.4532],[108.7757,28.4381],[108.7837,28.4261],[108.7555,28.3323],[108.751,28.3078],[108.7285,28.2422],[108.7313,28.2196],[108.7427,28.2142],[108.7703,28.231],[108.8047,28.2294],[108.854,28.2095],[108.8981,28.2163],[108.9429,28.1999],[108.9959,28.1977],[109.0143,28.2103],[109.0309,28.2103],[109.0683,28.1934],[109.0795,28.1918],[109.095,28.2052],[109.0961,28.2234],[109.0872,28.2498],[109.0923,28.2705],[109.1088,28.2839],[109.1236,28.3059],[109.1553,28.4355],[109.1732,28.462],[109.2227,28.493],[109.2584,28.5059],[109.2667,28.5397],[109.2846,28.5735],[109.2851,28.5846],[109.2671,28.5989],[109.2371,28.6082],[109.2171,28.6194],[109.2132,28.6288],[109.2271,28.6444],[109.2565,28.6598],[109.2614,28.6703],[109.2601,28.6993],[109.2766,28.7141],[109.2812,28.7291],[109.2609,28.7507],[109.2467,28.7855],[109.2404,28.8827],[109.2455,28.9313],[109.2677,29.0066],[109.2857,29.0303],[109.2748,29.0493],[109.2066,29.1042],[109.0773,29.2141],[109.0514,29.2468],[109.0233,29.298],[109.0142,29.3075],[108.9794,29.3235],[108.9387,29.338],[108.9206,29.349],[108.9136,29.37],[108.9238,29.4024],[108.9164,29.4199],[108.8829,29.4573],[108.8709,29.4867],[108.872,29.5016],[108.8955,29.5779],[108.8967,29.5957],[108.8894,29.6224],[108.872,29.639],[108.8198,29.651],[108.7887,29.6654],[108.7485,29.6719],[108.7187,29.6893],[108.696,29.6982],[108.6804,29.7252],[108.6679,29.7688],[108.6584,29.817],[108.6408,29.8466],[108.613,29.858],[108.5769,29.8197],[108.5513,29.8],[108.5391,29.7824],[108.5312,29.7466],[108.521,29.7272],[108.4968,29.7193],[108.4734,29.7229],[108.4468,29.7358],[108.4377,29.7507],[108.4351,29.7701],[108.4198,29.8021],[108.4023,29.8195],[108.4004,29.8311],[108.4153,29.8434],[108.4408,29.8489],[108.5032,29.8522],[108.5311,29.8658],[108.5382,29.8855],[108.5289,29.9424],[108.5452,29.9823],[108.5504,30.0093],[108.53,30.113],[108.5278,30.1628],[108.5295,30.1898],[108.5428,30.2504],[108.5435,30.281],[108.532,30.3155],[108.5133,30.3285],[108.4887,30.3334],[108.4105,30.3628],[108.386,30.3785],[108.3806,30.3997],[108.4023,30.4511],[108.4136,30.4694],[108.4332,30.4873],[108.5731,30.4979],[108.6104,30.517],[108.6423,30.565],[108.6532,30.5734],[108.67,30.5738],[108.6819,30.5587],[108.6892,30.5376],[108.7102,30.5228],[108.7325,30.5197],[108.76,30.5261],[108.8093,30.5458],[108.8684,30.5514],[108.8811,30.5562],[108.9035,30.5806],[108.9263,30.5965],[108.9646,30.6075],[109.0734,30.6003],[109.0968,30.5923],[109.1212,30.5699],[109.1524,30.562],[109.1793,30.5668],[109.2482,30.5974],[109.2865,30.6015],[109.3228,30.5803],[109.3577,30.5784],[109.3942,30.5837],[109.4356,30.6032],[109.4954,30.6513],[109.5133,30.6602],[109.5459,30.6506],[109.5627,30.6592],[109.5849,30.6849],[109.6305,30.7096],[109.6398,30.7179],[109.6527,30.75],[109.665,30.768],[109.7304,30.8229],[109.7486,30.8354],[109.8707,30.8886],[109.9022,30.894],[109.9272,30.8885],[109.9455,30.8758],[109.9591,30.8471],[109.9967,30.8262],[110.0223,30.8228],[110.0662,30.8285],[110.087,30.8413],[110.1085,30.8655],[110.1277,30.9064],[110.1295,30.957],[110.1376,31.0002],[110.1336,31.0262],[110.1098,31.0765],[110.1048,31.0992],[110.1076,31.1223],[110.1199,31.1398],[110.1623,31.1731],[110.1749,31.1887],[110.1716,31.2076],[110.146,31.2395],[110.1405,31.2632],[110.152,31.3059],[110.1467,31.3311],[110.1082,31.398],[110.0909,31.4126],[110.0515,31.4304],[110.0045,31.4594],[109.966,31.4782],[109.9609,31.4915],[109.9682,31.5034],[109.9295,31.5187],[109.8383,31.5408],[109.7562,31.5516],[109.7326,31.5611],[109.7245,31.6361],[109.7033,31.6737],[109.6588,31.7181],[109.6421,31.7262],[109.594,31.7376],[109.5731,31.7301],[109.336,31.7052],[109.3032,31.7094],[109.2806,31.7193],[109.2526,31.744],[109.1889,31.8403],[109.1745,31.8559],[109.1177,31.9057],[109.0559,31.9406],[108.9527,31.982],[108.8896,32.0013],[108.8563,32.0188],[108.7893,32.0453],[108.7626,32.0745],[108.7393,32.0904],[108.681,32.1048],[108.6632,32.1125],[108.6122,32.1524],[108.5859,32.1693],[108.5184,32.1976]]]},"properties":{"name":"Chongqing","name_en":"Chongqing","name_ja":"重慶市","name_zh":"重庆市","name_ko":"충칭시","adm0_a3":"CHN","postal":"CQ","iso_3166_2":"CN-CQ","type_en":"Municipality","region":"Southwest China","geonunit":"China"}},
{"type":"Feature","geometry":{"type":"Polygon","coordinates":[[[109.2584,28.5059],[109.2227,28.493],[109.1732,28.462],[109.1553,28.4355],[109.1236,28.3059],[109.1088,28.2839],[109.0923,28.2705],[109.0872,28.2498],[109.0961,28.2234],[109.095,28.2052],[109.0795,28.1918],[109.0683,28.1934],[109.0309,28.2103],[109.0143,28.2103],[108.9959,28.1977],[108.9429,28.1999],[108.8981,28.2163],[108.854,28.2095],[108.8047,28.2294],[108.7703,28.231],[108.7427,28.2142],[108.7313,28.2196],[108.7285,28.2422],[108.751,28.3078],[108.7555,28.3323],[108.7837,28.4261],[108.7757,28.4381],[108.7489,28.4532],[108.73,28.4754],[108.7124,28.4848],[108.6895,28.4847],[108.6549,28.4735],[108.6408,28.4586],[108.645,28.4432],[108.6653,28.4196],[108.6711,28.3985],[108.6651,28.376],[108.6813,28.3377],[108.665,28.3246],[108.6299,28.3268],[108.6075,28.3352],[108.5828,28.3742],[108.578,28.3961],[108.5841,28.4265],[108.5829,28.4718],[108.5786,28.4998],[108.5845,28.5901],[108.5824,28.6011],[108.5387,28.6462],[108.5095,28.6372],[108.4852,28.6403],[108.4061,28.6584],[108.364,28.6777],[108.3303,28.6892],[108.323,28.7058],[108.3207,28.7397],[108.3293,28.7568],[108.3673,28.777],[108.3759,28.7944],[108.3716,28.8159],[108.35,28.8433],[108.3405,28.8692],[108.3406,28.9197],[108.3015,29.006],[108.2924,29.045],[108.2975,29.072],[108.2862,29.0772],[108.1661,29.0604],[108.0546,29.0645],[107.9913,29.0435],[107.8754,28.9841],[107.85,28.9826],[107.8291,28.9922],[107.7898,29.0402],[107.7835,29.0616],[107.7867,29.1138],[107.7835,29.1374],[107.7658,29.1504],[107.6926,29.1427],[107.6611,29.1507],[107.6317,29.1667],[107.5799,29.1783],[107.5572,29.1868],[107.5321,29.2065],[107.5088,29.2403],[107.4961,29.2461],[107.4668,29.2326],[107.4438,29.2068],[107.4305,29.1829],[107.4172,29.1378],[107.4168,29.1122],[107.424,29.077],[107.4419,29.0511],[107.4795,29.0282],[107.4983,29.0072],[107.4997,28.9931],[107.4729,28.9646],[107.4654,28.951],[107.4621,28.9149],[107.4542,28.8937],[107.4368,28.8773],[107.297,28.8084],[107.2702,28.8048],[107.2488,28.809],[107.2168,28.8294],[107.1944,28.8541],[107.1611,28.8813],[107.1309,28.898],[107.1066,28.9005],[107.0762,28.8889],[107.0307,28.8876],[107.0155,28.8799],[106.9995,28.86],[106.9733,28.8045],[106.9595,28.791],[106.9463,28.7928],[106.9273,28.8103],[106.9115,28.8106],[106.8894,28.8014],[106.8492,28.773],[106.8372,28.7512],[106.8351,28.7305],[106.8465,28.6928],[106.8479,28.6584],[106.843,28.6372],[106.829,28.6087],[106.8032,28.5883],[106.7741,28.5934],[106.762,28.5909],[106.7511,28.5619],[106.75,28.5022],[106.7302,28.4833],[106.694,28.4828],[106.6692,28.4978],[106.6562,28.5132],[106.6302,28.5217],[106.5624,28.5107],[106.5533,28.5212],[106.5576,28.534],[106.5898,28.5701],[106.6265,28.6374],[106.624,28.6584],[106.5983,28.6978],[106.5756,28.7486],[106.5624,28.7671],[106.5199,28.8002],[106.4892,28.8317],[106.4763,28.8348],[106.4611,28.8194],[106.463,28.7999],[106.4766,28.7676],[106.5144,28.7096],[106.5222,28.6727],[106.5101,28.6395],[106.4889,28.6174],[106.483,28.5885],[106.4917,28.5559],[106.4887,28.541],[106.4745,28.5368],[106.4532,28.5416],[106.4067,28.5662],[106.3824,28.5725],[106.3834,28.5535],[106.3721,28.5228],[106.3387,28.4801],[106.3142,28.471],[106.2997,28.483],[106.2985,28.5274],[106.2873,28.545],[106.2687,28.5566],[106.1888,28.5846],[106.1715,28.5978],[106.1537,28.6236],[106.1235,28.6387],[106.0783,28.6693],[105.9844,28.7535],[105.965,28.7508],[105.9552,28.734],[105.9315,28.7065],[105.9166,28.6754],[105.9081,28.6396],[105.8919,28.6093],[105.8682,28.6035],[105.8292,28.6027],[105.7849,28.589],[105.7732,28.5889],[105.7301,28.6037],[105.7063,28.5984],[105.6832,28.5834],[105.6699,28.561],[105.6637,28.5336],[105.6497,28.5174],[105.6305,28.5064],[105.6188,28.4915],[105.6206,28.4824],[105.6437,28.4618],[105.6558,28.4411],[105.6606,28.3694],[105.6505,28.34],[105.6672,28.3183],[105.7104,28.3018],[105.7478,28.3057],[105.7703,28.3003],[105.7976,28.2824],[105.8468,28.2692],[105.866,28.2584],[105.8806,28.2357],[105.8722,28.2078],[105.8756,28.1742],[105.8918,28.1539],[105.9062,28.1506],[105.9561,28.1553],[105.9968,28.1403],[106.009,28.1402],[106.055,28.1563],[106.0916,28.1721],[106.1094,28.1747],[106.1329,28.1687],[106.1636,28.1539],[106.1993,28.1243],[106.2012,28.0937],[106.2153,28.0561],[106.2688,28.0274],[106.299,28.0004],[106.3058,27.9786],[106.3086,27.9378],[106.3148,27.9158],[106.339,27.8658],[106.3454,27.8349],[106.3301,27.8215],[106.2476,27.7752],[106.2068,27.7673],[106.1808,27.7705],[106.1309,27.7842],[106.1036,27.7881],[106.07,27.7784],[106.0392,27.7568],[106.0049,27.7516],[105.9394,27.7491],[105.9153,27.7551],[105.8759,27.7452],[105.8431,27.7194],[105.8185,27.717],[105.7715,27.7208],[105.7397,27.7157],[105.7119,27.6915],[105.6469,27.6781],[105.6311,27.6822],[105.609,27.7147],[105.5923,27.7296],[105.5535,27.7447],[105.5245,27.7746],[105.4798,27.7839],[105.4551,27.7815],[105.3608,27.76],[105.3297,27.7293],[105.3142,27.7214],[105.297,27.7217],[105.2845,27.6602],[105.2666,27.6131],[105.2461,27.5825],[105.2464,27.5431],[105.2402,27.5209],[105.2233,27.4998],[105.2194,27.4515],[105.1985,27.422],[105.1974,27.3986],[105.1859,27.3932],[105.1657,27.3951],[105.1248,27.4085],[105.0826,27.4125],[105.051,27.4056],[105.022,27.3901],[104.991,27.3623],[104.9281,27.3419],[104.8709,27.3098],[104.8563,27.3068],[104.8302,27.3122],[104.8025,27.3291],[104.7834,27.3322],[104.7517,27.3217],[104.7296,27.3198],[104.6904,27.3292],[104.6195,27.3156],[104.5942,27.3138],[104.5483,27.3212],[104.5097,27.3193],[104.4692,27.3319],[104.4437,27.3472],[104.4015,27.3929],[104.3736,27.4375],[104.361,27.447],[104.3444,27.4412],[104.3144,27.4073],[104.2637,27.3706],[104.247,27.3495],[104.2496,27.3177],[104.2384,27.2952],[104.2026,27.2756],[104.1743,27.2715],[104.1236,27.3102],[104.0471,27.3463],[104.0299,27.3588],[104.001,27.3873],[103.9811,27.3995],[103.9538,27.4011],[103.9113,27.3904],[103.8946,27.3741],[103.8593,27.3154],[103.8185,27.2719],[103.7978,27.2548],[103.6954,27.1517],[103.6609,27.1271],[103.6233,27.1051],[103.5964,27.0761],[103.6068,27.0498],[103.6371,27.0184],[103.6591,27.028],[103.6846,27.0489],[103.7009,27.0524],[103.7299,27.0288],[103.749,27.0051],[103.7591,26.9764],[103.7783,26.9559],[103.7789,26.9382],[103.7714,26.9121],[103.7783,26.88],[103.7718,26.8719],[103.7296,26.8565],[103.7157,26.826],[103.7173,26.799],[103.7248,26.7802],[103.731,26.7468],[103.7374,26.7361],[103.7721,26.7405],[103.7751,26.7317],[103.7631,26.6944],[103.7631,26.6626],[103.7578,26.6294],[103.7757,26.5908],[103.7866,26.5771],[103.8292,26.5471],[103.8831,26.5244],[103.9158,26.5178],[103.9965,26.5185],[104.0204,26.5142],[104.0446,26.5281],[104.055,26.56],[104.0798,26.6002],[104.111,26.6345],[104.1238,26.6439],[104.1534,26.6512],[104.1685,26.6475],[104.2181,26.6266],[104.2313,26.625],[104.3177,26.6289],[104.3362,26.6332],[104.3585,26.6478],[104.386,26.6855],[104.3931,26.7137],[104.4051,26.719],[104.4299,26.7125],[104.46,26.6632],[104.4662,26.6135],[104.4821,26.5931],[104.496,26.5877],[104.5315,26.5935],[104.5594,26.5847],[104.5731,26.5692],[104.5815,26.5394],[104.6265,26.4977],[104.639,26.451],[104.6553,26.431],[104.6755,26.3793],[104.6598,26.3682],[104.6451,26.3469],[104.6117,26.3283],[104.5612,26.2907],[104.5452,26.2704],[104.535,26.1978],[104.5092,26.1657],[104.505,26.1474],[104.517,26.1076],[104.5046,26.0772],[104.499,26.0308],[104.4634,25.9815],[104.4366,25.964],[104.3929,25.9479],[104.3967,25.9259],[104.4156,25.9089],[104.4207,25.893],[104.4206,25.8569],[104.3936,25.7912],[104.3885,25.7715],[104.367,25.7505],[104.3491,25.7518],[104.3185,25.7656],[104.2995,25.7608],[104.2994,25.746],[104.3077,25.7102],[104.3062,25.6648],[104.3206,25.6359],[104.3499,25.6142],[104.3941,25.5903],[104.4224,25.5793],[104.4324,25.5567],[104.4327,25.5068],[104.4372,25.4986],[104.4681,25.4911],[104.4974,25.4944],[104.535,25.5081],[104.5461,25.5013],[104.5535,25.4845],[104.5584,25.4219],[104.5658,25.3812],[104.5951,25.3681],[104.6124,25.3561],[104.6689,25.2968],[104.6909,25.2821],[104.7137,25.2731],[104.7782,25.2617],[104.7894,25.2445],[104.78,25.228],[104.7678,25.2199],[104.7318,25.2192],[104.7197,25.2109],[104.7191,25.1685],[104.7138,25.1487],[104.689,25.1013],[104.6887,25.0736],[104.707,25.0173],[104.7005,24.999],[104.6581,24.958],[104.6265,24.9143],[104.6,24.8898],[104.5717,24.8503],[104.5522,24.8335],[104.5456,24.8134],[104.5399,24.7418],[104.556,24.7454],[104.5824,24.7285],[104.6303,24.6829],[104.6405,24.6767],[104.6952,24.6618],[104.7293,24.6314],[104.781,24.6796],[104.8253,24.6883],[104.8519,24.7058],[104.8767,24.755],[104.8897,24.7654],[104.9321,24.7711],[104.9739,24.7827],[105.0125,24.7975],[105.0245,24.8146],[105.0393,24.8551],[105.0481,24.8954],[105.067,24.9126],[105.1001,24.9543],[105.1395,24.9719],[105.1637,24.9788],[105.1772,25.0014],[105.1887,25.0088],[105.2059,25.0039],[105.249,24.971],[105.2672,24.9382],[105.2894,24.9332],[105.3327,24.9405],[105.3608,24.9534],[105.3807,24.9571],[105.4308,24.9341],[105.4444,24.9236],[105.4581,24.8664],[105.4791,24.8372],[105.5086,24.8175],[105.5422,24.8102],[105.5932,24.8107],[105.6365,24.7842],[105.6551,24.7807],[105.6753,24.7897],[105.7286,24.7533],[105.7607,24.7429],[105.7877,24.7157],[105.8057,24.7071],[105.8257,24.709],[105.852,24.7293],[105.8708,24.7344],[105.9165,24.7287],[105.9316,24.7184],[106.0012,24.6485],[106.0207,24.6419],[106.0364,24.6548],[106.0595,24.6935],[106.0839,24.7153],[106.1511,24.7598],[106.1762,24.7822],[106.1994,24.8299],[106.1987,24.8768],[106.1816,24.921],[106.1557,24.9604],[106.1677,24.9646],[106.1973,24.9604],[106.2141,24.9788],[106.2274,24.9815],[106.3066,24.9815],[106.3706,25.0044],[106.381,25.0119],[106.4567,25.0361],[106.5045,25.0714],[106.5871,25.1044],[106.617,25.127],[106.6407,25.153],[106.6668,25.1735],[106.7044,25.1795],[106.7852,25.1797],[106.886,25.197],[106.9004,25.2166],[106.9093,25.2484],[106.9448,25.2562],[106.9632,25.2502],[106.9707,25.2347],[106.9955,25.2554],[107.0113,25.304],[107.0146,25.3534],[106.9803,25.398],[106.9721,25.4252],[106.9746,25.4404],[107.0048,25.4633],[107.0219,25.498],[107.0621,25.5172],[107.0779,25.5284],[107.1288,25.5233],[107.1656,25.5268],[107.1928,25.5362],[107.2227,25.5584],[107.2442,25.5586],[107.2671,25.5407],[107.3067,25.5015],[107.3274,25.4702],[107.3157,25.4475],[107.3139,25.4238],[107.335,25.4082],[107.3684,25.4031],[107.3979,25.3873],[107.4056,25.3737],[107.4067,25.342],[107.4122,25.3211],[107.4241,25.3031],[107.4469,25.2889],[107.4772,25.28],[107.4781,25.2645],[107.4654,25.2431],[107.4736,25.2195],[107.4989,25.2141],[107.5133,25.2169],[107.5358,25.2307],[107.5529,25.2501],[107.5779,25.2644],[107.6122,25.2736],[107.6226,25.3005],[107.6347,25.3115],[107.6474,25.3064],[107.6416,25.2675],[107.6491,25.2528],[107.6745,25.2343],[107.6769,25.206],[107.6982,25.205],[107.7095,25.2154],[107.7338,25.2266],[107.745,25.2263],[107.7619,25.2012],[107.776,25.153],[107.8032,25.1462],[107.8619,25.146],[107.8871,25.1574],[107.9253,25.1923],[107.9666,25.209],[108.0561,25.2114],[108.0678,25.2131],[108.1025,25.2301],[108.1177,25.2442],[108.1292,25.2688],[108.1328,25.3437],[108.1318,25.3864],[108.1418,25.3983],[108.1709,25.4131],[108.1967,25.4359],[108.2167,25.4696],[108.2338,25.4825],[108.2599,25.4923],[108.2817,25.507],[108.2934,25.5387],[108.3116,25.5371],[108.3389,25.5201],[108.3564,25.5149],[108.4048,25.5149],[108.4211,25.5087],[108.4444,25.4826],[108.496,25.4474],[108.5182,25.4179],[108.5271,25.3987],[108.5418,25.3806],[108.5749,25.3273],[108.5985,25.3113],[108.6035,25.3434],[108.6011,25.3778],[108.5679,25.4159],[108.568,25.4472],[108.5793,25.4679],[108.6011,25.4834],[108.6517,25.501],[108.6568,25.5121],[108.6405,25.5297],[108.6423,25.5503],[108.6596,25.5764],[108.6946,25.602],[108.7257,25.6125],[108.7454,25.6134],[108.7678,25.5989],[108.7737,25.5739],[108.7657,25.5424],[108.7741,25.5219],[108.7913,25.5225],[108.8511,25.539],[108.9281,25.5504],[108.9412,25.5488],[108.9836,25.515],[109.0035,25.5141],[109.032,25.5326],[109.0414,25.5434],[109.0402,25.5643],[109.0244,25.595],[109.028,25.6517],[109.0442,25.7091],[109.0413,25.7204],[109.0267,25.7198],[108.9798,25.7043],[108.9527,25.6914],[108.9007,25.6565],[108.8783,25.6503],[108.8655,25.6581],[108.8616,25.6896],[108.8709,25.7075],[108.9265,25.7603],[108.9533,25.7757],[108.9854,25.785],[109.0145,25.7874],[109.0854,25.8054],[109.1042,25.796],[109.1116,25.7664],[109.128,25.7494],[109.1486,25.7507],[109.1633,25.7709],[109.1625,25.8044],[109.1824,25.8033],[109.2162,25.7529],[109.2286,25.7384],[109.2561,25.7283],[109.2812,25.7309],[109.3004,25.7431],[109.3125,25.7854],[109.3368,25.8248],[109.3556,25.876],[109.398,25.9132],[109.4033,25.9346],[109.3855,25.9601],[109.3871,25.9813],[109.3991,25.9985],[109.4567,26.0389],[109.4335,26.081],[109.4275,26.0986],[109.4264,26.133],[109.4075,26.1935],[109.3886,26.2124],[109.3843,26.2267],[109.3905,26.242],[109.405,26.2575],[109.3993,26.2699],[109.3304,26.2805],[109.3156,26.2888],[109.2966,26.3125],[109.2916,26.3375],[109.2936,26.3586],[109.315,26.4257],[109.3558,26.4807],[109.3864,26.5095],[109.4026,26.5373],[109.4089,26.578],[109.4067,26.5972],[109.3772,26.6462],[109.3476,26.6686],[109.3017,26.6806],[109.2829,26.7032],[109.2829,26.7186],[109.294,26.7273],[109.3423,26.7425],[109.3695,26.7447],[109.3971,26.7547],[109.4666,26.8037],[109.5053,26.8248],[109.5208,26.8452],[109.5199,26.8584],[109.4963,26.8799],[109.4618,26.8772],[109.4505,26.8825],[109.4438,26.901],[109.4642,26.9226],[109.4902,26.9408],[109.5071,26.9764],[109.5093,27.0321],[109.4992,27.0625],[109.4569,27.0998],[109.4382,27.131],[109.396,27.1499],[109.336,27.1535],[109.2989,27.146],[109.2756,27.1333],[109.2585,27.1353],[109.2306,27.152],[109.2182,27.1477],[109.1993,27.1153],[109.1771,27.0934],[109.1556,27.0797],[109.135,27.0779],[109.1121,27.0931],[109.1099,27.1061],[109.1238,27.1306],[109.1186,27.1382],[109.0955,27.1344],[109.0078,27.0941],[108.9765,27.0698],[108.9609,27.0392],[108.9502,27.0269],[108.9035,27.0102],[108.8742,27.0181],[108.8334,27.0593],[108.7913,27.0831],[108.7879,27.0941],[108.8043,27.1068],[108.847,27.1076],[108.8818,27.1244],[108.8968,27.1472],[108.893,27.1732],[108.9001,27.1888],[108.9639,27.2465],[109.0149,27.2622],[109.1174,27.3706],[109.1308,27.4062],[109.146,27.4152],[109.1631,27.4169],[109.1881,27.4377],[109.2064,27.4448],[109.2446,27.4357],[109.2769,27.4385],[109.3184,27.5006],[109.4184,27.5595],[109.4406,27.5877],[109.4448,27.6011],[109.4473,27.65],[109.4426,27.6716],[109.4145,27.714],[109.4134,27.739],[109.3727,27.7524],[109.3588,27.7607],[109.3351,27.7925],[109.3282,27.8077],[109.3318,27.8249],[109.3273,27.8477],[109.3147,27.874],[109.3093,27.8978],[109.3163,27.9129],[109.3377,27.9296],[109.3368,27.9435],[109.3136,27.9571],[109.3099,27.9703],[109.3239,28.0007],[109.3627,28.0296],[109.3633,28.0575],[109.3411,28.0624],[109.3194,28.047],[109.3001,28.0515],[109.2945,28.0727],[109.2987,28.0947],[109.3302,28.1664],[109.3543,28.2088],[109.3586,28.2481],[109.3543,28.2652],[109.3292,28.2852],[109.2866,28.3042],[109.2639,28.3222],[109.2615,28.3357],[109.2729,28.3743],[109.2704,28.4075],[109.2529,28.4495],[109.2494,28.4761],[109.2584,28.5059]]]},"properties":{"name":"Guizhou","name_en":"Guizhou","name_ja":"貴州省","name_zh":"贵州省","name_ko":"구이저우성","adm0_a3":"CHN","postal":"GZ","iso_3166_2":"CN-GZ","type_en":"Province","region":"Southwest China","geonunit":"China"}},
{"type":"Feature","geometry":{"type":"Polygon","coordinates":[[[109.2584,28.5059],[109.2494,28.4761],[109.2529,28.4495],[109.2704,28.4075],[109.2729,28.3743],[109.2615,28.3357],[109.2639,28.3222],[109.2866,28.3042],[109.3292,28.2852],[109.3543,28.2652],[109.3586,28.2481],[109.3543,28.2088],[109.3302,28.1664],[109.2987,28.0947],[109.2945,28.0727],[109.3001,28.0515],[109.3194,28.047],[109.3411,28.0624],[109.3633,28.0575],[109.3627,28.0296],[109.3239,28.0007],[109.3099,27.9703],[109.3136,27.9571],[109.3368,27.9435],[109.3377,27.9296],[109.3163,27.9129],[109.3093,27.8978],[109.3147,27.874],[109.3273,27.8477],[109.3318,27.8249],[109.3282,27.8077],[109.3351,27.7925],[109.3588,27.7607],[109.3727,27.7524],[109.4134,27.739],[109.4145,27.714],[109.4426,27.6716],[109.4473,27.65],[109.4448,27.6011],[109.4406,27.5877],[109.4184,27.5595],[109.3184,27.5006],[109.2769,27.4385],[109.2446,27.4357],[109.2064,27.4448],[109.1881,27.4377],[109.1631,27.4169],[109.146,27.4152],[109.1308,27.4062],[109.1174,27.3706],[109.0149,27.2622],[108.9639,27.2465],[108.9001,27.1888],[108.893,27.1732],[108.8968,27.1472],[108.8818,27.1244],[108.847,27.1076],[108.8043,27.1068],[108.7879,27.0941],[108.7913,27.0831],[108.8334,27.0593],[108.8742,27.0181],[108.9035,27.0102],[108.9502,27.0269],[108.9609,27.0392],[108.9765,27.0698],[109.0078,27.0941],[109.0955,27.1344],[109.1186,27.1382],[109.1238,27.1306],[109.1099,27.1061],[109.1121,27.0931],[109.135,27.0779],[109.1556,27.0797],[109.1771,27.0934],[109.1993,27.1153],[109.2182,27.1477],[109.2306,27.152],[109.2585,27.1353],[109.2756,27.1333],[109.2989,27.146],[109.336,27.1535],[109.396,27.1499],[109.4382,27.131],[109.4569,27.0998],[109.4992,27.0625],[109.5093,27.0321],[109.5071,26.9764],[109.4902,26.9408],[109.4642,26.9226],[109.4438,26.901],[109.4505,26.8825],[109.4618,26.8772],[109.4963,26.8799],[109.5199,26.8584],[109.5208,26.8452],[109.5053,26.8248],[109.4666,26.8037],[109.3971,26.7547],[109.3695,26.7447],[109.3423,26.7425],[109.294,26.7273],[109.2829,26.7186],[109.2829,26.7032],[109.3017,26.6806],[109.3476,26.6686],[109.3772,26.6462],[109.4067,26.5972],[109.4089,26.578],[109.4026,26.5373],[109.3864,26.5095],[109.3558,26.4807],[109.315,26.4257],[109.2936,26.3586],[109.2916,26.3375],[109.2966,26.3125],[109.3156,26.2888],[109.3304,26.2805],[109.3993,26.2699],[109.405,26.2575],[109.3905,26.242],[109.3843,26.2267],[109.3886,26.2124],[109.4075,26.1935],[109.4264,26.133],[109.4275,26.0986],[109.4335,26.081],[109.4567,26.0389],[109.4879,26.05],[109.5228,26.0394],[109.566,26.0385],[109.6032,26.0527],[109.6239,26.0362],[109.6723,25.9853],[109.6743,25.9634],[109.6538,25.9163],[109.6575,25.8986],[109.6766,25.8891],[109.7126,25.8902],[109.772,25.9082],[109.7857,25.9262],[109.7868,25.9442],[109.7715,25.9998],[109.7813,26.0238],[109.8041,26.0371],[109.8384,26.045],[109.8639,26.0776],[109.9117,26.1812],[109.9273,26.1971],[109.9585,26.1954],[109.9784,26.1887],[110.0017,26.1697],[110.0431,26.1633],[110.062,26.1499],[110.0578,26.1246],[110.0276,26.0736],[110.0239,26.0575],[110.0336,26.0365],[110.0813,26.0389],[110.1382,26.0517],[110.1646,26.047],[110.1812,26.0392],[110.2063,26.0112],[110.2223,25.9833],[110.247,25.9782],[110.2808,25.9987],[110.299,26.021],[110.3417,26.1127],[110.3528,26.1266],[110.3831,26.1513],[110.4097,26.164],[110.4316,26.168],[110.4846,26.1716],[110.5365,26.2249],[110.5462,26.2501],[110.5449,26.2795],[110.556,26.3013],[110.5511,26.3255],[110.5541,26.3412],[110.5771,26.3508],[110.6408,26.3383],[110.6886,26.3323],[110.7009,26.3168],[110.6975,26.2888],[110.724,26.2743],[110.8789,26.2752],[110.9065,26.293],[110.9147,26.3159],[110.9256,26.3619],[110.9355,26.3825],[110.9473,26.3899],[110.9645,26.3852],[111.001,26.3537],[111.0388,26.3443],[111.1233,26.306],[111.1634,26.2997],[111.2163,26.2822],[111.2372,26.2844],[111.2519,26.2797],[111.277,26.2502],[111.2567,26.2101],[111.2468,26.132],[111.2317,26.0629],[111.2019,25.9957],[111.1943,25.9575],[111.2021,25.9303],[111.2286,25.8928],[111.2562,25.869],[111.2785,25.8611],[111.2997,25.8684],[111.3031,25.8965],[111.3174,25.909],[111.3425,25.9039],[111.4083,25.9079],[111.4466,25.9267],[111.4566,25.9216],[111.451,25.9065],[111.4736,25.8991],[111.4725,25.8907],[111.4224,25.8569],[111.4161,25.8415],[111.4113,25.8026],[111.3611,25.7345],[111.3237,25.7298],[111.3177,25.7181],[111.3171,25.6754],[111.3051,25.6532],[111.305,25.6392],[111.3242,25.6018],[111.3262,25.5906],[111.3177,25.5449],[111.3211,25.5203],[111.3158,25.5032],[111.2921,25.4709],[111.2827,25.43],[111.2538,25.3991],[111.2381,25.3933],[111.1999,25.3879],[111.1796,25.3787],[111.1642,25.3649],[111.1538,25.3139],[111.1371,25.2953],[111.1169,25.2863],[111.1107,25.2765],[111.1138,25.2386],[111.099,25.2137],[111.0615,25.1786],[111.0416,25.1695],[111.0106,25.1645],[110.9932,25.1508],[110.9732,25.0935],[110.9581,25.0624],[110.9546,25.0253],[110.9655,24.9999],[110.9937,24.9649],[111.0063,24.9355],[111.0306,24.918],[111.0471,24.9211],[111.079,24.9442],[111.0959,24.9747],[111.1143,25.0267],[111.1258,25.0445],[111.1709,25.065],[111.2505,25.1348],[111.2744,25.1477],[111.2843,25.1427],[111.3181,25.112],[111.3343,25.1153],[111.3732,25.1338],[111.3886,25.1348],[111.4153,25.1229],[111.4269,25.1062],[111.4145,25.0698],[111.4215,25.0524],[111.4486,25.0363],[111.4619,25.0195],[111.4569,25.0014],[111.432,24.9625],[111.4297,24.9434],[111.4425,24.9168],[111.4499,24.8839],[111.4409,24.859],[111.4446,24.8458],[111.4696,24.8202],[111.4736,24.7929],[111.4586,24.7492],[111.4291,24.6984],[111.4282,24.681],[111.4382,24.6753],[111.4758,24.6667],[111.5015,24.6473],[111.5169,24.6427],[111.5329,24.6553],[111.5687,24.6998],[111.5844,24.705],[111.6158,24.707],[111.6363,24.7598],[111.6671,24.7797],[111.797,24.7604],[111.8571,24.7645],[111.892,24.7635],[111.926,24.7749],[111.941,24.7736],[111.9871,24.7588],[111.9966,24.7357],[112.0184,24.7425],[112.0502,24.7819],[112.0664,24.7966],[112.107,24.8122],[112.1269,24.789],[112.1396,24.7844],[112.1448,24.7936],[112.1491,24.8314],[112.1657,24.8888],[112.1648,24.912],[112.1384,24.93],[112.121,24.9493],[112.1272,24.9778],[112.1491,25.0334],[112.1569,25.0795],[112.1827,25.1526],[112.1858,25.188],[112.1954,25.1999],[112.214,25.2004],[112.2512,25.1779],[112.2638,25.1755],[112.3316,25.1815],[112.3823,25.1632],[112.4021,25.1611],[112.4368,25.1668],[112.4584,25.1643],[112.5442,25.1323],[112.6109,25.1378],[112.6374,25.1304],[112.6633,25.1131],[112.6801,25.094],[112.6933,25.0668],[112.6945,25.0348],[112.7018,25.0147],[112.7141,24.9995],[112.8078,24.9428],[112.8509,24.9393],[112.8821,24.9434],[112.9256,24.9575],[112.9666,24.9587],[112.9889,24.9639],[112.9931,24.9754],[112.9639,25.0237],[112.9588,25.0561],[112.9731,25.0997],[112.9663,25.161],[112.9691,25.1806],[112.9891,25.1984],[113.0205,25.2139],[113.0276,25.2362],[113.0148,25.2456],[112.96,25.2516],[112.901,25.2399],[112.8891,25.2415],[112.8662,25.2665],[112.8589,25.2839],[112.8524,25.3277],[112.8646,25.3428],[112.8812,25.3415],[112.8973,25.322],[112.9081,25.3201],[112.9504,25.3522],[113.0103,25.3689],[113.0635,25.3969],[113.0898,25.4142],[113.1476,25.4659],[113.1864,25.4931],[113.2175,25.5056],[113.2829,25.5176],[113.2913,25.5141],[113.2924,25.4896],[113.3087,25.4638],[113.3576,25.4244],[113.3908,25.4113],[113.4114,25.3889],[113.4216,25.3838],[113.4626,25.3766],[113.4822,25.3784],[113.5096,25.3872],[113.5234,25.3856],[113.5498,25.354],[113.5621,25.3443],[113.563,25.3248],[113.5825,25.3259],[113.6366,25.3495],[113.6817,25.3615],[113.7139,25.3609],[113.764,25.3414],[113.7856,25.3417],[113.8281,25.3567],[113.8521,25.384],[113.8654,25.4154],[113.8802,25.4335],[113.9275,25.4481],[113.9356,25.4949],[113.942,25.511],[113.9627,25.5363],[113.9784,25.5631],[113.9824,25.5817],[113.9713,25.6114],[113.9618,25.6247],[113.9179,25.6602],[113.9094,25.6833],[113.9033,25.7144],[113.9072,25.7498],[113.9418,25.7972],[113.9564,25.8349],[113.9802,25.8705],[114.0005,25.89],[114.0146,25.9168],[114.0183,25.9346],[114.015,26.0217],[114.0186,26.0372],[114.0414,26.0688],[114.0625,26.085],[114.087,26.0896],[114.1173,26.1218],[114.1677,26.1361],[114.1993,26.155],[114.2135,26.1698],[114.2092,26.1992],[114.1797,26.2096],[114.1622,26.2214],[114.1255,26.2173],[114.1054,26.2085],[114.0628,26.1778],[114.0409,26.171],[114.0277,26.1728],[113.9977,26.1884],[113.9648,26.1645],[113.9403,26.1633],[113.9254,26.1704],[113.9305,26.1945],[113.9395,26.2094],[113.9884,26.2651],[113.9986,26.2831],[114.0129,26.3431],[114.0125,26.3714],[114.0206,26.3992],[114.0684,26.4537],[114.0763,26.4707],[114.0765,26.5152],[114.087,26.5529],[114.0851,26.5775],[114.0425,26.5795],[114.0112,26.5877],[113.9895,26.6095],[113.9497,26.6247],[113.9063,26.6289],[113.8883,26.6353],[113.8647,26.6559],[113.8518,26.7032],[113.8329,26.8079],[113.8316,26.8275],[113.8602,26.8583],[113.8685,26.8743],[113.8726,26.9093],[113.8924,26.9453],[113.8892,26.9651],[113.8632,26.9777],[113.8406,27.0183],[113.8164,27.0386],[113.7999,27.0768],[113.7903,27.0875],[113.7736,27.0777],[113.7555,27.0835],[113.7525,27.097],[113.754,27.1419],[113.7797,27.183],[113.8236,27.2287],[113.8473,27.2736],[113.8526,27.2927],[113.8538,27.3322],[113.851,27.3459],[113.8236,27.3541],[113.8024,27.3661],[113.7828,27.3708],[113.7456,27.3625],[113.7002,27.3344],[113.6675,27.3295],[113.618,27.3503],[113.6001,27.3682],[113.5944,27.4191],[113.5834,27.4641],[113.5758,27.5269],[113.5595,27.5613],[113.5621,27.5906],[113.5868,27.6321],[113.611,27.6995],[113.646,27.7455],[113.6802,27.7944],[113.701,27.8189],[113.7111,27.8431],[113.7122,27.8641],[113.705,27.9192],[113.706,27.9377],[113.7188,27.9637],[113.7368,27.9816],[113.7781,27.986],[113.8144,28.0023],[113.8366,28.0081],[113.8929,28.0131],[113.9165,28.0212],[113.9891,28.0719],[114.0082,28.0894],[114.0138,28.1065],[114.0172,28.1615],[114.0282,28.1835],[114.0721,28.209],[114.0804,28.2218],[114.0841,28.2474],[114.0919,28.2577],[114.1504,28.2724],[114.1845,28.2931],[114.2278,28.3583],[114.234,28.3889],[114.2269,28.409],[114.2093,28.4222],[114.1716,28.4397],[114.1727,28.4617],[114.1812,28.4893],[114.177,28.5073],[114.122,28.5158],[114.0841,28.5498],[114.0569,28.5643],[114.101,28.5993],[114.1128,28.6155],[114.1237,28.6729],[114.123,28.7143],[114.1427,28.7885],[114.1344,28.8178],[114.112,28.8412],[114.0506,28.8651],[114.0265,28.8867],[114.0121,28.9129],[113.9834,28.9258],[113.965,28.9395],[113.9144,28.95],[113.9052,28.956],[113.897,28.9901],[113.9024,29.0663],[113.8608,29.0789],[113.84,29.0884],[113.789,29.1215],[113.7728,29.1253],[113.7364,29.1065],[113.7112,29.0729],[113.6932,29.0794],[113.6884,29.0967],[113.6549,29.124],[113.6478,29.15],[113.651,29.1906],[113.6414,29.2218],[113.6212,29.2358],[113.5863,29.2438],[113.581,29.2647],[113.5877,29.2938],[113.6094,29.3288],[113.6615,29.3883],[113.6963,29.3976],[113.7294,29.4371],[113.727,29.4569],[113.7067,29.494],[113.6802,29.5198],[113.6741,29.5314],[113.6746,29.5678],[113.6809,29.6024],[113.6743,29.6274],[113.6494,29.6763],[113.6148,29.6877],[113.576,29.6822],[113.5362,29.6857],[113.5327,29.7049],[113.5461,29.7711],[113.5911,29.86],[113.5903,29.88],[113.5195,29.8417],[113.4975,29.8195],[113.4464,29.7801],[113.4158,29.7646],[113.1862,29.5317],[113.1623,29.4932],[113.1457,29.4721],[113.1279,29.4629],[113.0903,29.4961],[113.0764,29.4839],[113.0756,29.4476],[113.055,29.4433],[113.0488,29.4543],[113.0488,29.4897],[113.0449,29.5084],[113.0329,29.5191],[113.0081,29.5181],[112.9533,29.4766],[112.9358,29.4805],[112.9278,29.4952],[112.9085,29.6008],[112.9137,29.6345],[112.9353,29.6596],[112.9909,29.692],[113.0174,29.7246],[113.0218,29.7474],[113.0195,29.771],[113.0129,29.773],[112.9877,29.744],[112.9456,29.7093],[112.9363,29.6933],[112.9187,29.7235],[112.9125,29.7645],[112.8862,29.7918],[112.8531,29.7791],[112.8172,29.754],[112.7862,29.7367],[112.7658,29.7034],[112.7407,29.6849],[112.6959,29.6757],[112.6837,29.6475],[112.6649,29.6319],[112.6481,29.6269],[112.5558,29.6303],[112.4962,29.6443],[112.4604,29.6455],[112.4439,29.6414],[112.3631,29.5722],[112.3465,29.5626],[112.2819,29.5369],[112.2783,29.5488],[112.2793,29.5859],[112.2739,29.6005],[112.2418,29.6188],[112.2265,29.6365],[112.2177,29.6691],[112.2055,29.67],[112.1873,29.6506],[112.17,29.649],[112.1407,29.6929],[112.1263,29.7072],[112.0824,29.7334],[111.9236,29.8564],[111.8566,29.8713],[111.7686,29.9196],[111.7548,29.9247],[111.7361,29.9214],[111.7127,29.9071],[111.6831,29.899],[111.5849,29.9044],[111.4947,29.9362],[111.4609,29.9389],[111.415,29.9258],[111.3863,29.9304],[111.3763,29.9491],[111.3085,29.9965],[111.2462,30.0317],[111.0523,30.0593],[110.9435,30.0635],[110.799,30.0947],[110.7648,30.0984],[110.7419,30.0962],[110.7253,30.065],[110.726,30.0399],[110.7156,30.0296],[110.686,30.0267],[110.6362,30.0462],[110.5594,30.055],[110.5434,30.055],[110.5012,30.0462],[110.481,30.0337],[110.4632,30.014],[110.4978,29.9989],[110.5066,29.9846],[110.4835,29.9662],[110.4717,29.9441],[110.4734,29.9063],[110.5006,29.8626],[110.5449,29.8378],[110.5805,29.8048],[110.5912,29.7714],[110.5671,29.749],[110.5255,29.7252],[110.5019,29.7151],[110.4821,29.7123],[110.4467,29.7267],[110.4275,29.7222],[110.4192,29.6828],[110.4124,29.6745],[110.3769,29.6535],[110.3617,29.6501],[110.285,29.68],[110.2704,29.6911],[110.2251,29.7373],[110.1969,29.7543],[110.1652,29.7595],[110.1297,29.7793],[110.1039,29.7854],[109.7832,29.7349],[109.748,29.7115],[109.7,29.6557],[109.6909,29.6049],[109.6695,29.5952],[109.6441,29.5971],[109.6105,29.6189],[109.5864,29.6161],[109.5276,29.593],[109.5149,29.5701],[109.4722,29.5682],[109.4615,29.5612],[109.4567,29.5347],[109.4415,29.5424],[109.4323,29.5339],[109.4263,29.5046],[109.4108,29.4998],[109.4064,29.4642],[109.4007,29.453],[109.3821,29.4433],[109.375,29.4199],[109.381,29.3953],[109.3447,29.3713],[109.3283,29.3537],[109.3293,29.3156],[109.3382,29.2897],[109.3043,29.2621],[109.2692,29.2424],[109.2528,29.2208],[109.2581,29.185],[109.2454,29.1322],[109.2359,29.1163],[109.2066,29.1042],[109.2748,29.0493],[109.2857,29.0303],[109.2677,29.0066],[109.2455,28.9313],[109.2404,28.8827],[109.2467,28.7855],[109.2609,28.7507],[109.2812,28.7291],[109.2766,28.7141],[109.2601,28.6993],[109.2614,28.6703],[109.2565,28.6598],[109.2271,28.6444],[109.2132,28.6288],[109.2171,28.6194],[109.2371,28.6082],[109.2671,28.5989],[109.2851,28.5846],[109.2846,28.5735],[109.2667,28.5397],[109.2584,28.5059]]]},"properties":{"name":"Hunan","name_en":"Hunan","name_ja":"湖南省","name_zh":"湖南省","name_ko":"후난성","adm0_a3":"CHN","postal":"HN","iso_3166_2":"CN-HN","type_en":"Province","region":"South Central China","geonunit":"China"}},
{"type":"Feature","geometry":{"type":"Polygon","coordinates":[[[107.6576,37.8529],[107.5562,37.8768],[107.4918,37.9045],[107.4269,37.9067],[107.4047,37.9217],[107.4062,37.948],[107.3928,37.9852],[107.3659,38.011],[107.3242,38.0659],[107.3057,38.0779],[107.1626,38.1386],[107.1431,38.1407],[107.0608,38.1149],[106.9941,38.1189],[106.8292,38.1504],[106.8076,38.1571],[106.69,38.2103],[106.6299,38.2238],[106.577,38.2405],[106.4701,38.2907],[106.571,38.3783],[106.6242,38.4333],[106.645,38.4592],[106.7044,38.6372],[106.7134,38.6515],[106.7728,38.7157],[106.9317,38.9211],[106.959,38.9642],[106.9778,39.0029],[106.9834,39.0247],[106.9778,39.0356],[106.9119,39.0692],[106.8796,39.0939],[106.8819,39.1046],[106.8483,39.1639],[106.8199,39.1806],[106.8082,39.1991],[106.7994,39.2418],[106.8094,39.3093],[106.7891,39.361],[106.7738,39.373],[106.7493,39.3646],[106.6286,39.3614],[106.6141,39.3583],[106.5674,39.3163],[106.5457,39.3046],[106.4969,39.2858],[106.4515,39.2811],[106.4186,39.2828],[106.347,39.2938],[106.3021,39.2895],[106.2757,39.2692],[106.2726,39.2252],[106.2856,39.1909],[106.2878,39.1682],[106.271,39.144],[106.2408,39.1267],[106.206,39.1224],[106.1529,39.1308],[106.1132,39.1208],[106.0816,39.0613],[106.0697,39.001],[106.0603,38.9791],[106.0291,38.9455],[106.0136,38.9203],[106.0035,38.8812],[105.9858,38.8543],[105.9635,38.8304],[105.9118,38.7629],[105.8966,38.7362],[105.8412,38.5713],[105.8226,38.3958],[105.8227,38.3461],[105.8274,38.3307],[105.8453,38.3041],[105.8487,38.2748],[105.8456,38.2576],[105.8281,38.2268],[105.7813,38.2059],[105.7658,38.1844],[105.7574,38.1603],[105.7556,38.1355],[105.7607,38.1141],[105.7767,38.0747],[105.8247,38.0055],[105.8235,37.9803],[105.8148,37.9565],[105.7996,37.8895],[105.8021,37.8245],[105.7881,37.8051],[105.6905,37.7638],[105.6587,37.7398],[105.6416,37.7349],[105.5946,37.7349],[105.5341,37.725],[105.5049,37.7246],[105.4643,37.7323],[105.41,37.7497],[105.3544,37.7526],[105.2466,37.7253],[105.0849,37.6607],[105.0568,37.6423],[105.0416,37.6252],[105.009,37.5767],[104.9702,37.5519],[104.9443,37.5457],[104.8025,37.5337],[104.6627,37.5071],[104.647,37.5066],[104.5744,37.5307],[104.5224,37.53],[104.4752,37.5214],[104.4454,37.5123],[104.4252,37.4986],[104.3585,37.4012],[104.4086,37.4013],[104.4645,37.4402],[104.4902,37.4416],[104.5316,37.4247],[104.6895,37.4119],[104.7176,37.4069],[104.7206,37.4005],[104.6858,37.3852],[104.6805,37.3732],[104.6878,37.3621],[104.7224,37.3393],[104.7224,37.3284],[104.7071,37.3129],[104.6794,37.3],[104.6681,37.2812],[104.6305,37.2748],[104.6214,37.2493],[104.6581,37.2226],[104.6844,37.2156],[104.7089,37.215],[104.7306,37.2254],[104.7506,37.2443],[104.7647,37.2505],[104.8015,37.2433],[104.8554,37.2182],[104.8636,37.2099],[104.869,37.1864],[104.9085,37.1274],[104.9224,37.0968],[104.9653,37.0638],[104.9939,37.0472],[105.0165,37.0402],[105.0905,37.0263],[105.1515,36.9961],[105.1802,36.9721],[105.2033,36.9248],[105.3046,36.8199],[105.3206,36.7966],[105.3217,36.7807],[105.2366,36.7399],[105.2225,36.7269],[105.2205,36.693],[105.2687,36.5502],[105.309,36.4912],[105.3359,36.4353],[105.3476,36.4184],[105.3928,36.3844],[105.4075,36.3651],[105.4281,36.3244],[105.4459,36.2546],[105.447,36.2073],[105.4352,36.1888],[105.4329,36.1647],[105.4379,36.1324],[105.4374,36.1067],[105.4179,36.088],[105.3515,36.0576],[105.326,36.0225],[105.3164,35.9936],[105.3181,35.9332],[105.3234,35.9182],[105.3544,35.872],[105.363,35.8532],[105.3882,35.8299],[105.4024,35.7951],[105.4318,35.7564],[105.4572,35.7521],[105.5631,35.7],[105.6024,35.6966],[105.6393,35.7107],[105.6674,35.7167],[105.7079,35.7177],[105.7256,35.7101],[105.7299,35.6973],[105.7195,35.6892],[105.687,35.6813],[105.687,35.6605],[105.7022,35.6322],[105.7249,35.6037],[105.7852,35.5434],[105.8294,35.4936],[105.8441,35.4877],[105.8702,35.4933],[105.9035,35.5182],[105.9361,35.5248],[106.0651,35.4877],[106.0788,35.4717],[106.0604,35.4639],[105.9124,35.4506],[105.8904,35.4398],[105.8894,35.4147],[105.9079,35.4044],[105.9324,35.4083],[105.9844,35.4273],[106.0196,35.4288],[106.0496,35.4222],[106.1124,35.4247],[106.1773,35.413],[106.2107,35.3952],[106.253,35.3416],[106.2823,35.3153],[106.3134,35.2736],[106.339,35.2571],[106.3597,35.2553],[106.3778,35.2607],[106.447,35.3133],[106.4649,35.3324],[106.4833,35.3744],[106.4901,35.4052],[106.4906,35.4337],[106.4966,35.4748],[106.4819,35.4889],[106.4433,35.499],[106.4198,35.525],[106.4133,35.5459],[106.4296,35.5565],[106.5055,35.5536],[106.5109,35.5609],[106.5009,35.5766],[106.4639,35.5977],[106.4488,35.6204],[106.4293,35.6994],[106.442,35.717],[106.4696,35.7274],[106.5222,35.7337],[106.5576,35.7332],[106.5949,35.7274],[106.6364,35.7146],[106.69,35.7067],[106.7285,35.677],[106.7505,35.6807],[106.7671,35.7066],[106.8146,35.7271],[106.8551,35.7346],[106.8779,35.7622],[106.9046,35.776],[106.9134,35.7888],[106.9063,35.8019],[106.885,35.821],[106.8683,35.8555],[106.8432,35.8822],[106.8543,35.8923],[106.8777,35.901],[106.9148,35.9071],[106.9348,35.9178],[106.9381,35.9298],[106.9137,35.9526],[106.9384,35.9757],[106.9293,36.0014],[106.9316,36.0243],[106.9418,36.0543],[106.9448,36.0769],[106.9228,36.107],[106.8982,36.1292],[106.8764,36.1604],[106.8523,36.1755],[106.8337,36.2028],[106.8137,36.2116],[106.7659,36.203],[106.7449,36.2066],[106.6772,36.236],[106.6242,36.2702],[106.6039,36.2778],[106.5787,36.2745],[106.5373,36.2594],[106.4966,36.2684],[106.4749,36.3002],[106.4732,36.3178],[106.5,36.3412],[106.5041,36.3623],[106.4954,36.4367],[106.4901,36.4536],[106.4782,36.4653],[106.4428,36.4875],[106.4308,36.5023],[106.44,36.5148],[106.4847,36.534],[106.494,36.5598],[106.4866,36.6483],[106.4898,36.6874],[106.5024,36.7065],[106.5544,36.7317],[106.5867,36.7241],[106.6022,36.7258],[106.6217,36.7416],[106.6496,36.8],[106.649,36.8342],[106.6147,36.8902],[106.5828,36.9138],[106.5748,36.9313],[106.6034,36.9503],[106.6339,36.9979],[106.6373,37.0255],[106.6204,37.0566],[106.6206,37.0702],[106.6377,37.1241],[106.6441,37.1817],[106.6568,37.1973],[106.6899,37.2066],[106.7472,37.2063],[106.7907,37.1897],[106.8468,37.1428],[106.8889,37.1204],[106.9329,37.1072],[107.026,37.1086],[107.0617,37.1215],[107.1257,37.1246],[107.1878,37.1171],[107.2439,37.0983],[107.2855,37.0685],[107.3245,37.144],[107.327,37.1554],[107.3104,37.2037],[107.286,37.2618],[107.238,37.3014],[107.2405,37.3208],[107.2523,37.3534],[107.2562,37.3786],[107.27,37.4278],[107.3222,37.5276],[107.3219,37.5485],[107.311,37.5784],[107.3172,37.5902],[107.3612,37.6172],[107.3816,37.6335],[107.4361,37.6635],[107.4742,37.6981],[107.4806,37.7418],[107.4964,37.7611],[107.5094,37.7643],[107.5738,37.7627],[107.6067,37.7657],[107.6437,37.7803],[107.6617,37.8107],[107.6576,37.8529]]]},"properties":{"name":"Ningxia","name_en":"Ningxia","name_ja":"寧夏回族自治区","name_zh":"宁夏回族自治区","name_ko":"닝샤 후이족 자치구","adm0_a3":"CHN","postal":"NX","iso_3166_2":"CN-NX","type_en":"Autonomous Region","region":"Northwest China","geonunit":"China"}},
{"type":"Feature","geometry":{"type":"Polygon","coordinates":[[[108.5184,32.1976],[108.5859,32.1693],[108.6122,32.1524],[108.6632,32.1125],[108.681,32.1048],[108.7393,32.0904],[108.7626,32.0745],[108.7893,32.0453],[108.8563,32.0188],[108.8896,32.0013],[108.9527,31.982],[109.0559,31.9406],[109.1177,31.9057],[109.1745,31.8559],[109.1889,31.8403],[109.2526,31.744],[109.2806,31.7193],[109.3032,31.7094],[109.336,31.7052],[109.5731,31.7301],[109.594,31.7376],[109.583,31.7462],[109.5801,31.7623],[109.5872,31.7806],[109.6127,31.8111],[109.6158,31.8212],[109.6142,31.8914],[109.6102,31.9273],[109.6133,31.9439],[109.6263,31.961],[109.6462,32.0117],[109.6663,32.043],[109.6738,32.0694],[109.6693,32.0807],[109.6386,32.1103],[109.6296,32.1234],[109.619,32.1889],[109.601,32.2133],[109.5477,32.2336],[109.5351,32.2458],[109.527,32.2712],[109.5011,32.3028],[109.4874,32.3359],[109.487,32.3546],[109.4997,32.3689],[109.5613,32.405],[109.5652,32.4198],[109.5746,32.5274],[109.5794,32.5412],[109.6106,32.549],[109.623,32.5594],[109.6348,32.5906],[109.6647,32.598],[109.7082,32.5851],[109.7286,32.5876],[109.7686,32.6001],[109.792,32.5793],[109.8153,32.5706],[109.8459,32.5782],[109.8631,32.5909],[109.8795,32.5916],[109.9508,32.5762],[110.0009,32.5519],[110.0293,32.5543],[110.0619,32.5764],[110.0664,32.5867],[110.0617,32.6065],[110.0738,32.6166],[110.0999,32.6148],[110.1354,32.6051],[110.1522,32.6073],[110.1683,32.6224],[110.1682,32.6432],[110.1519,32.6563],[110.1449,32.6811],[110.155,32.7296],[110.1455,32.7561],[110.1212,32.7967],[110.1152,32.8189],[110.0958,32.8413],[110.0406,32.8617],[109.9928,32.8891],[109.9382,32.8959],[109.8991,32.9144],[109.8685,32.913],[109.8358,32.8959],[109.8097,32.8932],[109.7832,32.9012],[109.7396,32.93],[109.7663,32.9686],[109.7789,33.0177],[109.7812,33.0448],[109.7573,33.0801],[109.7436,33.0895],[109.6944,33.1055],[109.6519,33.1133],[109.5925,33.1098],[109.5649,33.114],[109.5351,33.1314],[109.491,33.145],[109.4531,33.1482],[109.4465,33.1623],[109.4623,33.189],[109.5157,33.2371],[109.5299,33.2443],[109.5518,33.2439],[109.5852,33.2359],[109.604,33.2359],[109.6258,33.2433],[109.6443,33.2611],[109.6597,33.2641],[109.7226,33.2453],[109.752,33.2409],[109.8753,33.2434],[109.9165,33.2345],[109.9599,33.2141],[110.0943,33.2133],[110.1288,33.2055],[110.1486,33.194],[110.1822,33.1661],[110.2344,33.1563],[110.4323,33.1731],[110.4591,33.1851],[110.5097,33.2362],[110.5302,33.2453],[110.5474,33.2453],[110.5682,33.2344],[110.5895,33.2039],[110.6045,33.1539],[110.6232,33.1442],[110.6512,33.1486],[110.6835,33.1335],[110.7113,33.1081],[110.7395,33.0961],[110.7529,33.098],[110.7389,33.1284],[110.7498,33.1398],[110.792,33.1589],[110.8044,33.1696],[110.8176,33.1949],[110.8497,33.2054],[110.9001,33.2052],[110.9211,33.2174],[110.9414,33.2506],[110.9746,33.2665],[111.0089,33.348],[111.0156,33.3744],[111.0117,33.3913],[110.9943,33.4215],[110.9901,33.4381],[111.0041,33.4712],[111.0106,33.5002],[110.9895,33.5434],[110.9771,33.5839],[110.9682,33.5988],[110.9428,33.6184],[110.8779,33.6431],[110.8497,33.66],[110.8005,33.696],[110.7921,33.7051],[110.7906,33.7504],[110.7656,33.7862],[110.7492,33.8028],[110.6894,33.8379],[110.6428,33.8498],[110.6057,33.8668],[110.5938,33.8797],[110.6012,33.906],[110.6377,33.9539],[110.6424,33.9803],[110.6112,34.0364],[110.5972,34.0362],[110.5936,34.0653],[110.6047,34.1144],[110.6177,34.1395],[110.6183,34.1625],[110.6067,34.1705],[110.5576,34.1814],[110.5308,34.2006],[110.477,34.2211],[110.4462,34.2444],[110.4338,34.2614],[110.4354,34.2921],[110.4496,34.3088],[110.4787,34.3264],[110.4821,34.341],[110.4726,34.3656],[110.4537,34.3813],[110.3865,34.398],[110.3741,34.4037],[110.3404,34.4368],[110.3294,34.4632],[110.3277,34.4798],[110.3423,34.5181],[110.3431,34.542],[110.336,34.6158],[110.2982,34.6213],[110.2701,34.6373],[110.2523,34.6633],[110.2419,34.719],[110.2374,34.8014],[110.2427,34.825],[110.263,34.8513],[110.2725,34.8816],[110.2713,34.9135],[110.2597,34.9448],[110.2689,34.9595],[110.2849,35.0097],[110.2919,35.0504],[110.3107,35.0909],[110.3171,35.1257],[110.3264,35.1493],[110.3354,35.198],[110.3578,35.2383],[110.3728,35.2554],[110.4248,35.2942],[110.4452,35.3351],[110.459,35.3433],[110.4965,35.4041],[110.5238,35.4166],[110.5477,35.4382],[110.5631,35.4908],[110.5562,35.5086],[110.6029,35.5543],[110.6198,35.5973],[110.6115,35.6378],[110.5756,35.7125],[110.5604,35.8492],[110.5415,35.8839],[110.511,35.8869],[110.5011,35.9332],[110.4978,35.9797],[110.4472,36.1419],[110.4453,36.1855],[110.4508,36.2069],[110.4692,36.2433],[110.4732,36.2637],[110.4593,36.3272],[110.459,36.3494],[110.4766,36.405],[110.4825,36.4487],[110.4961,36.4841],[110.4989,36.5246],[110.49,36.5774],[110.4832,36.593],[110.3938,36.6824],[110.3931,36.6986],[110.4214,36.6926],[110.4324,36.7041],[110.4412,36.7265],[110.4393,36.7423],[110.418,36.7336],[110.4125,36.7537],[110.3802,36.77],[110.3793,36.78],[110.3975,36.7814],[110.418,36.8162],[110.4041,36.8374],[110.4112,36.8497],[110.377,36.8786],[110.3696,36.8912],[110.3951,36.9071],[110.4128,36.9376],[110.4183,36.9673],[110.4075,36.9806],[110.384,36.9951],[110.3733,37.0179],[110.3895,37.022],[110.4275,37.0103],[110.4453,37.0216],[110.418,37.0278],[110.418,37.0353],[110.4601,37.0513],[110.4698,37.0695],[110.4895,37.0919],[110.5089,37.1017],[110.5279,37.1445],[110.5688,37.1786],[110.634,37.251],[110.6439,37.2748],[110.665,37.2823],[110.6712,37.3096],[110.6877,37.3422],[110.6874,37.3572],[110.6466,37.3678],[110.6337,37.3793],[110.6303,37.3966],[110.6371,37.4182],[110.6536,37.434],[110.6964,37.4395],[110.7156,37.4499],[110.7463,37.4803],[110.7696,37.5424],[110.7888,37.5614],[110.7775,37.604],[110.7663,37.6241],[110.7668,37.6379],[110.7948,37.6584],[110.7792,37.6784],[110.7274,37.7004],[110.7054,37.7137],[110.744,37.7325],[110.7531,37.7458],[110.7429,37.7649],[110.7292,37.7736],[110.6746,37.7962],[110.6534,37.8132],[110.5893,37.9191],[110.5628,37.9421],[110.515,37.955],[110.5136,38.001],[110.5074,38.0116],[110.5,38.0904],[110.5093,38.1281],[110.5096,38.1451],[110.5,38.1661],[110.5112,38.2022],[110.5596,38.217],[110.569,38.2322],[110.5797,38.2873],[110.6045,38.3015],[110.6345,38.3033],[110.6712,38.317],[110.7115,38.3569],[110.7463,38.3778],[110.7743,38.4262],[110.7923,38.4397],[110.8339,38.4459],[110.8528,38.4572],[110.8705,38.5019],[110.891,38.5252],[110.8994,38.5455],[110.9009,38.5805],[110.8756,38.6076],[110.8718,38.6214],[110.9046,38.6794],[110.9154,38.7085],[110.943,38.7395],[110.9487,38.7712],[110.9803,38.8166],[110.9944,38.8853],[111.0039,38.9161],[110.9729,38.9743],[110.995,39.0038],[111.0221,39.0186],[111.089,39.0426],[111.118,39.0674],[111.1343,39.0995],[111.1585,39.1729],[111.2218,39.2835],[111.2249,39.3105],[111.1852,39.3306],[111.167,39.3648],[111.151,39.3572],[111.1415,39.3673],[111.11,39.3852],[111.1057,39.3809],[111.0554,39.4055],[111.041,39.423],[111.0488,39.4367],[111.079,39.4694],[111.1227,39.5276],[111.1371,39.565],[111.1334,39.5788],[111.1206,39.5808],[111.0818,39.5631],[111.0539,39.5617],[111.0315,39.5698],[111.0131,39.5649],[110.9799,39.5341],[110.9457,39.5191],[110.9002,39.5068],[110.8457,39.4652],[110.8129,39.4274],[110.7282,39.3383],[110.7153,39.3199],[110.6849,39.2644],[110.6563,39.246],[110.6379,39.2451],[110.6034,39.2672],[110.5795,39.2969],[110.5569,39.3343],[110.5265,39.365],[110.4942,39.3743],[110.4681,39.363],[110.4285,39.3559],[110.4144,39.3496],[110.3966,39.3281],[110.3603,39.3153],[110.3381,39.3181],[110.2744,39.357],[110.2551,39.3774],[110.2252,39.4241],[110.2012,39.436],[110.1449,39.4448],[110.1092,39.4284],[110.1122,39.4029],[110.1466,39.359],[110.1658,39.3225],[110.1769,39.2852],[110.1691,39.2763],[110.1222,39.2575],[110.0373,39.2124],[109.9883,39.1945],[109.9633,39.1813],[109.8452,39.0966],[109.8206,39.0545],[109.774,39.0351],[109.7006,39.0235],[109.6743,39.0112],[109.6353,38.9058],[109.617,38.8839],[109.5746,38.8521],[109.5549,38.8049],[109.538,38.7852],[109.5157,38.7848],[109.4992,38.7942],[109.4624,38.7871],[109.4239,38.7691],[109.3915,38.7388],[109.38,38.7056],[109.3651,38.6893],[109.332,38.6812],[109.3158,38.6678],[109.3132,38.6205],[109.2958,38.6078],[109.2033,38.5694],[109.16,38.5421],[109.1443,38.5045],[109.0798,38.4565],[109.0454,38.4225],[109.0233,38.3752],[108.9864,38.3352],[108.9828,38.2985],[108.9753,38.2667],[108.9554,38.2249],[108.9535,38.1991],[108.9704,38.1668],[108.9934,38.1415],[109.028,38.111],[109.0382,38.0897],[109.0354,38.0752],[109.001,37.9885],[108.9543,37.9255],[108.9321,37.9152],[108.9103,37.9267],[108.8885,37.9527],[108.8771,37.9758],[108.8633,37.9876],[108.8363,37.9884],[108.8164,37.9739],[108.7907,37.9418],[108.7805,37.9053],[108.7836,37.78],[108.7712,37.7431],[108.7697,37.695],[108.7643,37.6819],[108.7385,37.6713],[108.6499,37.6628],[108.5955,37.663],[108.5205,37.6708],[108.4964,37.6686],[108.333,37.6336],[108.3072,37.6327],[108.2335,37.6404],[108.0387,37.6325],[107.9996,37.645],[108.0065,37.6954],[107.9911,37.7257],[107.9461,37.7721],[107.9287,37.7853],[107.885,37.8016],[107.7026,37.8324],[107.6576,37.8529],[107.6617,37.8107],[107.6437,37.7803],[107.6067,37.7657],[107.5738,37.7627],[107.5094,37.7643],[107.4964,37.7611],[107.4806,37.7418],[107.4742,37.6981],[107.4361,37.6635],[107.3816,37.6335],[107.3612,37.6172],[107.3172,37.5902],[107.311,37.5784],[107.3219,37.5485],[107.3222,37.5276],[107.27,37.4278],[107.2562,37.3786],[107.2523,37.3534],[107.2405,37.3208],[107.238,37.3014],[107.286,37.2618],[107.3104,37.2037],[107.327,37.1554],[107.3245,37.144],[107.2855,37.0685],[107.2778,37.0438],[107.2942,36.9907],[107.2934,36.9459],[107.282,36.9149],[107.2996,36.9072],[107.4429,36.8864],[107.5009,36.8908],[107.5326,36.8742],[107.5225,36.853],[107.5489,36.84],[107.6173,36.8242],[107.6634,36.8201],[107.6955,36.8251],[107.7244,36.8051],[107.7577,36.7898],[107.8379,36.7726],[107.8865,36.7554],[107.9057,36.7389],[107.9256,36.6998],[107.9486,36.6769],[107.9655,36.6691],[108.0176,36.6633],[108.033,36.6544],[108.0251,36.6204],[108.0417,36.5977],[108.0583,36.5915],[108.1025,36.5855],[108.1401,36.5731],[108.1683,36.5692],[108.1914,36.5922],[108.2124,36.6005],[108.2239,36.5953],[108.2439,36.5735],[108.2586,36.5674],[108.2943,36.5631],[108.3564,36.546],[108.3739,36.5321],[108.4008,36.4885],[108.4413,36.4613],[108.4706,36.4565],[108.51,36.4595],[108.5331,36.4577],[108.5738,36.4376],[108.6065,36.432],[108.6244,36.4217],[108.6526,36.3959],[108.6833,36.3771],[108.7037,36.359],[108.704,36.3345],[108.6822,36.2954],[108.6502,36.2651],[108.6441,36.2422],[108.6499,36.2265],[108.6901,36.176],[108.6998,36.1255],[108.6967,36.0891],[108.6771,36.0052],[108.6639,35.9865],[108.6434,35.9756],[108.6112,35.9674],[108.5969,35.9581],[108.5669,35.9263],[108.5137,35.8995],[108.4931,35.8812],[108.4962,35.8556],[108.5131,35.8282],[108.5226,35.7951],[108.5232,35.776],[108.51,35.7009],[108.5167,35.6651],[108.5463,35.6105],[108.6037,35.5479],[108.6064,35.4772],[108.6155,35.4223],[108.6172,35.3928],[108.6115,35.379],[108.5951,35.3646],[108.5609,35.3219],[108.53,35.2909],[108.5119,35.2778],[108.4926,35.2725],[108.4473,35.2696],[108.3536,35.2783],[108.316,35.2747],[108.2768,35.2628],[108.2465,35.2697],[108.2143,35.2923],[108.1926,35.2941],[108.155,35.2906],[108.1143,35.2793],[108.0722,35.2584],[108.0214,35.245],[107.9955,35.2297],[107.9641,35.2233],[107.945,35.2555],[107.9229,35.2669],[107.862,35.2744],[107.7864,35.3102],[107.7417,35.3184],[107.7309,35.3018],[107.7392,35.2717],[107.7304,35.2519],[107.7126,35.2421],[107.6782,35.2354],[107.6705,35.228],[107.6806,35.2082],[107.7047,35.1787],[107.7598,35.0789],[107.7929,35.0498],[107.8254,35.0272],[107.8406,35.0059],[107.8412,34.9868],[107.8303,34.9767],[107.7926,34.9673],[107.753,34.9618],[107.71,34.9514],[107.6218,34.9562],[107.5696,34.9654],[107.5419,34.9539],[107.5175,34.931],[107.4969,34.9258],[107.4742,34.9289],[107.4241,34.9425],[107.3861,34.9414],[107.3633,34.9342],[107.3208,34.9422],[107.2984,34.9408],[107.2858,34.9337],[107.2741,34.9152],[107.2433,34.906],[107.2109,34.8918],[107.1926,34.9028],[107.1701,34.9329],[107.1485,34.9502],[107.099,34.9796],[107.074,35.0148],[107.0515,35.0381],[107.0298,35.0483],[106.9556,35.0596],[106.9148,35.089],[106.9018,35.0904],[106.811,35.0875],[106.7702,35.0952],[106.6248,35.0766],[106.5834,35.0849],[106.5646,35.0796],[106.5305,35.047],[106.4912,35.0301],[106.4885,35.0185],[106.5033,34.9918],[106.5047,34.9788],[106.4966,34.9546],[106.5008,34.9262],[106.5497,34.8626],[106.5495,34.8382],[106.5432,34.82],[106.5066,34.7779],[106.4915,34.741],[106.4658,34.7201],[106.4321,34.7062],[106.4043,34.6801],[106.3835,34.641],[106.3686,34.6253],[106.3295,34.6016],[106.3177,34.5833],[106.3284,34.5586],[106.3511,34.5312],[106.3684,34.5202],[106.4505,34.5202],[106.4759,34.5242],[106.4983,34.5202],[106.5349,34.4902],[106.5729,34.4825],[106.5963,34.4729],[106.6141,34.4587],[106.6273,34.4196],[106.6736,34.3847],[106.6721,34.37],[106.6906,34.2913],[106.6859,34.2689],[106.6689,34.2554],[106.656,34.2542],[106.6017,34.2649],[106.554,34.2808],[106.5196,34.2773],[106.4968,34.2665],[106.5129,34.2569],[106.5339,34.2536],[106.5525,34.2421],[106.5863,34.1598],[106.5874,34.1375],[106.5795,34.1268],[106.5616,34.1225],[106.5375,34.1266],[106.5137,34.1066],[106.4983,34.043],[106.4547,33.9702],[106.4302,33.9421],[106.4232,33.9252],[106.4243,33.8988],[106.4462,33.875],[106.4798,33.8682],[106.4909,33.8556],[106.4819,33.8368],[106.4588,33.8239],[106.4547,33.8033],[106.4658,33.7653],[106.465,33.7372],[106.4715,33.7124],[106.4817,33.7009],[106.524,33.6757],[106.5402,33.6614],[106.5576,33.6343],[106.5595,33.5986],[106.5429,33.5634],[106.4955,33.5436],[106.4712,33.5487],[106.4474,33.5706],[106.4352,33.6005],[106.4181,33.6139],[106.3927,33.6188],[106.344,33.6066],[106.307,33.6124],[106.274,33.606],[106.2457,33.5901],[106.1706,33.5622],[106.1418,33.5654],[106.1192,33.5744],[106.0941,33.6094],[106.0735,33.6175],[106.0057,33.615],[105.9929,33.6106],[105.984,33.5798],[105.9517,33.5532],[105.9044,33.5358],[105.8752,33.5179],[105.8409,33.5052],[105.8324,33.4975],[105.8099,33.4327],[105.8013,33.4178],[105.7853,33.4063],[105.74,33.403],[105.718,33.3887],[105.7144,33.3664],[105.7175,33.3415],[105.7277,33.3152],[105.7472,33.294],[105.8441,33.243],[105.8874,33.2403],[105.9127,33.2337],[105.9247,33.2241],[105.9233,33.2115],[105.9034,33.1804],[105.8979,33.1491],[105.9106,33.0584],[105.9106,33.0317],[105.8865,32.978],[105.8587,32.9631],[105.8223,32.9648],[105.7816,32.9477],[105.7339,32.9074],[105.698,32.8942],[105.6393,32.8855],[105.4986,32.9074],[105.5209,32.8549],[105.5513,32.8059],[105.5614,32.7702],[105.5683,32.7305],[105.587,32.7081],[105.6137,32.7026],[105.6333,32.7075],[105.7046,32.7508],[105.7245,32.7598],[105.7569,32.7619],[105.7822,32.755],[105.806,32.7551],[105.8134,32.7621],[105.8356,32.8085],[105.8534,32.8292],[105.8755,32.8447],[105.8988,32.8514],[105.9604,32.854],[106.0393,32.8724],[106.0823,32.8735],[106.1025,32.8598],[106.0952,32.8272],[106.0609,32.7712],[106.0542,32.7482],[106.0565,32.7136],[106.0816,32.6766],[106.1149,32.6488],[106.1913,32.6049],[106.2289,32.592],[106.2819,32.5955],[106.3042,32.6041],[106.364,32.6387],[106.3896,32.6442],[106.4468,32.6466],[106.5187,32.6698],[106.604,32.6755],[106.6256,32.6801],[106.6608,32.6988],[106.7126,32.7378],[106.7374,32.7434],[106.7567,32.7405],[106.8134,32.7208],[106.843,32.7169],[106.8774,32.7184],[106.9345,32.7127],[107.0109,32.7196],[107.039,32.718],[107.0653,32.7083],[107.0962,32.6692],[107.0978,32.658],[107.093,32.5955],[107.0711,32.5435],[107.07,32.5229],[107.0962,32.5047],[107.1476,32.4837],[107.2022,32.4528],[107.2331,32.4436],[107.2562,32.4445],[107.2841,32.4529],[107.3479,32.5],[107.3705,32.5198],[107.391,32.5303],[107.4169,32.5354],[107.4418,32.5328],[107.4483,32.5222],[107.4447,32.5002],[107.4483,32.4764],[107.4624,32.4402],[107.4567,32.4256],[107.4596,32.4086],[107.5472,32.3923],[107.5751,32.3918],[107.6222,32.3992],[107.6592,32.3886],[107.7245,32.3355],[107.7729,32.3107],[107.8059,32.2799],[107.8435,32.2282],[107.8609,32.2136],[107.9045,32.1965],[107.9601,32.1583],[107.9905,32.1452],[108.0031,32.1499],[108.0072,32.183],[108.0159,32.2033],[108.0518,32.2266],[108.08,32.2334],[108.1165,32.232],[108.1517,32.2409],[108.1877,32.2353],[108.2367,32.2627],[108.251,32.2648],[108.2914,32.2512],[108.3443,32.2637],[108.3676,32.2655],[108.441,32.2616],[108.4794,32.2503],[108.5184,32.1976]]]},"properties":{"name":"Shaanxi","name_en":"Shaanxi","name_ja":"陝西省","name_zh":"陕西省","name_ko":"산시성","adm0_a3":"CHN","postal":"SA","iso_3166_2":"CN-SN","type_en":"Province","region":"Northwest China","geonunit":"China"}},
{"type":"Feature","geometry":{"type":"Polygon","coordinates":[[[92.936,39.1529],[92.9043,39.1509],[92.8111,39.1264],[92.5046,39.0744],[92.3944,39.0676],[92.3676,39.0629],[92.3331,39.0499],[92.2486,38.989],[92.1227,38.9406],[91.9755,38.9068],[91.8806,38.8755],[91.6286,38.8257],[91.4916,38.8173],[91.4425,38.8041],[91.3427,38.7598],[91.2944,38.7451],[91.226,38.7441],[91.1988,38.7404],[91.1198,38.7161],[91.0125,38.6987],[90.9239,38.7029],[90.8949,38.701],[90.735,38.6732],[90.7055,38.6715],[90.6658,38.6779],[90.6535,38.6741],[90.6429,38.654],[90.636,38.6243],[90.6264,38.6175],[90.5794,38.6004],[90.4782,38.5325],[90.4119,38.5038],[90.3809,38.4862],[90.3125,38.4658],[90.2561,38.4738],[90.2056,38.4693],[90.1722,38.4563],[90.1509,38.4328],[90.1533,38.4088],[90.1648,38.3791],[90.1935,38.3257],[90.4393,37.9961],[90.4484,37.9659],[90.4514,37.9368],[90.4435,37.9005],[90.4101,37.847],[90.4051,37.8274],[90.4132,37.8],[90.4365,37.7786],[90.569,37.732],[90.6756,37.6698],[90.8345,37.6078],[90.8666,37.5835],[90.8992,37.5534],[90.9391,37.5273],[90.9572,37.5194],[91.0737,37.4879],[91.1064,37.4581],[91.1262,37.4186],[91.1517,37.3233],[91.1631,37.3001],[91.235,37.1954],[91.3023,37.1371],[91.3163,37.119],[91.3236,37.0927],[91.3256,37.053],[91.3082,37.024],[91.2876,37.0135],[91.1914,37.0015],[91.1611,36.9921],[91.055,36.9451],[91.0004,36.9312],[90.9637,36.9296],[90.8911,36.9395],[90.8377,36.9278],[90.8078,36.9106],[90.7659,36.864],[90.7124,36.8215],[90.7015,36.8078],[90.69,36.7763],[90.6861,36.7457],[90.6881,36.6985],[90.6959,36.6606],[90.7105,36.6362],[90.7603,36.5906],[90.8053,36.5585],[90.8581,36.5391],[90.9369,36.5302],[90.9853,36.5176],[91.0067,36.5035],[91.0246,36.4603],[91.061,36.3135],[91.0838,36.2607],[91.1178,36.1976],[91.1358,36.1406],[91.1373,36.1204],[91.1316,36.0911],[91.1113,36.0739],[91.0475,36.0634],[91.0059,36.0529],[90.915,36.0133],[90.875,36.0036],[90.8294,36.0104],[90.6426,36.1058],[90.6227,36.1111],[90.2925,36.1155],[90.1657,36.1292],[90.1453,36.1371],[90.1325,36.1507],[90.098,36.2049],[90.0688,36.2333],[90.0296,36.2588],[90.0138,36.2528],[89.972,36.1049],[89.9461,36.08],[89.9188,36.0698],[89.8668,36.0656],[89.6778,36.082],[89.593,36.0727],[89.5147,36.0533],[89.4669,36.0271],[89.4395,36.0003],[89.4351,35.9878],[89.4424,35.9523],[89.4589,35.9166],[89.4846,35.8802],[89.5116,35.8639],[89.5422,35.8512],[89.5814,35.8398],[89.6337,35.8325],[89.6761,35.8314],[89.7448,35.8384],[89.772,35.8356],[89.7888,35.8269],[89.7937,35.8038],[89.7889,35.7755],[89.7723,35.7346],[89.7279,35.6673],[89.7151,35.6423],[89.7137,35.6158],[89.7222,35.5803],[89.7174,35.5508],[89.6965,35.5293],[89.6903,35.5086],[89.6999,35.4976],[89.7368,35.4788],[89.7416,35.4572],[89.7301,35.4437],[89.6187,35.3872],[89.5759,35.3729],[89.5118,35.3596],[89.4843,35.3422],[89.48,35.3216],[89.4854,35.2807],[89.474,35.2516],[89.459,35.2381],[89.4548,35.2128],[89.493,35.1623],[89.5402,35.1159],[89.5717,35.0733],[89.5734,35.0442],[89.5607,34.9788],[89.5627,34.9564],[89.5836,34.9409],[89.6097,34.9347],[89.6454,34.9337],[89.725,34.9385],[89.7609,34.9355],[89.7877,34.9264],[89.808,34.906],[89.8252,34.8461],[89.812,34.8123],[89.7877,34.7867],[89.7239,34.7396],[89.7158,34.7251],[89.7203,34.7053],[89.7317,34.6889],[89.7618,34.6627],[89.7911,34.5541],[89.7971,34.5056],[89.792,34.4397],[89.7957,34.4084],[89.8039,34.3992],[89.8246,34.3945],[89.8403,34.3833],[89.8456,34.37],[89.8393,34.3473],[89.8186,34.3175],[89.7959,34.2251],[89.7866,34.1985],[89.7393,34.1538],[89.7185,34.1457],[89.6699,34.1398],[89.6479,34.1178],[89.6367,34.0934],[89.6401,34.058],[89.6581,34.0305],[89.6811,33.9834],[89.7419,33.9095],[89.7714,33.8878],[89.8008,33.8802],[89.8772,33.8227],[89.8921,33.8016],[89.8895,33.7665],[89.9,33.7476],[89.9426,33.7294],[89.9528,33.7155],[89.9613,33.6891],[89.9643,33.6583],[89.9751,33.6306],[89.9979,33.6166],[90.0372,33.6051],[90.0974,33.5973],[90.1406,33.5782],[90.1602,33.5604],[90.1702,33.5401],[90.2032,33.5001],[90.1924,33.4545],[90.1942,33.431],[90.2057,33.4015],[90.2433,33.348],[90.262,33.3267],[90.2889,33.305],[90.3232,33.2887],[90.375,33.2839],[90.4108,33.2898],[90.4363,33.2822],[90.4695,33.252],[90.5826,33.1886],[90.6603,33.1559],[90.6826,33.1493],[90.7415,33.1407],[90.8041,33.1405],[90.8239,33.146],[90.8571,33.1656],[90.8955,33.202],[90.94,33.2366],[90.9499,33.2394],[91.0204,33.2336],[91.0375,33.2348],[91.1279,33.2543],[91.1425,33.2674],[91.149,33.3062],[91.1698,33.3316],[91.1892,33.337],[91.3616,33.337],[91.3793,33.3331],[91.3999,33.3165],[91.3903,33.3027],[91.3733,33.2973],[91.369,33.2845],[91.3765,33.2713],[91.4752,33.1407],[91.5427,33.0803],[91.5974,33.0501],[91.6311,33.0375],[91.7203,32.9825],[91.7494,32.9754],[91.7944,32.9765],[91.8131,32.9683],[91.8549,32.9231],[91.9244,32.8715],[91.9768,32.8486],[92.031,32.8538],[92.0861,32.8856],[92.1193,32.8873],[92.1606,32.8804],[92.1961,32.8686],[92.2038,32.8582],[92.1877,32.8276],[92.1876,32.8153],[92.2032,32.7615],[92.2214,32.745],[92.2458,32.7429],[92.2658,32.7471],[92.2902,32.7612],[92.3347,32.7522],[92.36,32.7683],[92.3854,32.7691],[92.4191,32.7559],[92.4401,32.767],[92.4658,32.7694],[92.5268,32.7534],[92.5611,32.7527],[92.65,32.7404],[92.7273,32.7606],[92.85,32.7289],[92.9067,32.7269],[92.9859,32.7437],[93.0059,32.7346],[93.0161,32.6977],[93.0313,32.6635],[93.0538,32.6516],[93.0817,32.6653],[93.1598,32.669],[93.1957,32.6672],[93.2185,32.6598],[93.3048,32.6098],[93.3453,32.5777],[93.3822,32.5663],[93.4276,32.5703],[93.4426,32.5633],[93.4614,32.5335],[93.4755,32.5188],[93.5104,32.5161],[93.5587,32.5464],[93.5972,32.5646],[93.6447,32.5735],[93.7342,32.5725],[93.7751,32.5663],[93.802,32.5552],[93.8355,32.5114],[93.8524,32.4998],[93.8774,32.4954],[93.9021,32.4991],[93.9309,32.5096],[93.9526,32.4967],[94.0046,32.4806],[94.1108,32.4782],[94.1473,32.4951],[94.1783,32.5223],[94.2076,32.5295],[94.3169,32.5408],[94.335,32.55],[94.3447,32.5646],[94.3482,32.5967],[94.3568,32.6141],[94.3804,32.6141],[94.3978,32.5953],[94.4106,32.5915],[94.4514,32.6111],[94.5037,32.6247],[94.5373,32.6407],[94.5822,32.6722],[94.6005,32.6758],[94.6275,32.6659],[94.6581,32.6319],[94.6845,32.6124],[94.7218,32.5929],[94.739,32.5526],[94.7552,32.5355],[94.8522,32.5001],[94.9151,32.4633],[94.9318,32.4476],[94.9389,32.4282],[94.9456,32.3595],[94.9513,32.3372],[94.9684,32.3196],[95.0001,32.3065],[95.0618,32.2612],[95.0783,32.2545],[95.1166,32.2474],[95.2591,32.2441],[95.2777,32.2352],[95.2974,32.2022],[95.3176,32.1843],[95.3339,32.1784],[95.3821,32.1701],[95.4048,32.1507],[95.408,32.1241],[95.4253,32.0948],[95.4223,32.0734],[95.4066,32.0435],[95.4223,32.0244],[95.413,32.0083],[95.3725,31.9994],[95.3555,31.9799],[95.3543,31.9544],[95.384,31.9047],[95.3902,31.8879],[95.3944,31.8396],[95.4068,31.8107],[95.4186,31.7985],[95.4557,31.7741],[95.4971,31.7417],[95.5264,31.7453],[95.5573,31.7555],[95.5927,31.7616],[95.6449,31.7604],[95.725,31.7464],[95.7542,31.7243],[95.7738,31.698],[95.7987,31.697],[95.8337,31.7125],[95.8489,31.7143],[95.8993,31.7056],[95.9524,31.7054],[96.0275,31.715],[96.0621,31.7138],[96.0942,31.7005],[96.1167,31.6735],[96.1248,31.6215],[96.1493,31.587],[96.1673,31.548],[96.193,31.5347],[96.2103,31.5397],[96.2294,31.558],[96.236,31.5777],[96.2201,31.5914],[96.2146,31.6068],[96.2323,31.682],[96.2295,31.7021],[96.2129,31.7351],[96.2002,31.7466],[96.1478,31.7799],[96.1412,31.7971],[96.145,31.8195],[96.1684,31.8428],[96.1826,31.8712],[96.2222,31.8931],[96.2782,31.9091],[96.3074,31.9062],[96.3316,31.8909],[96.3827,31.8185],[96.4345,31.7764],[96.4832,31.7535],[96.5602,31.7369],[96.6021,31.7329],[96.6642,31.7211],[96.7104,31.691],[96.7374,31.6798],[96.7637,31.6809],[96.7799,31.6916],[96.7954,31.7155],[96.7967,31.7374],[96.7911,31.7559],[96.7602,31.799],[96.7485,31.8239],[96.7529,31.8387],[96.7849,31.8801],[96.7864,31.9101],[96.744,31.9418],[96.733,31.9603],[96.7541,31.9738],[96.8038,31.973],[96.8539,31.9909],[96.8717,31.9944],[96.9146,31.9901],[96.9329,31.9944],[96.9824,32.017],[97.0181,32.0229],[97.0823,32.0119],[97.1241,32.0093],[97.1586,32.0202],[97.1754,32.0344],[97.1835,32.0646],[97.1998,32.068],[97.2251,32.063],[97.2549,32.0758],[97.2732,32.1008],[97.2746,32.1208],[97.2556,32.1251],[97.2471,32.1359],[97.2446,32.1645],[97.2544,32.204],[97.2769,32.2523],[97.2917,32.265],[97.3146,32.2665],[97.3598,32.2605],[97.3765,32.266],[97.3882,32.29],[97.3749,32.3063],[97.3749,32.3173],[97.3941,32.3536],[97.3932,32.385],[97.3716,32.3979],[97.3364,32.4052],[97.3263,32.4236],[97.3542,32.4674],[97.3609,32.5002],[97.4008,32.5032],[97.5012,32.4847],[97.5623,32.4843],[97.5896,32.4742],[97.6116,32.4529],[97.6309,32.4441],[97.6528,32.4549],[97.6613,32.4803],[97.6768,32.4954],[97.6963,32.5013],[97.7157,32.5442],[97.6637,32.5599],[97.6206,32.588],[97.6033,32.6215],[97.5742,32.6214],[97.4661,32.6768],[97.4478,32.6944],[97.4307,32.7003],[97.4251,32.7246],[97.3916,32.7616],[97.3842,32.7792],[97.3773,32.8617],[97.361,32.897],[97.3753,32.9312],[97.4003,32.9577],[97.4687,32.9825],[97.4937,32.9994],[97.5044,33.0267],[97.5043,33.0456],[97.4966,33.0732],[97.4765,33.1203],[97.4799,33.153],[97.5005,33.1944],[97.5752,33.264],[97.6157,33.3284],[97.6299,33.3382],[97.6841,33.348],[97.7011,33.3565],[97.7307,33.3818],[97.7375,33.3965],[97.7243,33.4061],[97.6591,33.4203],[97.6216,33.4456],[97.58,33.4464],[97.5393,33.4537],[97.5092,33.4712],[97.4929,33.4989],[97.4774,33.5622],[97.4548,33.5778],[97.4288,33.5806],[97.4099,33.5907],[97.3905,33.6114],[97.3857,33.6326],[97.3956,33.6772],[97.3947,33.7367],[97.384,33.7789],[97.3671,33.8115],[97.3648,33.8258],[97.3752,33.8624],[97.3835,33.8699],[97.4499,33.882],[97.6102,33.9309],[97.624,33.9401],[97.6318,33.9878],[97.6389,33.9996],[97.6585,34.0048],[97.6957,34.0052],[97.7021,33.993],[97.7314,33.9609],[97.7383,33.9464],[97.7401,33.888],[97.7451,33.8649],[97.7601,33.8584],[97.8191,33.8642],[97.8755,33.8819],[97.9498,33.9187],[97.9777,33.9426],[97.9961,33.9526],[98.0349,33.9598],[98.2118,33.9395],[98.2277,33.9341],[98.2512,33.9171],[98.2678,33.8887],[98.2702,33.8586],[98.2756,33.852],[98.3017,33.8458],[98.3232,33.8487],[98.3847,33.8636],[98.4114,33.8618],[98.4579,33.8401],[98.5796,33.7427],[98.6458,33.6762],[98.6536,33.6493],[98.6344,33.6351],[98.6279,33.6159],[98.6333,33.6077],[98.6634,33.5898],[98.6885,33.5311],[98.7033,33.512],[98.7357,33.4898],[98.7503,33.4617],[98.7579,33.4043],[98.7649,33.3779],[98.7785,33.3503],[98.7729,33.3027],[98.7804,33.2805],[98.8133,33.243],[98.8367,33.1966],[98.8521,33.1749],[98.8716,33.1592],[98.9069,33.1393],[99.0431,33.0878],[99.1006,33.0725],[99.2,33.017],[99.2253,32.9989],[99.2681,32.9086],[99.2894,32.8871],[99.3066,32.8816],[99.3632,32.8772],[99.3969,32.8528],[99.4273,32.8443],[99.5094,32.8354],[99.5432,32.8218],[99.5834,32.7961],[99.6371,32.7773],[99.6985,32.7446],[99.7212,32.7455],[99.7289,32.7577],[99.7626,32.847],[99.7654,32.8732],[99.762,32.8987],[99.7693,32.9218],[99.7904,32.9347],[99.8177,32.9401],[99.841,32.957],[99.8511,32.982],[99.8539,33.012],[99.8602,33.0276],[99.8759,33.0246],[99.9186,32.968],[99.9508,32.9441],[99.9728,32.9392],[100.0123,32.9465],[100.0469,32.9355],[100.0837,32.8854],[100.1366,32.8475],[100.149,32.8282],[100.1586,32.7823],[100.1577,32.7506],[100.149,32.7224],[100.126,32.6881],[100.119,32.6709],[100.1256,32.6583],[100.142,32.6476],[100.1814,32.6367],[100.2232,32.6369],[100.2305,32.6456],[100.241,32.6997],[100.255,32.7258],[100.282,32.7359],[100.3611,32.7399],[100.3994,32.7584],[100.4423,32.7266],[100.4587,32.7057],[100.4888,32.6836],[100.4985,32.6691],[100.5087,32.6283],[100.5333,32.6089],[100.5421,32.5866],[100.5609,32.5633],[100.5404,32.5336],[100.4974,32.5086],[100.473,32.4853],[100.4686,32.4553],[100.4877,32.4326],[100.5312,32.4034],[100.5444,32.4182],[100.5896,32.4387],[100.603,32.4512],[100.622,32.5015],[100.635,32.5262],[100.6429,32.5945],[100.6577,32.6174],[100.6711,32.6288],[100.6811,32.6529],[100.6747,32.6831],[100.6971,32.6857],[100.7449,32.6712],[100.8349,32.6635],[100.8659,32.6542],[100.9022,32.6305],[100.9298,32.6278],[100.9523,32.635],[100.9837,32.6387],[101.008,32.6484],[101.0495,32.6756],[101.077,32.6816],[101.1121,32.6678],[101.1411,32.6701],[101.1708,32.6883],[101.1874,32.7093],[101.2175,32.7578],[101.2366,32.8075],[101.2319,32.8577],[101.2181,32.8787],[101.2047,32.8884],[101.1516,32.9119],[101.1314,32.9384],[101.125,32.972],[101.1249,33.0018],[101.134,33.0463],[101.1614,33.1144],[101.1641,33.1281],[101.1841,33.1528],[101.22,33.1706],[101.2963,33.1925],[101.3243,33.2023],[101.3379,33.202],[101.3743,33.1786],[101.3865,33.1833],[101.3961,33.2002],[101.4015,33.225],[101.4093,33.2319],[101.4452,33.2359],[101.4806,33.2248],[101.5246,33.1959],[101.5589,33.1657],[101.592,33.1296],[101.6097,33.1175],[101.6272,33.1168],[101.6436,33.1278],[101.6939,33.2134],[101.7161,33.2408],[101.7269,33.2678],[101.7214,33.285],[101.7102,33.2947],[101.6775,33.3086],[101.6651,33.3204],[101.6605,33.3497],[101.6688,33.3828],[101.6911,33.4203],[101.7118,33.4351],[101.7482,33.4511],[101.7661,33.4712],[101.7775,33.53],[101.7398,33.5244],[101.7231,33.5094],[101.7074,33.5044],[101.6399,33.5045],[101.6134,33.5119],[101.5962,33.58],[101.5769,33.6305],[101.5471,33.6761],[101.5162,33.7032],[101.4956,33.7046],[101.4438,33.6784],[101.4175,33.6547],[101.3996,33.6451],[101.3494,33.6371],[101.3199,33.6392],[101.2917,33.6469],[101.2282,33.674],[101.2047,33.6707],[101.1831,33.6549],[101.1603,33.6641],[101.1579,33.6899],[101.1655,33.756],[101.1548,33.8055],[101.1295,33.8506],[101.112,33.8617],[101.0745,33.8617],[101.0437,33.8759],[101.009,33.8815],[100.9749,33.9057],[100.948,33.9298],[100.9255,33.9645],[100.8929,34.0296],[100.8514,34.0871],[100.7917,34.1549],[100.7799,34.1916],[100.7813,34.2065],[100.8155,34.2946],[100.8288,34.3101],[100.8735,34.3404],[100.9002,34.3695],[100.9353,34.3863],[100.9613,34.3789],[101.0358,34.3389],[101.0842,34.3246],[101.157,34.3192],[101.2095,34.3019],[101.256,34.3005],[101.2799,34.2837],[101.2995,34.2781],[101.3237,34.2595],[101.3652,34.2527],[101.4258,34.2343],[101.4637,34.2304],[101.4888,34.2186],[101.5298,34.2186],[101.5699,34.2082],[101.6117,34.1912],[101.615,34.1783],[101.6396,34.1571],[101.636,34.1453],[101.6472,34.136],[101.6812,34.1224],[101.7079,34.1162],[101.7189,34.1034],[101.729,34.1087],[101.7376,34.0889],[101.7598,34.0728],[101.7804,34.0675],[101.8344,34.1073],[101.8625,34.1414],[101.8871,34.1459],[101.9306,34.1323],[101.9616,34.1404],[101.9732,34.1701],[102.012,34.1776],[102.0205,34.1865],[102.0196,34.2186],[102.0274,34.2278],[102.0632,34.2382],[102.0765,34.267],[102.1071,34.2822],[102.1391,34.2814],[102.1622,34.2941],[102.1694,34.3219],[102.1854,34.34],[102.2123,34.3515],[102.2161,34.3643],[102.2073,34.393],[102.1788,34.4321],[102.1622,34.4623],[102.1503,34.4951],[102.1045,34.5236],[102.072,34.5364],[102.0528,34.5391],[102.0134,34.536],[101.985,34.5433],[101.9592,34.5583],[101.9319,34.5911],[101.9262,34.611],[101.9244,34.6414],[101.9139,34.6614],[101.9009,34.665],[101.8826,34.6576],[101.8536,34.6326],[101.8181,34.6236],[101.7934,34.6319],[101.7639,34.6603],[101.753,34.6803],[101.7551,34.7037],[101.7766,34.7206],[101.8049,34.7279],[101.8298,34.7421],[101.852,34.7632],[101.8761,34.7504],[101.8953,34.7505],[101.9157,34.7649],[101.9232,34.7873],[101.9203,34.8195],[101.9128,34.8448],[101.9182,34.8613],[101.9324,34.879],[101.9985,34.9247],[102.0094,34.9421],[102.0603,34.9492],[102.0847,34.9574],[102.1142,34.9771],[102.1433,35.005],[102.1948,35.0376],[102.2127,35.0444],[102.2671,35.0559],[102.2786,35.0697],[102.2958,35.1057],[102.3365,35.1528],[102.3745,35.1736],[102.3756,35.2037],[102.3341,35.2408],[102.3177,35.275],[102.3088,35.2794],[102.2654,35.2806],[102.2656,35.3064],[102.2992,35.3506],[102.3029,35.3664],[102.2893,35.4069],[102.2981,35.4206],[102.3376,35.4304],[102.3846,35.4285],[102.4264,35.4353],[102.4532,35.4594],[102.4809,35.5009],[102.5068,35.5237],[102.535,35.5356],[102.577,35.5357],[102.6437,35.5183],[102.6874,35.5146],[102.7022,35.524],[102.7204,35.5663],[102.7213,35.6191],[102.7117,35.6622],[102.6904,35.7108],[102.6799,35.7568],[102.6954,35.8273],[102.7003,35.8395],[102.7354,35.8304],[102.7599,35.8376],[102.7876,35.86],[102.8375,35.8608],[102.8591,35.857],[102.8729,35.8464],[102.8998,35.85],[102.976,35.8333],[102.9822,35.8475],[102.981,35.8745],[102.9697,35.9205],[102.9705,35.9434],[102.9963,35.9798],[102.9995,35.9907],[102.984,36.0146],[102.9517,36.0356],[102.9312,36.0543],[102.9333,36.0861],[103.0188,36.1998],[103.0404,36.2165],[102.981,36.2607],[102.9421,36.2693],[102.9241,36.2814],[102.8945,36.3094],[102.8558,36.3231],[102.8186,36.3261],[102.808,36.353],[102.8012,36.3886],[102.7907,36.4174],[102.7697,36.4976],[102.7359,36.5289],[102.7205,36.5554],[102.7098,36.5874],[102.6982,36.6089],[102.6656,36.6307],[102.6322,36.6436],[102.6108,36.6572],[102.5919,36.6873],[102.5963,36.7138],[102.6152,36.7288],[102.6675,36.7414],[102.6816,36.7647],[102.6747,36.8016],[102.63,36.8362],[102.5888,36.8574],[102.5556,36.9],[102.4772,36.9403],[102.4601,36.9557],[102.4797,37.0028],[102.4932,37.0568],[102.4958,37.0891],[102.5197,37.0975],[102.5498,37.1188],[102.5591,37.1345],[102.5506,37.1638],[102.518,37.1998],[102.4611,37.2424],[102.4266,37.2781],[102.3506,37.3028],[102.2455,37.3809],[102.2128,37.3991],[102.188,37.4078],[102.142,37.4067],[102.0534,37.4524],[102.0327,37.4789],[102.0368,37.5012],[102.0594,37.5312],[102.0672,37.5483],[102.0539,37.5793],[101.9959,37.6145],[101.9802,37.6672],[101.972,37.7204],[101.9563,37.74],[101.9371,37.7307],[101.857,37.645],[101.836,37.6273],[101.8187,37.604],[101.8129,37.5438],[101.8017,37.5261],[101.7854,37.5205],[101.7656,37.525],[101.7465,37.537],[101.7071,37.5878],[101.6925,37.5984],[101.6465,37.6119],[101.2929,37.7989],[101.0498,37.9637],[100.9992,37.9856],[100.9322,38.0008],[100.6357,38.1054],[100.602,38.1274],[100.5799,38.2089],[100.5543,38.2521],[100.5301,38.2742],[100.4974,38.2894],[100.4117,38.2921],[100.3578,38.307],[100.3302,38.3207],[100.3088,38.3381],[100.2804,38.3716],[100.2358,38.3946],[100.2035,38.4413],[100.1408,38.4858],[100.1122,38.4906],[100.0986,38.4773],[100.0908,38.4511],[100.0831,38.3945],[100.1156,38.334],[100.1555,38.3028],[100.1574,38.2674],[100.1671,38.247],[100.1702,38.2215],[100.1585,38.2074],[100.1465,38.214],[100.1156,38.2512],[100.079,38.2784],[100.0006,38.3144],[99.9146,38.3383],[99.8326,38.3521],[99.7999,38.3657],[99.5572,38.5154],[99.5204,38.5552],[99.5079,38.5882],[99.4963,38.6011],[99.4459,38.6254],[99.4279,38.6396],[99.3598,38.7056],[99.0993,38.8896],[99.0886,38.9031],[99.0881,38.9235],[99.0986,38.9396],[99.0948,38.9578],[99.0641,38.9756],[99.0412,38.978],[98.9884,38.9743],[98.9621,38.9818],[98.9287,39.0198],[98.9019,39.0356],[98.8493,39.0439],[98.7819,39.0677],[98.747,39.0706],[98.7352,39.0623],[98.714,39.0185],[98.6964,39.0005],[98.652,38.9696],[98.6022,38.9476],[98.5749,38.9461],[98.5271,38.9572],[98.4446,38.9573],[98.4171,38.9732],[98.3835,39.0092],[98.3515,39.0211],[98.3243,39.0233],[98.3015,39.0079],[98.284,38.9834],[98.2725,38.9475],[98.2626,38.9317],[98.1937,38.8754],[98.1029,38.8146],[98.0686,38.8018],[98.0205,38.8362],[97.6976,38.981],[97.6749,39.005],[97.3749,39.1458],[97.3626,39.1504],[97.1375,39.2032],[97.0828,39.2035],[97.0265,39.1962],[96.9976,39.179],[96.9806,39.1344],[96.9663,39.1244],[96.9625,39.1032],[96.9838,39.0408],[96.9911,38.9968],[96.9835,38.942],[96.9832,38.9121],[96.9709,38.8642],[96.979,38.8317],[96.9745,38.7944],[96.9812,38.7443],[96.9705,38.7155],[96.969,38.6804],[96.9483,38.6694],[96.9399,38.6535],[96.9424,38.6391],[96.9632,38.6031],[96.9712,38.5673],[96.9587,38.3872],[96.9455,38.3582],[96.9123,38.3508],[96.8451,38.3564],[96.7492,38.3794],[96.7235,38.39],[96.6762,38.4153],[96.5679,38.4443],[96.5324,38.4577],[96.5104,38.4701],[96.5031,38.4997],[96.513,38.5289],[96.5026,38.549],[96.4396,38.5653],[96.3945,38.5824],[96.3155,38.6269],[96.2834,38.6353],[96.2328,38.6325],[96.1825,38.6435],[96.1265,38.6699],[96.0855,38.6674],[96.0548,38.6788],[96.0386,38.6993],[96.0311,38.7315],[96.0076,38.7517],[95.8919,38.7837],[95.8561,38.8148],[95.7882,38.8623],[95.7581,38.8735],[95.7216,38.8747],[95.687,38.8955],[95.6538,38.9288],[95.6019,38.971],[95.5783,39.0081],[95.5658,39.0152],[95.496,39.0303],[95.4609,39.0466],[95.3545,39.1346],[95.321,39.1768],[95.3053,39.1828],[95.2505,39.1658],[95.2186,39.1604],[95.1358,39.1636],[95.0572,39.1475],[95.006,39.1512],[94.9819,39.1568],[94.9377,39.1874],[94.9124,39.1982],[94.8495,39.2055],[94.7246,39.2368],[94.7022,39.2489],[94.6683,39.2789],[94.6311,39.2954],[94.5535,39.3012],[94.5212,39.3108],[94.4793,39.3178],[94.1742,39.321],[94.1499,39.3243],[94.117,39.3219],[94.0586,39.3089],[93.9699,39.3041],[93.9089,39.2856],[93.8779,39.2869],[93.8446,39.2954],[93.7733,39.3008],[93.744,39.3089],[93.7221,39.3067],[93.6451,39.2802],[93.6262,39.2777],[93.5391,39.2806],[93.502,39.2719],[93.4768,39.2598],[93.4325,39.2297],[93.4052,39.217],[93.2756,39.1887],[93.1975,39.1879],[93.1403,39.1987],[93.1166,39.1951],[93.0744,39.1782],[93.0357,39.1521],[93.0018,39.146],[92.936,39.1529]]]},"properties":{"name":"Qinghai","name_en":"Qinghai","name_ja":"青海省","name_zh":"青海省","name_ko":"칭하이성","adm0_a3":"CHN","postal":"QH","iso_3166_2":"CN-QH","type_en":"Province","region":"Northwest China","geonunit":"China"}},
{"type":"Feature","geometry":{"type":"Polygon","coordinates":[[[114.1541,40.7426],[114.0839,40.706],[114.0635,40.6925],[114.0374,40.6627],[114.027,40.6352],[114.0335,40.6008],[114.0449,40.582],[114.0755,40.5502],[114.0828,40.5176],[114.0757,40.5027],[114.0438,40.488],[113.9235,40.475],[113.8961,40.4692],[113.8085,40.4342],[113.7655,40.4273],[113.6982,40.4318],[113.6766,40.4285],[113.5183,40.3437],[113.4873,40.3331],[113.4373,40.3248],[113.3341,40.3187],[113.2969,40.3319],[113.2811,40.3476],[113.255,40.3949],[113.2299,40.4167],[113.2077,40.4241],[113.1831,40.4253],[113.0865,40.4044],[112.9614,40.3559],[112.9247,40.3282],[112.8795,40.2679],[112.8438,40.2257],[112.8081,40.1982],[112.7342,40.1728],[112.7014,40.1748],[112.6753,40.1966],[112.5958,40.2378],[112.5332,40.2482],[112.4773,40.2764],[112.4241,40.2894],[112.3992,40.2883],[112.353,40.2616],[112.2898,40.2365],[112.2793,40.229],[112.2321,40.1657],[112.2198,40.1392],[112.1651,40.0593],[112.1098,40.0175],[112.099,40.0054],[112.0244,39.889],[111.9986,39.8331],[111.9871,39.8165],[111.9593,39.7906],[111.9491,39.7745],[111.9427,39.7339],[111.9333,39.7063],[111.9215,39.6888],[111.847,39.6288],[111.8001,39.6159],[111.7612,39.598],[111.7396,39.5989],[111.701,39.6142],[111.6749,39.6359],[111.4899,39.6522],[111.453,39.6453],[111.4491,39.6356],[111.4635,39.6203],[111.4539,39.6174],[111.4254,39.6254],[111.4254,39.536],[111.4212,39.5221],[111.3728,39.4892],[111.3427,39.4444],[111.3174,39.4294],[111.2843,39.4249],[111.1994,39.4272],[111.1642,39.4233],[111.1346,39.4106],[111.11,39.3852],[111.1415,39.3673],[111.151,39.3572],[111.167,39.3648],[111.1852,39.3306],[111.2249,39.3105],[111.2218,39.2835],[111.1585,39.1729],[111.1343,39.0995],[111.118,39.0674],[111.089,39.0426],[111.0221,39.0186],[110.995,39.0038],[110.9729,38.9743],[111.0039,38.9161],[110.9944,38.8853],[110.9803,38.8166],[110.9487,38.7712],[110.943,38.7395],[110.9154,38.7085],[110.9046,38.6794],[110.8718,38.6214],[110.8756,38.6076],[110.9009,38.5805],[110.8994,38.5455],[110.891,38.5252],[110.8705,38.5019],[110.8528,38.4572],[110.8339,38.4459],[110.7923,38.4397],[110.7743,38.4262],[110.7463,38.3778],[110.7115,38.3569],[110.6712,38.317],[110.6345,38.3033],[110.6045,38.3015],[110.5797,38.2873],[110.569,38.2322],[110.5596,38.217],[110.5112,38.2022],[110.5,38.1661],[110.5096,38.1451],[110.5093,38.1281],[110.5,38.0904],[110.5074,38.0116],[110.5136,38.001],[110.515,37.955],[110.5628,37.9421],[110.5893,37.9191],[110.6534,37.8132],[110.6746,37.7962],[110.7292,37.7736],[110.7429,37.7649],[110.7531,37.7458],[110.744,37.7325],[110.7054,37.7137],[110.7274,37.7004],[110.7792,37.6784],[110.7948,37.6584],[110.7668,37.6379],[110.7663,37.6241],[110.7775,37.604],[110.7888,37.5614],[110.7696,37.5424],[110.7463,37.4803],[110.7156,37.4499],[110.6964,37.4395],[110.6536,37.434],[110.6371,37.4182],[110.6303,37.3966],[110.6337,37.3793],[110.6466,37.3678],[110.6874,37.3572],[110.6877,37.3422],[110.6712,37.3096],[110.665,37.2823],[110.6439,37.2748],[110.634,37.251],[110.5688,37.1786],[110.5279,37.1445],[110.5089,37.1017],[110.4895,37.0919],[110.4698,37.0695],[110.4601,37.0513],[110.418,37.0353],[110.418,37.0278],[110.4453,37.0216],[110.4275,37.0103],[110.3895,37.022],[110.3733,37.0179],[110.384,36.9951],[110.4075,36.9806],[110.4183,36.9673],[110.4128,36.9376],[110.3951,36.9071],[110.3696,36.8912],[110.377,36.8786],[110.4112,36.8497],[110.4041,36.8374],[110.418,36.8162],[110.3975,36.7814],[110.3793,36.78],[110.3802,36.77],[110.4125,36.7537],[110.418,36.7336],[110.4393,36.7423],[110.4412,36.7265],[110.4324,36.7041],[110.4214,36.6926],[110.3931,36.6986],[110.3938,36.6824],[110.4832,36.593],[110.49,36.5774],[110.4989,36.5246],[110.4961,36.4841],[110.4825,36.4487],[110.4766,36.405],[110.459,36.3494],[110.4593,36.3272],[110.4732,36.2637],[110.4692,36.2433],[110.4508,36.2069],[110.4453,36.1855],[110.4472,36.1419],[110.4978,35.9797],[110.5011,35.9332],[110.511,35.8869],[110.5415,35.8839],[110.5604,35.8492],[110.5756,35.7125],[110.6115,35.6378],[110.6198,35.5973],[110.6029,35.5543],[110.5562,35.5086],[110.5631,35.4908],[110.5477,35.4382],[110.5238,35.4166],[110.4965,35.4041],[110.459,35.3433],[110.4452,35.3351],[110.4248,35.2942],[110.3728,35.2554],[110.3578,35.2383],[110.3354,35.198],[110.3264,35.1493],[110.3171,35.1257],[110.3107,35.0909],[110.2919,35.0504],[110.2849,35.0097],[110.2689,34.9595],[110.2597,34.9448],[110.2713,34.9135],[110.2725,34.8816],[110.263,34.8513],[110.2427,34.825],[110.2374,34.8014],[110.2419,34.719],[110.2523,34.6633],[110.2701,34.6373],[110.2982,34.6213],[110.336,34.6158],[110.368,34.6176],[110.3875,34.6083],[110.3999,34.5926],[110.4224,34.5908],[110.4378,34.609],[110.4832,34.6158],[110.501,34.6071],[110.5305,34.5837],[110.5848,34.6009],[110.6476,34.6022],[110.7086,34.621],[110.7261,34.6426],[110.7436,34.6543],[110.7658,34.6613],[110.8838,34.6661],[110.9232,34.6858],[110.9108,34.7325],[110.9333,34.7353],[110.9734,34.7169],[110.9899,34.722],[111.0257,34.7475],[111.1094,34.7687],[111.1246,34.7788],[111.1387,34.8192],[111.1578,34.8223],[111.2155,34.8002],[111.2329,34.8008],[111.2459,34.8243],[111.2569,34.8281],[111.285,34.8164],[111.3077,34.8316],[111.3313,34.8409],[111.3531,34.8395],[111.3734,34.8259],[111.3943,34.8233],[111.4217,34.8355],[111.4449,34.8376],[111.5577,34.8634],[111.5693,34.869],[111.5869,34.9006],[111.6035,34.91],[111.6222,34.9473],[111.6417,34.9645],[111.6786,34.9789],[111.6705,34.9975],[111.6829,35.0079],[111.7408,35.019],[111.7635,35.0425],[111.7964,35.0518],[111.8294,35.0826],[111.8821,35.0894],[111.8977,35.0962],[111.9156,35.09],[111.9577,35.0942],[112.0382,35.0458],[112.0564,35.0897],[112.0611,35.1085],[112.0617,35.1556],[112.0585,35.2345],[112.0788,35.2371],[112.1123,35.2297],[112.1348,35.2296],[112.1567,35.2366],[112.335,35.2187],[112.3908,35.2351],[112.4105,35.2353],[112.4404,35.2261],[112.4895,35.2195],[112.526,35.2203],[112.5532,35.2275],[112.5832,35.242],[112.6101,35.2877],[112.6647,35.3113],[112.6825,35.3112],[112.7238,35.2745],[112.8076,35.242],[112.8831,35.2384],[112.9028,35.2406],[112.9546,35.2653],[112.9697,35.277],[112.9877,35.3045],[113.0198,35.3286],[113.1081,35.3438],[113.1296,35.3523],[113.147,35.3743],[113.1684,35.3886],[113.2151,35.4034],[113.2319,35.4169],[113.2729,35.4192],[113.286,35.4255],[113.2993,35.4426],[113.3048,35.4658],[113.3284,35.463],[113.4304,35.4894],[113.4676,35.5056],[113.4913,35.5255],[113.516,35.5631],[113.5461,35.5906],[113.5953,35.6183],[113.6096,35.6341],[113.6099,35.6461],[113.5872,35.6757],[113.5847,35.6869],[113.5973,35.7589],[113.5903,35.7867],[113.5944,35.8078],[113.6325,35.8182],[113.6209,35.8555],[113.6304,35.897],[113.6256,35.9367],[113.6276,35.9532],[113.6562,35.9719],[113.6695,35.9952],[113.6871,36.0557],[113.6796,36.0978],[113.6939,36.1229],[113.6934,36.1363],[113.6752,36.1528],[113.6757,36.1715],[113.6945,36.1883],[113.6729,36.2215],[113.6958,36.275],[113.7048,36.2896],[113.7213,36.3335],[113.721,36.3559],[113.6915,36.3953],[113.6562,36.4166],[113.6308,36.4381],[113.6031,36.4512],[113.5562,36.4649],[113.5351,36.4834],[113.5331,36.5163],[113.5474,36.5485],[113.5267,36.565],[113.5064,36.6032],[113.4587,36.6358],[113.4541,36.6552],[113.4686,36.6831],[113.4628,36.6979],[113.4384,36.7195],[113.4539,36.7366],[113.4754,36.7412],[113.5076,36.7414],[113.5337,36.7473],[113.5565,36.7607],[113.6078,36.7691],[113.6557,36.8078],[113.6695,36.8299],[113.6715,36.8554],[113.6792,36.8716],[113.6999,36.8749],[113.7483,36.8616],[113.7708,36.8682],[113.776,36.8906],[113.7734,36.9837],[113.7542,37.0231],[113.7469,37.0762],[113.7543,37.1149],[113.7665,37.133],[113.7998,37.1638],[113.8577,37.2089],[113.8757,37.2485],[113.8867,37.2961],[113.897,37.3122],[113.9305,37.3488],[113.9511,37.3884],[114.0189,37.4546],[114.0531,37.5006],[114.076,37.5541],[114.0876,37.5724],[114.0963,37.5995],[114.1065,37.6694],[114.1004,37.6982],[114.0264,37.7508],[113.9949,37.8254],[113.9871,37.839],[113.9264,37.9236],[113.8915,37.9495],[113.8793,37.9712],[113.8454,38.0572],[113.8177,38.0914],[113.7907,38.1529],[113.7586,38.1574],[113.7408,38.1649],[113.717,38.1877],[113.676,38.2122],[113.5579,38.2434],[113.5395,38.2521],[113.5318,38.2779],[113.518,38.3776],[113.5429,38.4393],[113.5421,38.4646],[113.5321,38.5199],[113.5345,38.5373],[113.5525,38.5662],[113.5918,38.6172],[113.609,38.6445],[113.6306,38.6534],[113.669,38.6603],[113.6809,38.6678],[113.6837,38.7029],[113.6906,38.7136],[113.7487,38.7295],[113.7983,38.7784],[113.8251,38.8103],[113.8261,38.8237],[113.78,38.8722],[113.7602,38.9092],[113.7542,38.9313],[113.7586,38.9489],[113.776,38.9709],[113.8093,38.986],[113.823,39.0084],[113.8349,39.0415],[113.8533,39.0723],[113.8754,39.0833],[113.9275,39.0853],[114.0127,39.1188],[114.0303,39.1176],[114.0498,39.1008],[114.0891,39.0744],[114.1251,39.066],[114.1668,39.0732],[114.2163,39.069],[114.2569,39.0771],[114.2754,39.0888],[114.3094,39.13],[114.3277,39.1417],[114.3664,39.1526],[114.394,39.1693],[114.4117,39.1978],[114.4161,39.2257],[114.4149,39.2821],[114.4203,39.3],[114.4595,39.3382],[114.4684,39.3901],[114.5002,39.4349],[114.529,39.4822],[114.5409,39.5312],[114.5364,39.5444],[114.5164,39.5645],[114.4972,39.5746],[114.48,39.5944],[114.4595,39.6068],[114.4305,39.6127],[114.4021,39.6585],[114.3968,39.6971],[114.4056,39.7501],[114.4031,39.7809],[114.4055,39.8265],[114.4011,39.8415],[114.3828,39.8611],[114.3284,39.8605],[114.2332,39.8764],[114.1923,39.9018],[114.1784,39.9058],[114.086,39.9169],[114.058,39.9245],[114.0353,39.942],[114.0095,39.9807],[113.9359,40.0157],[113.9244,40.0291],[113.9342,40.0607],[113.9584,40.0793],[113.996,40.1318],[114.0149,40.127],[114.0271,40.1015],[114.04,40.0888],[114.0608,40.0867],[114.0695,40.106],[114.0749,40.16],[114.0854,40.185],[114.1171,40.2035],[114.16,40.2104],[114.2332,40.2308],[114.2886,40.255],[114.4503,40.2938],[114.4925,40.3106],[114.5107,40.325],[114.5042,40.3425],[114.4922,40.3484],[114.4337,40.3605],[114.3856,40.3552],[114.3054,40.362],[114.2858,40.3786],[114.2773,40.4275],[114.2591,40.4926],[114.2576,40.55],[114.2465,40.5793],[114.229,40.6],[114.1984,40.6222],[114.1643,40.6524],[114.1517,40.6736],[114.1498,40.6952],[114.1541,40.7426]]]},"properties":{"name":"Shanxi","name_en":"Shanxi","name_ja":"山西省","name_zh":"山西省","name_ko":"산시성","adm0_a3":"CHN","postal":"SX","iso_3166_2":"CN-SX","type_en":"Province","region":"North China","geonunit":"China"}},
{"type":"Feature","geometry":{"type":"Polygon","coordinates":[[[113.9275,25.4481],[113.9457,25.443],[113.9795,25.4239],[113.9907,25.4224],[114.0121,25.4351],[114.0186,25.4267],[114.013,25.3965],[114.026,25.3442],[114.0234,25.3265],[114.004,25.2868],[114.0065,25.2753],[114.026,25.2677],[114.0653,25.2781],[114.115,25.3084],[114.1405,25.3111],[114.1753,25.2999],[114.2028,25.2952],[114.2436,25.296],[114.2788,25.2918],[114.3004,25.2973],[114.3207,25.3129],[114.3651,25.3256],[114.3844,25.3353],[114.4067,25.3569],[114.4292,25.386],[114.4398,25.3895],[114.4856,25.3824],[114.4995,25.3871],[114.5266,25.4139],[114.5599,25.4141],[114.5693,25.4069],[114.5805,25.3601],[114.6023,25.3382],[114.6315,25.322],[114.6858,25.3053],[114.7069,25.2896],[114.7175,25.2599],[114.7168,25.2456],[114.6858,25.1745],[114.6831,25.1635],[114.6941,25.1465],[114.7307,25.1294],[114.7293,25.1189],[114.7084,25.1085],[114.6761,25.1057],[114.6425,25.0811],[114.6227,25.0722],[114.5795,25.0661],[114.5482,25.0545],[114.5161,25.0287],[114.4746,25.0044],[114.4419,24.9944],[114.4135,24.9797],[114.3957,24.9537],[114.3878,24.9303],[114.3836,24.8847],[114.3375,24.8264],[114.3252,24.7938],[114.3016,24.7586],[114.2694,24.7328],[114.1923,24.6953],[114.1753,24.6833],[114.1691,24.6696],[114.1822,24.6592],[114.2129,24.6497],[114.2481,24.6447],[114.2594,24.6345],[114.2894,24.5956],[114.3505,24.5735],[114.3625,24.5652],[114.3909,24.5111],[114.4058,24.5015],[114.4249,24.4996],[114.4438,24.5079],[114.4705,24.5398],[114.4981,24.5558],[114.5259,24.556],[114.5695,24.5513],[114.6222,24.5794],[114.6419,24.5853],[114.654,24.5813],[114.6632,24.563],[114.6915,24.5504],[114.7116,24.5545],[114.7247,24.5789],[114.7292,24.6102],[114.7405,24.6252],[114.7766,24.6335],[114.8196,24.623],[114.8339,24.6142],[114.8403,24.6001],[114.8627,24.5878],[114.8764,24.5898],[114.8904,24.605],[114.9188,24.6504],[114.9446,24.67],[115.0187,24.6863],[115.047,24.7067],[115.0643,24.7044],[115.0929,24.6877],[115.1391,24.6842],[115.1621,24.6878],[115.1804,24.6968],[115.2397,24.7461],[115.2639,24.7591],[115.293,24.7634],[115.3328,24.7467],[115.3413,24.7631],[115.3927,24.7801],[115.4206,24.7846],[115.4385,24.7793],[115.4541,24.7655],[115.4857,24.72],[115.5024,24.7057],[115.5411,24.6855],[115.5582,24.6666],[115.5643,24.652],[115.5992,24.6091],[115.6515,24.5846],[115.6836,24.5535],[115.7058,24.5457],[115.7559,24.5594],[115.797,24.5641],[115.7992,24.5727],[115.7826,24.623],[115.7803,24.6461],[115.7823,24.6851],[115.7755,24.7052],[115.7559,24.7284],[115.7491,24.7477],[115.7576,24.7897],[115.7537,24.8116],[115.7584,24.8291],[115.7873,24.8609],[115.8113,24.8726],[115.836,24.8758],[115.8852,24.8702],[115.9034,24.8716],[115.9061,24.8846],[115.8875,24.9168],[115.856,24.9531],[115.8537,24.967],[115.8811,24.9759],[115.8885,24.9999],[115.8757,25.029],[115.8752,25.071],[115.8653,25.0965],[115.8422,25.1733],[115.8428,25.1947],[115.8926,25.2246],[115.908,25.2383],[115.9341,25.2789],[115.9569,25.3],[115.9746,25.332],[115.9787,25.3508],[115.9756,25.3806],[115.9787,25.4033],[115.9924,25.4486],[116.0002,25.4972],[116.0203,25.5356],[116.0445,25.5746],[116.027,25.6162],[116.0276,25.6364],[116.0519,25.6835],[116.0632,25.6989],[116.0877,25.7102],[116.1085,25.7493],[116.1237,25.7642],[116.1536,25.7717],[116.1611,25.7804],[116.1344,25.8166],[116.1313,25.8339],[116.1352,25.8663],[116.1802,25.9072],[116.2106,25.9204],[116.2565,25.9236],[116.2782,25.9304],[116.3232,25.9551],[116.3363,25.9715],[116.363,26.0208],[116.3973,26.0615],[116.4168,26.1303],[116.4193,26.1529],[116.4046,26.1924],[116.405,26.2239],[116.3961,26.2681],[116.399,26.2875],[116.4412,26.3381],[116.4764,26.372],[116.5017,26.407],[116.5217,26.4125],[116.5318,26.4077],[116.5506,26.3837],[116.5733,26.378],[116.5945,26.3951],[116.6195,26.4921],[116.6143,26.5031],[116.5827,26.509],[116.5675,26.5231],[116.5423,26.5628],[116.5329,26.6392],[116.5171,26.6597],[116.505,26.6893],[116.509,26.723],[116.5281,26.7486],[116.5318,26.7616],[116.5453,26.8679],[116.554,26.8816],[116.5923,26.918],[116.6092,26.9422],[116.6474,26.9665],[116.6697,26.9869],[116.6797,26.9892],[116.702,26.9794],[116.7614,27.0064],[116.7802,27.0095],[116.8289,27.0099],[116.8786,27.0259],[116.9234,27.021],[116.934,27.027],[116.9852,27.07],[117.0008,27.0787],[117.0401,27.1095],[117.0655,27.1705],[117.0766,27.1885],[117.102,27.2078],[117.1538,27.2764],[117.1538,27.3005],[117.1357,27.317],[117.1303,27.3436],[117.1115,27.338],[117.1011,27.3467],[117.0977,27.3753],[117.1018,27.3915],[117.1247,27.4299],[117.1216,27.4518],[117.1042,27.4917],[117.1016,27.5278],[117.1123,27.5676],[117.1707,27.6557],[117.189,27.675],[117.2251,27.7235],[117.273,27.7636],[117.2871,27.7726],[117.2923,27.7975],[117.2842,27.857],[117.2929,27.8646],[117.3283,27.8596],[117.3497,27.866],[117.4062,27.9042],[117.4245,27.9234],[117.4594,27.9341],[117.4849,27.9481],[117.5089,27.9708],[117.5218,27.9744],[117.5444,27.9667],[117.5575,27.9315],[117.5846,27.9015],[117.6053,27.8662],[117.6234,27.8538],[117.6638,27.838],[117.7018,27.833],[117.7279,27.8176],[117.7456,27.8133],[117.7617,27.8213],[117.7851,27.8479],[117.7866,27.884],[117.7947,27.913],[117.8234,27.9373],[117.8858,27.9483],[117.9242,27.9665],[117.9465,27.9732],[117.9881,27.973],[118.0261,27.9841],[118.0613,27.979],[118.075,27.9849],[118.0902,28.0053],[118.1135,28.0185],[118.1307,28.0405],[118.1406,28.0444],[118.1696,28.0412],[118.1952,28.0445],[118.3129,28.0859],[118.3521,28.089],[118.3678,28.0997],[118.3714,28.1362],[118.3805,28.17],[118.3788,28.1847],[118.3555,28.1999],[118.3489,28.2198],[118.3698,28.2433],[118.4081,28.2699],[118.4464,28.2887],[118.4715,28.3204],[118.4763,28.3323],[118.4665,28.3797],[118.4646,28.4714],[118.4402,28.4928],[118.4401,28.5001],[118.4579,28.5174],[118.455,28.5274],[118.4275,28.5627],[118.4159,28.604],[118.4165,28.6243],[118.4282,28.6792],[118.4255,28.6952],[118.3937,28.7261],[118.3717,28.7986],[118.3029,28.8358],[118.2927,28.8723],[118.2719,28.9088],[118.2579,28.9232],[118.228,28.9284],[118.229,28.9545],[118.2019,28.9715],[118.1288,29.0245],[118.0639,29.0506],[118.0522,29.0749],[118.0096,29.1126],[117.9992,29.1344],[118.0008,29.1439],[118.0467,29.2099],[118.0556,29.2413],[118.052,29.2753],[118.0739,29.2872],[118.1159,29.2916],[118.1324,29.2979],[118.1726,29.342],[118.1806,29.357],[118.1833,29.3812],[118.1747,29.4079],[118.1296,29.4332],[118.1196,29.4468],[118.1139,29.4835],[118.1178,29.4986],[118.1134,29.5187],[118.0992,29.5326],[118.0494,29.5446],[118.0211,29.5626],[117.9859,29.572],[117.9418,29.5644],[117.8986,29.549],[117.8701,29.5536],[117.8192,29.5684],[117.8006,29.5695],[117.7665,29.5597],[117.7077,29.5556],[117.6909,29.5622],[117.6701,29.5806],[117.6492,29.6059],[117.6253,29.6146],[117.5623,29.6107],[117.5409,29.6141],[117.5274,29.6224],[117.5035,29.6544],[117.4811,29.6676],[117.4357,29.7201],[117.424,29.744],[117.4022,29.7731],[117.4001,29.7869],[117.4063,29.8312],[117.3998,29.8375],[117.3781,29.8363],[117.3558,29.8249],[117.345,29.8256],[117.3297,29.8432],[117.3061,29.8418],[117.2743,29.8295],[117.2459,29.8358],[117.2285,29.8473],[117.2237,29.8686],[117.2327,29.8936],[117.2255,29.9067],[117.1924,29.9265],[117.1686,29.9265],[117.1252,29.9106],[117.0951,29.8684],[117.0671,29.8406],[117.0659,29.8274],[117.085,29.8215],[117.1067,29.7864],[117.0947,29.7524],[117.0926,29.7234],[117.0791,29.7102],[116.9822,29.6726],[116.9551,29.6539],[116.9284,29.6118],[116.8883,29.5605],[116.87,29.5473],[116.833,29.5438],[116.815,29.5492],[116.7879,29.568],[116.7658,29.5681],[116.7486,29.5449],[116.7247,29.5528],[116.693,29.5926],[116.6657,29.6098],[116.6485,29.6274],[116.675,29.708],[116.6892,29.7243],[116.7174,29.7145],[116.7301,29.7224],[116.739,29.7445],[116.7498,29.7563],[116.7678,29.7562],[116.7801,29.7468],[116.7979,29.7559],[116.8637,29.8507],[116.8852,29.9068],[116.8868,29.9204],[116.8735,29.947],[116.7914,30.022],[116.7386,30.0489],[116.7017,30.0565],[116.6505,30.0507],[116.6368,30.0434],[116.5754,29.9909],[116.549,29.9542],[116.5273,29.9068],[116.5133,29.8942],[116.4925,29.8847],[116.4669,29.8804],[116.4146,29.8807],[116.3895,29.8761],[116.3569,29.8584],[116.2979,29.8088],[116.2655,29.7889],[116.2362,29.7813],[116.2068,29.7814],[116.1473,29.7888],[116.1105,29.7865],[116.0779,29.7765],[116.0131,29.7482],[115.999,29.7441],[115.8889,29.7318],[115.8559,29.7386],[115.7438,29.8089],[115.7183,29.8541],[115.7052,29.8608],[115.6213,29.8624],[115.5352,29.8547],[115.4862,29.8643],[115.4451,29.8055],[115.4389,29.792],[115.4327,29.7462],[115.4169,29.7117],[115.3928,29.6816],[115.3543,29.6476],[115.2992,29.621],[115.2721,29.6147],[115.2595,29.6183],[115.2265,29.6395],[115.1785,29.65],[115.0863,29.657],[115.0891,29.6427],[115.1162,29.6277],[115.1402,29.5875],[115.129,29.5625],[115.1229,29.521],[115.1139,29.5069],[115.0929,29.5225],[115.0856,29.5427],[115.0631,29.5566],[115.0229,29.5534],[114.9728,29.56],[114.9586,29.5539],[114.9445,29.5345],[114.9322,29.5001],[114.9124,29.5006],[114.886,29.5245],[114.8781,29.5165],[114.8781,29.4926],[114.8517,29.4673],[114.8354,29.4455],[114.8182,29.3939],[114.8011,29.3803],[114.7582,29.361],[114.7367,29.3624],[114.7243,29.386],[114.7087,29.3895],[114.6824,29.3827],[114.6402,29.377],[114.4695,29.3179],[114.4498,29.3186],[114.42,29.3344],[114.3563,29.3254],[114.3272,29.3363],[114.3081,29.3545],[114.2894,29.3584],[114.2699,29.3474],[114.2529,29.3286],[114.2427,29.3085],[114.2417,29.2826],[114.2465,29.2489],[114.2379,29.2387],[114.2025,29.234],[114.1553,29.2143],[114.0867,29.2095],[114.0635,29.2032],[113.9967,29.1643],[113.9024,29.0663],[113.897,28.9901],[113.9052,28.956],[113.9144,28.95],[113.965,28.9395],[113.9834,28.9258],[114.0121,28.9129],[114.0265,28.8867],[114.0506,28.8651],[114.112,28.8412],[114.1344,28.8178],[114.1427,28.7885],[114.123,28.7143],[114.1237,28.6729],[114.1128,28.6155],[114.101,28.5993],[114.0569,28.5643],[114.0841,28.5498],[114.122,28.5158],[114.177,28.5073],[114.1812,28.4893],[114.1727,28.4617],[114.1716,28.4397],[114.2093,28.4222],[114.2269,28.409],[114.234,28.3889],[114.2278,28.3583],[114.1845,28.2931],[114.1504,28.2724],[114.0919,28.2577],[114.0841,28.2474],[114.0804,28.2218],[114.0721,28.209],[114.0282,28.1835],[114.0172,28.1615],[114.0138,28.1065],[114.0082,28.0894],[113.9891,28.0719],[113.9165,28.0212],[113.8929,28.0131],[113.8366,28.0081],[113.8144,28.0023],[113.7781,27.986],[113.7368,27.9816],[113.7188,27.9637],[113.706,27.9377],[113.705,27.9192],[113.7122,27.8641],[113.7111,27.8431],[113.701,27.8189],[113.6802,27.7944],[113.646,27.7455],[113.611,27.6995],[113.5868,27.6321],[113.5621,27.5906],[113.5595,27.5613],[113.5758,27.5269],[113.5834,27.4641],[113.5944,27.4191],[113.6001,27.3682],[113.618,27.3503],[113.6675,27.3295],[113.7002,27.3344],[113.7456,27.3625],[113.7828,27.3708],[113.8024,27.3661],[113.8236,27.3541],[113.851,27.3459],[113.8538,27.3322],[113.8526,27.2927],[113.8473,27.2736],[113.8236,27.2287],[113.7797,27.183],[113.754,27.1419],[113.7525,27.097],[113.7555,27.0835],[113.7736,27.0777],[113.7903,27.0875],[113.7999,27.0768],[113.8164,27.0386],[113.8406,27.0183],[113.8632,26.9777],[113.8892,26.9651],[113.8924,26.9453],[113.8726,26.9093],[113.8685,26.8743],[113.8602,26.8583],[113.8316,26.8275],[113.8329,26.8079],[113.8518,26.7032],[113.8647,26.6559],[113.8883,26.6353],[113.9063,26.6289],[113.9497,26.6247],[113.9895,26.6095],[114.0112,26.5877],[114.0425,26.5795],[114.0851,26.5775],[114.087,26.5529],[114.0765,26.5152],[114.0763,26.4707],[114.0684,26.4537],[114.0206,26.3992],[114.0125,26.3714],[114.0129,26.3431],[113.9986,26.2831],[113.9884,26.2651],[113.9395,26.2094],[113.9305,26.1945],[113.9254,26.1704],[113.9403,26.1633],[113.9648,26.1645],[113.9977,26.1884],[114.0277,26.1728],[114.0409,26.171],[114.0628,26.1778],[114.1054,26.2085],[114.1255,26.2173],[114.1622,26.2214],[114.1797,26.2096],[114.2092,26.1992],[114.2135,26.1698],[114.1993,26.155],[114.1677,26.1361],[114.1173,26.1218],[114.087,26.0896],[114.0625,26.085],[114.0414,26.0688],[114.0186,26.0372],[114.015,26.0217],[114.0183,25.9346],[114.0146,25.9168],[114.0005,25.89],[113.9802,25.8705],[113.9564,25.8349],[113.9418,25.7972],[113.9072,25.7498],[113.9033,25.7144],[113.9094,25.6833],[113.9179,25.6602],[113.9618,25.6247],[113.9713,25.6114],[113.9824,25.5817],[113.9784,25.5631],[113.9627,25.5363],[113.942,25.511],[113.9356,25.4949],[113.9275,25.4481]]]},"properties":{"name":"Jiangxi","name_en":"Jiangxi","name_ja":"江西省","name_zh":"江西省","name_ko":"장시성","adm0_a3":"CHN","postal":"JX","iso_3166_2":"CN-JX","type_en":"Province","region":"East China","geonunit":"China"}},
{"type":"Feature","geometry":{"type":"Polygon","coordinates":[[[115.4603,36.1579],[115.3981,36.1252],[115.3579,36.0872],[115.3413,36.079],[115.3132,36.0787],[115.296,36.0868],[115.2452,36.1614],[115.224,36.1748],[115.1799,36.1831],[115.1503,36.1778],[115.1193,36.186],[115.1061,36.1846],[115.0606,36.1516],[115.0338,36.1009],[114.9971,36.0701],[114.9777,36.0609],[114.9307,36.0566],[114.9189,36.0612],[114.9242,36.088],[114.8932,36.1196],[114.8599,36.1404],[114.8306,36.1508],[114.8095,36.1404],[114.7813,36.1418],[114.7278,36.1522],[114.7072,36.1528],[114.6688,36.1439],[114.6337,36.132],[114.5845,36.1309],[114.5484,36.139],[114.4182,36.2119],[114.3659,36.2221],[114.3431,36.2447],[114.3046,36.2407],[114.2621,36.2522],[114.2456,36.2528],[114.2202,36.2406],[114.1932,36.2409],[114.1563,36.2467],[114.0897,36.2654],[114.0631,36.2771],[114.048,36.3119],[114.0171,36.3447],[113.9893,36.359],[113.9758,36.3584],[113.9541,36.3466],[113.9071,36.3441],[113.8734,36.3647],[113.8589,36.3628],[113.8083,36.3394],[113.7897,36.3404],[113.721,36.3559],[113.7213,36.3335],[113.7048,36.2896],[113.6958,36.275],[113.6729,36.2215],[113.6945,36.1883],[113.6757,36.1715],[113.6752,36.1528],[113.6934,36.1363],[113.6939,36.1229],[113.6796,36.0978],[113.6871,36.0557],[113.6695,35.9952],[113.6562,35.9719],[113.6276,35.9532],[113.6256,35.9367],[113.6304,35.897],[113.6209,35.8555],[113.6325,35.8182],[113.5944,35.8078],[113.5903,35.7867],[113.5973,35.7589],[113.5847,35.6869],[113.5872,35.6757],[113.6099,35.6461],[113.6096,35.6341],[113.5953,35.6183],[113.5461,35.5906],[113.516,35.5631],[113.4913,35.5255],[113.4676,35.5056],[113.4304,35.4894],[113.3284,35.463],[113.3048,35.4658],[113.2993,35.4426],[113.286,35.4255],[113.2729,35.4192],[113.2319,35.4169],[113.2151,35.4034],[113.1684,35.3886],[113.147,35.3743],[113.1296,35.3523],[113.1081,35.3438],[113.0198,35.3286],[112.9877,35.3045],[112.9697,35.277],[112.9546,35.2653],[112.9028,35.2406],[112.8831,35.2384],[112.8076,35.242],[112.7238,35.2745],[112.6825,35.3112],[112.6647,35.3113],[112.6101,35.2877],[112.5832,35.242],[112.5532,35.2275],[112.526,35.2203],[112.4895,35.2195],[112.4404,35.2261],[112.4105,35.2353],[112.3908,35.2351],[112.335,35.2187],[112.1567,35.2366],[112.1348,35.2296],[112.1123,35.2297],[112.0788,35.2371],[112.0585,35.2345],[112.0617,35.1556],[112.0611,35.1085],[112.0564,35.0897],[112.0382,35.0458],[111.9577,35.0942],[111.9156,35.09],[111.8977,35.0962],[111.8821,35.0894],[111.8294,35.0826],[111.7964,35.0518],[111.7635,35.0425],[111.7408,35.019],[111.6829,35.0079],[111.6705,34.9975],[111.6786,34.9789],[111.6417,34.9645],[111.6222,34.9473],[111.6035,34.91],[111.5869,34.9006],[111.5693,34.869],[111.5577,34.8634],[111.4449,34.8376],[111.4217,34.8355],[111.3943,34.8233],[111.3734,34.8259],[111.3531,34.8395],[111.3313,34.8409],[111.3077,34.8316],[111.285,34.8164],[111.2569,34.8281],[111.2459,34.8243],[111.2329,34.8008],[111.2155,34.8002],[111.1578,34.8223],[111.1387,34.8192],[111.1246,34.7788],[111.1094,34.7687],[111.0257,34.7475],[110.9899,34.722],[110.9734,34.7169],[110.9333,34.7353],[110.9108,34.7325],[110.9232,34.6858],[110.8838,34.6661],[110.7658,34.6613],[110.7436,34.6543],[110.7261,34.6426],[110.7086,34.621],[110.6476,34.6022],[110.5848,34.6009],[110.5305,34.5837],[110.501,34.6071],[110.4832,34.6158],[110.4378,34.609],[110.4224,34.5908],[110.3999,34.5926],[110.3875,34.6083],[110.368,34.6176],[110.336,34.6158],[110.3431,34.542],[110.3423,34.5181],[110.3277,34.4798],[110.3294,34.4632],[110.3404,34.4368],[110.3741,34.4037],[110.3865,34.398],[110.4537,34.3813],[110.4726,34.3656],[110.4821,34.341],[110.4787,34.3264],[110.4496,34.3088],[110.4354,34.2921],[110.4338,34.2614],[110.4462,34.2444],[110.477,34.2211],[110.5308,34.2006],[110.5576,34.1814],[110.6067,34.1705],[110.6183,34.1625],[110.6177,34.1395],[110.6047,34.1144],[110.5936,34.0653],[110.5972,34.0362],[110.6112,34.0364],[110.6424,33.9803],[110.6377,33.9539],[110.6012,33.906],[110.5938,33.8797],[110.6057,33.8668],[110.6428,33.8498],[110.6894,33.8379],[110.7492,33.8028],[110.7656,33.7862],[110.7906,33.7504],[110.7921,33.7051],[110.8005,33.696],[110.8497,33.66],[110.8779,33.6431],[110.9428,33.6184],[110.9682,33.5988],[110.9771,33.5839],[110.9895,33.5434],[111.0106,33.5002],[111.0041,33.4712],[110.9901,33.4381],[110.9943,33.4215],[111.0117,33.3913],[111.0156,33.3744],[111.0089,33.348],[110.9746,33.2665],[110.9941,33.2199],[111.0027,33.2075],[111.045,33.1784],[111.0973,33.1588],[111.1088,33.148],[111.1298,33.0908],[111.1754,33.0253],[111.2053,33.0007],[111.2163,32.9765],[111.2092,32.9547],[111.2101,32.9302],[111.2201,32.921],[111.2553,32.9068],[111.2921,32.8755],[111.3208,32.8612],[111.345,32.8439],[111.3633,32.8248],[111.4063,32.762],[111.4413,32.73],[111.4779,32.7078],[111.5074,32.6821],[111.5191,32.6556],[111.5316,32.6111],[111.5456,32.5968],[111.5689,32.5952],[111.5947,32.6148],[111.6291,32.6265],[111.658,32.6225],[111.7112,32.6002],[111.744,32.5764],[111.7793,32.5204],[111.8023,32.5114],[111.9621,32.4743],[111.9779,32.4654],[112.0054,32.434],[112.0533,32.4548],[112.0707,32.4484],[112.1016,32.422],[112.1446,32.3946],[112.1606,32.3917],[112.1986,32.3953],[112.2271,32.3885],[112.2858,32.3506],[112.3137,32.3456],[112.3435,32.3609],[112.369,32.3637],[112.4343,32.3599],[112.468,32.3715],[112.5114,32.3721],[112.5339,32.3768],[112.612,32.3735],[112.7509,32.3498],[112.8036,32.3616],[112.8501,32.3812],[112.9915,32.4044],[113.0139,32.4204],[113.0458,32.4252],[113.0657,32.4174],[113.1124,32.3816],[113.1284,32.3826],[113.156,32.3945],[113.183,32.4133],[113.2187,32.4103],[113.242,32.3951],[113.2557,32.3726],[113.3043,32.3557],[113.3242,32.3376],[113.3363,32.3144],[113.3656,32.3039],[113.4201,32.2903],[113.436,32.2888],[113.5277,32.2967],[113.5509,32.3135],[113.5584,32.335],[113.5762,32.3512],[113.5955,32.3529],[113.6067,32.3631],[113.6164,32.3857],[113.6431,32.4033],[113.6689,32.4111],[113.7091,32.4079],[113.7292,32.4193],[113.7828,32.3594],[113.7843,32.343],[113.7679,32.2921],[113.7817,32.1937],[113.7767,32.1727],[113.7524,32.1376],[113.7531,32.1209],[113.786,32.0472],[113.7899,32.0303],[113.7883,31.9897],[113.7944,31.9725],[113.8366,31.9324],[113.8518,31.9098],[113.8617,31.8627],[113.8722,31.8469],[113.8858,31.8448],[113.9267,31.8566],[113.9421,31.8525],[113.9596,31.8318],[113.9599,31.8069],[113.9533,31.7748],[113.9581,31.7503],[113.972,31.7466],[114.0315,31.7547],[114.0579,31.7657],[114.0855,31.7838],[114.144,31.8475],[114.1707,31.8464],[114.2179,31.826],[114.2541,31.8161],[114.2674,31.8087],[114.2916,31.78],[114.3349,31.7483],[114.3618,31.7343],[114.4073,31.7402],[114.4491,31.7395],[114.4809,31.7571],[114.4953,31.7592],[114.5355,31.7485],[114.5557,31.7377],[114.565,31.7185],[114.5608,31.6894],[114.5354,31.6534],[114.533,31.6222],[114.5479,31.5729],[114.5678,31.5661],[114.6165,31.5706],[114.6382,31.568],[114.6766,31.5306],[114.7103,31.5147],[114.7383,31.5173],[114.7666,31.4905],[114.7908,31.4838],[114.8379,31.4823],[114.8755,31.4898],[114.9989,31.4776],[115.0378,31.486],[115.0618,31.4998],[115.0769,31.5155],[115.1053,31.5639],[115.1286,31.5945],[115.1513,31.6039],[115.1659,31.6015],[115.1916,31.5684],[115.2135,31.5456],[115.2173,31.5229],[115.2061,31.4874],[115.2067,31.4647],[115.2185,31.4475],[115.2479,31.429],[115.2595,31.4065],[115.2862,31.3951],[115.3384,31.4028],[115.374,31.4175],[115.3913,31.4699],[115.3897,31.5117],[115.399,31.531],[115.4187,31.5513],[115.4727,31.6347],[115.4875,31.6829],[115.5315,31.7364],[115.5545,31.7345],[115.5824,31.7525],[115.6629,31.784],[115.688,31.7891],[115.7249,31.7878],[115.7604,31.7968],[115.7899,31.7958],[115.8337,31.7878],[115.8655,31.7851],[115.9013,31.7945],[115.9057,31.819],[115.9009,31.8861],[115.9139,31.9752],[115.9281,32.0246],[115.9148,32.25],[115.8937,32.3089],[115.892,32.3702],[115.8885,32.3939],[115.8607,32.432],[115.8638,32.4551],[115.8757,32.4994],[115.8638,32.5101],[115.8709,32.5324],[115.9021,32.5587],[115.9221,32.5679],[115.9204,32.5744],[115.8845,32.5717],[115.8435,32.5426],[115.8083,32.5034],[115.7901,32.4707],[115.7548,32.4983],[115.7419,32.4792],[115.6938,32.4918],[115.6874,32.4667],[115.6466,32.4024],[115.6313,32.4133],[115.6094,32.4164],[115.5856,32.4124],[115.5648,32.4024],[115.5323,32.4186],[115.4985,32.4476],[115.4864,32.4697],[115.4569,32.5074],[115.4297,32.5206],[115.3667,32.5595],[115.2969,32.5682],[115.2614,32.5837],[115.1993,32.5915],[115.2102,32.6569],[115.186,32.6931],[115.1802,32.7145],[115.1821,32.7741],[115.1964,32.7975],[115.1912,32.8212],[115.1923,32.8464],[115.1847,32.8591],[115.1613,32.8703],[115.1304,32.8924],[115.0734,32.9101],[115.0342,32.9181],[115.012,32.9346],[114.9252,32.9582],[114.8992,32.9742],[114.8798,32.9934],[114.8765,33.0135],[114.8898,33.0457],[114.8866,33.0834],[114.9462,33.1189],[114.9692,33.1237],[114.9863,33.1162],[115.0189,33.0939],[115.0328,33.0904],[115.1056,33.0833],[115.1428,33.0843],[115.1881,33.1079],[115.251,33.1206],[115.2738,33.1328],[115.2858,33.1482],[115.3006,33.2098],[115.3103,33.2217],[115.3453,33.2506],[115.3492,33.2633],[115.3408,33.3342],[115.3329,33.3544],[115.318,33.3633],[115.3157,33.374],[115.328,33.3972],[115.3268,33.4276],[115.3464,33.453],[115.3421,33.5007],[115.35,33.5169],[115.3657,33.5167],[115.3818,33.5001],[115.4004,33.5002],[115.4288,33.5381],[115.4426,33.5481],[115.497,33.561],[115.5922,33.5685],[115.6259,33.5784],[115.6347,33.5918],[115.6231,33.6277],[115.6096,33.6569],[115.5941,33.7162],[115.5735,33.7502],[115.5888,33.7692],[115.6082,33.7595],[115.6242,33.7723],[115.6299,33.8388],[115.6185,33.8564],[115.5742,33.8574],[115.5626,33.8722],[115.5614,33.8981],[115.5731,33.952],[115.5862,33.9796],[115.6536,34.0484],[115.6751,34.057],[115.7033,34.0569],[115.733,34.0656],[115.7482,34.0653],[115.7699,34.0556],[115.815,34.0276],[115.8411,34.0069],[115.8716,34.0184],[115.9066,34.0069],[115.9454,34.0057],[115.9614,34.0001],[115.9764,33.9772],[115.9739,33.9522],[115.965,33.93],[115.9707,33.9048],[116.0293,33.8607],[116.0488,33.8356],[116.0593,33.8092],[116.0796,33.7784],[116.1211,33.7364],[116.1469,33.7203],[116.182,33.7183],[116.4207,33.7908],[116.4345,33.8037],[116.4453,33.845],[116.4686,33.862],[116.5001,33.8708],[116.5237,33.8822],[116.5527,33.8842],[116.576,33.9069],[116.5912,33.9127],[116.6271,33.9018],[116.6361,33.9096],[116.6412,33.9532],[116.6342,33.9705],[116.6026,34.0084],[116.5709,34.0787],[116.5429,34.1209],[116.5506,34.1547],[116.5675,34.1688],[116.5751,34.1921],[116.5675,34.2232],[116.5672,34.2489],[116.574,34.2706],[116.5694,34.2828],[116.5521,34.2868],[116.4801,34.2814],[116.4613,34.2776],[116.4333,34.2806],[116.401,34.275],[116.3693,34.2861],[116.3153,34.3368],[116.2672,34.3683],[116.2221,34.3892],[116.2033,34.4022],[116.1567,34.4473],[116.1521,34.4669],[116.1634,34.5347],[116.1513,34.5667],[116.1305,34.5716],[116.1009,34.6077],[116.0847,34.6162],[116.0646,34.6041],[116.0437,34.6002],[116.0081,34.6182],[115.9937,34.6216],[115.9666,34.594],[115.9567,34.5918],[115.8793,34.5891],[115.8164,34.5714],[115.8003,34.5721],[115.7483,34.592],[115.7068,34.6003],[115.685,34.5977],[115.677,34.5825],[115.6464,34.5687],[115.6164,34.5674],[115.5417,34.5775],[115.5194,34.5853],[115.4836,34.6123],[115.4481,34.652],[115.4358,34.6757],[115.4288,34.7224],[115.4293,34.7797],[115.4105,34.7941],[115.3512,34.8192],[115.3176,34.8428],[115.2701,34.8493],[115.246,34.8423],[115.2307,34.8267],[115.216,34.8357],[115.2223,34.8965],[115.2016,34.9207],[115.1745,34.9442],[114.9978,35.0078],[114.9769,35.0101],[114.9051,34.996],[114.8833,34.9995],[114.8342,35.0162],[114.8475,35.0381],[114.8471,35.0816],[114.865,35.1206],[114.8518,35.1596],[114.8516,35.1782],[114.8643,35.1887],[114.9417,35.2188],[114.982,35.2669],[115.0092,35.2942],[115.0263,35.3324],[115.0684,35.3801],[115.0918,35.3904],[115.1321,35.3979],[115.1507,35.4159],[115.2265,35.4162],[115.2663,35.4362],[115.3071,35.4758],[115.3404,35.4852],[115.345,35.4963],[115.3308,35.5344],[115.3416,35.5555],[115.3835,35.5575],[115.3928,35.5723],[115.3951,35.6158],[115.4032,35.6305],[115.4207,35.6437],[115.4675,35.6635],[115.4921,35.6782],[115.5027,35.6955],[115.5042,35.7228],[115.5368,35.7194],[115.5764,35.7223],[115.618,35.7313],[115.655,35.7463],[115.6808,35.7678],[115.73,35.8306],[115.7613,35.8492],[115.851,35.8591],[115.8738,35.8655],[115.8863,35.8777],[115.8839,35.8876],[115.8583,35.9044],[115.8635,35.925],[115.9202,35.9678],[115.9657,35.9859],[115.991,35.9809],[116.0337,35.9658],[116.0644,36.0409],[116.0872,36.0592],[116.0903,36.0786],[116.0773,36.1031],[115.9625,36.0355],[115.9269,36.022],[115.8577,36.0336],[115.8287,36.031],[115.7885,35.9988],[115.7387,35.9686],[115.6692,35.9438],[115.5303,35.9112],[115.4912,35.9155],[115.4682,35.9129],[115.4493,35.9021],[115.4416,35.8888],[115.4345,35.8556],[115.4164,35.8238],[115.3773,35.7934],[115.3556,35.7808],[115.3311,35.7737],[115.3176,35.7915],[115.3184,35.8173],[115.3339,35.9311],[115.3519,35.9515],[115.3998,35.9724],[115.424,35.9946],[115.4493,36.0418],[115.4588,36.07],[115.4631,36.1107],[115.4603,36.1579]]]},"properties":{"name":"Henan","name_en":"Henan","name_ja":"河南省","name_zh":"河南省","name_ko":"허난성","adm0_a3":"CHN","postal":"HE","iso_3166_2":"CN-HA","type_en":"Province","region":"South Central China","geonunit":"China"}},
{"type":"Feature","geometry":{"type":"Polygon","coordinates":[[[109.594,31.7376],[109.6421,31.7262],[109.6588,31.7181],[109.7033,31.6737],[109.7245,31.6361],[109.7326,31.5611],[109.7562,31.5516],[109.8383,31.5408],[109.9295,31.5187],[109.9682,31.5034],[109.9609,31.4915],[109.966,31.4782],[110.0045,31.4594],[110.0515,31.4304],[110.0909,31.4126],[110.1082,31.398],[110.1467,31.3311],[110.152,31.3059],[110.1405,31.2632],[110.146,31.2395],[110.1716,31.2076],[110.1749,31.1887],[110.1623,31.1731],[110.1199,31.1398],[110.1076,31.1223],[110.1048,31.0992],[110.1098,31.0765],[110.1336,31.0262],[110.1376,31.0002],[110.1295,30.957],[110.1277,30.9064],[110.1085,30.8655],[110.087,30.8413],[110.0662,30.8285],[110.0223,30.8228],[109.9967,30.8262],[109.9591,30.8471],[109.9455,30.8758],[109.9272,30.8885],[109.9022,30.894],[109.8707,30.8886],[109.7486,30.8354],[109.7304,30.8229],[109.665,30.768],[109.6527,30.75],[109.6398,30.7179],[109.6305,30.7096],[109.5849,30.6849],[109.5627,30.6592],[109.5459,30.6506],[109.5133,30.6602],[109.4954,30.6513],[109.4356,30.6032],[109.3942,30.5837],[109.3577,30.5784],[109.3228,30.5803],[109.2865,30.6015],[109.2482,30.5974],[109.1793,30.5668],[109.1524,30.562],[109.1212,30.5699],[109.0968,30.5923],[109.0734,30.6003],[108.9646,30.6075],[108.9263,30.5965],[108.9035,30.5806],[108.8811,30.5562],[108.8684,30.5514],[108.8093,30.5458],[108.76,30.5261],[108.7325,30.5197],[108.7102,30.5228],[108.6892,30.5376],[108.6819,30.5587],[108.67,30.5738],[108.6532,30.5734],[108.6423,30.565],[108.6104,30.517],[108.5731,30.4979],[108.4332,30.4873],[108.4136,30.4694],[108.4023,30.4511],[108.3806,30.3997],[108.386,30.3785],[108.4105,30.3628],[108.4887,30.3334],[108.5133,30.3285],[108.532,30.3155],[108.5435,30.281],[108.5428,30.2504],[108.5295,30.1898],[108.5278,30.1628],[108.53,30.113],[108.5504,30.0093],[108.5452,29.9823],[108.5289,29.9424],[108.5382,29.8855],[108.5311,29.8658],[108.5032,29.8522],[108.4408,29.8489],[108.4153,29.8434],[108.4004,29.8311],[108.4023,29.8195],[108.4198,29.8021],[108.4351,29.7701],[108.4377,29.7507],[108.4468,29.7358],[108.4734,29.7229],[108.4968,29.7193],[108.521,29.7272],[108.5312,29.7466],[108.5391,29.7824],[108.5513,29.8],[108.5769,29.8197],[108.613,29.858],[108.6408,29.8466],[108.6584,29.817],[108.6679,29.7688],[108.6804,29.7252],[108.696,29.6982],[108.7187,29.6893],[108.7485,29.6719],[108.7887,29.6654],[108.8198,29.651],[108.872,29.639],[108.8894,29.6224],[108.8967,29.5957],[108.8955,29.5779],[108.872,29.5016],[108.8709,29.4867],[108.8829,29.4573],[108.9164,29.4199],[108.9238,29.4024],[108.9136,29.37],[108.9206,29.349],[108.9387,29.338],[108.9794,29.3235],[109.0142,29.3075],[109.0233,29.298],[109.0514,29.2468],[109.0773,29.2141],[109.2066,29.1042],[109.2359,29.1163],[109.2454,29.1322],[109.2581,29.185],[109.2528,29.2208],[109.2692,29.2424],[109.3043,29.2621],[109.3382,29.2897],[109.3293,29.3156],[109.3283,29.3537],[109.3447,29.3713],[109.381,29.3953],[109.375,29.4199],[109.3821,29.4433],[109.4007,29.453],[109.4064,29.4642],[109.4108,29.4998],[109.4263,29.5046],[109.4323,29.5339],[109.4415,29.5424],[109.4567,29.5347],[109.4615,29.5612],[109.4722,29.5682],[109.5149,29.5701],[109.5276,29.593],[109.5864,29.6161],[109.6105,29.6189],[109.6441,29.5971],[109.6695,29.5952],[109.6909,29.6049],[109.7,29.6557],[109.748,29.7115],[109.7832,29.7349],[110.1039,29.7854],[110.1297,29.7793],[110.1652,29.7595],[110.1969,29.7543],[110.2251,29.7373],[110.2704,29.6911],[110.285,29.68],[110.3617,29.6501],[110.3769,29.6535],[110.4124,29.6745],[110.4192,29.6828],[110.4275,29.7222],[110.4467,29.7267],[110.4821,29.7123],[110.5019,29.7151],[110.5255,29.7252],[110.5671,29.749],[110.5912,29.7714],[110.5805,29.8048],[110.5449,29.8378],[110.5006,29.8626],[110.4734,29.9063],[110.4717,29.9441],[110.4835,29.9662],[110.5066,29.9846],[110.4978,29.9989],[110.4632,30.014],[110.481,30.0337],[110.5012,30.0462],[110.5434,30.055],[110.5594,30.055],[110.6362,30.0462],[110.686,30.0267],[110.7156,30.0296],[110.726,30.0399],[110.7253,30.065],[110.7419,30.0962],[110.7648,30.0984],[110.799,30.0947],[110.9435,30.0635],[111.0523,30.0593],[111.2462,30.0317],[111.3085,29.9965],[111.3763,29.9491],[111.3863,29.9304],[111.415,29.9258],[111.4609,29.9389],[111.4947,29.9362],[111.5849,29.9044],[111.6831,29.899],[111.7127,29.9071],[111.7361,29.9214],[111.7548,29.9247],[111.7686,29.9196],[111.8566,29.8713],[111.9236,29.8564],[112.0824,29.7334],[112.1263,29.7072],[112.1407,29.6929],[112.17,29.649],[112.1873,29.6506],[112.2055,29.67],[112.2177,29.6691],[112.2265,29.6365],[112.2418,29.6188],[112.2739,29.6005],[112.2793,29.5859],[112.2783,29.5488],[112.2819,29.5369],[112.3465,29.5626],[112.3631,29.5722],[112.4439,29.6414],[112.4604,29.6455],[112.4962,29.6443],[112.5558,29.6303],[112.6481,29.6269],[112.6649,29.6319],[112.6837,29.6475],[112.6959,29.6757],[112.7407,29.6849],[112.7658,29.7034],[112.7862,29.7367],[112.8172,29.754],[112.8531,29.7791],[112.8862,29.7918],[112.9125,29.7645],[112.9187,29.7235],[112.9363,29.6933],[112.9456,29.7093],[112.9877,29.744],[113.0129,29.773],[113.0195,29.771],[113.0218,29.7474],[113.0174,29.7246],[112.9909,29.692],[112.9353,29.6596],[112.9137,29.6345],[112.9085,29.6008],[112.9278,29.4952],[112.9358,29.4805],[112.9533,29.4766],[113.0081,29.5181],[113.0329,29.5191],[113.0449,29.5084],[113.0488,29.4897],[113.0488,29.4543],[113.055,29.4433],[113.0756,29.4476],[113.0764,29.4839],[113.0903,29.4961],[113.1279,29.4629],[113.1457,29.4721],[113.1623,29.4932],[113.1862,29.5317],[113.4158,29.7646],[113.4464,29.7801],[113.4975,29.8195],[113.5195,29.8417],[113.5903,29.88],[113.5911,29.86],[113.5461,29.7711],[113.5327,29.7049],[113.5362,29.6857],[113.576,29.6822],[113.6148,29.6877],[113.6494,29.6763],[113.6743,29.6274],[113.6809,29.6024],[113.6746,29.5678],[113.6741,29.5314],[113.6802,29.5198],[113.7067,29.494],[113.727,29.4569],[113.7294,29.4371],[113.6963,29.3976],[113.6615,29.3883],[113.6094,29.3288],[113.5877,29.2938],[113.581,29.2647],[113.5863,29.2438],[113.6212,29.2358],[113.6414,29.2218],[113.651,29.1906],[113.6478,29.15],[113.6549,29.124],[113.6884,29.0967],[113.6932,29.0794],[113.7112,29.0729],[113.7364,29.1065],[113.7728,29.1253],[113.789,29.1215],[113.84,29.0884],[113.8608,29.0789],[113.9024,29.0663],[113.9967,29.1643],[114.0635,29.2032],[114.0867,29.2095],[114.1553,29.2143],[114.2025,29.234],[114.2379,29.2387],[114.2465,29.2489],[114.2417,29.2826],[114.2427,29.3085],[114.2529,29.3286],[114.2699,29.3474],[114.2894,29.3584],[114.3081,29.3545],[114.3272,29.3363],[114.3563,29.3254],[114.42,29.3344],[114.4498,29.3186],[114.4695,29.3179],[114.6402,29.377],[114.6824,29.3827],[114.7087,29.3895],[114.7243,29.386],[114.7367,29.3624],[114.7582,29.361],[114.8011,29.3803],[114.8182,29.3939],[114.8354,29.4455],[114.8517,29.4673],[114.8781,29.4926],[114.8781,29.5165],[114.886,29.5245],[114.9124,29.5006],[114.9322,29.5001],[114.9445,29.5345],[114.9586,29.5539],[114.9728,29.56],[115.0229,29.5534],[115.0631,29.5566],[115.0856,29.5427],[115.0929,29.5225],[115.1139,29.5069],[115.1229,29.521],[115.129,29.5625],[115.1402,29.5875],[115.1162,29.6277],[115.0891,29.6427],[115.0863,29.657],[115.1785,29.65],[115.2265,29.6395],[115.2595,29.6183],[115.2721,29.6147],[115.2992,29.621],[115.3543,29.6476],[115.3928,29.6816],[115.4169,29.7117],[115.4327,29.7462],[115.4389,29.792],[115.4451,29.8055],[115.4862,29.8643],[115.5352,29.8547],[115.6213,29.8624],[115.7052,29.8608],[115.7183,29.8541],[115.7438,29.8089],[115.8559,29.7386],[115.8889,29.7318],[115.999,29.7441],[116.0131,29.7482],[116.0779,29.7765],[116.1105,29.7865],[116.1473,29.7888],[116.124,29.8404],[116.1189,29.8763],[116.1256,29.9047],[116.1144,29.9306],[116.0781,29.9687],[116.0714,29.9962],[116.0809,30.0468],[116.0652,30.1294],[116.0544,30.1491],[116.0405,30.2214],[116.0219,30.2398],[115.9842,30.2583],[115.9594,30.2977],[115.912,30.3156],[115.9016,30.3268],[115.8926,30.3551],[115.8766,30.3757],[115.8768,30.3898],[115.8948,30.4142],[115.9299,30.4316],[115.946,30.4459],[115.9496,30.4624],[115.9466,30.4883],[115.9255,30.5272],[115.8805,30.5784],[115.8611,30.5902],[115.8331,30.5941],[115.8141,30.6311],[115.7896,30.6526],[115.7678,30.6882],[115.7666,30.7114],[115.7753,30.7548],[115.7981,30.7742],[115.8352,30.7702],[115.8531,30.7746],[115.8622,30.7848],[115.8644,30.8066],[115.8552,30.8316],[115.8586,30.861],[115.8735,30.876],[115.9126,30.9],[115.9429,30.907],[115.9818,30.9395],[116.0169,30.964],[116.036,30.9889],[116.039,31.0028],[116.0354,31.0309],[115.9893,31.0432],[115.9464,31.034],[115.9341,31.0385],[115.9303,31.0641],[115.9002,31.0902],[115.8769,31.1294],[115.8583,31.1344],[115.8144,31.1244],[115.793,31.1277],[115.7684,31.1436],[115.7112,31.1935],[115.6687,31.2172],[115.6466,31.2242],[115.6281,31.2208],[115.6091,31.193],[115.5956,31.1617],[115.5689,31.1638],[115.55,31.1827],[115.5229,31.2332],[115.5114,31.2464],[115.4813,31.2679],[115.464,31.2739],[115.454,31.2861],[115.4366,31.3262],[115.415,31.3402],[115.3804,31.3505],[115.374,31.3663],[115.374,31.4175],[115.3384,31.4028],[115.2862,31.3951],[115.2595,31.4065],[115.2479,31.429],[115.2185,31.4475],[115.2067,31.4647],[115.2061,31.4874],[115.2173,31.5229],[115.2135,31.5456],[115.1916,31.5684],[115.1659,31.6015],[115.1513,31.6039],[115.1286,31.5945],[115.1053,31.5639],[115.0769,31.5155],[115.0618,31.4998],[115.0378,31.486],[114.9989,31.4776],[114.8755,31.4898],[114.8379,31.4823],[114.7908,31.4838],[114.7666,31.4905],[114.7383,31.5173],[114.7103,31.5147],[114.6766,31.5306],[114.6382,31.568],[114.6165,31.5706],[114.5678,31.5661],[114.5479,31.5729],[114.533,31.6222],[114.5354,31.6534],[114.5608,31.6894],[114.565,31.7185],[114.5557,31.7377],[114.5355,31.7485],[114.4953,31.7592],[114.4809,31.7571],[114.4491,31.7395],[114.4073,31.7402],[114.3618,31.7343],[114.3349,31.7483],[114.2916,31.78],[114.2674,31.8087],[114.2541,31.8161],[114.2179,31.826],[114.1707,31.8464],[114.144,31.8475],[114.0855,31.7838],[114.0579,31.7657],[114.0315,31.7547],[113.972,31.7466],[113.9581,31.7503],[113.9533,31.7748],[113.9599,31.8069],[113.9596,31.8318],[113.9421,31.8525],[113.9267,31.8566],[113.8858,31.8448],[113.8722,31.8469],[113.8617,31.8627],[113.8518,31.9098],[113.8366,31.9324],[113.7944,31.9725],[113.7883,31.9897],[113.7899,32.0303],[113.786,32.0472],[113.7531,32.1209],[113.7524,32.1376],[113.7767,32.1727],[113.7817,32.1937],[113.7679,32.2921],[113.7843,32.343],[113.7828,32.3594],[113.7292,32.4193],[113.7091,32.4079],[113.6689,32.4111],[113.6431,32.4033],[113.6164,32.3857],[113.6067,32.3631],[113.5955,32.3529],[113.5762,32.3512],[113.5584,32.335],[113.5509,32.3135],[113.5277,32.2967],[113.436,32.2888],[113.4201,32.2903],[113.3656,32.3039],[113.3363,32.3144],[113.3242,32.3376],[113.3043,32.3557],[113.2557,32.3726],[113.242,32.3951],[113.2187,32.4103],[113.183,32.4133],[113.156,32.3945],[113.1284,32.3826],[113.1124,32.3816],[113.0657,32.4174],[113.0458,32.4252],[113.0139,32.4204],[112.9915,32.4044],[112.8501,32.3812],[112.8036,32.3616],[112.7509,32.3498],[112.612,32.3735],[112.5339,32.3768],[112.5114,32.3721],[112.468,32.3715],[112.4343,32.3599],[112.369,32.3637],[112.3435,32.3609],[112.3137,32.3456],[112.2858,32.3506],[112.2271,32.3885],[112.1986,32.3953],[112.1606,32.3917],[112.1446,32.3946],[112.1016,32.422],[112.0707,32.4484],[112.0533,32.4548],[112.0054,32.434],[111.9779,32.4654],[111.9621,32.4743],[111.8023,32.5114],[111.7793,32.5204],[111.744,32.5764],[111.7112,32.6002],[111.658,32.6225],[111.6291,32.6265],[111.5947,32.6148],[111.5689,32.5952],[111.5456,32.5968],[111.5316,32.6111],[111.5191,32.6556],[111.5074,32.6821],[111.4779,32.7078],[111.4413,32.73],[111.4063,32.762],[111.3633,32.8248],[111.345,32.8439],[111.3208,32.8612],[111.2921,32.8755],[111.2553,32.9068],[111.2201,32.921],[111.2101,32.9302],[111.2092,32.9547],[111.2163,32.9765],[111.2053,33.0007],[111.1754,33.0253],[111.1298,33.0908],[111.1088,33.148],[111.0973,33.1588],[111.045,33.1784],[111.0027,33.2075],[110.9941,33.2199],[110.9746,33.2665],[110.9414,33.2506],[110.9211,33.2174],[110.9001,33.2052],[110.8497,33.2054],[110.8176,33.1949],[110.8044,33.1696],[110.792,33.1589],[110.7498,33.1398],[110.7389,33.1284],[110.7529,33.098],[110.7395,33.0961],[110.7113,33.1081],[110.6835,33.1335],[110.6512,33.1486],[110.6232,33.1442],[110.6045,33.1539],[110.5895,33.2039],[110.5682,33.2344],[110.5474,33.2453],[110.5302,33.2453],[110.5097,33.2362],[110.4591,33.1851],[110.4323,33.1731],[110.2344,33.1563],[110.1822,33.1661],[110.1486,33.194],[110.1288,33.2055],[110.0943,33.2133],[109.9599,33.2141],[109.9165,33.2345],[109.8753,33.2434],[109.752,33.2409],[109.7226,33.2453],[109.6597,33.2641],[109.6443,33.2611],[109.6258,33.2433],[109.604,33.2359],[109.5852,33.2359],[109.5518,33.2439],[109.5299,33.2443],[109.5157,33.2371],[109.4623,33.189],[109.4465,33.1623],[109.4531,33.1482],[109.491,33.145],[109.5351,33.1314],[109.5649,33.114],[109.5925,33.1098],[109.6519,33.1133],[109.6944,33.1055],[109.7436,33.0895],[109.7573,33.0801],[109.7812,33.0448],[109.7789,33.0177],[109.7663,32.9686],[109.7396,32.93],[109.7832,32.9012],[109.8097,32.8932],[109.8358,32.8959],[109.8685,32.913],[109.8991,32.9144],[109.9382,32.8959],[109.9928,32.8891],[110.0406,32.8617],[110.0958,32.8413],[110.1152,32.8189],[110.1212,32.7967],[110.1455,32.7561],[110.155,32.7296],[110.1449,32.6811],[110.1519,32.6563],[110.1682,32.6432],[110.1683,32.6224],[110.1522,32.6073],[110.1354,32.6051],[110.0999,32.6148],[110.0738,32.6166],[110.0617,32.6065],[110.0664,32.5867],[110.0619,32.5764],[110.0293,32.5543],[110.0009,32.5519],[109.9508,32.5762],[109.8795,32.5916],[109.8631,32.5909],[109.8459,32.5782],[109.8153,32.5706],[109.792,32.5793],[109.7686,32.6001],[109.7286,32.5876],[109.7082,32.5851],[109.6647,32.598],[109.6348,32.5906],[109.623,32.5594],[109.6106,32.549],[109.5794,32.5412],[109.5746,32.5274],[109.5652,32.4198],[109.5613,32.405],[109.4997,32.3689],[109.487,32.3546],[109.4874,32.3359],[109.5011,32.3028],[109.527,32.2712],[109.5351,32.2458],[109.5477,32.2336],[109.601,32.2133],[109.619,32.1889],[109.6296,32.1234],[109.6386,32.1103],[109.6693,32.0807],[109.6738,32.0694],[109.6663,32.043],[109.6462,32.0117],[109.6263,31.961],[109.6133,31.9439],[109.6102,31.9273],[109.6142,31.8914],[109.6158,31.8212],[109.6127,31.8111],[109.5872,31.7806],[109.5801,31.7623],[109.583,31.7462],[109.594,31.7376]]]},"properties":{"name":"Hubei","name_en":"Hubei","name_ja":"湖北省","name_zh":"湖北省","name_ko":"후베이성","adm0_a3":"CHN","postal":"HU","iso_3166_2":"CN-HB","type_en":"Province","region":"South Central China","geonunit":"China"}},
{"type":"Feature","geometry":{"type":"Polygon","coordinates":[[[119.6298,31.1329],[119.5924,31.1308],[119.548,31.1413],[119.5269,31.1553],[119.4931,31.151],[119.4066,31.1804],[119.3814,31.1842],[119.3628,31.1924],[119.3566,31.2192],[119.3597,31.254],[119.3489,31.2858],[119.3361,31.2844],[119.3168,31.2667],[119.2834,31.2671],[119.2545,31.2621],[119.2361,31.2649],[119.1759,31.2886],[119.1629,31.2874],[119.096,31.2471],[119.0747,31.2388],[118.8161,31.2263],[118.7993,31.2309],[118.7849,31.2586],[118.7557,31.2808],[118.7366,31.3208],[118.742,31.3496],[118.751,31.358],[118.7967,31.372],[118.8272,31.3975],[118.8809,31.5224],[118.8799,31.5522],[118.8684,31.5818],[118.8685,31.6071],[118.8605,31.6274],[118.8441,31.6329],[118.8104,31.6235],[118.7999,31.6281],[118.7894,31.6674],[118.7655,31.6716],[118.736,31.6392],[118.7096,31.6397],[118.6679,31.6542],[118.6604,31.6685],[118.6844,31.7009],[118.6753,31.7126],[118.6374,31.7254],[118.5687,31.7356],[118.5397,31.7545],[118.5111,31.7677],[118.4769,31.7902],[118.4724,31.804],[118.4811,31.8587],[118.4604,31.8907],[118.4486,31.8971],[118.4226,31.896],[118.3752,31.9254],[118.352,31.9467],[118.3666,31.964],[118.3703,31.9805],[118.4028,32.0032],[118.3853,32.024],[118.3831,32.054],[118.3979,32.0781],[118.4115,32.0887],[118.483,32.1241],[118.4991,32.1377],[118.4987,32.1763],[118.5031,32.1929],[118.5144,32.1998],[118.5423,32.2012],[118.599,32.2116],[118.6504,32.2379],[118.6654,32.2497],[118.6696,32.2672],[118.6504,32.289],[118.6615,32.3157],[118.6841,32.3392],[118.6677,32.4037],[118.6679,32.4532],[118.6614,32.4682],[118.6499,32.4735],[118.6118,32.4777],[118.601,32.483],[118.5928,32.5001],[118.5919,32.5267],[118.5593,32.5493],[118.5518,32.5744],[118.5589,32.5875],[118.5802,32.5935],[118.608,32.5813],[118.6429,32.5939],[118.6662,32.5874],[118.7017,32.6003],[118.7244,32.6001],[118.7587,32.6127],[118.7767,32.5991],[118.819,32.6032],[118.8283,32.5912],[118.8472,32.5876],[118.8913,32.5957],[118.9051,32.5896],[118.9057,32.5637],[118.9407,32.5583],[118.9725,32.5171],[118.9835,32.5123],[119.0096,32.5132],[119.034,32.4994],[119.0623,32.4676],[119.0662,32.4454],[119.0805,32.4461],[119.1388,32.5001],[119.1466,32.5409],[119.1689,32.5752],[119.1994,32.5937],[119.2022,32.6238],[119.1919,32.6672],[119.1904,32.7112],[119.185,32.731],[119.172,32.7415],[119.1544,32.7713],[119.151,32.7891],[119.1565,32.8183],[119.148,32.8285],[119.1095,32.8339],[119.0951,32.841],[119.0768,32.8614],[119.0502,32.8801],[119.0307,32.9003],[119.0089,32.9095],[119.0063,32.9437],[118.993,32.962],[118.9509,32.9667],[118.9104,32.9573],[118.8574,32.9723],[118.8379,32.9614],[118.833,32.9428],[118.8127,32.9251],[118.8057,32.9089],[118.7977,32.8651],[118.7667,32.8555],[118.7482,32.8385],[118.7451,32.8016],[118.738,32.7864],[118.7454,32.7572],[118.7202,32.7321],[118.7085,32.7321],[118.625,32.7449],[118.5996,32.7416],[118.5764,32.7267],[118.4308,32.7403],[118.3991,32.7309],[118.3673,32.7357],[118.3628,32.7499],[118.2997,32.7774],[118.2891,32.7956],[118.2877,32.838],[118.2506,32.8701],[118.2393,32.8939],[118.239,32.9237],[118.2541,32.9392],[118.2989,32.9631],[118.2948,32.9746],[118.26,32.9989],[118.2484,33.0134],[118.2241,33.0779],[118.2165,33.1172],[118.2207,33.1644],[118.218,33.1799],[118.1968,33.2049],[118.1698,33.2132],[118.1605,33.2071],[118.1564,33.1814],[118.095,33.1613],[118.0807,33.1496],[118.0138,33.1618],[117.9964,33.1678],[117.9789,33.2044],[117.9684,33.2139],[117.9418,33.2246],[117.9319,33.2351],[117.941,33.2617],[117.9831,33.2995],[117.9925,33.3489],[118.0396,33.4547],[118.0633,33.489],[118.091,33.4779],[118.1128,33.4795],[118.1105,33.5308],[118.1215,33.6113],[118.1684,33.6726],[118.1767,33.6926],[118.1736,33.7156],[118.1633,33.7368],[118.1442,33.7556],[118.1237,33.766],[118.091,33.7659],[118.0616,33.7571],[117.9655,33.7516],[117.9255,33.734],[117.8992,33.7343],[117.8649,33.7264],[117.8313,33.7346],[117.7522,33.7244],[117.7269,33.7279],[117.7424,33.7502],[117.7476,33.7764],[117.7442,33.8232],[117.7488,33.869],[117.7456,33.8823],[117.7149,33.8783],[117.6875,33.8876],[117.6808,33.9145],[117.6628,33.9402],[117.6509,33.9825],[117.6239,34.0083],[117.6084,33.9899],[117.5942,33.9861],[117.5724,33.9905],[117.5475,34.0267],[117.5328,34.0398],[117.5035,34.0498],[117.4768,34.0447],[117.4406,34.0262],[117.4069,34.025],[117.3917,34.0313],[117.3703,34.0557],[117.3486,34.07],[117.3213,34.0789],[117.2293,34.0741],[117.1785,34.0845],[117.1594,34.0912],[117.137,34.1074],[117.0339,34.1555],[117.0184,34.1707],[117.0141,34.1928],[117.0195,34.2376],[116.979,34.2654],[116.9695,34.2754],[116.9661,34.2978],[116.9802,34.3454],[116.9777,34.3561],[116.9495,34.3893],[116.9357,34.3978],[116.9062,34.4009],[116.8477,34.3898],[116.8145,34.3921],[116.8023,34.4001],[116.783,34.4408],[116.7695,34.4518],[116.7153,34.4681],[116.6249,34.485],[116.5906,34.5005],[116.5715,34.5265],[116.5097,34.5662],[116.4843,34.5988],[116.4199,34.6426],[116.3772,34.6395],[116.344,34.616],[116.2669,34.5767],[116.228,34.5654],[116.2047,34.583],[116.1865,34.5831],[116.1513,34.5667],[116.1634,34.5347],[116.1521,34.4669],[116.1567,34.4473],[116.2033,34.4022],[116.2221,34.3892],[116.2672,34.3683],[116.3153,34.3368],[116.3693,34.2861],[116.401,34.275],[116.4333,34.2806],[116.4613,34.2776],[116.4801,34.2814],[116.5521,34.2868],[116.5694,34.2828],[116.574,34.2706],[116.5672,34.2489],[116.5675,34.2232],[116.5751,34.1921],[116.5675,34.1688],[116.5506,34.1547],[116.5429,34.1209],[116.5709,34.0787],[116.6026,34.0084],[116.6342,33.9705],[116.6412,33.9532],[116.6361,33.9096],[116.6271,33.9018],[116.5912,33.9127],[116.576,33.9069],[116.5527,33.8842],[116.5237,33.8822],[116.5001,33.8708],[116.4686,33.862],[116.4453,33.845],[116.4345,33.8037],[116.4207,33.7908],[116.182,33.7183],[116.1469,33.7203],[116.1211,33.7364],[116.0796,33.7784],[116.0593,33.8092],[116.0488,33.8356],[116.0293,33.8607],[115.9707,33.9048],[115.965,33.93],[115.9739,33.9522],[115.9764,33.9772],[115.9614,34.0001],[115.9454,34.0057],[115.9066,34.0069],[115.8716,34.0184],[115.8411,34.0069],[115.815,34.0276],[115.7699,34.0556],[115.7482,34.0653],[115.733,34.0656],[115.7033,34.0569],[115.6751,34.057],[115.6536,34.0484],[115.5862,33.9796],[115.5731,33.952],[115.5614,33.8981],[115.5626,33.8722],[115.5742,33.8574],[115.6185,33.8564],[115.6299,33.8388],[115.6242,33.7723],[115.6082,33.7595],[115.5888,33.7692],[115.5735,33.7502],[115.5941,33.7162],[115.6096,33.6569],[115.6231,33.6277],[115.6347,33.5918],[115.6259,33.5784],[115.5922,33.5685],[115.497,33.561],[115.4426,33.5481],[115.4288,33.5381],[115.4004,33.5002],[115.3818,33.5001],[115.3657,33.5167],[115.35,33.5169],[115.3421,33.5007],[115.3464,33.453],[115.3268,33.4276],[115.328,33.3972],[115.3157,33.374],[115.318,33.3633],[115.3329,33.3544],[115.3408,33.3342],[115.3492,33.2633],[115.3453,33.2506],[115.3103,33.2217],[115.3006,33.2098],[115.2858,33.1482],[115.2738,33.1328],[115.251,33.1206],[115.1881,33.1079],[115.1428,33.0843],[115.1056,33.0833],[115.0328,33.0904],[115.0189,33.0939],[114.9863,33.1162],[114.9692,33.1237],[114.9462,33.1189],[114.8866,33.0834],[114.8898,33.0457],[114.8765,33.0135],[114.8798,32.9934],[114.8992,32.9742],[114.9252,32.9582],[115.012,32.9346],[115.0342,32.9181],[115.0734,32.9101],[115.1304,32.8924],[115.1613,32.8703],[115.1847,32.8591],[115.1923,32.8464],[115.1912,32.8212],[115.1964,32.7975],[115.1821,32.7741],[115.1802,32.7145],[115.186,32.6931],[115.2102,32.6569],[115.1993,32.5915],[115.2614,32.5837],[115.2969,32.5682],[115.3667,32.5595],[115.4297,32.5206],[115.4569,32.5074],[115.4864,32.4697],[115.4985,32.4476],[115.5323,32.4186],[115.5648,32.4024],[115.5856,32.4124],[115.6094,32.4164],[115.6313,32.4133],[115.6466,32.4024],[115.6874,32.4667],[115.6938,32.4918],[115.7419,32.4792],[115.7548,32.4983],[115.7901,32.4707],[115.8083,32.5034],[115.8435,32.5426],[115.8845,32.5717],[115.9204,32.5744],[115.9221,32.5679],[115.9021,32.5587],[115.8709,32.5324],[115.8638,32.5101],[115.8757,32.4994],[115.8638,32.4551],[115.8607,32.432],[115.8885,32.3939],[115.892,32.3702],[115.8937,32.3089],[115.9148,32.25],[115.9281,32.0246],[115.9139,31.9752],[115.9009,31.8861],[115.9057,31.819],[115.9013,31.7945],[115.8655,31.7851],[115.8337,31.7878],[115.7899,31.7958],[115.7604,31.7968],[115.7249,31.7878],[115.688,31.7891],[115.6629,31.784],[115.5824,31.7525],[115.5545,31.7345],[115.5315,31.7364],[115.4875,31.6829],[115.4727,31.6347],[115.4187,31.5513],[115.399,31.531],[115.3897,31.5117],[115.3913,31.4699],[115.374,31.4175],[115.374,31.3663],[115.3804,31.3505],[115.415,31.3402],[115.4366,31.3262],[115.454,31.2861],[115.464,31.2739],[115.4813,31.2679],[115.5114,31.2464],[115.5229,31.2332],[115.55,31.1827],[115.5689,31.1638],[115.5956,31.1617],[115.6091,31.193],[115.6281,31.2208],[115.6466,31.2242],[115.6687,31.2172],[115.7112,31.1935],[115.7684,31.1436],[115.793,31.1277],[115.8144,31.1244],[115.8583,31.1344],[115.8769,31.1294],[115.9002,31.0902],[115.9303,31.0641],[115.9341,31.0385],[115.9464,31.034],[115.9893,31.0432],[116.0354,31.0309],[116.039,31.0028],[116.036,30.9889],[116.0169,30.964],[115.9818,30.9395],[115.9429,30.907],[115.9126,30.9],[115.8735,30.876],[115.8586,30.861],[115.8552,30.8316],[115.8644,30.8066],[115.8622,30.7848],[115.8531,30.7746],[115.8352,30.7702],[115.7981,30.7742],[115.7753,30.7548],[115.7666,30.7114],[115.7678,30.6882],[115.7896,30.6526],[115.8141,30.6311],[115.8331,30.5941],[115.8611,30.5902],[115.8805,30.5784],[115.9255,30.5272],[115.9466,30.4883],[115.9496,30.4624],[115.946,30.4459],[115.9299,30.4316],[115.8948,30.4142],[115.8768,30.3898],[115.8766,30.3757],[115.8926,30.3551],[115.9016,30.3268],[115.912,30.3156],[115.9594,30.2977],[115.9842,30.2583],[116.0219,30.2398],[116.0405,30.2214],[116.0544,30.1491],[116.0652,30.1294],[116.0809,30.0468],[116.0714,29.9962],[116.0781,29.9687],[116.1144,29.9306],[116.1256,29.9047],[116.1189,29.8763],[116.124,29.8404],[116.1473,29.7888],[116.2068,29.7814],[116.2362,29.7813],[116.2655,29.7889],[116.2979,29.8088],[116.3569,29.8584],[116.3895,29.8761],[116.4146,29.8807],[116.4669,29.8804],[116.4925,29.8847],[116.5133,29.8942],[116.5273,29.9068],[116.549,29.9542],[116.5754,29.9909],[116.6368,30.0434],[116.6505,30.0507],[116.7017,30.0565],[116.7386,30.0489],[116.7914,30.022],[116.8735,29.947],[116.8868,29.9204],[116.8852,29.9068],[116.8637,29.8507],[116.7979,29.7559],[116.7801,29.7468],[116.7678,29.7562],[116.7498,29.7563],[116.739,29.7445],[116.7301,29.7224],[116.7174,29.7145],[116.6892,29.7243],[116.675,29.708],[116.6485,29.6274],[116.6657,29.6098],[116.693,29.5926],[116.7247,29.5528],[116.7486,29.5449],[116.7658,29.5681],[116.7879,29.568],[116.815,29.5492],[116.833,29.5438],[116.87,29.5473],[116.8883,29.5605],[116.9284,29.6118],[116.9551,29.6539],[116.9822,29.6726],[117.0791,29.7102],[117.0926,29.7234],[117.0947,29.7524],[117.1067,29.7864],[117.085,29.8215],[117.0659,29.8274],[117.0671,29.8406],[117.0951,29.8684],[117.1252,29.9106],[117.1686,29.9265],[117.1924,29.9265],[117.2255,29.9067],[117.2327,29.8936],[117.2237,29.8686],[117.2285,29.8473],[117.2459,29.8358],[117.2743,29.8295],[117.3061,29.8418],[117.3297,29.8432],[117.345,29.8256],[117.3558,29.8249],[117.3781,29.8363],[117.3998,29.8375],[117.4063,29.8312],[117.4001,29.7869],[117.4022,29.7731],[117.424,29.744],[117.4357,29.7201],[117.4811,29.6676],[117.5035,29.6544],[117.5274,29.6224],[117.5409,29.6141],[117.5623,29.6107],[117.6253,29.6146],[117.6492,29.6059],[117.6701,29.5806],[117.6909,29.5622],[117.7077,29.5556],[117.7665,29.5597],[117.8006,29.5695],[117.8192,29.5684],[117.8701,29.5536],[117.8986,29.549],[117.9418,29.5644],[117.9859,29.572],[118.0211,29.5626],[118.0494,29.5446],[118.0992,29.5326],[118.1134,29.5187],[118.1178,29.4986],[118.1139,29.4835],[118.1196,29.4468],[118.1296,29.4332],[118.1747,29.4079],[118.2834,29.435],[118.3105,29.4469],[118.3062,29.4717],[118.3133,29.4875],[118.3271,29.4921],[118.3436,29.4849],[118.3732,29.4528],[118.3895,29.4563],[118.4213,29.4943],[118.4696,29.5239],[118.4967,29.5611],[118.5569,29.6252],[118.5948,29.6482],[118.6112,29.6538],[118.6481,29.6583],[118.7237,29.7302],[118.7329,29.7627],[118.7244,29.788],[118.7259,29.8031],[118.7413,29.8284],[118.8201,29.88],[118.8349,29.8984],[118.8414,29.9266],[118.851,29.9423],[118.8835,29.967],[118.894,29.9826],[118.8932,30.0071],[118.869,30.1085],[118.8802,30.1475],[118.8527,30.1593],[118.8603,30.173],[118.8963,30.2026],[118.9095,30.2222],[118.8792,30.2876],[118.8757,30.3115],[118.8811,30.3244],[118.8991,30.3365],[118.9347,30.3521],[118.9543,30.3548],[118.9801,30.3476],[119.0049,30.3319],[119.0575,30.3119],[119.1183,30.3154],[119.1655,30.3103],[119.2107,30.3137],[119.2291,30.3004],[119.2473,30.3046],[119.2617,30.3292],[119.28,30.3463],[119.3311,30.3724],[119.3924,30.3684],[119.3972,30.379],[119.3629,30.4045],[119.3575,30.441],[119.3319,30.4831],[119.33,30.5094],[119.3208,30.5182],[119.2816,30.5134],[119.2659,30.5166],[119.2487,30.5294],[119.2415,30.5508],[119.2683,30.5796],[119.2723,30.6083],[119.3059,30.6187],[119.3236,30.632],[119.3387,30.6642],[119.3506,30.6754],[119.3835,30.6853],[119.3975,30.6762],[119.4085,30.6465],[119.4239,30.6379],[119.4431,30.6392],[119.4514,30.6481],[119.4645,30.6782],[119.4881,30.7185],[119.4926,30.7542],[119.5005,30.7694],[119.533,30.7864],[119.575,30.8471],[119.5765,30.8792],[119.6207,31.0492],[119.6298,31.1329]]]},"properties":{"name":"Anhui","name_en":"Anhui","name_ja":"安徽省","name_zh":"安徽省","name_ko":"안후이성","adm0_a3":"CHN","postal":"AH","iso_3166_2":"CN-AH","type_en":"Province","region":"East China","geonunit":"China"}}
]}