{"type":"FeatureCollection", "features": [
{"type":"Feature","geometry":{"type":"Polygon","coordinates":[[[-54.2112,3.1274],[-54.188,3.131],[-54.1771,3.1166],[-54.1747,3.0939],[-54.177,3.0728],[-54.1907,3.0591],[-54.177,3.0489],[-54.1692,3.0107],[-54.1851,2.9978],[-54.1798,2.9837],[-54.1634,2.9697],[-54.163,2.956],[-54.1702,2.9254],[-54.187,2.8993],[-54.1896,2.8706],[-54.1702,2.8531],[-54.1889,2.8383],[-54.2047,2.7918],[-54.2125,2.7764],[-54.2853,2.678],[-54.3204,2.6067],[-54.3594,2.508],[-54.3756,2.4838],[-54.4235,2.4359],[-54.4355,2.4311],[-54.4726,2.4287],[-54.4934,2.4171],[-54.5203,2.3489],[-54.5316,2.3402],[-54.5512,2.3381],[-54.5848,2.3483],[-54.5992,2.3458],[-54.6153,2.3263],[-54.5882,2.3244],[-54.5646,2.3148],[-54.5443,2.3002],[-54.5264,2.2827],[-54.5491,2.2794],[-54.5458,2.2686],[-54.5114,2.2434],[-54.4927,2.2227],[-54.4766,2.2141],[-54.434,2.2093],[-54.4025,2.1971],[-54.3739,2.1965],[-54.3609,2.1882],[-54.3351,2.1639],[-54.314,2.1549],[-54.2638,2.1482],[-54.21,2.1616],[-54.1885,2.1613],[-54.1574,2.1217],[-54.1349,2.1107],[-54.1114,2.1143],[-54.0984,2.128],[-54.0842,2.1693],[-54.0693,2.1883],[-54.0433,2.1877],[-54.028,2.1786],[-54.006,2.1943],[-53.9639,2.2093],[-53.9461,2.222],[-53.9387,2.2401],[-53.9378,2.2646],[-53.9329,2.2696],[-53.9012,2.2645],[-53.8885,2.2738],[-53.8668,2.3049],[-53.8309,2.3101],[-53.801,2.3538],[-53.7835,2.3641],[-53.7648,2.3687],[-53.7483,2.3647],[-53.7374,2.3491],[-53.738,2.3388],[-53.7482,2.3193],[-53.7422,2.3085],[-53.7132,2.3074],[-53.646,2.2785],[-53.5953,2.2739],[-53.579,2.2704],[-53.5473,2.2518],[-53.5318,2.247],[-53.5115,2.2523],[-53.4732,2.2541],[-53.4621,2.259],[-53.4254,2.286],[-53.3904,2.299],[-53.3785,2.3076],[-53.3441,2.3496],[-53.3226,2.3386],[-53.2974,2.3037],[-53.2342,2.251],[-53.2347,2.2413],[-53.2543,2.2342],[-53.2722,2.22],[-53.2797,2.205],[-53.2685,2.1957],[-53.2528,2.1965],[-53.1323,2.2193],[-53.1134,2.2193],[-53.0922,2.2119],[-53.0612,2.1863],[-53.0191,2.182],[-52.9809,2.1733],[-52.9597,2.1752],[-52.9341,2.1964],[-52.9231,2.1937],[-52.9067,2.205],[-52.8802,2.2604],[-52.8627,2.2742],[-52.8197,2.2915],[-52.7077,2.3589],[-52.6906,2.373],[-52.6772,2.3904],[-52.6561,2.4309],[-52.6192,2.4635],[-52.5904,2.5047],[-52.5691,2.5504],[-52.5535,2.5734],[-52.5558,2.5981],[-52.5721,2.623],[-52.5716,2.6386],[-52.551,2.646],[-52.5396,2.6594],[-52.5333,2.6899],[-52.4553,2.865],[-52.4416,2.8813],[-52.4093,2.8973],[-52.4222,2.9275],[-52.4166,2.9425],[-52.3532,3.0584],[-52.3516,3.066],[-52.3611,3.1093],[-52.3618,3.132],[-52.3553,3.1516],[-52.3194,3.1776],[-52.2991,3.2253],[-52.2795,3.2425],[-52.2512,3.2431],[-52.2279,3.2601],[-52.0928,3.4814],[-52.0936,3.5069],[-52.0742,3.5166],[-52.066,3.5289],[-52.0545,3.5567],[-52.0128,3.6191],[-52.0031,3.6423],[-51.9954,3.6853],[-51.9884,3.7046],[-51.9728,3.7217],[-51.9487,3.7251],[-51.9382,3.7425],[-51.941,3.7636],[-51.9309,3.7814],[-51.8997,3.7967],[-51.8354,3.8675],[-51.8186,3.8911],[-51.8062,3.9175],[-51.7975,3.95],[-51.7832,3.9809],[-51.7579,4.0025],[-51.6832,4.0394],[-51.6722,4.0608],[-51.6525,4.1221],[-51.649,4.1523],[-51.6507,4.19],[-51.6567,4.2173],[-51.6693,4.2421],[-51.7085,4.3004],[-51.7168,4.3336],[-51.7123,4.3537],[-51.6941,4.371],[-51.6901,4.3851],[-51.6976,4.3931],[-51.7309,4.3994],[-51.7384,4.413],[-51.7447,4.4366],[-51.7377,4.4404],[-51.731,4.4571],[-51.7475,4.4572],[-51.758,4.4778],[-51.7651,4.529],[-51.7735,4.552],[-51.8008,4.5897],[-51.7931,4.6011],[-51.8015,4.6127],[-51.8483,4.6557],[-51.8648,4.6648],[-51.8812,4.6678],[-51.8964,4.6647],[-51.9092,4.6557],[-51.9254,4.6262],[-51.9313,4.5904],[-51.9228,4.4471],[-51.9249,4.4293],[-51.9365,4.3919],[-51.9514,4.3707],[-51.9856,4.3526],[-52.0463,4.3336],[-52.0199,4.367],[-51.9884,4.3857],[-51.9618,4.4084],[-51.9508,4.454],[-51.956,4.494],[-51.9796,4.5714],[-51.9849,4.6113],[-51.9963,4.6523],[-52.0245,4.6935],[-52.0602,4.7305],[-52.0941,4.7581],[-52.1595,4.7956],[-52.1693,4.81],[-52.1761,4.8292],[-52.1929,4.8497],[-52.2135,4.8667],[-52.2319,4.8754],[-52.2427,4.8562],[-52.2858,4.8296],[-52.3002,4.8134],[-52.3138,4.7619],[-52.3317,4.7383],[-52.3343,4.7246],[-52.3405,4.7246],[-52.343,4.7612],[-52.3131,4.8108],[-52.2765,4.8593],[-52.2586,4.8925],[-52.2643,4.9125],[-52.2791,4.9312],[-52.3,4.9451],[-52.3237,4.9506],[-52.3451,4.9429],[-52.3707,4.9072],[-52.389,4.8959],[-52.38,4.9368],[-52.4023,4.9738],[-52.4797,5.0396],[-52.505,5.0536],[-52.5218,5.0527],[-52.528,5.0579],[-52.5261,5.0707],[-52.5409,5.079],[-52.6812,5.2104],[-52.7529,5.2674],[-52.7832,5.3169],[-52.8291,5.3419],[-52.8965,5.4057],[-52.9651,5.4439],[-52.9946,5.4576],[-53.0058,5.4508],[-53.0462,5.4597],[-53.0825,5.4722],[-53.1302,5.5048],[-53.1776,5.5244],[-53.2212,5.5363],[-53.2812,5.5619],[-53.2914,5.5547],[-53.2648,5.5458],[-53.2252,5.5171],[-53.2078,5.514],[-53.2079,5.5023],[-53.2301,5.4953],[-53.2477,5.5098],[-53.2639,5.5299],[-53.2775,5.5382],[-53.3027,5.5355],[-53.4078,5.5618],[-53.4482,5.5609],[-53.4952,5.5721],[-53.5173,5.5808],[-53.5471,5.5999],[-53.5826,5.6178],[-53.6956,5.6635],[-53.7324,5.6842],[-53.7767,5.7142],[-53.8103,5.7311],[-53.8324,5.7317],[-53.8114,5.7206],[-53.8157,5.7159],[-53.8589,5.7338],[-53.934,5.7448],[-53.9443,5.7446],[-53.9919,5.6613],[-54.0072,5.5582],[-54.013,5.5406],[-54.0331,5.5054],[-54.0611,5.4365],[-54.0804,5.4079],[-54.1067,5.3812],[-54.1375,5.3601],[-54.171,5.3484],[-54.1905,5.3257],[-54.2692,5.2691],[-54.3113,5.2258],[-54.332,5.1962],[-54.3436,5.1564],[-54.3654,5.1388],[-54.3756,5.1149],[-54.4302,5.0534],[-54.4486,5.0243],[-54.4576,4.9914],[-54.4488,4.9515],[-54.4508,4.9367],[-54.4821,4.9128],[-54.4867,4.903],[-54.4787,4.8787],[-54.4787,4.7552],[-54.4754,4.7417],[-54.4473,4.7279],[-54.4355,4.7094],[-54.4386,4.6733],[-54.4377,4.6487],[-54.4253,4.6161],[-54.4235,4.5634],[-54.4282,4.5462],[-54.448,4.5095],[-54.4508,4.4842],[-54.4334,4.3764],[-54.403,4.3129],[-54.3941,4.2698],[-54.3932,4.2444],[-54.4105,4.2086],[-54.4066,4.1915],[-54.3825,4.1696],[-54.3489,4.1605],[-54.3386,4.1523],[-54.3347,4.1317],[-54.3376,4.1166],[-54.3552,4.0665],[-54.3539,4.0417],[-54.3444,4.0249],[-54.3102,3.9942],[-54.3039,3.9845],[-54.2931,3.9498],[-54.2658,3.9225],[-54.2411,3.8764],[-54.2222,3.8662],[-54.207,3.8465],[-54.1874,3.8147],[-54.1702,3.8058],[-54.1361,3.7957],[-54.1255,3.7887],[-54.1048,3.758],[-54.0944,3.7471],[-54.074,3.6761],[-54.0507,3.6406],[-54.0501,3.6345],[-54.0179,3.6415],[-53.9948,3.6236],[-53.9888,3.611],[-53.9903,3.5957],[-53.9983,3.573],[-54.0063,3.531],[-54.003,3.4554],[-54.0194,3.4154],[-54.0557,3.3777],[-54.0695,3.3271],[-54.0802,3.3097],[-54.1143,3.2854],[-54.14,3.245],[-54.1766,3.2006],[-54.1905,3.1781],[-54.2112,3.1274]]]},"properties":{"region":"Guyane française","name":"Guyane française"}},
{"type":"Feature","geometry":{"type":"Polygon","coordinates":[[[4.2159,49.9544],[4.1877,49.9555],[4.1396,49.9745],[4.1323,50.0176],[4.1446,50.0308],[4.186,50.0525],[4.21,50.0602],[4.1974,50.0841],[4.1806,50.1272],[4.1706,50.1305],[4.1399,50.1236],[4.1258,50.1282],[4.1282,50.1462],[4.1573,50.2127],[4.2013,50.2415],[4.2037,50.252],[4.1852,50.2655],[4.1628,50.273],[4.1503,50.2695],[4.1437,50.2516],[4.1253,50.2571],[4.0979,50.2948],[4.0559,50.3146],[4.0227,50.3381],[4.0033,50.3441],[3.9821,50.3426],[3.9186,50.3255],[3.8959,50.3253],[3.8402,50.3452],[3.7987,50.3485],[3.7415,50.3431],[3.6969,50.2982],[3.6617,50.3193],[3.6529,50.3602],[3.6528,50.4068],[3.6444,50.4455],[3.6281,50.4644],[3.6083,50.4765],[3.5637,50.4865],[3.4991,50.4868],[3.4867,50.4927],[3.4965,50.5038],[3.4915,50.5171],[3.4629,50.5191],[3.4292,50.5018],[3.3854,50.4916],[3.3436,50.4929],[3.2999,50.5075],[3.271,50.5269],[3.2659,50.5383],[3.2643,50.5702],[3.2379,50.6265],[3.2298,50.6554],[3.2438,50.6721],[3.2244,50.7052],[3.1969,50.7092],[3.1462,50.7689],[3.1292,50.7791],[3.1033,50.7841],[2.9714,50.7578],[2.9302,50.7362],[2.9001,50.7031],[2.8713,50.6988],[2.7867,50.7234],[2.7682,50.7332],[2.7438,50.7662],[2.7066,50.7888],[2.6919,50.8088],[2.6787,50.8132],[2.6506,50.8122],[2.6204,50.8165],[2.6066,50.8348],[2.59,50.842],[2.5967,50.8676],[2.5769,50.9115],[2.5827,50.9207],[2.6117,50.9412],[2.6085,50.9611],[2.5927,50.9761],[2.557,51.0012],[2.5471,51.0205],[2.537,51.0646],[2.5218,51.0875],[2.4661,51.0688],[2.3845,51.0553],[2.3245,51.0599],[2.134,51.02],[1.9735,51.0071],[1.9393,50.9945],[1.9214,50.9968],[1.7298,50.9439],[1.6991,50.9256],[1.6533,50.8891],[1.6048,50.881],[1.5806,50.8688],[1.5832,50.8498],[1.5993,50.8129],[1.6056,50.79],[1.6001,50.771],[1.5887,50.7563],[1.5676,50.7167],[1.5632,50.6783],[1.5736,50.6356],[1.5779,50.5886],[1.5833,50.5747],[1.6104,50.5482],[1.5793,50.5331],[1.5742,50.4924],[1.5735,50.4454],[1.5552,50.4048],[1.6104,50.3769],[1.6104,50.3707],[1.572,50.3757],[1.5515,50.3491],[1.5431,50.31],[1.5415,50.2779],[1.5511,50.2697],[1.5939,50.2563],[1.61,50.2322],[1.6255,50.2243],[1.6651,50.2198],[1.6651,50.2124],[1.6445,50.2124],[1.6725,50.1925],[1.6543,50.1866],[1.5553,50.2177],[1.521,50.2147],[1.4868,50.185],[1.4645,50.1321],[1.3913,50.0752],[1.3731,50.0657],[1.5164,50.0007],[1.6809,49.8885],[1.6954,49.8742],[1.7102,49.835],[1.7409,49.798],[1.7545,49.7656],[1.7282,49.7526],[1.6854,49.7096],[1.6807,49.689],[1.7208,49.6945],[1.7349,49.6853],[1.7191,49.6643],[1.6809,49.6451],[1.6936,49.627],[1.6967,49.5774],[1.7054,49.5552],[1.7125,49.5099],[1.726,49.5031],[1.7616,49.5084],[1.7695,49.4988],[1.7616,49.478],[1.7375,49.4646],[1.7166,49.4238],[1.7212,49.3821],[1.7499,49.311],[1.7766,49.2672],[1.7834,49.2512],[1.7678,49.2458],[1.7256,49.2704],[1.7051,49.2656],[1.6909,49.2497],[1.6981,49.2307],[1.7125,49.2215],[1.7186,49.2036],[1.7375,49.1895],[1.7921,49.1859],[1.839,49.1754],[1.8857,49.1678],[1.9204,49.174],[1.9676,49.1749],[2.0021,49.1824],[2.0448,49.2036],[2.081,49.2107],[2.1087,49.1943],[2.1346,49.185],[2.1739,49.182],[2.2378,49.1631],[2.2665,49.1619],[2.3006,49.1764],[2.3349,49.1764],[2.5092,49.1126],[2.5357,49.1178],[2.5621,49.0961],[2.5833,49.0845],[2.6265,49.0978],[2.651,49.0941],[2.6806,49.0758],[2.7121,49.0821],[2.7458,49.0679],[2.7635,49.0704],[2.7849,49.0855],[2.8045,49.0859],[2.8594,49.075],[2.9379,49.0845],[2.9536,49.0889],[2.9786,49.0781],[3.0163,49.0921],[3.0453,49.0923],[3.0797,49.1062],[3.1409,49.0931],[3.159,49.0781],[3.1756,49.0461],[3.1656,49.0237],[3.176,49.0043],[3.3199,48.9199],[3.3319,48.9174],[3.3564,48.9247],[3.3673,48.9148],[3.3746,48.8805],[3.3831,48.8708],[3.4186,48.8529],[3.4495,48.8469],[3.4779,48.8501],[3.5118,48.8927],[3.5741,48.9335],[3.5906,48.959],[3.6199,48.9741],[3.6314,48.9879],[3.6658,49.0088],[3.6713,49.0243],[3.657,49.033],[3.6042,49.0318],[3.5875,49.0368],[3.5864,49.0603],[3.6085,49.0712],[3.6261,49.0903],[3.6291,49.1063],[3.6233,49.1264],[3.6359,49.1467],[3.6596,49.1512],[3.7026,49.1463],[3.7237,49.1494],[3.7423,49.1607],[3.7417,49.1793],[3.7169,49.1905],[3.7052,49.2017],[3.6798,49.2056],[3.671,49.2227],[3.6672,49.2655],[3.6501,49.3028],[3.7034,49.3245],[3.7877,49.3402],[3.8499,49.3458],[3.861,49.3521],[3.859,49.3712],[3.8779,49.381],[3.925,49.3766],[3.9534,49.3635],[3.974,49.3632],[4.0033,49.3701],[4.032,49.3598],[4.0466,49.3668],[4.0541,49.3821],[4.0553,49.4073],[4.0472,49.4218],[4.0339,49.4267],[4.0435,49.4403],[4.0722,49.4476],[4.0673,49.4588],[4.043,49.4874],[4.0485,49.5052],[4.0719,49.5226],[4.0656,49.5498],[4.0732,49.5673],[4.0464,49.6257],[4.0736,49.6395],[4.094,49.6389],[4.1176,49.6487],[4.1304,49.6652],[4.1512,49.6799],[4.231,49.7274],[4.2353,49.75],[4.2098,49.7782],[4.2174,49.8135],[4.2479,49.8545],[4.2466,49.8808],[4.217,49.9168],[4.2159,49.9544]]]},"properties":{"region":"Hauts-de-France","name":"Hauts-de-France"}},
{"type":"Feature","geometry":{"type":"Polygon","coordinates":[[[4.2159,49.9544],[4.217,49.9168],[4.2466,49.8808],[4.2479,49.8545],[4.2174,49.8135],[4.2098,49.7782],[4.2353,49.75],[4.231,49.7274],[4.1512,49.6799],[4.1304,49.6652],[4.1176,49.6487],[4.094,49.6389],[4.0736,49.6395],[4.0464,49.6257],[4.0732,49.5673],[4.0656,49.5498],[4.0719,49.5226],[4.0485,49.5052],[4.043,49.4874],[4.0673,49.4588],[4.0722,49.4476],[4.0435,49.4403],[4.0339,49.4267],[4.0472,49.4218],[4.0553,49.4073],[4.0541,49.3821],[4.0466,49.3668],[4.032,49.3598],[4.0033,49.3701],[3.974,49.3632],[3.9534,49.3635],[3.925,49.3766],[3.8779,49.381],[3.859,49.3712],[3.861,49.3521],[3.8499,49.3458],[3.7877,49.3402],[3.7034,49.3245],[3.6501,49.3028],[3.6672,49.2655],[3.671,49.2227],[3.6798,49.2056],[3.7052,49.2017],[3.7169,49.1905],[3.7417,49.1793],[3.7423,49.1607],[3.7237,49.1494],[3.7026,49.1463],[3.6596,49.1512],[3.6359,49.1467],[3.6233,49.1264],[3.6291,49.1063],[3.6261,49.0903],[3.6085,49.0712],[3.5864,49.0603],[3.5875,49.0368],[3.6042,49.0318],[3.657,49.033],[3.6713,49.0243],[3.6658,49.0088],[3.6314,48.9879],[3.6199,48.9741],[3.5906,48.959],[3.5741,48.9335],[3.5118,48.8927],[3.4779,48.8501],[3.4753,48.8288],[3.464,48.8172],[3.4093,48.8131],[3.4256,48.7905],[3.4058,48.7777],[3.3949,48.7602],[3.3988,48.7502],[3.4205,48.7504],[3.4513,48.7244],[3.4633,48.6856],[3.455,48.6623],[3.4593,48.6424],[3.4674,48.6388],[3.5082,48.6417],[3.5378,48.6134],[3.4936,48.5877],[3.4763,48.5697],[3.4613,48.5398],[3.4514,48.5333],[3.4114,48.5276],[3.4041,48.5193],[3.4196,48.5018],[3.4179,48.4931],[3.3966,48.4811],[3.3895,48.4679],[3.4005,48.4534],[3.3918,48.4211],[3.3954,48.4117],[3.4129,48.4021],[3.4213,48.3698],[3.4616,48.3682],[3.4926,48.3564],[3.5228,48.3387],[3.5876,48.2808],[3.6067,48.2575],[3.6129,48.2232],[3.6109,48.2112],[3.5875,48.1939],[3.5816,48.181],[3.6181,48.1694],[3.6489,48.1513],[3.6798,48.1422],[3.6976,48.1459],[3.7173,48.1623],[3.7409,48.1507],[3.7523,48.1281],[3.7832,48.1042],[3.8542,48.022],[3.859,48.0098],[3.8295,47.9986],[3.8587,47.9826],[3.8984,47.9864],[3.9057,47.976],[3.9034,47.9555],[3.9092,47.939],[3.9251,47.9309],[3.952,47.9284],[3.9906,47.9313],[4.0376,47.9227],[4.0679,47.9382],[4.0964,47.9325],[4.1359,47.9354],[4.1521,47.9506],[4.1754,47.9532],[4.203,47.9391],[4.2112,47.9472],[4.2109,47.9658],[4.2182,47.9724],[4.2555,47.9345],[4.2884,47.9243],[4.3259,47.946],[4.5418,47.9653],[4.5604,47.9744],[4.5632,47.9978],[4.5832,48.0107],[4.6102,48.0153],[4.643,48.0086],[4.6701,48.0108],[4.6985,48.022],[4.732,48.0059],[4.7933,47.9969],[4.807,47.9854],[4.8008,47.9664],[4.8473,47.9537],[4.8607,47.9438],[4.8435,47.9095],[4.8644,47.8956],[4.8841,47.9126],[4.8946,47.911],[4.9457,47.8664],[4.9679,47.8421],[4.9864,47.8139],[4.9894,47.8008],[4.9784,47.7912],[4.95,47.789],[4.9316,47.7734],[4.9545,47.751],[4.9604,47.7148],[4.9715,47.6934],[4.9914,47.6861],[5.0217,47.7055],[5.0337,47.7038],[5.0593,47.6768],[5.0799,47.66],[5.1094,47.6483],[5.138,47.6505],[5.1677,47.6754],[5.1864,47.6724],[5.1941,47.6535],[5.2217,47.6356],[5.2578,47.6225],[5.2667,47.6152],[5.2756,47.5908],[5.2938,47.5898],[5.3305,47.6086],[5.351,47.5949],[5.3706,47.6006],[5.4069,47.6587],[5.4207,47.6711],[5.5013,47.6819],[5.555,47.6602],[5.5867,47.6579],[5.6827,47.6806],[5.7009,47.6931],[5.7042,47.7055],[5.7009,47.7333],[5.7099,47.7641],[5.7,47.792],[5.716,47.8129],[5.821,47.8635],[5.833,47.8712],[5.8608,47.9011],[5.8921,47.9091],[5.8978,47.9193],[5.8918,47.9326],[5.911,47.9372],[5.9261,47.9481],[5.943,47.9713],[5.9551,47.9797],[5.9666,47.975],[5.9645,47.9499],[5.9709,47.9409],[6.0344,47.9726],[6.071,48.0044],[6.0994,48.0087],[6.1469,48.0016],[6.1669,47.9921],[6.1827,47.9768],[6.1819,47.9582],[6.1959,47.9483],[6.2438,47.9322],[6.2828,47.9348],[6.3224,47.9505],[6.3734,47.953],[6.412,47.9423],[6.4987,47.9047],[6.5183,47.9008],[6.5526,47.9012],[6.5765,47.908],[6.6138,47.9413],[6.6372,47.9351],[6.6754,47.9025],[6.6965,47.8899],[6.7407,47.8761],[6.7615,47.8625],[6.8417,47.8212],[6.8689,47.819],[6.8702,47.8023],[6.8827,47.791],[7.0237,47.7357],[7.0503,47.7156],[7.0588,47.6802],[7.0531,47.6531],[7.0265,47.6236],[7.0234,47.606],[7.0373,47.5959],[7.0564,47.5966],[7.0798,47.5909],[7.1342,47.5497],[7.1487,47.532],[7.1505,47.508],[7.1422,47.4877],[7.1808,47.4883],[7.1626,47.4599],[7.1683,47.4436],[7.2194,47.4285],[7.2448,47.4177],[7.2826,47.4289],[7.3091,47.4327],[7.3785,47.4306],[7.4063,47.4382],[7.4261,47.4558],[7.4276,47.4707],[7.4144,47.484],[7.426,47.4925],[7.4674,47.4819],[7.4827,47.4913],[7.4769,47.5149],[7.5011,47.5173],[7.5052,47.533],[7.4827,47.5423],[7.5263,47.5665],[7.586,47.5846],[7.5903,47.6079],[7.5726,47.622],[7.5501,47.6524],[7.5218,47.6704],[7.5119,47.7073],[7.5378,47.7318],[7.5383,47.7481],[7.5259,47.7832],[7.5429,47.8294],[7.562,47.8392],[7.5642,47.8504],[7.5579,47.8785],[7.5808,47.9108],[7.5849,47.9404],[7.6116,47.9594],[7.6211,47.9714],[7.6189,48.0027],[7.5757,48.0537],[7.5726,48.095],[7.5857,48.1297],[7.6048,48.1526],[7.6134,48.1792],[7.6766,48.2384],[7.6935,48.2699],[7.7025,48.3112],[7.737,48.3267],[7.7507,48.3414],[7.752,48.3553],[7.7404,48.3814],[7.7383,48.4066],[7.7507,48.4444],[7.7692,48.4701],[7.7765,48.4982],[7.8135,48.5195],[7.8017,48.5476],[7.8018,48.5824],[7.8103,48.615],[7.8524,48.6587],[7.8806,48.6677],[7.9233,48.6982],[7.9484,48.7119],[7.9636,48.7293],[7.9701,48.7573],[8.0096,48.7601],[8.023,48.7651],[8.0273,48.78],[8.0476,48.791],[8.0842,48.8041],[8.1027,48.8213],[8.1481,48.9037],[8.1793,48.9427],[8.2003,48.9586],[8.1887,48.9657],[8.0904,48.9792],[7.9319,49.0348],[7.9138,49.0362],[7.8569,49.0323],[7.7737,49.0481],[7.7269,49.0357],[7.6851,49.0428],[7.6488,49.0357],[7.6257,49.043],[7.6086,49.062],[7.5864,49.0696],[7.5427,49.0746],[7.5209,49.0837],[7.4851,49.1187],[7.471,49.1283],[7.4827,49.1371],[7.4761,49.1515],[7.458,49.1559],[7.4148,49.1578],[7.4105,49.1689],[7.3911,49.17],[7.351,49.1592],[7.3391,49.1397],[7.3265,49.1318],[7.2971,49.1281],[7.2803,49.109],[7.2681,49.1056],[7.2412,49.1139],[7.155,49.1144],[7.1236,49.1233],[7.0853,49.1415],[7.0708,49.1361],[7.0732,49.1203],[7.0425,49.1076],[7.0205,49.119],[7.009,49.1464],[7.0095,49.1817],[6.9879,49.1824],[6.9254,49.2056],[6.8852,49.2048],[6.8435,49.2111],[6.8335,49.2095],[6.8277,49.1956],[6.839,49.1628],[6.8218,49.1478],[6.8091,49.1458],[6.7701,49.1553],[6.7256,49.1556],[6.701,49.1729],[6.7088,49.1978],[6.7025,49.2136],[6.6806,49.2075],[6.6638,49.2439],[6.6392,49.2568],[6.6397,49.2712],[6.5732,49.3131],[6.5501,49.338],[6.5556,49.3472],[6.5734,49.3477],[6.5743,49.3618],[6.5257,49.3955],[6.5117,49.4247],[6.4945,49.4355],[6.4027,49.4655],[6.3917,49.4667],[6.3645,49.4561],[6.3253,49.4567],[6.2988,49.4662],[6.2494,49.4903],[6.222,49.4974],[6.1936,49.4994],[6.1361,49.4953],[6.1426,49.4861],[6.1144,49.4844],[6.0998,49.4646],[6.0633,49.4485],[5.9781,49.4451],[5.9607,49.4413],[5.947,49.47],[5.9281,49.4823],[5.8647,49.4922],[5.8396,49.4999],[5.8221,49.5105],[5.7907,49.5378],[5.7571,49.5484],[5.7356,49.5457],[5.7103,49.5311],[5.6446,49.5438],[5.6197,49.5355],[5.6023,49.5137],[5.5789,49.5139],[5.5476,49.5234],[5.5288,49.518],[5.4777,49.4952],[5.4561,49.4989],[5.4499,49.5078],[5.4544,49.5366],[5.4502,49.5458],[5.4021,49.6025],[5.3835,49.6133],[5.3349,49.6258],[5.3217,49.6126],[5.2979,49.6133],[5.2907,49.6264],[5.2938,49.6405],[5.3064,49.6475],[5.2994,49.6625],[5.2592,49.6913],[5.2376,49.691],[5.1925,49.6828],[5.1694,49.6872],[5.1364,49.7053],[5.0938,49.7453],[5.0819,49.7527],[5.0263,49.7667],[4.9891,49.7906],[4.971,49.7971],[4.95,49.7964],[4.9066,49.7865],[4.858,49.7866],[4.849,49.7942],[4.8492,49.8316],[4.8369,49.848],[4.8594,49.8917],[4.8602,49.9133],[4.8446,49.9317],[4.7973,49.9443],[4.7839,49.9583],[4.7883,49.9743],[4.8267,50.036],[4.8272,50.0641],[4.846,50.0907],[4.8629,50.0841],[4.8719,50.1398],[4.8627,50.1476],[4.8314,50.1434],[4.8201,50.1464],[4.8156,50.1613],[4.7886,50.1534],[4.6819,50.0839],[4.6734,50.0662],[4.6806,50.0483],[4.6729,50.0164],[4.6567,49.9891],[4.6458,49.9845],[4.6042,49.9802],[4.4648,49.9356],[4.4351,49.9323],[4.2776,49.9602],[4.2159,49.9544]]]},"properties":{"region":"Grand Est","name":"Grand Est"}},
{"type":"Feature","geometry":{"type":"MultiPolygon","coordinates":[[[[4.2059,43.4599],[4.4094,43.4477],[4.513,43.4558],[4.5552,43.4433],[4.5796,43.4301],[4.588,43.4169],[4.5857,43.4042],[4.5655,43.3879],[4.5663,43.3711],[4.5923,43.3599],[4.6659,43.3475],[4.7912,43.3452],[4.8203,43.3464],[4.823,43.3672],[4.8001,43.3861],[4.7697,43.4019],[4.7425,43.4226],[4.7288,43.4562],[4.7288,43.5279],[4.7244,43.5384],[4.6946,43.5729],[4.7119,43.5715],[4.7258,43.5568],[4.7424,43.5245],[4.745,43.5074],[4.7424,43.4487],[4.7578,43.4223],[4.7918,43.3991],[4.8333,43.382],[4.8508,43.3589],[4.8558,43.3418],[4.8772,43.3508],[4.901,43.367],[4.8675,43.3651],[4.8649,43.3779],[4.8503,43.4014],[4.8682,43.4215],[4.8926,43.4254],[4.9285,43.4401],[4.9831,43.4171],[5.0276,43.417],[5.0511,43.4293],[5.0623,43.4516],[5.0503,43.4767],[5.0147,43.4987],[5.0093,43.5176],[5.0223,43.5522],[5.0291,43.5586],[5.0537,43.5382],[5.085,43.5382],[5.1057,43.533],[5.1184,43.504],[5.14,43.4858],[5.1655,43.4825],[5.1936,43.4899],[5.2228,43.504],[5.2263,43.4803],[5.2136,43.4578],[5.1929,43.4395],[5.1738,43.4283],[5.1462,43.4221],[5.0571,43.4221],[5.0261,43.4093],[5.0056,43.3816],[5.0139,43.3579],[5.034,43.3355],[5.0648,43.328],[5.1252,43.3258],[5.1632,43.3293],[5.2383,43.328],[5.2942,43.3555],[5.3389,43.3343],[5.3573,43.2803],[5.3692,43.2704],[5.3538,43.2438],[5.347,43.2159],[5.3703,43.2079],[5.3953,43.2123],[5.4398,43.2076],[5.5042,43.2057],[5.525,43.2126],[5.5378,43.2074],[5.5727,43.1691],[5.6124,43.1604],[5.6342,43.1872],[5.6739,43.1799],[5.6877,43.1689],[5.6963,43.1469],[5.741,43.1321],[5.7761,43.1308],[5.7834,43.1146],[5.8006,43.1118],[5.8181,43.0991],[5.7819,43.0791],[5.7902,43.0699],[5.819,43.0535],[5.8566,43.0448],[5.8753,43.0688],[5.888,43.0722],[5.9403,43.0709],[5.9514,43.08],[5.9106,43.0932],[5.8963,43.1154],[5.8794,43.1204],[5.9085,43.1313],[5.9409,43.134],[5.9341,43.1136],[5.9587,43.1022],[5.9917,43.1023],[6.0165,43.0989],[6.027,43.0782],[6.1097,43.0843],[6.1291,43.0714],[6.1321,43.0526],[6.0885,43.0348],[6.0977,43.0313],[6.1801,43.0359],[6.1854,43.0454],[6.1713,43.0423],[6.1528,43.0481],[6.1532,43.072],[6.1629,43.0926],[6.1787,43.1029],[6.2197,43.1165],[6.2535,43.1209],[6.2804,43.1187],[6.3257,43.1042],[6.3423,43.0908],[6.3754,43.0908],[6.3661,43.1186],[6.3785,43.1361],[6.422,43.1523],[6.4792,43.1561],[6.5057,43.151],[6.5267,43.1606],[6.5399,43.1822],[6.5933,43.1877],[6.5995,43.175],[6.6099,43.1734],[6.6404,43.1818],[6.6798,43.2016],[6.6654,43.2213],[6.6684,43.2395],[6.6854,43.248],[6.698,43.2655],[6.6934,43.273],[6.6724,43.2762],[6.6117,43.2643],[6.5909,43.2689],[6.5972,43.284],[6.6246,43.2959],[6.6613,43.3223],[6.6746,43.3464],[6.7178,43.3506],[6.7178,43.3669],[6.7328,43.3821],[6.7311,43.4078],[6.7571,43.4227],[6.7831,43.4086],[6.8188,43.4161],[6.8467,43.4126],[6.8601,43.4159],[6.8561,43.4287],[6.863,43.4394],[6.8711,43.4261],[6.894,43.4276],[6.8982,43.438],[6.9204,43.449],[6.9251,43.4728],[6.9543,43.5001],[6.9409,43.5125],[6.9452,43.5273],[6.9756,43.5469],[7.0306,43.5479],[7.0372,43.5363],[7.0711,43.5608],[7.0884,43.5687],[7.1129,43.5645],[7.1255,43.5478],[7.1389,43.554],[7.1262,43.6058],[7.1366,43.6412],[7.1516,43.6548],[7.1777,43.6601],[7.1967,43.6569],[7.2038,43.6444],[7.2318,43.6635],[7.2285,43.6742],[7.2573,43.6916],[7.2803,43.6933],[7.3009,43.6877],[7.3305,43.6864],[7.3423,43.7078],[7.3658,43.7227],[7.3727,43.7458],[7.3875,43.7579],[7.407,43.7635],[7.4262,43.7555],[7.4375,43.7434],[7.4627,43.7621],[7.4764,43.7646],[7.4764,43.7845],[7.5023,43.7922],[7.4827,43.8402],[7.4779,43.8655],[7.4935,43.8862],[7.5368,43.9208],[7.5569,43.9441],[7.6086,43.9756],[7.6309,43.9935],[7.6534,44.0397],[7.6899,44.0673],[7.6919,44.0846],[7.6762,44.109],[7.6541,44.125],[7.6419,44.1436],[7.6556,44.1761],[7.6247,44.1801],[7.5836,44.1607],[7.5548,44.1591],[7.3808,44.1229],[7.3406,44.1237],[7.3216,44.1319],[7.3093,44.1475],[7.2513,44.16],[7.145,44.2072],[7.1049,44.2178],[7.0461,44.2403],[7.0335,44.2429],[6.9961,44.2378],[6.9734,44.2494],[6.9592,44.2774],[6.9212,44.3022],[6.896,44.3398],[6.874,44.3584],[6.8661,44.3721],[6.8772,44.4144],[6.8842,44.423],[6.9178,44.4363],[6.8917,44.452],[6.8613,44.4749],[6.8388,44.5029],[6.8357,44.534],[6.8464,44.5475],[6.8973,44.5754],[6.9316,44.618],[6.9456,44.6254],[6.9343,44.6467],[6.9415,44.667],[6.9599,44.6832],[6.9828,44.6922],[7.0012,44.6923],[7.0373,44.6846],[7.0552,44.6849],[7.0494,44.6979],[7.019,44.7389],[7.0098,44.7721],[6.9984,44.7938],[7.0071,44.8221],[6.9828,44.847],[6.9327,44.8617],[6.9153,44.8627],[6.866,44.8557],[6.8471,44.8591],[6.7782,44.8876],[6.7454,44.9078],[6.7279,44.9287],[6.7299,44.9847],[6.7235,45.0134],[6.6972,45.0269],[6.6622,45.0292],[6.6397,45.0504],[6.6366,45.0745],[6.6203,45.0844],[6.6027,45.1035],[6.6294,45.1235],[6.5978,45.121],[6.5609,45.1048],[6.52,45.104],[6.5062,45.0952],[6.4955,45.0708],[6.4808,45.0579],[6.4594,45.0536],[6.3937,45.0704],[6.3786,45.0958],[6.3571,45.1078],[6.3081,45.1109],[6.2828,45.1153],[6.2664,45.1248],[6.2423,45.1055],[6.235,45.0863],[6.2224,45.0342],[6.2271,45.0067],[6.2591,45.0005],[6.305,45.0074],[6.3253,44.9995],[6.3314,44.984],[6.3354,44.9536],[6.3635,44.928],[6.3697,44.9119],[6.3651,44.8682],[6.3568,44.8579],[6.3408,44.8579],[6.3053,44.8667],[6.2768,44.8661],[6.244,44.8557],[6.2062,44.857],[6.1762,44.8523],[6.1483,44.8575],[6.1289,44.8549],[6.0773,44.8299],[6.0576,44.8277],[6.0316,44.8337],[6.013,44.8296],[5.9731,44.8081],[5.9685,44.8012],[5.9725,44.7768],[5.9578,44.7652],[5.9185,44.756],[5.8682,44.754],[5.845,44.7497],[5.812,44.7121],[5.8286,44.6969],[5.8296,44.6834],[5.8165,44.6698],[5.7931,44.6549],[5.7638,44.6518],[5.7229,44.6415],[5.6835,44.6458],[5.6579,44.6414],[5.6444,44.6056],[5.6148,44.5732],[5.6081,44.5558],[5.6202,44.5394],[5.6455,44.5264],[5.6582,44.5137],[5.6513,44.4959],[5.6067,44.473],[5.587,44.4715],[5.5253,44.4876],[5.4724,44.4893],[5.4657,44.479],[5.4776,44.4525],[5.5003,44.4383],[5.4925,44.4236],[5.4486,44.4288],[5.4281,44.4248],[5.4301,44.4133],[5.4444,44.402],[5.4593,44.3703],[5.4967,44.3482],[5.5375,44.3399],[5.5643,44.33],[5.6104,44.3322],[5.631,44.3245],[5.6232,44.3033],[5.6476,44.2809],[5.6706,44.2712],[5.684,44.2594],[5.6851,44.2333],[5.6817,44.194],[5.671,44.1811],[5.6751,44.1566],[5.6641,44.1488],[5.6494,44.1538],[5.6382,44.1722],[5.6038,44.181],[5.5904,44.1782],[5.5369,44.1357],[5.5062,44.1218],[5.4713,44.1249],[5.426,44.1513],[5.4091,44.1567],[5.3932,44.1694],[5.3789,44.2021],[5.3619,44.2079],[5.3387,44.2087],[5.2691,44.2272],[5.223,44.2244],[5.1775,44.2339],[5.1635,44.2474],[5.1628,44.2761],[5.1745,44.2971],[5.1598,44.3074],[5.1393,44.2929],[5.1111,44.2882],[5.0523,44.2962],[4.9845,44.282],[4.9187,44.2609],[4.8914,44.259],[4.8448,44.2388],[4.8223,44.2384],[4.8096,44.2491],[4.7871,44.2959],[4.7741,44.3108],[4.7438,44.3263],[4.6859,44.3297],[4.6575,44.3268],[4.6578,44.2817],[4.6673,44.258],[4.6856,44.2403],[4.6881,44.2194],[4.7151,44.1993],[4.7213,44.1902],[4.7244,44.1603],[4.719,44.1247],[4.7235,44.094],[4.7295,44.0859],[4.7609,44.0906],[4.7779,44.0843],[4.8498,44.0127],[4.8455,44.0002],[4.8209,44.0004],[4.822,43.9758],[4.8064,43.9529],[4.7728,43.9328],[4.7267,43.9172],[4.6887,43.8952],[4.6592,43.8832],[4.6409,43.8706],[4.6412,43.8513],[4.6493,43.8194],[4.6464,43.7949],[4.6169,43.741],[4.6181,43.7222],[4.6049,43.696],[4.5415,43.7129],[4.4995,43.7063],[4.4771,43.6931],[4.4516,43.6666],[4.4296,43.6248],[4.4446,43.6174],[4.4599,43.6178],[4.4631,43.6094],[4.4483,43.5873],[4.413,43.5819],[4.4004,43.5622],[4.3778,43.5575],[4.3371,43.5321],[4.3093,43.5208],[4.2867,43.5178],[4.2638,43.5036],[4.2476,43.501],[4.2313,43.4715],[4.2059,43.4599]]],[[[6.235,43.0224],[6.2334,43.0156],[6.203,43.008],[6.1751,43.009],[6.1662,42.9997],[6.2025,42.9871],[6.2522,43.0026],[6.251,43.0173],[6.235,43.0224]]],[[[4.897,44.3124],[4.9806,44.3125],[5.0012,44.3229],[5.0219,44.3518],[5.0434,44.3679],[5.0322,44.3935],[4.9924,44.4231],[4.9637,44.4289],[4.9384,44.4164],[4.8887,44.356],[4.8819,44.3415],[4.8826,44.3232],[4.897,44.3124]]]]},"properties":{"region":"Provence-Alpes-Côte-d'Azur","name":"Provence-Alpes-Côte-d'Azur"}},
{"type":"Feature","geometry":{"type":"Polygon","coordinates":[[[6.6294,45.1235],[6.6674,45.1396],[6.6944,45.1403],[6.7364,45.1573],[6.7715,45.1532],[6.8081,45.1391],[6.8441,45.1301],[6.8767,45.1412],[6.8682,45.1575],[6.8813,45.1684],[6.9138,45.1702],[6.9284,45.1796],[6.9458,45.2011],[6.9587,45.2098],[6.9945,45.2213],[7.0297,45.2282],[7.0502,45.215],[7.0622,45.2185],[7.0812,45.2431],[7.1084,45.2592],[7.1084,45.2749],[7.0976,45.295],[7.0926,45.324],[7.1301,45.3571],[7.1596,45.3985],[7.1607,45.4109],[7.1101,45.4283],[7.0968,45.4354],[7.072,45.47],[7.0285,45.4931],[6.9828,45.5111],[6.9753,45.5256],[6.9698,45.567],[6.9549,45.5862],[6.9556,45.6026],[6.9695,45.6258],[6.9634,45.6407],[6.9511,45.6468],[6.9186,45.6526],[6.8826,45.6755],[6.8431,45.6827],[6.8161,45.6969],[6.7959,45.7181],[6.7847,45.7596],[6.7827,45.7953],[6.7881,45.8117],[6.8008,45.8265],[6.8434,45.8386],[6.8707,45.8283],[6.8735,45.8448],[6.9051,45.8454],[6.949,45.8578],[6.9692,45.8698],[6.9972,45.9113],[7.0221,45.9253],[6.9828,45.9954],[6.9151,46.0486],[6.8924,46.0556],[6.8692,46.0441],[6.8509,46.0496],[6.8513,46.086],[6.8692,46.1123],[6.8539,46.1226],[6.7743,46.1348],[6.7657,46.1516],[6.7749,46.1859],[6.7922,46.2217],[6.8277,46.2695],[6.8049,46.2966],[6.7695,46.3227],[6.7504,46.3455],[6.7557,46.3571],[6.7821,46.3785],[6.7892,46.3952],[6.7871,46.4142],[6.7627,46.4293],[6.6137,46.4559],[6.547,46.4574],[6.4829,46.4486],[6.3977,46.4082],[6.3652,46.4024],[6.3324,46.4014],[6.3016,46.3945],[6.2691,46.375],[6.2195,46.3291],[6.2141,46.3155],[6.2376,46.2679],[6.2523,46.2599],[6.276,46.2631],[6.2812,46.2401],[6.2554,46.2211],[6.1914,46.1917],[6.1403,46.1502],[6.1079,46.1386],[6.0739,46.1492],[6.0283,46.1479],[5.9829,46.1404],[5.9588,46.1305],[5.9829,46.1708],[5.9548,46.1999],[5.9585,46.212],[5.9829,46.2227],[6.0429,46.2431],[6.0677,46.2416],[6.0897,46.2464],[6.0936,46.2731],[6.1041,46.3092],[6.1364,46.3593],[6.1351,46.3704],[6.1082,46.3965],[6.059,46.4174],[6.0174,46.3862],[6.003,46.3698],[5.9689,46.3448],[5.9521,46.3233],[5.9157,46.2967],[5.8809,46.2755],[5.8396,46.2674],[5.7305,46.2712],[5.7144,46.2777],[5.7076,46.302],[5.6978,46.3121],[5.6479,46.344],[5.6289,46.3337],[5.6005,46.3111],[5.5954,46.3],[5.5679,46.2935],[5.5566,46.282],[5.5099,46.2607],[5.4826,46.2662],[5.4699,46.2769],[5.4745,46.3095],[5.4691,46.3203],[5.4396,46.325],[5.4266,46.3386],[5.3918,46.3469],[5.3754,46.3604],[5.3639,46.3914],[5.3448,46.4029],[5.3203,46.4084],[5.3113,46.4199],[5.311,46.4554],[5.2404,46.4687],[5.2137,46.4798],[5.1786,46.5054],[5.1553,46.5112],[5.1252,46.509],[5.0641,46.4927],[5.0253,46.4933],[4.9882,46.5057],[4.96,46.5095],[4.9376,46.5016],[4.9337,46.4874],[4.9119,46.4472],[4.8993,46.3961],[4.8742,46.3597],[4.8728,46.3376],[4.8186,46.2573],[4.8012,46.2031],[4.794,46.188],[4.7978,46.1718],[4.7392,46.177],[4.7202,46.1886],[4.7031,46.2247],[4.7041,46.2475],[4.6774,46.2613],[4.673,46.2882],[4.6381,46.2992],[4.6229,46.2926],[4.6189,46.2731],[4.6057,46.2631],[4.5812,46.2659],[4.5543,46.2887],[4.5176,46.2762],[4.4989,46.275],[4.46,46.2819],[4.4228,46.2942],[4.4085,46.2898],[4.3839,46.2248],[4.3543,46.1969],[4.3284,46.182],[4.289,46.1727],[4.2703,46.1737],[4.2397,46.182],[4.1917,46.1899],[4.1537,46.1824],[4.1337,46.1819],[4.093,46.1912],[4.0637,46.1927],[4.0066,46.1769],[3.9799,46.1781],[3.9459,46.1975],[3.9124,46.2058],[3.8977,46.2132],[3.8987,46.2493],[3.8865,46.2762],[3.9783,46.3122],[3.9997,46.3263],[4,46.3375],[3.9859,46.3562],[3.9876,46.3709],[3.9791,46.3949],[3.9887,46.4225],[3.9788,46.4626],[3.9718,46.4706],[3.9367,46.4841],[3.8782,46.4928],[3.8349,46.5219],[3.81,46.5219],[3.7648,46.5418],[3.7409,46.5493],[3.7456,46.5933],[3.743,46.6102],[3.7077,46.6399],[3.6987,46.6571],[3.6849,46.6638],[3.6579,46.6859],[3.6497,46.7076],[3.6249,46.7393],[3.5968,46.7429],[3.5888,46.7158],[3.5676,46.7063],[3.5599,46.6814],[3.495,46.6541],[3.4607,46.6515],[3.457,46.6747],[3.4335,46.7058],[3.4076,46.7114],[3.3904,46.7053],[3.3683,46.6862],[3.3491,46.6859],[3.313,46.699],[3.2855,46.7024],[3.256,46.701],[3.216,46.6872],[3.1856,46.6963],[3.1592,46.7186],[3.1297,46.7285],[3.1079,46.7268],[3.0711,46.7392],[3.0515,46.7503],[3.0312,46.772],[3.0298,46.7909],[2.9758,46.7932],[2.9314,46.7832],[2.8676,46.7544],[2.8381,46.7259],[2.8055,46.7307],[2.7727,46.7133],[2.7388,46.723],[2.7222,46.7343],[2.7002,46.7173],[2.6533,46.6901],[2.628,46.6893],[2.6197,46.6614],[2.5869,46.6613],[2.5768,46.6559],[2.5914,46.634],[2.5855,46.6014],[2.6175,46.5658],[2.6135,46.5495],[2.5296,46.5322],[2.4828,46.53],[2.4546,46.5246],[2.4195,46.5252],[2.3996,46.5218],[2.3401,46.5006],[2.3155,46.4766],[2.2916,46.4684],[2.2539,46.4198],[2.2885,46.3855],[2.316,46.3667],[2.3317,46.3291],[2.349,46.3184],[2.3968,46.3101],[2.4111,46.2994],[2.4185,46.2825],[2.4311,46.2737],[2.4494,46.2834],[2.4741,46.2714],[2.5146,46.2258],[2.5377,46.1755],[2.5584,46.1521],[2.5667,46.1359],[2.5602,46.0908],[2.5638,46.0702],[2.5946,46.0269],[2.5953,45.9712],[2.5678,45.9464],[2.5419,45.9035],[2.5016,45.8699],[2.4733,45.8709],[2.4538,45.8637],[2.4322,45.8469],[2.4006,45.8292],[2.401,45.8142],[2.4224,45.7941],[2.4442,45.7568],[2.4691,45.752],[2.5155,45.7135],[2.5247,45.6977],[2.5221,45.6492],[2.5086,45.6327],[2.476,45.6177],[2.4651,45.5846],[2.4725,45.5687],[2.4954,45.5452],[2.4966,45.501],[2.5024,45.4872],[2.5186,45.4792],[2.4988,45.4177],[2.4887,45.397],[2.4701,45.389],[2.4414,45.3923],[2.4178,45.3997],[2.3912,45.4133],[2.3745,45.4136],[2.3518,45.4066],[2.3687,45.3846],[2.367,45.3689],[2.3478,45.3397],[2.3304,45.3313],[2.2977,45.2931],[2.2437,45.271],[2.233,45.2453],[2.1946,45.2237],[2.1949,45.194],[2.2073,45.1803],[2.2069,45.1595],[2.185,45.1277],[2.1681,45.0947],[2.1519,45.0794],[2.1136,45.0585],[2.1098,45.0367],[2.1296,45.0107],[2.1316,44.9927],[2.1172,44.9859],[2.0815,44.983],[2.0587,44.9751],[2.0711,44.9566],[2.0793,44.897],[2.0937,44.8657],[2.136,44.8181],[2.1515,44.7958],[2.1585,44.7745],[2.1428,44.7203],[2.1323,44.6987],[2.1532,44.6905],[2.1647,44.6784],[2.1712,44.6502],[2.1816,44.6312],[2.2053,44.6223],[2.2142,44.6472],[2.3005,44.6687],[2.3213,44.6672],[2.3462,44.6519],[2.3676,44.6603],[2.4224,44.6588],[2.4547,44.6616],[2.4825,44.6755],[2.4934,44.688],[2.5236,44.7115],[2.5372,44.7297],[2.5408,44.7489],[2.5545,44.7721],[2.5778,44.7946],[2.594,44.835],[2.7267,44.9354],[2.7399,44.9311],[2.7731,44.8932],[2.773,44.8675],[2.7826,44.8619],[2.8206,44.867],[2.8301,44.8646],[2.8411,44.8486],[2.867,44.8235],[2.8741,44.8033],[2.8853,44.7919],[2.9266,44.7781],[2.9266,44.7686],[2.9069,44.7568],[2.9145,44.7443],[2.9258,44.6908],[2.9463,44.6651],[2.9801,44.6443],[2.9943,44.6768],[3.0212,44.707],[3.0305,44.7493],[3.0446,44.7918],[3.0625,44.8236],[3.0895,44.837],[3.1003,44.8815],[3.1156,44.8938],[3.1314,44.8931],[3.1542,44.8697],[3.1876,44.881],[3.2442,44.9221],[3.2751,44.9241],[3.297,44.9301],[3.3377,44.9504],[3.3792,44.9568],[3.3906,44.9484],[3.403,44.9147],[3.4601,44.8366],[3.4928,44.816],[3.5263,44.8265],[3.5603,44.8276],[3.5785,44.8331],[3.5875,44.8452],[3.5899,44.8655],[3.6023,44.8747],[3.6255,44.8766],[3.6542,44.8694],[3.6625,44.8562],[3.6532,44.8386],[3.6613,44.8309],[3.7164,44.8248],[3.7378,44.8162],[3.7653,44.7947],[3.7951,44.7762],[3.8233,44.7676],[3.8479,44.7551],[3.8722,44.7509],[3.8685,44.7221],[3.8753,44.699],[3.8919,44.6632],[3.9003,44.6221],[3.922,44.5803],[3.9433,44.5699],[3.9655,44.5355],[3.994,44.4579],[4.0218,44.4395],[4.0497,44.4035],[4.0508,44.3953],[4.0361,44.3756],[4.0443,44.3311],[4.0578,44.3238],[4.076,44.3286],[4.1025,44.3277],[4.1306,44.3317],[4.1408,44.3216],[4.229,44.2853],[4.2511,44.2818],[4.2673,44.288],[4.2856,44.304],[4.3117,44.3157],[4.3338,44.3307],[4.3731,44.3397],[4.3864,44.3389],[4.3967,44.3283],[4.3922,44.3082],[4.4074,44.2927],[4.4294,44.2917],[4.4451,44.3011],[4.4508,44.326],[4.4656,44.336],[4.5208,44.3368],[4.5506,44.3271],[4.5852,44.3007],[4.6124,44.2906],[4.6578,44.2817],[4.6575,44.3268],[4.6859,44.3297],[4.7438,44.3263],[4.7741,44.3108],[4.7871,44.2959],[4.8096,44.2491],[4.8223,44.2384],[4.8448,44.2388],[4.8914,44.259],[4.9187,44.2609],[4.9845,44.282],[5.0523,44.2962],[5.1111,44.2882],[5.1393,44.2929],[5.1598,44.3074],[5.1745,44.2971],[5.1628,44.2761],[5.1635,44.2474],[5.1775,44.2339],[5.223,44.2244],[5.2691,44.2272],[5.3387,44.2087],[5.3619,44.2079],[5.3789,44.2021],[5.3932,44.1694],[5.4091,44.1567],[5.426,44.1513],[5.4713,44.1249],[5.5062,44.1218],[5.5369,44.1357],[5.5904,44.1782],[5.6038,44.181],[5.6382,44.1722],[5.6494,44.1538],[5.6641,44.1488],[5.6751,44.1566],[5.671,44.1811],[5.6817,44.194],[5.6851,44.2333],[5.684,44.2594],[5.6706,44.2712],[5.6476,44.2809],[5.6232,44.3033],[5.631,44.3245],[5.6104,44.3322],[5.5643,44.33],[5.5375,44.3399],[5.4967,44.3482],[5.4593,44.3703],[5.4444,44.402],[5.4301,44.4133],[5.4281,44.4248],[5.4486,44.4288],[5.4925,44.4236],[5.5003,44.4383],[5.4776,44.4525],[5.4657,44.479],[5.4724,44.4893],[5.5253,44.4876],[5.587,44.4715],[5.6067,44.473],[5.6513,44.4959],[5.6582,44.5137],[5.6455,44.5264],[5.6202,44.5394],[5.6081,44.5558],[5.6148,44.5732],[5.6444,44.6056],[5.6579,44.6414],[5.6835,44.6458],[5.7229,44.6415],[5.7638,44.6518],[5.7931,44.6549],[5.8165,44.6698],[5.8296,44.6834],[5.8286,44.6969],[5.812,44.7121],[5.845,44.7497],[5.8682,44.754],[5.9185,44.756],[5.9578,44.7652],[5.9725,44.7768],[5.9685,44.8012],[5.9731,44.8081],[6.013,44.8296],[6.0316,44.8337],[6.0576,44.8277],[6.0773,44.8299],[6.1289,44.8549],[6.1483,44.8575],[6.1762,44.8523],[6.2062,44.857],[6.244,44.8557],[6.2768,44.8661],[6.3053,44.8667],[6.3408,44.8579],[6.3568,44.8579],[6.3651,44.8682],[6.3697,44.9119],[6.3635,44.928],[6.3354,44.9536],[6.3314,44.984],[6.3253,44.9995],[6.305,45.0074],[6.2591,45.0005],[6.2271,45.0067],[6.2224,45.0342],[6.235,45.0863],[6.2423,45.1055],[6.2664,45.1248],[6.2828,45.1153],[6.3081,45.1109],[6.3571,45.1078],[6.3786,45.0958],[6.3937,45.0704],[6.4594,45.0536],[6.4808,45.0579],[6.4955,45.0708],[6.5062,45.0952],[6.52,45.104],[6.5609,45.1048],[6.5978,45.121],[6.6294,45.1235]],[[4.897,44.3124],[4.8826,44.3232],[4.8819,44.3415],[4.8887,44.356],[4.9384,44.4164],[4.9637,44.4289],[4.9924,44.4231],[5.0322,44.3935],[5.0434,44.3679],[5.0219,44.3518],[5.0012,44.3229],[4.9806,44.3125],[4.897,44.3124]]]},"properties":{"region":"Auvergne-Rhône-Alpes","name":"Auvergne-Rhône-Alpes"}},
{"type":"Feature","geometry":{"type":"MultiPolygon","coordinates":[[[[-0.3051,42.8308],[-0.3151,42.8738],[-0.3159,42.9009],[-0.2842,42.9408],[-0.2836,42.9659],[-0.29,42.9876],[-0.2816,43.0032],[-0.2532,43.0263],[-0.2378,43.0325],[-0.1987,43.0342],[-0.185,43.0465],[-0.1919,43.0657],[-0.1914,43.0918],[-0.1768,43.1071],[-0.1389,43.125],[-0.1182,43.1588],[-0.1054,43.1665],[-0.0927,43.1636],[-0.0807,43.1725],[-0.0664,43.2115],[-0.035,43.2359],[-0.0263,43.2535],[-0.0369,43.2769],[-0.0275,43.3103],[-0.0147,43.3221],[0.0112,43.3288],[0.0232,43.3392],[0.0056,43.3847],[0.009,43.422],[0.0022,43.4333],[-0.0152,43.4307],[-0.0342,43.4144],[-0.049,43.4212],[-0.0522,43.4408],[-0.0434,43.4532],[-0.0269,43.4513],[-0.0163,43.4591],[-0.0227,43.4794],[-0.0473,43.5222],[-0.0795,43.5452],[-0.0897,43.5645],[-0.1097,43.5748],[-0.203,43.589],[-0.2363,43.5871],[-0.2525,43.6161],[-0.267,43.6232],[-0.2635,43.637],[-0.2509,43.6486],[-0.2459,43.6682],[-0.2547,43.6814],[-0.2433,43.6899],[-0.2274,43.6904],[-0.2155,43.6988],[-0.1953,43.7389],[-0.209,43.7566],[-0.2081,43.788],[-0.2026,43.8053],[-0.1912,43.8184],[-0.1839,43.8418],[-0.2025,43.8732],[-0.2239,43.8914],[-0.2138,43.9071],[-0.1675,43.9309],[-0.1318,43.9264],[-0.1,43.9284],[-0.0694,43.952],[-0.0446,43.9656],[-0.024,43.9711],[0.003,43.9587],[0.0045,43.948],[-0.0089,43.924],[0.0048,43.9126],[0.0553,43.907],[0.0733,43.9126],[0.082,43.9306],[0.076,43.956],[0.0897,43.9729],[0.1161,43.9807],[0.1338,43.9788],[0.1409,43.9694],[0.1571,43.9691],[0.1831,43.9876],[0.1982,44.0078],[0.2216,44.0186],[0.2874,43.998],[0.3143,43.9992],[0.3543,44.0175],[0.3746,44.0198],[0.4474,44.0459],[0.4663,44.0563],[0.5087,44.0524],[0.5766,44.0709],[0.5925,44.0728],[0.6235,44.0617],[0.6589,44.0376],[0.6797,44.0405],[0.7417,44.067],[0.7527,44.0984],[0.7657,44.1109],[0.7951,44.1225],[0.8035,44.1421],[0.8189,44.149],[0.8639,44.14],[0.8817,44.1408],[0.8943,44.1497],[0.8909,44.1644],[0.8718,44.1809],[0.9059,44.201],[0.9433,44.2597],[0.9447,44.2791],[0.8983,44.2964],[0.8865,44.3126],[0.9011,44.3473],[0.9011,44.3671],[0.9201,44.379],[0.9495,44.3657],[0.9695,44.3628],[1.0513,44.3678],[1.0645,44.3784],[1.0675,44.4222],[1.0375,44.4464],[1.0209,44.4796],[1.0195,44.5056],[1.0003,44.5274],[1.013,44.5476],[1.0616,44.5649],[1.0948,44.5853],[1.1311,44.6152],[1.175,44.673],[1.1896,44.6826],[1.2352,44.6926],[1.2579,44.707],[1.288,44.7174],[1.3217,44.7514],[1.3117,44.7731],[1.3139,44.7887],[1.3258,44.8018],[1.3545,44.8067],[1.3721,44.8196],[1.3991,44.8533],[1.4266,44.8702],[1.4373,44.8834],[1.4345,44.9061],[1.4461,44.9214],[1.4467,44.9329],[1.425,44.9838],[1.43,45.0001],[1.4872,45.0294],[1.5029,45.0319],[1.5297,45.045],[1.5462,45.0276],[1.5809,45.0356],[1.6098,45.0291],[1.6593,45.0065],[1.6934,44.9846],[1.7142,44.9602],[1.7449,44.9486],[1.7662,44.9352],[1.7996,44.9329],[1.852,44.9458],[1.9079,44.9684],[1.9263,44.9702],[1.9535,44.9609],[1.9791,44.9712],[2.0052,44.9747],[2.0587,44.9751],[2.0815,44.983],[2.1172,44.9859],[2.1316,44.9927],[2.1296,45.0107],[2.1098,45.0367],[2.1136,45.0585],[2.1519,45.0794],[2.1681,45.0947],[2.185,45.1277],[2.2069,45.1595],[2.2073,45.1803],[2.1949,45.194],[2.1946,45.2237],[2.233,45.2453],[2.2437,45.271],[2.2977,45.2931],[2.3304,45.3313],[2.3478,45.3397],[2.367,45.3689],[2.3687,45.3846],[2.3518,45.4066],[2.3745,45.4136],[2.3912,45.4133],[2.4178,45.3997],[2.4414,45.3923],[2.4701,45.389],[2.4887,45.397],[2.4988,45.4177],[2.5186,45.4792],[2.5024,45.4872],[2.4966,45.501],[2.4954,45.5452],[2.4725,45.5687],[2.4651,45.5846],[2.476,45.6177],[2.5086,45.6327],[2.5221,45.6492],[2.5247,45.6977],[2.5155,45.7135],[2.4691,45.752],[2.4442,45.7568],[2.4224,45.7941],[2.401,45.8142],[2.4006,45.8292],[2.4322,45.8469],[2.4538,45.8637],[2.4733,45.8709],[2.5016,45.8699],[2.5419,45.9035],[2.5678,45.9464],[2.5953,45.9712],[2.5946,46.0269],[2.5638,46.0702],[2.5602,46.0908],[2.5667,46.1359],[2.5584,46.1521],[2.5377,46.1755],[2.5146,46.2258],[2.4741,46.2714],[2.4494,46.2834],[2.4311,46.2737],[2.4185,46.2825],[2.4111,46.2994],[2.3968,46.3101],[2.349,46.3184],[2.3317,46.3291],[2.316,46.3667],[2.2885,46.3855],[2.2539,46.4198],[2.1551,46.4237],[2.1023,46.4159],[2.0685,46.4254],[2.0115,46.4253],[1.971,46.4364],[1.8815,46.4382],[1.8615,46.4347],[1.8314,46.4205],[1.8093,46.4267],[1.7799,46.451],[1.7619,46.4502],[1.7513,46.435],[1.7524,46.4149],[1.7454,46.4031],[1.7253,46.3958],[1.6835,46.4026],[1.6725,46.401],[1.6408,46.3832],[1.6124,46.3838],[1.6024,46.4025],[1.5881,46.4102],[1.5618,46.4074],[1.5255,46.4144],[1.5114,46.4119],[1.4459,46.3649],[1.4144,46.3509],[1.3699,46.3722],[1.3541,46.3912],[1.3347,46.3971],[1.321,46.3922],[1.3047,46.3746],[1.2471,46.3677],[1.2211,46.3689],[1.177,46.387],[1.1947,46.4279],[1.1829,46.441],[1.1634,46.4484],[1.1424,46.4645],[1.1494,46.5005],[1.1294,46.5245],[1.1015,46.5344],[1.0388,46.5344],[1.0268,46.5383],[1.0197,46.56],[0.9596,46.5811],[0.9362,46.5955],[0.916,46.6151],[0.907,46.6442],[0.9082,46.6706],[0.9169,46.6899],[0.9135,46.711],[0.8946,46.7392],[0.8737,46.7562],[0.8315,46.7794],[0.7134,46.9001],[0.6928,46.9429],[0.6718,46.966],[0.6399,46.977],[0.5844,47.0013],[0.5691,47.0007],[0.5715,46.9835],[0.5837,46.965],[0.5631,46.9533],[0.4837,46.9508],[0.4573,46.9444],[0.4339,46.9327],[0.3887,46.9389],[0.3453,46.9357],[0.3267,46.9385],[0.3082,46.9515],[0.3036,46.9659],[0.3042,46.9995],[0.3118,47.0322],[0.307,47.0426],[0.2772,47.0453],[0.2649,47.0603],[0.2493,47.0636],[0.2001,47.0555],[0.1908,47.0655],[0.1967,47.0868],[0.1919,47.1023],[0.1602,47.0992],[0.1403,47.103],[0.1403,47.121],[0.1287,47.1273],[0.1122,47.12],[0.0921,47.1218],[0.0668,47.1537],[0.0138,47.1606],[-0.004,47.1566],[-0.0369,47.1279],[-0.0531,47.0963],[-0.0918,47.0861],[-0.1182,47.0573],[-0.143,47.0628],[-0.159,47.0914],[-0.1813,47.1006],[-0.2118,47.0961],[-0.2697,47.0972],[-0.3763,47.0881],[-0.4035,47.0796],[-0.4732,47.0664],[-0.496,47.0747],[-0.5177,47.0754],[-0.5551,47.061],[-0.5562,47.0482],[-0.5448,47.0363],[-0.5492,47.0252],[-0.592,47.0104],[-0.609,46.9993],[-0.6324,46.9924],[-0.6965,46.9881],[-0.7517,46.9913],[-0.7804,46.997],[-0.8375,46.9897],[-0.8704,46.9942],[-0.9094,47.0118],[-0.935,47.0166],[-0.946,47.0004],[-0.9094,46.9824],[-0.896,46.9713],[-0.8728,46.9423],[-0.8464,46.9317],[-0.8336,46.9193],[-0.8212,46.8734],[-0.8034,46.8548],[-0.7458,46.8299],[-0.7241,46.8165],[-0.712,46.802],[-0.7258,46.7787],[-0.7161,46.751],[-0.6892,46.7213],[-0.6623,46.683],[-0.6475,46.6321],[-0.6268,46.6066],[-0.616,46.5476],[-0.6372,46.5249],[-0.6401,46.5149],[-0.6241,46.4614],[-0.6339,46.4228],[-0.6235,46.4032],[-0.6035,46.4062],[-0.5693,46.387],[-0.5553,46.3697],[-0.5654,46.357],[-0.6121,46.3521],[-0.6419,46.3288],[-0.6561,46.325],[-0.6953,46.3236],[-0.7566,46.3012],[-0.8251,46.3313],[-0.8671,46.3342],[-0.9411,46.3206],[-0.9599,46.3201],[-0.9731,46.3292],[-0.955,46.3537],[-0.9698,46.3624],[-1.0802,46.3428],[-1.097,46.3346],[-1.1192,46.311],[-1.1107,46.3027],[-1.1027,46.272],[-1.1107,46.2592],[-1.1796,46.2295],[-1.1905,46.2163],[-1.1852,46.1972],[-1.2044,46.1843],[-1.2097,46.1662],[-1.2002,46.1591],[-1.1505,46.1533],[-1.1521,46.1439],[-1.117,46.1282],[-1.129,46.1158],[-1.097,46.1015],[-1.096,46.0884],[-1.0842,46.0565],[-1.0652,46.0516],[-1.0487,46.0388],[-1.0597,46.0158],[-1.073,46.0075],[-1.0898,46.0082],[-1.1107,46.0184],[-1.0966,45.9854],[-1.0856,45.972],[-1.0692,45.9643],[-1.0898,45.9508],[-1.0763,45.9367],[-1.0692,45.916],[-1.0734,45.9044],[-1.097,45.9023],[-1.1238,45.8887],[-1.1517,45.8682],[-1.1366,45.8432],[-1.1254,45.8077],[-1.0995,45.786],[-1.0096,45.7352],[-0.9872,45.7174],[-1.0572,45.7402],[-1.0806,45.7534],[-1.1443,45.8061],[-1.1638,45.8067],[-1.2303,45.7924],[-1.2301,45.7796],[-1.2473,45.7099],[-1.2294,45.7048],[-1.1942,45.7102],[-1.1756,45.7003],[-1.1493,45.6789],[-1.1328,45.6717],[-1.0838,45.6604],[-1.0303,45.6229],[-0.9909,45.6101],[-0.9835,45.587],[-0.8418,45.5146],[-0.7955,45.4771],[-0.7731,45.4521],[-0.753,45.4241],[-0.7197,45.3611],[-0.7067,45.3224],[-0.6687,45.1308],[-0.656,45.0991],[-0.6378,45.0731],[-0.6022,45.0535],[-0.5587,45.0434],[-0.519,45.0294],[-0.4938,44.998],[-0.5164,45.0114],[-0.5394,45.0195],[-0.5962,45.0246],[-0.5726,45.0143],[-0.5504,44.9982],[-0.539,44.9765],[-0.5485,44.9495],[-0.5424,44.9372],[-0.5347,44.895],[-0.5482,44.9023],[-0.5609,44.9393],[-0.5607,44.9854],[-0.5778,45.0051],[-0.6099,45.0185],[-0.6482,45.0449],[-0.6822,45.0765],[-0.716,45.1345],[-0.72,45.1459],[-0.7387,45.2387],[-0.7519,45.2759],[-0.7545,45.2959],[-0.7662,45.3261],[-0.7942,45.3554],[-0.9153,45.4504],[-0.973,45.4705],[-1.0399,45.5073],[-1.0592,45.527],[-1.0562,45.5651],[-1.0692,45.5733],[-1.0853,45.569],[-1.0996,45.5535],[-1.1337,45.5048],[-1.14,45.4901],[-1.1579,45.2791],[-1.1995,45.1208],[-1.2604,44.6274],[-1.2449,44.6627],[-1.2336,44.7069],[-1.1886,44.7558],[-1.1765,44.7752],[-1.1654,44.7787],[-1.1409,44.7681],[-1.0653,44.7175],[-1.0555,44.7032],[-1.0692,44.7032],[-1.0444,44.6846],[-1.0447,44.6694],[-1.065,44.6591],[-1.1002,44.6553],[-1.1614,44.6662],[-1.1865,44.6655],[-1.2063,44.6479],[-1.2308,44.5836],[-1.2572,44.5561],[-1.2583,44.5476],[-1.2473,44.5045],[-1.2541,44.4425],[-1.2816,44.3022],[-1.3461,44.0192],[-1.3812,43.8896],[-1.4049,43.8323],[-1.446,43.6684],[-1.47,43.6115],[-1.4769,43.5801],[-1.514,43.5386],[-1.5621,43.4934],[-1.5664,43.4822],[-1.5967,43.4425],[-1.6378,43.4238],[-1.661,43.3997],[-1.7496,43.3892],[-1.7755,43.3762],[-1.7941,43.386],[-1.7969,43.3411],[-1.7682,43.3309],[-1.7558,43.3185],[-1.7474,43.291],[-1.6739,43.3042],[-1.645,43.2924],[-1.648,43.2815],[-1.639,43.2557],[-1.6219,43.247],[-1.5876,43.2516],[-1.574,43.2774],[-1.559,43.2841],[-1.5392,43.2836],[-1.5081,43.2768],[-1.4664,43.2608],[-1.4322,43.265],[-1.4035,43.2433],[-1.3997,43.2067],[-1.4105,43.1669],[-1.4258,43.1353],[-1.4878,43.0818],[-1.4753,43.0601],[-1.4571,43.0451],[-1.435,43.0357],[-1.3831,43.0292],[-1.3661,43.0333],[-1.3576,43.0468],[-1.3552,43.073],[-1.3483,43.0931],[-1.3311,43.1073],[-1.3086,43.1136],[-1.286,43.1092],[-1.307,43.096],[-1.3151,43.0829],[-1.3106,43.0695],[-1.2937,43.0552],[-1.2749,43.0468],[-1.2169,43.0393],[-1.1825,43.0253],[-1.1499,43.0057],[-1.1124,43.0083],[-1.0797,42.9934],[-1.0285,42.9867],[-1.0163,42.9762],[-0.9815,42.957],[-0.9432,42.9479],[-0.8635,42.9431],[-0.7864,42.9533],[-0.7597,42.9465],[-0.7409,42.9109],[-0.7459,42.8939],[-0.7301,42.8775],[-0.7004,42.8764],[-0.6483,42.8498],[-0.6095,42.8114],[-0.6102,42.7991],[-0.5829,42.7958],[-0.5787,42.7773],[-0.5612,42.7735],[-0.5356,42.7842],[-0.5339,42.808],[-0.5084,42.8075],[-0.4545,42.7889],[-0.4239,42.7907],[-0.3997,42.8013],[-0.3517,42.8292],[-0.3352,42.825],[-0.3228,42.8425],[-0.3051,42.8308]],[[-0.0968,43.3278],[-0.1123,43.3385],[-0.1119,43.3695],[-0.0993,43.385],[-0.0755,43.3841],[-0.0635,43.3673],[-0.074,43.3371],[-0.0968,43.3278]],[[-0.118,43.2476],[-0.1349,43.2583],[-0.1373,43.2858],[-0.1136,43.3053],[-0.0903,43.2955],[-0.0805,43.2722],[-0.0975,43.2508],[-0.118,43.2476]]],[[[-1.2194,45.9439],[-1.2305,45.9582],[-1.2336,45.9917],[-1.2476,46.0018],[-1.2738,45.9976],[-1.3399,46.0378],[-1.3739,46.0502],[-1.4049,46.0532],[-1.3717,45.9953],[-1.3783,45.976],[-1.3402,45.9387],[-1.319,45.9281],[-1.2604,45.8818],[-1.2412,45.8546],[-1.2269,45.8198],[-1.2092,45.8142],[-1.1946,45.8301],[-1.1842,45.8564],[-1.1761,45.8987],[-1.1852,45.916],[-1.2244,45.935],[-1.2194,45.9439]]],[[[-1.2814,46.1562],[-1.2541,46.1624],[-1.2657,46.181],[-1.2847,46.1964],[-1.3081,46.2069],[-1.4088,46.2182],[-1.4254,46.2238],[-1.4111,46.2381],[-1.4642,46.2249],[-1.4905,46.2244],[-1.508,46.2456],[-1.4739,46.2381],[-1.4679,46.2499],[-1.4801,46.2592],[-1.4981,46.2619],[-1.5558,46.2518],[-1.5448,46.2399],[-1.5043,46.2077],[-1.4889,46.2034],[-1.4329,46.2108],[-1.3361,46.1672],[-1.2907,46.1613],[-1.2814,46.1562]]]]},"properties":{"region":"Nouvelle-Aquitaine","name":"Nouvelle-Aquitaine"}},
{"type":"Feature","geometry":{"type":"MultiPolygon","coordinates":[[[[-0.3051,42.8308],[-0.247,42.8048],[-0.2351,42.7862],[-0.2084,42.7839],[-0.1614,42.7953],[-0.1636,42.778],[-0.1578,42.7607],[-0.1457,42.7459],[-0.1231,42.7304],[-0.119,42.7169],[-0.0958,42.7107],[-0.0784,42.6967],[-0.0389,42.6851],[-0.0043,42.6875],[0.0728,42.7085],[0.1342,42.7152],[0.1529,42.7246],[0.1692,42.7265],[0.2224,42.7162],[0.2384,42.7104],[0.2598,42.6824],[0.2754,42.6687],[0.2902,42.6703],[0.3183,42.6995],[0.336,42.7127],[0.3542,42.7175],[0.3818,42.7001],[0.3893,42.6851],[0.4288,42.683],[0.4669,42.6904],[0.4835,42.6853],[0.6082,42.688],[0.6436,42.6845],[0.6654,42.6987],[0.6665,42.7148],[0.6476,42.741],[0.6335,42.7448],[0.6507,42.7634],[0.6397,42.7747],[0.6537,42.8027],[0.6516,42.8241],[0.6563,42.8384],[0.6794,42.8451],[0.7243,42.8453],[0.7763,42.8325],[0.8129,42.8316],[0.8561,42.8128],[0.8858,42.8042],[0.9211,42.7844],[0.94,42.7937],[0.9587,42.7937],[0.9829,42.7804],[1.0682,42.7761],[1.0891,42.7713],[1.1067,42.7596],[1.1343,42.716],[1.1625,42.7057],[1.1959,42.7136],[1.3191,42.7134],[1.3426,42.7087],[1.3382,42.6944],[1.3611,42.6867],[1.398,42.6436],[1.4148,42.6093],[1.4293,42.5954],[1.4514,42.6021],[1.4668,42.6415],[1.4984,42.6402],[1.5431,42.6494],[1.6083,42.6181],[1.722,42.6099],[1.7133,42.5895],[1.7527,42.5767],[1.7651,42.5634],[1.74,42.5616],[1.7217,42.5485],[1.7106,42.5277],[1.707,42.5028],[1.7122,42.4937],[1.7306,42.4881],[1.7927,42.4817],[1.8137,42.4752],[1.8698,42.4468],[1.912,42.442],[1.9275,42.4369],[1.9411,42.4201],[1.9542,42.3827],[1.9637,42.3672],[1.9957,42.3487],[2.0092,42.3471],[2.0517,42.3524],[2.104,42.3848],[2.121,42.4106],[2.137,42.4162],[2.1842,42.4118],[2.246,42.4261],[2.2774,42.4286],[2.3173,42.4096],[2.3755,42.3893],[2.4225,42.3837],[2.4299,42.3675],[2.4456,42.352],[2.4649,42.3406],[2.5037,42.3285],[2.5253,42.3259],[2.5481,42.3522],[2.5674,42.3526],[2.6134,42.341],[2.6622,42.339],[2.6403,42.3728],[2.6482,42.3815],[2.6904,42.4062],[2.7081,42.4129],[2.7285,42.414],[2.7677,42.4096],[2.7886,42.412],[2.8046,42.4196],[2.8348,42.4413],[2.8508,42.4484],[2.9008,42.4513],[2.9337,42.4702],[2.9661,42.461],[2.9831,42.4693],[3.0296,42.4657],[3.0439,42.4453],[3.0656,42.432],[3.1117,42.425],[3.181,42.4315],[3.1759,42.4565],[3.1431,42.4921],[3.1459,42.515],[3.1374,42.5249],[3.0875,42.5349],[3.0661,42.5421],[3.0519,42.5549],[3.0462,42.5877],[3.0376,42.6832],[3.0433,42.7246],[3.039,42.7503],[3.0405,42.7902],[3.0561,42.9071],[3.0547,42.9271],[3.039,42.9428],[3.0561,42.9927],[3.0704,43.0269],[3.114,43.1063],[3.1545,43.1353],[3.1787,43.1652],[3.221,43.1952],[3.2443,43.2194],[3.3177,43.2631],[3.3854,43.2839],[3.4524,43.2888],[3.4924,43.2743],[3.5134,43.2811],[3.5897,43.3549],[3.6222,43.3749],[3.7399,43.4128],[3.9393,43.5325],[3.953,43.5399],[3.9909,43.5508],[4.0475,43.5561],[4.1053,43.5519],[4.1328,43.5328],[4.1172,43.5105],[4.1328,43.487],[4.1603,43.4715],[4.2059,43.4599],[4.2313,43.4715],[4.2476,43.501],[4.2638,43.5036],[4.2867,43.5178],[4.3093,43.5208],[4.3371,43.5321],[4.3778,43.5575],[4.4004,43.5622],[4.413,43.5819],[4.4483,43.5873],[4.4631,43.6094],[4.4599,43.6178],[4.4446,43.6174],[4.4296,43.6248],[4.4516,43.6666],[4.4771,43.6931],[4.4995,43.7063],[4.5415,43.7129],[4.6049,43.696],[4.6181,43.7222],[4.6169,43.741],[4.6464,43.7949],[4.6493,43.8194],[4.6412,43.8513],[4.6409,43.8706],[4.6592,43.8832],[4.6887,43.8952],[4.7267,43.9172],[4.7728,43.9328],[4.8064,43.9529],[4.822,43.9758],[4.8209,44.0004],[4.8455,44.0002],[4.8498,44.0127],[4.7779,44.0843],[4.7609,44.0906],[4.7295,44.0859],[4.7235,44.094],[4.719,44.1247],[4.7244,44.1603],[4.7213,44.1902],[4.7151,44.1993],[4.6881,44.2194],[4.6856,44.2403],[4.6673,44.258],[4.6578,44.2817],[4.6124,44.2906],[4.5852,44.3007],[4.5506,44.3271],[4.5208,44.3368],[4.4656,44.336],[4.4508,44.326],[4.4451,44.3011],[4.4294,44.2917],[4.4074,44.2927],[4.3922,44.3082],[4.3967,44.3283],[4.3864,44.3389],[4.3731,44.3397],[4.3338,44.3307],[4.3117,44.3157],[4.2856,44.304],[4.2673,44.288],[4.2511,44.2818],[4.229,44.2853],[4.1408,44.3216],[4.1306,44.3317],[4.1025,44.3277],[4.076,44.3286],[4.0578,44.3238],[4.0443,44.3311],[4.0361,44.3756],[4.0508,44.3953],[4.0497,44.4035],[4.0218,44.4395],[3.994,44.4579],[3.9655,44.5355],[3.9433,44.5699],[3.922,44.5803],[3.9003,44.6221],[3.8919,44.6632],[3.8753,44.699],[3.8685,44.7221],[3.8722,44.7509],[3.8479,44.7551],[3.8233,44.7676],[3.7951,44.7762],[3.7653,44.7947],[3.7378,44.8162],[3.7164,44.8248],[3.6613,44.8309],[3.6532,44.8386],[3.6625,44.8562],[3.6542,44.8694],[3.6255,44.8766],[3.6023,44.8747],[3.5899,44.8655],[3.5875,44.8452],[3.5785,44.8331],[3.5603,44.8276],[3.5263,44.8265],[3.4928,44.816],[3.4601,44.8366],[3.403,44.9147],[3.3906,44.9484],[3.3792,44.9568],[3.3377,44.9504],[3.297,44.9301],[3.2751,44.9241],[3.2442,44.9221],[3.1876,44.881],[3.1542,44.8697],[3.1314,44.8931],[3.1156,44.8938],[3.1003,44.8815],[3.0895,44.837],[3.0625,44.8236],[3.0446,44.7918],[3.0305,44.7493],[3.0212,44.707],[2.9943,44.6768],[2.9801,44.6443],[2.9463,44.6651],[2.9258,44.6908],[2.9145,44.7443],[2.9069,44.7568],[2.9266,44.7686],[2.9266,44.7781],[2.8853,44.7919],[2.8741,44.8033],[2.867,44.8235],[2.8411,44.8486],[2.8301,44.8646],[2.8206,44.867],[2.7826,44.8619],[2.773,44.8675],[2.7731,44.8932],[2.7399,44.9311],[2.7267,44.9354],[2.594,44.835],[2.5778,44.7946],[2.5545,44.7721],[2.5408,44.7489],[2.5372,44.7297],[2.5236,44.7115],[2.4934,44.688],[2.4825,44.6755],[2.4547,44.6616],[2.4224,44.6588],[2.3676,44.6603],[2.3462,44.6519],[2.3213,44.6672],[2.3005,44.6687],[2.2142,44.6472],[2.2053,44.6223],[2.1816,44.6312],[2.1712,44.6502],[2.1647,44.6784],[2.1532,44.6905],[2.1323,44.6987],[2.1428,44.7203],[2.1585,44.7745],[2.1515,44.7958],[2.136,44.8181],[2.0937,44.8657],[2.0793,44.897],[2.0711,44.9566],[2.0587,44.9751],[2.0052,44.9747],[1.9791,44.9712],[1.9535,44.9609],[1.9263,44.9702],[1.9079,44.9684],[1.852,44.9458],[1.7996,44.9329],[1.7662,44.9352],[1.7449,44.9486],[1.7142,44.9602],[1.6934,44.9846],[1.6593,45.0065],[1.6098,45.0291],[1.5809,45.0356],[1.5462,45.0276],[1.5297,45.045],[1.5029,45.0319],[1.4872,45.0294],[1.43,45.0001],[1.425,44.9838],[1.4467,44.9329],[1.4461,44.9214],[1.4345,44.9061],[1.4373,44.8834],[1.4266,44.8702],[1.3991,44.8533],[1.3721,44.8196],[1.3545,44.8067],[1.3258,44.8018],[1.3139,44.7887],[1.3117,44.7731],[1.3217,44.7514],[1.288,44.7174],[1.2579,44.707],[1.2352,44.6926],[1.1896,44.6826],[1.175,44.673],[1.1311,44.6152],[1.0948,44.5853],[1.0616,44.5649],[1.013,44.5476],[1.0003,44.5274],[1.0195,44.5056],[1.0209,44.4796],[1.0375,44.4464],[1.0675,44.4222],[1.0645,44.3784],[1.0513,44.3678],[0.9695,44.3628],[0.9495,44.3657],[0.9201,44.379],[0.9011,44.3671],[0.9011,44.3473],[0.8865,44.3126],[0.8983,44.2964],[0.9447,44.2791],[0.9433,44.2597],[0.9059,44.201],[0.8718,44.1809],[0.8909,44.1644],[0.8943,44.1497],[0.8817,44.1408],[0.8639,44.14],[0.8189,44.149],[0.8035,44.1421],[0.7951,44.1225],[0.7657,44.1109],[0.7527,44.0984],[0.7417,44.067],[0.6797,44.0405],[0.6589,44.0376],[0.6235,44.0617],[0.5925,44.0728],[0.5766,44.0709],[0.5087,44.0524],[0.4663,44.0563],[0.4474,44.0459],[0.3746,44.0198],[0.3543,44.0175],[0.3143,43.9992],[0.2874,43.998],[0.2216,44.0186],[0.1982,44.0078],[0.1831,43.9876],[0.1571,43.9691],[0.1409,43.9694],[0.1338,43.9788],[0.1161,43.9807],[0.0897,43.9729],[0.076,43.956],[0.082,43.9306],[0.0733,43.9126],[0.0553,43.907],[0.0048,43.9126],[-0.0089,43.924],[0.0045,43.948],[0.003,43.9587],[-0.024,43.9711],[-0.0446,43.9656],[-0.0694,43.952],[-0.1,43.9284],[-0.1318,43.9264],[-0.1675,43.9309],[-0.2138,43.9071],[-0.2239,43.8914],[-0.2025,43.8732],[-0.1839,43.8418],[-0.1912,43.8184],[-0.2026,43.8053],[-0.2081,43.788],[-0.209,43.7566],[-0.1953,43.7389],[-0.2155,43.6988],[-0.2274,43.6904],[-0.2433,43.6899],[-0.2547,43.6814],[-0.2459,43.6682],[-0.2509,43.6486],[-0.2635,43.637],[-0.267,43.6232],[-0.2525,43.6161],[-0.2363,43.5871],[-0.203,43.589],[-0.1097,43.5748],[-0.0897,43.5645],[-0.0795,43.5452],[-0.0473,43.5222],[-0.0227,43.4794],[-0.0163,43.4591],[-0.0269,43.4513],[-0.0434,43.4532],[-0.0522,43.4408],[-0.049,43.4212],[-0.0342,43.4144],[-0.0152,43.4307],[0.0022,43.4333],[0.009,43.422],[0.0056,43.3847],[0.0232,43.3392],[0.0112,43.3288],[-0.0147,43.3221],[-0.0275,43.3103],[-0.0369,43.2769],[-0.0263,43.2535],[-0.035,43.2359],[-0.0664,43.2115],[-0.0807,43.1725],[-0.0927,43.1636],[-0.1054,43.1665],[-0.1182,43.1588],[-0.1389,43.125],[-0.1768,43.1071],[-0.1914,43.0918],[-0.1919,43.0657],[-0.185,43.0465],[-0.1987,43.0342],[-0.2378,43.0325],[-0.2532,43.0263],[-0.2816,43.0032],[-0.29,42.9876],[-0.2836,42.9659],[-0.2842,42.9408],[-0.3159,42.9009],[-0.3151,42.8738],[-0.3051,42.8308]],[[1.9834,42.4413],[1.9606,42.4437],[1.9475,42.4512],[1.9456,42.4638],[1.9566,42.4818],[1.968,42.4857],[1.9995,42.4439],[1.9834,42.4413]]],[[[-0.0968,43.3278],[-0.074,43.3371],[-0.0635,43.3673],[-0.0755,43.3841],[-0.0993,43.385],[-0.1119,43.3695],[-0.1123,43.3385],[-0.0968,43.3278]]],[[[-0.118,43.2476],[-0.0975,43.2508],[-0.0805,43.2722],[-0.0903,43.2955],[-0.1136,43.3053],[-0.1373,43.2858],[-0.1349,43.2583],[-0.118,43.2476]]]]},"properties":{"region":"Occitanie","name":"Occitanie"}},
{"type":"Feature","geometry":{"type":"Polygon","coordinates":[[[7.1422,47.4877],[7.1505,47.508],[7.1487,47.532],[7.1342,47.5497],[7.0798,47.5909],[7.0564,47.5966],[7.0373,47.5959],[7.0234,47.606],[7.0265,47.6236],[7.0531,47.6531],[7.0588,47.6802],[7.0503,47.7156],[7.0237,47.7357],[6.8827,47.791],[6.8702,47.8023],[6.8689,47.819],[6.8417,47.8212],[6.7615,47.8625],[6.7407,47.8761],[6.6965,47.8899],[6.6754,47.9025],[6.6372,47.9351],[6.6138,47.9413],[6.5765,47.908],[6.5526,47.9012],[6.5183,47.9008],[6.4987,47.9047],[6.412,47.9423],[6.3734,47.953],[6.3224,47.9505],[6.2828,47.9348],[6.2438,47.9322],[6.1959,47.9483],[6.1819,47.9582],[6.1827,47.9768],[6.1669,47.9921],[6.1469,48.0016],[6.0994,48.0087],[6.071,48.0044],[6.0344,47.9726],[5.9709,47.9409],[5.9645,47.9499],[5.9666,47.975],[5.9551,47.9797],[5.943,47.9713],[5.9261,47.9481],[5.911,47.9372],[5.8918,47.9326],[5.8978,47.9193],[5.8921,47.9091],[5.8608,47.9011],[5.833,47.8712],[5.821,47.8635],[5.716,47.8129],[5.7,47.792],[5.7099,47.7641],[5.7009,47.7333],[5.7042,47.7055],[5.7009,47.6931],[5.6827,47.6806],[5.5867,47.6579],[5.555,47.6602],[5.5013,47.6819],[5.4207,47.6711],[5.4069,47.6587],[5.3706,47.6006],[5.351,47.5949],[5.3305,47.6086],[5.2938,47.5898],[5.2756,47.5908],[5.2667,47.6152],[5.2578,47.6225],[5.2217,47.6356],[5.1941,47.6535],[5.1864,47.6724],[5.1677,47.6754],[5.138,47.6505],[5.1094,47.6483],[5.0799,47.66],[5.0593,47.6768],[5.0337,47.7038],[5.0217,47.7055],[4.9914,47.6861],[4.9715,47.6934],[4.9604,47.7148],[4.9545,47.751],[4.9316,47.7734],[4.95,47.789],[4.9784,47.7912],[4.9894,47.8008],[4.9864,47.8139],[4.9679,47.8421],[4.9457,47.8664],[4.8946,47.911],[4.8841,47.9126],[4.8644,47.8956],[4.8435,47.9095],[4.8607,47.9438],[4.8473,47.9537],[4.8008,47.9664],[4.807,47.9854],[4.7933,47.9969],[4.732,48.0059],[4.6985,48.022],[4.6701,48.0108],[4.643,48.0086],[4.6102,48.0153],[4.5832,48.0107],[4.5632,47.9978],[4.5604,47.9744],[4.5418,47.9653],[4.3259,47.946],[4.2884,47.9243],[4.2555,47.9345],[4.2182,47.9724],[4.2109,47.9658],[4.2112,47.9472],[4.203,47.9391],[4.1754,47.9532],[4.1521,47.9506],[4.1359,47.9354],[4.0964,47.9325],[4.0679,47.9382],[4.0376,47.9227],[3.9906,47.9313],[3.952,47.9284],[3.9251,47.9309],[3.9092,47.939],[3.9034,47.9555],[3.9057,47.976],[3.8984,47.9864],[3.8587,47.9826],[3.8295,47.9986],[3.859,48.0098],[3.8542,48.022],[3.7832,48.1042],[3.7523,48.1281],[3.7409,48.1507],[3.7173,48.1623],[3.6976,48.1459],[3.6798,48.1422],[3.6489,48.1513],[3.6181,48.1694],[3.5816,48.181],[3.5875,48.1939],[3.6109,48.2112],[3.6129,48.2232],[3.6067,48.2575],[3.5876,48.2808],[3.5228,48.3387],[3.4926,48.3564],[3.4616,48.3682],[3.4213,48.3698],[3.4129,48.4021],[3.3954,48.4117],[3.3697,48.3931],[3.355,48.3743],[3.3367,48.3721],[3.3078,48.3779],[3.2065,48.3662],[3.1306,48.3723],[3.0924,48.3609],[3.0423,48.3618],[3.0318,48.3545],[3.0155,48.3206],[3.0158,48.2873],[3.0299,48.2683],[3.0023,48.2293],[2.9905,48.2212],[2.9474,48.2054],[2.9368,48.1939],[2.9256,48.1559],[2.9566,48.1543],[3.0081,48.1419],[3.0268,48.1251],[3.0451,48.0764],[3.0615,48.0607],[3.0921,48.0439],[3.1123,48.0257],[3.1179,48.0008],[3.0937,47.9575],[3.085,47.9488],[3.045,47.9299],[3.0212,47.9111],[2.9992,47.9096],[2.9922,47.8999],[2.9963,47.8749],[3.0121,47.8472],[2.9989,47.829],[3,47.8012],[2.9826,47.7878],[2.9503,47.7791],[2.9182,47.765],[2.8603,47.7619],[2.8349,47.7491],[2.8309,47.7301],[2.8369,47.7159],[2.8667,47.7083],[2.9146,47.6775],[2.9343,47.6486],[2.9246,47.6271],[2.9311,47.6091],[2.9606,47.5833],[2.9693,47.5676],[2.9485,47.5627],[2.9097,47.5622],[2.8589,47.5443],[2.856,47.5364],[2.8818,47.5146],[2.9078,47.474],[2.9303,47.4529],[2.9321,47.4402],[2.9247,47.4124],[2.9089,47.3837],[2.8849,47.3579],[2.875,47.3371],[2.8928,47.3157],[2.9191,47.3052],[2.9446,47.2822],[2.9721,47.2669],[2.9804,47.2519],[2.9899,47.2161],[3.0132,47.174],[3.0335,47.1222],[3.0308,47.0833],[3.0364,47.0687],[3.0684,47.0455],[3.0708,47.0012],[3.0756,46.974],[3.0542,46.9133],[3.0732,46.8703],[3.0639,46.8529],[3.0343,46.8121],[3.0298,46.7909],[3.0312,46.772],[3.0515,46.7503],[3.0711,46.7392],[3.1079,46.7268],[3.1297,46.7285],[3.1592,46.7186],[3.1856,46.6963],[3.216,46.6872],[3.256,46.701],[3.2855,46.7024],[3.313,46.699],[3.3491,46.6859],[3.3683,46.6862],[3.3904,46.7053],[3.4076,46.7114],[3.4335,46.7058],[3.457,46.6747],[3.4607,46.6515],[3.495,46.6541],[3.5599,46.6814],[3.5676,46.7063],[3.5888,46.7158],[3.5968,46.7429],[3.6249,46.7393],[3.6497,46.7076],[3.6579,46.6859],[3.6849,46.6638],[3.6987,46.6571],[3.7077,46.6399],[3.743,46.6102],[3.7456,46.5933],[3.7409,46.5493],[3.7648,46.5418],[3.81,46.5219],[3.8349,46.5219],[3.8782,46.4928],[3.9367,46.4841],[3.9718,46.4706],[3.9788,46.4626],[3.9887,46.4225],[3.9791,46.3949],[3.9876,46.3709],[3.9859,46.3562],[4,46.3375],[3.9997,46.3263],[3.9783,46.3122],[3.8865,46.2762],[3.8987,46.2493],[3.8977,46.2132],[3.9124,46.2058],[3.9459,46.1975],[3.9799,46.1781],[4.0066,46.1769],[4.0637,46.1927],[4.093,46.1912],[4.1337,46.1819],[4.1537,46.1824],[4.1917,46.1899],[4.2397,46.182],[4.2703,46.1737],[4.289,46.1727],[4.3284,46.182],[4.3543,46.1969],[4.3839,46.2248],[4.4085,46.2898],[4.4228,46.2942],[4.46,46.2819],[4.4989,46.275],[4.5176,46.2762],[4.5543,46.2887],[4.5812,46.2659],[4.6057,46.2631],[4.6189,46.2731],[4.6229,46.2926],[4.6381,46.2992],[4.673,46.2882],[4.6774,46.2613],[4.7041,46.2475],[4.7031,46.2247],[4.7202,46.1886],[4.7392,46.177],[4.7978,46.1718],[4.794,46.188],[4.8012,46.2031],[4.8186,46.2573],[4.8728,46.3376],[4.8742,46.3597],[4.8993,46.3961],[4.9119,46.4472],[4.9337,46.4874],[4.9376,46.5016],[4.96,46.5095],[4.9882,46.5057],[5.0253,46.4933],[5.0641,46.4927],[5.1252,46.509],[5.1553,46.5112],[5.1786,46.5054],[5.2137,46.4798],[5.2404,46.4687],[5.311,46.4554],[5.3113,46.4199],[5.3203,46.4084],[5.3448,46.4029],[5.3639,46.3914],[5.3754,46.3604],[5.3918,46.3469],[5.4266,46.3386],[5.4396,46.325],[5.4691,46.3203],[5.4745,46.3095],[5.4699,46.2769],[5.4826,46.2662],[5.5099,46.2607],[5.5566,46.282],[5.5679,46.2935],[5.5954,46.3],[5.6005,46.3111],[5.6289,46.3337],[5.6479,46.344],[5.6978,46.3121],[5.7076,46.302],[5.7144,46.2777],[5.7305,46.2712],[5.8396,46.2674],[5.8809,46.2755],[5.9157,46.2967],[5.9521,46.3233],[5.9689,46.3448],[6.003,46.3698],[6.0174,46.3862],[6.059,46.4174],[6.0657,46.427],[6.0642,46.4711],[6.0755,46.4796],[6.1104,46.5208],[6.1457,46.5516],[6.1215,46.5703],[6.1184,46.5835],[6.1319,46.5956],[6.2663,46.6804],[6.3379,46.7074],[6.3742,46.7336],[6.4074,46.7457],[6.4292,46.7608],[6.4326,46.786],[6.4186,46.807],[6.4468,46.8577],[6.4452,46.8826],[6.4278,46.9091],[6.4426,46.9442],[6.4911,46.9634],[6.5987,46.9865],[6.6654,47.0213],[6.6883,47.0438],[6.6763,47.0624],[6.6991,47.0846],[6.7242,47.0908],[6.746,47.1039],[6.7448,47.1211],[6.7748,47.1282],[6.8403,47.1695],[6.8593,47.1909],[6.8883,47.2113],[6.9562,47.2452],[6.9522,47.27],[6.9586,47.2906],[6.9774,47.3037],[6.9919,47.306],[7.0065,47.3194],[7.0366,47.3295],[7.0443,47.3405],[7.004,47.3681],[6.9856,47.3621],[6.8666,47.3542],[6.8716,47.367],[6.8988,47.3957],[6.9245,47.406],[6.9261,47.4249],[6.9523,47.4288],[6.9834,47.4438],[6.991,47.4522],[6.9733,47.4891],[7.0098,47.4992],[7.0539,47.4904],[7.1037,47.4963],[7.1422,47.4877]]]},"properties":{"region":"Bourgogne-Franche-Comté","name":"Bourgogne-Franche-Comté"}},
{"type":"Feature","geometry":{"type":"MultiPolygon","coordinates":[[[[-1.1192,46.311],[-1.097,46.3346],[-1.0802,46.3428],[-0.9698,46.3624],[-0.955,46.3537],[-0.9731,46.3292],[-0.9599,46.3201],[-0.9411,46.3206],[-0.8671,46.3342],[-0.8251,46.3313],[-0.7566,46.3012],[-0.6953,46.3236],[-0.6561,46.325],[-0.6419,46.3288],[-0.6121,46.3521],[-0.5654,46.357],[-0.5553,46.3697],[-0.5693,46.387],[-0.6035,46.4062],[-0.6235,46.4032],[-0.6339,46.4228],[-0.6241,46.4614],[-0.6401,46.5149],[-0.6372,46.5249],[-0.616,46.5476],[-0.6268,46.6066],[-0.6475,46.6321],[-0.6623,46.683],[-0.6892,46.7213],[-0.7161,46.751],[-0.7258,46.7787],[-0.712,46.802],[-0.7241,46.8165],[-0.7458,46.8299],[-0.8034,46.8548],[-0.8212,46.8734],[-0.8336,46.9193],[-0.8464,46.9317],[-0.8728,46.9423],[-0.896,46.9713],[-0.9094,46.9824],[-0.946,47.0004],[-0.935,47.0166],[-0.9094,47.0118],[-0.8704,46.9942],[-0.8375,46.9897],[-0.7804,46.997],[-0.7517,46.9913],[-0.6965,46.9881],[-0.6324,46.9924],[-0.609,46.9993],[-0.592,47.0104],[-0.5492,47.0252],[-0.5448,47.0363],[-0.5562,47.0482],[-0.5551,47.061],[-0.5177,47.0754],[-0.496,47.0747],[-0.4732,47.0664],[-0.4035,47.0796],[-0.3763,47.0881],[-0.2697,47.0972],[-0.2118,47.0961],[-0.1813,47.1006],[-0.159,47.0914],[-0.143,47.0628],[-0.1182,47.0573],[-0.0918,47.0861],[-0.0531,47.0963],[-0.0369,47.1279],[-0.004,47.1566],[0.0138,47.1606],[0.0668,47.1537],[0.0815,47.2302],[0.0995,47.2867],[0.1215,47.3201],[0.1499,47.3456],[0.1771,47.3774],[0.1718,47.405],[0.1902,47.4535],[0.2218,47.5022],[0.2148,47.5353],[0.2184,47.5605],[0.2418,47.6029],[0.3138,47.5919],[0.3714,47.5802],[0.3895,47.5856],[0.3819,47.6105],[0.3847,47.6241],[0.4083,47.6306],[0.4314,47.6212],[0.4513,47.6218],[0.4778,47.64],[0.5178,47.6463],[0.5712,47.6649],[0.5989,47.6681],[0.6125,47.6755],[0.602,47.7015],[0.6133,47.7229],[0.6359,47.739],[0.6918,47.7577],[0.721,47.7706],[0.7447,47.7875],[0.77,47.8425],[0.7706,47.8794],[0.7796,47.9071],[0.8284,47.9363],[0.8406,47.9546],[0.8342,47.9684],[0.835,47.9904],[0.8429,48.0114],[0.8395,48.0274],[0.8147,48.0294],[0.7973,48.0545],[0.8126,48.0694],[0.8431,48.0712],[0.8524,48.0814],[0.8326,48.0945],[0.8316,48.1029],[0.9126,48.1415],[0.9066,48.1527],[0.8887,48.1576],[0.8471,48.161],[0.7984,48.186],[0.7706,48.1808],[0.7262,48.1947],[0.7061,48.21],[0.6671,48.2479],[0.6454,48.2534],[0.6379,48.2488],[0.6004,48.2498],[0.5152,48.2658],[0.5011,48.2711],[0.4983,48.2965],[0.4857,48.3069],[0.4432,48.3047],[0.4161,48.3158],[0.3905,48.3329],[0.374,48.3697],[0.3731,48.3978],[0.3782,48.4247],[0.3715,48.4485],[0.3519,48.4589],[0.3099,48.4716],[0.2806,48.4741],[0.1925,48.4602],[0.1427,48.4398],[0.1107,48.4105],[0.0737,48.4017],[0.0671,48.3839],[0.0472,48.3788],[0.0065,48.3855],[-0.0527,48.3806],[-0.0567,48.4316],[-0.0701,48.4472],[-0.0882,48.4486],[-0.1209,48.4632],[-0.1544,48.4899],[-0.1665,48.5145],[-0.1582,48.5328],[-0.1711,48.5451],[-0.2335,48.5613],[-0.2445,48.5529],[-0.2414,48.5393],[-0.2489,48.5268],[-0.2713,48.5181],[-0.294,48.5185],[-0.3191,48.5123],[-0.3379,48.4937],[-0.3526,48.4919],[-0.4199,48.5041],[-0.4704,48.5071],[-0.501,48.5012],[-0.535,48.4763],[-0.5543,48.4683],[-0.641,48.4546],[-0.6646,48.4727],[-0.7234,48.4645],[-0.7356,48.4502],[-0.7544,48.4413],[-0.7858,48.457],[-0.8096,48.4512],[-0.8222,48.4598],[-0.8462,48.4922],[-0.8627,48.5018],[-0.8994,48.4969],[-0.9362,48.5073],[-0.9949,48.4933],[-1.0287,48.4931],[-1.0791,48.4987],[-1.0823,48.4231],[-1.0702,48.3492],[-1.0698,48.3182],[-1.0919,48.2873],[-1.1017,48.2674],[-1.0852,48.24],[-1.0703,48.1743],[-1.0823,48.1524],[-1.0704,48.0906],[-1.062,48.0773],[-1.0418,48.0623],[-1.0406,48.0015],[-1.0779,47.9893],[-1.1244,47.9861],[-1.1449,47.9789],[-1.1677,47.9608],[-1.1835,47.9337],[-1.1938,47.8997],[-1.2158,47.8583],[-1.2289,47.823],[-1.243,47.8095],[-1.251,47.7804],[-1.3513,47.7919],[-1.3791,47.8023],[-1.3898,47.817],[-1.4095,47.8236],[-1.4617,47.8234],[-1.4886,47.8084],[-1.592,47.7755],[-1.6218,47.759],[-1.6406,47.7395],[-1.6853,47.7185],[-1.8061,47.6923],[-1.8351,47.6947],[-1.8658,47.7028],[-1.9379,47.6847],[-1.9583,47.6758],[-1.9926,47.6765],[-2.0234,47.6729],[-2.081,47.6498],[-2.0885,47.6326],[-2.0858,47.608],[-2.0978,47.5866],[-2.11,47.5423],[-2.1199,47.5296],[-2.1544,47.5131],[-2.1734,47.4861],[-2.1868,47.4814],[-2.199,47.4912],[-2.199,47.5041],[-2.2109,47.5076],[-2.2534,47.4953],[-2.2812,47.507],[-2.3023,47.5016],[-2.3345,47.464],[-2.3457,47.4595],[-2.4041,47.4556],[-2.4331,47.4658],[-2.4529,47.4619],[-2.4611,47.4526],[-2.439,47.4448],[-2.4481,47.4306],[-2.4318,47.4262],[-2.3918,47.4237],[-2.395,47.417],[-2.4294,47.4039],[-2.439,47.3963],[-2.439,47.41],[-2.4768,47.4157],[-2.5564,47.3832],[-2.5148,47.3649],[-2.5033,47.3496],[-2.5017,47.3206],[-2.4889,47.3304],[-2.4943,47.3417],[-2.4806,47.3479],[-2.4454,47.3204],[-2.4362,47.307],[-2.4534,47.2933],[-2.4761,47.2907],[-2.519,47.3046],[-2.542,47.307],[-2.542,47.3001],[-2.4484,47.2666],[-2.4192,47.266],[-2.4049,47.2864],[-2.3714,47.2864],[-2.3553,47.2801],[-2.3161,47.2517],[-2.2784,47.2464],[-2.2594,47.2516],[-2.2361,47.2675],[-2.2063,47.2734],[-2.1796,47.3001],[-2.1481,47.3132],[-2.0101,47.3197],[-1.9722,47.3122],[-1.9582,47.3024],[-1.9056,47.2939],[-1.8712,47.2797],[-1.8359,47.2598],[-1.8057,47.2353],[-1.7882,47.2256],[-1.7472,47.2199],[-1.727,47.2108],[-1.781,47.212],[-1.8039,47.219],[-1.8363,47.2399],[-1.8778,47.2455],[-1.9189,47.266],[-1.9189,47.2734],[-1.8984,47.2734],[-1.9171,47.2842],[-1.9394,47.2864],[-1.9479,47.2794],[-1.9991,47.2886],[-2.0146,47.3001],[-2.0356,47.2933],[-2.1277,47.2868],[-2.1517,47.2797],[-2.167,47.2592],[-2.1721,47.2353],[-2.1587,47.2045],[-2.1652,47.1679],[-2.2054,47.1612],[-2.2411,47.1425],[-2.2055,47.1291],[-2.0902,47.1152],[-2.03,47.0921],[-2.0146,47.0816],[-1.9926,47.0523],[-1.9907,47.0354],[-2.0083,47.0264],[-2.0202,47.0086],[-2.037,46.9726],[-2.0492,46.9575],[-2.0875,46.9412],[-2.1022,46.9307],[-2.0963,46.9165],[-2.122,46.9037],[-2.1313,46.8718],[-2.1261,46.8356],[-2.1188,46.82],[-2.0813,46.8074],[-2.0503,46.7921],[-1.9946,46.752],[-1.965,46.7104],[-1.9565,46.7043],[-1.9232,46.6992],[-1.9099,46.6918],[-1.8998,46.6662],[-1.8574,46.6353],[-1.8387,46.5991],[-1.8227,46.5944],[-1.8271,46.577],[-1.8048,46.5036],[-1.786,46.491],[-1.7817,46.4954],[-1.7892,46.5329],[-1.7684,46.5002],[-1.7486,46.4866],[-1.7203,46.4813],[-1.6868,46.4609],[-1.6335,46.4543],[-1.6172,46.4435],[-1.6256,46.4311],[-1.5988,46.425],[-1.5319,46.4231],[-1.5045,46.4193],[-1.4814,46.4082],[-1.4655,46.39],[-1.4596,46.3647],[-1.4487,46.3434],[-1.4233,46.3425],[-1.3702,46.3542],[-1.3035,46.3239],[-1.2774,46.3195],[-1.2401,46.2842],[-1.2132,46.2791],[-1.2143,46.3107],[-1.1772,46.3262],[-1.1325,46.3241],[-1.1192,46.311]]],[[[-2.3372,46.7316],[-2.3752,46.7316],[-2.3829,46.7226],[-2.3714,46.7043],[-2.2914,46.7036],[-2.269,46.6974],[-2.2797,46.7103],[-2.2982,46.7202],[-2.3372,46.7316]]],[[[-2.2001,46.9854],[-2.2,47.0244],[-2.2386,47.0353],[-2.2956,47.0332],[-2.2787,47.0181],[-2.2632,46.9798],[-2.2473,46.9643],[-2.2202,46.9739],[-2.1948,46.9619],[-2.1737,46.9392],[-2.1591,46.9165],[-2.1426,46.9099],[-2.1377,46.9232],[-2.1448,46.9575],[-2.1898,46.9772],[-2.2001,46.9854]]]]},"properties":{"region":"Pays de la Loire","name":"Pays de la Loire"}},
{"type":"Feature","geometry":{"type":"MultiPolygon","coordinates":[[[[-2.4611,47.4526],[-2.4529,47.4619],[-2.4331,47.4658],[-2.4041,47.4556],[-2.3457,47.4595],[-2.3345,47.464],[-2.3023,47.5016],[-2.2812,47.507],[-2.2534,47.4953],[-2.2109,47.5076],[-2.199,47.5041],[-2.199,47.4912],[-2.1868,47.4814],[-2.1734,47.4861],[-2.1544,47.5131],[-2.1199,47.5296],[-2.11,47.5423],[-2.0978,47.5866],[-2.0858,47.608],[-2.0885,47.6326],[-2.081,47.6498],[-2.0234,47.6729],[-1.9926,47.6765],[-1.9583,47.6758],[-1.9379,47.6847],[-1.8658,47.7028],[-1.8351,47.6947],[-1.8061,47.6923],[-1.6853,47.7185],[-1.6406,47.7395],[-1.6218,47.759],[-1.592,47.7755],[-1.4886,47.8084],[-1.4617,47.8234],[-1.4095,47.8236],[-1.3898,47.817],[-1.3791,47.8023],[-1.3513,47.7919],[-1.251,47.7804],[-1.243,47.8095],[-1.2289,47.823],[-1.2158,47.8583],[-1.1938,47.8997],[-1.1835,47.9337],[-1.1677,47.9608],[-1.1449,47.9789],[-1.1244,47.9861],[-1.0779,47.9893],[-1.0406,48.0015],[-1.0418,48.0623],[-1.062,48.0773],[-1.0704,48.0906],[-1.0823,48.1524],[-1.0703,48.1743],[-1.0852,48.24],[-1.1017,48.2674],[-1.0919,48.2873],[-1.0698,48.3182],[-1.0702,48.3492],[-1.0823,48.4231],[-1.0791,48.4987],[-1.1207,48.5158],[-1.2228,48.5352],[-1.2657,48.5355],[-1.2949,48.5089],[-1.3357,48.495],[-1.3817,48.4704],[-1.4102,48.4632],[-1.4483,48.4658],[-1.4987,48.4949],[-1.5288,48.5307],[-1.5558,48.586],[-1.5802,48.6201],[-1.5897,48.6418],[-1.644,48.6234],[-1.7228,48.6153],[-1.796,48.6159],[-1.8382,48.6238],[-1.861,48.6409],[-1.8612,48.6642],[-1.8363,48.6911],[-1.8469,48.7034],[-1.8437,48.7121],[-1.9456,48.6986],[-1.9394,48.6911],[-1.977,48.6911],[-1.9877,48.6738],[-2.0181,48.6603],[-2.0287,48.6433],[-2.0005,48.6013],[-1.9694,48.5928],[-1.953,48.575],[-1.9803,48.5887],[-1.9766,48.5727],[-1.9619,48.5549],[-1.9673,48.5471],[-1.9394,48.534],[-1.9803,48.5136],[-1.9764,48.5356],[-1.9825,48.549],[-2.0083,48.575],[-2.0009,48.5887],[-2.022,48.5989],[-2.0287,48.6197],[-2.0524,48.6501],[-2.1002,48.6469],[-2.1448,48.6365],[-2.137,48.618],[-2.1493,48.6189],[-2.1721,48.6017],[-2.1591,48.5887],[-2.1741,48.583],[-2.183,48.5888],[-2.1926,48.6159],[-2.1955,48.5935],[-2.2137,48.5819],[-2.2192,48.6037],[-2.2407,48.6213],[-2.251,48.6501],[-2.2736,48.6426],[-2.3127,48.6202],[-2.3303,48.6296],[-2.3024,48.6501],[-2.282,48.678],[-2.2952,48.6766],[-2.3125,48.687],[-2.3161,48.6986],[-2.33,48.6804],[-2.3561,48.6633],[-2.3862,48.6501],[-2.4123,48.6433],[-2.4211,48.657],[-2.4429,48.6591],[-2.4875,48.6501],[-2.4595,48.6433],[-2.4736,48.626],[-2.5411,48.5981],[-2.5588,48.5941],[-2.5771,48.5825],[-2.6007,48.5576],[-2.62,48.5436],[-2.6363,48.5388],[-2.6761,48.5402],[-2.6824,48.509],[-2.7131,48.5301],[-2.7345,48.534],[-2.721,48.5446],[-2.714,48.5607],[-2.7711,48.5792],[-2.813,48.5986],[-2.8114,48.6146],[-2.827,48.6575],[-2.8921,48.6948],[-2.914,48.7165],[-2.9467,48.7332],[-2.9331,48.7463],[-2.9331,48.7674],[-2.953,48.7723],[-3.0037,48.7739],[-3.0293,48.7805],[-3.0424,48.7941],[-3.0082,48.8078],[-3.0082,48.8214],[-3.0182,48.827],[-3.0655,48.824],[-3.085,48.805],[-3.118,48.76],[-3.1255,48.7674],[-3.0975,48.7941],[-3.0771,48.8283],[-3.0907,48.8357],[-3.0837,48.8517],[-3.0915,48.8713],[-3.1164,48.8741],[-3.135,48.8592],[-3.1454,48.8624],[-3.1788,48.841],[-3.2087,48.8164],[-3.2205,48.7941],[-3.2279,48.8078],[-3.215,48.8179],[-3.2078,48.8359],[-3.2071,48.8554],[-3.2136,48.8698],[-3.2297,48.8723],[-3.2595,48.8477],[-3.2875,48.8435],[-3.3718,48.8225],[-3.3976,48.8073],[-3.4333,48.8078],[-3.4197,48.8214],[-3.4336,48.8222],[-3.4681,48.8357],[-3.4998,48.837],[-3.5153,48.8419],[-3.5426,48.8078],[-3.5714,48.7991],[-3.5815,48.7906],[-3.5774,48.7742],[-3.5428,48.7457],[-3.5283,48.7395],[-3.5805,48.7332],[-3.5845,48.7264],[-3.5705,48.688],[-3.5848,48.6828],[-3.614,48.6827],[-3.6385,48.6878],[-3.6382,48.7047],[-3.6738,48.6982],[-3.6979,48.7023],[-3.7319,48.719],[-3.7784,48.7174],[-3.7971,48.7212],[-3.8101,48.7332],[-3.817,48.7121],[-3.8293,48.7185],[-3.8371,48.7073],[-3.8375,48.6706],[-3.8579,48.6849],[-3.8443,48.6501],[-3.8517,48.6296],[-3.8647,48.641],[-3.8942,48.6536],[-3.9063,48.6706],[-3.892,48.678],[-3.9119,48.6812],[-3.9266,48.6762],[-3.9547,48.6575],[-3.951,48.6794],[-3.9678,48.6911],[-3.961,48.7047],[-3.9727,48.7077],[-3.9678,48.7296],[-3.974,48.7328],[-4.0093,48.7258],[-4.0565,48.7121],[-4.0533,48.6955],[-4.0702,48.6849],[-4.0793,48.6969],[-4.0907,48.6911],[-4.1087,48.6981],[-4.1315,48.6992],[-4.1739,48.6911],[-4.2078,48.6714],[-4.213,48.6612],[-4.1938,48.6575],[-4.2071,48.65],[-4.2421,48.6575],[-4.2831,48.6433],[-4.3065,48.6415],[-4.2991,48.6636],[-4.3173,48.678],[-4.3433,48.6789],[-4.3981,48.661],[-4.4265,48.6575],[-4.4265,48.6501],[-4.4066,48.6433],[-4.4298,48.6428],[-4.4629,48.6323],[-4.4855,48.6296],[-4.5636,48.6296],[-4.5526,48.6165],[-4.5575,48.6091],[-4.5301,48.6017],[-4.5488,48.6012],[-4.5946,48.6091],[-4.6077,48.603],[-4.6005,48.5893],[-4.5773,48.5682],[-4.5898,48.5657],[-4.6425,48.5819],[-4.6735,48.5796],[-4.7082,48.5682],[-4.722,48.5682],[-4.7646,48.5202],[-4.7746,48.4913],[-4.7493,48.4788],[-4.7681,48.4687],[-4.7799,48.4549],[-4.7834,48.4174],[-4.7663,48.3904],[-4.7648,48.3776],[-4.7834,48.3764],[-4.7772,48.3556],[-4.755,48.342],[-4.7045,48.3416],[-4.6957,48.345],[-4.6905,48.3627],[-4.6189,48.3485],[-4.5994,48.3502],[-4.5696,48.3603],[-4.5206,48.3683],[-4.4575,48.3948],[-4.4265,48.4037],[-4.359,48.4111],[-4.2899,48.4316],[-4.3856,48.3937],[-4.3966,48.3878],[-4.4537,48.3416],[-4.4537,48.3354],[-4.4265,48.3389],[-4.4066,48.3485],[-4.4066,48.3354],[-4.3842,48.3381],[-4.3526,48.3527],[-4.3377,48.3485],[-4.3247,48.3627],[-4.309,48.3515],[-4.2863,48.3625],[-4.2694,48.3627],[-4.2985,48.3438],[-4.3247,48.3217],[-4.2757,48.3249],[-4.2702,48.3147],[-4.244,48.3139],[-4.2347,48.3217],[-4.2188,48.3061],[-4.1875,48.3075],[-4.1875,48.3],[-4.2694,48.2884],[-4.2626,48.3],[-4.3297,48.297],[-4.3769,48.2878],[-4.402,48.2886],[-4.4265,48.3],[-4.5155,48.2958],[-4.5432,48.3047],[-4.5301,48.3416],[-4.5467,48.3468],[-4.5595,48.3387],[-4.5773,48.3075],[-4.5752,48.29],[-4.5879,48.2871],[-4.6154,48.2911],[-4.6263,48.2871],[-4.6263,48.2665],[-4.5541,48.2628],[-4.5472,48.2526],[-4.5636,48.2324],[-4.5438,48.2051],[-4.5575,48.1772],[-4.5316,48.1831],[-4.514,48.2021],[-4.4855,48.2426],[-4.4576,48.249],[-4.4044,48.2261],[-4.3793,48.2324],[-4.3582,48.2119],[-4.3158,48.2055],[-4.3024,48.1964],[-4.2943,48.1671],[-4.2757,48.1436],[-4.2899,48.1082],[-4.3048,48.1041],[-4.3619,48.1157],[-4.6837,48.0673],[-4.6974,48.0749],[-4.7281,48.0406],[-4.653,48.0263],[-4.602,48.0256],[-4.572,48.0059],[-4.5333,48.0263],[-4.5233,48.0227],[-4.4346,47.9757],[-4.387,47.9341],[-4.372,47.9158],[-4.3622,47.8886],[-4.3473,47.8629],[-4.3476,47.8383],[-4.3655,47.8371],[-4.3734,47.8287],[-4.3718,47.8072],[-4.2252,47.8024],[-4.1852,47.8134],[-4.1527,47.8345],[-4.1527,47.842],[-4.18,47.842],[-4.1739,47.855],[-4.1885,47.8621],[-4.1856,47.8744],[-4.1716,47.877],[-4.1527,47.855],[-4.1336,47.8662],[-4.1112,47.8693],[-4.1112,47.8755],[-4.1368,47.8969],[-4.1427,47.912],[-4.1322,47.9239],[-4.1291,47.9076],[-4.1066,47.8801],[-4.0649,47.8708],[-4.0367,47.855],[-4.0316,47.8637],[-4.0019,47.8693],[-4.0089,47.8513],[-3.9865,47.8679],[-3.9792,47.883],[-3.9883,47.9035],[-3.9618,47.9],[-3.9351,47.8879],[-3.9163,47.8734],[-3.9132,47.8625],[-3.8859,47.855],[-3.89,47.8435],[-3.8722,47.8283],[-3.8517,47.801],[-3.7899,47.8032],[-3.7754,47.7936],[-3.7232,47.8134],[-3.7062,47.7969],[-3.6869,47.7923],[-3.649,47.7936],[-3.6169,47.7791],[-3.591,47.7799],[-3.5393,47.7737],[-3.5283,47.7799],[-3.4949,47.739],[-3.4607,47.7076],[-3.4464,47.7046],[-3.3645,47.7185],[-3.3832,47.737],[-3.3622,47.7404],[-3.3318,47.7525],[-3.2826,47.7873],[-3.3173,47.739],[-3.3406,47.7395],[-3.3451,47.7213],[-3.3583,47.711],[-3.3163,47.7081],[-3.2826,47.6973],[-3.2826,47.6911],[-3.3224,47.701],[-3.3315,47.6967],[-3.2621,47.6837],[-3.2242,47.6564],[-3.2151,47.6606],[-3.2071,47.6791],[-3.1932,47.6837],[-3.2074,47.6973],[-3.1784,47.71],[-3.1591,47.711],[-3.1697,47.7354],[-3.1932,47.7464],[-3.1774,47.7485],[-3.1532,47.742],[-3.1391,47.7526],[-3.1391,47.7247],[-3.118,47.7321],[-3.1112,47.7042],[-3.1863,47.6806],[-3.1984,47.6526],[-3.1967,47.6335],[-3.1665,47.6223],[-3.1412,47.598],[-3.1342,47.5808],[-3.1339,47.5439],[-3.1432,47.527],[-3.1438,47.507],[-3.1317,47.4782],[-3.1191,47.4826],[-3.0845,47.4782],[-3.1068,47.4958],[-3.1233,47.519],[-3.1289,47.5476],[-3.118,47.5812],[-3.1317,47.5881],[-3.112,47.5992],[-3.0907,47.5881],[-3.1037,47.5812],[-3.0738,47.5765],[-3.0424,47.5881],[-3.0157,47.5812],[-3.0217,47.5946],[-3.0118,47.6072],[-3.0034,47.5787],[-2.9886,47.5823],[-2.9945,47.5955],[-2.9613,47.5705],[-2.953,47.5744],[-2.9399,47.5608],[-2.9331,47.5744],[-2.9547,47.5915],[-2.9672,47.6126],[-2.9672,47.6365],[-2.9747,47.6638],[-2.9672,47.6638],[-2.958,47.6422],[-2.9331,47.6365],[-2.9448,47.6241],[-2.9399,47.6018],[-2.9127,47.6092],[-2.9194,47.5955],[-2.8668,47.6072],[-2.8477,47.6262],[-2.7961,47.6299],[-2.7754,47.6365],[-2.7891,47.6427],[-2.7582,47.6391],[-2.7345,47.6223],[-2.7754,47.6291],[-2.7086,47.6023],[-2.6998,47.6092],[-2.6969,47.6298],[-2.684,47.623],[-2.6886,47.6044],[-2.7277,47.5676],[-2.7202,47.5608],[-2.7414,47.5513],[-2.7687,47.5495],[-2.794,47.5551],[-2.8096,47.5676],[-2.8164,47.5465],[-2.8324,47.554],[-2.8506,47.5465],[-2.8653,47.5666],[-2.8926,47.5666],[-2.9092,47.5584],[-2.8899,47.5466],[-2.869,47.5422],[-2.8437,47.5124],[-2.8171,47.4992],[-2.7828,47.4994],[-2.7307,47.5116],[-2.714,47.5124],[-2.6807,47.5042],[-2.6671,47.5096],[-2.6655,47.5335],[-2.6431,47.5264],[-2.6178,47.5267],[-2.6239,47.5372],[-2.6383,47.5403],[-2.5923,47.5436],[-2.5768,47.5539],[-2.5994,47.5291],[-2.632,47.5198],[-2.6217,47.5134],[-2.6007,47.5198],[-2.5632,47.5198],[-2.5305,47.5272],[-2.5017,47.5267],[-2.4254,47.5062],[-2.3847,47.5071],[-2.4212,47.5002],[-2.4836,47.498],[-2.4947,47.4912],[-2.4806,47.4782],[-2.4889,47.4592],[-2.4611,47.4526]]],[[[-3.1147,47.3315],[-3.1516,47.3581],[-3.1765,47.3715],[-3.2496,47.3952],[-3.2621,47.3832],[-3.2376,47.3364],[-3.241,47.3206],[-3.2235,47.3122],[-3.1717,47.3016],[-3.0936,47.2966],[-3.067,47.3019],[-3.0628,47.3206],[-3.0727,47.3283],[-3.1027,47.3273],[-3.1147,47.3315]]],[[[-5.0503,48.4788],[-5.069,48.4851],[-5.0918,48.4808],[-5.1328,48.4652],[-5.1328,48.4583],[-5.1074,48.4634],[-5.088,48.4472],[-5.0366,48.4652],[-5.0503,48.4788]]]]},"properties":{"region":"Bretagne","name":"Bretagne"}},
{"type":"Feature","geometry":{"type":"Polygon","coordinates":[[[-1.0791,48.4987],[-1.0287,48.4931],[-0.9949,48.4933],[-0.9362,48.5073],[-0.8994,48.4969],[-0.8627,48.5018],[-0.8462,48.4922],[-0.8222,48.4598],[-0.8096,48.4512],[-0.7858,48.457],[-0.7544,48.4413],[-0.7356,48.4502],[-0.7234,48.4645],[-0.6646,48.4727],[-0.641,48.4546],[-0.5543,48.4683],[-0.535,48.4763],[-0.501,48.5012],[-0.4704,48.5071],[-0.4199,48.5041],[-0.3526,48.4919],[-0.3379,48.4937],[-0.3191,48.5123],[-0.294,48.5185],[-0.2713,48.5181],[-0.2489,48.5268],[-0.2414,48.5393],[-0.2445,48.5529],[-0.2335,48.5613],[-0.1711,48.5451],[-0.1582,48.5328],[-0.1665,48.5145],[-0.1544,48.4899],[-0.1209,48.4632],[-0.0882,48.4486],[-0.0701,48.4472],[-0.0567,48.4316],[-0.0527,48.3806],[0.0065,48.3855],[0.0472,48.3788],[0.0671,48.3839],[0.0737,48.4017],[0.1107,48.4105],[0.1427,48.4398],[0.1925,48.4602],[0.2806,48.4741],[0.3099,48.4716],[0.3519,48.4589],[0.3715,48.4485],[0.3782,48.4247],[0.3731,48.3978],[0.374,48.3697],[0.3905,48.3329],[0.4161,48.3158],[0.4432,48.3047],[0.4857,48.3069],[0.4983,48.2965],[0.5011,48.2711],[0.5152,48.2658],[0.6004,48.2498],[0.6379,48.2488],[0.6454,48.2534],[0.6671,48.2479],[0.7061,48.21],[0.7262,48.1947],[0.7706,48.1808],[0.7984,48.186],[0.8175,48.195],[0.8274,48.209],[0.8173,48.228],[0.7968,48.2532],[0.7979,48.2895],[0.7751,48.3129],[0.7886,48.335],[0.8271,48.3403],[0.8949,48.3594],[0.9165,48.3687],[0.9449,48.3876],[0.9567,48.4067],[0.9798,48.4331],[0.9787,48.441],[0.9531,48.4636],[0.9469,48.479],[0.953,48.5093],[0.9455,48.523],[0.8926,48.562],[0.8504,48.583],[0.8228,48.6206],[0.8164,48.6651],[0.8488,48.6883],[0.8727,48.699],[0.968,48.7171],[1.0094,48.7209],[1.0389,48.7477],[1.0968,48.7524],[1.105,48.7741],[1.1261,48.7764],[1.1537,48.7604],[1.1839,48.7557],[1.2189,48.7578],[1.2474,48.75],[1.2582,48.7516],[1.3237,48.7754],[1.3441,48.7877],[1.3553,48.8113],[1.3724,48.8308],[1.3952,48.8444],[1.4355,48.859],[1.4514,48.8708],[1.4542,48.8884],[1.4453,48.9096],[1.4528,48.923],[1.4928,48.9395],[1.4883,48.9733],[1.4565,48.981],[1.4507,48.9923],[1.4531,49.0215],[1.4435,49.0357],[1.454,49.0486],[1.5812,49.0686],[1.6199,49.0826],[1.6681,49.1907],[1.6981,49.2307],[1.6909,49.2497],[1.7051,49.2656],[1.7256,49.2704],[1.7678,49.2458],[1.7834,49.2512],[1.7766,49.2672],[1.7499,49.311],[1.7212,49.3821],[1.7166,49.4238],[1.7375,49.4646],[1.7616,49.478],[1.7695,49.4988],[1.7616,49.5084],[1.726,49.5031],[1.7125,49.5099],[1.7054,49.5552],[1.6967,49.5774],[1.6936,49.627],[1.6809,49.6451],[1.7191,49.6643],[1.7349,49.6853],[1.7208,49.6945],[1.6807,49.689],[1.6854,49.7096],[1.7282,49.7526],[1.7545,49.7656],[1.7409,49.798],[1.7102,49.835],[1.6954,49.8742],[1.6809,49.8885],[1.5164,50.0007],[1.3731,50.0657],[1.261,50.0075],[1.2212,49.979],[1.197,49.9736],[1.1726,49.961],[0.7609,49.8751],[0.6748,49.8758],[0.5967,49.8572],[0.5574,49.8398],[0.5228,49.833],[0.3976,49.7844],[0.3875,49.7751],[0.2359,49.7293],[0.1859,49.7032],[0.1709,49.6916],[0.1309,49.6035],[0.0797,49.5422],[0.0786,49.5155],[0.0928,49.5093],[0.1044,49.4936],[0.1473,49.4809],[0.1853,49.48],[0.2568,49.4641],[0.3396,49.4567],[0.4221,49.4644],[0.4932,49.4936],[0.4573,49.4674],[0.4113,49.4521],[0.1624,49.4152],[0.096,49.3837],[0.072,49.3593],[0.0403,49.3504],[0.0129,49.3346],[-0.0338,49.3201],[-0.1941,49.2952],[-0.2195,49.2801],[-0.3131,49.3173],[-0.3634,49.325],[-0.4111,49.3428],[-0.4795,49.3428],[-0.5225,49.3553],[-0.5469,49.359],[-0.5834,49.3459],[-0.608,49.3474],[-0.6508,49.3559],[-0.8221,49.3627],[-0.9404,49.3923],[-1.0723,49.3968],[-1.1064,49.3795],[-1.1138,49.3658],[-1.1034,49.349],[-1.1229,49.3454],[-1.1517,49.3627],[-1.182,49.3562],[-1.1852,49.3664],[-1.1742,49.3824],[-1.1757,49.4152],[-1.1853,49.4304],[-1.2616,49.4932],[-1.2765,49.5207],[-1.3063,49.5581],[-1.3014,49.5818],[-1.2862,49.5889],[-1.264,49.5893],[-1.2533,49.6123],[-1.2278,49.6241],[-1.2322,49.6414],[-1.2541,49.6718],[-1.2631,49.6955],[-1.2711,49.6984],[-1.3913,49.7127],[-1.4557,49.7022],[-1.4701,49.6951],[-1.5115,49.6625],[-1.5404,49.6578],[-1.5729,49.6643],[-1.5973,49.6523],[-1.6139,49.6522],[-1.6172,49.6643],[-1.633,49.6635],[-1.7078,49.6802],[-1.8118,49.6907],[-1.8246,49.7084],[-1.8394,49.7154],[-1.8673,49.7127],[-1.9084,49.7264],[-1.9352,49.7241],[-1.9456,49.678],[-1.9016,49.6658],[-1.8695,49.6617],[-1.8606,49.6548],[-1.8395,49.6198],[-1.8437,49.5718],[-1.8502,49.5617],[-1.8784,49.5449],[-1.8847,49.5309],[-1.8437,49.4936],[-1.8382,49.4758],[-1.8165,49.4452],[-1.8196,49.3968],[-1.8068,49.3769],[-1.768,49.3837],[-1.7755,49.3701],[-1.7557,49.3625],[-1.7148,49.3385],[-1.7067,49.3559],[-1.6991,49.3559],[-1.6862,49.3292],[-1.7067,49.3292],[-1.6869,49.3024],[-1.6582,49.2875],[-1.6719,49.2801],[-1.6571,49.2684],[-1.6405,49.2315],[-1.6247,49.2193],[-1.6169,49.2382],[-1.5953,49.2379],[-1.5484,49.2255],[-1.5484,49.2193],[-1.5845,49.2263],[-1.6027,49.2254],[-1.6104,49.2159],[-1.6045,49.1782],[-1.5893,49.1435],[-1.5695,49.1435],[-1.5959,49.1285],[-1.6077,49.1027],[-1.6034,49.084],[-1.5893,49.0821],[-1.5959,49.0613],[-1.5967,49.0374],[-1.5795,49.0132],[-1.5684,49.0327],[-1.5497,49.0398],[-1.5273,49.0398],[-1.508,49.0275],[-1.5323,49.0351],[-1.5458,49.0303],[-1.5522,49.0154],[-1.5631,48.9576],[-1.542,48.9441],[-1.5484,48.9238],[-1.557,48.9323],[-1.5637,48.9221],[-1.5718,48.8742],[-1.6029,48.8419],[-1.5788,48.8378],[-1.5668,48.8222],[-1.5621,48.7708],[-1.5536,48.7471],[-1.5165,48.7252],[-1.508,48.7016],[-1.4902,48.6901],[-1.4558,48.6834],[-1.4433,48.6628],[-1.4329,48.6706],[-1.3946,48.6683],[-1.3723,48.6606],[-1.3566,48.6433],[-1.3931,48.6524],[-1.5006,48.6365],[-1.5797,48.6433],[-1.5897,48.6418],[-1.5802,48.6201],[-1.5558,48.586],[-1.5288,48.5307],[-1.4987,48.4949],[-1.4483,48.4658],[-1.4102,48.4632],[-1.3817,48.4704],[-1.3357,48.495],[-1.2949,48.5089],[-1.2657,48.5355],[-1.2228,48.5352],[-1.1207,48.5158],[-1.0791,48.4987]]]},"properties":{"region":"Normandie","name":"Normandie"}},
{"type":"Feature","geometry":{"type":"Polygon","coordinates":[[[-60.8104,14.462],[-60.8253,14.5104],[-60.8384,14.5166],[-60.8248,14.5302],[-60.8364,14.553],[-60.8321,14.5786],[-60.8452,14.5712],[-60.8484,14.5961],[-60.8651,14.6017],[-60.8732,14.6196],[-60.8934,14.6308],[-60.9073,14.6538],[-60.8868,14.6605],[-60.9203,14.6749],[-60.9289,14.6635],[-60.9393,14.675],[-60.9271,14.6811],[-60.9346,14.6885],[-60.9073,14.7028],[-60.9189,14.7122],[-60.9346,14.709],[-60.9367,14.7313],[-60.9338,14.7503],[-60.9262,14.7556],[-60.9141,14.7363],[-60.893,14.7574],[-60.8954,14.7638],[-60.8793,14.7773],[-60.9032,14.7771],[-60.9266,14.7711],[-60.9469,14.7614],[-60.9613,14.7499],[-60.979,14.7847],[-60.9906,14.7879],[-61.0023,14.8114],[-61.0186,14.8217],[-61.0579,14.8387],[-61.102,14.8662],[-61.1359,14.8769],[-61.171,14.8764],[-61.2106,14.8544],[-61.2262,14.8355],[-61.2288,14.822],[-61.2191,14.7955],[-61.1905,14.7663],[-61.1771,14.7449],[-61.1748,14.7329],[-61.1816,14.713],[-61.1702,14.6964],[-61.1596,14.6669],[-61.1416,14.6501],[-61.1059,14.6265],[-61.0959,14.6103],[-61.0859,14.6046],[-61.0436,14.6055],[-61.0165,14.6128],[-61.0143,14.5959],[-60.996,14.565],[-61.0033,14.5505],[-61.0177,14.5453],[-61.0333,14.5499],[-61.0438,14.565],[-61.0523,14.5571],[-61.0785,14.5446],[-61.1059,14.5166],[-61.0924,14.5083],[-61.0916,14.4968],[-61.0696,14.4667],[-61.0612,14.462],[-61.0464,14.4642],[-61.0216,14.474],[-61.006,14.4763],[-60.9476,14.4687],[-60.9134,14.4721],[-60.9141,14.462],[-60.8981,14.4609],[-60.8685,14.476],[-60.8589,14.462],[-60.8599,14.4467],[-60.8808,14.438],[-60.8868,14.4278],[-60.8825,14.4133],[-60.8706,14.4081],[-60.8452,14.4141],[-60.8348,14.4276],[-60.8227,14.4567],[-60.8104,14.462]]]},"properties":{"region":"Martinique","name":"Martinique"}},
{"type":"Feature","geometry":{"type":"MultiPolygon","coordinates":[[[[-61.194,15.9321],[-61.1974,15.9451],[-61.2124,15.9589],[-61.224,15.9875],[-61.2439,16.004],[-61.2683,16.0093],[-61.2902,15.9975],[-61.3153,15.9669],[-61.3182,15.9525],[-61.332,15.932],[-61.3217,15.9191],[-61.3182,15.9045],[-61.3051,15.8785],[-61.2749,15.8738],[-61.2407,15.8818],[-61.2157,15.8939],[-61.1977,15.9106],[-61.194,15.9321]]],[[[-60.9892,16.3464],[-61.0149,16.354],[-61.0391,16.3445],[-61.0785,16.3122],[-61.0916,16.3054],[-61.0686,16.3022],[-61.0399,16.3139],[-60.9892,16.3464]]],[[[-61.5517,16.2855],[-61.558,16.2917],[-61.5705,16.2897],[-61.5851,16.2713],[-61.6158,16.3118],[-61.6501,16.3293],[-61.687,16.3417],[-61.722,16.3509],[-61.7379,16.3653],[-61.7564,16.3607],[-61.7708,16.3488],[-61.7876,16.3203],[-61.7974,16.3122],[-61.7939,16.2991],[-61.7974,16.2508],[-61.7794,16.2172],[-61.7843,16.2023],[-61.7694,16.1665],[-61.7686,16.0876],[-61.7564,16.0522],[-61.7478,16.0467],[-61.7328,16.014],[-61.702,15.9899],[-61.6949,15.9765],[-61.7024,15.9696],[-61.6949,15.9492],[-61.6434,15.9704],[-61.5975,15.9967],[-61.566,16.0335],[-61.5577,16.0863],[-61.5646,16.1409],[-61.5773,16.1759],[-61.5795,16.2223],[-61.5727,16.2326],[-61.548,16.2384],[-61.5554,16.2582],[-61.5517,16.2855]]],[[[-61.5442,16.2854],[-61.5483,16.258],[-61.5338,16.2334],[-61.5034,16.2133],[-61.4837,16.2059],[-61.4621,16.2023],[-61.4444,16.2051],[-61.4107,16.2195],[-61.2344,16.2583],[-61.2113,16.2507],[-61.1748,16.244],[-61.1636,16.253],[-61.1884,16.2638],[-61.2426,16.3004],[-61.2589,16.3092],[-61.2902,16.3327],[-61.3215,16.3349],[-61.3318,16.3402],[-61.3387,16.3327],[-61.3657,16.3488],[-61.3766,16.3596],[-61.3942,16.3894],[-61.3932,16.4255],[-61.3976,16.4519],[-61.4094,16.4725],[-61.4268,16.4892],[-61.4593,16.5118],[-61.5058,16.487],[-61.5343,16.4493],[-61.5236,16.3948],[-61.4962,16.3812],[-61.4997,16.3532],[-61.5181,16.3489],[-61.5277,16.3378],[-61.5442,16.2854]]],[[[-61.6247,15.8712],[-61.6346,15.8662],[-61.6383,15.8532],[-61.6276,15.847],[-61.6161,15.8601],[-61.6247,15.8712]]],[[[-61.5665,15.8784],[-61.5739,15.8834],[-61.5957,15.8629],[-61.5822,15.8618],[-61.5665,15.8784]]]]},"properties":{"region":"Guadeloupe","name":"Guadeloupe"}},
{"type":"Feature","geometry":{"type":"Polygon","coordinates":[[[55.7879,-21.1034],[55.7705,-21.0738],[55.7468,-21.0626],[55.7366,-21.0178],[55.7121,-20.9936],[55.7066,-20.9821],[55.7028,-20.9494],[55.6953,-20.9352],[55.6738,-20.9132],[55.6506,-20.898],[55.6058,-20.8883],[55.5784,-20.8748],[55.5425,-20.8751],[55.5271,-20.87],[55.514,-20.8752],[55.4725,-20.8632],[55.4558,-20.8614],[55.408,-20.8632],[55.364,-20.8862],[55.3359,-20.905],[55.303,-20.9052],[55.2874,-20.9117],[55.2954,-20.9218],[55.2874,-20.9322],[55.2923,-20.9467],[55.2879,-20.9648],[55.2754,-20.9802],[55.2419,-20.9934],[55.2312,-21.0097],[55.2254,-21.0297],[55.2254,-21.0483],[55.2332,-21.0693],[55.2463,-21.0909],[55.2884,-21.1436],[55.2956,-21.1996],[55.3076,-21.2194],[55.3423,-21.2575],[55.3545,-21.2746],[55.3978,-21.2776],[55.4178,-21.302],[55.4343,-21.3116],[55.4754,-21.3269],[55.5056,-21.3337],[55.5371,-21.3551],[55.5545,-21.3635],[55.6016,-21.3704],[55.6268,-21.3694],[55.6438,-21.3635],[55.6599,-21.3696],[55.6831,-21.3708],[55.7066,-21.3674],[55.738,-21.3517],[55.7557,-21.3489],[55.7913,-21.3499],[55.812,-21.3425],[55.8208,-21.325],[55.8242,-21.2643],[55.8406,-21.1905],[55.8545,-21.157],[55.8499,-21.1376],[55.8376,-21.1262],[55.8018,-21.112],[55.7879,-21.1034]]]},"properties":{"region":"Réunion","name":"Réunion"}},
{"type":"Feature","geometry":{"type":"MultiPolygon","coordinates":[[[[45.2622,-12.7634],[45.2757,-12.8049],[45.2826,-12.8049],[45.2909,-12.774],[45.2826,-12.7434],[45.2622,-12.7634]]],[[[45.2007,-12.7229],[45.1838,-12.7179],[45.1526,-12.7182],[45.1289,-12.7075],[45.1106,-12.6858],[45.0905,-12.6671],[45.0972,-12.6608],[45.0908,-12.6472],[45.0425,-12.6984],[45.0452,-12.7252],[45.0567,-12.7434],[45.0872,-12.7597],[45.0942,-12.8028],[45.1045,-12.8328],[45.084,-12.839],[45.1133,-12.8634],[45.1318,-12.8874],[45.1365,-12.9039],[45.1341,-12.9169],[45.1248,-12.9215],[45.1079,-12.9117],[45.0901,-12.891],[45.0729,-12.8884],[45.0625,-12.8985],[45.0812,-12.9083],[45.0902,-12.924],[45.0884,-12.9404],[45.0703,-12.9489],[45.0703,-12.955],[45.0945,-12.9582],[45.0972,-12.9824],[45.1067,-12.9781],[45.1318,-12.9892],[45.1599,-12.9786],[45.1659,-12.9892],[45.1864,-12.9688],[45.1682,-12.9443],[45.1753,-12.924],[45.1917,-12.905],[45.2109,-12.8653],[45.2131,-12.8518],[45.1952,-12.8405],[45.1882,-12.8171],[45.197,-12.8117],[45.2206,-12.7775],[45.2248,-12.7457],[45.2176,-12.7341],[45.2007,-12.7229]]]]},"properties":{"region":"Mayotte","name":"Mayotte"}},
{"type":"Feature","geometry":{"type":"MultiPolygon","coordinates":[[[[9.4566,42.6474],[9.4768,42.6191],[9.4821,42.6201],[9.4566,42.6474]]],[[[8.5705,42.3818],[8.5521,42.3867],[8.5497,42.3658],[8.5596,42.3464],[8.5521,42.3389],[8.5916,42.3511],[8.6128,42.3524],[8.6348,42.3389],[8.5999,42.3219],[8.6053,42.3105],[8.6252,42.3192],[8.6348,42.3048],[8.672,42.2912],[8.6887,42.281],[8.6808,42.2728],[8.6511,42.2604],[8.6108,42.2546],[8.5863,42.2434],[8.5495,42.2423],[8.5453,42.2329],[8.5741,42.2199],[8.5658,42.2086],[8.5778,42.2044],[8.5776,42.1849],[8.5658,42.1745],[8.5938,42.1745],[8.5938,42.1671],[8.5691,42.155],[8.5938,42.1466],[8.5863,42.1335],[8.6296,42.1301],[8.6477,42.122],[8.6609,42.1055],[8.6992,42.1093],[8.7235,42.0721],[8.745,42.0566],[8.7434,42.0441],[8.7061,42.0305],[8.6843,42.0256],[8.6646,42.0145],[8.6561,42.0029],[8.6688,41.9963],[8.655,41.9787],[8.6355,41.9726],[8.5863,41.969],[8.6144,41.9441],[8.6187,41.9305],[8.6073,41.9138],[8.6143,41.9008],[8.6476,41.9118],[8.6887,41.9138],[8.7103,41.9188],[8.7444,41.9328],[8.7644,41.9343],[8.7814,41.9288],[8.8034,41.9005],[8.7781,41.8728],[8.7918,41.8591],[8.7837,41.8536],[8.7508,41.8455],[8.7723,41.8404],[8.7849,41.8244],[8.7523,41.8098],[8.7319,41.8046],[8.7092,41.8045],[8.722,41.7824],[8.7092,41.7636],[8.6963,41.7582],[8.6551,41.7499],[8.6887,41.7418],[8.703,41.7425],[8.6956,41.7294],[8.7191,41.7307],[8.7601,41.7427],[8.7849,41.7425],[8.7761,41.7224],[8.7888,41.7126],[8.8364,41.7089],[8.8992,41.6955],[8.9227,41.6946],[8.9107,41.6838],[8.8858,41.6709],[8.8726,41.6511],[8.819,41.6326],[8.8018,41.6391],[8.792,41.6251],[8.7781,41.5916],[8.7964,41.5806],[8.7918,41.5612],[8.8239,41.55],[8.8533,41.5439],[8.8396,41.5308],[8.8737,41.5234],[8.8836,41.5112],[8.9069,41.5073],[8.9357,41.4892],[8.951,41.4919],[9.001,41.4831],[9.0183,41.4687],[9.0387,41.4761],[9.0387,41.4619],[9.0682,41.4795],[9.0798,41.4761],[9.0666,41.4619],[9.1052,41.4455],[9.1213,41.4346],[9.1073,41.4293],[9.0964,41.4035],[9.1222,41.395],[9.1691,41.3862],[9.1939,41.3691],[9.2067,41.3659],[9.2232,41.3725],[9.2466,41.4129],[9.2503,41.4278],[9.2107,41.4073],[9.22,41.4196],[9.2201,41.435],[9.2107,41.4482],[9.228,41.45],[9.2708,41.4687],[9.2647,41.4761],[9.2791,41.4916],[9.2647,41.5029],[9.2687,41.51],[9.2647,41.5308],[9.282,41.5333],[9.2997,41.5533],[9.3411,41.5693],[9.3542,41.5954],[9.3451,41.6045],[9.325,41.602],[9.2922,41.5916],[9.2786,41.5984],[9.294,41.6176],[9.2922,41.6264],[9.3333,41.6245],[9.3467,41.6196],[9.3452,41.6403],[9.3731,41.6452],[9.3807,41.6742],[9.367,41.6742],[9.3812,41.6927],[9.4016,41.7064],[9.403,41.7797],[9.3943,41.848],[9.4028,41.9174],[9.4032,41.9529],[9.4238,41.9735],[9.4924,42.0478],[9.5186,42.0851],[9.5527,42.113],[9.5596,42.1466],[9.5523,42.1702],[9.5596,42.2946],[9.5554,42.3143],[9.537,42.3532],[9.5322,42.3737],[9.5354,42.4082],[9.5459,42.4351],[9.5334,42.4562],[9.53,42.4863],[9.5322,42.5444],[9.5186,42.581],[9.4896,42.6126],[9.5091,42.58],[9.5119,42.5655],[9.4849,42.5744],[9.4566,42.6064],[9.4617,42.6198],[9.4566,42.6344],[9.4429,42.6406],[9.4504,42.6536],[9.4504,42.7089],[9.4828,42.8023],[9.4844,42.8324],[9.4655,42.9235],[9.4701,42.9423],[9.4539,42.9638],[9.464,42.9901],[9.4356,43.0037],[9.4224,43.0174],[9.4043,43.0117],[9.363,43.0115],[9.3467,43.0037],[9.3418,42.9907],[9.3499,42.9572],[9.3602,42.9491],[9.3602,42.9286],[9.3303,42.9036],[9.3263,42.8853],[9.333,42.8671],[9.3057,42.8393],[9.3355,42.8076],[9.341,42.7901],[9.333,42.7709],[9.3425,42.7491],[9.3279,42.72],[9.2922,42.6748],[9.2853,42.6748],[9.2708,42.7022],[9.2578,42.7139],[9.2368,42.7226],[9.1851,42.7334],[9.1414,42.735],[9.1071,42.7259],[9.053,42.6816],[9.05,42.6622],[9.0183,42.6501],[8.9065,42.6325],[8.843,42.6081],[8.8054,42.6064],[8.8128,42.5996],[8.7988,42.5718],[8.7713,42.5581],[8.74,42.5723],[8.7235,42.5655],[8.7092,42.5792],[8.7163,42.562],[8.7108,42.5401],[8.7166,42.5307],[8.6804,42.5211],[8.6675,42.5097],[8.6597,42.4771],[8.6768,42.4725],[8.6614,42.4519],[8.6595,42.4299],[8.6509,42.4233],[8.6187,42.4196],[8.5986,42.3876],[8.5863,42.393],[8.5705,42.3818]]]]},"properties":{"region":"Corse","name":"Corse"}},
{"type":"Feature","geometry":{"type":"Polygon","coordinates":[[[0.0668,47.1537],[0.0921,47.1218],[0.1122,47.12],[0.1287,47.1273],[0.1403,47.121],[0.1403,47.103],[0.1602,47.0992],[0.1919,47.1023],[0.1967,47.0868],[0.1908,47.0655],[0.2001,47.0555],[0.2493,47.0636],[0.2649,47.0603],[0.2772,47.0453],[0.307,47.0426],[0.3118,47.0322],[0.3042,46.9995],[0.3036,46.9659],[0.3082,46.9515],[0.3267,46.9385],[0.3453,46.9357],[0.3887,46.9389],[0.4339,46.9327],[0.4573,46.9444],[0.4837,46.9508],[0.5631,46.9533],[0.5837,46.965],[0.5715,46.9835],[0.5691,47.0007],[0.5844,47.0013],[0.6399,46.977],[0.6718,46.966],[0.6928,46.9429],[0.7134,46.9001],[0.8315,46.7794],[0.8737,46.7562],[0.8946,46.7392],[0.9135,46.711],[0.9169,46.6899],[0.9082,46.6706],[0.907,46.6442],[0.916,46.6151],[0.9362,46.5955],[0.9596,46.5811],[1.0197,46.56],[1.0268,46.5383],[1.0388,46.5344],[1.1015,46.5344],[1.1294,46.5245],[1.1494,46.5005],[1.1424,46.4645],[1.1634,46.4484],[1.1829,46.441],[1.1947,46.4279],[1.177,46.387],[1.2211,46.3689],[1.2471,46.3677],[1.3047,46.3746],[1.321,46.3922],[1.3347,46.3971],[1.3541,46.3912],[1.3699,46.3722],[1.4144,46.3509],[1.4459,46.3649],[1.5114,46.4119],[1.5255,46.4144],[1.5618,46.4074],[1.5881,46.4102],[1.6024,46.4025],[1.6124,46.3838],[1.6408,46.3832],[1.6725,46.401],[1.6835,46.4026],[1.7253,46.3958],[1.7454,46.4031],[1.7524,46.4149],[1.7513,46.435],[1.7619,46.4502],[1.7799,46.451],[1.8093,46.4267],[1.8314,46.4205],[1.8615,46.4347],[1.8815,46.4382],[1.971,46.4364],[2.0115,46.4253],[2.0685,46.4254],[2.1023,46.4159],[2.1551,46.4237],[2.2539,46.4198],[2.2916,46.4684],[2.3155,46.4766],[2.3401,46.5006],[2.3996,46.5218],[2.4195,46.5252],[2.4546,46.5246],[2.4828,46.53],[2.5296,46.5322],[2.6135,46.5495],[2.6175,46.5658],[2.5855,46.6014],[2.5914,46.634],[2.5768,46.6559],[2.5869,46.6613],[2.6197,46.6614],[2.628,46.6893],[2.6533,46.6901],[2.7002,46.7173],[2.7222,46.7343],[2.7388,46.723],[2.7727,46.7133],[2.8055,46.7307],[2.8381,46.7259],[2.8676,46.7544],[2.9314,46.7832],[2.9758,46.7932],[3.0298,46.7909],[3.0343,46.8121],[3.0639,46.8529],[3.0732,46.8703],[3.0542,46.9133],[3.0756,46.974],[3.0708,47.0012],[3.0684,47.0455],[3.0364,47.0687],[3.0308,47.0833],[3.0335,47.1222],[3.0132,47.174],[2.9899,47.2161],[2.9804,47.2519],[2.9721,47.2669],[2.9446,47.2822],[2.9191,47.3052],[2.8928,47.3157],[2.875,47.3371],[2.8849,47.3579],[2.9089,47.3837],[2.9247,47.4124],[2.9321,47.4402],[2.9303,47.4529],[2.9078,47.474],[2.8818,47.5146],[2.856,47.5364],[2.8589,47.5443],[2.9097,47.5622],[2.9485,47.5627],[2.9693,47.5676],[2.9606,47.5833],[2.9311,47.6091],[2.9246,47.6271],[2.9343,47.6486],[2.9146,47.6775],[2.8667,47.7083],[2.8369,47.7159],[2.8309,47.7301],[2.8349,47.7491],[2.8603,47.7619],[2.9182,47.765],[2.9503,47.7791],[2.9826,47.7878],[3,47.8012],[2.9989,47.829],[3.0121,47.8472],[2.9963,47.8749],[2.9922,47.8999],[2.9992,47.9096],[3.0212,47.9111],[3.045,47.9299],[3.085,47.9488],[3.0937,47.9575],[3.1179,48.0008],[3.1123,48.0257],[3.0921,48.0439],[3.0615,48.0607],[3.0451,48.0764],[3.0268,48.1251],[3.0081,48.1419],[2.9566,48.1543],[2.9256,48.1559],[2.8251,48.1315],[2.7955,48.1332],[2.8032,48.1514],[2.7883,48.16],[2.7458,48.1544],[2.7187,48.134],[2.6848,48.1226],[2.548,48.1301],[2.4963,48.1218],[2.4668,48.1243],[2.4505,48.1341],[2.4508,48.1466],[2.4635,48.1564],[2.4976,48.1529],[2.5089,48.1626],[2.5002,48.1812],[2.5137,48.2066],[2.4932,48.2247],[2.4369,48.2498],[2.4201,48.2921],[2.3995,48.3145],[2.3604,48.3105],[2.316,48.328],[2.3054,48.3271],[2.2816,48.3106],[2.2559,48.3056],[2.2378,48.3132],[2.2305,48.3263],[2.2076,48.3391],[2.1906,48.3346],[2.1675,48.3097],[2.1335,48.2991],[1.9884,48.2767],[1.9723,48.2842],[1.9717,48.2949],[1.9997,48.3199],[1.9956,48.3291],[1.9772,48.3359],[1.9681,48.3466],[1.9582,48.3825],[1.9507,48.3929],[1.9231,48.4131],[1.9193,48.4445],[1.9111,48.4492],[1.8752,48.4441],[1.8497,48.4504],[1.801,48.4678],[1.7738,48.4858],[1.7638,48.5012],[1.7638,48.5356],[1.748,48.5621],[1.718,48.5751],[1.7053,48.5887],[1.6981,48.612],[1.6348,48.6429],[1.6114,48.6637],[1.6025,48.6814],[1.5789,48.6929],[1.5752,48.704],[1.6044,48.7371],[1.6055,48.7506],[1.5766,48.7619],[1.566,48.7874],[1.5752,48.8227],[1.5704,48.8454],[1.547,48.8684],[1.4928,48.9395],[1.4528,48.923],[1.4453,48.9096],[1.4542,48.8884],[1.4514,48.8708],[1.4355,48.859],[1.3952,48.8444],[1.3724,48.8308],[1.3553,48.8113],[1.3441,48.7877],[1.3237,48.7754],[1.2582,48.7516],[1.2474,48.75],[1.2189,48.7578],[1.1839,48.7557],[1.1537,48.7604],[1.1261,48.7764],[1.105,48.7741],[1.0968,48.7524],[1.0389,48.7477],[1.0094,48.7209],[0.968,48.7171],[0.8727,48.699],[0.8488,48.6883],[0.8164,48.6651],[0.8228,48.6206],[0.8504,48.583],[0.8926,48.562],[0.9455,48.523],[0.953,48.5093],[0.9469,48.479],[0.9531,48.4636],[0.9787,48.441],[0.9798,48.4331],[0.9567,48.4067],[0.9449,48.3876],[0.9165,48.3687],[0.8949,48.3594],[0.8271,48.3403],[0.7886,48.335],[0.7751,48.3129],[0.7979,48.2895],[0.7968,48.2532],[0.8173,48.228],[0.8274,48.209],[0.8175,48.195],[0.7984,48.186],[0.8471,48.161],[0.8887,48.1576],[0.9066,48.1527],[0.9126,48.1415],[0.8316,48.1029],[0.8326,48.0945],[0.8524,48.0814],[0.8431,48.0712],[0.8126,48.0694],[0.7973,48.0545],[0.8147,48.0294],[0.8395,48.0274],[0.8429,48.0114],[0.835,47.9904],[0.8342,47.9684],[0.8406,47.9546],[0.8284,47.9363],[0.7796,47.9071],[0.7706,47.8794],[0.77,47.8425],[0.7447,47.7875],[0.721,47.7706],[0.6918,47.7577],[0.6359,47.739],[0.6133,47.7229],[0.602,47.7015],[0.6125,47.6755],[0.5989,47.6681],[0.5712,47.6649],[0.5178,47.6463],[0.4778,47.64],[0.4513,47.6218],[0.4314,47.6212],[0.4083,47.6306],[0.3847,47.6241],[0.3819,47.6105],[0.3895,47.5856],[0.3714,47.5802],[0.3138,47.5919],[0.2418,47.6029],[0.2184,47.5605],[0.2148,47.5353],[0.2218,47.5022],[0.1902,47.4535],[0.1718,47.405],[0.1771,47.3774],[0.1499,47.3456],[0.1215,47.3201],[0.0995,47.2867],[0.0815,47.2302],[0.0668,47.1537]]]},"properties":{"region":"Centre-Val de Loire","name":"Centre-Val de Loire"}},
{"type":"Feature","geometry":{"type":"Polygon","coordinates":[[[1.6981,49.2307],[1.6681,49.1907],[1.6199,49.0826],[1.5812,49.0686],[1.454,49.0486],[1.4435,49.0357],[1.4531,49.0215],[1.4507,48.9923],[1.4565,48.981],[1.4883,48.9733],[1.4928,48.9395],[1.547,48.8684],[1.5704,48.8454],[1.5752,48.8227],[1.566,48.7874],[1.5766,48.7619],[1.6055,48.7506],[1.6044,48.7371],[1.5752,48.704],[1.5789,48.6929],[1.6025,48.6814],[1.6114,48.6637],[1.6348,48.6429],[1.6981,48.612],[1.7053,48.5887],[1.718,48.5751],[1.748,48.5621],[1.7638,48.5356],[1.7638,48.5012],[1.7738,48.4858],[1.801,48.4678],[1.8497,48.4504],[1.8752,48.4441],[1.9111,48.4492],[1.9193,48.4445],[1.9231,48.4131],[1.9507,48.3929],[1.9582,48.3825],[1.9681,48.3466],[1.9772,48.3359],[1.9956,48.3291],[1.9997,48.3199],[1.9717,48.2949],[1.9723,48.2842],[1.9884,48.2767],[2.1335,48.2991],[2.1675,48.3097],[2.1906,48.3346],[2.2076,48.3391],[2.2305,48.3263],[2.2378,48.3132],[2.2559,48.3056],[2.2816,48.3106],[2.3054,48.3271],[2.316,48.328],[2.3604,48.3105],[2.3995,48.3145],[2.4201,48.2921],[2.4369,48.2498],[2.4932,48.2247],[2.5137,48.2066],[2.5002,48.1812],[2.5089,48.1626],[2.4976,48.1529],[2.4635,48.1564],[2.4508,48.1466],[2.4505,48.1341],[2.4668,48.1243],[2.4963,48.1218],[2.548,48.1301],[2.6848,48.1226],[2.7187,48.134],[2.7458,48.1544],[2.7883,48.16],[2.8032,48.1514],[2.7955,48.1332],[2.8251,48.1315],[2.9256,48.1559],[2.9368,48.1939],[2.9474,48.2054],[2.9905,48.2212],[3.0023,48.2293],[3.0299,48.2683],[3.0158,48.2873],[3.0155,48.3206],[3.0318,48.3545],[3.0423,48.3618],[3.0924,48.3609],[3.1306,48.3723],[3.2065,48.3662],[3.3078,48.3779],[3.3367,48.3721],[3.355,48.3743],[3.3697,48.3931],[3.3954,48.4117],[3.3918,48.4211],[3.4005,48.4534],[3.3895,48.4679],[3.3966,48.4811],[3.4179,48.4931],[3.4196,48.5018],[3.4041,48.5193],[3.4114,48.5276],[3.4514,48.5333],[3.4613,48.5398],[3.4763,48.5697],[3.4936,48.5877],[3.5378,48.6134],[3.5082,48.6417],[3.4674,48.6388],[3.4593,48.6424],[3.455,48.6623],[3.4633,48.6856],[3.4513,48.7244],[3.4205,48.7504],[3.3988,48.7502],[3.3949,48.7602],[3.4058,48.7777],[3.4256,48.7905],[3.4093,48.8131],[3.464,48.8172],[3.4753,48.8288],[3.4779,48.8501],[3.4495,48.8469],[3.4186,48.8529],[3.3831,48.8708],[3.3746,48.8805],[3.3673,48.9148],[3.3564,48.9247],[3.3319,48.9174],[3.3199,48.9199],[3.176,49.0043],[3.1656,49.0237],[3.1756,49.0461],[3.159,49.0781],[3.1409,49.0931],[3.0797,49.1062],[3.0453,49.0923],[3.0163,49.0921],[2.9786,49.0781],[2.9536,49.0889],[2.9379,49.0845],[2.8594,49.075],[2.8045,49.0859],[2.7849,49.0855],[2.7635,49.0704],[2.7458,49.0679],[2.7121,49.0821],[2.6806,49.0758],[2.651,49.0941],[2.6265,49.0978],[2.5833,49.0845],[2.5621,49.0961],[2.5357,49.1178],[2.5092,49.1126],[2.3349,49.1764],[2.3006,49.1764],[2.2665,49.1619],[2.2378,49.1631],[2.1739,49.182],[2.1346,49.185],[2.1087,49.1943],[2.081,49.2107],[2.0448,49.2036],[2.0021,49.1824],[1.9676,49.1749],[1.9204,49.174],[1.8857,49.1678],[1.839,49.1754],[1.7921,49.1859],[1.7375,49.1895],[1.7186,49.2036],[1.7125,49.2215],[1.6981,49.2307]]]},"properties":{"region":"Île-de-France","name":"Île-de-France"}}
]}