{"type":"FeatureCollection", "features": [
{"type":"Feature","geometry":{"type":"Polygon","coordinates":[[[12.1013,50.314],[12.1493,50.3117],[12.1685,50.303],[12.1744,50.2937],[12.1741,50.2766],[12.178,50.2688],[12.1892,50.2625],[12.2038,50.2596],[12.2325,50.2591],[12.2396,50.2566],[12.2424,50.2484],[12.2298,50.2391],[12.2325,50.2325],[12.25,50.2212],[12.2585,50.2109],[12.2612,50.1999],[12.2732,50.1723],[12.2834,50.1622],[12.3004,50.1608],[12.3144,50.1673],[12.3144,50.1762],[12.3056,50.1993],[12.3087,50.2171],[12.3141,50.2265],[12.3338,50.2427],[12.3365,50.2586],[12.3447,50.2664],[12.3672,50.2791],[12.3982,50.3152],[12.4089,50.322],[12.4383,50.3325],[12.469,50.3456],[12.4668,50.3549],[12.4751,50.3694],[12.5102,50.3888],[12.5505,50.3964],[12.6254,50.3999],[12.6788,50.3937],[12.6918,50.3947],[12.703,50.4015],[12.7251,50.4234],[12.7379,50.4315],[12.7542,50.4353],[12.7881,50.4343],[12.8084,50.4418],[12.8258,50.4414],[12.9184,50.4054],[12.9526,50.4042],[12.9824,50.423],[12.9966,50.4337],[13.0031,50.4519],[13.0096,50.4927],[13.0263,50.4976],[13.0511,50.4911],[13.0698,50.4911],[13.1074,50.499],[13.1601,50.497],[13.1847,50.5088],[13.1991,50.5253],[13.2323,50.582],[13.2518,50.5809],[13.2846,50.569],[13.3056,50.5758],[13.3219,50.6024],[13.3594,50.6193],[13.3688,50.6283],[13.381,50.6255],[13.407,50.6013],[13.4293,50.5943],[13.4479,50.5973],[13.4649,50.6071],[13.4823,50.6209],[13.4982,50.6292],[13.4933,50.6432],[13.51,50.6512],[13.5233,50.6622],[13.5272,50.6757],[13.5156,50.691],[13.5566,50.7067],[13.6019,50.7122],[13.6918,50.7118],[13.711,50.7143],[13.7491,50.7232],[13.7707,50.7246],[13.8166,50.7214],[13.8345,50.7237],[13.8635,50.7351],[13.8754,50.7365],[13.8822,50.7427],[13.8791,50.7635],[13.8833,50.7732],[13.8925,50.7804],[13.9233,50.78],[13.9335,50.7848],[13.9488,50.7972],[13.9596,50.8021],[13.9791,50.8048],[14.0157,50.8018],[14.0349,50.8026],[14.1908,50.8479],[14.203,50.8551],[14.2213,50.8726],[14.2321,50.8794],[14.2681,50.8841],[14.3465,50.8802],[14.3759,50.896],[14.3819,50.9209],[14.3552,50.9306],[14.3183,50.9375],[14.2928,50.9535],[14.2937,50.964],[14.3038,50.9697],[14.2838,50.9748],[14.25,50.9776],[14.2383,50.9825],[14.2495,50.9927],[14.2636,51.0214],[14.2875,51.0368],[14.3194,51.04],[14.3566,51.0323],[14.3759,51.017],[14.3978,51.0131],[14.4258,51.0209],[14.4621,51.0197],[14.4735,51.0234],[14.4821,51.0372],[14.4935,51.0167],[14.5029,51.0085],[14.5153,51.003],[14.5423,50.9987],[14.5546,50.9927],[14.5743,50.9755],[14.5774,50.9657],[14.5756,50.9507],[14.5558,50.9243],[14.5504,50.9121],[14.5618,50.9064],[14.6171,50.9209],[14.6292,50.9207],[14.6346,50.9094],[14.6288,50.8961],[14.6119,50.871],[14.6083,50.8531],[14.6132,50.8456],[14.6479,50.8394],[14.6622,50.8344],[14.7004,50.816],[14.7375,50.8107],[14.7592,50.8102],[14.7754,50.813],[14.7946,50.8316],[14.8104,50.8584],[14.8105,50.8771],[14.8247,50.8918],[14.8602,50.9168],[14.9106,50.9927],[14.9553,51.064],[14.9583,51.0755],[14.9603,51.1046],[14.98,51.1228],[14.9832,51.1609],[14.9914,51.189],[15.0049,51.2156],[15.0221,51.2368],[15.0143,51.2427],[15.0195,51.2717],[15.0049,51.2913],[14.9823,51.308],[14.9638,51.3284],[14.9566,51.3542],[14.9469,51.4229],[14.9554,51.4354],[14.9451,51.4492],[14.911,51.469],[14.8883,51.4757],[14.8414,51.4844],[14.7975,51.5021],[14.7322,51.5158],[14.71,51.5302],[14.7068,51.5408],[14.6634,51.5421],[14.6204,51.5533],[14.5954,51.5625],[14.5735,51.5651],[14.5526,51.5645],[14.5093,51.5569],[14.3772,51.5155],[14.3386,51.5099],[14.3047,51.5241],[14.2689,51.5324],[14.221,51.5363],[14.1588,51.5269],[14.1185,51.513],[14.1061,51.5059],[14.067,51.4739],[14.0611,51.4664],[14.0593,51.4507],[14.0439,51.4281],[13.9879,51.3779],[13.9703,51.3592],[13.9606,51.357],[13.9384,51.3614],[13.7665,51.348],[13.7311,51.3502],[13.6144,51.3553],[13.5683,51.3648],[13.5551,51.3663],[13.5339,51.3637],[13.5217,51.3669],[13.5052,51.3825],[13.4795,51.3933],[13.4577,51.407],[13.4108,51.4214],[13.3874,51.4197],[13.3631,51.4083],[13.2708,51.3886],[13.2522,51.3852],[13.2392,51.3987],[13.2194,51.4029],[13.2145,51.3966],[13.2035,51.3977],[13.1877,51.3852],[13.1813,51.388],[13.1739,51.4068],[13.1932,51.4226],[13.1982,51.4328],[13.1981,51.4667],[13.189,51.4762],[13.2105,51.4909],[13.2031,51.518],[13.196,51.5286],[13.1751,51.5365],[13.1653,51.5453],[13.1715,51.5662],[13.1661,51.5733],[13.1409,51.5854],[13.1226,51.5831],[13.1011,51.5909],[13.0731,51.6124],[13.0617,51.6151],[13.0438,51.6179],[13.0229,51.6317],[13.0087,51.6367],[12.9906,51.6291],[12.9778,51.6277],[12.9642,51.638],[12.9419,51.6451],[12.9147,51.6499],[12.902,51.6554],[12.891,51.6701],[12.862,51.6683],[12.8531,51.6598],[12.8008,51.6327],[12.7816,51.627],[12.7522,51.635],[12.7153,51.6382],[12.7006,51.6329],[12.6829,51.6127],[12.6621,51.6015],[12.6505,51.6012],[12.6414,51.6065],[12.5451,51.596],[12.5324,51.6018],[12.4593,51.6043],[12.4435,51.6015],[12.4394,51.5822],[12.4306,51.5725],[12.3564,51.5678],[12.3059,51.5523],[12.2673,51.5533],[12.2354,51.5622],[12.2222,51.5425],[12.1954,51.5287],[12.1954,51.482],[12.1907,51.4701],[12.1731,51.4572],[12.157,51.449],[12.1587,51.4257],[12.1676,51.4143],[12.171,51.3915],[12.17,51.3754],[12.1848,51.3513],[12.186,51.3365],[12.1817,51.3248],[12.1727,51.3204],[12.1581,51.3199],[12.146,51.3136],[12.1369,51.3028],[12.1323,51.2918],[12.1403,51.2736],[12.1417,51.2529],[12.1609,51.2366],[12.1646,51.2265],[12.168,51.1974],[12.1632,51.1867],[12.1528,51.1776],[12.1533,51.17],[12.1841,51.1641],[12.1795,51.1368],[12.189,51.1249],[12.2112,51.1116],[12.2149,51.0949],[12.2226,51.089],[12.2646,51.0838],[12.3289,51.0878],[12.4837,51.0583],[12.4914,51.0285],[12.522,50.995],[12.5324,50.9797],[12.5457,50.9713],[12.5738,50.9631],[12.6022,50.9525],[12.6261,50.9287],[12.6472,50.8999],[12.6469,50.8924],[12.6303,50.8865],[12.6109,50.8701],[12.6017,50.8764],[12.5816,50.8754],[12.5493,50.8783],[12.5275,50.8766],[12.5078,50.8815],[12.5007,50.8697],[12.4628,50.8566],[12.4421,50.8412],[12.4244,50.8243],[12.4065,50.8288],[12.3774,50.8272],[12.3642,50.8233],[12.3308,50.8064],[12.258,50.7925],[12.2568,50.7823],[12.2691,50.7736],[12.2855,50.7693],[12.2872,50.7609],[12.2729,50.7499],[12.2597,50.7482],[12.2492,50.7426],[12.2416,50.7311],[12.2412,50.7222],[12.258,50.7231],[12.2706,50.7149],[12.2655,50.701],[12.272,50.6869],[12.2788,50.6797],[12.2897,50.6762],[12.3124,50.6767],[12.3218,50.674],[12.3015,50.6516],[12.29,50.6434],[12.2529,50.6263],[12.2281,50.6254],[12.209,50.6279],[12.1869,50.6264],[12.1587,50.6037],[12.1603,50.5837],[12.1533,50.5682],[12.1454,50.5625],[12.1184,50.557],[12.097,50.5633],[12.0812,50.5613],[12.0588,50.5375],[12.0485,50.5316],[12.0281,50.5345],[12.0178,50.544],[12.0011,50.5482],[11.9894,50.5461],[11.9683,50.5274],[11.9447,50.5159],[11.9277,50.4974],[11.9258,50.4884],[11.9424,50.4783],[11.9475,50.4622],[11.9371,50.4532],[11.9311,50.4403],[11.915,50.4369],[11.8997,50.4293],[11.8974,50.4234],[11.9053,50.4152],[11.9317,50.4169],[11.9405,50.4145],[11.9602,50.3942],[11.9812,50.3853],[11.986,50.3516],[12.0399,50.3288],[12.0653,50.3279],[12.0937,50.3226],[12.1013,50.314]]]},"properties":{"name":"Sachsen","name_en":"Saxony","name_ja":"ザクセン州","name_zh":"萨克森","name_ko":"작센","adm0_a3":"DEU","postal":"SN","iso_3166_2":"DE-SN","type_en":"State","geonunit":"Germany"}},
{"type":"Feature","geometry":{"type":"Polygon","coordinates":[[[12.1013,50.314],[12.0937,50.3226],[12.0653,50.3279],[12.0399,50.3288],[11.986,50.3516],[11.9812,50.3853],[11.9602,50.3942],[11.9405,50.4145],[11.9317,50.4169],[11.9053,50.4152],[11.8675,50.4013],[11.8496,50.3983],[11.8288,50.3911],[11.8245,50.3991],[11.8009,50.4085],[11.7967,50.4135],[11.7847,50.4143],[11.7612,50.4115],[11.757,50.4061],[11.7396,50.4028],[11.6212,50.3868],[11.5916,50.3945],[11.5698,50.3946],[11.5591,50.3839],[11.5317,50.3784],[11.5177,50.3819],[11.4847,50.3995],[11.482,50.4223],[11.4772,50.4275],[11.4485,50.4294],[11.431,50.4403],[11.4212,50.443],[11.4181,50.4523],[11.4206,50.4857],[11.4387,50.4972],[11.4271,50.5131],[11.4105,50.5165],[11.3467,50.5187],[11.3374,50.5114],[11.3248,50.5075],[11.3163,50.4925],[11.2958,50.4839],[11.2764,50.4811],[11.2486,50.4726],[11.2564,50.4567],[11.2544,50.4491],[11.2607,50.4362],[11.2624,50.4246],[11.259,50.4032],[11.2671,50.3839],[11.2772,50.3735],[11.2803,50.3586],[11.2688,50.3531],[11.2705,50.3414],[11.2606,50.3257],[11.259,50.3173],[11.266,50.3084],[11.2552,50.2884],[11.2553,50.2749],[11.2442,50.2731],[11.2215,50.2776],[11.2075,50.2851],[11.1923,50.2716],[11.1433,50.3012],[11.1354,50.3093],[11.1549,50.3235],[11.1537,50.3337],[11.1375,50.3505],[11.1214,50.3536],[11.1125,50.3652],[11.0983,50.3633],[11.0856,50.3545],[11.0641,50.3519],[11.0497,50.3477],[11.0246,50.3612],[10.9976,50.3636],[10.9879,50.3499],[10.9776,50.3554],[10.9434,50.3873],[10.9277,50.388],[10.9024,50.3825],[10.8934,50.3829],[10.8773,50.3943],[10.8592,50.3895],[10.8407,50.3915],[10.8098,50.3822],[10.7889,50.3863],[10.7795,50.3812],[10.7606,50.36],[10.7546,50.3566],[10.7263,50.3608],[10.7179,50.3517],[10.715,50.3219],[10.7268,50.3141],[10.7496,50.3057],[10.7691,50.2927],[10.7949,50.2924],[10.8021,50.2902],[10.808,50.2807],[10.8204,50.2747],[10.8379,50.2717],[10.8449,50.2658],[10.8477,50.2543],[10.8402,50.2421],[10.8168,50.2427],[10.7985,50.2482],[10.7667,50.2436],[10.753,50.2437],[10.7389,50.2477],[10.7316,50.2423],[10.7266,50.2104],[10.7136,50.2084],[10.6869,50.2201],[10.6622,50.2245],[10.6171,50.2244],[10.6048,50.2355],[10.6071,50.2504],[10.5938,50.2712],[10.6,50.2878],[10.5991,50.2989],[10.5913,50.326],[10.5656,50.34],[10.5524,50.3588],[10.5358,50.3573],[10.5262,50.3522],[10.4998,50.3535],[10.4929,50.3658],[10.4661,50.3803],[10.4495,50.3991],[10.4247,50.3948],[10.4054,50.3959],[10.3927,50.4052],[10.4008,50.4172],[10.3994,50.4229],[10.3728,50.4366],[10.3373,50.4639],[10.337,50.4779],[10.3326,50.4858],[10.3187,50.4924],[10.238,50.5101],[10.2281,50.5156],[10.2204,50.5337],[10.2026,50.5463],[10.1884,50.5492],[10.1393,50.5459],[10.13,50.5481],[10.1261,50.5629],[10.1096,50.5555],[10.055,50.5165],[10.0445,50.497],[10.0231,50.4745],[10.0009,50.4484],[9.9809,50.4373],[9.9183,50.4138],[9.8589,50.399],[9.8388,50.3981],[9.8285,50.4007],[9.8068,50.4166],[9.7961,50.419],[9.779,50.4143],[9.7667,50.4021],[9.7428,50.3471],[9.749,50.3151],[9.7486,50.3056],[9.7384,50.2976],[9.7217,50.2904],[9.6803,50.2795],[9.6654,50.2681],[9.6583,50.2543],[9.6612,50.2344],[9.6121,50.2242],[9.5977,50.224],[9.5838,50.229],[9.5601,50.2257],[9.5458,50.235],[9.5298,50.233],[9.511,50.2362],[9.5053,50.2267],[9.5085,50.2069],[9.5003,50.1889],[9.4991,50.1768],[9.5219,50.1723],[9.5287,50.1686],[9.5149,50.1484],[9.5104,50.1377],[9.5168,50.1162],[9.5067,50.1081],[9.4459,50.0914],[9.4305,50.0898],[9.4067,50.0923],[9.3931,50.1039],[9.3841,50.1189],[9.3679,50.1274],[9.3291,50.1393],[9.311,50.1386],[9.296,50.1414],[9.2514,50.1422],[9.2288,50.1438],[9.1979,50.138],[9.1914,50.1347],[9.1881,50.1198],[9.1707,50.1066],[9.1462,50.0976],[9.1543,50.108],[9.1525,50.1123],[9.1391,50.115],[9.1211,50.1239],[9.1079,50.1254],[9.0575,50.1101],[9.0244,50.1051],[9.0103,50.0968],[9.0059,50.0664],[8.9881,50.0625],[8.9766,50.0528],[8.9924,50.0457],[9.0117,50.0495],[9.0269,50.0431],[9.0321,50.0214],[9.0418,50.0117],[9.0405,50.0004],[9.0531,49.9817],[9.0492,49.9802],[9.0281,49.9854],[9.0261,49.9115],[9.0267,49.9074],[9.0492,49.8661],[9.0618,49.8399],[9.0702,49.8306],[9.088,49.8441],[9.093,49.8398],[9.0908,49.815],[9.1037,49.7964],[9.1129,49.7938],[9.1302,49.7962],[9.1409,49.7873],[9.1358,49.7777],[9.1222,49.7658],[9.1229,49.7539],[9.1467,49.7462],[9.1485,49.7399],[9.1329,49.7173],[9.1333,49.696],[9.1188,49.6886],[9.0995,49.6864],[9.1003,49.6729],[9.1113,49.6398],[9.103,49.6312],[9.0913,49.6252],[9.0727,49.6109],[9.0767,49.6033],[9.0964,49.5911],[9.1107,49.5751],[9.122,49.5709],[9.1788,49.579],[9.1937,49.5772],[9.2534,49.5776],[9.2641,49.5814],[9.2737,49.5984],[9.2896,49.6105],[9.2863,49.6266],[9.2938,49.6333],[9.3237,49.6414],[9.3481,49.6422],[9.3766,49.6505],[9.3948,49.6405],[9.4044,49.6401],[9.4229,49.6512],[9.4153,49.6633],[9.4272,49.7082],[9.4213,49.7129],[9.4019,49.7185],[9.3948,49.7174],[9.3833,49.7],[9.3689,49.6984],[9.37,49.7191],[9.361,49.7231],[9.3271,49.7265],[9.3136,49.7321],[9.313,49.7392],[9.3203,49.7497],[9.3123,49.7657],[9.3284,49.7784],[9.3519,49.7857],[9.4006,49.7835],[9.4368,49.7921],[9.4725,49.7956],[9.491,49.7953],[9.5448,49.7787],[9.557,49.778],[9.5744,49.7823],[9.6019,49.7708],[9.6294,49.7765],[9.6463,49.7836],[9.6525,49.7813],[9.6531,49.7724],[9.6474,49.7646],[9.6507,49.7502],[9.6457,49.7428],[9.6471,49.7307],[9.6383,49.7223],[9.6386,49.713],[9.6305,49.699],[9.6361,49.694],[9.6527,49.6883],[9.6668,49.6872],[9.6775,49.6905],[9.6848,49.7086],[9.6955,49.7117],[9.7026,49.72],[9.7098,49.7198],[9.7126,49.7043],[9.7222,49.6901],[9.7275,49.6873],[9.7684,49.7141],[9.7925,49.722],[9.8317,49.6907],[9.8337,49.682],[9.8339,49.6529],[9.8405,49.6451],[9.8747,49.6208],[9.8823,49.6094],[9.8783,49.6019],[9.8598,49.5852],[9.8609,49.5732],[9.8561,49.5638],[9.8391,49.5512],[9.8417,49.5456],[9.8552,49.542],[9.8639,49.545],[9.8715,49.5588],[9.8868,49.5649],[9.8987,49.5759],[9.9129,49.579],[9.919,49.5718],[9.9129,49.5615],[9.9298,49.5504],[9.9342,49.5286],[9.932,49.5062],[9.9363,49.4817],[9.9477,49.4793],[10.0197,49.4803],[10.0372,49.4881],[10.0658,49.5092],[10.0659,49.5197],[10.0574,49.5273],[10.0611,49.5319],[10.0852,49.5443],[10.1017,49.5376],[10.096,49.5236],[10.0986,49.5195],[10.1275,49.5114],[10.1289,49.5056],[10.1206,49.4921],[10.132,49.4724],[10.1244,49.4559],[10.1129,49.4445],[10.1146,49.4403],[10.134,49.4357],[10.1423,49.4308],[10.1711,49.3843],[10.1699,49.3803],[10.1511,49.3847],[10.1396,49.3835],[10.1218,49.3695],[10.1192,49.3416],[10.1316,49.3261],[10.1526,49.3191],[10.1542,49.3133],[10.1468,49.2991],[10.1598,49.2753],[10.1542,49.2657],[10.1326,49.2723],[10.1268,49.2676],[10.13,49.2602],[10.1438,49.2505],[10.1452,49.2293],[10.1599,49.2146],[10.1593,49.209],[10.1469,49.2054],[10.1587,49.196],[10.1848,49.1829],[10.2051,49.1638],[10.2187,49.1551],[10.2344,49.1598],[10.2458,49.159],[10.2633,49.1476],[10.2641,49.1268],[10.2512,49.1077],[10.232,49.1056],[10.2349,49.0988],[10.2597,49.0921],[10.2593,49.0788],[10.2783,49.0664],[10.2744,49.0502],[10.3004,49.0421],[10.3201,49.0411],[10.3373,49.0342],[10.3542,49.0334],[10.36,49.0284],[10.3673,49.0108],[10.3733,49.0054],[10.4151,48.9829],[10.4228,48.9726],[10.4399,48.9595],[10.4458,48.9488],[10.4588,48.9394],[10.4675,48.9211],[10.4674,48.915],[10.4456,48.9077],[10.4556,48.8989],[10.4563,48.8877],[10.4529,48.8605],[10.4493,48.8456],[10.459,48.8335],[10.454,48.8138],[10.4411,48.8042],[10.4386,48.7718],[10.4324,48.7658],[10.434,48.748],[10.4411,48.7418],[10.4607,48.735],[10.4674,48.7358],[10.4951,48.6995],[10.4518,48.6728],[10.4385,48.6676],[10.4326,48.6728],[10.438,48.6954],[10.4444,48.6993],[10.431,48.7051],[10.4242,48.702],[10.3789,48.6673],[10.3719,48.6645],[10.3617,48.674],[10.3544,48.6862],[10.346,48.69],[10.3253,48.689],[10.3164,48.6914],[10.2981,48.7035],[10.2898,48.7001],[10.2704,48.6811],[10.2695,48.6695],[10.2734,48.6624],[10.2892,48.6454],[10.3047,48.6398],[10.3329,48.6233],[10.3336,48.6172],[10.3131,48.6082],[10.3133,48.5959],[10.3207,48.5866],[10.3244,48.5732],[10.3229,48.562],[10.3125,48.5434],[10.315,48.5311],[10.2768,48.5297],[10.2624,48.5254],[10.2532,48.5163],[10.2506,48.5052],[10.1534,48.4658],[10.1424,48.4693],[10.1334,48.4869],[10.1212,48.4872],[10.0982,48.476],[10.0679,48.4722],[10.046,48.458],[10.0408,48.45],[10.0439,48.4366],[10.0366,48.4334],[9.9806,48.3813],[9.9896,48.3702],[10.0039,48.3681],[10.0223,48.3407],[10.0541,48.3049],[10.07,48.269],[10.1093,48.148],[10.1362,48.1073],[10.1401,48.0836],[10.1376,48.0569],[10.1302,48.0349],[10.1007,47.9796],[10.0855,47.9701],[10.087,47.9603],[10.0976,47.9461],[10.1095,47.9378],[10.1092,47.9102],[10.0982,47.8779],[10.0861,47.8659],[10.0926,47.8612],[10.1022,47.8618],[10.1109,47.8449],[10.1295,47.8165],[10.1201,47.8135],[10.1095,47.8025],[10.0924,47.8021],[10.085,47.7989],[10.0802,47.787],[10.0932,47.7786],[10.0991,47.7701],[10.114,47.7673],[10.1181,47.7587],[10.1192,47.7296],[10.1227,47.711],[10.1314,47.6879],[10.1215,47.6739],[10.0934,47.6797],[10.0867,47.6725],[10.0855,47.658],[10.0757,47.6497],[10.0578,47.6782],[10.0339,47.68],[10.0091,47.6754],[9.9875,47.6672],[9.9533,47.6595],[9.9292,47.6593],[9.905,47.6632],[9.8646,47.6748],[9.8342,47.6651],[9.7601,47.6204],[9.715,47.6048],[9.68,47.6116],[9.6643,47.6064],[9.6587,47.5977],[9.6468,47.594],[9.62,47.5905],[9.6122,47.5877],[9.5541,47.5327],[9.6126,47.5219],[9.6767,47.5226],[9.704,47.5314],[9.7185,47.5467],[9.7309,47.5649],[9.7527,47.5821],[9.7671,47.5873],[9.7821,47.5884],[9.7963,47.585],[9.808,47.5763],[9.8113,47.5645],[9.8093,47.5523],[9.8131,47.5418],[9.8335,47.5346],[9.8589,47.5413],[9.889,47.5338],[9.9188,47.5322],[9.9338,47.5342],[9.9459,47.5408],[9.9487,47.5242],[9.9717,47.5064],[9.9808,47.4929],[9.9826,47.481],[9.9936,47.4766],[10.0226,47.488],[10.0718,47.4391],[10.0806,47.4274],[10.076,47.4169],[10.0532,47.4049],[10.0642,47.3962],[10.0678,47.375],[10.0732,47.3655],[10.0896,47.3593],[10.1104,47.3674],[10.1308,47.3627],[10.147,47.3738],[10.1909,47.3792],[10.2093,47.3725],[10.2086,47.3545],[10.1905,47.3175],[10.1933,47.3049],[10.1859,47.295],[10.1687,47.2904],[10.1554,47.2729],[10.1599,47.2711],[10.2394,47.2777],[10.2612,47.2835],[10.3059,47.3022],[10.3254,47.3143],[10.3434,47.3308],[10.3657,47.3611],[10.382,47.3721],[10.4116,47.381],[10.4283,47.396],[10.4429,47.4163],[10.452,47.4388],[10.4517,47.4602],[10.4422,47.4814],[10.4337,47.4879],[10.4196,47.493],[10.431,47.5422],[10.4157,47.5644],[10.4142,47.573],[10.4536,47.5811],[10.4616,47.5699],[10.4517,47.5548],[10.4535,47.5462],[10.4669,47.5377],[10.4825,47.5329],[10.5251,47.5285],[10.5369,47.5299],[10.5496,47.5368],[10.5699,47.5559],[10.5837,47.5625],[10.6079,47.5623],[10.7399,47.5285],[10.7522,47.5154],[10.7608,47.5136],[10.7903,47.5161],[10.8306,47.5286],[10.8448,47.5313],[10.8586,47.5307],[10.8922,47.5149],[10.8839,47.508],[10.8516,47.4931],[10.8584,47.4852],[10.9099,47.469],[10.9598,47.4325],[10.9628,47.428],[10.9609,47.4143],[10.9553,47.4096],[10.9655,47.3961],[10.9795,47.3905],[11.0837,47.3895],[11.1033,47.3936],[11.1686,47.4243],[11.1938,47.4289],[11.2152,47.423],[11.213,47.3958],[11.237,47.394],[11.2588,47.4007],[11.2863,47.4232],[11.3056,47.4354],[11.3242,47.4394],[11.3677,47.4401],[11.3839,47.4449],[11.3925,47.4548],[11.3886,47.4622],[11.3655,47.4693],[11.4126,47.5061],[11.4354,47.5097],[11.46,47.5074],[11.4826,47.5026],[11.5295,47.5079],[11.5512,47.5137],[11.5694,47.5274],[11.5823,47.5598],[11.5891,47.5704],[11.6205,47.5897],[11.639,47.5892],[11.6826,47.5834],[11.764,47.5831],[11.8203,47.5753],[11.8307,47.5776],[11.8407,47.5946],[11.852,47.5992],[11.9359,47.6107],[12.1656,47.604],[12.1736,47.6051],[12.2021,47.6298],[12.2068,47.6456],[12.2051,47.6723],[12.2023,47.6778],[12.1818,47.6921],[12.1766,47.7058],[12.1924,47.7102],[12.2165,47.7237],[12.2422,47.732],[12.233,47.7089],[12.2233,47.6959],[12.2288,47.6849],[12.2387,47.6789],[12.2496,47.68],[12.2719,47.6879],[12.2937,47.69],[12.3515,47.6817],[12.3684,47.6836],[12.4077,47.6937],[12.4241,47.6916],[12.4392,47.6645],[12.4528,47.6498],[12.4825,47.6336],[12.4966,47.6289],[12.5171,47.6285],[12.5382,47.6313],[12.5538,47.636],[12.5984,47.6629],[12.6174,47.6693],[12.6531,47.6751],[12.6887,47.6751],[12.7448,47.6654],[12.762,47.6669],[12.7517,47.6494],[12.7674,47.6364],[12.7933,47.6248],[12.8132,47.6118],[12.7859,47.6027],[12.7737,47.5795],[12.7789,47.5548],[12.8036,47.5413],[12.8284,47.5373],[12.8369,47.5327],[12.8826,47.4986],[12.9316,47.4735],[12.9425,47.4705],[12.9593,47.4755],[12.9697,47.4757],[12.9911,47.4657],[13.0088,47.4701],[13.0373,47.493],[13.037,47.5014],[13.029,47.518],[13.0281,47.5416],[13.0401,47.5605],[13.0383,47.584],[13.0409,47.5834],[13.0571,47.5977],[13.072,47.6224],[13.0748,47.6467],[13.072,47.6595],[13.0641,47.674],[13.0446,47.6966],[13.0323,47.7066],[13.0199,47.7129],[13.0044,47.7146],[12.979,47.7071],[12.964,47.7054],[12.9083,47.7124],[12.892,47.7235],[12.9172,47.7502],[12.9213,47.7695],[12.9267,47.7774],[12.9912,47.8471],[12.965,47.872],[12.9311,47.9249],[12.9062,47.9389],[12.886,47.9529],[12.862,47.9626],[12.854,47.9705],[12.8456,47.9931],[12.8306,48.0155],[12.7602,48.0649],[12.742,48.0868],[12.737,48.1],[12.7389,48.1134],[12.745,48.1206],[12.7641,48.1238],[12.7824,48.142],[12.8221,48.1607],[12.8352,48.1707],[12.8535,48.19],[12.8626,48.1966],[12.8776,48.202],[12.933,48.2093],[12.9317,48.2116],[12.9472,48.22],[12.9794,48.232],[13.0167,48.2559],[13.0328,48.2636],[13.1364,48.2911],[13.2742,48.3071],[13.3078,48.3196],[13.4056,48.3766],[13.4195,48.3922],[13.4272,48.4185],[13.4362,48.4306],[13.4382,48.441],[13.4364,48.4692],[13.443,48.4877],[13.4564,48.5067],[13.457,48.5252],[13.4477,48.5348],[13.4401,48.561],[13.4546,48.5734],[13.4872,48.5816],[13.5207,48.5846],[13.6244,48.5654],[13.6581,48.5511],[13.6734,48.5355],[13.7165,48.5217],[13.7254,48.5484],[13.7339,48.5598],[13.766,48.5638],[13.779,48.5739],[13.7962,48.5986],[13.8024,48.6117],[13.8062,48.6429],[13.8009,48.6752],[13.8035,48.6872],[13.8169,48.6956],[13.7994,48.7026],[13.7888,48.7165],[13.7859,48.7248],[13.8157,48.7664],[13.7962,48.7798],[13.7479,48.8434],[13.7247,48.8673],[13.7106,48.8725],[13.6734,48.8763],[13.6544,48.8822],[13.6374,48.8935],[13.6218,48.9091],[13.6111,48.9272],[13.6087,48.9462],[13.5905,48.9448],[13.5734,48.951],[13.5389,48.967],[13.516,48.9702],[13.5021,48.9661],[13.4926,48.955],[13.4823,48.9376],[13.4589,48.945],[13.4273,48.96],[13.3985,48.9777],[13.3842,48.993],[13.3836,49.0211],[13.3724,49.0385],[13.3299,49.0669],[13.2995,49.0936],[13.2873,49.1006],[13.2673,49.1056],[13.2068,49.1075],[13.1785,49.1183],[13.1626,49.1351],[13.1495,49.1548],[13.0558,49.2382],[13.0434,49.2428],[13.0113,49.2678],[13.0054,49.2868],[12.9998,49.2949],[12.9824,49.2996],[12.9543,49.3191],[12.9229,49.3327],[12.8847,49.3396],[12.8709,49.3367],[12.8754,49.3239],[12.8567,49.3222],[12.7978,49.3278],[12.7779,49.3325],[12.7621,49.3432],[12.7293,49.3911],[12.7092,49.4047],[12.6631,49.4189],[12.6435,49.4295],[12.6322,49.444],[12.6272,49.4602],[12.623,49.5098],[12.6155,49.5138],[12.5937,49.515],[12.575,49.5299],[12.5623,49.5508],[12.5536,49.5847],[12.5466,49.5956],[12.5361,49.6031],[12.5122,49.6117],[12.502,49.6197],[12.5074,49.63],[12.4969,49.6339],[12.5054,49.6461],[12.5046,49.6594],[12.4964,49.67],[12.4492,49.685],[12.4196,49.7002],[12.3989,49.7195],[12.3836,49.7429],[12.3954,49.7579],[12.4367,49.7693],[12.4527,49.7797],[12.4559,49.7961],[12.4564,49.8171],[12.4625,49.8312],[12.4825,49.8272],[12.4899,49.8427],[12.5129,49.8702],[12.521,49.8855],[12.5241,49.905],[12.5179,49.9122],[12.5036,49.9158],[12.4627,49.9313],[12.4638,49.9421],[12.4707,49.9556],[12.4682,49.9702],[12.4513,49.9806],[12.4145,49.983],[12.3982,49.9928],[12.2469,50.045],[12.2414,50.0706],[12.2325,50.0805],[12.202,50.0945],[12.1879,50.1028],[12.1792,50.118],[12.1786,50.133],[12.1856,50.1557],[12.1827,50.1707],[12.1638,50.1938],[12.1393,50.211],[12.0899,50.2308],[12.0796,50.2427],[12.0921,50.2548],[12.1091,50.2638],[12.111,50.2766],[12.1073,50.2909],[12.0992,50.2998],[12.0761,50.3152],[12.1013,50.314]]]},"properties":{"name":"Bayern","name_en":"Bavaria","name_ja":"バイエルン自由州","name_zh":"巴伐利亚","name_ko":"바이에른","adm0_a3":"DEU","postal":"BY","iso_3166_2":"DE-BY","type_en":"State","geonunit":"Germany"}},
{"type":"Feature","geometry":{"type":"Polygon","coordinates":[[[6.3734,50.3231],[6.3745,50.3155],[6.362,50.307],[6.3355,50.3039],[6.2995,50.3089],[6.286,50.3039],[6.2694,50.2865],[6.2673,50.2764],[6.2718,50.2674],[6.2534,50.2568],[6.2104,50.249],[6.1896,50.2427],[6.1798,50.233],[6.1572,50.2227],[6.1468,50.214],[6.1602,50.2045],[6.1658,50.1932],[6.1651,50.1819],[6.1591,50.1724],[6.1517,50.1693],[6.1317,50.1683],[6.1232,50.1649],[6.1158,50.1455],[6.1295,50.134],[6.1175,50.1205],[6.1057,50.0922],[6.0994,50.0641],[6.1094,50.0636],[6.0964,50.0486],[6.1073,50.0446],[6.1138,50.0364],[6.12,50.0155],[6.1172,50.0044],[6.1215,49.9963],[6.1388,49.9793],[6.154,49.9512],[6.1619,49.9425],[6.1727,49.9562],[6.1898,49.9383],[6.2227,49.8871],[6.2383,49.8769],[6.2722,49.8671],[6.2868,49.861],[6.3026,49.8349],[6.3107,49.8345],[6.3256,49.8404],[6.3344,49.8402],[6.3514,49.8333],[6.3801,49.8156],[6.3971,49.8086],[6.4145,49.8055],[6.4625,49.8055],[6.4933,49.7996],[6.5001,49.7945],[6.4938,49.7636],[6.496,49.7482],[6.4863,49.7427],[6.4878,49.7256],[6.4997,49.7122],[6.491,49.7144],[6.4829,49.7081],[6.4917,49.7008],[6.4182,49.6699],[6.4027,49.6558],[6.417,49.6458],[6.4179,49.6391],[6.3976,49.6139],[6.3715,49.593],[6.3564,49.5776],[6.3508,49.5666],[6.3508,49.5349],[6.3488,49.5253],[6.49,49.5338],[6.6051,49.5302],[6.6698,49.5494],[6.6935,49.5479],[6.7123,49.5503],[6.8597,49.5945],[6.9364,49.6272],[6.9488,49.6275],[6.9711,49.6187],[6.9786,49.6196],[6.9988,49.6295],[7.072,49.6035],[7.1328,49.602],[7.1595,49.5871],[7.1966,49.5701],[7.2022,49.5655],[7.2191,49.5635],[7.2472,49.5683],[7.2675,49.5785],[7.2733,49.5767],[7.2734,49.5617],[7.2795,49.5489],[7.291,49.5343],[7.2924,49.5119],[7.2958,49.5043],[7.3058,49.5025],[7.3085,49.4854],[7.2792,49.4708],[7.2598,49.4545],[7.2461,49.4461],[7.2523,49.431],[7.2934,49.3986],[7.2914,49.3888],[7.3012,49.3848],[7.3512,49.3793],[7.3852,49.3697],[7.3906,49.3607],[7.3835,49.3482],[7.3873,49.3368],[7.3746,49.3246],[7.3567,49.3127],[7.3527,49.2977],[7.3374,49.2861],[7.3299,49.2642],[7.3167,49.2519],[7.2958,49.2502],[7.2882,49.2402],[7.2869,49.2308],[7.2947,49.2052],[7.3302,49.1794],[7.3491,49.1687],[7.3692,49.169],[7.3716,49.1662],[7.3911,49.17],[7.4105,49.1689],[7.4148,49.1578],[7.458,49.1559],[7.4761,49.1515],[7.4827,49.1371],[7.471,49.1283],[7.4851,49.1187],[7.5077,49.0946],[7.5209,49.0837],[7.5427,49.0746],[7.5864,49.0696],[7.6086,49.062],[7.6257,49.043],[7.635,49.0378],[7.6488,49.0357],[7.6851,49.0428],[7.7269,49.0357],[7.7391,49.0377],[7.7737,49.0481],[7.8569,49.0323],[7.9138,49.0362],[7.9319,49.0348],[8.0904,48.9792],[8.1887,48.9657],[8.1999,48.9583],[8.2302,48.9655],[8.2626,48.9885],[8.2836,49.01],[8.3571,49.1096],[8.3616,49.1196],[8.3807,49.2149],[8.3873,49.232],[8.4108,49.2437],[8.4799,49.297],[8.4834,49.3095],[8.4599,49.315],[8.4618,49.3235],[8.4978,49.3765],[8.4977,49.3865],[8.4903,49.4112],[8.5046,49.4311],[8.4939,49.4426],[8.4596,49.4478],[8.4425,49.4522],[8.4425,49.459],[8.4636,49.4658],[8.4636,49.4727],[8.4502,49.4912],[8.4277,49.5342],[8.4084,49.5552],[8.4168,49.5795],[8.4,49.6104],[8.3754,49.6411],[8.3606,49.6645],[8.3623,49.6909],[8.3792,49.7104],[8.4064,49.7224],[8.4391,49.7265],[8.4608,49.7438],[8.4738,49.7575],[8.4766,49.7675],[8.4625,49.7711],[8.4238,49.7673],[8.4087,49.7927],[8.3898,49.8153],[8.3805,49.8426],[8.3705,49.8566],[8.3476,49.8785],[8.3401,49.891],[8.3551,49.9256],[8.3354,49.9596],[8.2281,50.0382],[8.213,50.0444],[8.2007,50.0463],[8.1738,50.0458],[8.0485,50.0184],[8.0097,49.9993],[7.9619,49.9831],[7.9186,49.9739],[7.8782,49.9729],[7.8603,49.99],[7.8573,50.0026],[7.8498,50.0107],[7.785,50.0485],[7.7714,50.0535],[7.8108,50.0732],[7.8285,50.0789],[7.8428,50.0882],[7.8469,50.1068],[7.8545,50.1158],[7.8638,50.1196],[7.8729,50.1179],[7.8963,50.1207],[7.913,50.1097],[7.9217,50.1088],[7.9305,50.1363],[7.9073,50.1469],[7.8968,50.155],[7.8982,50.1713],[7.9101,50.189],[7.9222,50.2001],[7.9529,50.2112],[7.9804,50.2194],[7.9933,50.2284],[8.0159,50.2162],[8.0231,50.2159],[8.042,50.2338],[8.0336,50.2457],[8.0382,50.2588],[8.0457,50.2633],[8.0961,50.262],[8.1205,50.2689],[8.1227,50.2779],[8.1073,50.3111],[8.1007,50.3195],[8.0895,50.3237],[8.0732,50.3386],[8.0495,50.3713],[8.032,50.3767],[8.0286,50.3863],[8.0223,50.3891],[7.9801,50.3958],[7.9751,50.4051],[7.9876,50.4119],[8.0004,50.4403],[8.0192,50.4549],[8.0023,50.4624],[7.9979,50.4758],[8.0003,50.5088],[8.0045,50.5207],[8.0151,50.5246],[8.0416,50.5445],[8.0626,50.5465],[8.0704,50.5444],[8.0874,50.5302],[8.1072,50.5265],[8.1304,50.5363],[8.1387,50.5434],[8.1638,50.5858],[8.1506,50.5938],[8.1439,50.6026],[8.1405,50.6175],[8.1216,50.6458],[8.1222,50.6556],[8.1304,50.6674],[8.1345,50.684],[8.1067,50.695],[8.0895,50.6968],[8.0645,50.6895],[8.0563,50.6909],[8.0504,50.7073],[8.0338,50.726],[7.9914,50.761],[7.9811,50.7735],[7.9839,50.803],[7.9767,50.827],[7.9703,50.837],[7.9425,50.832],[7.9239,50.8411],[7.8856,50.8669],[7.8592,50.8727],[7.8446,50.882],[7.8564,50.9082],[7.8597,50.9225],[7.8016,50.9327],[7.7886,50.9303],[7.7575,50.9113],[7.7541,50.9],[7.7579,50.8753],[7.7705,50.8549],[7.7677,50.8365],[7.7406,50.842],[7.7343,50.84],[7.7129,50.8244],[7.6756,50.81],[7.6939,50.798],[7.6989,50.7816],[7.6866,50.7749],[7.6798,50.7797],[7.6592,50.7633],[7.6272,50.7556],[7.6134,50.7494],[7.5995,50.7334],[7.5814,50.7357],[7.5633,50.7328],[7.5324,50.721],[7.4486,50.7062],[7.4111,50.7082],[7.3869,50.7037],[7.38,50.6988],[7.3844,50.6938],[7.3835,50.6684],[7.3769,50.6619],[7.3715,50.6426],[7.3405,50.6289],[7.2939,50.6198],[7.2826,50.6188],[7.2263,50.6214],[7.2157,50.6339],[7.1969,50.6363],[7.1857,50.619],[7.1786,50.6174],[7.1546,50.6011],[7.1437,50.599],[7.1218,50.6042],[7.1153,50.6025],[7.1052,50.5891],[7.0905,50.5865],[7.0743,50.5921],[7.0518,50.5903],[6.9989,50.5666],[6.9713,50.5597],[6.9393,50.5548],[6.9285,50.5411],[6.9133,50.5294],[6.8895,50.5249],[6.8852,50.5218],[6.8902,50.4966],[6.8878,50.4767],[6.8736,50.4622],[6.8462,50.4629],[6.8341,50.4692],[6.8206,50.486],[6.8146,50.4864],[6.7766,50.4769],[6.7601,50.4707],[6.7609,50.4542],[6.7525,50.4368],[6.7763,50.4262],[6.7814,50.3931],[6.7981,50.3728],[6.8012,50.3634],[6.795,50.3556],[6.7704,50.3526],[6.7182,50.3416],[6.7016,50.3437],[6.689,50.3539],[6.6712,50.3624],[6.6633,50.3621],[6.6355,50.3503],[6.6195,50.3509],[6.6248,50.3625],[6.6163,50.3695],[6.5856,50.3774],[6.5728,50.3736],[6.5322,50.3695],[6.481,50.3463],[6.4581,50.341],[6.4447,50.3593],[6.4217,50.3684],[6.4137,50.3783],[6.3976,50.3832],[6.3917,50.3722],[6.424,50.3391],[6.4257,50.3324],[6.3984,50.3232],[6.3734,50.3231]]]},"properties":{"name":"Rheinland-Pfalz","name_en":"Rhineland-Palatinate","name_ja":"ラインラント＝プファルツ州","name_zh":"莱茵兰－普法尔茨","name_ko":"라인란트팔츠","adm0_a3":"DEU","postal":"RP","iso_3166_2":"DE-RP","type_en":"State","geonunit":"Germany"}},
{"type":"Feature","geometry":{"type":"Polygon","coordinates":[[[6.3488,49.5253],[6.3423,49.493],[6.3453,49.4553],[6.3645,49.4561],[6.3917,49.4667],[6.4027,49.4655],[6.4945,49.4355],[6.5117,49.4247],[6.5206,49.4081],[6.5188,49.4022],[6.5257,49.3955],[6.5743,49.3618],[6.5777,49.3558],[6.5734,49.3477],[6.5556,49.3472],[6.5501,49.338],[6.5564,49.3264],[6.5732,49.3131],[6.6397,49.2712],[6.6392,49.2568],[6.6457,49.25],[6.6638,49.2439],[6.6806,49.2075],[6.7025,49.2136],[6.7088,49.1978],[6.701,49.1729],[6.7138,49.1589],[6.7256,49.1556],[6.7701,49.1553],[6.8091,49.1458],[6.8218,49.1478],[6.839,49.1628],[6.8352,49.1794],[6.8277,49.1956],[6.8335,49.2095],[6.8435,49.2111],[6.8852,49.2048],[6.9144,49.2067],[6.9254,49.2056],[6.9879,49.1824],[7.0095,49.1817],[7.009,49.1464],[7.0205,49.119],[7.0425,49.1076],[7.0732,49.1203],[7.0708,49.1361],[7.0853,49.1415],[7.1236,49.1233],[7.155,49.1144],[7.2412,49.1139],[7.2681,49.1056],[7.2803,49.109],[7.2971,49.1281],[7.3265,49.1318],[7.3391,49.1397],[7.351,49.1592],[7.3716,49.1662],[7.3692,49.169],[7.3491,49.1687],[7.3302,49.1794],[7.2947,49.2052],[7.2869,49.2308],[7.2882,49.2402],[7.2958,49.2502],[7.3167,49.2519],[7.3299,49.2642],[7.3374,49.2861],[7.3527,49.2977],[7.3567,49.3127],[7.3746,49.3246],[7.3873,49.3368],[7.3835,49.3482],[7.3906,49.3607],[7.3852,49.3697],[7.3512,49.3793],[7.3012,49.3848],[7.2914,49.3888],[7.2934,49.3986],[7.2523,49.431],[7.2461,49.4461],[7.2598,49.4545],[7.2792,49.4708],[7.3085,49.4854],[7.3058,49.5025],[7.2958,49.5043],[7.2924,49.5119],[7.291,49.5343],[7.2795,49.5489],[7.2734,49.5617],[7.2733,49.5767],[7.2675,49.5785],[7.2472,49.5683],[7.2191,49.5635],[7.2022,49.5655],[7.1966,49.5701],[7.1595,49.5871],[7.1328,49.602],[7.072,49.6035],[6.9988,49.6295],[6.9786,49.6196],[6.9711,49.6187],[6.9488,49.6275],[6.9364,49.6272],[6.8597,49.5945],[6.7123,49.5503],[6.6935,49.5479],[6.6698,49.5494],[6.6051,49.5302],[6.49,49.5338],[6.3488,49.5253]]]},"properties":{"name":"Saarland","name_en":"Saarland","name_ja":"ザールラント州","name_zh":"萨尔","name_ko":"자를란트","adm0_a3":"DEU","postal":"SL","iso_3166_2":"DE-SL","type_en":"State","geonunit":"Germany"}},
{"type":"Feature","geometry":{"type":"MultiPolygon","coordinates":[[[[10.906,53.9612],[10.8874,53.9639],[10.8826,53.9851],[10.8755,53.9954],[10.8656,53.9978],[10.8269,53.9954],[10.7997,54.0006],[10.7804,54.01],[10.7659,54.0244],[10.7526,54.0439],[10.7526,54.0501],[10.7629,54.0568],[10.8014,54.0922],[10.8133,54.0979],[10.8223,54.0974],[10.8361,54.09],[10.8928,54.1025],[10.9103,54.1092],[10.9505,54.1395],[11.0666,54.1839],[11.071,54.1926],[11.0902,54.208],[11.0945,54.2251],[11.0877,54.2539],[11.0871,54.2709],[11.0945,54.2835],[11.0866,54.3024],[11.0774,54.3422],[11.0666,54.3586],[11.0877,54.3518],[11.0984,54.3615],[11.1355,54.3859],[11.1042,54.3929],[11.0339,54.3676],[11.0105,54.3772],[10.9932,54.3738],[10.9758,54.3784],[11.0188,54.3791],[11.0188,54.3859],[10.9353,54.3795],[10.9009,54.371],[10.8679,54.3586],[10.8108,54.3274],[10.7771,54.3151],[10.7313,54.3102],[10.6902,54.3162],[10.6011,54.3654],[10.4434,54.4064],[10.3828,54.4348],[10.3608,54.4411],[10.3184,54.4433],[10.3069,54.4411],[10.2858,54.4248],[10.2721,54.4201],[10.2344,54.4177],[10.2244,54.4138],[10.2171,54.4054],[10.2039,54.3723],[10.1803,54.3411],[10.1637,54.3292],[10.1418,54.3244],[10.1516,54.334],[10.1555,54.3434],[10.1525,54.3518],[10.1418,54.3586],[10.1483,54.3652],[10.1418,54.3723],[10.159,54.3753],[10.1771,54.3843],[10.1913,54.3967],[10.197,54.4101],[10.1917,54.4262],[10.1838,54.4384],[10.1839,54.4494],[10.2039,54.461],[10.1434,54.4918],[10.1247,54.4958],[9.8833,54.4621],[9.8401,54.4753],[9.8401,54.4821],[9.882,54.4848],[9.9253,54.4931],[9.9656,54.5062],[9.9978,54.5237],[10.02,54.5458],[10.0319,54.5777],[10.0376,54.6191],[10.037,54.6389],[10.0319,54.6528],[10.0391,54.6668],[10.0335,54.6729],[10.0221,54.6724],[10.0114,54.6671],[9.9963,54.6788],[9.9702,54.6779],[9.9441,54.6733],[9.9295,54.6739],[9.9299,54.6831],[9.9463,54.6876],[9.971,54.699],[9.9705,54.7012],[10.0054,54.6955],[10.0182,54.7012],[9.9995,54.713],[9.9841,54.7285],[9.9705,54.7626],[9.9475,54.7795],[9.9151,54.7912],[9.8914,54.7903],[9.8954,54.7695],[9.8499,54.7593],[9.8237,54.7567],[9.8122,54.7661],[9.8018,54.7834],[9.7781,54.7932],[9.7521,54.7996],[9.7346,54.8073],[9.693,54.818],[9.6316,54.8199],[9.5832,54.8303],[9.5799,54.8663],[9.5669,54.8602],[9.5544,54.8471],[9.53,54.8415],[9.511,54.8278],[9.4514,54.8104],[9.4221,54.8073],[9.4052,54.8084],[9.385,54.8194],[9.367,54.817],[9.356,54.8113],[9.3417,54.8091],[9.332,54.8032],[9.317,54.8016],[9.2441,54.8018],[9.2264,54.8059],[9.2191,54.8178],[9.2115,54.8418],[9.1948,54.8504],[8.9827,54.8793],[8.9041,54.8979],[8.8242,54.9059],[8.8009,54.9038],[8.7328,54.8891],[8.6959,54.89],[8.6608,54.8963],[8.6472,54.8674],[8.6428,54.8442],[8.6484,54.8179],[8.6619,54.8006],[8.6813,54.7806],[8.6943,54.7602],[8.6887,54.7353],[8.7227,54.7255],[8.7767,54.698],[8.8054,54.6876],[8.8184,54.6737],[8.8533,54.6193],[8.819,54.6056],[8.8259,54.5981],[8.8371,54.6027],[8.8582,54.6061],[8.8788,54.6065],[8.888,54.6019],[8.8928,54.5913],[8.9045,54.5806],[8.9861,54.5293],[9.0116,54.5063],[9.0115,54.4821],[9.0047,54.4659],[8.988,54.4584],[8.9495,54.4473],[8.9072,54.4255],[8.8861,54.4178],[8.8607,54.4138],[8.7508,54.4138],[8.6698,54.4008],[8.6484,54.4064],[8.6292,54.3877],[8.6262,54.3764],[8.6348,54.3654],[8.6506,54.378],[8.6638,54.3756],[8.6776,54.3679],[8.6956,54.3654],[8.6956,54.3586],[8.672,54.3593],[8.6414,54.3557],[8.614,54.3484],[8.5999,54.3381],[8.6027,54.3121],[8.6234,54.2901],[8.6519,54.2748],[8.6785,54.2692],[8.6902,54.2715],[8.7235,54.2903],[8.7389,54.2939],[8.7747,54.2903],[8.8054,54.2924],[8.8576,54.3018],[8.888,54.3039],[8.8811,54.2903],[8.9026,54.2958],[8.9403,54.315],[8.9631,54.3176],[8.9531,54.3026],[8.922,54.2742],[8.9115,54.2692],[8.8942,54.2682],[8.8519,54.2611],[8.8396,54.2556],[8.8467,54.2335],[8.8363,54.2178],[8.821,54.2005],[8.8128,54.1805],[8.8333,54.1531],[8.8607,54.1252],[8.8674,54.1252],[8.8854,54.137],[8.918,54.1463],[8.9529,54.1501],[8.9773,54.1457],[8.9745,54.1281],[8.9881,54.1179],[9.0067,54.1081],[9.0183,54.0979],[9.0186,54.0824],[9.013,54.061],[9.0049,54.0412],[8.9972,54.0302],[8.9754,54.0241],[8.9539,54.0283],[8.9146,54.0439],[8.8906,54.0478],[8.8718,54.0469],[8.8333,54.0364],[8.916,53.9374],[8.9495,53.9129],[8.9846,53.897],[9.0078,53.8925],[9.0183,53.9027],[9.03,53.9071],[9.0554,53.9029],[9.0934,53.8925],[9.2205,53.8908],[9.2578,53.8856],[9.2956,53.8719],[9.3587,53.8395],[9.3952,53.831],[9.3967,53.811],[9.4124,53.7788],[9.4358,53.7487],[9.4602,53.7354],[9.4753,53.7322],[9.5222,53.7166],[9.5322,53.7112],[9.5361,53.6938],[9.5391,53.6665],[9.5508,53.6346],[9.5837,53.6125],[9.6558,53.5846],[9.6924,53.5759],[9.7408,53.5726],[9.754,53.61],[9.7633,53.6166],[9.7684,53.6292],[9.7882,53.6276],[9.81,53.6179],[9.8062,53.5991],[9.8161,53.5931],[9.8286,53.5972],[9.9273,53.6457],[9.9528,53.6504],[9.9804,53.6467],[9.994,53.6514],[10.0037,53.6668],[10.0136,53.673],[10.0391,53.6763],[10.0522,53.6749],[10.0652,53.6808],[10.0782,53.7129],[10.0929,53.7202],[10.1423,53.7133],[10.1536,53.7156],[10.1711,53.7253],[10.182,53.7278],[10.1949,53.7225],[10.1798,53.7056],[10.1647,53.6845],[10.1692,53.6786],[10.2048,53.6628],[10.2091,53.6448],[10.2228,53.6337],[10.2153,53.6142],[10.2107,53.5844],[10.1732,53.5738],[10.1808,53.5496],[10.1832,53.529],[10.1866,53.5253],[10.2139,53.5188],[10.2228,53.513],[10.2476,53.4888],[10.2779,53.4775],[10.3126,53.4549],[10.3207,53.4557],[10.328,53.4327],[10.3505,53.432],[10.3864,53.4239],[10.5284,53.3724],[10.5695,53.3639],[10.6012,53.3718],[10.6222,53.391],[10.6272,53.4015],[10.6272,53.4137],[10.6354,53.4452],[10.6408,53.451],[10.6611,53.4582],[10.6863,53.4568],[10.6945,53.4601],[10.7017,53.4755],[10.7082,53.4794],[10.7257,53.4811],[10.7602,53.4882],[10.8049,53.5094],[10.8204,53.5148],[10.8239,53.5313],[10.8324,53.5441],[10.8283,53.5674],[10.8332,53.5719],[10.8578,53.5682],[10.9036,53.5723],[10.9172,53.5677],[10.9239,53.5518],[10.9381,53.5525],[10.9544,53.5661],[10.9423,53.5697],[10.953,53.5737],[10.9527,53.5844],[10.9406,53.6114],[10.9398,53.6287],[10.956,53.6391],[10.955,53.6555],[10.9465,53.6649],[10.9456,53.6771],[10.9381,53.6847],[10.9146,53.6968],[10.8789,53.702],[10.8655,53.6999],[10.8466,53.7085],[10.8059,53.7412],[10.7781,53.7458],[10.7609,53.7467],[10.7584,53.7519],[10.7674,53.7746],[10.771,53.7933],[10.7615,53.8225],[10.753,53.8341],[10.7513,53.8431],[10.7633,53.8651],[10.7726,53.8699],[10.8123,53.8827],[10.8613,53.9098],[10.8852,53.9191],[10.9073,53.9155],[10.9067,53.9053],[10.9177,53.9021],[10.9453,53.9052],[10.9605,53.9129],[10.9203,53.9205],[10.9042,53.9313],[10.906,53.9612]]],[[[8.9631,54.5237],[8.9192,54.5305],[8.8796,54.5291],[8.8445,54.5197],[8.8128,54.5019],[8.8255,54.4912],[8.8237,54.4855],[8.8128,54.4821],[8.8239,54.4709],[8.8445,54.4665],[8.888,54.4685],[8.9113,54.4755],[8.9385,54.4991],[8.9569,54.5094],[8.9563,54.5194],[8.9631,54.5237]]],[[[11.2556,54.4787],[11.2321,54.5017],[11.2066,54.5145],[11.1213,54.536],[11.0729,54.5312],[11.0337,54.5089],[11.0057,54.4685],[11.0085,54.4547],[11.0257,54.4588],[11.0325,54.4473],[11.0581,54.4553],[11.0843,54.4548],[11.0986,54.4516],[11.1033,54.4438],[11.1013,54.4235],[11.1126,54.4152],[11.1388,54.4127],[11.179,54.4142],[11.1702,54.4201],[11.1885,54.4262],[11.3142,54.4138],[11.2556,54.4787]]],[[[8.3324,54.6938],[8.3604,54.7148],[8.3384,54.7102],[8.3205,54.6987],[8.2915,54.6671],[8.3114,54.6514],[8.3303,54.6314],[8.3537,54.619],[8.3877,54.6261],[8.4014,54.633],[8.3823,54.6391],[8.3324,54.6938]]],[[[8.4976,54.7564],[8.4641,54.7548],[8.4368,54.7485],[8.4142,54.7358],[8.3945,54.7148],[8.4528,54.6938],[8.4852,54.6881],[8.5112,54.6938],[8.5352,54.6862],[8.5521,54.685],[8.5658,54.6876],[8.5741,54.6944],[8.5855,54.7136],[8.5938,54.7217],[8.5938,54.7285],[8.5759,54.7464],[8.5532,54.7545],[8.4976,54.7564]]],[[[8.3604,54.9482],[8.3516,54.9667],[8.362,54.9868],[8.3809,55.0031],[8.4216,55.0163],[8.4304,55.03],[8.4222,55.0422],[8.3945,55.0439],[8.4024,55.0488],[8.4634,55.0507],[8.4158,55.0653],[8.3737,55.035],[8.298,54.9125],[8.2886,54.8913],[8.277,54.7828],[8.2778,54.7564],[8.2844,54.7424],[8.2907,54.7453],[8.2983,54.7769],[8.2949,54.8315],[8.2979,54.8356],[8.302,54.8626],[8.3374,54.8776],[8.362,54.8769],[8.3771,54.8663],[8.4461,54.8663],[8.4612,54.8688],[8.4888,54.8813],[8.5044,54.8862],[8.6294,54.8821],[8.6545,54.8936],[8.4365,54.8873],[8.3884,54.8942],[8.3545,54.9127],[8.3604,54.9482]]],[[[8.6345,54.5426],[8.6021,54.5298],[8.5959,54.5137],[8.6061,54.4992],[8.6188,54.4926],[8.6413,54.4924],[8.6698,54.5019],[8.6929,54.5233],[8.7009,54.5478],[8.6989,54.5586],[8.6345,54.5426]]],[[[7.9041,54.1804],[7.8945,54.1946],[7.8799,54.1939],[7.8992,54.1782],[7.9041,54.1804]]],[[[7.9124,54.1923],[7.9177,54.187],[7.9334,54.1899],[7.9299,54.1953],[7.9124,54.1923]]]]},"properties":{"name":"Schleswig-Holstein","name_en":"Schleswig-Holstein","name_ja":"シュレースヴィヒ＝ホルシュタイン州","name_zh":"石勒苏益格-荷尔斯泰因","name_ko":"슐레스비히홀슈타인","adm0_a3":"DEU","postal":"SH","iso_3166_2":"DE-SH","type_en":"State","geonunit":"Germany"}},
{"type":"Feature","geometry":{"type":"MultiPolygon","coordinates":[[[[8.5572,53.5199],[8.5358,53.5062],[8.5129,53.4965],[8.4976,53.4748],[8.4968,53.4453],[8.5073,53.3828],[8.5044,53.3581],[8.4909,53.3765],[8.485,53.4012],[8.4839,53.4573],[8.49,53.4864],[8.5062,53.508],[8.5282,53.5239],[8.5521,53.5362],[8.5521,53.5436],[8.5134,53.5548],[8.4281,53.5648],[8.3877,53.5771],[8.3485,53.6129],[8.3294,53.6181],[8.2876,53.6169],[8.2707,53.6129],[8.2573,53.6044],[8.2489,53.5903],[8.2417,53.5563],[8.2332,53.5399],[8.2312,53.5252],[8.2522,53.5231],[8.2915,53.5294],[8.3205,53.5092],[8.3151,53.4749],[8.2928,53.4405],[8.2717,53.4195],[8.2487,53.4084],[8.2197,53.4064],[8.2053,53.4107],[8.1867,53.4295],[8.1714,53.4366],[8.1524,53.4498],[8.1406,53.4536],[8.1239,53.454],[8.0998,53.4474],[8.0862,53.4561],[8.077,53.4687],[8.0588,53.502],[8.0763,53.5086],[8.1157,53.5107],[8.1338,53.5163],[8.1554,53.526],[8.1649,53.5352],[8.168,53.5532],[8.1567,53.5637],[8.1192,53.5719],[8.1276,53.5908],[8.0941,53.6047],[8.0529,53.6363],[8.0249,53.6726],[8.0314,53.7081],[7.9514,53.7219],[7.6514,53.697],[7.5039,53.6787],[7.4802,53.682],[7.4588,53.6951],[7.305,53.6848],[7.2261,53.6665],[7.189,53.6435],[7.1694,53.6355],[7.1331,53.6113],[7.1009,53.5979],[7.0868,53.5869],[7.0889,53.5737],[7.1019,53.5657],[7.1311,53.557],[7.14,53.5498],[7.1418,53.5372],[7.1345,53.5274],[7.125,53.5244],[7.1196,53.5163],[7.0794,53.5216],[7.0597,53.5217],[7.0514,53.5126],[7.047,53.4977],[7.0277,53.4674],[7.0233,53.4505],[7.0236,53.3764],[7.0383,53.3486],[7.0752,53.3376],[7.3029,53.3328],[7.3425,53.324],[7.3665,53.3028],[7.3477,53.3074],[7.3132,53.3205],[7.2915,53.3239],[7.2683,53.3237],[7.2547,53.3195],[7.2295,53.2966],[7.237,53.2855],[7.2336,53.2736],[7.2246,53.2629],[7.2044,53.2483],[7.1946,53.245],[7.1985,53.2006],[7.1954,53.185],[7.1886,53.1678],[7.1744,53.1458],[7.1727,53.1258],[7.1851,53.1054],[7.1944,53.0338],[7.1928,52.998],[7.1836,52.9661],[7.1619,52.9326],[7.0799,52.8544],[7.062,52.824],[7.0533,52.7906],[7.044,52.6826],[7.0367,52.6474],[7.0185,52.626],[6.9677,52.6367],[6.9184,52.6322],[6.8654,52.642],[6.7705,52.641],[6.737,52.6347],[6.7018,52.6191],[6.7102,52.6087],[6.7037,52.5914],[6.704,52.5831],[6.711,52.5766],[6.7438,52.5597],[6.6883,52.5426],[6.6717,52.5417],[6.684,52.526],[6.689,52.4905],[6.6951,52.4756],[6.7148,52.4616],[6.7412,52.4537],[6.8203,52.4468],[6.872,52.4347],[6.9002,52.4319],[6.9265,52.433],[6.9515,52.4375],[6.9733,52.4514],[7.0342,52.3908],[7.0482,52.3651],[7.0398,52.3286],[7.0197,52.3],[7.0125,52.2849],[7.0119,52.2666],[7.0207,52.2453],[7.0266,52.2386],[7.0531,52.2379],[7.0944,52.2487],[7.1215,52.2627],[7.2592,52.2662],[7.3006,52.2718],[7.3485,52.2921],[7.3726,52.3039],[7.3983,52.3073],[7.4165,52.314],[7.4674,52.3464],[7.5136,52.37],[7.5333,52.3735],[7.5616,52.3718],[7.5757,52.3829],[7.587,52.4048],[7.5951,52.414],[7.6021,52.4154],[7.5939,52.4252],[7.5862,52.4275],[7.5819,52.4364],[7.594,52.4683],[7.6091,52.4756],[7.6806,52.462],[7.6887,52.4579],[7.6944,52.4478],[7.7029,52.4133],[7.7098,52.4073],[7.7341,52.4019],[7.8018,52.3758],[7.8162,52.3651],[7.8293,52.3627],[7.8949,52.3786],[7.9058,52.3773],[7.9422,52.3476],[7.9736,52.3121],[7.9664,52.3091],[7.9359,52.3064],[7.9292,52.2999],[7.9348,52.2886],[7.9464,52.277],[7.9382,52.2659],[7.9163,52.2507],[7.9254,52.2304],[7.9174,52.2201],[7.9008,52.2079],[7.9036,52.2004],[7.9147,52.1967],[7.9343,52.1949],[7.9387,52.1841],[7.9475,52.1798],[7.9905,52.1818],[8.0175,52.1741],[8.0139,52.1641],[8.0035,52.1509],[7.9902,52.1232],[7.9472,52.1187],[7.9222,52.1115],[7.8932,52.0952],[7.8916,52.0898],[7.9042,52.0719],[7.9124,52.056],[7.9478,52.0473],[7.9698,52.0385],[7.9794,52.0404],[8.0229,52.0662],[8.0382,52.0707],[8.0746,52.0747],[8.1104,52.0665],[8.181,52.0831],[8.2115,52.0967],[8.2347,52.1161],[8.2669,52.1336],[8.3936,52.1113],[8.4059,52.1142],[8.4183,52.1337],[8.426,52.141],[8.4661,52.1567],[8.4862,52.17],[8.4971,52.1834],[8.4976,52.1892],[8.4639,52.2048],[8.461,52.2143],[8.4588,52.2501],[8.461,52.2866],[8.4602,52.3042],[8.4496,52.3381],[8.441,52.3538],[8.4277,52.3668],[8.3989,52.3796],[8.3339,52.3984],[8.3213,52.4102],[8.3014,52.4511],[8.3238,52.4459],[8.3466,52.446],[8.3669,52.4414],[8.4237,52.446],[8.4481,52.4546],[8.454,52.4615],[8.4617,52.4862],[8.4658,52.4913],[8.4967,52.5065],[8.517,52.5081],[8.5665,52.5071],[8.5826,52.5091],[8.6321,52.5239],[8.6596,52.5198],[8.6762,52.511],[8.7036,52.4802],[8.7072,52.4647],[8.7047,52.4425],[8.7106,52.4321],[8.7067,52.4073],[8.7128,52.3974],[8.724,52.3956],[8.8267,52.3888],[8.8591,52.391],[8.8944,52.4],[8.9612,52.4091],[8.9693,52.4163],[8.984,52.4448],[8.9991,52.4628],[9.0256,52.4796],[9.0812,52.4976],[9.0967,52.4955],[9.1105,52.483],[9.1316,52.4767],[9.1302,52.4646],[9.109,52.4515],[9.1108,52.4421],[9.1284,52.4085],[9.0954,52.3757],[9.0739,52.3487],[9.0492,52.3398],[9.018,52.3411],[9.0078,52.3392],[9.0011,52.3329],[8.9933,52.316],[8.9891,52.2884],[8.9833,52.265],[8.9927,52.2569],[9.0109,52.2541],[9.0441,52.2447],[9.0663,52.2415],[9.0705,52.2369],[9.0486,52.2276],[9.0385,52.2186],[9.0476,52.1962],[9.0418,52.1929],[9.0194,52.1941],[8.9881,52.1885],[9.0042,52.1645],[9.0073,52.1495],[8.9965,52.1341],[9.0309,52.1371],[9.064,52.138],[9.1355,52.1319],[9.1463,52.1259],[9.1403,52.1125],[9.1493,52.1022],[9.1771,52.0949],[9.1883,52.085],[9.1898,52.075],[9.1777,52.0604],[9.1774,52.0533],[9.1979,52.0194],[9.1932,52.0062],[9.1788,51.9986],[9.171,51.986],[9.1845,51.9794],[9.21,51.9716],[9.2237,51.9714],[9.234,51.9826],[9.2475,51.9836],[9.286,51.9728],[9.2859,51.965],[9.2747,51.9375],[9.2553,51.9224],[9.2632,51.9211],[9.3022,51.9232],[9.3259,51.9161],[9.3346,51.9058],[9.3383,51.8934],[9.3362,51.8823],[9.322,51.8563],[9.3321,51.8548],[9.3656,51.8615],[9.4103,51.8603],[9.4331,51.8626],[9.4552,51.8682],[9.4612,51.8654],[9.4561,51.8558],[9.4416,51.843],[9.4442,51.8352],[9.4609,51.8317],[9.4521,51.8161],[9.4519,51.7978],[9.4367,51.7705],[9.4281,51.7627],[9.4053,51.7521],[9.3898,51.7294],[9.3931,51.6976],[9.388,51.693],[9.39,51.6778],[9.3748,51.665],[9.3731,51.6473],[9.3788,51.6404],[9.3937,51.6401],[9.4401,51.649],[9.4485,51.644],[9.4668,51.655],[9.4829,51.6547],[9.4904,51.6493],[9.4944,51.6321],[9.5078,51.6284],[9.5326,51.6303],[9.5493,51.6403],[9.5647,51.6304],[9.5926,51.6257],[9.6162,51.6306],[9.6234,51.6295],[9.631,51.6172],[9.6508,51.6112],[9.6572,51.6039],[9.6665,51.585],[9.6861,51.5719],[9.6774,51.5608],[9.6713,51.5593],[9.644,51.5719],[9.6339,51.5689],[9.6451,51.5517],[9.641,51.5486],[9.6197,51.5525],[9.6125,51.5237],[9.5968,51.5206],[9.5968,51.5116],[9.6164,51.4838],[9.6387,51.468],[9.631,51.4607],[9.637,51.4474],[9.6347,51.434],[9.6386,51.4087],[9.6325,51.4009],[9.5929,51.397],[9.5821,51.3988],[9.5636,51.3845],[9.5712,51.3684],[9.5709,51.3614],[9.5535,51.3619],[9.5347,51.3666],[9.5413,51.3583],[9.5694,51.3423],[9.5863,51.3395],[9.6559,51.3195],[9.6695,51.3196],[9.6826,51.315],[9.7115,51.2915],[9.7335,51.2933],[9.7621,51.3093],[9.7731,51.319],[9.7734,51.3267],[9.7843,51.3359],[9.7795,51.3419],[9.77,51.3406],[9.7545,51.3309],[9.7428,51.3346],[9.7189,51.3507],[9.7137,51.3638],[9.7559,51.3792],[9.768,51.3856],[9.792,51.3904],[9.8017,51.3972],[9.7964,51.4084],[9.808,51.4073],[9.826,51.4009],[9.8372,51.3936],[9.8445,51.3815],[9.8564,51.3721],[9.866,51.3734],[9.8755,51.3847],[9.8628,51.4015],[9.8628,51.4087],[9.885,51.4112],[9.8976,51.4191],[9.9042,51.417],[9.9058,51.4037],[9.9146,51.3977],[9.9492,51.3818],[10.0001,51.4082],[10.0115,51.4168],[10.0321,51.4242],[10.0457,51.4321],[10.0661,51.4209],[10.0734,51.4208],[10.0847,51.4311],[10.0997,51.433],[10.1497,51.4318],[10.1499,51.4426],[10.1722,51.4493],[10.1821,51.4628],[10.1814,51.4719],[10.1947,51.4794],[10.2128,51.478],[10.2187,51.4708],[10.2396,51.4721],[10.2945,51.4935],[10.2987,51.5041],[10.3064,51.5106],[10.3323,51.5198],[10.3414,51.5289],[10.3646,51.5424],[10.3795,51.572],[10.3749,51.5857],[10.4005,51.588],[10.4217,51.5919],[10.431,51.5907],[10.4788,51.5747],[10.5142,51.5563],[10.5266,51.5554],[10.562,51.5574],[10.6104,51.5726],[10.6244,51.5732],[10.6453,51.5611],[10.6534,51.5658],[10.6542,51.5782],[10.6292,51.601],[10.6314,51.607],[10.6489,51.6197],[10.6976,51.6374],[10.669,51.6699],[10.6692,51.693],[10.6641,51.7072],[10.6442,51.7213],[10.6301,51.7384],[10.6192,51.7585],[10.603,51.7658],[10.5853,51.7779],[10.5778,51.8052],[10.5802,51.8449],[10.5871,51.851],[10.6006,51.8546],[10.6181,51.868],[10.6258,51.8699],[10.6399,51.8836],[10.6382,51.9068],[10.6318,51.9137],[10.613,51.9245],[10.6181,51.9434],[10.6418,51.9531],[10.6446,51.9587],[10.6247,51.9603],[10.6154,51.9684],[10.5902,51.9762],[10.5862,51.9872],[10.5727,51.9986],[10.5701,52.0068],[10.58,52.0103],[10.6093,52.0082],[10.6216,52.0105],[10.6512,52.0298],[10.6525,52.0426],[10.6608,52.0447],[10.7175,52.0502],[10.8503,52.0503],[10.8762,52.0567],[10.8962,52.0585],[10.9456,52.0577],[10.963,52.0598],[10.9684,52.0646],[10.9693,52.0835],[10.9477,52.097],[10.9581,52.1048],[10.9929,52.1116],[11.0138,52.1189],[11.0382,52.1317],[11.0565,52.1489],[11.0543,52.1684],[11.025,52.1793],[11.0193,52.1869],[11.0291,52.2061],[11.0374,52.2115],[11.072,52.2188],[11.0829,52.2251],[11.0852,52.2401],[11.0829,52.2471],[11.0735,52.2508],[11.0636,52.2437],[11.0623,52.2585],[11.048,52.2612],[11.0272,52.2752],[11.0148,52.2874],[11.0337,52.3065],[11.0207,52.3232],[11.003,52.3288],[10.9993,52.3425],[11.019,52.3487],[11.0638,52.3538],[11.0691,52.3585],[11.073,52.3722],[11.067,52.3797],[11.0376,52.3948],[11.0107,52.4035],[10.9391,52.4621],[10.9414,52.4764],[10.9501,52.4925],[10.9627,52.4983],[11.0017,52.4981],[10.9941,52.509],[10.9664,52.5362],[10.9537,52.5455],[10.9459,52.5679],[10.9465,52.5836],[10.9527,52.5933],[10.9693,52.6044],[10.9777,52.6132],[10.9734,52.6193],[10.9572,52.6225],[10.9373,52.6138],[10.9198,52.6195],[10.8849,52.6514],[10.8369,52.7103],[10.8217,52.7161],[10.8112,52.7161],[10.801,52.7225],[10.7938,52.7479],[10.7743,52.7617],[10.7569,52.7865],[10.7602,52.8014],[10.7567,52.8182],[10.762,52.8384],[10.7954,52.8463],[10.8425,52.8485],[10.8855,52.8472],[10.9417,52.8591],[10.9607,52.8651],[10.9704,52.8731],[10.9893,52.8821],[10.9958,52.9014],[11.0025,52.9087],[11.0147,52.9119],[11.0508,52.9123],[11.0809,52.9075],[11.1066,52.9006],[11.1653,52.9033],[11.2136,52.8978],[11.2409,52.8862],[11.2482,52.8779],[11.2643,52.8775],[11.2845,52.8853],[11.3129,52.8838],[11.3737,52.8996],[11.4124,52.9064],[11.4704,52.9401],[11.4983,52.9418],[11.502,52.9442],[11.4963,52.9694],[11.5009,52.9891],[11.5068,53.0011],[11.5252,53.0082],[11.552,53.0057],[11.5619,53.01],[11.5813,53.0429],[11.5323,53.0546],[11.5093,53.0565],[11.4907,53.0607],[11.4609,53.0794],[11.4379,53.0838],[11.4169,53.0809],[11.3842,53.0671],[11.3656,53.064],[11.3441,53.0663],[11.3276,53.0724],[11.2909,53.0985],[11.2741,53.1175],[11.2558,53.1362],[11.2397,53.142],[11.2247,53.153],[11.2014,53.1405],[11.1943,53.1409],[11.1645,53.1709],[11.1434,53.1727],[11.1093,53.1558],[11.0894,53.1442],[11.0681,53.1555],[11.0401,53.1664],[10.9302,53.2285],[10.8393,53.2601],[10.8073,53.2756],[10.7868,53.2934],[10.7751,53.3002],[10.7558,53.3029],[10.7394,53.3085],[10.7346,53.3217],[10.7316,53.352],[10.7097,53.3683],[10.6755,53.3737],[10.6012,53.3718],[10.5695,53.3639],[10.5284,53.3724],[10.3864,53.4239],[10.3505,53.432],[10.328,53.4327],[10.2853,53.4327],[10.2661,53.4271],[10.2416,53.4066],[10.1865,53.4044],[10.1699,53.4066],[10.1536,53.4136],[10.1314,53.4306],[10.1112,53.4339],[10.0831,53.4509],[10.0387,53.4431],[10.0294,53.4384],[10.0279,53.4275],[9.9854,53.4151],[9.9685,53.4145],[9.95,53.422],[9.9388,53.4219],[9.919,53.4156],[9.9093,53.4181],[9.9055,53.4412],[9.8908,53.449],[9.8775,53.4448],[9.8651,53.4334],[9.8572,53.4329],[9.8244,53.4514],[9.8106,53.4624],[9.7914,53.4898],[9.7824,53.4943],[9.7684,53.5082],[9.764,53.5477],[9.6966,53.5566],[9.6372,53.581],[9.6248,53.5846],[9.6009,53.5863],[9.5824,53.5913],[9.5671,53.5996],[9.4984,53.6599],[9.4847,53.6901],[9.471,53.7006],[9.4429,53.7143],[9.4027,53.7424],[9.3053,53.8446],[9.2834,53.8616],[9.2747,53.8651],[9.2407,53.8642],[9.2243,53.8659],[9.2107,53.872],[9.1936,53.8647],[9.1145,53.8651],[9.035,53.8536],[9.0163,53.8405],[8.9762,53.8424],[8.9036,53.8317],[8.8607,53.831],[8.7825,53.8425],[8.7446,53.8542],[8.7092,53.872],[8.6846,53.8885],[8.6727,53.8916],[8.6519,53.8925],[8.6292,53.8894],[8.6071,53.8815],[8.5876,53.8704],[8.5733,53.8577],[8.5562,53.831],[8.5296,53.7707],[8.4922,53.7152],[8.4861,53.7004],[8.4839,53.6836],[8.4871,53.6669],[8.5012,53.6442],[8.513,53.6171],[8.5625,53.6063],[8.5843,53.6039],[8.6253,53.605],[8.6318,53.602],[8.6202,53.5876],[8.6236,53.5771],[8.6352,53.5599],[8.6427,53.5319],[8.6391,53.5167],[8.6236,53.5022],[8.6028,53.4905],[8.5883,53.5002],[8.573,53.5019],[8.5572,53.5199]],[[8.5645,53.2118],[8.5902,53.2154],[8.6179,53.2048],[8.6768,53.1904],[8.6903,53.1884],[8.7105,53.1918],[8.7455,53.1916],[8.7566,53.1787],[8.7837,53.169],[8.8239,53.1681],[8.8407,53.1579],[8.8605,53.1493],[8.895,53.1389],[8.9124,53.1393],[8.924,53.1566],[8.933,53.163],[8.9495,53.156],[8.973,53.1395],[8.9752,53.1347],[8.9605,53.1261],[8.9616,53.1158],[8.986,53.1001],[8.9899,53.0936],[8.9814,53.0859],[8.9767,53.0756],[8.9727,53.0526],[8.9577,53.0426],[8.9145,53.0246],[8.866,53.0475],[8.866,53.0397],[8.8441,53.0332],[8.8247,53.035],[8.7771,53.0534],[8.7195,53.0479],[8.7024,53.0511],[8.7027,53.0799],[8.6929,53.0881],[8.6538,53.1157],[8.638,53.1303],[8.6334,53.1414],[8.6315,53.1596],[8.6172,53.1769],[8.611,53.1801],[8.5781,53.1798],[8.5544,53.1896],[8.513,53.1998],[8.4961,53.224],[8.5187,53.2261],[8.5295,53.2247],[8.5645,53.2118]]],[[[6.7981,53.6044],[6.7847,53.6201],[6.7473,53.6184],[6.6712,53.6044],[6.6595,53.5991],[6.6633,53.5873],[6.6771,53.5756],[6.6951,53.5703],[6.716,53.5761],[6.7346,53.5752],[6.7565,53.5629],[6.7422,53.5784],[6.7224,53.5846],[6.7224,53.5908],[6.7409,53.5935],[6.7756,53.6025],[6.7981,53.6044]]],[[[6.8738,53.6728],[7.0855,53.687],[7.047,53.6942],[6.9108,53.6837],[6.8738,53.6728]]],[[[7.1331,53.7081],[7.1736,53.7014],[7.2957,53.711],[7.3467,53.7232],[7.3462,53.728],[7.2329,53.7294],[7.179,53.7241],[7.1331,53.7081]]],[[[7.3665,53.728],[7.3812,53.7285],[7.4212,53.7211],[7.4356,53.728],[7.4226,53.7342],[7.4035,53.7367],[7.3831,53.7348],[7.3665,53.728]]],[[[8.1201,53.7211],[8.1201,53.7143],[8.1307,53.7185],[8.1509,53.7143],[8.1717,53.7256],[8.196,53.728],[8.1748,53.737],[8.1524,53.7392],[8.1327,53.734],[8.1201,53.7211]]],[[[7.5174,53.7621],[7.487,53.7614],[7.4746,53.7568],[7.4696,53.7453],[7.473,53.7319],[7.4819,53.7271],[7.5112,53.728],[7.5139,53.7455],[7.5477,53.7504],[7.6206,53.7491],[7.6267,53.7553],[7.6066,53.7626],[7.5174,53.7621]]],[[[7.6609,53.7621],[7.6771,53.7578],[7.695,53.7695],[7.7195,53.7599],[7.7482,53.7609],[7.7762,53.768],[7.7986,53.7764],[7.8128,53.7764],[7.8128,53.7831],[7.7283,53.7866],[7.6863,53.781],[7.6609,53.7621]]],[[[7.8738,53.7764],[7.8753,53.7884],[7.8932,53.789],[7.9353,53.7831],[7.9556,53.7829],[7.929,53.7925],[7.8976,53.7963],[7.8767,53.7949],[7.8589,53.7909],[7.8545,53.7846],[7.8738,53.7764]]]]},"properties":{"name":"Niedersachsen","name_en":"Lower Saxony","name_ja":"ニーダーザクセン州","name_zh":"下萨克森","name_ko":"니더작센","adm0_a3":"DEU","postal":"NI","iso_3166_2":"DE-NI","type_en":"State","geonunit":"Germany"}},
{"type":"Feature","geometry":{"type":"Polygon","coordinates":[[[7.0266,52.2386],[7.0263,52.2306],[6.9819,52.214],[6.9711,52.2063],[6.9477,52.1828],[6.9277,52.1719],[6.8848,52.1603],[6.8654,52.1478],[6.8433,52.12],[6.8307,52.1129],[6.7659,52.1084],[6.7499,52.1029],[6.7329,52.092],[6.7195,52.0736],[6.7114,52.0673],[6.6799,52.0605],[6.673,52.0501],[6.675,52.0348],[6.6909,52.0279],[6.7129,52.0239],[6.7782,52.0013],[6.804,51.9844],[6.8117,51.9728],[6.8107,51.9606],[6.7898,51.9511],[6.767,51.9255],[6.7438,51.9083],[6.7167,51.8993],[6.6282,51.8975],[6.5286,51.8764],[6.4794,51.853],[6.4629,51.8484],[6.4425,51.8484],[6.3785,51.8601],[6.3866,51.8376],[6.3825,51.8276],[6.345,51.8211],[6.342,51.8367],[6.3257,51.8425],[6.2874,51.8462],[6.2718,51.8619],[6.2564,51.8668],[6.2252,51.8625],[6.1914,51.8712],[6.1592,51.8873],[6.127,51.8967],[6.093,51.8853],[6.1054,51.8795],[6.1427,51.8552],[6.1561,51.8421],[6.084,51.8537],[6.0433,51.8469],[6.0082,51.8326],[5.9889,51.8275],[5.9481,51.823],[5.9315,51.8157],[5.928,51.8067],[5.9508,51.7959],[5.9641,51.7766],[5.9624,51.7564],[5.9401,51.7426],[5.9393,51.7319],[5.9492,51.7294],[5.9783,51.7298],[5.9897,51.7264],[6.022,51.7095],[6.0086,51.6812],[6.0315,51.663],[6.0992,51.6445],[6.0821,51.6078],[6.0865,51.5955],[6.153,51.5384],[6.1933,51.5093],[6.2053,51.4584],[6.2017,51.4386],[6.1941,51.4174],[6.1927,51.399],[6.2078,51.3877],[6.202,51.3789],[6.1989,51.357],[6.1936,51.3445],[6.1836,51.3357],[6.1478,51.3182],[6.0965,51.2588],[6.0754,51.2427],[6.0652,51.2316],[6.0566,51.2117],[6.0537,51.1894],[6.0608,51.1709],[6.0843,51.1627],[6.1341,51.1842],[6.1571,51.1793],[6.1263,51.1646],[6.1473,51.1523],[6.1324,51.1398],[6.0754,51.1204],[5.9829,51.0747],[5.9695,51.0649],[5.9503,51.0395],[5.938,51.0309],[5.9196,51.0297],[5.8943,51.0471],[5.8805,51.0521],[5.8525,51.0428],[5.8582,51.0193],[5.8736,50.9906],[5.8746,50.9654],[5.8883,50.9671],[5.9277,50.9777],[5.9678,50.971],[6.0037,50.9737],[6.0058,50.9685],[5.9958,50.9518],[5.9999,50.9294],[6.0075,50.9241],[6.0311,50.9147],[6.0637,50.9075],[6.0546,50.8915],[6.0631,50.8709],[6.0567,50.8527],[6.0456,50.8442],[6.023,50.8454],[6.0093,50.8405],[6.0005,50.8304],[6.0036,50.8126],[5.9983,50.8007],[5.984,50.7922],[5.9688,50.7946],[5.973,50.7818],[5.9806,50.7734],[5.9971,50.7629],[5.9942,50.7426],[6.0108,50.7371],[6.0076,50.7169],[6.0116,50.7085],[6.0248,50.7076],[6.0644,50.7145],[6.081,50.7135],[6.1002,50.7013],[6.1611,50.6422],[6.1478,50.6368],[6.1594,50.6224],[6.18,50.6155],[6.2491,50.6144],[6.2513,50.6084],[6.2329,50.5908],[6.2329,50.5871],[6.2106,50.5787],[6.1791,50.562],[6.1607,50.5436],[6.1773,50.5302],[6.1708,50.518],[6.1906,50.5152],[6.1826,50.5066],[6.1907,50.5018],[6.1992,50.4904],[6.2171,50.486],[6.2556,50.4946],[6.2754,50.488],[6.3187,50.4817],[6.3369,50.481],[6.3257,50.474],[6.3233,50.466],[6.3316,50.4469],[6.3402,50.4379],[6.3512,50.4336],[6.3504,50.4169],[6.3433,50.3933],[6.3364,50.3799],[6.3377,50.3681],[6.3725,50.3294],[6.3734,50.3231],[6.3984,50.3232],[6.4257,50.3324],[6.424,50.3391],[6.3917,50.3722],[6.3976,50.3832],[6.4137,50.3783],[6.4217,50.3684],[6.4447,50.3593],[6.4581,50.341],[6.481,50.3463],[6.5322,50.3695],[6.5728,50.3736],[6.5856,50.3774],[6.6163,50.3695],[6.6248,50.3625],[6.6195,50.3509],[6.6355,50.3503],[6.6633,50.3621],[6.6712,50.3624],[6.689,50.3539],[6.7016,50.3437],[6.7182,50.3416],[6.7704,50.3526],[6.795,50.3556],[6.8012,50.3634],[6.7981,50.3728],[6.7814,50.3931],[6.7763,50.4262],[6.7525,50.4368],[6.7609,50.4542],[6.7601,50.4707],[6.7766,50.4769],[6.8146,50.4864],[6.8206,50.486],[6.8341,50.4692],[6.8462,50.4629],[6.8736,50.4622],[6.8878,50.4767],[6.8902,50.4966],[6.8852,50.5218],[6.8895,50.5249],[6.9133,50.5294],[6.9285,50.5411],[6.9393,50.5548],[6.9713,50.5597],[6.9989,50.5666],[7.0518,50.5903],[7.0743,50.5921],[7.0905,50.5865],[7.1052,50.5891],[7.1153,50.6025],[7.1218,50.6042],[7.1437,50.599],[7.1546,50.6011],[7.1786,50.6174],[7.1857,50.619],[7.1969,50.6363],[7.2157,50.6339],[7.2263,50.6214],[7.2826,50.6188],[7.2939,50.6198],[7.3405,50.6289],[7.3715,50.6426],[7.3769,50.6619],[7.3835,50.6684],[7.3844,50.6938],[7.38,50.6988],[7.3869,50.7037],[7.4111,50.7082],[7.4486,50.7062],[7.5324,50.721],[7.5633,50.7328],[7.5814,50.7357],[7.5995,50.7334],[7.6134,50.7494],[7.6272,50.7556],[7.6592,50.7633],[7.6798,50.7797],[7.6866,50.7749],[7.6989,50.7816],[7.6939,50.798],[7.6756,50.81],[7.7129,50.8244],[7.7343,50.84],[7.7406,50.842],[7.7677,50.8365],[7.7705,50.8549],[7.7579,50.8753],[7.7541,50.9],[7.7575,50.9113],[7.7886,50.9303],[7.8016,50.9327],[7.8597,50.9225],[7.8564,50.9082],[7.8446,50.882],[7.8592,50.8727],[7.8856,50.8669],[7.9239,50.8411],[7.9425,50.832],[7.9703,50.837],[7.9767,50.827],[7.9839,50.803],[7.9811,50.7735],[7.9914,50.761],[8.0338,50.726],[8.0504,50.7073],[8.0563,50.6909],[8.0645,50.6895],[8.0895,50.6968],[8.1067,50.695],[8.1345,50.684],[8.1439,50.6978],[8.1669,50.7079],[8.1751,50.7421],[8.1674,50.7516],[8.145,50.7623],[8.1408,50.7718],[8.1329,50.7769],[8.1393,50.785],[8.1872,50.8115],[8.1972,50.8271],[8.2166,50.8359],[8.2253,50.8437],[8.2684,50.8684],[8.2805,50.8782],[8.2996,50.8809],[8.3061,50.8775],[8.3145,50.8645],[8.3367,50.8599],[8.3641,50.8616],[8.3949,50.8751],[8.3969,50.8888],[8.4271,50.9087],[8.4441,50.916],[8.4638,50.9145],[8.4681,50.9208],[8.4696,50.9438],[8.4906,50.973],[8.5095,50.9803],[8.5275,51.0054],[8.5449,51.0207],[8.535,51.0503],[8.5382,51.0602],[8.5351,51.0674],[8.5205,51.0849],[8.5247,51.0933],[8.6272,51.0936],[8.6584,51.0884],[8.7044,51.1047],[8.7055,51.1163],[8.6957,51.1305],[8.7179,51.1502],[8.7502,51.1728],[8.7516,51.1905],[8.7317,51.2498],[8.7201,51.2551],[8.7242,51.2658],[8.7169,51.2711],[8.7077,51.2692],[8.6857,51.259],[8.6653,51.2552],[8.6448,51.2541],[8.622,51.2404],[8.6036,51.2426],[8.5944,51.2575],[8.58,51.2649],[8.5781,51.2759],[8.5939,51.296],[8.6155,51.3136],[8.6482,51.3344],[8.654,51.3441],[8.6732,51.3522],[8.6855,51.3634],[8.7041,51.3663],[8.7277,51.3731],[8.7726,51.3754],[8.7963,51.3804],[8.8146,51.3817],[8.8508,51.3747],[8.858,51.3754],[8.8834,51.3875],[8.8936,51.39],[8.9351,51.3913],[8.9425,51.3962],[8.9496,51.4124],[8.9412,51.418],[8.9204,51.4199],[8.9159,51.4251],[8.9127,51.4502],[8.8981,51.4667],[8.9062,51.4809],[8.9581,51.4972],[8.9994,51.5039],[9.0154,51.5092],[9.0301,51.5054],[9.0497,51.496],[9.0748,51.491],[9.0846,51.483],[9.0843,51.46],[9.0897,51.4529],[9.1087,51.4429],[9.1459,51.4383],[9.158,51.4389],[9.1934,51.4564],[9.2148,51.4587],[9.2185,51.4752],[9.2243,51.487],[9.2523,51.5002],[9.2629,51.5022],[9.2963,51.5176],[9.3158,51.5399],[9.336,51.554],[9.3543,51.5895],[9.3521,51.5965],[9.3331,51.6067],[9.3459,51.6123],[9.4178,51.6271],[9.4401,51.649],[9.3937,51.6401],[9.3788,51.6404],[9.3731,51.6473],[9.3748,51.665],[9.39,51.6778],[9.388,51.693],[9.3931,51.6976],[9.3898,51.7294],[9.4053,51.7521],[9.4281,51.7627],[9.4367,51.7705],[9.4519,51.7978],[9.4521,51.8161],[9.4609,51.8317],[9.4442,51.8352],[9.4416,51.843],[9.4561,51.8558],[9.4612,51.8654],[9.4552,51.8682],[9.4331,51.8626],[9.4103,51.8603],[9.3656,51.8615],[9.3321,51.8548],[9.322,51.8563],[9.3362,51.8823],[9.3383,51.8934],[9.3346,51.9058],[9.3259,51.9161],[9.3022,51.9232],[9.2632,51.9211],[9.2553,51.9224],[9.2747,51.9375],[9.2859,51.965],[9.286,51.9728],[9.2475,51.9836],[9.234,51.9826],[9.2237,51.9714],[9.21,51.9716],[9.1845,51.9794],[9.171,51.986],[9.1788,51.9986],[9.1932,52.0062],[9.1979,52.0194],[9.1774,52.0533],[9.1777,52.0604],[9.1898,52.075],[9.1883,52.085],[9.1771,52.0949],[9.1493,52.1022],[9.1403,52.1125],[9.1463,52.1259],[9.1355,52.1319],[9.064,52.138],[9.0309,52.1371],[8.9965,52.1341],[9.0073,52.1495],[9.0042,52.1645],[8.9881,52.1885],[9.0194,52.1941],[9.0418,52.1929],[9.0476,52.1962],[9.0385,52.2186],[9.0486,52.2276],[9.0705,52.2369],[9.0663,52.2415],[9.0441,52.2447],[9.0109,52.2541],[8.9927,52.2569],[8.9833,52.265],[8.9891,52.2884],[8.9933,52.316],[9.0011,52.3329],[9.0078,52.3392],[9.018,52.3411],[9.0492,52.3398],[9.0739,52.3487],[9.0954,52.3757],[9.1284,52.4085],[9.1108,52.4421],[9.109,52.4515],[9.1302,52.4646],[9.1316,52.4767],[9.1105,52.483],[9.0967,52.4955],[9.0812,52.4976],[9.0256,52.4796],[8.9991,52.4628],[8.984,52.4448],[8.9693,52.4163],[8.9612,52.4091],[8.8944,52.4],[8.8591,52.391],[8.8267,52.3888],[8.724,52.3956],[8.7128,52.3974],[8.7067,52.4073],[8.7106,52.4321],[8.7047,52.4425],[8.7072,52.4647],[8.7036,52.4802],[8.6762,52.511],[8.6596,52.5198],[8.6321,52.5239],[8.5826,52.5091],[8.5665,52.5071],[8.517,52.5081],[8.4967,52.5065],[8.4658,52.4913],[8.4617,52.4862],[8.454,52.4615],[8.4481,52.4546],[8.4237,52.446],[8.3669,52.4414],[8.3466,52.446],[8.3238,52.4459],[8.3014,52.4511],[8.3213,52.4102],[8.3339,52.3984],[8.3989,52.3796],[8.4277,52.3668],[8.441,52.3538],[8.4496,52.3381],[8.4602,52.3042],[8.461,52.2866],[8.4588,52.2501],[8.461,52.2143],[8.4639,52.2048],[8.4976,52.1892],[8.4971,52.1834],[8.4862,52.17],[8.4661,52.1567],[8.426,52.141],[8.4183,52.1337],[8.4059,52.1142],[8.3936,52.1113],[8.2669,52.1336],[8.2347,52.1161],[8.2115,52.0967],[8.181,52.0831],[8.1104,52.0665],[8.0746,52.0747],[8.0382,52.0707],[8.0229,52.0662],[7.9794,52.0404],[7.9698,52.0385],[7.9478,52.0473],[7.9124,52.056],[7.9042,52.0719],[7.8916,52.0898],[7.8932,52.0952],[7.9222,52.1115],[7.9472,52.1187],[7.9902,52.1232],[8.0035,52.1509],[8.0139,52.1641],[8.0175,52.1741],[7.9905,52.1818],[7.9475,52.1798],[7.9387,52.1841],[7.9343,52.1949],[7.9147,52.1967],[7.9036,52.2004],[7.9008,52.2079],[7.9174,52.2201],[7.9254,52.2304],[7.9163,52.2507],[7.9382,52.2659],[7.9464,52.277],[7.9348,52.2886],[7.9292,52.2999],[7.9359,52.3064],[7.9664,52.3091],[7.9736,52.3121],[7.9422,52.3476],[7.9058,52.3773],[7.8949,52.3786],[7.8293,52.3627],[7.8162,52.3651],[7.8018,52.3758],[7.7341,52.4019],[7.7098,52.4073],[7.7029,52.4133],[7.6944,52.4478],[7.6887,52.4579],[7.6806,52.462],[7.6091,52.4756],[7.594,52.4683],[7.5819,52.4364],[7.5862,52.4275],[7.5939,52.4252],[7.6021,52.4154],[7.5951,52.414],[7.587,52.4048],[7.5757,52.3829],[7.5616,52.3718],[7.5333,52.3735],[7.5136,52.37],[7.4674,52.3464],[7.4165,52.314],[7.3983,52.3073],[7.3726,52.3039],[7.3485,52.2921],[7.3006,52.2718],[7.2592,52.2662],[7.1215,52.2627],[7.0944,52.2487],[7.0531,52.2379],[7.0266,52.2386]]]},"properties":{"name":"Nordrhein-Westfalen","name_en":"North Rhine-Westphalia","name_ja":"ノルトライン＝ヴェストファーレン州","name_zh":"北莱茵－威斯特法伦","name_ko":"노르트라인베스트팔렌","adm0_a3":"DEU","postal":"NW","iso_3166_2":"DE-NW","type_en":"State","geonunit":"Germany"}},
{"type":"Feature","geometry":{"type":"Polygon","coordinates":[[[8.1999,48.9583],[8.1793,48.9427],[8.1481,48.9037],[8.1027,48.8213],[8.0842,48.8041],[8.0476,48.791],[8.0388,48.7908],[8.0273,48.78],[8.023,48.7651],[8.0096,48.7601],[7.9815,48.7598],[7.9701,48.7573],[7.9649,48.7483],[7.9636,48.7293],[7.9484,48.7119],[7.9233,48.6982],[7.8959,48.6765],[7.8806,48.6677],[7.8641,48.6642],[7.8524,48.6587],[7.8103,48.615],[7.8018,48.5824],[7.8017,48.5476],[7.8135,48.5263],[7.8135,48.5195],[7.7765,48.4982],[7.7713,48.4891],[7.7692,48.4701],[7.7642,48.4604],[7.7507,48.4444],[7.7457,48.433],[7.7383,48.4066],[7.7372,48.3935],[7.7404,48.3814],[7.752,48.3553],[7.7507,48.3414],[7.737,48.3267],[7.7186,48.32],[7.7025,48.3112],[7.6955,48.2902],[7.6935,48.2699],[7.6872,48.2529],[7.6766,48.2384],[7.6134,48.1792],[7.6068,48.167],[7.6048,48.1526],[7.5857,48.1297],[7.5726,48.095],[7.5757,48.0537],[7.6189,48.0027],[7.6211,47.9714],[7.6116,47.9594],[7.5849,47.9404],[7.5796,47.9271],[7.5808,47.9108],[7.5686,47.8914],[7.5579,47.8785],[7.5642,47.8504],[7.562,47.8392],[7.5429,47.8294],[7.5286,47.797],[7.5259,47.7832],[7.5383,47.7481],[7.5378,47.7318],[7.5154,47.7133],[7.5119,47.7073],[7.5147,47.6858],[7.5218,47.6704],[7.5366,47.6652],[7.5501,47.6524],[7.5726,47.622],[7.5903,47.6079],[7.5925,47.5984],[7.586,47.5846],[7.637,47.595],[7.6597,47.5966],[7.6465,47.5715],[7.6359,47.5646],[7.6097,47.5647],[7.6614,47.5462],[7.6834,47.5443],[7.7667,47.556],[7.7856,47.5632],[7.8015,47.5761],[7.8197,47.5953],[7.8337,47.5905],[7.8982,47.5878],[7.9043,47.5836],[7.9122,47.5606],[8.0423,47.5606],[8.0872,47.5674],[8.097,47.5719],[8.1054,47.5813],[8.1221,47.5921],[8.1438,47.6001],[8.1621,47.6038],[8.179,47.6158],[8.233,47.622],[8.2511,47.622],[8.2886,47.6158],[8.2939,47.6115],[8.3063,47.5922],[8.3162,47.5878],[8.3541,47.581],[8.4181,47.5808],[8.4489,47.5843],[8.4618,47.6061],[8.4924,47.6198],[8.5224,47.6219],[8.5378,47.6121],[8.5607,47.5894],[8.5741,47.5924],[8.5806,47.6002],[8.5821,47.625],[8.5803,47.639],[8.5936,47.6426],[8.5951,47.6348],[8.6016,47.6326],[8.6073,47.6563],[8.5682,47.6629],[8.5197,47.6574],[8.4761,47.6404],[8.4583,47.6399],[8.4376,47.6478],[8.412,47.661],[8.3913,47.6655],[8.3977,47.6763],[8.391,47.6921],[8.3921,47.6995],[8.4019,47.7071],[8.4273,47.7165],[8.4379,47.7232],[8.4455,47.7432],[8.4636,47.7639],[8.5365,47.7741],[8.5516,47.7793],[8.5423,47.795],[8.5582,47.8012],[8.5831,47.8002],[8.6016,47.7946],[8.6076,47.7623],[8.6174,47.7573],[8.6298,47.7628],[8.635,47.7846],[8.6441,47.791],[8.657,47.7881],[8.6819,47.7587],[8.7131,47.7574],[8.7198,47.7473],[8.7037,47.73],[8.7004,47.7235],[8.7126,47.7087],[8.7171,47.6946],[8.7699,47.6951],[8.7617,47.7013],[8.7707,47.7209],[8.7976,47.72],[8.8302,47.7072],[8.8561,47.6907],[8.8377,47.6878],[8.8378,47.6808],[8.8527,47.6708],[8.8817,47.6561],[8.9062,47.6518],[8.9454,47.6543],[8.9818,47.6622],[8.9977,47.6738],[9.0166,47.6789],[9.1281,47.6704],[9.1834,47.6704],[9.1969,47.6561],[9.2344,47.6562],[9.2732,47.6501],[9.5499,47.5335],[9.5541,47.5327],[9.6122,47.5877],[9.62,47.5905],[9.6468,47.594],[9.6587,47.5977],[9.6643,47.6064],[9.68,47.6116],[9.715,47.6048],[9.7601,47.6204],[9.8342,47.6651],[9.8646,47.6748],[9.905,47.6632],[9.9292,47.6593],[9.9533,47.6595],[9.9875,47.6672],[10.0091,47.6754],[10.0339,47.68],[10.0578,47.6782],[10.0757,47.6497],[10.0855,47.658],[10.0867,47.6725],[10.0934,47.6797],[10.1215,47.6739],[10.1314,47.6879],[10.1227,47.711],[10.1192,47.7296],[10.1181,47.7587],[10.114,47.7673],[10.0991,47.7701],[10.0932,47.7786],[10.0802,47.787],[10.085,47.7989],[10.0924,47.8021],[10.1095,47.8025],[10.1201,47.8135],[10.1295,47.8165],[10.1109,47.8449],[10.1022,47.8618],[10.0926,47.8612],[10.0861,47.8659],[10.0982,47.8779],[10.1092,47.9102],[10.1095,47.9378],[10.0976,47.9461],[10.087,47.9603],[10.0855,47.9701],[10.1007,47.9796],[10.1302,48.0349],[10.1376,48.0569],[10.1401,48.0836],[10.1362,48.1073],[10.1093,48.148],[10.07,48.269],[10.0541,48.3049],[10.0223,48.3407],[10.0039,48.3681],[9.9896,48.3702],[9.9806,48.3813],[10.0366,48.4334],[10.0439,48.4366],[10.0408,48.45],[10.046,48.458],[10.0679,48.4722],[10.0982,48.476],[10.1212,48.4872],[10.1334,48.4869],[10.1424,48.4693],[10.1534,48.4658],[10.2506,48.5052],[10.2532,48.5163],[10.2624,48.5254],[10.2768,48.5297],[10.315,48.5311],[10.3125,48.5434],[10.3229,48.562],[10.3244,48.5732],[10.3207,48.5866],[10.3133,48.5959],[10.3131,48.6082],[10.3336,48.6172],[10.3329,48.6233],[10.3047,48.6398],[10.2892,48.6454],[10.2734,48.6624],[10.2695,48.6695],[10.2704,48.6811],[10.2898,48.7001],[10.2981,48.7035],[10.3164,48.6914],[10.3253,48.689],[10.346,48.69],[10.3544,48.6862],[10.3617,48.674],[10.3719,48.6645],[10.3789,48.6673],[10.4242,48.702],[10.431,48.7051],[10.4444,48.6993],[10.438,48.6954],[10.4326,48.6728],[10.4385,48.6676],[10.4518,48.6728],[10.4951,48.6995],[10.4674,48.7358],[10.4607,48.735],[10.4411,48.7418],[10.434,48.748],[10.4324,48.7658],[10.4386,48.7718],[10.4411,48.8042],[10.454,48.8138],[10.459,48.8335],[10.4493,48.8456],[10.4529,48.8605],[10.4563,48.8877],[10.4556,48.8989],[10.4456,48.9077],[10.4674,48.915],[10.4675,48.9211],[10.4588,48.9394],[10.4458,48.9488],[10.4399,48.9595],[10.4228,48.9726],[10.4151,48.9829],[10.3733,49.0054],[10.3673,49.0108],[10.36,49.0284],[10.3542,49.0334],[10.3373,49.0342],[10.3201,49.0411],[10.3004,49.0421],[10.2744,49.0502],[10.2783,49.0664],[10.2593,49.0788],[10.2597,49.0921],[10.2349,49.0988],[10.232,49.1056],[10.2512,49.1077],[10.2641,49.1268],[10.2633,49.1476],[10.2458,49.159],[10.2344,49.1598],[10.2187,49.1551],[10.2051,49.1638],[10.1848,49.1829],[10.1587,49.196],[10.1469,49.2054],[10.1593,49.209],[10.1599,49.2146],[10.1452,49.2293],[10.1438,49.2505],[10.13,49.2602],[10.1268,49.2676],[10.1326,49.2723],[10.1542,49.2657],[10.1598,49.2753],[10.1468,49.2991],[10.1542,49.3133],[10.1526,49.3191],[10.1316,49.3261],[10.1192,49.3416],[10.1218,49.3695],[10.1396,49.3835],[10.1511,49.3847],[10.1699,49.3803],[10.1711,49.3843],[10.1423,49.4308],[10.134,49.4357],[10.1146,49.4403],[10.1129,49.4445],[10.1244,49.4559],[10.132,49.4724],[10.1206,49.4921],[10.1289,49.5056],[10.1275,49.5114],[10.0986,49.5195],[10.096,49.5236],[10.1017,49.5376],[10.0852,49.5443],[10.0611,49.5319],[10.0574,49.5273],[10.0659,49.5197],[10.0658,49.5092],[10.0372,49.4881],[10.0197,49.4803],[9.9477,49.4793],[9.9363,49.4817],[9.932,49.5062],[9.9342,49.5286],[9.9298,49.5504],[9.9129,49.5615],[9.919,49.5718],[9.9129,49.579],[9.8987,49.5759],[9.8868,49.5649],[9.8715,49.5588],[9.8639,49.545],[9.8552,49.542],[9.8417,49.5456],[9.8391,49.5512],[9.8561,49.5638],[9.8609,49.5732],[9.8598,49.5852],[9.8783,49.6019],[9.8823,49.6094],[9.8747,49.6208],[9.8405,49.6451],[9.8339,49.6529],[9.8337,49.682],[9.8317,49.6907],[9.7925,49.722],[9.7684,49.7141],[9.7275,49.6873],[9.7222,49.6901],[9.7126,49.7043],[9.7098,49.7198],[9.7026,49.72],[9.6955,49.7117],[9.6848,49.7086],[9.6775,49.6905],[9.6668,49.6872],[9.6527,49.6883],[9.6361,49.694],[9.6305,49.699],[9.6386,49.713],[9.6383,49.7223],[9.6471,49.7307],[9.6457,49.7428],[9.6507,49.7502],[9.6474,49.7646],[9.6531,49.7724],[9.6525,49.7813],[9.6463,49.7836],[9.6294,49.7765],[9.6019,49.7708],[9.5744,49.7823],[9.557,49.778],[9.5448,49.7787],[9.491,49.7953],[9.4725,49.7956],[9.4368,49.7921],[9.4006,49.7835],[9.3519,49.7857],[9.3284,49.7784],[9.3123,49.7657],[9.3203,49.7497],[9.313,49.7392],[9.3136,49.7321],[9.3271,49.7265],[9.361,49.7231],[9.37,49.7191],[9.3689,49.6984],[9.3833,49.7],[9.3948,49.7174],[9.4019,49.7185],[9.4213,49.7129],[9.4272,49.7082],[9.4153,49.6633],[9.4229,49.6512],[9.4044,49.6401],[9.3948,49.6405],[9.3766,49.6505],[9.3481,49.6422],[9.3237,49.6414],[9.2938,49.6333],[9.2863,49.6266],[9.2896,49.6105],[9.2737,49.5984],[9.2641,49.5814],[9.2534,49.5776],[9.1937,49.5772],[9.1788,49.579],[9.122,49.5709],[9.1107,49.5751],[9.1018,49.5653],[9.0936,49.5654],[9.0801,49.5738],[9.075,49.5723],[9.0784,49.5628],[9.095,49.5508],[9.1253,49.5161],[9.1268,49.5082],[9.1157,49.5086],[9.1037,49.5181],[9.0682,49.5185],[9.0449,49.5039],[9.0351,49.5013],[9.0114,49.5043],[8.9578,49.5037],[8.9303,49.4842],[8.9283,49.4786],[8.9391,49.4685],[8.9456,49.4551],[8.9403,49.4473],[8.9201,49.4387],[8.8992,49.4449],[8.8913,49.4252],[8.8611,49.4017],[8.8463,49.3963],[8.8126,49.4042],[8.8127,49.4223],[8.828,49.4294],[8.8326,49.4383],[8.8292,49.4655],[8.8489,49.4834],[8.8553,49.4847],[8.865,49.4768],[8.877,49.4755],[8.8925,49.4937],[8.8905,49.5061],[8.8418,49.5024],[8.8284,49.5028],[8.8197,49.5088],[8.8109,49.522],[8.7816,49.522],[8.7649,49.5238],[8.7459,49.5299],[8.7181,49.5418],[8.7036,49.5538],[8.687,49.5842],[8.6926,49.5937],[8.6917,49.6023],[8.6715,49.6226],[8.6014,49.611],[8.598,49.6058],[8.6144,49.5606],[8.6174,49.5471],[8.609,49.5391],[8.5882,49.532],[8.5662,49.5273],[8.4982,49.5734],[8.4744,49.5858],[8.4496,49.5883],[8.4168,49.5795],[8.4084,49.5552],[8.4277,49.5342],[8.4502,49.4912],[8.4636,49.4727],[8.4636,49.4658],[8.4425,49.459],[8.4425,49.4522],[8.4596,49.4478],[8.4939,49.4426],[8.5046,49.4311],[8.4903,49.4112],[8.4977,49.3865],[8.4978,49.3765],[8.4618,49.3235],[8.4599,49.315],[8.4834,49.3095],[8.4799,49.297],[8.4108,49.2437],[8.3873,49.232],[8.3807,49.2149],[8.3616,49.1196],[8.3571,49.1096],[8.2836,49.01],[8.2626,48.9885],[8.2302,48.9655],[8.1999,48.9583]]]},"properties":{"name":"Baden-Württemberg","name_en":"Baden-Württemberg","name_ja":"バーデン＝ヴュルテンベルク州","name_zh":"巴登－符腾堡","name_ko":"바덴뷔르템베르크","adm0_a3":"DEU","postal":"BW","iso_3166_2":"DE-BW","type_en":"State","geonunit":"Germany"}},
{"type":"Feature","geometry":{"type":"Polygon","coordinates":[[[14.7068,51.5408],[14.7046,51.548],[14.7127,51.5674],[14.7322,51.5866],[14.7439,51.6066],[14.7423,51.633],[14.7325,51.6583],[14.7195,51.6756],[14.671,51.7008],[14.6484,51.7172],[14.6381,51.7426],[14.6342,51.769],[14.6203,51.7805],[14.6022,51.7883],[14.5858,51.8039],[14.5828,51.8251],[14.5959,51.8424],[14.6533,51.8786],[14.6717,51.8939],[14.6871,51.9119],[14.6956,51.9315],[14.6991,51.9925],[14.7045,52.0022],[14.7261,52.0264],[14.7354,52.054],[14.7614,52.0767],[14.6964,52.1067],[14.6864,52.121],[14.6925,52.147],[14.7032,52.1652],[14.707,52.1795],[14.6926,52.1934],[14.6926,52.1996],[14.7121,52.2154],[14.7124,52.2359],[14.6969,52.2535],[14.6689,52.261],[14.6405,52.2651],[14.6066,52.2758],[14.5842,52.2912],[14.5901,52.3094],[14.5692,52.3385],[14.5454,52.3822],[14.5398,52.4219],[14.5916,52.4498],[14.6158,52.4733],[14.6323,52.4967],[14.6277,52.5074],[14.6091,52.5178],[14.6168,52.541],[14.6448,52.5769],[14.6137,52.5925],[14.5499,52.6362],[14.4901,52.6506],[14.4614,52.6746],[14.4424,52.68],[14.4319,52.6861],[14.3977,52.7271],[14.3822,52.7382],[14.276,52.7857],[14.2487,52.7946],[14.216,52.818],[14.196,52.8234],[14.1737,52.8243],[14.1528,52.8283],[14.1354,52.8366],[14.1239,52.8507],[14.1505,52.8646],[14.1608,52.8767],[14.165,52.8957],[14.1627,52.9082],[14.1445,52.9599],[14.1929,52.9817],[14.2537,53.0009],[14.3126,53.0292],[14.3433,53.0486],[14.3568,53.0667],[14.3596,53.0751],[14.3895,53.1317],[14.3875,53.1461],[14.3779,53.1765],[14.3807,53.1899],[14.3878,53.2021],[14.3977,53.211],[14.4156,53.221],[14.4416,53.2518],[14.4247,53.2647],[14.4094,53.2724],[14.4002,53.2886],[14.398,53.3152],[14.3913,53.334],[14.3235,53.3089],[14.2955,53.2871],[14.2691,53.2794],[14.2628,53.2654],[14.2488,53.2591],[14.1829,53.263],[14.1451,53.2687],[14.1032,53.2725],[14.1041,53.292],[14.1882,53.326],[14.224,53.3602],[14.2395,53.382],[14.2442,53.4007],[14.2426,53.4271],[14.2193,53.4303],[14.1773,53.4287],[14.1415,53.4396],[14.1166,53.4365],[14.0964,53.4194],[14.0715,53.4225],[14.0501,53.4276],[13.9906,53.4303],[13.9206,53.4271],[13.9051,53.4411],[13.8998,53.4547],[13.8708,53.4863],[13.8693,53.508],[13.8226,53.5189],[13.7977,53.5423],[13.7806,53.5438],[13.7788,53.5252],[13.8039,53.4971],[13.8086,53.4847],[13.7791,53.4769],[13.7448,53.4785],[13.709,53.4754],[13.6484,53.4443],[13.6297,53.424],[13.6071,53.4114],[13.5716,53.4105],[13.553,53.4046],[13.5389,53.3967],[13.5314,53.3854],[13.5259,53.3666],[13.5072,53.3424],[13.4935,53.3193],[13.469,53.3023],[13.4584,53.3002],[13.4058,53.2747],[13.3882,53.2709],[13.3699,53.2738],[13.3295,53.2867],[13.3085,53.2893],[13.2823,53.2878],[13.2547,53.2764],[13.2396,53.2582],[13.2305,53.2332],[13.2024,53.2332],[13.1901,53.2365],[13.1681,53.2566],[13.154,53.2593],[13.113,53.2408],[13.1062,53.2271],[13.0764,53.2092],[13.0471,53.198],[13.0263,53.183],[13.001,53.1677],[12.9754,53.165],[12.9515,53.1711],[12.944,53.1776],[12.9592,53.189],[12.9492,53.1955],[12.9329,53.1909],[12.906,53.1908],[12.8664,53.1854],[12.8517,53.1877],[12.8374,53.195],[12.8095,53.1987],[12.7655,53.1929],[12.7534,53.1937],[12.7435,53.1987],[12.7397,53.2246],[12.731,53.228],[12.7062,53.2287],[12.6643,53.2357],[12.6373,53.2523],[12.6182,53.2563],[12.5122,53.2727],[12.4815,53.2679],[12.4458,53.2664],[12.4301,53.2685],[12.4152,53.281],[12.3867,53.2907],[12.3693,53.3021],[12.3392,53.3163],[12.2965,53.3313],[12.2337,53.3408],[12.2264,53.3429],[12.2036,53.3664],[12.1869,53.369],[12.1593,53.3576],[12.1441,53.3553],[12.1284,53.3657],[12.1185,53.3669],[12.0954,53.3637],[12.0637,53.3561],[12.0492,53.34],[12.0228,53.3291],[12.0212,53.3151],[12.0119,53.2996],[11.9963,53.298],[11.9792,53.2902],[11.959,53.2778],[11.9401,53.2827],[11.9232,53.2799],[11.8843,53.2685],[11.861,53.2514],[11.8336,53.2555],[11.816,53.2501],[11.8361,53.2405],[11.8392,53.2265],[11.7863,53.228],[11.7645,53.2234],[11.7443,53.2156],[11.7319,53.2327],[11.7002,53.2484],[11.6884,53.2509],[11.6541,53.2497],[11.5996,53.2373],[11.5799,53.2296],[11.5357,53.205],[11.5295,53.1952],[11.5321,53.1877],[11.5452,53.177],[11.5509,53.1532],[11.5552,53.1461],[11.5483,53.13],[11.5281,53.1207],[11.5016,53.1191],[11.4472,53.1378],[11.4145,53.1378],[11.399,53.1331],[11.3943,53.1082],[11.3756,53.1098],[11.3523,53.116],[11.3196,53.116],[11.2963,53.1191],[11.2741,53.1175],[11.2909,53.0985],[11.3276,53.0724],[11.3441,53.0663],[11.3656,53.064],[11.3842,53.0671],[11.4169,53.0809],[11.4379,53.0838],[11.4609,53.0794],[11.4907,53.0607],[11.5093,53.0565],[11.5323,53.0546],[11.5813,53.0429],[11.6257,53.0503],[11.6358,53.0462],[11.6363,53.0371],[11.6223,53.0224],[11.636,53.0181],[11.6691,53.0173],[11.6806,53.0122],[11.6942,52.984],[11.7117,52.982],[11.7474,52.993],[11.7629,52.9951],[11.7933,52.9672],[11.8073,52.9603],[11.8386,52.9595],[11.8508,52.9551],[11.8454,52.9435],[11.8319,52.9282],[11.8967,52.9017],[11.9247,52.8983],[11.9655,52.8852],[11.9826,52.8831],[11.9976,52.8868],[12.0227,52.8863],[12.0929,52.8917],[12.1072,52.8851],[12.1123,52.878],[12.1112,52.8666],[12.1363,52.8658],[12.1707,52.8722],[12.2033,52.8659],[12.2138,52.8546],[12.2332,52.8163],[12.2296,52.7987],[12.1971,52.7822],[12.1942,52.7755],[12.2087,52.7519],[12.191,52.739],[12.1904,52.7327],[12.2016,52.7206],[12.2076,52.7061],[12.2281,52.6902],[12.2257,52.6726],[12.2158,52.6534],[12.2047,52.6412],[12.1857,52.6359],[12.162,52.6361],[12.1569,52.6204],[12.155,52.5965],[12.1508,52.58],[12.1243,52.555],[12.13,52.5496],[12.1545,52.5511],[12.1626,52.5468],[12.1476,52.5348],[12.1496,52.5199],[12.1686,52.5137],[12.1824,52.5153],[12.1958,52.5208],[12.2084,52.5411],[12.2169,52.5421],[12.2299,52.5369],[12.2502,52.5172],[12.2608,52.5133],[12.2911,52.5181],[12.2951,52.5161],[12.2883,52.5062],[12.2867,52.4842],[12.2753,52.4717],[12.2661,52.4565],[12.247,52.4424],[12.2573,52.4309],[12.2493,52.4083],[12.2333,52.3888],[12.2295,52.3683],[12.234,52.3462],[12.2214,52.3329],[12.2067,52.3069],[12.209,52.279],[12.2199,52.2706],[12.2296,52.27],[12.2481,52.2524],[12.245,52.2472],[12.222,52.2324],[12.209,52.2072],[12.1991,52.1939],[12.2076,52.1782],[12.2197,52.1637],[12.2461,52.1476],[12.2528,52.1343],[12.2605,52.1283],[12.2805,52.1222],[12.2991,52.1097],[12.3613,52.0577],[12.3651,52.0401],[12.3792,52.0311],[12.4095,52.0183],[12.4208,52.0116],[12.4438,52.0096],[12.4666,52.0215],[12.4773,52.0171],[12.4975,52.0005],[12.5443,51.9779],[12.5615,51.9717],[12.6076,51.9654],[12.6216,51.9739],[12.6464,51.9825],[12.6548,51.9944],[12.6668,51.9944],[12.7054,51.9804],[12.7948,51.9462],[12.8441,51.9417],[12.8591,51.9351],[12.8719,51.9129],[12.8848,51.9096],[12.9307,51.9092],[12.9512,51.9069],[12.9741,51.8969],[12.9915,51.8816],[13.0477,51.8571],[13.0662,51.8526],[13.1323,51.8576],[13.1608,51.8444],[13.1731,51.8584],[13.1846,51.8621],[13.2179,51.8606],[13.2368,51.8555],[13.2282,51.843],[13.1939,51.8191],[13.1635,51.789],[13.1565,51.7751],[13.1573,51.7485],[13.1647,51.73],[13.1816,51.7086],[13.1783,51.6966],[13.1504,51.6729],[13.0905,51.6435],[13.0823,51.6384],[13.0617,51.6151],[13.0731,51.6124],[13.1011,51.5909],[13.1226,51.5831],[13.1409,51.5854],[13.1661,51.5733],[13.1715,51.5662],[13.1653,51.5453],[13.1751,51.5365],[13.196,51.5286],[13.2031,51.518],[13.2105,51.4909],[13.189,51.4762],[13.1981,51.4667],[13.1982,51.4328],[13.1932,51.4226],[13.1739,51.4068],[13.1813,51.388],[13.1877,51.3852],[13.2035,51.3977],[13.2145,51.3966],[13.2194,51.4029],[13.2392,51.3987],[13.2522,51.3852],[13.2708,51.3886],[13.3631,51.4083],[13.3874,51.4197],[13.4108,51.4214],[13.4577,51.407],[13.4795,51.3933],[13.5052,51.3825],[13.5217,51.3669],[13.5339,51.3637],[13.5551,51.3663],[13.5683,51.3648],[13.6144,51.3553],[13.7311,51.3502],[13.7665,51.348],[13.9384,51.3614],[13.9606,51.357],[13.9703,51.3592],[13.9879,51.3779],[14.0439,51.4281],[14.0593,51.4507],[14.0611,51.4664],[14.067,51.4739],[14.1061,51.5059],[14.1185,51.513],[14.1588,51.5269],[14.221,51.5363],[14.2689,51.5324],[14.3047,51.5241],[14.3386,51.5099],[14.3772,51.5155],[14.5093,51.5569],[14.5526,51.5645],[14.5735,51.5651],[14.5954,51.5625],[14.6204,51.5533],[14.6634,51.5421],[14.7068,51.5408]],[[13.6263,52.487],[13.6645,52.4898],[13.6775,52.4855],[13.6963,52.4708],[13.7362,52.4598],[13.7509,52.4503],[13.7398,52.4395],[13.7343,52.4196],[13.716,52.4104],[13.7045,52.3979],[13.7053,52.3743],[13.6961,52.3676],[13.667,52.3596],[13.654,52.3423],[13.6445,52.342],[13.6373,52.376],[13.6265,52.3844],[13.6099,52.3838],[13.5847,52.3889],[13.5658,52.3957],[13.5281,52.4049],[13.5145,52.4037],[13.5031,52.3981],[13.4844,52.3987],[13.468,52.4137],[13.4581,52.4167],[13.4336,52.4123],[13.424,52.4045],[13.4275,52.3881],[13.4257,52.3811],[13.394,52.3812],[13.3758,52.3866],[13.3655,52.3955],[13.3458,52.4074],[13.3127,52.4005],[13.3048,52.4023],[13.2943,52.4151],[13.2582,52.4055],[13.2482,52.4051],[13.2268,52.4159],[13.2141,52.4171],[13.1726,52.4052],[13.1565,52.3969],[13.1217,52.4011],[13.0949,52.412],[13.0937,52.4187],[13.1169,52.4415],[13.1092,52.4554],[13.1166,52.476],[13.1296,52.4816],[13.1568,52.501],[13.1566,52.507],[13.1409,52.5243],[13.1433,52.5519],[13.1484,52.5757],[13.1449,52.5852],[13.1574,52.6003],[13.2075,52.5868],[13.2168,52.5874],[13.2093,52.6009],[13.2207,52.626],[13.2527,52.6299],[13.2726,52.6392],[13.2825,52.654],[13.3028,52.6562],[13.3031,52.6353],[13.3102,52.6297],[13.3266,52.6252],[13.3642,52.6236],[13.3798,52.6263],[13.3888,52.6369],[13.412,52.6487],[13.4313,52.6409],[13.4384,52.6416],[13.4451,52.6497],[13.4685,52.6633],[13.4738,52.6636],[13.4835,52.6542],[13.4997,52.6453],[13.5025,52.6385],[13.4993,52.6243],[13.5033,52.6102],[13.5691,52.5634],[13.6116,52.5452],[13.6265,52.5411],[13.6476,52.5393],[13.6485,52.5316],[13.6251,52.4981],[13.6263,52.487]]]},"properties":{"name":"Brandenburg","name_en":"Brandenburg","name_ja":"ブランデンブルク州","name_zh":"勃兰登堡","name_ko":"브란덴부르크","adm0_a3":"DEU","postal":"BE","iso_3166_2":"DE-BB","type_en":"State","geonunit":"Germany"}},
{"type":"Feature","geometry":{"type":"MultiPolygon","coordinates":[[[[14.3913,53.334],[14.3703,53.3923],[14.3599,53.4441],[14.3389,53.4652],[14.3285,53.4861],[14.3042,53.5085],[14.2969,53.5291],[14.2962,53.5513],[14.2989,53.5879],[14.297,53.5978],[14.2761,53.6366],[14.261,53.6562],[14.2651,53.6718],[14.2639,53.6999],[14.24,53.7008],[14.2127,53.7081],[14.2595,53.728],[14.2674,53.7354],[14.2645,53.7516],[14.2502,53.76],[14.2341,53.7618],[14.2266,53.7587],[14.2147,53.7449],[14.1865,53.7398],[14.1061,53.7434],[14.0689,53.7553],[14.0374,53.7553],[14.0173,53.7695],[13.9842,53.774],[13.9107,53.8105],[13.8999,53.8091],[13.8838,53.8177],[13.8692,53.8303],[13.8628,53.8413],[13.8171,53.8529],[13.8081,53.8651],[13.8185,53.878],[13.8901,53.9129],[13.9014,53.9223],[13.9076,53.9335],[13.906,53.9431],[13.8669,53.9547],[13.8486,53.9556],[13.8503,53.964],[13.8386,53.9863],[13.8035,53.9963],[13.7581,54.031],[13.7461,54.0364],[13.7732,54.0463],[13.7855,54.0639],[13.7937,54.0832],[13.8081,54.0979],[13.8081,54.1047],[13.7288,54.1439],[13.6983,54.1531],[13.6983,54.1593],[13.7147,54.164],[13.7119,54.1737],[13.6834,54.168],[13.6323,54.1475],[13.6027,54.1395],[13.4793,54.1252],[13.4793,54.1184],[13.5071,54.0979],[13.5071,54.0911],[13.4836,54.0913],[13.4651,54.0985],[13.4504,54.1104],[13.4377,54.1252],[13.4232,54.1481],[13.4087,54.1546],[13.3948,54.1489],[13.383,54.1531],[13.3957,54.1619],[13.4035,54.1737],[13.3838,54.1781],[13.3465,54.1669],[13.3215,54.1668],[13.3489,54.1805],[13.3218,54.1945],[13.2888,54.2343],[13.2632,54.2425],[13.2284,54.2474],[13.1761,54.2648],[13.1434,54.263],[13.1707,54.2692],[13.1707,54.2766],[13.126,54.2766],[13.1149,54.28],[13.1092,54.3102],[13.0807,54.3371],[13.0767,54.3525],[13.0956,54.3723],[13.0837,54.379],[13.0404,54.3921],[13.0286,54.4018],[13.021,54.4145],[13.0215,54.4265],[13.0342,54.4337],[13.0088,54.4381],[12.9691,54.4294],[12.9294,54.4144],[12.9038,54.3996],[12.8845,54.3735],[12.876,54.3654],[12.8547,54.3579],[12.8355,54.3586],[12.8218,54.3561],[12.801,54.3708],[12.7871,54.3921],[12.7686,54.3801],[12.7578,54.3798],[12.7461,54.3859],[12.735,54.3782],[12.7238,54.3813],[12.7046,54.3996],[12.6966,54.385],[12.6841,54.3723],[12.6924,54.3962],[12.7025,54.4041],[12.7175,54.4064],[12.7175,54.4138],[12.6926,54.4136],[12.6704,54.4064],[12.6773,54.3921],[12.6227,54.3739],[12.5929,54.3693],[12.5742,54.3791],[12.5742,54.3723],[12.5593,54.3763],[12.5408,54.3723],[12.5408,54.3654],[12.5606,54.3586],[12.4956,54.3403],[12.4787,54.3319],[12.4724,54.3102],[12.4514,54.3039],[12.4263,54.2896],[12.4168,54.281],[12.4103,54.2692],[12.4308,54.2586],[12.4426,54.2552],[12.4582,54.2556],[12.4368,54.2477],[12.4124,54.2514],[12.3688,54.2692],[12.3801,54.2771],[12.3779,54.2859],[12.3626,54.3102],[12.3791,54.3124],[12.3916,54.3211],[12.3965,54.333],[12.3899,54.3449],[12.3967,54.3518],[12.424,54.3449],[12.4185,54.3607],[12.425,54.3759],[12.4385,54.3875],[12.4548,54.3921],[12.491,54.3901],[12.5108,54.3843],[12.527,54.3723],[12.536,54.3837],[12.554,54.3908],[12.5755,54.392],[12.5947,54.3859],[12.5959,54.3915],[12.5835,54.3979],[12.5817,54.4064],[12.6022,54.4138],[12.6084,54.4064],[12.6145,54.4197],[12.6242,54.4229],[12.6501,54.4201],[12.6704,54.4201],[12.6868,54.4316],[12.6946,54.4337],[12.721,54.4316],[12.7637,54.4222],[12.8708,54.4168],[12.8963,54.4201],[12.9212,54.4335],[12.9084,54.4446],[12.8796,54.4488],[12.8566,54.4411],[12.8191,54.4517],[12.5915,54.4517],[12.5483,54.4621],[12.527,54.4821],[12.5339,54.4883],[12.5134,54.4822],[12.502,54.4736],[12.4861,54.4473],[12.4448,54.4055],[12.4383,54.3958],[12.3782,54.3449],[12.3421,54.3039],[12.3273,54.2938],[12.2894,54.2751],[12.214,54.251],[12.1869,54.2434],[12.1631,54.2199],[12.1428,54.2092],[12.1089,54.183],[12.1013,54.1737],[12.1209,54.18],[12.1428,54.1805],[12.1343,54.167],[12.1055,54.1574],[12.0951,54.1457],[12.1004,54.136],[12.1053,54.11],[12.115,54.0979],[12.0916,54.114],[12.0895,54.1376],[12.0933,54.1654],[12.0881,54.1941],[12.0506,54.1799],[11.8123,54.1498],[11.7288,54.1585],[11.6897,54.1552],[11.6579,54.1422],[11.6331,54.1159],[11.6253,54.1098],[11.6221,54.0996],[11.6296,54.096],[11.6194,54.0773],[11.5913,54.0656],[11.5735,54.039],[11.5532,54.0302],[11.5446,54.0302],[11.5191,54.0364],[11.5259,54.0228],[11.4917,54.0023],[11.4979,53.9818],[11.4798,53.9761],[11.4724,53.9688],[11.4768,53.9527],[11.4691,53.9328],[11.459,53.9167],[11.4577,53.9062],[11.4387,53.9091],[11.4004,53.9377],[11.3999,53.9409],[11.3582,53.9409],[11.3521,53.9442],[11.3418,53.9583],[11.3342,53.9614],[11.2937,53.9409],[11.2556,53.9409],[11.2429,53.9452],[11.2407,53.9556],[11.2454,53.9784],[11.2399,53.9835],[11.2044,53.9892],[11.1973,53.9962],[11.1908,54.0103],[11.1751,54.018],[11.0535,54.0085],[11.0003,53.9916],[10.9647,53.9854],[10.9354,53.9673],[10.9226,53.9614],[10.906,53.9612],[10.9042,53.9313],[10.9203,53.9205],[10.9605,53.9129],[10.9453,53.9052],[10.9177,53.9021],[10.9067,53.9053],[10.9073,53.9155],[10.8852,53.9191],[10.8613,53.9098],[10.8123,53.8827],[10.7726,53.8699],[10.7633,53.8651],[10.7513,53.8431],[10.753,53.8341],[10.7615,53.8225],[10.771,53.7933],[10.7674,53.7746],[10.7584,53.7519],[10.7609,53.7467],[10.7781,53.7458],[10.8059,53.7412],[10.8466,53.7085],[10.8655,53.6999],[10.8789,53.702],[10.9146,53.6968],[10.9381,53.6847],[10.9456,53.6771],[10.9465,53.6649],[10.955,53.6555],[10.956,53.6391],[10.9398,53.6287],[10.9406,53.6114],[10.9527,53.5844],[10.953,53.5737],[10.9423,53.5697],[10.9544,53.5661],[10.9381,53.5525],[10.9239,53.5518],[10.9172,53.5677],[10.9036,53.5723],[10.8578,53.5682],[10.8332,53.5719],[10.8283,53.5674],[10.8324,53.5441],[10.8239,53.5313],[10.8204,53.5148],[10.8049,53.5094],[10.7602,53.4882],[10.7257,53.4811],[10.7082,53.4794],[10.7017,53.4755],[10.6945,53.4601],[10.6863,53.4568],[10.6611,53.4582],[10.6408,53.451],[10.6354,53.4452],[10.6272,53.4137],[10.6272,53.4015],[10.6222,53.391],[10.6012,53.3718],[10.6755,53.3737],[10.7097,53.3683],[10.7316,53.352],[10.7346,53.3217],[10.7394,53.3085],[10.7558,53.3029],[10.7751,53.3002],[10.7868,53.2934],[10.8073,53.2756],[10.8393,53.2601],[10.9302,53.2285],[11.0401,53.1664],[11.0681,53.1555],[11.0894,53.1442],[11.1093,53.1558],[11.1434,53.1727],[11.1645,53.1709],[11.1943,53.1409],[11.2014,53.1405],[11.2247,53.153],[11.2397,53.142],[11.2558,53.1362],[11.2741,53.1175],[11.2963,53.1191],[11.3196,53.116],[11.3523,53.116],[11.3756,53.1098],[11.3943,53.1082],[11.399,53.1331],[11.4145,53.1378],[11.4472,53.1378],[11.5016,53.1191],[11.5281,53.1207],[11.5483,53.13],[11.5552,53.1461],[11.5509,53.1532],[11.5452,53.177],[11.5321,53.1877],[11.5295,53.1952],[11.5357,53.205],[11.5799,53.2296],[11.5996,53.2373],[11.6541,53.2497],[11.6884,53.2509],[11.7002,53.2484],[11.7319,53.2327],[11.7443,53.2156],[11.7645,53.2234],[11.7863,53.228],[11.8392,53.2265],[11.8361,53.2405],[11.816,53.2501],[11.8336,53.2555],[11.861,53.2514],[11.8843,53.2685],[11.9232,53.2799],[11.9401,53.2827],[11.959,53.2778],[11.9792,53.2902],[11.9963,53.298],[12.0119,53.2996],[12.0212,53.3151],[12.0228,53.3291],[12.0492,53.34],[12.0637,53.3561],[12.0954,53.3637],[12.1185,53.3669],[12.1284,53.3657],[12.1441,53.3553],[12.1593,53.3576],[12.1869,53.369],[12.2036,53.3664],[12.2264,53.3429],[12.2337,53.3408],[12.2965,53.3313],[12.3392,53.3163],[12.3693,53.3021],[12.3867,53.2907],[12.4152,53.281],[12.4301,53.2685],[12.4458,53.2664],[12.4815,53.2679],[12.5122,53.2727],[12.6182,53.2563],[12.6373,53.2523],[12.6643,53.2357],[12.7062,53.2287],[12.731,53.228],[12.7397,53.2246],[12.7435,53.1987],[12.7534,53.1937],[12.7655,53.1929],[12.8095,53.1987],[12.8374,53.195],[12.8517,53.1877],[12.8664,53.1854],[12.906,53.1908],[12.9329,53.1909],[12.9492,53.1955],[12.9592,53.189],[12.944,53.1776],[12.9515,53.1711],[12.9754,53.165],[13.001,53.1677],[13.0263,53.183],[13.0471,53.198],[13.0764,53.2092],[13.1062,53.2271],[13.113,53.2408],[13.154,53.2593],[13.1681,53.2566],[13.1901,53.2365],[13.2024,53.2332],[13.2305,53.2332],[13.2396,53.2582],[13.2547,53.2764],[13.2823,53.2878],[13.3085,53.2893],[13.3295,53.2867],[13.3699,53.2738],[13.3882,53.2709],[13.4058,53.2747],[13.4584,53.3002],[13.469,53.3023],[13.4935,53.3193],[13.5072,53.3424],[13.5259,53.3666],[13.5314,53.3854],[13.5389,53.3967],[13.553,53.4046],[13.5716,53.4105],[13.6071,53.4114],[13.6297,53.424],[13.6484,53.4443],[13.709,53.4754],[13.7448,53.4785],[13.7791,53.4769],[13.8086,53.4847],[13.8039,53.4971],[13.7788,53.5252],[13.7806,53.5438],[13.7977,53.5423],[13.8226,53.5189],[13.8693,53.508],[13.8708,53.4863],[13.8998,53.4547],[13.9051,53.4411],[13.9206,53.4271],[13.9906,53.4303],[14.0501,53.4276],[14.0715,53.4225],[14.0964,53.4194],[14.1166,53.4365],[14.1415,53.4396],[14.1773,53.4287],[14.2193,53.4303],[14.2426,53.4271],[14.2442,53.4007],[14.2395,53.382],[14.224,53.3602],[14.1882,53.326],[14.1041,53.292],[14.1032,53.2725],[14.1451,53.2687],[14.1829,53.263],[14.2488,53.2591],[14.2628,53.2654],[14.2691,53.2794],[14.2955,53.2871],[14.3235,53.3089],[14.3913,53.334]]],[[[14.2101,53.9385],[14.1924,53.9461],[14.0166,54.06],[13.9862,54.0712],[13.9484,54.0798],[13.8825,54.1024],[13.856,54.1184],[13.8441,54.1313],[13.8237,54.164],[13.815,54.1737],[13.7962,54.1783],[13.7776,54.174],[13.7622,54.1645],[13.7529,54.1531],[13.7653,54.1419],[13.8062,54.1166],[13.815,54.1013],[13.8093,54.0751],[13.7821,54.0421],[13.7741,54.0228],[13.7942,54.0181],[13.823,54.0379],[13.855,54.0463],[13.8711,54.0487],[13.8763,54.0364],[13.8735,54.03],[13.8581,54.0158],[13.856,54.0023],[13.897,54.0123],[13.8999,54.0197],[13.9163,54.0336],[13.9248,54.0364],[13.9248,54.0439],[13.9159,54.0564],[13.9261,54.064],[13.9461,54.0666],[13.9658,54.0638],[13.9817,54.0563],[13.9953,54.0457],[14.0062,54.0323],[14.0143,54.016],[14.0374,54.0217],[14.0513,54.0051],[14.0531,53.9784],[14.0403,53.9538],[14.0484,53.9409],[14.0143,53.9471],[14.0186,53.9564],[14.0278,53.9614],[13.9875,53.9614],[13.9746,53.9573],[13.959,53.9409],[13.9603,53.9567],[13.9683,53.9763],[13.9658,53.9818],[13.9727,53.9892],[13.9548,53.9936],[13.9045,53.9954],[13.9019,53.9698],[13.939,53.9282],[13.9317,53.8993],[13.9224,53.8934],[13.8877,53.8815],[13.8555,53.8774],[13.8347,53.868],[13.8218,53.8651],[13.8401,53.8503],[13.8753,53.8441],[13.9385,53.8447],[13.9959,53.8537],[14.0251,53.8638],[14.0484,53.8794],[14.0651,53.8724],[14.0874,53.8704],[14.2008,53.8782],[14.1928,53.8938],[14.1753,53.9065],[14.1931,53.9115],[14.2101,53.9385]]],[[[11.3757,53.9818],[11.4071,53.9682],[11.4231,53.9677],[11.4378,53.975],[11.4333,53.9888],[11.4387,53.9973],[11.447,53.9971],[11.4514,53.9855],[11.4445,53.9681],[11.4453,53.9611],[11.4577,53.9614],[11.4683,53.9707],[11.4979,54.0228],[11.468,54.031],[11.4266,54.0229],[11.3904,54.0046],[11.3757,53.9818]]],[[[11.5285,54.0751],[11.5339,54.057],[11.5396,54.057],[11.5527,54.0731],[11.599,54.098],[11.6159,54.1121],[11.6019,54.1042],[11.5339,54.0849],[11.5285,54.0751]]],[[[13.1434,54.5981],[13.1434,54.5777],[13.1497,54.5777],[13.1497,54.5914],[13.1571,54.588],[13.1572,54.5991],[13.1511,54.6049],[13.126,54.6056],[13.1096,54.6031],[13.1023,54.5961],[13.0956,54.5708],[13.0642,54.5051],[13.0614,54.4685],[13.0682,54.4685],[13.0696,54.4897],[13.075,54.5094],[13.0811,54.5172],[13.1026,54.5299],[13.1122,54.5507],[13.1131,54.5701],[13.1189,54.5864],[13.1434,54.5981]]],[[[13.6983,54.3921],[13.6774,54.4008],[13.6301,54.4075],[13.6095,54.4138],[13.5991,54.4227],[13.5879,54.4376],[13.5791,54.4551],[13.5755,54.4719],[13.5848,54.4865],[13.6068,54.499],[13.6511,54.5163],[13.6773,54.5405],[13.6707,54.5662],[13.6405,54.5857],[13.596,54.5914],[13.4663,54.5769],[13.4246,54.5852],[13.4077,54.5934],[13.3945,54.6044],[13.386,54.6186],[13.383,54.6364],[13.3909,54.6505],[13.409,54.6598],[13.4451,54.6739],[13.4451,54.6801],[13.4187,54.6884],[13.3908,54.6882],[13.2536,54.665],[13.231,54.6533],[13.2254,54.6466],[13.2248,54.635],[13.2312,54.6339],[13.2459,54.6398],[13.2905,54.6466],[13.2913,54.633],[13.2839,54.6193],[13.2699,54.6118],[13.2568,54.5949],[13.2498,54.5765],[13.2533,54.5646],[13.2733,54.5609],[13.2914,54.5688],[13.3084,54.5796],[13.3318,54.5878],[13.3479,54.6008],[13.3692,54.6121],[13.3993,54.5796],[13.4238,54.5745],[13.4414,54.5572],[13.4866,54.5572],[13.5083,54.5704],[13.5208,54.5708],[13.5208,54.5646],[13.4997,54.5572],[13.5208,54.5237],[13.5208,54.5163],[13.5093,54.509],[13.4997,54.4958],[13.5071,54.4883],[13.4556,54.4875],[13.4307,54.4927],[13.4109,54.5094],[13.4173,54.5246],[13.4055,54.5382],[13.3879,54.5513],[13.3767,54.5646],[13.3631,54.5572],[13.3631,54.5504],[13.3898,54.5429],[13.3838,54.5319],[13.3748,54.5256],[13.3489,54.5237],[13.3631,54.5429],[13.3539,54.5499],[13.3421,54.5504],[13.3582,54.5648],[13.3694,54.5852],[13.3526,54.5814],[13.3337,54.5731],[13.301,54.5504],[13.3093,54.5348],[13.3055,54.5234],[13.2979,54.5197],[13.2883,54.5399],[13.2649,54.5478],[13.2595,54.5538],[13.2429,54.556],[13.1664,54.5494],[13.1434,54.5429],[13.1589,54.5407],[13.166,54.5191],[13.1854,54.5083],[13.2033,54.5095],[13.2328,54.5163],[13.2337,54.5092],[13.2254,54.5019],[13.2332,54.4931],[13.2454,54.4883],[13.2731,54.4821],[13.2595,54.4753],[13.2595,54.4685],[13.239,54.4663],[13.2088,54.4569],[13.1818,54.453],[13.1743,54.4477],[13.157,54.4268],[13.2014,54.4337],[13.2116,54.4311],[13.2254,54.4208],[13.239,54.4201],[13.2344,54.4034],[13.2393,54.3936],[13.2512,54.3869],[13.2669,54.3859],[13.2372,54.374],[13.2233,54.3725],[13.2117,54.3791],[13.2048,54.3723],[13.1743,54.384],[13.1489,54.3773],[13.1292,54.3596],[13.1155,54.3381],[13.1775,54.3102],[13.1775,54.3039],[13.1623,54.3077],[13.1489,54.3048],[13.1428,54.298],[13.1497,54.2903],[13.1597,54.291],[13.1903,54.2998],[13.2048,54.2972],[13.1992,54.2844],[13.2101,54.2758],[13.2424,54.2692],[13.2679,54.2565],[13.2842,54.2628],[13.3147,54.263],[13.3079,54.2692],[13.3206,54.2784],[13.3352,54.2835],[13.3195,54.2564],[13.3115,54.2511],[13.347,54.2375],[13.3787,54.2309],[13.4072,54.2282],[13.423,54.2327],[13.4251,54.2432],[13.4177,54.2661],[13.4109,54.2679],[13.3631,54.263],[13.3694,54.2556],[13.3557,54.2487],[13.3596,54.2755],[13.3816,54.2822],[13.4061,54.2852],[13.4289,54.3109],[13.4818,54.3383],[13.4997,54.3449],[13.5993,54.3518],[13.6268,54.3391],[13.6501,54.3524],[13.6909,54.3518],[13.6909,54.3449],[13.6721,54.3403],[13.6367,54.3255],[13.6599,54.3298],[13.7119,54.3319],[13.7036,54.3205],[13.6882,54.3133],[13.6511,54.3039],[13.6511,54.2972],[13.6633,54.2939],[13.6795,54.294],[13.7119,54.3039],[13.716,54.2933],[13.7119,54.2866],[13.6909,54.2835],[13.7232,54.2784],[13.7302,54.3168],[13.7401,54.3298],[13.7664,54.3449],[13.742,54.3505],[13.7249,54.3636],[13.6983,54.3921]]]]},"properties":{"name":"Mecklenburg-Vorpommern","name_en":"Mecklenburg-Western Pomerania","name_ja":"メクレンブルク＝フォアポンメルン州","name_zh":"梅克伦堡－前波美拉尼亚","name_ko":"메클렌부르크포어포메른","adm0_a3":"DEU","postal":"MV","iso_3166_2":"DE-MV","type_en":"State","geonunit":"Germany"}},
{"type":"Feature","geometry":{"type":"MultiPolygon","coordinates":[[[[8.5572,53.5199],[8.573,53.5019],[8.5883,53.5002],[8.6028,53.4905],[8.6236,53.5022],[8.6391,53.5167],[8.6427,53.5319],[8.6352,53.5599],[8.6236,53.5771],[8.6202,53.5876],[8.6318,53.602],[8.6253,53.605],[8.5843,53.6039],[8.5625,53.6063],[8.513,53.6171],[8.5275,53.5966],[8.5352,53.5908],[8.5608,53.5517],[8.5658,53.5467],[8.5572,53.5199]]],[[[8.5645,53.2118],[8.5295,53.2247],[8.5187,53.2261],[8.4961,53.224],[8.513,53.1998],[8.5544,53.1896],[8.5781,53.1798],[8.611,53.1801],[8.6172,53.1769],[8.6315,53.1596],[8.6334,53.1414],[8.638,53.1303],[8.6538,53.1157],[8.6929,53.0881],[8.7027,53.0799],[8.7024,53.0511],[8.7195,53.0479],[8.7771,53.0534],[8.8247,53.035],[8.8441,53.0332],[8.866,53.0397],[8.866,53.0475],[8.9145,53.0246],[8.9577,53.0426],[8.9727,53.0526],[8.9767,53.0756],[8.9814,53.0859],[8.9899,53.0936],[8.986,53.1001],[8.9616,53.1158],[8.9605,53.1261],[8.9752,53.1347],[8.973,53.1395],[8.9495,53.156],[8.933,53.163],[8.924,53.1566],[8.9124,53.1393],[8.895,53.1389],[8.8605,53.1493],[8.8407,53.1579],[8.8239,53.1681],[8.7837,53.169],[8.7566,53.1787],[8.7455,53.1916],[8.7105,53.1918],[8.6903,53.1884],[8.6768,53.1904],[8.6179,53.2048],[8.5902,53.2154],[8.5645,53.2118]]]]},"properties":{"name":"Bremen","name_en":"Free Hanseatic Bremen","name_ja":"ブレーメン州","name_zh":"不来梅","name_ko":"브레멘","adm0_a3":"DEU","postal":"HB","iso_3166_2":"DE-HB","type_en":"State","geonunit":"Germany"}},
{"type":"Feature","geometry":{"type":"Polygon","coordinates":[[[9.764,53.5477],[9.7684,53.5082],[9.7824,53.4943],[9.7914,53.4898],[9.8106,53.4624],[9.8244,53.4514],[9.8572,53.4329],[9.8651,53.4334],[9.8775,53.4448],[9.8908,53.449],[9.9055,53.4412],[9.9093,53.4181],[9.919,53.4156],[9.9388,53.4219],[9.95,53.422],[9.9685,53.4145],[9.9854,53.4151],[10.0279,53.4275],[10.0294,53.4384],[10.0387,53.4431],[10.0831,53.4509],[10.1112,53.4339],[10.1314,53.4306],[10.1536,53.4136],[10.1699,53.4066],[10.1865,53.4044],[10.2416,53.4066],[10.2661,53.4271],[10.2853,53.4327],[10.328,53.4327],[10.3207,53.4557],[10.3126,53.4549],[10.2779,53.4775],[10.2476,53.4888],[10.2228,53.513],[10.2139,53.5188],[10.1866,53.5253],[10.1832,53.529],[10.1808,53.5496],[10.1732,53.5738],[10.2107,53.5844],[10.2153,53.6142],[10.2228,53.6337],[10.2091,53.6448],[10.2048,53.6628],[10.1692,53.6786],[10.1647,53.6845],[10.1798,53.7056],[10.1949,53.7225],[10.182,53.7278],[10.1711,53.7253],[10.1536,53.7156],[10.1423,53.7133],[10.0929,53.7202],[10.0782,53.7129],[10.0652,53.6808],[10.0522,53.6749],[10.0391,53.6763],[10.0136,53.673],[10.0037,53.6668],[9.994,53.6514],[9.9804,53.6467],[9.9528,53.6504],[9.9273,53.6457],[9.8286,53.5972],[9.8161,53.5931],[9.8062,53.5991],[9.81,53.6179],[9.7882,53.6276],[9.7684,53.6292],[9.7633,53.6166],[9.754,53.61],[9.7408,53.5726],[9.7821,53.5697],[9.8196,53.5566],[9.832,53.5436],[9.819,53.5404],[9.764,53.5477]]]},"properties":{"name":"Hamburg","name_en":"Hamburg","name_ja":"ハンブルク","name_zh":"汉堡","name_ko":"함부르크","adm0_a3":"DEU","postal":"HH","iso_3166_2":"DE-HH","type_en":"State","geonunit":"Germany"}},
{"type":"Feature","geometry":{"type":"Polygon","coordinates":[[[9.9492,51.3818],[9.9146,51.3977],[9.9058,51.4037],[9.9042,51.417],[9.8976,51.4191],[9.885,51.4112],[9.8628,51.4087],[9.8628,51.4015],[9.8755,51.3847],[9.866,51.3734],[9.8564,51.3721],[9.8445,51.3815],[9.8372,51.3936],[9.826,51.4009],[9.808,51.4073],[9.7964,51.4084],[9.8017,51.3972],[9.792,51.3904],[9.768,51.3856],[9.7559,51.3792],[9.7137,51.3638],[9.7189,51.3507],[9.7428,51.3346],[9.7545,51.3309],[9.77,51.3406],[9.7795,51.3419],[9.7843,51.3359],[9.7734,51.3267],[9.7731,51.319],[9.7621,51.3093],[9.7335,51.2933],[9.7115,51.2915],[9.6826,51.315],[9.6695,51.3196],[9.6559,51.3195],[9.5863,51.3395],[9.5694,51.3423],[9.5413,51.3583],[9.5347,51.3666],[9.5535,51.3619],[9.5709,51.3614],[9.5712,51.3684],[9.5636,51.3845],[9.5821,51.3988],[9.5929,51.397],[9.6325,51.4009],[9.6386,51.4087],[9.6347,51.434],[9.637,51.4474],[9.631,51.4607],[9.6387,51.468],[9.6164,51.4838],[9.5968,51.5116],[9.5968,51.5206],[9.6125,51.5237],[9.6197,51.5525],[9.641,51.5486],[9.6451,51.5517],[9.6339,51.5689],[9.644,51.5719],[9.6713,51.5593],[9.6774,51.5608],[9.6861,51.5719],[9.6665,51.585],[9.6572,51.6039],[9.6508,51.6112],[9.631,51.6172],[9.6234,51.6295],[9.6162,51.6306],[9.5926,51.6257],[9.5647,51.6304],[9.5493,51.6403],[9.5326,51.6303],[9.5078,51.6284],[9.4944,51.6321],[9.4904,51.6493],[9.4829,51.6547],[9.4668,51.655],[9.4485,51.644],[9.4401,51.649],[9.4178,51.6271],[9.3459,51.6123],[9.3331,51.6067],[9.3521,51.5965],[9.3543,51.5895],[9.336,51.554],[9.3158,51.5399],[9.2963,51.5176],[9.2629,51.5022],[9.2523,51.5002],[9.2243,51.487],[9.2185,51.4752],[9.2148,51.4587],[9.1934,51.4564],[9.158,51.4389],[9.1459,51.4383],[9.1087,51.4429],[9.0897,51.4529],[9.0843,51.46],[9.0846,51.483],[9.0748,51.491],[9.0497,51.496],[9.0301,51.5054],[9.0154,51.5092],[8.9994,51.5039],[8.9581,51.4972],[8.9062,51.4809],[8.8981,51.4667],[8.9127,51.4502],[8.9159,51.4251],[8.9204,51.4199],[8.9412,51.418],[8.9496,51.4124],[8.9425,51.3962],[8.9351,51.3913],[8.8936,51.39],[8.8834,51.3875],[8.858,51.3754],[8.8508,51.3747],[8.8146,51.3817],[8.7963,51.3804],[8.7726,51.3754],[8.7277,51.3731],[8.7041,51.3663],[8.6855,51.3634],[8.6732,51.3522],[8.654,51.3441],[8.6482,51.3344],[8.6155,51.3136],[8.5939,51.296],[8.5781,51.2759],[8.58,51.2649],[8.5944,51.2575],[8.6036,51.2426],[8.622,51.2404],[8.6448,51.2541],[8.6653,51.2552],[8.6857,51.259],[8.7077,51.2692],[8.7169,51.2711],[8.7242,51.2658],[8.7201,51.2551],[8.7317,51.2498],[8.7516,51.1905],[8.7502,51.1728],[8.7179,51.1502],[8.6957,51.1305],[8.7055,51.1163],[8.7044,51.1047],[8.6584,51.0884],[8.6272,51.0936],[8.5247,51.0933],[8.5205,51.0849],[8.5351,51.0674],[8.5382,51.0602],[8.535,51.0503],[8.5449,51.0207],[8.5275,51.0054],[8.5095,50.9803],[8.4906,50.973],[8.4696,50.9438],[8.4681,50.9208],[8.4638,50.9145],[8.4441,50.916],[8.4271,50.9087],[8.3969,50.8888],[8.3949,50.8751],[8.3641,50.8616],[8.3367,50.8599],[8.3145,50.8645],[8.3061,50.8775],[8.2996,50.8809],[8.2805,50.8782],[8.2684,50.8684],[8.2253,50.8437],[8.2166,50.8359],[8.1972,50.8271],[8.1872,50.8115],[8.1393,50.785],[8.1329,50.7769],[8.1408,50.7718],[8.145,50.7623],[8.1674,50.7516],[8.1751,50.7421],[8.1669,50.7079],[8.1439,50.6978],[8.1345,50.684],[8.1304,50.6674],[8.1222,50.6556],[8.1216,50.6458],[8.1405,50.6175],[8.1439,50.6026],[8.1506,50.5938],[8.1638,50.5858],[8.1387,50.5434],[8.1304,50.5363],[8.1072,50.5265],[8.0874,50.5302],[8.0704,50.5444],[8.0626,50.5465],[8.0416,50.5445],[8.0151,50.5246],[8.0045,50.5207],[8.0003,50.5088],[7.9979,50.4758],[8.0023,50.4624],[8.0192,50.4549],[8.0004,50.4403],[7.9876,50.4119],[7.9751,50.4051],[7.9801,50.3958],[8.0223,50.3891],[8.0286,50.3863],[8.032,50.3767],[8.0495,50.3713],[8.0732,50.3386],[8.0895,50.3237],[8.1007,50.3195],[8.1073,50.3111],[8.1227,50.2779],[8.1205,50.2689],[8.0961,50.262],[8.0457,50.2633],[8.0382,50.2588],[8.0336,50.2457],[8.042,50.2338],[8.0231,50.2159],[8.0159,50.2162],[7.9933,50.2284],[7.9804,50.2194],[7.9529,50.2112],[7.9222,50.2001],[7.9101,50.189],[7.8982,50.1713],[7.8968,50.155],[7.9073,50.1469],[7.9305,50.1363],[7.9217,50.1088],[7.913,50.1097],[7.8963,50.1207],[7.8729,50.1179],[7.8638,50.1196],[7.8545,50.1158],[7.8469,50.1068],[7.8428,50.0882],[7.8285,50.0789],[7.8108,50.0732],[7.7714,50.0535],[7.785,50.0485],[7.8498,50.0107],[7.8573,50.0026],[7.8603,49.99],[7.8782,49.9729],[7.9186,49.9739],[7.9619,49.9831],[8.0097,49.9993],[8.0485,50.0184],[8.1738,50.0458],[8.2007,50.0463],[8.213,50.0444],[8.2281,50.0382],[8.3354,49.9596],[8.3551,49.9256],[8.3401,49.891],[8.3476,49.8785],[8.3705,49.8566],[8.3805,49.8426],[8.3898,49.8153],[8.4087,49.7927],[8.4238,49.7673],[8.4625,49.7711],[8.4766,49.7675],[8.4738,49.7575],[8.4608,49.7438],[8.4391,49.7265],[8.4064,49.7224],[8.3792,49.7104],[8.3623,49.6909],[8.3606,49.6645],[8.3754,49.6411],[8.4,49.6104],[8.4168,49.5795],[8.4496,49.5883],[8.4744,49.5858],[8.4982,49.5734],[8.5662,49.5273],[8.5882,49.532],[8.609,49.5391],[8.6174,49.5471],[8.6144,49.5606],[8.598,49.6058],[8.6014,49.611],[8.6715,49.6226],[8.6917,49.6023],[8.6926,49.5937],[8.687,49.5842],[8.7036,49.5538],[8.7181,49.5418],[8.7459,49.5299],[8.7649,49.5238],[8.7816,49.522],[8.8109,49.522],[8.8197,49.5088],[8.8284,49.5028],[8.8418,49.5024],[8.8905,49.5061],[8.8925,49.4937],[8.877,49.4755],[8.865,49.4768],[8.8553,49.4847],[8.8489,49.4834],[8.8292,49.4655],[8.8326,49.4383],[8.828,49.4294],[8.8127,49.4223],[8.8126,49.4042],[8.8463,49.3963],[8.8611,49.4017],[8.8913,49.4252],[8.8992,49.4449],[8.9201,49.4387],[8.9403,49.4473],[8.9456,49.4551],[8.9391,49.4685],[8.9283,49.4786],[8.9303,49.4842],[8.9578,49.5037],[9.0114,49.5043],[9.0351,49.5013],[9.0449,49.5039],[9.0682,49.5185],[9.1037,49.5181],[9.1157,49.5086],[9.1268,49.5082],[9.1253,49.5161],[9.095,49.5508],[9.0784,49.5628],[9.075,49.5723],[9.0801,49.5738],[9.0936,49.5654],[9.1018,49.5653],[9.1107,49.5751],[9.0964,49.5911],[9.0767,49.6033],[9.0727,49.6109],[9.0913,49.6252],[9.103,49.6312],[9.1113,49.6398],[9.1003,49.6729],[9.0995,49.6864],[9.1188,49.6886],[9.1333,49.696],[9.1329,49.7173],[9.1485,49.7399],[9.1467,49.7462],[9.1229,49.7539],[9.1222,49.7658],[9.1358,49.7777],[9.1409,49.7873],[9.1302,49.7962],[9.1129,49.7938],[9.1037,49.7964],[9.0908,49.815],[9.093,49.8398],[9.088,49.8441],[9.0702,49.8306],[9.0618,49.8399],[9.0492,49.8661],[9.0267,49.9074],[9.0261,49.9115],[9.0281,49.9854],[9.0492,49.9802],[9.0531,49.9817],[9.0405,50.0004],[9.0418,50.0117],[9.0321,50.0214],[9.0269,50.0431],[9.0117,50.0495],[8.9924,50.0457],[8.9766,50.0528],[8.9881,50.0625],[9.0059,50.0664],[9.0103,50.0968],[9.0244,50.1051],[9.0575,50.1101],[9.1079,50.1254],[9.1211,50.1239],[9.1391,50.115],[9.1525,50.1123],[9.1543,50.108],[9.1462,50.0976],[9.1707,50.1066],[9.1881,50.1198],[9.1914,50.1347],[9.1979,50.138],[9.2288,50.1438],[9.2514,50.1422],[9.296,50.1414],[9.311,50.1386],[9.3291,50.1393],[9.3679,50.1274],[9.3841,50.1189],[9.3931,50.1039],[9.4067,50.0923],[9.4305,50.0898],[9.4459,50.0914],[9.5067,50.1081],[9.5168,50.1162],[9.5104,50.1377],[9.5149,50.1484],[9.5287,50.1686],[9.5219,50.1723],[9.4991,50.1768],[9.5003,50.1889],[9.5085,50.2069],[9.5053,50.2267],[9.511,50.2362],[9.5298,50.233],[9.5458,50.235],[9.5601,50.2257],[9.5838,50.229],[9.5977,50.224],[9.6121,50.2242],[9.6612,50.2344],[9.6583,50.2543],[9.6654,50.2681],[9.6803,50.2795],[9.7217,50.2904],[9.7384,50.2976],[9.7486,50.3056],[9.749,50.3151],[9.7428,50.3471],[9.7667,50.4021],[9.779,50.4143],[9.7961,50.419],[9.8068,50.4166],[9.8285,50.4007],[9.8388,50.3981],[9.8589,50.399],[9.9183,50.4138],[9.9809,50.4373],[10.0009,50.4484],[10.0231,50.4745],[10.0445,50.497],[10.055,50.5165],[10.0445,50.5219],[10.0569,50.5544],[10.0501,50.5651],[10.0479,50.5761],[10.0493,50.5941],[10.0459,50.6055],[10.0586,50.6168],[10.0724,50.6178],[10.076,50.622],[10.0737,50.6452],[10.0603,50.6659],[10.0521,50.6696],[9.9976,50.6762],[9.9708,50.6666],[9.9509,50.6627],[9.9473,50.6529],[9.9599,50.6419],[9.9542,50.6302],[9.9433,50.6271],[9.9258,50.6301],[9.9097,50.6368],[9.887,50.6332],[9.8777,50.6436],[9.8791,50.6621],[9.8882,50.6759],[9.9132,50.6927],[9.9126,50.7046],[9.9301,50.7272],[9.936,50.7426],[9.9355,50.751],[9.9207,50.7638],[9.9261,50.7732],[9.9462,50.7766],[9.9427,50.7996],[9.9494,50.8152],[9.9725,50.8243],[9.9925,50.8258],[10.0187,50.8317],[10.026,50.837],[10.0232,50.8544],[10.029,50.8624],[10.056,50.8826],[10.0442,50.8925],[10.0327,50.9088],[10.0062,50.921],[9.992,50.9176],[9.9742,50.9061],[9.9703,50.9142],[9.9714,50.9257],[9.9672,50.9301],[9.9527,50.9265],[9.9559,50.9419],[9.9677,50.9432],[9.9781,50.9394],[10.0133,50.937],[10.0414,50.9409],[10.046,50.949],[10.0431,50.9616],[10.0236,50.9821],[10.0262,50.9957],[10.0511,51.007],[10.0631,51.0086],[10.0934,51.0085],[10.1044,51.0059],[10.1232,51.008],[10.1243,50.9981],[10.143,50.9938],[10.165,50.9964],[10.1879,50.9957],[10.1941,50.9993],[10.2087,51.0209],[10.2054,51.0317],[10.1932,51.0448],[10.1759,51.0461],[10.1599,51.053],[10.1424,51.0552],[10.1413,51.0641],[10.152,51.0892],[10.1652,51.1025],[10.1691,51.1155],[10.1404,51.1216],[10.126,51.1361],[10.1343,51.1411],[10.1565,51.145],[10.1736,51.1448],[10.1854,51.1351],[10.1856,51.127],[10.1964,51.1159],[10.2028,51.1202],[10.2085,51.1511],[10.2141,51.1613],[10.2292,51.1729],[10.2303,51.1843],[10.197,51.1947],[10.1728,51.2061],[10.1539,51.2063],[10.1333,51.2129],[10.1173,51.2147],[10.0813,51.2232],[10.074,51.2278],[10.0693,51.2436],[10.0536,51.2517],[10.0485,51.2629],[10.0538,51.271],[10.0491,51.2766],[10.0251,51.28],[10.0024,51.286],[9.984,51.2858],[9.9647,51.2999],[9.947,51.3039],[9.9458,51.3174],[9.9407,51.3315],[9.9317,51.3376],[9.9235,51.3603],[9.9304,51.3717],[9.9492,51.3818]]]},"properties":{"name":"Hessen","name_en":"Hesse","name_ja":"ヘッセン州","name_zh":"黑森","name_ko":"헤센","adm0_a3":"DEU","postal":"HE","iso_3166_2":"DE-HE","type_en":"State","geonunit":"Germany"}},
{"type":"Feature","geometry":{"type":"Polygon","coordinates":[[[9.9492,51.3818],[9.9304,51.3717],[9.9235,51.3603],[9.9317,51.3376],[9.9407,51.3315],[9.9458,51.3174],[9.947,51.3039],[9.9647,51.2999],[9.984,51.2858],[10.0024,51.286],[10.0251,51.28],[10.0491,51.2766],[10.0538,51.271],[10.0485,51.2629],[10.0536,51.2517],[10.0693,51.2436],[10.074,51.2278],[10.0813,51.2232],[10.1173,51.2147],[10.1333,51.2129],[10.1539,51.2063],[10.1728,51.2061],[10.197,51.1947],[10.2303,51.1843],[10.2292,51.1729],[10.2141,51.1613],[10.2085,51.1511],[10.2028,51.1202],[10.1964,51.1159],[10.1856,51.127],[10.1854,51.1351],[10.1736,51.1448],[10.1565,51.145],[10.1343,51.1411],[10.126,51.1361],[10.1404,51.1216],[10.1691,51.1155],[10.1652,51.1025],[10.152,51.0892],[10.1413,51.0641],[10.1424,51.0552],[10.1599,51.053],[10.1759,51.0461],[10.1932,51.0448],[10.2054,51.0317],[10.2087,51.0209],[10.1941,50.9993],[10.1879,50.9957],[10.165,50.9964],[10.143,50.9938],[10.1243,50.9981],[10.1232,51.008],[10.1044,51.0059],[10.0934,51.0085],[10.0631,51.0086],[10.0511,51.007],[10.0262,50.9957],[10.0236,50.9821],[10.0431,50.9616],[10.046,50.949],[10.0414,50.9409],[10.0133,50.937],[9.9781,50.9394],[9.9677,50.9432],[9.9559,50.9419],[9.9527,50.9265],[9.9672,50.9301],[9.9714,50.9257],[9.9703,50.9142],[9.9742,50.9061],[9.992,50.9176],[10.0062,50.921],[10.0327,50.9088],[10.0442,50.8925],[10.056,50.8826],[10.029,50.8624],[10.0232,50.8544],[10.026,50.837],[10.0187,50.8317],[9.9925,50.8258],[9.9725,50.8243],[9.9494,50.8152],[9.9427,50.7996],[9.9462,50.7766],[9.9261,50.7732],[9.9207,50.7638],[9.9355,50.751],[9.936,50.7426],[9.9301,50.7272],[9.9126,50.7046],[9.9132,50.6927],[9.8882,50.6759],[9.8791,50.6621],[9.8777,50.6436],[9.887,50.6332],[9.9097,50.6368],[9.9258,50.6301],[9.9433,50.6271],[9.9542,50.6302],[9.9599,50.6419],[9.9473,50.6529],[9.9509,50.6627],[9.9708,50.6666],[9.9976,50.6762],[10.0521,50.6696],[10.0603,50.6659],[10.0737,50.6452],[10.076,50.622],[10.0724,50.6178],[10.0586,50.6168],[10.0459,50.6055],[10.0493,50.5941],[10.0479,50.5761],[10.0501,50.5651],[10.0569,50.5544],[10.0445,50.5219],[10.055,50.5165],[10.1096,50.5555],[10.1261,50.5629],[10.13,50.5481],[10.1393,50.5459],[10.1884,50.5492],[10.2026,50.5463],[10.2204,50.5337],[10.2281,50.5156],[10.238,50.5101],[10.3187,50.4924],[10.3326,50.4858],[10.337,50.4779],[10.3373,50.4639],[10.3728,50.4366],[10.3994,50.4229],[10.4008,50.4172],[10.3927,50.4052],[10.4054,50.3959],[10.4247,50.3948],[10.4495,50.3991],[10.4661,50.3803],[10.4929,50.3658],[10.4998,50.3535],[10.5262,50.3522],[10.5358,50.3573],[10.5524,50.3588],[10.5656,50.34],[10.5913,50.326],[10.5991,50.2989],[10.6,50.2878],[10.5938,50.2712],[10.6071,50.2504],[10.6048,50.2355],[10.6171,50.2244],[10.6622,50.2245],[10.6869,50.2201],[10.7136,50.2084],[10.7266,50.2104],[10.7316,50.2423],[10.7389,50.2477],[10.753,50.2437],[10.7667,50.2436],[10.7985,50.2482],[10.8168,50.2427],[10.8402,50.2421],[10.8477,50.2543],[10.8449,50.2658],[10.8379,50.2717],[10.8204,50.2747],[10.808,50.2807],[10.8021,50.2902],[10.7949,50.2924],[10.7691,50.2927],[10.7496,50.3057],[10.7268,50.3141],[10.715,50.3219],[10.7179,50.3517],[10.7263,50.3608],[10.7546,50.3566],[10.7606,50.36],[10.7795,50.3812],[10.7889,50.3863],[10.8098,50.3822],[10.8407,50.3915],[10.8592,50.3895],[10.8773,50.3943],[10.8934,50.3829],[10.9024,50.3825],[10.9277,50.388],[10.9434,50.3873],[10.9776,50.3554],[10.9879,50.3499],[10.9976,50.3636],[11.0246,50.3612],[11.0497,50.3477],[11.0641,50.3519],[11.0856,50.3545],[11.0983,50.3633],[11.1125,50.3652],[11.1214,50.3536],[11.1375,50.3505],[11.1537,50.3337],[11.1549,50.3235],[11.1354,50.3093],[11.1433,50.3012],[11.1923,50.2716],[11.2075,50.2851],[11.2215,50.2776],[11.2442,50.2731],[11.2553,50.2749],[11.2552,50.2884],[11.266,50.3084],[11.259,50.3173],[11.2606,50.3257],[11.2705,50.3414],[11.2688,50.3531],[11.2803,50.3586],[11.2772,50.3735],[11.2671,50.3839],[11.259,50.4032],[11.2624,50.4246],[11.2607,50.4362],[11.2544,50.4491],[11.2564,50.4567],[11.2486,50.4726],[11.2764,50.4811],[11.2958,50.4839],[11.3163,50.4925],[11.3248,50.5075],[11.3374,50.5114],[11.3467,50.5187],[11.4105,50.5165],[11.4271,50.5131],[11.4387,50.4972],[11.4206,50.4857],[11.4181,50.4523],[11.4212,50.443],[11.431,50.4403],[11.4485,50.4294],[11.4772,50.4275],[11.482,50.4223],[11.4847,50.3995],[11.5177,50.3819],[11.5317,50.3784],[11.5591,50.3839],[11.5698,50.3946],[11.5916,50.3945],[11.6212,50.3868],[11.7396,50.4028],[11.757,50.4061],[11.7612,50.4115],[11.7847,50.4143],[11.7967,50.4135],[11.8009,50.4085],[11.8245,50.3991],[11.8288,50.3911],[11.8496,50.3983],[11.8675,50.4013],[11.9053,50.4152],[11.8974,50.4234],[11.8997,50.4293],[11.915,50.4369],[11.9311,50.4403],[11.9371,50.4532],[11.9475,50.4622],[11.9424,50.4783],[11.9258,50.4884],[11.9277,50.4974],[11.9447,50.5159],[11.9683,50.5274],[11.9894,50.5461],[12.0011,50.5482],[12.0178,50.544],[12.0281,50.5345],[12.0485,50.5316],[12.0588,50.5375],[12.0812,50.5613],[12.097,50.5633],[12.1184,50.557],[12.1454,50.5625],[12.1533,50.5682],[12.1603,50.5837],[12.1587,50.6037],[12.1869,50.6264],[12.209,50.6279],[12.2281,50.6254],[12.2529,50.6263],[12.29,50.6434],[12.3015,50.6516],[12.3218,50.674],[12.3124,50.6767],[12.2897,50.6762],[12.2788,50.6797],[12.272,50.6869],[12.2655,50.701],[12.2706,50.7149],[12.258,50.7231],[12.2412,50.7222],[12.2416,50.7311],[12.2492,50.7426],[12.2597,50.7482],[12.2729,50.7499],[12.2872,50.7609],[12.2855,50.7693],[12.2691,50.7736],[12.2568,50.7823],[12.258,50.7925],[12.3308,50.8064],[12.3642,50.8233],[12.3774,50.8272],[12.4065,50.8288],[12.4244,50.8243],[12.4421,50.8412],[12.4628,50.8566],[12.5007,50.8697],[12.5078,50.8815],[12.5275,50.8766],[12.5493,50.8783],[12.5816,50.8754],[12.6017,50.8764],[12.6109,50.8701],[12.6303,50.8865],[12.6469,50.8924],[12.6472,50.8999],[12.6261,50.9287],[12.6022,50.9525],[12.5738,50.9631],[12.5457,50.9713],[12.5324,50.9797],[12.522,50.995],[12.4914,51.0285],[12.4837,51.0583],[12.3289,51.0878],[12.2646,51.0838],[12.2666,51.0762],[12.2493,51.0566],[12.2446,51.0425],[12.2464,51.0326],[12.2624,51.0283],[12.2754,51.0168],[12.2754,51.0098],[12.252,50.9822],[12.2171,50.9542],[12.2189,50.9374],[12.2008,50.9279],[12.1926,50.9284],[12.1852,50.9369],[12.1595,50.952],[12.1491,50.9535],[12.1317,50.9452],[12.1204,50.9445],[12.0679,50.9561],[12.0388,50.9517],[12.0046,50.949],[11.9956,50.951],[11.9935,50.9598],[11.9609,50.971],[11.952,50.9778],[11.9461,50.9893],[11.9314,50.9981],[11.8825,51.0121],[11.8607,51.0226],[11.84,51.0228],[11.7593,51.0191],[11.7466,51.0128],[11.7326,51.0175],[11.7245,51.0251],[11.7207,51.0363],[11.7092,51.0472],[11.6974,51.0642],[11.696,51.0839],[11.6891,51.0919],[11.6631,51.1012],[11.6275,51.0956],[11.6075,51.0971],[11.5813,51.0962],[11.5352,51.1003],[11.5047,51.0892],[11.4499,51.091],[11.4274,51.0988],[11.4165,51.1222],[11.4276,51.1291],[11.4257,51.1466],[11.4203,51.1597],[11.3988,51.1828],[11.3886,51.1899],[11.367,51.1951],[11.3445,51.2044],[11.333,51.2163],[11.3405,51.2245],[11.3524,51.2301],[11.3971,51.2347],[11.4224,51.2437],[11.4434,51.2592],[11.4519,51.2715],[11.3945,51.3251],[11.3672,51.3575],[11.3149,51.3833],[11.289,51.3889],[11.1962,51.3974],[11.1538,51.3969],[10.9991,51.4087],[10.9726,51.4182],[10.9645,51.4278],[10.9656,51.4438],[10.9718,51.4627],[10.9701,51.4695],[10.9488,51.4927],[10.9453,51.5023],[10.9477,51.5185],[10.9263,51.5399],[10.9156,51.5573],[10.9115,51.5711],[10.9192,51.5761],[10.9386,51.5721],[10.9519,51.577],[10.9456,51.5947],[10.9375,51.6007],[10.9242,51.6009],[10.8909,51.6096],[10.8784,51.6174],[10.8536,51.6171],[10.8405,51.6199],[10.8188,51.6289],[10.8035,51.6326],[10.7134,51.6311],[10.6976,51.6374],[10.6489,51.6197],[10.6314,51.607],[10.6292,51.601],[10.6542,51.5782],[10.6534,51.5658],[10.6453,51.5611],[10.6244,51.5732],[10.6104,51.5726],[10.562,51.5574],[10.5266,51.5554],[10.5142,51.5563],[10.4788,51.5747],[10.431,51.5907],[10.4217,51.5919],[10.4005,51.588],[10.3749,51.5857],[10.3795,51.572],[10.3646,51.5424],[10.3414,51.5289],[10.3323,51.5198],[10.3064,51.5106],[10.2987,51.5041],[10.2945,51.4935],[10.2396,51.4721],[10.2187,51.4708],[10.2128,51.478],[10.1947,51.4794],[10.1814,51.4719],[10.1821,51.4628],[10.1722,51.4493],[10.1499,51.4426],[10.1497,51.4318],[10.0997,51.433],[10.0847,51.4311],[10.0734,51.4208],[10.0661,51.4209],[10.0457,51.4321],[10.0321,51.4242],[10.0115,51.4168],[10.0001,51.4082],[9.9492,51.3818]]]},"properties":{"name":"Thüringen","name_en":"Thuringia","name_ja":"テューリンゲン州","name_zh":"图林根","name_ko":"튀링겐","adm0_a3":"DEU","postal":"TH","iso_3166_2":"DE-TH","type_en":"State","geonunit":"Germany"}},
{"type":"Feature","geometry":{"type":"Polygon","coordinates":[[[10.6976,51.6374],[10.7134,51.6311],[10.8035,51.6326],[10.8188,51.6289],[10.8405,51.6199],[10.8536,51.6171],[10.8784,51.6174],[10.8909,51.6096],[10.9242,51.6009],[10.9375,51.6007],[10.9456,51.5947],[10.9519,51.577],[10.9386,51.5721],[10.9192,51.5761],[10.9115,51.5711],[10.9156,51.5573],[10.9263,51.5399],[10.9477,51.5185],[10.9453,51.5023],[10.9488,51.4927],[10.9701,51.4695],[10.9718,51.4627],[10.9656,51.4438],[10.9645,51.4278],[10.9726,51.4182],[10.9991,51.4087],[11.1538,51.3969],[11.1962,51.3974],[11.289,51.3889],[11.3149,51.3833],[11.3672,51.3575],[11.3945,51.3251],[11.4519,51.2715],[11.4434,51.2592],[11.4224,51.2437],[11.3971,51.2347],[11.3524,51.2301],[11.3405,51.2245],[11.333,51.2163],[11.3445,51.2044],[11.367,51.1951],[11.3886,51.1899],[11.3988,51.1828],[11.4203,51.1597],[11.4257,51.1466],[11.4276,51.1291],[11.4165,51.1222],[11.4274,51.0988],[11.4499,51.091],[11.5047,51.0892],[11.5352,51.1003],[11.5813,51.0962],[11.6075,51.0971],[11.6275,51.0956],[11.6631,51.1012],[11.6891,51.0919],[11.696,51.0839],[11.6974,51.0642],[11.7092,51.0472],[11.7207,51.0363],[11.7245,51.0251],[11.7326,51.0175],[11.7466,51.0128],[11.7593,51.0191],[11.84,51.0228],[11.8607,51.0226],[11.8825,51.0121],[11.9314,50.9981],[11.9461,50.9893],[11.952,50.9778],[11.9609,50.971],[11.9935,50.9598],[11.9956,50.951],[12.0046,50.949],[12.0388,50.9517],[12.0679,50.9561],[12.1204,50.9445],[12.1317,50.9452],[12.1491,50.9535],[12.1595,50.952],[12.1852,50.9369],[12.1926,50.9284],[12.2008,50.9279],[12.2189,50.9374],[12.2171,50.9542],[12.252,50.9822],[12.2754,51.0098],[12.2754,51.0168],[12.2624,51.0283],[12.2464,51.0326],[12.2446,51.0425],[12.2493,51.0566],[12.2666,51.0762],[12.2646,51.0838],[12.2226,51.089],[12.2149,51.0949],[12.2112,51.1116],[12.189,51.1249],[12.1795,51.1368],[12.1841,51.1641],[12.1533,51.17],[12.1528,51.1776],[12.1632,51.1867],[12.168,51.1974],[12.1646,51.2265],[12.1609,51.2366],[12.1417,51.2529],[12.1403,51.2736],[12.1323,51.2918],[12.1369,51.3028],[12.146,51.3136],[12.1581,51.3199],[12.1727,51.3204],[12.1817,51.3248],[12.186,51.3365],[12.1848,51.3513],[12.17,51.3754],[12.171,51.3915],[12.1676,51.4143],[12.1587,51.4257],[12.157,51.449],[12.1731,51.4572],[12.1907,51.4701],[12.1954,51.482],[12.1954,51.5287],[12.2222,51.5425],[12.2354,51.5622],[12.2673,51.5533],[12.3059,51.5523],[12.3564,51.5678],[12.4306,51.5725],[12.4394,51.5822],[12.4435,51.6015],[12.4593,51.6043],[12.5324,51.6018],[12.5451,51.596],[12.6414,51.6065],[12.6505,51.6012],[12.6621,51.6015],[12.6829,51.6127],[12.7006,51.6329],[12.7153,51.6382],[12.7522,51.635],[12.7816,51.627],[12.8008,51.6327],[12.8531,51.6598],[12.862,51.6683],[12.891,51.6701],[12.902,51.6554],[12.9147,51.6499],[12.9419,51.6451],[12.9642,51.638],[12.9778,51.6277],[12.9906,51.6291],[13.0087,51.6367],[13.0229,51.6317],[13.0438,51.6179],[13.0617,51.6151],[13.0823,51.6384],[13.0905,51.6435],[13.1504,51.6729],[13.1783,51.6966],[13.1816,51.7086],[13.1647,51.73],[13.1573,51.7485],[13.1565,51.7751],[13.1635,51.789],[13.1939,51.8191],[13.2282,51.843],[13.2368,51.8555],[13.2179,51.8606],[13.1846,51.8621],[13.1731,51.8584],[13.1608,51.8444],[13.1323,51.8576],[13.0662,51.8526],[13.0477,51.8571],[12.9915,51.8816],[12.9741,51.8969],[12.9512,51.9069],[12.9307,51.9092],[12.8848,51.9096],[12.8719,51.9129],[12.8591,51.9351],[12.8441,51.9417],[12.7948,51.9462],[12.7054,51.9804],[12.6668,51.9944],[12.6548,51.9944],[12.6464,51.9825],[12.6216,51.9739],[12.6076,51.9654],[12.5615,51.9717],[12.5443,51.9779],[12.4975,52.0005],[12.4773,52.0171],[12.4666,52.0215],[12.4438,52.0096],[12.4208,52.0116],[12.4095,52.0183],[12.3792,52.0311],[12.3651,52.0401],[12.3613,52.0577],[12.2991,52.1097],[12.2805,52.1222],[12.2605,52.1283],[12.2528,52.1343],[12.2461,52.1476],[12.2197,52.1637],[12.2076,52.1782],[12.1991,52.1939],[12.209,52.2072],[12.222,52.2324],[12.245,52.2472],[12.2481,52.2524],[12.2296,52.27],[12.2199,52.2706],[12.209,52.279],[12.2067,52.3069],[12.2214,52.3329],[12.234,52.3462],[12.2295,52.3683],[12.2333,52.3888],[12.2493,52.4083],[12.2573,52.4309],[12.247,52.4424],[12.2661,52.4565],[12.2753,52.4717],[12.2867,52.4842],[12.2883,52.5062],[12.2951,52.5161],[12.2911,52.5181],[12.2608,52.5133],[12.2502,52.5172],[12.2299,52.5369],[12.2169,52.5421],[12.2084,52.5411],[12.1958,52.5208],[12.1824,52.5153],[12.1686,52.5137],[12.1496,52.5199],[12.1476,52.5348],[12.1626,52.5468],[12.1545,52.5511],[12.13,52.5496],[12.1243,52.555],[12.1508,52.58],[12.155,52.5965],[12.1569,52.6204],[12.162,52.6361],[12.1857,52.6359],[12.2047,52.6412],[12.2158,52.6534],[12.2257,52.6726],[12.2281,52.6902],[12.2076,52.7061],[12.2016,52.7206],[12.1904,52.7327],[12.191,52.739],[12.2087,52.7519],[12.1942,52.7755],[12.1971,52.7822],[12.2296,52.7987],[12.2332,52.8163],[12.2138,52.8546],[12.2033,52.8659],[12.1707,52.8722],[12.1363,52.8658],[12.1112,52.8666],[12.1123,52.878],[12.1072,52.8851],[12.0929,52.8917],[12.0227,52.8863],[11.9976,52.8868],[11.9826,52.8831],[11.9655,52.8852],[11.9247,52.8983],[11.8967,52.9017],[11.8319,52.9282],[11.8454,52.9435],[11.8508,52.9551],[11.8386,52.9595],[11.8073,52.9603],[11.7933,52.9672],[11.7629,52.9951],[11.7474,52.993],[11.7117,52.982],[11.6942,52.984],[11.6806,53.0122],[11.6691,53.0173],[11.636,53.0181],[11.6223,53.0224],[11.6363,53.0371],[11.6358,53.0462],[11.6257,53.0503],[11.5813,53.0429],[11.5619,53.01],[11.552,53.0057],[11.5252,53.0082],[11.5068,53.0011],[11.5009,52.9891],[11.4963,52.9694],[11.502,52.9442],[11.4983,52.9418],[11.4704,52.9401],[11.4124,52.9064],[11.3737,52.8996],[11.3129,52.8838],[11.2845,52.8853],[11.2643,52.8775],[11.2482,52.8779],[11.2409,52.8862],[11.2136,52.8978],[11.1653,52.9033],[11.1066,52.9006],[11.0809,52.9075],[11.0508,52.9123],[11.0147,52.9119],[11.0025,52.9087],[10.9958,52.9014],[10.9893,52.8821],[10.9704,52.8731],[10.9607,52.8651],[10.9417,52.8591],[10.8855,52.8472],[10.8425,52.8485],[10.7954,52.8463],[10.762,52.8384],[10.7567,52.8182],[10.7602,52.8014],[10.7569,52.7865],[10.7743,52.7617],[10.7938,52.7479],[10.801,52.7225],[10.8112,52.7161],[10.8217,52.7161],[10.8369,52.7103],[10.8849,52.6514],[10.9198,52.6195],[10.9373,52.6138],[10.9572,52.6225],[10.9734,52.6193],[10.9777,52.6132],[10.9693,52.6044],[10.9527,52.5933],[10.9465,52.5836],[10.9459,52.5679],[10.9537,52.5455],[10.9664,52.5362],[10.9941,52.509],[11.0017,52.4981],[10.9627,52.4983],[10.9501,52.4925],[10.9414,52.4764],[10.9391,52.4621],[11.0107,52.4035],[11.0376,52.3948],[11.067,52.3797],[11.073,52.3722],[11.0691,52.3585],[11.0638,52.3538],[11.019,52.3487],[10.9993,52.3425],[11.003,52.3288],[11.0207,52.3232],[11.0337,52.3065],[11.0148,52.2874],[11.0272,52.2752],[11.048,52.2612],[11.0623,52.2585],[11.0636,52.2437],[11.0735,52.2508],[11.0829,52.2471],[11.0852,52.2401],[11.0829,52.2251],[11.072,52.2188],[11.0374,52.2115],[11.0291,52.2061],[11.0193,52.1869],[11.025,52.1793],[11.0543,52.1684],[11.0565,52.1489],[11.0382,52.1317],[11.0138,52.1189],[10.9929,52.1116],[10.9581,52.1048],[10.9477,52.097],[10.9693,52.0835],[10.9684,52.0646],[10.963,52.0598],[10.9456,52.0577],[10.8962,52.0585],[10.8762,52.0567],[10.8503,52.0503],[10.7175,52.0502],[10.6608,52.0447],[10.6525,52.0426],[10.6512,52.0298],[10.6216,52.0105],[10.6093,52.0082],[10.58,52.0103],[10.5701,52.0068],[10.5727,51.9986],[10.5862,51.9872],[10.5902,51.9762],[10.6154,51.9684],[10.6247,51.9603],[10.6446,51.9587],[10.6418,51.9531],[10.6181,51.9434],[10.613,51.9245],[10.6318,51.9137],[10.6382,51.9068],[10.6399,51.8836],[10.6258,51.8699],[10.6181,51.868],[10.6006,51.8546],[10.5871,51.851],[10.5802,51.8449],[10.5778,51.8052],[10.5853,51.7779],[10.603,51.7658],[10.6192,51.7585],[10.6301,51.7384],[10.6442,51.7213],[10.6641,51.7072],[10.6692,51.693],[10.669,51.6699],[10.6976,51.6374]]]},"properties":{"name":"Sachsen-Anhalt","name_en":"Saxony-Anhalt","name_ja":"ザクセン＝アンハルト州","name_zh":"萨克森－安哈尔特","name_ko":"작센안할트","adm0_a3":"DEU","postal":"ST","iso_3166_2":"DE-ST","type_en":"State","geonunit":"Germany"}},
{"type":"Feature","geometry":{"type":"Polygon","coordinates":[[[13.6263,52.487],[13.6251,52.4981],[13.6485,52.5316],[13.6476,52.5393],[13.6265,52.5411],[13.6116,52.5452],[13.5691,52.5634],[13.5033,52.6102],[13.4993,52.6243],[13.5025,52.6385],[13.4997,52.6453],[13.4835,52.6542],[13.4738,52.6636],[13.4685,52.6633],[13.4451,52.6497],[13.4384,52.6416],[13.4313,52.6409],[13.412,52.6487],[13.3888,52.6369],[13.3798,52.6263],[13.3642,52.6236],[13.3266,52.6252],[13.3102,52.6297],[13.3031,52.6353],[13.3028,52.6562],[13.2825,52.654],[13.2726,52.6392],[13.2527,52.6299],[13.2207,52.626],[13.2093,52.6009],[13.2168,52.5874],[13.2075,52.5868],[13.1574,52.6003],[13.1449,52.5852],[13.1484,52.5757],[13.1433,52.5519],[13.1409,52.5243],[13.1566,52.507],[13.1568,52.501],[13.1296,52.4816],[13.1166,52.476],[13.1092,52.4554],[13.1169,52.4415],[13.0937,52.4187],[13.0949,52.412],[13.1217,52.4011],[13.1565,52.3969],[13.1726,52.4052],[13.2141,52.4171],[13.2268,52.4159],[13.2482,52.4051],[13.2582,52.4055],[13.2943,52.4151],[13.3048,52.4023],[13.3127,52.4005],[13.3458,52.4074],[13.3655,52.3955],[13.3758,52.3866],[13.394,52.3812],[13.4257,52.3811],[13.4275,52.3881],[13.424,52.4045],[13.4336,52.4123],[13.4581,52.4167],[13.468,52.4137],[13.4844,52.3987],[13.5031,52.3981],[13.5145,52.4037],[13.5281,52.4049],[13.5658,52.3957],[13.5847,52.3889],[13.6099,52.3838],[13.6265,52.3844],[13.6373,52.376],[13.6445,52.342],[13.654,52.3423],[13.667,52.3596],[13.6961,52.3676],[13.7053,52.3743],[13.7045,52.3979],[13.716,52.4104],[13.7343,52.4196],[13.7398,52.4395],[13.7509,52.4503],[13.7362,52.4598],[13.6963,52.4708],[13.6775,52.4855],[13.6645,52.4898],[13.6263,52.487]]]},"properties":{"name":"Berlin","name_en":"Berlin","name_ja":"ベルリン","name_zh":"柏林","name_ko":"베를린","adm0_a3":"DEU","postal":"BE","iso_3166_2":"DE-BE","type_en":"State","geonunit":"Germany"}}
]}