{"type":"FeatureCollection", "features": [
{"type":"Feature","geometry":{"type":"Polygon","coordinates":[[[78.381,32.528],[78.3848,32.5475],[78.4082,32.5584],[78.4475,32.5663],[78.5899,32.5699],[78.6302,32.578],[78.6649,32.599],[78.6945,32.6297],[78.7133,32.6375],[78.7368,32.6298],[78.751,32.6128],[78.7491,32.5959],[78.735,32.5606],[78.7369,32.5458],[78.7547,32.4938],[78.7715,32.4617],[78.8557,32.4005],[78.8815,32.3763],[78.9113,32.3547],[78.9434,32.3464],[78.9762,32.3616],[79.0282,32.3771],[79.0753,32.3708],[79.0917,32.3906],[79.1029,32.4499],[79.1129,32.4724],[79.1329,32.4855],[79.1614,32.4965],[79.2152,32.5079],[79.2356,32.5043],[79.2874,32.5326],[79.3205,32.5923],[79.3795,32.5765],[79.4068,32.5297],[79.4435,32.5348],[79.5157,32.6081],[79.5312,32.6483],[79.5762,32.6706],[79.6207,32.7287],[79.6139,32.765],[79.5641,32.7939],[79.4711,32.909],[79.4141,32.9721],[79.3785,32.9789],[79.3336,32.9943],[79.3398,33.0133],[79.3993,33.0269],[79.3811,33.0618],[79.3732,33.1121],[79.4235,33.1578],[79.4561,33.2504],[79.4201,33.2752],[79.3403,33.2751],[79.2601,33.2918],[79.1502,33.2926],[79.098,33.2877],[79.0533,33.3079],[79.023,33.318],[78.965,33.3443],[78.9177,33.3863],[78.8243,33.4611],[78.8009,33.4942],[78.7814,33.5528],[78.7941,33.7439],[78.7873,33.8084],[78.7703,33.8724],[78.7211,33.9944],[78.7301,34.0793],[78.8061,34.123],[78.9032,34.1581],[78.9762,34.2172],[78.9855,34.2399],[78.9854,34.2864],[78.9762,34.3092],[78.9512,34.3492],[78.9221,34.3723],[78.8859,34.3858],[78.8392,34.3969],[78.8017,34.415],[78.7507,34.4713],[78.6646,34.5264],[78.6073,34.5465],[78.3794,34.5787],[78.3353,34.5944],[78.296,34.6247],[78.2732,34.6589],[78.2114,34.8483],[78.2025,34.8657],[78.1622,34.9088],[78.1481,34.9431],[78.1392,35.0189],[78.13,35.0554],[78.0364,35.1942],[78.0012,35.2689],[78.0098,35.3475],[78.0381,35.3981],[78.0556,35.4529],[78.0443,35.4916],[77.9859,35.4942],[77.9579,35.4821],[77.9127,35.441],[77.8831,35.4311],[77.8571,35.4366],[77.8342,35.4522],[77.8003,35.4954],[77.4247,35.3029],[77.0424,35.107],[77.0231,35.0863],[77.0352,35.0345],[77.0286,35.0034],[77.0131,34.9864],[76.953,34.9466],[76.9211,34.9207],[76.8796,34.9371],[76.8526,34.9433],[76.817,34.9408],[76.782,34.9309],[76.7576,34.9151],[76.7496,34.8921],[76.7533,34.8383],[76.7439,34.8193],[76.6526,34.747],[76.6396,34.7411],[76.5532,34.7258],[76.5199,34.7311],[76.4765,34.7578],[76.4382,34.7629],[76.3999,34.7507],[76.262,34.6847],[76.155,34.6617],[76.1218,34.6609],[76.0583,34.6834],[76.0234,34.6772],[76.0075,34.6651],[75.9734,34.6223],[75.9393,34.612],[75.874,34.5714],[75.8162,34.5217],[75.7958,34.5079],[75.7771,34.5038],[75.7137,34.5085],[75.6556,34.497],[75.6116,34.4984],[75.3481,34.5572],[75.3441,34.469],[75.3745,34.371],[75.4695,34.2801],[75.5846,34.2101],[75.6634,34.1992],[75.6913,34.1637],[75.6995,34.1177],[75.7417,34.0664],[75.7849,34.0311],[75.8796,33.9637],[75.9779,33.9713],[76.0244,33.9821],[76.0512,33.9527],[76.0733,33.922],[76.1664,33.8732],[76.2098,33.7943],[76.2358,33.7288],[76.2327,33.6499],[76.2461,33.5741],[76.3053,33.552],[76.3857,33.5387],[76.488,33.5022],[76.5778,33.4277],[76.6466,33.3521],[76.6887,33.2708],[76.7398,33.1974],[76.7687,33.1868],[76.8295,33.1255],[76.8484,33.1148],[76.903,33.0738],[76.9275,33.0459],[76.9561,33.0251],[76.9999,33.0072],[77.0885,32.9502],[77.1358,32.9268],[77.2199,32.902],[77.3487,32.8672],[77.3713,32.867],[77.394,32.8899],[77.444,32.8945],[77.539,32.9184],[77.581,32.939],[77.6158,32.9683],[77.6434,32.9761],[77.6734,32.9994],[77.7033,33.0133],[77.7211,33.0126],[77.7652,32.9626],[77.8238,32.9103],[77.8579,32.873],[77.8935,32.803],[77.9105,32.7907],[77.9289,32.7624],[77.9323,32.7109],[77.9385,32.6953],[77.9832,32.6481],[77.9947,32.6204],[78.0089,32.6103],[78.0432,32.6114],[78.059,32.6183],[78.077,32.6405],[78.1146,32.6677],[78.1545,32.6741],[78.1915,32.692],[78.2279,32.6902],[78.2539,32.6979],[78.2687,32.7157],[78.3051,32.7295],[78.3176,32.7436],[78.3177,32.7647],[78.3533,32.7686],[78.3666,32.7652],[78.3809,32.7293],[78.3843,32.6994],[78.3747,32.6488],[78.3586,32.6317],[78.3329,32.6179],[78.3041,32.5962],[78.2929,32.5754],[78.2865,32.5451],[78.2704,32.5042],[78.274,32.4911],[78.2937,32.4733],[78.3134,32.4717],[78.3589,32.5156],[78.381,32.528]]]},"properties":{"name":"Ladakh","name_en":"Ladakh","name_ja":"ラダック","name_zh":"拉达克","name_ko":"라다크","adm0_a3":"IND","postal":"LA","iso_3166_2":"IN-LA","type_en":"Union Territory","geonunit":"India"}},
{"type":"Feature","geometry":{"type":"Polygon","coordinates":[[[95.2469,26.6489],[95.279,26.6529],[95.316,26.6691],[95.3927,26.6918],[95.4106,26.7016],[95.44,26.7354],[95.4627,26.7772],[95.4898,26.8107],[95.5314,26.8203],[95.5748,26.8161],[95.5913,26.8237],[95.6133,26.8679],[95.64,26.8864],[95.6861,26.8913],[95.7092,26.9075],[95.735,26.9473],[95.778,26.9951],[95.8049,27.0048],[95.8615,27.0142],[95.8889,27.027],[95.9165,27.0514],[95.9384,27.0799],[95.9748,27.1429],[96.0132,27.1908],[96.0742,27.2299],[96.1426,27.2575],[96.4078,27.2982],[96.5109,27.2925],[96.5473,27.3064],[96.5869,27.3536],[96.6142,27.3484],[96.6364,27.3355],[96.6592,27.3414],[96.6873,27.3617],[96.7242,27.3563],[96.7589,27.3417],[96.7892,27.318],[96.8099,27.2858],[96.8596,27.2407],[96.8418,27.2044],[96.8427,27.1885],[96.8653,27.1716],[97.003,27.1145],[97.0268,27.0915],[97.0479,27.0878],[97.0772,27.0965],[97.106,27.0826],[97.1192,27.0873],[97.1348,27.1273],[97.1293,27.1379],[97.1044,27.156],[97.1013,27.1833],[97.0679,27.2171],[96.9051,27.4084],[96.8814,27.4441],[96.877,27.4631],[96.8902,27.4925],[96.8773,27.5531],[96.862,27.5784],[96.8621,27.5993],[96.8702,27.6191],[96.8997,27.6495],[96.957,27.6881],[96.9909,27.7266],[97.004,27.7343],[97.0604,27.7505],[97.0653,27.774],[97.0922,27.7855],[97.106,27.8055],[97.1318,27.8169],[97.1821,27.8573],[97.2229,27.8997],[97.2607,27.912],[97.2764,27.9103],[97.288,27.8978],[97.2929,27.8776],[97.3335,27.8942],[97.3382,27.9016],[97.3357,27.9356],[97.34,27.9518],[97.3623,27.9949],[97.3551,28.023],[97.3065,28.0697],[97.2929,28.0951],[97.2989,28.1292],[97.3287,28.19],[97.3235,28.2175],[97.2853,28.2357],[97.2297,28.2746],[97.2105,28.3081],[97.1827,28.315],[97.1156,28.3666],[97.0784,28.3751],[97.033,28.357],[96.9974,28.3371],[96.9658,28.3305],[96.934,28.3366],[96.8979,28.3547],[96.7169,28.4365],[96.5615,28.4473],[96.4952,28.4215],[96.4411,28.3954],[96.3696,28.3781],[96.3019,28.4207],[96.3365,28.4797],[96.409,28.5589],[96.5024,28.6445],[96.501,28.6876],[96.598,28.7099],[96.5926,28.7579],[96.5767,28.8085],[96.5238,28.8644],[96.5108,28.8855],[96.5004,28.9292],[96.4922,28.948],[96.4747,28.9621],[96.4601,28.9634],[96.4512,28.9814],[96.4576,28.9946],[96.3666,29.0365],[96.2947,28.9923],[96.2486,28.9453],[96.1953,28.9411],[96.176,29.0174],[96.1746,29.1088],[96.1936,29.1369],[96.2101,29.1458],[96.3164,29.1719],[96.3275,29.1804],[96.3424,29.2106],[96.3669,29.2442],[96.3662,29.2572],[96.3371,29.2797],[96.2679,29.2417],[96.2353,29.2412],[96.2054,29.2569],[96.1763,29.2865],[96.166,29.3032],[96.151,29.3541],[96.142,29.3685],[96.0745,29.3693],[95.9537,29.3592],[95.8631,29.324],[95.7959,29.3529],[95.7448,29.3404],[95.7474,29.2737],[95.7172,29.2183],[95.6467,29.2284],[95.5923,29.2497],[95.5538,29.239],[95.5502,29.2125],[95.5153,29.2094],[95.5119,29.1975],[95.5227,29.1612],[95.5214,29.1379],[95.5113,29.1318],[95.4876,29.069],[95.4298,29.0465],[95.3674,29.0365],[95.2816,29.0527],[95.2249,29.0594],[95.2163,29.065],[95.2079,29.0896],[95.1915,29.0968],[95.1169,29.1081],[95.099,29.1138],[95.0477,29.1408],[94.9891,29.154],[94.8913,29.1605],[94.8541,29.17],[94.7766,29.1667],[94.7615,29.1747],[94.7677,29.2139],[94.7564,29.2305],[94.7042,29.2847],[94.6685,29.3066],[94.6304,29.3195],[94.5999,29.3166],[94.5827,29.3029],[94.5286,29.2312],[94.5148,29.2211],[94.475,29.2108],[94.4224,29.2105],[94.3964,29.2071],[94.3729,29.1963],[94.3463,29.1591],[94.3238,29.146],[94.2875,29.1479],[94.2708,29.0979],[94.3473,29.0243],[94.2914,28.9773],[94.2502,28.9331],[94.1737,28.9302],[94.1354,28.8978],[94.0795,28.8831],[94.0268,28.8642],[93.992,28.8446],[93.9931,28.8019],[93.9816,28.7681],[93.9611,28.7299],[93.9278,28.6828],[93.8631,28.7049],[93.7817,28.6805],[93.7225,28.6966],[93.7055,28.6919],[93.6649,28.6902],[93.6255,28.6724],[93.5517,28.6789],[93.4462,28.6719],[93.3172,28.6035],[93.3028,28.5569],[93.287,28.5205],[93.2188,28.4574],[93.1863,28.432],[93.2181,28.3946],[93.2078,28.3405],[93.1298,28.326],[92.9749,28.2823],[92.9604,28.2702],[92.9038,28.2497],[92.8654,28.2052],[92.8503,28.192],[92.8199,28.1793],[92.7902,28.1789],[92.7792,28.1959],[92.7079,28.1554],[92.6786,28.1331],[92.6548,28.1058],[92.6373,28.072],[92.6389,28.0575],[92.6893,28.0483],[92.7013,28.0378],[92.7013,28.0252],[92.7364,27.9859],[92.6837,27.9105],[92.6365,27.8954],[92.5929,27.8682],[92.575,27.8478],[92.5182,27.8395],[92.4751,27.8466],[92.439,27.8233],[92.4173,27.8289],[92.4044,27.8538],[92.3928,27.856],[92.3811,27.8425],[92.3679,27.8038],[92.3501,27.8025],[92.3292,27.8329],[92.3173,27.8037],[92.3039,27.7862],[92.2888,27.7931],[92.2752,27.8117],[92.2492,27.8626],[92.2396,27.8653],[92.1263,27.8127],[92.1062,27.7861],[92.0649,27.7617],[91.9889,27.7694],[91.9522,27.7248],[91.9087,27.7319],[91.8649,27.73],[91.8564,27.7645],[91.8266,27.8076],[91.7299,27.8041],[91.6801,27.8498],[91.6283,27.8527],[91.5644,27.8514],[91.566,27.8211],[91.6053,27.8107],[91.6358,27.7825],[91.635,27.7466],[91.6267,27.7164],[91.5799,27.658],[91.5733,27.6197],[91.5951,27.5464],[91.6045,27.5321],[91.6329,27.5117],[91.6574,27.4792],[91.7049,27.4688],[91.7271,27.4599],[91.7796,27.4565],[91.8566,27.4662],[91.9006,27.4597],[91.9751,27.4724],[92.0236,27.4468],[92.0848,27.3042],[92.0888,27.2923],[92.0819,27.2751],[92.0368,27.2365],[92.0215,27.1918],[91.9959,27.158],[91.9877,27.104],[91.9999,27.0715],[92.0497,27.0268],[92.067,26.9949],[92.0839,26.9373],[92.0804,26.9216],[92.2103,26.9123],[92.2786,26.9324],[92.3289,26.9357],[92.3657,26.95],[92.4755,26.9768],[92.5474,26.9994],[92.6057,27.0094],[92.6262,27.0181],[92.6788,27.0611],[92.6988,27.0659],[92.7405,27.0626],[92.8148,27.0508],[92.9026,27.0184],[92.9362,27.0015],[92.945,26.9786],[92.9646,26.9657],[93.0203,26.953],[93.375,26.9888],[93.4003,26.9855],[93.4191,26.9773],[93.4607,26.9472],[93.4798,26.9492],[93.525,26.9681],[93.5464,26.9729],[93.6021,26.9772],[93.632,26.9834],[93.6947,27.0059],[93.7181,27.0199],[93.7597,27.0556],[93.7965,27.0806],[93.8266,27.096],[93.8349,27.1139],[93.8258,27.1415],[93.8271,27.1671],[93.8466,27.1989],[93.9825,27.3277],[94.0285,27.3625],[94.0663,27.3858],[94.2431,27.526],[94.2569,27.5481],[94.2498,27.565],[94.2172,27.5968],[94.2123,27.6126],[94.219,27.6266],[94.2431,27.648],[94.266,27.6393],[94.2891,27.6152],[94.3235,27.6068],[94.3529,27.5931],[94.4492,27.6162],[94.4746,27.5939],[94.4999,27.6057],[94.5259,27.6039],[94.5566,27.6144],[94.6071,27.6465],[94.6628,27.6687],[94.7224,27.6869],[94.7985,27.7012],[94.9481,27.7695],[95.247,27.8662],[95.2941,27.8924],[95.3132,27.8958],[95.3409,27.8812],[95.3826,27.8704],[95.4084,27.8708],[95.493,27.8857],[95.5436,27.9021],[95.5884,27.9307],[95.6723,27.978],[95.7168,27.9902],[95.9641,27.9933],[95.9727,27.9816],[95.9515,27.9479],[95.9382,27.9191],[95.9007,27.8654],[95.8134,27.7744],[95.7874,27.7417],[95.7759,27.7173],[95.788,27.6957],[95.7951,27.637],[95.8043,27.6194],[95.8475,27.5873],[95.8716,27.5764],[95.8868,27.557],[95.8958,27.4975],[95.8796,27.4626],[95.8904,27.4387],[95.8848,27.4097],[95.8932,27.3997],[95.9322,27.4413],[95.9461,27.4489],[95.9783,27.4497],[96.0041,27.4229],[96.0118,27.4047],[96.0072,27.3651],[95.9722,27.3433],[95.9592,27.3163],[95.9316,27.3077],[95.9143,27.2823],[95.9037,27.2761],[95.8707,27.287],[95.8456,27.2828],[95.7996,27.2859],[95.6438,27.2303],[95.6224,27.233],[95.5754,27.2646],[95.5459,27.2739],[95.5111,27.262],[95.4934,27.25],[95.4832,27.2305],[95.4733,27.1948],[95.4482,27.1591],[95.4238,27.1413],[95.386,27.1287],[95.3569,27.1151],[95.2612,27.0489],[95.2384,27.0428],[95.1997,27.0468],[95.1764,27.0332],[95.1799,27.0037],[95.2092,26.9882],[95.2254,26.9742],[95.2343,26.9457],[95.2316,26.9081],[95.2205,26.8821],[95.2022,26.8667],[95.1974,26.8418],[95.2062,26.8206],[95.2257,26.8063],[95.2353,26.7906],[95.2248,26.7421],[95.2275,26.7238],[95.2463,26.6797],[95.2469,26.6489]]]},"properties":{"name":"Arunachal Pradesh","name_en":"Arunachal Pradesh","name_ja":"アルナーチャル・プラデーシュ州","name_zh":"阿鲁纳恰尔邦","name_ko":"아루나찰프라데시","adm0_a3":"IND","postal":"AR","iso_3166_2":"IN-AR","type_en":"State","region":"Northeast","geonunit":"India"}},
{"type":"Feature","geometry":{"type":"Polygon","coordinates":[[[88.7331,27.149],[88.7384,27.1798],[88.7544,27.2126],[88.7759,27.2409],[88.8012,27.2564],[88.8614,27.2704],[88.8846,27.2863],[88.8923,27.3155],[88.852,27.3424],[88.8308,27.3673],[88.7954,27.3859],[88.7736,27.4085],[88.7598,27.4351],[88.7544,27.4642],[88.7576,27.5114],[88.7416,27.5317],[88.741,27.5457],[88.7674,27.5862],[88.7831,27.622],[88.8057,27.6551],[88.8539,27.8437],[88.8516,27.8772],[88.8428,27.8924],[88.8107,27.9279],[88.8098,27.9445],[88.8197,27.9773],[88.8177,27.9947],[88.7801,28.0283],[88.7356,28.0553],[88.7101,28.062],[88.652,28.0694],[88.6317,28.0834],[88.6105,28.1058],[88.594,28.1066],[88.5528,28.0781],[88.5308,28.059],[88.5172,28.0396],[88.5021,28.0289],[88.4754,28.0362],[88.4558,28.0315],[88.3788,27.9826],[88.1979,27.9583],[88.163,27.9469],[88.1267,27.9504],[88.1157,27.9473],[88.0999,27.9283],[88.0975,27.904],[88.1049,27.8797],[88.1182,27.8609],[88.1564,27.8513],[88.1666,27.8336],[88.1546,27.8152],[88.1597,27.7741],[88.1349,27.7232],[88.1109,27.6395],[88.0488,27.5453],[88.0233,27.4949],[88.0281,27.4551],[88.0398,27.4424],[88.0393,27.4295],[88.0258,27.4121],[88.0148,27.3781],[88.0201,27.3534],[88.0351,27.3226],[88.029,27.2981],[88.0047,27.2492],[88.0232,27.2424],[88.0362,27.2293],[88.0696,27.209],[88.0812,27.1894],[88.0888,27.1517],[88.1182,27.1385],[88.1486,27.1379],[88.1934,27.1435],[88.2331,27.1371],[88.3366,27.099],[88.3485,27.088],[88.3717,27.0846],[88.4036,27.0908],[88.4477,27.1145],[88.518,27.1762],[88.5423,27.1781],[88.6135,27.1681],[88.6645,27.1734],[88.6933,27.1551],[88.7194,27.1462],[88.7331,27.149]]]},"properties":{"name":"Sikkim","name_en":"Sikkim","name_ja":"シッキム州","name_zh":"锡金邦","name_ko":"시킴","adm0_a3":"IND","postal":"SK","iso_3166_2":"IN-SK","type_en":"State","region":"East","geonunit":"India"}},
{"type":"Feature","geometry":{"type":"MultiPolygon","coordinates":[[[[88.7331,27.149],[88.7194,27.1462],[88.6933,27.1551],[88.6645,27.1734],[88.6135,27.1681],[88.5423,27.1781],[88.518,27.1762],[88.4477,27.1145],[88.4036,27.0908],[88.3717,27.0846],[88.3485,27.088],[88.3366,27.099],[88.2331,27.1371],[88.1934,27.1435],[88.1486,27.1379],[88.1182,27.1385],[88.0888,27.1517],[88.0812,27.1894],[88.0696,27.209],[88.0362,27.2293],[88.0232,27.2424],[88.0047,27.2492],[87.9893,27.2184],[87.9855,27.1484],[87.9708,27.1192],[87.9707,27.1027],[87.9913,27.0815],[88.0095,27.0456],[88.0428,27.0289],[88.0769,26.9918],[88.0968,26.9593],[88.1204,26.9089],[88.1428,26.8784],[88.1553,26.8456],[88.159,26.8026],[88.1691,26.744],[88.1634,26.7051],[88.1466,26.6612],[88.1017,26.5819],[88.0871,26.5391],[88.1219,26.5305],[88.1502,26.5353],[88.194,26.5495],[88.2058,26.5397],[88.195,26.5015],[88.2087,26.4887],[88.2374,26.4746],[88.2708,26.4442],[88.2823,26.4284],[88.2578,26.4109],[88.2595,26.3908],[88.2922,26.3765],[88.3037,26.36],[88.2972,26.3362],[88.2637,26.3327],[88.2511,26.3268],[88.2201,26.2995],[88.1805,26.2855],[88.1544,26.2654],[88.1186,26.2265],[88.0798,26.1928],[88.0381,26.1711],[88.0165,26.1509],[87.9794,26.1458],[87.9367,26.099],[87.8673,26.0492],[87.8314,26.0106],[87.8299,25.9866],[87.8171,25.9371],[87.7932,25.9234],[87.7874,25.9117],[87.8054,25.8737],[87.8651,25.8439],[87.8927,25.8042],[87.9105,25.7651],[87.9322,25.7513],[87.9426,25.7353],[88.0051,25.7108],[88.0329,25.6913],[88.0464,25.6689],[88.0568,25.6141],[88.0431,25.5471],[88.0649,25.5199],[88.0674,25.4911],[88.0058,25.5012],[87.9905,25.5077],[87.9887,25.5183],[87.9558,25.5341],[87.9226,25.5144],[87.8782,25.4998],[87.8632,25.4786],[87.8194,25.4574],[87.768,25.4363],[87.767,25.4264],[87.7438,25.4026],[87.7634,25.3887],[87.7748,25.367],[87.7963,25.3681],[87.8137,25.3473],[87.8381,25.2778],[87.8171,25.2467],[87.7837,25.2141],[87.7835,25.2003],[87.7733,25.1845],[87.7687,25.1592],[87.7763,25.1247],[87.7751,25.1033],[87.781,25.0899],[87.7974,25.0837],[87.8441,25.0415],[87.8589,25.0089],[87.8775,24.9389],[87.8819,24.892],[87.8791,24.8787],[87.862,24.8515],[87.8579,24.8005],[87.8412,24.7883],[87.8237,24.7969],[87.811,24.7855],[87.8174,24.7674],[87.8533,24.7584],[87.8748,24.7261],[87.879,24.6944],[87.8954,24.6703],[87.8908,24.6559],[87.8734,24.6443],[87.8738,24.6298],[87.9,24.621],[87.8948,24.6044],[87.8773,24.5887],[87.8492,24.5795],[87.823,24.5814],[87.7929,24.5966],[87.7677,24.6016],[87.7509,24.5933],[87.7598,24.5815],[87.7824,24.5743],[87.7908,24.5625],[87.7871,24.5338],[87.8005,24.5008],[87.7804,24.4718],[87.7753,24.4555],[87.7798,24.4355],[87.7758,24.4193],[87.7338,24.3347],[87.7206,24.3178],[87.6661,24.2802],[87.6315,24.2694],[87.6219,24.2507],[87.6246,24.2229],[87.6459,24.2235],[87.6634,24.2004],[87.6616,24.1862],[87.6361,24.1782],[87.6054,24.1821],[87.5893,24.1708],[87.5868,24.1492],[87.5721,24.1176],[87.5517,24.1138],[87.5173,24.1389],[87.4977,24.1383],[87.4869,24.1241],[87.4926,24.0979],[87.4887,24.0469],[87.4582,24.0198],[87.4466,24.0167],[87.4176,24.0239],[87.3972,24.0234],[87.3381,24.0018],[87.3281,24.0076],[87.3217,24.0427],[87.3016,24.0569],[87.2355,24.0404],[87.2257,24.0273],[87.2515,24.0005],[87.2567,23.9807],[87.2762,23.9661],[87.2851,23.9407],[87.2756,23.9155],[87.2558,23.91],[87.2476,23.8975],[87.2482,23.876],[87.2412,23.8508],[87.2251,23.8463],[87.2054,23.8689],[87.165,23.8785],[87.1447,23.8781],[87.1394,23.8599],[87.1633,23.8378],[87.1703,23.8235],[87.1663,23.8102],[87.1319,23.8031],[87.0797,23.8152],[87.037,23.8391],[87.0156,23.8596],[86.9799,23.8639],[86.959,23.8731],[86.9073,23.9058],[86.8772,23.9131],[86.8646,23.9022],[86.8555,23.879],[86.8272,23.8558],[86.8097,23.8181],[86.8224,23.7769],[86.8179,23.7501],[86.7998,23.7255],[86.764,23.7148],[86.6461,23.6969],[86.5832,23.6774],[86.5424,23.6602],[86.4585,23.6386],[86.4105,23.6166],[86.3799,23.598],[86.3484,23.5679],[86.3425,23.5541],[86.3365,23.5084],[86.3137,23.4846],[86.273,23.4537],[86.2428,23.4436],[86.2143,23.4492],[86.1848,23.4723],[86.1491,23.4866],[86.1342,23.4883],[86.1215,23.5009],[86.1345,23.5589],[86.1291,23.5784],[86.0983,23.5787],[86.0564,23.6025],[86.0247,23.6068],[86.0073,23.5936],[86.0004,23.5795],[86.0144,23.5384],[86.0106,23.5186],[85.9964,23.5115],[85.9425,23.5029],[85.903,23.5027],[85.8495,23.4932],[85.8289,23.4831],[85.8231,23.4539],[85.8472,23.4259],[85.8785,23.4281],[85.8948,23.4165],[85.885,23.3911],[85.8834,23.3679],[85.8748,23.3468],[85.844,23.307],[85.8327,23.2831],[85.8298,23.2608],[85.8391,23.2406],[85.8712,23.2107],[85.8803,23.177],[85.8884,23.1631],[85.9425,23.1803],[85.9826,23.175],[86.0202,23.1526],[86.1425,23.0283],[86.1636,23.0111],[86.1929,23.0077],[86.218,23.0199],[86.2605,23.0198],[86.314,23.0086],[86.4505,23.0042],[86.5031,22.992],[86.5011,22.9793],[86.4415,22.964],[86.4148,22.9435],[86.4103,22.9262],[86.4148,22.9059],[86.4019,22.8729],[86.3948,22.7993],[86.3991,22.785],[86.4523,22.7454],[86.4987,22.7431],[86.5244,22.7294],[86.5869,22.6807],[86.5946,22.6325],[86.6114,22.6043],[86.6396,22.5915],[86.6854,22.5908],[86.7265,22.5716],[86.7494,22.5448],[86.7572,22.5264],[86.7571,22.5058],[86.7218,22.5059],[86.7126,22.5008],[86.7181,22.4694],[86.7298,22.4561],[86.7609,22.4412],[86.7899,22.4156],[86.7959,22.3987],[86.7977,22.3654],[86.8033,22.3484],[86.8484,22.3101],[86.8496,22.2944],[86.8339,22.2883],[86.7803,22.2867],[86.7678,22.2773],[86.7692,22.2574],[86.7619,22.2406],[86.7339,22.2467],[86.6865,22.218],[86.7046,22.1887],[86.7667,22.1677],[86.7816,22.1552],[86.8339,22.1218],[86.8927,22.1166],[86.9438,22.0964],[86.9874,22.0666],[87.0009,22.0452],[87.0047,22.0001],[86.9937,21.9725],[87.005,21.937],[87.0314,21.908],[87.0478,21.9022],[87.0592,21.9072],[87.0691,21.9276],[87.0941,21.9422],[87.113,21.9714],[87.1366,21.9772],[87.1907,21.9562],[87.2068,21.9414],[87.2147,21.9241],[87.2196,21.885],[87.2315,21.8481],[87.252,21.8221],[87.275,21.814],[87.4085,21.7861],[87.4316,21.7616],[87.4275,21.7182],[87.4366,21.6756],[87.4774,21.6136],[87.6213,21.6506],[87.6838,21.6501],[87.7038,21.6555],[87.7557,21.6917],[87.834,21.7293],[87.8672,21.7508],[87.8929,21.7743],[87.8992,21.7948],[87.948,21.8254],[87.9705,21.8365],[87.9837,21.8542],[88.0324,21.9572],[88.0508,21.985],[88.0431,22.0173],[88.0847,22.0207],[88.1112,22.0349],[88.1406,22.0601],[88.1643,22.0898],[88.1735,22.1169],[88.161,22.1566],[88.1326,22.1791],[88.0955,22.1912],[88.0574,22.1989],[88.0085,22.2049],[87.992,22.2159],[87.9653,22.2448],[87.9475,22.2777],[87.9358,22.3552],[87.9229,22.3978],[87.9066,22.4248],[87.928,22.4242],[87.9404,22.413],[87.9461,22.3949],[87.9507,22.3562],[87.9642,22.3193],[87.9727,22.2832],[88.009,22.2404],[88.027,22.2279],[88.0435,22.2248],[88.0773,22.2404],[88.0813,22.2174],[88.1184,22.2002],[88.1653,22.185],[88.198,22.1678],[88.2127,22.1],[88.2224,22.0779],[88.2068,22.0534],[88.1643,22.0031],[88.1499,21.9764],[88.1467,21.9592],[88.1594,21.9062],[88.1541,21.8881],[88.2038,21.8054],[88.2097,21.7886],[88.2014,21.7743],[88.2105,21.7473],[88.2035,21.7244],[88.1809,21.685],[88.1895,21.6418],[88.2083,21.603],[88.2244,21.613],[88.2375,21.6017],[88.2493,21.5583],[88.279,21.5552],[88.3058,21.5717],[88.3006,21.5893],[88.2876,21.6003],[88.2842,21.6212],[88.297,21.6539],[88.2954,21.6766],[88.2642,21.7753],[88.2616,21.7987],[88.2731,21.7979],[88.2898,21.7802],[88.302,21.7452],[88.3045,21.6335],[88.3097,21.6102],[88.3218,21.6057],[88.3355,21.6158],[88.3455,21.6365],[88.3495,21.661],[88.3274,21.6911],[88.3312,21.7191],[88.3462,21.6886],[88.3557,21.685],[88.3926,21.6986],[88.3828,21.6713],[88.3836,21.6314],[88.3931,21.6002],[88.4097,21.5993],[88.4261,21.611],[88.4563,21.624],[88.4683,21.6439],[88.4722,21.6633],[88.4548,21.7054],[88.4522,21.7228],[88.4577,21.7589],[88.4683,21.7772],[88.4745,21.801],[88.4935,21.8052],[88.492,21.8371],[88.4771,21.8718],[88.4745,21.8903],[88.4812,21.9099],[88.4998,21.9337],[88.4956,21.9518],[88.515,21.9372],[88.5147,21.9162],[88.4956,21.8767],[88.5159,21.8508],[88.531,21.8241],[88.5329,21.7953],[88.5127,21.7634],[88.5049,21.7415],[88.5095,21.7123],[88.5296,21.6576],[88.5188,21.6391],[88.514,21.6008],[88.4956,21.5819],[88.488,21.5565],[88.4939,21.5348],[88.513,21.5246],[88.544,21.5341],[88.5296,21.5534],[88.5365,21.5751],[88.5448,21.562],[88.5723,21.5579],[88.5781,21.5717],[88.5781,21.6234],[88.5951,21.6121],[88.5996,21.6373],[88.5918,21.7054],[88.6126,21.6975],[88.6234,21.7103],[88.6328,21.7501],[88.624,21.778],[88.6042,21.7788],[88.5646,21.7668],[88.5646,21.8323],[88.5671,21.8508],[88.5984,21.9293],[88.5986,21.9903],[88.6025,22.0064],[88.6204,22.03],[88.626,22.048],[88.6183,22.103],[88.6309,22.1258],[88.6349,22.145],[88.6497,22.1691],[88.6602,22.205],[88.6799,22.2044],[88.6831,22.185],[88.674,22.1621],[88.657,22.1511],[88.6395,22.1095],[88.6535,22.018],[88.6317,21.9798],[88.626,21.9555],[88.6426,21.9409],[88.667,21.945],[88.6787,21.9367],[88.69,21.946],[88.7017,21.976],[88.7233,22.0131],[88.7307,22.0372],[88.7185,22.048],[88.6995,22.0532],[88.6948,22.0815],[88.7122,22.109],[88.7439,22.1293],[88.763,22.1306],[88.7302,22.1036],[88.7085,22.0722],[88.7171,22.0581],[88.7546,22.0376],[88.763,22.0173],[88.7583,21.9995],[88.7222,21.9661],[88.717,21.952],[88.7147,21.8979],[88.6945,21.8398],[88.7036,21.8106],[88.6849,21.6972],[88.688,21.6781],[88.7222,21.6092],[88.7075,21.5783],[88.7279,21.5599],[88.7625,21.5559],[88.7905,21.5683],[88.7966,21.5844],[88.7817,21.6142],[88.7791,21.6512],[88.8005,21.6619],[88.8109,21.6917],[88.8184,21.6576],[88.7979,21.6402],[88.8058,21.6229],[88.824,21.6173],[88.8442,21.6222],[88.8587,21.6365],[88.8599,21.6526],[88.8429,21.6841],[88.8382,21.702],[88.8557,21.7488],[88.8587,21.7668],[88.8721,21.749],[88.8816,21.672],[88.897,21.6501],[88.9338,21.6439],[88.9758,21.6159],[89.0003,21.6034],[89.0198,21.6061],[89.0339,21.6332],[89.0388,21.6195],[89.0642,21.6092],[89.0827,21.6173],[89.0882,21.6337],[89.0852,21.6747],[89.0679,21.7091],[89.0437,21.7333],[89.0309,21.7705],[89.0159,21.8533],[88.9959,21.8842],[88.9683,21.9047],[88.9241,21.9263],[88.9108,21.9465],[88.905,21.9694],[88.9139,21.9866],[88.9287,21.9866],[88.9378,21.9487],[89.0095,21.9046],[89.0081,21.9206],[89.0231,21.9311],[89.0369,21.9251],[89.0609,21.9385],[89.0656,21.9671],[89.0574,22.0312],[89.04,22.0695],[89.0369,22.0856],[89.0486,22.123],[89.0437,22.1374],[89.0607,22.1305],[89.0782,22.1508],[89.0762,22.175],[89.0623,22.2116],[89.0186,22.2647],[89.0091,22.2856],[89.0235,22.2948],[89.0015,22.3337],[88.9896,22.3869],[88.9922,22.407],[89.0025,22.428],[88.9984,22.4512],[88.98,22.4909],[88.971,22.5279],[88.959,22.5368],[88.928,22.5481],[88.9503,22.562],[88.9564,22.585],[88.952,22.6119],[88.93,22.6586],[88.9225,22.6937],[88.9106,22.7226],[88.9081,22.7408],[88.9369,22.7823],[88.9451,22.8151],[88.9445,22.848],[88.9331,22.8581],[88.9051,22.8664],[88.8935,22.8796],[88.8722,22.9268],[88.8428,22.9646],[88.8394,22.9954],[88.8487,23.0238],[88.8513,23.0751],[88.8648,23.1003],[88.9191,23.1539],[88.9547,23.1838],[88.9542,23.2074],[88.927,23.2065],[88.8396,23.2348],[88.8095,23.2361],[88.7862,23.2215],[88.7757,23.2216],[88.71,23.2412],[88.6966,23.2524],[88.6866,23.2716],[88.6859,23.2933],[88.695,23.3126],[88.7193,23.3483],[88.7679,23.4673],[88.7702,23.4888],[88.7568,23.4988],[88.7319,23.4726],[88.7194,23.4681],[88.7046,23.4952],[88.6645,23.5183],[88.6476,23.5351],[88.6242,23.5739],[88.6092,23.5888],[88.5815,23.5883],[88.5617,23.602],[88.5664,23.6287],[88.5416,23.6388],[88.5401,23.65],[88.5612,23.741],[88.5525,23.7654],[88.5577,23.7857],[88.5775,23.8185],[88.5744,23.8456],[88.5936,23.8669],[88.6339,23.8661],[88.6531,23.8698],[88.7044,23.9137],[88.7142,23.9252],[88.7144,23.9644],[88.7016,23.9953],[88.7255,24.0289],[88.725,24.0384],[88.7009,24.0437],[88.6978,24.0563],[88.679,24.0712],[88.6741,24.0826],[88.683,24.1243],[88.6781,24.1543],[88.6938,24.1753],[88.7316,24.1898],[88.7498,24.2233],[88.7375,24.2871],[88.7146,24.3154],[88.6818,24.3339],[88.6601,24.3383],[88.6345,24.2941],[88.6125,24.2929],[88.5631,24.3082],[88.4984,24.311],[88.4754,24.3155],[88.4013,24.3694],[88.1388,24.4953],[88.11,24.501],[88.085,24.5417],[88.085,24.5939],[88.0673,24.6137],[88.0572,24.6341],[88.0218,24.6456],[88.0272,24.6757],[88.0485,24.7112],[88.0532,24.755],[88.077,24.7612],[88.084,24.7705],[88.0882,24.7961],[88.1078,24.8011],[88.1174,24.8193],[88.141,24.8446],[88.1381,24.8635],[88.1149,24.9164],[88.1645,24.9411],[88.183,24.947],[88.2025,24.9453],[88.2188,24.9351],[88.2419,24.8988],[88.2428,24.8806],[88.3136,24.8683],[88.3228,24.8747],[88.3409,24.9041],[88.3757,24.9456],[88.3879,24.9688],[88.391,24.9951],[88.4141,25.0215],[88.4258,25.0511],[88.4342,25.1167],[88.4315,25.173],[88.4413,25.1897],[88.4754,25.1951],[88.5594,25.1708],[88.5777,25.1775],[88.5991,25.1931],[88.6343,25.1923],[88.6646,25.1869],[88.7245,25.1665],[88.7842,25.1609],[88.8025,25.1881],[88.8171,25.1968],[88.8986,25.1693],[88.9242,25.1679],[88.9096,25.1892],[88.9279,25.1927],[88.9291,25.2294],[88.9378,25.2402],[88.9753,25.2652],[88.9849,25.285],[88.9753,25.3026],[88.9265,25.3005],[88.9029,25.3034],[88.8802,25.3235],[88.849,25.3272],[88.8183,25.3596],[88.8104,25.3884],[88.7993,25.4017],[88.8163,25.4372],[88.8149,25.4586],[88.8058,25.4717],[88.7723,25.502],[88.742,25.5128],[88.7426,25.4952],[88.7062,25.4917],[88.6781,25.4659],[88.6454,25.4673],[88.5936,25.4951],[88.5303,25.5002],[88.5128,25.5237],[88.4856,25.5426],[88.4754,25.5626],[88.4378,25.5798],[88.4238,25.5922],[88.4194,25.6538],[88.393,25.6808],[88.3203,25.7253],[88.2599,25.789],[88.2275,25.8043],[88.1827,25.7924],[88.1464,25.7757],[88.1277,25.7749],[88.1149,25.7873],[88.1033,25.8148],[88.0876,25.831],[88.089,25.8487],[88.082,25.8638],[88.0744,25.9081],[88.088,25.9232],[88.1065,25.98],[88.1259,26.0134],[88.151,26.0313],[88.1564,26.0614],[88.1399,26.0853],[88.1556,26.1285],[88.1638,26.1405],[88.1969,26.1596],[88.2189,26.1802],[88.3087,26.2061],[88.3263,26.2159],[88.3345,26.2308],[88.3329,26.2672],[88.3366,26.2818],[88.3668,26.3134],[88.4138,26.3402],[88.4317,26.3622],[88.4486,26.3534],[88.4976,26.3527],[88.4955,26.3781],[88.4754,26.432],[88.4611,26.4539],[88.4346,26.4652],[88.3769,26.4753],[88.3536,26.4846],[88.343,26.4772],[88.3356,26.4482],[88.3225,26.4518],[88.3139,26.4815],[88.3324,26.5147],[88.3528,26.5787],[88.3725,26.6116],[88.3853,26.6235],[88.3944,26.618],[88.3979,26.5587],[88.411,26.5451],[88.4624,26.5288],[88.5068,26.4876],[88.5498,26.4667],[88.5912,26.4612],[88.6115,26.4308],[88.633,26.4201],[88.6563,26.4151],[88.6522,26.3915],[88.6685,26.3857],[88.6734,26.3607],[88.7097,26.3406],[88.7122,26.3283],[88.703,26.3097],[88.6458,26.276],[88.6634,26.2644],[88.7479,26.2925],[88.784,26.2799],[88.808,26.2334],[88.8248,26.2266],[88.8407,26.232],[88.8556,26.2651],[88.8758,26.2774],[88.9027,26.2729],[88.9468,26.2329],[88.9753,26.2243],[89.0195,26.2345],[89.0397,26.2472],[89.0343,26.2658],[89.0044,26.2757],[89.008,26.2972],[88.9897,26.2894],[88.9753,26.2999],[88.966,26.3285],[88.9124,26.3489],[88.8919,26.3688],[88.8912,26.3858],[88.8995,26.4045],[88.9246,26.4321],[88.9502,26.4369],[88.9865,26.4127],[89.0109,26.3902],[89.0437,26.3811],[89.0573,26.3626],[89.0552,26.347],[89.0957,26.3345],[89.1035,26.3137],[89.0948,26.3095],[89.0689,26.3143],[89.0694,26.2874],[89.0759,26.2711],[89.1034,26.2252],[89.1117,26.1645],[89.1316,26.1338],[89.1978,26.1077],[89.2231,26.0866],[89.2376,26.0581],[89.273,26.0435],[89.2969,26.0182],[89.3353,25.9986],[89.3515,25.9969],[89.3797,26.0153],[89.3914,26.0155],[89.4066,25.9951],[89.4806,25.9992],[89.4953,25.9951],[89.5182,25.9621],[89.5417,25.9597],[89.5491,25.9689],[89.5507,25.9951],[89.5592,26.0222],[89.6029,26.0553],[89.6114,26.0722],[89.6039,26.0847],[89.5769,26.0826],[89.5669,26.099],[89.6042,26.1207],[89.5694,26.1301],[89.5628,26.1426],[89.5734,26.1607],[89.5868,26.1692],[89.6144,26.1642],[89.6085,26.1807],[89.6064,26.211],[89.6349,26.2258],[89.653,26.2227],[89.6578,26.1872],[89.6871,26.193],[89.7273,26.2062],[89.7388,26.2185],[89.7326,26.2506],[89.7588,26.2632],[89.7815,26.3087],[89.8289,26.3279],[89.8151,26.3479],[89.8152,26.361],[89.8434,26.3822],[89.8536,26.4518],[89.8734,26.5104],[89.8885,26.5329],[89.879,26.637],[89.854,26.7094],[89.8587,26.7221],[89.839,26.7312],[89.8297,26.7276],[89.8173,26.6962],[89.8001,26.7005],[89.7387,26.7033],[89.6852,26.7246],[89.6632,26.7255],[89.6283,26.7125],[89.6098,26.7122],[89.5975,26.721],[89.6135,26.7485],[89.6114,26.766],[89.5861,26.7841],[89.5465,26.7975],[89.5054,26.8037],[89.4429,26.797],[89.4073,26.8134],[89.3417,26.8543],[89.3002,26.8444],[89.2736,26.8439],[89.2408,26.8198],[89.1846,26.8106],[89.1281,26.8135],[89.0965,26.8214],[89.0824,26.836],[89.0607,26.8815],[89.0216,26.9127],[88.9966,26.9228],[88.9753,26.9217],[88.9545,26.9126],[88.9323,26.9192],[88.9253,26.9294],[88.9245,26.9617],[88.9066,26.9811],[88.8864,26.979],[88.8517,26.9454],[88.8456,26.9948],[88.8456,27.0496],[88.8408,27.0752],[88.8276,27.0979],[88.8053,27.113],[88.7331,27.149]]],[[[88.8729,21.5955],[88.8413,21.614],[88.8308,21.5774],[88.8387,21.5319],[88.8625,21.5236],[88.8797,21.53],[88.908,21.5307],[88.9139,21.5484],[88.9113,21.5669],[88.902,21.5803],[88.8729,21.5955]]],[[[88.0505,21.7054],[88.0431,21.6576],[88.0518,21.6416],[88.0635,21.6367],[88.0916,21.6365],[88.1301,21.6259],[88.146,21.6437],[88.1326,21.685],[88.1634,21.7055],[88.167,21.7654],[88.1467,21.8699],[88.1193,21.8595],[88.09,21.8087],[88.0505,21.7054]]],[[[88.6362,21.9214],[88.6165,21.8979],[88.5863,21.843],[88.585,21.8266],[88.5918,21.8044],[88.6463,21.7879],[88.6492,21.8424],[88.6706,21.9074],[88.6633,21.9213],[88.6502,21.9274],[88.6362,21.9214]]],[[[88.0809,21.8494],[88.105,21.8612],[88.125,21.8887],[88.1326,21.9205],[88.1189,21.945],[88.1057,21.9476],[88.0942,21.9379],[88.0773,21.9046],[88.0711,21.8736],[88.0723,21.8568],[88.0809,21.8494]]]]},"properties":{"name":"West Bengal","name_en":"West Bengal","name_ja":"西ベンガル州","name_zh":"西孟加拉邦","name_ko":"서벵골","adm0_a3":"IND","postal":"WB","iso_3166_2":"IN-WB","type_en":"State","region":"East","geonunit":"India"}},
{"type":"Feature","geometry":{"type":"Polygon","coordinates":[[[89.8587,26.7221],[89.854,26.7094],[89.879,26.637],[89.8885,26.5329],[89.8734,26.5104],[89.8536,26.4518],[89.8434,26.3822],[89.8152,26.361],[89.8151,26.3479],[89.8289,26.3279],[89.7815,26.3087],[89.7588,26.2632],[89.7326,26.2506],[89.7388,26.2185],[89.7273,26.2062],[89.6871,26.193],[89.6578,26.1872],[89.6582,26.1592],[89.6777,26.1531],[89.7065,26.1542],[89.7185,26.1455],[89.7288,26.1142],[89.7498,26.0839],[89.7502,26.0416],[89.7894,25.988],[89.8141,25.9961],[89.8287,25.9794],[89.8256,25.9657],[89.792,25.9491],[89.8344,25.9318],[89.8301,25.908],[89.787,25.8391],[89.7831,25.8144],[89.8015,25.7247],[89.8242,25.6741],[89.8344,25.6348],[89.8251,25.5645],[89.8232,25.4891],[89.8086,25.4395],[89.8755,25.4604],[89.8888,25.4733],[89.8963,25.4987],[89.8973,25.5414],[89.9034,25.5535],[89.9198,25.5605],[89.9665,25.5615],[89.9922,25.5743],[90.0021,25.5868],[90.0005,25.6093],[89.9666,25.6386],[89.9492,25.6658],[89.9423,25.6915],[89.9446,25.7258],[89.9709,25.7706],[89.9742,25.8016],[89.9898,25.8253],[90.0202,25.8524],[90.0322,25.8755],[90.0567,25.8997],[90.0896,25.9208],[90.1197,25.9527],[90.1356,25.9598],[90.2168,25.9743],[90.28,25.9753],[90.3239,25.9848],[90.3737,26.0144],[90.3971,26.0171],[90.446,26.0111],[90.4845,26.0119],[90.5152,26.0001],[90.5453,25.9807],[90.5517,25.9613],[90.5329,25.9214],[90.5384,25.9113],[90.5933,25.9487],[90.6041,25.9661],[90.6177,25.9698],[90.631,25.9567],[90.6336,25.9391],[90.6443,25.9315],[90.6918,25.9496],[90.7529,25.9621],[90.7666,25.9597],[90.7697,25.9359],[90.7781,25.9251],[90.8145,25.9436],[90.8684,25.9516],[90.9246,25.9417],[90.9745,25.9436],[90.9937,25.9179],[91.0144,25.9157],[91.029,25.8993],[91.0299,25.8744],[91.0237,25.8471],[91.0313,25.8357],[91.0609,25.8517],[91.073,25.8398],[91.0968,25.8399],[91.1789,25.8696],[91.1959,25.8689],[91.1987,25.857],[91.1939,25.8138],[91.1993,25.7606],[91.2081,25.7362],[91.2221,25.7307],[91.251,25.7376],[91.2691,25.7516],[91.3144,25.7987],[91.3291,25.8212],[91.3606,25.8433],[91.4163,25.8588],[91.4735,25.8618],[91.5274,25.8881],[91.5274,25.9016],[91.5029,25.8851],[91.4753,25.8848],[91.4747,25.8962],[91.5026,25.9187],[91.5227,25.9516],[91.558,25.9848],[91.5823,26.0269],[91.6062,26.0377],[91.6261,26.0338],[91.6449,26.0157],[91.6459,26.0016],[91.6297,25.9484],[91.6413,25.9328],[91.6725,25.9312],[91.6938,25.9414],[91.7182,25.9677],[91.735,26.0005],[91.7411,26.0298],[91.7519,26.0481],[91.7929,26.0826],[91.8253,26.0893],[91.8488,26.079],[91.8909,26.0437],[91.9225,26.0382],[91.9543,26.0427],[92.0207,26.0588],[92.0541,26.0568],[92.118,26.0721],[92.1641,26.0884],[92.2552,26.0852],[92.2704,26.0732],[92.2615,26.0554],[92.184,25.993],[92.1757,25.9798],[92.1747,25.9591],[92.1872,25.9428],[92.2078,25.9393],[92.2147,25.9195],[92.1979,25.885],[92.184,25.847],[92.1655,25.8092],[92.1735,25.7724],[92.1675,25.7],[92.1784,25.6847],[92.2047,25.7038],[92.2277,25.7138],[92.2668,25.7233],[92.3165,25.7273],[92.354,25.7529],[92.3824,25.7643],[92.4136,25.7518],[92.4331,25.7294],[92.4769,25.6999],[92.5214,25.6616],[92.5934,25.5867],[92.604,25.5843],[92.6558,25.6115],[92.6701,25.613],[92.6836,25.5964],[92.6576,25.5666],[92.6364,25.5348],[92.6101,25.512],[92.5883,25.4988],[92.5877,25.4852],[92.6132,25.4753],[92.6368,25.4474],[92.6704,25.4391],[92.7018,25.4255],[92.7423,25.392],[92.7644,25.3673],[92.7896,25.3489],[92.7983,25.3273],[92.7863,25.2922],[92.7941,25.258],[92.8108,25.2402],[92.8055,25.2277],[92.6804,25.1879],[92.6492,25.1554],[92.6019,25.149],[92.5649,25.1524],[92.5575,25.1279],[92.5338,25.125],[92.5101,25.1129],[92.489,25.0939],[92.4538,25.0701],[92.3849,25.0048],[92.387,24.9951],[92.4125,24.9841],[92.4581,24.9533],[92.4498,24.9464],[92.4838,24.9282],[92.4945,24.8949],[92.4777,24.8639],[92.442,24.8554],[92.3807,24.8367],[92.3636,24.841],[92.3583,24.8537],[92.2904,24.8913],[92.2522,24.903],[92.223,24.8914],[92.2177,24.8746],[92.235,24.8248],[92.2338,24.7775],[92.1829,24.6473],[92.1636,24.5592],[92.15,24.5422],[92.2217,24.5004],[92.2344,24.4794],[92.2347,24.4482],[92.2395,24.4289],[92.2578,24.396],[92.2608,24.367],[92.2543,24.3371],[92.2202,24.2643],[92.231,24.248],[92.2985,24.2377],[92.3689,24.2416],[92.4162,24.2395],[92.4288,24.2295],[92.4149,24.1957],[92.4313,24.153],[92.4533,24.1323],[92.4719,24.1278],[92.4895,24.1325],[92.5248,24.1656],[92.5573,24.1914],[92.5885,24.2213],[92.6245,24.2385],[92.6226,24.2807],[92.6309,24.2951],[92.7012,24.3619],[92.7463,24.4711],[92.7652,24.4813],[92.7838,24.4616],[92.8287,24.3773],[92.8373,24.3676],[92.8634,24.3656],[92.9302,24.3916],[92.9441,24.3853],[92.9919,24.3807],[93.0184,24.3991],[93.0118,24.4128],[93.0367,24.4146],[93.0457,24.4445],[93.0527,24.5227],[93.0645,24.5589],[93.1006,24.577],[93.08,24.6244],[93.1063,24.6719],[93.0912,24.6827],[93.0871,24.707],[93.1032,24.7432],[93.1119,24.7805],[93.124,24.8098],[93.1398,24.8214],[93.1564,24.8228],[93.1738,24.8106],[93.1892,24.8108],[93.2035,24.824],[93.2072,24.8476],[93.227,24.8802],[93.2534,24.9147],[93.2403,24.9397],[93.2418,24.9493],[93.2651,24.9584],[93.2763,24.9801],[93.2601,25.0088],[93.2604,25.0294],[93.2814,25.0565],[93.3121,25.0658],[93.3208,25.0873],[93.3459,25.1244],[93.3657,25.1777],[93.3943,25.235],[93.4229,25.2766],[93.4492,25.3021],[93.4557,25.3226],[93.4585,25.3807],[93.4437,25.4217],[93.4278,25.4425],[93.3963,25.4614],[93.3846,25.4809],[93.3679,25.4966],[93.3359,25.538],[93.3459,25.557],[93.379,25.5809],[93.4191,25.617],[93.4773,25.6531],[93.5243,25.6893],[93.5808,25.7631],[93.5997,25.7805],[93.6967,25.8555],[93.7089,25.8701],[93.6869,25.895],[93.6779,25.9194],[93.6974,25.9334],[93.725,25.9433],[93.7521,25.9591],[93.7689,25.9607],[93.7964,25.9516],[93.8041,25.9427],[93.8101,25.9036],[93.8029,25.881],[93.7788,25.8545],[93.7791,25.831],[93.8058,25.8341],[93.8359,25.8451],[93.9042,25.8568],[93.9348,25.8741],[93.9478,25.8862],[93.9892,25.9462],[93.9717,25.9849],[93.9697,26.027],[93.9734,26.0404],[94.0027,26.0768],[94.0102,26.1313],[94.0017,26.1649],[94.0077,26.1844],[94.1029,26.3036],[94.1346,26.3337],[94.1605,26.3512],[94.1774,26.3724],[94.1839,26.3956],[94.1892,26.4475],[94.2072,26.4837],[94.2474,26.5233],[94.2696,26.5547],[94.291,26.5429],[94.2988,26.4995],[94.3083,26.4854],[94.3279,26.4819],[94.3582,26.4984],[94.3965,26.5344],[94.4206,26.5675],[94.422,26.604],[94.4287,26.6169],[94.4866,26.6767],[94.5206,26.6799],[94.5492,26.7019],[94.5872,26.6999],[94.6905,26.741],[94.7654,26.788],[94.7989,26.8144],[94.8326,26.8573],[94.861,26.9019],[94.9171,26.9512],[94.931,26.9484],[94.9662,26.9271],[94.9985,26.9233],[95.0312,26.9335],[95.1486,27.0001],[95.1764,27.0332],[95.1997,27.0468],[95.2384,27.0428],[95.2612,27.0489],[95.3569,27.1151],[95.386,27.1287],[95.4238,27.1413],[95.4482,27.1591],[95.4733,27.1948],[95.4832,27.2305],[95.4934,27.25],[95.5111,27.262],[95.5459,27.2739],[95.5754,27.2646],[95.6224,27.233],[95.6438,27.2303],[95.7996,27.2859],[95.8456,27.2828],[95.8707,27.287],[95.9037,27.2761],[95.9143,27.2823],[95.9316,27.3077],[95.9592,27.3163],[95.9722,27.3433],[96.0072,27.3651],[96.0118,27.4047],[96.0041,27.4229],[95.9783,27.4497],[95.9461,27.4489],[95.9322,27.4413],[95.8932,27.3997],[95.8848,27.4097],[95.8904,27.4387],[95.8796,27.4626],[95.8958,27.4975],[95.8868,27.557],[95.8716,27.5764],[95.8475,27.5873],[95.8043,27.6194],[95.7951,27.637],[95.788,27.6957],[95.7759,27.7173],[95.7874,27.7417],[95.8134,27.7744],[95.9007,27.8654],[95.9382,27.9191],[95.9515,27.9479],[95.9727,27.9816],[95.9641,27.9933],[95.7168,27.9902],[95.6723,27.978],[95.5884,27.9307],[95.5436,27.9021],[95.493,27.8857],[95.4084,27.8708],[95.3826,27.8704],[95.3409,27.8812],[95.3132,27.8958],[95.2941,27.8924],[95.247,27.8662],[94.9481,27.7695],[94.7985,27.7012],[94.7224,27.6869],[94.6628,27.6687],[94.6071,27.6465],[94.5566,27.6144],[94.5259,27.6039],[94.4999,27.6057],[94.4746,27.5939],[94.4492,27.6162],[94.3529,27.5931],[94.3235,27.6068],[94.2891,27.6152],[94.266,27.6393],[94.2431,27.648],[94.219,27.6266],[94.2123,27.6126],[94.2172,27.5968],[94.2498,27.565],[94.2569,27.5481],[94.2431,27.526],[94.0663,27.3858],[94.0285,27.3625],[93.9825,27.3277],[93.8466,27.1989],[93.8271,27.1671],[93.8258,27.1415],[93.8349,27.1139],[93.8266,27.096],[93.7965,27.0806],[93.7597,27.0556],[93.7181,27.0199],[93.6947,27.0059],[93.632,26.9834],[93.6021,26.9772],[93.5464,26.9729],[93.525,26.9681],[93.4798,26.9492],[93.4607,26.9472],[93.4191,26.9773],[93.4003,26.9855],[93.375,26.9888],[93.0203,26.953],[92.9646,26.9657],[92.945,26.9786],[92.9362,27.0015],[92.9026,27.0184],[92.8148,27.0508],[92.7405,27.0626],[92.6988,27.0659],[92.6788,27.0611],[92.6262,27.0181],[92.6057,27.0094],[92.5474,26.9994],[92.4755,26.9768],[92.3657,26.95],[92.3289,26.9357],[92.2786,26.9324],[92.2103,26.9123],[92.0804,26.9216],[92.0728,26.8878],[92.0359,26.8548],[91.9751,26.8466],[91.9574,26.8543],[91.9257,26.8787],[91.9082,26.8852],[91.8931,26.8814],[91.8955,26.8535],[91.874,26.8443],[91.8859,26.8309],[91.8869,26.8144],[91.8787,26.803],[91.8631,26.8048],[91.8524,26.8185],[91.8439,26.8494],[91.8251,26.8585],[91.7953,26.8535],[91.7316,26.8162],[91.7021,26.8035],[91.638,26.799],[91.5937,26.8108],[91.5756,26.8101],[91.5394,26.7988],[91.5206,26.7976],[91.5074,26.808],[91.4751,26.8655],[91.4606,26.8694],[91.4063,26.8695],[91.3885,26.8585],[91.3584,26.8062],[91.3301,26.7855],[91.2966,26.7746],[91.276,26.7741],[91.2325,26.7952],[91.1982,26.8023],[91.1271,26.8009],[91.0621,26.8046],[91.0074,26.7821],[90.7171,26.767],[90.5878,26.7801],[90.4752,26.8324],[90.3826,26.8918],[90.3488,26.8967],[90.3286,26.8907],[90.2844,26.8571],[90.266,26.8516],[90.2109,26.8515],[90.1774,26.8321],[90.1522,26.7718],[90.1272,26.7514],[90.0892,26.7417],[89.9753,26.7319],[89.9121,26.7167],[89.8904,26.7149],[89.8587,26.7221]]]},"properties":{"name":"Assam","name_en":"Assam","name_ja":"アッサム州","name_zh":"阿萨姆邦","name_ko":"아삼","adm0_a3":"IND","postal":"AS","iso_3166_2":"IN-AS","type_en":"State","region":"Northeast","geonunit":"India"}},
{"type":"Feature","geometry":{"type":"Polygon","coordinates":[[[80.0731,28.8209],[80.0548,28.8242],[80.0364,28.837],[80.0303,28.8777],[80.0339,28.9159],[80.0529,28.9491],[80.0994,28.9773],[80.1079,28.9946],[80.1047,29.0276],[80.1131,29.0722],[80.1326,29.1102],[80.1635,29.1234],[80.2014,29.1212],[80.2207,29.1261],[80.2331,29.1393],[80.2305,29.1547],[80.2137,29.1966],[80.2188,29.2111],[80.2361,29.2131],[80.2582,29.2025],[80.2787,29.2681],[80.2801,29.3102],[80.255,29.3166],[80.2495,29.327],[80.2422,29.3674],[80.2137,29.4169],[80.2177,29.4346],[80.2575,29.4501],[80.2662,29.4721],[80.3115,29.5081],[80.3272,29.5248],[80.3272,29.5486],[80.3508,29.5621],[80.3733,29.5842],[80.3852,29.6048],[80.3868,29.6268],[80.3544,29.7049],[80.3543,29.7303],[80.369,29.7579],[80.3952,29.7766],[80.4549,29.7906],[80.4762,29.8061],[80.5273,29.8624],[80.5495,29.8937],[80.5713,29.9469],[80.5862,29.9541],[80.6223,29.9582],[80.6541,29.9706],[80.6802,29.9921],[80.7257,30.0228],[80.7557,30.0646],[80.7697,30.0773],[80.8298,30.1171],[80.8497,30.1434],[80.8364,30.17],[80.8679,30.2002],[80.8839,30.2104],[80.9033,30.1804],[80.9208,30.1767],[80.9882,30.1966],[81.0033,30.2127],[80.976,30.2552],[80.9438,30.2701],[80.867,30.2885],[80.7817,30.321],[80.755,30.3458],[80.7231,30.392],[80.6947,30.4117],[80.5964,30.4598],[80.5753,30.4663],[80.5251,30.4586],[80.5083,30.4623],[80.4754,30.4805],[80.425,30.4978],[80.3259,30.5465],[80.2528,30.565],[80.2162,30.5668],[80.1798,30.5595],[80.2033,30.6064],[80.1999,30.6259],[80.1669,30.6619],[80.1729,30.6792],[80.207,30.6861],[80.2314,30.7249],[80.2246,30.7341],[80.1961,30.7481],[80.1693,30.7853],[80.1407,30.7932],[80.0922,30.7745],[80.0625,30.7848],[80.0286,30.8308],[80.0056,30.8473],[79.9349,30.8725],[79.9032,30.8902],[79.8804,30.9128],[79.8629,30.9415],[79.8335,30.9615],[79.7606,30.9772],[79.739,30.9792],[79.6885,30.9674],[79.6303,30.9625],[79.5895,30.9402],[79.5778,30.9384],[79.5296,30.9536],[79.4976,30.9812],[79.4764,31.014],[79.4463,31.0238],[79.4144,31.0204],[79.4016,31.0236],[79.3884,31.0695],[79.3723,31.0941],[79.367,31.1116],[79.3194,31.1423],[79.3022,31.1635],[79.2981,31.2032],[79.2783,31.24],[79.2529,31.2454],[79.2484,31.2567],[79.262,31.2785],[79.2541,31.299],[79.2392,31.3117],[79.2383,31.3297],[79.2076,31.3514],[79.1792,31.3938],[79.1314,31.4384],[79.078,31.4617],[79.0702,31.4614],[79.0499,31.423],[79.0155,31.3834],[78.9888,31.3433],[78.9596,31.3251],[78.9403,31.3016],[78.921,31.2697],[78.8926,31.2818],[78.9363,31.2404],[78.9933,31.1634],[78.9932,31.1308],[78.9615,31.1218],[78.9332,31.1185],[78.8695,31.122],[78.8463,31.1352],[78.8197,31.1643],[78.7927,31.207],[78.7226,31.2138],[78.6516,31.2154],[78.6052,31.23],[78.5817,31.2311],[78.501,31.2196],[78.4737,31.2319],[78.4427,31.262],[78.425,31.2702],[78.4017,31.2681],[78.3687,31.29],[78.313,31.2945],[78.2842,31.2903],[78.2345,31.2612],[78.1862,31.2481],[78.1172,31.2142],[78.0708,31.1852],[78.0397,31.1722],[78.0089,31.1691],[77.9637,31.1761],[77.9411,31.1729],[77.8978,31.138],[77.8659,31.1028],[77.806,31.0505],[77.796,31.0314],[77.8082,31.004],[77.7932,30.9841],[77.7755,30.9802],[77.7565,30.9854],[77.7501,30.969],[77.7622,30.95],[77.7891,30.9306],[77.7934,30.8957],[77.7872,30.8738],[77.7519,30.8831],[77.7417,30.8697],[77.7291,30.8364],[77.7058,30.7915],[77.707,30.7594],[77.7349,30.7359],[77.7443,30.6854],[77.7647,30.6608],[77.7708,30.6351],[77.7633,30.6165],[77.7433,30.6006],[77.7736,30.5576],[77.8089,30.552],[77.813,30.5211],[77.8018,30.5084],[77.7685,30.4982],[77.6886,30.4552],[77.665,30.446],[77.5978,30.437],[77.5759,30.4287],[77.5653,30.4149],[77.5851,30.3829],[77.619,30.402],[77.6615,30.3949],[77.7506,30.3256],[77.8116,30.2923],[77.9289,30.2443],[77.9461,30.2283],[77.9399,30.2151],[77.9205,30.1987],[77.8692,30.1658],[77.835,30.1314],[77.7906,30.0395],[77.7464,29.9773],[77.7431,29.96],[77.7482,29.9199],[77.747,29.878],[77.7677,29.8194],[77.7764,29.7675],[77.7838,29.7418],[77.8315,29.6599],[77.923,29.701],[77.9537,29.7232],[77.9828,29.7188],[78.04,29.6882],[78.0761,29.6641],[78.1072,29.6545],[78.155,29.675],[78.1891,29.7067],[78.1978,29.7482],[78.1905,29.7926],[78.1607,29.8771],[78.155,29.9254],[78.1598,29.9386],[78.1773,29.9526],[78.1936,29.9562],[78.2283,29.9474],[78.2865,29.8923],[78.3254,29.8431],[78.3527,29.7878],[78.3806,29.7616],[78.4787,29.722],[78.5148,29.6891],[78.5361,29.6478],[78.5542,29.6209],[78.589,29.5801],[78.6431,29.5376],[78.8064,29.4531],[78.833,29.4439],[78.9064,29.4305],[78.92,29.4222],[78.9069,29.3884],[78.86,29.3503],[78.8475,29.3453],[78.8163,29.35],[78.7968,29.3208],[78.7878,29.319],[78.7611,29.3303],[78.7262,29.3163],[78.7215,29.284],[78.8677,29.2152],[78.8857,29.1974],[78.9051,29.1588],[78.9138,29.1056],[78.9504,29.127],[79.0134,29.142],[79.0367,29.1539],[79.0559,29.1518],[79.1304,29.1153],[79.1392,29.1069],[79.1453,29.0778],[79.1706,29.0511],[79.2964,28.9716],[79.3406,28.963],[79.3712,28.9699],[79.4167,28.9218],[79.4305,28.8763],[79.4437,28.8496],[79.5262,28.8784],[79.5665,28.8793],[79.5882,28.8491],[79.6002,28.849],[79.6328,28.8633],[79.6994,28.8504],[79.7256,28.8589],[79.7299,28.8796],[79.7433,28.8852],[79.8126,28.8769],[79.841,28.8553],[79.8286,28.8245],[79.8341,28.8058],[79.8445,28.8049],[79.887,28.818],[79.8951,28.8051],[79.8901,28.7825],[79.8957,28.7752],[79.9315,28.7822],[79.9289,28.7577],[79.9536,28.7363],[79.972,28.7329],[80.0006,28.7373],[80.028,28.7523],[80.0555,28.7791],[80.0731,28.8209]]]},"properties":{"name":"Uttarakhand","name_en":"Uttarakhand","name_ja":"ウッタラーカンド州","name_zh":"北阿坎德邦","name_ko":"우타라칸드","adm0_a3":"IND","postal":"UT","iso_3166_2":"IN-UT","type_en":"State","region":"Central","geonunit":"India"}},
{"type":"Feature","geometry":{"type":"Polygon","coordinates":[[[95.2469,26.6489],[95.2463,26.6797],[95.2275,26.7238],[95.2248,26.7421],[95.2353,26.7906],[95.2257,26.8063],[95.2062,26.8206],[95.1974,26.8418],[95.2022,26.8667],[95.2205,26.8821],[95.2316,26.9081],[95.2343,26.9457],[95.2254,26.9742],[95.2092,26.9882],[95.1799,27.0037],[95.1764,27.0332],[95.1486,27.0001],[95.0312,26.9335],[94.9985,26.9233],[94.9662,26.9271],[94.931,26.9484],[94.9171,26.9512],[94.861,26.9019],[94.8326,26.8573],[94.7989,26.8144],[94.7654,26.788],[94.6905,26.741],[94.5872,26.6999],[94.5492,26.7019],[94.5206,26.6799],[94.4866,26.6767],[94.4287,26.6169],[94.422,26.604],[94.4206,26.5675],[94.3965,26.5344],[94.3582,26.4984],[94.3279,26.4819],[94.3083,26.4854],[94.2988,26.4995],[94.291,26.5429],[94.2696,26.5547],[94.2474,26.5233],[94.2072,26.4837],[94.1892,26.4475],[94.1839,26.3956],[94.1774,26.3724],[94.1605,26.3512],[94.1346,26.3337],[94.1029,26.3036],[94.0077,26.1844],[94.0017,26.1649],[94.0102,26.1313],[94.0027,26.0768],[93.9734,26.0404],[93.9697,26.027],[93.9717,25.9849],[93.9892,25.9462],[93.9478,25.8862],[93.9348,25.8741],[93.9042,25.8568],[93.8359,25.8451],[93.8058,25.8341],[93.7791,25.831],[93.7788,25.8545],[93.8029,25.881],[93.8101,25.9036],[93.8041,25.9427],[93.7964,25.9516],[93.7689,25.9607],[93.7521,25.9591],[93.725,25.9433],[93.6974,25.9334],[93.6779,25.9194],[93.6869,25.895],[93.7089,25.8701],[93.6967,25.8555],[93.5997,25.7805],[93.5808,25.7631],[93.5243,25.6893],[93.4773,25.6531],[93.4191,25.617],[93.379,25.5809],[93.3459,25.557],[93.3359,25.538],[93.3679,25.4966],[93.3846,25.4809],[93.3963,25.4614],[93.4278,25.4425],[93.4437,25.4217],[93.4585,25.3807],[93.4557,25.3226],[93.4492,25.3021],[93.4665,25.2859],[93.501,25.2734],[93.515,25.2596],[93.5464,25.2517],[93.5667,25.2413],[93.5864,25.2126],[93.6055,25.2058],[93.6492,25.2619],[93.6794,25.3143],[93.6791,25.3283],[93.7237,25.364],[93.8086,25.4461],[93.8114,25.4714],[93.8014,25.486],[93.7593,25.5003],[93.7696,25.5321],[93.8032,25.5436],[93.9299,25.5544],[93.976,25.5483],[94.0267,25.5538],[94.0516,25.5417],[94.0715,25.5255],[94.0963,25.5157],[94.1261,25.5162],[94.1508,25.5214],[94.1719,25.5144],[94.1835,25.5007],[94.2094,25.4955],[94.2517,25.5001],[94.3253,25.512],[94.3658,25.528],[94.4014,25.5539],[94.4225,25.5838],[94.4353,25.5944],[94.4903,25.6237],[94.5647,25.6842],[94.5739,25.6856],[94.5707,25.6215],[94.5374,25.5249],[94.5359,25.5137],[94.5528,25.4903],[94.616,25.4524],[94.6504,25.4467],[94.692,25.4763],[94.7111,25.4828],[94.7644,25.4917],[94.7824,25.5046],[94.8224,25.5591],[94.8508,25.5628],[94.861,25.5714],[94.8535,25.586],[94.8717,25.598],[94.9615,25.718],[94.9786,25.7291],[95.0088,25.7371],[95.0153,25.7551],[95.0135,25.7777],[94.9932,25.881],[95.0006,25.922],[95.012,25.9314],[95.0494,25.9437],[95.0659,25.9538],[95.1082,25.9951],[95.1395,26.0299],[95.1512,26.0499],[95.1501,26.071],[95.1375,26.083],[95.1017,26.0934],[95.0882,26.1041],[95.0784,26.1713],[95.0945,26.195],[95.0908,26.2027],[95.0587,26.2177],[95.0463,26.248],[95.0418,26.2876],[95.0436,26.3277],[95.0505,26.3591],[95.0642,26.3926],[95.0617,26.4266],[95.0426,26.4597],[95.0406,26.4756],[95.0544,26.4949],[95.0992,26.5361],[95.1149,26.5626],[95.1191,26.6042],[95.1326,26.6208],[95.1634,26.6297],[95.1816,26.6417],[95.2049,26.6676],[95.2233,26.6704],[95.2391,26.6496],[95.2469,26.6489]]]},"properties":{"name":"Nagaland","name_en":"Nagaland","name_ja":"ナガランド州","name_zh":"那加兰邦","name_ko":"나갈랜드","adm0_a3":"IND","postal":"NL","iso_3166_2":"IN-NL","type_en":"State","region":"Northeast","geonunit":"India"}},
{"type":"Feature","geometry":{"type":"Polygon","coordinates":[[[94.6504,25.4467],[94.616,25.4524],[94.5528,25.4903],[94.5359,25.5137],[94.5374,25.5249],[94.5707,25.6215],[94.5739,25.6856],[94.5647,25.6842],[94.4903,25.6237],[94.4353,25.5944],[94.4225,25.5838],[94.4014,25.5539],[94.3658,25.528],[94.3253,25.512],[94.2517,25.5001],[94.2094,25.4955],[94.1835,25.5007],[94.1719,25.5144],[94.1508,25.5214],[94.1261,25.5162],[94.0963,25.5157],[94.0715,25.5255],[94.0516,25.5417],[94.0267,25.5538],[93.976,25.5483],[93.9299,25.5544],[93.8032,25.5436],[93.7696,25.5321],[93.7593,25.5003],[93.8014,25.486],[93.8114,25.4714],[93.8086,25.4461],[93.7237,25.364],[93.6791,25.3283],[93.6794,25.3143],[93.6492,25.2619],[93.6055,25.2058],[93.5864,25.2126],[93.5667,25.2413],[93.5464,25.2517],[93.515,25.2596],[93.501,25.2734],[93.4665,25.2859],[93.4492,25.3021],[93.4229,25.2766],[93.3943,25.235],[93.3657,25.1777],[93.3459,25.1244],[93.3208,25.0873],[93.3121,25.0658],[93.2814,25.0565],[93.2604,25.0294],[93.2601,25.0088],[93.2763,24.9801],[93.2651,24.9584],[93.2418,24.9493],[93.2403,24.9397],[93.2534,24.9147],[93.227,24.8802],[93.2072,24.8476],[93.2035,24.824],[93.1892,24.8108],[93.1738,24.8106],[93.1564,24.8228],[93.1398,24.8214],[93.124,24.8098],[93.1119,24.7805],[93.1032,24.7432],[93.0871,24.707],[93.0912,24.6827],[93.1063,24.6719],[93.08,24.6244],[93.1006,24.577],[93.0645,24.5589],[93.0527,24.5227],[93.0457,24.4445],[93.0367,24.4146],[93.0118,24.4128],[93.0184,24.3991],[93.0229,24.3543],[93.0417,24.3408],[93.0427,24.3152],[93.0186,24.2886],[93.0134,24.262],[93.0177,24.2399],[93.0093,24.215],[92.998,24.1602],[92.9955,24.1264],[92.9779,24.1093],[92.9955,24.0953],[93.0709,24.0719],[93.1057,24.0449],[93.1143,24.0441],[93.1409,24.0621],[93.1681,24.0548],[93.1725,24.0408],[93.2041,24.0441],[93.2273,24.0672],[93.2486,24.057],[93.2536,24.0417],[93.2464,24.0225],[93.2568,24.0177],[93.2936,24.0356],[93.3026,24.0358],[93.3097,24.064],[93.3222,24.0801],[93.3485,24.0889],[93.3683,24.0785],[93.3965,24.0375],[93.4392,23.9952],[93.4567,23.96],[93.4957,23.9591],[93.5435,23.9809],[93.5613,23.9657],[93.5818,23.9796],[93.588,23.9952],[93.6124,24.0091],[93.6605,24.0112],[93.7111,24.0055],[93.743,23.9953],[93.7828,23.9455],[93.8037,23.9361],[93.8832,23.9453],[93.9406,23.9289],[93.9979,23.917],[94.0551,23.8879],[94.0711,23.8761],[94.0997,23.8426],[94.1169,23.8416],[94.1319,23.857],[94.1351,23.919],[94.1449,23.9389],[94.1903,23.9953],[94.1991,24.0481],[94.2141,24.0692],[94.2222,24.1226],[94.234,24.1603],[94.2828,24.2664],[94.29,24.3168],[94.3028,24.341],[94.3307,24.3629],[94.3287,24.3945],[94.3612,24.4254],[94.3637,24.4658],[94.3704,24.4777],[94.3971,24.4951],[94.4108,24.5459],[94.4302,24.5709],[94.475,24.5974],[94.4871,24.6205],[94.508,24.689],[94.5163,24.705],[94.5557,24.7089],[94.5815,24.7301],[94.5895,24.7473],[94.599,24.8135],[94.6391,24.8628],[94.6548,24.8892],[94.6735,24.9748],[94.7086,25.0259],[94.7138,25.0683],[94.7068,25.1099],[94.6891,25.1385],[94.6533,25.1541],[94.613,25.1614],[94.5769,25.1736],[94.5533,25.2041],[94.5501,25.2453],[94.608,25.3946],[94.6305,25.4274],[94.6504,25.4467]]]},"properties":{"name":"Manipur","name_en":"Manipur","name_ja":"マニプル州","name_zh":"曼尼普尔邦","name_ko":"마니푸르","adm0_a3":"IND","postal":"MN","iso_3166_2":"IN-MN","type_en":"State","region":"Northeast","geonunit":"India"}},
{"type":"Feature","geometry":{"type":"Polygon","coordinates":[[[93.3026,24.0358],[93.2936,24.0356],[93.2568,24.0177],[93.2464,24.0225],[93.2536,24.0417],[93.2486,24.057],[93.2273,24.0672],[93.2041,24.0441],[93.1725,24.0408],[93.1681,24.0548],[93.1409,24.0621],[93.1143,24.0441],[93.1057,24.0449],[93.0709,24.0719],[92.9955,24.0953],[92.9779,24.1093],[92.9955,24.1264],[92.998,24.1602],[93.0093,24.215],[93.0177,24.2399],[93.0134,24.262],[93.0186,24.2886],[93.0427,24.3152],[93.0417,24.3408],[93.0229,24.3543],[93.0184,24.3991],[92.9919,24.3807],[92.9441,24.3853],[92.9302,24.3916],[92.8634,24.3656],[92.8373,24.3676],[92.8287,24.3773],[92.7838,24.4616],[92.7652,24.4813],[92.7463,24.4711],[92.7012,24.3619],[92.6309,24.2951],[92.6226,24.2807],[92.6245,24.2385],[92.5885,24.2213],[92.5573,24.1914],[92.5248,24.1656],[92.4895,24.1325],[92.4719,24.1278],[92.4533,24.1323],[92.4313,24.153],[92.4149,24.1957],[92.4288,24.2295],[92.4162,24.2395],[92.3689,24.2416],[92.2985,24.2377],[92.3042,24.2221],[92.3212,24.203],[92.3254,24.1883],[92.3288,24.1031],[92.3187,24.0574],[92.3208,24.0208],[92.332,23.9948],[92.3162,23.9503],[92.3135,23.9121],[92.3209,23.8891],[92.3186,23.8505],[92.3127,23.8452],[92.2921,23.8535],[92.2707,23.8291],[92.2709,23.8051],[92.2609,23.7757],[92.2681,23.7196],[92.2597,23.7026],[92.2617,23.6851],[92.25,23.6426],[92.2528,23.6093],[92.291,23.4953],[92.2968,23.4466],[92.3067,23.4239],[92.3198,23.4122],[92.3317,23.3687],[92.3449,23.3591],[92.3495,23.345],[92.3471,23.3154],[92.3569,23.2891],[92.3507,23.261],[92.3286,23.2112],[92.3276,23.1714],[92.3531,23.0299],[92.3522,22.9603],[92.3599,22.9266],[92.3787,22.9004],[92.4119,22.8879],[92.4263,22.8711],[92.435,22.7933],[92.442,22.7629],[92.4537,22.748],[92.4807,22.7262],[92.4959,22.6956],[92.5029,22.6186],[92.5008,22.5605],[92.5174,22.5126],[92.5189,22.4954],[92.577,22.1687],[92.5756,22.1433],[92.5493,22.1385],[92.5373,22.1286],[92.56,22.0613],[92.5759,21.9776],[92.598,21.9893],[92.6153,22.0088],[92.6509,22.0192],[92.6584,22.0328],[92.6562,22.0753],[92.6621,22.0948],[92.674,22.0952],[92.6711,22.1339],[92.6838,22.1543],[92.7081,22.148],[92.7716,22.1042],[92.8361,22.0465],[92.8539,22.0241],[92.867,21.9665],[92.8775,21.957],[92.8892,21.9667],[92.9062,22.0173],[92.921,22.0218],[92.9374,22.013],[92.9556,21.9896],[92.979,21.9954],[92.9779,22.0165],[92.9684,22.0362],[92.9672,22.0627],[92.9855,22.096],[93.0255,22.1129],[93.0226,22.121],[93.0245,22.2019],[93.0458,22.2069],[93.0906,22.1971],[93.1195,22.181],[93.1417,22.1873],[93.1231,22.2184],[93.1235,22.2307],[93.169,22.2469],[93.1743,22.2694],[93.1659,22.3866],[93.1535,22.4275],[93.1179,22.4629],[93.0992,22.512],[93.0982,22.5353],[93.1091,22.5747],[93.1105,22.5963],[93.1044,22.6159],[93.0819,22.6528],[93.0708,22.6929],[93.0795,22.7727],[93.1124,22.8],[93.1253,22.8216],[93.1611,22.861],[93.1755,22.8817],[93.1774,22.9002],[93.1711,22.9204],[93.1511,22.9562],[93.1382,23.0053],[93.1401,23.0319],[93.1524,23.0499],[93.1771,23.0584],[93.1965,23.0538],[93.2256,23.0204],[93.2465,23.0045],[93.2728,23.0059],[93.2988,23.018],[93.3334,23.0523],[93.3749,23.1297],[93.3727,23.1698],[93.3808,23.2373],[93.3765,23.2795],[93.3842,23.3131],[93.4072,23.3473],[93.3998,23.4261],[93.4002,23.454],[93.4324,23.6473],[93.4303,23.6803],[93.4063,23.7191],[93.3748,23.739],[93.3583,23.8553],[93.356,23.907],[93.3376,23.9284],[93.3161,23.9611],[93.303,23.9953],[93.3026,24.0358]]]},"properties":{"name":"Mizoram","name_en":"Mizoram","name_ja":"ミゾラム州","name_zh":"米佐拉姆邦","name_ko":"미조람","adm0_a3":"IND","postal":"MZ","iso_3166_2":"IN-MZ","type_en":"State","region":"Northeast","geonunit":"India"}},
{"type":"Feature","geometry":{"type":"Polygon","coordinates":[[[92.2597,23.7026],[92.2681,23.7196],[92.2609,23.7757],[92.2709,23.8051],[92.2707,23.8291],[92.2921,23.8535],[92.3127,23.8452],[92.3186,23.8505],[92.3209,23.8891],[92.3135,23.9121],[92.3162,23.9503],[92.332,23.9948],[92.3208,24.0208],[92.3187,24.0574],[92.3288,24.1031],[92.3254,24.1883],[92.3212,24.203],[92.3042,24.2221],[92.2985,24.2377],[92.231,24.248],[92.2202,24.2643],[92.2543,24.3371],[92.2608,24.367],[92.2578,24.396],[92.2395,24.4289],[92.2347,24.4482],[92.2344,24.4794],[92.2217,24.5004],[92.15,24.5422],[92.1109,24.5143],[92.1059,24.4953],[92.1112,24.4343],[92.1076,24.406],[92.0883,24.3816],[92.0627,24.371],[92.0334,24.3688],[91.95,24.3754],[91.9488,24.3635],[91.9714,24.3297],[91.9722,24.3161],[91.9531,24.323],[91.9219,24.3445],[91.8998,24.3381],[91.8964,24.3201],[91.9069,24.2804],[91.9059,24.2606],[91.8843,24.1756],[91.8771,24.158],[91.8645,24.1506],[91.8442,24.1553],[91.8138,24.1831],[91.807,24.2211],[91.7329,24.2343],[91.723,24.221],[91.7326,24.1643],[91.7212,24.149],[91.7037,24.1429],[91.6842,24.1455],[91.6662,24.1559],[91.6395,24.2117],[91.6291,24.2153],[91.6245,24.2035],[91.6138,24.1401],[91.5965,24.105],[91.5587,24.0897],[91.5175,24.0852],[91.4804,24.088],[91.4046,24.1031],[91.363,24.0998],[91.3508,24.0742],[91.3493,24.0361],[91.3391,23.9952],[91.3271,23.9879],[91.2916,23.9948],[91.2741,23.9882],[91.2504,23.964],[91.2163,23.9084],[91.2128,23.8807],[91.2282,23.845],[91.2253,23.8261],[91.2052,23.7716],[91.195,23.7552],[91.1766,23.7465],[91.1418,23.7399],[91.1323,23.7206],[91.1366,23.6989],[91.1689,23.6854],[91.1752,23.6703],[91.1665,23.6541],[91.1397,23.6536],[91.1363,23.6295],[91.1408,23.6121],[91.1699,23.562],[91.1859,23.5116],[91.1951,23.4952],[91.2273,23.4688],[91.2479,23.3938],[91.2581,23.3736],[91.284,23.3614],[91.2829,23.3476],[91.2658,23.3294],[91.2773,23.3033],[91.3005,23.1423],[91.3135,23.101],[91.3374,23.0711],[91.3709,23.0628],[91.3746,23.0957],[91.3559,23.1796],[91.3557,23.2241],[91.361,23.2475],[91.3721,23.2619],[91.3943,23.2627],[91.4136,23.2486],[91.4362,23.2157],[91.4464,23.2155],[91.4464,23.1979],[91.4636,23.1841],[91.4981,23.07],[91.5033,23.0444],[91.5182,23.0351],[91.5194,23.0056],[91.5366,22.9819],[91.5768,22.9688],[91.5861,22.9445],[91.6024,22.953],[91.6167,22.9781],[91.6469,22.9766],[91.6947,22.9881],[91.7383,23.0247],[91.7551,23.0482],[91.756,23.0615],[91.7762,23.0653],[91.7956,23.0895],[91.779,23.1318],[91.7639,23.2006],[91.7492,23.2324],[91.7437,23.2723],[91.7626,23.3215],[91.7916,23.3683],[91.8177,23.4009],[91.8338,23.4139],[91.8891,23.4359],[91.9181,23.4599],[91.9408,23.4952],[91.9423,23.5344],[91.916,23.6502],[91.9144,23.6883],[91.9227,23.723],[91.9366,23.7235],[91.9617,23.6911],[92.0035,23.6474],[92.019,23.6401],[92.0424,23.6456],[92.0596,23.6595],[92.1084,23.7182],[92.1508,23.7317],[92.1706,23.7036],[92.1808,23.6654],[92.1943,23.6481],[92.2094,23.6616],[92.2221,23.7078],[92.2387,23.7168],[92.2597,23.7026]]]},"properties":{"name":"Tripura","name_en":"Tripura","name_ja":"トリプラ州","name_zh":"特里普拉邦","name_ko":"트리푸라","adm0_a3":"IND","postal":"TR","iso_3166_2":"IN-TR","type_en":"State","region":"Northeast","geonunit":"India"}},
{"type":"Feature","geometry":{"type":"Polygon","coordinates":[[[92.3849,25.0048],[92.4538,25.0701],[92.489,25.0939],[92.5101,25.1129],[92.5338,25.125],[92.5575,25.1279],[92.5649,25.1524],[92.6019,25.149],[92.6492,25.1554],[92.6804,25.1879],[92.8055,25.2277],[92.8108,25.2402],[92.7941,25.258],[92.7863,25.2922],[92.7983,25.3273],[92.7896,25.3489],[92.7644,25.3673],[92.7423,25.392],[92.7018,25.4255],[92.6704,25.4391],[92.6368,25.4474],[92.6132,25.4753],[92.5877,25.4852],[92.5883,25.4988],[92.6101,25.512],[92.6364,25.5348],[92.6576,25.5666],[92.6836,25.5964],[92.6701,25.613],[92.6558,25.6115],[92.604,25.5843],[92.5934,25.5867],[92.5214,25.6616],[92.4769,25.6999],[92.4331,25.7294],[92.4136,25.7518],[92.3824,25.7643],[92.354,25.7529],[92.3165,25.7273],[92.2668,25.7233],[92.2277,25.7138],[92.2047,25.7038],[92.1784,25.6847],[92.1675,25.7],[92.1735,25.7724],[92.1655,25.8092],[92.184,25.847],[92.1979,25.885],[92.2147,25.9195],[92.2078,25.9393],[92.1872,25.9428],[92.1747,25.9591],[92.1757,25.9798],[92.184,25.993],[92.2615,26.0554],[92.2704,26.0732],[92.2552,26.0852],[92.1641,26.0884],[92.118,26.0721],[92.0541,26.0568],[92.0207,26.0588],[91.9543,26.0427],[91.9225,26.0382],[91.8909,26.0437],[91.8488,26.079],[91.8253,26.0893],[91.7929,26.0826],[91.7519,26.0481],[91.7411,26.0298],[91.735,26.0005],[91.7182,25.9677],[91.6938,25.9414],[91.6725,25.9312],[91.6413,25.9328],[91.6297,25.9484],[91.6459,26.0016],[91.6449,26.0157],[91.6261,26.0338],[91.6062,26.0377],[91.5823,26.0269],[91.558,25.9848],[91.5227,25.9516],[91.5026,25.9187],[91.4747,25.8962],[91.4753,25.8848],[91.5029,25.8851],[91.5274,25.9016],[91.5274,25.8881],[91.4735,25.8618],[91.4163,25.8588],[91.3606,25.8433],[91.3291,25.8212],[91.3144,25.7987],[91.2691,25.7516],[91.251,25.7376],[91.2221,25.7307],[91.2081,25.7362],[91.1993,25.7606],[91.1939,25.8138],[91.1987,25.857],[91.1959,25.8689],[91.1789,25.8696],[91.0968,25.8399],[91.073,25.8398],[91.0609,25.8517],[91.0313,25.8357],[91.0237,25.8471],[91.0299,25.8744],[91.029,25.8993],[91.0144,25.9157],[90.9937,25.9179],[90.9745,25.9436],[90.9246,25.9417],[90.8684,25.9516],[90.8145,25.9436],[90.7781,25.9251],[90.7697,25.9359],[90.7666,25.9597],[90.7529,25.9621],[90.6918,25.9496],[90.6443,25.9315],[90.6336,25.9391],[90.631,25.9567],[90.6177,25.9698],[90.6041,25.9661],[90.5933,25.9487],[90.5384,25.9113],[90.5329,25.9214],[90.5517,25.9613],[90.5453,25.9807],[90.5152,26.0001],[90.4845,26.0119],[90.446,26.0111],[90.3971,26.0171],[90.3737,26.0144],[90.3239,25.9848],[90.28,25.9753],[90.2168,25.9743],[90.1356,25.9598],[90.1197,25.9527],[90.0896,25.9208],[90.0567,25.8997],[90.0322,25.8755],[90.0202,25.8524],[89.9898,25.8253],[89.9742,25.8016],[89.9709,25.7706],[89.9446,25.7258],[89.9423,25.6915],[89.9492,25.6658],[89.9666,25.6386],[90.0005,25.6093],[90.0021,25.5868],[89.9922,25.5743],[89.9665,25.5615],[89.9198,25.5605],[89.9034,25.5535],[89.8973,25.5414],[89.8963,25.4987],[89.8888,25.4733],[89.8755,25.4604],[89.8086,25.4395],[89.8007,25.4129],[89.795,25.3742],[89.7985,25.3401],[89.8074,25.3045],[89.819,25.285],[89.8346,25.2824],[89.8702,25.2956],[89.9081,25.2969],[90.1301,25.2116],[90.2869,25.1801],[90.3646,25.15],[90.3998,25.149],[90.5014,25.1688],[90.5833,25.162],[90.6234,25.1714],[90.6376,25.1711],[90.6706,25.1588],[90.7077,25.153],[90.738,25.1694],[90.754,25.1676],[90.794,25.1454],[90.822,25.1423],[90.9434,25.1574],[90.9751,25.1678],[91.1353,25.1912],[91.1908,25.1895],[91.2357,25.2019],[91.284,25.179],[91.4319,25.138],[91.471,25.1339],[91.5234,25.1452],[91.5488,25.1611],[91.5661,25.16],[91.5962,25.1289],[91.6387,25.124],[91.662,25.1272],[91.6774,25.1526],[91.7107,25.1447],[91.7301,25.1675],[91.7453,25.1694],[91.7937,25.1653],[91.9006,25.1776],[91.9563,25.1698],[92.0018,25.183],[92.034,25.1817],[92.0929,25.1647],[92.1162,25.1394],[92.151,25.1297],[92.1647,25.1336],[92.1792,25.1267],[92.1941,25.1092],[92.2201,25.0904],[92.2516,25.0808],[92.3035,25.0743],[92.3281,25.048],[92.3811,25.0234],[92.3849,25.0048]]]},"properties":{"name":"Meghalaya","name_en":"Meghalaya","name_ja":"メーガーラヤ州","name_zh":"梅加拉亚邦","name_ko":"메갈라야","adm0_a3":"IND","postal":"ML","iso_3166_2":"IN-ML","type_en":"State","region":"Northeast","geonunit":"India"}},
{"type":"Feature","geometry":{"type":"Polygon","coordinates":[[[75.2984,32.3324],[75.3269,32.3125],[75.353,32.2844],[75.359,32.2617],[75.3486,32.242],[75.3166,32.2107],[75.2947,32.1489],[75.2633,32.1509],[75.2264,32.1421],[75.1958,32.1286],[75.1731,32.1097],[75.1742,32.0868],[75.1384,32.0935],[75.119,32.081],[75.1021,32.0781],[75.0408,32.098],[75.0226,32.0947],[75.0302,32.0664],[74.9956,32.0674],[74.9862,32.0632],[74.9679,32.0379],[74.9557,32.0322],[74.8891,32.0289],[74.8732,32.0117],[74.8286,32.0254],[74.8113,32.0037],[74.8025,31.9689],[74.7837,31.9429],[74.763,31.939],[74.6984,31.9502],[74.67,31.9042],[74.6411,31.8906],[74.5656,31.8405],[74.5408,31.8109],[74.537,31.7757],[74.523,31.7585],[74.5183,31.7418],[74.4894,31.7112],[74.4995,31.6999],[74.5556,31.6122],[74.5845,31.5175],[74.6146,31.4778],[74.6172,31.4589],[74.6119,31.4402],[74.5716,31.3892],[74.5322,31.3032],[74.5253,31.2802],[74.5251,31.2354],[74.5091,31.1957],[74.5064,31.1754],[74.5149,31.1418],[74.5368,31.1152],[74.5531,31.109],[74.5969,31.1158],[74.617,31.1153],[74.632,31.1075],[74.6588,31.0838],[74.601,31.0566],[74.5795,31.0427],[74.5643,31.025],[74.5641,31.0044],[74.5193,30.9625],[74.4995,30.9565],[74.4585,30.9534],[74.4243,30.9323],[74.4013,30.8931],[74.3536,30.9011],[74.3298,30.8996],[74.304,30.874],[74.3114,30.8559],[74.3002,30.8382],[74.2567,30.8153],[74.2667,30.7884],[74.2357,30.7641],[74.2151,30.7375],[74.1912,30.717],[74.1847,30.6968],[74.1701,30.6872],[74.1637,30.6649],[74.1327,30.6555],[74.0959,30.6371],[74.0674,30.6105],[74.0571,30.5916],[74.0615,30.5556],[74.0575,30.5314],[74.0441,30.5187],[74.0044,30.5089],[73.9898,30.4878],[73.9391,30.4261],[73.9167,30.4172],[73.8999,30.4221],[73.9061,30.3948],[73.8876,30.3965],[73.8677,30.3874],[73.8518,30.3727],[73.8423,30.353],[73.8916,30.3298],[73.9119,30.3038],[73.9346,30.261],[73.9489,30.2173],[73.9468,30.2041],[73.9704,30.1963],[73.9771,30.1781],[73.9697,30.1374],[73.8985,30.0349],[73.8846,29.9995],[73.8871,29.9842],[73.9159,29.9799],[74.2906,29.9625],[74.3856,29.9631],[74.5165,29.9472],[74.5778,29.9338],[74.6327,29.9148],[74.6507,29.9141],[74.6781,29.9484],[74.7107,29.9684],[74.726,29.9727],[74.7673,29.9747],[74.8062,29.9853],[74.8234,29.985],[74.8415,29.9656],[74.9035,29.9548],[74.9187,29.9484],[74.9328,29.9329],[74.9457,29.9056],[74.9957,29.873],[75.0195,29.8756],[75.0728,29.8911],[75.0818,29.9199],[75.0953,29.9278],[75.1056,29.9181],[75.1061,29.8929],[75.0932,29.8721],[75.1012,29.8507],[75.0982,29.834],[75.1052,29.8214],[75.1287,29.8107],[75.1477,29.7928],[75.1601,29.8243],[75.1879,29.8347],[75.1963,29.8276],[75.2036,29.8003],[75.2309,29.7658],[75.2382,29.7488],[75.2105,29.7474],[75.2048,29.7341],[75.2071,29.7076],[75.1721,29.6882],[75.1925,29.6633],[75.1943,29.6386],[75.2179,29.6147],[75.2346,29.5618],[75.2486,29.5598],[75.268,29.5696],[75.2953,29.5749],[75.3035,29.5892],[75.2899,29.6115],[75.2906,29.6215],[75.3116,29.6562],[75.3428,29.6628],[75.3453,29.687],[75.3848,29.7223],[75.4088,29.7614],[75.4458,29.8062],[75.4612,29.8079],[75.5112,29.7878],[75.5395,29.7875],[75.5754,29.7695],[75.6044,29.7647],[75.6632,29.7753],[75.6986,29.769],[75.7177,29.778],[75.7175,29.7943],[75.7275,29.8104],[75.786,29.831],[75.8298,29.8211],[75.8519,29.805],[75.8731,29.7641],[75.8867,29.7492],[75.9081,29.7482],[75.9399,29.7385],[75.9569,29.7386],[76.004,29.7565],[76.0318,29.7548],[76.052,29.7644],[76.0844,29.8021],[76.1258,29.8185],[76.1473,29.8233],[76.1841,29.8454],[76.2139,29.8587],[76.2263,29.8782],[76.2001,29.8954],[76.1881,29.9095],[76.1784,29.9359],[76.1781,29.9547],[76.2033,30.0217],[76.2231,30.0507],[76.2166,30.0752],[76.2527,30.0886],[76.2448,30.0964],[76.2172,30.1052],[76.2014,30.1256],[76.2139,30.1375],[76.2288,30.1387],[76.2667,30.1137],[76.3172,30.1066],[76.3299,30.1168],[76.3281,30.1388],[76.3389,30.1412],[76.3636,30.1184],[76.3793,30.1199],[76.3939,30.1545],[76.3862,30.1717],[76.3945,30.1846],[76.4193,30.1771],[76.4296,30.1404],[76.4487,30.1081],[76.462,30.097],[76.4971,30.0852],[76.5314,30.084],[76.5898,30.124],[76.6294,30.1476],[76.6301,30.1669],[76.6387,30.1821],[76.6374,30.2054],[76.6093,30.2176],[76.5908,30.2467],[76.5775,30.2437],[76.5611,30.2248],[76.5453,30.2178],[76.5331,30.2346],[76.5391,30.2451],[76.5646,30.2619],[76.6056,30.2744],[76.6499,30.2968],[76.7143,30.3371],[76.7402,30.3629],[76.719,30.3734],[76.7214,30.4106],[76.7276,30.4201],[76.7529,30.4305],[76.7865,30.4229],[76.8295,30.4271],[76.8453,30.4175],[76.86,30.3768],[76.8692,30.3624],[76.891,30.3612],[76.9049,30.3841],[76.9063,30.4056],[76.8971,30.4421],[76.896,30.4866],[76.9104,30.5142],[76.8931,30.5438],[76.9015,30.5988],[76.8866,30.6338],[76.8607,30.6452],[76.8513,30.6816],[76.8273,30.6807],[76.8003,30.6827],[76.7852,30.6723],[76.7601,30.692],[76.7307,30.7232],[76.7018,30.7446],[76.6937,30.7635],[76.7038,30.7814],[76.7415,30.7965],[76.774,30.799],[76.8146,30.7891],[76.8347,30.8225],[76.8328,30.8423],[76.7969,30.862],[76.7855,30.8852],[76.7682,30.9076],[76.7218,30.9412],[76.7003,30.9619],[76.6452,30.9993],[76.6153,31.0301],[76.6059,31.0726],[76.6231,31.1073],[76.6217,31.1165],[76.5998,31.1349],[76.6014,31.1775],[76.6065,31.1928],[76.6284,31.2201],[76.6143,31.229],[76.5814,31.2311],[76.587,31.2498],[76.5672,31.2805],[76.5506,31.2598],[76.5367,31.2599],[76.5316,31.2787],[76.5205,31.2892],[76.5033,31.2909],[76.4963,31.2831],[76.4754,31.3034],[76.4638,31.3071],[76.4394,31.2997],[76.4335,31.3178],[76.3736,31.4192],[76.3599,31.4303],[76.345,31.4182],[76.3221,31.4128],[76.3169,31.4017],[76.3228,31.3642],[76.3143,31.3499],[76.2945,31.3475],[76.2878,31.3245],[76.2754,31.3104],[76.2428,31.3181],[76.2011,31.307],[76.1795,31.3185],[76.1585,31.3386],[76.141,31.3696],[76.1259,31.4305],[76.0705,31.5642],[75.9431,31.7718],[75.9233,31.8063],[75.9226,31.8247],[75.9349,31.8329],[75.9619,31.8316],[75.9643,31.8488],[75.9275,31.9079],[75.8797,31.9724],[75.8612,31.9826],[75.8018,32.0056],[75.7529,32.0324],[75.7065,32.0498],[75.6624,32.0604],[75.6016,32.0689],[75.5809,32.0767],[75.5822,32.0923],[75.6394,32.1468],[75.6562,32.1747],[75.6598,32.1953],[75.6323,32.191],[75.6146,32.1968],[75.6063,32.2259],[75.6134,32.2509],[75.6229,32.2585],[75.6927,32.2723],[75.7118,32.2791],[75.7427,32.2993],[75.7793,32.3366],[75.8575,32.39],[75.9058,32.4133],[75.9117,32.4314],[75.8706,32.4997],[75.8474,32.5167],[75.8286,32.4979],[75.7977,32.4811],[75.743,32.4644],[75.7294,32.4296],[75.6983,32.406],[75.6826,32.3998],[75.612,32.3955],[75.5733,32.3746],[75.538,32.3452],[75.5024,32.3006],[75.4807,32.3075],[75.4514,32.324],[75.442,32.3362],[75.4368,32.3602],[75.3904,32.3355],[75.3271,32.34],[75.2984,32.3324]]]},"properties":{"name":"Punjab","name_en":"Punjab","name_ja":"パンジャーブ州","name_zh":"旁遮普邦","name_ko":"펀자브","adm0_a3":"IND","postal":"PB","iso_3166_2":"IN-PB","type_en":"State","region":"North","geonunit":"India"}},
{"type":"Feature","geometry":{"type":"Polygon","coordinates":[[[73.9468,30.2041],[73.9444,30.1883],[73.7783,30.0673],[73.7397,30.0485],[73.5578,30.0125],[73.3852,29.9423],[73.3703,29.9273],[73.2848,29.6837],[73.2329,29.5366],[73.0509,29.2282],[72.9887,29.1546],[72.9629,29.1168],[72.9304,29.0477],[72.9015,29.0226],[72.5256,28.8499],[72.3822,28.784],[72.3546,28.7672],[72.2803,28.6872],[72.2565,28.6456],[72.1978,28.4449],[72.1776,28.3971],[72.1499,28.3538],[72.111,28.3176],[71.9882,28.2281],[71.9083,28.1356],[71.8916,28.0971],[71.88,27.9749],[71.8744,27.9597],[71.8609,27.9502],[71.5607,27.8685],[71.4771,27.8624],[71.3978,27.8684],[71.3114,27.8617],[71.2263,27.8454],[71.1507,27.8224],[70.9138,27.7178],[70.8316,27.7015],[70.7618,27.7098],[70.7104,27.7412],[70.6717,27.7911],[70.6407,27.8548],[70.6376,27.8742],[70.6416,27.9113],[70.6332,27.9316],[70.5929,27.9645],[70.5598,27.9984],[70.5349,28.016],[70.5068,28.029],[70.4562,28.0398],[70.3983,28.0217],[70.3419,28.0115],[70.3239,28.0004],[70.2677,27.9453],[70.199,27.901],[70.102,27.8117],[70.0907,27.7936],[70.0169,27.6006],[69.9935,27.5711],[69.9081,27.4973],[69.848,27.4104],[69.7306,27.3103],[69.6661,27.27],[69.5756,27.1884],[69.5344,27.1256],[69.5076,27.0501],[69.4651,26.8078],[69.4728,26.7666],[69.5042,26.7352],[69.6594,26.6777],[69.7002,26.653],[69.7723,26.5951],[69.8156,26.5803],[70.0561,26.5891],[70.0937,26.5804],[70.1296,26.5625],[70.1581,26.5301],[70.1629,26.4933],[70.157,26.4109],[70.1605,26.3713],[70.1425,26.3137],[70.1516,26.2541],[70.1469,26.2174],[70.132,26.1805],[70.0783,26.0996],[70.0739,26.0831],[70.0729,26.0475],[70.0643,25.9955],[70.0646,25.9803],[70.0832,25.9299],[70.115,25.8817],[70.1543,25.8394],[70.1956,25.807],[70.214,25.7863],[70.2345,25.731],[70.2492,25.7077],[70.2646,25.6973],[70.3037,25.6846],[70.3601,25.6735],[70.4772,25.6763],[70.5167,25.6839],[70.5544,25.6988],[70.5923,25.7088],[70.6323,25.7014],[70.6539,25.6745],[70.6575,25.6336],[70.6466,25.4314],[70.6545,25.3966],[70.6704,25.3756],[70.7105,25.3359],[70.7231,25.2873],[70.7349,25.2673],[70.7684,25.2331],[70.8314,25.1833],[70.8486,25.1633],[70.8599,25.1394],[70.8933,25.0019],[70.9152,24.9466],[70.943,24.8941],[71.0032,24.8082],[71.0369,24.7207],[71.0566,24.6928],[71.0868,24.6874],[71.1297,24.661],[71.2224,24.6368],[71.2515,24.6368],[71.267,24.6474],[71.296,24.6583],[71.322,24.6623],[71.3784,24.6467],[71.4087,24.6553],[71.4496,24.6819],[71.4691,24.6864],[71.5458,24.6881],[71.591,24.6819],[71.6201,24.6621],[71.6519,24.658],[71.7509,24.6781],[71.7689,24.671],[71.7848,24.6431],[71.8215,24.6357],[71.8305,24.6438],[71.8297,24.6633],[71.8414,24.6784],[71.8767,24.6856],[71.9015,24.6618],[71.9205,24.6569],[71.9479,24.6626],[71.9867,24.6953],[72.0509,24.7084],[72.0611,24.7016],[72.0807,24.6686],[72.0994,24.6566],[72.1728,24.634],[72.2063,24.6301],[72.2659,24.6354],[72.3185,24.6454],[72.3325,24.6351],[72.3284,24.6172],[72.3086,24.6115],[72.2617,24.6082],[72.2472,24.5995],[72.2554,24.5841],[72.2752,24.5684],[72.3031,24.5577],[72.3307,24.5559],[72.3424,24.5483],[72.356,24.5247],[72.3973,24.5252],[72.4186,24.5173],[72.4188,24.4888],[72.4491,24.4348],[72.465,24.4297],[72.4848,24.4438],[72.5009,24.4961],[72.5081,24.5065],[72.5251,24.5116],[72.5557,24.5067],[72.5995,24.4801],[72.6488,24.4697],[72.6676,24.4609],[72.6906,24.4167],[72.7176,24.3902],[72.747,24.3807],[72.8357,24.3769],[72.8974,24.3606],[72.9246,24.3634],[72.9587,24.3901],[72.9697,24.4281],[72.9745,24.4642],[72.9997,24.4933],[73.0298,24.4974],[73.0797,24.5091],[73.095,24.5036],[73.101,24.4851],[73.0987,24.4425],[73.0901,24.4208],[73.105,24.3987],[73.1657,24.3784],[73.1967,24.3905],[73.212,24.3874],[73.2166,24.369],[73.2003,24.3396],[73.1809,24.3333],[73.1372,24.3359],[73.1308,24.3135],[73.1075,24.2923],[73.0803,24.2268],[73.0793,24.2043],[73.1016,24.1594],[73.1173,24.139],[73.1482,24.1228],[73.162,24.1068],[73.1895,24.0937],[73.2007,24.0786],[73.208,24.054],[73.2456,24.0155],[73.2558,24.0149],[73.3037,24.0455],[73.3197,24.0675],[73.3313,24.0938],[73.3468,24.1081],[73.3541,24.1047],[73.3885,24.0575],[73.3988,24.0291],[73.3994,23.9998],[73.4182,23.9686],[73.4239,23.9409],[73.3754,23.909],[73.364,23.8891],[73.3651,23.8396],[73.3569,23.7944],[73.3617,23.7842],[73.3949,23.7859],[73.4117,23.7792],[73.439,23.7294],[73.4627,23.7147],[73.498,23.7064],[73.5108,23.6845],[73.502,23.6593],[73.5008,23.6073],[73.5136,23.5999],[73.5365,23.6111],[73.5664,23.6354],[73.5944,23.6274],[73.6154,23.6018],[73.6206,23.5826],[73.6154,23.5445],[73.6165,23.525],[73.6295,23.4982],[73.6296,23.4745],[73.6188,23.4519],[73.6272,23.4387],[73.6661,23.4418],[73.6984,23.4163],[73.7107,23.415],[73.7895,23.4398],[73.8119,23.4346],[73.8556,23.3696],[73.8854,23.3392],[73.9045,23.3334],[73.9292,23.3441],[73.9385,23.3622],[73.9595,23.3588],[73.9957,23.3303],[74.03,23.2977],[74.0837,23.2715],[74.1058,23.2477],[74.109,23.1911],[74.1219,23.1702],[74.1467,23.1581],[74.1717,23.1665],[74.1848,23.1775],[74.2059,23.1721],[74.2333,23.1559],[74.2449,23.1413],[74.2742,23.0901],[74.3015,23.0757],[74.3235,23.0361],[74.3633,23.0651],[74.3874,23.0726],[74.4079,23.0723],[74.4563,23.0603],[74.4761,23.0624],[74.55,23.0987],[74.6119,23.1127],[74.6672,23.1473],[74.7107,23.1619],[74.7159,23.1792],[74.6954,23.1927],[74.6768,23.2151],[74.6584,23.2265],[74.6115,23.2281],[74.5812,23.2393],[74.5364,23.2509],[74.523,23.2655],[74.5213,23.2897],[74.5565,23.3513],[74.5695,23.3679],[74.6314,23.4204],[74.6482,23.4306],[74.7224,23.4522],[74.779,23.4874],[74.823,23.5001],[74.8533,23.527],[74.8718,23.5519],[74.8994,23.6204],[74.9267,23.6518],[74.939,23.6874],[74.9385,23.7217],[74.9322,23.7524],[74.9066,23.7913],[74.9022,23.8242],[74.9083,23.8967],[74.9468,24.002],[74.9682,24.0328],[74.961,24.0523],[74.9292,24.0772],[74.9094,24.1017],[74.8931,24.1345],[74.8883,24.1553],[74.885,24.205],[74.87,24.2361],[74.8405,24.256],[74.8072,24.263],[74.7593,24.2567],[74.735,24.2606],[74.7335,24.2773],[74.754,24.3041],[74.7612,24.3484],[74.7664,24.3587],[74.8237,24.4045],[74.8468,24.4355],[74.8449,24.455],[74.8171,24.4746],[74.7202,24.5003],[74.7119,24.5239],[74.7193,24.5452],[74.749,24.5912],[74.7843,24.6681],[74.7705,24.7047],[74.7714,24.7636],[74.7814,24.7817],[74.7913,24.7816],[74.8025,24.7614],[74.8065,24.7358],[74.8168,24.7205],[74.8399,24.7044],[74.8585,24.6719],[74.8697,24.6656],[74.9323,24.6691],[74.9569,24.683],[74.9654,24.694],[74.9678,24.7374],[74.9784,24.7634],[74.9743,24.7857],[74.9581,24.791],[74.9289,24.7858],[74.8951,24.7944],[74.8378,24.7971],[74.8312,24.8063],[74.8375,24.8594],[74.8153,24.9165],[74.8243,24.9325],[74.8456,24.9324],[74.8759,24.9194],[74.8996,24.8972],[74.9301,24.8872],[74.9519,24.8728],[74.9814,24.863],[75.0031,24.8663],[75.043,24.8959],[75.055,24.8981],[75.0844,24.8889],[75.0954,24.8966],[75.1038,24.9275],[75.0938,24.9778],[75.1192,25.0074],[75.1333,25.04],[75.1578,25.0458],[75.2351,25.0402],[75.3049,25.058],[75.3237,25.0581],[75.3206,25.0439],[75.2916,24.9963],[75.2995,24.9759],[75.3179,24.9552],[75.3203,24.9352],[75.3052,24.926],[75.268,24.937],[75.2514,24.9365],[75.2452,24.9114],[75.2681,24.8933],[75.2977,24.8876],[75.3442,24.8917],[75.3873,24.9046],[75.4051,24.9019],[75.4014,24.8823],[75.3844,24.8638],[75.355,24.8473],[75.337,24.8424],[75.2975,24.8394],[75.2622,24.8453],[75.2348,24.8617],[75.2127,24.8849],[75.1937,24.8958],[75.1832,24.8861],[75.1881,24.8671],[75.2073,24.8349],[75.2104,24.821],[75.2015,24.8011],[75.1807,24.7859],[75.172,24.7625],[75.182,24.7408],[75.2037,24.725],[75.2424,24.7202],[75.3086,24.7247],[75.3419,24.7197],[75.3876,24.7047],[75.4165,24.701],[75.448,24.7031],[75.5499,24.7258],[75.5985,24.7275],[75.649,24.7383],[75.7175,24.7747],[75.7322,24.7795],[75.7588,24.7774],[75.7819,24.7591],[75.8134,24.7177],[75.8186,24.6975],[75.8137,24.6639],[75.8201,24.6513],[75.8694,24.5994],[75.8749,24.5143],[75.874,24.5011],[75.861,24.4807],[75.8376,24.47],[75.8254,24.4732],[75.7922,24.4942],[75.7654,24.4934],[75.745,24.4688],[75.7344,24.424],[75.7411,24.3996],[75.7464,24.3572],[75.7591,24.334],[75.7895,24.3207],[75.8009,24.3063],[75.8025,24.2722],[75.7948,24.2516],[75.7592,24.2116],[75.7478,24.19],[75.7518,24.1534],[75.7635,24.141],[75.805,24.1191],[75.8108,24.1083],[75.7941,24.0804],[75.7653,24.0554],[75.73,24.0007],[75.7127,24.0055],[75.693,24.0216],[75.6728,24.0224],[75.6449,23.9995],[75.6218,23.9952],[75.5893,24.0132],[75.5667,24.0208],[75.5389,24.0414],[75.513,24.036],[75.4861,23.9889],[75.4903,23.9399],[75.5014,23.9217],[75.5242,23.905],[75.5782,23.8757],[75.589,23.8555],[75.5971,23.8179],[75.6376,23.8138],[75.6658,23.8047],[75.6848,23.7898],[75.6998,23.7932],[75.7118,23.8311],[75.7285,23.8674],[75.7203,23.9065],[75.7287,23.9162],[75.7483,23.9123],[75.7765,23.8831],[75.8124,23.8869],[75.8476,23.9047],[75.8994,23.9183],[75.9734,23.9554],[75.9867,23.9649],[75.9979,23.9839],[76.0002,24.0041],[75.9802,24.026],[75.999,24.0511],[76.0832,24.0981],[76.1166,24.134],[76.1192,24.1503],[76.116,24.1961],[76.1195,24.2318],[76.1167,24.2514],[76.1228,24.2824],[76.124,24.312],[76.1327,24.3294],[76.1736,24.3515],[76.189,24.3521],[76.1902,24.3106],[76.2023,24.2925],[76.2303,24.2779],[76.2868,24.2849],[76.3047,24.2831],[76.3586,24.2651],[76.4082,24.2596],[76.4561,24.265],[76.4775,24.2535],[76.4948,24.2144],[76.5115,24.2091],[76.5427,24.2152],[76.5559,24.2278],[76.5725,24.2732],[76.593,24.2893],[76.6492,24.3094],[76.6698,24.3059],[76.6729,24.2838],[76.654,24.2405],[76.6692,24.2236],[76.7251,24.1889],[76.7666,24.1603],[76.7947,24.1614],[76.8222,24.1745],[76.852,24.1729],[76.8703,24.1817],[76.8786,24.2031],[76.8919,24.2202],[76.8916,24.2409],[76.878,24.2611],[76.8316,24.3162],[76.8146,24.3601],[76.8164,24.4261],[76.8058,24.4621],[76.8142,24.5019],[76.8062,24.5558],[76.8107,24.5714],[76.8284,24.5766],[76.8805,24.5619],[76.8963,24.5339],[76.8979,24.5039],[76.904,24.4975],[76.9429,24.5002],[77.0352,24.5384],[77.0589,24.5616],[77.0591,24.6023],[77.0462,24.6496],[77.0374,24.6703],[77.0146,24.6992],[76.9668,24.7375],[76.9457,24.7442],[76.9214,24.7397],[76.8778,24.7439],[76.8481,24.7597],[76.7952,24.8168],[76.7806,24.8371],[76.7972,24.855],[76.8473,24.8624],[76.8686,24.873],[76.8832,24.897],[76.8782,24.9354],[76.8484,24.9943],[76.8455,25.0066],[76.861,25.0338],[76.8835,25.0467],[76.915,25.0528],[76.9994,25.0877],[77.0383,25.0875],[77.088,25.0937],[77.1874,25.1275],[77.2004,25.1293],[77.2349,25.1226],[77.2543,25.1301],[77.2798,25.1269],[77.3097,25.11],[77.3413,25.114],[77.3605,25.1345],[77.3824,25.1429],[77.3892,25.162],[77.388,25.1909],[77.3989,25.2122],[77.3912,25.2288],[77.363,25.2621],[77.3583,25.2964],[77.3653,25.3244],[77.3491,25.3487],[77.3428,25.3677],[77.3462,25.3883],[77.3586,25.4071],[77.3515,25.4254],[77.3277,25.4432],[77.302,25.4456],[77.2555,25.4335],[77.2371,25.4222],[77.2225,25.4027],[77.2128,25.3737],[77.2016,25.3556],[77.1811,25.3425],[77.1413,25.342],[77.1077,25.3543],[77.0806,25.3532],[77.0296,25.3279],[77.0015,25.3176],[76.947,25.3186],[76.9287,25.3076],[76.9135,25.3093],[76.8697,25.3379],[76.8278,25.3446],[76.7802,25.332],[76.7592,25.3384],[76.7171,25.368],[76.6937,25.3762],[76.6523,25.3792],[76.6334,25.3927],[76.6107,25.4308],[76.5916,25.4438],[76.5676,25.448],[76.5514,25.4601],[76.5215,25.5502],[76.4922,25.6868],[76.4784,25.7198],[76.4875,25.7371],[76.5127,25.7446],[76.5175,25.7574],[76.5179,25.7993],[76.546,25.8483],[76.5594,25.8543],[76.5919,25.8806],[76.6105,25.8814],[76.6275,25.893],[76.6411,25.9204],[76.6518,25.9227],[76.727,25.9163],[76.7402,25.9232],[76.7702,25.954],[76.7961,25.9645],[76.8075,25.9853],[76.8088,26.0082],[76.8155,26.0188],[76.8734,26.052],[76.8875,26.0638],[76.8991,26.0907],[76.908,26.0986],[76.9455,26.1082],[76.9694,26.1294],[76.9919,26.1359],[77.0104,26.1662],[77.0491,26.1843],[77.0825,26.1853],[77.095,26.1987],[77.0998,26.2214],[77.1247,26.2379],[77.1811,26.2374],[77.2097,26.242],[77.2301,26.2625],[77.2542,26.2747],[77.2881,26.3],[77.3053,26.3313],[77.3234,26.352],[77.3496,26.3649],[77.3805,26.3642],[77.4076,26.3723],[77.4152,26.3649],[77.4313,26.3737],[77.4315,26.4001],[77.4418,26.4133],[77.4596,26.4168],[77.4999,26.4116],[77.5653,26.4474],[77.6168,26.483],[77.6808,26.4999],[77.7151,26.506],[77.744,26.5362],[77.8089,26.5593],[77.8315,26.5758],[77.8192,26.6051],[77.8699,26.6193],[77.8859,26.6342],[77.889,26.6517],[77.9028,26.664],[77.95,26.6698],[77.9784,26.6843],[78.0128,26.6956],[78.0385,26.6818],[78.0794,26.6829],[78.0852,26.6894],[78.0874,26.7211],[78.1004,26.7429],[78.0929,26.7798],[78.1012,26.7951],[78.12,26.7946],[78.1515,26.7832],[78.165,26.7919],[78.169,26.8222],[78.1822,26.8173],[78.2001,26.8236],[78.1936,26.8398],[78.1726,26.8686],[78.2081,26.8822],[78.2465,26.9178],[78.2426,26.9273],[78.2231,26.9371],[78.2007,26.9392],[78.1519,26.9509],[78.1069,26.9473],[78.0789,26.9287],[78.0661,26.9123],[78.0293,26.91],[78.0213,26.8999],[78.0163,26.8667],[78.0007,26.8907],[77.9766,26.9044],[77.9174,26.9077],[77.8888,26.915],[77.8698,26.9131],[77.8526,26.9029],[77.8218,26.9194],[77.7607,26.9267],[77.7338,26.9335],[77.7046,26.9298],[77.6651,26.8968],[77.6414,26.8832],[77.5105,26.8333],[77.4663,26.8334],[77.4545,26.8074],[77.4319,26.7812],[77.407,26.7751],[77.3949,26.7885],[77.3992,26.8104],[77.4022,26.8642],[77.4233,26.8844],[77.4608,26.9042],[77.6285,26.9732],[77.7,26.9887],[77.7191,27.0029],[77.7138,27.0234],[77.7014,27.0253],[77.6834,27.0072],[77.6682,27.012],[77.6526,27.0391],[77.643,27.0466],[77.6236,27.0313],[77.5942,27.0311],[77.5597,27.0368],[77.5434,27.0452],[77.5328,27.0703],[77.5118,27.0726],[77.4998,27.0892],[77.5134,27.1092],[77.5747,27.1237],[77.5914,27.1307],[77.6041,27.1607],[77.6403,27.1773],[77.6573,27.2027],[77.6522,27.2145],[77.6355,27.2254],[77.6249,27.2569],[77.6105,27.2793],[77.6061,27.3236],[77.5935,27.332],[77.5564,27.3385],[77.502,27.3749],[77.4598,27.3851],[77.4425,27.3962],[77.4277,27.4176],[77.4153,27.4593],[77.3878,27.4968],[77.3456,27.5419],[77.3367,27.5604],[77.342,27.5925],[77.322,27.6129],[77.3196,27.6297],[77.3347,27.6532],[77.3274,27.69],[77.3149,27.7064],[77.2942,27.722],[77.2934,27.7688],[77.2807,27.8094],[77.2528,27.8141],[77.238,27.7965],[77.2234,27.796],[77.2116,27.8126],[77.1992,27.8162],[77.1881,27.7983],[77.1775,27.7992],[77.158,27.817],[77.1338,27.7942],[77.1172,27.7931],[77.0659,27.8101],[77.0408,27.8073],[77.0318,27.7918],[77.0379,27.7736],[77.0683,27.7607],[77.0717,27.7411],[77.02,27.7362],[76.9937,27.7169],[76.973,27.6793],[76.9406,27.6803],[76.9105,27.6704],[76.8901,27.6897],[76.9189,27.7117],[76.9009,27.7344],[76.9009,27.7441],[76.9154,27.8153],[76.9406,27.8521],[76.9436,27.8652],[76.9398,27.9005],[76.9429,27.9154],[76.9346,27.9491],[76.9374,27.9807],[76.9209,28.0335],[76.9235,28.0679],[76.9406,28.123],[76.9396,28.1463],[76.9253,28.1664],[76.8869,28.194],[76.8566,28.229],[76.8251,28.2309],[76.8039,28.2191],[76.783,28.1867],[76.7581,28.1597],[76.6935,28.1204],[76.6468,28.0855],[76.6424,28.0678],[76.658,28.0291],[76.658,28.017],[76.6147,28.0091],[76.5905,28.001],[76.5672,27.9764],[76.5531,27.9712],[76.5354,27.9932],[76.5258,28.0298],[76.5165,28.0421],[76.4868,28.0436],[76.4499,28.0593],[76.4527,28.0743],[76.4718,28.0797],[76.4697,28.0914],[76.4465,28.1041],[76.4416,28.1221],[76.483,28.1174],[76.4788,28.1289],[76.4535,28.1628],[76.4324,28.1682],[76.368,28.1564],[76.3533,28.1658],[76.3435,28.1841],[76.3088,28.201],[76.2973,28.1924],[76.2995,28.1764],[76.314,28.1599],[76.3407,28.1397],[76.334,28.1288],[76.3044,28.1176],[76.3128,28.1032],[76.3367,28.0935],[76.3465,28.0758],[76.3329,28.0518],[76.3047,28.0488],[76.2667,28.0775],[76.2472,28.0798],[76.2161,28.0682],[76.1868,28.0745],[76.1699,28.07],[76.1633,28.0579],[76.1578,28.0197],[76.1791,27.9576],[76.1801,27.9096],[76.1983,27.8902],[76.215,27.8415],[76.2091,27.8274],[76.1791,27.8077],[76.1432,27.831],[76.1203,27.8519],[76.0922,27.8543],[75.9999,27.8427],[75.9802,27.8561],[75.9733,27.8886],[75.9634,27.9006],[75.9315,27.9181],[75.9264,27.9376],[75.9357,27.9557],[75.968,27.9546],[75.9861,27.9706],[75.982,27.988],[75.9661,27.9998],[75.9829,28.0202],[75.9928,28.0507],[76.0266,28.083],[76.03,28.1021],[76.015,28.1104],[75.9855,28.0869],[75.9736,28.0865],[75.9486,28.1031],[75.9414,28.1177],[75.9619,28.1395],[75.9947,28.151],[76.0325,28.1878],[76.0739,28.1586],[76.0814,28.1746],[76.0708,28.1957],[76.0479,28.2214],[76.0262,28.2622],[75.9578,28.3435],[75.8871,28.4038],[75.8341,28.4194],[75.8182,28.4308],[75.7819,28.4283],[75.7687,28.4454],[75.7744,28.4631],[75.7633,28.4786],[75.7436,28.4876],[75.6986,28.5206],[75.6725,28.5552],[75.6493,28.5751],[75.5936,28.6427],[75.58,28.6683],[75.55,28.7541],[75.5264,28.8044],[75.5252,28.8345],[75.5072,28.8609],[75.486,28.9268],[75.4894,28.9394],[75.5162,28.9575],[75.5215,28.9778],[75.515,28.9965],[75.4521,29.0239],[75.3929,29.106],[75.3946,29.1308],[75.3763,29.1701],[75.3808,29.1805],[75.4082,29.1905],[75.4092,29.2075],[75.3945,29.2339],[75.3915,29.2527],[75.3811,29.2585],[75.3643,29.252],[75.3434,29.235],[75.3293,29.2398],[75.3238,29.2606],[75.3284,29.2962],[75.3138,29.2989],[75.277,29.2822],[75.2678,29.2644],[75.2497,29.2564],[75.2141,29.2537],[75.19,29.2702],[75.1742,29.2722],[75.1502,29.2526],[75.13,29.2495],[75.1066,29.2382],[75.0796,29.2363],[75.0649,29.2467],[75.0421,29.2857],[75.0177,29.2901],[74.9976,29.2802],[74.9696,29.2843],[74.9445,29.3219],[74.931,29.3591],[74.9072,29.3785],[74.8568,29.394],[74.8413,29.4025],[74.8214,29.4029],[74.7985,29.3916],[74.7768,29.3722],[74.7586,29.3643],[74.7094,29.3711],[74.6491,29.3635],[74.6314,29.3314],[74.6128,29.3328],[74.5989,29.3468],[74.5896,29.3668],[74.5664,29.3951],[74.5371,29.4414],[74.5426,29.4603],[74.5577,29.4675],[74.6021,29.4704],[74.6101,29.4878],[74.6119,29.5307],[74.5854,29.5612],[74.5748,29.5897],[74.5834,29.6743],[74.6027,29.7264],[74.6048,29.755],[74.5919,29.769],[74.5688,29.7579],[74.5407,29.7543],[74.5063,29.7368],[74.468,29.7444],[74.4594,29.7631],[74.4665,29.7989],[74.4857,29.8267],[74.5247,29.8408],[74.547,29.8608],[74.5448,29.888],[74.5143,29.9154],[74.5165,29.9472],[74.3856,29.9631],[74.2906,29.9625],[73.9159,29.9799],[73.8871,29.9842],[73.8846,29.9995],[73.8985,30.0349],[73.9697,30.1374],[73.9771,30.1781],[73.9704,30.1963],[73.9468,30.2041]]]},"properties":{"name":"Rajasthan","name_en":"Rajasthan","name_ja":"ラージャスターン州","name_zh":"拉贾斯坦邦","name_ko":"라자스탄","adm0_a3":"IND","postal":"RJ","iso_3166_2":"IN-RJ","type_en":"State","region":"Central","geonunit":"India"}},
{"type":"Feature","geometry":{"type":"Polygon","coordinates":[[[71.0566,24.6928],[71.0639,24.6826],[71.0433,24.6691],[70.9771,24.6397],[70.9628,24.6158],[70.9548,24.5845],[70.9578,24.556],[70.9771,24.5404],[70.9819,24.5285],[70.9732,24.4872],[70.9771,24.4649],[71.0001,24.4529],[71.0401,24.4468],[71.075,24.4364],[71.0828,24.4115],[71.0731,24.4021],[71.0251,24.3863],[70.9967,24.3566],[70.9771,24.3572],[70.9553,24.3659],[70.9177,24.3617],[70.8565,24.3238],[70.8409,24.3058],[70.8445,24.2883],[70.8576,24.2717],[70.8515,24.2649],[70.8136,24.2545],[70.776,24.2367],[70.7555,24.2314],[70.6215,24.2412],[70.5847,24.2579],[70.5602,24.2873],[70.5465,24.3731],[70.5752,24.4],[70.5629,24.4241],[70.5209,24.4249],[70.4164,24.4019],[70.3708,24.3724],[70.3532,24.3663],[70.2985,24.3634],[70.2791,24.3551],[70.2426,24.3306],[70.2022,24.3256],[70.1446,24.3079],[70.1097,24.3049],[70.0872,24.2826],[70.063,24.2203],[70.0521,24.2021],[70.016,24.1741],[69.972,24.1652],[69.7691,24.1626],[69.7146,24.1686],[69.6706,24.1887],[69.5923,24.2646],[69.5631,24.2768],[69.2808,24.2837],[69.2062,24.2586],[69.1667,24.2532],[69.1482,24.2567],[69.0919,24.2819],[69.0677,24.2884],[69.0485,24.2852],[69.0078,24.2646],[68.9808,24.2554],[68.9626,24.2572],[68.9487,24.2703],[68.9294,24.3024],[68.9132,24.3173],[68.8903,24.3195],[68.8801,24.2974],[68.8489,24.244],[68.8388,24.2365],[68.8197,24.2503],[68.8138,24.3084],[68.7992,24.3291],[68.7473,24.3312],[68.7259,24.2892],[68.7245,23.9652],[68.4316,23.9671],[68.3855,23.9604],[68.3536,23.9393],[68.3524,23.9565],[68.3426,23.9686],[68.3304,23.9666],[68.335,23.941],[68.3141,23.9159],[68.3004,23.9105],[68.2862,23.9164],[68.274,23.9377],[68.2549,23.9291],[68.2519,23.9048],[68.2568,23.8919],[68.2399,23.8931],[68.2073,23.877],[68.1835,23.8433],[68.1756,23.7982],[68.166,23.7732],[68.1681,23.7475],[68.1978,23.7748],[68.1975,23.7145],[68.2088,23.6962],[68.241,23.674],[68.259,23.6747],[68.2804,23.686],[68.2759,23.6658],[68.2451,23.6591],[68.2327,23.645],[68.2093,23.6627],[68.1843,23.6519],[68.1743,23.6314],[68.1501,23.6314],[68.1434,23.6127],[68.1574,23.6008],[68.1814,23.5941],[68.2308,23.5881],[68.2941,23.5904],[68.3273,23.5869],[68.353,23.6107],[68.342,23.624],[68.4108,23.7005],[68.4277,23.7143],[68.4728,23.7375],[68.51,23.7441],[68.5547,23.7685],[68.5877,23.7757],[68.6094,23.7952],[68.6231,23.8244],[68.6335,23.8331],[68.6919,23.8367],[68.7178,23.841],[68.7402,23.8535],[68.7669,23.8784],[68.78,23.8741],[68.8057,23.8844],[68.8216,23.8784],[68.7688,23.8411],[68.7451,23.8331],[68.7156,23.8157],[68.6707,23.8157],[68.6546,23.7991],[68.6379,23.7615],[68.6017,23.7487],[68.5835,23.7353],[68.5547,23.7065],[68.5388,23.684],[68.5047,23.6742],[68.4655,23.6553],[68.4688,23.6408],[68.4927,23.6376],[68.4915,23.6188],[68.4715,23.6186],[68.4275,23.6314],[68.4089,23.6213],[68.405,23.5976],[68.4108,23.5488],[68.4061,23.5087],[68.4116,23.4947],[68.4312,23.4936],[68.447,23.503],[68.4474,23.5163],[68.4373,23.5488],[68.4587,23.5215],[68.4813,23.5251],[68.4859,23.5141],[68.4656,23.5053],[68.4474,23.4875],[68.4237,23.4458],[68.4404,23.4343],[68.4655,23.4458],[68.4588,23.4198],[68.4754,23.4049],[68.4905,23.4093],[68.5015,23.4233],[68.5132,23.4185],[68.5301,23.4257],[68.541,23.4117],[68.5296,23.4119],[68.5151,23.3993],[68.5151,23.377],[68.541,23.357],[68.561,23.3639],[68.5711,23.3464],[68.5921,23.3401],[68.6069,23.3256],[68.561,23.3161],[68.541,23.2782],[68.5523,23.2597],[68.5778,23.2553],[68.6053,23.2596],[68.6231,23.2676],[68.6201,23.2454],[68.6094,23.2267],[68.5957,23.2404],[68.6091,23.2068],[68.6226,23.1916],[68.6497,23.1809],[68.6506,23.1621],[68.6913,23.1305],[68.8662,23.02],[69.0399,22.9505],[69.1356,22.8884],[69.2019,22.8522],[69.2388,22.8419],[69.3381,22.8331],[69.3726,22.819],[69.4059,22.8137],[69.4247,22.8043],[69.4722,22.7947],[69.4894,22.7847],[69.5108,22.7805],[69.557,22.7785],[69.5857,22.7612],[69.6538,22.7605],[69.7158,22.7469],[69.7289,22.7548],[69.7601,22.8083],[69.7801,22.8275],[69.8332,22.8585],[69.8843,22.8678],[69.9407,22.8861],[69.9969,22.8938],[70.0618,22.9182],[70.1201,22.925],[70.1354,22.93],[70.1323,22.9411],[70.1095,22.9592],[70.1306,22.994],[70.125,22.976],[70.1475,22.9661],[70.1631,22.949],[70.2041,22.9522],[70.222,22.9592],[70.2319,22.9749],[70.2331,23.0001],[70.2497,22.9875],[70.2693,22.9586],[70.2918,22.953],[70.3035,22.9381],[70.3191,22.9455],[70.3467,22.9313],[70.3635,22.9387],[70.3845,22.9389],[70.3988,22.9455],[70.4038,22.9819],[70.4019,22.9993],[70.411,23.0232],[70.4011,23.0454],[70.3988,23.069],[70.4107,23.086],[70.4509,23.1057],[70.4671,23.1297],[70.4842,23.1221],[70.5149,23.0895],[70.5285,23.0471],[70.5272,23.0236],[70.5047,22.9796],[70.4863,22.9637],[70.4534,22.9666],[70.4369,22.9549],[70.4046,22.9195],[70.3753,22.9027],[70.3429,22.8432],[70.3225,22.8227],[70.3233,22.7877],[70.3191,22.7783],[70.2673,22.706],[70.2349,22.6489],[70.2073,22.615],[70.1897,22.5778],[70.1785,22.562],[70.1447,22.5478],[70.0591,22.5584],[70.0208,22.5551],[70.0027,22.5432],[69.9621,22.5353],[69.9053,22.4864],[69.8638,22.4658],[69.8333,22.4638],[69.8223,22.4521],[69.807,22.421],[69.7887,22.4232],[69.7334,22.48],[69.709,22.4189],[69.6994,22.4043],[69.6747,22.4111],[69.6404,22.376],[69.6297,22.3838],[69.6161,22.3559],[69.6011,22.3638],[69.5547,22.3776],[69.5617,22.3916],[69.5598,22.4115],[69.5479,22.4521],[69.516,22.4481],[69.5137,22.4316],[69.5256,22.3921],[69.5199,22.3776],[69.5027,22.3723],[69.4854,22.3476],[69.4689,22.3378],[69.4354,22.3304],[69.3599,22.3292],[69.3464,22.3249],[69.3357,22.3061],[69.2865,22.2846],[69.2121,22.2739],[69.2121,22.2814],[69.1904,22.2923],[69.1738,22.3083],[69.1697,22.3279],[69.1853,22.3497],[69.1821,22.3664],[69.2057,22.3987],[69.2022,22.4149],[69.1786,22.4276],[69.147,22.4049],[69.1227,22.4111],[69.0974,22.3989],[69.0718,22.3995],[69.0482,22.4316],[69.0745,22.4494],[69.0852,22.4729],[69.0736,22.4819],[69.0475,22.464],[69.0075,22.4432],[68.9929,22.4316],[68.9744,22.4047],[68.9606,22.3495],[68.944,22.3183],[68.9446,22.2951],[68.9533,22.276],[68.9805,22.2355],[68.9942,22.2039],[69.0125,22.1856],[69.0482,22.1579],[69.0921,22.0996],[69.103,22.0764],[69.1506,22.0412],[69.1984,21.9797],[69.2439,21.946],[69.3362,21.8625],[69.3555,21.8532],[69.3678,21.8561],[69.3909,21.8767],[69.3952,21.8613],[69.3918,21.8322],[69.3977,21.8153],[69.4274,21.7812],[69.4463,21.7663],[69.4785,21.7526],[69.4994,21.7202],[69.5198,21.7048],[69.5682,21.6501],[69.6297,21.616],[69.7564,21.4904],[69.7887,21.4693],[69.8086,21.4658],[69.8147,21.4337],[69.845,21.3896],[69.9116,21.315],[69.9583,21.2733],[69.968,21.2581],[70.0544,21.1532],[70.1522,21.0785],[70.2635,20.9804],[70.3,20.9586],[70.3367,20.9271],[70.3988,20.9035],[70.417,20.8904],[70.4514,20.8559],[70.4841,20.8439],[70.5415,20.8078],[70.6986,20.7464],[70.7402,20.7185],[70.7746,20.7274],[70.8016,20.7091],[70.8402,20.7019],[70.973,20.7096],[70.9716,20.7247],[70.982,20.7381],[71.006,20.7366],[71.0242,20.7445],[71.0623,20.739],[71.0955,20.7637],[71.1101,20.7595],[71.117,20.7669],[71.1406,20.7657],[71.3186,20.8493],[71.3781,20.8594],[71.4623,20.8853],[71.4807,20.9004],[71.4934,20.9291],[71.5368,20.9643],[71.5693,20.9792],[71.5496,20.9512],[71.5835,20.9582],[71.64,20.9968],[71.6834,21.0115],[71.7176,21.0321],[71.7437,21.0276],[71.763,21.0323],[71.8062,21.0621],[71.9263,21.13],[71.9724,21.1323],[71.9907,21.1364],[72.055,21.1684],[72.0667,21.1813],[72.0908,21.1915],[72.1047,21.2051],[72.1045,21.2222],[72.0908,21.2529],[72.1025,21.2744],[72.097,21.2877],[72.1115,21.2961],[72.1045,21.315],[72.1161,21.3227],[72.1516,21.3602],[72.1668,21.3921],[72.2199,21.4447],[72.2422,21.4808],[72.2752,21.5955],[72.2957,21.616],[72.2957,21.6539],[72.2783,21.6719],[72.2717,21.6909],[72.2404,21.6917],[72.2144,21.7128],[72.1958,21.7578],[72.177,21.7667],[72.166,21.7939],[72.1174,21.7766],[72.1032,21.7752],[72.0739,21.7887],[72.0218,21.7743],[72.0218,21.801],[72.0015,21.7879],[71.9942,21.8122],[71.9973,21.8549],[72.0042,21.8577],[72.0628,21.8344],[72.0868,21.8303],[72.1045,21.8358],[72.0864,21.8656],[72.0493,21.8804],[72.058,21.8987],[72.0776,21.8944],[72.1113,21.8699],[72.1309,21.8463],[72.1694,21.8414],[72.16,21.8659],[72.1698,21.8904],[72.1524,21.8979],[72.1592,21.9046],[72.1454,21.9108],[72.1565,21.9258],[72.1045,21.9177],[72.0876,21.9197],[72.0287,21.9388],[72.0552,21.9535],[72.0733,21.9545],[72.0962,21.943],[72.1045,21.9592],[72.0765,21.9797],[72.1149,21.9694],[72.1281,21.9835],[72.097,22.007],[72.1138,22.0106],[72.1517,21.9939],[72.1634,21.9732],[72.1864,21.9866],[72.1999,22.007],[72.2144,21.994],[72.221,22.011],[72.2373,22.007],[72.2577,22.0122],[72.2752,22.0275],[72.3076,22.079],[72.3172,22.1849],[72.3065,22.2296],[72.2683,22.2268],[72.2341,22.2436],[72.2461,22.2756],[72.2404,22.2882],[72.2092,22.2594],[72.1907,22.2513],[72.166,22.2603],[72.1488,22.2779],[72.1618,22.281],[72.2063,22.2739],[72.2009,22.2914],[72.2085,22.3004],[72.2404,22.3019],[72.2647,22.2952],[72.2632,22.2764],[72.2752,22.2603],[72.3091,22.2572],[72.3283,22.2607],[72.3496,22.3244],[72.3713,22.3559],[72.3972,22.3668],[72.4081,22.3535],[72.405,22.333],[72.3804,22.3124],[72.381,22.2899],[72.3919,22.2535],[72.4137,22.2463],[72.4487,22.2668],[72.467,22.2558],[72.457,22.2367],[72.479,22.2334],[72.5017,22.2404],[72.5212,22.2531],[72.5531,22.2825],[72.5737,22.2882],[72.6066,22.2838],[72.625,22.2714],[72.6594,22.2739],[72.7266,22.2489],[72.7566,22.2437],[72.8182,22.2734],[72.8386,22.2766],[72.8695,22.2624],[72.8997,22.2692],[72.9058,22.2814],[72.9175,22.2714],[72.9227,22.2546],[72.916,22.2231],[72.8972,22.213],[72.8651,22.2335],[72.8474,22.2404],[72.8123,22.2341],[72.7902,22.2172],[72.7482,22.164],[72.7078,22.1858],[72.6819,22.1816],[72.6345,22.2104],[72.6141,22.2117],[72.5905,22.205],[72.5574,22.1767],[72.5422,22.1567],[72.53,22.1075],[72.5195,22.0884],[72.5222,22.0543],[72.5046,21.9942],[72.5017,21.976],[72.5071,21.9623],[72.5334,21.9203],[72.5427,21.9108],[72.5586,21.9153],[72.6027,21.9436],[72.6231,21.9666],[72.6935,21.9723],[72.7009,21.9889],[72.7199,21.9963],[72.7345,21.9866],[72.714,21.983],[72.7023,21.9476],[72.6901,21.9388],[72.6521,21.9411],[72.634,21.9375],[72.6184,21.9251],[72.5988,21.881],[72.5855,21.8589],[72.5669,21.8494],[72.5628,21.8394],[72.5563,21.7743],[72.5501,21.7519],[72.5321,21.7139],[72.5285,21.6951],[72.5347,21.6729],[72.5503,21.6667],[72.6161,21.6855],[72.6764,21.6781],[72.7332,21.6875],[72.7556,21.685],[72.7981,21.6735],[72.8192,21.675],[72.8582,21.695],[72.9269,21.685],[72.9502,21.6892],[72.9915,21.7084],[73.0225,21.716],[73.0466,21.7333],[73.084,21.7464],[73.1262,21.7668],[73.127,21.7468],[73.1082,21.7333],[73.085,21.7297],[73.0225,21.6986],[72.9653,21.6788],[72.9356,21.6584],[72.8897,21.6405],[72.8716,21.6365],[72.834,21.6445],[72.8104,21.6351],[72.7891,21.5955],[72.7512,21.5651],[72.7268,21.5532],[72.6901,21.5407],[72.6511,21.507],[72.6196,21.4874],[72.5837,21.4174],[72.6125,21.4219],[72.665,21.4572],[72.6833,21.4658],[72.7383,21.4829],[72.7485,21.4796],[72.7471,21.4529],[72.7283,21.4658],[72.6764,21.4316],[72.6351,21.4075],[72.5646,21.3858],[72.5789,21.367],[72.5941,21.3628],[72.6387,21.3712],[72.6385,21.3572],[72.6032,21.3527],[72.5868,21.3412],[72.5979,21.3076],[72.6061,21.2666],[72.6184,21.2529],[72.6458,21.2734],[72.647,21.2536],[72.6732,21.2391],[72.6877,21.2204],[72.7236,21.2091],[72.7345,21.1989],[72.721,21.1988],[72.6304,21.136],[72.6155,21.1198],[72.615,21.1059],[72.6379,21.0854],[72.6712,21.0998],[72.6727,21.1457],[72.6867,21.1581],[72.714,21.1641],[72.7287,21.1481],[72.7058,21.1064],[72.7004,21.0748],[72.7302,21.0878],[72.742,21.1232],[72.7556,21.1096],[72.7996,21.1288],[72.8159,21.1215],[72.8499,21.048],[72.845,21.0383],[72.8231,21.0338],[72.7839,21.0404],[72.7669,21.0386],[72.772,21.0239],[72.7876,21.0069],[72.8084,21.004],[72.8327,20.9724],[72.8884,20.9826],[72.8865,20.9621],[72.8565,20.948],[72.8367,20.9299],[72.8649,20.8973],[72.8543,20.8872],[72.8459,20.8518],[72.8369,20.8358],[72.8753,20.8625],[72.9004,20.8681],[72.8801,20.8299],[72.8858,20.8071],[72.9002,20.7991],[72.9194,20.8215],[72.925,20.8106],[72.9194,20.7874],[72.945,20.77],[72.9403,20.7594],[72.8989,20.7322],[72.908,20.7183],[72.9094,20.6987],[72.9026,20.6419],[72.8853,20.6192],[72.8906,20.5871],[72.8904,20.5527],[72.8792,20.5124],[72.847,20.4683],[72.8638,20.462],[72.8796,20.4395],[72.8841,20.4192],[72.8818,20.3921],[72.866,20.3808],[72.839,20.3763],[72.8181,20.3788],[72.8103,20.3688],[72.7816,20.3523],[72.7775,20.3301],[72.7482,20.2803],[72.742,20.225],[72.7556,20.2152],[72.7376,20.1843],[72.7283,20.1295],[72.7081,20.0726],[72.732,20.0757],[72.7708,20.0997],[72.7826,20.1017],[72.8058,20.0925],[72.8308,20.104],[72.8726,20.1018],[72.8976,20.1071],[72.9472,20.1274],[72.9415,20.1775],[72.9354,20.1919],[72.8967,20.2215],[72.8887,20.2442],[72.9027,20.2583],[72.9453,20.2559],[72.9635,20.2952],[72.9976,20.2936],[73.0178,20.3042],[73.0499,20.3303],[73.0651,20.3373],[73.0763,20.328],[73.0713,20.2966],[73.0825,20.2862],[73.117,20.2872],[73.1232,20.2781],[73.1122,20.2549],[73.0468,20.2213],[73.0374,20.212],[73.0339,20.1924],[73.0418,20.1577],[73.0537,20.1422],[73.0861,20.1392],[73.1022,20.1468],[73.1063,20.1717],[73.1192,20.1824],[73.1547,20.1778],[73.17,20.1645],[73.1663,20.1149],[73.193,20.111],[73.231,20.1257],[73.2433,20.1386],[73.2474,20.1753],[73.2718,20.1934],[73.3638,20.1783],[73.3779,20.1803],[73.3839,20.1942],[73.38,20.2283],[73.3891,20.2444],[73.3941,20.2704],[73.3833,20.3487],[73.3607,20.3694],[73.3646,20.3823],[73.3929,20.4185],[73.4421,20.4955],[73.4587,20.538],[73.4506,20.5738],[73.4438,20.5867],[73.4169,20.5926],[73.4037,20.6336],[73.3665,20.6419],[73.3717,20.6595],[73.4042,20.6699],[73.4183,20.6837],[73.429,20.7104],[73.439,20.7191],[73.4535,20.7172],[73.4758,20.6787],[73.5015,20.6646],[73.5389,20.6388],[73.5695,20.6249],[73.5995,20.6046],[73.63,20.5639],[73.6476,20.5592],[73.6998,20.5624],[73.7923,20.6062],[73.8063,20.6264],[73.812,20.6515],[73.811,20.6769],[73.8398,20.7053],[73.8892,20.7406],[73.8989,20.751],[73.909,20.7757],[73.9115,20.8063],[73.9029,20.8839],[73.8846,20.9265],[73.8683,20.9748],[73.8328,21.0037],[73.7898,21.0585],[73.7423,21.0731],[73.7143,21.112],[73.6952,21.1226],[73.634,21.1194],[73.5974,21.1399],[73.5599,21.1742],[73.5528,21.1848],[73.5583,21.1981],[73.5769,21.1946],[73.632,21.1659],[73.6626,21.1725],[73.6981,21.1656],[73.7332,21.1913],[73.7556,21.1972],[73.7774,21.2166],[73.8001,21.2809],[73.8166,21.2835],[73.832,21.2685],[73.8537,21.2678],[73.9186,21.2916],[73.9295,21.3085],[73.9464,21.3735],[73.9602,21.3944],[74.0071,21.4272],[74.0304,21.4521],[74.0535,21.4657],[74.0874,21.4529],[74.1087,21.4516],[74.2406,21.4861],[74.265,21.4964],[74.2915,21.5139],[74.3,21.5279],[74.2972,21.5531],[74.2798,21.574],[74.2296,21.5524],[74.1916,21.5455],[74.1615,21.5662],[74.1318,21.5678],[74.109,21.5526],[74.0379,21.5593],[73.9959,21.5553],[73.9549,21.5438],[73.9239,21.5313],[73.8564,21.5209],[73.8208,21.5083],[73.8112,21.518],[73.7927,21.5526],[73.7633,21.5857],[73.7516,21.611],[73.762,21.6238],[73.7927,21.6267],[73.8109,21.6347],[73.8286,21.6509],[73.8391,21.6822],[73.8372,21.6976],[73.8157,21.7142],[73.8035,21.7398],[73.805,21.7665],[73.7968,21.7945],[73.7976,21.8134],[73.8094,21.8365],[73.8709,21.8547],[73.8995,21.8698],[73.9176,21.8669],[73.9427,21.8746],[73.965,21.8878],[73.9746,21.9012],[74.061,21.9403],[74.1288,21.9518],[74.129,22.0247],[74.1419,22.0628],[74.1406,22.0715],[74.1173,22.102],[74.1065,22.1524],[74.0964,22.1735],[74.0715,22.1978],[74.0641,22.2154],[74.0656,22.2452],[74.0564,22.2942],[74.0594,22.3206],[74.0722,22.3443],[74.0985,22.3458],[74.1201,22.327],[74.1368,22.3209],[74.1801,22.3271],[74.2243,22.3492],[74.2445,22.3754],[74.2436,22.3948],[74.2215,22.4094],[74.1644,22.4167],[74.113,22.4107],[74.0818,22.4278],[74.0257,22.4796],[74.0334,22.5096],[74.0631,22.5209],[74.1197,22.5044],[74.1515,22.5103],[74.1612,22.5167],[74.1976,22.5556],[74.2727,22.6097],[74.2921,22.614],[74.3302,22.6152],[74.3602,22.6324],[74.3764,22.651],[74.4581,22.8041],[74.4591,22.8225],[74.4519,22.8409],[74.4266,22.8716],[74.4009,22.8816],[74.3847,22.8733],[74.365,22.875],[74.355,22.8989],[74.3439,22.9869],[74.3235,23.0361],[74.3015,23.0757],[74.2742,23.0901],[74.2449,23.1413],[74.2333,23.1559],[74.2059,23.1721],[74.1848,23.1775],[74.1717,23.1665],[74.1467,23.1581],[74.1219,23.1702],[74.109,23.1911],[74.1058,23.2477],[74.0837,23.2715],[74.03,23.2977],[73.9957,23.3303],[73.9595,23.3588],[73.9385,23.3622],[73.9292,23.3441],[73.9045,23.3334],[73.8854,23.3392],[73.8556,23.3696],[73.8119,23.4346],[73.7895,23.4398],[73.7107,23.415],[73.6984,23.4163],[73.6661,23.4418],[73.6272,23.4387],[73.6188,23.4519],[73.6296,23.4745],[73.6295,23.4982],[73.6165,23.525],[73.6154,23.5445],[73.6206,23.5826],[73.6154,23.6018],[73.5944,23.6274],[73.5664,23.6354],[73.5365,23.6111],[73.5136,23.5999],[73.5008,23.6073],[73.502,23.6593],[73.5108,23.6845],[73.498,23.7064],[73.4627,23.7147],[73.439,23.7294],[73.4117,23.7792],[73.3949,23.7859],[73.3617,23.7842],[73.3569,23.7944],[73.3651,23.8396],[73.364,23.8891],[73.3754,23.909],[73.4239,23.9409],[73.4182,23.9686],[73.3994,23.9998],[73.3988,24.0291],[73.3885,24.0575],[73.3541,24.1047],[73.3468,24.1081],[73.3313,24.0938],[73.3197,24.0675],[73.3037,24.0455],[73.2558,24.0149],[73.2456,24.0155],[73.208,24.054],[73.2007,24.0786],[73.1895,24.0937],[73.162,24.1068],[73.1482,24.1228],[73.1173,24.139],[73.1016,24.1594],[73.0793,24.2043],[73.0803,24.2268],[73.1075,24.2923],[73.1308,24.3135],[73.1372,24.3359],[73.1809,24.3333],[73.2003,24.3396],[73.2166,24.369],[73.212,24.3874],[73.1967,24.3905],[73.1657,24.3784],[73.105,24.3987],[73.0901,24.4208],[73.0987,24.4425],[73.101,24.4851],[73.095,24.5036],[73.0797,24.5091],[73.0298,24.4974],[72.9997,24.4933],[72.9745,24.4642],[72.9697,24.4281],[72.9587,24.3901],[72.9246,24.3634],[72.8974,24.3606],[72.8357,24.3769],[72.747,24.3807],[72.7176,24.3902],[72.6906,24.4167],[72.6676,24.4609],[72.6488,24.4697],[72.5995,24.4801],[72.5557,24.5067],[72.5251,24.5116],[72.5081,24.5065],[72.5009,24.4961],[72.4848,24.4438],[72.465,24.4297],[72.4491,24.4348],[72.4188,24.4888],[72.4186,24.5173],[72.3973,24.5252],[72.356,24.5247],[72.3424,24.5483],[72.3307,24.5559],[72.3031,24.5577],[72.2752,24.5684],[72.2554,24.5841],[72.2472,24.5995],[72.2617,24.6082],[72.3086,24.6115],[72.3284,24.6172],[72.3325,24.6351],[72.3185,24.6454],[72.2659,24.6354],[72.2063,24.6301],[72.1728,24.634],[72.0994,24.6566],[72.0807,24.6686],[72.0611,24.7016],[72.0509,24.7084],[71.9867,24.6953],[71.9479,24.6626],[71.9205,24.6569],[71.9015,24.6618],[71.8767,24.6856],[71.8414,24.6784],[71.8297,24.6633],[71.8305,24.6438],[71.8215,24.6357],[71.7848,24.6431],[71.7689,24.671],[71.7509,24.6781],[71.6519,24.658],[71.6201,24.6621],[71.591,24.6819],[71.5458,24.6881],[71.4691,24.6864],[71.4496,24.6819],[71.4087,24.6553],[71.3784,24.6467],[71.322,24.6623],[71.296,24.6583],[71.267,24.6474],[71.2515,24.6368],[71.2224,24.6368],[71.1297,24.661],[71.0868,24.6874],[71.0566,24.6928]]]},"properties":{"name":"Gujarat","name_en":"Gujarat","name_ja":"グジャラート州","name_zh":"古吉拉特邦","name_ko":"구자라트","adm0_a3":"IND","iso_3166_2":"IN-GJ","region":"West","geonunit":"India"}},
{"type":"Feature","geometry":{"type":"Polygon","coordinates":[[[78.381,32.528],[78.3589,32.5156],[78.3134,32.4717],[78.2937,32.4733],[78.274,32.4911],[78.2704,32.5042],[78.2865,32.5451],[78.2929,32.5754],[78.3041,32.5962],[78.3329,32.6179],[78.3586,32.6317],[78.3747,32.6488],[78.3843,32.6994],[78.3809,32.7293],[78.3666,32.7652],[78.3533,32.7686],[78.3177,32.7647],[78.3176,32.7436],[78.3051,32.7295],[78.2687,32.7157],[78.2539,32.6979],[78.2279,32.6902],[78.1915,32.692],[78.1545,32.6741],[78.1146,32.6677],[78.077,32.6405],[78.059,32.6183],[78.0432,32.6114],[78.0089,32.6103],[77.9947,32.6204],[77.9832,32.6481],[77.9385,32.6953],[77.9323,32.7109],[77.9289,32.7624],[77.9105,32.7907],[77.8935,32.803],[77.8579,32.873],[77.8238,32.9103],[77.7652,32.9626],[77.7211,33.0126],[77.7033,33.0133],[77.6734,32.9994],[77.6434,32.9761],[77.6158,32.9683],[77.581,32.939],[77.539,32.9184],[77.444,32.8945],[77.394,32.8899],[77.3713,32.867],[77.3487,32.8672],[77.2199,32.902],[77.1358,32.9268],[77.0885,32.9502],[76.9999,33.0072],[76.9561,33.0251],[76.9275,33.0459],[76.903,33.0738],[76.8484,33.1148],[76.8295,33.1255],[76.7687,33.1868],[76.7398,33.1974],[76.6259,33.1893],[76.6119,33.1939],[76.5586,33.2315],[76.5424,33.2329],[76.5122,33.2172],[76.3967,33.1977],[76.3533,33.1801],[76.2943,33.1479],[76.2748,33.1268],[76.2617,33.0865],[76.237,33.0635],[76.2159,33.0511],[76.1528,33.0323],[76.1008,33.0131],[76.0817,33.0008],[76.0514,32.9695],[75.9724,32.911],[75.9436,32.8981],[75.9117,32.9259],[75.8696,32.94],[75.8264,32.9381],[75.8069,32.9237],[75.8049,32.8986],[75.8242,32.8704],[75.8586,32.8395],[75.9093,32.7727],[75.9132,32.7557],[75.9034,32.7364],[75.9014,32.7029],[75.9247,32.652],[75.9226,32.6173],[75.8956,32.5968],[75.8659,32.5606],[75.8671,32.5475],[75.8474,32.5167],[75.8706,32.4997],[75.9117,32.4314],[75.9058,32.4133],[75.8575,32.39],[75.7793,32.3366],[75.7427,32.2993],[75.7118,32.2791],[75.6927,32.2723],[75.6229,32.2585],[75.6134,32.2509],[75.6063,32.2259],[75.6146,32.1968],[75.6323,32.191],[75.6598,32.1953],[75.6562,32.1747],[75.6394,32.1468],[75.5822,32.0923],[75.5809,32.0767],[75.6016,32.0689],[75.6624,32.0604],[75.7065,32.0498],[75.7529,32.0324],[75.8018,32.0056],[75.8612,31.9826],[75.8797,31.9724],[75.9275,31.9079],[75.9643,31.8488],[75.9619,31.8316],[75.9349,31.8329],[75.9226,31.8247],[75.9233,31.8063],[75.9431,31.7718],[76.0705,31.5642],[76.1259,31.4305],[76.141,31.3696],[76.1585,31.3386],[76.1795,31.3185],[76.2011,31.307],[76.2428,31.3181],[76.2754,31.3104],[76.2878,31.3245],[76.2945,31.3475],[76.3143,31.3499],[76.3228,31.3642],[76.3169,31.4017],[76.3221,31.4128],[76.345,31.4182],[76.3599,31.4303],[76.3736,31.4192],[76.4335,31.3178],[76.4394,31.2997],[76.4638,31.3071],[76.4754,31.3034],[76.4963,31.2831],[76.5033,31.2909],[76.5205,31.2892],[76.5316,31.2787],[76.5367,31.2599],[76.5506,31.2598],[76.5672,31.2805],[76.587,31.2498],[76.5814,31.2311],[76.6143,31.229],[76.6284,31.2201],[76.6065,31.1928],[76.6014,31.1775],[76.5998,31.1349],[76.6217,31.1165],[76.6231,31.1073],[76.6059,31.0726],[76.6153,31.0301],[76.6452,30.9993],[76.7003,30.9619],[76.7218,30.9412],[76.7682,30.9076],[76.7963,30.9303],[76.8205,30.9294],[76.829,30.9119],[76.847,30.8987],[76.8897,30.9017],[76.9057,30.8993],[76.9339,30.8704],[76.9489,30.8295],[76.964,30.8159],[76.9946,30.802],[77.0015,30.7773],[77.0433,30.7605],[77.1151,30.7221],[77.141,30.693],[77.1503,30.664],[77.1453,30.5959],[77.1301,30.5687],[77.1478,30.5387],[77.2013,30.5002],[77.2081,30.477],[77.241,30.4893],[77.3034,30.4603],[77.3591,30.4498],[77.3805,30.4293],[77.4122,30.4356],[77.4447,30.4543],[77.4497,30.4415],[77.4334,30.4255],[77.4614,30.4173],[77.5133,30.4249],[77.5385,30.4038],[77.5851,30.3829],[77.5653,30.4149],[77.5759,30.4287],[77.5978,30.437],[77.665,30.446],[77.6886,30.4552],[77.7685,30.4982],[77.8018,30.5084],[77.813,30.5211],[77.8089,30.552],[77.7736,30.5576],[77.7433,30.6006],[77.7633,30.6165],[77.7708,30.6351],[77.7647,30.6608],[77.7443,30.6854],[77.7349,30.7359],[77.707,30.7594],[77.7058,30.7915],[77.7291,30.8364],[77.7417,30.8697],[77.7519,30.8831],[77.7872,30.8738],[77.7934,30.8957],[77.7891,30.9306],[77.7622,30.95],[77.7501,30.969],[77.7565,30.9854],[77.7755,30.9802],[77.7932,30.9841],[77.8082,31.004],[77.796,31.0314],[77.806,31.0505],[77.8659,31.1028],[77.8978,31.138],[77.9411,31.1729],[77.9637,31.1761],[78.0089,31.1691],[78.0397,31.1722],[78.0708,31.1852],[78.1172,31.2142],[78.1862,31.2481],[78.2345,31.2612],[78.2842,31.2903],[78.313,31.2945],[78.3687,31.29],[78.4017,31.2681],[78.425,31.2702],[78.4427,31.262],[78.4737,31.2319],[78.501,31.2196],[78.5817,31.2311],[78.6052,31.23],[78.6516,31.2154],[78.7226,31.2138],[78.7927,31.207],[78.8197,31.1643],[78.8463,31.1352],[78.8695,31.122],[78.9332,31.1185],[78.9615,31.1218],[78.9932,31.1308],[78.9933,31.1634],[78.9363,31.2404],[78.8926,31.2818],[78.862,31.2915],[78.822,31.2937],[78.7845,31.2883],[78.7451,31.3081],[78.7385,31.335],[78.7455,31.3735],[78.7601,31.412],[78.7626,31.4451],[78.733,31.4677],[78.6954,31.4881],[78.6995,31.51],[78.797,31.5788],[78.8189,31.6074],[78.7953,31.6338],[78.7581,31.6666],[78.7313,31.668],[78.6932,31.7185],[78.6956,31.7467],[78.6709,31.7705],[78.6741,31.787],[78.7003,31.8217],[78.7202,31.9029],[78.742,31.9453],[78.7446,31.9642],[78.7222,31.9946],[78.6783,32.0168],[78.6493,32.0364],[78.5518,32.1504],[78.535,32.1813],[78.5131,32.2076],[78.458,32.2297],[78.4627,32.2818],[78.4389,32.3733],[78.4364,32.3962],[78.4522,32.4168],[78.4488,32.4268],[78.4092,32.4766],[78.381,32.528]]]},"properties":{"name":"Himachal Pradesh","name_en":"Himachal Pradesh","name_ja":"ヒマーチャル・プラデーシュ州","name_zh":"喜马偕尔邦","name_ko":"히마찰프라데시","adm0_a3":"IND","postal":"HP","iso_3166_2":"IN-HP","type_en":"Union Territory","region":"North","geonunit":"India"}},
{"type":"Feature","geometry":{"type":"Polygon","coordinates":[[[75.3481,34.5572],[75.307,34.574],[75.2675,34.5983],[75.2369,34.6319],[75.2129,34.645],[75.1763,34.6454],[75.111,34.6336],[75.0178,34.6297],[74.6649,34.6883],[74.4121,34.7645],[74.3489,34.7734],[74.2858,34.7689],[74.2218,34.7478],[74.1468,34.7019],[74.1209,34.6909],[73.9622,34.6682],[73.9193,34.6425],[73.9175,34.6193],[73.9254,34.5934],[73.926,34.565],[73.911,34.545],[73.8631,34.5171],[73.847,34.4943],[73.8455,34.4565],[73.8316,34.4364],[73.7963,34.4185],[73.7798,34.3961],[73.7749,34.371],[73.7827,34.3468],[73.8042,34.3275],[73.8533,34.3074],[73.879,34.3043],[73.9377,34.3042],[73.9544,34.2872],[73.9767,34.2376],[73.9906,34.2185],[73.9983,34.1968],[73.9954,34.1764],[73.9767,34.1616],[73.9169,34.1353],[73.8933,34.1147],[73.8844,34.0842],[73.8937,34.0543],[73.9162,34.0279],[73.9458,34.0098],[73.9767,34.0046],[74.045,34.0194],[74.0653,34.0183],[74.1184,34.0025],[74.1543,34.0041],[74.1921,34.0119],[74.2284,34.0129],[74.2597,33.9944],[74.2723,33.9621],[74.2625,33.9299],[74.2395,33.901],[74.2126,33.8784],[74.1775,33.8575],[74.1423,33.8442],[74.0346,33.8286],[74.0113,33.8105],[73.9767,33.7589],[73.9631,33.7216],[73.9608,33.6923],[73.9683,33.6621],[73.9767,33.6484],[74.0242,33.6143],[74.0881,33.5853],[74.1416,33.5494],[74.1578,33.4942],[74.1363,33.418],[74.1055,33.3452],[74.0851,33.3143],[74.0554,33.292],[74.0017,33.2702],[73.9918,33.2526],[73.9885,33.2086],[74.0023,33.1777],[74.0294,33.1542],[74.0658,33.1326],[74.0985,33.1048],[74.1539,33.0402],[74.1909,33.0221],[74.284,33.0088],[74.3113,32.9943],[74.322,32.972],[74.3245,32.9214],[74.3367,32.8701],[74.3338,32.8493],[74.3065,32.8099],[74.3293,32.7764],[74.3462,32.7669],[74.3677,32.7635],[74.3864,32.7678],[74.419,32.7846],[74.4387,32.786],[74.4553,32.7786],[74.4845,32.7535],[74.521,32.7453],[74.5738,32.7526],[74.6141,32.7704],[74.6359,32.8221],[74.6536,32.8374],[74.6718,32.8406],[74.6853,32.8312],[74.6891,32.8088],[74.6823,32.7873],[74.657,32.7453],[74.6497,32.7231],[74.6573,32.6606],[74.656,32.6407],[74.6296,32.5881],[74.6326,32.5682],[74.6626,32.4984],[74.6893,32.4714],[74.725,32.4608],[74.7635,32.4627],[74.7994,32.4727],[74.8382,32.4749],[74.907,32.4452],[74.9484,32.4488],[74.9907,32.4634],[75.0237,32.4663],[75.0549,32.4555],[75.0922,32.4293],[75.126,32.4117],[75.1962,32.3973],[75.2302,32.3802],[75.2984,32.3324],[75.3271,32.34],[75.3904,32.3355],[75.4368,32.3602],[75.442,32.3362],[75.4514,32.324],[75.4807,32.3075],[75.5024,32.3006],[75.538,32.3452],[75.5733,32.3746],[75.612,32.3955],[75.6826,32.3998],[75.6983,32.406],[75.7294,32.4296],[75.743,32.4644],[75.7977,32.4811],[75.8286,32.4979],[75.8474,32.5167],[75.8671,32.5475],[75.8659,32.5606],[75.8956,32.5968],[75.9226,32.6173],[75.9247,32.652],[75.9014,32.7029],[75.9034,32.7364],[75.9132,32.7557],[75.9093,32.7727],[75.8586,32.8395],[75.8242,32.8704],[75.8049,32.8986],[75.8069,32.9237],[75.8264,32.9381],[75.8696,32.94],[75.9117,32.9259],[75.9436,32.8981],[75.9724,32.911],[76.0514,32.9695],[76.0817,33.0008],[76.1008,33.0131],[76.1528,33.0323],[76.2159,33.0511],[76.237,33.0635],[76.2617,33.0865],[76.2748,33.1268],[76.2943,33.1479],[76.3533,33.1801],[76.3967,33.1977],[76.5122,33.2172],[76.5424,33.2329],[76.5586,33.2315],[76.6119,33.1939],[76.6259,33.1893],[76.7398,33.1974],[76.6887,33.2708],[76.6466,33.3521],[76.5778,33.4277],[76.488,33.5022],[76.3857,33.5387],[76.3053,33.552],[76.2461,33.5741],[76.2327,33.6499],[76.2358,33.7288],[76.2098,33.7943],[76.1664,33.8732],[76.0733,33.922],[76.0512,33.9527],[76.0244,33.9821],[75.9779,33.9713],[75.8796,33.9637],[75.7849,34.0311],[75.7417,34.0664],[75.6995,34.1177],[75.6913,34.1637],[75.6634,34.1992],[75.5846,34.2101],[75.4695,34.2801],[75.3745,34.371],[75.3441,34.469],[75.3481,34.5572]]]},"properties":{"name":"Jammu and Kashmir","name_en":"Jammu and Kashmir","name_ja":"ジャンムー・カシミール州","name_zh":"查谟-克什米尔邦","name_ko":"잠무 카슈미르","adm0_a3":"IND","postal":"JK","iso_3166_2":"IN-JK","type_en":"Union Territory","region":"North","geonunit":"India"}},
{"type":"Feature","geometry":{"type":"Polygon","coordinates":[[[88.0871,26.5391],[88.0798,26.5176],[88.0823,26.4949],[88.0742,26.4539],[88.0443,26.4057],[88.0066,26.3699],[87.9755,26.3666],[87.9612,26.379],[87.9148,26.4083],[87.902,26.4353],[87.8707,26.4607],[87.8521,26.4607],[87.8216,26.4375],[87.8044,26.4374],[87.769,26.4515],[87.7562,26.4469],[87.7422,26.4105],[87.7275,26.4038],[87.7109,26.4057],[87.6812,26.4242],[87.6596,26.4175],[87.624,26.3929],[87.587,26.378],[87.5521,26.3867],[87.4803,26.4234],[87.4496,26.4286],[87.4165,26.427],[87.3842,26.4186],[87.3564,26.4037],[87.3449,26.3893],[87.3262,26.3533],[87.314,26.3438],[87.3005,26.346],[87.2453,26.3702],[87.2294,26.3988],[87.2191,26.4081],[87.1885,26.3996],[87.135,26.3942],[87.1063,26.4047],[87.0833,26.4321],[87.0667,26.4656],[87.0565,26.4949],[87.045,26.5443],[87.0413,26.5802],[87.0299,26.5798],[86.9724,26.532],[86.9071,26.5115],[86.876,26.4949],[86.8657,26.4724],[86.8464,26.4527],[86.8219,26.4381],[86.7964,26.4315],[86.7519,26.4455],[86.7382,26.4437],[86.7136,26.4146],[86.6952,26.4182],[86.6253,26.4563],[86.5579,26.484],[86.5377,26.4949],[86.5106,26.5201],[86.4448,26.5431],[86.3836,26.5728],[86.3537,26.5826],[86.3232,26.5801],[86.309,26.588],[86.3086,26.6022],[86.2844,26.612],[86.2252,26.5974],[86.2029,26.5846],[86.1854,26.5844],[86.1678,26.5966],[86.1448,26.6015],[86.1221,26.6003],[86.0417,26.6455],[86.0114,26.6544],[85.9757,26.6444],[85.9521,26.642],[85.9347,26.6329],[85.8664,26.5799],[85.8448,26.5685],[85.8216,26.5717],[85.8176,26.5967],[85.8097,26.603],[85.781,26.5992],[85.727,26.6376],[85.7129,26.6532],[85.7022,26.6885],[85.7096,26.7625],[85.7018,26.7966],[85.6878,26.8119],[85.6094,26.851],[85.5986,26.8544],[85.5195,26.8264],[85.4396,26.7877],[85.4215,26.7827],[85.3859,26.7884],[85.3532,26.7576],[85.337,26.7468],[85.2873,26.737],[85.1949,26.7589],[85.1657,26.7863],[85.162,26.851],[85.1228,26.8657],[85.1002,26.8635],[85.044,26.8437],[85.0186,26.8458],[85.018,26.8744],[84.9758,26.8869],[84.9527,26.8976],[84.9386,26.9366],[84.924,26.9557],[84.9016,26.9672],[84.8518,26.9821],[84.8281,26.9949],[84.8175,27.0106],[84.8019,27.0138],[84.772,26.9992],[84.7607,26.999],[84.6402,27.0284],[84.6273,27.0365],[84.6215,27.058],[84.6304,27.0808],[84.6544,27.1254],[84.6598,27.1651],[84.6577,27.2034],[84.6482,27.2407],[84.6319,27.277],[84.6065,27.3105],[84.577,27.329],[84.2894,27.3761],[84.2677,27.3886],[84.239,27.4311],[84.2255,27.4404],[84.1858,27.4386],[84.1657,27.4722],[84.1417,27.4808],[84.1216,27.495],[84.1172,27.5133],[84.0995,27.5169],[84.0796,27.5095],[84.0289,27.4537],[84.0077,27.4408],[83.9758,27.4397],[83.923,27.45],[83.8999,27.4439],[83.8535,27.441],[83.8341,27.434],[83.8427,27.4181],[83.8712,27.3894],[83.8774,27.3617],[83.8533,27.3462],[83.8492,27.3267],[83.8833,27.3301],[83.8928,27.324],[83.8841,27.2866],[83.8907,27.2731],[83.9241,27.2483],[83.9424,27.2225],[83.9383,27.1644],[83.9482,27.1441],[83.9797,27.1198],[83.9983,27.0821],[84.0234,27.06],[84.0289,27.0306],[84.0272,26.9996],[84.0597,26.939],[84.0706,26.9236],[84.1107,26.9053],[84.149,26.8763],[84.1587,26.8765],[84.1878,26.894],[84.2261,26.8915],[84.2408,26.8742],[84.2464,26.8535],[84.2472,26.8216],[84.2402,26.7722],[84.2464,26.757],[84.2834,26.7556],[84.3063,26.7444],[84.3814,26.6774],[84.3936,26.6492],[84.383,26.6417],[84.2295,26.6406],[84.1918,26.6461],[84.1649,26.6537],[84.0992,26.6496],[84.0862,26.6376],[84.0714,26.5917],[84.054,26.5648],[84.0348,26.5559],[83.9944,26.5478],[83.9714,26.5209],[83.9563,26.5208],[83.9442,26.5497],[83.9259,26.5464],[83.9201,26.5327],[83.9201,26.474],[83.9263,26.4646],[83.9551,26.4539],[83.9807,26.4544],[84.016,26.4734],[84.0401,26.4597],[84.0674,26.4366],[84.1035,26.4186],[84.1776,26.4043],[84.1859,26.383],[84.163,26.3459],[84.1633,26.3285],[84.1872,26.2928],[84.167,26.2745],[84.1274,26.2805],[84.1138,26.2782],[84.0804,26.2593],[84.0231,26.2549],[83.9927,26.2411],[83.9851,26.2274],[83.9881,26.2086],[84.0223,26.1839],[84.0383,26.162],[84.0649,26.1035],[84.108,26.0868],[84.1503,26.066],[84.1686,26.0424],[84.1759,26.0228],[84.2061,26.0154],[84.2197,25.9744],[84.2304,25.9568],[84.2615,25.9313],[84.2983,25.9286],[84.345,25.9405],[84.3743,25.9403],[84.3965,25.9237],[84.4197,25.8896],[84.4701,25.8658],[84.5195,25.8669],[84.5316,25.8621],[84.6055,25.7998],[84.6105,25.7739],[84.5993,25.7612],[84.6007,25.747],[84.5422,25.7054],[84.5242,25.7002],[84.4867,25.7007],[84.4381,25.7187],[84.4192,25.7307],[84.3876,25.7594],[84.3728,25.7651],[84.3147,25.7422],[84.3127,25.7197],[84.3282,25.6741],[84.3242,25.6589],[84.3094,25.6497],[84.276,25.6415],[84.2389,25.648],[84.2224,25.6608],[84.2134,25.6831],[84.2129,25.728],[84.1798,25.7459],[84.1434,25.7362],[84.0582,25.6737],[84.0034,25.6082],[83.9819,25.5893],[83.9181,25.5493],[83.9043,25.5295],[83.8869,25.517],[83.8549,25.502],[83.8114,25.486],[83.8013,25.4641],[83.7749,25.445],[83.6701,25.3885],[83.5156,25.3068],[83.4836,25.2842],[83.4161,25.2544],[83.3841,25.2359],[83.346,25.199],[83.3343,25.1726],[83.3298,25.1458],[83.3233,25.068],[83.3376,25.0386],[83.3599,25.009],[83.3666,24.9687],[83.3633,24.9149],[83.3528,24.888],[83.3602,24.8633],[83.3819,24.8436],[83.4041,24.8317],[83.4326,24.7925],[83.4578,24.7759],[83.5088,24.7621],[83.5236,24.7463],[83.531,24.7036],[83.5122,24.6754],[83.5125,24.6604],[83.5254,24.6289],[83.5202,24.5926],[83.5252,24.5585],[83.5231,24.5297],[83.5387,24.5313],[83.6372,24.5172],[83.6959,24.5063],[83.7502,24.5084],[83.7677,24.5138],[83.7879,24.5373],[83.8089,24.5425],[83.8498,24.5351],[83.8798,24.5413],[83.9184,24.5438],[83.9539,24.5589],[83.9659,24.576],[83.9924,24.5914],[84.0116,24.6328],[84.0217,24.639],[84.0439,24.6239],[84.0757,24.5621],[84.0956,24.5041],[84.1197,24.4742],[84.1394,24.4712],[84.149,24.4849],[84.1521,24.5078],[84.1692,24.5055],[84.1741,24.4795],[84.1902,24.4766],[84.198,24.4903],[84.1974,24.5181],[84.2469,24.5269],[84.2757,24.5203],[84.2858,24.5316],[84.3054,24.5308],[84.3246,24.5029],[84.3252,24.4704],[84.3119,24.4511],[84.3144,24.4431],[84.3388,24.4206],[84.3528,24.4011],[84.3809,24.3778],[84.4097,24.3642],[84.4345,24.3465],[84.4546,24.3204],[84.472,24.3074],[84.4967,24.3017],[84.5192,24.3075],[84.5399,24.326],[84.5496,24.3523],[84.5732,24.3718],[84.5883,24.3944],[84.6123,24.3807],[84.6576,24.3751],[84.6882,24.4307],[84.7043,24.4433],[84.7476,24.4651],[84.7985,24.4966],[84.8131,24.4954],[84.8256,24.4849],[84.8352,24.4379],[84.8438,24.4335],[84.8685,24.4401],[84.8763,24.4364],[84.889,24.3728],[84.9089,24.3537],[84.9615,24.3484],[84.9818,24.3528],[85.0154,24.3718],[85.0806,24.3933],[85.0885,24.3833],[85.0825,24.3485],[85.0976,24.3442],[85.1577,24.3956],[85.1602,24.4213],[85.171,24.4309],[85.261,24.4618],[85.2713,24.467],[85.2806,24.4873],[85.2952,24.4911],[85.3746,24.4996],[85.3914,24.5095],[85.439,24.5052],[85.4824,24.5093],[85.5171,24.4995],[85.5264,24.5016],[85.5739,24.5457],[85.5784,24.5578],[85.6198,24.5499],[85.6437,24.5501],[85.6624,24.5689],[85.6624,24.6057],[85.6473,24.6486],[85.6808,24.6585],[85.6937,24.6822],[85.701,24.7245],[85.7185,24.7538],[85.746,24.77],[85.8309,24.7709],[85.8659,24.7517],[85.9116,24.6985],[85.9593,24.7032],[86.0016,24.7291],[86.0181,24.743],[86.0402,24.75],[86.0469,24.7396],[86.0329,24.7124],[86.0645,24.7067],[86.0977,24.6905],[86.1077,24.6716],[86.1177,24.597],[86.1257,24.5807],[86.1549,24.5561],[86.1914,24.553],[86.2236,24.5679],[86.2623,24.5538],[86.2905,24.5516],[86.3003,24.5326],[86.3046,24.5003],[86.2984,24.4816],[86.2725,24.4545],[86.2764,24.4348],[86.3551,24.3953],[86.4164,24.3519],[86.4387,24.3404],[86.4497,24.3431],[86.4619,24.3631],[86.4612,24.3835],[86.4675,24.3999],[86.486,24.4105],[86.4852,24.4452],[86.4944,24.4798],[86.5362,24.5156],[86.5857,24.5614],[86.6074,24.5613],[86.6492,24.5427],[86.7023,24.5478],[86.728,24.5601],[86.7379,24.5809],[86.7554,24.5881],[86.7815,24.5775],[86.8132,24.5542],[86.8899,24.5316],[86.8907,24.5645],[86.9153,24.5973],[86.9178,24.6127],[86.9611,24.6052],[87.0131,24.586],[87.0298,24.584],[87.05,24.597],[87.0519,24.6181],[87.0694,24.6681],[87.0667,24.6995],[87.0775,24.7453],[87.0681,24.7785],[87.0856,24.7979],[87.1192,24.8511],[87.1217,24.8638],[87.1173,24.9709],[87.1282,25.0016],[87.1509,25.0316],[87.1855,25.062],[87.2167,25.0726],[87.2542,25.0629],[87.2659,25.0722],[87.2919,25.1743],[87.3025,25.1839],[87.3374,25.1882],[87.3638,25.1965],[87.4067,25.181],[87.4234,25.1885],[87.4361,25.2288],[87.4547,25.2433],[87.4597,25.2659],[87.4708,25.2842],[87.5235,25.3238],[87.5581,25.3119],[87.5702,25.3035],[87.5987,25.2667],[87.6596,25.2551],[87.6812,25.2454],[87.7262,25.2516],[87.7496,25.2482],[87.7702,25.237],[87.7837,25.2141],[87.8171,25.2467],[87.8381,25.2778],[87.8137,25.3473],[87.7963,25.3681],[87.7748,25.367],[87.7634,25.3887],[87.7438,25.4026],[87.767,25.4264],[87.768,25.4363],[87.8194,25.4574],[87.8632,25.4786],[87.8782,25.4998],[87.9226,25.5144],[87.9558,25.5341],[87.9887,25.5183],[87.9905,25.5077],[88.0058,25.5012],[88.0674,25.4911],[88.0649,25.5199],[88.0431,25.5471],[88.0568,25.6141],[88.0464,25.6689],[88.0329,25.6913],[88.0051,25.7108],[87.9426,25.7353],[87.9322,25.7513],[87.9105,25.7651],[87.8927,25.8042],[87.8651,25.8439],[87.8054,25.8737],[87.7874,25.9117],[87.7932,25.9234],[87.8171,25.9371],[87.8299,25.9866],[87.8314,26.0106],[87.8673,26.0492],[87.9367,26.099],[87.9794,26.1458],[88.0165,26.1509],[88.0381,26.1711],[88.0798,26.1928],[88.1186,26.2265],[88.1544,26.2654],[88.1805,26.2855],[88.2201,26.2995],[88.2511,26.3268],[88.2637,26.3327],[88.2972,26.3362],[88.3037,26.36],[88.2922,26.3765],[88.2595,26.3908],[88.2578,26.4109],[88.2823,26.4284],[88.2708,26.4442],[88.2374,26.4746],[88.2087,26.4887],[88.195,26.5015],[88.2058,26.5397],[88.194,26.5495],[88.1502,26.5353],[88.1219,26.5305],[88.0871,26.5391]]]},"properties":{"name":"Bihar","name_en":"Bihar","name_ja":"ビハール州","name_zh":"比哈尔邦","name_ko":"비하르","adm0_a3":"IND","postal":"BR","iso_3166_2":"IN-BR","type_en":"State","region":"East","geonunit":"India"}},
{"type":"Feature","geometry":{"type":"Polygon","coordinates":[[[83.8533,27.3462],[83.848,27.351],[83.802,27.3659],[83.6634,27.4323],[83.5904,27.4566],[83.481,27.4697],[83.387,27.4705],[83.361,27.4622],[83.3558,27.4287],[83.371,27.4102],[83.3627,27.3856],[83.3411,27.3569],[83.3049,27.3319],[83.2824,27.3309],[83.2595,27.3381],[83.2494,27.3481],[83.2316,27.3812],[83.2192,27.3938],[83.1696,27.4312],[83.1328,27.4442],[83.0105,27.4434],[82.9472,27.4573],[82.9013,27.4804],[82.8763,27.4875],[82.7521,27.495],[82.7297,27.5182],[82.7189,27.5561],[82.7092,27.6309],[82.6971,27.6694],[82.6797,27.6944],[82.6521,27.7042],[82.5262,27.6752],[82.4407,27.6664],[82.4019,27.6772],[82.3479,27.726],[82.2704,27.7605],[82.151,27.8483],[82.0904,27.8723],[82.0516,27.9052],[82.0272,27.9124],[81.9759,27.917],[81.9464,27.9054],[81.9061,27.8631],[81.8832,27.8491],[81.8557,27.8509],[81.8002,27.8841],[81.7501,27.9097],[81.7104,27.9475],[81.6889,27.9632],[81.615,27.9812],[81.5951,27.9949],[81.5822,28.0133],[81.5619,28.026],[81.4735,28.0664],[81.4582,28.0773],[81.4482,28.1114],[81.4173,28.147],[81.396,28.1606],[81.3732,28.1678],[81.3579,28.166],[81.3381,28.1327],[81.3071,28.1238],[81.2962,28.1283],[81.2994,28.1425],[81.2831,28.1461],[81.2808,28.162],[81.2959,28.1675],[81.2824,28.1916],[81.2243,28.2508],[81.2107,28.2786],[81.1904,28.3381],[81.1697,28.3613],[81.1463,28.3722],[81.0004,28.397],[80.9878,28.431],[80.976,28.4369],[80.9412,28.4327],[80.9053,28.4408],[80.8867,28.4528],[80.8723,28.4969],[80.858,28.5024],[80.817,28.5026],[80.7817,28.5147],[80.7435,28.55],[80.7271,28.5597],[80.6786,28.5747],[80.6483,28.6198],[80.6356,28.6279],[80.5985,28.6338],[80.5636,28.647],[80.5569,28.655],[80.5558,28.6789],[80.5176,28.68],[80.4975,28.6701],[80.4849,28.6393],[80.4934,28.5756],[80.4885,28.5624],[80.4688,28.5718],[80.4265,28.6168],[80.4084,28.6263],[80.3883,28.6272],[80.3498,28.6202],[80.3297,28.6275],[80.3183,28.6401],[80.291,28.6897],[80.257,28.7027],[80.2333,28.7327],[80.2164,28.7419],[80.1812,28.7473],[80.1476,28.7633],[80.1142,28.8026],[80.0731,28.8209],[80.0555,28.7791],[80.028,28.7523],[80.0006,28.7373],[79.972,28.7329],[79.9536,28.7363],[79.9289,28.7577],[79.9315,28.7822],[79.8957,28.7752],[79.8901,28.7825],[79.8951,28.8051],[79.887,28.818],[79.8445,28.8049],[79.8341,28.8058],[79.8286,28.8245],[79.841,28.8553],[79.8126,28.8769],[79.7433,28.8852],[79.7299,28.8796],[79.7256,28.8589],[79.6994,28.8504],[79.6328,28.8633],[79.6002,28.849],[79.5882,28.8491],[79.5665,28.8793],[79.5262,28.8784],[79.4437,28.8496],[79.4305,28.8763],[79.4167,28.9218],[79.3712,28.9699],[79.3406,28.963],[79.2964,28.9716],[79.1706,29.0511],[79.1453,29.0778],[79.1392,29.1069],[79.1304,29.1153],[79.0559,29.1518],[79.0367,29.1539],[79.0134,29.142],[78.9504,29.127],[78.9138,29.1056],[78.9051,29.1588],[78.8857,29.1974],[78.8677,29.2152],[78.7215,29.284],[78.7262,29.3163],[78.7611,29.3303],[78.7878,29.319],[78.7968,29.3208],[78.8163,29.35],[78.8475,29.3453],[78.86,29.3503],[78.9069,29.3884],[78.92,29.4222],[78.9064,29.4305],[78.833,29.4439],[78.8064,29.4531],[78.6431,29.5376],[78.589,29.5801],[78.5542,29.6209],[78.5361,29.6478],[78.5148,29.6891],[78.4787,29.722],[78.3806,29.7616],[78.3527,29.7878],[78.3254,29.8431],[78.2865,29.8923],[78.2283,29.9474],[78.1936,29.9562],[78.1773,29.9526],[78.1598,29.9386],[78.155,29.9254],[78.1607,29.8771],[78.1905,29.7926],[78.1978,29.7482],[78.1891,29.7067],[78.155,29.675],[78.1072,29.6545],[78.0761,29.6641],[78.04,29.6882],[77.9828,29.7188],[77.9537,29.7232],[77.923,29.701],[77.8315,29.6599],[77.7838,29.7418],[77.7764,29.7675],[77.7677,29.8194],[77.747,29.878],[77.7482,29.9199],[77.7431,29.96],[77.7464,29.9773],[77.7906,30.0395],[77.835,30.1314],[77.8692,30.1658],[77.9205,30.1987],[77.9399,30.2151],[77.9461,30.2283],[77.9289,30.2443],[77.8116,30.2923],[77.7506,30.3256],[77.6615,30.3949],[77.619,30.402],[77.5851,30.3829],[77.588,30.3704],[77.5851,30.3252],[77.5701,30.2782],[77.5514,30.2614],[77.5094,30.2324],[77.4443,30.1737],[77.4057,30.1416],[77.4033,30.1128],[77.3701,30.0964],[77.339,30.0697],[77.3233,30.0644],[77.3179,30.0404],[77.2847,30.0381],[77.2773,30.0176],[77.2299,29.9766],[77.2097,29.9288],[77.1804,29.8043],[77.1618,29.7712],[77.1405,29.7697],[77.1323,29.7558],[77.1414,29.7333],[77.1281,29.7142],[77.1066,29.7023],[77.1139,29.6822],[77.0878,29.6585],[77.0936,29.6409],[77.0859,29.624],[77.0998,29.589],[77.0933,29.5811],[77.0647,29.5695],[77.0582,29.5555],[77.0724,29.5279],[77.0687,29.503],[77.0775,29.4922],[77.1052,29.4954],[77.1203,29.4838],[77.0727,29.4401],[77.0656,29.4248],[77.1306,29.4264],[77.1482,29.4149],[77.1498,29.4034],[77.1339,29.3802],[77.1339,29.3426],[77.1501,29.3133],[77.1307,29.2806],[77.1414,29.1303],[77.1339,29.1164],[77.1482,29.0996],[77.1694,29.0365],[77.1957,28.9976],[77.1776,28.9806],[77.1755,28.9631],[77.2097,28.9351],[77.2199,28.906],[77.2008,28.8768],[77.2167,28.8435],[77.2063,28.8219],[77.22,28.8051],[77.2272,28.7836],[77.3069,28.7206],[77.3375,28.6262],[77.3262,28.6085],[77.301,28.5836],[77.2978,28.5694],[77.3274,28.5197],[77.3435,28.4983],[77.3769,28.4841],[77.3772,28.4553],[77.4076,28.469],[77.4155,28.465],[77.4282,28.4307],[77.4658,28.4343],[77.4682,28.3967],[77.497,28.3933],[77.4721,28.3404],[77.4665,28.3152],[77.4879,28.299],[77.4908,28.2635],[77.5289,28.2535],[77.5387,28.2431],[77.5283,28.2378],[77.5207,28.2172],[77.497,28.2089],[77.5016,28.1967],[77.5286,28.1929],[77.5387,28.181],[77.5072,28.1702],[77.4949,28.1518],[77.4958,28.126],[77.5038,28.0929],[77.4697,28.1127],[77.4764,28.0715],[77.4681,28.0468],[77.5038,28.0202],[77.5265,27.9745],[77.5293,27.9525],[77.5082,27.9433],[77.4888,27.92],[77.4799,27.898],[77.4592,27.885],[77.4245,27.8908],[77.3902,27.8607],[77.353,27.8538],[77.3068,27.8321],[77.2807,27.8094],[77.2934,27.7688],[77.2942,27.722],[77.3149,27.7064],[77.3274,27.69],[77.3347,27.6532],[77.3196,27.6297],[77.322,27.6129],[77.342,27.5925],[77.3367,27.5604],[77.3456,27.5419],[77.3878,27.4968],[77.4153,27.4593],[77.4277,27.4176],[77.4425,27.3962],[77.4598,27.3851],[77.502,27.3749],[77.5564,27.3385],[77.5935,27.332],[77.6061,27.3236],[77.6105,27.2793],[77.6249,27.2569],[77.6355,27.2254],[77.6522,27.2145],[77.6573,27.2027],[77.6403,27.1773],[77.6041,27.1607],[77.5914,27.1307],[77.5747,27.1237],[77.5134,27.1092],[77.4998,27.0892],[77.5118,27.0726],[77.5328,27.0703],[77.5434,27.0452],[77.5597,27.0368],[77.5942,27.0311],[77.6236,27.0313],[77.643,27.0466],[77.6526,27.0391],[77.6682,27.012],[77.6834,27.0072],[77.7014,27.0253],[77.7138,27.0234],[77.7191,27.0029],[77.7,26.9887],[77.6285,26.9732],[77.4608,26.9042],[77.4233,26.8844],[77.4022,26.8642],[77.3992,26.8104],[77.3949,26.7885],[77.407,26.7751],[77.4319,26.7812],[77.4545,26.8074],[77.4663,26.8334],[77.5105,26.8333],[77.6414,26.8832],[77.6651,26.8968],[77.7046,26.9298],[77.7338,26.9335],[77.7607,26.9267],[77.8218,26.9194],[77.8526,26.9029],[77.8698,26.9131],[77.8888,26.915],[77.9174,26.9077],[77.9766,26.9044],[78.0007,26.8907],[78.0163,26.8667],[78.0213,26.8999],[78.0293,26.91],[78.0661,26.9123],[78.0789,26.9287],[78.1069,26.9473],[78.1519,26.9509],[78.2007,26.9392],[78.2231,26.9371],[78.2426,26.9273],[78.2465,26.9178],[78.2081,26.8822],[78.1726,26.8686],[78.1936,26.8398],[78.2001,26.8236],[78.2549,26.8173],[78.2723,26.8446],[78.286,26.8548],[78.3261,26.8598],[78.3506,26.8585],[78.3715,26.851],[78.3849,26.8268],[78.4281,26.8225],[78.4461,26.8],[78.4616,26.7923],[78.518,26.7832],[78.5635,26.7585],[78.5952,26.7584],[78.6225,26.7773],[78.6553,26.7764],[78.6932,26.7979],[78.7101,26.7989],[78.7241,26.7764],[78.7454,26.7892],[78.7545,26.7857],[78.7619,26.7652],[78.7924,26.7621],[78.8122,26.7477],[78.8424,26.7119],[78.8613,26.7013],[78.9051,26.7081],[78.9261,26.7062],[78.9358,26.6944],[78.9457,26.6356],[78.96,26.5967],[78.9744,26.5716],[79.0281,26.4976],[79.0493,26.4407],[79.0521,26.4115],[79.0397,26.3751],[79.0608,26.3551],[79.0586,26.343],[79.0363,26.3101],[79.0193,26.2938],[78.9633,26.2781],[78.9423,26.2615],[78.9358,26.2448],[78.9386,26.2305],[78.9556,26.2039],[78.9541,26.192],[78.9271,26.1781],[78.9184,26.1634],[78.92,26.1447],[78.9327,26.1247],[78.9541,26.11],[78.9465,26.0883],[78.9144,26.0428],[78.8934,26],[78.8905,25.9789],[78.8797,25.9561],[78.8352,25.9057],[78.8083,25.8416],[78.791,25.8268],[78.7488,25.8005],[78.7398,25.7898],[78.7271,25.7402],[78.7319,25.7208],[78.7536,25.6743],[78.7476,25.6427],[78.7145,25.6259],[78.6161,25.6076],[78.5584,25.5755],[78.5264,25.5729],[78.4957,25.5783],[78.4607,25.5746],[78.3705,25.5527],[78.3567,25.5396],[78.3466,25.4864],[78.33,25.4648],[78.2619,25.4117],[78.2512,25.3978],[78.2564,25.3767],[78.2977,25.3278],[78.3481,25.2283],[78.3605,25.2105],[78.3663,25.186],[78.3596,25.1589],[78.3455,25.1392],[78.3303,25.0664],[78.3407,25.0458],[78.3365,25.023],[78.3127,24.9875],[78.2573,24.9402],[78.226,24.9263],[78.1804,24.8925],[78.1691,24.8655],[78.1819,24.8466],[78.1978,24.8394],[78.2249,24.7941],[78.2307,24.7343],[78.2613,24.6927],[78.2648,24.6691],[78.258,24.6449],[78.2723,24.6244],[78.2648,24.5835],[78.2288,24.5327],[78.2274,24.5182],[78.2444,24.4879],[78.2699,24.4777],[78.2775,24.4531],[78.3093,24.4308],[78.335,24.4202],[78.3505,24.408],[78.3502,24.3926],[78.3319,24.3637],[78.3301,24.342],[78.3565,24.3092],[78.3855,24.3012],[78.4081,24.3084],[78.435,24.3281],[78.4462,24.3456],[78.4527,24.3845],[78.4688,24.408],[78.4894,24.4108],[78.5358,24.3886],[78.5904,24.3454],[78.6108,24.3329],[78.6559,24.2946],[78.6888,24.2829],[78.7466,24.2794],[78.7538,24.27],[78.7621,24.2357],[78.7921,24.2174],[78.8258,24.2301],[78.8668,24.2721],[78.8891,24.3241],[78.902,24.3464],[78.955,24.3925],[78.9646,24.4054],[78.9785,24.44],[78.9783,24.4674],[78.9599,24.4771],[78.9285,24.4807],[78.9162,24.4868],[78.9136,24.5005],[78.9224,24.5333],[78.8934,24.5713],[78.8787,24.6132],[78.8565,24.6386],[78.8271,24.6471],[78.7915,24.6421],[78.7504,24.6298],[78.7331,24.6354],[78.7151,24.6687],[78.7154,24.6851],[78.7311,24.7082],[78.7362,24.7255],[78.7316,24.7686],[78.7321,24.8149],[78.7237,24.8487],[78.6976,24.8886],[78.6591,24.9243],[78.6402,24.9641],[78.6195,25.0647],[78.6179,25.1089],[78.6098,25.1363],[78.5737,25.2122],[78.5619,25.2261],[78.5159,25.2662],[78.5134,25.2811],[78.5304,25.3157],[78.555,25.3476],[78.5756,25.3644],[78.5805,25.3752],[78.5758,25.394],[78.5821,25.4067],[78.5971,25.414],[78.6315,25.4155],[78.6649,25.4016],[78.6752,25.3825],[78.711,25.3535],[78.7275,25.3464],[78.7362,25.3517],[78.7315,25.3959],[78.7488,25.4261],[78.7452,25.4393],[78.7226,25.4617],[78.7269,25.4945],[78.7442,25.5067],[78.7631,25.5109],[78.7819,25.524],[78.7972,25.4998],[78.8003,25.4776],[78.8008,25.4269],[78.8169,25.4172],[78.8355,25.4197],[78.8531,25.434],[78.8519,25.4813],[78.8618,25.515],[78.8794,25.5339],[78.9012,25.5362],[78.9131,25.5253],[78.9191,25.5046],[78.9175,25.4741],[78.9061,25.4466],[78.9167,25.438],[78.9482,25.4431],[78.96,25.4265],[78.9549,25.3857],[78.9366,25.3572],[78.9355,25.3041],[78.9231,25.2914],[78.885,25.2655],[78.8677,25.2377],[78.8631,25.2211],[78.864,25.1916],[78.8698,25.1805],[78.8911,25.1754],[78.9077,25.1864],[78.9304,25.2138],[78.9478,25.2241],[78.973,25.2282],[78.9834,25.2374],[78.9867,25.2762],[79.0143,25.2812],[79.0434,25.2628],[79.044,25.2506],[79.0178,25.2259],[79.0087,25.1916],[79.024,25.1746],[79.0515,25.1813],[79.0847,25.1953],[79.109,25.195],[79.1159,25.1538],[79.1258,25.1438],[79.1428,25.1507],[79.1602,25.1747],[79.1715,25.1817],[79.21,25.1729],[79.2263,25.1752],[79.269,25.1641],[79.2868,25.169],[79.2873,25.2056],[79.2631,25.2747],[79.2643,25.3089],[79.2759,25.334],[79.3025,25.3646],[79.3176,25.3622],[79.3217,25.3394],[79.297,25.3028],[79.2896,25.2795],[79.2945,25.2594],[79.3176,25.2424],[79.3285,25.248],[79.3481,25.2735],[79.37,25.281],[79.4049,25.2779],[79.438,25.3022],[79.4396,25.2863],[79.4247,25.2572],[79.3903,25.2148],[79.3687,25.175],[79.3391,25.1474],[79.3309,25.1119],[79.3374,25.0811],[79.3577,25.0711],[79.392,25.0741],[79.3962,25.0855],[79.3926,25.1307],[79.399,25.1413],[79.4269,25.1451],[79.4455,25.1363],[79.4533,25.1111],[79.4682,25.1038],[79.4938,25.114],[79.5059,25.1276],[79.5222,25.1584],[79.5416,25.1766],[79.5782,25.1746],[79.6173,25.1574],[79.6611,25.1481],[79.7736,25.1536],[79.7919,25.1338],[79.8145,25.1349],[79.8385,25.1472],[79.8633,25.1532],[79.8642,25.1774],[79.837,25.2111],[79.8347,25.2343],[79.8521,25.2478],[79.8764,25.2547],[79.9011,25.2558],[79.9348,25.2704],[79.9731,25.2972],[80.0153,25.3309],[80.087,25.3616],[80.1106,25.3512],[80.1245,25.351],[80.1677,25.3803],[80.1911,25.4133],[80.2056,25.4159],[80.2349,25.4097],[80.2679,25.4172],[80.2836,25.4145],[80.3058,25.3847],[80.3123,25.3687],[80.319,25.2986],[80.3265,25.2823],[80.3634,25.2619],[80.3719,25.2468],[80.395,25.2467],[80.4076,25.2295],[80.4099,25.2121],[80.422,25.1807],[80.4133,25.1711],[80.3545,25.1438],[80.3396,25.1242],[80.3047,25.0893],[80.2892,25.0849],[80.2699,25.0886],[80.2653,25.0638],[80.2718,25.0411],[80.2883,25.0162],[80.3083,25.0114],[80.3375,25.0211],[80.3671,25.0207],[80.3918,25.0121],[80.407,25.0134],[80.4114,25.0274],[80.404,25.0618],[80.4135,25.0624],[80.4469,25.0236],[80.4584,25.0151],[80.4782,25.0183],[80.5151,25.0407],[80.5139,25.0505],[80.4783,25.0676],[80.4653,25.0814],[80.4585,25.117],[80.5206,25.1037],[80.5387,25.1053],[80.5543,25.1174],[80.5509,25.1423],[80.5646,25.1524],[80.5795,25.1479],[80.6059,25.1014],[80.6309,25.0785],[80.6472,25.0701],[80.6862,25.0798],[80.7179,25.082],[80.7292,25.0954],[80.7173,25.1122],[80.6732,25.1387],[80.6664,25.1497],[80.6866,25.1562],[80.7611,25.1584],[80.7878,25.1742],[80.7942,25.1979],[80.8061,25.2122],[80.8354,25.2177],[80.8595,25.2007],[80.8589,25.1876],[80.8299,25.1248],[80.8243,25.0874],[80.7957,25.0599],[80.7906,25.0326],[80.7649,25.0001],[80.7617,24.9833],[80.7787,24.9715],[80.805,24.9688],[80.8404,24.9706],[80.893,24.9841],[80.9075,24.9813],[80.9249,24.9622],[80.9437,24.9533],[80.9605,24.9534],[81.0047,24.9664],[81.031,24.953],[81.0687,24.9213],[81.0981,24.9086],[81.1244,24.939],[81.1374,24.9487],[81.1705,24.9517],[81.1814,24.9581],[81.1848,24.9729],[81.1734,25.0004],[81.1805,25.0251],[81.2226,25.0685],[81.239,25.0981],[81.2411,25.1256],[81.234,25.1564],[81.2432,25.1695],[81.2811,25.1646],[81.3092,25.1719],[81.3605,25.157],[81.3714,25.1445],[81.3662,25.1285],[81.3696,25.1116],[81.3914,25.1052],[81.4457,25.1074],[81.4655,25.1174],[81.462,25.1401],[81.4253,25.1648],[81.4445,25.1747],[81.537,25.1998],[81.5585,25.171],[81.5633,25.143],[81.5806,25.1119],[81.5734,25.0915],[81.5852,25.0796],[81.6248,25.0743],[81.6651,25.0645],[81.7076,25.0653],[81.7216,25.0381],[81.7345,25.0247],[81.7528,25.0205],[81.7775,25.024],[81.8,25.0344],[81.8172,25.0358],[81.8421,25.0271],[81.874,24.9802],[81.8666,24.9429],[81.8811,24.9215],[81.9561,24.871],[81.9802,24.8619],[82.0332,24.8595],[82.0566,24.8493],[82.1055,24.8134],[82.1374,24.8092],[82.155,24.8163],[82.1955,24.8439],[82.2087,24.8431],[82.2164,24.8063],[82.2051,24.7782],[82.208,24.7643],[82.2333,24.7587],[82.2579,24.7917],[82.2664,24.7851],[82.2637,24.7226],[82.2761,24.7054],[82.302,24.7093],[82.319,24.702],[82.3262,24.6799],[82.3027,24.6381],[82.307,24.632],[82.3571,24.6367],[82.3952,24.6322],[82.4236,24.6475],[82.4278,24.6675],[82.4234,24.702],[82.4271,24.7186],[82.4534,24.722],[82.5491,24.6919],[82.5951,24.6877],[82.6239,24.6919],[82.6922,24.7198],[82.7082,24.7215],[82.7175,24.7109],[82.7165,24.6804],[82.7317,24.6715],[82.7721,24.6683],[82.7834,24.6516],[82.7892,24.6281],[82.8015,24.6073],[82.8148,24.5963],[82.8176,24.5809],[82.8084,24.5664],[82.783,24.5596],[82.756,24.5683],[82.7344,24.5516],[82.7353,24.5272],[82.7433,24.5067],[82.7428,24.4862],[82.7329,24.4404],[82.7341,24.4197],[82.7569,24.407],[82.767,24.386],[82.7648,24.33],[82.7576,24.3045],[82.7411,24.2778],[82.7329,24.2141],[82.709,24.1942],[82.6807,24.191],[82.6738,24.1803],[82.6794,24.1668],[82.7003,24.1421],[82.7305,24.121],[82.7388,24.1075],[82.7327,24.0726],[82.7697,24.0413],[82.8009,23.9987],[82.8394,23.9896],[82.8941,23.9422],[82.9365,23.9202],[82.9644,23.9139],[83.0052,23.9178],[83.0415,23.917],[83.0888,23.911],[83.1164,23.9151],[83.146,23.9278],[83.2063,23.944],[83.2277,23.9613],[83.2487,23.9939],[83.255,24.0345],[83.2692,24.0592],[83.3019,24.0776],[83.3149,24.0936],[83.3262,24.1245],[83.3371,24.1402],[83.3602,24.1983],[83.3806,24.2322],[83.4077,24.2607],[83.4153,24.2767],[83.4162,24.3054],[83.4468,24.346],[83.454,24.3616],[83.4487,24.3804],[83.4086,24.4329],[83.3942,24.4744],[83.4017,24.4983],[83.4378,24.5209],[83.5231,24.5297],[83.5252,24.5585],[83.5202,24.5926],[83.5254,24.6289],[83.5125,24.6604],[83.5122,24.6754],[83.531,24.7036],[83.5236,24.7463],[83.5088,24.7621],[83.4578,24.7759],[83.4326,24.7925],[83.4041,24.8317],[83.3819,24.8436],[83.3602,24.8633],[83.3528,24.888],[83.3633,24.9149],[83.3666,24.9687],[83.3599,25.009],[83.3376,25.0386],[83.3233,25.068],[83.3298,25.1458],[83.3343,25.1726],[83.346,25.199],[83.3841,25.2359],[83.4161,25.2544],[83.4836,25.2842],[83.5156,25.3068],[83.6701,25.3885],[83.7749,25.445],[83.8013,25.4641],[83.8114,25.486],[83.8549,25.502],[83.8869,25.517],[83.9043,25.5295],[83.9181,25.5493],[83.9819,25.5893],[84.0034,25.6082],[84.0582,25.6737],[84.1434,25.7362],[84.1798,25.7459],[84.2129,25.728],[84.2134,25.6831],[84.2224,25.6608],[84.2389,25.648],[84.276,25.6415],[84.3094,25.6497],[84.3242,25.6589],[84.3282,25.6741],[84.3127,25.7197],[84.3147,25.7422],[84.3728,25.7651],[84.3876,25.7594],[84.4192,25.7307],[84.4381,25.7187],[84.4867,25.7007],[84.5242,25.7002],[84.5422,25.7054],[84.6007,25.747],[84.5993,25.7612],[84.6105,25.7739],[84.6055,25.7998],[84.5316,25.8621],[84.5195,25.8669],[84.4701,25.8658],[84.4197,25.8896],[84.3965,25.9237],[84.3743,25.9403],[84.345,25.9405],[84.2983,25.9286],[84.2615,25.9313],[84.2304,25.9568],[84.2197,25.9744],[84.2061,26.0154],[84.1759,26.0228],[84.1686,26.0424],[84.1503,26.066],[84.108,26.0868],[84.0649,26.1035],[84.0383,26.162],[84.0223,26.1839],[83.9881,26.2086],[83.9851,26.2274],[83.9927,26.2411],[84.0231,26.2549],[84.0804,26.2593],[84.1138,26.2782],[84.1274,26.2805],[84.167,26.2745],[84.1872,26.2928],[84.1633,26.3285],[84.163,26.3459],[84.1859,26.383],[84.1776,26.4043],[84.1035,26.4186],[84.0674,26.4366],[84.0401,26.4597],[84.016,26.4734],[83.9807,26.4544],[83.9551,26.4539],[83.9263,26.4646],[83.9201,26.474],[83.9201,26.5327],[83.9259,26.5464],[83.9442,26.5497],[83.9563,26.5208],[83.9714,26.5209],[83.9944,26.5478],[84.0348,26.5559],[84.054,26.5648],[84.0714,26.5917],[84.0862,26.6376],[84.0992,26.6496],[84.1649,26.6537],[84.1918,26.6461],[84.2295,26.6406],[84.383,26.6417],[84.3936,26.6492],[84.3814,26.6774],[84.3063,26.7444],[84.2834,26.7556],[84.2464,26.757],[84.2402,26.7722],[84.2472,26.8216],[84.2464,26.8535],[84.2408,26.8742],[84.2261,26.8915],[84.1878,26.894],[84.1587,26.8765],[84.149,26.8763],[84.1107,26.9053],[84.0706,26.9236],[84.0597,26.939],[84.0272,26.9996],[84.0289,27.0306],[84.0234,27.06],[83.9983,27.0821],[83.9797,27.1198],[83.9482,27.1441],[83.9383,27.1644],[83.9424,27.2225],[83.9241,27.2483],[83.8907,27.2731],[83.8841,27.2866],[83.8928,27.324],[83.8833,27.3301],[83.8492,27.3267],[83.8533,27.3462]]]},"properties":{"name":"Uttar Pradesh","name_en":"Uttar Pradesh","name_ja":"ウッタル・プラデーシュ州","name_zh":"北方邦","name_ko":"우타르프라데시","adm0_a3":"IND","postal":"UP","iso_3166_2":"IN-UP","type_en":"State","region":"Central","geonunit":"India"}},
{"type":"Feature","geometry":{"type":"MultiPolygon","coordinates":[[[[80.9683,15.7952],[80.9373,15.8189],[80.8884,15.8467],[80.8792,15.8401],[80.8685,15.812],[80.918,15.7551],[80.9426,15.741],[80.9717,15.7505],[80.9885,15.7707],[80.9683,15.7952]]],[[[80.2777,13.5125],[80.2881,13.5271],[80.259,13.5917],[80.238,13.6602],[80.221,13.697],[80.2274,13.7205],[80.2455,13.7556],[80.2493,13.8003],[80.2372,13.8397],[80.1639,13.988],[80.1497,14.0277],[80.1258,14.1485],[80.1234,14.1935],[80.1356,14.2292],[80.1211,14.242],[80.1066,14.234],[80.0735,14.2019],[80.0506,14.1961],[80.0466,14.2066],[80.055,14.2216],[80.0701,14.2292],[80.0872,14.2503],[80.1282,14.2565],[80.1371,14.2699],[80.1594,14.3248],[80.175,14.3446],[80.1787,14.3894],[80.176,14.4687],[80.197,14.565],[80.1902,14.5712],[80.1492,14.565],[80.1419,14.5712],[80.176,14.593],[80.1785,14.6058],[80.1664,14.6282],[80.1598,14.6627],[80.1519,14.6728],[80.1107,14.7048],[80.1052,14.7639],[80.073,14.9206],[80.0734,14.942],[80.0615,14.9747],[80.0545,15.0141],[80.053,15.0926],[80.0824,15.2041],[80.0925,15.2966],[80.0906,15.3049],[80.1213,15.37],[80.1268,15.3881],[80.1403,15.4064],[80.1729,15.4383],[80.2112,15.4966],[80.1976,15.5031],[80.2013,15.5183],[80.2175,15.5482],[80.2195,15.5675],[80.2632,15.6745],[80.2796,15.7007],[80.3596,15.7758],[80.3933,15.797],[80.4363,15.8083],[80.4691,15.8347],[80.4919,15.8393],[80.5259,15.8569],[80.5539,15.8808],[80.5711,15.8687],[80.6184,15.8877],[80.6629,15.8894],[80.6702,15.9077],[80.6904,15.9007],[80.7363,15.8976],[80.7601,15.893],[80.7761,15.8843],[80.8027,15.8424],[80.8084,15.8039],[80.8071,15.7164],[80.8201,15.7269],[80.8303,15.7476],[80.8557,15.8227],[80.8901,15.8953],[80.8958,15.936],[80.8913,15.9783],[80.8753,16.0174],[80.889,16.0037],[80.8965,16.0106],[80.8965,16.0311],[80.906,15.9998],[80.9102,15.9659],[80.9027,15.8908],[80.91,15.8527],[80.9216,15.8386],[80.9495,15.8279],[81.0047,15.7785],[81.0192,15.7924],[80.9984,15.8347],[80.9989,15.8467],[81.0269,15.8808],[81.0433,15.8941],[81.0882,15.9212],[81.1351,15.9665],[81.1498,15.9696],[81.1554,15.9855],[81.156,16.0385],[81.162,16.0571],[81.18,16.0867],[81.1903,16.1389],[81.2185,16.1994],[81.2303,16.2436],[81.2542,16.2713],[81.2596,16.2886],[81.2485,16.3201],[81.2596,16.3327],[81.3174,16.3675],[81.3596,16.3743],[81.3757,16.3675],[81.3989,16.3826],[81.4114,16.3825],[81.4282,16.3657],[81.4167,16.3402],[81.4754,16.3586],[81.4959,16.3607],[81.536,16.35],[81.5491,16.3524],[81.5402,16.3737],[81.5692,16.3676],[81.5681,16.3464],[81.6209,16.3395],[81.6364,16.3327],[81.6563,16.3373],[81.6961,16.3149],[81.7176,16.3122],[81.763,16.3226],[81.7832,16.3386],[81.8617,16.3754],[81.8999,16.3858],[81.9408,16.3884],[81.9562,16.4072],[81.9927,16.4084],[82.0374,16.4477],[82.0686,16.4443],[82.0907,16.4548],[82.1229,16.4774],[82.2035,16.5127],[82.259,16.5655],[82.3074,16.5798],[82.2855,16.6065],[82.2809,16.6208],[82.2938,16.6256],[82.2993,16.6101],[82.3128,16.6081],[82.3142,16.6282],[82.3381,16.6784],[82.346,16.7061],[82.3521,16.7613],[82.3656,16.8116],[82.3674,16.8603],[82.3665,16.9086],[82.3612,16.936],[82.3489,16.9565],[82.3574,16.9249],[82.3625,16.8591],[82.3521,16.8454],[82.3346,16.8541],[82.3142,16.8466],[82.2984,16.8585],[82.2679,16.8675],[82.2551,16.8853],[82.2507,16.9079],[82.2527,16.9292],[82.2917,16.9984],[82.2993,17.0303],[82.3117,17.0466],[82.3421,17.0732],[82.3704,17.1101],[82.3877,17.1269],[82.4229,17.14],[82.4519,17.1824],[82.4749,17.206],[82.7185,17.3486],[82.7581,17.3592],[82.7964,17.383],[82.8377,17.3928],[82.8833,17.4221],[82.8968,17.4093],[82.9455,17.4431],[82.9758,17.4537],[83.0199,17.4909],[83.0532,17.5065],[83.0882,17.5307],[83.1714,17.5598],[83.2092,17.5837],[83.2389,17.593],[83.2339,17.6077],[83.2129,17.6349],[83.2469,17.6342],[83.2991,17.6643],[83.2986,17.6728],[83.272,17.6881],[83.2493,17.6954],[83.2469,17.7163],[83.2682,17.7175],[83.2927,17.6911],[83.3044,17.6922],[83.3413,17.7174],[83.4024,17.7845],[83.4177,17.8062],[83.4312,17.8542],[83.453,17.8685],[83.449,17.9069],[83.4519,17.9229],[83.4656,17.9025],[83.5261,17.9425],[83.5567,17.9735],[83.5823,18.0191],[83.6139,18.0452],[83.7752,18.1396],[84.0774,18.2716],[84.1131,18.2983],[84.124,18.3338],[84.1328,18.3434],[84.1439,18.3748],[84.1745,18.3998],[84.1883,18.418],[84.2305,18.4462],[84.2401,18.4608],[84.2879,18.5058],[84.3499,18.5529],[84.2977,18.5163],[84.271,18.5002],[84.2494,18.5017],[84.2376,18.5109],[84.2469,18.5256],[84.2817,18.5256],[84.3063,18.5437],[84.3329,18.5537],[84.3495,18.5698],[84.3705,18.6013],[84.4237,18.6365],[84.4326,18.6457],[84.4483,18.6807],[84.5418,18.7758],[84.5479,18.7961],[84.6309,18.9157],[84.665,18.9301],[84.6795,18.9457],[84.6995,18.9775],[84.7411,19.0281],[84.7512,19.0539],[84.7783,19.091],[84.761,19.1016],[84.7405,19.0737],[84.72,19.1016],[84.721,19.1142],[84.7388,19.1477],[84.7644,19.1234],[84.7778,19.1162],[84.7742,19.14],[84.763,19.1564],[84.7437,19.1614],[84.6945,19.1606],[84.6814,19.1533],[84.6894,19.1255],[84.6811,19.1005],[84.6697,19.0902],[84.6415,19.1005],[84.567,19.0663],[84.5252,19.033],[84.5136,19.0298],[84.4756,19.0334],[84.4672,19.0258],[84.4743,19.0004],[84.4626,18.9732],[84.4688,18.9597],[84.4626,18.9463],[84.4272,18.9044],[84.3982,18.9038],[84.3859,18.8946],[84.3688,18.8494],[84.3518,18.8278],[84.3178,18.8092],[84.2537,18.8053],[84.1822,18.788],[84.1621,18.7853],[84.1302,18.8018],[84.1036,18.8027],[84.0714,18.8179],[84.0546,18.8184],[83.9978,18.807],[83.9495,18.8085],[83.9024,18.8056],[83.8811,18.8204],[83.8542,18.86],[83.8394,18.9019],[83.8259,18.9205],[83.818,18.962],[83.8018,19],[83.7802,19.0093],[83.7637,19.0093],[83.7489,19.0004],[83.7447,18.9806],[83.7519,18.9482],[83.7381,18.9293],[83.7258,18.944],[83.7064,19.0014],[83.6871,19.0331],[83.6464,19.0761],[83.6128,19.1298],[83.5984,19.1272],[83.5871,19.092],[83.5726,19.0699],[83.5539,19.0643],[83.5396,19.0517],[83.5314,19.0276],[83.5183,19.01],[83.4991,19.016],[83.4901,19.0516],[83.4757,19.0689],[83.4642,19.0735],[83.4561,19.0611],[83.4664,19.0271],[83.4629,19.0118],[83.449,19.0005],[83.4555,18.9869],[83.4496,18.9685],[83.4237,18.9643],[83.3914,18.9858],[83.3414,19.0046],[83.3137,18.9997],[83.2999,18.9916],[83.2995,18.9765],[83.3141,18.9606],[83.3268,18.9297],[83.3473,18.9047],[83.372,18.8982],[83.3806,18.8787],[83.3942,18.8694],[83.392,18.8533],[83.3801,18.8431],[83.3445,18.8308],[83.2975,18.7992],[83.2568,18.7653],[83.2017,18.7416],[83.1908,18.7429],[83.1727,18.7585],[83.1504,18.7663],[83.1265,18.7582],[83.0975,18.7275],[83.0755,18.6908],[83.0533,18.6636],[83.0281,18.6409],[83.0198,18.5953],[83.0443,18.5477],[83.0538,18.5423],[83.0761,18.5442],[83.0835,18.5253],[83.0365,18.4695],[83.0297,18.4504],[83.039,18.4393],[83.0439,18.417],[83.0392,18.3904],[83.0197,18.379],[82.9988,18.3792],[82.952,18.3582],[82.9041,18.3553],[82.8849,18.3704],[82.8877,18.3961],[82.8784,18.4091],[82.8492,18.4143],[82.8288,18.4288],[82.7954,18.4293],[82.7797,18.4167],[82.7868,18.3825],[82.7814,18.3578],[82.7601,18.3373],[82.7299,18.3264],[82.68,18.2965],[82.6632,18.2823],[82.652,18.2403],[82.6424,18.2295],[82.6017,18.238],[82.5867,18.2444],[82.5799,18.2603],[82.5825,18.2819],[82.5954,18.3096],[82.5974,18.3252],[82.5785,18.3549],[82.5286,18.397],[82.5113,18.4222],[82.5129,18.454],[82.5027,18.5106],[82.4872,18.5105],[82.4491,18.5221],[82.4292,18.5105],[82.4094,18.4665],[82.3741,18.4257],[82.3682,18.414],[82.3671,18.3666],[82.3525,18.3304],[82.3518,18.3177],[82.3608,18.2916],[82.35,18.2659],[82.3172,18.2174],[82.3095,18.1948],[82.3229,18.1763],[82.3528,18.1553],[82.3603,18.1394],[82.3303,18.112],[82.3381,18.0663],[82.3299,18.044],[82.2933,18.0435],[82.2678,18.0328],[82.2575,18.0075],[82.2401,17.9929],[82.2082,17.9995],[82.18,18.0004],[82.1629,18.0183],[82.1319,18.0388],[82.0922,18.0499],[82.0424,18.0433],[81.9954,18.01],[81.9582,18.0029],[81.9236,18.0002],[81.8252,17.9379],[81.759,17.9089],[81.7786,17.8944],[81.7866,17.8631],[81.7758,17.8332],[81.7085,17.7996],[81.6286,17.7634],[81.5739,17.7045],[81.5352,17.6377],[81.5292,17.5884],[81.4695,17.4205],[81.4083,17.3706],[81.2904,17.345],[81.2143,17.3236],[81.189,17.2994],[81.1442,17.2495],[81.0591,17.2225],[80.9905,17.2182],[80.9308,17.1925],[80.8931,17.1556],[80.8816,17.1209],[80.8779,17.0821],[80.8558,17.0531],[80.8295,17.046],[80.7227,17.0658],[80.6697,17.0799],[80.6416,17.1169],[80.5909,17.1398],[80.5417,17.1275],[80.5018,17.108],[80.4942,17.0594],[80.4674,17.0357],[80.442,17.0325],[80.3974,17.0791],[80.3843,17.062],[80.3864,17.0193],[80.3774,16.9931],[80.3843,16.976],[80.4358,16.951],[80.4743,16.9366],[80.5258,16.9523],[80.5594,16.949],[80.5862,16.9339],[80.5952,16.907],[80.5656,16.8616],[80.5698,16.838],[80.5965,16.8137],[80.5979,16.7933],[80.5606,16.7836],[80.5061,16.7925],[80.4481,16.8228],[80.3931,16.8385],[80.351,16.8621],[80.3291,16.8898],[80.3012,16.9413],[80.2806,16.9974],[80.2541,17.0236],[80.2205,17.0333],[80.1916,17.0319],[80.1531,17.0231],[80.1108,16.9978],[80.0776,16.9726],[80.0406,16.9362],[80.0127,16.9021],[80.0024,16.871],[80.0237,16.8535],[80.0733,16.8229],[80.053,16.7852],[80.043,16.7386],[80.0258,16.7132],[79.9717,16.6549],[79.9581,16.6304],[79.9146,16.6284],[79.9097,16.6313],[79.8891,16.691],[79.8823,16.7032],[79.8615,16.7066],[79.8263,16.6921],[79.8126,16.7115],[79.7942,16.7218],[79.7717,16.7271],[79.752,16.7237],[79.7305,16.6938],[79.7209,16.689],[79.6681,16.6865],[79.6347,16.6691],[79.6057,16.6717],[79.5918,16.6668],[79.585,16.6485],[79.5702,16.6449],[79.5425,16.6282],[79.5043,16.6419],[79.4771,16.6318],[79.441,16.6096],[79.4177,16.5902],[79.4063,16.5872],[79.338,16.5852],[79.2656,16.5696],[79.2478,16.554],[79.2334,16.5236],[79.2135,16.4932],[79.2199,16.4733],[79.2083,16.3887],[79.2334,16.3305],[79.2266,16.2895],[79.2148,16.2445],[79.2014,16.2286],[79.1841,16.221],[79.1606,16.2193],[79.1363,16.2279],[79.0916,16.2288],[79.0429,16.2457],[79.0217,16.2471],[78.9972,16.2303],[78.9229,16.1898],[78.9058,16.1507],[78.8894,16.139],[78.8748,16.1403],[78.8534,16.1522],[78.8412,16.1429],[78.8391,16.1248],[78.8458,16.0855],[78.8394,16.0667],[78.819,16.0484],[78.7911,16.0345],[78.7609,16.0277],[78.7341,16.0303],[78.6842,16.0463],[78.6565,16.0676],[78.6292,16.0711],[78.5816,16.0562],[78.5597,16.0567],[78.5396,16.0655],[78.5196,16.0869],[78.4998,16.0938],[78.4643,16.0858],[78.4,16.0834],[78.3788,16.0759],[78.3535,16.0527],[78.3416,16.0594],[78.3163,16.0279],[78.2998,16.0228],[78.2444,16.0385],[78.256,16.0057],[78.2542,15.9918],[78.2369,15.9696],[78.2353,15.9505],[78.2131,15.9277],[78.1851,15.9087],[78.1536,15.8972],[78.1319,15.8762],[78.124,15.8499],[78.1004,15.8297],[78.0875,15.833],[77.9501,15.8998],[77.9148,15.9081],[77.888,15.9191],[77.8648,15.8998],[77.8499,15.8939],[77.7949,15.8893],[77.749,15.8976],[77.686,15.8939],[77.6412,15.9007],[77.5825,15.928],[77.5632,15.9323],[77.4922,15.9383],[77.4465,15.953],[77.4288,15.9559],[77.3062,15.9571],[77.2636,15.9621],[77.2264,15.9764],[77.1631,15.9671],[77.1437,15.9607],[77.0736,15.921],[77.0341,15.8737],[77.0253,15.7813],[77.0311,15.7488],[77.0517,15.737],[77.0769,15.6902],[77.0849,15.6673],[77.0769,15.6538],[77.0479,15.6622],[77.0287,15.6599],[77.0105,15.6446],[76.9997,15.6138],[77.0092,15.5693],[77.0101,15.5244],[77.0048,15.5049],[76.9724,15.5222],[76.9686,15.5015],[76.9909,15.4531],[77.0012,15.4432],[77.0145,15.4173],[77.0259,15.3515],[77.0396,15.3417],[77.0742,15.3336],[77.0936,15.3222],[77.1049,15.3082],[77.1135,15.2423],[77.1287,15.1943],[77.1326,15.1543],[77.1281,15.1323],[77.1005,15.0845],[77.0934,15.0589],[77.0804,15.0367],[77.0569,15.0143],[77.0272,15.007],[77.007,15.0295],[76.9714,15.0307],[76.948,15.0216],[76.9061,15.0356],[76.8634,15.041],[76.7762,15.0902],[76.7643,15.0941],[76.7455,15.0639],[76.7449,15.0257],[76.7399,15.0128],[76.7195,14.9897],[76.7221,14.9824],[76.7575,14.9742],[76.7824,14.9593],[76.8028,14.9528],[76.8194,14.9377],[76.8222,14.921],[76.8151,14.858],[76.7997,14.7948],[76.7947,14.7859],[76.7646,14.7729],[76.7657,14.7318],[76.7622,14.7071],[76.7439,14.6679],[76.7386,14.6435],[76.7406,14.6129],[76.7529,14.5656],[76.7617,14.5555],[76.7913,14.5417],[76.8033,14.5238],[76.8214,14.486],[76.83,14.4787],[76.869,14.4895],[76.911,14.4867],[76.9296,14.4665],[76.9309,14.4494],[76.9025,14.4072],[76.8785,14.4087],[76.8609,14.3916],[76.8568,14.3682],[76.8624,14.3472],[76.883,14.3243],[76.9156,14.3111],[76.9206,14.2921],[76.9058,14.2683],[76.9082,14.2579],[76.968,14.246],[76.9993,14.2443],[77.0455,14.2317],[77.0631,14.2308],[77.0782,14.2375],[77.0825,14.2515],[77.0803,14.2783],[77.0869,14.2961],[77.1113,14.3296],[77.1243,14.341],[77.141,14.3435],[77.16,14.3322],[77.1851,14.3265],[77.2568,14.334],[77.2626,14.3091],[77.2782,14.2956],[77.3271,14.281],[77.3434,14.257],[77.3673,14.2383],[77.3867,14.2445],[77.3844,14.262],[77.3667,14.2871],[77.3589,14.3216],[77.3744,14.3345],[77.3896,14.334],[77.4139,14.3139],[77.4174,14.2999],[77.461,14.2901],[77.4635,14.2774],[77.4542,14.2484],[77.4562,14.2303],[77.4678,14.1924],[77.4605,14.181],[77.44,14.1741],[77.3831,14.1706],[77.3685,14.1634],[77.3326,14.1298],[77.3311,14.1191],[77.3516,14.1159],[77.361,14.1064],[77.3279,14.0522],[77.349,14.0213],[77.3525,13.9996],[77.3629,13.985],[77.3811,13.9752],[77.388,13.9629],[77.384,13.9393],[77.3988,13.9109],[77.3999,13.8968],[77.3867,13.8904],[77.3324,13.9082],[77.331,13.9391],[77.2982,14.0006],[77.2893,14.0107],[77.244,14.0222],[77.1806,14.0068],[77.1123,14.0051],[77.0819,14.0338],[77.0358,14.0461],[77.0048,14.0584],[76.9953,14.0664],[76.9804,14.1071],[76.9736,14.1561],[76.9674,14.171],[76.9495,14.1698],[76.922,14.1888],[76.9,14.1706],[76.8754,14.1627],[76.868,14.1538],[76.873,14.1374],[76.9328,14.0801],[76.9426,14.0611],[76.9336,14.041],[76.9359,14.0109],[76.9519,13.9956],[76.9817,13.9501],[77.0005,13.9307],[77.0104,13.905],[76.9955,13.8887],[76.9829,13.862],[76.9581,13.8334],[76.9545,13.8203],[76.9585,13.7816],[76.9692,13.7537],[76.98,13.7528],[76.9938,13.7799],[77.0102,13.7694],[77.0323,13.7462],[77.0482,13.7476],[77.0638,13.7697],[77.1095,13.7615],[77.1277,13.7679],[77.1332,13.7848],[77.1278,13.8004],[77.1259,13.8309],[77.1026,13.8497],[77.1032,13.8622],[77.1263,13.8731],[77.1292,13.8953],[77.1435,13.9107],[77.1522,13.9036],[77.1535,13.8782],[77.1618,13.8744],[77.1823,13.8887],[77.1967,13.8919],[77.2208,13.8681],[77.2583,13.8669],[77.2921,13.8484],[77.3171,13.8502],[77.354,13.8423],[77.384,13.8467],[77.3986,13.8217],[77.4248,13.7975],[77.4407,13.744],[77.4425,13.702],[77.4995,13.7045],[77.5248,13.7249],[77.5636,13.7398],[77.5953,13.7424],[77.5932,13.7671],[77.614,13.7794],[77.6405,13.7817],[77.6631,13.7602],[77.6749,13.7671],[77.6865,13.7996],[77.703,13.8125],[77.7349,13.8242],[77.7553,13.8442],[77.7841,13.8637],[77.7916,13.8774],[77.7728,13.9103],[77.7733,13.9244],[77.7916,13.9417],[77.8167,13.9352],[77.8449,13.934],[77.8639,13.9202],[77.8788,13.9166],[77.8966,13.9256],[77.9141,13.9541],[77.9371,13.9633],[77.9426,13.9468],[77.9413,13.9204],[77.9093,13.8806],[77.9123,13.8504],[77.9207,13.8305],[77.9473,13.8595],[77.9716,13.8713],[78.0021,13.8671],[78.0327,13.8847],[78.0797,13.8569],[78.0968,13.809],[78.096,13.7837],[78.0822,13.7538],[78.1022,13.7174],[78.1047,13.7011],[78.093,13.6946],[78.0682,13.6987],[78.0561,13.692],[78.0602,13.6723],[78.0744,13.6539],[78.1182,13.6618],[78.1339,13.6536],[78.1686,13.6143],[78.1841,13.6015],[78.2537,13.5858],[78.2722,13.5861],[78.3042,13.5995],[78.3277,13.5878],[78.3684,13.591],[78.3747,13.5796],[78.3653,13.552],[78.3626,13.5286],[78.3671,13.4982],[78.3586,13.4573],[78.3613,13.4134],[78.3515,13.3937],[78.3502,13.3761],[78.3731,13.3472],[78.3809,13.3228],[78.3947,13.3181],[78.4162,13.3276],[78.4415,13.3148],[78.4656,13.3132],[78.5056,13.2823],[78.535,13.2834],[78.5536,13.3018],[78.5684,13.2748],[78.565,13.2179],[78.5566,13.185],[78.5461,13.1642],[78.5236,13.1387],[78.5165,13.0891],[78.496,13.0619],[78.4666,13.0415],[78.4524,12.9967],[78.4158,12.9482],[78.4159,12.9269],[78.4486,12.9102],[78.4633,12.8899],[78.4678,12.8677],[78.44,12.8675],[78.378,12.9111],[78.3648,12.9169],[78.3462,12.9133],[78.3401,12.9004],[78.339,12.8701],[78.326,12.8608],[78.3008,12.8561],[78.2859,12.8434],[78.2604,12.8576],[78.244,12.8537],[78.241,12.8282],[78.2481,12.8018],[78.2457,12.7817],[78.2296,12.7599],[78.2744,12.6974],[78.2991,12.675],[78.3528,12.6415],[78.3789,12.6339],[78.4191,12.6326],[78.4474,12.6435],[78.4906,12.6883],[78.4957,12.7046],[78.4978,12.74],[78.5041,12.7461],[78.5245,12.7342],[78.5336,12.736],[78.5715,12.7646],[78.5826,12.7782],[78.6105,12.8499],[78.6282,12.9162],[78.6377,12.9442],[78.6447,12.992],[78.6616,13.0137],[78.6953,13.02],[78.7037,13.0258],[78.7175,13.0524],[78.7362,13.061],[78.7769,13.0659],[78.8138,13.0757],[78.8587,13.0805],[78.8697,13.0751],[78.8837,13.0411],[78.9014,13.0378],[78.915,13.0456],[78.9264,13.0632],[78.9308,13.087],[78.9442,13.0934],[78.9858,13.0894],[79.0025,13.0807],[79.0082,13.0621],[79.0203,13.0527],[79.0463,13.0503],[79.0776,13.0356],[79.1616,13.0449],[79.1791,13.0577],[79.2044,13.088],[79.2393,13.138],[79.2508,13.1478],[79.2778,13.148],[79.2947,13.1323],[79.3149,13.132],[79.3295,13.1436],[79.3505,13.17],[79.3867,13.2037],[79.4202,13.22],[79.4266,13.2319],[79.4255,13.2682],[79.4356,13.288],[79.4408,13.3215],[79.4495,13.3312],[79.4907,13.3399],[79.5222,13.3362],[79.5442,13.3235],[79.5717,13.2841],[79.6004,13.2775],[79.6679,13.2913],[79.6885,13.2829],[79.6896,13.2495],[79.6968,13.2358],[79.7209,13.2225],[79.7849,13.224],[79.7866,13.2477],[79.76,13.2645],[79.7548,13.2853],[79.7641,13.2981],[79.7987,13.2919],[79.8163,13.2949],[79.8733,13.3172],[79.9567,13.3658],[79.9648,13.3785],[79.962,13.4165],[79.9844,13.4437],[79.9998,13.4565],[80.0498,13.4762],[80.0549,13.4921],[80.0283,13.5241],[80.0341,13.5341],[80.048,13.5344],[80.0845,13.5131],[80.1086,13.5121],[80.11,13.4988],[80.0976,13.4638],[80.112,13.4574],[80.1528,13.4594],[80.2023,13.4485],[80.2256,13.4506],[80.2602,13.4685],[80.2434,13.4722],[80.2197,13.4878],[80.176,13.4893],[80.1194,13.5007],[80.1013,13.5371],[80.0695,13.5744],[80.0565,13.5952],[80.053,13.6191],[80.0755,13.6484],[80.0913,13.6591],[80.094,13.6948],[80.1178,13.6745],[80.1177,13.6389],[80.1213,13.6273],[80.1356,13.6191],[80.1418,13.6491],[80.1419,13.7289],[80.1836,13.6792],[80.1973,13.6436],[80.2455,13.5917],[80.2777,13.5125]],[[82.2304,16.7193],[82.2633,16.7197],[82.2798,16.7274],[82.2912,16.7421],[82.3011,16.7333],[82.2951,16.7096],[82.2665,16.7031],[82.2851,16.6979],[82.2606,16.6903],[82.2247,16.7037],[82.2013,16.7066],[82.1777,16.7186],[82.2062,16.7441],[82.2218,16.7503],[82.2137,16.7324],[82.2304,16.7193]]]]},"properties":{"name":"Andhra Pradesh","name_en":"Andhra Pradesh","name_ja":"アーンドラ・プラデーシュ州","name_zh":"安得拉邦","name_ko":"안드라프라데시","adm0_a3":"IND","postal":"AP","iso_3166_2":"IN-AP","type_en":"State","region":"South","geonunit":"India"}},
{"type":"Feature","geometry":{"type":"Polygon","coordinates":[[[87.4774,21.6136],[87.4366,21.6756],[87.4275,21.7182],[87.4316,21.7616],[87.4085,21.7861],[87.275,21.814],[87.252,21.8221],[87.2315,21.8481],[87.2196,21.885],[87.2147,21.9241],[87.2068,21.9414],[87.1907,21.9562],[87.1366,21.9772],[87.113,21.9714],[87.0941,21.9422],[87.0691,21.9276],[87.0592,21.9072],[87.0478,21.9022],[87.0314,21.908],[87.005,21.937],[86.9937,21.9725],[87.0047,22.0001],[87.0009,22.0452],[86.9874,22.0666],[86.9438,22.0964],[86.8927,22.1166],[86.8339,22.1218],[86.7816,22.1552],[86.7667,22.1677],[86.7046,22.1887],[86.6865,22.218],[86.6466,22.2349],[86.6022,22.2729],[86.5061,22.3308],[86.4866,22.3369],[86.4337,22.3231],[86.4016,22.32],[86.366,22.3301],[86.3461,22.344],[86.3227,22.3687],[86.3047,22.3971],[86.268,22.4224],[86.1025,22.5001],[86.0648,22.5459],[86.0398,22.5567],[86.0206,22.5479],[85.9977,22.5191],[85.9655,22.5131],[85.9388,22.5005],[85.9406,22.4681],[85.9748,22.4246],[85.9865,22.3936],[85.9932,22.3352],[85.9899,22.3008],[85.9652,22.2632],[85.9646,22.2449],[85.9868,22.2017],[85.9883,22.1875],[85.9726,22.1335],[85.9741,22.1046],[85.964,22.0856],[85.9162,22.0221],[85.8775,21.9961],[85.8343,21.9861],[85.7847,22.0119],[85.7776,22.0397],[85.7791,22.0719],[85.7966,22.0968],[85.8017,22.117],[85.7922,22.1291],[85.7343,22.0961],[85.6791,22.0759],[85.6559,22.0847],[85.6096,22.0921],[85.5507,22.1076],[85.4611,22.1581],[85.4252,22.1645],[85.3961,22.1579],[85.379,22.147],[85.3241,22.1267],[85.2778,22.0853],[85.232,22.0353],[85.2202,22.0291],[85.1871,22.0596],[85.1092,22.1085],[85.0795,22.119],[85.0426,22.1197],[84.9911,22.104],[84.9852,22.1128],[85.0089,22.1515],[85.04,22.2164],[85.0878,22.2802],[85.0989,22.3047],[85.1047,22.3308],[85.1004,22.394],[85.0878,22.4466],[85.0655,22.5032],[85.0383,22.4824],[84.988,22.4522],[84.9525,22.4474],[84.9376,22.4411],[84.9215,22.4249],[84.9083,22.422],[84.8786,22.434],[84.8009,22.4502],[84.7689,22.4456],[84.7574,22.4354],[84.7337,22.4273],[84.5301,22.423],[84.5051,22.4106],[84.5009,22.3766],[84.4846,22.3623],[84.4208,22.331],[84.4082,22.3287],[84.311,22.324],[84.2928,22.3282],[84.2309,22.3573],[84.1786,22.3644],[84.1478,22.3868],[84.1243,22.4267],[84.067,22.4996],[84.0074,22.5315],[83.9702,22.5393],[83.9681,22.5226],[83.9906,22.4833],[83.9965,22.4405],[83.9844,22.4103],[83.9458,22.3712],[83.9184,22.3628],[83.877,22.3592],[83.8414,22.3486],[83.8167,22.3325],[83.7331,22.2623],[83.7216,22.2551],[83.6642,22.235],[83.6237,22.2133],[83.6054,22.196],[83.557,22.1294],[83.5463,22.1016],[83.57,22.0742],[83.5649,22.0521],[83.5288,22.0352],[83.518,22.0203],[83.5131,21.9828],[83.5153,21.9639],[83.5301,21.9495],[83.5706,21.9231],[83.5701,21.9076],[83.5596,21.8751],[83.5649,21.8536],[83.5571,21.8349],[83.5279,21.8335],[83.5197,21.8265],[83.5156,21.7997],[83.4732,21.8072],[83.4639,21.7905],[83.4589,21.748],[83.444,21.7186],[83.3519,21.5773],[83.3433,21.56],[83.3277,21.4992],[83.3273,21.4637],[83.3413,21.4362],[83.3812,21.3995],[83.3883,21.3578],[83.3797,21.3392],[83.361,21.3368],[83.3011,21.3587],[83.2794,21.3588],[83.2571,21.3239],[83.2571,21.2903],[83.2272,21.2496],[83.1983,21.1726],[83.1862,21.1535],[83.1563,21.126],[83.1291,21.1179],[83.0782,21.1146],[83.0626,21.1207],[83.0392,21.1415],[83.0089,21.1509],[82.9891,21.1687],[82.9646,21.1785],[82.8616,21.1619],[82.8223,21.1579],[82.7822,21.1449],[82.7526,21.1601],[82.6682,21.1555],[82.6427,21.1404],[82.6441,21.1043],[82.6272,21.0809],[82.6069,21.0241],[82.5621,20.9545],[82.5482,20.9394],[82.5146,20.9237],[82.4986,20.9073],[82.4729,20.8671],[82.4535,20.8469],[82.4227,20.8346],[82.4051,20.8441],[82.4066,20.8653],[82.3949,20.8752],[82.3649,20.8823],[82.353,20.8805],[82.342,20.8608],[82.3442,20.7479],[82.367,20.6823],[82.3667,20.6571],[82.3402,20.5563],[82.3436,20.5294],[82.359,20.4998],[82.3764,20.5065],[82.3869,20.4662],[82.3964,20.4533],[82.4175,20.4625],[82.4219,20.428],[82.4115,20.3454],[82.4116,20.3268],[82.4271,20.294],[82.428,20.2415],[82.4358,20.1988],[82.4337,20.159],[82.4134,20.0933],[82.4156,20.067],[82.4645,20.0458],[82.4866,20.027],[82.5098,20.0219],[82.5503,20.0245],[82.5784,20.0146],[82.5985,19.9928],[82.6112,19.9881],[82.6432,20.0029],[82.6654,20.005],[82.695,20.0005],[82.7004,19.9801],[82.6991,19.955],[82.6854,19.906],[82.6855,19.8876],[82.7133,19.8555],[82.7079,19.8432],[82.6823,19.8227],[82.6393,19.8051],[82.5927,19.7691],[82.5752,19.7681],[82.5729,19.8147],[82.5791,19.8432],[82.5645,19.8493],[82.5262,19.8503],[82.4759,19.8724],[82.3814,19.8859],[82.3611,19.8839],[82.3415,19.8716],[82.3135,19.8262],[82.3049,19.8233],[82.2903,19.8361],[82.2284,19.9587],[82.2036,19.9803],[82.1647,19.9794],[82.1535,20],[82.0962,20.0506],[82.0751,20.0584],[82.0659,20.0537],[82.0461,20.0179],[82.0329,20.0119],[82.0163,20.0169],[82.0093,20.0445],[81.9606,20.0976],[81.9396,20.1047],[81.8976,20.0619],[81.8678,20.0467],[81.8602,20.037],[81.8193,19.9657],[81.8131,19.9455],[81.8172,19.9243],[81.8453,19.8947],[81.9294,19.8493],[81.9435,19.8321],[81.9601,19.7963],[81.9781,19.7882],[82.0117,19.7849],[82.0291,19.7765],[82.0378,19.7567],[82.0281,19.7163],[82.0273,19.6956],[82.0406,19.6374],[82.0321,19.5948],[82.029,19.5179],[82.0381,19.5025],[82.0669,19.4972],[82.081,19.4888],[82.1022,19.4458],[82.1177,19.4346],[82.1426,19.4287],[82.1675,19.4052],[82.1687,19.3866],[82.1396,19.3647],[82.1418,19.3449],[82.1685,19.3256],[82.1708,19.3069],[82.1532,19.2714],[82.1454,19.2442],[82.1528,19.2017],[82.166,19.179],[82.1674,19.1549],[82.1597,19.1228],[82.1879,19.1009],[82.1977,19.0839],[82.2006,19.0581],[82.225,19.0152],[82.2279,18.934],[82.22,18.9152],[82.1888,18.9008],[82.1691,18.8787],[82.1638,18.8367],[82.1545,18.7914],[82.1389,18.7473],[82.1274,18.7492],[82.1064,18.7675],[82.0916,18.7638],[82.0768,18.7302],[82.0591,18.7124],[82.0056,18.7059],[81.969,18.6857],[81.9478,18.6581],[81.9334,18.6467],[81.9097,18.6414],[81.9037,18.6219],[81.9419,18.594],[81.9483,18.5795],[81.9409,18.5585],[81.9133,18.5449],[81.8695,18.5082],[81.8437,18.4777],[81.7924,18.4384],[81.7723,18.4132],[81.7406,18.3579],[81.7255,18.344],[81.6914,18.3369],[81.6705,18.3249],[81.6584,18.3033],[81.6438,18.2924],[81.5934,18.2722],[81.5425,18.2625],[81.5129,18.1943],[81.5249,18.1603],[81.5162,18.1178],[81.5063,18.0856],[81.4829,18.0514],[81.4822,17.9941],[81.471,17.9532],[81.4531,17.925],[81.4442,17.8797],[81.4297,17.8773],[81.4083,17.889],[81.395,17.878],[81.3907,17.837],[81.394,17.8067],[81.4798,17.7875],[81.4919,17.8006],[81.5028,17.8242],[81.5243,17.8235],[81.5578,17.8034],[81.5784,17.797],[81.6061,17.8114],[81.6403,17.8423],[81.6558,17.8509],[81.6905,17.8551],[81.7044,17.861],[81.7394,17.8976],[81.759,17.9089],[81.8252,17.9379],[81.9236,18.0002],[81.9582,18.0029],[81.9954,18.01],[82.0424,18.0433],[82.0922,18.0499],[82.1319,18.0388],[82.1629,18.0183],[82.18,18.0004],[82.2082,17.9995],[82.2401,17.9929],[82.2575,18.0075],[82.2678,18.0328],[82.2933,18.0435],[82.3299,18.044],[82.3381,18.0663],[82.3303,18.112],[82.3603,18.1394],[82.3528,18.1553],[82.3229,18.1763],[82.3095,18.1948],[82.3172,18.2174],[82.35,18.2659],[82.3608,18.2916],[82.3518,18.3177],[82.3525,18.3304],[82.3671,18.3666],[82.3682,18.414],[82.3741,18.4257],[82.4094,18.4665],[82.4292,18.5105],[82.4491,18.5221],[82.4872,18.5105],[82.5027,18.5106],[82.5129,18.454],[82.5113,18.4222],[82.5286,18.397],[82.5785,18.3549],[82.5974,18.3252],[82.5954,18.3096],[82.5825,18.2819],[82.5799,18.2603],[82.5867,18.2444],[82.6017,18.238],[82.6424,18.2295],[82.652,18.2403],[82.6632,18.2823],[82.68,18.2965],[82.7299,18.3264],[82.7601,18.3373],[82.7814,18.3578],[82.7868,18.3825],[82.7797,18.4167],[82.7954,18.4293],[82.8288,18.4288],[82.8492,18.4143],[82.8784,18.4091],[82.8877,18.3961],[82.8849,18.3704],[82.9041,18.3553],[82.952,18.3582],[82.9988,18.3792],[83.0197,18.379],[83.0392,18.3904],[83.0439,18.417],[83.039,18.4393],[83.0297,18.4504],[83.0365,18.4695],[83.0835,18.5253],[83.0761,18.5442],[83.0538,18.5423],[83.0443,18.5477],[83.0198,18.5953],[83.0281,18.6409],[83.0533,18.6636],[83.0755,18.6908],[83.0975,18.7275],[83.1265,18.7582],[83.1504,18.7663],[83.1727,18.7585],[83.1908,18.7429],[83.2017,18.7416],[83.2568,18.7653],[83.2975,18.7992],[83.3445,18.8308],[83.3801,18.8431],[83.392,18.8533],[83.3942,18.8694],[83.3806,18.8787],[83.372,18.8982],[83.3473,18.9047],[83.3268,18.9297],[83.3141,18.9606],[83.2995,18.9765],[83.2999,18.9916],[83.3137,18.9997],[83.3414,19.0046],[83.3914,18.9858],[83.4237,18.9643],[83.4496,18.9685],[83.4555,18.9869],[83.449,19.0005],[83.4629,19.0118],[83.4664,19.0271],[83.4561,19.0611],[83.4642,19.0735],[83.4757,19.0689],[83.4901,19.0516],[83.4991,19.016],[83.5183,19.01],[83.5314,19.0276],[83.5396,19.0517],[83.5539,19.0643],[83.5726,19.0699],[83.5871,19.092],[83.5984,19.1272],[83.6128,19.1298],[83.6464,19.0761],[83.6871,19.0331],[83.7064,19.0014],[83.7258,18.944],[83.7381,18.9293],[83.7519,18.9482],[83.7447,18.9806],[83.7489,19.0004],[83.7637,19.0093],[83.7802,19.0093],[83.8018,19],[83.818,18.962],[83.8259,18.9205],[83.8394,18.9019],[83.8542,18.86],[83.8811,18.8204],[83.9024,18.8056],[83.9495,18.8085],[83.9978,18.807],[84.0546,18.8184],[84.0714,18.8179],[84.1036,18.8027],[84.1302,18.8018],[84.1621,18.7853],[84.1822,18.788],[84.2537,18.8053],[84.3178,18.8092],[84.3518,18.8278],[84.3688,18.8494],[84.3859,18.8946],[84.3982,18.9038],[84.4272,18.9044],[84.4626,18.9463],[84.4688,18.9597],[84.4626,18.9732],[84.4743,19.0004],[84.4672,19.0258],[84.4756,19.0334],[84.5136,19.0298],[84.5252,19.033],[84.567,19.0663],[84.6415,19.1005],[84.6697,19.0902],[84.6811,19.1005],[84.6894,19.1255],[84.6814,19.1533],[84.6945,19.1606],[84.7437,19.1614],[84.763,19.1564],[84.7742,19.14],[84.7778,19.1162],[84.791,19.1206],[84.8721,19.2199],[84.9959,19.3233],[85.0695,19.3721],[85.1804,19.475],[85.2406,19.5181],[85.2854,19.5363],[85.3367,19.5752],[85.4634,19.631],[85.5403,19.6696],[85.5765,19.6906],[85.3306,19.5764],[85.3029,19.5739],[85.3025,19.5867],[85.2884,19.6013],[85.3091,19.595],[85.311,19.6105],[85.3264,19.6188],[85.3368,19.5961],[85.3523,19.5994],[85.3779,19.6149],[85.3846,19.636],[85.4053,19.6459],[85.4032,19.6713],[85.3914,19.6906],[85.3831,19.6761],[85.3506,19.6776],[85.3091,19.6422],[85.2608,19.6561],[85.2478,19.6531],[85.2332,19.6326],[85.2476,19.6087],[85.2326,19.6015],[85.2129,19.5811],[85.193,19.5808],[85.2332,19.5541],[85.2145,19.5473],[85.1992,19.5541],[85.1963,19.5385],[85.2029,19.5172],[85.1856,19.5057],[85.1514,19.4988],[85.1358,19.4816],[85.1287,19.488],[85.124,19.5194],[85.1087,19.5068],[85.1029,19.5296],[85.1229,19.549],[85.1514,19.5603],[85.1393,19.5798],[85.1401,19.5966],[85.1502,19.6135],[85.1751,19.6369],[85.19,19.671],[85.2066,19.6838],[85.2034,19.7073],[85.221,19.736],[85.2681,19.78],[85.2903,19.7899],[85.3196,19.7936],[85.3745,19.8378],[85.4163,19.8798],[85.4401,19.8962],[85.4636,19.9029],[85.515,19.8893],[85.5571,19.8818],[85.5703,19.8756],[85.5671,19.7917],[85.5703,19.7732],[85.5632,19.7569],[85.5765,19.7458],[85.5588,19.7381],[85.515,19.7111],[85.5256,19.734],[85.522,19.7391],[85.4509,19.7163],[85.427,19.7041],[85.4304,19.6917],[85.4468,19.6906],[85.4499,19.6667],[85.4805,19.6663],[85.5492,19.6906],[85.6143,19.7279],[85.638,19.7316],[85.6243,19.7186],[85.6846,19.7477],[85.7149,19.7542],[85.7444,19.7657],[85.7888,19.7657],[85.8086,19.7734],[85.8464,19.7958],[85.8888,19.803],[86.0135,19.8391],[86.0321,19.8415],[86.0567,19.8569],[86.0784,19.8436],[86.2686,19.9103],[86.3724,19.965],[86.3416,19.9799],[86.315,19.9869],[86.2959,20.0066],[86.2932,20.0214],[86.2302,20.0353],[86.2137,20.0424],[86.1878,20.0637],[86.1677,20.0729],[86.1543,20.09],[86.145,20.122],[86.1525,20.1431],[86.1631,20.1348],[86.173,20.1022],[86.2092,20.0666],[86.2754,20.0674],[86.3484,20.0089],[86.3972,19.9829],[86.4263,19.9992],[86.4041,20.0026],[86.3914,20.0202],[86.415,20.0363],[86.4671,20.0947],[86.4951,20.1841],[86.5115,20.1975],[86.5342,20.2061],[86.5838,20.2182],[86.6282,20.2353],[86.7175,20.2869],[86.7017,20.2847],[86.6937,20.2939],[86.7197,20.3151],[86.7515,20.3281],[86.7683,20.3435],[86.7942,20.3782],[86.8098,20.4151],[86.7962,20.4373],[86.7887,20.3901],[86.7698,20.4007],[86.742,20.3795],[86.7205,20.3685],[86.7246,20.432],[86.7339,20.4622],[86.7515,20.4892],[86.7742,20.5119],[86.9232,20.6217],[86.9762,20.6379],[87.0036,20.6571],[87.0432,20.698],[87.0194,20.6804],[86.9949,20.6707],[86.9865,20.6844],[86.9612,20.6951],[86.9402,20.698],[86.9612,20.7128],[86.9886,20.7042],[86.9987,20.7111],[87,20.7282],[86.9866,20.7519],[86.9107,20.7564],[86.8893,20.7645],[86.8788,20.7806],[86.9165,20.7881],[86.9539,20.7806],[86.9657,20.806],[86.9522,20.8491],[86.844,21.0822],[86.8373,21.1747],[86.867,21.256],[86.9177,21.3274],[87.0637,21.475],[87.113,21.508],[87.2009,21.552],[87.2352,21.5545],[87.2561,21.562],[87.2935,21.5537],[87.3418,21.5624],[87.4688,21.6114],[87.4774,21.6136]]]},"properties":{"name":"Odisha","name_en":"Odisha","name_ja":"オリッサ州","name_zh":"奥里萨邦","name_ko":"오디샤","adm0_a3":"IND","postal":"OR","iso_3166_2":"IN-OR","type_en":"State","region":"East","geonunit":"India"}},
{"type":"Feature","geometry":{"type":"MultiPolygon","coordinates":[[[[71.006,20.7366],[70.982,20.7381],[70.9716,20.7247],[70.973,20.7096],[71.0008,20.7222],[71.006,20.7366]]],[[[72.8181,20.3788],[72.839,20.3763],[72.866,20.3808],[72.8818,20.3921],[72.8841,20.4192],[72.8796,20.4395],[72.8638,20.462],[72.847,20.4683],[72.8294,20.4379],[72.8231,20.4168],[72.8181,20.3788]]],[[[73.1663,20.1149],[73.17,20.1645],[73.1547,20.1778],[73.1192,20.1824],[73.1063,20.1717],[73.1022,20.1468],[73.0861,20.1392],[73.0537,20.1422],[73.0418,20.1577],[73.0339,20.1924],[73.0374,20.212],[73.0468,20.2213],[73.1122,20.2549],[73.1232,20.2781],[73.117,20.2872],[73.0825,20.2862],[73.0713,20.2966],[73.0763,20.328],[73.0651,20.3373],[73.0499,20.3303],[73.0178,20.3042],[72.9976,20.2936],[72.9635,20.2952],[72.9453,20.2559],[72.9027,20.2583],[72.8887,20.2442],[72.8967,20.2215],[72.9354,20.1919],[72.9415,20.1775],[72.9472,20.1274],[72.9702,20.0868],[72.9806,20.0624],[72.9972,20.0398],[73.0078,20.04],[73.031,20.0565],[73.0461,20.0567],[73.0678,20.0408],[73.0932,20.0559],[73.1099,20.0528],[73.1367,20.0272],[73.1479,20.0281],[73.1609,20.0475],[73.1681,20.0777],[73.1663,20.1149]]]]},"properties":{"name":"Dadra and Nagar Haveli and Daman and Diu","name_en":"Dadra and Nagar Haveli and Daman and Diu","name_ja":"ダードラー・ナガル・ハヴェーリーおよびダマン・ディーウ連邦直轄領","name_zh":"達德拉-納加爾哈維利和達曼-第烏","name_ko":"다드라 나가르하벨리 다만 디우","adm0_a3":"IND","postal":"DH","iso_3166_2":"IN-DH","type_en":"Union Territory","region":"West","geonunit":"India"}},
{"type":"Feature","geometry":{"type":"Polygon","coordinates":[[[73.7009,15.7232],[73.7221,15.7343],[73.7704,15.7366],[73.7927,15.7416],[73.8131,15.7719],[73.8264,15.783],[73.8357,15.7773],[73.8438,15.7492],[73.8914,15.7359],[73.9084,15.7212],[73.9248,15.6583],[73.9428,15.6325],[73.9644,15.6188],[73.9903,15.6135],[74.0616,15.6395],[74.1006,15.6403],[74.0929,15.6693],[74.1171,15.6902],[74.125,15.7137],[74.1381,15.7295],[74.1861,15.7657],[74.2025,15.7711],[74.2138,15.7645],[74.2145,15.7292],[74.256,15.726],[74.2816,15.7299],[74.3042,15.7397],[74.3311,15.7619],[74.3495,15.7894],[74.3731,15.8355],[74.3525,15.863],[74.3545,15.8726],[74.3823,15.9081],[74.4009,15.9449],[74.4219,15.9767],[74.4288,15.9938],[74.4331,16.0317],[74.4282,16.0449],[74.3846,16.0621],[74.3869,16.0768],[74.416,16.0964],[74.4575,16.0974],[74.4696,16.1098],[74.4704,16.1612],[74.4763,16.2028],[74.4708,16.2358],[74.4519,16.2539],[74.3662,16.2929],[74.3498,16.2912],[74.3324,16.2805],[74.3195,16.2974],[74.3195,16.3252],[74.3058,16.3527],[74.3107,16.3819],[74.3467,16.3881],[74.3565,16.3953],[74.3525,16.407],[74.3265,16.42],[74.3174,16.4518],[74.3108,16.4589],[74.2844,16.459],[74.2764,16.4656],[74.2718,16.4895],[74.2592,16.4952],[74.235,16.4823],[74.2257,16.4925],[74.2436,16.5396],[74.2579,16.5439],[74.2783,16.5278],[74.2924,16.5284],[74.3074,16.559],[74.3269,16.5596],[74.3405,16.5443],[74.3532,16.5435],[74.3773,16.5694],[74.4114,16.5927],[74.4187,16.6055],[74.43,16.6443],[74.4413,16.6464],[74.4786,16.6306],[74.5246,16.6238],[74.5286,16.5988],[74.546,16.5705],[74.5466,16.5555],[74.5636,16.5531],[74.5812,16.562],[74.6141,16.5906],[74.6361,16.6005],[74.6658,16.6062],[74.672,16.6254],[74.6445,16.6519],[74.6753,16.6776],[74.6849,16.7084],[74.7132,16.7163],[74.7359,16.7382],[74.7579,16.7453],[74.7961,16.7663],[74.8071,16.7675],[74.8576,16.7579],[74.8667,16.7762],[74.8588,16.8189],[74.8446,16.852],[74.854,16.8656],[74.8993,16.8786],[74.9223,16.8893],[74.948,16.9147],[74.96,16.9511],[74.9703,16.9552],[74.9996,16.9451],[75.0434,16.9528],[75.0536,16.9507],[75.0612,16.9318],[75.0756,16.9162],[75.0932,16.9086],[75.1182,16.8822],[75.1445,16.8712],[75.1665,16.8679],[75.1971,16.877],[75.2426,16.9021],[75.2414,16.9478],[75.256,16.9592],[75.3071,16.9599],[75.3253,16.9636],[75.3708,16.9845],[75.4261,16.9849],[75.4534,16.9641],[75.4717,16.963],[75.5091,16.9767],[75.5264,16.9892],[75.5437,17.012],[75.5538,17.0149],[75.5895,16.9864],[75.6167,16.9747],[75.6341,16.9832],[75.6407,16.9991],[75.6375,17.0289],[75.6229,17.0492],[75.6246,17.0612],[75.6424,17.0751],[75.6468,17.0914],[75.6344,17.1194],[75.6159,17.1374],[75.6051,17.1581],[75.6082,17.1928],[75.6221,17.2209],[75.621,17.2424],[75.6112,17.2698],[75.5874,17.2851],[75.5787,17.2988],[75.5698,17.3343],[75.5528,17.3659],[75.5515,17.3893],[75.5809,17.4152],[75.6131,17.4716],[75.6331,17.4803],[75.6596,17.4671],[75.678,17.4253],[75.7048,17.4158],[75.73,17.4182],[75.7529,17.4055],[75.7699,17.3772],[75.7839,17.3748],[75.8159,17.4058],[75.8318,17.417],[75.8454,17.4021],[75.87,17.4161],[75.887,17.3946],[75.8977,17.3522],[75.9197,17.3416],[75.9365,17.3259],[75.9633,17.3426],[76.0099,17.3537],[76.0278,17.3457],[76.0613,17.3576],[76.0947,17.3778],[76.1271,17.3813],[76.1463,17.3711],[76.1664,17.3741],[76.1841,17.3844],[76.2104,17.3889],[76.2285,17.3825],[76.255,17.3604],[76.2912,17.3581],[76.3309,17.3502],[76.3438,17.3519],[76.375,17.3719],[76.3781,17.3898],[76.3474,17.4134],[76.3329,17.4545],[76.3163,17.4739],[76.3181,17.4874],[76.3401,17.5155],[76.3323,17.5341],[76.3364,17.5683],[76.3115,17.6011],[76.3222,17.6177],[76.3906,17.6368],[76.4103,17.6539],[76.4165,17.6714],[76.4313,17.6838],[76.454,17.6924],[76.4663,17.7048],[76.4658,17.7263],[76.5014,17.7489],[76.513,17.7728],[76.5347,17.7759],[76.5534,17.7664],[76.5927,17.7706],[76.6165,17.745],[76.6607,17.7098],[76.676,17.7069],[76.6877,17.755],[76.7055,17.7921],[76.744,17.8136],[76.7557,17.8258],[76.7548,17.8492],[76.7424,17.8771],[76.7409,17.8984],[76.7713,17.8991],[76.8253,17.8845],[76.8391,17.8842],[76.8631,17.9037],[76.8776,17.9336],[76.8851,17.9745],[76.8817,18.0028],[76.8835,18.0294],[76.8962,18.0796],[76.8975,18.1055],[76.8929,18.1443],[76.9144,18.1677],[76.9495,18.18],[76.9701,18.1821],[77.0058,18.1783],[77.0277,18.1886],[77.05,18.1922],[77.0695,18.1891],[77.0877,18.1971],[77.0978,18.2304],[77.1179,18.2538],[77.1769,18.297],[77.2212,18.3138],[77.2311,18.3338],[77.2318,18.356],[77.2262,18.3854],[77.2327,18.4107],[77.2648,18.4531],[77.3019,18.4603],[77.3243,18.4491],[77.3366,18.436],[77.3437,18.4166],[77.3428,18.3713],[77.3466,18.3515],[77.3719,18.3387],[77.4066,18.3277],[77.4273,18.3161],[77.4294,18.2958],[77.4376,18.2819],[77.4615,18.2819],[77.4932,18.309],[77.5091,18.3146],[77.5512,18.3079],[77.5583,18.3369],[77.5478,18.352],[77.5026,18.3816],[77.5085,18.3949],[77.5378,18.4172],[77.5481,18.4428],[77.5498,18.4649],[77.5595,18.4878],[77.5548,18.5003],[77.5808,18.5292],[77.5923,18.5481],[77.6193,18.5626],[77.6604,18.5654],[77.6799,18.57],[77.6966,18.5842],[77.7098,18.6227],[77.7034,18.6691],[77.7124,18.6895],[77.7254,18.7002],[77.7466,18.705],[77.7811,18.7038],[77.7891,18.7151],[77.8197,18.78],[77.8393,18.8096],[77.8738,18.8266],[77.9121,18.8354],[77.9108,18.8531],[77.8971,18.868],[77.8548,18.897],[77.8424,18.9092],[77.8414,18.9383],[77.8339,18.9508],[77.8073,18.9558],[77.8003,18.984],[77.77,18.9861],[77.7644,18.9935],[77.752,19.0459],[77.7681,19.065],[77.8176,19.1133],[77.8336,19.1214],[77.8319,19.1493],[77.8356,19.1708],[77.855,19.2284],[77.89,19.2714],[77.8913,19.2794],[77.8651,19.293],[77.8695,19.3033],[77.9031,19.3278],[77.92,19.3317],[77.9631,19.3226],[77.9924,19.3227],[78.0147,19.2887],[78.037,19.2707],[78.0639,19.2641],[78.0939,19.2698],[78.1292,19.263],[78.1679,19.2641],[78.1801,19.279],[78.1816,19.3101],[78.1722,19.3571],[78.1744,19.3747],[78.1918,19.3988],[78.2048,19.4282],[78.2221,19.4509],[78.2401,19.4602],[78.2811,19.4667],[78.3026,19.4828],[78.3064,19.5017],[78.3033,19.5513],[78.3106,19.5892],[78.3283,19.6217],[78.3334,19.6433],[78.3515,19.6668],[78.3836,19.6845],[78.3973,19.6998],[78.4034,19.7193],[78.3994,19.7361],[78.371,19.7508],[78.3632,19.7604],[78.3295,19.8386],[78.3218,19.8633],[78.3292,19.8913],[78.3696,19.8752],[78.3833,19.8662],[78.4035,19.8325],[78.4149,19.8223],[78.4777,19.7991],[78.492,19.8023],[78.5022,19.8161],[78.5337,19.8247],[78.5699,19.8135],[78.6025,19.8178],[78.6166,19.8152],[78.6786,19.7927],[78.7117,19.7743],[78.78,19.7767],[78.8056,19.7638],[78.8399,19.737],[78.8475,19.7245],[78.8725,19.6501],[78.8807,19.6404],[78.9148,19.6283],[78.9349,19.5982],[78.9643,19.5896],[78.9773,19.581],[78.9808,19.5642],[79.0113,19.557],[79.0243,19.5415],[79.0589,19.5471],[79.0684,19.536],[79.0971,19.5311],[79.1199,19.5117],[79.1507,19.5],[79.1705,19.4771],[79.1977,19.4619],[79.2183,19.4744],[79.2161,19.5043],[79.2321,19.5252],[79.2433,19.5311],[79.2439,19.554],[79.2543,19.5775],[79.266,19.5896],[79.3489,19.5801],[79.3636,19.5741],[79.3895,19.544],[79.4204,19.5364],[79.5008,19.5372],[79.5389,19.5338],[79.5625,19.5141],[79.59,19.5105],[79.6071,19.5319],[79.6089,19.5531],[79.6361,19.5698],[79.7086,19.5914],[79.7354,19.6034],[79.7958,19.5941],[79.8119,19.5742],[79.8419,19.5467],[79.8649,19.509],[79.9185,19.4907],[79.9311,19.4825],[79.9574,19.4452],[79.9655,19.4019],[79.9559,19.3333],[79.9565,19.3134],[79.9499,19.2888],[79.9334,19.2742],[79.9306,19.2119],[79.9438,19.1692],[79.9193,19.1584],[79.8937,19.1374],[79.8727,19.1103],[79.8618,19.0811],[79.8647,19.0484],[79.8821,19.0419],[79.9336,19.0531],[79.9418,19.0381],[79.9545,18.9684],[79.9649,18.9354],[79.9642,18.8855],[79.9603,18.8671],[79.9169,18.8266],[79.968,18.7965],[80.0019,18.7856],[80.0667,18.731],[80.0905,18.6975],[80.1697,18.69],[80.2417,18.6975],[80.2704,18.7137],[80.2606,18.7555],[80.2748,18.7769],[80.3389,18.8133],[80.3492,18.8309],[80.3442,18.8507],[80.2839,18.9203],[80.2714,18.947],[80.2718,18.9794],[80.2904,19.0193],[80.3462,19.0815],[80.3666,19.1174],[80.3731,19.1514],[80.3971,19.2342],[80.4054,19.2504],[80.4473,19.2721],[80.4711,19.3159],[80.4898,19.3344],[80.517,19.3452],[80.5427,19.3786],[80.5535,19.3869],[80.576,19.392],[80.5871,19.3819],[80.6003,19.3417],[80.6174,19.3186],[80.653,19.3224],[80.68,19.3215],[80.7105,19.2787],[80.7167,19.2627],[80.7245,19.2645],[80.7612,19.2985],[80.7844,19.3116],[80.823,19.3261],[80.8322,19.3454],[80.8054,19.3861],[80.8057,19.4033],[80.8255,19.4112],[80.8542,19.4144],[80.881,19.4279],[80.8954,19.4522],[80.8939,19.4844],[80.8782,19.5071],[80.831,19.5471],[80.8064,19.5514],[80.7612,19.5801],[80.7129,19.5926],[80.6915,19.6077],[80.685,19.6222],[80.6757,19.6766],[80.6498,19.7013],[80.5872,19.7189],[80.5656,19.7398],[80.5485,19.7923],[80.5378,19.8109],[80.5184,19.8163],[80.5008,19.8109],[80.4898,19.7992],[80.4882,19.7743],[80.4695,19.7662],[80.4316,19.7733],[80.4115,19.7837],[80.4182,19.8059],[80.4718,19.8302],[80.4861,19.855],[80.4734,19.874],[80.4444,19.8785],[80.4251,19.8928],[80.4312,19.9115],[80.4448,19.9312],[80.4602,19.941],[80.4983,19.9233],[80.5311,19.9207],[80.5387,19.9448],[80.5448,19.999],[80.5572,20.0483],[80.5532,20.0732],[80.5306,20.1349],[80.507,20.1419],[80.4263,20.1462],[80.4141,20.1652],[80.4241,20.1972],[80.4244,20.2341],[80.4312,20.2469],[80.4538,20.2573],[80.5105,20.2629],[80.5342,20.2694],[80.5751,20.3029],[80.5955,20.3158],[80.6224,20.3259],[80.6264,20.3426],[80.6129,20.3852],[80.6144,20.4643],[80.6349,20.5123],[80.6209,20.5416],[80.6224,20.6009],[80.586,20.6165],[80.5651,20.6138],[80.5325,20.5931],[80.515,20.5888],[80.497,20.5962],[80.4946,20.6096],[80.503,20.6333],[80.5172,20.6482],[80.5589,20.6672],[80.571,20.6824],[80.573,20.6976],[80.5568,20.7808],[80.5566,20.878],[80.5521,20.9193],[80.5339,20.9375],[80.5032,20.9309],[80.4813,20.932],[80.4633,20.9422],[80.4501,20.9592],[80.4353,20.9992],[80.4363,21.0247],[80.4473,21.0614],[80.4568,21.1255],[80.4652,21.148],[80.4845,21.1677],[80.5485,21.2067],[80.6256,21.2427],[80.6664,21.2796],[80.6784,21.302],[80.679,21.3512],[80.6629,21.3463],[80.6441,21.3324],[80.6256,21.3265],[80.612,21.3317],[80.5027,21.3953],[80.4736,21.4036],[80.4099,21.3921],[80.3956,21.3996],[80.3953,21.4149],[80.4129,21.4329],[80.4176,21.4468],[80.4118,21.4687],[80.3878,21.4926],[80.3375,21.5255],[80.3236,21.5411],[80.3186,21.5686],[80.3102,21.5802],[80.2761,21.5847],[80.2481,21.5968],[80.2029,21.6255],[80.1867,21.6395],[80.1641,21.6212],[80.1084,21.6042],[80.0887,21.5918],[80.0803,21.5716],[80.0053,21.5483],[79.9847,21.5483],[79.9779,21.562],[79.9336,21.5545],[79.9154,21.5381],[79.8621,21.5282],[79.8403,21.5343],[79.8221,21.5695],[79.7984,21.5878],[79.7588,21.5941],[79.7048,21.584],[79.6726,21.587],[79.6505,21.5816],[79.6001,21.5474],[79.5652,21.5388],[79.5516,21.55],[79.5466,21.5785],[79.5331,21.6193],[79.4983,21.6397],[79.4863,21.6635],[79.4709,21.672],[79.4131,21.6898],[79.3319,21.6903],[79.295,21.698],[79.2587,21.7143],[79.2401,21.7128],[79.2273,21.6639],[79.2158,21.6546],[79.1667,21.6404],[79.1159,21.6219],[79.0815,21.6129],[78.9961,21.6034],[78.9504,21.5904],[78.9219,21.5723],[78.9311,21.5439],[78.9293,21.525],[78.9042,21.5093],[78.8388,21.5012],[78.7996,21.4893],[78.7381,21.484],[78.696,21.4748],[78.6267,21.4794],[78.5612,21.4961],[78.5137,21.5266],[78.4857,21.5268],[78.4551,21.5094],[78.4279,21.5085],[78.4259,21.5503],[78.4143,21.5788],[78.4133,21.6063],[78.3938,21.6223],[78.366,21.6254],[78.3332,21.6146],[78.3102,21.5863],[78.2642,21.571],[78.2084,21.5594],[78.1927,21.5511],[78.1444,21.4987],[78.1255,21.4847],[78.0856,21.4624],[78.0292,21.4377],[77.9102,21.4006],[77.8715,21.3981],[77.8054,21.4229],[77.7875,21.423],[77.7439,21.4001],[77.7126,21.3803],[77.6952,21.3798],[77.6762,21.3951],[77.627,21.3995],[77.601,21.3886],[77.578,21.3845],[77.5604,21.3904],[77.5315,21.4161],[77.5091,21.4113],[77.4902,21.3929],[77.4818,21.4239],[77.4546,21.4612],[77.4331,21.4988],[77.432,21.5342],[77.444,21.5471],[77.4568,21.5485],[77.5552,21.5425],[77.5749,21.5483],[77.5771,21.5565],[77.5614,21.5835],[77.562,21.6262],[77.5518,21.6968],[77.5316,21.7219],[77.5037,21.7329],[77.4933,21.7548],[77.4607,21.77],[77.333,21.7745],[77.3164,21.7698],[77.2855,21.7407],[77.2511,21.7312],[77.2371,21.7097],[77.219,21.7008],[77.1985,21.7079],[77.1789,21.7262],[77.1672,21.7282],[77.1155,21.724],[77.0693,21.7123],[77.0288,21.6936],[76.9174,21.6181],[76.8997,21.6127],[76.8436,21.6134],[76.8141,21.6001],[76.7937,21.577],[76.7867,21.5307],[76.7855,21.5017],[76.7771,21.4801],[76.7495,21.453],[76.7295,21.413],[76.7096,21.3962],[76.6709,21.3761],[76.6464,21.3587],[76.6334,21.341],[76.6533,21.2938],[76.654,21.2513],[76.6363,21.22],[76.6141,21.2025],[76.5418,21.1952],[76.4983,21.1804],[76.4695,21.1518],[76.4366,21.1078],[76.3788,21.0868],[76.3174,21.0819],[76.2866,21.0748],[76.1868,21.0858],[76.1439,21.1069],[76.1086,21.1531],[76.1093,21.174],[76.1312,21.1763],[76.1429,21.1931],[76.1326,21.2372],[76.1305,21.2801],[76.108,21.3324],[76.0938,21.3586],[76.0829,21.3681],[76.0396,21.3657],[75.9867,21.3784],[75.9523,21.3909],[75.9073,21.3918],[75.8778,21.3998],[75.814,21.3834],[75.7065,21.3782],[75.6632,21.3802],[75.6252,21.3855],[75.5698,21.3804],[75.5347,21.3718],[75.48,21.3763],[75.3813,21.3763],[75.3475,21.3847],[75.3119,21.3815],[75.2095,21.4029],[75.1532,21.4227],[75.1299,21.4377],[75.1062,21.4831],[75.0677,21.5347],[75.048,21.5541],[75.005,21.5754],[74.9561,21.5779],[74.941,21.5832],[74.913,21.6037],[74.8941,21.612],[74.8539,21.6165],[74.7638,21.6084],[74.7081,21.6112],[74.6948,21.6169],[74.6609,21.6453],[74.6082,21.6589],[74.5916,21.6679],[74.5345,21.7076],[74.5125,21.7269],[74.5069,21.7637],[74.4916,21.7946],[74.487,21.8201],[74.4942,21.917],[74.4856,21.946],[74.428,22.0062],[74.4077,22.023],[74.3918,22.0217],[74.352,21.9865],[74.29,21.966],[74.2844,21.9449],[74.249,21.9298],[74.2049,21.9251],[74.1828,21.9293],[74.1512,21.9476],[74.1288,21.9518],[74.061,21.9403],[73.9746,21.9012],[73.965,21.8878],[73.9427,21.8746],[73.9176,21.8669],[73.8995,21.8698],[73.8709,21.8547],[73.8094,21.8365],[73.7976,21.8134],[73.7968,21.7945],[73.805,21.7665],[73.8035,21.7398],[73.8157,21.7142],[73.8372,21.6976],[73.8391,21.6822],[73.8286,21.6509],[73.8109,21.6347],[73.7927,21.6267],[73.762,21.6238],[73.7516,21.611],[73.7633,21.5857],[73.7927,21.5526],[73.8112,21.518],[73.8208,21.5083],[73.8564,21.5209],[73.9239,21.5313],[73.9549,21.5438],[73.9959,21.5553],[74.0379,21.5593],[74.109,21.5526],[74.1318,21.5678],[74.1615,21.5662],[74.1916,21.5455],[74.2296,21.5524],[74.2798,21.574],[74.2972,21.5531],[74.3,21.5279],[74.2915,21.5139],[74.265,21.4964],[74.2406,21.4861],[74.1087,21.4516],[74.0874,21.4529],[74.0535,21.4657],[74.0304,21.4521],[74.0071,21.4272],[73.9602,21.3944],[73.9464,21.3735],[73.9295,21.3085],[73.9186,21.2916],[73.8537,21.2678],[73.832,21.2685],[73.8166,21.2835],[73.8001,21.2809],[73.7774,21.2166],[73.7556,21.1972],[73.7332,21.1913],[73.6981,21.1656],[73.6626,21.1725],[73.632,21.1659],[73.5769,21.1946],[73.5583,21.1981],[73.5528,21.1848],[73.5599,21.1742],[73.5974,21.1399],[73.634,21.1194],[73.6952,21.1226],[73.7143,21.112],[73.7423,21.0731],[73.7898,21.0585],[73.8328,21.0037],[73.8683,20.9748],[73.8846,20.9265],[73.9029,20.8839],[73.9115,20.8063],[73.909,20.7757],[73.8989,20.751],[73.8892,20.7406],[73.8398,20.7053],[73.811,20.6769],[73.812,20.6515],[73.8063,20.6264],[73.7923,20.6062],[73.6998,20.5624],[73.6476,20.5592],[73.63,20.5639],[73.5995,20.6046],[73.5695,20.6249],[73.5389,20.6388],[73.5015,20.6646],[73.4758,20.6787],[73.4535,20.7172],[73.439,20.7191],[73.429,20.7104],[73.4183,20.6837],[73.4042,20.6699],[73.3717,20.6595],[73.3665,20.6419],[73.4037,20.6336],[73.4169,20.5926],[73.4438,20.5867],[73.4506,20.5738],[73.4587,20.538],[73.4421,20.4955],[73.3929,20.4185],[73.3646,20.3823],[73.3607,20.3694],[73.3833,20.3487],[73.3941,20.2704],[73.3891,20.2444],[73.38,20.2283],[73.3839,20.1942],[73.3779,20.1803],[73.3638,20.1783],[73.2718,20.1934],[73.2474,20.1753],[73.2433,20.1386],[73.231,20.1257],[73.193,20.111],[73.1663,20.1149],[73.1681,20.0777],[73.1609,20.0475],[73.1479,20.0281],[73.1367,20.0272],[73.1099,20.0528],[73.0932,20.0559],[73.0678,20.0408],[73.0461,20.0567],[73.031,20.0565],[73.0078,20.04],[72.9972,20.0398],[72.9806,20.0624],[72.9702,20.0868],[72.9472,20.1274],[72.8976,20.1071],[72.8726,20.1018],[72.8308,20.104],[72.8058,20.0925],[72.7826,20.1017],[72.7708,20.0997],[72.732,20.0757],[72.7081,20.0726],[72.7078,20.0128],[72.7034,19.9976],[72.6843,19.964],[72.6652,19.9529],[72.6642,19.8816],[72.6492,19.852],[72.6501,19.842],[72.6799,19.8005],[72.6758,19.7641],[72.6779,19.7466],[72.6901,19.749],[72.7283,19.7936],[72.7345,19.7626],[72.714,19.7458],[72.7264,19.7058],[72.7078,19.6975],[72.6867,19.7248],[72.7096,19.65],[72.718,19.6067],[72.7108,19.5876],[72.7225,19.5363],[72.7492,19.5126],[72.7549,19.527],[72.7345,19.5466],[72.7407,19.5607],[72.7345,19.5808],[72.7707,19.5661],[72.7813,19.5366],[72.7959,19.5268],[72.8159,19.5285],[72.8567,19.5413],[72.8792,19.5324],[72.7692,19.4905],[72.7544,19.4818],[72.7468,19.468],[72.7482,19.4442],[72.7598,19.389],[72.7876,19.3452],[72.8021,19.3319],[72.8185,19.3303],[72.8369,19.348],[72.8553,19.3395],[72.8989,19.307],[72.9168,19.3034],[72.971,19.307],[72.9878,19.3007],[73.0125,19.2724],[73.0291,19.2593],[73.03,19.2277],[73.0497,19.2177],[73.0266,19.2055],[73.0105,19.2243],[72.9883,19.2791],[72.9727,19.2937],[72.9597,19.2948],[72.9303,19.2866],[72.8855,19.296],[72.867,19.3168],[72.8394,19.3191],[72.7854,19.3139],[72.7756,19.299],[72.7722,19.2651],[72.7754,19.2047],[72.7894,19.2174],[72.8151,19.2536],[72.8301,19.2524],[72.8025,19.2116],[72.7834,19.1686],[72.7849,19.1504],[72.7996,19.1569],[72.8052,19.1718],[72.818,19.1754],[72.8224,19.1638],[72.8122,19.1537],[72.8118,19.1374],[72.8211,19.1192],[72.822,19.0971],[72.8096,19.0668],[72.8242,19.0535],[72.8171,19.0327],[72.8027,19.0402],[72.8049,19.0111],[72.7959,18.9849],[72.7704,18.9482],[72.7754,18.9365],[72.7959,18.9576],[72.8074,18.9428],[72.8027,18.9098],[72.8125,18.8974],[72.8276,18.9184],[72.8363,18.9591],[72.8511,18.9871],[72.8853,19.0259],[72.8914,18.9918],[72.9343,19.0341],[72.9434,19.0551],[72.9269,19.0668],[72.9339,19.0803],[72.9356,19.1151],[72.95,19.1279],[72.9673,19.1631],[72.9748,19.1631],[72.9673,19.091],[72.9738,19.0786],[72.9919,19.0672],[72.981,19.0464],[72.9878,19.0369],[72.9836,19.0104],[72.9883,18.9986],[73.0398,19.0175],[73.0568,19.0153],[73.0466,18.9952],[72.992,18.9825],[72.9536,18.9644],[72.9883,18.9644],[72.9772,18.9484],[72.9492,18.9515],[72.9368,18.9474],[72.9346,18.9208],[72.9281,18.9114],[72.9126,18.9235],[72.8968,18.8945],[72.9163,18.8705],[72.9461,18.8583],[72.967,18.8721],[72.9817,18.8715],[72.9748,18.8483],[72.988,18.8249],[73.0163,18.8136],[73.0025,18.8015],[72.9917,18.7794],[72.988,18.7539],[72.9951,18.731],[72.9696,18.747],[72.9663,18.7614],[72.9748,18.7795],[72.9269,18.8266],[72.9126,18.8],[72.8792,18.8074],[72.8656,18.7994],[72.8524,18.7699],[72.8517,18.7197],[72.8553,18.6811],[72.8645,18.6489],[72.8822,18.6355],[72.9058,18.5771],[72.9102,18.559],[72.9212,18.5549],[72.9502,18.5604],[72.9603,18.5547],[72.9779,18.5241],[72.9888,18.4899],[73.015,18.47],[73.0088,18.4505],[72.9902,18.47],[72.9611,18.5177],[72.9468,18.5324],[72.9247,18.5356],[72.9072,18.5236],[72.8958,18.503],[72.8914,18.4809],[72.8897,18.4413],[72.8972,18.4173],[72.9102,18.3992],[72.9098,18.3681],[72.9173,18.3564],[72.9336,18.3549],[72.9509,18.333],[72.9748,18.3276],[72.968,18.3106],[72.9774,18.2951],[73.0125,18.2792],[73.057,18.281],[73.0715,18.273],[73.0653,18.2576],[73.074,18.2242],[73.0715,18.2041],[73.0575,18.1856],[73.0476,18.2012],[73.0635,18.2104],[73.051,18.2275],[73.0324,18.2379],[72.9951,18.2451],[72.9767,18.2426],[72.9645,18.255],[72.9531,18.2813],[72.94,18.286],[72.9333,18.2666],[72.94,18.2513],[72.9269,18.2239],[72.9548,18.2175],[72.9673,18.196],[72.9761,18.1186],[72.9881,18.096],[72.981,18.0806],[73.0088,18.039],[73.0227,18.0577],[73.0435,18.067],[73.0422,18.049],[73.0088,18.0259],[73.0086,18.0002],[73.0354,17.9918],[73.0171,17.9721],[73.0186,17.9517],[73.0652,17.8784],[73.0737,17.8571],[73.0794,17.8246],[73.1066,17.7855],[73.1099,17.7583],[73.1233,17.7358],[73.1232,17.7233],[73.1082,17.6998],[73.1105,17.6757],[73.1262,17.6554],[73.1213,17.6264],[73.1392,17.6008],[73.1859,17.5925],[73.2007,17.5865],[73.1634,17.5695],[73.1279,17.5647],[73.1317,17.5394],[73.1655,17.5034],[73.1807,17.4777],[73.1734,17.4574],[73.1854,17.4419],[73.1653,17.413],[73.1706,17.3897],[73.196,17.3694],[73.2074,17.3537],[73.2347,17.3023],[73.249,17.2849],[73.2312,17.2793],[73.187,17.306],[73.2112,17.2751],[73.218,17.2532],[73.236,17.2206],[73.2362,17.1992],[73.2551,17.1652],[73.262,17.135],[73.2551,17.121],[73.2757,17.0786],[73.2774,17.0547],[73.2694,17.0316],[73.259,17.0441],[73.2512,17.0322],[73.2627,17.0185],[73.2546,17.0067],[73.2624,16.997],[73.2894,16.9838],[73.2749,16.9586],[73.2694,16.9292],[73.2796,16.8876],[73.2694,16.8756],[73.2747,16.8488],[73.2969,16.8057],[73.3037,16.8131],[73.3045,16.7935],[73.2896,16.7402],[73.3003,16.7132],[73.3216,16.6925],[73.3215,16.6708],[73.3122,16.6447],[73.3235,16.6207],[73.3543,16.6347],[73.3665,16.6281],[73.3687,16.599],[73.3584,16.6039],[73.3582,16.6207],[73.3161,16.6],[73.3228,16.5762],[73.3364,16.5656],[73.3713,16.5593],[73.3508,16.5382],[73.3787,16.5183],[73.344,16.5236],[73.3073,16.5632],[73.3037,16.5556],[73.3058,16.5227],[73.3192,16.5098],[73.334,16.4682],[73.3413,16.4321],[73.3521,16.4181],[73.3849,16.4016],[73.3644,16.3893],[73.3582,16.3675],[73.3787,16.3569],[73.3787,16.3327],[73.4061,16.2508],[73.4197,16.2167],[73.4352,16.2178],[73.4402,16.2023],[73.4402,16.162],[73.447,16.1136],[73.4528,16.1666],[73.465,16.1823],[73.488,16.1894],[73.4634,16.1596],[73.4607,16.1447],[73.4607,16.0863],[73.447,16.0689],[73.4504,16.0589],[73.4681,16.0485],[73.4839,16.0282],[73.516,16.0248],[73.516,16.0174],[73.4873,16.0142],[73.491,15.9935],[73.5101,15.9676],[73.529,15.9492],[73.5876,15.9029],[73.6047,15.8808],[73.6388,15.8172],[73.6463,15.7921],[73.6436,15.7491],[73.656,15.7303],[73.7009,15.7232]]]},"properties":{"name":"Maharashtra","name_en":"Maharashtra","name_ja":"マハーラーシュトラ州","name_zh":"马哈拉施特拉邦","name_ko":"마하라슈트라","adm0_a3":"IND","postal":"MH","iso_3166_2":"IN-MH","type_en":"State","region":"West","geonunit":"India"}},
{"type":"Feature","geometry":{"type":"Polygon","coordinates":[[[74.0912,14.8876],[74.1253,14.9048],[74.1607,14.9292],[74.1976,14.9287],[74.2266,14.9432],[74.2412,14.956],[74.2643,15.0222],[74.2671,15.0499],[74.2597,15.0977],[74.2647,15.1208],[74.2884,15.1676],[74.2928,15.1883],[74.2786,15.209],[74.2491,15.2255],[74.2412,15.2378],[74.2434,15.2525],[74.2822,15.2634],[74.2983,15.2729],[74.3042,15.2892],[74.3002,15.329],[74.2915,15.3488],[74.2635,15.3774],[74.2572,15.3942],[74.2581,15.4282],[74.2392,15.4542],[74.2365,15.4725],[74.2545,15.5003],[74.2578,15.5186],[74.246,15.5872],[74.238,15.616],[74.2268,15.6298],[74.1978,15.6453],[74.1672,15.6524],[74.1408,15.6376],[74.1276,15.6352],[74.1006,15.6403],[74.0616,15.6395],[73.9903,15.6135],[73.9644,15.6188],[73.9428,15.6325],[73.9248,15.6583],[73.9084,15.7212],[73.8914,15.7359],[73.8438,15.7492],[73.8357,15.7773],[73.8264,15.783],[73.8131,15.7719],[73.7927,15.7416],[73.7704,15.7366],[73.7221,15.7343],[73.7009,15.7232],[73.6868,15.7131],[73.6979,15.6628],[73.7183,15.6271],[73.7283,15.6196],[73.7839,15.6591],[73.8381,15.6611],[73.8381,15.6543],[73.7874,15.6418],[73.7604,15.632],[73.7371,15.5985],[73.7412,15.56],[73.7561,15.5376],[73.7512,15.5131],[73.7663,15.4973],[73.7864,15.4922],[73.7964,15.5004],[73.866,15.5376],[73.8595,15.5211],[73.8722,15.5109],[73.8176,15.4966],[73.8005,15.475],[73.7964,15.4489],[73.8062,15.4522],[73.8416,15.4489],[73.8586,15.4352],[73.8859,15.4352],[73.937,15.4113],[73.9678,15.3738],[73.9541,15.3663],[73.9453,15.3857],[73.9334,15.3954],[73.8996,15.4079],[73.8849,15.398],[73.8601,15.4079],[73.8394,15.404],[73.7829,15.4079],[73.8104,15.3776],[73.8274,15.3652],[73.8826,15.3553],[73.8913,15.3432],[73.9473,15.1608],[73.9541,15.1683],[73.9622,15.152],[73.9583,15.1431],[73.937,15.1304],[73.9225,15.1079],[73.9131,15.0789],[73.9644,15.0646],[73.973,15.0569],[73.9958,15.0107],[74.0313,14.9953],[74.036,14.9796],[74.0303,14.9352],[74.036,14.9213],[74.0912,14.8876]]]},"properties":{"name":"Goa","name_en":"Goa","name_ja":"ゴア州","name_zh":"果阿邦","name_ko":"고아","adm0_a3":"IND","postal":"GA","iso_3166_2":"IN-GA","type_en":"State","region":"West","geonunit":"India"}},
{"type":"Feature","geometry":{"type":"Polygon","coordinates":[[[74.8543,12.7653],[74.8979,12.7788],[74.9201,12.7799],[74.9452,12.7739],[74.9585,12.7321],[74.9749,12.7218],[75.0031,12.7168],[75.003,12.6964],[75.0208,12.6858],[75.0481,12.7025],[75.0721,12.699],[75.1021,12.6789],[75.0969,12.6535],[75.1105,12.63],[75.1398,12.6342],[75.155,12.6291],[75.1764,12.5997],[75.1898,12.5969],[75.2127,12.6117],[75.2253,12.6126],[75.2709,12.6007],[75.2646,12.5787],[75.247,12.5511],[75.2514,12.5369],[75.2797,12.502],[75.2931,12.4943],[75.312,12.4695],[75.3485,12.4781],[75.3643,12.4764],[75.3661,12.4567],[75.3435,12.4351],[75.3397,12.4046],[75.3454,12.3904],[75.3687,12.3611],[75.3893,12.2947],[75.4262,12.2918],[75.4416,12.278],[75.5366,12.1689],[75.5527,12.1549],[75.5824,12.1473],[75.6061,12.135],[75.6292,12.1021],[75.654,12.103],[75.6715,12.0984],[75.7096,12.0748],[75.7446,12.0753],[75.7611,12.0687],[75.7688,12.0274],[75.7762,12.0098],[75.8152,11.9672],[75.846,11.9511],[75.8826,11.9429],[75.905,11.9426],[75.9606,11.9286],[75.983,11.9309],[76.0207,11.9517],[76.0558,11.9637],[76.0724,11.9632],[76.0836,11.95],[76.0801,11.8898],[76.0863,11.8711],[76.0987,11.8604],[76.1155,11.8575],[76.1389,11.8672],[76.155,11.8666],[76.1766,11.857],[76.2122,11.8073],[76.2243,11.8043],[76.2507,11.8101],[76.2658,11.7995],[76.2881,11.7685],[76.3166,11.7469],[76.3429,11.7424],[76.3711,11.7504],[76.3893,11.744],[76.3964,11.7257],[76.4009,11.6863],[76.4159,11.6668],[76.4308,11.6894],[76.4653,11.715],[76.5036,11.7192],[76.5322,11.7091],[76.5493,11.6845],[76.5502,11.6454],[76.5669,11.6338],[76.6054,11.6312],[76.7508,11.6423],[76.7669,11.6405],[76.8208,11.6256],[76.8324,11.6419],[76.8442,11.7047],[76.8683,11.7456],[76.9077,11.8002],[76.9315,11.812],[76.968,11.8146],[76.9974,11.8259],[77.0265,11.814],[77.0826,11.7568],[77.1074,11.7527],[77.1219,11.7925],[77.1451,11.8004],[77.1729,11.8042],[77.221,11.8023],[77.2592,11.8169],[77.272,11.8163],[77.3066,11.8024],[77.3248,11.7877],[77.3539,11.7837],[77.379,11.7908],[77.4081,11.7916],[77.4339,11.8115],[77.4427,11.8286],[77.462,11.8824],[77.4898,11.9261],[77.5177,11.9404],[77.6229,11.9497],[77.6423,11.9541],[77.6708,11.9713],[77.6826,11.9968],[77.7171,12.039],[77.7259,12.0581],[77.7594,12.0884],[77.7687,12.12],[77.7368,12.1741],[77.6986,12.198],[77.6678,12.2039],[77.4921,12.2055],[77.4784,12.2146],[77.4765,12.2417],[77.4648,12.2493],[77.4719,12.2742],[77.4901,12.2889],[77.529,12.3082],[77.5608,12.3397],[77.5906,12.3782],[77.6046,12.4058],[77.6189,12.4666],[77.6198,12.4807],[77.6102,12.4954],[77.5861,12.4916],[77.5747,12.5001],[77.5811,12.5272],[77.5687,12.5596],[77.5718,12.5818],[77.5858,12.6241],[77.6094,12.6728],[77.6328,12.6812],[77.6786,12.6762],[77.7011,12.6821],[77.7653,12.7187],[77.7554,12.7448],[77.7602,12.7628],[77.7898,12.8107],[77.8013,12.8566],[77.8458,12.8715],[77.895,12.8728],[77.9148,12.8684],[77.9346,12.8535],[77.9649,12.8165],[77.9874,12.8044],[78.0021,12.8072],[78.0296,12.8487],[78.0562,12.8459],[78.089,12.826],[78.1332,12.7905],[78.1638,12.7753],[78.2296,12.7599],[78.2457,12.7817],[78.2481,12.8018],[78.241,12.8282],[78.244,12.8537],[78.2604,12.8576],[78.2859,12.8434],[78.3008,12.8561],[78.326,12.8608],[78.339,12.8701],[78.3401,12.9004],[78.3462,12.9133],[78.3648,12.9169],[78.378,12.9111],[78.44,12.8675],[78.4678,12.8677],[78.4633,12.8899],[78.4486,12.9102],[78.4159,12.9269],[78.4158,12.9482],[78.4524,12.9967],[78.4666,13.0415],[78.496,13.0619],[78.5165,13.0891],[78.5236,13.1387],[78.5461,13.1642],[78.5566,13.185],[78.565,13.2179],[78.5684,13.2748],[78.5536,13.3018],[78.535,13.2834],[78.5056,13.2823],[78.4656,13.3132],[78.4415,13.3148],[78.4162,13.3276],[78.3947,13.3181],[78.3809,13.3228],[78.3731,13.3472],[78.3502,13.3761],[78.3515,13.3937],[78.3613,13.4134],[78.3586,13.4573],[78.3671,13.4982],[78.3626,13.5286],[78.3653,13.552],[78.3747,13.5796],[78.3684,13.591],[78.3277,13.5878],[78.3042,13.5995],[78.2722,13.5861],[78.2537,13.5858],[78.1841,13.6015],[78.1686,13.6143],[78.1339,13.6536],[78.1182,13.6618],[78.0744,13.6539],[78.0602,13.6723],[78.0561,13.692],[78.0682,13.6987],[78.093,13.6946],[78.1047,13.7011],[78.1022,13.7174],[78.0822,13.7538],[78.096,13.7837],[78.0968,13.809],[78.0797,13.8569],[78.0327,13.8847],[78.0021,13.8671],[77.9716,13.8713],[77.9473,13.8595],[77.9207,13.8305],[77.9123,13.8504],[77.9093,13.8806],[77.9413,13.9204],[77.9426,13.9468],[77.9371,13.9633],[77.9141,13.9541],[77.8966,13.9256],[77.8788,13.9166],[77.8639,13.9202],[77.8449,13.934],[77.8167,13.9352],[77.7916,13.9417],[77.7733,13.9244],[77.7728,13.9103],[77.7916,13.8774],[77.7841,13.8637],[77.7553,13.8442],[77.7349,13.8242],[77.703,13.8125],[77.6865,13.7996],[77.6749,13.7671],[77.6631,13.7602],[77.6405,13.7817],[77.614,13.7794],[77.5932,13.7671],[77.5953,13.7424],[77.5636,13.7398],[77.5248,13.7249],[77.4995,13.7045],[77.4425,13.702],[77.4407,13.744],[77.4248,13.7975],[77.3986,13.8217],[77.384,13.8467],[77.354,13.8423],[77.3171,13.8502],[77.2921,13.8484],[77.2583,13.8669],[77.2208,13.8681],[77.1967,13.8919],[77.1823,13.8887],[77.1618,13.8744],[77.1535,13.8782],[77.1522,13.9036],[77.1435,13.9107],[77.1292,13.8953],[77.1263,13.8731],[77.1032,13.8622],[77.1026,13.8497],[77.1259,13.8309],[77.1278,13.8004],[77.1332,13.7848],[77.1277,13.7679],[77.1095,13.7615],[77.0638,13.7697],[77.0482,13.7476],[77.0323,13.7462],[77.0102,13.7694],[76.9938,13.7799],[76.98,13.7528],[76.9692,13.7537],[76.9585,13.7816],[76.9545,13.8203],[76.9581,13.8334],[76.9829,13.862],[76.9955,13.8887],[77.0104,13.905],[77.0005,13.9307],[76.9817,13.9501],[76.9519,13.9956],[76.9359,14.0109],[76.9336,14.041],[76.9426,14.0611],[76.9328,14.0801],[76.873,14.1374],[76.868,14.1538],[76.8754,14.1627],[76.9,14.1706],[76.922,14.1888],[76.9495,14.1698],[76.9674,14.171],[76.9736,14.1561],[76.9804,14.1071],[76.9953,14.0664],[77.0048,14.0584],[77.0358,14.0461],[77.0819,14.0338],[77.1123,14.0051],[77.1806,14.0068],[77.244,14.0222],[77.2893,14.0107],[77.2982,14.0006],[77.331,13.9391],[77.3324,13.9082],[77.3867,13.8904],[77.3999,13.8968],[77.3988,13.9109],[77.384,13.9393],[77.388,13.9629],[77.3811,13.9752],[77.3629,13.985],[77.3525,13.9996],[77.349,14.0213],[77.3279,14.0522],[77.361,14.1064],[77.3516,14.1159],[77.3311,14.1191],[77.3326,14.1298],[77.3685,14.1634],[77.3831,14.1706],[77.44,14.1741],[77.4605,14.181],[77.4678,14.1924],[77.4562,14.2303],[77.4542,14.2484],[77.4635,14.2774],[77.461,14.2901],[77.4174,14.2999],[77.4139,14.3139],[77.3896,14.334],[77.3744,14.3345],[77.3589,14.3216],[77.3667,14.2871],[77.3844,14.262],[77.3867,14.2445],[77.3673,14.2383],[77.3434,14.257],[77.3271,14.281],[77.2782,14.2956],[77.2626,14.3091],[77.2568,14.334],[77.1851,14.3265],[77.16,14.3322],[77.141,14.3435],[77.1243,14.341],[77.1113,14.3296],[77.0869,14.2961],[77.0803,14.2783],[77.0825,14.2515],[77.0782,14.2375],[77.0631,14.2308],[77.0455,14.2317],[76.9993,14.2443],[76.968,14.246],[76.9082,14.2579],[76.9058,14.2683],[76.9206,14.2921],[76.9156,14.3111],[76.883,14.3243],[76.8624,14.3472],[76.8568,14.3682],[76.8609,14.3916],[76.8785,14.4087],[76.9025,14.4072],[76.9309,14.4494],[76.9296,14.4665],[76.911,14.4867],[76.869,14.4895],[76.83,14.4787],[76.8214,14.486],[76.8033,14.5238],[76.7913,14.5417],[76.7617,14.5555],[76.7529,14.5656],[76.7406,14.6129],[76.7386,14.6435],[76.7439,14.6679],[76.7622,14.7071],[76.7657,14.7318],[76.7646,14.7729],[76.7947,14.7859],[76.7997,14.7948],[76.8151,14.858],[76.8222,14.921],[76.8194,14.9377],[76.8028,14.9528],[76.7824,14.9593],[76.7575,14.9742],[76.7221,14.9824],[76.7195,14.9897],[76.7399,15.0128],[76.7449,15.0257],[76.7455,15.0639],[76.7643,15.0941],[76.7762,15.0902],[76.8634,15.041],[76.9061,15.0356],[76.948,15.0216],[76.9714,15.0307],[77.007,15.0295],[77.0272,15.007],[77.0569,15.0143],[77.0804,15.0367],[77.0934,15.0589],[77.1005,15.0845],[77.1281,15.1323],[77.1326,15.1543],[77.1287,15.1943],[77.1135,15.2423],[77.1049,15.3082],[77.0936,15.3222],[77.0742,15.3336],[77.0396,15.3417],[77.0259,15.3515],[77.0145,15.4173],[77.0012,15.4432],[76.9909,15.4531],[76.9686,15.5015],[76.9724,15.5222],[77.0048,15.5049],[77.0101,15.5244],[77.0092,15.5693],[76.9997,15.6138],[77.0105,15.6446],[77.0287,15.6599],[77.0479,15.6622],[77.0769,15.6538],[77.0849,15.6673],[77.0769,15.6902],[77.0517,15.737],[77.0311,15.7488],[77.0253,15.7813],[77.0341,15.8737],[77.0736,15.921],[77.1437,15.9607],[77.1631,15.9671],[77.2264,15.9764],[77.2636,15.9621],[77.3062,15.9571],[77.4288,15.9559],[77.4465,15.953],[77.474,15.9835],[77.4837,16.0021],[77.4809,16.0459],[77.4851,16.1108],[77.479,16.1644],[77.4803,16.1838],[77.4902,16.2228],[77.4908,16.2616],[77.5013,16.2755],[77.54,16.2995],[77.5518,16.3177],[77.5526,16.3322],[77.5332,16.361],[77.4933,16.3782],[77.4731,16.3811],[77.4106,16.3794],[77.394,16.3811],[77.2937,16.4065],[77.2574,16.4494],[77.2736,16.4651],[77.3116,16.4855],[77.345,16.5103],[77.3709,16.5243],[77.3831,16.5428],[77.3839,16.5562],[77.397,16.5717],[77.418,16.5798],[77.432,16.5936],[77.4463,16.6408],[77.4388,16.6506],[77.4136,16.6469],[77.417,16.6635],[77.4413,16.6841],[77.4441,16.696],[77.4109,16.7206],[77.4096,16.7378],[77.4148,16.7796],[77.4316,16.7996],[77.4344,16.8128],[77.4334,16.9348],[77.4421,16.9747],[77.4641,17.0115],[77.4652,17.0426],[77.4335,17.0968],[77.4286,17.136],[77.4156,17.1492],[77.3873,17.1578],[77.3704,17.1692],[77.3653,17.1941],[77.3744,17.2226],[77.4964,17.3746],[77.5162,17.4195],[77.5362,17.4354],[77.561,17.4385],[77.5783,17.4555],[77.581,17.4719],[77.5993,17.4869],[77.6532,17.5001],[77.682,17.555],[77.6858,17.5672],[77.6743,17.5771],[77.655,17.5721],[77.6202,17.5528],[77.5991,17.5468],[77.5888,17.5542],[77.5826,17.5788],[77.5359,17.5737],[77.4929,17.5776],[77.4567,17.5991],[77.423,17.6125],[77.4115,17.6308],[77.4239,17.6527],[77.4524,17.6893],[77.4636,17.7134],[77.4809,17.7265],[77.5254,17.7463],[77.5337,17.7632],[77.5309,17.7776],[77.5003,17.8123],[77.5079,17.8347],[77.5235,17.8521],[77.5592,17.8699],[77.6198,17.9257],[77.6267,17.9422],[77.6213,17.9868],[77.6112,18.0172],[77.5948,18.0446],[77.5629,18.0708],[77.5577,18.0862],[77.5725,18.104],[77.5999,18.1148],[77.601,18.1251],[77.5907,18.1755],[77.5698,18.2237],[77.5709,18.2496],[77.5821,18.2742],[77.5833,18.2915],[77.5512,18.3079],[77.5091,18.3146],[77.4932,18.309],[77.4615,18.2819],[77.4376,18.2819],[77.4294,18.2958],[77.4273,18.3161],[77.4066,18.3277],[77.3719,18.3387],[77.3466,18.3515],[77.3428,18.3713],[77.3437,18.4166],[77.3366,18.436],[77.3243,18.4491],[77.3019,18.4603],[77.2648,18.4531],[77.2327,18.4107],[77.2262,18.3854],[77.2318,18.356],[77.2311,18.3338],[77.2212,18.3138],[77.1769,18.297],[77.1179,18.2538],[77.0978,18.2304],[77.0877,18.1971],[77.0695,18.1891],[77.05,18.1922],[77.0277,18.1886],[77.0058,18.1783],[76.9701,18.1821],[76.9495,18.18],[76.9144,18.1677],[76.8929,18.1443],[76.8975,18.1055],[76.8962,18.0796],[76.8835,18.0294],[76.8817,18.0028],[76.8851,17.9745],[76.8776,17.9336],[76.8631,17.9037],[76.8391,17.8842],[76.8253,17.8845],[76.7713,17.8991],[76.7409,17.8984],[76.7424,17.8771],[76.7548,17.8492],[76.7557,17.8258],[76.744,17.8136],[76.7055,17.7921],[76.6877,17.755],[76.676,17.7069],[76.6607,17.7098],[76.6165,17.745],[76.5927,17.7706],[76.5534,17.7664],[76.5347,17.7759],[76.513,17.7728],[76.5014,17.7489],[76.4658,17.7263],[76.4663,17.7048],[76.454,17.6924],[76.4313,17.6838],[76.4165,17.6714],[76.4103,17.6539],[76.3906,17.6368],[76.3222,17.6177],[76.3115,17.6011],[76.3364,17.5683],[76.3323,17.5341],[76.3401,17.5155],[76.3181,17.4874],[76.3163,17.4739],[76.3329,17.4545],[76.3474,17.4134],[76.3781,17.3898],[76.375,17.3719],[76.3438,17.3519],[76.3309,17.3502],[76.2912,17.3581],[76.255,17.3604],[76.2285,17.3825],[76.2104,17.3889],[76.1841,17.3844],[76.1664,17.3741],[76.1463,17.3711],[76.1271,17.3813],[76.0947,17.3778],[76.0613,17.3576],[76.0278,17.3457],[76.0099,17.3537],[75.9633,17.3426],[75.9365,17.3259],[75.9197,17.3416],[75.8977,17.3522],[75.887,17.3946],[75.87,17.4161],[75.8454,17.4021],[75.8318,17.417],[75.8159,17.4058],[75.7839,17.3748],[75.7699,17.3772],[75.7529,17.4055],[75.73,17.4182],[75.7048,17.4158],[75.678,17.4253],[75.6596,17.4671],[75.6331,17.4803],[75.6131,17.4716],[75.5809,17.4152],[75.5515,17.3893],[75.5528,17.3659],[75.5698,17.3343],[75.5787,17.2988],[75.5874,17.2851],[75.6112,17.2698],[75.621,17.2424],[75.6221,17.2209],[75.6082,17.1928],[75.6051,17.1581],[75.6159,17.1374],[75.6344,17.1194],[75.6468,17.0914],[75.6424,17.0751],[75.6246,17.0612],[75.6229,17.0492],[75.6375,17.0289],[75.6407,16.9991],[75.6341,16.9832],[75.6167,16.9747],[75.5895,16.9864],[75.5538,17.0149],[75.5437,17.012],[75.5264,16.9892],[75.5091,16.9767],[75.4717,16.963],[75.4534,16.9641],[75.4261,16.9849],[75.3708,16.9845],[75.3253,16.9636],[75.3071,16.9599],[75.256,16.9592],[75.2414,16.9478],[75.2426,16.9021],[75.1971,16.877],[75.1665,16.8679],[75.1445,16.8712],[75.1182,16.8822],[75.0932,16.9086],[75.0756,16.9162],[75.0612,16.9318],[75.0536,16.9507],[75.0434,16.9528],[74.9996,16.9451],[74.9703,16.9552],[74.96,16.9511],[74.948,16.9147],[74.9223,16.8893],[74.8993,16.8786],[74.854,16.8656],[74.8446,16.852],[74.8588,16.8189],[74.8667,16.7762],[74.8576,16.7579],[74.8071,16.7675],[74.7961,16.7663],[74.7579,16.7453],[74.7359,16.7382],[74.7132,16.7163],[74.6849,16.7084],[74.6753,16.6776],[74.6445,16.6519],[74.672,16.6254],[74.6658,16.6062],[74.6361,16.6005],[74.6141,16.5906],[74.5812,16.562],[74.5636,16.5531],[74.5466,16.5555],[74.546,16.5705],[74.5286,16.5988],[74.5246,16.6238],[74.4786,16.6306],[74.4413,16.6464],[74.43,16.6443],[74.4187,16.6055],[74.4114,16.5927],[74.3773,16.5694],[74.3532,16.5435],[74.3405,16.5443],[74.3269,16.5596],[74.3074,16.559],[74.2924,16.5284],[74.2783,16.5278],[74.2579,16.5439],[74.2436,16.5396],[74.2257,16.4925],[74.235,16.4823],[74.2592,16.4952],[74.2718,16.4895],[74.2764,16.4656],[74.2844,16.459],[74.3108,16.4589],[74.3174,16.4518],[74.3265,16.42],[74.3525,16.407],[74.3565,16.3953],[74.3467,16.3881],[74.3107,16.3819],[74.3058,16.3527],[74.3195,16.3252],[74.3195,16.2974],[74.3324,16.2805],[74.3498,16.2912],[74.3662,16.2929],[74.4519,16.2539],[74.4708,16.2358],[74.4763,16.2028],[74.4704,16.1612],[74.4696,16.1098],[74.4575,16.0974],[74.416,16.0964],[74.3869,16.0768],[74.3846,16.0621],[74.4282,16.0449],[74.4331,16.0317],[74.4288,15.9938],[74.4219,15.9767],[74.4009,15.9449],[74.3823,15.9081],[74.3545,15.8726],[74.3525,15.863],[74.3731,15.8355],[74.3495,15.7894],[74.3311,15.7619],[74.3042,15.7397],[74.2816,15.7299],[74.256,15.726],[74.2145,15.7292],[74.2138,15.7645],[74.2025,15.7711],[74.1861,15.7657],[74.1381,15.7295],[74.125,15.7137],[74.1171,15.6902],[74.0929,15.6693],[74.1006,15.6403],[74.1276,15.6352],[74.1408,15.6376],[74.1672,15.6524],[74.1978,15.6453],[74.2268,15.6298],[74.238,15.616],[74.246,15.5872],[74.2578,15.5186],[74.2545,15.5003],[74.2365,15.4725],[74.2392,15.4542],[74.2581,15.4282],[74.2572,15.3942],[74.2635,15.3774],[74.2915,15.3488],[74.3002,15.329],[74.3042,15.2892],[74.2983,15.2729],[74.2822,15.2634],[74.2434,15.2525],[74.2412,15.2378],[74.2491,15.2255],[74.2786,15.209],[74.2928,15.1883],[74.2884,15.1676],[74.2647,15.1208],[74.2597,15.0977],[74.2671,15.0499],[74.2643,15.0222],[74.2412,14.956],[74.2266,14.9432],[74.1976,14.9287],[74.1607,14.9292],[74.1253,14.9048],[74.0912,14.8876],[74.103,14.8569],[74.1118,14.8462],[74.125,14.8459],[74.1541,14.8621],[74.1662,14.8765],[74.1975,14.8909],[74.208,14.9008],[74.2112,14.8874],[74.2352,14.8765],[74.2331,14.8646],[74.208,14.8666],[74.179,14.8563],[74.1595,14.8257],[74.1405,14.8388],[74.1187,14.8319],[74.1091,14.8026],[74.0913,14.8114],[74.0964,14.7934],[74.1113,14.7803],[74.1458,14.7636],[74.1533,14.7499],[74.1738,14.7499],[74.1943,14.7158],[74.2205,14.7381],[74.2341,14.7341],[74.2529,14.7189],[74.2632,14.7016],[74.2692,14.6589],[74.2762,14.6401],[74.2681,14.6199],[74.2871,14.6059],[74.3239,14.6186],[74.339,14.6059],[74.3074,14.6019],[74.2952,14.5873],[74.2959,14.565],[74.3036,14.5377],[74.3005,14.5274],[74.3249,14.5172],[74.339,14.524],[74.3429,14.5637],[74.3587,14.5712],[74.3587,14.5446],[74.3792,14.5446],[74.3724,14.5302],[74.3854,14.5241],[74.4277,14.4763],[74.4011,14.4797],[74.4072,14.462],[74.3888,14.4627],[74.367,14.5124],[74.3519,14.5302],[74.3539,14.5051],[74.3743,14.4673],[74.3816,14.4312],[74.3942,14.4108],[74.397,14.3727],[74.4126,14.3448],[74.4154,14.3011],[74.4277,14.2838],[74.5,14.258],[74.509,14.2503],[74.471,14.2487],[74.447,14.254],[74.4334,14.2634],[74.429,14.2404],[74.4387,14.2201],[74.4675,14.1814],[74.4732,14.1617],[74.4749,14.1057],[74.4914,14.0806],[74.4963,14.0615],[74.4954,14.0306],[74.5047,14.0102],[74.5364,13.9699],[74.5508,13.9455],[74.584,13.9039],[74.596,13.8715],[74.6146,13.8355],[74.6231,13.7742],[74.647,13.6921],[74.6605,13.6601],[74.676,13.7011],[74.6878,13.7118],[74.7014,13.6948],[74.6883,13.6859],[74.7129,13.6562],[74.7356,13.6538],[74.71,13.6406],[74.6809,13.647],[74.6714,13.6039],[74.678,13.5491],[74.6771,13.5268],[74.7014,13.4614],[74.7019,13.4204],[74.6937,13.4153],[74.6908,13.4391],[74.6809,13.4682],[74.6875,13.4103],[74.6946,13.3931],[74.6895,13.3816],[74.7151,13.331],[74.7334,13.2628],[74.7378,13.2214],[74.7488,13.1708],[74.7598,13.1552],[74.763,13.1188],[74.7692,13.0996],[74.7834,13.0847],[74.7703,13.0524],[74.8176,12.8618],[74.8506,12.8572],[74.8948,12.8712],[74.9409,12.8786],[74.9175,12.8581],[74.8811,12.848],[74.867,12.83],[74.8514,12.8255],[74.825,12.8382],[74.8276,12.8247],[74.8523,12.7973],[74.8543,12.7653]]]},"properties":{"name":"Karnataka","name_en":"Karnataka","name_ja":"カルナータカ州","name_zh":"卡纳塔克邦","name_ko":"카르나타카","adm0_a3":"IND","postal":"KA","iso_3166_2":"IN-KA","type_en":"State","region":"South","geonunit":"India"}},
{"type":"Feature","geometry":{"type":"Polygon","coordinates":[[[75.2222,12.022],[75.2229,12.1002],[75.2405,12.1092],[75.2762,12.101],[75.3225,12.1434],[75.3542,12.1352],[75.3815,12.1476],[75.3969,12.1429],[75.3969,12.1288],[75.3823,12.1291],[75.338,12.0984],[75.3239,12.1069],[75.3095,12.0937],[75.3017,12.0698],[75.3042,12.0432],[75.3298,12.0126],[75.3147,12.0084],[75.2811,12.0106],[75.2788,12.0032],[75.2904,11.9811],[75.3161,11.9556],[75.3491,11.9476],[75.3613,11.9512],[75.3934,11.9748],[75.3828,11.9455],[75.4002,11.9202],[75.3265,11.9359],[75.3076,11.9322],[75.3246,11.8991],[75.3494,11.872],[75.3558,11.8577],[75.3797,11.865],[75.5061,11.7272],[75.5308,11.6937],[75.5853,11.5634],[75.5819,11.5498],[75.6008,11.5234],[75.6089,11.4849],[75.6165,11.4736],[75.6648,11.4626],[75.6771,11.4501],[75.6952,11.42],[75.7112,11.3818],[75.7222,11.3675],[75.7355,11.3715],[75.7424,11.3587],[75.7293,11.3437],[75.8328,11.0978],[75.8801,10.9327],[75.8945,10.8498],[75.9111,10.8092],[75.9416,10.7962],[75.9241,10.7807],[75.922,10.7656],[75.9321,10.751],[75.9391,10.7261],[75.9997,10.6055],[76.0081,10.5671],[76.0446,10.5293],[76.0524,10.514],[76.0701,10.4328],[76.1061,10.3847],[76.1206,10.3436],[76.1382,10.2611],[76.1532,10.2202],[76.1706,10.1938],[76.1841,10.1894],[76.2017,10.1997],[76.2095,10.216],[76.2079,10.2346],[76.1948,10.2686],[76.2063,10.2629],[76.2228,10.2344],[76.2402,10.239],[76.2363,10.2103],[76.2241,10.1969],[76.1775,10.1706],[76.1846,10.1449],[76.1824,10.1057],[76.2146,10.0245],[76.2282,9.9999],[76.2427,9.9875],[76.231,10.0258],[76.229,10.0659],[76.2075,10.1171],[76.2153,10.1383],[76.2277,10.1096],[76.2451,10.1022],[76.2551,10.0477],[76.2739,10.0358],[76.2693,10.0163],[76.2782,9.9779],[76.2943,9.9513],[76.3115,9.9669],[76.3208,9.9533],[76.3592,9.9154],[76.3638,9.8992],[76.3941,9.8428],[76.3965,9.8227],[76.384,9.8026],[76.3821,9.7747],[76.3941,9.7472],[76.3941,9.7062],[76.4026,9.7106],[76.4146,9.6827],[76.415,9.6362],[76.4197,9.5942],[76.407,9.5691],[76.4282,9.5554],[76.4485,9.5634],[76.4666,9.5564],[76.5033,9.535],[76.4771,9.5037],[76.459,9.4973],[76.4351,9.5076],[76.4258,9.5053],[76.3767,9.5145],[76.3574,9.5207],[76.3533,9.5353],[76.3729,9.6243],[76.3924,9.6628],[76.3941,9.6789],[76.3771,9.6955],[76.368,9.7156],[76.3592,9.7683],[76.3611,9.8039],[76.353,9.8298],[76.3327,9.8708],[76.3201,9.8616],[76.324,9.8462],[76.3462,9.8161],[76.3376,9.7893],[76.3473,9.7269],[76.3462,9.6994],[76.3389,9.6994],[76.3138,9.8613],[76.3086,9.8796],[76.2971,9.8708],[76.3047,9.8563],[76.3,9.8478],[76.2808,9.8428],[76.2883,9.8612],[76.2842,9.8912],[76.2774,9.8708],[76.2606,9.8847],[76.2568,9.9086],[76.2857,9.9044],[76.291,9.9086],[76.2847,9.9285],[76.2695,9.951],[76.2515,9.9631],[76.2363,9.9527],[76.2468,9.8937],[76.2532,9.8837],[76.2774,9.8093],[76.2971,9.6584],[76.291,9.6332],[76.3118,9.493],[76.363,9.3252],[76.4426,9.1452],[76.4468,9.1596],[76.416,9.2363],[76.4146,9.247],[76.4282,9.2453],[76.4434,9.2121],[76.4624,9.1514],[76.4828,9.1718],[76.4766,9.1166],[76.4691,9.1166],[76.4624,9.1383],[76.4605,9.1149],[76.4893,9.0556],[76.5002,9.0223],[76.5138,9.0021],[76.5215,8.9613],[76.5381,8.9391],[76.5344,8.9578],[76.5388,8.9726],[76.5654,8.9943],[76.5511,8.9664],[76.5586,8.9521],[76.5768,8.9941],[76.5828,9.0006],[76.6206,8.9871],[76.6321,9.0023],[76.6579,9.0107],[76.6685,8.9998],[76.6343,8.9869],[76.6608,8.9699],[76.6576,8.9664],[76.6033,8.9732],[76.5933,8.9682],[76.574,8.9426],[76.5816,8.9199],[76.6206,8.9254],[76.5912,8.9081],[76.5733,8.9044],[76.5591,8.9252],[76.544,8.9125],[76.5586,8.8907],[76.6445,8.819],[76.6603,8.7998],[76.6956,8.7398],[76.7313,8.708],[76.7417,8.6845],[76.8137,8.6013],[76.8265,8.5698],[76.8801,8.5207],[76.9626,8.4047],[76.9959,8.3681],[77.1103,8.2852],[77.1185,8.2935],[77.146,8.2931],[77.1656,8.3075],[77.1661,8.3369],[77.182,8.3684],[77.2035,8.3936],[77.2159,8.4188],[77.206,8.4562],[77.2079,8.4806],[77.2247,8.4676],[77.2441,8.4765],[77.2629,8.4959],[77.2788,8.5264],[77.2691,8.5555],[77.2509,8.5753],[77.2038,8.612],[77.1877,8.6394],[77.1789,8.6952],[77.1921,8.7185],[77.2354,8.7841],[77.2527,8.8399],[77.2493,8.8591],[77.2026,8.8942],[77.168,8.9842],[77.1649,9.001],[77.2101,9.0352],[77.2299,9.0642],[77.2545,9.1221],[77.3121,9.3009],[77.3389,9.344],[77.3635,9.4162],[77.3759,9.4373],[77.4038,9.4611],[77.4045,9.4864],[77.3986,9.5],[77.3676,9.5365],[77.3525,9.5687],[77.3406,9.58],[77.3087,9.5787],[77.2632,9.5574],[77.244,9.5583],[77.2252,9.5758],[77.1927,9.5881],[77.1877,9.6128],[77.2354,9.7647],[77.2377,9.7966],[77.2314,9.8187],[77.2259,9.8589],[77.2293,9.8834],[77.2567,9.9365],[77.2602,9.9622],[77.2396,10.0253],[77.2243,10.0578],[77.2278,10.0759],[77.2748,10.1736],[77.277,10.2101],[77.2605,10.2222],[77.2487,10.2446],[77.2416,10.2844],[77.2116,10.3337],[77.1915,10.3513],[77.1679,10.3447],[77.1318,10.3252],[77.0875,10.3095],[77.0646,10.2963],[77.0203,10.255],[76.9863,10.2313],[76.957,10.2235],[76.928,10.2356],[76.8929,10.2702],[76.8415,10.3107],[76.8377,10.3338],[76.8381,10.3729],[76.8176,10.4051],[76.8086,10.4371],[76.8117,10.4689],[76.8229,10.4993],[76.8267,10.5516],[76.8211,10.6332],[76.8293,10.653],[76.8638,10.6636],[76.8755,10.6785],[76.8789,10.7304],[76.8897,10.78],[76.878,10.8011],[76.8625,10.8079],[76.848,10.8254],[76.8344,10.8613],[76.8198,10.876],[76.769,10.8993],[76.7196,10.914],[76.6904,10.9334],[76.6775,10.9563],[76.6725,10.9893],[76.6785,11.0172],[76.6877,11.0335],[76.7003,11.0413],[76.7465,11.0289],[76.7626,11.0366],[76.7665,11.0522],[76.7541,11.0603],[76.7372,11.0869],[76.7192,11.1387],[76.6886,11.1738],[76.6898,11.1892],[76.7013,11.2126],[76.6984,11.2401],[76.6626,11.2155],[76.6412,11.2086],[76.5734,11.2052],[76.5503,11.2003],[76.5311,11.2028],[76.4958,11.2151],[76.4663,11.2052],[76.4411,11.2141],[76.4442,11.2341],[76.4737,11.2707],[76.5338,11.3131],[76.5427,11.338],[76.5167,11.3521],[76.4954,11.3848],[76.4852,11.3925],[76.4482,11.4063],[76.4091,11.4368],[76.3008,11.4703],[76.2563,11.4784],[76.2425,11.4952],[76.2305,11.5291],[76.2373,11.5603],[76.2323,11.577],[76.2408,11.604],[76.2661,11.6008],[76.2995,11.5875],[76.3392,11.5915],[76.3514,11.6004],[76.3742,11.6316],[76.4153,11.6487],[76.4159,11.6668],[76.4009,11.6863],[76.3964,11.7257],[76.3893,11.744],[76.3711,11.7504],[76.3429,11.7424],[76.3166,11.7469],[76.2881,11.7685],[76.2658,11.7995],[76.2507,11.8101],[76.2243,11.8043],[76.2122,11.8073],[76.1766,11.857],[76.155,11.8666],[76.1389,11.8672],[76.1155,11.8575],[76.0987,11.8604],[76.0863,11.8711],[76.0801,11.8898],[76.0836,11.95],[76.0724,11.9632],[76.0558,11.9637],[76.0207,11.9517],[75.983,11.9309],[75.9606,11.9286],[75.905,11.9426],[75.8826,11.9429],[75.846,11.9511],[75.8152,11.9672],[75.7762,12.0098],[75.7688,12.0274],[75.7611,12.0687],[75.7446,12.0753],[75.7096,12.0748],[75.6715,12.0984],[75.654,12.103],[75.6292,12.1021],[75.6061,12.135],[75.5824,12.1473],[75.5527,12.1549],[75.5366,12.1689],[75.4416,12.278],[75.4262,12.2918],[75.3893,12.2947],[75.3687,12.3611],[75.3454,12.3904],[75.3397,12.4046],[75.3435,12.4351],[75.3661,12.4567],[75.3643,12.4764],[75.3485,12.4781],[75.312,12.4695],[75.2931,12.4943],[75.2797,12.502],[75.2514,12.5369],[75.247,12.5511],[75.2646,12.5787],[75.2709,12.6007],[75.2253,12.6126],[75.2127,12.6117],[75.1898,12.5969],[75.1764,12.5997],[75.155,12.6291],[75.1398,12.6342],[75.1105,12.63],[75.0969,12.6535],[75.1021,12.6789],[75.0721,12.699],[75.0481,12.7025],[75.0208,12.6858],[75.003,12.6964],[75.0031,12.7168],[74.9749,12.7218],[74.9585,12.7321],[74.9452,12.7739],[74.9201,12.7799],[74.8979,12.7788],[74.8543,12.7653],[74.8796,12.7255],[74.9553,12.5373],[74.9854,12.4914],[74.992,12.4617],[75.0066,12.4494],[75.0184,12.4147],[75.0829,12.3059],[75.0986,12.269],[75.1047,12.2461],[75.1055,12.2213],[75.1267,12.2458],[75.1397,12.2486],[75.1309,12.2078],[75.1438,12.1613],[75.1805,12.0773],[75.1863,12.0416],[75.1937,12.0223],[75.207,12.012],[75.2222,12.022]]]},"properties":{"name":"Kerala","name_en":"Kerala","name_ja":"ケーララ州","name_zh":"喀拉拉邦","name_ko":"케랄라","adm0_a3":"IND","postal":"KL","iso_3166_2":"IN-KL","type_en":"State","region":"South","geonunit":"India"}},
{"type":"Feature","geometry":{"type":"MultiPolygon","coordinates":[[[[75.3042,12.0432],[75.3017,12.0698],[75.3095,12.0937],[75.3239,12.1069],[75.338,12.0984],[75.3823,12.1291],[75.3969,12.1288],[75.3969,12.1429],[75.3815,12.1476],[75.3542,12.1352],[75.3225,12.1434],[75.2762,12.101],[75.2405,12.1092],[75.2229,12.1002],[75.2222,12.022],[75.2456,12.0029],[75.2767,11.9674],[75.2605,11.9978],[75.2643,12.0133],[75.3042,12.0432]]],[[[79.8467,10.9798],[79.8061,10.9854],[79.785,10.9709],[79.7375,10.9862],[79.7287,10.9761],[79.7398,10.9683],[79.743,10.9438],[79.7326,10.9411],[79.7207,10.9517],[79.705,10.9516],[79.7173,10.9353],[79.7055,10.9104],[79.7212,10.8997],[79.74,10.8957],[79.7502,10.8835],[79.7674,10.8886],[79.7744,10.8718],[79.8027,10.8708],[79.7933,10.8451],[79.8146,10.8187],[79.8473,10.8096],[79.8407,10.9501],[79.8467,10.9798]]],[[[79.8496,11.9552],[79.8259,11.9471],[79.7911,11.9168],[79.7778,11.9142],[79.7543,11.9339],[79.7546,11.9426],[79.7729,11.9669],[79.7686,11.9775],[79.7312,11.9729],[79.7129,11.9805],[79.6987,11.9991],[79.686,11.9999],[79.6721,11.9823],[79.6726,11.9697],[79.6907,11.9537],[79.6935,11.9302],[79.7092,11.9141],[79.711,11.8963],[79.7,11.869],[79.7031,11.8581],[79.7271,11.8416],[79.7772,11.8324],[79.8109,11.833],[79.8203,11.8786],[79.845,11.9333],[79.8496,11.9552]]],[[[82.2304,16.7193],[82.2137,16.7324],[82.2218,16.7503],[82.2062,16.7441],[82.1777,16.7186],[82.2013,16.7066],[82.2247,16.7037],[82.2606,16.6903],[82.2851,16.6979],[82.2665,16.7031],[82.2951,16.7096],[82.3011,16.7333],[82.2912,16.7421],[82.2798,16.7274],[82.2633,16.7197],[82.2304,16.7193]]]]},"properties":{"name":"Puducherry","name_en":"Puducherry","name_ja":"ポンディシェリ連邦直轄領","name_zh":"本地治里","name_ko":"푸두체리","adm0_a3":"IND","postal":"PY","iso_3166_2":"IN-PY","type_en":"Union Territory","region":"South","geonunit":"India"}},
{"type":"Feature","geometry":{"type":"MultiPolygon","coordinates":[[[[79.8473,10.8096],[79.8146,10.8187],[79.7933,10.8451],[79.8027,10.8708],[79.7744,10.8718],[79.7674,10.8886],[79.7502,10.8835],[79.74,10.8957],[79.7212,10.8997],[79.7055,10.9104],[79.7173,10.9353],[79.705,10.9516],[79.7207,10.9517],[79.7326,10.9411],[79.743,10.9438],[79.7398,10.9683],[79.7287,10.9761],[79.7375,10.9862],[79.785,10.9709],[79.8061,10.9854],[79.8467,10.9798],[79.8522,11.007],[79.8553,11.1599],[79.835,11.2639],[79.833,11.342],[79.7969,11.359],[79.7764,11.363],[79.7593,11.3583],[79.752,11.3405],[79.6963,11.3034],[79.6763,11.2965],[79.6843,11.3122],[79.7404,11.3664],[79.7588,11.3784],[79.8103,11.3789],[79.822,11.3911],[79.8167,11.4431],[79.793,11.4535],[79.7992,11.4422],[79.786,11.4262],[79.7808,11.4651],[79.7573,11.5361],[79.752,11.577],[79.7634,11.6343],[79.7671,11.6737],[79.7859,11.7692],[79.7927,11.7881],[79.8032,11.7961],[79.8109,11.833],[79.7772,11.8324],[79.7271,11.8416],[79.7031,11.8581],[79.7,11.869],[79.711,11.8963],[79.7092,11.9141],[79.6935,11.9302],[79.6907,11.9537],[79.6726,11.9697],[79.6721,11.9823],[79.686,11.9999],[79.6987,11.9991],[79.7129,11.9805],[79.7312,11.9729],[79.7686,11.9775],[79.7729,11.9669],[79.7546,11.9426],[79.7543,11.9339],[79.7778,11.9142],[79.7911,11.9168],[79.8259,11.9471],[79.8496,11.9552],[79.8618,11.978],[79.8618,12.022],[79.8701,12.0374],[79.897,12.0688],[79.9275,12.1299],[79.9476,12.1536],[80.0051,12.2418],[79.9531,12.2136],[79.9439,12.2178],[79.9522,12.2299],[80.0051,12.256],[80.0257,12.2765],[80.0575,12.3312],[80.0872,12.351],[80.117,12.4009],[80.1213,12.4168],[80.156,12.4745],[80.1797,12.5326],[80.1851,12.5671],[80.1965,12.6137],[80.2039,12.6321],[80.2287,12.675],[80.2337,12.711],[80.2517,12.7625],[80.2632,12.8354],[80.2691,12.9573],[80.2827,13.0294],[80.2858,13.0676],[80.3137,13.1058],[80.3069,13.1461],[80.3328,13.1981],[80.3342,13.2212],[80.3137,13.215],[80.3198,13.2492],[80.3342,13.2429],[80.3363,13.2709],[80.3456,13.3212],[80.3478,13.3491],[80.344,13.3754],[80.327,13.4304],[80.3137,13.4272],[80.3069,13.413],[80.2931,13.4291],[80.2624,13.4512],[80.2602,13.4685],[80.2256,13.4506],[80.2023,13.4485],[80.1528,13.4594],[80.112,13.4574],[80.0976,13.4638],[80.11,13.4988],[80.1086,13.5121],[80.0845,13.5131],[80.048,13.5344],[80.0341,13.5341],[80.0283,13.5241],[80.0549,13.4921],[80.0498,13.4762],[79.9998,13.4565],[79.9844,13.4437],[79.962,13.4165],[79.9648,13.3785],[79.9567,13.3658],[79.8733,13.3172],[79.8163,13.2949],[79.7987,13.2919],[79.7641,13.2981],[79.7548,13.2853],[79.76,13.2645],[79.7866,13.2477],[79.7849,13.224],[79.7209,13.2225],[79.6968,13.2358],[79.6896,13.2495],[79.6885,13.2829],[79.6679,13.2913],[79.6004,13.2775],[79.5717,13.2841],[79.5442,13.3235],[79.5222,13.3362],[79.4907,13.3399],[79.4495,13.3312],[79.4408,13.3215],[79.4356,13.288],[79.4255,13.2682],[79.4266,13.2319],[79.4202,13.22],[79.3867,13.2037],[79.3505,13.17],[79.3295,13.1436],[79.3149,13.132],[79.2947,13.1323],[79.2778,13.148],[79.2508,13.1478],[79.2393,13.138],[79.2044,13.088],[79.1791,13.0577],[79.1616,13.0449],[79.0776,13.0356],[79.0463,13.0503],[79.0203,13.0527],[79.0082,13.0621],[79.0025,13.0807],[78.9858,13.0894],[78.9442,13.0934],[78.9308,13.087],[78.9264,13.0632],[78.915,13.0456],[78.9014,13.0378],[78.8837,13.0411],[78.8697,13.0751],[78.8587,13.0805],[78.8138,13.0757],[78.7769,13.0659],[78.7362,13.061],[78.7175,13.0524],[78.7037,13.0258],[78.6953,13.02],[78.6616,13.0137],[78.6447,12.992],[78.6377,12.9442],[78.6282,12.9162],[78.6105,12.8499],[78.5826,12.7782],[78.5715,12.7646],[78.5336,12.736],[78.5245,12.7342],[78.5041,12.7461],[78.4978,12.74],[78.4957,12.7046],[78.4906,12.6883],[78.4474,12.6435],[78.4191,12.6326],[78.3789,12.6339],[78.3528,12.6415],[78.2991,12.675],[78.2744,12.6974],[78.2296,12.7599],[78.1638,12.7753],[78.1332,12.7905],[78.089,12.826],[78.0562,12.8459],[78.0296,12.8487],[78.0021,12.8072],[77.9874,12.8044],[77.9649,12.8165],[77.9346,12.8535],[77.9148,12.8684],[77.895,12.8728],[77.8458,12.8715],[77.8013,12.8566],[77.7898,12.8107],[77.7602,12.7628],[77.7554,12.7448],[77.7653,12.7187],[77.7011,12.6821],[77.6786,12.6762],[77.6328,12.6812],[77.6094,12.6728],[77.5858,12.6241],[77.5718,12.5818],[77.5687,12.5596],[77.5811,12.5272],[77.5747,12.5001],[77.5861,12.4916],[77.6102,12.4954],[77.6198,12.4807],[77.6189,12.4666],[77.6046,12.4058],[77.5906,12.3782],[77.5608,12.3397],[77.529,12.3082],[77.4901,12.2889],[77.4719,12.2742],[77.4648,12.2493],[77.4765,12.2417],[77.4784,12.2146],[77.4921,12.2055],[77.6678,12.2039],[77.6986,12.198],[77.7368,12.1741],[77.7687,12.12],[77.7594,12.0884],[77.7259,12.0581],[77.7171,12.039],[77.6826,11.9968],[77.6708,11.9713],[77.6423,11.9541],[77.6229,11.9497],[77.5177,11.9404],[77.4898,11.9261],[77.462,11.8824],[77.4427,11.8286],[77.4339,11.8115],[77.4081,11.7916],[77.379,11.7908],[77.3539,11.7837],[77.3248,11.7877],[77.3066,11.8024],[77.272,11.8163],[77.2592,11.8169],[77.221,11.8023],[77.1729,11.8042],[77.1451,11.8004],[77.1219,11.7925],[77.1074,11.7527],[77.0826,11.7568],[77.0265,11.814],[76.9974,11.8259],[76.968,11.8146],[76.9315,11.812],[76.9077,11.8002],[76.8683,11.7456],[76.8442,11.7047],[76.8324,11.6419],[76.8208,11.6256],[76.7669,11.6405],[76.7508,11.6423],[76.6054,11.6312],[76.5669,11.6338],[76.5502,11.6454],[76.5493,11.6845],[76.5322,11.7091],[76.5036,11.7192],[76.4653,11.715],[76.4308,11.6894],[76.4159,11.6668],[76.4153,11.6487],[76.3742,11.6316],[76.3514,11.6004],[76.3392,11.5915],[76.2995,11.5875],[76.2661,11.6008],[76.2408,11.604],[76.2323,11.577],[76.2373,11.5603],[76.2305,11.5291],[76.2425,11.4952],[76.2563,11.4784],[76.3008,11.4703],[76.4091,11.4368],[76.4482,11.4063],[76.4852,11.3925],[76.4954,11.3848],[76.5167,11.3521],[76.5427,11.338],[76.5338,11.3131],[76.4737,11.2707],[76.4442,11.2341],[76.4411,11.2141],[76.4663,11.2052],[76.4958,11.2151],[76.5311,11.2028],[76.5503,11.2003],[76.5734,11.2052],[76.6412,11.2086],[76.6626,11.2155],[76.6984,11.2401],[76.7013,11.2126],[76.6898,11.1892],[76.6886,11.1738],[76.7192,11.1387],[76.7372,11.0869],[76.7541,11.0603],[76.7665,11.0522],[76.7626,11.0366],[76.7465,11.0289],[76.7003,11.0413],[76.6877,11.0335],[76.6785,11.0172],[76.6725,10.9893],[76.6775,10.9563],[76.6904,10.9334],[76.7196,10.914],[76.769,10.8993],[76.8198,10.876],[76.8344,10.8613],[76.848,10.8254],[76.8625,10.8079],[76.878,10.8011],[76.8897,10.78],[76.8789,10.7304],[76.8755,10.6785],[76.8638,10.6636],[76.8293,10.653],[76.8211,10.6332],[76.8267,10.5516],[76.8229,10.4993],[76.8117,10.4689],[76.8086,10.4371],[76.8176,10.4051],[76.8381,10.3729],[76.8377,10.3338],[76.8415,10.3107],[76.8929,10.2702],[76.928,10.2356],[76.957,10.2235],[76.9863,10.2313],[77.0203,10.255],[77.0646,10.2963],[77.0875,10.3095],[77.1318,10.3252],[77.1679,10.3447],[77.1915,10.3513],[77.2116,10.3337],[77.2416,10.2844],[77.2487,10.2446],[77.2605,10.2222],[77.277,10.2101],[77.2748,10.1736],[77.2278,10.0759],[77.2243,10.0578],[77.2396,10.0253],[77.2602,9.9622],[77.2567,9.9365],[77.2293,9.8834],[77.2259,9.8589],[77.2314,9.8187],[77.2377,9.7966],[77.2354,9.7647],[77.1877,9.6128],[77.1927,9.5881],[77.2252,9.5758],[77.244,9.5583],[77.2632,9.5574],[77.3087,9.5787],[77.3406,9.58],[77.3525,9.5687],[77.3676,9.5365],[77.3986,9.5],[77.4045,9.4864],[77.4038,9.4611],[77.3759,9.4373],[77.3635,9.4162],[77.3389,9.344],[77.3121,9.3009],[77.2545,9.1221],[77.2299,9.0642],[77.2101,9.0352],[77.1649,9.001],[77.168,8.9842],[77.2026,8.8942],[77.2493,8.8591],[77.2527,8.8399],[77.2354,8.7841],[77.1921,8.7185],[77.1789,8.6952],[77.1877,8.6394],[77.2038,8.612],[77.2509,8.5753],[77.2691,8.5555],[77.2788,8.5264],[77.2629,8.4959],[77.2441,8.4765],[77.2247,8.4676],[77.2079,8.4806],[77.206,8.4562],[77.2159,8.4188],[77.2035,8.3936],[77.182,8.3684],[77.1661,8.3369],[77.1656,8.3075],[77.146,8.2931],[77.1185,8.2935],[77.1103,8.2852],[77.1288,8.2718],[77.2253,8.1844],[77.2389,8.1751],[77.263,8.1684],[77.2947,8.147],[77.3156,8.1278],[77.4497,8.0875],[77.5109,8.076],[77.5653,8.0825],[77.561,8.1146],[77.5952,8.139],[77.6438,8.1557],[77.7525,8.1738],[77.7683,8.1815],[77.8062,8.2287],[77.9998,8.3449],[78.0388,8.3609],[78.0559,8.3637],[78.0628,8.3732],[78.0798,8.432],[78.1146,8.4661],[78.1283,8.488],[78.1423,8.5931],[78.1355,8.6258],[78.1146,8.6579],[78.1426,8.6579],[78.1367,8.6699],[78.155,8.6989],[78.1692,8.7336],[78.2046,8.7533],[78.2152,8.7654],[78.2102,8.7883],[78.2005,8.7697],[78.1758,8.7639],[78.1624,8.7535],[78.1745,8.7944],[78.1779,8.8611],[78.1828,8.8771],[78.2176,8.939],[78.2398,8.9656],[78.3775,9.0775],[78.4121,9.0998],[78.4499,9.1166],[78.4859,9.1248],[78.6188,9.1405],[78.6489,9.1514],[78.6613,9.1772],[78.6763,9.1841],[78.7278,9.1874],[78.7407,9.1928],[78.7771,9.2194],[78.8152,9.2284],[78.8438,9.244],[78.8955,9.2538],[78.929,9.2538],[78.9568,9.2748],[78.9889,9.2783],[79.0257,9.2737],[79.0608,9.2646],[79.0872,9.2538],[79.1294,9.2563],[79.1654,9.2742],[79.201,9.2665],[79.217,9.2674],[79.2324,9.2579],[79.2927,9.2503],[79.361,9.2134],[79.424,9.1591],[79.4403,9.1514],[79.4536,9.159],[79.4382,9.1763],[79.3679,9.2276],[79.3535,9.2409],[79.3357,9.2676],[79.3367,9.2905],[79.3457,9.3065],[79.3411,9.3159],[79.3201,9.3233],[79.2738,9.2967],[79.2517,9.2885],[79.1156,9.2912],[79.0747,9.2999],[79.0399,9.3147],[78.9597,9.385],[78.9334,9.4164],[78.9153,9.453],[78.9133,9.4743],[78.9253,9.5136],[78.9315,9.5617],[78.9383,9.5837],[78.9568,9.6175],[78.9728,9.6313],[78.9808,9.6672],[79.0388,9.7472],[79.0778,9.7822],[79.0941,9.8023],[79.1008,9.8261],[79.1213,9.8502],[79.1419,9.8912],[79.2004,9.9703],[79.2407,10.0106],[79.2791,10.0358],[79.2542,10.0543],[79.2443,10.0849],[79.2363,10.1666],[79.2483,10.1892],[79.2692,10.1978],[79.2722,10.2344],[79.2861,10.2528],[79.3049,10.2681],[79.3638,10.3019],[79.3855,10.3201],[79.3981,10.3247],[79.4373,10.3096],[79.4597,10.3083],[79.5115,10.3166],[79.5322,10.3232],[79.5286,10.3383],[79.5677,10.3359],[79.5869,10.3437],[79.6071,10.336],[79.604,10.3291],[79.5739,10.317],[79.5518,10.3133],[79.5567,10.2987],[79.5801,10.2959],[79.7598,10.2582],[79.7725,10.2617],[79.7737,10.2737],[79.759,10.2822],[79.7308,10.289],[79.7036,10.289],[79.6618,10.3071],[79.6141,10.3096],[79.6213,10.3242],[79.6331,10.3286],[79.7571,10.3091],[79.78,10.2966],[79.7786,10.2754],[79.7951,10.2692],[79.8513,10.2822],[79.8567,10.2933],[79.8638,10.3787],[79.8596,10.5515],[79.8503,10.5921],[79.8499,10.7552],[79.8473,10.8096]]],[[[80.2881,13.5271],[80.2777,13.5125],[80.3069,13.4409],[80.3137,13.4409],[80.3096,13.4793],[80.2881,13.5271]]]]},"properties":{"name":"Tamil Nadu","name_en":"Tamil Nadu","name_ja":"タミル・ナードゥ州","name_zh":"泰米尔纳德邦","name_ko":"타밀나두","adm0_a3":"IND","postal":"TN","iso_3166_2":"IN-TN","type_en":"State","region":"South","geonunit":"India"}},
{"type":"Feature","geometry":{"type":"MultiPolygon","coordinates":[[[[73.6463,10.0847],[73.6439,10.0946],[73.6333,10.0779],[73.6326,10.0573],[73.6463,10.0847]]],[[[72.6498,10.5669],[72.6486,10.574],[72.6275,10.5548],[72.6498,10.5669]]],[[[73.0132,11.5022],[73.0044,11.4965],[73.0056,11.4796],[73.0132,11.5022]]],[[[73.0772,8.3153],[73.073,8.2954],[73.0632,8.2795],[73.0241,8.2554],[73.0447,8.2524],[73.0661,8.2705],[73.084,8.3085],[73.0772,8.3153]]],[[[72.1727,10.8092],[72.2,10.8644],[72.2,10.8781],[72.179,10.8487],[72.1726,10.83],[72.1727,10.8092]]],[[[72.7891,11.2617],[72.7742,11.2229],[72.7704,11.2037],[72.7754,11.1866],[72.7849,11.2164],[72.7891,11.2617]]]]},"properties":{"name":"Lakshadweep","name_en":"Lakshadweep","name_ja":"ラクシャディープ諸島","name_zh":"拉克沙群岛","name_ko":"락샤드위프 제도","adm0_a3":"IND","postal":"LD","iso_3166_2":"IN-LD","type_en":"Union Territory","region":"South","geonunit":"India"}},
{"type":"Feature","geometry":{"type":"MultiPolygon","coordinates":[[[[93.8728,12.2689],[93.8606,12.2812],[93.8538,12.2606],[93.8728,12.2689]]],[[[94.2809,13.4435],[94.2619,13.4293],[94.2749,13.4203],[94.2908,13.4229],[94.2809,13.4435]]],[[[93.9203,7.0243],[93.8871,7.0893],[93.8806,7.1443],[93.865,7.2007],[93.8308,7.2359],[93.814,7.2418],[93.7976,7.2346],[93.7721,7.2117],[93.7653,7.2191],[93.7302,7.2022],[93.7173,7.1877],[93.6764,7.1819],[93.6497,7.1196],[93.6492,7.0131],[93.6646,7.0265],[93.6843,7.0209],[93.7175,6.9926],[93.7375,6.9433],[93.7481,6.9236],[93.7653,6.9243],[93.7661,6.9011],[93.7796,6.8902],[93.7757,6.8674],[93.7932,6.8492],[93.7844,6.8364],[93.8137,6.8083],[93.8093,6.769],[93.8127,6.754],[93.8342,6.7456],[93.8479,6.7853],[93.8594,6.8043],[93.8899,6.801],[93.9031,6.8083],[93.9041,6.8192],[93.8894,6.8418],[93.8936,6.8768],[93.9211,6.9338],[93.9299,6.9591],[93.9287,7.0124],[93.9203,7.0243]]],[[[93.7312,7.3694],[93.6995,7.3987],[93.697,7.4451],[93.6838,7.4217],[93.678,7.3994],[93.6672,7.3828],[93.6167,7.3673],[93.6069,7.3264],[93.594,7.3148],[93.6109,7.2945],[93.6179,7.26],[93.6282,7.2533],[93.6442,7.2575],[93.6792,7.2983],[93.7285,7.3371],[93.7344,7.3508],[93.7312,7.3694]]],[[[93.4295,7.9553],[93.4012,7.968],[93.396,7.9764],[93.3914,8.0156],[93.3703,8.0173],[93.3444,8.0121],[93.3226,8.0021],[93.3133,7.9897],[93.305,7.9499],[93.3137,7.9292],[93.3482,7.9249],[93.3403,7.9013],[93.3543,7.8833],[93.3678,7.8786],[93.4021,7.8901],[93.4212,7.8918],[93.4544,7.8693],[93.4598,7.9108],[93.4331,7.9543],[93.4295,7.9553]]],[[[93.5659,7.9993],[93.5586,8.0136],[93.5403,8.0162],[93.5393,7.9993],[93.5208,8.0044],[93.5115,7.9955],[93.5108,7.9802],[93.5183,7.9658],[93.574,7.9249],[93.5742,7.9688],[93.5659,7.9993]]],[[[93.5319,8.0347],[93.5376,8.0573],[93.5252,8.095],[93.5086,8.1288],[93.5052,8.147],[93.5105,8.1666],[93.531,8.1938],[93.5317,8.2132],[93.5234,8.2258],[93.5046,8.227],[93.4859,8.2201],[93.4651,8.1833],[93.4465,8.1645],[93.4574,8.09],[93.4797,8.0632],[93.4922,8.0636],[93.4978,8.0825],[93.5115,8.0749],[93.5148,8.0562],[93.4978,8.062],[93.4956,8.0494],[93.4773,8.031],[93.4844,7.9919],[93.495,7.9963],[93.5149,8.0277],[93.5319,8.0347]]],[[[93.1345,8.2402],[93.1141,8.2564],[93.104,8.2756],[93.1008,8.2993],[93.1014,8.3458],[93.0838,8.3559],[93.0698,8.3466],[93.0613,8.3207],[93.0596,8.2914],[93.0658,8.2681],[93.0816,8.2424],[93.1025,8.2215],[93.1247,8.2129],[93.1673,8.2045],[93.173,8.2213],[93.1345,8.2402]]],[[[93.6077,8.548],[93.6077,8.5692],[93.595,8.558],[93.5956,8.5417],[93.6077,8.5071],[93.6004,8.4503],[93.6097,8.4384],[93.6183,8.4539],[93.6282,8.4866],[93.6268,8.5058],[93.6077,8.548]]],[[[92.8114,9.2312],[92.763,9.2641],[92.751,9.2612],[92.7544,9.2445],[92.7451,9.2291],[92.7139,9.2134],[92.7085,9.2016],[92.7117,9.1751],[92.7202,9.1471],[92.7312,9.1308],[92.7996,9.1102],[92.832,9.145],[92.8338,9.2024],[92.8114,9.2312]]],[[[92.5851,10.7713],[92.5821,10.7903],[92.568,10.8153],[92.5651,10.8493],[92.5489,10.8744],[92.5276,10.8955],[92.4828,10.8856],[92.429,10.8508],[92.4154,10.7989],[92.4073,10.7899],[92.3767,10.784],[92.3795,10.6721],[92.4089,10.6471],[92.417,10.6291],[92.4139,10.6061],[92.4026,10.5752],[92.3781,10.5413],[92.3841,10.5293],[92.4065,10.5293],[92.4218,10.5462],[92.4441,10.5451],[92.4796,10.5161],[92.513,10.508],[92.5354,10.5249],[92.5467,10.5478],[92.5742,10.5806],[92.5418,10.5917],[92.5398,10.6207],[92.5511,10.6346],[92.5959,10.6784],[92.5981,10.7093],[92.587,10.7363],[92.5851,10.7713]]],[[[92.6765,11.4125],[92.6797,11.4294],[92.6963,11.4544],[92.6751,11.4904],[92.6541,11.5081],[92.6356,11.508],[92.6276,11.4774],[92.6372,11.4302],[92.6312,11.4162],[92.6008,11.4063],[92.5935,11.3784],[92.6196,11.3607],[92.646,11.3591],[92.6828,11.3715],[92.6999,11.3844],[92.6765,11.4125]]],[[[92.2668,11.5895],[92.2173,11.5981],[92.2302,11.5773],[92.2345,11.5404],[92.2521,11.5292],[92.2732,11.5311],[92.285,11.544],[92.2869,11.5632],[92.2781,11.5838],[92.2668,11.5895]]],[[[93.0425,11.9612],[93.0186,12.0158],[93.0254,12.0316],[93.0147,12.0372],[92.9807,12.0363],[92.9572,12.0087],[92.947,11.9897],[92.9675,11.9786],[92.9906,11.9544],[93.0249,11.9401],[93.0354,11.9119],[93.0493,11.8961],[93.0664,11.8991],[93.0487,11.9528],[93.0425,11.9612]]],[[[93.1033,12.1905],[93.082,12.2048],[93.0663,12.1898],[93.0596,12.1387],[93.0742,12.1103],[93.0942,12.091],[93.1033,12.102],[93.095,12.1518],[93.1033,12.1905]]],[[[92.7331,12.9725],[92.7225,12.9858],[92.7083,12.9887],[92.6828,12.9617],[92.6849,12.9451],[92.6777,12.8904],[92.6703,12.8677],[92.6828,12.7973],[92.6947,12.8038],[92.6971,12.8382],[92.7244,12.8724],[92.73,12.8952],[92.7331,12.9725]]],[[[93.0527,13.2839],[93.0256,13.3161],[93.0046,13.3118],[92.9793,13.3298],[92.9771,13.3454],[92.9844,13.3564],[93.0037,13.3486],[93.0042,13.331],[93.0469,13.3574],[93.0579,13.3829],[93.0784,13.3971],[93.0801,13.413],[93.0596,13.4068],[93.0537,13.4714],[93.055,13.5031],[93.0664,13.5371],[93.05,13.5664],[93.0425,13.5712],[93.0163,13.5674],[93.0117,13.5781],[93.0046,13.5622],[93.0117,13.5508],[92.9973,13.5467],[92.9844,13.5576],[92.9585,13.5502],[92.9455,13.5369],[92.9455,13.5197],[92.938,13.5014],[92.9155,13.4757],[92.9019,13.4682],[92.895,13.4546],[92.895,13.413],[92.8869,13.3935],[92.8474,13.3449],[92.8412,13.3249],[92.8542,13.3106],[92.8499,13.289],[92.864,13.2355],[92.8428,13.227],[92.8447,13.187],[92.8337,13.174],[92.8542,13.1461],[92.8296,13.1035],[92.8093,13.0447],[92.808,13.0201],[92.8347,13.002],[92.8132,12.9581],[92.8132,12.9065],[92.8003,12.8578],[92.7857,12.84],[92.7654,12.8451],[92.7409,12.8196],[92.7375,12.8072],[92.7449,12.7625],[92.7477,12.6927],[92.7547,12.6772],[92.7832,12.665],[92.779,12.6527],[92.7547,12.6496],[92.7268,12.613],[92.7217,12.5994],[92.7178,12.3625],[92.7223,12.3378],[92.7337,12.3181],[92.7547,12.31],[92.787,12.3063],[92.7942,12.2832],[92.7645,12.2743],[92.7612,12.2612],[92.7824,12.2486],[92.7927,12.2077],[92.784,12.1894],[92.7654,12.1803],[92.7195,12.1763],[92.7244,12.2043],[92.721,12.2265],[92.7131,12.2326],[92.6971,12.2077],[92.6818,12.2196],[92.6682,12.201],[92.6453,12.1561],[92.6401,12.1361],[92.6419,12.0363],[92.625,12.0031],[92.6213,11.9879],[92.6294,11.9438],[92.6245,11.9302],[92.6213,11.8749],[92.6177,11.8664],[92.6077,11.8828],[92.6145,11.8991],[92.6003,11.8955],[92.5772,11.9274],[92.563,11.9302],[92.5397,11.8944],[92.532,11.865],[92.5249,11.8575],[92.5344,11.8469],[92.5632,11.8339],[92.5667,11.8271],[92.5667,11.7862],[92.5603,11.7414],[92.5632,11.7256],[92.5798,11.7142],[92.6038,11.7189],[92.6145,11.663],[92.6196,11.6513],[92.6428,11.6453],[92.6457,11.6298],[92.6213,11.6186],[92.6257,11.5954],[92.6336,11.5826],[92.6546,11.5738],[92.6589,11.5463],[92.6897,11.5156],[92.7131,11.5073],[92.717,11.4945],[92.7351,11.5239],[92.7449,11.5571],[92.7476,11.5978],[92.7654,11.6186],[92.7615,11.6636],[92.7461,11.6837],[92.7302,11.6715],[92.7312,11.6527],[92.7107,11.6596],[92.7107,11.6217],[92.6968,11.6112],[92.6828,11.6152],[92.6839,11.6499],[92.69,11.6601],[92.7229,11.6938],[92.7547,11.7011],[92.76,11.7087],[92.7969,11.8651],[92.7995,11.8991],[92.7959,11.9222],[92.7879,11.9345],[92.762,11.9401],[92.7538,11.9316],[92.7449,11.8786],[92.7375,11.8786],[92.7375,11.9612],[92.7456,11.9966],[92.7654,12.022],[92.7713,12.0361],[92.7927,12.0363],[92.7673,12.0612],[92.7575,12.0775],[92.7688,12.0847],[92.7993,12.0895],[92.8064,12.1046],[92.8337,12.1182],[92.8274,12.1401],[92.8745,12.1837],[92.8726,12.2015],[92.8916,12.2008],[92.8926,12.2145],[92.8799,12.2436],[92.9019,12.269],[92.9002,12.2832],[92.8858,12.2956],[92.8792,12.313],[92.9128,12.3336],[92.9019,12.3448],[92.8941,12.3681],[92.8636,12.3855],[92.8467,12.4335],[92.9019,12.4335],[92.895,12.4547],[92.906,12.449],[92.936,12.4199],[92.9387,12.4381],[92.9624,12.4544],[92.9702,12.4683],[92.9559,12.4774],[92.9906,12.5192],[92.9915,12.5671],[92.989,12.5921],[92.9729,12.6281],[92.9768,12.6549],[92.9906,12.7011],[92.9905,12.7243],[92.9844,12.7451],[92.9566,12.783],[92.968,12.8032],[92.9607,12.8472],[92.964,12.8649],[92.9299,12.8967],[92.9245,12.9144],[92.9155,12.9196],[92.8963,12.8997],[92.8768,12.9115],[92.8807,12.9304],[92.9053,12.9822],[92.9274,12.981],[92.936,12.9543],[92.9429,12.9543],[92.9562,12.9817],[92.9326,13.013],[92.9289,13.0502],[92.937,13.0671],[92.9566,13.0642],[92.9566,13.0847],[92.9666,13.0722],[92.964,13.0369],[92.9793,13.0295],[92.9906,13.0437],[93.0195,13.0336],[93.0368,13.0622],[93.0481,13.1037],[93.0527,13.133],[93.0526,13.197],[93.0569,13.2248],[93.0794,13.2598],[93.0757,13.2691],[93.0527,13.2839]]],[[[93.0391,13.6675],[93.0332,13.6802],[93.0195,13.6801],[92.9906,13.6675],[93.0005,13.6577],[93.0527,13.6402],[93.0391,13.6675]]]]},"properties":{"name":"Andaman and Nicobar","name_en":"Andaman and Nicobar Islands","name_ja":"アンダマン・ニコバル諸島","name_zh":"安达曼-尼科巴群岛","name_ko":"안다만 니코바르 제도","adm0_a3":"IND","postal":"AN","iso_3166_2":"IN-AN","type_en":"Union Territory","geonunit":"India"}},
{"type":"Feature","geometry":{"type":"Polygon","coordinates":[[[83.3371,24.1402],[83.3906,24.1248],[83.4423,24.1218],[83.5107,24.0829],[83.5218,24.0659],[83.5226,24.0126],[83.5269,23.9845],[83.5404,23.9567],[83.5568,23.9358],[83.6966,23.8187],[83.7118,23.801],[83.7298,23.7613],[83.7353,23.7383],[83.7221,23.7007],[83.7208,23.6762],[83.7433,23.6225],[83.7615,23.5965],[83.7809,23.5865],[83.8194,23.5901],[83.8446,23.5887],[83.9064,23.5647],[83.9228,23.576],[83.9181,23.598],[83.9237,23.6235],[83.9626,23.6414],[83.9763,23.6436],[83.9912,23.6318],[83.9975,23.5989],[84.0149,23.5671],[84.0145,23.554],[83.9928,23.5205],[83.9619,23.4901],[83.9522,23.4749],[83.9516,23.432],[83.9451,23.4052],[83.9469,23.37],[83.9564,23.3587],[83.9671,23.3626],[83.9918,23.3865],[84.0154,23.3826],[84.0283,23.3584],[84.0386,23.3094],[84.0315,23.2301],[84.02,23.1871],[84.0289,23.1461],[84.0448,23.1233],[84.0891,23.0848],[84.0976,23.0609],[84.1021,23.0327],[84.115,22.9989],[84.1321,22.9908],[84.1496,23.0002],[84.1476,23.0211],[84.1602,23.0231],[84.1937,23.0032],[84.2358,22.994],[84.2528,23.0003],[84.2917,22.9972],[84.3184,22.9854],[84.331,22.9703],[84.3366,22.9386],[84.351,22.9084],[84.3522,22.8856],[84.3245,22.8497],[84.2852,22.8234],[84.2605,22.7994],[84.2283,22.7831],[84.2187,22.7666],[84.2025,22.716],[84.191,22.7009],[84.1391,22.667],[84.119,22.6481],[84.1033,22.6412],[84.0619,22.641],[84.0436,22.6287],[84.0264,22.6092],[83.9962,22.5927],[83.9826,22.5741],[83.9702,22.5393],[84.0074,22.5315],[84.067,22.4996],[84.1243,22.4267],[84.1478,22.3868],[84.1786,22.3644],[84.2309,22.3573],[84.2928,22.3282],[84.311,22.324],[84.4082,22.3287],[84.4208,22.331],[84.4846,22.3623],[84.5009,22.3766],[84.5051,22.4106],[84.5301,22.423],[84.7337,22.4273],[84.7574,22.4354],[84.7689,22.4456],[84.8009,22.4502],[84.8786,22.434],[84.9083,22.422],[84.9215,22.4249],[84.9376,22.4411],[84.9525,22.4474],[84.988,22.4522],[85.0383,22.4824],[85.0655,22.5032],[85.0878,22.4466],[85.1004,22.394],[85.1047,22.3308],[85.0989,22.3047],[85.0878,22.2802],[85.04,22.2164],[85.0089,22.1515],[84.9852,22.1128],[84.9911,22.104],[85.0426,22.1197],[85.0795,22.119],[85.1092,22.1085],[85.1871,22.0596],[85.2202,22.0291],[85.232,22.0353],[85.2778,22.0853],[85.3241,22.1267],[85.379,22.147],[85.3961,22.1579],[85.4252,22.1645],[85.4611,22.1581],[85.5507,22.1076],[85.6096,22.0921],[85.6559,22.0847],[85.6791,22.0759],[85.7343,22.0961],[85.7922,22.1291],[85.8017,22.117],[85.7966,22.0968],[85.7791,22.0719],[85.7776,22.0397],[85.7847,22.0119],[85.8343,21.9861],[85.8775,21.9961],[85.9162,22.0221],[85.964,22.0856],[85.9741,22.1046],[85.9726,22.1335],[85.9883,22.1875],[85.9868,22.2017],[85.9646,22.2449],[85.9652,22.2632],[85.9899,22.3008],[85.9932,22.3352],[85.9865,22.3936],[85.9748,22.4246],[85.9406,22.4681],[85.9388,22.5005],[85.9655,22.5131],[85.9977,22.5191],[86.0206,22.5479],[86.0398,22.5567],[86.0648,22.5459],[86.1025,22.5001],[86.268,22.4224],[86.3047,22.3971],[86.3227,22.3687],[86.3461,22.344],[86.366,22.3301],[86.4016,22.32],[86.4337,22.3231],[86.4866,22.3369],[86.5061,22.3308],[86.6022,22.2729],[86.6466,22.2349],[86.6865,22.218],[86.7339,22.2467],[86.7619,22.2406],[86.7692,22.2574],[86.7678,22.2773],[86.7803,22.2867],[86.8339,22.2883],[86.8496,22.2944],[86.8484,22.3101],[86.8033,22.3484],[86.7977,22.3654],[86.7959,22.3987],[86.7899,22.4156],[86.7609,22.4412],[86.7298,22.4561],[86.7181,22.4694],[86.7126,22.5008],[86.7218,22.5059],[86.7571,22.5058],[86.7572,22.5264],[86.7494,22.5448],[86.7265,22.5716],[86.6854,22.5908],[86.6396,22.5915],[86.6114,22.6043],[86.5946,22.6325],[86.5869,22.6807],[86.5244,22.7294],[86.4987,22.7431],[86.4523,22.7454],[86.3991,22.785],[86.3948,22.7993],[86.4019,22.8729],[86.4148,22.9059],[86.4103,22.9262],[86.4148,22.9435],[86.4415,22.964],[86.5011,22.9793],[86.5031,22.992],[86.4505,23.0042],[86.314,23.0086],[86.2605,23.0198],[86.218,23.0199],[86.1929,23.0077],[86.1636,23.0111],[86.1425,23.0283],[86.0202,23.1526],[85.9826,23.175],[85.9425,23.1803],[85.8884,23.1631],[85.8803,23.177],[85.8712,23.2107],[85.8391,23.2406],[85.8298,23.2608],[85.8327,23.2831],[85.844,23.307],[85.8748,23.3468],[85.8834,23.3679],[85.885,23.3911],[85.8948,23.4165],[85.8785,23.4281],[85.8472,23.4259],[85.8231,23.4539],[85.8289,23.4831],[85.8495,23.4932],[85.903,23.5027],[85.9425,23.5029],[85.9964,23.5115],[86.0106,23.5186],[86.0144,23.5384],[86.0004,23.5795],[86.0073,23.5936],[86.0247,23.6068],[86.0564,23.6025],[86.0983,23.5787],[86.1291,23.5784],[86.1345,23.5589],[86.1215,23.5009],[86.1342,23.4883],[86.1491,23.4866],[86.1848,23.4723],[86.2143,23.4492],[86.2428,23.4436],[86.273,23.4537],[86.3137,23.4846],[86.3365,23.5084],[86.3425,23.5541],[86.3484,23.5679],[86.3799,23.598],[86.4105,23.6166],[86.4585,23.6386],[86.5424,23.6602],[86.5832,23.6774],[86.6461,23.6969],[86.764,23.7148],[86.7998,23.7255],[86.8179,23.7501],[86.8224,23.7769],[86.8097,23.8181],[86.8272,23.8558],[86.8555,23.879],[86.8646,23.9022],[86.8772,23.9131],[86.9073,23.9058],[86.959,23.8731],[86.9799,23.8639],[87.0156,23.8596],[87.037,23.8391],[87.0797,23.8152],[87.1319,23.8031],[87.1663,23.8102],[87.1703,23.8235],[87.1633,23.8378],[87.1394,23.8599],[87.1447,23.8781],[87.165,23.8785],[87.2054,23.8689],[87.2251,23.8463],[87.2412,23.8508],[87.2482,23.876],[87.2476,23.8975],[87.2558,23.91],[87.2756,23.9155],[87.2851,23.9407],[87.2762,23.9661],[87.2567,23.9807],[87.2515,24.0005],[87.2257,24.0273],[87.2355,24.0404],[87.3016,24.0569],[87.3217,24.0427],[87.3281,24.0076],[87.3381,24.0018],[87.3972,24.0234],[87.4176,24.0239],[87.4466,24.0167],[87.4582,24.0198],[87.4887,24.0469],[87.4926,24.0979],[87.4869,24.1241],[87.4977,24.1383],[87.5173,24.1389],[87.5517,24.1138],[87.5721,24.1176],[87.5868,24.1492],[87.5893,24.1708],[87.6054,24.1821],[87.6361,24.1782],[87.6616,24.1862],[87.6634,24.2004],[87.6459,24.2235],[87.6246,24.2229],[87.6219,24.2507],[87.6315,24.2694],[87.6661,24.2802],[87.7206,24.3178],[87.7338,24.3347],[87.7758,24.4193],[87.7798,24.4355],[87.7753,24.4555],[87.7804,24.4718],[87.8005,24.5008],[87.7871,24.5338],[87.7908,24.5625],[87.7824,24.5743],[87.7598,24.5815],[87.7509,24.5933],[87.7677,24.6016],[87.7929,24.5966],[87.823,24.5814],[87.8492,24.5795],[87.8773,24.5887],[87.8948,24.6044],[87.9,24.621],[87.8738,24.6298],[87.8734,24.6443],[87.8908,24.6559],[87.8954,24.6703],[87.879,24.6944],[87.8748,24.7261],[87.8533,24.7584],[87.8174,24.7674],[87.811,24.7855],[87.8237,24.7969],[87.8412,24.7883],[87.8579,24.8005],[87.862,24.8515],[87.8791,24.8787],[87.8819,24.892],[87.8775,24.9389],[87.8589,25.0089],[87.8441,25.0415],[87.7974,25.0837],[87.781,25.0899],[87.7751,25.1033],[87.7763,25.1247],[87.7687,25.1592],[87.7733,25.1845],[87.7835,25.2003],[87.7837,25.2141],[87.7702,25.237],[87.7496,25.2482],[87.7262,25.2516],[87.6812,25.2454],[87.6596,25.2551],[87.5987,25.2667],[87.5702,25.3035],[87.5581,25.3119],[87.5235,25.3238],[87.4708,25.2842],[87.4597,25.2659],[87.4547,25.2433],[87.4361,25.2288],[87.4234,25.1885],[87.4067,25.181],[87.3638,25.1965],[87.3374,25.1882],[87.3025,25.1839],[87.2919,25.1743],[87.2659,25.0722],[87.2542,25.0629],[87.2167,25.0726],[87.1855,25.062],[87.1509,25.0316],[87.1282,25.0016],[87.1173,24.9709],[87.1217,24.8638],[87.1192,24.8511],[87.0856,24.7979],[87.0681,24.7785],[87.0775,24.7453],[87.0667,24.6995],[87.0694,24.6681],[87.0519,24.6181],[87.05,24.597],[87.0298,24.584],[87.0131,24.586],[86.9611,24.6052],[86.9178,24.6127],[86.9153,24.5973],[86.8907,24.5645],[86.8899,24.5316],[86.8132,24.5542],[86.7815,24.5775],[86.7554,24.5881],[86.7379,24.5809],[86.728,24.5601],[86.7023,24.5478],[86.6492,24.5427],[86.6074,24.5613],[86.5857,24.5614],[86.5362,24.5156],[86.4944,24.4798],[86.4852,24.4452],[86.486,24.4105],[86.4675,24.3999],[86.4612,24.3835],[86.4619,24.3631],[86.4497,24.3431],[86.4387,24.3404],[86.4164,24.3519],[86.3551,24.3953],[86.2764,24.4348],[86.2725,24.4545],[86.2984,24.4816],[86.3046,24.5003],[86.3003,24.5326],[86.2905,24.5516],[86.2623,24.5538],[86.2236,24.5679],[86.1914,24.553],[86.1549,24.5561],[86.1257,24.5807],[86.1177,24.597],[86.1077,24.6716],[86.0977,24.6905],[86.0645,24.7067],[86.0329,24.7124],[86.0469,24.7396],[86.0402,24.75],[86.0181,24.743],[86.0016,24.7291],[85.9593,24.7032],[85.9116,24.6985],[85.8659,24.7517],[85.8309,24.7709],[85.746,24.77],[85.7185,24.7538],[85.701,24.7245],[85.6937,24.6822],[85.6808,24.6585],[85.6473,24.6486],[85.6624,24.6057],[85.6624,24.5689],[85.6437,24.5501],[85.6198,24.5499],[85.5784,24.5578],[85.5739,24.5457],[85.5264,24.5016],[85.5171,24.4995],[85.4824,24.5093],[85.439,24.5052],[85.3914,24.5095],[85.3746,24.4996],[85.2952,24.4911],[85.2806,24.4873],[85.2713,24.467],[85.261,24.4618],[85.171,24.4309],[85.1602,24.4213],[85.1577,24.3956],[85.0976,24.3442],[85.0825,24.3485],[85.0885,24.3833],[85.0806,24.3933],[85.0154,24.3718],[84.9818,24.3528],[84.9615,24.3484],[84.9089,24.3537],[84.889,24.3728],[84.8763,24.4364],[84.8685,24.4401],[84.8438,24.4335],[84.8352,24.4379],[84.8256,24.4849],[84.8131,24.4954],[84.7985,24.4966],[84.7476,24.4651],[84.7043,24.4433],[84.6882,24.4307],[84.6576,24.3751],[84.6123,24.3807],[84.5883,24.3944],[84.5732,24.3718],[84.5496,24.3523],[84.5399,24.326],[84.5192,24.3075],[84.4967,24.3017],[84.472,24.3074],[84.4546,24.3204],[84.4345,24.3465],[84.4097,24.3642],[84.3809,24.3778],[84.3528,24.4011],[84.3388,24.4206],[84.3144,24.4431],[84.3119,24.4511],[84.3252,24.4704],[84.3246,24.5029],[84.3054,24.5308],[84.2858,24.5316],[84.2757,24.5203],[84.2469,24.5269],[84.1974,24.5181],[84.198,24.4903],[84.1902,24.4766],[84.1741,24.4795],[84.1692,24.5055],[84.1521,24.5078],[84.149,24.4849],[84.1394,24.4712],[84.1197,24.4742],[84.0956,24.5041],[84.0757,24.5621],[84.0439,24.6239],[84.0217,24.639],[84.0116,24.6328],[83.9924,24.5914],[83.9659,24.576],[83.9539,24.5589],[83.9184,24.5438],[83.8798,24.5413],[83.8498,24.5351],[83.8089,24.5425],[83.7879,24.5373],[83.7677,24.5138],[83.7502,24.5084],[83.6959,24.5063],[83.6372,24.5172],[83.5387,24.5313],[83.5231,24.5297],[83.4378,24.5209],[83.4017,24.4983],[83.3942,24.4744],[83.4086,24.4329],[83.4487,24.3804],[83.454,24.3616],[83.4468,24.346],[83.4162,24.3054],[83.4153,24.2767],[83.4077,24.2607],[83.3806,24.2322],[83.3602,24.1983],[83.3371,24.1402]]]},"properties":{"name":"Jharkhand","name_en":"Jharkhand","name_ja":"ジャールカンド州","name_zh":"贾坎德邦","name_ko":"자르칸드","adm0_a3":"IND","postal":"JH","iso_3166_2":"IN-JH","type_en":"State","region":"East","geonunit":"India"}},
{"type":"Feature","geometry":{"type":"Polygon","coordinates":[[[77.2008,28.8768],[77.1552,28.8616],[77.077,28.882],[77.068,28.8821],[77.0362,28.8533],[77.0036,28.8544],[76.9544,28.8355],[76.9365,28.8147],[76.934,28.7919],[76.9364,28.7251],[76.9473,28.6962],[76.9223,28.6709],[76.9104,28.6368],[76.8723,28.6282],[76.8578,28.6055],[76.8369,28.5872],[76.835,28.5712],[76.8634,28.5449],[76.8727,28.5194],[76.9073,28.5281],[76.9627,28.532],[76.985,28.5377],[76.9912,28.558],[77.0034,28.5589],[77.0709,28.5286],[77.0894,28.4897],[77.1005,28.4756],[77.1524,28.446],[77.1936,28.4326],[77.2252,28.4376],[77.2405,28.4526],[77.2227,28.4774],[77.2413,28.4975],[77.2697,28.5103],[77.3274,28.5197],[77.2978,28.5694],[77.301,28.5836],[77.3262,28.6085],[77.3375,28.6262],[77.3069,28.7206],[77.2272,28.7836],[77.22,28.8051],[77.2063,28.8219],[77.2167,28.8435],[77.2008,28.8768]]]},"properties":{"name":"Delhi","name_en":"Delhi","name_ja":"デリー","name_zh":"德里","name_ko":"델리","adm0_a3":"IND","postal":"DL","iso_3166_2":"IN-DL","type_en":"Union Territory","region":"Central","geonunit":"India"}},
{"type":"Feature","geometry":{"type":"Polygon","coordinates":[[[76.8146,30.7891],[76.774,30.799],[76.7415,30.7965],[76.7038,30.7814],[76.6937,30.7635],[76.7018,30.7446],[76.7307,30.7232],[76.7601,30.692],[76.7852,30.6723],[76.8003,30.6827],[76.8273,30.6807],[76.8188,30.7032],[76.8266,30.7353],[76.8133,30.7703],[76.8146,30.7891]]]},"properties":{"name":"Chandigarh","name_en":"Chandigarh","name_ja":"チャンディーガル","name_zh":"昌迪加尔","name_ko":"찬디가르","adm0_a3":"IND","postal":"CH","iso_3166_2":"IN-CH","type_en":"Union Territory","region":"North","geonunit":"India"}},
{"type":"Feature","geometry":{"type":"Polygon","coordinates":[[[82.8009,23.9987],[82.7697,24.0413],[82.7327,24.0726],[82.7388,24.1075],[82.7305,24.121],[82.7003,24.1421],[82.6794,24.1668],[82.6738,24.1803],[82.6807,24.191],[82.709,24.1942],[82.7329,24.2141],[82.7411,24.2778],[82.7576,24.3045],[82.7648,24.33],[82.767,24.386],[82.7569,24.407],[82.7341,24.4197],[82.7329,24.4404],[82.7428,24.4862],[82.7433,24.5067],[82.7353,24.5272],[82.7344,24.5516],[82.756,24.5683],[82.783,24.5596],[82.8084,24.5664],[82.8176,24.5809],[82.8148,24.5963],[82.8015,24.6073],[82.7892,24.6281],[82.7834,24.6516],[82.7721,24.6683],[82.7317,24.6715],[82.7165,24.6804],[82.7175,24.7109],[82.7082,24.7215],[82.6922,24.7198],[82.6239,24.6919],[82.5951,24.6877],[82.5491,24.6919],[82.4534,24.722],[82.4271,24.7186],[82.4234,24.702],[82.4278,24.6675],[82.4236,24.6475],[82.3952,24.6322],[82.3571,24.6367],[82.307,24.632],[82.3027,24.6381],[82.3262,24.6799],[82.319,24.702],[82.302,24.7093],[82.2761,24.7054],[82.2637,24.7226],[82.2664,24.7851],[82.2579,24.7917],[82.2333,24.7587],[82.208,24.7643],[82.2051,24.7782],[82.2164,24.8063],[82.2087,24.8431],[82.1955,24.8439],[82.155,24.8163],[82.1374,24.8092],[82.1055,24.8134],[82.0566,24.8493],[82.0332,24.8595],[81.9802,24.8619],[81.9561,24.871],[81.8811,24.9215],[81.8666,24.9429],[81.874,24.9802],[81.8421,25.0271],[81.8172,25.0358],[81.8,25.0344],[81.7775,25.024],[81.7528,25.0205],[81.7345,25.0247],[81.7216,25.0381],[81.7076,25.0653],[81.6651,25.0645],[81.6248,25.0743],[81.5852,25.0796],[81.5734,25.0915],[81.5806,25.1119],[81.5633,25.143],[81.5585,25.171],[81.537,25.1998],[81.4445,25.1747],[81.4253,25.1648],[81.462,25.1401],[81.4655,25.1174],[81.4457,25.1074],[81.3914,25.1052],[81.3696,25.1116],[81.3662,25.1285],[81.3714,25.1445],[81.3605,25.157],[81.3092,25.1719],[81.2811,25.1646],[81.2432,25.1695],[81.234,25.1564],[81.2411,25.1256],[81.239,25.0981],[81.2226,25.0685],[81.1805,25.0251],[81.1734,25.0004],[81.1848,24.9729],[81.1814,24.9581],[81.1705,24.9517],[81.1374,24.9487],[81.1244,24.939],[81.0981,24.9086],[81.0687,24.9213],[81.031,24.953],[81.0047,24.9664],[80.9605,24.9534],[80.9437,24.9533],[80.9249,24.9622],[80.9075,24.9813],[80.893,24.9841],[80.8404,24.9706],[80.805,24.9688],[80.7787,24.9715],[80.7617,24.9833],[80.7649,25.0001],[80.7906,25.0326],[80.7957,25.0599],[80.8243,25.0874],[80.8299,25.1248],[80.8589,25.1876],[80.8595,25.2007],[80.8354,25.2177],[80.8061,25.2122],[80.7942,25.1979],[80.7878,25.1742],[80.7611,25.1584],[80.6866,25.1562],[80.6664,25.1497],[80.6732,25.1387],[80.7173,25.1122],[80.7292,25.0954],[80.7179,25.082],[80.6862,25.0798],[80.6472,25.0701],[80.6309,25.0785],[80.6059,25.1014],[80.5795,25.1479],[80.5646,25.1524],[80.5509,25.1423],[80.5543,25.1174],[80.5387,25.1053],[80.5206,25.1037],[80.4585,25.117],[80.4653,25.0814],[80.4783,25.0676],[80.5139,25.0505],[80.5151,25.0407],[80.4782,25.0183],[80.4584,25.0151],[80.4469,25.0236],[80.4135,25.0624],[80.404,25.0618],[80.4114,25.0274],[80.407,25.0134],[80.3918,25.0121],[80.3671,25.0207],[80.3375,25.0211],[80.3083,25.0114],[80.2883,25.0162],[80.2718,25.0411],[80.2653,25.0638],[80.2699,25.0886],[80.2892,25.0849],[80.3047,25.0893],[80.3396,25.1242],[80.3545,25.1438],[80.4133,25.1711],[80.422,25.1807],[80.4099,25.2121],[80.4076,25.2295],[80.395,25.2467],[80.3719,25.2468],[80.3634,25.2619],[80.3265,25.2823],[80.319,25.2986],[80.3123,25.3687],[80.3058,25.3847],[80.2836,25.4145],[80.2679,25.4172],[80.2349,25.4097],[80.2056,25.4159],[80.1911,25.4133],[80.1677,25.3803],[80.1245,25.351],[80.1106,25.3512],[80.087,25.3616],[80.0153,25.3309],[79.9731,25.2972],[79.9348,25.2704],[79.9011,25.2558],[79.8764,25.2547],[79.8521,25.2478],[79.8347,25.2343],[79.837,25.2111],[79.8642,25.1774],[79.8633,25.1532],[79.8385,25.1472],[79.8145,25.1349],[79.7919,25.1338],[79.7736,25.1536],[79.6611,25.1481],[79.6173,25.1574],[79.5782,25.1746],[79.5416,25.1766],[79.5222,25.1584],[79.5059,25.1276],[79.4938,25.114],[79.4682,25.1038],[79.4533,25.1111],[79.4455,25.1363],[79.4269,25.1451],[79.399,25.1413],[79.3926,25.1307],[79.3962,25.0855],[79.392,25.0741],[79.3577,25.0711],[79.3374,25.0811],[79.3309,25.1119],[79.3391,25.1474],[79.3687,25.175],[79.3903,25.2148],[79.4247,25.2572],[79.4396,25.2863],[79.438,25.3022],[79.4049,25.2779],[79.37,25.281],[79.3481,25.2735],[79.3285,25.248],[79.3176,25.2424],[79.2945,25.2594],[79.2896,25.2795],[79.297,25.3028],[79.3217,25.3394],[79.3176,25.3622],[79.3025,25.3646],[79.2759,25.334],[79.2643,25.3089],[79.2631,25.2747],[79.2873,25.2056],[79.2868,25.169],[79.269,25.1641],[79.2263,25.1752],[79.21,25.1729],[79.1715,25.1817],[79.1602,25.1747],[79.1428,25.1507],[79.1258,25.1438],[79.1159,25.1538],[79.109,25.195],[79.0847,25.1953],[79.0515,25.1813],[79.024,25.1746],[79.0087,25.1916],[79.0178,25.2259],[79.044,25.2506],[79.0434,25.2628],[79.0143,25.2812],[78.9867,25.2762],[78.9834,25.2374],[78.973,25.2282],[78.9478,25.2241],[78.9304,25.2138],[78.9077,25.1864],[78.8911,25.1754],[78.8698,25.1805],[78.864,25.1916],[78.8631,25.2211],[78.8677,25.2377],[78.885,25.2655],[78.9231,25.2914],[78.9355,25.3041],[78.9366,25.3572],[78.9549,25.3857],[78.96,25.4265],[78.9482,25.4431],[78.9167,25.438],[78.9061,25.4466],[78.9175,25.4741],[78.9191,25.5046],[78.9131,25.5253],[78.9012,25.5362],[78.8794,25.5339],[78.8618,25.515],[78.8519,25.4813],[78.8531,25.434],[78.8355,25.4197],[78.8169,25.4172],[78.8008,25.4269],[78.8003,25.4776],[78.7972,25.4998],[78.7819,25.524],[78.7631,25.5109],[78.7442,25.5067],[78.7269,25.4945],[78.7226,25.4617],[78.7452,25.4393],[78.7488,25.4261],[78.7315,25.3959],[78.7362,25.3517],[78.7275,25.3464],[78.711,25.3535],[78.6752,25.3825],[78.6649,25.4016],[78.6315,25.4155],[78.5971,25.414],[78.5821,25.4067],[78.5758,25.394],[78.5805,25.3752],[78.5756,25.3644],[78.555,25.3476],[78.5304,25.3157],[78.5134,25.2811],[78.5159,25.2662],[78.5619,25.2261],[78.5737,25.2122],[78.6098,25.1363],[78.6179,25.1089],[78.6195,25.0647],[78.6402,24.9641],[78.6591,24.9243],[78.6976,24.8886],[78.7237,24.8487],[78.7321,24.8149],[78.7316,24.7686],[78.7362,24.7255],[78.7311,24.7082],[78.7154,24.6851],[78.7151,24.6687],[78.7331,24.6354],[78.7504,24.6298],[78.7915,24.6421],[78.8271,24.6471],[78.8565,24.6386],[78.8787,24.6132],[78.8934,24.5713],[78.9224,24.5333],[78.9136,24.5005],[78.9162,24.4868],[78.9285,24.4807],[78.9599,24.4771],[78.9783,24.4674],[78.9785,24.44],[78.9646,24.4054],[78.955,24.3925],[78.902,24.3464],[78.8891,24.3241],[78.8668,24.2721],[78.8258,24.2301],[78.7921,24.2174],[78.7621,24.2357],[78.7538,24.27],[78.7466,24.2794],[78.6888,24.2829],[78.6559,24.2946],[78.6108,24.3329],[78.5904,24.3454],[78.5358,24.3886],[78.4894,24.4108],[78.4688,24.408],[78.4527,24.3845],[78.4462,24.3456],[78.435,24.3281],[78.4081,24.3084],[78.3855,24.3012],[78.3565,24.3092],[78.3301,24.342],[78.3319,24.3637],[78.3502,24.3926],[78.3505,24.408],[78.335,24.4202],[78.3093,24.4308],[78.2775,24.4531],[78.2699,24.4777],[78.2444,24.4879],[78.2274,24.5182],[78.2288,24.5327],[78.2648,24.5835],[78.2723,24.6244],[78.258,24.6449],[78.2648,24.6691],[78.2613,24.6927],[78.2307,24.7343],[78.2249,24.7941],[78.1978,24.8394],[78.1819,24.8466],[78.1691,24.8655],[78.1804,24.8925],[78.226,24.9263],[78.2573,24.9402],[78.3127,24.9875],[78.3365,25.023],[78.3407,25.0458],[78.3303,25.0664],[78.3455,25.1392],[78.3596,25.1589],[78.3663,25.186],[78.3605,25.2105],[78.3481,25.2283],[78.2977,25.3278],[78.2564,25.3767],[78.2512,25.3978],[78.2619,25.4117],[78.33,25.4648],[78.3466,25.4864],[78.3567,25.5396],[78.3705,25.5527],[78.4607,25.5746],[78.4957,25.5783],[78.5264,25.5729],[78.5584,25.5755],[78.6161,25.6076],[78.7145,25.6259],[78.7476,25.6427],[78.7536,25.6743],[78.7319,25.7208],[78.7271,25.7402],[78.7398,25.7898],[78.7488,25.8005],[78.791,25.8268],[78.8083,25.8416],[78.8352,25.9057],[78.8797,25.9561],[78.8905,25.9789],[78.8934,26],[78.9144,26.0428],[78.9465,26.0883],[78.9541,26.11],[78.9327,26.1247],[78.92,26.1447],[78.9184,26.1634],[78.9271,26.1781],[78.9541,26.192],[78.9556,26.2039],[78.9386,26.2305],[78.9358,26.2448],[78.9423,26.2615],[78.9633,26.2781],[79.0193,26.2938],[79.0363,26.3101],[79.0586,26.343],[79.0608,26.3551],[79.0397,26.3751],[79.0521,26.4115],[79.0493,26.4407],[79.0281,26.4976],[78.9744,26.5716],[78.96,26.5967],[78.9457,26.6356],[78.9358,26.6944],[78.9261,26.7062],[78.9051,26.7081],[78.8613,26.7013],[78.8424,26.7119],[78.8122,26.7477],[78.7924,26.7621],[78.7619,26.7652],[78.7545,26.7857],[78.7454,26.7892],[78.7241,26.7764],[78.7101,26.7989],[78.6932,26.7979],[78.6553,26.7764],[78.6225,26.7773],[78.5952,26.7584],[78.5635,26.7585],[78.518,26.7832],[78.4616,26.7923],[78.4461,26.8],[78.4281,26.8225],[78.3849,26.8268],[78.3715,26.851],[78.3506,26.8585],[78.3261,26.8598],[78.286,26.8548],[78.2723,26.8446],[78.2549,26.8173],[78.2001,26.8236],[78.1822,26.8173],[78.169,26.8222],[78.165,26.7919],[78.1515,26.7832],[78.12,26.7946],[78.1012,26.7951],[78.0929,26.7798],[78.1004,26.7429],[78.0874,26.7211],[78.0852,26.6894],[78.0794,26.6829],[78.0385,26.6818],[78.0128,26.6956],[77.9784,26.6843],[77.95,26.6698],[77.9028,26.664],[77.889,26.6517],[77.8859,26.6342],[77.8699,26.6193],[77.8192,26.6051],[77.8315,26.5758],[77.8089,26.5593],[77.744,26.5362],[77.7151,26.506],[77.6808,26.4999],[77.6168,26.483],[77.5653,26.4474],[77.4999,26.4116],[77.4596,26.4168],[77.4418,26.4133],[77.4315,26.4001],[77.4313,26.3737],[77.4152,26.3649],[77.4076,26.3723],[77.3805,26.3642],[77.3496,26.3649],[77.3234,26.352],[77.3053,26.3313],[77.2881,26.3],[77.2542,26.2747],[77.2301,26.2625],[77.2097,26.242],[77.1811,26.2374],[77.1247,26.2379],[77.0998,26.2214],[77.095,26.1987],[77.0825,26.1853],[77.0491,26.1843],[77.0104,26.1662],[76.9919,26.1359],[76.9694,26.1294],[76.9455,26.1082],[76.908,26.0986],[76.8991,26.0907],[76.8875,26.0638],[76.8734,26.052],[76.8155,26.0188],[76.8088,26.0082],[76.8075,25.9853],[76.7961,25.9645],[76.7702,25.954],[76.7402,25.9232],[76.727,25.9163],[76.6518,25.9227],[76.6411,25.9204],[76.6275,25.893],[76.6105,25.8814],[76.5919,25.8806],[76.5594,25.8543],[76.546,25.8483],[76.5179,25.7993],[76.5175,25.7574],[76.5127,25.7446],[76.4875,25.7371],[76.4784,25.7198],[76.4922,25.6868],[76.5215,25.5502],[76.5514,25.4601],[76.5676,25.448],[76.5916,25.4438],[76.6107,25.4308],[76.6334,25.3927],[76.6523,25.3792],[76.6937,25.3762],[76.7171,25.368],[76.7592,25.3384],[76.7802,25.332],[76.8278,25.3446],[76.8697,25.3379],[76.9135,25.3093],[76.9287,25.3076],[76.947,25.3186],[77.0015,25.3176],[77.0296,25.3279],[77.0806,25.3532],[77.1077,25.3543],[77.1413,25.342],[77.1811,25.3425],[77.2016,25.3556],[77.2128,25.3737],[77.2225,25.4027],[77.2371,25.4222],[77.2555,25.4335],[77.302,25.4456],[77.3277,25.4432],[77.3515,25.4254],[77.3586,25.4071],[77.3462,25.3883],[77.3428,25.3677],[77.3491,25.3487],[77.3653,25.3244],[77.3583,25.2964],[77.363,25.2621],[77.3912,25.2288],[77.3989,25.2122],[77.388,25.1909],[77.3892,25.162],[77.3824,25.1429],[77.3605,25.1345],[77.3413,25.114],[77.3097,25.11],[77.2798,25.1269],[77.2543,25.1301],[77.2349,25.1226],[77.2004,25.1293],[77.1874,25.1275],[77.088,25.0937],[77.0383,25.0875],[76.9994,25.0877],[76.915,25.0528],[76.8835,25.0467],[76.861,25.0338],[76.8455,25.0066],[76.8484,24.9943],[76.8782,24.9354],[76.8832,24.897],[76.8686,24.873],[76.8473,24.8624],[76.7972,24.855],[76.7806,24.8371],[76.7952,24.8168],[76.8481,24.7597],[76.8778,24.7439],[76.9214,24.7397],[76.9457,24.7442],[76.9668,24.7375],[77.0146,24.6992],[77.0374,24.6703],[77.0462,24.6496],[77.0591,24.6023],[77.0589,24.5616],[77.0352,24.5384],[76.9429,24.5002],[76.904,24.4975],[76.8979,24.5039],[76.8963,24.5339],[76.8805,24.5619],[76.8284,24.5766],[76.8107,24.5714],[76.8062,24.5558],[76.8142,24.5019],[76.8058,24.4621],[76.8164,24.4261],[76.8146,24.3601],[76.8316,24.3162],[76.878,24.2611],[76.8916,24.2409],[76.8919,24.2202],[76.8786,24.2031],[76.8703,24.1817],[76.852,24.1729],[76.8222,24.1745],[76.7947,24.1614],[76.7666,24.1603],[76.7251,24.1889],[76.6692,24.2236],[76.654,24.2405],[76.6729,24.2838],[76.6698,24.3059],[76.6492,24.3094],[76.593,24.2893],[76.5725,24.2732],[76.5559,24.2278],[76.5427,24.2152],[76.5115,24.2091],[76.4948,24.2144],[76.4775,24.2535],[76.4561,24.265],[76.4082,24.2596],[76.3586,24.2651],[76.3047,24.2831],[76.2868,24.2849],[76.2303,24.2779],[76.2023,24.2925],[76.1902,24.3106],[76.189,24.3521],[76.1736,24.3515],[76.1327,24.3294],[76.124,24.312],[76.1228,24.2824],[76.1167,24.2514],[76.1195,24.2318],[76.116,24.1961],[76.1192,24.1503],[76.1166,24.134],[76.0832,24.0981],[75.999,24.0511],[75.9802,24.026],[76.0002,24.0041],[75.9979,23.9839],[75.9867,23.9649],[75.9734,23.9554],[75.8994,23.9183],[75.8476,23.9047],[75.8124,23.8869],[75.7765,23.8831],[75.7483,23.9123],[75.7287,23.9162],[75.7203,23.9065],[75.7285,23.8674],[75.7118,23.8311],[75.6998,23.7932],[75.6848,23.7898],[75.6658,23.8047],[75.6376,23.8138],[75.5971,23.8179],[75.589,23.8555],[75.5782,23.8757],[75.5242,23.905],[75.5014,23.9217],[75.4903,23.9399],[75.4861,23.9889],[75.513,24.036],[75.5389,24.0414],[75.5667,24.0208],[75.5893,24.0132],[75.6218,23.9952],[75.6449,23.9995],[75.6728,24.0224],[75.693,24.0216],[75.7127,24.0055],[75.73,24.0007],[75.7653,24.0554],[75.7941,24.0804],[75.8108,24.1083],[75.805,24.1191],[75.7635,24.141],[75.7518,24.1534],[75.7478,24.19],[75.7592,24.2116],[75.7948,24.2516],[75.8025,24.2722],[75.8009,24.3063],[75.7895,24.3207],[75.7591,24.334],[75.7464,24.3572],[75.7411,24.3996],[75.7344,24.424],[75.745,24.4688],[75.7654,24.4934],[75.7922,24.4942],[75.8254,24.4732],[75.8376,24.47],[75.861,24.4807],[75.874,24.5011],[75.8749,24.5143],[75.8694,24.5994],[75.8201,24.6513],[75.8137,24.6639],[75.8186,24.6975],[75.8134,24.7177],[75.7819,24.7591],[75.7588,24.7774],[75.7322,24.7795],[75.7175,24.7747],[75.649,24.7383],[75.5985,24.7275],[75.5499,24.7258],[75.448,24.7031],[75.4165,24.701],[75.3876,24.7047],[75.3419,24.7197],[75.3086,24.7247],[75.2424,24.7202],[75.2037,24.725],[75.182,24.7408],[75.172,24.7625],[75.1807,24.7859],[75.2015,24.8011],[75.2104,24.821],[75.2073,24.8349],[75.1881,24.8671],[75.1832,24.8861],[75.1937,24.8958],[75.2127,24.8849],[75.2348,24.8617],[75.2622,24.8453],[75.2975,24.8394],[75.337,24.8424],[75.355,24.8473],[75.3844,24.8638],[75.4014,24.8823],[75.4051,24.9019],[75.3873,24.9046],[75.3442,24.8917],[75.2977,24.8876],[75.2681,24.8933],[75.2452,24.9114],[75.2514,24.9365],[75.268,24.937],[75.3052,24.926],[75.3203,24.9352],[75.3179,24.9552],[75.2995,24.9759],[75.2916,24.9963],[75.3206,25.0439],[75.3237,25.0581],[75.3049,25.058],[75.2351,25.0402],[75.1578,25.0458],[75.1333,25.04],[75.1192,25.0074],[75.0938,24.9778],[75.1038,24.9275],[75.0954,24.8966],[75.0844,24.8889],[75.055,24.8981],[75.043,24.8959],[75.0031,24.8663],[74.9814,24.863],[74.9519,24.8728],[74.9301,24.8872],[74.8996,24.8972],[74.8759,24.9194],[74.8456,24.9324],[74.8243,24.9325],[74.8153,24.9165],[74.8375,24.8594],[74.8312,24.8063],[74.8378,24.7971],[74.8951,24.7944],[74.9289,24.7858],[74.9581,24.791],[74.9743,24.7857],[74.9784,24.7634],[74.9678,24.7374],[74.9654,24.694],[74.9569,24.683],[74.9323,24.6691],[74.8697,24.6656],[74.8585,24.6719],[74.8399,24.7044],[74.8168,24.7205],[74.8065,24.7358],[74.8025,24.7614],[74.7913,24.7816],[74.7814,24.7817],[74.7714,24.7636],[74.7705,24.7047],[74.7843,24.6681],[74.749,24.5912],[74.7193,24.5452],[74.7119,24.5239],[74.7202,24.5003],[74.8171,24.4746],[74.8449,24.455],[74.8468,24.4355],[74.8237,24.4045],[74.7664,24.3587],[74.7612,24.3484],[74.754,24.3041],[74.7335,24.2773],[74.735,24.2606],[74.7593,24.2567],[74.8072,24.263],[74.8405,24.256],[74.87,24.2361],[74.885,24.205],[74.8883,24.1553],[74.8931,24.1345],[74.9094,24.1017],[74.9292,24.0772],[74.961,24.0523],[74.9682,24.0328],[74.9468,24.002],[74.9083,23.8967],[74.9022,23.8242],[74.9066,23.7913],[74.9322,23.7524],[74.9385,23.7217],[74.939,23.6874],[74.9267,23.6518],[74.8994,23.6204],[74.8718,23.5519],[74.8533,23.527],[74.823,23.5001],[74.779,23.4874],[74.7224,23.4522],[74.6482,23.4306],[74.6314,23.4204],[74.5695,23.3679],[74.5565,23.3513],[74.5213,23.2897],[74.523,23.2655],[74.5364,23.2509],[74.5812,23.2393],[74.6115,23.2281],[74.6584,23.2265],[74.6768,23.2151],[74.6954,23.1927],[74.7159,23.1792],[74.7107,23.1619],[74.6672,23.1473],[74.6119,23.1127],[74.55,23.0987],[74.4761,23.0624],[74.4563,23.0603],[74.4079,23.0723],[74.3874,23.0726],[74.3633,23.0651],[74.3235,23.0361],[74.3439,22.9869],[74.355,22.8989],[74.365,22.875],[74.3847,22.8733],[74.4009,22.8816],[74.4266,22.8716],[74.4519,22.8409],[74.4591,22.8225],[74.4581,22.8041],[74.3764,22.651],[74.3602,22.6324],[74.3302,22.6152],[74.2921,22.614],[74.2727,22.6097],[74.1976,22.5556],[74.1612,22.5167],[74.1515,22.5103],[74.1197,22.5044],[74.0631,22.5209],[74.0334,22.5096],[74.0257,22.4796],[74.0818,22.4278],[74.113,22.4107],[74.1644,22.4167],[74.2215,22.4094],[74.2436,22.3948],[74.2445,22.3754],[74.2243,22.3492],[74.1801,22.3271],[74.1368,22.3209],[74.1201,22.327],[74.0985,22.3458],[74.0722,22.3443],[74.0594,22.3206],[74.0564,22.2942],[74.0656,22.2452],[74.0641,22.2154],[74.0715,22.1978],[74.0964,22.1735],[74.1065,22.1524],[74.1173,22.102],[74.1406,22.0715],[74.1419,22.0628],[74.129,22.0247],[74.1288,21.9518],[74.1512,21.9476],[74.1828,21.9293],[74.2049,21.9251],[74.249,21.9298],[74.2844,21.9449],[74.29,21.966],[74.352,21.9865],[74.3918,22.0217],[74.4077,22.023],[74.428,22.0062],[74.4856,21.946],[74.4942,21.917],[74.487,21.8201],[74.4916,21.7946],[74.5069,21.7637],[74.5125,21.7269],[74.5345,21.7076],[74.5916,21.6679],[74.6082,21.6589],[74.6609,21.6453],[74.6948,21.6169],[74.7081,21.6112],[74.7638,21.6084],[74.8539,21.6165],[74.8941,21.612],[74.913,21.6037],[74.941,21.5832],[74.9561,21.5779],[75.005,21.5754],[75.048,21.5541],[75.0677,21.5347],[75.1062,21.4831],[75.1299,21.4377],[75.1532,21.4227],[75.2095,21.4029],[75.3119,21.3815],[75.3475,21.3847],[75.3813,21.3763],[75.48,21.3763],[75.5347,21.3718],[75.5698,21.3804],[75.6252,21.3855],[75.6632,21.3802],[75.7065,21.3782],[75.814,21.3834],[75.8778,21.3998],[75.9073,21.3918],[75.9523,21.3909],[75.9867,21.3784],[76.0396,21.3657],[76.0829,21.3681],[76.0938,21.3586],[76.108,21.3324],[76.1305,21.2801],[76.1326,21.2372],[76.1429,21.1931],[76.1312,21.1763],[76.1093,21.174],[76.1086,21.1531],[76.1439,21.1069],[76.1868,21.0858],[76.2866,21.0748],[76.3174,21.0819],[76.3788,21.0868],[76.4366,21.1078],[76.4695,21.1518],[76.4983,21.1804],[76.5418,21.1952],[76.6141,21.2025],[76.6363,21.22],[76.654,21.2513],[76.6533,21.2938],[76.6334,21.341],[76.6464,21.3587],[76.6709,21.3761],[76.7096,21.3962],[76.7295,21.413],[76.7495,21.453],[76.7771,21.4801],[76.7855,21.5017],[76.7867,21.5307],[76.7937,21.577],[76.8141,21.6001],[76.8436,21.6134],[76.8997,21.6127],[76.9174,21.6181],[77.0288,21.6936],[77.0693,21.7123],[77.1155,21.724],[77.1672,21.7282],[77.1789,21.7262],[77.1985,21.7079],[77.219,21.7008],[77.2371,21.7097],[77.2511,21.7312],[77.2855,21.7407],[77.3164,21.7698],[77.333,21.7745],[77.4607,21.77],[77.4933,21.7548],[77.5037,21.7329],[77.5316,21.7219],[77.5518,21.6968],[77.562,21.6262],[77.5614,21.5835],[77.5771,21.5565],[77.5749,21.5483],[77.5552,21.5425],[77.4568,21.5485],[77.444,21.5471],[77.432,21.5342],[77.4331,21.4988],[77.4546,21.4612],[77.4818,21.4239],[77.4902,21.3929],[77.5091,21.4113],[77.5315,21.4161],[77.5604,21.3904],[77.578,21.3845],[77.601,21.3886],[77.627,21.3995],[77.6762,21.3951],[77.6952,21.3798],[77.7126,21.3803],[77.7439,21.4001],[77.7875,21.423],[77.8054,21.4229],[77.8715,21.3981],[77.9102,21.4006],[78.0292,21.4377],[78.0856,21.4624],[78.1255,21.4847],[78.1444,21.4987],[78.1927,21.5511],[78.2084,21.5594],[78.2642,21.571],[78.3102,21.5863],[78.3332,21.6146],[78.366,21.6254],[78.3938,21.6223],[78.4133,21.6063],[78.4143,21.5788],[78.4259,21.5503],[78.4279,21.5085],[78.4551,21.5094],[78.4857,21.5268],[78.5137,21.5266],[78.5612,21.4961],[78.6267,21.4794],[78.696,21.4748],[78.7381,21.484],[78.7996,21.4893],[78.8388,21.5012],[78.9042,21.5093],[78.9293,21.525],[78.9311,21.5439],[78.9219,21.5723],[78.9504,21.5904],[78.9961,21.6034],[79.0815,21.6129],[79.1159,21.6219],[79.1667,21.6404],[79.2158,21.6546],[79.2273,21.6639],[79.2401,21.7128],[79.2587,21.7143],[79.295,21.698],[79.3319,21.6903],[79.4131,21.6898],[79.4709,21.672],[79.4863,21.6635],[79.4983,21.6397],[79.5331,21.6193],[79.5466,21.5785],[79.5516,21.55],[79.5652,21.5388],[79.6001,21.5474],[79.6505,21.5816],[79.6726,21.587],[79.7048,21.584],[79.7588,21.5941],[79.7984,21.5878],[79.8221,21.5695],[79.8403,21.5343],[79.8621,21.5282],[79.9154,21.5381],[79.9336,21.5545],[79.9779,21.562],[79.9847,21.5483],[80.0053,21.5483],[80.0803,21.5716],[80.0887,21.5918],[80.1084,21.6042],[80.1641,21.6212],[80.1867,21.6395],[80.2029,21.6255],[80.2481,21.5968],[80.2761,21.5847],[80.3102,21.5802],[80.3186,21.5686],[80.3236,21.5411],[80.3375,21.5255],[80.3878,21.4926],[80.4118,21.4687],[80.4176,21.4468],[80.4129,21.4329],[80.3953,21.4149],[80.3956,21.3996],[80.4099,21.3921],[80.4736,21.4036],[80.5027,21.3953],[80.612,21.3317],[80.6256,21.3265],[80.6441,21.3324],[80.6629,21.3463],[80.679,21.3512],[80.6979,21.3986],[80.7058,21.4345],[80.7214,21.4732],[80.7242,21.498],[80.7176,21.5856],[80.7243,21.6158],[80.7305,21.7143],[80.7398,21.7415],[80.7541,21.7565],[80.7878,21.7612],[80.8051,21.7743],[80.8216,21.8028],[80.8379,21.8461],[80.8329,21.9078],[80.8351,21.951],[80.8444,21.9777],[80.8849,22.0574],[80.9034,22.0853],[80.919,22.0975],[80.9347,22.0999],[80.9498,22.0929],[80.9777,22.0528],[80.9933,22.052],[81.0034,22.0777],[80.9873,22.108],[80.9907,22.1185],[81.0161,22.1295],[81.0208,22.1409],[81.0235,22.194],[81.0306,22.2107],[81.0537,22.2336],[81.0954,22.2567],[81.1189,22.2946],[81.1241,22.3376],[81.1208,22.3651],[81.1225,22.4005],[81.1309,22.4229],[81.178,22.4784],[81.1994,22.4818],[81.2121,22.4524],[81.2349,22.4445],[81.2582,22.4544],[81.2773,22.4698],[81.3203,22.478],[81.3445,22.4972],[81.3726,22.4927],[81.3842,22.4811],[81.4029,22.4484],[81.4178,22.4375],[81.4482,22.4498],[81.4597,22.462],[81.4915,22.4817],[81.5123,22.5016],[81.5396,22.52],[81.5782,22.5308],[81.6033,22.5337],[81.6423,22.5508],[81.6488,22.5608],[81.655,22.5912],[81.6696,22.6093],[81.7273,22.6472],[81.7515,22.6511],[81.7664,22.664],[81.7618,22.7164],[81.7852,22.7443],[81.7835,22.7809],[81.7768,22.8129],[81.7793,22.8358],[81.7885,22.8529],[81.8071,22.8618],[81.8653,22.8815],[81.9065,22.9127],[81.9402,22.9458],[81.9446,22.963],[81.9334,22.9992],[81.9342,23.0173],[81.9461,23.043],[81.966,23.0555],[82.0205,23.0714],[82.0708,23.1003],[82.0898,23.1036],[82.1294,23.0965],[82.1417,23.1132],[82.1566,23.1483],[82.1646,23.2102],[82.1897,23.2887],[82.1863,23.3094],[82.1737,23.3264],[82.1353,23.3499],[82.1249,23.3622],[82.0982,23.3717],[82.0434,23.3636],[82.0344,23.3676],[82.0259,23.3877],[81.9914,23.4005],[81.9755,23.42],[81.9506,23.4667],[81.9275,23.4954],[81.9072,23.5052],[81.8582,23.5077],[81.8006,23.531],[81.7595,23.5435],[81.7446,23.5426],[81.7137,23.5183],[81.6856,23.5071],[81.6441,23.4821],[81.6283,23.4878],[81.601,23.5363],[81.5914,23.5612],[81.6147,23.5918],[81.6189,23.6273],[81.6254,23.6354],[81.6556,23.6485],[81.6862,23.6903],[81.6809,23.7248],[81.6651,23.7479],[81.6395,23.8066],[81.622,23.8338],[81.6304,23.8462],[81.6195,23.8676],[81.6413,23.8853],[81.6819,23.8851],[81.7017,23.8705],[81.7449,23.8249],[81.7782,23.8019],[81.8087,23.7947],[81.8361,23.7954],[81.861,23.8052],[81.9102,23.8321],[81.9369,23.8407],[82.0049,23.8364],[82.0303,23.8273],[82.0774,23.8014],[82.1077,23.7986],[82.2036,23.8005],[82.2625,23.7856],[82.4154,23.7831],[82.4987,23.7724],[82.5317,23.7754],[82.5679,23.8041],[82.6121,23.8208],[82.6508,23.8448],[82.6577,23.8845],[82.6916,23.9051],[82.7196,23.9084],[82.7681,23.929],[82.7842,23.9503],[82.7865,23.9809],[82.8009,23.9987]]]},"properties":{"name":"Madhya Pradesh","name_en":"Madhya Pradesh","name_ja":"マディヤ・プラデーシュ州","name_zh":"中央邦","name_ko":"마디아프라데시","adm0_a3":"IND","postal":"MP","iso_3166_2":"IN-MP","type_en":"State","region":"Central","geonunit":"India"}},
{"type":"Feature","geometry":{"type":"Polygon","coordinates":[[[83.3371,24.1402],[83.3262,24.1245],[83.3149,24.0936],[83.3019,24.0776],[83.2692,24.0592],[83.255,24.0345],[83.2487,23.9939],[83.2277,23.9613],[83.2063,23.944],[83.146,23.9278],[83.1164,23.9151],[83.0888,23.911],[83.0415,23.917],[83.0052,23.9178],[82.9644,23.9139],[82.9365,23.9202],[82.8941,23.9422],[82.8394,23.9896],[82.8009,23.9987],[82.7865,23.9809],[82.7842,23.9503],[82.7681,23.929],[82.7196,23.9084],[82.6916,23.9051],[82.6577,23.8845],[82.6508,23.8448],[82.6121,23.8208],[82.5679,23.8041],[82.5317,23.7754],[82.4987,23.7724],[82.4154,23.7831],[82.2625,23.7856],[82.2036,23.8005],[82.1077,23.7986],[82.0774,23.8014],[82.0303,23.8273],[82.0049,23.8364],[81.9369,23.8407],[81.9102,23.8321],[81.861,23.8052],[81.8361,23.7954],[81.8087,23.7947],[81.7782,23.8019],[81.7449,23.8249],[81.7017,23.8705],[81.6819,23.8851],[81.6413,23.8853],[81.6195,23.8676],[81.6304,23.8462],[81.622,23.8338],[81.6395,23.8066],[81.6651,23.7479],[81.6809,23.7248],[81.6862,23.6903],[81.6556,23.6485],[81.6254,23.6354],[81.6189,23.6273],[81.6147,23.5918],[81.5914,23.5612],[81.601,23.5363],[81.6283,23.4878],[81.6441,23.4821],[81.6856,23.5071],[81.7137,23.5183],[81.7446,23.5426],[81.7595,23.5435],[81.8006,23.531],[81.8582,23.5077],[81.9072,23.5052],[81.9275,23.4954],[81.9506,23.4667],[81.9755,23.42],[81.9914,23.4005],[82.0259,23.3877],[82.0344,23.3676],[82.0434,23.3636],[82.0982,23.3717],[82.1249,23.3622],[82.1353,23.3499],[82.1737,23.3264],[82.1863,23.3094],[82.1897,23.2887],[82.1646,23.2102],[82.1566,23.1483],[82.1417,23.1132],[82.1294,23.0965],[82.0898,23.1036],[82.0708,23.1003],[82.0205,23.0714],[81.966,23.0555],[81.9461,23.043],[81.9342,23.0173],[81.9334,22.9992],[81.9446,22.963],[81.9402,22.9458],[81.9065,22.9127],[81.8653,22.8815],[81.8071,22.8618],[81.7885,22.8529],[81.7793,22.8358],[81.7768,22.8129],[81.7835,22.7809],[81.7852,22.7443],[81.7618,22.7164],[81.7664,22.664],[81.7515,22.6511],[81.7273,22.6472],[81.6696,22.6093],[81.655,22.5912],[81.6488,22.5608],[81.6423,22.5508],[81.6033,22.5337],[81.5782,22.5308],[81.5396,22.52],[81.5123,22.5016],[81.4915,22.4817],[81.4597,22.462],[81.4482,22.4498],[81.4178,22.4375],[81.4029,22.4484],[81.3842,22.4811],[81.3726,22.4927],[81.3445,22.4972],[81.3203,22.478],[81.2773,22.4698],[81.2582,22.4544],[81.2349,22.4445],[81.2121,22.4524],[81.1994,22.4818],[81.178,22.4784],[81.1309,22.4229],[81.1225,22.4005],[81.1208,22.3651],[81.1241,22.3376],[81.1189,22.2946],[81.0954,22.2567],[81.0537,22.2336],[81.0306,22.2107],[81.0235,22.194],[81.0208,22.1409],[81.0161,22.1295],[80.9907,22.1185],[80.9873,22.108],[81.0034,22.0777],[80.9933,22.052],[80.9777,22.0528],[80.9498,22.0929],[80.9347,22.0999],[80.919,22.0975],[80.9034,22.0853],[80.8849,22.0574],[80.8444,21.9777],[80.8351,21.951],[80.8329,21.9078],[80.8379,21.8461],[80.8216,21.8028],[80.8051,21.7743],[80.7878,21.7612],[80.7541,21.7565],[80.7398,21.7415],[80.7305,21.7143],[80.7243,21.6158],[80.7176,21.5856],[80.7242,21.498],[80.7214,21.4732],[80.7058,21.4345],[80.6979,21.3986],[80.679,21.3512],[80.6784,21.302],[80.6664,21.2796],[80.6256,21.2427],[80.5485,21.2067],[80.4845,21.1677],[80.4652,21.148],[80.4568,21.1255],[80.4473,21.0614],[80.4363,21.0247],[80.4353,20.9992],[80.4501,20.9592],[80.4633,20.9422],[80.4813,20.932],[80.5032,20.9309],[80.5339,20.9375],[80.5521,20.9193],[80.5566,20.878],[80.5568,20.7808],[80.573,20.6976],[80.571,20.6824],[80.5589,20.6672],[80.5172,20.6482],[80.503,20.6333],[80.4946,20.6096],[80.497,20.5962],[80.515,20.5888],[80.5325,20.5931],[80.5651,20.6138],[80.586,20.6165],[80.6224,20.6009],[80.6209,20.5416],[80.6349,20.5123],[80.6144,20.4643],[80.6129,20.3852],[80.6264,20.3426],[80.6224,20.3259],[80.5955,20.3158],[80.5751,20.3029],[80.5342,20.2694],[80.5105,20.2629],[80.4538,20.2573],[80.4312,20.2469],[80.4244,20.2341],[80.4241,20.1972],[80.4141,20.1652],[80.4263,20.1462],[80.507,20.1419],[80.5306,20.1349],[80.5532,20.0732],[80.5572,20.0483],[80.5448,19.999],[80.5387,19.9448],[80.5311,19.9207],[80.4983,19.9233],[80.4602,19.941],[80.4448,19.9312],[80.4312,19.9115],[80.4251,19.8928],[80.4444,19.8785],[80.4734,19.874],[80.4861,19.855],[80.4718,19.8302],[80.4182,19.8059],[80.4115,19.7837],[80.4316,19.7733],[80.4695,19.7662],[80.4882,19.7743],[80.4898,19.7992],[80.5008,19.8109],[80.5184,19.8163],[80.5378,19.8109],[80.5485,19.7923],[80.5656,19.7398],[80.5872,19.7189],[80.6498,19.7013],[80.6757,19.6766],[80.685,19.6222],[80.6915,19.6077],[80.7129,19.5926],[80.7612,19.5801],[80.8064,19.5514],[80.831,19.5471],[80.8782,19.5071],[80.8939,19.4844],[80.8954,19.4522],[80.881,19.4279],[80.8542,19.4144],[80.8255,19.4112],[80.8057,19.4033],[80.8054,19.3861],[80.8322,19.3454],[80.823,19.3261],[80.7844,19.3116],[80.7612,19.2985],[80.7245,19.2645],[80.7167,19.2627],[80.7105,19.2787],[80.68,19.3215],[80.653,19.3224],[80.6174,19.3186],[80.6003,19.3417],[80.5871,19.3819],[80.576,19.392],[80.5535,19.3869],[80.5427,19.3786],[80.517,19.3452],[80.4898,19.3344],[80.4711,19.3159],[80.4473,19.2721],[80.4054,19.2504],[80.3971,19.2342],[80.3731,19.1514],[80.3666,19.1174],[80.3462,19.0815],[80.2904,19.0193],[80.2718,18.9794],[80.2714,18.947],[80.2839,18.9203],[80.3442,18.8507],[80.3492,18.8309],[80.3389,18.8133],[80.2748,18.7769],[80.2606,18.7555],[80.2704,18.7137],[80.2827,18.7167],[80.3031,18.7051],[80.3137,18.6832],[80.3199,18.6422],[80.3445,18.6107],[80.352,18.5923],[80.3721,18.6156],[80.3835,18.6124],[80.3943,18.5931],[80.4091,18.5889],[80.4644,18.6067],[80.5026,18.6],[80.53,18.577],[80.5518,18.5669],[80.5834,18.5414],[80.6652,18.45],[80.6962,18.4123],[80.7119,18.3821],[80.7205,18.3516],[80.7453,18.2971],[80.7701,18.259],[80.7723,18.2327],[80.7448,18.2196],[80.7321,18.2073],[80.7298,18.1872],[80.7351,18.1737],[80.7534,18.1642],[80.7994,18.1687],[80.8092,18.1829],[80.8203,18.2129],[80.8365,18.2142],[80.8524,18.1964],[80.857,18.1556],[80.8642,18.1435],[80.8849,18.1369],[80.9345,18.1553],[80.9515,18.1531],[80.9614,18.1398],[80.9419,18.1026],[80.9375,18.0863],[80.9416,18.0482],[80.9552,18.0128],[80.974,17.9802],[80.979,17.9639],[80.9856,17.8405],[80.9999,17.807],[81.0154,17.7852],[81.0449,17.7761],[81.0829,17.7999],[81.1087,17.8118],[81.1477,17.8366],[81.1674,17.8362],[81.203,17.8166],[81.2452,17.8037],[81.2747,17.8038],[81.3194,17.8089],[81.394,17.8067],[81.3907,17.837],[81.395,17.878],[81.4083,17.889],[81.4297,17.8773],[81.4442,17.8797],[81.4531,17.925],[81.471,17.9532],[81.4822,17.9941],[81.4829,18.0514],[81.5063,18.0856],[81.5162,18.1178],[81.5249,18.1603],[81.5129,18.1943],[81.5425,18.2625],[81.5934,18.2722],[81.6438,18.2924],[81.6584,18.3033],[81.6705,18.3249],[81.6914,18.3369],[81.7255,18.344],[81.7406,18.3579],[81.7723,18.4132],[81.7924,18.4384],[81.8437,18.4777],[81.8695,18.5082],[81.9133,18.5449],[81.9409,18.5585],[81.9483,18.5795],[81.9419,18.594],[81.9037,18.6219],[81.9097,18.6414],[81.9334,18.6467],[81.9478,18.6581],[81.969,18.6857],[82.0056,18.7059],[82.0591,18.7124],[82.0768,18.7302],[82.0916,18.7638],[82.1064,18.7675],[82.1274,18.7492],[82.1389,18.7473],[82.1545,18.7914],[82.1638,18.8367],[82.1691,18.8787],[82.1888,18.9008],[82.22,18.9152],[82.2279,18.934],[82.225,19.0152],[82.2006,19.0581],[82.1977,19.0839],[82.1879,19.1009],[82.1597,19.1228],[82.1674,19.1549],[82.166,19.179],[82.1528,19.2017],[82.1454,19.2442],[82.1532,19.2714],[82.1708,19.3069],[82.1685,19.3256],[82.1418,19.3449],[82.1396,19.3647],[82.1687,19.3866],[82.1675,19.4052],[82.1426,19.4287],[82.1177,19.4346],[82.1022,19.4458],[82.081,19.4888],[82.0669,19.4972],[82.0381,19.5025],[82.029,19.5179],[82.0321,19.5948],[82.0406,19.6374],[82.0273,19.6956],[82.0281,19.7163],[82.0378,19.7567],[82.0291,19.7765],[82.0117,19.7849],[81.9781,19.7882],[81.9601,19.7963],[81.9435,19.8321],[81.9294,19.8493],[81.8453,19.8947],[81.8172,19.9243],[81.8131,19.9455],[81.8193,19.9657],[81.8602,20.037],[81.8678,20.0467],[81.8976,20.0619],[81.9396,20.1047],[81.9606,20.0976],[82.0093,20.0445],[82.0163,20.0169],[82.0329,20.0119],[82.0461,20.0179],[82.0659,20.0537],[82.0751,20.0584],[82.0962,20.0506],[82.1535,20],[82.1647,19.9794],[82.2036,19.9803],[82.2284,19.9587],[82.2903,19.8361],[82.3049,19.8233],[82.3135,19.8262],[82.3415,19.8716],[82.3611,19.8839],[82.3814,19.8859],[82.4759,19.8724],[82.5262,19.8503],[82.5645,19.8493],[82.5791,19.8432],[82.5729,19.8147],[82.5752,19.7681],[82.5927,19.7691],[82.6393,19.8051],[82.6823,19.8227],[82.7079,19.8432],[82.7133,19.8555],[82.6855,19.8876],[82.6854,19.906],[82.6991,19.955],[82.7004,19.9801],[82.695,20.0005],[82.6654,20.005],[82.6432,20.0029],[82.6112,19.9881],[82.5985,19.9928],[82.5784,20.0146],[82.5503,20.0245],[82.5098,20.0219],[82.4866,20.027],[82.4645,20.0458],[82.4156,20.067],[82.4134,20.0933],[82.4337,20.159],[82.4358,20.1988],[82.428,20.2415],[82.4271,20.294],[82.4116,20.3268],[82.4115,20.3454],[82.4219,20.428],[82.4175,20.4625],[82.3964,20.4533],[82.3869,20.4662],[82.3764,20.5065],[82.359,20.4998],[82.3436,20.5294],[82.3402,20.5563],[82.3667,20.6571],[82.367,20.6823],[82.3442,20.7479],[82.342,20.8608],[82.353,20.8805],[82.3649,20.8823],[82.3949,20.8752],[82.4066,20.8653],[82.4051,20.8441],[82.4227,20.8346],[82.4535,20.8469],[82.4729,20.8671],[82.4986,20.9073],[82.5146,20.9237],[82.5482,20.9394],[82.5621,20.9545],[82.6069,21.0241],[82.6272,21.0809],[82.6441,21.1043],[82.6427,21.1404],[82.6682,21.1555],[82.7526,21.1601],[82.7822,21.1449],[82.8223,21.1579],[82.8616,21.1619],[82.9646,21.1785],[82.9891,21.1687],[83.0089,21.1509],[83.0392,21.1415],[83.0626,21.1207],[83.0782,21.1146],[83.1291,21.1179],[83.1563,21.126],[83.1862,21.1535],[83.1983,21.1726],[83.2272,21.2496],[83.2571,21.2903],[83.2571,21.3239],[83.2794,21.3588],[83.3011,21.3587],[83.361,21.3368],[83.3797,21.3392],[83.3883,21.3578],[83.3812,21.3995],[83.3413,21.4362],[83.3273,21.4637],[83.3277,21.4992],[83.3433,21.56],[83.3519,21.5773],[83.444,21.7186],[83.4589,21.748],[83.4639,21.7905],[83.4732,21.8072],[83.5156,21.7997],[83.5197,21.8265],[83.5279,21.8335],[83.5571,21.8349],[83.5649,21.8536],[83.5596,21.8751],[83.5701,21.9076],[83.5706,21.9231],[83.5301,21.9495],[83.5153,21.9639],[83.5131,21.9828],[83.518,22.0203],[83.5288,22.0352],[83.5649,22.0521],[83.57,22.0742],[83.5463,22.1016],[83.557,22.1294],[83.6054,22.196],[83.6237,22.2133],[83.6642,22.235],[83.7216,22.2551],[83.7331,22.2623],[83.8167,22.3325],[83.8414,22.3486],[83.877,22.3592],[83.9184,22.3628],[83.9458,22.3712],[83.9844,22.4103],[83.9965,22.4405],[83.9906,22.4833],[83.9681,22.5226],[83.9702,22.5393],[83.9826,22.5741],[83.9962,22.5927],[84.0264,22.6092],[84.0436,22.6287],[84.0619,22.641],[84.1033,22.6412],[84.119,22.6481],[84.1391,22.667],[84.191,22.7009],[84.2025,22.716],[84.2187,22.7666],[84.2283,22.7831],[84.2605,22.7994],[84.2852,22.8234],[84.3245,22.8497],[84.3522,22.8856],[84.351,22.9084],[84.3366,22.9386],[84.331,22.9703],[84.3184,22.9854],[84.2917,22.9972],[84.2528,23.0003],[84.2358,22.994],[84.1937,23.0032],[84.1602,23.0231],[84.1476,23.0211],[84.1496,23.0002],[84.1321,22.9908],[84.115,22.9989],[84.1021,23.0327],[84.0976,23.0609],[84.0891,23.0848],[84.0448,23.1233],[84.0289,23.1461],[84.02,23.1871],[84.0315,23.2301],[84.0386,23.3094],[84.0283,23.3584],[84.0154,23.3826],[83.9918,23.3865],[83.9671,23.3626],[83.9564,23.3587],[83.9469,23.37],[83.9451,23.4052],[83.9516,23.432],[83.9522,23.4749],[83.9619,23.4901],[83.9928,23.5205],[84.0145,23.554],[84.0149,23.5671],[83.9975,23.5989],[83.9912,23.6318],[83.9763,23.6436],[83.9626,23.6414],[83.9237,23.6235],[83.9181,23.598],[83.9228,23.576],[83.9064,23.5647],[83.8446,23.5887],[83.8194,23.5901],[83.7809,23.5865],[83.7615,23.5965],[83.7433,23.6225],[83.7208,23.6762],[83.7221,23.7007],[83.7353,23.7383],[83.7298,23.7613],[83.7118,23.801],[83.6966,23.8187],[83.5568,23.9358],[83.5404,23.9567],[83.5269,23.9845],[83.5226,24.0126],[83.5218,24.0659],[83.5107,24.0829],[83.4423,24.1218],[83.3906,24.1248],[83.3371,24.1402]]]},"properties":{"name":"Chhattisgarh","name_en":"Chhattisgarh","name_ja":"チャッティースガル州","name_zh":"恰蒂斯加尔邦","name_ko":"차티스가르","adm0_a3":"IND","postal":"CT","iso_3166_2":"IN-CT","type_en":"State","region":"Central","geonunit":"India"}},
{"type":"Feature","geometry":{"type":"Polygon","coordinates":[[[77.5851,30.3829],[77.5385,30.4038],[77.5133,30.4249],[77.4614,30.4173],[77.4334,30.4255],[77.4497,30.4415],[77.4447,30.4543],[77.4122,30.4356],[77.3805,30.4293],[77.3591,30.4498],[77.3034,30.4603],[77.241,30.4893],[77.2081,30.477],[77.2013,30.5002],[77.1478,30.5387],[77.1301,30.5687],[77.1453,30.5959],[77.1503,30.664],[77.141,30.693],[77.1151,30.7221],[77.0433,30.7605],[77.0015,30.7773],[76.9946,30.802],[76.964,30.8159],[76.9489,30.8295],[76.9339,30.8704],[76.9057,30.8993],[76.8897,30.9017],[76.847,30.8987],[76.829,30.9119],[76.8205,30.9294],[76.7963,30.9303],[76.7682,30.9076],[76.7855,30.8852],[76.7969,30.862],[76.8328,30.8423],[76.8347,30.8225],[76.8146,30.7891],[76.8133,30.7703],[76.8266,30.7353],[76.8188,30.7032],[76.8273,30.6807],[76.8513,30.6816],[76.8607,30.6452],[76.8866,30.6338],[76.9015,30.5988],[76.8931,30.5438],[76.9104,30.5142],[76.896,30.4866],[76.8971,30.4421],[76.9063,30.4056],[76.9049,30.3841],[76.891,30.3612],[76.8692,30.3624],[76.86,30.3768],[76.8453,30.4175],[76.8295,30.4271],[76.7865,30.4229],[76.7529,30.4305],[76.7276,30.4201],[76.7214,30.4106],[76.719,30.3734],[76.7402,30.3629],[76.7143,30.3371],[76.6499,30.2968],[76.6056,30.2744],[76.5646,30.2619],[76.5391,30.2451],[76.5331,30.2346],[76.5453,30.2178],[76.5611,30.2248],[76.5775,30.2437],[76.5908,30.2467],[76.6093,30.2176],[76.6374,30.2054],[76.6387,30.1821],[76.6301,30.1669],[76.6294,30.1476],[76.5898,30.124],[76.5314,30.084],[76.4971,30.0852],[76.462,30.097],[76.4487,30.1081],[76.4296,30.1404],[76.4193,30.1771],[76.3945,30.1846],[76.3862,30.1717],[76.3939,30.1545],[76.3793,30.1199],[76.3636,30.1184],[76.3389,30.1412],[76.3281,30.1388],[76.3299,30.1168],[76.3172,30.1066],[76.2667,30.1137],[76.2288,30.1387],[76.2139,30.1375],[76.2014,30.1256],[76.2172,30.1052],[76.2448,30.0964],[76.2527,30.0886],[76.2166,30.0752],[76.2231,30.0507],[76.2033,30.0217],[76.1781,29.9547],[76.1784,29.9359],[76.1881,29.9095],[76.2001,29.8954],[76.2263,29.8782],[76.2139,29.8587],[76.1841,29.8454],[76.1473,29.8233],[76.1258,29.8185],[76.0844,29.8021],[76.052,29.7644],[76.0318,29.7548],[76.004,29.7565],[75.9569,29.7386],[75.9399,29.7385],[75.9081,29.7482],[75.8867,29.7492],[75.8731,29.7641],[75.8519,29.805],[75.8298,29.8211],[75.786,29.831],[75.7275,29.8104],[75.7175,29.7943],[75.7177,29.778],[75.6986,29.769],[75.6632,29.7753],[75.6044,29.7647],[75.5754,29.7695],[75.5395,29.7875],[75.5112,29.7878],[75.4612,29.8079],[75.4458,29.8062],[75.4088,29.7614],[75.3848,29.7223],[75.3453,29.687],[75.3428,29.6628],[75.3116,29.6562],[75.2906,29.6215],[75.2899,29.6115],[75.3035,29.5892],[75.2953,29.5749],[75.268,29.5696],[75.2486,29.5598],[75.2346,29.5618],[75.2179,29.6147],[75.1943,29.6386],[75.1925,29.6633],[75.1721,29.6882],[75.2071,29.7076],[75.2048,29.7341],[75.2105,29.7474],[75.2382,29.7488],[75.2309,29.7658],[75.2036,29.8003],[75.1963,29.8276],[75.1879,29.8347],[75.1601,29.8243],[75.1477,29.7928],[75.1287,29.8107],[75.1052,29.8214],[75.0982,29.834],[75.1012,29.8507],[75.0932,29.8721],[75.1061,29.8929],[75.1056,29.9181],[75.0953,29.9278],[75.0818,29.9199],[75.0728,29.8911],[75.0195,29.8756],[74.9957,29.873],[74.9457,29.9056],[74.9328,29.9329],[74.9187,29.9484],[74.9035,29.9548],[74.8415,29.9656],[74.8234,29.985],[74.8062,29.9853],[74.7673,29.9747],[74.726,29.9727],[74.7107,29.9684],[74.6781,29.9484],[74.6507,29.9141],[74.6327,29.9148],[74.5778,29.9338],[74.5165,29.9472],[74.5143,29.9154],[74.5448,29.888],[74.547,29.8608],[74.5247,29.8408],[74.4857,29.8267],[74.4665,29.7989],[74.4594,29.7631],[74.468,29.7444],[74.5063,29.7368],[74.5407,29.7543],[74.5688,29.7579],[74.5919,29.769],[74.6048,29.755],[74.6027,29.7264],[74.5834,29.6743],[74.5748,29.5897],[74.5854,29.5612],[74.6119,29.5307],[74.6101,29.4878],[74.6021,29.4704],[74.5577,29.4675],[74.5426,29.4603],[74.5371,29.4414],[74.5664,29.3951],[74.5896,29.3668],[74.5989,29.3468],[74.6128,29.3328],[74.6314,29.3314],[74.6491,29.3635],[74.7094,29.3711],[74.7586,29.3643],[74.7768,29.3722],[74.7985,29.3916],[74.8214,29.4029],[74.8413,29.4025],[74.8568,29.394],[74.9072,29.3785],[74.931,29.3591],[74.9445,29.3219],[74.9696,29.2843],[74.9976,29.2802],[75.0177,29.2901],[75.0421,29.2857],[75.0649,29.2467],[75.0796,29.2363],[75.1066,29.2382],[75.13,29.2495],[75.1502,29.2526],[75.1742,29.2722],[75.19,29.2702],[75.2141,29.2537],[75.2497,29.2564],[75.2678,29.2644],[75.277,29.2822],[75.3138,29.2989],[75.3284,29.2962],[75.3238,29.2606],[75.3293,29.2398],[75.3434,29.235],[75.3643,29.252],[75.3811,29.2585],[75.3915,29.2527],[75.3945,29.2339],[75.4092,29.2075],[75.4082,29.1905],[75.3808,29.1805],[75.3763,29.1701],[75.3946,29.1308],[75.3929,29.106],[75.4521,29.0239],[75.515,28.9965],[75.5215,28.9778],[75.5162,28.9575],[75.4894,28.9394],[75.486,28.9268],[75.5072,28.8609],[75.5252,28.8345],[75.5264,28.8044],[75.55,28.7541],[75.58,28.6683],[75.5936,28.6427],[75.6493,28.5751],[75.6725,28.5552],[75.6986,28.5206],[75.7436,28.4876],[75.7633,28.4786],[75.7744,28.4631],[75.7687,28.4454],[75.7819,28.4283],[75.8182,28.4308],[75.8341,28.4194],[75.8871,28.4038],[75.9578,28.3435],[76.0262,28.2622],[76.0479,28.2214],[76.0708,28.1957],[76.0814,28.1746],[76.0739,28.1586],[76.0325,28.1878],[75.9947,28.151],[75.9619,28.1395],[75.9414,28.1177],[75.9486,28.1031],[75.9736,28.0865],[75.9855,28.0869],[76.015,28.1104],[76.03,28.1021],[76.0266,28.083],[75.9928,28.0507],[75.9829,28.0202],[75.9661,27.9998],[75.982,27.988],[75.9861,27.9706],[75.968,27.9546],[75.9357,27.9557],[75.9264,27.9376],[75.9315,27.9181],[75.9634,27.9006],[75.9733,27.8886],[75.9802,27.8561],[75.9999,27.8427],[76.0922,27.8543],[76.1203,27.8519],[76.1432,27.831],[76.1791,27.8077],[76.2091,27.8274],[76.215,27.8415],[76.1983,27.8902],[76.1801,27.9096],[76.1791,27.9576],[76.1578,28.0197],[76.1633,28.0579],[76.1699,28.07],[76.1868,28.0745],[76.2161,28.0682],[76.2472,28.0798],[76.2667,28.0775],[76.3047,28.0488],[76.3329,28.0518],[76.3465,28.0758],[76.3367,28.0935],[76.3128,28.1032],[76.3044,28.1176],[76.334,28.1288],[76.3407,28.1397],[76.314,28.1599],[76.2995,28.1764],[76.2973,28.1924],[76.3088,28.201],[76.3435,28.1841],[76.3533,28.1658],[76.368,28.1564],[76.4324,28.1682],[76.4535,28.1628],[76.4788,28.1289],[76.483,28.1174],[76.4416,28.1221],[76.4465,28.1041],[76.4697,28.0914],[76.4718,28.0797],[76.4527,28.0743],[76.4499,28.0593],[76.4868,28.0436],[76.5165,28.0421],[76.5258,28.0298],[76.5354,27.9932],[76.5531,27.9712],[76.5672,27.9764],[76.5905,28.001],[76.6147,28.0091],[76.658,28.017],[76.658,28.0291],[76.6424,28.0678],[76.6468,28.0855],[76.6935,28.1204],[76.7581,28.1597],[76.783,28.1867],[76.8039,28.2191],[76.8251,28.2309],[76.8566,28.229],[76.8869,28.194],[76.9253,28.1664],[76.9396,28.1463],[76.9406,28.123],[76.9235,28.0679],[76.9209,28.0335],[76.9374,27.9807],[76.9346,27.9491],[76.9429,27.9154],[76.9398,27.9005],[76.9436,27.8652],[76.9406,27.8521],[76.9154,27.8153],[76.9009,27.7441],[76.9009,27.7344],[76.9189,27.7117],[76.8901,27.6897],[76.9105,27.6704],[76.9406,27.6803],[76.973,27.6793],[76.9937,27.7169],[77.02,27.7362],[77.0717,27.7411],[77.0683,27.7607],[77.0379,27.7736],[77.0318,27.7918],[77.0408,27.8073],[77.0659,27.8101],[77.1172,27.7931],[77.1338,27.7942],[77.158,27.817],[77.1775,27.7992],[77.1881,27.7983],[77.1992,27.8162],[77.2116,27.8126],[77.2234,27.796],[77.238,27.7965],[77.2528,27.8141],[77.2807,27.8094],[77.3068,27.8321],[77.353,27.8538],[77.3902,27.8607],[77.4245,27.8908],[77.4592,27.885],[77.4799,27.898],[77.4888,27.92],[77.5082,27.9433],[77.5293,27.9525],[77.5265,27.9745],[77.5038,28.0202],[77.4681,28.0468],[77.4764,28.0715],[77.4697,28.1127],[77.5038,28.0929],[77.4958,28.126],[77.4949,28.1518],[77.5072,28.1702],[77.5387,28.181],[77.5286,28.1929],[77.5016,28.1967],[77.497,28.2089],[77.5207,28.2172],[77.5283,28.2378],[77.5387,28.2431],[77.5289,28.2535],[77.4908,28.2635],[77.4879,28.299],[77.4665,28.3152],[77.4721,28.3404],[77.497,28.3933],[77.4682,28.3967],[77.4658,28.4343],[77.4282,28.4307],[77.4155,28.465],[77.4076,28.469],[77.3772,28.4553],[77.3769,28.4841],[77.3435,28.4983],[77.3274,28.5197],[77.2697,28.5103],[77.2413,28.4975],[77.2227,28.4774],[77.2405,28.4526],[77.2252,28.4376],[77.1936,28.4326],[77.1524,28.446],[77.1005,28.4756],[77.0894,28.4897],[77.0709,28.5286],[77.0034,28.5589],[76.9912,28.558],[76.985,28.5377],[76.9627,28.532],[76.9073,28.5281],[76.8727,28.5194],[76.8634,28.5449],[76.835,28.5712],[76.8369,28.5872],[76.8578,28.6055],[76.8723,28.6282],[76.9104,28.6368],[76.9223,28.6709],[76.9473,28.6962],[76.9364,28.7251],[76.934,28.7919],[76.9365,28.8147],[76.9544,28.8355],[77.0036,28.8544],[77.0362,28.8533],[77.068,28.8821],[77.077,28.882],[77.1552,28.8616],[77.2008,28.8768],[77.2199,28.906],[77.2097,28.9351],[77.1755,28.9631],[77.1776,28.9806],[77.1957,28.9976],[77.1694,29.0365],[77.1482,29.0996],[77.1339,29.1164],[77.1414,29.1303],[77.1307,29.2806],[77.1501,29.3133],[77.1339,29.3426],[77.1339,29.3802],[77.1498,29.4034],[77.1482,29.4149],[77.1306,29.4264],[77.0656,29.4248],[77.0727,29.4401],[77.1203,29.4838],[77.1052,29.4954],[77.0775,29.4922],[77.0687,29.503],[77.0724,29.5279],[77.0582,29.5555],[77.0647,29.5695],[77.0933,29.5811],[77.0998,29.589],[77.0859,29.624],[77.0936,29.6409],[77.0878,29.6585],[77.1139,29.6822],[77.1066,29.7023],[77.1281,29.7142],[77.1414,29.7333],[77.1323,29.7558],[77.1405,29.7697],[77.1618,29.7712],[77.1804,29.8043],[77.2097,29.9288],[77.2299,29.9766],[77.2773,30.0176],[77.2847,30.0381],[77.3179,30.0404],[77.3233,30.0644],[77.339,30.0697],[77.3701,30.0964],[77.4033,30.1128],[77.4057,30.1416],[77.4443,30.1737],[77.5094,30.2324],[77.5514,30.2614],[77.5701,30.2782],[77.5851,30.3252],[77.588,30.3704],[77.5851,30.3829]]]},"properties":{"name":"Haryana","name_en":"Haryana","name_ja":"ハリヤーナー州","name_zh":"哈里亚纳邦","name_ko":"하리아나","adm0_a3":"IND","postal":"HR","iso_3166_2":"IN-HR","type_en":"State","region":"Central","geonunit":"India"}},
{"type":"Feature","geometry":{"type":"Polygon","coordinates":[[[77.5512,18.3079],[77.5833,18.2915],[77.5821,18.2742],[77.5709,18.2496],[77.5698,18.2237],[77.5907,18.1755],[77.601,18.1251],[77.5999,18.1148],[77.5725,18.104],[77.5577,18.0862],[77.5629,18.0708],[77.5948,18.0446],[77.6112,18.0172],[77.6213,17.9868],[77.6267,17.9422],[77.6198,17.9257],[77.5592,17.8699],[77.5235,17.8521],[77.5079,17.8347],[77.5003,17.8123],[77.5309,17.7776],[77.5337,17.7632],[77.5254,17.7463],[77.4809,17.7265],[77.4636,17.7134],[77.4524,17.6893],[77.4239,17.6527],[77.4115,17.6308],[77.423,17.6125],[77.4567,17.5991],[77.4929,17.5776],[77.5359,17.5737],[77.5826,17.5788],[77.5888,17.5542],[77.5991,17.5468],[77.6202,17.5528],[77.655,17.5721],[77.6743,17.5771],[77.6858,17.5672],[77.682,17.555],[77.6532,17.5001],[77.5993,17.4869],[77.581,17.4719],[77.5783,17.4555],[77.561,17.4385],[77.5362,17.4354],[77.5162,17.4195],[77.4964,17.3746],[77.3744,17.2226],[77.3653,17.1941],[77.3704,17.1692],[77.3873,17.1578],[77.4156,17.1492],[77.4286,17.136],[77.4335,17.0968],[77.4652,17.0426],[77.4641,17.0115],[77.4421,16.9747],[77.4334,16.9348],[77.4344,16.8128],[77.4316,16.7996],[77.4148,16.7796],[77.4096,16.7378],[77.4109,16.7206],[77.4441,16.696],[77.4413,16.6841],[77.417,16.6635],[77.4136,16.6469],[77.4388,16.6506],[77.4463,16.6408],[77.432,16.5936],[77.418,16.5798],[77.397,16.5717],[77.3839,16.5562],[77.3831,16.5428],[77.3709,16.5243],[77.345,16.5103],[77.3116,16.4855],[77.2736,16.4651],[77.2574,16.4494],[77.2937,16.4065],[77.394,16.3811],[77.4106,16.3794],[77.4731,16.3811],[77.4933,16.3782],[77.5332,16.361],[77.5526,16.3322],[77.5518,16.3177],[77.54,16.2995],[77.5013,16.2755],[77.4908,16.2616],[77.4902,16.2228],[77.4803,16.1838],[77.479,16.1644],[77.4851,16.1108],[77.4809,16.0459],[77.4837,16.0021],[77.474,15.9835],[77.4465,15.953],[77.4922,15.9383],[77.5632,15.9323],[77.5825,15.928],[77.6412,15.9007],[77.686,15.8939],[77.749,15.8976],[77.7949,15.8893],[77.8499,15.8939],[77.8648,15.8998],[77.888,15.9191],[77.9148,15.9081],[77.9501,15.8998],[78.0875,15.833],[78.1004,15.8297],[78.124,15.8499],[78.1319,15.8762],[78.1536,15.8972],[78.1851,15.9087],[78.2131,15.9277],[78.2353,15.9505],[78.2369,15.9696],[78.2542,15.9918],[78.256,16.0057],[78.2444,16.0385],[78.2998,16.0228],[78.3163,16.0279],[78.3416,16.0594],[78.3535,16.0527],[78.3788,16.0759],[78.4,16.0834],[78.4643,16.0858],[78.4998,16.0938],[78.5196,16.0869],[78.5396,16.0655],[78.5597,16.0567],[78.5816,16.0562],[78.6292,16.0711],[78.6565,16.0676],[78.6842,16.0463],[78.7341,16.0303],[78.7609,16.0277],[78.7911,16.0345],[78.819,16.0484],[78.8394,16.0667],[78.8458,16.0855],[78.8391,16.1248],[78.8412,16.1429],[78.8534,16.1522],[78.8748,16.1403],[78.8894,16.139],[78.9058,16.1507],[78.9229,16.1898],[78.9972,16.2303],[79.0217,16.2471],[79.0429,16.2457],[79.0916,16.2288],[79.1363,16.2279],[79.1606,16.2193],[79.1841,16.221],[79.2014,16.2286],[79.2148,16.2445],[79.2266,16.2895],[79.2334,16.3305],[79.2083,16.3887],[79.2199,16.4733],[79.2135,16.4932],[79.2334,16.5236],[79.2478,16.554],[79.2656,16.5696],[79.338,16.5852],[79.4063,16.5872],[79.4177,16.5902],[79.441,16.6096],[79.4771,16.6318],[79.5043,16.6419],[79.5425,16.6282],[79.5702,16.6449],[79.585,16.6485],[79.5918,16.6668],[79.6057,16.6717],[79.6347,16.6691],[79.6681,16.6865],[79.7209,16.689],[79.7305,16.6938],[79.752,16.7237],[79.7717,16.7271],[79.7942,16.7218],[79.8126,16.7115],[79.8263,16.6921],[79.8615,16.7066],[79.8823,16.7032],[79.8891,16.691],[79.9097,16.6313],[79.9146,16.6284],[79.9581,16.6304],[79.9717,16.6549],[80.0258,16.7132],[80.043,16.7386],[80.053,16.7852],[80.0733,16.8229],[80.0237,16.8535],[80.0024,16.871],[80.0127,16.9021],[80.0406,16.9362],[80.0776,16.9726],[80.1108,16.9978],[80.1531,17.0231],[80.1916,17.0319],[80.2205,17.0333],[80.2541,17.0236],[80.2806,16.9974],[80.3012,16.9413],[80.3291,16.8898],[80.351,16.8621],[80.3931,16.8385],[80.4481,16.8228],[80.5061,16.7925],[80.5606,16.7836],[80.5979,16.7933],[80.5965,16.8137],[80.5698,16.838],[80.5656,16.8616],[80.5952,16.907],[80.5862,16.9339],[80.5594,16.949],[80.5258,16.9523],[80.4743,16.9366],[80.4358,16.951],[80.3843,16.976],[80.3774,16.9931],[80.3864,17.0193],[80.3843,17.062],[80.3974,17.0791],[80.442,17.0325],[80.4674,17.0357],[80.4942,17.0594],[80.5018,17.108],[80.5417,17.1275],[80.5909,17.1398],[80.6416,17.1169],[80.6697,17.0799],[80.7227,17.0658],[80.8295,17.046],[80.8558,17.0531],[80.8779,17.0821],[80.8816,17.1209],[80.8931,17.1556],[80.9308,17.1925],[80.9905,17.2182],[81.0591,17.2225],[81.1442,17.2495],[81.189,17.2994],[81.2143,17.3236],[81.2904,17.345],[81.4083,17.3706],[81.4695,17.4205],[81.5292,17.5884],[81.5352,17.6377],[81.5739,17.7045],[81.6286,17.7634],[81.7085,17.7996],[81.7758,17.8332],[81.7866,17.8631],[81.7786,17.8944],[81.759,17.9089],[81.7394,17.8976],[81.7044,17.861],[81.6905,17.8551],[81.6558,17.8509],[81.6403,17.8423],[81.6061,17.8114],[81.5784,17.797],[81.5578,17.8034],[81.5243,17.8235],[81.5028,17.8242],[81.4919,17.8006],[81.4798,17.7875],[81.394,17.8067],[81.3194,17.8089],[81.2747,17.8038],[81.2452,17.8037],[81.203,17.8166],[81.1674,17.8362],[81.1477,17.8366],[81.1087,17.8118],[81.0829,17.7999],[81.0449,17.7761],[81.0154,17.7852],[80.9999,17.807],[80.9856,17.8405],[80.979,17.9639],[80.974,17.9802],[80.9552,18.0128],[80.9416,18.0482],[80.9375,18.0863],[80.9419,18.1026],[80.9614,18.1398],[80.9515,18.1531],[80.9345,18.1553],[80.8849,18.1369],[80.8642,18.1435],[80.857,18.1556],[80.8524,18.1964],[80.8365,18.2142],[80.8203,18.2129],[80.8092,18.1829],[80.7994,18.1687],[80.7534,18.1642],[80.7351,18.1737],[80.7298,18.1872],[80.7321,18.2073],[80.7448,18.2196],[80.7723,18.2327],[80.7701,18.259],[80.7453,18.2971],[80.7205,18.3516],[80.7119,18.3821],[80.6962,18.4123],[80.6652,18.45],[80.5834,18.5414],[80.5518,18.5669],[80.53,18.577],[80.5026,18.6],[80.4644,18.6067],[80.4091,18.5889],[80.3943,18.5931],[80.3835,18.6124],[80.3721,18.6156],[80.352,18.5923],[80.3445,18.6107],[80.3199,18.6422],[80.3137,18.6832],[80.3031,18.7051],[80.2827,18.7167],[80.2704,18.7137],[80.2417,18.6975],[80.1697,18.69],[80.0905,18.6975],[80.0667,18.731],[80.0019,18.7856],[79.968,18.7965],[79.9169,18.8266],[79.9603,18.8671],[79.9642,18.8855],[79.9649,18.9354],[79.9545,18.9684],[79.9418,19.0381],[79.9336,19.0531],[79.8821,19.0419],[79.8647,19.0484],[79.8618,19.0811],[79.8727,19.1103],[79.8937,19.1374],[79.9193,19.1584],[79.9438,19.1692],[79.9306,19.2119],[79.9334,19.2742],[79.9499,19.2888],[79.9565,19.3134],[79.9559,19.3333],[79.9655,19.4019],[79.9574,19.4452],[79.9311,19.4825],[79.9185,19.4907],[79.8649,19.509],[79.8419,19.5467],[79.8119,19.5742],[79.7958,19.5941],[79.7354,19.6034],[79.7086,19.5914],[79.6361,19.5698],[79.6089,19.5531],[79.6071,19.5319],[79.59,19.5105],[79.5625,19.5141],[79.5389,19.5338],[79.5008,19.5372],[79.4204,19.5364],[79.3895,19.544],[79.3636,19.5741],[79.3489,19.5801],[79.266,19.5896],[79.2543,19.5775],[79.2439,19.554],[79.2433,19.5311],[79.2321,19.5252],[79.2161,19.5043],[79.2183,19.4744],[79.1977,19.4619],[79.1705,19.4771],[79.1507,19.5],[79.1199,19.5117],[79.0971,19.5311],[79.0684,19.536],[79.0589,19.5471],[79.0243,19.5415],[79.0113,19.557],[78.9808,19.5642],[78.9773,19.581],[78.9643,19.5896],[78.9349,19.5982],[78.9148,19.6283],[78.8807,19.6404],[78.8725,19.6501],[78.8475,19.7245],[78.8399,19.737],[78.8056,19.7638],[78.78,19.7767],[78.7117,19.7743],[78.6786,19.7927],[78.6166,19.8152],[78.6025,19.8178],[78.5699,19.8135],[78.5337,19.8247],[78.5022,19.8161],[78.492,19.8023],[78.4777,19.7991],[78.4149,19.8223],[78.4035,19.8325],[78.3833,19.8662],[78.3696,19.8752],[78.3292,19.8913],[78.3218,19.8633],[78.3295,19.8386],[78.3632,19.7604],[78.371,19.7508],[78.3994,19.7361],[78.4034,19.7193],[78.3973,19.6998],[78.3836,19.6845],[78.3515,19.6668],[78.3334,19.6433],[78.3283,19.6217],[78.3106,19.5892],[78.3033,19.5513],[78.3064,19.5017],[78.3026,19.4828],[78.2811,19.4667],[78.2401,19.4602],[78.2221,19.4509],[78.2048,19.4282],[78.1918,19.3988],[78.1744,19.3747],[78.1722,19.3571],[78.1816,19.3101],[78.1801,19.279],[78.1679,19.2641],[78.1292,19.263],[78.0939,19.2698],[78.0639,19.2641],[78.037,19.2707],[78.0147,19.2887],[77.9924,19.3227],[77.9631,19.3226],[77.92,19.3317],[77.9031,19.3278],[77.8695,19.3033],[77.8651,19.293],[77.8913,19.2794],[77.89,19.2714],[77.855,19.2284],[77.8356,19.1708],[77.8319,19.1493],[77.8336,19.1214],[77.8176,19.1133],[77.7681,19.065],[77.752,19.0459],[77.7644,18.9935],[77.77,18.9861],[77.8003,18.984],[77.8073,18.9558],[77.8339,18.9508],[77.8414,18.9383],[77.8424,18.9092],[77.8548,18.897],[77.8971,18.868],[77.9108,18.8531],[77.9121,18.8354],[77.8738,18.8266],[77.8393,18.8096],[77.8197,18.78],[77.7891,18.7151],[77.7811,18.7038],[77.7466,18.705],[77.7254,18.7002],[77.7124,18.6895],[77.7034,18.6691],[77.7098,18.6227],[77.6966,18.5842],[77.6799,18.57],[77.6604,18.5654],[77.6193,18.5626],[77.5923,18.5481],[77.5808,18.5292],[77.5548,18.5003],[77.5595,18.4878],[77.5498,18.4649],[77.5481,18.4428],[77.5378,18.4172],[77.5085,18.3949],[77.5026,18.3816],[77.5478,18.352],[77.5583,18.3369],[77.5512,18.3079]]]},"properties":{"name":"Telangana","name_en":"Telangana","name_ja":"テランガナ","name_zh":"特伦甘纳邦","name_ko":"텔랑가나","adm0_a3":"IND","postal":"TG","iso_3166_2":"IN-TG","type_en":"State","region":"South","geonunit":"India"}}
]}