{"type":"FeatureCollection", "features": [
{"type":"Feature","geometry":{"type":"MultiPolygon","coordinates":[[[[117.7036,4.1634],[117.7394,4.1323],[117.7627,4.1007],[117.8191,4.0687],[117.8386,4.0402],[117.8726,4.0316],[117.9014,4.0367],[117.9348,4.0599],[117.9182,4.1],[117.907,4.1567],[117.7381,4.1572],[117.7036,4.1634]]],[[[116.5729,-2.363],[116.6033,-2.2242],[116.6055,-2.1936],[116.5833,-2.1877],[116.5427,-2.2092],[116.5309,-2.1694],[116.5007,-2.1697],[116.437,-2.1983],[116.4107,-2.2038],[116.3928,-2.1911],[116.3862,-2.1523],[116.3709,-2.1379],[116.3372,-2.1461],[116.2894,-2.1694],[116.292,-2.151],[116.3122,-2.129],[116.3589,-2.0937],[116.4269,-2.0763],[116.4579,-2.0424],[116.4631,-2.02],[116.4505,-1.9575],[116.4666,-1.9075],[116.4518,-1.884],[116.4136,-1.8473],[116.4483,-1.7961],[116.4417,-1.7761],[116.4248,-1.7664],[116.3796,-1.7653],[116.3726,-1.779],[116.3574,-1.7722],[116.3211,-1.7828],[116.3079,-1.8009],[116.2859,-1.8071],[116.2429,-1.8058],[116.2224,-1.7896],[116.2319,-1.7771],[116.2634,-1.7619],[116.272,-1.7493],[116.3249,-1.7039],[116.3908,-1.6845],[116.4299,-1.6594],[116.5178,-1.6344],[116.5575,-1.6062],[116.5612,-1.5637],[116.5371,-1.5256],[116.5392,-1.4812],[116.5676,-1.4465],[116.6097,-1.4206],[116.719,-1.3772],[116.7624,-1.3653],[116.7674,-1.3443],[116.763,-1.2985],[116.7909,-1.2439],[116.7774,-1.234],[116.7361,-1.221],[116.7576,-1.1884],[116.7494,-1.1689],[116.7153,-1.1248],[116.7204,-1.071],[116.7289,-1.044],[116.7432,-1.0248],[116.7568,-1.0237],[116.7433,-1.0854],[116.7463,-1.1105],[116.7874,-1.1589],[116.7971,-1.2172],[116.8114,-1.1926],[116.8307,-1.195],[116.8176,-1.2204],[116.8198,-1.2614],[116.8518,-1.2644],[116.9577,-1.2399],[117.0078,-1.2164],[117.0237,-1.2029],[117.0392,-1.1378],[117.0652,-1.1218],[117.1639,-0.9817],[117.1951,-0.9492],[117.2351,-0.9245],[117.2503,-0.9093],[117.2674,-0.8283],[117.2815,-0.8092],[117.3011,-0.816],[117.3322,-0.8502],[117.3308,-0.8777],[117.339,-0.9013],[117.3638,-0.8785],[117.3792,-0.8393],[117.4129,-0.8749],[117.4465,-0.877],[117.4483,-0.8429],[117.4582,-0.8205],[117.4935,-0.8278],[117.4891,-0.7989],[117.5376,-0.8126],[117.565,-0.7914],[117.615,-0.7861],[117.6268,-0.756],[117.6136,-0.7341],[117.575,-0.7273],[117.4885,-0.7065],[117.4859,-0.6928],[117.5393,-0.6945],[117.5513,-0.6896],[117.5399,-0.6745],[117.5718,-0.6481],[117.5759,-0.63],[117.5303,-0.6139],[117.543,-0.6007],[117.5785,-0.5969],[117.5935,-0.5746],[117.599,-0.5214],[117.5895,-0.511],[117.5545,-0.5027],[117.5581,-0.4904],[117.6055,-0.4762],[117.6388,-0.4365],[117.6301,-0.4187],[117.596,-0.4226],[117.4749,-0.509],[117.4414,-0.5252],[117.4624,-0.4799],[117.4665,-0.4573],[117.4575,-0.427],[117.4891,-0.3874],[117.4954,-0.3338],[117.4746,-0.3303],[117.4578,-0.3082],[117.4339,-0.2638],[117.4351,-0.2397],[117.4564,-0.2055],[117.4653,-0.1445],[117.4849,-0.0922],[117.5073,-0.0696],[117.5303,-0.0323],[117.5234,0.0031],[117.509,0.026],[117.4891,0.0372],[117.4971,0.051],[117.4756,0.0576],[117.47,0.1088],[117.4837,0.1248],[117.5173,0.1402],[117.4824,0.1538],[117.491,0.1899],[117.5139,0.2119],[117.5265,0.2422],[117.5144,0.2803],[117.5173,0.291],[117.5537,0.3495],[117.5695,0.3891],[117.5855,0.4071],[117.6193,0.4239],[117.6262,0.444],[117.6128,0.4791],[117.6204,0.502],[117.6748,0.5648],[117.6958,0.6171],[117.7191,0.6368],[117.7249,0.6527],[117.7295,0.7156],[117.7432,0.7405],[117.7883,0.7923],[117.8113,0.8118],[117.8504,0.8243],[117.8843,0.8254],[117.9141,0.8397],[117.9554,0.8254],[117.9733,0.7985],[117.9939,0.7885],[118.033,0.8002],[118.0363,0.8207],[118.0304,0.859],[118.0169,0.8862],[118.0032,0.8937],[117.9846,0.9262],[117.9753,0.9831],[117.9014,1.0786],[117.8939,1.1135],[117.924,1.125],[117.9368,1.1081],[117.9895,1.0786],[118.0055,1.051],[118.0285,0.9845],[118.0447,0.9551],[118.0692,0.9288],[118.0967,0.9086],[118.1291,0.893],[118.1878,0.8752],[118.3169,0.8588],[118.3328,0.8527],[118.3672,0.8104],[118.384,0.8049],[118.4284,0.84],[118.4735,0.8383],[118.5653,0.804],[118.6394,0.8405],[118.686,0.8461],[118.7632,0.809],[118.7982,0.8049],[118.841,0.8299],[118.8513,0.8569],[118.865,0.8688],[118.94,0.9021],[118.9566,0.9127],[118.9706,0.9357],[119.0029,0.9625],[119.0112,0.9882],[118.9976,1.0036],[119.0055,1.0376],[118.9852,1.0576],[118.9339,1.0761],[118.9065,1.0754],[118.8877,1.0582],[118.8569,1.0582],[118.8262,1.1197],[118.7979,1.15],[118.7642,1.164],[118.7847,1.1817],[118.7764,1.202],[118.7293,1.2539],[118.6751,1.2804],[118.6133,1.3512],[118.5823,1.3673],[118.5239,1.3742],[118.4762,1.402],[118.4563,1.3946],[118.4489,1.4355],[118.4147,1.4409],[118.3997,1.4544],[118.4251,1.4857],[118.3942,1.497],[118.3528,1.5336],[118.3113,1.542],[118.2713,1.5627],[118.1853,1.6318],[118.1267,1.6547],[118.0479,1.7436],[118.0462,1.7831],[118.0106,1.7844],[117.9653,1.8084],[117.9241,1.8192],[117.8939,1.8738],[117.8626,1.8859],[117.8567,1.9094],[117.8722,1.9247],[117.8734,1.9905],[117.8556,1.9834],[117.8189,2.0172],[117.7647,2.025],[117.7407,2.045],[117.7915,2.0383],[117.8599,2.0383],[117.9004,2.05],[117.8821,2.0681],[117.8442,2.0882],[117.8262,2.1065],[117.8828,2.0954],[117.9147,2.0935],[117.9151,2.1065],[117.9352,2.1242],[117.9413,2.1632],[117.9554,2.1823],[117.9756,2.1921],[118.0447,2.2089],[118.0915,2.262],[118.0994,2.2778],[118.0959,2.3041],[118.0822,2.3375],[118.0635,2.3669],[118.0447,2.3815],[118.0371,2.364],[118.0241,2.382],[118.0068,2.4255],[117.979,2.4665],[117.8817,2.5514],[117.867,2.5727],[117.8262,2.6074],[117.8008,2.6572],[117.7962,2.7232],[117.784,2.7582],[117.7522,2.7846],[117.6735,2.7993],[117.6333,2.8122],[117.6196,2.8255],[117.6271,2.837],[117.6813,2.8733],[117.7251,2.8865],[117.7363,2.9016],[117.6401,2.9085],[117.5438,2.9289],[117.6128,2.9364],[117.688,2.9706],[117.6556,2.9974],[117.6016,2.9807],[117.565,2.9835],[117.6008,3.025],[117.6343,3.0524],[117.6172,3.0859],[117.6058,3.0934],[117.5637,3.1019],[117.52,3.0985],[117.4817,3.1013],[117.4551,3.1282],[117.4539,3.1712],[117.3899,3.1752],[117.3527,3.1828],[117.2815,3.2231],[117.27,3.2343],[117.2647,3.2618],[117.2816,3.2633],[117.3118,3.2517],[117.3447,3.2305],[117.3631,3.2549],[117.3696,3.3052],[117.3937,3.3262],[117.4144,3.3562],[117.4419,3.373],[117.4483,3.3985],[117.4465,3.4348],[117.3744,3.4486],[117.345,3.4465],[117.3255,3.436],[117.312,3.4611],[117.2907,3.477],[117.2531,3.4861],[117.2276,3.5052],[117.2,3.555],[117.2166,3.603],[117.1992,3.6163],[117.1693,3.621],[117.1143,3.6206],[117.054,3.6083],[117.0305,3.5944],[117.0557,3.6319],[117.0905,3.6458],[117.2195,3.6474],[117.3023,3.6332],[117.4309,3.6347],[117.4944,3.6083],[117.5098,3.6074],[117.5243,3.6254],[117.5234,3.6502],[117.492,3.7071],[117.4824,3.765],[117.4688,3.7923],[117.4992,3.7756],[117.5086,3.7359],[117.5466,3.664],[117.5877,3.6509],[117.6287,3.6321],[117.6506,3.6279],[117.7485,3.6369],[117.7611,3.6437],[117.7879,3.6787],[117.8262,3.7036],[117.8293,3.7216],[117.8179,3.73],[117.7772,3.7377],[117.7342,3.7521],[117.7022,3.7787],[117.7605,3.7724],[117.7829,3.779],[117.7772,3.7991],[117.7191,3.8606],[117.6817,3.8823],[117.6367,3.8729],[117.6233,3.8786],[117.5794,3.9145],[117.5234,3.9363],[117.5701,3.9332],[117.5907,3.9261],[117.6281,3.9004],[117.6727,3.8978],[117.6893,3.9215],[117.6615,3.9402],[117.6279,3.9471],[117.6138,3.9571],[117.5203,4.0493],[117.5104,4.0539],[117.479,4.0394],[117.4683,4.0435],[117.4756,4.0673],[117.4507,4.0881],[117.3958,4.0989],[117.404,4.1355],[117.3792,4.1492],[117.3731,4.1697],[117.5078,4.1235],[117.5283,4.1275],[117.5671,4.1597],[117.5422,4.1738],[117.4984,4.1726],[117.4365,4.1856],[117.4129,4.2001],[117.3566,4.2595],[117.2756,4.301],[117.2387,4.3269],[117.2172,4.3534],[117.1904,4.353],[117.1647,4.3331],[116.9806,4.3296],[116.9243,4.345],[116.883,4.3449],[116.8045,4.3301],[116.7661,4.3386],[116.7294,4.3645],[116.7117,4.3668],[116.68,4.3399],[116.6418,4.3339],[116.6155,4.3441],[116.5769,4.332],[116.5333,4.3954],[116.5222,4.3968],[116.4865,4.3488],[116.4941,4.3249],[116.4684,4.3123],[116.4464,4.3173],[116.4218,4.2918],[116.3911,4.2947],[116.3513,4.3579],[116.3375,4.3572],[116.3107,4.3834],[116.2851,4.3784],[116.2288,4.3561],[116.1258,4.3789],[116.1099,4.3451],[116.0812,4.3255],[116.0332,4.2777],[116.0206,4.2709],[115.9936,4.2889],[115.9834,4.3214],[115.941,4.3444],[115.8788,4.3521],[115.8649,4.3826],[115.8441,4.3892],[115.831,4.3761],[115.8212,4.3443],[115.8175,4.2813],[115.7794,4.2489],[115.7707,4.2256],[115.7569,4.2222],[115.7326,4.2394],[115.676,4.1842],[115.6469,4.1691],[115.6333,4.1286],[115.6221,4.0402],[115.6095,3.9969],[115.581,3.9469],[115.5388,3.9206],[115.5383,3.8978],[115.5886,3.8576],[115.5894,3.8245],[115.5505,3.7082],[115.5446,3.669],[115.5485,3.6053],[115.5733,3.545],[115.5727,3.5042],[115.6006,3.4412],[115.585,3.4168],[115.5572,3.4255],[115.5358,3.4036],[115.5176,3.3572],[115.4828,3.2065],[115.4835,3.189],[115.517,3.1573],[115.4822,3.111],[115.4722,3.0505],[115.4641,3.0308],[115.4068,3.0195],[115.3415,2.9911],[115.31,2.9859],[115.2814,2.9996],[115.2558,3.0375],[115.2421,3.0416],[115.208,2.9807],[115.1964,2.9676],[115.139,2.9285],[115.1096,2.892],[115.0991,2.8597],[115.0669,2.8282],[115.0981,2.7811],[115.1046,2.7615],[115.0936,2.737],[115.0632,2.7237],[115.0579,2.7015],[115.0719,2.6718],[115.0565,2.6086],[115.0825,2.5944],[115.115,2.6079],[115.1619,2.5904],[115.1924,2.5511],[115.2061,2.5099],[115.1927,2.4905],[115.1718,2.4833],[115.1265,2.4792],[115.105,2.4657],[115.0674,2.4231],[115.0348,2.4064],[114.973,2.3575],[114.9345,2.3607],[114.9222,2.3539],[114.9153,2.3321],[114.9196,2.2957],[114.9133,2.284],[114.8865,2.2752],[114.809,2.2647],[114.7788,2.2472],[114.7635,2.2081],[114.7521,2.1535],[114.753,2.1348],[114.768,2.1102],[114.7703,2.0582],[114.7806,2.0361],[114.8314,2.0448],[114.8453,2.025],[114.8425,1.9972],[114.8294,1.9598],[114.832,1.9025],[114.8191,1.8903],[114.7631,1.8687],[114.709,1.862],[114.6795,1.8407],[114.6714,1.821],[114.6801,1.7633],[114.669,1.694],[114.6503,1.6415],[114.6245,1.5988],[114.5745,1.5534],[114.5632,1.5364],[114.568,1.4694],[114.5456,1.435],[114.5222,1.4294],[114.5006,1.436],[114.4214,1.4922],[114.3982,1.5036],[114.3557,1.502],[114.2074,1.4394],[114.1914,1.3437],[114.1927,1.3143],[114.2084,1.2779],[114.2061,1.2406],[114.1921,1.2144],[114.1462,1.1776],[114.1118,1.1607],[114.018,1.0786],[113.9794,1.0585],[113.9488,1.0339],[113.8993,1.0115],[113.8645,0.9764],[113.8626,0.9023],[113.8834,0.8967],[113.9231,0.9057],[113.9417,0.8917],[113.9481,0.8622],[113.9271,0.8021],[113.9177,0.7364],[113.8506,0.6456],[113.8072,0.62],[113.7879,0.5919],[113.7764,0.5586],[113.8044,0.5683],[113.8698,0.5776],[113.9119,0.5959],[113.9699,0.6036],[113.9938,0.6151],[114.0171,0.638],[114.0363,0.647],[114.1366,0.6529],[114.1839,0.6505],[114.2117,0.64],[114.2368,0.6216],[114.2671,0.6098],[114.3775,0.5886],[114.6631,0.6213],[114.705,0.6542],[114.7354,0.6726],[114.7853,0.6898],[114.833,0.6982],[114.8664,0.7115],[114.8786,0.7333],[114.9471,0.7401],[114.9765,0.7352],[114.9908,0.7114],[115.0186,0.6953],[115.0572,0.6369],[115.0619,0.5934],[115.0769,0.5575],[115.076,0.533],[115.0579,0.5089],[115.0251,0.4795],[114.9679,0.3642],[114.9559,0.3287],[114.9531,0.2842],[114.9722,0.2259],[114.972,0.1856],[114.9781,0.1664],[115.0112,0.1085],[115.0192,0.0807],[115.0177,0.0577],[114.9854,-0.0172],[114.9704,-0.0682],[114.9673,-0.0975],[114.9781,-0.1196],[114.9755,-0.1548],[114.9863,-0.1789],[115.0026,-0.1777],[115.0375,-0.1425],[115.0858,-0.1175],[115.1078,-0.0867],[115.1874,0.0052],[115.2128,0.025],[115.2754,0.0314],[115.337,0.0171],[115.3474,0.0023],[115.337,-0.029],[115.3256,-0.0982],[115.3179,-0.1207],[115.291,-0.1677],[115.2772,-0.2201],[115.2742,-0.311],[115.2906,-0.3664],[115.2946,-0.4166],[115.312,-0.4733],[115.3299,-0.511],[115.3813,-0.582],[115.3906,-0.6152],[115.3913,-0.6552],[115.4152,-0.7739],[115.4532,-0.8281],[115.4588,-0.8434],[115.46,-0.886],[115.4671,-0.8973],[115.5178,-0.9378],[115.5401,-0.9496],[115.6287,-0.978],[115.6552,-0.9943],[115.6728,-1.0133],[115.6928,-1.0523],[115.7171,-1.0718],[115.7397,-1.1038],[115.7589,-1.1056],[115.8051,-1.0853],[115.8166,-1.207],[115.802,-1.2944],[115.7506,-1.3873],[115.7202,-1.4263],[115.6775,-1.4259],[115.6521,-1.4287],[115.6286,-1.4435],[115.6069,-1.4667],[115.5699,-1.5179],[115.6312,-1.525],[115.6506,-1.5446],[115.6568,-1.5936],[115.689,-1.6355],[115.6988,-1.6809],[115.7412,-1.7842],[115.7456,-1.9056],[115.7378,-1.9365],[115.7399,-1.9724],[115.7489,-2.0007],[115.7788,-2.0255],[115.8101,-2.0294],[115.8288,-2.0472],[115.819,-2.0897],[115.8119,-2.1621],[115.8141,-2.1836],[115.8399,-2.2554],[115.8509,-2.3201],[115.8607,-2.3433],[115.874,-2.3507],[115.9068,-2.3381],[115.9219,-2.3093],[115.9945,-2.271],[116.0427,-2.2882],[116.1281,-2.2932],[116.1573,-2.299],[116.3905,-2.3144],[116.4677,-2.3272],[116.5729,-2.363]]],[[[118.5996,2.2443],[118.5749,2.2942],[118.6327,2.2607],[118.6226,2.2861],[118.5785,2.3188],[118.5564,2.3122],[118.5569,2.286],[118.5785,2.2369],[118.6101,2.2023],[118.6321,2.1872],[118.6543,2.1897],[118.6239,2.2131],[118.5996,2.2443]]],[[[117.5036,3.3336],[117.4684,3.3453],[117.4334,3.3364],[117.4139,3.3048],[117.417,3.2887],[117.4339,3.279],[117.4722,3.2936],[117.5275,3.2908],[117.5278,3.3174],[117.5036,3.3336]]],[[[117.6253,3.4377],[117.5667,3.4384],[117.5415,3.4285],[117.5313,3.4031],[117.5347,3.3794],[117.5564,3.3319],[117.5718,3.3131],[117.6248,3.2833],[117.638,3.2487],[117.6484,3.246],[117.6673,3.2716],[117.6654,3.3293],[117.6773,3.3564],[117.6817,3.4155],[117.657,3.4335],[117.6253,3.4377]]],[[[117.8939,3.4975],[117.8766,3.5398],[117.8479,3.5754],[117.827,3.5881],[117.8037,3.5911],[117.7849,3.582],[117.7776,3.5584],[117.7855,3.5385],[117.8189,3.5116],[117.8262,3.4941],[117.8775,3.4599],[117.8913,3.4556],[117.8939,3.4975]]],[[[117.5173,3.477],[117.5062,3.5021],[117.4353,3.5246],[117.3937,3.5664],[117.308,3.5732],[117.2684,3.5929],[117.2445,3.5865],[117.2241,3.571],[117.2178,3.5478],[117.2297,3.5254],[117.2549,3.5071],[117.2876,3.4975],[117.3731,3.4975],[117.4558,3.4643],[117.4968,3.4556],[117.5173,3.477]]],[[[117.8462,3.7991],[117.8529,3.8124],[117.8291,3.8413],[117.7876,3.8667],[117.7668,3.874],[117.7295,3.8681],[117.784,3.8196],[117.8316,3.7981],[117.8462,3.7991]]],[[[117.6987,4.1113],[117.6611,4.1492],[117.6128,4.1082],[117.5945,4.0639],[117.6203,4.0153],[117.6653,3.9831],[117.7056,3.9875],[117.7411,4.0256],[117.7532,4.0518],[117.75,4.0803],[117.6987,4.1113]]]]},"properties":{"name":"Kalimantan Timur","name_en":"East Kalimantan","name_ja":"東カリマンタン州","name_zh":"东加里曼丹省","name_ko":"동칼리만탄","adm0_a3":"IDN","postal":"KI","iso_3166_2":"ID-KI","type_en":"Province","geonunit":"Indonesia"}},
{"type":"Feature","geometry":{"type":"MultiPolygon","coordinates":[[[[124.2575,-9.5012],[124.254,-9.4387],[124.2372,-9.4052],[124.1975,-9.3732],[124.1672,-9.3806],[124.1337,-9.4193],[124.1211,-9.4269],[124.0903,-9.4215],[124.0627,-9.3979],[124.03,-9.342],[123.9915,-9.3481],[123.9587,-9.3855],[123.8958,-9.4405],[123.863,-9.488],[123.8421,-9.488],[123.8215,-9.509],[123.7938,-9.517],[123.7564,-9.5671],[123.7117,-9.5916],[123.6888,-9.6114],[123.6716,-9.6502],[123.6699,-9.7405],[123.6638,-9.7617],[123.6465,-9.775],[123.6458,-9.7968],[123.6638,-9.8272],[123.6604,-9.8713],[123.6502,-9.8894],[123.5923,-9.9288],[123.5838,-9.944],[123.5762,-10.0139],[123.5881,-10.0504],[123.6056,-10.0543],[123.6384,-10.03],[123.6604,-10.023],[123.7058,-10.0307],[123.7458,-10.0504],[123.7647,-10.075],[123.7485,-10.0978],[123.6657,-10.1432],[123.6204,-10.153],[123.5979,-10.1667],[123.5471,-10.1868],[123.5154,-10.2131],[123.4925,-10.2452],[123.4934,-10.3019],[123.4686,-10.3562],[123.4816,-10.3661],[123.5154,-10.3355],[123.5365,-10.332],[123.5745,-10.3377],[123.6021,-10.3614],[123.6174,-10.3663],[123.6589,-10.3493],[123.7191,-10.3718],[123.7782,-10.3583],[123.7993,-10.3747],[123.8263,-10.3639],[123.9328,-10.2949],[124.0198,-10.281],[124.0339,-10.2761],[124.0574,-10.2389],[124.0874,-10.2257],[124.1077,-10.1843],[124.1224,-10.1725],[124.1648,-10.1806],[124.1968,-10.1738],[124.272,-10.1662],[124.3809,-10.1705],[124.4185,-10.1638],[124.452,-10.1464],[124.4994,-10.112],[124.5247,-10.0834],[124.5408,-10.0366],[124.5603,-10.0152],[124.6081,-9.9867],[124.6413,-9.9566],[124.6785,-9.9301],[124.7345,-9.8995],[124.7478,-9.8862],[124.7585,-9.8508],[124.8469,-9.7482],[124.8748,-9.7247],[124.9707,-9.6624],[124.9797,-9.649],[124.9866,-9.5773],[125.002,-9.5363],[125.0308,-9.5075],[125.0616,-9.4858],[125.0463,-9.4099],[125.0238,-9.3747],[125.0179,-9.339],[124.9728,-9.3047],[124.9602,-9.276],[124.9541,-9.2415],[124.9579,-9.2119],[124.9745,-9.1919],[125.0277,-9.1863],[125.0597,-9.2105],[125.0739,-9.2113],[125.107,-9.1885],[125.1425,-9.1891],[125.1539,-9.1758],[125.145,-9.1452],[125.162,-9.0823],[125.1624,-9.0606],[125.1394,-9.0248],[125.0868,-8.9862],[125.073,-8.9965],[125.0653,-9.0232],[125.0518,-9.035],[125.0044,-9.0556],[124.9789,-9.072],[124.9479,-9.0785],[124.9213,-9.0655],[124.9079,-9.0375],[124.9225,-8.9863],[124.9195,-8.962],[124.8699,-8.9944],[124.7888,-9.019],[124.7581,-9.0479],[124.6916,-9.0678],[124.668,-9.1131],[124.6043,-9.1563],[124.5632,-9.1708],[124.5178,-9.1778],[124.4505,-9.1802],[124.4515,-9.2006],[124.4279,-9.2995],[124.4017,-9.3318],[124.3479,-9.3746],[124.3454,-9.4042],[124.3288,-9.4398],[124.3323,-9.4666],[124.3101,-9.4887],[124.2575,-9.5012]]],[[[123.1463,-8.426],[123.1159,-8.4396],[123.0742,-8.4396],[123.0298,-8.4532],[122.9998,-8.4487],[122.9104,-8.5147],[122.883,-8.5829],[122.9026,-8.6046],[122.9308,-8.6041],[122.9553,-8.5856],[123.0066,-8.5079],[123.0379,-8.4919],[123.1218,-8.4863],[123.1636,-8.4737],[123.1799,-8.4444],[123.1698,-8.4313],[123.1463,-8.426]]],[[[120.7925,-9.9609],[120.7644,-9.9389],[120.6976,-9.9045],[120.6697,-9.8852],[120.6458,-9.8523],[120.6068,-9.7695],[120.5803,-9.735],[120.5086,-9.697],[120.4924,-9.6576],[120.4783,-9.641],[120.4363,-9.6313],[120.3648,-9.6453],[120.3469,-9.6705],[120.3303,-9.6694],[120.2712,-9.6425],[120.2534,-9.6139],[120.2439,-9.55],[120.2439,-9.509],[120.2068,-9.4762],[120.1831,-9.4669],[120.1483,-9.4797],[120.1294,-9.4781],[120.0942,-9.4612],[120.071,-9.441],[120.0117,-9.3576],[119.9707,-9.323],[119.9588,-9.2905],[119.946,-9.2883],[119.8213,-9.3786],[119.7995,-9.3837],[119.6804,-9.3708],[119.6624,-9.3479],[119.6292,-9.3419],[119.5708,-9.3541],[119.5286,-9.3749],[119.4568,-9.3576],[119.4076,-9.3665],[119.3845,-9.3781],[119.3054,-9.3644],[119.2678,-9.3644],[119.2402,-9.3781],[119.1687,-9.3855],[119.1235,-9.4094],[119.0789,-9.4156],[119.0247,-9.4377],[118.9792,-9.4763],[118.9419,-9.5256],[118.9354,-9.5534],[118.9416,-9.5705],[119.0072,-9.6281],[119.0374,-9.6759],[119.0969,-9.7175],[119.1367,-9.7241],[119.1771,-9.7414],[119.2197,-9.7462],[119.2848,-9.7411],[119.3108,-9.7581],[119.3469,-9.7555],[119.3856,-9.7829],[119.4061,-9.7901],[119.4225,-9.7621],[119.4773,-9.7486],[119.5401,-9.7659],[119.6131,-9.7753],[119.6345,-9.7691],[119.6345,-9.7896],[119.6741,-9.8002],[119.6851,-9.8128],[119.6971,-9.8526],[119.8114,-9.9172],[119.8508,-9.9201],[119.8807,-9.9335],[119.8963,-9.9553],[119.9087,-9.9472],[119.9315,-9.9736],[119.9573,-9.977],[119.9763,-9.9924],[120.0149,-10.0432],[120.0272,-10.0676],[120.0342,-10.1121],[120.0594,-10.1186],[120.0869,-10.1629],[120.1346,-10.1868],[120.1556,-10.221],[120.2205,-10.2394],[120.3916,-10.2631],[120.4094,-10.2696],[120.4323,-10.3001],[120.45,-10.3103],[120.4832,-10.301],[120.4915,-10.2659],[120.5007,-10.2568],[120.5661,-10.2278],[120.6305,-10.2359],[120.6506,-10.2236],[120.7112,-10.2067],[120.7852,-10.1248],[120.8267,-10.0912],[120.8399,-10.0514],[120.8316,-10.0144],[120.7925,-9.9609]]],[[[119.723,-8.6212],[119.7106,-8.6598],[119.6955,-8.6671],[119.6753,-8.6588],[119.6551,-8.6116],[119.6345,-8.5966],[119.6272,-8.6183],[119.6467,-8.6572],[119.6413,-8.6791],[119.657,-8.6955],[119.6268,-8.714],[119.6063,-8.7686],[119.6348,-8.7784],[119.6555,-8.7669],[119.6792,-8.7927],[119.6983,-8.8015],[119.723,-8.7618],[119.7234,-8.7418],[119.7051,-8.7241],[119.7092,-8.6935],[119.7505,-8.686],[119.7473,-8.6721],[119.7886,-8.6415],[119.7915,-8.6242],[119.7676,-8.6171],[119.723,-8.6212]]],[[[119.5593,-8.5182],[119.5747,-8.507],[119.5602,-8.488],[119.5288,-8.4793],[119.4803,-8.4867],[119.4688,-8.4792],[119.4568,-8.426],[119.4153,-8.4433],[119.427,-8.4881],[119.4185,-8.4948],[119.4224,-8.5265],[119.4151,-8.5532],[119.388,-8.5563],[119.3782,-8.574],[119.3811,-8.628],[119.4015,-8.6415],[119.4002,-8.675],[119.3772,-8.7224],[119.3811,-8.7407],[119.3991,-8.7265],[119.4466,-8.7464],[119.4699,-8.7407],[119.4485,-8.7092],[119.4426,-8.6791],[119.4553,-8.6443],[119.4732,-8.6472],[119.491,-8.6109],[119.4627,-8.6093],[119.4568,-8.5966],[119.48,-8.5917],[119.5067,-8.5659],[119.5252,-8.5904],[119.5698,-8.5904],[119.5726,-8.5656],[119.5872,-8.5624],[119.5618,-8.5322],[119.5593,-8.5182]]],[[[123.3486,-8.2688],[123.3308,-8.2547],[123.3143,-8.2614],[123.2879,-8.2464],[123.2373,-8.2341],[123.1882,-8.235],[123.1258,-8.2587],[123.0365,-8.3323],[123.0208,-8.3583],[123.0195,-8.3918],[123.041,-8.4108],[123.0816,-8.4086],[123.1636,-8.3918],[123.2449,-8.4047],[123.2893,-8.4045],[123.3211,-8.3849],[123.3275,-8.3676],[123.3355,-8.2992],[123.3486,-8.2688]]],[[[123.0264,-8.2888],[123.0066,-8.2614],[122.9779,-8.1964],[122.9797,-8.1469],[122.9365,-8.1115],[122.8943,-8.093],[122.8856,-8.075],[122.8626,-8.0698],[122.7957,-8.11],[122.7842,-8.124],[122.7752,-8.1628],[122.7451,-8.2068],[122.7414,-8.2302],[122.7903,-8.2304],[122.8304,-8.2016],[122.8762,-8.1857],[122.917,-8.1877],[122.9507,-8.2031],[122.9441,-8.2154],[122.8809,-8.2857],[122.8202,-8.3054],[122.7937,-8.3235],[122.7581,-8.361],[122.7194,-8.3696],[122.6882,-8.3847],[122.6702,-8.3775],[122.6528,-8.3842],[122.614,-8.3864],[122.5982,-8.3952],[122.5615,-8.4413],[122.5466,-8.4532],[122.4942,-8.475],[122.4812,-8.5061],[122.5125,-8.5283],[122.5147,-8.5527],[122.5007,-8.5763],[122.4774,-8.595],[122.451,-8.6041],[122.2884,-8.6339],[122.2581,-8.6313],[122.2297,-8.6169],[122.1411,-8.5417],[122.1125,-8.5326],[122.0811,-8.5147],[122.0396,-8.5147],[122.0256,-8.4998],[122.0265,-8.4611],[122.0412,-8.4492],[122.0287,-8.4309],[122.0081,-8.4275],[121.9849,-8.447],[121.9483,-8.4526],[121.932,-8.4742],[121.8928,-8.4929],[121.8716,-8.492],[121.8347,-8.4737],[121.814,-8.4918],[121.7727,-8.4867],[121.6963,-8.5107],[121.6804,-8.5113],[121.6387,-8.4728],[121.6096,-8.476],[121.6027,-8.4964],[121.6082,-8.5421],[121.5745,-8.5379],[121.5746,-8.5659],[121.5095,-8.6021],[121.4958,-8.5825],[121.4509,-8.5667],[121.4089,-8.5829],[121.3805,-8.5722],[121.3372,-8.5253],[121.3164,-8.5147],[121.2905,-8.4775],[121.2705,-8.4645],[121.2298,-8.4579],[121.2109,-8.4396],[121.1753,-8.4404],[121.1473,-8.426],[121.1063,-8.4239],[121.0532,-8.4054],[121.0309,-8.3927],[120.9949,-8.3471],[120.9761,-8.3375],[120.9092,-8.3434],[120.8464,-8.3342],[120.8125,-8.321],[120.7446,-8.3298],[120.6731,-8.2922],[120.6546,-8.2617],[120.5939,-8.2335],[120.6014,-8.257],[120.5939,-8.2819],[120.5677,-8.2805],[120.5217,-8.2555],[120.4834,-8.2787],[120.4574,-8.2751],[120.4373,-8.2324],[120.411,-8.2355],[120.3919,-8.2678],[120.3779,-8.2751],[120.277,-8.2692],[120.2129,-8.2927],[120.1961,-8.3157],[120.1609,-8.3499],[120.1489,-8.3713],[120.1209,-8.3508],[120.1089,-8.3919],[120.0881,-8.3976],[120.0843,-8.3874],[120.056,-8.3918],[120.0248,-8.3849],[120.0027,-8.4387],[119.9906,-8.447],[119.9773,-8.4363],[119.9194,-8.4612],[119.8672,-8.4129],[119.8711,-8.4941],[119.8206,-8.5466],[119.8078,-8.57],[119.8037,-8.5968],[119.8057,-8.7407],[119.824,-8.7804],[119.8604,-8.802],[119.8919,-8.8067],[119.9019,-8.8613],[119.9199,-8.8708],[119.9427,-8.858],[119.9364,-8.8425],[119.9758,-8.8139],[120.0588,-8.7999],[120.0942,-8.789],[120.131,-8.7708],[120.1653,-8.7686],[120.1826,-8.7761],[120.2236,-8.8115],[120.2439,-8.8232],[120.2791,-8.8294],[120.323,-8.8307],[120.3816,-8.7958],[120.3937,-8.8012],[120.4258,-8.7958],[120.4927,-8.8014],[120.5339,-8.7916],[120.5779,-8.7902],[120.5939,-8.7958],[120.6416,-8.8443],[120.6834,-8.8443],[120.7258,-8.8674],[120.7642,-8.8655],[120.7925,-8.8232],[120.8332,-8.817],[120.8484,-8.8298],[120.8633,-8.8693],[120.9229,-8.9262],[120.9585,-8.926],[120.9949,-8.9405],[121.0481,-8.9441],[121.0669,-8.9405],[121.1287,-8.9086],[121.1653,-8.8951],[121.2109,-8.892],[121.2985,-8.9184],[121.3406,-8.9181],[121.3748,-8.884],[121.3762,-8.8644],[121.367,-8.8199],[121.3782,-8.799],[121.396,-8.7941],[121.4567,-8.8102],[121.5,-8.8165],[121.5811,-8.8176],[121.6218,-8.8368],[121.6309,-8.8526],[121.646,-8.9057],[121.6594,-8.8982],[121.6743,-8.8627],[121.6901,-8.8505],[121.7341,-8.88],[121.7698,-8.8876],[121.7937,-8.884],[121.8347,-8.858],[121.8762,-8.8377],[122.0054,-8.802],[122.0442,-8.7807],[122.0778,-8.7538],[122.1145,-8.7324],[122.1629,-8.727],[122.2271,-8.7372],[122.2528,-8.7497],[122.3039,-8.739],[122.4079,-8.7415],[122.4495,-8.7343],[122.5151,-8.7121],[122.5654,-8.6691],[122.6382,-8.652],[122.6875,-8.6314],[122.721,-8.6367],[122.7473,-8.6201],[122.8074,-8.6109],[122.8484,-8.5836],[122.8494,-8.552],[122.8074,-8.4867],[122.8011,-8.4695],[122.8036,-8.4379],[122.821,-8.4362],[122.8529,-8.4543],[122.8973,-8.4606],[122.9046,-8.447],[122.8973,-8.3884],[122.9041,-8.3634],[122.9429,-8.3439],[123.0007,-8.341],[123.0264,-8.3201],[123.0264,-8.2888]]],[[[123.3901,-10.5915],[123.3594,-10.5908],[123.356,-10.5812],[123.3782,-10.5616],[123.3753,-10.5484],[123.3939,-10.5092],[123.3758,-10.4959],[123.3923,-10.4757],[123.3963,-10.4475],[123.3865,-10.433],[123.3523,-10.4782],[123.3355,-10.4903],[123.2803,-10.509],[123.242,-10.5289],[123.2251,-10.5436],[123.2156,-10.575],[123.2004,-10.5735],[123.1843,-10.589],[123.1773,-10.6188],[123.1616,-10.6334],[123.0984,-10.6635],[123.0492,-10.7114],[123.0264,-10.7219],[122.9942,-10.7236],[122.9736,-10.7351],[122.9177,-10.7375],[122.855,-10.7553],[122.8333,-10.7732],[122.8125,-10.7784],[122.821,-10.8932],[122.8418,-10.9211],[122.8802,-10.9226],[122.9717,-10.9062],[122.9577,-10.8881],[122.988,-10.865],[123.1398,-10.8227],[123.2092,-10.8131],[123.2319,-10.7895],[123.2434,-10.7377],[123.2769,-10.725],[123.3316,-10.6823],[123.3486,-10.6741],[123.4092,-10.6791],[123.4173,-10.6635],[123.4204,-10.6191],[123.4131,-10.6046],[123.3901,-10.5915]]],[[[121.9402,-10.4301],[121.9016,-10.421],[121.8613,-10.4406],[121.8264,-10.4938],[121.7062,-10.5524],[121.6901,-10.5642],[121.7321,-10.5973],[121.7969,-10.5983],[121.8597,-10.6041],[121.8818,-10.5983],[121.8919,-10.5807],[121.9151,-10.5771],[121.9528,-10.5534],[121.9909,-10.5216],[122.0054,-10.4679],[121.9959,-10.4413],[121.9598,-10.4401],[121.9402,-10.4301]]],[[[123.4658,-10.1498],[123.4382,-10.1413],[123.4038,-10.1576],[123.3894,-10.1752],[123.3698,-10.2169],[123.32,-10.2678],[123.3143,-10.3134],[123.3218,-10.339],[123.3384,-10.3375],[123.367,-10.3012],[123.3901,-10.3308],[123.4134,-10.3326],[123.4107,-10.3103],[123.4245,-10.299],[123.4186,-10.273],[123.3963,-10.2278],[123.4107,-10.221],[123.4216,-10.2359],[123.4466,-10.2397],[123.4592,-10.2146],[123.495,-10.1982],[123.5046,-10.1713],[123.4738,-10.1629],[123.4658,-10.1498]]],[[[123.928,-8.2273],[123.884,-8.2229],[123.8488,-8.2136],[123.7982,-8.1799],[123.7671,-8.193],[123.7307,-8.2233],[123.7048,-8.2273],[123.7117,-8.2455],[123.6707,-8.2477],[123.6657,-8.227],[123.6416,-8.2231],[123.6253,-8.2449],[123.6433,-8.2751],[123.6279,-8.3073],[123.6018,-8.2956],[123.5823,-8.3061],[123.6092,-8.3434],[123.6047,-8.3642],[123.5684,-8.3749],[123.5285,-8.364],[123.5171,-8.3375],[123.5266,-8.3167],[123.553,-8.2918],[123.5676,-8.2477],[123.5161,-8.2409],[123.4568,-8.2791],[123.4142,-8.2672],[123.3801,-8.2883],[123.3696,-8.3167],[123.4378,-8.3167],[123.4733,-8.321],[123.4857,-8.3508],[123.4681,-8.366],[123.3871,-8.4018],[123.3576,-8.4113],[123.3143,-8.4532],[123.2527,-8.497],[123.2273,-8.5261],[123.2388,-8.5489],[123.2561,-8.5419],[123.2834,-8.5563],[123.3108,-8.5492],[123.3244,-8.5346],[123.3469,-8.5432],[123.3994,-8.586],[123.4207,-8.5904],[123.4551,-8.5693],[123.5,-8.5216],[123.5435,-8.5693],[123.583,-8.5655],[123.6092,-8.5353],[123.5737,-8.4919],[123.5721,-8.4716],[123.5962,-8.4618],[123.6247,-8.4277],[123.657,-8.4054],[123.6768,-8.4382],[123.6875,-8.4362],[123.7289,-8.3933],[123.7754,-8.3058],[123.8113,-8.2888],[123.8765,-8.2862],[123.9206,-8.2761],[123.9375,-8.2652],[123.9388,-8.2322],[123.928,-8.2273]]],[[[124.3081,-8.2205],[124.2847,-8.1833],[124.2581,-8.1821],[124.2318,-8.2091],[124.2041,-8.2517],[124.1844,-8.2712],[124.1506,-8.3298],[124.1104,-8.3637],[124.1094,-8.3849],[124.0833,-8.3559],[124.0737,-8.321],[124.0584,-8.3061],[124.0233,-8.3134],[123.9851,-8.3383],[123.967,-8.3608],[123.9314,-8.426],[123.9072,-8.4548],[123.939,-8.4578],[123.9769,-8.4379],[124.0188,-8.4299],[124.0506,-8.4821],[124.0549,-8.5011],[124.0513,-8.5392],[124.0593,-8.5515],[124.085,-8.5563],[124.1299,-8.5483],[124.1648,-8.5283],[124.1917,-8.4894],[124.2013,-8.4656],[124.2088,-8.423],[124.2188,-8.4015],[124.2468,-8.3645],[124.2835,-8.3386],[124.3,-8.3193],[124.291,-8.2805],[124.3081,-8.2205]]],[[[125.134,-8.2171],[125.0925,-8.1616],[125.0466,-8.1578],[124.9968,-8.1652],[124.9523,-8.1498],[124.9382,-8.1589],[124.8983,-8.1681],[124.7736,-8.1589],[124.688,-8.1652],[124.6651,-8.1697],[124.603,-8.2068],[124.5892,-8.1906],[124.5857,-8.1458],[124.5687,-8.131],[124.5454,-8.1301],[124.4963,-8.1386],[124.4753,-8.1326],[124.4507,-8.149],[124.4328,-8.1911],[124.3968,-8.2205],[124.3924,-8.2652],[124.4212,-8.2675],[124.4932,-8.2335],[124.5378,-8.2205],[124.543,-8.2379],[124.5142,-8.2614],[124.4727,-8.2688],[124.4105,-8.3061],[124.4067,-8.3206],[124.3765,-8.3713],[124.3335,-8.413],[124.3571,-8.4563],[124.3703,-8.4606],[124.3968,-8.447],[124.4182,-8.4646],[124.4375,-8.4643],[124.4496,-8.4503],[124.4863,-8.4328],[124.5204,-8.4328],[124.5446,-8.447],[124.6167,-8.4231],[124.6502,-8.4054],[124.6701,-8.4031],[124.7254,-8.4098],[124.7661,-8.4085],[124.9324,-8.3774],[125.0213,-8.3713],[125.1233,-8.3523],[125.1375,-8.3214],[125.1392,-8.2336],[125.134,-8.2171]]],[[[122.3609,-8.4329],[122.3439,-8.4484],[122.3522,-8.4802],[122.3768,-8.5017],[122.4092,-8.4867],[122.4207,-8.4601],[122.4102,-8.4439],[122.3609,-8.4329]]],[[[121.7103,-8.2888],[121.6761,-8.3093],[121.6939,-8.3443],[121.709,-8.3547],[121.7315,-8.3508],[121.7444,-8.3344],[121.7453,-8.3117],[121.7341,-8.2931],[121.7103,-8.2888]]],[[[121.6141,-10.6025],[121.565,-10.6037],[121.541,-10.6148],[121.5314,-10.6384],[121.5746,-10.6398],[121.615,-10.6266],[121.6333,-10.6042],[121.6141,-10.6025]]]]},"properties":{"name":"Nusa Tenggara Timur","name_en":"East Nusa Tenggara","name_ja":"東ヌサ・トゥンガラ州","name_zh":"东努沙登加拉省","name_ko":"동누사틍가라","adm0_a3":"IDN","postal":"NT","iso_3166_2":"ID-NT","type_en":"Province","geonunit":"Indonesia"}},
{"type":"Feature","geometry":{"type":"MultiPolygon","coordinates":[[[[114.2074,1.4394],[114.1832,1.4235],[114.1604,1.4248],[114.1309,1.4542],[114.0943,1.4657],[114.0539,1.4651],[113.9097,1.4425],[113.8682,1.4155],[113.8082,1.3397],[113.6495,1.2333],[113.6248,1.2276],[113.5965,1.2416],[113.5462,1.3016],[113.5245,1.3136],[113.5034,1.3145],[113.4429,1.2924],[113.3976,1.2939],[113.3237,1.3514],[113.276,1.3689],[113.2177,1.3809],[113.1586,1.3882],[113.1257,1.4136],[113.089,1.4313],[113.0506,1.4348],[112.9582,1.4157],[112.9612,1.4344],[112.9917,1.457],[113.0185,1.4924],[113.0234,1.537],[113.0141,1.5508],[112.9732,1.5699],[112.9077,1.5705],[112.855,1.5827],[112.8365,1.5761],[112.8015,1.5438],[112.7689,1.5522],[112.4705,1.5677],[112.4459,1.5621],[112.3985,1.5233],[112.381,1.5177],[112.3191,1.5117],[112.2952,1.5038],[112.1801,1.449],[112.1616,1.4345],[112.1591,1.4008],[112.1818,1.4],[112.184,1.369],[112.1527,1.3063],[112.1001,1.1549],[112.0929,1.1431],[112.0541,1.1336],[111.9734,1.134],[111.9101,1.114],[111.8231,1.0085],[111.7628,0.993],[111.6821,1.0235],[111.6552,1.0308],[111.6227,1.0303],[111.5389,0.9977],[111.5154,0.9645],[111.5032,0.9584],[111.4824,1.0129],[111.4545,1.0226],[111.3955,1.0063],[111.3518,1.0139],[111.2175,1.0733],[111.1976,1.0752],[110.9734,1.0177],[110.9106,1.0157],[110.8804,1.0105],[110.8527,0.9972],[110.797,0.9497],[110.784,0.9082],[110.7583,0.9145],[110.7248,0.8973],[110.7042,0.9014],[110.6744,0.877],[110.6477,0.8739],[110.6134,0.894],[110.5961,0.8711],[110.5539,0.8514],[110.5064,0.8573],[110.4603,0.8797],[110.4226,0.9095],[110.3807,0.9666],[110.3516,0.9865],[110.3008,0.9977],[110.2635,0.9943],[110.2566,1.0391],[110.2067,1.1117],[110.1704,1.1745],[110.1522,1.1839],[110.0935,1.1916],[110.0518,1.2155],[110.0307,1.2536],[110.0121,1.2705],[109.9763,1.2877],[109.9518,1.3197],[109.9325,1.3785],[109.9021,1.4038],[109.8428,1.4033],[109.8255,1.4176],[109.8006,1.4668],[109.7756,1.4579],[109.7664,1.4965],[109.6773,1.5729],[109.658,1.5972],[109.6417,1.6372],[109.6406,1.683],[109.6472,1.7619],[109.6418,1.781],[109.624,1.7878],[109.5801,1.788],[109.5466,1.8143],[109.5347,1.839],[109.5284,1.89],[109.5379,1.9177],[109.5744,1.9486],[109.6003,1.9831],[109.6266,2.0297],[109.6453,2.0832],[109.635,2.074],[109.6047,2.0209],[109.5789,1.9976],[109.5612,1.9905],[109.4241,1.9557],[109.3589,1.9483],[109.341,1.9355],[109.3346,1.9011],[109.3351,1.8502],[109.3284,1.8328],[109.2892,1.796],[109.2868,1.7782],[109.3346,1.8154],[109.3478,1.8096],[109.3034,1.7526],[109.2722,1.6938],[109.2527,1.6684],[109.096,1.5606],[109.073,1.5339],[109.0608,1.499],[109.0608,1.3839],[109.0544,1.3522],[109.0404,1.3189],[108.9904,1.2475],[108.9859,1.2158],[109.0122,1.2243],[109.0662,1.2296],[109.0882,1.2363],[109.114,1.2545],[109.1374,1.2623],[109.1651,1.3022],[109.1882,1.3492],[109.2173,1.3695],[109.2405,1.4042],[109.2664,1.4014],[109.2434,1.3799],[109.2157,1.3354],[109.1585,1.2646],[109.1082,1.2287],[109.0327,1.199],[108.9927,1.1879],[108.9326,1.178],[108.9243,1.164],[108.927,1.1404],[108.9803,0.9956],[108.9808,0.956],[108.9653,0.9142],[108.9414,0.884],[108.8933,0.8679],[108.8555,0.8322],[108.856,0.8116],[108.8826,0.7775],[108.8897,0.7537],[108.876,0.7147],[108.9172,0.6611],[108.9273,0.6408],[108.9312,0.575],[108.91,0.5306],[108.9131,0.5043],[108.9385,0.4652],[108.9448,0.4453],[108.9424,0.4083],[108.9209,0.3403],[108.9287,0.3151],[108.9531,0.3017],[109.0161,0.2968],[109.0466,0.2871],[109.1023,0.2431],[109.1668,0.1123],[109.1769,0.1076],[109.2367,0.0573],[109.3005,0.0105],[109.1975,0.0235],[109.161,0.0339],[109.1565,0.0201],[109.1604,-0.0237],[109.1797,-0.0555],[109.1869,-0.0822],[109.1906,-0.1373],[109.1885,-0.1773],[109.1986,-0.2009],[109.2248,-0.2372],[109.176,-0.212],[109.1187,-0.2031],[109.0603,-0.2167],[109.0462,-0.2459],[109.0503,-0.2619],[109.0671,-0.2713],[109.0764,-0.2506],[109.1013,-0.2576],[109.0908,-0.2872],[109.1032,-0.3141],[109.136,-0.36],[109.1026,-0.3611],[109.1028,-0.4099],[109.1233,-0.4997],[109.1394,-0.5286],[109.1714,-0.5563],[109.2118,-0.5522],[109.2354,-0.5763],[109.2624,-0.5925],[109.2776,-0.5862],[109.344,-0.5838],[109.4006,-0.5973],[109.4241,-0.6202],[109.3552,-0.6139],[109.3688,-0.6339],[109.3626,-0.652],[109.4129,-0.664],[109.4436,-0.6874],[109.4616,-0.713],[109.4973,-0.7136],[109.5096,-0.725],[109.4686,-0.7371],[109.4292,-0.7258],[109.3831,-0.6959],[109.3138,-0.695],[109.2786,-0.669],[109.2625,-0.6674],[109.2453,-0.6959],[109.2732,-0.8536],[109.3205,-0.8834],[109.3762,-0.9088],[109.4065,-0.9114],[109.4241,-0.8842],[109.4138,-0.8601],[109.4382,-0.8456],[109.4888,-0.8517],[109.5598,-0.8774],[109.5817,-0.8945],[109.6052,-0.9566],[109.6299,-0.9519],[109.6773,-0.9838],[109.7141,-0.9474],[109.7195,-0.9041],[109.7349,-0.879],[109.7635,-0.8709],[109.7598,-0.8876],[109.7349,-0.9177],[109.7341,-0.954],[109.7857,-1.033],[109.8099,-1.0452],[109.823,-1.0753],[109.8355,-1.0862],[109.8696,-1.0862],[109.8941,-1.0986],[109.9227,-1.1036],[109.9369,-1.1276],[109.9237,-1.174],[109.922,-1.2016],[109.9299,-1.2232],[109.9515,-1.2309],[109.9485,-1.2507],[109.9642,-1.2657],[110.0296,-1.2859],[110.0441,-1.3048],[110.0614,-1.3464],[110.0711,-1.3899],[110.0685,-1.4325],[110.0418,-1.5598],[110.0386,-1.6276],[110.0339,-1.6462],[109.9939,-1.7302],[109.9216,-1.7696],[109.9107,-1.779],[109.9108,-1.7999],[109.9243,-1.8132],[109.9038,-1.8261],[109.9536,-1.8743],[109.9876,-1.8847],[110.0342,-1.9094],[110.075,-1.9225],[110.0925,-1.9496],[110.1235,-2.0255],[110.1292,-2.0695],[110.1199,-2.1121],[110.0956,-2.1974],[110.0972,-2.2358],[110.1047,-2.252],[110.1321,-2.2682],[110.1409,-2.2897],[110.1548,-2.3762],[110.1599,-2.4365],[110.2012,-2.5082],[110.221,-2.5328],[110.2468,-2.5398],[110.2805,-2.5182],[110.2649,-2.5566],[110.1992,-2.5523],[110.1797,-2.59],[110.157,-2.6213],[110.1675,-2.6324],[110.2038,-2.6401],[110.2117,-2.6526],[110.2232,-2.7019],[110.2276,-2.742],[110.2459,-2.7863],[110.2471,-2.8151],[110.2376,-2.8469],[110.2048,-2.8962],[110.2236,-2.9304],[110.2402,-2.9731],[110.2632,-3.0029],[110.301,-2.998],[110.4041,-2.9205],[110.5081,-2.8746],[110.5495,-2.8676],[110.5886,-2.8766],[110.617,-2.9098],[110.6304,-2.9513],[110.6436,-3.029],[110.6306,-3.0533],[110.6624,-3.0807],[110.6979,-3.0627],[110.7769,-2.9597],[110.794,-2.9435],[110.8794,-2.9181],[110.9341,-2.8839],[110.9592,-2.8857],[110.9979,-2.8702],[111.0262,-2.8337],[111.0427,-2.7917],[111.0671,-2.7647],[111.1376,-2.733],[111.1611,-2.6984],[111.1602,-2.6674],[111.1317,-2.6078],[111.1283,-2.5784],[111.1275,-2.4866],[111.1407,-2.4276],[111.1377,-2.4048],[111.0123,-2.1274],[110.9962,-2.0712],[110.9948,-1.9853],[111.0252,-1.867],[111.0265,-1.7969],[111.0339,-1.7435],[111.0144,-1.7187],[111.0206,-1.6861],[111.0174,-1.6603],[111.0042,-1.6513],[110.962,-1.6655],[110.9383,-1.6554],[110.9216,-1.6315],[110.9203,-1.6132],[110.9578,-1.5665],[111.0116,-1.5261],[111.0531,-1.5188],[111.0938,-1.5274],[111.1082,-1.5362],[111.134,-1.5304],[111.1884,-1.4819],[111.2215,-1.4398],[111.2421,-1.4206],[111.3271,-1.3733],[111.3484,-1.3313],[111.3906,-1.288],[111.4161,-1.2688],[111.4729,-1.2424],[111.4902,-1.2236],[111.5437,-1.2057],[111.5774,-1.1867],[111.5985,-1.158],[111.5874,-1.102],[111.5975,-1.076],[111.6285,-1.0362],[111.6514,-1.0155],[111.7497,-0.9495],[111.8621,-0.8951],[111.9686,-0.8228],[112.0587,-0.7958],[112.0843,-0.7735],[112.0964,-0.743],[112.1185,-0.7354],[112.2393,-0.7363],[112.2896,-0.7461],[112.38,-0.7546],[112.4722,-0.7176],[112.4973,-0.7021],[112.5214,-0.6993],[112.5518,-0.7068],[112.578,-0.7045],[112.7551,-0.6359],[112.7903,-0.6102],[112.8934,-0.5746],[112.95,-0.5419],[113.0042,-0.5187],[113.0598,-0.5224],[113.084,-0.5185],[113.1025,-0.4915],[113.1611,-0.4699],[113.1762,-0.4821],[113.1982,-0.5203],[113.2354,-0.5521],[113.2564,-0.5514],[113.301,-0.4481],[113.3008,-0.4228],[113.2761,-0.3843],[113.2492,-0.3611],[113.2528,-0.3389],[113.2719,-0.3106],[113.3262,-0.2517],[113.3715,-0.2351],[113.4026,-0.2049],[113.4293,-0.1904],[113.4482,-0.128],[113.4768,-0.0796],[113.4785,-0.0475],[113.4594,0.0222],[113.4532,0.0659],[113.4187,0.1315],[113.3686,0.1716],[113.3518,0.2055],[113.3245,0.2452],[113.3594,0.2599],[113.416,0.2752],[113.4452,0.2754],[113.4792,0.263],[113.5316,0.2614],[113.5572,0.2716],[113.5888,0.2983],[113.6229,0.3109],[113.636,0.3455],[113.6352,0.3797],[113.6467,0.4101],[113.6751,0.4415],[113.7033,0.4953],[113.7527,0.5419],[113.7764,0.5586],[113.7879,0.5919],[113.8072,0.62],[113.8506,0.6456],[113.9177,0.7364],[113.9271,0.8021],[113.9481,0.8622],[113.9417,0.8917],[113.9231,0.9057],[113.8834,0.8967],[113.8626,0.9023],[113.8645,0.9764],[113.8993,1.0115],[113.9488,1.0339],[113.9794,1.0585],[114.018,1.0786],[114.1118,1.1607],[114.1462,1.1776],[114.1921,1.2144],[114.2061,1.2406],[114.2084,1.2779],[114.1927,1.3143],[114.1914,1.3437],[114.2074,1.4394]]],[[[108.6773,-1.7138],[108.7246,-1.7194],[108.7588,-1.7175],[108.7781,-1.7027],[108.7232,-1.6936],[108.6914,-1.6992],[108.6773,-1.7138]]],[[[109.1702,-1.2576],[109.1437,-1.2735],[109.1148,-1.2802],[109.1008,-1.3006],[109.1338,-1.2971],[109.1385,-1.3141],[109.1769,-1.2785],[109.1702,-1.2576]]],[[[109.2546,-1.1694],[109.22,-1.198],[109.2234,-1.2271],[109.2529,-1.2125],[109.2651,-1.1879],[109.2546,-1.1694]]],[[[108.9642,-1.5734],[108.9286,-1.5449],[108.9006,-1.5329],[108.876,-1.5462],[108.8071,-1.565],[108.7933,-1.5803],[108.8211,-1.5833],[108.8316,-1.5951],[108.8244,-1.6247],[108.8312,-1.6623],[108.8698,-1.6623],[108.9333,-1.6408],[108.9483,-1.6315],[108.9644,-1.6042],[108.9642,-1.5734]]],[[[109.7598,-1.1039],[109.7598,-1.0317],[109.7393,-0.9987],[109.7046,-0.9838],[109.6746,-1.0036],[109.6567,-1.0037],[109.6063,-0.9747],[109.5879,-0.9703],[109.5562,-0.9875],[109.5252,-0.9885],[109.4754,-0.977],[109.4592,-0.9854],[109.4523,-1.004],[109.4445,-1.1689],[109.4207,-1.2316],[109.4172,-1.2545],[109.445,-1.2813],[109.4787,-1.2985],[109.5025,-1.2922],[109.536,-1.259],[109.5695,-1.2477],[109.6013,-1.2301],[109.6983,-1.1905],[109.7461,-1.1552],[109.7681,-1.1469],[109.7803,-1.1316],[109.7598,-1.1039]]]]},"properties":{"name":"Kalimantan Barat","name_en":"West Kalimantan","name_ja":"西カリマンタン州","name_zh":"西加里曼丹省","name_ko":"서칼리만탄","adm0_a3":"IDN","postal":"KB","iso_3166_2":"ID-KB","type_en":"Province","geonunit":"Indonesia"}},
{"type":"Feature","geometry":{"type":"MultiPolygon","coordinates":[[[[134.8735,-4.2546],[134.9274,-4.2756],[134.9431,-4.3059],[134.9592,-4.3186],[135.1856,-4.4489],[135.2278,-4.4612],[135.272,-4.4584],[135.3306,-4.4399],[135.3591,-4.4436],[135.4295,-4.4304],[135.4666,-4.4461],[135.5874,-4.4604],[135.6143,-4.4747],[135.6561,-4.4858],[135.6996,-4.4872],[135.7246,-4.4953],[135.7762,-4.4946],[135.7927,-4.4858],[135.8289,-4.4986],[135.9123,-4.4981],[135.9505,-4.5063],[135.9705,-4.5196],[136.0159,-4.5715],[136.0358,-4.586],[136.0807,-4.595],[136.1219,-4.6193],[136.1467,-4.6264],[136.177,-4.6496],[136.2673,-4.6762],[136.3555,-4.6774],[136.3757,-4.6838],[136.4028,-4.7077],[136.4402,-4.7153],[136.4637,-4.736],[136.5379,-4.7736],[136.6265,-4.8228],[136.6958,-4.8469],[136.7432,-4.8815],[136.7634,-4.8741],[136.803,-4.8829],[136.804,-4.9103],[136.8221,-4.9283],[136.8538,-4.9282],[136.8745,-4.9199],[136.9473,-4.8756],[136.9692,-4.8696],[136.9789,-4.8796],[136.95,-4.899],[136.9539,-4.9228],[137.0065,-4.9457],[137.0418,-4.943],[137.073,-4.9239],[137.095,-4.8893],[137.1017,-4.8893],[137.0877,-4.943],[137.0901,-4.9601],[137.1154,-4.9792],[137.1497,-4.9451],[137.1521,-4.9744],[137.1694,-4.9911],[137.219,-5.0134],[137.2321,-4.9991],[137.2244,-4.9821],[137.2324,-4.9694],[137.2788,-4.9366],[137.2826,-4.9397],[137.2671,-4.9994],[137.2681,-5.0138],[137.3016,-5.0266],[137.3079,-4.9991],[137.3346,-5.0309],[137.3496,-5.0405],[137.3692,-5.0265],[137.368,-5.0463],[137.3556,-5.0618],[137.4036,-5.0976],[137.4326,-5.1034],[137.4649,-5.0959],[137.4681,-5.11],[137.4922,-5.1232],[137.5093,-5.142],[137.5331,-5.15],[137.561,-5.1158],[137.5728,-5.1208],[137.5951,-5.1568],[137.5742,-5.1671],[137.5798,-5.1819],[137.6164,-5.2052],[137.6629,-5.2203],[137.6907,-5.2114],[137.7063,-5.2219],[137.7156,-5.2565],[137.7324,-5.2734],[137.7516,-5.2778],[137.8081,-5.253],[137.7829,-5.2975],[137.7801,-5.315],[137.8218,-5.3629],[137.8534,-5.3616],[137.9041,-5.3235],[137.9248,-5.3287],[137.9085,-5.3631],[137.9146,-5.3869],[137.959,-5.4311],[137.9866,-5.47],[138.0256,-5.485],[138.036,-5.4748],[138.0265,-5.4311],[138.0513,-5.4318],[138.0614,-5.4037],[138.0749,-5.4196],[138.0744,-5.4448],[138.0642,-5.4894],[138.0642,-5.5112],[138.1097,-5.5341],[138.1079,-5.5449],[138.0818,-5.5546],[138.0598,-5.5753],[138.0534,-5.613],[138.0574,-5.6578],[138.0711,-5.7286],[138.0858,-5.7399],[138.106,-5.726],[138.152,-5.7231],[138.1719,-5.717],[138.2327,-5.6839],[138.3431,-5.6702],[138.363,-5.6788],[138.3067,-5.6957],[138.252,-5.7189],[138.1576,-5.7737],[138.1821,-5.8097],[138.2088,-5.8253],[138.322,-5.851],[138.404,-5.8357],[138.3767,-5.8556],[138.3042,-5.8683],[138.2708,-5.887],[138.2625,-5.9147],[138.2764,-5.9462],[138.3391,-6.0426],[138.3467,-6.0712],[138.3655,-6.0917],[138.3721,-6.1243],[138.3904,-6.1716],[138.3904,-6.2337],[138.4212,-6.3185],[138.4661,-6.4021],[138.6038,-6.5279],[138.6316,-6.5441],[138.6776,-6.603],[138.709,-6.6297],[138.8291,-6.706],[138.7632,-6.6702],[138.7029,-6.6454],[138.6825,-6.6451],[138.6709,-6.6718],[138.6729,-6.6949],[138.7005,-6.7282],[138.7458,-6.7402],[138.7684,-6.7566],[138.8224,-6.8061],[138.8567,-6.82],[138.9237,-6.8258],[138.9663,-6.8357],[138.9998,-6.8527],[139.0687,-6.9182],[139.1333,-6.9524],[139.1804,-6.9592],[139.1922,-6.9729],[139.1265,-6.9716],[139.0728,-6.9488],[139.0379,-6.9182],[139.0178,-6.9086],[138.9894,-6.8659],[138.9315,-6.8425],[138.8838,-6.8494],[138.7981,-6.8562],[138.7835,-6.8617],[138.7398,-6.8971],[138.7158,-6.8977],[138.6541,-6.8766],[138.6126,-6.8772],[138.5814,-6.8909],[138.5615,-6.9186],[138.572,-6.9425],[138.6462,-6.9997],[138.762,-7.1139],[138.8148,-7.1305],[138.8581,-7.1496],[138.9253,-7.153],[138.9663,-7.1647],[139.0194,-7.1944],[139.0376,-7.2118],[139.1594,-7.2032],[139.2061,-7.1505],[139.2219,-7.144],[139.24,-7.1585],[139.2146,-7.1669],[139.1746,-7.237],[139.1571,-7.2431],[139.0039,-7.2404],[138.9452,-7.2062],[138.9046,-7.1994],[138.6882,-7.1926],[138.6675,-7.1978],[138.6664,-7.2099],[138.6913,-7.2336],[138.7388,-7.2436],[138.7666,-7.2654],[138.8406,-7.3145],[138.8861,-7.3609],[138.9255,-7.4273],[138.9349,-7.4488],[138.9443,-7.497],[138.958,-7.5073],[139.0005,-7.5079],[139.0359,-7.5152],[139.0711,-7.5326],[139.093,-7.56],[139.0892,-7.5968],[139.0594,-7.6227],[139.0482,-7.6681],[139.0345,-7.6904],[139.0072,-7.7543],[139.0023,-7.8357],[138.994,-7.8655],[138.9663,-7.8847],[138.9274,-7.8941],[138.911,-7.9225],[138.911,-8.0076],[138.9058,-8.0436],[138.9202,-8.0524],[138.9212,-8.0795],[138.9007,-8.0924],[138.8587,-8.1013],[138.8428,-8.1174],[138.8386,-8.1384],[138.853,-8.1839],[138.8765,-8.2187],[138.9144,-8.2921],[138.9434,-8.2912],[138.9733,-8.2299],[139.0895,-8.1336],[139.1227,-8.1174],[139.2012,-8.0956],[139.2245,-8.0744],[139.2295,-8.0113],[139.2141,-8.0071],[139.2059,-7.9631],[139.2171,-7.9513],[139.2879,-7.9734],[139.2694,-7.9863],[139.2349,-7.9754],[139.2189,-7.9797],[139.2451,-8.0151],[139.2517,-8.0675],[139.24,-8.1106],[139.2546,-8.1461],[139.2834,-8.1725],[139.3195,-8.1902],[139.3567,-8.1994],[139.4353,-8.197],[139.515,-8.1789],[139.5466,-8.1662],[139.5994,-8.1354],[139.6305,-8.1249],[139.7688,-8.1104],[139.9324,-8.1086],[139.9736,-8.0969],[140.0154,-8.0737],[140.0418,-8.0455],[140.0457,-7.9802],[140.061,-7.9244],[140.119,-7.9148],[140.1351,-7.8927],[140.1517,-7.8847],[140.1287,-7.9361],[140.1116,-7.9465],[140.083,-7.9325],[140.0606,-7.9483],[140.054,-7.9716],[140.0657,-8.0295],[140.0584,-8.082],[140.0215,-8.0895],[139.9797,-8.1215],[139.9707,-8.1422],[139.9736,-8.1652],[139.9881,-8.1925],[140.0319,-8.2464],[140.2516,-8.4089],[140.3014,-8.4675],[140.3635,-8.4908],[140.3781,-8.5222],[140.4463,-8.5776],[140.5075,-8.6381],[140.6216,-8.8067],[140.8569,-9.0491],[140.9211,-9.0793],[140.9326,-9.0802],[140.977,-9.1061],[140.9775,-8.7982],[140.9773,-8.4349],[140.977,-8.1701],[140.9769,-7.9621],[140.9769,-7.5875],[140.9769,-7.3237],[140.9772,-6.8966],[140.9433,-6.8881],[140.9397,-6.8563],[140.916,-6.8627],[140.9016,-6.8122],[140.8742,-6.7895],[140.8709,-6.7784],[140.8845,-6.7539],[140.8578,-6.7236],[140.8492,-6.7028],[140.8658,-6.6492],[140.8649,-6.6306],[140.8504,-6.6236],[140.8593,-6.6084],[140.905,-6.5895],[140.893,-6.5654],[140.9178,-6.5531],[140.921,-6.5164],[140.9435,-6.5075],[140.9531,-6.4805],[140.9486,-6.4655],[140.9328,-6.466],[140.93,-6.445],[140.9125,-6.4386],[140.9528,-6.4318],[140.9502,-6.4189],[140.9671,-6.3939],[140.955,-6.3797],[140.9637,-6.348],[140.9769,-6.3351],[140.9769,-6.0021],[140.9769,-5.6212],[140.9769,-5.3638],[140.9769,-5.0023],[140.9758,-4.5959],[140.9747,-4.1736],[140.9735,-3.8],[140.9732,-3.5817],[140.9724,-3.2506],[140.9733,-3.0025],[140.9745,-2.6005],[140.9221,-2.6082],[140.8296,-2.6082],[140.7855,-2.6213],[140.7517,-2.6008],[140.7427,-2.6056],[140.7346,-2.6349],[140.7132,-2.6267],[140.6986,-2.6082],[140.7361,-2.5637],[140.7468,-2.5167],[140.7446,-2.4991],[140.7308,-2.4915],[140.6076,-2.4394],[140.5007,-2.4357],[140.4832,-2.4322],[140.3885,-2.3971],[140.3639,-2.4049],[140.3845,-2.4295],[140.3713,-2.4487],[140.3504,-2.443],[140.3323,-2.4557],[140.2883,-2.4311],[140.2102,-2.4021],[140.1722,-2.3474],[140.1657,-2.3254],[140.1526,-2.3224],[140.145,-2.3412],[140.1047,-2.3201],[140.0862,-2.3437],[140.0593,-2.3543],[139.8648,-2.372],[139.8221,-2.3674],[139.7808,-2.3547],[139.6782,-2.2929],[139.515,-2.2314],[139.4688,-2.1951],[139.4401,-2.1857],[139.384,-2.1557],[139.2832,-2.1218],[139.1067,-2.0128],[138.9496,-1.9599],[138.8622,-1.9557],[138.8428,-1.9496],[138.8032,-1.9208],[138.7352,-1.8439],[138.6652,-1.7892],[138.5975,-1.7698],[138.5275,-1.7585],[138.3567,-1.7101],[138.2292,-1.6491],[138.1189,-1.6169],[138.0749,-1.6103],[138.0576,-1.5991],[138.0114,-1.552],[137.9893,-1.5462],[137.9556,-1.5182],[137.9248,-1.4841],[137.8831,-1.4705],[137.8391,-1.4711],[137.7944,-1.4841],[137.5325,-1.5978],[137.5103,-1.6041],[137.4859,-1.6325],[137.4649,-1.6418],[137.3488,-1.7101],[137.1428,-1.787],[137.1154,-1.8093],[137.1156,-1.8544],[137.1017,-1.8883],[137.157,-1.9291],[137.2048,-1.9496],[137.2101,-1.9793],[137.1912,-2.0046],[137.2253,-2.039],[137.2337,-2.061],[137.2263,-2.0744],[137.1785,-2.1061],[137.1543,-2.1115],[137.0241,-2.1184],[136.9815,-2.1266],[136.9515,-2.1422],[136.9385,-2.1725],[136.8672,-2.1882],[136.8145,-2.2241],[136.7769,-2.2314],[136.7586,-2.2487],[136.7372,-2.2494],[136.7046,-2.2376],[136.6839,-2.2587],[136.6465,-2.2464],[136.6021,-2.2498],[136.5947,-2.2376],[136.5435,-2.2314],[136.533,-2.2258],[136.5368,-2.199],[136.5221,-2.1913],[136.4815,-2.211],[136.4302,-2.211],[136.4038,-2.2197],[136.3621,-2.2521],[136.3401,-2.2892],[136.3482,-2.3513],[136.3345,-2.3845],[136.3024,-2.4208],[136.2887,-2.4501],[136.2824,-2.5197],[136.2664,-2.5603],[136.2368,-2.5961],[136.1974,-2.6244],[136.1087,-2.6628],[136.0723,-2.6726],[136.0637,-2.6882],[136.0232,-2.7077],[136.013,-2.747],[135.9988,-2.7448],[135.9646,-2.7758],[135.9646,-2.8205],[135.9519,-2.8521],[135.9268,-2.8788],[135.925,-2.8904],[135.9368,-2.9435],[135.9099,-2.9858],[135.8885,-3.0001],[135.8431,-3.012],[135.8169,-3.0429],[135.7995,-3.0533],[135.7756,-3.0465],[135.7573,-3.0558],[135.7456,-3.0771],[135.7671,-3.1088],[135.7517,-3.1284],[135.719,-3.1486],[135.6389,-3.1782],[135.6016,-3.204],[135.5705,-3.2487],[135.5733,-3.2701],[135.5637,-3.2897],[135.5217,-3.3355],[135.4705,-3.3631],[135.4031,-3.3718],[135.3623,-3.3862],[135.322,-3.3865],[135.2756,-3.3686],[135.1115,-3.3617],[135.0691,-3.3386],[135.0461,-3.3344],[135.0021,-3.3361],[134.9847,-3.3297],[134.9746,-3.3009],[134.9567,-3.2799],[134.9641,-3.2382],[134.9144,-3.2688],[134.8806,-3.2429],[134.8537,-3.1479],[134.8185,-3.1363],[134.8263,-3.0839],[134.8242,-3.0504],[134.8311,-3.0302],[134.8518,-3.0037],[134.8611,-2.94],[134.8513,-2.8998],[134.8278,-2.9138],[134.7722,-2.9776],[134.7271,-2.9858],[134.7013,-2.9587],[134.67,-2.8377],[134.4852,-2.9869],[134.4567,-3.0033],[134.4454,-3.0239],[134.4507,-3.0779],[134.4233,-3.1147],[134.3321,-3.1899],[134.3056,-3.2209],[134.2546,-3.3077],[134.2372,-3.3533],[134.2338,-3.3838],[134.2583,-3.3995],[135.2651,-3.76],[134.8735,-4.2546]]],[[[138.7534,-6.7783],[138.7312,-6.7631],[138.6951,-6.7613],[138.6655,-6.7503],[138.627,-6.7201],[138.6185,-6.7291],[138.6231,-6.7673],[138.6502,-6.7973],[138.6729,-6.8102],[138.682,-6.8478],[138.7283,-6.8678],[138.7466,-6.8631],[138.7815,-6.839],[138.7831,-6.8142],[138.7534,-6.7783]]],[[[138.8973,-8.3372],[138.842,-8.277],[138.8353,-8.2512],[138.8314,-8.1856],[138.8169,-8.1619],[138.7853,-8.1589],[138.7285,-8.1767],[138.6888,-8.1813],[138.6672,-8.2031],[138.6572,-8.2411],[138.64,-8.257],[138.5642,-8.3073],[138.5523,-8.3227],[138.548,-8.3471],[138.5584,-8.3666],[138.5824,-8.373],[138.6299,-8.3713],[138.6541,-8.3762],[138.7,-8.3946],[138.8941,-8.4054],[138.9098,-8.3961],[138.9109,-8.3748],[138.8973,-8.3372]]],[[[138.939,-7.5421],[138.896,-7.5051],[138.8482,-7.4352],[138.8428,-7.4216],[138.8045,-7.3742],[138.7171,-7.3596],[138.6209,-7.3647],[138.5565,-7.377],[138.5291,-7.3865],[138.395,-7.4049],[138.2442,-7.4565],[138.0886,-7.5598],[138.0281,-7.61],[138.0067,-7.6376],[137.9852,-7.6793],[137.9658,-7.7394],[137.918,-7.7817],[137.8949,-7.8162],[137.8244,-7.9643],[137.8097,-7.9836],[137.8005,-8.0417],[137.759,-8.0734],[137.7498,-8.1012],[137.7262,-8.1448],[137.637,-8.3894],[137.6382,-8.4259],[137.6771,-8.426],[137.7595,-8.394],[137.8016,-8.383],[137.8491,-8.3775],[138.178,-8.3849],[138.2234,-8.3919],[138.2935,-8.4187],[138.3357,-8.4191],[138.376,-8.4096],[138.4442,-8.3791],[138.4722,-8.3576],[138.5078,-8.3157],[138.5358,-8.3022],[138.6026,-8.2547],[138.6213,-8.2338],[138.6609,-8.169],[138.6797,-8.1575],[138.7466,-8.1515],[138.7883,-8.1301],[138.8182,-8.0932],[138.8577,-8.0753],[138.9041,-8.0759],[138.8865,-8.007],[138.8838,-7.9325],[138.8911,-7.898],[138.9107,-7.8785],[138.9663,-7.8505],[138.9827,-7.8298],[138.9888,-7.738],[138.9937,-7.7201],[139.0203,-7.672],[139.0444,-7.6114],[139.0755,-7.5763],[139.0464,-7.5619],[138.9741,-7.5534],[138.939,-7.5421]]],[[[136.8485,-1.7653],[136.8145,-1.7542],[136.7608,-1.7485],[136.7046,-1.7306],[136.6189,-1.738],[136.4539,-1.7175],[136.3903,-1.7258],[136.3682,-1.7243],[136.3327,-1.7096],[136.2879,-1.6821],[136.2527,-1.6828],[136.2322,-1.6623],[136.1913,-1.6539],[136.0989,-1.6547],[136.0603,-1.6418],[136.0325,-1.652],[135.9573,-1.6315],[135.8967,-1.648],[135.856,-1.644],[135.7865,-1.6281],[135.583,-1.6139],[135.4773,-1.5899],[135.4636,-1.5895],[135.4222,-1.6108],[135.4362,-1.6181],[135.4432,-1.6418],[135.4712,-1.6418],[135.4839,-1.675],[135.5266,-1.6862],[135.5808,-1.6843],[135.6162,-1.7042],[135.6561,-1.6902],[135.6909,-1.7101],[135.718,-1.7033],[135.7488,-1.7236],[135.7839,-1.7277],[135.8343,-1.7516],[135.8949,-1.7575],[135.9026,-1.7687],[135.9574,-1.7922],[135.9976,-1.8144],[136.0364,-1.8193],[136.0772,-1.8409],[136.1087,-1.8398],[136.1848,-1.8559],[136.2161,-1.8733],[136.2322,-1.9018],[136.2527,-1.8923],[136.2732,-1.9094],[136.2903,-1.8805],[136.3171,-1.8747],[136.3377,-1.8609],[136.3574,-1.864],[136.4539,-1.8951],[136.4985,-1.8883],[136.5249,-1.9],[136.5464,-1.8979],[136.5326,-1.8678],[136.553,-1.8671],[136.6449,-1.8764],[136.6829,-1.8564],[136.7048,-1.8522],[136.7298,-1.8261],[136.7942,-1.8207],[136.8723,-1.8193],[136.8993,-1.7946],[136.8485,-1.7653]]],[[[135.2857,-1.4767],[135.2393,-1.4897],[135.2048,-1.4777],[135.1509,-1.483],[135.1091,-1.4738],[135.0984,-1.489],[135.1043,-1.5182],[135.1869,-1.5256],[135.2754,-1.5222],[135.3119,-1.5102],[135.334,-1.4841],[135.3157,-1.4879],[135.2857,-1.4767]]],[[[134.9982,-1.0186],[134.9785,-1.0276],[134.9619,-1.0706],[134.9436,-1.0795],[134.928,-1.072],[134.9505,-1.0353],[134.9567,-1.0007],[134.9375,-0.9576],[134.8778,-0.9361],[134.8628,-0.9376],[134.8338,-0.9566],[134.8201,-0.977],[134.8185,-0.9958],[134.8001,-1.0278],[134.8351,-1.0715],[134.8516,-1.1087],[134.8921,-1.1347],[134.9426,-1.134],[134.9567,-1.1285],[134.9914,-1.0829],[134.9912,-1.0492],[134.9982,-1.0186]]],[[[136.3757,-1.0937],[136.3167,-1.0856],[136.2971,-1.0544],[136.2734,-1.0473],[136.2246,-1.0528],[136.1963,-1.0666],[136.1734,-1.0313],[136.1636,-1.005],[136.1148,-0.9635],[136.105,-0.9278],[136.0776,-0.9],[136.0658,-0.8717],[136.0456,-0.8532],[135.9663,-0.7961],[135.8936,-0.7211],[135.8474,-0.6959],[135.8086,-0.7141],[135.7775,-0.7487],[135.7251,-0.7164],[135.6951,-0.7296],[135.6773,-0.6856],[135.6665,-0.6828],[135.6016,-0.6959],[135.5833,-0.6667],[135.5513,-0.6772],[135.4988,-0.6725],[135.4468,-0.6521],[135.4234,-0.6549],[135.3989,-0.631],[135.3704,-0.6359],[135.3699,-0.6535],[135.3937,-0.7234],[135.4226,-0.7624],[135.4587,-0.7927],[135.4917,-0.8051],[135.4797,-0.7802],[135.4849,-0.7573],[135.6406,-0.8816],[135.6608,-0.8871],[135.6841,-0.8671],[135.7191,-0.8248],[135.741,-0.819],[135.7654,-0.8393],[135.781,-0.8727],[135.7995,-0.9703],[135.8132,-1.0149],[135.8343,-1.049],[135.8283,-1.1078],[135.8343,-1.1285],[135.864,-1.1676],[135.906,-1.1894],[135.9299,-1.1863],[135.9914,-1.1689],[136.0364,-1.1764],[136.0995,-1.216],[136.1428,-1.2234],[136.1817,-1.2154],[136.2306,-1.193],[136.2936,-1.1832],[136.3407,-1.1474],[136.3684,-1.1362],[136.3849,-1.1075],[136.3757,-1.0937]]]]},"properties":{"name":"Papua","name_en":"Papua","name_ja":"パプア州","name_zh":"巴布亚省","name_ko":"파푸아","adm0_a3":"IDN","postal":"PA","iso_3166_2":"ID-PA","type_en":"Province","geonunit":"Indonesia"}},
{"type":"Feature","geometry":{"type":"MultiPolygon","coordinates":[[[[113.3952,-8.447],[113.3399,-8.444],[113.2891,-8.4328],[113.2959,-8.447],[113.282,-8.4572],[113.282,-8.4882],[113.2925,-8.4948],[113.3719,-8.4947],[113.4092,-8.4867],[113.4121,-8.4669],[113.3952,-8.447]]],[[[111.6727,-6.7337],[111.6293,-6.8001],[111.5985,-6.9608],[111.602,-7.0468],[111.5981,-7.0814],[111.609,-7.1356],[111.6083,-7.154],[111.5512,-7.1992],[111.536,-7.2176],[111.4598,-7.2738],[111.4465,-7.2917],[111.4443,-7.3112],[111.4038,-7.3043],[111.3418,-7.2822],[111.3061,-7.2642],[111.2781,-7.2692],[111.2203,-7.2514],[111.2033,-7.2668],[111.1974,-7.3086],[111.202,-7.405],[111.185,-7.5291],[111.1976,-7.5826],[111.2175,-7.6133],[111.1869,-7.6435],[111.1821,-7.6579],[111.1906,-7.7074],[111.2079,-7.7155],[111.2425,-7.7189],[111.2646,-7.7317],[111.3078,-7.7843],[111.3079,-7.8378],[111.2847,-7.9044],[111.2803,-7.9392],[111.2634,-7.9512],[111.228,-7.9381],[111.1492,-7.9781],[111.0992,-8.0085],[111.0364,-8.0604],[110.9997,-8.084],[110.9652,-8.1169],[110.9602,-8.1699],[110.9444,-8.2264],[110.9982,-8.2502],[111.0583,-8.2547],[111.0728,-8.247],[111.0956,-8.2082],[111.1097,-8.2154],[111.1148,-8.242],[111.1483,-8.2535],[111.162,-8.2819],[111.1712,-8.2826],[111.2532,-8.258],[111.2658,-8.2493],[111.3006,-8.263],[111.363,-8.2614],[111.3841,-8.2729],[111.4251,-8.2688],[111.4421,-8.2761],[111.4487,-8.3129],[111.5178,-8.3298],[111.548,-8.3156],[111.6126,-8.337],[111.6305,-8.3235],[111.6392,-8.343],[111.6734,-8.3679],[111.7075,-8.3681],[111.6948,-8.3464],[111.7173,-8.2927],[111.7354,-8.294],[111.7507,-8.3235],[111.7704,-8.3173],[111.771,-8.2815],[111.792,-8.2565],[111.8224,-8.2688],[111.8748,-8.2739],[111.8987,-8.2965],[111.9273,-8.3025],[111.9612,-8.2783],[112.0248,-8.3049],[112.209,-8.3237],[112.2578,-8.3434],[112.2953,-8.3298],[112.3416,-8.3327],[112.384,-8.3576],[112.3766,-8.3713],[112.3987,-8.3718],[112.4424,-8.3918],[112.5207,-8.3918],[112.5734,-8.4101],[112.6122,-8.4164],[112.6727,-8.447],[112.7019,-8.4223],[112.7478,-8.4129],[112.7842,-8.3868],[112.8079,-8.3989],[112.8338,-8.3757],[112.8574,-8.3927],[112.9027,-8.404],[112.9368,-8.3813],[112.9873,-8.3235],[113.0267,-8.303],[113.0701,-8.2924],[113.1979,-8.2773],[113.2407,-8.2809],[113.282,-8.2921],[113.346,-8.3242],[113.3952,-8.3813],[113.4136,-8.3902],[113.4461,-8.3756],[113.4666,-8.3775],[113.4905,-8.4084],[113.5272,-8.4293],[113.573,-8.426],[113.5969,-8.447],[113.6405,-8.4586],[113.6726,-8.4948],[113.7073,-8.4924],[113.7205,-8.5011],[113.7197,-8.5247],[113.7507,-8.5281],[113.7737,-8.5081],[113.8062,-8.5011],[113.8138,-8.5077],[113.8235,-8.5563],[113.8372,-8.5421],[113.8796,-8.5662],[113.9229,-8.5768],[113.9644,-8.5624],[113.9739,-8.5676],[113.968,-8.6041],[113.98,-8.6202],[114.032,-8.6041],[114.0593,-8.6314],[114.104,-8.6381],[114.1482,-8.6223],[114.1748,-8.6198],[114.197,-8.6456],[114.2209,-8.6365],[114.2617,-8.6109],[114.3026,-8.6119],[114.3496,-8.6325],[114.3853,-8.6647],[114.3919,-8.7003],[114.3698,-8.7263],[114.367,-8.7415],[114.3889,-8.7481],[114.4453,-8.7441],[114.4676,-8.7481],[114.5553,-8.7779],[114.5972,-8.7756],[114.6248,-8.7407],[114.6257,-8.7161],[114.5891,-8.6642],[114.536,-8.6451],[114.5108,-8.6284],[114.4612,-8.6183],[114.4453,-8.6028],[114.4261,-8.5624],[114.4274,-8.4968],[114.4232,-8.465],[114.4056,-8.447],[114.4011,-8.5172],[114.3889,-8.5283],[114.3767,-8.5195],[114.3716,-8.4532],[114.3587,-8.4091],[114.366,-8.3572],[114.4048,-8.1584],[114.4468,-8.0143],[114.4473,-7.9666],[114.4403,-7.9438],[114.4446,-7.9207],[114.4602,-7.895],[114.4673,-7.831],[114.446,-7.7947],[114.3811,-7.7542],[114.3252,-7.7503],[114.2736,-7.7055],[114.2586,-7.7004],[114.196,-7.7141],[114.1722,-7.7135],[114.1404,-7.7009],[114.117,-7.6806],[114.0773,-7.6308],[114.0456,-7.612],[114.0161,-7.6181],[113.9451,-7.678],[113.9094,-7.6861],[113.8547,-7.677],[113.8372,-7.6861],[113.8039,-7.7218],[113.763,-7.7228],[113.723,-7.7083],[113.7,-7.7066],[113.6589,-7.7201],[113.5286,-7.7004],[113.5046,-7.7038],[113.4728,-7.7221],[113.4137,-7.7363],[113.3425,-7.7778],[113.2993,-7.7885],[113.2853,-7.7817],[113.261,-7.7502],[113.2412,-7.7407],[113.1996,-7.7475],[113.1327,-7.7278],[113.0762,-7.6786],[113.0371,-7.655],[112.972,-7.6476],[112.8449,-7.5929],[112.7615,-7.5312],[112.7615,-7.4489],[112.77,-7.4327],[112.8075,-7.4073],[112.8161,-7.3871],[112.8162,-7.3469],[112.8263,-7.2932],[112.8233,-7.2626],[112.8086,-7.2346],[112.7844,-7.2055],[112.7682,-7.1994],[112.7451,-7.2052],[112.7007,-7.2547],[112.6201,-7.2149],[112.6038,-7.1926],[112.6643,-7.1988],[112.679,-7.1926],[112.6838,-7.1749],[112.6584,-7.1376],[112.6328,-7.1238],[112.6106,-7.0794],[112.6177,-7.0706],[112.6658,-7.0549],[112.6574,-7.0379],[112.6287,-7.0453],[112.6095,-7.0334],[112.5828,-6.9899],[112.5867,-6.9656],[112.6026,-6.926],[112.6038,-6.9046],[112.5828,-6.8705],[112.5625,-6.8668],[112.5571,-6.9079],[112.5428,-6.9176],[112.5007,-6.9108],[112.4548,-6.8754],[112.4352,-6.8705],[112.4151,-6.8825],[112.3635,-6.8705],[112.3397,-6.8731],[112.2987,-6.8875],[112.2371,-6.8909],[112.1929,-6.9046],[112.1069,-6.9108],[112.0679,-6.8936],[112.0099,-6.8186],[111.9762,-6.7848],[111.9365,-6.7849],[111.8823,-6.8087],[111.8073,-6.7995],[111.7404,-6.7817],[111.7168,-6.7707],[111.6727,-6.7337]]],[[[115.5706,-6.9046],[115.5535,-6.8894],[115.4836,-6.8517],[115.4608,-6.8425],[115.3792,-6.8347],[115.2757,-6.8354],[115.2443,-6.8464],[115.2554,-6.8631],[115.2185,-6.9044],[115.2214,-6.9397],[115.2759,-6.9387],[115.2656,-6.9835],[115.2933,-7.0076],[115.3106,-7.0007],[115.3005,-6.978],[115.3174,-6.9524],[115.3553,-6.982],[115.3783,-6.9874],[115.4006,-6.9729],[115.3789,-6.9524],[115.3482,-6.9406],[115.3504,-6.9275],[115.3823,-6.9108],[115.4191,-6.9251],[115.4441,-6.9101],[115.4671,-6.9239],[115.5127,-6.9387],[115.5571,-6.94],[115.5723,-6.9306],[115.5706,-6.9046]]],[[[112.7007,-5.726],[112.6571,-5.7367],[112.6454,-5.7321],[112.618,-5.7634],[112.5828,-5.7942],[112.6043,-5.8474],[112.6305,-5.8488],[112.6548,-5.8372],[112.6639,-5.8483],[112.7007,-5.8488],[112.7315,-5.8284],[112.7404,-5.7874],[112.7271,-5.7473],[112.7007,-5.726]]],[[[114.0457,-6.9146],[114.0096,-6.887],[113.968,-6.8705],[113.9237,-6.8648],[113.7931,-6.8825],[113.6721,-6.8794],[113.5262,-6.8963],[113.4456,-6.8824],[113.2734,-6.893],[113.146,-6.8944],[113.0674,-6.881],[112.9817,-6.8913],[112.9153,-6.8917],[112.8732,-6.8977],[112.842,-6.9089],[112.844,-6.9251],[112.7927,-6.9841],[112.7635,-7.011],[112.7341,-7.0281],[112.7009,-7.0333],[112.6926,-7.0585],[112.7013,-7.0921],[112.7199,-7.0828],[112.7199,-7.1479],[112.7264,-7.1588],[112.8181,-7.1614],[113.1279,-7.2311],[113.1487,-7.2148],[113.1034,-7.1789],[113.1096,-7.1515],[113.1223,-7.1394],[113.1587,-7.1585],[113.1458,-7.1658],[113.1587,-7.1852],[113.1655,-7.2199],[113.1865,-7.2233],[113.2344,-7.2076],[113.2691,-7.2175],[113.4227,-7.2267],[113.4725,-7.222],[113.4952,-7.2306],[113.5134,-7.2478],[113.549,-7.2338],[113.5828,-7.1535],[113.6101,-7.1292],[113.6453,-7.1311],[113.6652,-7.11],[113.7062,-7.1136],[113.8325,-7.132],[113.8728,-7.1288],[113.8954,-7.1205],[113.8863,-7.0995],[113.8707,-7.0952],[113.8919,-7.0592],[113.91,-7.0481],[113.9556,-7.0449],[113.9811,-7.0207],[114.0511,-7.0114],[114.0967,-6.9829],[114.1248,-6.9816],[114.1098,-6.9469],[114.0935,-6.9327],[114.0457,-6.9146]]],[[[114.5938,-7.1305],[114.5501,-7.1169],[114.5046,-7.1344],[114.5002,-7.1583],[114.5327,-7.1585],[114.6188,-7.1672],[114.6218,-7.1373],[114.5938,-7.1305]]],[[[114.3693,-7.0896],[114.3429,-7.0558],[114.3223,-7.05],[114.2948,-7.0547],[114.2698,-7.0808],[114.2732,-7.1012],[114.2928,-7.1432],[114.3252,-7.1476],[114.3318,-7.1594],[114.3783,-7.1782],[114.3919,-7.1789],[114.3969,-7.1315],[114.3693,-7.0896]]],[[[115.8909,-7.1071],[115.886,-7.1296],[115.8667,-7.1373],[115.8802,-7.1585],[115.8428,-7.1576],[115.808,-7.1498],[115.7782,-7.1155],[115.7699,-7.1422],[115.743,-7.1503],[115.7573,-7.1697],[115.7959,-7.19],[115.8377,-7.1972],[115.8757,-7.1857],[115.8943,-7.1645],[115.896,-7.1249],[115.8909,-7.1071]]]]},"properties":{"name":"Jawa Timur","name_en":"East Java","name_ja":"東ジャワ州","name_zh":"东爪哇省","name_ko":"동자와","adm0_a3":"IDN","postal":"JI","iso_3166_2":"ID-JI","type_en":"Province","geonunit":"Indonesia"}},
{"type":"Feature","geometry":{"type":"MultiPolygon","coordinates":[[[[128.2312,-8.2512],[128.2219,-8.2089],[128.1927,-8.2009],[128.1392,-8.2165],[128.1179,-8.2068],[128.1038,-8.2118],[128.0833,-8.2546],[128.1037,-8.2751],[128.1516,-8.2846],[128.2073,-8.2819],[128.2315,-8.2729],[128.2312,-8.2512]]],[[[129.0296,-8.2068],[128.9854,-8.1857],[128.8895,-8.1778],[128.8584,-8.1857],[128.8345,-8.1998],[128.8523,-8.2229],[128.8877,-8.2449],[128.9164,-8.2547],[128.9492,-8.236],[128.9934,-8.2615],[129.016,-8.2614],[129.035,-8.2361],[129.0296,-8.2068]]],[[[127.7419,-8.1589],[127.7026,-8.1515],[127.683,-8.1552],[127.604,-8.2068],[127.6208,-8.2127],[127.6481,-8.2358],[127.6891,-8.2379],[127.7244,-8.2237],[127.7688,-8.2126],[127.772,-8.1944],[127.7419,-8.1589]]],[[[127.2163,-8.027],[127.2019,-8.0198],[127.1707,-8.0239],[127.1556,-8.0484],[127.1521,-8.0969],[127.2022,-8.1113],[127.2249,-8.1086],[127.2346,-8.0865],[127.2321,-8.0543],[127.2163,-8.027]]],[[[131.105,-7.629],[131.0784,-7.6334],[131.0403,-7.6502],[130.9995,-7.6575],[130.9824,-7.6718],[130.9712,-7.7013],[130.9868,-7.7118],[131.0438,-7.7135],[131.0359,-7.6876],[131.0498,-7.6838],[131.0923,-7.6923],[131.1092,-7.6818],[131.1326,-7.6233],[131.105,-7.629]]],[[[130.9686,-7.5346],[130.9846,-7.5182],[130.9448,-7.5216],[130.9067,-7.5075],[130.8937,-7.5141],[130.8587,-7.4869],[130.8445,-7.5138],[130.8452,-7.5421],[130.8977,-7.5545],[130.9377,-7.5558],[130.9585,-7.5421],[130.9792,-7.5553],[130.9883,-7.5452],[130.9686,-7.5346]]],[[[131.1748,-7.4042],[131.1672,-7.4],[131.1248,-7.4104],[131.0674,-7.4177],[131.0271,-7.413],[131.0033,-7.4245],[130.9852,-7.456],[131.0049,-7.4858],[131.0718,-7.4794],[131.0574,-7.5079],[131.0889,-7.4977],[131.096,-7.4814],[131.127,-7.4664],[131.1659,-7.4245],[131.1829,-7.4159],[131.1748,-7.4042]]],[[[131.2839,-7.3298],[131.265,-7.2971],[131.243,-7.3298],[131.2158,-7.3571],[131.2771,-7.3708],[131.271,-7.3571],[131.2976,-7.3366],[131.2976,-7.3191],[131.2839,-7.3298]]],[[[131.5974,-6.6791],[131.5657,-6.6965],[131.5374,-6.7381],[131.5274,-6.7809],[131.551,-6.8015],[131.582,-6.7817],[131.5913,-6.7677],[131.5662,-6.7516],[131.5687,-6.7326],[131.584,-6.7195],[131.6062,-6.7271],[131.6245,-6.7097],[131.6193,-6.6825],[131.5974,-6.6791]]],[[[134.7074,-6.589],[134.6877,-6.592],[134.6766,-6.6105],[134.6658,-6.6505],[134.6283,-6.7094],[134.6301,-6.7358],[134.6214,-6.747],[134.6694,-6.7729],[134.6804,-6.7433],[134.7222,-6.6828],[134.7376,-6.631],[134.7302,-6.6047],[134.7074,-6.589]]],[[[134.6078,-6.4215],[134.6023,-6.4046],[134.5747,-6.3748],[134.5442,-6.3639],[134.5047,-6.3212],[134.4522,-6.288],[134.4378,-6.2851],[134.4064,-6.2996],[134.3565,-6.3416],[134.3472,-6.3596],[134.3584,-6.3795],[134.4177,-6.4064],[134.4273,-6.4264],[134.4639,-6.4249],[134.4912,-6.4623],[134.4959,-6.4853],[134.5116,-6.5136],[134.5418,-6.5295],[134.5606,-6.516],[134.5657,-6.4914],[134.5537,-6.4732],[134.5881,-6.4553],[134.6078,-6.4215]]],[[[134.8406,-6.2877],[134.8338,-6.3424],[134.8142,-6.3458],[134.799,-6.3705],[134.7941,-6.402],[134.8064,-6.4317],[134.7984,-6.4522],[134.8263,-6.4732],[134.8377,-6.4601],[134.8611,-6.3901],[134.8859,-6.3364],[134.8838,-6.2995],[134.8561,-6.2838],[134.8406,-6.2877]]],[[[134.3779,-6.2541],[134.356,-6.2546],[134.3615,-6.2394],[134.3333,-6.2346],[134.2998,-6.1845],[134.2715,-6.1784],[134.2341,-6.1301],[134.2373,-6.1101],[134.2658,-6.0774],[134.2715,-6.0617],[134.2448,-6.0759],[134.2258,-6.0287],[134.2068,-6.0253],[134.1553,-6.048],[134.1553,-6.0065],[134.126,-6.0343],[134.1149,-6.0768],[134.1204,-6.1222],[134.1411,-6.1579],[134.1716,-6.1365],[134.186,-6.134],[134.1895,-6.1505],[134.1623,-6.1965],[134.1826,-6.2057],[134.2028,-6.1943],[134.2179,-6.2076],[134.2339,-6.2394],[134.2776,-6.2751],[134.304,-6.2875],[134.3267,-6.3082],[134.3377,-6.332],[134.3665,-6.3157],[134.3975,-6.2849],[134.4229,-6.2809],[134.3779,-6.2541]]],[[[132.7974,-5.6091],[132.811,-5.5556],[132.7849,-5.5615],[132.7849,-5.5273],[132.7653,-5.5453],[132.7508,-5.5735],[132.7432,-5.6303],[132.7637,-5.6788],[132.7805,-5.6804],[132.7849,-5.6576],[132.8054,-5.685],[132.8128,-5.6713],[132.7967,-5.6257],[132.7974,-5.6091]]],[[[132.3186,-5.5136],[132.3088,-5.5357],[132.3343,-5.5729],[132.3633,-5.5629],[132.3807,-5.5341],[132.3462,-5.5359],[132.3186,-5.5136]]],[[[129.9273,-4.5304],[129.9181,-4.5372],[129.874,-4.5458],[129.8591,-4.5548],[129.8838,-4.5556],[129.8993,-4.5683],[129.9456,-4.5561],[129.9485,-4.5143],[129.9318,-4.5151],[129.9273,-4.5304]]],[[[127.2346,-3.8211],[127.1819,-3.8085],[127.1652,-3.8141],[127.1379,-3.8469],[127.136,-3.8699],[127.1726,-3.9101],[127.227,-3.9171],[127.2414,-3.9108],[127.256,-3.8745],[127.2532,-3.8492],[127.2346,-3.8211]]],[[[127.6155,-3.3074],[127.583,-3.268],[127.564,-3.2558],[127.5264,-3.2543],[127.5096,-3.2765],[127.4805,-3.2934],[127.5197,-3.3303],[127.5654,-3.3385],[127.6245,-3.3617],[127.6436,-3.3561],[127.6416,-3.3403],[127.6155,-3.3074]]],[[[127.7722,-3.1625],[127.7614,-3.1515],[127.7063,-3.1563],[127.6597,-3.2014],[127.6433,-3.2244],[127.6585,-3.2457],[127.6792,-3.2516],[127.7785,-3.2442],[127.7964,-3.2115],[127.7844,-3.1687],[127.7722,-3.1625]]],[[[127.9541,-2.9167],[127.926,-2.9167],[127.9329,-2.946],[127.9124,-2.9638],[127.8965,-2.9618],[127.8753,-2.983],[127.854,-2.9894],[127.8255,-3.0165],[127.8384,-3.0333],[127.9185,-3.0292],[127.9473,-3.0185],[127.9609,-2.9835],[127.9944,-2.9391],[127.9541,-2.9167]]],[[[128.0906,-8.131],[128.0574,-8.142],[128.0178,-8.1432],[127.9403,-8.131],[127.8679,-8.1062],[127.8325,-8.0986],[127.7742,-8.1034],[127.7616,-8.1174],[127.7852,-8.1316],[127.8021,-8.1762],[127.8436,-8.2057],[127.9253,-8.2151],[127.952,-8.2239],[127.9942,-8.2519],[128.0256,-8.2614],[128.0415,-8.2551],[128.054,-8.2268],[128.1179,-8.1789],[128.1235,-8.1503],[128.0906,-8.131]]],[[[131.1094,-8.131],[131.0889,-8.1515],[131.0772,-8.142],[131.0855,-8.1249],[131.0376,-8.0833],[131.0144,-8.0954],[130.9738,-8.1453],[130.9264,-8.1325],[130.9134,-8.1589],[130.9222,-8.1984],[130.9055,-8.2194],[130.855,-8.24],[130.8358,-8.2686],[130.8153,-8.2853],[130.7634,-8.3508],[130.8109,-8.3513],[130.8794,-8.3093],[130.8963,-8.2844],[130.8937,-8.2512],[130.9517,-8.2335],[130.9911,-8.2348],[131.0612,-8.2058],[131.1009,-8.1796],[131.1608,-8.1523],[131.1817,-8.1249],[131.1602,-8.1187],[131.1094,-8.131]]],[[[129.8412,-7.8779],[129.8446,-7.8362],[129.8106,-7.8165],[129.7752,-7.8171],[129.7249,-7.796],[129.6325,-7.796],[129.6012,-7.8073],[129.5876,-7.8356],[129.5852,-7.902],[129.5942,-7.924],[129.6885,-8.0284],[129.6939,-8.0383],[129.7588,-8.0545],[129.7764,-8.0554],[129.8115,-7.983],[129.8591,-7.9325],[129.861,-7.8989],[129.8412,-7.8779]]],[[[126.8368,-7.7263],[126.8291,-7.6955],[126.8132,-7.6686],[126.7988,-7.6642],[126.7376,-7.6718],[126.7217,-7.6681],[126.6927,-7.6376],[126.647,-7.617],[126.6309,-7.5986],[126.627,-7.56],[126.6035,-7.5694],[126.5038,-7.5904],[126.4524,-7.6196],[126.398,-7.6438],[126.3464,-7.6891],[126.3284,-7.6957],[126.2615,-7.6861],[126.2031,-7.7135],[126.0462,-7.6935],[125.9927,-7.6616],[125.9689,-7.6601],[125.9479,-7.6783],[125.9082,-7.7441],[125.884,-7.7543],[125.8698,-7.8147],[125.825,-7.837],[125.8084,-7.8642],[125.8084,-7.9343],[125.7759,-7.9918],[125.7742,-8.0076],[125.7893,-8.016],[125.812,-8.0076],[125.8977,-7.9392],[125.9181,-7.9325],[125.9251,-7.9119],[125.9803,-7.9035],[125.9988,-7.8937],[126.075,-7.8839],[126.0901,-7.8915],[126.1145,-7.883],[126.1369,-7.8886],[126.169,-7.9157],[126.1898,-7.9235],[126.2744,-7.9119],[126.3503,-7.9293],[126.4219,-7.9325],[126.4662,-7.9666],[126.5042,-7.9124],[126.5044,-7.8881],[126.5593,-7.8199],[126.5973,-7.8022],[126.6314,-7.7755],[126.7134,-7.7475],[126.7279,-7.7547],[126.7923,-7.7475],[126.8235,-7.7624],[126.8392,-7.7482],[126.8368,-7.7263]]],[[[127.4702,-7.5278],[127.4185,-7.5079],[127.3727,-7.5061],[127.3644,-7.5368],[127.3757,-7.5699],[127.3762,-7.5959],[127.3484,-7.6153],[127.3577,-7.6557],[127.3986,-7.6438],[127.4084,-7.6233],[127.4673,-7.5991],[127.4878,-7.5793],[127.4893,-7.5445],[127.4702,-7.5278]]],[[[131.6986,-7.2267],[131.7261,-7.2166],[131.7395,-7.196],[131.7041,-7.1315],[131.6765,-7.1606],[131.6546,-7.1721],[131.661,-7.1286],[131.6543,-7.1129],[131.6375,-7.1091],[131.5899,-7.1202],[131.537,-7.1542],[131.5288,-7.1701],[131.5448,-7.2199],[131.494,-7.2296],[131.4827,-7.2547],[131.4627,-7.2787],[131.4485,-7.3093],[131.4531,-7.3344],[131.397,-7.3434],[131.3933,-7.3708],[131.3728,-7.398],[131.3557,-7.4353],[131.347,-7.4382],[131.3281,-7.4179],[131.3152,-7.4229],[131.2547,-7.4723],[131.2327,-7.5071],[131.2248,-7.5463],[131.1952,-7.5968],[131.1813,-7.6496],[131.1948,-7.6838],[131.2117,-7.6949],[131.2498,-7.7066],[131.2039,-7.7133],[131.1392,-7.6861],[131.1226,-7.691],[131.1148,-7.707],[131.1196,-7.7338],[131.1331,-7.7263],[131.1374,-7.7434],[131.1537,-7.7407],[131.157,-7.7743],[131.14,-7.7755],[131.1611,-7.8097],[131.1528,-7.8219],[131.1196,-7.8165],[131.1026,-7.8285],[131.0857,-7.8718],[131.0923,-7.8915],[131.116,-7.8987],[131.127,-7.9291],[131.1066,-7.9913],[131.1162,-8.0007],[131.1908,-8.0066],[131.2297,-8.0035],[131.2573,-7.9871],[131.2659,-7.9544],[131.2835,-7.9361],[131.3108,-7.954],[131.2915,-8.0113],[131.2993,-8.0256],[131.3167,-8.018],[131.3455,-7.9871],[131.3609,-7.9474],[131.3386,-7.9392],[131.3482,-7.9221],[131.3796,-7.8915],[131.3899,-7.8471],[131.4749,-7.783],[131.469,-7.7618],[131.49,-7.7633],[131.5032,-7.7475],[131.4969,-7.7263],[131.5134,-7.717],[131.5584,-7.7066],[131.5794,-7.6889],[131.5986,-7.6485],[131.6189,-7.637],[131.6433,-7.5991],[131.6526,-7.5549],[131.6687,-7.5092],[131.6609,-7.4869],[131.6755,-7.4802],[131.6992,-7.414],[131.6609,-7.3839],[131.6734,-7.3718],[131.6694,-7.344],[131.6487,-7.3103],[131.6428,-7.2548],[131.6665,-7.2239],[131.6986,-7.2267]]],[[[131.9822,-7.1889],[131.9771,-7.1741],[131.9535,-7.1541],[131.9338,-7.1116],[131.9185,-7.1036],[131.757,-7.11],[131.7322,-7.1412],[131.7427,-7.1584],[131.7722,-7.165],[131.8428,-7.1618],[131.8779,-7.1645],[131.904,-7.1804],[131.9141,-7.2165],[131.9656,-7.2547],[131.9817,-7.2457],[131.986,-7.2253],[131.9822,-7.1889]]],[[[128.6697,-7.1374],[128.6913,-7.1332],[128.6997,-7.1096],[128.6864,-7.0964],[128.6524,-7.0895],[128.6196,-7.0632],[128.5925,-7.073],[128.5394,-7.1122],[128.5288,-7.1305],[128.5327,-7.1511],[128.584,-7.1789],[128.6387,-7.2199],[128.6805,-7.1725],[128.6585,-7.1438],[128.6697,-7.1374]]],[[[134.4844,-6.5756],[134.4776,-6.5313],[134.49,-6.5113],[134.45,-6.4413],[134.4365,-6.4452],[134.3924,-6.4083],[134.3494,-6.3998],[134.3128,-6.3742],[134.2878,-6.3419],[134.2998,-6.3159],[134.2946,-6.2978],[134.2472,-6.2683],[134.1987,-6.2243],[134.1638,-6.215],[134.136,-6.1769],[134.1027,-6.1801],[134.0991,-6.2257],[134.1216,-6.2919],[134.1275,-6.3253],[134.1204,-6.4199],[134.137,-6.4504],[134.1895,-6.4452],[134.1912,-6.4628],[134.2083,-6.4898],[134.21,-6.5074],[134.1858,-6.4892],[134.1311,-6.4797],[134.1175,-6.4521],[134.1038,-6.4749],[134.0859,-6.642],[134.0666,-6.7197],[134.0545,-6.7516],[134.055,-6.7752],[134.0734,-6.8268],[134.0899,-6.8383],[134.1462,-6.859],[134.1851,-6.9186],[134.2074,-6.9113],[134.2448,-6.8835],[134.3107,-6.8595],[134.3589,-6.8207],[134.3643,-6.8078],[134.3472,-6.8015],[134.3983,-6.7197],[134.4089,-6.715],[134.4365,-6.6821],[134.4204,-6.6642],[134.4017,-6.6575],[134.4287,-6.6528],[134.4722,-6.6618],[134.4993,-6.6378],[134.5215,-6.5868],[134.4844,-6.5756]]],[[[132.802,-5.7874],[132.7859,-5.7797],[132.7713,-5.7184],[132.7572,-5.7229],[132.7437,-5.6684],[132.7336,-5.655],[132.7111,-5.6586],[132.6906,-5.6501],[132.7029,-5.6168],[132.6975,-5.5974],[132.6614,-5.6235],[132.6198,-5.603],[132.6409,-5.6433],[132.6438,-5.6755],[132.6614,-5.6788],[132.655,-5.7088],[132.6751,-5.7122],[132.6887,-5.76],[132.6745,-5.76],[132.6716,-5.7834],[132.6751,-5.8357],[132.6634,-5.8386],[132.6697,-5.9],[132.6919,-5.9288],[132.7087,-5.9275],[132.716,-5.8967],[132.7415,-5.9504],[132.7756,-5.9239],[132.8054,-5.8625],[132.8123,-5.8196],[132.802,-5.7874]]],[[[134.7581,-6.1579],[134.7407,-6.1712],[134.6911,-6.1881],[134.7029,-6.1579],[134.7171,-6.1647],[134.7546,-6.1355],[134.7682,-6.113],[134.7722,-6.0896],[134.7273,-6.0276],[134.7114,-6.0203],[134.6707,-5.9867],[134.657,-5.9539],[134.6426,-5.9475],[134.6011,-5.9518],[134.626,-5.933],[134.6543,-5.9333],[134.676,-5.9518],[134.721,-5.9716],[134.7361,-5.9695],[134.7239,-5.945],[134.7376,-5.945],[134.7029,-5.926],[134.6995,-5.9026],[134.7202,-5.9006],[134.7239,-5.9177],[134.7649,-5.8904],[134.7512,-5.8767],[134.7544,-5.8608],[134.7433,-5.8469],[134.7029,-5.8357],[134.7312,-5.8029],[134.7376,-5.76],[134.7171,-5.7526],[134.7264,-5.7112],[134.7398,-5.6852],[134.7581,-5.6713],[134.7368,-5.638],[134.7102,-5.6091],[134.6724,-5.5888],[134.6414,-5.5792],[134.676,-5.5689],[134.6686,-5.5478],[134.6965,-5.5341],[134.6482,-5.4931],[134.6283,-5.4448],[134.5812,-5.4242],[134.5397,-5.4406],[134.5155,-5.4295],[134.4912,-5.4482],[134.492,-5.4958],[134.502,-5.5103],[134.5047,-5.5478],[134.4912,-5.5409],[134.4725,-5.5579],[134.457,-5.5341],[134.4124,-5.6139],[134.4041,-5.6409],[134.3677,-5.6713],[134.3518,-5.7145],[134.3097,-5.7126],[134.2772,-5.6857],[134.2578,-5.6788],[134.2155,-5.6959],[134.202,-5.7125],[134.2066,-5.7291],[134.2327,-5.7509],[134.2651,-5.7669],[134.3182,-5.7726],[134.3309,-5.804],[134.341,-5.8043],[134.3615,-5.7805],[134.3783,-5.7937],[134.3765,-5.8056],[134.354,-5.8283],[134.3604,-5.8495],[134.3235,-5.8683],[134.3225,-5.8894],[134.2881,-5.9239],[134.3191,-5.9661],[134.3018,-6.0163],[134.313,-6.0276],[134.3693,-6.0239],[134.3489,-6.0509],[134.312,-6.0471],[134.2925,-6.0549],[134.2759,-6.0836],[134.2766,-6.1193],[134.2914,-6.1563],[134.3161,-6.1891],[134.3335,-6.2214],[134.3587,-6.2198],[134.3716,-6.2376],[134.4378,-6.2641],[134.502,-6.2992],[134.5537,-6.3559],[134.5706,-6.3488],[134.6078,-6.3696],[134.6302,-6.3513],[134.7018,-6.3219],[134.7513,-6.2192],[134.7437,-6.1988],[134.7581,-6.1579]]],[[[133.1843,-5.3103],[133.1726,-5.2965],[133.1379,-5.2873],[133.1101,-5.311],[133.1043,-5.3507],[133.0759,-5.398],[133.0387,-5.5136],[133.023,-5.5485],[133.0149,-5.6071],[133.0041,-5.6471],[132.9966,-5.6515],[132.9641,-5.6407],[132.9289,-5.698],[132.9289,-5.7771],[132.9001,-5.8139],[132.8405,-5.985],[132.8568,-5.9894],[132.9495,-5.8743],[132.9585,-5.8443],[132.9494,-5.7942],[132.9575,-5.7614],[132.9754,-5.7287],[133.0335,-5.6544],[133.0796,-5.6318],[133.1133,-5.5956],[133.1389,-5.5212],[133.1654,-5.3801],[133.1843,-5.362],[133.1887,-5.3445],[133.1843,-5.3103]]],[[[131.7331,-4.693],[131.7261,-4.7078],[131.729,-4.7547],[131.7487,-4.759],[131.7544,-4.7365],[131.7502,-4.7105],[131.7331,-4.693]]],[[[131.6062,-4.4304],[131.6165,-4.4416],[131.6609,-4.5343],[131.6804,-4.524],[131.6707,-4.4902],[131.6335,-4.4304],[131.6062,-4.4304]]],[[[131.366,-4.1222],[131.2883,-4.0634],[131.2805,-4.0795],[131.305,-4.1153],[131.3527,-4.1334],[131.3854,-4.1562],[131.3855,-4.1402],[131.366,-4.1222]]],[[[131.235,-3.9876],[131.2092,-3.9789],[131.2165,-4.0186],[131.2396,-4.0471],[131.2505,-4.0323],[131.2498,-4.0097],[131.235,-3.9876]]],[[[131.4448,-4.0367],[131.416,-3.9586],[131.3944,-3.9516],[131.366,-3.9684],[131.3701,-3.9853],[131.4006,-4.0471],[131.4219,-4.0629],[131.4533,-4.0558],[131.4448,-4.0367]]],[[[128.7962,-3.6428],[128.7769,-3.6373],[128.758,-3.6436],[128.7463,-3.6598],[128.7485,-3.6839],[128.7617,-3.6996],[128.7971,-3.6938],[128.8106,-3.6764],[128.7962,-3.6428]]],[[[128.5288,-3.533],[128.4614,-3.5121],[128.4271,-3.5227],[128.4102,-3.5432],[128.406,-3.5702],[128.3875,-3.6269],[128.3929,-3.6428],[128.4317,-3.627],[128.4906,-3.6186],[128.5638,-3.5919],[128.5588,-3.5705],[128.5288,-3.533]]],[[[128.3308,-3.5119],[128.2871,-3.5046],[128.2417,-3.5221],[128.1587,-3.5846],[128.1473,-3.5885],[128.0625,-3.5836],[128.0345,-3.589],[127.9841,-3.6205],[127.9609,-3.6403],[127.9124,-3.7031],[127.9334,-3.7634],[127.9541,-3.7732],[127.986,-3.7716],[128.0427,-3.718],[128.0807,-3.7082],[128.1452,-3.6764],[128.1838,-3.6469],[128.2029,-3.6393],[128.221,-3.6491],[128.2044,-3.6681],[128.152,-3.7031],[128.1271,-3.7494],[128.0974,-3.7732],[128.1287,-3.7696],[128.1615,-3.739],[128.2365,-3.7223],[128.2549,-3.7096],[128.2782,-3.6744],[128.2512,-3.6326],[128.252,-3.6149],[128.2692,-3.6158],[128.3097,-3.6354],[128.335,-3.6272],[128.3372,-3.6116],[128.3234,-3.5702],[128.3494,-3.5295],[128.3308,-3.5119]]],[[[128.7206,-3.5256],[128.7057,-3.5025],[128.6932,-3.502],[128.6729,-3.5398],[128.6317,-3.5226],[128.5978,-3.4918],[128.561,-3.4937],[128.5679,-3.528],[128.6275,-3.6176],[128.656,-3.6124],[128.6524,-3.5808],[128.6688,-3.5693],[128.7066,-3.603],[128.728,-3.6149],[128.7264,-3.546],[128.7206,-3.5256]]],[[[127.2409,-3.471],[127.2688,-3.3859],[127.2598,-3.3712],[127.1931,-3.3556],[127.1589,-3.3372],[127.1379,-3.3398],[127.1248,-3.3632],[127.0947,-3.3621],[127.0628,-3.3344],[127.0462,-3.3054],[127.0422,-3.2724],[127.0559,-3.2595],[127.0935,-3.2724],[127.1118,-3.2721],[127.1069,-3.2188],[127.0935,-3.2008],[127.035,-3.1735],[127.0007,-3.1495],[126.9341,-3.1305],[126.9187,-3.1147],[126.8934,-3.1256],[126.8589,-3.0859],[126.84,-3.0737],[126.7202,-3.0602],[126.4214,-3.0705],[126.2971,-3.1059],[126.2583,-3.122],[126.2266,-3.1495],[126.2277,-3.1748],[126.1851,-3.1809],[126.1363,-3.1606],[126.1216,-3.1479],[126.1109,-3.1217],[126.0909,-3.1121],[126.0173,-3.1712],[125.9917,-3.2482],[126.0072,-3.361],[126.0412,-3.4129],[126.0526,-3.4463],[126.0881,-3.4836],[126.1486,-3.5255],[126.1653,-3.568],[126.1736,-3.6025],[126.203,-3.631],[126.2439,-3.6314],[126.2749,-3.6633],[126.3247,-3.6876],[126.3806,-3.7031],[126.4389,-3.7504],[126.5251,-3.7899],[126.5585,-3.7933],[126.5893,-3.8166],[126.6743,-3.8425],[126.6966,-3.8638],[126.7189,-3.8549],[126.7422,-3.8594],[126.7771,-3.8327],[126.8269,-3.8101],[126.907,-3.7873],[126.9461,-3.7658],[126.9807,-3.7245],[127.1216,-3.6533],[127.1414,-3.6491],[127.1858,-3.6599],[127.2057,-3.6596],[127.2272,-3.6428],[127.2434,-3.6061],[127.2409,-3.471]]],[[[130.8732,-3.574],[130.8314,-3.5265],[130.8108,-3.4846],[130.8109,-3.4649],[130.8316,-3.4579],[130.8166,-3.4343],[130.793,-3.4164],[130.7615,-3.4059],[130.6667,-3.4036],[130.6372,-3.3536],[130.6328,-3.3378],[130.631,-3.2527],[130.6222,-3.2126],[130.6022,-3.1801],[130.592,-3.1388],[130.5785,-3.1228],[130.4889,-3.0875],[130.3893,-2.9938],[130.345,-2.9776],[130.3015,-2.9772],[130.2127,-2.9904],[130.0466,-2.9921],[129.9649,-2.9736],[129.9439,-2.9645],[129.9116,-2.9332],[129.895,-2.9254],[129.8856,-2.9366],[129.8621,-2.903],[129.8255,-2.9177],[129.798,-2.9064],[129.7781,-2.8754],[129.6118,-2.8068],[129.5549,-2.799],[129.541,-2.78],[129.5232,-2.7863],[129.4435,-2.7849],[129.4002,-2.7916],[129.3729,-2.8068],[129.3584,-2.8562],[129.3284,-2.8668],[129.2761,-2.8962],[129.2278,-2.9152],[129.2185,-2.9412],[129.1919,-2.923],[129.1795,-2.9264],[129.1854,-2.9552],[129.1526,-2.9513],[129.1218,-2.9577],[129.1052,-2.9479],[129.0794,-2.9054],[129.0645,-2.8962],[129.0706,-2.8549],[129.0689,-2.8212],[129.0529,-2.8045],[129.016,-2.8142],[128.9473,-2.8444],[128.8652,-2.8621],[128.8005,-2.8562],[128.6008,-2.8547],[128.5755,-2.8513],[128.5159,-2.8342],[128.4597,-2.8463],[128.4173,-2.8505],[128.381,-2.86],[128.2124,-2.8605],[128.1755,-2.857],[128.1561,-2.8932],[128.1389,-2.8962],[128.1389,-2.9098],[128.1211,-2.9445],[128.0769,-2.9577],[128.07,-2.9706],[128.1063,-2.9755],[128.1179,-2.9843],[128.095,-3.0109],[128.0918,-3.0346],[128.1037,-3.067],[128.0838,-3.0737],[128.0462,-3.0659],[128.0081,-3.0737],[127.9673,-3.1037],[127.9387,-3.1134],[127.9056,-3.1495],[127.8648,-3.1563],[127.8423,-3.1733],[127.868,-3.1938],[127.8753,-3.2088],[127.8858,-3.2662],[127.9302,-3.3233],[127.9334,-3.3897],[127.9031,-3.4767],[127.8986,-3.5239],[127.926,-3.5535],[127.9439,-3.5157],[127.9359,-3.497],[127.9529,-3.4439],[127.9876,-3.3761],[128.0222,-3.3686],[128.0315,-3.3577],[128.0569,-3.2968],[128.0666,-3.197],[128.0907,-3.132],[128.1106,-3.1],[128.1358,-3.0754],[128.1658,-3.067],[128.1843,-3.0744],[128.2,-3.1114],[128.1859,-3.1407],[128.1787,-3.1943],[128.231,-3.2088],[128.2721,-3.2115],[128.2821,-3.2209],[128.3992,-3.4101],[128.4162,-3.426],[128.4841,-3.4625],[128.5083,-3.457],[128.5493,-3.4374],[128.5869,-3.4343],[128.6359,-3.4366],[128.6776,-3.4323],[128.6939,-3.4101],[128.676,-3.3948],[128.675,-3.3754],[128.6926,-3.3487],[128.7769,-3.2794],[128.7922,-3.2604],[128.8509,-3.2382],[128.8775,-3.2026],[128.9529,-3.2204],[128.9819,-3.2519],[128.947,-3.3002],[128.9396,-3.3326],[128.9608,-3.3556],[128.9842,-3.3474],[129.0584,-3.3408],[129.1135,-3.3488],[129.1936,-3.3897],[129.2362,-3.4016],[129.3581,-3.4101],[129.4015,-3.4229],[129.4856,-3.4635],[129.53,-3.4648],[129.5632,-3.4396],[129.5514,-3.4033],[129.502,-3.3344],[129.5096,-3.3025],[129.5449,-3.2978],[129.8905,-3.3331],[129.9338,-3.3483],[129.9613,-3.3823],[129.9613,-3.4201],[129.9832,-3.4597],[130.0371,-3.4915],[130.1019,-3.5119],[130.1265,-3.533],[130.3108,-3.5939],[130.3565,-3.6247],[130.4188,-3.6369],[130.448,-3.6565],[130.4778,-3.6974],[130.5352,-3.7118],[130.5647,-3.7316],[130.6069,-3.7785],[130.7312,-3.8259],[130.7673,-3.8341],[130.7996,-3.8617],[130.8179,-3.8688],[130.8416,-3.865],[130.8247,-3.8245],[130.8316,-3.6941],[130.8732,-3.6149],[130.8732,-3.574]]],[[[130.0667,-7.7626],[130.0309,-7.7626],[130.0256,-7.7726],[130.0803,-7.7874],[130.0838,-7.7726],[130.0667,-7.7626]]],[[[130.0078,-7.7249],[129.992,-7.7021],[129.9789,-7.7127],[129.9972,-7.7482],[130.0154,-7.7441],[130.0078,-7.7249]]],[[[129.6751,-7.5715],[129.6946,-7.5776],[129.7122,-7.5695],[129.7068,-7.5548],[129.6907,-7.56],[129.6585,-7.5351],[129.6553,-7.5605],[129.6751,-7.5715]]],[[[129.125,-6.9933],[129.1504,-6.9915],[129.1448,-6.9621],[129.1174,-6.9728],[129.125,-6.9933]]],[[[129.4845,-6.7553],[129.5013,-6.7706],[129.5181,-6.7631],[129.5291,-6.7231],[129.4863,-6.7291],[129.4845,-6.7553]]],[[[130.0137,-6.3284],[130.0261,-6.3185],[130.0038,-6.3062],[129.9987,-6.3172],[130.0137,-6.3284]]],[[[131.9865,-5.3176],[131.9624,-5.3435],[131.9595,-5.373],[131.9656,-5.3888],[132.0003,-5.3732],[132.0163,-5.3308],[132.0086,-5.3128],[131.9865,-5.3176]]],[[[129.7578,-4.5226],[129.7703,-4.5393],[129.7783,-4.5245],[129.7578,-4.5226]]],[[[134.7278,-6.5046],[134.7048,-6.4705],[134.6633,-6.4548],[134.6238,-6.4861],[134.6443,-6.5208],[134.6563,-6.559],[134.6748,-6.5631],[134.7298,-6.5462],[134.7344,-6.5258],[134.7278,-6.5046]]],[[[134.2127,-5.7587],[134.1777,-5.7545],[134.1697,-5.7683],[134.1697,-5.8111],[134.1805,-5.8273],[134.2069,-5.8273],[134.2204,-5.8156],[134.2283,-5.7734],[134.2127,-5.7587]]]]},"properties":{"name":"Maluku","name_en":"Maluku","name_ja":"マルク州","name_zh":"马鲁古省","name_ko":"말루쿠","adm0_a3":"IDN","postal":"MA","iso_3166_2":"ID-MA","type_en":"Province","geonunit":"Indonesia"}},
{"type":"Feature","geometry":{"type":"MultiPolygon","coordinates":[[[[117.6643,-8.1481],[117.5635,-8.1452],[117.4939,-8.1762],[117.4816,-8.195],[117.4827,-8.2507],[117.5108,-8.281],[117.5112,-8.2955],[117.4856,-8.343],[117.4925,-8.361],[117.5339,-8.3849],[117.5537,-8.379],[117.5666,-8.3639],[117.6206,-8.2536],[117.6403,-8.2241],[117.6926,-8.1835],[117.6917,-8.1647],[117.6643,-8.1481]]],[[[116.6333,-8.2751],[116.573,-8.2641],[116.5391,-8.2438],[116.4974,-8.2374],[116.4247,-8.2177],[116.3938,-8.2011],[116.3762,-8.2018],[116.2864,-8.2363],[116.2697,-8.2477],[116.1809,-8.3372],[116.1228,-8.3744],[116.0979,-8.4085],[116.0691,-8.4062],[116.05,-8.4146],[116.0279,-8.445],[116.0386,-8.5004],[116.063,-8.5213],[116.0726,-8.5778],[116.0707,-8.6385],[116.0603,-8.7139],[116.0915,-8.727],[116.0657,-8.76],[116.0505,-8.7345],[116.0232,-8.7481],[115.983,-8.7371],[115.9544,-8.7537],[115.8923,-8.7548],[115.8794,-8.7248],[115.8486,-8.7248],[115.8338,-8.7489],[115.8286,-8.7918],[115.8393,-8.8169],[115.8674,-8.8212],[115.9282,-8.8549],[115.9692,-8.8494],[115.9885,-8.8673],[116.0021,-8.8989],[116.0193,-8.9081],[116.0403,-8.9023],[116.0361,-8.8705],[116.0686,-8.8557],[116.0838,-8.865],[116.0642,-8.884],[116.0772,-8.8946],[116.1013,-8.8889],[116.1057,-8.8747],[116.1524,-8.8757],[116.1785,-8.8878],[116.2048,-8.92],[116.2427,-8.9079],[116.2552,-8.92],[116.3101,-8.9024],[116.3372,-8.903],[116.3514,-8.9262],[116.3701,-8.9111],[116.3887,-8.9235],[116.3892,-8.9492],[116.4031,-8.9542],[116.3977,-8.8553],[116.4231,-8.8364],[116.4556,-8.8337],[116.4719,-8.8394],[116.4529,-8.8866],[116.4328,-8.9107],[116.4466,-8.9201],[116.4756,-8.92],[116.5092,-8.8968],[116.524,-8.902],[116.5654,-8.8956],[116.5889,-8.8632],[116.5472,-8.8454],[116.5408,-8.836],[116.52,-8.8595],[116.5091,-8.858],[116.5004,-8.8027],[116.5194,-8.7786],[116.5553,-8.745],[116.6278,-8.6148],[116.681,-8.5563],[116.6852,-8.4806],[116.7351,-8.4089],[116.7432,-8.3918],[116.7351,-8.353],[116.7062,-8.3171],[116.6682,-8.2892],[116.6333,-8.2751]]],[[[119.0864,-8.1315],[119.042,-8.1485],[119.0203,-8.1897],[119.0228,-8.2343],[119.0515,-8.2614],[119.0788,-8.2621],[119.1004,-8.2516],[119.1272,-8.2205],[119.1375,-8.1906],[119.1315,-8.1663],[119.113,-8.1467],[119.0864,-8.1315]]],[[[119.2036,-8.6109],[119.1673,-8.5597],[119.1546,-8.5944],[119.134,-8.5994],[119.1409,-8.6246],[119.1109,-8.6423],[119.0757,-8.652],[119.0523,-8.6457],[119.0415,-8.6298],[119.0384,-8.5829],[119.0305,-8.5478],[119.0456,-8.509],[119.0511,-8.4705],[119.0217,-8.4195],[119.0073,-8.372],[118.9983,-8.3212],[118.9883,-8.309],[118.9497,-8.2956],[118.9081,-8.2888],[118.8592,-8.2888],[118.8127,-8.2956],[118.7778,-8.3093],[118.7315,-8.3493],[118.717,-8.3796],[118.7163,-8.4191],[118.7269,-8.4518],[118.6965,-8.5146],[118.6673,-8.5473],[118.6565,-8.5265],[118.6815,-8.457],[118.6847,-8.4127],[118.6958,-8.3713],[118.6637,-8.3058],[118.6475,-8.2888],[118.6065,-8.2819],[118.5823,-8.2688],[118.5296,-8.2663],[118.5034,-8.2477],[118.4634,-8.2494],[118.4436,-8.2579],[118.4299,-8.2825],[118.4011,-8.2992],[118.3916,-8.3185],[118.3652,-8.3447],[118.3278,-8.3676],[118.304,-8.3683],[118.2707,-8.3372],[118.2595,-8.3429],[118.2439,-8.3287],[118.2229,-8.2888],[118.1773,-8.2327],[118.1682,-8.1726],[118.1497,-8.1345],[118.1152,-8.1139],[118.0715,-8.1054],[117.9961,-8.1007],[117.9776,-8.1091],[117.9588,-8.0833],[117.8953,-8.09],[117.8125,-8.1218],[117.7949,-8.1249],[117.7635,-8.1448],[117.7295,-8.1589],[117.7111,-8.2039],[117.7063,-8.2297],[117.7438,-8.2688],[117.7717,-8.2888],[117.8225,-8.3542],[117.8815,-8.3986],[117.94,-8.4328],[117.9549,-8.4513],[118.0032,-8.4737],[118.0575,-8.4506],[118.0755,-8.457],[118.1172,-8.4965],[118.1336,-8.4867],[118.1489,-8.5121],[118.1929,-8.5495],[118.2092,-8.5768],[118.2332,-8.5485],[118.2536,-8.5693],[118.2695,-8.5745],[118.2909,-8.6059],[118.2817,-8.6415],[118.2461,-8.6572],[118.1919,-8.6588],[118.1577,-8.6451],[118.1228,-8.6458],[118.0681,-8.6559],[118.0479,-8.6791],[118.0303,-8.6882],[117.969,-8.7481],[117.9343,-8.7297],[117.9045,-8.727],[117.9001,-8.7067],[117.8866,-8.6995],[117.8235,-8.7193],[117.8052,-8.72],[117.7783,-8.696],[117.7573,-8.6451],[117.7915,-8.6381],[117.7647,-8.6213],[117.7717,-8.6041],[117.7363,-8.5829],[117.7307,-8.5654],[117.6987,-8.5768],[117.6491,-8.5519],[117.6355,-8.525],[117.6291,-8.4575],[117.6128,-8.4328],[117.5999,-8.4461],[117.5982,-8.4939],[117.5923,-8.5147],[117.5769,-8.4871],[117.5679,-8.4223],[117.5581,-8.4054],[117.5197,-8.4187],[117.4688,-8.4191],[117.4473,-8.4086],[117.4277,-8.4653],[117.4339,-8.4811],[117.3532,-8.4467],[117.3161,-8.4197],[117.262,-8.3903],[117.2156,-8.3849],[117.1951,-8.3576],[117.1405,-8.372],[117.1177,-8.3835],[117.1262,-8.4054],[117.0902,-8.4252],[117.032,-8.4684],[116.9845,-8.4958],[116.8904,-8.5263],[116.8659,-8.5276],[116.8381,-8.5079],[116.8394,-8.5549],[116.832,-8.5748],[116.7901,-8.5837],[116.7485,-8.6665],[116.7723,-8.6803],[116.7641,-8.7382],[116.7907,-8.7454],[116.8045,-8.7717],[116.8213,-8.7873],[116.8171,-8.8181],[116.7769,-8.8263],[116.7352,-8.8734],[116.7479,-8.9229],[116.7285,-8.9631],[116.763,-9.0156],[116.7739,-9.0128],[116.8062,-9.0363],[116.8503,-9.0453],[116.9064,-9.0634],[116.9492,-9.0602],[116.9914,-9.0851],[117.0097,-9.1073],[117.0713,-9.1017],[117.1268,-9.0912],[117.1535,-9.0612],[117.1714,-9.032],[117.1924,-9.0237],[117.2261,-9.0238],[117.3341,-9.0594],[117.3889,-9.0537],[117.5181,-9.0178],[117.5581,-9.0019],[117.6677,-8.9371],[117.7378,-8.9098],[117.7676,-8.9312],[117.8052,-8.9262],[117.8255,-8.9054],[117.8394,-8.9057],[117.8567,-8.933],[117.8801,-8.9283],[117.8905,-8.9368],[117.9984,-8.881],[118.0242,-8.8505],[118.0373,-8.858],[118.0789,-8.8443],[118.1403,-8.8722],[118.1577,-8.8679],[118.2749,-8.7721],[118.2993,-8.7579],[118.3123,-8.727],[118.339,-8.6922],[118.3936,-8.6746],[118.4011,-8.6624],[118.397,-8.6179],[118.4004,-8.5961],[118.4147,-8.5829],[118.4146,-8.6005],[118.4352,-8.6451],[118.4397,-8.6746],[118.4352,-8.7065],[118.4221,-8.7311],[118.3911,-8.7702],[118.3874,-8.7958],[118.4142,-8.8536],[118.465,-8.865],[118.669,-8.8069],[118.714,-8.8],[118.7573,-8.802],[118.7774,-8.8116],[118.8293,-8.8505],[118.8517,-8.8381],[118.9081,-8.8505],[118.9446,-8.8415],[118.9475,-8.8254],[118.9269,-8.7966],[118.9072,-8.7897],[118.8257,-8.7765],[118.7466,-8.7763],[118.7266,-8.7698],[118.702,-8.7481],[118.7464,-8.7179],[118.7651,-8.7109],[118.7914,-8.7208],[118.8133,-8.7102],[118.8571,-8.7218],[118.8809,-8.714],[118.8984,-8.6884],[118.9236,-8.6985],[118.946,-8.7306],[118.9719,-8.7512],[118.9915,-8.7551],[119.0779,-8.7394],[119.1006,-8.7521],[119.1204,-8.7345],[119.1384,-8.7458],[119.1818,-8.7208],[119.1893,-8.7003],[119.177,-8.6745],[119.175,-8.6451],[119.2036,-8.6109]]]]},"properties":{"name":"Nusa Tenggara Barat","name_en":"West Nusa Tenggara","name_ja":"西ヌサ・トゥンガラ州","name_zh":"西努沙登加拉省","name_ko":"서누사틍가라","adm0_a3":"IDN","postal":"NB","iso_3166_2":"ID-NB","type_en":"Province","geonunit":"Indonesia"}},
{"type":"Feature","geometry":{"type":"MultiPolygon","coordinates":[[[[120.9605,-7.282],[120.8711,-7.2735],[120.8157,-7.2575],[120.7943,-7.2712],[120.794,-7.2877],[120.8163,-7.3024],[120.8641,-7.3019],[120.8814,-7.295],[120.9004,-7.3039],[120.9639,-7.3139],[120.9927,-7.3336],[121.0256,-7.3316],[121.0569,-7.3211],[121.0669,-7.3025],[121.05,-7.2858],[121.0199,-7.2804],[120.9605,-7.282]]],[[[120.7578,-7.0759],[120.745,-7.0742],[120.6777,-7.0437],[120.6536,-7.0101],[120.6213,-6.9982],[120.6157,-7.0226],[120.6199,-7.0442],[120.6137,-7.0698],[120.5911,-7.0796],[120.5659,-7.0671],[120.5563,-7.0729],[120.5629,-7.0945],[120.5984,-7.098],[120.6242,-7.094],[120.6204,-7.1087],[120.6335,-7.1315],[120.6703,-7.151],[120.6834,-7.1243],[120.7056,-7.1334],[120.7715,-7.1305],[120.7831,-7.0886],[120.7813,-7.0559],[120.7578,-7.0759]]],[[[121.0864,-2.9102],[121.1279,-2.8856],[121.1635,-2.8735],[121.2263,-2.8656],[121.2776,-2.8789],[121.3501,-2.927],[121.4325,-2.9942],[121.4753,-3.0198],[121.5154,-3.0175],[121.5365,-3.0092],[121.598,-2.9728],[121.6162,-2.9605],[121.7725,-2.8009],[121.792,-2.7585],[121.7964,-2.7171],[121.7874,-2.6701],[121.7637,-2.6279],[121.742,-2.6101],[121.638,-2.5579],[121.6083,-2.5381],[121.5464,-2.4842],[121.4894,-2.4181],[121.4489,-2.3885],[121.3985,-2.3638],[121.3498,-2.3485],[120.8042,-2.2386],[120.7636,-2.2175],[120.625,-2.1042],[120.5883,-2.0675],[120.5532,-2.025],[120.4476,-1.8662],[120.4049,-1.8377],[120.373,-1.8493],[120.3523,-1.8918],[120.3235,-1.9036],[120.2924,-1.9002],[120.1568,-1.8604],[120.1013,-1.8527],[120.0481,-1.8615],[119.9654,-1.9024],[119.9088,-1.9383],[119.8735,-1.9554],[119.825,-2.0462],[119.7891,-2.078],[119.7535,-2.0818],[119.6463,-2.1764],[119.6312,-2.2131],[119.6236,-2.2936],[119.6376,-2.309],[119.6725,-2.3247],[119.7071,-2.3539],[119.7325,-2.3963],[119.7164,-2.4388],[119.7186,-2.4604],[119.7345,-2.4866],[119.739,-2.5653],[119.7748,-2.6134],[119.767,-2.6553],[119.7856,-2.695],[119.7668,-2.7179],[119.7278,-2.7378],[119.6613,-2.7582],[119.5981,-2.7473],[119.5604,-2.7465],[119.5152,-2.7587],[119.5417,-2.8029],[119.5375,-2.8473],[119.5432,-2.9069],[119.607,-3.0591],[119.6353,-3.0968],[119.6392,-3.1209],[119.5819,-3.1369],[119.5411,-3.1565],[119.5078,-3.1806],[119.4751,-3.193],[119.4397,-3.1852],[119.4211,-3.1934],[119.4119,-3.2147],[119.4176,-3.2362],[119.4529,-3.2809],[119.4639,-3.3699],[119.483,-3.4274],[119.4909,-3.4865],[119.4976,-3.4953],[119.512,-3.5476],[119.509,-3.5777],[119.4837,-3.6149],[119.4699,-3.6696],[119.4543,-3.7001],[119.4567,-3.7145],[119.4857,-3.7541],[119.4974,-3.7939],[119.5199,-3.8263],[119.5661,-3.9399],[119.5852,-3.9703],[119.5934,-4.0265],[119.6071,-3.9758],[119.647,-3.978],[119.6206,-4.0265],[119.6211,-4.0571],[119.6063,-4.1047],[119.6184,-4.121],[119.6268,-4.163],[119.6233,-4.1838],[119.6001,-4.2424],[119.6175,-4.2651],[119.6268,-4.3145],[119.6233,-4.3522],[119.6062,-4.4203],[119.5911,-4.5641],[119.5418,-4.6529],[119.5252,-4.698],[119.4971,-4.7179],[119.4912,-4.7541],[119.5252,-4.8831],[119.5198,-4.9167],[119.4832,-4.9863],[119.4699,-5.0202],[119.46,-5.0735],[119.446,-5.0925],[119.4085,-5.1158],[119.3799,-5.1917],[119.3696,-5.2768],[119.3528,-5.3556],[119.3604,-5.3964],[119.3801,-5.434],[119.4147,-5.4824],[119.4375,-5.5217],[119.4221,-5.5512],[119.4333,-5.5878],[119.4699,-5.5956],[119.4553,-5.5738],[119.4741,-5.5608],[119.5176,-5.558],[119.5212,-5.5725],[119.5457,-5.5956],[119.5471,-5.6318],[119.57,-5.6559],[119.5903,-5.6205],[119.6097,-5.6091],[119.634,-5.6174],[119.6424,-5.637],[119.648,-5.6788],[119.6769,-5.697],[119.7236,-5.7038],[119.7722,-5.7013],[119.8057,-5.6925],[119.8435,-5.6611],[119.8572,-5.6202],[119.9149,-5.5689],[119.9607,-5.5626],[119.9866,-5.5642],[120.0103,-5.5778],[120.1004,-5.5956],[120.1755,-5.5689],[120.2067,-5.5478],[120.252,-5.5409],[120.3233,-5.5095],[120.3475,-5.5136],[120.3796,-5.5763],[120.4164,-5.6168],[120.4305,-5.6139],[120.4583,-5.6261],[120.4593,-5.602],[120.4363,-5.5652],[120.433,-5.5276],[120.3889,-5.3717],[120.3811,-5.3373],[120.3369,-5.2838],[120.3067,-5.2114],[120.2643,-5.15],[120.284,-5.1116],[120.3067,-4.9929],[120.3094,-4.8713],[120.3264,-4.8421],[120.3866,-4.8293],[120.4159,-4.6889],[120.4466,-4.6567],[120.4441,-4.6266],[120.4021,-4.5745],[120.3928,-4.5063],[120.4026,-4.4721],[120.3674,-4.4244],[120.3623,-4.387],[120.3862,-4.3293],[120.3879,-4.294],[120.3758,-4.2633],[120.3816,-4.2077],[120.3814,-4.1672],[120.3556,-4.1165],[120.3519,-4.1003],[120.3535,-3.9308],[120.3597,-3.8942],[120.3879,-3.8279],[120.43,-3.7668],[120.4465,-3.7287],[120.4437,-3.6907],[120.422,-3.6664],[120.4219,-3.5825],[120.4002,-3.5178],[120.3989,-3.5009],[120.4063,-3.4124],[120.3953,-3.3823],[120.4085,-3.329],[120.4021,-3.2968],[120.4258,-3.2561],[120.4082,-3.2594],[120.3879,-3.2146],[120.3538,-3.1904],[120.2853,-3.1625],[120.2643,-3.142],[120.2854,-3.1222],[120.2754,-3.1027],[120.2614,-3.0504],[120.2344,-3.0265],[120.2264,-2.9881],[120.2035,-2.9577],[120.2316,-2.9504],[120.2922,-2.903],[120.543,-2.7472],[120.5598,-2.7311],[120.5845,-2.6821],[120.6421,-2.6703],[120.6963,-2.6422],[120.7487,-2.6306],[120.7761,-2.6149],[120.8235,-2.6215],[120.8538,-2.6462],[120.885,-2.6423],[121.0059,-2.6608],[121.0482,-2.699],[121.0804,-2.759],[121.0669,-2.7522],[121.0525,-2.7776],[121.0252,-2.7789],[121.0189,-2.8019],[120.9907,-2.8116],[120.9844,-2.8239],[121.0017,-2.8481],[121.0168,-2.8429],[121.0327,-2.8142],[121.0532,-2.8621],[121.0708,-2.851],[121.0817,-2.8723],[121.0864,-2.9102]]],[[[120.5462,-5.9382],[120.5215,-5.8747],[120.5134,-5.8366],[120.4956,-5.8064],[120.4886,-5.7673],[120.4705,-5.7669],[120.4574,-5.801],[120.4483,-5.8439],[120.4414,-5.9776],[120.4522,-6.0808],[120.45,-6.1408],[120.4334,-6.174],[120.4308,-6.1945],[120.4437,-6.2262],[120.4483,-6.2565],[120.4709,-6.2752],[120.4636,-6.3839],[120.4813,-6.4773],[120.4905,-6.4714],[120.5051,-6.4317],[120.5026,-6.3735],[120.5225,-6.3365],[120.5321,-6.2483],[120.5262,-6.1955],[120.5298,-6.1731],[120.553,-6.1101],[120.5586,-6.0663],[120.5552,-5.9794],[120.5462,-5.9382]]],[[[121.7798,-7.3434],[121.7599,-7.3635],[121.7518,-7.3943],[121.759,-7.4158],[121.7759,-7.4169],[121.8103,-7.4042],[121.8348,-7.3883],[121.8371,-7.3565],[121.8182,-7.3336],[121.7798,-7.3434]]]]},"properties":{"name":"Sulawesi Selatan","name_en":"South Sulawesi","name_ja":"南スラウェシ州","name_zh":"南苏拉威西省","name_ko":"남술라웨시","adm0_a3":"IDN","postal":"SE","iso_3166_2":"ID-SN","type_en":"Province","geonunit":"Indonesia"}},
{"type":"Feature","geometry":{"type":"MultiPolygon","coordinates":[[[[108.8951,-6.8142],[108.8232,-6.8956],[108.8007,-6.9348],[108.7895,-7],[108.7932,-7.0477],[108.789,-7.0613],[108.7437,-7.1113],[108.6955,-7.1398],[108.6316,-7.1358],[108.5954,-7.1421],[108.5757,-7.1632],[108.5707,-7.2012],[108.5469,-7.2788],[108.553,-7.31],[108.6026,-7.323],[108.6159,-7.3459],[108.6503,-7.3405],[108.6682,-7.3442],[108.6754,-7.3796],[108.7047,-7.391],[108.7164,-7.4214],[108.7214,-7.464],[108.7416,-7.5365],[108.7336,-7.6046],[108.7416,-7.6176],[108.799,-7.6647],[108.8275,-7.6308],[108.8732,-7.6106],[108.8897,-7.6786],[108.9183,-7.6964],[108.9736,-7.7022],[109.0144,-7.7326],[109.0466,-7.7019],[109.0981,-7.6869],[109.3688,-7.7135],[109.3976,-7.7228],[109.3972,-7.7419],[109.4263,-7.7742],[109.4861,-7.7618],[109.6567,-7.7817],[109.7525,-7.8119],[109.8118,-7.8234],[109.8831,-7.8448],[109.906,-7.8377],[109.9319,-7.8549],[110.0427,-7.8891],[110.0492,-7.8554],[110.0649,-7.8372],[110.1167,-7.7616],[110.1283,-7.7243],[110.1266,-7.6981],[110.1365,-7.6768],[110.159,-7.6676],[110.2504,-7.6773],[110.2588,-7.7153],[110.3013,-7.6691],[110.4112,-7.5899],[110.4377,-7.5601],[110.4413,-7.5689],[110.4745,-7.7203],[110.5066,-7.7831],[110.5369,-7.8099],[110.5787,-7.821],[110.6537,-7.823],[110.6892,-7.8198],[110.7533,-7.8326],[110.7731,-7.8434],[110.7866,-7.8736],[110.7875,-7.9202],[110.7928,-7.9471],[110.7987,-8.1217],[110.8108,-8.1389],[110.837,-8.1332],[110.8436,-8.2008],[110.931,-8.2205],[110.9444,-8.2264],[110.9602,-8.1699],[110.9652,-8.1169],[110.9997,-8.084],[111.0364,-8.0604],[111.0992,-8.0085],[111.1492,-7.9781],[111.228,-7.9381],[111.2634,-7.9512],[111.2803,-7.9392],[111.2847,-7.9044],[111.3079,-7.8378],[111.3078,-7.7843],[111.2646,-7.7317],[111.2425,-7.7189],[111.2079,-7.7155],[111.1906,-7.7074],[111.1821,-7.6579],[111.1869,-7.6435],[111.2175,-7.6133],[111.1976,-7.5826],[111.185,-7.5291],[111.202,-7.405],[111.1974,-7.3086],[111.2033,-7.2668],[111.2203,-7.2514],[111.2781,-7.2692],[111.3061,-7.2642],[111.3418,-7.2822],[111.4038,-7.3043],[111.4443,-7.3112],[111.4465,-7.2917],[111.4598,-7.2738],[111.536,-7.2176],[111.5512,-7.1992],[111.6083,-7.154],[111.609,-7.1356],[111.5981,-7.0814],[111.602,-7.0468],[111.5985,-6.9608],[111.6293,-6.8001],[111.6727,-6.7337],[111.6101,-6.665],[111.577,-6.651],[111.5199,-6.6399],[111.4934,-6.6235],[111.4441,-6.6891],[111.4287,-6.6992],[111.3664,-6.712],[111.3425,-6.7128],[111.1569,-6.6921],[111.1371,-6.6855],[111.1193,-6.6497],[111.0824,-6.5439],[111.0654,-6.5094],[111.0518,-6.4567],[111.0108,-6.421],[111.0025,-6.4312],[110.9725,-6.4317],[110.9248,-6.4037],[110.9032,-6.4108],[110.8423,-6.4181],[110.7811,-6.4365],[110.7305,-6.457],[110.702,-6.4887],[110.6711,-6.4999],[110.6819,-6.5219],[110.6648,-6.5654],[110.6574,-6.644],[110.6447,-6.6882],[110.5715,-6.8362],[110.527,-6.8952],[110.4862,-6.9379],[110.4724,-6.9464],[110.4151,-6.9575],[110.381,-6.9757],[110.3557,-6.9729],[110.293,-6.9312],[110.2588,-6.921],[110.198,-6.8909],[110.1883,-6.8603],[110.1698,-6.8609],[110.1388,-6.8971],[110.1143,-6.9039],[109.9839,-6.9226],[109.9407,-6.9234],[109.8963,-6.9182],[109.7256,-6.8631],[109.532,-6.8351],[109.4929,-6.8015],[109.4382,-6.8601],[109.3519,-6.8757],[109.1769,-6.8562],[109.1428,-6.8562],[109.1155,-6.8386],[109.0921,-6.8315],[109.0535,-6.8015],[109.0208,-6.7887],[109.0013,-6.7892],[108.9834,-6.8417],[108.9689,-6.8483],[108.923,-6.8447],[108.8951,-6.8142]]],[[[109.0193,-7.7581],[108.9578,-7.7201],[108.9251,-7.7104],[108.8739,-7.7032],[108.8215,-7.6786],[108.8069,-7.6862],[108.7941,-7.7194],[108.8153,-7.7377],[108.8574,-7.732],[108.8861,-7.7439],[108.9448,-7.7543],[108.9993,-7.7729],[109.0431,-7.7789],[109.0427,-7.7615],[109.0193,-7.7581]]],[[[110.4313,-5.8373],[110.4207,-5.8437],[110.438,-5.881],[110.4636,-5.8571],[110.4592,-5.8316],[110.4313,-5.8373]]]]},"properties":{"name":"Jawa Tengah","name_en":"Central Java","name_ja":"中部ジャワ州","name_zh":"中爪哇省","name_ko":"중앙자와","adm0_a3":"IDN","postal":"JT","iso_3166_2":"ID-JT","type_en":"Province","geonunit":"Indonesia"}},
{"type":"Feature","geometry":{"type":"Polygon","coordinates":[[[106.9883,-6.0794],[106.985,-6.2354],[106.9527,-6.3459],[106.9409,-6.3738],[106.9239,-6.3815],[106.8847,-6.3512],[106.8537,-6.3358],[106.8144,-6.3498],[106.7629,-6.3014],[106.7662,-6.3703],[106.7391,-6.3865],[106.6309,-6.3844],[106.6011,-6.3761],[106.5603,-6.3552],[106.5316,-6.3535],[106.4894,-6.3766],[106.4801,-6.3727],[106.4624,-6.3379],[106.4306,-6.3504],[106.4208,-6.3704],[106.4337,-6.439],[106.4095,-6.4919],[106.4053,-6.5241],[106.4266,-6.6968],[106.4439,-6.7349],[106.4892,-6.7509],[106.5084,-6.768],[106.5061,-6.7835],[106.4508,-6.8362],[106.4127,-6.9046],[106.3969,-6.9533],[106.4046,-6.9913],[106.4239,-6.9632],[106.4517,-6.9551],[106.4815,-6.9671],[106.5108,-6.9638],[106.5371,-6.983],[106.542,-7.0168],[106.5405,-7.0546],[106.514,-7.0796],[106.4566,-7.1448],[106.473,-7.1666],[106.4673,-7.1764],[106.4326,-7.1789],[106.3984,-7.2078],[106.3807,-7.2472],[106.3831,-7.2677],[106.3754,-7.3102],[106.3991,-7.3348],[106.3978,-7.3785],[106.4339,-7.362],[106.4808,-7.3757],[106.5227,-7.411],[106.6079,-7.4179],[106.791,-7.4353],[106.8714,-7.4377],[107.107,-7.4564],[107.212,-7.4853],[107.3615,-7.5037],[107.4114,-7.4959],[107.4202,-7.5056],[107.4705,-7.5169],[107.4812,-7.5382],[107.5285,-7.549],[107.5554,-7.5618],[107.591,-7.5704],[107.6255,-7.5982],[107.6608,-7.6142],[107.6865,-7.6621],[107.7144,-7.6717],[107.8067,-7.6867],[107.8281,-7.7005],[107.8302,-7.7292],[107.8645,-7.7451],[107.9053,-7.7388],[107.9535,-7.7399],[108.1379,-7.7867],[108.3268,-7.8175],[108.4537,-7.8185],[108.4953,-7.7929],[108.5038,-7.7642],[108.5078,-7.7195],[108.5396,-7.6923],[108.5594,-7.6874],[108.6255,-7.6861],[108.6465,-7.693],[108.6517,-7.7163],[108.6726,-7.7206],[108.6731,-7.6908],[108.6917,-7.6723],[108.7139,-7.6657],[108.7611,-7.6928],[108.799,-7.6647],[108.7416,-7.6176],[108.7336,-7.6046],[108.7416,-7.5365],[108.7214,-7.464],[108.7164,-7.4214],[108.7047,-7.391],[108.6754,-7.3796],[108.6682,-7.3442],[108.6503,-7.3405],[108.6159,-7.3459],[108.6026,-7.323],[108.553,-7.31],[108.5469,-7.2788],[108.5707,-7.2012],[108.5757,-7.1632],[108.5954,-7.1421],[108.6316,-7.1358],[108.6955,-7.1398],[108.7437,-7.1113],[108.789,-7.0613],[108.7932,-7.0477],[108.7895,-7],[108.8007,-6.9348],[108.8232,-6.8956],[108.8951,-6.8142],[108.8433,-6.7979],[108.835,-6.7879],[108.7922,-6.8111],[108.7488,-6.8122],[108.7053,-6.796],[108.6631,-6.7673],[108.6055,-6.7617],[108.5746,-6.6696],[108.5396,-6.4869],[108.4554,-6.4421],[108.3722,-6.3404],[108.3603,-6.2464],[108.3322,-6.2616],[108.3109,-6.249],[108.2487,-6.2473],[108.1985,-6.2278],[108.1866,-6.2312],[108.2053,-6.2498],[108.2036,-6.2761],[108.1836,-6.297],[108.1423,-6.3226],[108.0937,-6.3268],[108.0493,-6.3099],[107.9473,-6.2631],[107.8956,-6.231],[107.8854,-6.1869],[107.864,-6.2064],[107.8477,-6.192],[107.8108,-6.1893],[107.8103,-6.2112],[107.783,-6.2057],[107.7155,-6.2357],[107.6997,-6.227],[107.6782,-6.238],[107.6552,-6.2254],[107.6211,-6.1875],[107.5632,-6.1842],[107.4703,-6.1454],[107.4457,-6.1043],[107.4131,-6.0632],[107.3796,-6.0085],[107.3541,-5.976],[107.3206,-5.9624],[107.2809,-5.9548],[107.2053,-5.9773],[107.1697,-5.9797],[107.1501,-5.9731],[107.1144,-5.9382],[107.0803,-5.9216],[107.0444,-5.9143],[107.0213,-5.9241],[107.0256,-5.9587],[106.999,-6.0035],[107.015,-6.029],[107.0051,-6.0724],[106.9883,-6.0794]]]},"properties":{"name":"Jawa Barat","name_en":"West Java","name_ja":"西ジャワ州","name_zh":"西爪哇省","name_ko":"자와바랏","adm0_a3":"IDN","postal":"JR","iso_3166_2":"ID-JB","type_en":"Province","geonunit":"Indonesia"}},
{"type":"Feature","geometry":{"type":"Polygon","coordinates":[[[106.731,-6.0589],[106.6946,-6.0863],[106.6841,-6.1019],[106.702,-6.2101],[106.7306,-6.2431],[106.742,-6.2845],[106.7629,-6.3014],[106.8144,-6.3498],[106.8537,-6.3358],[106.8847,-6.3512],[106.9239,-6.3815],[106.9409,-6.3738],[106.9527,-6.3459],[106.985,-6.2354],[106.9883,-6.0794],[106.8377,-6.1027],[106.7932,-6.1041],[106.752,-6.0959],[106.7378,-6.0839],[106.731,-6.0589]]]},"properties":{"name":"Jakarta Raya","name_en":"Jakarta","name_ja":"ジャカルタ","name_zh":"雅加达","name_ko":"자카르타","adm0_a3":"IDN","postal":"JK","iso_3166_2":"ID-JK","type_en":"Special district","geonunit":"Indonesia"}},
{"type":"Feature","geometry":{"type":"MultiPolygon","coordinates":[[[[106.4046,-6.9913],[106.3969,-6.9533],[106.4127,-6.9046],[106.4508,-6.8362],[106.5061,-6.7835],[106.5084,-6.768],[106.4892,-6.7509],[106.4439,-6.7349],[106.4266,-6.6968],[106.4053,-6.5241],[106.4095,-6.4919],[106.4337,-6.439],[106.4208,-6.3704],[106.4306,-6.3504],[106.4624,-6.3379],[106.4801,-6.3727],[106.4894,-6.3766],[106.5316,-6.3535],[106.5603,-6.3552],[106.6011,-6.3761],[106.6309,-6.3844],[106.7391,-6.3865],[106.7662,-6.3703],[106.7629,-6.3014],[106.742,-6.2845],[106.7306,-6.2431],[106.702,-6.2101],[106.6841,-6.1019],[106.6946,-6.0863],[106.731,-6.0589],[106.7209,-6.0309],[106.7058,-6.0202],[106.6629,-6.008],[106.5493,-6.0065],[106.5277,-6.0125],[106.4954,-6.0348],[106.4701,-6.0344],[106.4094,-6.0043],[106.361,-5.9934],[106.2988,-5.945],[106.2565,-5.9416],[106.2315,-5.967],[106.2095,-5.9983],[106.176,-6.0139],[106.1179,-5.986],[106.1116,-5.9752],[106.1071,-5.9109],[106.0852,-5.8855],[106.0527,-5.881],[106.02,-5.8932],[105.9972,-5.9177],[105.9773,-5.9835],[105.957,-5.9987],[105.8879,-6.0706],[105.8672,-6.1101],[105.8396,-6.1921],[105.8324,-6.2287],[105.8213,-6.4011],[105.8241,-6.4346],[105.8085,-6.4772],[105.7822,-6.5121],[105.7391,-6.5301],[105.7114,-6.5346],[105.6822,-6.5115],[105.6778,-6.4749],[105.6439,-6.4823],[105.619,-6.5325],[105.6279,-6.616],[105.6074,-6.6515],[105.5286,-6.7233],[105.5173,-6.7442],[105.5026,-6.7911],[105.4901,-6.809],[105.4712,-6.8159],[105.4536,-6.8088],[105.4116,-6.7389],[105.4082,-6.706],[105.3898,-6.6814],[105.3638,-6.665],[105.3464,-6.6707],[105.3193,-6.7197],[105.2918,-6.7482],[105.2608,-6.7673],[105.2271,-6.7626],[105.2168,-6.7721],[105.2362,-6.7879],[105.2561,-6.8424],[105.2747,-6.8494],[105.2964,-6.8333],[105.3108,-6.8104],[105.3561,-6.8129],[105.398,-6.8295],[105.4201,-6.8569],[105.4422,-6.8425],[105.4605,-6.8453],[105.4861,-6.8675],[105.4985,-6.8607],[105.5351,-6.8723],[105.5552,-6.8557],[105.7029,-6.8357],[105.7747,-6.8502],[105.8231,-6.839],[105.8737,-6.8347],[105.8844,-6.8477],[105.9016,-6.8295],[105.9596,-6.8176],[106.0083,-6.822],[106.053,-6.8368],[106.1247,-6.8963],[106.1684,-6.9158],[106.2012,-6.9137],[106.2442,-6.9456],[106.2542,-6.9643],[106.2834,-6.9833],[106.333,-7.0007],[106.3789,-6.9998],[106.4046,-6.9913]]],[[[105.2642,-6.5279],[105.2156,-6.5388],[105.1958,-6.5551],[105.1885,-6.5476],[105.138,-6.5873],[105.1177,-6.6124],[105.1201,-6.631],[105.1321,-6.6269],[105.1755,-6.5831],[105.183,-6.6077],[105.2022,-6.6235],[105.183,-6.6716],[105.2039,-6.6733],[105.2224,-6.6493],[105.256,-6.6282],[105.2638,-6.5924],[105.2642,-6.5279]]]]},"properties":{"name":"Banten","name_en":"Banten","name_ja":"バンテン州","name_zh":"万丹省","name_ko":"반텐","adm0_a3":"IDN","postal":"BT","iso_3166_2":"ID-BT","type_en":"Province","geonunit":"Indonesia"}},
{"type":"Feature","geometry":{"type":"Polygon","coordinates":[[[110.8436,-8.2008],[110.837,-8.1332],[110.8108,-8.1389],[110.7987,-8.1217],[110.7928,-7.9471],[110.7875,-7.9202],[110.7866,-7.8736],[110.7731,-7.8434],[110.7533,-7.8326],[110.6892,-7.8198],[110.6537,-7.823],[110.5787,-7.821],[110.5369,-7.8099],[110.5066,-7.7831],[110.4745,-7.7203],[110.4413,-7.5689],[110.4377,-7.5601],[110.4112,-7.5899],[110.3013,-7.6691],[110.2588,-7.7153],[110.2504,-7.6773],[110.159,-7.6676],[110.1365,-7.6768],[110.1266,-7.6981],[110.1283,-7.7243],[110.1167,-7.7616],[110.0649,-7.8372],[110.0492,-7.8554],[110.0427,-7.8891],[110.2874,-8.0151],[110.3284,-8.0212],[110.3804,-8.0732],[110.4109,-8.0759],[110.4767,-8.1119],[110.5491,-8.1276],[110.6027,-8.1515],[110.6027,-8.1448],[110.6394,-8.1628],[110.6913,-8.1759],[110.7153,-8.1931],[110.8436,-8.2008]]]},"properties":{"name":"Yogyakarta","name_en":"Yogyakarta","name_ja":"ジョグジャカルタ特別州","name_zh":"日惹特区","name_ko":"욕야카르타","adm0_a3":"IDN","postal":"YO","iso_3166_2":"ID-YO","type_en":"Special region","geonunit":"Indonesia"}},
{"type":"Feature","geometry":{"type":"MultiPolygon","coordinates":[[[[124.0652,-5.9625],[124.0374,-5.9143],[123.9861,-5.8798],[123.9792,-5.8699],[123.9661,-5.9155],[123.9826,-5.9553],[124.0186,-5.9679],[124.0359,-5.9874],[124.0413,-6.0208],[124.0593,-6.0274],[124.0711,-6.0113],[124.074,-5.9853],[124.0652,-5.9625]]],[[[123.7771,-5.5136],[123.762,-5.506],[123.7332,-5.4753],[123.6912,-5.4728],[123.7017,-5.4931],[123.7532,-5.5341],[123.7933,-5.5891],[123.8147,-5.5956],[123.8014,-5.5227],[123.7771,-5.5136]]],[[[123.5397,-5.2455],[123.5199,-5.2517],[123.523,-5.2774],[123.5593,-5.3513],[123.5906,-5.3741],[123.6192,-5.3766],[123.6338,-5.3669],[123.6384,-5.3435],[123.6359,-5.2908],[123.6238,-5.2665],[123.5956,-5.2568],[123.5397,-5.2455]]],[[[122.3213,-3.5119],[122.2904,-3.5412],[122.2847,-3.5629],[122.2933,-3.5808],[122.3267,-3.5623],[122.3555,-3.5566],[122.344,-3.529],[122.3213,-3.5119]]],[[[122.4396,-3.419],[122.4178,-3.3845],[122.4065,-3.3962],[122.4026,-3.4306],[122.4336,-3.4853],[122.4587,-3.467],[122.4647,-3.4409],[122.4396,-3.419]]],[[[122.3394,-3.2376],[122.2918,-3.1792],[122.2072,-3.1115],[122.1536,-3.0899],[122.058,-3.0926],[121.8169,-2.9953],[121.7814,-2.9855],[121.6702,-2.9827],[121.598,-2.9728],[121.5365,-3.0092],[121.5154,-3.0175],[121.4753,-3.0198],[121.4325,-2.9942],[121.3501,-2.927],[121.2776,-2.8789],[121.2263,-2.8656],[121.1635,-2.8735],[121.1279,-2.8856],[121.0864,-2.9102],[121.0794,-2.9367],[121.0804,-2.9776],[121.0669,-3.0221],[121.0481,-3.0662],[121.0633,-3.0787],[121.073,-3.1147],[121.0667,-3.1938],[121.0593,-3.2115],[121.0298,-3.2268],[121.0055,-3.2573],[120.979,-3.267],[120.9502,-3.3276],[120.8894,-3.3888],[120.8703,-3.4457],[120.8677,-3.4695],[120.8745,-3.499],[120.8938,-3.5392],[121.1052,-3.7302],[121.1603,-3.7962],[121.1761,-3.8045],[121.2402,-3.8079],[121.2649,-3.8346],[121.2461,-3.8942],[121.2556,-3.903],[121.2962,-3.8868],[121.3127,-3.8974],[121.3314,-3.923],[121.3543,-3.9684],[121.43,-3.9992],[121.5552,-4.0214],[121.5945,-4.0407],[121.6277,-4.0871],[121.6172,-4.1669],[121.585,-4.2367],[121.553,-4.2524],[121.5596,-4.2252],[121.5363,-4.2306],[121.5293,-4.2775],[121.533,-4.3562],[121.5205,-4.4396],[121.4983,-4.5001],[121.4805,-4.5808],[121.4777,-4.623],[121.4846,-4.6564],[121.5034,-4.6749],[121.5542,-4.7437],[121.5666,-4.7526],[121.6572,-4.7872],[121.6856,-4.8224],[121.7044,-4.8352],[121.7254,-4.8323],[121.7424,-4.8161],[121.7695,-4.8215],[121.8233,-4.8131],[121.8696,-4.8409],[121.8875,-4.8464],[121.9917,-4.8557],[122.091,-4.8367],[122.1289,-4.8005],[122.1078,-4.7936],[122.0593,-4.7424],[122.043,-4.7078],[122.0396,-4.6633],[122.0484,-4.6259],[122.0657,-4.5823],[122.0872,-4.5432],[122.1078,-4.52],[122.1528,-4.5131],[122.1765,-4.4958],[122.1994,-4.4902],[122.2404,-4.4659],[122.306,-4.4617],[122.3504,-4.4529],[122.3919,-4.4381],[122.4304,-4.4169],[122.4636,-4.4308],[122.4976,-4.4352],[122.5314,-4.4279],[122.5637,-4.4069],[122.5991,-4.3967],[122.6405,-4.4085],[122.6701,-4.4322],[122.6702,-4.4584],[122.6823,-4.4804],[122.7043,-4.4721],[122.6973,-4.4579],[122.7111,-4.4518],[122.7356,-4.4824],[122.7688,-4.4784],[122.773,-4.4501],[122.7663,-4.4101],[122.7451,-4.4101],[122.7217,-4.3725],[122.6808,-4.3342],[122.6702,-4.3145],[122.6997,-4.3183],[122.7229,-4.3325],[122.7588,-4.3691],[122.8274,-4.4196],[122.8421,-4.4381],[122.8669,-4.4003],[122.9002,-4.3888],[122.9053,-4.3702],[122.9036,-4.3282],[122.8924,-4.266],[122.9072,-4.2355],[122.9071,-4.196],[122.8919,-4.1365],[122.8728,-4.0932],[122.845,-4.0577],[122.8074,-4.0407],[122.7752,-4.0483],[122.7893,-4.074],[122.8421,-4.1288],[122.8164,-4.1373],[122.7782,-4.137],[122.739,-4.1293],[122.7111,-4.1153],[122.7078,-4.1391],[122.6882,-4.1384],[122.6751,-4.1227],[122.6633,-4.0846],[122.6655,-4.0422],[122.6564,-4.0066],[122.6421,-3.9937],[122.6008,-3.9802],[122.5525,-3.9763],[122.5513,-3.9708],[122.5881,-3.9576],[122.6244,-3.9524],[122.6318,-3.9362],[122.6672,-3.9189],[122.6564,-3.8893],[122.6369,-3.8835],[122.5687,-3.8829],[122.5296,-3.8654],[122.471,-3.7863],[122.4414,-3.7311],[122.4197,-3.7248],[122.3552,-3.7278],[122.335,-3.718],[122.3054,-3.675],[122.2505,-3.6562],[122.2251,-3.6292],[122.2054,-3.5938],[122.2005,-3.5566],[122.2625,-3.529],[122.2827,-3.4928],[122.2922,-3.4509],[122.2612,-3.4099],[122.2517,-3.3761],[122.2725,-3.3762],[122.2796,-3.3556],[122.3252,-3.3753],[122.335,-3.3897],[122.3275,-3.4033],[122.3462,-3.4045],[122.3784,-3.4387],[122.3836,-3.4186],[122.3726,-3.3722],[122.3036,-3.3412],[122.2957,-3.3129],[122.3213,-3.2571],[122.3394,-3.2376]]],[[[122.0674,-5.215],[122.0642,-5.1899],[122.0334,-5.15],[122.0098,-5.1537],[121.9966,-5.1379],[121.9827,-5.079],[121.9696,-5.067],[121.9442,-5.0919],[121.9194,-5.0955],[121.9109,-5.0857],[121.916,-5.0544],[121.898,-5.061],[121.8649,-5.0865],[121.8539,-5.1021],[121.8815,-5.1339],[121.8818,-5.1437],[121.8464,-5.1528],[121.8338,-5.1853],[121.8122,-5.221],[121.8068,-5.2599],[121.8272,-5.3007],[121.8684,-5.36],[121.8818,-5.3902],[121.9235,-5.4037],[121.9392,-5.421],[121.9683,-5.4679],[121.9968,-5.4628],[122.032,-5.4653],[122.053,-5.4323],[122.0501,-5.2309],[122.0674,-5.215]]],[[[122.78,-4.9166],[122.7703,-4.8743],[122.7528,-4.8443],[122.7527,-4.7732],[122.7355,-4.6437],[122.7111,-4.6155],[122.6907,-4.6117],[122.657,-4.6243],[122.6012,-4.6564],[122.5295,-4.7101],[122.4988,-4.7254],[122.405,-4.7379],[122.3827,-4.7459],[122.3667,-4.7658],[122.345,-4.8146],[122.3275,-4.8352],[122.355,-4.8849],[122.3722,-4.955],[122.3859,-4.9788],[122.3918,-5.0304],[122.4026,-5.0618],[122.3772,-5.0982],[122.3418,-5.109],[122.326,-5.1447],[122.3201,-5.2195],[122.3071,-5.2639],[122.2815,-5.3078],[122.2762,-5.346],[122.2796,-5.3697],[122.3005,-5.387],[122.3639,-5.3898],[122.3827,-5.3731],[122.3836,-5.3416],[122.4102,-5.3119],[122.451,-5.315],[122.451,-5.3212],[122.4149,-5.3393],[122.4072,-5.3532],[122.4163,-5.3766],[122.432,-5.3927],[122.4686,-5.3964],[122.4851,-5.3832],[122.4988,-5.3492],[122.4988,-5.3075],[122.5115,-5.2867],[122.5366,-5.315],[122.5428,-5.3388],[122.5435,-5.4288],[122.5637,-5.4277],[122.5845,-5.4091],[122.6055,-5.413],[122.616,-5.3561],[122.6245,-5.3425],[122.636,-5.3554],[122.6554,-5.3225],[122.6564,-5.2734],[122.6477,-5.2561],[122.5982,-5.2284],[122.6299,-5.2167],[122.636,-5.1943],[122.6066,-5.1905],[122.6043,-5.1599],[122.6434,-5.0788],[122.6614,-5.0554],[122.7249,-4.9897],[122.7435,-4.9528],[122.7731,-4.9582],[122.78,-4.9166]]],[[[123.1499,-5.225],[123.1179,-5.2092],[123.1021,-5.1809],[123.0674,-5.1705],[123.0593,-5.1441],[123.0469,-5.1375],[123.0204,-5.1422],[122.9885,-5.1867],[122.968,-5.1977],[122.9499,-5.1902],[122.9479,-5.1721],[122.9836,-5.0878],[122.9846,-5.0525],[122.9644,-4.9929],[122.9899,-4.9451],[123.0151,-4.9294],[123.0122,-4.8693],[123.0238,-4.8151],[123.0469,-4.7971],[123.0464,-4.7529],[123.0521,-4.7403],[123.0674,-4.7526],[123.0816,-4.739],[123.1053,-4.7673],[123.1239,-4.7102],[123.1499,-4.7179],[123.1577,-4.7485],[123.1841,-4.7765],[123.1887,-4.8166],[123.197,-4.8368],[123.2113,-4.8421],[123.2197,-4.8167],[123.2171,-4.7112],[123.2113,-4.6775],[123.1934,-4.6629],[123.193,-4.6414],[123.2044,-4.6117],[123.1904,-4.5668],[123.1478,-4.5085],[123.0842,-4.4561],[123.0615,-4.4213],[123.0857,-4.3891],[123.0691,-4.3832],[123.0195,-4.3902],[122.9226,-4.4616],[122.9089,-4.4745],[122.8994,-4.51],[122.8694,-4.5683],[122.855,-4.6096],[122.848,-4.6489],[122.855,-4.8178],[122.8506,-4.8311],[122.8289,-4.8359],[122.8205,-4.8522],[122.8346,-4.8831],[122.8335,-4.9291],[122.8179,-4.9687],[122.7619,-5.0154],[122.7527,-5.0339],[122.7912,-5.0213],[122.8045,-5.0436],[122.78,-5.089],[122.7785,-5.1296],[122.7566,-5.1647],[122.7663,-5.1909],[122.7634,-5.2079],[122.8086,-5.1894],[122.8147,-5.2114],[122.8032,-5.2319],[122.7322,-5.253],[122.6907,-5.3212],[122.6726,-5.3242],[122.6633,-5.3554],[122.6292,-5.4037],[122.6521,-5.4114],[122.6443,-5.4394],[122.5671,-5.5069],[122.6384,-5.6622],[122.6543,-5.6785],[122.677,-5.6788],[122.7223,-5.6277],[122.7356,-5.6269],[122.7368,-5.6611],[122.7466,-5.6794],[122.771,-5.642],[122.7835,-5.6542],[122.7903,-5.6925],[122.8276,-5.6762],[122.8489,-5.6371],[122.8968,-5.5712],[122.9182,-5.5274],[122.9104,-5.4993],[122.866,-5.5136],[122.8628,-5.4959],[122.8762,-5.4584],[122.8929,-5.4443],[122.9776,-5.3942],[123.0103,-5.3957],[123.0305,-5.4195],[123.0656,-5.4184],[123.103,-5.3953],[123.145,-5.3854],[123.1773,-5.3424],[123.2131,-5.3017],[123.2181,-5.2838],[123.2093,-5.2654],[123.1499,-5.225]]],[[[123.2044,-3.9929],[123.1585,-3.9931],[123.1023,-4.0125],[123.0469,-3.9787],[123.0282,-3.9738],[122.9984,-4.0066],[122.9507,-4.0471],[122.9597,-4.0651],[122.9779,-4.1288],[123.0091,-4.172],[123.0448,-4.2096],[123.0866,-4.2345],[123.1362,-4.2387],[123.1693,-4.2211],[123.1963,-4.1877],[123.2388,-4.1222],[123.2534,-4.0898],[123.2512,-4.0509],[123.2341,-4.0153],[123.2044,-3.9929]]],[[[123.1773,-3.574],[123.1572,-3.5449],[123.1406,-3.5392],[123.061,-3.5709],[123.0667,-3.5896],[123.0988,-3.6192],[123.1199,-3.6292],[123.1394,-3.6027],[123.1771,-3.601],[123.1773,-3.574]]]]},"properties":{"name":"Sulawesi Tenggara","name_en":"Southeast Sulawesi","name_ja":"南東スラウェシ州","name_zh":"东南苏拉威西省","name_ko":"동남술라웨시","adm0_a3":"IDN","postal":"SG","iso_3166_2":"ID-SG","type_en":"Province","geonunit":"Indonesia"}},
{"type":"Feature","geometry":{"type":"MultiPolygon","coordinates":[[[[132.7028,-3.4533],[132.6812,-3.4234],[132.6516,-3.406],[132.6203,-3.4238],[132.6375,-3.4475],[132.6664,-3.4534],[132.6789,-3.4959],[132.7029,-3.5193],[132.7147,-3.487],[132.7028,-3.4533]]],[[[134.8735,-4.2546],[135.2651,-3.76],[134.2583,-3.3995],[134.2338,-3.3838],[134.2372,-3.3533],[134.2546,-3.3077],[134.3056,-3.2209],[134.3321,-3.1899],[134.4233,-3.1147],[134.4507,-3.0779],[134.4454,-3.0239],[134.4567,-3.0033],[134.4852,-2.9869],[134.67,-2.8377],[134.6668,-2.8256],[134.6581,-2.5628],[134.6482,-2.5251],[134.6231,-2.4981],[134.5842,-2.4846],[134.5563,-2.4648],[134.5357,-2.47],[134.5537,-2.4915],[134.5093,-2.5077],[134.4844,-2.5393],[134.4744,-2.5807],[134.4776,-2.6349],[134.4946,-2.6701],[134.5003,-2.697],[134.5032,-2.7509],[134.5191,-2.7789],[134.5327,-2.8342],[134.4886,-2.8613],[134.4639,-2.8621],[134.4317,-2.7794],[134.4017,-2.7448],[134.3906,-2.6811],[134.3814,-2.654],[134.3615,-2.6349],[134.3636,-2.6179],[134.3455,-2.5766],[134.3303,-2.5222],[134.313,-2.4983],[134.2708,-2.465],[134.2591,-2.4405],[134.2168,-2.4089],[134.1934,-2.3791],[134.1795,-2.3356],[134.1616,-2.3102],[134.169,-2.2792],[134.1517,-2.2276],[134.1521,-2.1755],[134.1423,-2.1547],[134.1206,-2.1353],[134.1196,-2.1139],[134.1349,-2.0496],[134.1555,-2.0395],[134.1496,-2.0153],[134.1449,-1.9391],[134.1035,-1.7377],[134.0871,-1.6828],[134.0964,-1.6632],[134.126,-1.6523],[134.1543,-1.6284],[134.2072,-1.5735],[134.2214,-1.544],[134.2305,-1.4767],[134.2305,-1.4363],[134.2391,-1.4163],[134.282,-1.3502],[134.2674,-1.3303],[134.2038,-1.2126],[134.1599,-1.1837],[134.1275,-1.1484],[134.098,-1.0934],[134.0951,-1.072],[134.078,-1.0456],[134.0361,-0.9578],[134.0589,-0.9482],[134.0745,-0.895],[134.1515,-0.883],[134.1712,-0.8759],[134.1721,-0.8639],[134.1349,-0.8468],[134.1008,-0.8126],[134.0564,-0.7952],[133.9949,-0.7333],[133.9772,-0.7232],[133.9484,-0.7315],[133.9072,-0.7311],[133.8298,-0.7437],[133.8059,-0.7232],[133.7741,-0.7172],[133.7512,-0.7306],[133.7591,-0.7452],[133.7454,-0.7507],[133.6561,-0.747],[133.6331,-0.7419],[133.6047,-0.7257],[133.5794,-0.7506],[133.5584,-0.7437],[133.3916,-0.7232],[133.3356,-0.6904],[133.315,-0.654],[133.2889,-0.6285],[133.1548,-0.532],[133.1232,-0.5334],[133.0899,-0.5109],[133.0573,-0.5112],[132.9834,-0.4699],[132.9751,-0.4448],[132.9598,-0.442],[132.9368,-0.454],[132.9053,-0.4532],[132.7092,-0.36],[132.6792,-0.3689],[132.4372,-0.3471],[132.3967,-0.3534],[132.3128,-0.3793],[132.27,-0.3845],[132.2372,-0.4015],[132.1509,-0.4357],[132.0996,-0.4699],[132.0749,-0.5234],[132.056,-0.5343],[132.0034,-0.5519],[131.9519,-0.5888],[131.9085,-0.6339],[131.8843,-0.6819],[131.8635,-0.692],[131.7796,-0.7192],[131.5902,-0.7565],[131.5535,-0.7768],[131.5168,-0.7853],[131.5234,-0.762],[131.5448,-0.7369],[131.5029,-0.7333],[131.4883,-0.7468],[131.4504,-0.7501],[131.3988,-0.7663],[131.3875,-0.7826],[131.3322,-0.7927],[131.243,-0.8194],[131.2354,-0.8464],[131.2503,-0.8727],[131.2915,-0.915],[131.2635,-0.9293],[131.2715,-0.9494],[131.2664,-0.9879],[131.271,-1.0037],[131.2537,-1.0276],[131.2542,-1.0803],[131.2316,-1.1261],[131.2022,-1.1627],[131.1817,-1.2172],[131.1553,-1.2245],[131.0745,-1.2376],[131.03,-1.2756],[131.0301,-1.2985],[131.0044,-1.3723],[130.9859,-1.3913],[130.9531,-1.405],[130.9509,-1.4337],[130.9603,-1.4462],[131.0036,-1.4562],[131.0864,-1.4513],[131.1263,-1.4533],[131.1672,-1.4705],[131.1929,-1.4948],[131.2057,-1.5236],[131.2573,-1.4977],[131.2915,-1.491],[131.3237,-1.4692],[131.335,-1.4394],[131.292,-1.4101],[131.2749,-1.3919],[131.2771,-1.3743],[131.3223,-1.4011],[131.3421,-1.4036],[131.3728,-1.3947],[131.4019,-1.4273],[131.3872,-1.4508],[131.4275,-1.4977],[131.4461,-1.5038],[131.469,-1.4977],[131.4776,-1.4741],[131.5005,-1.4697],[131.5202,-1.4767],[131.5731,-1.4802],[131.6135,-1.5112],[131.6472,-1.5256],[131.7038,-1.511],[131.7229,-1.5182],[131.7067,-1.5348],[131.7078,-1.5558],[131.7232,-1.572],[131.7502,-1.5735],[131.784,-1.5475],[131.7912,-1.4977],[131.811,-1.5204],[131.7976,-1.5808],[131.8049,-1.6076],[131.8215,-1.5982],[131.8594,-1.5598],[131.8835,-1.5509],[131.8799,-1.5735],[131.9058,-1.5671],[131.964,-1.5388],[131.9822,-1.5388],[131.9491,-1.5733],[131.9206,-1.5792],[131.8967,-1.6015],[131.8867,-1.652],[131.9087,-1.6721],[131.9004,-1.6902],[131.9175,-1.7073],[131.9675,-1.6972],[132.001,-1.6779],[132.0183,-1.6828],[132.0183,-1.7213],[131.9898,-1.7448],[131.9492,-1.7947],[131.9277,-1.8058],[131.9419,-1.8507],[131.9383,-1.8837],[131.9492,-1.9045],[131.9773,-1.9216],[131.9686,-1.9534],[131.9729,-1.9646],[132.0034,-1.9838],[132.0274,-2.0185],[132.0532,-2.0154],[132.0996,-2.0012],[132.127,-1.9981],[132.0906,-2.0156],[132.0801,-2.0377],[132.0444,-2.0595],[132.0484,-2.0832],[132.0734,-2.1052],[132.2145,-2.1658],[132.2362,-2.183],[132.2805,-2.2498],[132.3057,-2.2656],[132.3479,-2.2701],[132.3849,-2.2565],[132.4553,-2.2172],[132.5237,-2.2042],[132.5604,-2.1856],[132.583,-2.1909],[132.6135,-2.211],[132.6367,-2.2773],[132.6693,-2.2892],[132.6807,-2.3032],[132.6987,-2.3054],[132.7708,-2.26],[132.8159,-2.245],[132.8395,-2.2491],[132.9016,-2.2792],[132.9436,-2.2834],[133.0202,-2.2558],[133.0661,-2.245],[133.135,-2.2385],[133.1694,-2.2169],[133.2312,-2.2172],[133.2962,-2.2042],[133.3166,-2.2226],[133.3882,-2.2172],[133.4456,-2.2379],[133.5147,-2.226],[133.5042,-2.2035],[133.5213,-2.2096],[133.5331,-2.2385],[133.5646,-2.2379],[133.5936,-2.183],[133.5936,-2.2376],[133.6233,-2.2253],[133.6458,-2.236],[133.6621,-2.214],[133.7035,-2.1936],[133.71,-2.1756],[133.7643,-2.1694],[133.7991,-2.1489],[133.8333,-2.1422],[133.8582,-2.1074],[133.8846,-2.1114],[133.9222,-2.1044],[133.9404,-2.1076],[133.9295,-2.1489],[133.8953,-2.1625],[133.898,-2.1755],[133.9431,-2.1625],[133.95,-2.1694],[133.9014,-2.1984],[133.8816,-2.1899],[133.863,-2.2179],[133.8132,-2.2369],[133.792,-2.2602],[133.8235,-2.2949],[133.8401,-2.2997],[133.8742,-2.2817],[133.9021,-2.2587],[133.929,-2.2742],[133.9397,-2.2551],[133.95,-2.2035],[133.9574,-2.2214],[133.957,-2.2726],[133.95,-2.2929],[133.9136,-2.3195],[133.8674,-2.3339],[133.8928,-2.3403],[133.9378,-2.3273],[133.9636,-2.3264],[133.9451,-2.3439],[133.8945,-2.3634],[133.8987,-2.3776],[133.9209,-2.3876],[134.0051,-2.3884],[133.9866,-2.4062],[133.9546,-2.4091],[133.8846,-2.4021],[133.8665,-2.4114],[133.8765,-2.4329],[133.9084,-2.4772],[133.8662,-2.443],[133.8501,-2.4242],[133.7817,-2.4357],[133.7472,-2.4379],[133.741,-2.4459],[133.7673,-2.4719],[133.8018,-2.4703],[133.8196,-2.4772],[133.8049,-2.497],[133.8059,-2.5182],[133.8279,-2.5499],[133.8169,-2.649],[133.7991,-2.6423],[133.7854,-2.5978],[133.7643,-2.5666],[133.7474,-2.5292],[133.7131,-2.512],[133.7097,-2.5212],[133.7068,-2.5978],[133.6892,-2.656],[133.6917,-2.7043],[133.6824,-2.7175],[133.6685,-2.6708],[133.6763,-2.649],[133.6755,-2.5881],[133.6672,-2.5634],[133.634,-2.5393],[133.6067,-2.5325],[133.5856,-2.5524],[133.5474,-2.5608],[133.5383,-2.5871],[133.5187,-2.5896],[133.5095,-2.5501],[133.485,-2.5165],[133.4691,-2.5322],[133.4769,-2.5704],[133.4732,-2.616],[133.4651,-2.6362],[133.4504,-2.6423],[133.4612,-2.5953],[133.4566,-2.5462],[133.4587,-2.5069],[133.438,-2.503],[133.411,-2.5665],[133.4019,-2.615],[133.4081,-2.6596],[133.403,-2.6752],[133.3807,-2.6764],[133.3884,-2.6523],[133.3882,-2.5666],[133.3921,-2.5387],[133.3807,-2.512],[133.3538,-2.4963],[133.326,-2.5051],[133.3123,-2.443],[133.2585,-2.4164],[133.2396,-2.4168],[133.1963,-2.4295],[133.1729,-2.4221],[133.1122,-2.4428],[133.0335,-2.4794],[133.0083,-2.5144],[132.9494,-2.5803],[132.9277,-2.6277],[132.903,-2.6459],[132.853,-2.7175],[132.8353,-2.736],[132.7366,-2.81],[132.716,-2.8142],[132.679,-2.8017],[132.6206,-2.7409],[132.5857,-2.7175],[132.5254,-2.7105],[132.5173,-2.7008],[132.4846,-2.6995],[132.4689,-2.7076],[132.4758,-2.7311],[132.4378,-2.745],[132.4285,-2.697],[132.3672,-2.697],[132.3118,-2.6764],[132.2019,-2.6764],[132.1616,-2.6833],[132.1213,-2.6979],[132.1109,-2.7194],[132.1602,-2.7156],[132.1815,-2.7249],[132.1304,-2.7385],[132.0881,-2.7356],[132.0742,-2.7558],[132.0103,-2.759],[131.9727,-2.777],[131.9656,-2.7931],[132.035,-2.7936],[132.0444,-2.8034],[132.0225,-2.829],[131.9898,-2.841],[131.9898,-2.8484],[132.0239,-2.8547],[132.0178,-2.8786],[131.9779,-2.9146],[131.9761,-2.9298],[131.9969,-2.9148],[132.0387,-2.9264],[132.058,-2.9167],[132.0755,-2.9577],[132.1111,-2.9543],[132.1065,-2.9366],[132.1406,-2.9366],[132.1511,-2.9467],[132.1846,-2.9362],[132.1883,-2.9167],[132.2199,-2.9343],[132.2777,-2.9366],[132.3257,-2.9465],[132.3423,-2.9582],[132.3399,-2.9776],[132.3657,-2.9853],[132.4758,-3.0465],[132.4959,-3.0706],[132.5147,-3.0781],[132.5531,-3.107],[132.5726,-3.1422],[132.5818,-3.1703],[132.6272,-3.1974],[132.6299,-3.2151],[132.6022,-3.2319],[132.603,-3.2419],[132.634,-3.2724],[132.6545,-3.3139],[132.6921,-3.3381],[132.7141,-3.34],[132.7376,-3.3211],[132.7297,-3.2861],[132.7407,-3.2765],[132.7741,-3.2698],[132.8117,-3.2817],[132.819,-3.3036],[132.8119,-3.3666],[132.8211,-3.4374],[132.8319,-3.461],[132.8499,-3.471],[132.8809,-3.4754],[132.9011,-3.524],[132.9318,-3.5541],[132.8963,-3.5864],[132.888,-3.6088],[132.8901,-3.6345],[132.8811,-3.6428],[132.8423,-3.6466],[132.7971,-3.634],[132.7561,-3.6275],[132.7297,-3.6491],[132.731,-3.6823],[132.7849,-3.7931],[132.7849,-3.8378],[132.8021,-3.8582],[132.8246,-3.9164],[132.8259,-3.9378],[132.7964,-3.9181],[132.7959,-3.9406],[132.8259,-3.965],[132.8499,-4.0097],[132.8811,-4.0278],[132.897,-4.0483],[132.8963,-4.0689],[132.9077,-4.0881],[132.9694,-4.112],[132.9899,-4.1139],[133.0075,-4.1047],[133.0352,-4.0701],[133.0515,-4.0612],[133.0791,-4.0606],[133.1639,-4.0763],[133.2109,-4.0784],[133.251,-4.0668],[133.2694,-4.052],[133.3882,-3.9234],[133.4031,-3.8964],[133.4207,-3.8805],[133.4534,-3.8654],[133.4556,-3.8469],[133.4087,-3.8006],[133.3967,-3.756],[133.4089,-3.7224],[133.5056,-3.6223],[133.5593,-3.5964],[133.5862,-3.5666],[133.5902,-3.5222],[133.5691,-3.4819],[133.5506,-3.4687],[133.5112,-3.4552],[133.4906,-3.4374],[133.5194,-3.4308],[133.514,-3.3784],[133.5285,-3.3867],[133.5456,-3.4242],[133.5588,-3.4333],[133.6277,-3.4163],[133.6633,-3.3615],[133.6555,-3.1889],[133.6682,-3.1222],[133.6909,-3.0929],[133.7341,-3.0527],[133.8016,-3.0182],[133.8298,-2.9539],[133.8176,-2.9347],[133.8605,-2.9229],[133.8816,-2.9638],[133.8605,-3.026],[133.8704,-3.0551],[133.8877,-3.0737],[133.9123,-3.0834],[133.9295,-3.1147],[133.9141,-3.1266],[133.8828,-3.0916],[133.8639,-3.0805],[133.8464,-3.0871],[133.8226,-3.1157],[133.7839,-3.1314],[133.7712,-3.1755],[133.7581,-3.1904],[133.7224,-3.183],[133.7097,-3.232],[133.6909,-3.2161],[133.6831,-3.2325],[133.6834,-3.3049],[133.7002,-3.379],[133.6968,-3.4274],[133.6532,-3.4444],[133.6419,-3.4616],[133.6482,-3.5051],[133.6898,-3.5645],[133.708,-3.6101],[133.6961,-3.6491],[133.7031,-3.6726],[133.7166,-3.6728],[133.7476,-3.6565],[133.7776,-3.6691],[133.7991,-3.6907],[133.8098,-3.7203],[133.8293,-3.7219],[133.7954,-3.6315],[133.7991,-3.6088],[133.8225,-3.5899],[133.8381,-3.5904],[133.8436,-3.6384],[133.8527,-3.6539],[133.896,-3.7024],[133.9133,-3.7294],[133.959,-3.8376],[133.9876,-3.8552],[133.9994,-3.8463],[134.0232,-3.8051],[134.0393,-3.7931],[134.0574,-3.7981],[134.0918,-3.824],[134.1104,-3.8176],[134.1265,-3.7992],[134.1275,-3.7453],[134.147,-3.7576],[134.1731,-3.7879],[134.1926,-3.8355],[134.1442,-3.8748],[134.134,-3.8901],[134.1411,-3.903],[134.1704,-3.8881],[134.1912,-3.9435],[134.2112,-3.9553],[134.2722,-3.9714],[134.2927,-4.0002],[134.3153,-4.0203],[134.3267,-4.0197],[134.3403,-3.996],[134.3296,-3.9684],[134.3062,-3.9445],[134.349,-3.9435],[134.3604,-3.926],[134.3335,-3.8688],[134.3753,-3.8991],[134.4304,-3.9078],[134.467,-3.9433],[134.4784,-3.9616],[134.4639,-3.9787],[134.4844,-3.9905],[134.5252,-4.0265],[134.5872,-4.0081],[134.6115,-3.9882],[134.6203,-3.9547],[134.6624,-3.9309],[134.6758,-3.9084],[134.6922,-3.9148],[134.77,-3.9182],[134.8446,-3.9301],[134.8889,-3.9309],[134.9085,-3.9225],[134.9436,-3.9513],[134.9678,-3.9368],[134.9675,-3.9518],[134.9277,-3.9767],[134.9071,-3.9755],[134.8644,-3.9532],[134.7822,-3.9492],[134.7409,-3.9395],[134.7034,-3.9404],[134.6792,-3.9607],[134.676,-4.0265],[134.6965,-4.0532],[134.6878,-4.0732],[134.6553,-4.0998],[134.6482,-4.1187],[134.6581,-4.1334],[134.7239,-4.1425],[134.7307,-4.1876],[134.7398,-4.204],[134.8235,-4.2594],[134.8735,-4.2546]]],[[[133.5584,-4.232],[133.5197,-4.2122],[133.4666,-4.2047],[133.429,-4.1842],[133.4076,-4.1603],[133.3345,-4.1091],[133.3193,-4.1242],[133.3314,-4.1652],[133.3602,-4.1739],[133.3882,-4.2047],[133.4234,-4.2174],[133.4605,-4.2441],[133.4995,-4.245],[133.5352,-4.2387],[133.5552,-4.2517],[133.6042,-4.3007],[133.6086,-4.2918],[133.5584,-4.232]]],[[[131.5994,-2.6349],[131.5725,-2.6511],[131.5982,-2.6539],[131.6441,-2.6287],[131.6546,-2.6132],[131.6399,-2.6137],[131.5994,-2.6349]]],[[[134.5812,-2.4164],[134.5813,-2.3079],[134.5669,-2.2929],[134.5642,-2.3298],[134.5537,-2.3674],[134.5243,-2.3923],[134.5215,-2.4067],[134.5464,-2.4226],[134.5373,-2.4457],[134.5669,-2.4505],[134.5837,-2.4384],[134.5812,-2.4164]]],[[[134.385,-2.0036],[134.3645,-2.0138],[134.3506,-2.0326],[134.3333,-2.0833],[134.3324,-2.1111],[134.3403,-2.1353],[134.3599,-2.1533],[134.3775,-2.1498],[134.3901,-2.1314],[134.3975,-2.092],[134.4243,-2.046],[134.4265,-2.0333],[134.4107,-2.0125],[134.385,-2.0036]]],[[[134.2359,-1.7385],[134.2268,-1.7442],[134.169,-1.8298],[134.1616,-1.8951],[134.1751,-1.9435],[134.2124,-1.8842],[134.2239,-1.8491],[134.208,-1.8268],[134.2448,-1.7961],[134.2482,-1.7439],[134.2359,-1.7385]]],[[[130.3865,-1.8883],[130.4118,-1.8818],[130.4157,-1.8581],[130.4378,-1.8507],[130.4313,-1.8146],[130.4063,-1.779],[130.3518,-1.7414],[130.3572,-1.6949],[130.3534,-1.6801],[130.3215,-1.6791],[130.2891,-1.6922],[130.2205,-1.736],[130.1605,-1.7243],[130.096,-1.7354],[130.0518,-1.7394],[130.012,-1.7502],[129.9387,-1.7892],[129.905,-1.7937],[129.8794,-1.8058],[129.8726,-1.8193],[129.7453,-1.8635],[129.7149,-1.8814],[129.7438,-1.9122],[129.8106,-1.936],[129.8343,-1.9601],[129.8734,-1.982],[129.9255,-2.0038],[129.9689,-2.005],[130.0129,-2.0255],[130.0659,-2.0226],[130.1128,-2.039],[130.0985,-2.0458],[130.1265,-2.067],[130.1543,-2.0588],[130.2234,-2.0578],[130.2561,-2.0458],[130.2871,-2.0046],[130.3088,-1.9915],[130.3381,-1.9496],[130.345,-1.9701],[130.34,-1.9934],[130.3735,-2.0128],[130.4063,-1.9838],[130.4369,-1.9763],[130.4343,-1.9633],[130.3442,-1.9285],[130.355,-1.9122],[130.3865,-1.8883]]],[[[129.9544,-1.1627],[129.8963,-1.1542],[129.8794,-1.1415],[129.8587,-1.142],[129.7674,-1.1721],[129.7439,-1.1999],[129.7627,-1.2104],[129.8333,-1.2118],[129.8742,-1.197],[129.8726,-1.2102],[129.8309,-1.2371],[129.8592,-1.2332],[129.9204,-1.1894],[129.9273,-1.2104],[129.9533,-1.1896],[129.9544,-1.1627]]],[[[131.0574,-1.0007],[131.0762,-0.9743],[131.0527,-0.9323],[131.0348,-0.9148],[130.9803,-0.9177],[130.9397,-0.9323],[130.9129,-0.8942],[130.8919,-0.8899],[130.8306,-0.9075],[130.7901,-0.9293],[130.6807,-0.9566],[130.6498,-0.9738],[130.6494,-0.9884],[130.6882,-1.0248],[130.7119,-1.0699],[130.7101,-1.0929],[130.6882,-1.1074],[130.7293,-1.1508],[130.736,-1.1832],[130.7497,-1.1961],[130.7497,-1.2234],[130.7697,-1.2482],[130.7974,-1.2644],[130.8289,-1.2914],[130.8533,-1.3307],[130.8794,-1.3401],[130.9082,-1.3215],[130.9324,-1.3266],[130.9485,-1.3484],[130.9826,-1.3486],[131.0066,-1.3108],[131.0147,-1.269],[131.0374,-1.2263],[131.0725,-1.0776],[131.0718,-1.0317],[131.0574,-1.0007]]],[[[130.9172,-0.7784],[130.8735,-0.7646],[130.82,-0.7673],[130.8042,-0.7573],[130.8006,-0.77],[130.8166,-0.7883],[130.8179,-0.8194],[130.8001,-0.8014],[130.7328,-0.8263],[130.6807,-0.8126],[130.6543,-0.824],[130.6312,-0.8062],[130.5864,-0.8331],[130.5647,-0.8051],[130.551,-0.8342],[130.5191,-0.8396],[130.4946,-0.8279],[130.5032,-0.8051],[130.49,-0.7992],[130.4617,-0.8051],[130.4484,-0.8186],[130.4475,-0.8609],[130.4343,-0.8746],[130.4407,-0.8932],[130.4094,-0.912],[130.4002,-0.9293],[130.4526,-0.9106],[130.4685,-0.9225],[130.4754,-0.9059],[130.5237,-0.9088],[130.51,-0.9225],[130.5435,-0.9138],[130.6179,-0.9085],[130.7622,-0.8766],[130.8193,-0.8703],[130.8475,-0.851],[130.8897,-0.8328],[130.8767,-0.8176],[130.8757,-0.7992],[130.9168,-0.7857],[130.9172,-0.7784]]],[[[130.6776,-0.4358],[130.625,-0.4096],[130.6061,-0.4267],[130.5823,-0.4332],[130.5505,-0.4638],[130.5225,-0.4689],[130.5051,-0.4413],[130.4758,-0.4767],[130.4548,-0.4638],[130.4695,-0.4903],[130.4963,-0.4904],[130.4925,-0.5034],[130.4617,-0.5252],[130.5171,-0.5178],[130.5476,-0.5053],[130.5647,-0.4767],[130.5969,-0.4645],[130.5977,-0.4908],[130.5837,-0.5239],[130.5715,-0.532],[130.5964,-0.5385],[130.6411,-0.5275],[130.6834,-0.4772],[130.6864,-0.4492],[130.6776,-0.4358]]],[[[131.2976,-0.2372],[131.3182,-0.2031],[131.2974,-0.1593],[131.2637,-0.1427],[131.2295,-0.1342],[131.2116,-0.1379],[131.1916,-0.1137],[131.1537,-0.0857],[131.1267,-0.0764],[131.0438,-0.0652],[131.0564,-0.041],[131.0198,-0.0386],[130.9736,-0.0572],[130.9619,-0.0447],[130.8247,-0.0038],[130.8006,-0.0038],[130.7615,-0.0184],[130.7497,-0.0311],[130.7839,-0.0447],[130.7223,-0.0522],[130.7163,-0.0333],[130.6911,-0.0357],[130.6227,-0.0518],[130.5952,-0.0472],[130.5864,-0.0584],[130.5715,-0.0447],[130.5584,-0.0727],[130.5442,-0.0727],[130.51,-0.0447],[130.4985,-0.0627],[130.4343,-0.0932],[130.4207,-0.0795],[130.4275,-0.1068],[130.407,-0.0973],[130.3809,-0.0737],[130.3587,-0.0795],[130.3687,-0.1218],[130.3484,-0.1218],[130.3381,-0.0795],[130.3176,-0.1068],[130.2908,-0.0992],[130.2806,-0.105],[130.2798,-0.1314],[130.3031,-0.1729],[130.333,-0.1882],[130.3508,-0.1804],[130.3381,-0.1403],[130.3548,-0.1467],[130.3722,-0.1342],[130.374,-0.1559],[130.3977,-0.1459],[130.4063,-0.1274],[130.4137,-0.1415],[130.3977,-0.1834],[130.4299,-0.1863],[130.4241,-0.1993],[130.3986,-0.2145],[130.3567,-0.2018],[130.304,-0.2092],[130.2676,-0.2061],[130.242,-0.1956],[130.2171,-0.2009],[130.2324,-0.2128],[130.3005,-0.2341],[130.3108,-0.2576],[130.366,-0.2638],[130.3822,-0.2756],[130.3928,-0.2638],[130.4275,-0.2713],[130.4445,-0.2831],[130.4548,-0.2713],[130.5066,-0.2503],[130.5237,-0.2576],[130.5171,-0.2826],[130.5222,-0.3019],[130.5442,-0.3259],[130.5412,-0.3825],[130.5584,-0.3874],[130.5457,-0.4202],[130.5474,-0.4361],[130.5615,-0.427],[130.5823,-0.3661],[130.5647,-0.3737],[130.5791,-0.3339],[130.6091,-0.3141],[130.6882,-0.2912],[130.696,-0.3181],[130.6807,-0.3396],[130.7061,-0.4103],[130.7331,-0.4415],[130.7793,-0.4451],[130.8655,-0.4293],[130.9168,-0.406],[130.924,-0.3886],[130.9483,-0.3669],[130.9209,-0.3259],[130.8967,-0.3121],[130.8871,-0.2965],[130.8281,-0.2914],[130.811,-0.3185],[130.751,-0.2875],[130.7178,-0.217],[130.6824,-0.1699],[130.6654,-0.1544],[130.6292,-0.1407],[130.6361,-0.1135],[130.6541,-0.1137],[130.6375,-0.0987],[130.613,-0.0932],[130.6501,-0.0798],[130.6956,-0.0795],[130.6882,-0.0932],[130.7155,-0.0932],[130.7302,-0.1305],[130.7848,-0.1794],[130.7974,-0.2092],[130.7967,-0.2392],[130.8342,-0.2493],[130.8794,-0.2541],[130.9072,-0.2849],[130.9053,-0.2984],[130.9309,-0.3154],[130.9517,-0.3464],[130.979,-0.36],[131.0156,-0.3499],[131.0233,-0.3669],[131.0698,-0.3329],[131.0985,-0.3229],[131.1128,-0.3321],[131.1577,-0.3329],[131.1809,-0.3464],[131.238,-0.3893],[131.2529,-0.3844],[131.2635,-0.3464],[131.2839,-0.3539],[131.2873,-0.3372],[131.3067,-0.3212],[131.3167,-0.2996],[131.3401,-0.2961],[131.3386,-0.2776],[131.2976,-0.2372]]],[[[134.3103,0.7565],[134.3049,0.7329],[134.3386,0.7375],[134.3429,0.7652],[134.3103,0.7565]]],[[[131.2556,1.0688],[131.2549,1.0443],[131.2712,1.072],[131.2556,1.0688]]],[[[133.5918,-2.4615],[133.5602,-2.443],[133.5539,-2.4499],[133.5059,-2.4245],[133.49,-2.4312],[133.5233,-2.488],[133.5852,-2.5126],[133.6058,-2.4889],[133.6055,-2.468],[133.5918,-2.4615]]],[[[129.9024,-0.4085],[129.8545,-0.4265],[129.8441,-0.4623],[129.8644,-0.4986],[129.8882,-0.4947],[129.9162,-0.4274],[129.9024,-0.4085]]]]},"properties":{"name":"Papua Barat","name_en":"West Papua","name_ja":"西パプア州","name_zh":"西巴布亞省","name_ko":"서파푸아","adm0_a3":"IDN","postal":"IB","iso_3166_2":"ID-PB","type_en":"Province","geonunit":"Indonesia"}},
{"type":"Feature","geometry":{"type":"MultiPolygon","coordinates":[[[[123.8767,-2.0185],[123.8599,-2.0105],[123.8394,-2.0491],[123.8693,-2.0533],[123.887,-2.0739],[123.8879,-2.0509],[123.8767,-2.0185]]],[[[123.657,-1.9094],[123.6496,-1.9018],[123.6496,-1.9342],[123.657,-1.9633],[123.6644,-1.9489],[123.657,-1.9094]]],[[[123.738,-1.9079],[123.7261,-1.9],[123.7056,-1.9338],[123.7117,-1.9571],[123.7405,-1.9405],[123.7463,-1.9291],[123.738,-1.9079]]],[[[120.6492,1.0725],[120.6283,1.0788],[120.6076,1.0725],[120.6321,1.0685],[120.6672,1.0431],[120.6834,1.0446],[120.6492,1.0725]]],[[[120.3776,1.0799],[120.3677,1.0492],[120.3779,1.0241],[120.404,1.0449],[120.4024,1.0772],[120.3776,1.0799]]],[[[121.3333,0.4623],[121.3443,0.4974],[121.3409,0.5535],[121.3338,0.5756],[121.3091,0.5748],[121.2567,0.5867],[121.2284,0.6085],[121.2157,0.6275],[121.1604,0.6861],[121.2151,0.709],[121.2354,0.7246],[121.2608,0.7791],[121.3032,0.8261],[121.3431,0.8497],[121.3785,0.861],[121.4233,0.8598],[121.4841,0.8451],[121.508,0.8469],[121.5521,0.8628],[121.6119,0.878],[121.6575,0.8989],[121.7205,0.919],[121.8404,0.9704],[121.8559,0.9751],[121.8898,0.9712],[121.9931,0.9353],[122.0457,0.9438],[122.1408,0.9871],[122.1973,1.0277],[122.1494,1.0377],[122.0877,1.0616],[122.0488,1.0598],[122.0122,1.0241],[121.9702,1.0295],[121.9558,1.0456],[121.9432,1.0911],[121.9261,1.0987],[121.6309,1.062],[121.5868,1.0618],[121.5467,1.0725],[121.4807,1.1209],[121.4505,1.1674],[121.4436,1.2022],[121.43,1.233],[121.4675,1.2469],[121.4695,1.2829],[121.4514,1.2976],[121.3991,1.2624],[121.3817,1.2567],[121.3176,1.2539],[121.2649,1.2296],[121.1828,1.2714],[121.1587,1.3028],[121.0804,1.3319],[121.0612,1.3271],[120.9673,1.3462],[120.9385,1.3372],[120.9085,1.3114],[120.9092,1.3537],[120.8745,1.3257],[120.8335,1.3257],[120.8208,1.31],[120.8276,1.214],[120.8198,1.1749],[120.8025,1.152],[120.7987,1.1308],[120.8032,1.0684],[120.7925,1.0377],[120.763,1.026],[120.7476,1.0106],[120.7339,0.9797],[120.7227,0.9768],[120.6902,0.9961],[120.6623,0.9688],[120.6178,0.8986],[120.6022,0.8557],[120.6144,0.8322],[120.5681,0.7821],[120.5564,0.7807],[120.5276,0.8061],[120.4878,0.8118],[120.4696,0.7968],[120.422,0.8118],[120.3871,0.8339],[120.3674,0.8664],[120.3464,0.8556],[120.3403,0.8724],[120.3401,0.9179],[120.3467,0.9631],[120.3416,0.9829],[120.3196,0.9961],[120.2785,0.9942],[120.2565,0.9689],[120.2471,0.9333],[120.2355,0.8315],[120.2271,0.8149],[120.1865,0.784],[120.1209,0.7543],[120.0628,0.7429],[120.0457,0.7344],[120.0342,0.7138],[120.0248,0.6672],[120.0296,0.6281],[120.0452,0.55],[120.0322,0.5163],[120.0125,0.5048],[119.9646,0.5011],[119.9118,0.4737],[119.8984,0.4516],[119.895,0.4207],[119.8587,0.3642],[119.854,0.3422],[119.8695,0.2872],[119.854,0.2699],[119.7944,0.2502],[119.7852,0.2395],[119.794,0.1966],[119.8698,0.1057],[119.8882,0.0713],[119.8779,0.0455],[119.8568,-0.041],[119.8259,-0.0899],[119.7783,-0.0763],[119.7158,0.0015],[119.6753,0.0303],[119.6685,-0.0038],[119.6345,0.0105],[119.6277,-0.0184],[119.6387,-0.0509],[119.6753,-0.0994],[119.7,-0.1141],[119.7305,-0.1214],[119.7625,-0.1195],[119.792,-0.1068],[119.8,-0.1238],[119.8084,-0.1828],[119.7905,-0.2088],[119.7811,-0.2394],[119.7578,-0.4699],[119.7754,-0.5226],[119.792,-0.6071],[119.8241,-0.6751],[119.854,-0.7164],[119.854,-0.761],[119.8672,-0.7883],[119.8623,-0.8342],[119.8465,-0.8746],[119.8249,-0.8587],[119.8098,-0.8339],[119.792,-0.7784],[119.7556,-0.7038],[119.7337,-0.6339],[119.6926,-0.6788],[119.6594,-0.6962],[119.6548,-0.7062],[119.6821,-0.7369],[119.6345,-0.7784],[119.6033,-0.7914],[119.5872,-0.8194],[119.5662,-0.8337],[119.5725,-0.8779],[119.5668,-0.994],[119.5721,-1.052],[119.5954,-1.119],[119.6018,-1.1507],[119.5888,-1.184],[119.5265,-1.2236],[119.4985,-1.2554],[119.487,-1.2886],[119.4945,-1.3293],[119.5254,-1.3491],[119.6417,-1.3937],[119.6706,-1.4166],[119.6925,-1.4613],[119.7068,-1.5654],[119.7247,-1.6125],[119.7684,-1.6694],[119.8224,-1.729],[119.839,-1.7572],[119.8464,-1.7917],[119.8227,-1.8718],[119.8221,-1.9082],[119.8359,-1.9387],[119.8553,-1.9538],[119.8735,-1.9554],[119.9088,-1.9383],[119.9654,-1.9024],[120.0481,-1.8615],[120.1013,-1.8527],[120.1568,-1.8604],[120.2924,-1.9002],[120.3235,-1.9036],[120.3523,-1.8918],[120.373,-1.8493],[120.4049,-1.8377],[120.4476,-1.8662],[120.5532,-2.025],[120.5883,-2.0675],[120.625,-2.1042],[120.7636,-2.2175],[120.8042,-2.2386],[121.3498,-2.3485],[121.3985,-2.3638],[121.4489,-2.3885],[121.4894,-2.4181],[121.5464,-2.4842],[121.6083,-2.5381],[121.638,-2.5579],[121.742,-2.6101],[121.7637,-2.6279],[121.7874,-2.6701],[121.7964,-2.7171],[121.792,-2.7585],[121.7725,-2.8009],[121.6162,-2.9605],[121.598,-2.9728],[121.6702,-2.9827],[121.7814,-2.9855],[121.8169,-2.9953],[122.058,-3.0926],[122.1536,-3.0899],[122.2072,-3.1115],[122.2918,-3.1792],[122.3394,-3.2376],[122.3579,-3.2175],[122.3827,-3.2382],[122.4026,-3.232],[122.433,-3.2431],[122.4354,-3.1964],[122.4647,-3.1769],[122.4675,-3.1482],[122.4573,-3.1563],[122.4387,-3.1401],[122.4304,-3.1147],[122.3859,-3.132],[122.3137,-3.0602],[122.2796,-3.0396],[122.2708,-3.0021],[122.3125,-2.9269],[122.2871,-2.8888],[122.2454,-2.8753],[122.2077,-2.8752],[122.1926,-2.8663],[122.1773,-2.8068],[122.1527,-2.7941],[122.1371,-2.7755],[122.099,-2.7703],[122.0599,-2.7448],[122.0156,-2.6935],[122.0134,-2.6809],[122.0191,-2.615],[122.0093,-2.5935],[121.9779,-2.554],[121.9655,-2.5182],[121.9297,-2.463],[121.8826,-2.4133],[121.8648,-2.3585],[121.8477,-2.3209],[121.8229,-2.2873],[121.7669,-2.2416],[121.739,-2.211],[121.7009,-2.1804],[121.6177,-2.178],[121.5746,-2.1625],[121.555,-2.134],[121.5353,-2.0588],[121.5119,-2.0323],[121.4915,-2.0353],[121.4666,-2.0009],[121.4363,-1.9802],[121.4146,-1.9273],[121.402,-1.9094],[121.3884,-1.9172],[121.3748,-1.9571],[121.3406,-1.9913],[121.3406,-1.9465],[121.327,-1.919],[121.3457,-1.8557],[121.3406,-1.8398],[121.3042,-1.8469],[121.2961,-1.8167],[121.3119,-1.7829],[121.3474,-1.779],[121.3713,-1.8058],[121.4163,-1.8058],[121.4409,-1.8136],[121.4451,-1.8416],[121.4567,-1.8609],[121.5047,-1.8767],[121.5401,-1.9234],[121.5625,-1.9306],[121.6277,-1.9273],[121.6921,-1.9081],[121.718,-1.8883],[121.7551,-1.8338],[121.7986,-1.7179],[121.8561,-1.6881],[121.8613,-1.6697],[121.9014,-1.6755],[121.9548,-1.6638],[122.0054,-1.6349],[122.0186,-1.6181],[122.0365,-1.6139],[122.0637,-1.6213],[122.124,-1.5976],[122.1432,-1.594],[122.1839,-1.6142],[122.2332,-1.5743],[122.3063,-1.5243],[122.3688,-1.4928],[122.406,-1.4462],[122.4783,-1.3811],[122.5027,-1.3338],[122.5296,-1.316],[122.5721,-1.2532],[122.5881,-1.2371],[122.6265,-1.2184],[122.6384,-1.2061],[122.6483,-1.1594],[122.6907,-1.121],[122.721,-1.1091],[122.7356,-1.0627],[122.7697,-1.0198],[122.8117,-0.9241],[122.8387,-0.8992],[122.8762,-0.9088],[122.917,-0.8996],[123.0095,-0.8937],[123.0401,-0.8808],[123.0608,-0.8805],[123.0962,-0.8351],[123.1189,-0.8429],[123.1509,-0.873],[123.1567,-0.8876],[123.1499,-0.9355],[123.2109,-0.9833],[123.2388,-1.0248],[123.2698,-1.0446],[123.3112,-1.0514],[123.3524,-1.0397],[123.3833,-1.0037],[123.3897,-0.9837],[123.4002,-0.8948],[123.4378,-0.8536],[123.4448,-0.8331],[123.4404,-0.7929],[123.4544,-0.7582],[123.4385,-0.7304],[123.4447,-0.7096],[123.4253,-0.7084],[123.4038,-0.6725],[123.4173,-0.6549],[123.4035,-0.6427],[123.3418,-0.6202],[123.2737,-0.5833],[123.2395,-0.5705],[123.0759,-0.5564],[123.0501,-0.567],[123.0264,-0.5997],[122.9943,-0.608],[122.9644,-0.5997],[122.943,-0.6051],[122.855,-0.6105],[122.8389,-0.6205],[122.823,-0.6122],[122.7793,-0.6463],[122.7527,-0.6413],[122.7346,-0.6484],[122.7417,-0.6681],[122.7801,-0.6866],[122.883,-0.6959],[122.8973,-0.7164],[122.9602,-0.7306],[122.9445,-0.7506],[122.9124,-0.7629],[122.7874,-0.7737],[122.739,-0.7914],[122.7165,-0.7924],[122.6564,-0.7678],[122.6358,-0.7538],[122.6125,-0.7522],[122.595,-0.7647],[122.5571,-0.7682],[122.4875,-0.7497],[122.4102,-0.7575],[122.2077,-0.7647],[122.1936,-0.769],[122.1563,-0.7989],[122.1594,-0.82],[122.1414,-0.8868],[122.1289,-0.9088],[122.1053,-0.9262],[122.0857,-0.9264],[122.0432,-0.915],[121.9995,-0.9221],[121.9637,-0.943],[121.926,-0.9553],[121.887,-0.9513],[121.8454,-0.941],[121.8,-0.9355],[121.7142,-0.9355],[121.6629,-0.8876],[121.6597,-0.8126],[121.6292,-0.7989],[121.5877,-0.8126],[121.5852,-0.8427],[121.5361,-0.8468],[121.5007,-0.8593],[121.4525,-0.9057],[121.4299,-0.9338],[121.3745,-1.0207],[121.3184,-1.0672],[121.2922,-1.1005],[121.2668,-1.1486],[121.241,-1.1612],[121.1971,-1.2029],[121.1785,-1.2682],[121.167,-1.3229],[121.1305,-1.3798],[121.1055,-1.4059],[121.0733,-1.4213],[121.0327,-1.4158],[120.9878,-1.3811],[120.8899,-1.3953],[120.8677,-1.3947],[120.8267,-1.3777],[120.8301,-1.3401],[120.8039,-1.3429],[120.7373,-1.3606],[120.7373,-1.3674],[120.676,-1.3947],[120.6619,-1.3849],[120.6392,-1.3412],[120.6309,-1.3005],[120.6194,-1.2804],[120.5654,-1.2155],[120.577,-1.1467],[120.5879,-1.1286],[120.5824,-1.1052],[120.5181,-1.0112],[120.5003,-0.9753],[120.4468,-0.9601],[120.4258,-0.92],[120.4124,-0.905],[120.3879,-0.9013],[120.3255,-0.9387],[120.3027,-0.9323],[120.2439,-0.8876],[120.0892,-0.6573],[120.0731,-0.6139],[120.0481,-0.4728],[120.0594,-0.442],[120.053,-0.4194],[120.0249,-0.384],[120.0186,-0.3635],[119.9966,-0.2343],[119.9956,-0.2092],[120.0189,-0.1525],[120.0248,-0.1068],[120.023,-0.071],[120.0628,-0.0345],[120.0842,0.0063],[120.0942,0.0514],[120.1039,0.1173],[120.1213,0.1452],[120.1284,0.1811],[120.1582,0.2278],[120.2145,0.2919],[120.273,0.3781],[120.3147,0.4232],[120.3401,0.4419],[120.3753,0.4777],[120.4089,0.4857],[120.4861,0.5242],[120.5027,0.5289],[120.6795,0.5306],[120.6986,0.5242],[120.7302,0.4935],[120.7508,0.4828],[120.7888,0.4897],[120.8093,0.4692],[120.8472,0.4617],[120.8607,0.4344],[120.8924,0.4233],[120.9553,0.4319],[120.987,0.447],[121.0198,0.442],[121.0474,0.4189],[121.0991,0.4074],[121.1192,0.4114],[121.1351,0.4344],[121.1638,0.4575],[121.2205,0.466],[121.2606,0.4825],[121.2859,0.4828],[121.3333,0.4623]]],[[[123.8574,-1.9504],[123.8447,-1.9286],[123.7874,-1.874],[123.7717,-1.8956],[123.7733,-1.9226],[123.7874,-1.9806],[123.7942,-1.9921],[123.8318,-2.005],[123.8644,-1.9894],[123.8574,-1.9504]]],[[[123.1328,-1.7653],[123.1021,-1.7485],[123.0745,-1.8189],[123.0674,-1.8917],[123.0728,-1.9016],[123.0967,-1.8953],[123.117,-1.8578],[123.1528,-1.8238],[123.1515,-1.7988],[123.1328,-1.7653]]],[[[123.5031,-1.2644],[123.4868,-1.2592],[123.4551,-1.2309],[123.4285,-1.2577],[123.4141,-1.2477],[123.4069,-1.2195],[123.3522,-1.2292],[123.3355,-1.2719],[123.3211,-1.2924],[123.3008,-1.3059],[123.2554,-1.3771],[123.2319,-1.3947],[123.2258,-1.3327],[123.1976,-1.2955],[123.2018,-1.2565],[123.2222,-1.2487],[123.2461,-1.2234],[123.201,-1.1552],[123.1829,-1.1423],[123.1704,-1.1484],[123.1594,-1.1793],[123.1338,-1.1799],[123.1121,-1.1627],[123.0742,-1.1627],[123.0171,-1.1726],[122.9973,-1.1904],[122.9715,-1.1944],[122.9138,-1.1764],[122.8987,-1.1843],[122.8361,-1.274],[122.8208,-1.3137],[122.8109,-1.3581],[122.8074,-1.4016],[122.812,-1.4436],[122.874,-1.5846],[122.8958,-1.5895],[122.9199,-1.5745],[122.9932,-1.5092],[123.0332,-1.4562],[123.0534,-1.4085],[123.072,-1.394],[123.0946,-1.3464],[123.137,-1.3245],[123.1455,-1.3],[123.1636,-1.3122],[123.1636,-1.3538],[123.1848,-1.4856],[123.1773,-1.5182],[123.1118,-1.5563],[123.1159,-1.5866],[123.1567,-1.6008],[123.1784,-1.6225],[123.2152,-1.5955],[123.2268,-1.5934],[123.2355,-1.627],[123.2505,-1.6227],[123.2498,-1.5107],[123.2588,-1.466],[123.2803,-1.4289],[123.2964,-1.4177],[123.3268,-1.4212],[123.3276,-1.4446],[123.3501,-1.4567],[123.3622,-1.5114],[123.3812,-1.4983],[123.4084,-1.5165],[123.4622,-1.4943],[123.5031,-1.4601],[123.5286,-1.433],[123.5348,-1.4123],[123.5335,-1.3811],[123.5518,-1.3243],[123.551,-1.2848],[123.5391,-1.2727],[123.5031,-1.2644]]],[[[121.8539,-0.4011],[121.8221,-0.4067],[121.7786,-0.4246],[121.7521,-0.4011],[121.7409,-0.4291],[121.7019,-0.4496],[121.6799,-0.4689],[121.6502,-0.5126],[121.6423,-0.5456],[121.6717,-0.5504],[121.7009,-0.5351],[121.7256,-0.4831],[121.8013,-0.4936],[121.8166,-0.5077],[121.8447,-0.508],[121.8347,-0.4767],[121.8784,-0.5109],[121.9064,-0.4993],[121.916,-0.4699],[121.8955,-0.4284],[121.8539,-0.4011]]],[[[122.0296,-0.3321],[122.0044,-0.3303],[121.9666,-0.3147],[121.9265,-0.3123],[121.9235,-0.3396],[121.9024,-0.3321],[121.8723,-0.3326],[121.8601,-0.3674],[121.875,-0.3948],[121.8987,-0.4075],[121.9318,-0.4146],[121.9641,-0.4133],[121.9849,-0.4011],[122.0066,-0.4107],[122.0266,-0.4069],[122.0531,-0.3737],[122.0514,-0.3421],[122.0296,-0.3321]]],[[[122.2176,-0.2472],[122.2026,-0.2322],[122.1773,-0.2304],[122.1897,-0.2053],[122.1771,-0.1964],[122.1584,-0.2114],[122.1463,-0.2441],[122.2,-0.2678],[122.2176,-0.2638],[122.2365,-0.2734],[122.2352,-0.2582],[122.2176,-0.2472]]],[[[122.3692,-0.2638],[122.3594,-0.2493],[122.3278,-0.2306],[122.2873,-0.2188],[122.2728,-0.2061],[122.2319,-0.1887],[122.2289,-0.2079],[122.2605,-0.241],[122.2933,-0.2372],[122.3215,-0.2579],[122.3543,-0.3217],[122.376,-0.3464],[122.3827,-0.3396],[122.3679,-0.3045],[122.3692,-0.2638]]],[[[121.5746,-0.1825],[121.6003,-0.2032],[121.6245,-0.1984],[121.6426,-0.1769],[121.6497,-0.1474],[121.6331,-0.1247],[121.5974,-0.1247],[121.5691,-0.1448],[121.5746,-0.1825]]],[[[123.3657,-1.6731],[123.3303,-1.6949],[123.2798,-1.7482],[123.271,-1.7693],[123.2803,-1.7858],[123.3013,-1.7883],[123.3177,-1.7745],[123.3418,-1.738],[123.3782,-1.7128],[123.3762,-1.6788],[123.3657,-1.6731]]],[[[122.1394,-0.3842],[122.1432,-0.3604],[122.1317,-0.338],[122.1016,-0.3154],[122.0947,-0.2638],[122.0767,-0.2691],[122.0656,-0.2961],[122.0599,-0.3539],[122.0706,-0.398],[122.0846,-0.4078],[122.0947,-0.3811],[122.1239,-0.3927],[122.1394,-0.3842]]],[[[123.6006,-1.6033],[123.5689,-1.6008],[123.5574,-1.5811],[123.5601,-1.546],[123.5447,-1.497],[123.5233,-1.4827],[123.5207,-1.5048],[123.5007,-1.5094],[123.4767,-1.5628],[123.4927,-1.595],[123.4784,-1.6196],[123.4756,-1.6491],[123.4873,-1.7],[123.5037,-1.7128],[123.5151,-1.7034],[123.5454,-1.7219],[123.5749,-1.72],[123.6013,-1.7028],[123.6087,-1.6887],[123.6165,-1.6246],[123.6006,-1.6033]]]]},"properties":{"name":"Sulawesi Tengah","name_en":"Central Sulawesi","name_ja":"中部スラウェシ州","name_zh":"中苏拉威西省","name_ko":"중앙술라웨시","adm0_a3":"IDN","postal":"ST","iso_3166_2":"ID-ST","type_en":"Province","geonunit":"Indonesia"}},
{"type":"Feature","geometry":{"type":"MultiPolygon","coordinates":[[[[124.3489,-1.9596],[124.3181,-1.964],[124.3057,-1.9734],[124.3047,-1.996],[124.3347,-2.005],[124.3703,-2.039],[124.3721,-1.9926],[124.3662,-1.9713],[124.3489,-1.9596]]],[[[127.3711,-1.3674],[127.3457,-1.3657],[127.3303,-1.3538],[127.3235,-1.3743],[127.3045,-1.3777],[127.2858,-1.4003],[127.2842,-1.4254],[127.3167,-1.4363],[127.3478,-1.4128],[127.3788,-1.4054],[127.3711,-1.3674]]],[[[127.7859,2.2642],[127.7599,2.2699],[127.7482,2.2474],[127.7577,2.2214],[127.7813,2.2089],[127.8052,2.2123],[127.8162,2.2338],[127.8106,2.2639],[127.7859,2.2642]]],[[[128.1936,2.3673],[128.1732,2.4007],[128.1541,2.4006],[128.1287,2.3583],[128.1253,2.3356],[128.1411,2.2964],[128.1546,2.2864],[128.1699,2.2974],[128.1936,2.3673]]],[[[126.0691,-2.3845],[126.0651,-2.3639],[125.9772,-2.1804],[125.9728,-2.1353],[125.9973,-2.0554],[125.9988,-2.0152],[125.9854,-1.9937],[125.9553,-1.9711],[125.9334,-1.9645],[125.9164,-1.9739],[125.8794,-2.0185],[125.8635,-2.0533],[125.8626,-2.0866],[125.8977,-2.1694],[125.9046,-2.2314],[125.9461,-2.2717],[125.9548,-2.3022],[125.9578,-2.3692],[125.966,-2.4021],[125.9845,-2.4313],[126.0134,-2.4596],[126.0462,-2.4742],[126.0759,-2.463],[126.0881,-2.4411],[126.0691,-2.3845]]],[[[126.3291,-1.8193],[126.2888,-1.8132],[126.1167,-1.8058],[125.9934,-1.7858],[125.9461,-1.7858],[125.8289,-1.8015],[125.7556,-1.7945],[125.7349,-1.8087],[125.7029,-1.8193],[125.6253,-1.8098],[125.6104,-1.8132],[125.5899,-1.7991],[125.5588,-1.798],[125.4971,-1.8058],[125.4832,-1.777],[125.4595,-1.7927],[125.4221,-1.7941],[125.4021,-1.7747],[125.3906,-1.776],[125.3779,-1.7992],[125.3469,-1.811],[125.3353,-1.8507],[125.3565,-1.8814],[125.3806,-1.8541],[125.4234,-1.8751],[125.4378,-1.8951],[125.438,-1.9325],[125.4321,-1.9496],[125.4685,-1.9378],[125.5311,-1.936],[125.6203,-1.9156],[125.7874,-1.9187],[125.856,-1.9034],[125.8877,-1.9093],[125.9276,-1.9314],[125.9802,-1.9018],[126.0243,-1.9018],[126.0591,-1.8883],[126.1448,-1.8814],[126.1799,-1.8845],[126.1904,-1.8738],[126.2235,-1.8678],[126.2721,-1.8673],[126.3359,-1.838],[126.3445,-1.8188],[126.3291,-1.8193]]],[[[125.3148,-1.779],[125.2848,-1.7859],[125.3001,-1.7509],[125.284,-1.7311],[125.2534,-1.7328],[125.2398,-1.7448],[125.2202,-1.789],[125.1914,-1.7824],[125.1953,-1.7219],[125.1852,-1.7039],[125.1502,-1.6977],[125.1203,-1.6828],[125.0964,-1.7516],[125.11,-1.7585],[125.0816,-1.7647],[125.0554,-1.7516],[125.048,-1.7653],[125.0347,-1.7521],[125.023,-1.7231],[124.9729,-1.7101],[124.9607,-1.6983],[124.9382,-1.7039],[124.8716,-1.693],[124.8152,-1.6697],[124.757,-1.6651],[124.729,-1.6506],[124.6877,-1.6384],[124.6328,-1.6311],[124.5928,-1.6332],[124.5563,-1.6412],[124.5278,-1.6554],[124.5265,-1.6257],[124.4886,-1.6457],[124.4248,-1.6554],[124.3849,-1.6679],[124.3731,-1.705],[124.3689,-1.7507],[124.3314,-1.8269],[124.3291,-1.8708],[124.3359,-1.8881],[124.3926,-1.9743],[124.406,-2.0041],[124.4528,-2.0125],[124.5142,-2.005],[124.5432,-2.0065],[124.6712,-1.9701],[124.7116,-1.9524],[124.786,-1.908],[124.8283,-1.8951],[124.8533,-1.8969],[124.8911,-1.9172],[124.9146,-1.9225],[124.9592,-1.9225],[124.9866,-1.9435],[125.0135,-1.9443],[125.031,-1.8985],[125.0505,-1.888],[125.11,-1.8951],[125.1476,-1.874],[125.1882,-1.8814],[125.2739,-1.874],[125.3088,-1.8849],[125.3216,-1.8644],[125.3198,-1.7934],[125.3148,-1.779]]],[[[128.1452,-1.594],[128.1346,-1.5728],[128.1145,-1.5598],[128.0896,-1.5673],[128.0467,-1.5463],[128.0081,-1.5046],[127.8989,-1.4267],[127.8755,-1.424],[127.8517,-1.4363],[127.8057,-1.4192],[127.7848,-1.4024],[127.7654,-1.3684],[127.7136,-1.345],[127.6343,-1.3287],[127.6245,-1.3295],[127.5215,-1.4011],[127.4939,-1.4448],[127.4817,-1.4482],[127.4353,-1.4122],[127.4036,-1.4916],[127.4129,-1.5114],[127.3993,-1.5276],[127.3986,-1.5735],[127.3787,-1.6323],[127.4326,-1.6865],[127.4942,-1.7175],[127.5327,-1.7314],[127.5689,-1.7322],[127.6487,-1.7243],[127.6846,-1.6956],[127.7033,-1.6902],[127.8547,-1.6965],[127.9131,-1.6824],[127.9334,-1.6828],[128.0515,-1.7145],[128.0906,-1.7101],[128.1265,-1.6936],[128.1511,-1.6697],[128.159,-1.637],[128.1452,-1.594]]],[[[127.69,-1.2138],[127.6275,-1.2076],[127.6102,-1.1931],[127.5472,-1.1711],[127.5016,-1.1894],[127.4607,-1.2358],[127.4634,-1.2439],[127.5149,-1.2621],[127.5315,-1.2379],[127.5903,-1.2439],[127.6458,-1.2706],[127.666,-1.2719],[127.6929,-1.2494],[127.6976,-1.2311],[127.69,-1.2138]]],[[[127.2962,-0.7437],[127.2918,-0.6945],[127.2488,-0.6376],[127.2612,-0.6202],[127.214,-0.6154],[127.1946,-0.6352],[127.1893,-0.675],[127.1589,-0.7306],[127.1555,-0.7724],[127.1802,-0.7839],[127.2483,-0.7853],[127.2688,-0.8051],[127.3198,-0.7936],[127.318,-0.78],[127.2962,-0.7437]]],[[[127.8889,-0.7647],[127.8486,-0.713],[127.7896,-0.6896],[127.7251,-0.694],[127.6902,-0.7136],[127.666,-0.7164],[127.6527,-0.7072],[127.6511,-0.6524],[127.6065,-0.6291],[127.6077,-0.5938],[127.6177,-0.5732],[127.6765,-0.5035],[127.688,-0.4806],[127.6831,-0.4601],[127.6517,-0.4153],[127.632,-0.4153],[127.6123,-0.3663],[127.5889,-0.352],[127.5786,-0.325],[127.5662,-0.3165],[127.5169,-0.3019],[127.5042,-0.3351],[127.4805,-0.3464],[127.4609,-0.4068],[127.4353,-0.4112],[127.4206,-0.3889],[127.4165,-0.3678],[127.3828,-0.3364],[127.3612,-0.3259],[127.3167,-0.3396],[127.3303,-0.3737],[127.3224,-0.4169],[127.2918,-0.4601],[127.2912,-0.4768],[127.303,-0.5109],[127.3444,-0.5446],[127.3711,-0.5929],[127.3923,-0.5997],[127.3986,-0.6202],[127.4702,-0.6413],[127.4707,-0.6525],[127.4395,-0.7164],[127.4416,-0.7729],[127.4577,-0.8156],[127.4699,-0.8185],[127.5357,-0.7989],[127.6257,-0.7524],[127.6448,-0.763],[127.6585,-0.7914],[127.6535,-0.8274],[127.6738,-0.8362],[127.6831,-0.8536],[127.7276,-0.8671],[127.7488,-0.8853],[127.7866,-0.8704],[127.8223,-0.8644],[127.8762,-0.8178],[127.8882,-0.8022],[127.8982,-0.7673],[127.8889,-0.7647]]],[[[127.2346,-0.4904],[127.252,-0.4972],[127.2688,-0.4563],[127.2616,-0.4146],[127.28,-0.4025],[127.277,-0.3735],[127.2547,-0.3388],[127.2578,-0.3089],[127.2887,-0.3054],[127.2925,-0.2781],[127.2546,-0.2756],[127.2349,-0.2517],[127.2204,-0.2576],[127.1748,-0.2555],[127.1211,-0.2781],[127.1104,-0.2877],[127.1248,-0.36],[127.1126,-0.3694],[127.1105,-0.4047],[127.1023,-0.4378],[127.1199,-0.4462],[127.131,-0.483],[127.1086,-0.5011],[127.1248,-0.5109],[127.1174,-0.5252],[127.1795,-0.5252],[127.2109,-0.5133],[127.2346,-0.4904]]],[[[129.5369,-0.1342],[129.5127,-0.1144],[129.4598,-0.0802],[129.3093,0.048],[129.2903,0.0406],[129.3376,0.0068],[129.3617,-0.0311],[129.3716,-0.0368],[129.3729,-0.0795],[129.4583,-0.1137],[129.502,-0.1887],[129.5168,-0.2088],[129.5403,-0.2167],[129.5602,-0.2081],[129.5715,-0.1922],[129.5576,-0.1588],[129.5369,-0.1342]]],[[[127.46,-0.0038],[127.4402,0.1203],[127.4525,0.1402],[127.4089,0.147],[127.3986,0.1061],[127.3914,0.053],[127.3986,0.0031],[127.4129,0.0235],[127.4326,0.0068],[127.4326,-0.0208],[127.4603,-0.0389],[127.46,-0.0038]]],[[[127.3987,0.3796],[127.3587,0.3713],[127.3371,0.3488],[127.3411,0.3146],[127.3582,0.2835],[127.3963,0.2811],[127.4172,0.3129],[127.4187,0.354],[127.3987,0.3796]]],[[[127.3787,0.623],[127.3887,0.6188],[127.4109,0.6323],[127.4463,0.6672],[127.4448,0.7274],[127.436,0.7472],[127.4185,0.7571],[127.4038,0.7504],[127.3849,0.7571],[127.3757,0.6988],[127.3587,0.6658],[127.3787,0.623]]],[[[127.3711,0.7845],[127.377,0.8078],[127.3635,0.841],[127.3249,0.8629],[127.3049,0.8552],[127.2888,0.8369],[127.2825,0.8149],[127.2933,0.7827],[127.3128,0.7571],[127.3469,0.7574],[127.3711,0.7845]]],[[[127.666,-0.2092],[127.6724,-0.2302],[127.7083,-0.287],[127.7415,-0.3034],[127.7776,-0.3281],[127.8513,-0.3655],[127.8856,-0.406],[127.9124,-0.4767],[127.9685,-0.5595],[128.0207,-0.6821],[128.0488,-0.7128],[128.2039,-0.7695],[128.2495,-0.7965],[128.2687,-0.8331],[128.2487,-0.8261],[128.2289,-0.8399],[128.251,-0.8668],[128.284,-0.8782],[128.3709,-0.8849],[128.406,-0.8923],[128.4333,-0.9088],[128.4354,-0.8933],[128.3854,-0.8671],[128.3377,-0.8126],[128.282,-0.7662],[128.2278,-0.7096],[128.1389,-0.5587],[128.0964,-0.5173],[128.0845,-0.4809],[128.0427,-0.4153],[128.0355,-0.3959],[128.0173,-0.3126],[127.9807,-0.2638],[127.9732,-0.1969],[127.9546,-0.1635],[127.9334,-0.1068],[127.9038,-0.0495],[127.8924,-0.0172],[127.8858,0.0235],[127.8846,0.067],[127.8958,0.1024],[127.9192,0.1313],[127.9212,0.1456],[127.9124,0.2535],[127.9061,0.2754],[127.8809,0.3017],[127.8783,0.3245],[127.8965,0.3557],[127.9105,0.4377],[127.9602,0.4828],[127.9787,0.4726],[128.0316,0.4713],[128.0703,0.4634],[128.152,0.4555],[128.188,0.4208],[128.2102,0.4068],[128.2346,0.414],[128.2622,0.3913],[128.2946,0.389],[128.3615,0.4002],[128.4028,0.3935],[128.4496,0.3968],[128.4748,0.3872],[128.5376,0.3268],[128.5667,0.3183],[128.6287,0.3081],[128.6802,0.2835],[128.7004,0.291],[128.8612,0.2436],[128.8996,0.2078],[128.9002,0.222],[128.8797,0.2558],[128.8504,0.2899],[128.8242,0.3109],[128.7705,0.3159],[128.7622,0.3214],[128.7039,0.332],[128.6901,0.347],[128.6854,0.382],[128.686,0.4614],[128.6717,0.4937],[128.6843,0.5417],[128.6667,0.5648],[128.6541,0.5581],[128.6182,0.5716],[128.5706,0.5703],[128.5393,0.5891],[128.485,0.5989],[128.4363,0.6389],[128.3752,0.6404],[128.3135,0.6682],[128.2687,0.7156],[128.2342,0.7426],[128.2136,0.7739],[128.221,0.8127],[128.2488,0.8322],[128.293,0.818],[128.2984,0.8234],[128.2893,0.8559],[128.292,0.8799],[128.3154,0.9016],[128.404,0.9255],[128.4398,0.9318],[128.4748,0.9626],[128.5332,0.9794],[128.5633,1.0074],[128.6455,1.0548],[128.6506,1.062],[128.7012,1.0709],[128.7085,1.1035],[128.7007,1.1711],[128.7144,1.2432],[128.7212,1.3042],[128.7466,1.3213],[128.7483,1.3441],[128.741,1.4049],[128.7146,1.4146],[128.6864,1.4452],[128.6875,1.5032],[128.7007,1.5237],[128.728,1.5485],[128.7195,1.5706],[128.6472,1.579],[128.6047,1.5769],[128.5393,1.5619],[128.5193,1.5356],[128.4985,1.5323],[128.4816,1.5454],[128.4597,1.545],[128.4172,1.5306],[128.3649,1.5032],[128.3445,1.4691],[128.3262,1.4566],[128.2824,1.4426],[128.2046,1.39],[128.1868,1.3742],[128.1421,1.3015],[128.1071,1.2764],[128.0921,1.2573],[128.0974,1.2363],[128.1136,1.2318],[128.1565,1.2418],[128.1763,1.233],[128.1961,1.1964],[128.1924,1.1774],[128.1607,1.1321],[128.1448,1.1247],[128.0757,1.1251],[128.0549,1.1204],[128.0149,1.0998],[127.9939,1.083],[127.9364,1.0073],[127.9276,0.8852],[127.923,0.8698],[127.8724,0.824],[127.8156,0.7991],[127.7957,0.7991],[127.7686,0.8154],[127.7351,0.8259],[127.7207,0.8527],[127.6551,0.89],[127.6355,0.9189],[127.6245,0.9551],[127.6375,1.0007],[127.6711,1.0318],[127.7549,1.0786],[127.834,1.1439],[127.8783,1.147],[127.8943,1.1566],[127.9191,1.2161],[127.9585,1.2646],[127.9739,1.2978],[128.0061,1.2999],[128.0154,1.3173],[127.9998,1.3523],[127.9982,1.3801],[128.0149,1.3946],[128.016,1.4642],[128.0353,1.538],[128.0222,1.5926],[127.9956,1.6273],[128.0059,1.6455],[128.0149,1.7192],[128.0054,1.7394],[127.9636,1.7736],[127.9407,1.8],[127.8757,1.8079],[127.8517,1.8254],[127.8464,1.8515],[127.8493,1.8835],[127.8648,1.929],[127.889,1.9473],[127.923,1.9557],[127.9434,1.9808],[127.9646,2.0536],[127.9876,2.0624],[127.9995,2.0817],[128.0291,2.1097],[128.0501,2.1475],[128.0567,2.1925],[128.0474,2.2038],[128.0039,2.1806],[127.9541,2.1959],[127.9172,2.1721],[127.8926,2.1291],[127.8611,2.1044],[127.7697,2.0087],[127.7466,1.9731],[127.69,1.9253],[127.6546,1.8657],[127.6297,1.8354],[127.5809,1.7518],[127.5698,1.7155],[127.5557,1.6925],[127.5715,1.6848],[127.5698,1.6547],[127.5464,1.6429],[127.5425,1.6304],[127.5562,1.6],[127.5252,1.5566],[127.5194,1.5319],[127.5408,1.4757],[127.5264,1.4385],[127.4878,1.3803],[127.4634,1.3141],[127.4348,1.2774],[127.4059,1.2299],[127.4002,1.1894],[127.4207,1.1638],[127.4274,1.1285],[127.3998,1.0788],[127.4041,1.0428],[127.4495,1.0513],[127.4714,1.0656],[127.492,1.0549],[127.4878,0.9999],[127.4994,0.9965],[127.5147,0.9589],[127.4946,0.905],[127.5078,0.8862],[127.5376,0.8757],[127.5775,0.8693],[127.6116,0.8577],[127.6245,0.8322],[127.6047,0.786],[127.5881,0.7612],[127.5554,0.7399],[127.5474,0.7154],[127.5425,0.6672],[127.5295,0.6059],[127.5269,0.5606],[127.5344,0.5417],[127.5562,0.5238],[127.5686,0.4628],[127.5723,0.4223],[127.604,0.3935],[127.6109,0.3798],[127.6551,0.3422],[127.6968,0.3422],[127.7156,0.3126],[127.7137,0.2773],[127.6807,0.1623],[127.6797,0.1191],[127.6975,0.0708],[127.7002,0.0477],[127.6854,-0.0083],[127.6865,-0.1239],[127.6672,-0.1858],[127.666,-0.2092]]],[[[128.6864,2.484],[128.6421,2.5379],[128.6304,2.5446],[128.596,2.6086],[128.5664,2.6336],[128.5459,2.6238],[128.5252,2.5824],[128.5151,2.5734],[128.4885,2.5795],[128.4666,2.5943],[128.43,2.5676],[128.4194,2.5326],[128.3581,2.4975],[128.3211,2.4586],[128.2766,2.3687],[128.2488,2.3262],[128.2078,2.2865],[128.1971,2.2662],[128.2321,2.2468],[128.2415,2.2225],[128.2488,2.1754],[128.2461,2.1061],[128.252,2.0894],[128.2837,2.0576],[128.2886,2.0396],[128.2691,1.9953],[128.2896,2.0014],[128.345,2.0399],[128.4902,2.0543],[128.5095,2.0624],[128.5667,2.1099],[128.5852,2.1549],[128.6421,2.2612],[128.6455,2.3262],[128.6817,2.3991],[128.6945,2.4389],[128.6864,2.484]]],[[[126.3949,1.3393],[126.3696,1.3488],[126.3472,1.3233],[126.3591,1.3161],[126.3809,1.2834],[126.4016,1.332],[126.3949,1.3393]]],[[[128.3674,-0.9884],[128.3408,-0.97],[128.3235,-0.9413],[128.3005,-0.9555],[128.3296,-0.9787],[128.3303,-1.0202],[128.3729,-1.0377],[128.4067,-1.026],[128.4035,-0.9953],[128.3674,-0.9884]]]]},"properties":{"name":"Maluku Utara","name_en":"North Maluku","name_ja":"北マルク州","name_zh":"北马鲁古省","name_ko":"북말루쿠","adm0_a3":"IDN","postal":"LA","iso_3166_2":"ID-MU","type_en":"Province","geonunit":"Indonesia"}},
{"type":"Feature","geometry":{"type":"MultiPolygon","coordinates":[[[[104.48,-0.2713],[104.405,-0.2834],[104.4009,-0.2973],[104.4182,-0.3185],[104.4461,-0.3201],[104.4925,-0.3088],[104.4971,-0.29],[104.48,-0.2713]]],[[[103.5064,0.7019],[103.4739,0.6535],[103.472,0.623],[103.4979,0.627],[103.5179,0.6676],[103.5218,0.6898],[103.5064,0.7019]]],[[[104.5646,0.7982],[104.5234,0.7884],[104.5119,0.7737],[104.5112,0.7503],[104.541,0.7666],[104.572,0.7708],[104.6135,0.7659],[104.6216,0.7874],[104.5646,0.7982]]],[[[103.6677,0.8397],[103.6665,0.8236],[103.7009,0.7657],[103.7249,0.7665],[103.7273,0.7799],[103.7026,0.8142],[103.6677,0.8397]]],[[[103.4622,0.9189],[103.4071,0.9114],[103.4447,0.8736],[103.469,0.8696],[103.4795,0.8936],[103.4622,0.9189]]],[[[103.5187,0.8184],[103.4885,0.8454],[103.4212,0.8732],[103.4258,0.8544],[103.4759,0.8322],[103.4905,0.8213],[103.5234,0.7778],[103.5187,0.8184]]],[[[103.8186,0.8862],[103.8517,0.8354],[103.8875,0.818],[103.9114,0.7807],[103.9329,0.7703],[103.9421,0.7913],[103.9242,0.8225],[103.8982,0.8533],[103.8633,0.8769],[103.8186,0.8862]]],[[[103.489,0.777],[103.4597,0.8204],[103.4276,0.8316],[103.4009,0.8801],[103.3855,0.8889],[103.3574,0.8725],[103.3387,0.8049],[103.3456,0.7634],[103.3937,0.6988],[103.4157,0.6574],[103.4343,0.6473],[103.4595,0.6581],[103.4803,0.6852],[103.51,0.7429],[103.489,0.777]]],[[[103.8018,0.8527],[103.7776,0.8801],[103.7434,0.8937],[103.7262,0.8732],[103.7305,0.8476],[103.7639,0.8049],[103.8211,0.7689],[103.8377,0.7695],[103.8395,0.7884],[103.8171,0.8417],[103.8018,0.8527]]],[[[103.9421,0.9961],[103.8928,1.0144],[103.8801,1.0315],[103.8738,1.0036],[103.8447,1.0127],[103.8397,0.9899],[103.8566,0.9684],[103.9114,0.9379],[103.9463,0.9356],[103.9666,0.9472],[103.9614,0.9748],[103.9421,0.9961]]],[[[104.7986,1.0315],[104.7912,1.0241],[104.8259,0.993],[104.8328,0.9551],[104.8528,0.9755],[104.839,1.0036],[104.8435,1.0182],[104.7986,1.0315]]],[[[107.562,1.0372],[107.5391,1.0343],[107.5296,1.0181],[107.554,1.0069],[107.5591,0.994],[107.5471,0.9763],[107.5596,0.9702],[107.6016,1.0098],[107.562,1.0372]]],[[[103.4431,1.0128],[103.4314,1.0427],[103.404,1.0548],[103.3872,1.0998],[103.3898,1.1303],[103.3665,1.1312],[103.3338,1.1114],[103.3148,1.0616],[103.3408,1.0195],[103.3577,1.0045],[103.3804,1.0098],[103.4076,0.9949],[103.437,0.9914],[103.4431,1.0128]]],[[[104.1463,1.1605],[104.1277,1.1813],[104.1032,1.1895],[104.0786,1.1817],[104.0916,1.1584],[104.0855,1.1333],[104.0414,1.1814],[104.0192,1.1789],[104.0111,1.1447],[103.9961,1.1333],[103.9671,1.1417],[103.9445,1.1352],[103.9562,1.0849],[103.9382,1.0796],[103.9141,1.0998],[103.9026,1.0905],[103.9182,1.0513],[103.9505,1.0141],[103.9961,1.0098],[104.0492,0.9842],[104.0933,0.9936],[104.0923,1.0098],[104.1128,1.0377],[104.106,1.065],[104.1311,1.0488],[104.1517,1.1195],[104.1463,1.1605]]],[[[104.6546,1.0964],[104.6471,1.105],[104.5994,1.1265],[104.5882,1.1446],[104.5925,1.1988],[104.5869,1.2199],[104.572,1.2091],[104.5081,1.1795],[104.4761,1.1783],[104.4356,1.1879],[104.3997,1.2026],[104.3893,1.1787],[104.3413,1.1796],[104.3223,1.1387],[104.3052,1.1265],[104.2564,1.1089],[104.2319,1.0933],[104.2424,1.0559],[104.2456,1.0173],[104.271,1.0036],[104.3154,1.0036],[104.3406,1.0209],[104.3862,1.0299],[104.4299,1.0536],[104.4525,1.0582],[104.4852,1.0337],[104.4627,1.0173],[104.4627,0.9831],[104.4276,0.9748],[104.4211,0.9566],[104.4492,0.9415],[104.4866,0.9371],[104.4846,0.9222],[104.4492,0.9216],[104.4837,0.8933],[104.4834,0.859],[104.5671,0.8295],[104.5999,0.835],[104.6164,0.9062],[104.6499,0.9184],[104.6616,0.9372],[104.6548,0.9477],[104.6471,0.9969],[104.6675,1.0306],[104.6546,1.0964]]],[[[109.1087,2.5317],[109.0969,2.5372],[109.0535,2.5379],[109.0083,2.5601],[108.9828,2.5606],[108.9681,2.5436],[108.9798,2.5291],[109.0056,2.5379],[109.0233,2.5278],[109.0125,2.4975],[109.0267,2.4858],[109.0785,2.496],[109.1109,2.5161],[109.1087,2.5317]]],[[[106.2432,2.7605],[106.2378,2.7938],[106.2262,2.817],[106.2033,2.8191],[106.199,2.8095],[106.2195,2.7584],[106.2378,2.7329],[106.2432,2.7605]]],[[[108.8425,2.9736],[108.8293,2.9363],[108.7759,2.888],[108.8296,2.8476],[108.8425,2.8464],[108.8555,2.8737],[108.8897,2.888],[108.8923,2.9039],[108.8841,2.9416],[108.8986,2.9829],[108.8814,3.003],[108.8557,3.0034],[108.8425,2.9736]]],[[[107.8071,3.0149],[107.7962,3.0255],[107.773,3.0253],[107.7512,3.012],[107.7451,2.9835],[107.7561,2.9785],[107.8112,2.9868],[107.8071,3.0149]]],[[[105.802,2.9973],[105.7782,2.9776],[105.7385,2.9881],[105.7371,3.032],[105.7103,3.0485],[105.7029,3.0661],[105.6887,3.06],[105.6956,3.0342],[105.6819,3.0115],[105.7235,2.9774],[105.6956,2.8846],[105.6995,2.8616],[105.7245,2.8397],[105.761,2.8464],[105.7622,2.8642],[105.7389,2.8693],[105.7297,2.8812],[105.7889,2.9072],[105.8119,2.9045],[105.8333,2.9774],[105.8469,2.9699],[105.8533,2.9835],[105.802,2.9973]]],[[[106.2852,3.1791],[106.2774,3.1962],[106.2385,3.2265],[106.2078,3.2253],[106.2058,3.2057],[106.217,3.1549],[106.2107,3.1282],[106.2261,3.1256],[106.2419,3.1079],[106.2578,3.1139],[106.2852,3.0872],[106.2852,3.1791]]],[[[106.2708,3.361],[106.2549,3.3452],[106.2468,3.3063],[106.2305,3.258],[106.2791,3.2306],[106.2829,3.2409],[106.2655,3.2818],[106.2791,3.289],[106.2857,3.2639],[106.294,3.2811],[106.292,3.3166],[106.2974,3.3583],[106.292,3.3682],[106.2708,3.361]]],[[[108.3962,3.8748],[108.3801,3.8912],[108.3621,3.8886],[108.366,3.9055],[108.4036,3.9363],[108.3914,3.997],[108.3654,4.0154],[108.3068,4.0865],[108.2708,4.113],[108.2573,4.1306],[108.2503,4.2112],[108.2424,4.2307],[108.2249,4.2448],[108.182,4.2045],[108.1703,4.1794],[108.0603,4.0741],[108.0322,4.07],[107.9972,4.0342],[107.9846,4.012],[108.0021,3.9976],[108.0039,3.9643],[108.0234,3.9417],[108.03,3.9089],[108.0448,3.877],[108.0623,3.8559],[108.1034,3.8459],[108.1803,3.8168],[108.2454,3.8135],[108.2624,3.7923],[108.28,3.7315],[108.2669,3.7388],[108.2385,3.7724],[108.2136,3.7912],[108.1755,3.7858],[108.1649,3.7573],[108.125,3.7479],[108.1182,3.7258],[108.0945,3.6962],[108.1423,3.6763],[108.1745,3.6519],[108.195,3.6523],[108.2385,3.6763],[108.2852,3.6745],[108.3176,3.6838],[108.3411,3.7563],[108.3826,3.8099],[108.4063,3.8743],[108.3962,3.8748]]],[[[108.0051,4.7724],[107.9863,4.7558],[107.9792,4.736],[107.9406,4.7086],[107.9373,4.6914],[107.9812,4.6837],[108.0005,4.7091],[108.0127,4.7681],[108.0051,4.7724]]],[[[104.5485,-0.398],[104.5182,-0.3626],[104.4893,-0.3494],[104.4696,-0.3321],[104.4158,-0.3819],[104.3827,-0.4015],[104.3529,-0.3874],[104.346,-0.4284],[104.3348,-0.4049],[104.3456,-0.3637],[104.3325,-0.3464],[104.3247,-0.3648],[104.284,-0.4011],[104.2537,-0.4601],[104.2559,-0.4755],[104.312,-0.532],[104.3358,-0.5427],[104.346,-0.5792],[104.3563,-0.6617],[104.3836,-0.6535],[104.3939,-0.6139],[104.4204,-0.575],[104.4471,-0.5881],[104.4767,-0.614],[104.5112,-0.6139],[104.522,-0.5966],[104.5266,-0.5476],[104.5342,-0.5286],[104.5916,-0.4836],[104.5994,-0.4638],[104.5929,-0.4484],[104.5485,-0.398]]],[[[104.929,-0.2372],[104.8773,-0.1666],[104.8489,-0.1396],[104.8259,-0.1477],[104.8141,-0.1928],[104.7878,-0.1956],[104.7663,-0.1882],[104.7539,-0.1706],[104.7366,-0.1274],[104.6919,-0.0875],[104.6646,-0.0994],[104.6472,-0.0727],[104.6813,-0.0652],[104.6755,-0.0538],[104.6204,-0.0042],[104.5716,0.0176],[104.5646,0.0303],[104.5584,0.0031],[104.5374,0.0213],[104.5251,-0.0077],[104.5174,-0.0895],[104.5108,-0.1137],[104.4945,-0.1357],[104.4373,-0.1811],[104.4364,-0.2044],[104.4471,-0.221],[104.4979,-0.2281],[104.5239,-0.2659],[104.5414,-0.2713],[104.5851,-0.2372],[104.617,-0.2403],[104.6404,-0.2234],[104.6709,-0.2116],[104.7127,-0.2092],[104.7355,-0.2145],[104.7781,-0.2576],[104.8329,-0.2824],[104.8513,-0.3012],[104.8817,-0.3084],[104.9352,-0.3321],[104.9172,-0.2875],[104.9352,-0.2781],[105.0027,-0.2949],[105.0115,-0.2815],[104.929,-0.2372]]],[[[104.4971,0.0713],[104.4212,0.1728],[104.4079,0.1706],[104.4087,0.1509],[104.4236,0.1122],[104.4014,0.1191],[104.4114,0.0917],[104.4592,0.0473],[104.4766,0.0235],[104.48,0.0451],[104.4696,0.0638],[104.4971,0.0713]]],[[[104.6887,0.0713],[104.5481,0.2243],[104.5311,0.216],[104.4902,0.2426],[104.4985,0.2233],[104.5249,0.1955],[104.5342,0.1706],[104.5642,0.1581],[104.5684,0.1368],[104.6062,0.0918],[104.6198,0.1058],[104.6336,0.0781],[104.6839,0.0363],[104.7029,0.0328],[104.7079,0.0436],[104.6887,0.0713]]],[[[104.4055,0.3388],[104.3518,0.3712],[104.3469,0.3599],[104.3735,0.3245],[104.3919,0.3166],[104.4051,0.2921],[104.4214,0.3179],[104.4055,0.3388]]],[[[104.2158,0.7082],[104.2498,0.6672],[104.2664,0.633],[104.2774,0.6262],[104.2876,0.6508],[104.2705,0.675],[104.2158,0.7082]]],[[[104.284,0.7082],[104.2977,0.7082],[104.2798,0.7471],[104.2774,0.7879],[104.2542,0.7978],[104.2449,0.7865],[104.2158,0.7913],[104.1958,0.78],[104.1882,0.7645],[104.2056,0.7261],[104.2361,0.7185],[104.2648,0.7022],[104.284,0.7082]]],[[[104.2261,0.8801],[104.1721,0.8835],[104.1575,0.9108],[104.1126,0.9526],[104.094,0.9331],[104.0994,0.8948],[104.0923,0.8801],[104.1341,0.8673],[104.156,0.8464],[104.1675,0.8049],[104.1875,0.7993],[104.2503,0.83],[104.2663,0.8559],[104.2578,0.8686],[104.2261,0.8801]]],[[[104.7249,0.7497],[104.7207,0.7379],[104.7393,0.7163],[104.7542,0.7373],[104.7249,0.7497]]],[[[104.6594,0.8459],[104.6486,0.8579],[104.6255,0.8107],[104.6515,0.81],[104.6614,0.8201],[104.6594,0.8459]]]]},"properties":{"name":"Kepulauan Riau","name_en":"Riau Islands","name_ja":"リアウ諸島州","name_zh":"廖内群岛省","name_ko":"리아우 제도","adm0_a3":"IDN","postal":"KR","iso_3166_2":"ID-KR","type_en":"Province","geonunit":"Indonesia"}},
{"type":"Feature","geometry":{"type":"MultiPolygon","coordinates":[[[[102.8391,0.291],[102.847,0.2781],[102.8753,0.2841],[102.9273,0.3109],[102.9139,0.3203],[102.8845,0.3153],[102.8391,0.291]]],[[[103.0796,0.6244],[103.0554,0.6587],[103.0366,0.6575],[103.0579,0.5964],[103.0715,0.5772],[103.0814,0.5793],[103.0796,0.6244]]],[[[103.1128,0.793],[103.0847,0.7757],[103.0759,0.7528],[103.0923,0.7224],[103.1162,0.7578],[103.1209,0.78],[103.1128,0.793]]],[[[100.3137,2.5546],[100.2938,2.4959],[100.2787,2.3545],[100.2839,2.2862],[100.298,2.2428],[100.3126,2.1773],[100.3213,2.0746],[100.3191,2.0457],[100.296,1.9624],[100.2926,1.9206],[100.3036,1.8812],[100.356,1.8422],[100.3756,1.8145],[100.3966,1.7484],[100.4353,1.6666],[100.4433,1.6366],[100.4409,1.5987],[100.4132,1.5612],[100.3503,1.5248],[100.1048,1.4152],[100.0781,1.3962],[100.0672,1.3793],[100.071,1.3587],[100.1171,1.321],[100.1303,1.3],[100.1322,1.2523],[100.1477,1.2247],[100.1911,1.2004],[100.2176,1.1737],[100.2254,1.146],[100.2112,1.079],[100.2096,1.0535],[100.2189,0.9965],[100.2099,0.8664],[100.1833,0.8365],[100.1725,0.8064],[100.1734,0.7576],[100.1975,0.7392],[100.2068,0.7107],[100.1678,0.6695],[100.163,0.6484],[100.1895,0.5696],[100.2261,0.5244],[100.2654,0.4505],[100.3687,0.4113],[100.4003,0.412],[100.4207,0.4388],[100.4757,0.4511],[100.5098,0.4439],[100.5311,0.4272],[100.5736,0.3774],[100.6466,0.3451],[100.71,0.3011],[100.7515,0.2575],[100.7894,0.256],[100.8287,0.2126],[100.8472,0.186],[100.8538,0.1445],[100.84,0.0567],[100.8456,-0.0303],[100.8383,-0.0445],[100.8178,-0.0519],[100.7677,-0.0541],[100.749,-0.064],[100.75,-0.1036],[100.7787,-0.1551],[100.79,-0.2057],[100.802,-0.234],[100.8227,-0.2635],[100.8558,-0.3223],[100.9393,-0.3804],[101.0001,-0.4013],[101.0403,-0.4745],[101.236,-0.7026],[101.3308,-0.7872],[101.4337,-0.8471],[101.4921,-0.9096],[101.5253,-0.9319],[101.5787,-0.9488],[101.6738,-0.9675],[101.723,-0.9854],[101.752,-1.0058],[101.7698,-1.0382],[101.8818,-1],[101.9053,-0.98],[101.9351,-0.9273],[101.9758,-0.8919],[102.0126,-0.8804],[102.0703,-0.8816],[102.1201,-0.8757],[102.1889,-0.8557],[102.2414,-0.8677],[102.2606,-0.8804],[102.2804,-0.9257],[102.3315,-0.9711],[102.3562,-1.01],[102.3928,-1.02],[102.4188,-1.052],[102.4518,-1.0682],[102.5412,-1.0849],[102.563,-1.081],[102.5775,-1.0652],[102.6007,-1.0007],[102.631,-0.9816],[102.6552,-0.9553],[102.6822,-0.9045],[102.7286,-0.8684],[102.7662,-0.8221],[102.8044,-0.793],[102.9173,-0.7634],[102.9585,-0.7615],[103.1001,-0.7722],[103.4273,-0.7487],[103.4387,-0.7462],[103.3999,-0.7389],[103.376,-0.7268],[103.3456,-0.6959],[103.3694,-0.6933],[103.3889,-0.6659],[103.3729,-0.6481],[103.3936,-0.632],[103.4085,-0.6049],[103.4163,-0.5754],[103.4146,-0.5519],[103.3804,-0.5143],[103.3729,-0.4494],[103.4016,-0.5095],[103.418,-0.5178],[103.5158,-0.4996],[103.5733,-0.4754],[103.5921,-0.4563],[103.5984,-0.4368],[103.5905,-0.4246],[103.5525,-0.4],[103.5305,-0.3971],[103.5027,-0.3785],[103.4822,-0.3737],[103.4295,-0.3749],[103.4006,-0.3845],[103.3456,-0.3669],[103.3456,-0.36],[103.4095,-0.3497],[103.4368,-0.338],[103.4567,-0.289],[103.4946,-0.2536],[103.5027,-0.2304],[103.4893,-0.2115],[103.4593,-0.2184],[103.4248,-0.235],[103.3325,-0.2638],[103.2705,-0.2576],[103.3014,-0.2376],[103.4146,-0.2167],[103.4668,-0.183],[103.4831,-0.1594],[103.4944,-0.1184],[103.5442,-0.1137],[103.5872,-0.095],[103.5781,-0.074],[103.5858,-0.0447],[103.5647,-0.0243],[103.5921,-0.0107],[103.6118,-0.0369],[103.6292,-0.0484],[103.6642,-0.0405],[103.6712,-0.0174],[103.7565,-0.0107],[103.7915,-0.0125],[103.814,0.0189],[103.8005,0.0346],[103.76,0.2395],[103.7434,0.2773],[103.7112,0.3115],[103.6902,0.326],[103.6453,0.3453],[103.625,0.3398],[103.6063,0.3109],[103.5877,0.3765],[103.541,0.4346],[103.481,0.4823],[103.4212,0.5163],[103.3622,0.5363],[103.3358,0.5317],[103.2801,0.4986],[103.2236,0.4884],[103.2015,0.4692],[103.1813,0.4264],[103.1663,0.4079],[103.0759,0.383],[103.0576,0.373],[103.0076,0.3247],[102.9729,0.3131],[102.9027,0.2678],[102.8859,0.2614],[102.8182,0.2537],[102.7634,0.2289],[102.7415,0.2266],[102.6955,0.2321],[102.6331,0.2016],[102.612,0.1737],[102.5779,0.1585],[102.5457,0.1691],[102.5178,0.1926],[102.4807,0.2343],[102.4494,0.2365],[102.4373,0.2492],[102.5027,0.2364],[102.5549,0.1864],[102.5918,0.1863],[102.612,0.2222],[102.646,0.2426],[102.7157,0.2576],[102.7463,0.2777],[102.8615,0.3358],[102.8991,0.3442],[102.9614,0.3872],[103.0373,0.4206],[103.0747,0.4423],[103.0923,0.4692],[103.0838,0.5156],[103.0563,0.5583],[102.9538,0.6758],[102.9181,0.7077],[102.8771,0.7264],[102.7813,0.7309],[102.6672,0.7503],[102.6164,0.7383],[102.5519,0.7381],[102.5095,0.7503],[102.4639,0.7741],[102.4251,0.8043],[102.3211,0.9172],[102.2401,0.9821],[102.2085,1.0241],[102.1942,1.0659],[102.1931,1.1042],[102.201,1.1817],[102.1873,1.2173],[102.1472,1.2478],[102.1533,1.3115],[102.1433,1.3577],[102.1182,1.3865],[102.0215,1.4379],[101.7786,1.6443],[101.7492,1.6615],[101.7117,1.6711],[101.6735,1.6695],[101.5916,1.6547],[101.5674,1.6559],[101.5296,1.6708],[101.4945,1.6787],[101.427,1.7093],[101.3973,1.7364],[101.3776,1.7733],[101.3513,1.8601],[101.3267,1.9164],[101.3234,1.939],[101.3259,2.0022],[101.3,2.0466],[101.1818,2.145],[101.0674,2.2198],[101.0565,2.2412],[101.0586,2.2804],[101.0503,2.2915],[100.9079,2.2995],[100.8859,2.2983],[100.8412,2.2808],[100.8128,2.2498],[100.8,2.2089],[100.8032,2.1618],[100.8235,2.116],[100.8855,2.0363],[100.9058,1.9905],[100.9241,1.9228],[100.9483,1.8828],[100.9419,1.8419],[100.9473,1.8254],[100.9231,1.8349],[100.9059,1.8569],[100.8955,1.8862],[100.8862,1.941],[100.8557,1.9992],[100.8128,2.0397],[100.7891,2.0485],[100.6662,2.1345],[100.6178,2.1291],[100.561,2.1568],[100.5073,2.1992],[100.4343,2.2733],[100.4053,2.3127],[100.3817,2.355],[100.3137,2.5546]]],[[[103.2936,0.6254],[103.2615,0.6803],[103.2302,0.7042],[103.2118,0.7082],[103.1792,0.6955],[103.1589,0.6648],[103.1367,0.5739],[103.1405,0.5394],[103.1707,0.5137],[103.2808,0.538],[103.2957,0.5494],[103.3,0.5754],[103.2936,0.6254]]],[[[103.0487,0.797],[103.0404,0.8213],[103.0217,0.8453],[102.909,0.9277],[102.8325,0.9638],[102.7826,1.0018],[102.7638,1.0112],[102.7188,1.0173],[102.6637,0.9961],[102.6218,1.0016],[102.6055,1.0112],[102.6174,1.0443],[102.6079,1.0689],[102.5564,1.1257],[102.5275,1.1398],[102.489,1.1333],[102.4676,1.1064],[102.4699,1.0674],[102.5017,0.9729],[102.4894,0.9398],[102.4451,0.929],[102.4094,0.8947],[102.4065,0.8732],[102.458,0.8322],[102.5164,0.7913],[102.5579,0.7803],[102.5977,0.7851],[102.6815,0.8049],[102.7669,0.7913],[102.8522,0.7982],[102.8947,0.79],[102.9299,0.77],[102.9824,0.7224],[103.0073,0.6938],[103.0337,0.705],[103.0437,0.7207],[103.0576,0.777],[103.0487,0.797]]],[[[103.1265,0.9279],[103.0776,1.0034],[103.0371,1.0446],[102.9671,1.0915],[102.8862,1.1333],[102.8018,1.1633],[102.7554,1.1679],[102.7156,1.1544],[102.7019,1.1378],[102.6852,1.0954],[102.6372,1.041],[102.6262,1.0098],[102.6476,1.0063],[102.7119,1.0315],[102.7736,1.0355],[102.7907,1.0315],[102.8244,0.9954],[102.8589,0.9877],[102.9067,0.9688],[102.9515,0.9246],[103.0863,0.841],[103.1271,0.8344],[103.1675,0.859],[103.1746,0.8821],[103.1633,0.8996],[103.1265,0.9279]]],[[[102.4734,1.242],[102.4514,1.2673],[102.3757,1.3223],[102.3221,1.3815],[102.2909,1.4045],[102.2529,1.4138],[102.2175,1.4092],[102.2085,1.3772],[102.2146,1.3356],[102.201,1.2978],[102.2229,1.238],[102.2419,1.2219],[102.2427,1.1674],[102.2329,1.0995],[102.2671,1.0369],[102.3338,0.9637],[102.3693,0.9352],[102.3997,0.9279],[102.4375,0.9589],[102.4649,0.9634],[102.4652,0.9948],[102.4474,1.0513],[102.4474,1.1005],[102.4761,1.1945],[102.4795,1.2191],[102.4734,1.242]]],[[[102.4959,1.3636],[102.4959,1.4418],[102.4905,1.4897],[102.4627,1.5154],[102.3792,1.538],[102.349,1.5546],[102.2979,1.5585],[102.2376,1.5703],[102.1524,1.5811],[102.0724,1.6232],[102.0537,1.6273],[102.0078,1.6154],[102.0044,1.5857],[102.0265,1.5477],[102.057,1.5107],[102.0956,1.4752],[102.1345,1.4557],[102.2852,1.4333],[102.3303,1.4133],[102.3723,1.3598],[102.4347,1.2991],[102.4788,1.2707],[102.5095,1.2773],[102.5115,1.2953],[102.4959,1.3636]]],[[[101.7212,2.0581],[101.6817,2.109],[101.6493,2.1285],[101.6151,2.1171],[101.5664,2.0679],[101.531,2.0565],[101.4783,2.0724],[101.4409,2.0649],[101.4181,2.0444],[101.4058,2.0139],[101.3938,1.9306],[101.3971,1.9094],[101.4222,1.873],[101.4407,1.8049],[101.4601,1.7655],[101.4907,1.7368],[101.5306,1.7182],[101.5773,1.7093],[101.6253,1.7144],[101.6494,1.7222],[101.6663,1.7449],[101.7151,1.7782],[101.7324,1.8179],[101.7288,1.8632],[101.7359,1.8877],[101.7678,1.9256],[101.7756,1.948],[101.7703,1.9851],[101.758,2.0113],[101.7212,2.0581]]],[[[103.7127,-0.2697],[103.6496,-0.2548],[103.6287,-0.2343],[103.5579,-0.2234],[103.5221,-0.2438],[103.4851,-0.2868],[103.4606,-0.3339],[103.4617,-0.3669],[103.49,-0.3616],[103.5466,-0.383],[103.5803,-0.372],[103.6126,-0.3874],[103.7124,-0.3464],[103.7565,-0.3464],[103.7669,-0.3246],[103.7561,-0.3012],[103.7127,-0.2697]]]]},"properties":{"name":"Riau","name_en":"Riau","name_ja":"リアウ州","name_zh":"廖内省","name_ko":"리아우","adm0_a3":"IDN","postal":"RI","iso_3166_2":"ID-RI","type_en":"Province","geonunit":"Indonesia"}},
{"type":"Feature","geometry":{"type":"Polygon","coordinates":[[[122.1973,1.0277],[122.1408,0.9871],[122.0457,0.9438],[121.9931,0.9353],[121.8898,0.9712],[121.8559,0.9751],[121.8404,0.9704],[121.7205,0.919],[121.6575,0.8989],[121.6119,0.878],[121.5521,0.8628],[121.508,0.8469],[121.4841,0.8451],[121.4233,0.8598],[121.3785,0.861],[121.3431,0.8497],[121.3032,0.8261],[121.2608,0.7791],[121.2354,0.7246],[121.2151,0.709],[121.1604,0.6861],[121.2157,0.6275],[121.2284,0.6085],[121.2567,0.5867],[121.3091,0.5748],[121.3338,0.5756],[121.3409,0.5535],[121.3443,0.4974],[121.3333,0.4623],[121.3613,0.4732],[121.4268,0.4824],[121.4436,0.4692],[121.4653,0.4796],[121.5078,0.4868],[121.5283,0.5374],[121.5567,0.5306],[121.5877,0.5329],[121.6019,0.5517],[121.6238,0.5225],[121.636,0.5163],[121.6901,0.5238],[121.7155,0.5151],[121.7326,0.4999],[121.7795,0.4332],[121.8005,0.4265],[121.8408,0.4344],[121.8929,0.4355],[121.9851,0.4484],[122.0042,0.4549],[122.0197,0.4771],[122.0378,0.4821],[122.1043,0.4807],[122.1664,0.4692],[122.2072,0.4838],[122.2835,0.4828],[122.3244,0.4971],[122.5659,0.4965],[122.6081,0.4809],[122.6394,0.4753],[122.6532,0.4804],[122.6497,0.5238],[122.6823,0.4886],[122.6941,0.4828],[122.7383,0.4817],[122.8307,0.4923],[122.9779,0.4828],[123.0325,0.4914],[123.0742,0.5163],[123.0894,0.4943],[123.1326,0.4476],[123.1677,0.3931],[123.1909,0.3903],[123.2388,0.3245],[123.292,0.3083],[123.3901,0.2978],[123.4575,0.3117],[123.4923,0.3979],[123.4998,0.4298],[123.4964,0.4935],[123.481,0.5569],[123.4394,0.611],[123.3254,0.6642],[123.303,0.6932],[123.2714,0.7116],[123.247,0.7329],[123.2254,0.7828],[123.2247,0.8106],[123.2052,0.8368],[123.1219,0.8817],[123.0972,0.9291],[123.0713,0.9348],[123.0051,0.9595],[122.968,0.9626],[122.9582,0.9279],[122.9382,0.9074],[122.9185,0.8596],[122.8899,0.8482],[122.8489,0.818],[122.8307,0.8249],[122.806,0.8478],[122.781,0.8559],[122.7788,0.8701],[122.7568,0.8751],[122.739,0.8937],[122.6794,0.9189],[122.6629,0.9474],[122.6238,0.9664],[122.5652,0.9714],[122.5242,0.98],[122.4856,0.996],[122.4541,1.0207],[122.376,1.0098],[122.3283,1.0244],[122.2967,1.0098],[122.2762,1.0173],[122.2354,1.0098],[122.1973,1.0277]]]},"properties":{"name":"Gorontalo","name_en":"Gorontalo","name_ja":"ゴロンタロ州","name_zh":"哥伦打洛省","name_ko":"고론탈로","adm0_a3":"IDN","postal":"GO","iso_3166_2":"ID-GO","type_en":"Province","geonunit":"Indonesia"}},
{"type":"Feature","geometry":{"type":"MultiPolygon","coordinates":[[[[123.0972,0.9291],[123.1219,0.8817],[123.2052,0.8368],[123.2247,0.8106],[123.2254,0.7828],[123.247,0.7329],[123.2714,0.7116],[123.303,0.6932],[123.3254,0.6642],[123.4394,0.611],[123.481,0.5569],[123.4964,0.4935],[123.4998,0.4298],[123.4923,0.3979],[123.4575,0.3117],[123.5711,0.3036],[123.6165,0.272],[123.6325,0.2665],[123.6565,0.2883],[123.6897,0.2945],[123.7246,0.3088],[123.7458,0.3109],[123.782,0.2986],[123.825,0.3183],[123.8693,0.3183],[123.9314,0.3362],[123.9963,0.3388],[124.0414,0.3592],[124.0685,0.3519],[124.1094,0.3872],[124.1506,0.3699],[124.1997,0.3741],[124.3218,0.3989],[124.3493,0.4228],[124.3926,0.435],[124.439,0.4564],[124.4658,0.4487],[124.4829,0.4829],[124.5142,0.5033],[124.4998,0.5185],[124.5034,0.534],[124.5441,0.5877],[124.5779,0.5916],[124.5822,0.6138],[124.5693,0.6389],[124.5879,0.677],[124.624,0.7082],[124.6361,0.7251],[124.6398,0.7585],[124.6638,0.8056],[124.7122,0.8453],[124.7463,0.8813],[124.7664,0.895],[124.799,0.9057],[124.822,0.9415],[124.863,0.9551],[124.8987,0.973],[124.9212,1.0207],[124.9543,1.0535],[124.9866,1.093],[125.0337,1.1754],[125.0962,1.3495],[125.1154,1.3852],[125.1443,1.4213],[125.2202,1.4591],[125.2492,1.4847],[125.2398,1.5237],[125.1878,1.5605],[125.1678,1.5848],[125.1653,1.6273],[125.1799,1.6674],[125.1753,1.6782],[125.1476,1.682],[125.0817,1.6744],[125.0427,1.6806],[125.0349,1.692],[125.0344,1.7335],[125.0252,1.7441],[125.0047,1.741],[124.9729,1.723],[124.9729,1.6783],[124.9499,1.6826],[124.9365,1.6656],[124.8369,1.5889],[124.822,1.5485],[124.8504,1.4897],[124.8357,1.4691],[124.8158,1.4606],[124.7742,1.4552],[124.7566,1.4452],[124.7324,1.4157],[124.6917,1.4014],[124.6204,1.4171],[124.5484,1.3598],[124.533,1.3145],[124.5344,1.2886],[124.5514,1.2773],[124.5908,1.2788],[124.616,1.2568],[124.6068,1.2148],[124.5938,1.1959],[124.5669,1.192],[124.556,1.2106],[124.5366,1.2147],[124.5142,1.1954],[124.4943,1.1922],[124.4279,1.1954],[124.3894,1.1861],[124.3628,1.1674],[124.3465,1.1396],[124.3298,1.0705],[124.315,1.0377],[124.2904,1.0173],[124.2236,0.9987],[124.1908,0.9831],[124.153,0.946],[124.1203,0.9391],[124.0081,0.8982],[123.9917,0.8807],[123.9375,0.859],[123.9479,0.8389],[123.9292,0.8315],[123.9004,0.8397],[123.8318,0.8322],[123.6912,0.8527],[123.632,0.8817],[123.6123,0.8862],[123.563,0.8669],[123.5198,0.8866],[123.4451,0.903],[123.4173,0.9216],[123.405,0.9154],[123.3687,0.9274],[123.3313,0.9128],[123.304,0.9123],[123.2821,0.9218],[123.2734,0.9489],[123.2549,0.9607],[123.2258,0.9495],[123.1867,0.9736],[123.1824,0.9601],[123.1909,0.9279],[123.1756,0.9226],[123.1345,0.9389],[123.0972,0.9291]]],[[[125.2951,1.5517],[125.25,1.4486],[125.1747,1.4155],[125.1853,1.3907],[125.216,1.3927],[125.2671,1.4138],[125.2771,1.4531],[125.2951,1.4728],[125.3013,1.5517],[125.2951,1.5517]]],[[[125.4321,2.3877],[125.3968,2.3914],[125.3695,2.3741],[125.3709,2.3481],[125.3923,2.3257],[125.4231,2.3171],[125.4526,2.3331],[125.4562,2.3677],[125.4321,2.3877]]],[[[125.4436,2.793],[125.417,2.8102],[125.3872,2.8024],[125.3601,2.7533],[125.3597,2.7231],[125.3743,2.6931],[125.3826,2.6418],[125.3926,2.6289],[125.4111,2.6273],[125.4237,2.6447],[125.4185,2.6689],[125.4019,2.6999],[125.405,2.7167],[125.443,2.7526],[125.451,2.7784],[125.4436,2.793]]],[[[125.6525,3.4696],[125.6444,3.5149],[125.6138,3.5254],[125.6035,3.5527],[125.5755,3.5806],[125.57,3.6281],[125.5345,3.6831],[125.513,3.7079],[125.4778,3.7308],[125.4421,3.7366],[125.4185,3.7098],[125.4212,3.668],[125.4421,3.6378],[125.4937,3.5944],[125.521,3.577],[125.5208,3.544],[125.5051,3.4808],[125.5073,3.4633],[125.5242,3.4506],[125.572,3.4381],[125.593,3.4261],[125.6027,3.3981],[125.6244,3.3977],[125.6595,3.4248],[125.6658,3.4388],[125.6525,3.4696]]],[[[126.744,3.8534],[126.739,3.8238],[126.7654,3.7729],[126.8115,3.7319],[126.8561,3.7582],[126.8116,3.8239],[126.7803,3.8436],[126.744,3.8534]]],[[[126.6565,3.9815],[126.6432,4.0275],[126.6151,4.0439],[126.6135,4.0258],[126.6267,3.965],[126.6482,3.9519],[126.6664,3.9305],[126.6614,3.8977],[126.6779,3.8122],[126.6961,3.8123],[126.6879,3.8533],[126.7143,3.901],[126.7126,3.9207],[126.6565,3.9815]]],[[[126.8707,4.3314],[126.8591,4.3676],[126.8689,4.4144],[126.8848,4.4569],[126.875,4.4943],[126.843,4.5049],[126.8298,4.5371],[126.8163,4.5465],[126.7687,4.5503],[126.7337,4.5359],[126.7395,4.4731],[126.7054,4.4237],[126.6972,4.3974],[126.7,4.3555],[126.7157,4.3085],[126.7074,4.2872],[126.7107,4.2641],[126.7916,4.2411],[126.8032,4.223],[126.7587,4.1852],[126.7209,4.0965],[126.6912,4.0784],[126.6648,4.0341],[126.6764,4.0045],[126.7145,4.0116],[126.7589,3.993],[126.7984,4.0176],[126.81,4.0373],[126.8099,4.1572],[126.8635,4.2106],[126.9221,4.2821],[126.8707,4.3314]]],[[[125.3934,2.1182],[125.3543,2.1299],[125.3572,2.1098],[125.3352,2.0924],[125.3491,2.0712],[125.3622,2.0864],[125.3933,2.1044],[125.4032,2.1028],[125.405,2.1303],[125.3934,2.1182]]],[[[125.1722,1.7992],[125.1353,1.831],[125.1223,1.807],[125.1372,1.748],[125.177,1.7788],[125.1722,1.7992]]],[[[127.1304,4.7744],[127.1231,4.7525],[127.136,4.7404],[127.1458,4.7522],[127.1304,4.7744]]]]},"properties":{"name":"Sulawesi Utara","name_en":"North Sulawesi","name_ja":"北スラウェシ州","name_zh":"北苏拉威西省","name_ko":"북술라웨시","adm0_a3":"IDN","postal":"SW","iso_3166_2":"ID-SA","type_en":"Province","geonunit":"Indonesia"}},
{"type":"Feature","geometry":{"type":"Polygon","coordinates":[[[119.4909,-3.4865],[119.483,-3.4274],[119.4639,-3.3699],[119.4529,-3.2809],[119.4176,-3.2362],[119.4119,-3.2147],[119.4211,-3.1934],[119.4397,-3.1852],[119.4751,-3.193],[119.5078,-3.1806],[119.5411,-3.1565],[119.5819,-3.1369],[119.6392,-3.1209],[119.6353,-3.0968],[119.607,-3.0591],[119.5432,-2.9069],[119.5375,-2.8473],[119.5417,-2.8029],[119.5152,-2.7587],[119.5604,-2.7465],[119.5981,-2.7473],[119.6613,-2.7582],[119.7278,-2.7378],[119.7668,-2.7179],[119.7856,-2.695],[119.767,-2.6553],[119.7748,-2.6134],[119.739,-2.5653],[119.7345,-2.4866],[119.7186,-2.4604],[119.7164,-2.4388],[119.7325,-2.3963],[119.7071,-2.3539],[119.6725,-2.3247],[119.6376,-2.309],[119.6236,-2.2936],[119.6312,-2.2131],[119.6463,-2.1764],[119.7535,-2.0818],[119.7891,-2.078],[119.825,-2.0462],[119.8735,-1.9554],[119.8553,-1.9538],[119.8359,-1.9387],[119.8221,-1.9082],[119.8227,-1.8718],[119.8464,-1.7917],[119.839,-1.7572],[119.8224,-1.729],[119.7684,-1.6694],[119.7247,-1.6125],[119.7068,-1.5654],[119.6925,-1.4613],[119.6706,-1.4166],[119.6417,-1.3937],[119.5254,-1.3491],[119.4945,-1.3293],[119.487,-1.2886],[119.4985,-1.2554],[119.5265,-1.2236],[119.5888,-1.184],[119.6018,-1.1507],[119.5954,-1.119],[119.5721,-1.052],[119.5668,-0.994],[119.5725,-0.8779],[119.5662,-0.8337],[119.5252,-0.8604],[119.5086,-0.9187],[119.4824,-0.9635],[119.4741,-1.0209],[119.46,-1.0577],[119.4531,-1.0964],[119.4292,-1.1243],[119.3992,-1.1335],[119.3737,-1.1689],[119.3284,-1.2145],[119.3137,-1.2458],[119.3128,-1.2848],[119.3307,-1.3303],[119.3285,-1.3606],[119.2986,-1.3879],[119.2969,-1.4114],[119.3024,-1.4937],[119.3333,-1.5735],[119.3098,-1.6301],[119.3054,-1.652],[119.3084,-1.6949],[119.3288,-1.7812],[119.3357,-1.7981],[119.3652,-1.8277],[119.3674,-1.8473],[119.354,-1.9347],[119.3364,-1.9701],[119.2874,-1.9584],[119.2644,-1.9633],[119.2346,-1.9822],[119.2161,-2.0099],[119.1856,-2.1209],[119.1712,-2.1495],[119.134,-2.2035],[119.1419,-2.2167],[119.1272,-2.2553],[119.1304,-2.3547],[119.1375,-2.3796],[119.1414,-2.442],[119.1358,-2.4543],[119.0835,-2.495],[119.0474,-2.5129],[119.0316,-2.5325],[119.0149,-2.5772],[118.9817,-2.5974],[118.9585,-2.6187],[118.9144,-2.6484],[118.8945,-2.656],[118.8711,-2.6539],[118.8415,-2.6277],[118.8228,-2.6213],[118.7923,-2.65],[118.7778,-2.6901],[118.7778,-2.7348],[118.7573,-2.7758],[118.771,-2.8393],[118.7717,-2.8621],[118.813,-2.8442],[118.8343,-2.841],[118.8806,-2.861],[118.8877,-2.8825],[118.8825,-2.9238],[118.864,-2.943],[118.8569,-2.9728],[118.8533,-3.0534],[118.8361,-3.0737],[118.7914,-3.0602],[118.7642,-3.0909],[118.782,-3.1443],[118.8119,-3.1625],[118.8234,-3.1933],[118.8345,-3.2599],[118.8526,-3.2956],[118.8399,-3.3481],[118.849,-3.3906],[118.8801,-3.4431],[118.9168,-3.5468],[118.9268,-3.5661],[118.9495,-3.569],[118.9619,-3.5461],[118.9792,-3.5422],[119.0044,-3.5597],[118.9987,-3.525],[119.027,-3.5097],[119.0994,-3.5051],[119.1409,-3.4821],[119.158,-3.4784],[119.209,-3.4898],[119.2454,-3.4762],[119.2839,-3.4459],[119.2976,-3.4279],[119.3469,-3.4306],[119.4324,-3.475],[119.4568,-3.471],[119.4909,-3.4865]]]},"properties":{"name":"Sulawesi Barat","name_en":"West Sulawesi","name_ja":"西スラウェシ州","name_zh":"西苏拉威西省","name_ko":"서술라웨시","adm0_a3":"IDN","postal":"SR","iso_3166_2":"ID-SR","type_en":"Province","geonunit":"Indonesia"}},
{"type":"Feature","geometry":{"type":"Polygon","coordinates":[[[103.4387,-0.7462],[103.4273,-0.7487],[103.1001,-0.7722],[102.9585,-0.7615],[102.9173,-0.7634],[102.8044,-0.793],[102.7662,-0.8221],[102.7286,-0.8684],[102.6822,-0.9045],[102.6552,-0.9553],[102.631,-0.9816],[102.6007,-1.0007],[102.5775,-1.0652],[102.563,-1.081],[102.5412,-1.0849],[102.4518,-1.0682],[102.4188,-1.052],[102.3928,-1.02],[102.3562,-1.01],[102.3315,-0.9711],[102.2804,-0.9257],[102.2606,-0.8804],[102.2414,-0.8677],[102.1889,-0.8557],[102.1201,-0.8757],[102.0703,-0.8816],[102.0126,-0.8804],[101.9758,-0.8919],[101.9351,-0.9273],[101.9053,-0.98],[101.8818,-1],[101.7698,-1.0382],[101.7861,-1.0873],[101.7827,-1.1318],[101.815,-1.151],[101.8409,-1.1476],[101.841,-1.1662],[101.8183,-1.2095],[101.7945,-1.2389],[101.7473,-1.2675],[101.6955,-1.2748],[101.6781,-1.289],[101.6694,-1.3372],[101.6869,-1.3956],[101.6744,-1.4363],[101.6855,-1.4612],[101.6753,-1.4999],[101.6394,-1.5432],[101.5575,-1.6046],[101.5194,-1.6398],[101.4757,-1.7021],[101.4486,-1.7167],[101.4155,-1.7141],[101.403,-1.7021],[101.226,-1.7284],[101.2036,-1.7264],[101.1685,-1.7089],[101.1511,-1.7118],[101.1139,-1.7049],[101.1187,-1.8067],[101.1277,-1.865],[101.1423,-1.92],[101.1709,-1.9753],[101.2037,-2.0185],[101.2356,-2.0438],[101.2597,-2.0815],[101.2999,-2.1796],[101.3356,-2.297],[101.4187,-2.2389],[101.4358,-2.2362],[101.4834,-2.281],[101.5171,-2.3052],[101.5391,-2.351],[101.5642,-2.4502],[101.5855,-2.4741],[101.6171,-2.4867],[101.6387,-2.5104],[101.6465,-2.5362],[101.6818,-2.5672],[101.704,-2.6011],[101.7367,-2.6363],[101.7728,-2.6637],[101.8277,-2.6923],[101.8679,-2.7046],[101.9004,-2.7401],[101.9205,-2.7448],[101.9626,-2.735],[102.0327,-2.7701],[102.0668,-2.7824],[102.1171,-2.7352],[102.161,-2.7259],[102.2331,-2.6844],[102.2602,-2.6395],[102.298,-2.6669],[102.3509,-2.6802],[102.3978,-2.7099],[102.4485,-2.7285],[102.4869,-2.7299],[102.516,-2.7216],[102.5787,-2.7167],[102.5964,-2.7098],[102.6187,-2.6715],[102.6341,-2.6581],[102.6819,-2.6326],[102.7187,-2.6023],[102.7338,-2.6104],[102.7623,-2.5969],[102.7917,-2.5679],[102.8636,-2.4618],[102.8637,-2.4377],[102.8412,-2.4111],[102.8396,-2.3977],[102.862,-2.3539],[102.8939,-2.3542],[102.9863,-2.38],[103.0154,-2.3817],[103.0444,-2.3692],[103.1229,-2.398],[103.1866,-2.378],[103.2045,-2.3613],[103.1963,-2.3184],[103.1702,-2.2861],[103.1777,-2.2488],[103.2156,-2.186],[103.2479,-2.184],[103.2719,-2.2091],[103.3036,-2.2846],[103.419,-2.3938],[103.457,-2.4023],[103.4632,-2.3515],[103.4499,-2.2772],[103.4599,-2.2383],[103.5237,-2.2245],[103.5478,-2.2104],[103.5526,-2.1974],[103.5317,-2.1742],[103.5177,-2.1204],[103.529,-1.998],[103.5203,-1.9791],[103.535,-1.9679],[103.8864,-1.7948],[103.9179,-1.7894],[103.9579,-1.7906],[104.1256,-1.8306],[104.1742,-1.8364],[104.2358,-1.8285],[104.3215,-1.8043],[104.3491,-1.7813],[104.3759,-1.7138],[104.3978,-1.69],[104.4283,-1.6938],[104.4959,-1.7378],[104.5316,-1.7341],[104.5173,-1.6884],[104.4793,-1.6158],[104.4627,-1.5735],[104.4544,-1.531],[104.4561,-1.3791],[104.445,-1.3046],[104.415,-1.2719],[104.4014,-1.2309],[104.3975,-1.1913],[104.4105,-1.1284],[104.3772,-1.0317],[104.3196,-1.0336],[104.2627,-1.0506],[104.2124,-1.0733],[104.1895,-1.0681],[104.127,-1.0317],[104.0569,-1.0275],[103.9558,-0.977],[103.9004,-0.9907],[103.8563,-1.0138],[103.8391,-1.0328],[103.8289,-1.0734],[103.8049,-1.0248],[103.78,-0.9988],[103.7251,-0.9856],[103.6887,-0.9492],[103.6504,-0.943],[103.6345,-0.9194],[103.6126,-0.9116],[103.5858,-0.8746],[103.5647,-0.8746],[103.5271,-0.816],[103.5073,-0.8049],[103.4412,-0.8126],[103.4649,-0.783],[103.4631,-0.7577],[103.4387,-0.7462]]]},"properties":{"name":"Jambi","name_en":"Jambi","name_ja":"ジャンビ州","name_zh":"占碑省","name_ko":"잠비","adm0_a3":"IDN","postal":"JA","iso_3166_2":"ID-JA","type_en":"Province","geonunit":"Indonesia"}},
{"type":"Feature","geometry":{"type":"Polygon","coordinates":[[[104.5316,-1.7341],[104.4959,-1.7378],[104.4283,-1.6938],[104.3978,-1.69],[104.3759,-1.7138],[104.3491,-1.7813],[104.3215,-1.8043],[104.2358,-1.8285],[104.1742,-1.8364],[104.1256,-1.8306],[103.9579,-1.7906],[103.9179,-1.7894],[103.8864,-1.7948],[103.535,-1.9679],[103.5203,-1.9791],[103.529,-1.998],[103.5177,-2.1204],[103.5317,-2.1742],[103.5526,-2.1974],[103.5478,-2.2104],[103.5237,-2.2245],[103.4599,-2.2383],[103.4499,-2.2772],[103.4632,-2.3515],[103.457,-2.4023],[103.419,-2.3938],[103.3036,-2.2846],[103.2719,-2.2091],[103.2479,-2.184],[103.2156,-2.186],[103.1777,-2.2488],[103.1702,-2.2861],[103.1963,-2.3184],[103.2045,-2.3613],[103.1866,-2.378],[103.1229,-2.398],[103.0444,-2.3692],[103.0154,-2.3817],[102.9863,-2.38],[102.8939,-2.3542],[102.862,-2.3539],[102.8396,-2.3977],[102.8412,-2.4111],[102.8637,-2.4377],[102.8636,-2.4618],[102.7917,-2.5679],[102.7623,-2.5969],[102.7338,-2.6104],[102.7187,-2.6023],[102.6819,-2.6326],[102.6341,-2.6581],[102.6187,-2.6715],[102.5964,-2.7098],[102.5787,-2.7167],[102.516,-2.7216],[102.4869,-2.7299],[102.4485,-2.7285],[102.3978,-2.7099],[102.3509,-2.6802],[102.298,-2.6669],[102.2602,-2.6395],[102.2331,-2.6844],[102.161,-2.7259],[102.1171,-2.7352],[102.0668,-2.7824],[102.0879,-2.8103],[102.1151,-2.8299],[102.1331,-2.8539],[102.1482,-2.8875],[102.2052,-2.9421],[102.2238,-2.9543],[102.2405,-3.0003],[102.2083,-3.0106],[102.2103,-3.0228],[102.2411,-3.0588],[102.3274,-3.0849],[102.35,-3.066],[102.3691,-3.0668],[102.4308,-3.0879],[102.4815,-3.1323],[102.4893,-3.1512],[102.4762,-3.2125],[102.4618,-3.2328],[102.4617,-3.2504],[102.4923,-3.269],[102.5123,-3.2938],[102.5626,-3.3441],[102.6313,-3.373],[102.6511,-3.3619],[102.6837,-3.3296],[102.7255,-3.2979],[102.766,-3.279],[102.7817,-3.2908],[102.8006,-3.3362],[102.8702,-3.3759],[102.9749,-3.3956],[102.9986,-3.408],[103.0118,-3.4341],[103.0173,-3.4854],[103.0065,-3.5651],[102.9931,-3.5841],[102.9682,-3.5814],[102.9319,-3.5868],[102.8832,-3.5739],[102.8832,-3.5898],[102.8984,-3.6174],[102.8972,-3.6308],[102.8642,-3.6561],[102.822,-3.681],[102.7018,-3.7911],[102.685,-3.7995],[102.6299,-3.8137],[102.636,-3.8275],[102.6613,-3.8448],[102.6963,-3.8872],[102.7319,-3.9098],[102.7685,-3.9614],[102.7991,-3.9824],[102.8452,-4.0005],[102.8733,-4.001],[102.9084,-3.9911],[102.9359,-4.0002],[102.981,-4.0354],[102.9986,-4.0259],[103.1074,-4.0199],[103.1416,-4.0468],[103.1482,-4.0804],[103.1754,-4.1404],[103.181,-4.1613],[103.1859,-4.2425],[103.1993,-4.2652],[103.215,-4.2635],[103.2685,-4.2865],[103.3133,-4.2958],[103.3581,-4.3226],[103.3915,-4.3348],[103.4481,-4.3392],[103.4926,-4.369],[103.5215,-4.3784],[103.5806,-4.3809],[103.6035,-4.3905],[103.6158,-4.418],[103.6218,-4.5053],[103.6372,-4.5477],[103.6672,-4.5831],[103.6939,-4.6393],[103.7183,-4.7301],[103.7225,-4.7575],[103.7572,-4.7857],[103.7653,-4.8047],[103.8547,-4.8542],[103.8542,-4.8934],[103.8635,-4.9223],[103.8895,-4.9336],[103.9273,-4.9344],[103.9861,-4.9424],[104.0811,-4.9467],[104.155,-4.9312],[104.2104,-4.8932],[104.246,-4.8913],[104.2775,-4.8963],[104.2979,-4.8925],[104.321,-4.8714],[104.3359,-4.8423],[104.3365,-4.8143],[104.2935,-4.7711],[104.2852,-4.728],[104.2649,-4.7078],[104.2692,-4.6712],[104.2877,-4.6572],[104.3088,-4.6278],[104.3085,-4.5954],[104.2927,-4.4947],[104.3091,-4.4402],[104.3972,-4.4051],[104.4421,-4.363],[104.4656,-4.3485],[104.5272,-4.32],[104.5504,-4.3144],[104.6017,-4.3142],[104.6743,-4.2968],[104.8396,-4.2207],[104.8848,-4.2097],[104.9238,-4.195],[104.9742,-4.186],[105.0089,-4.1692],[105.0454,-4.1351],[105.0636,-4.0963],[105.0816,-4.0766],[105.1115,-4.06],[105.1158,-4.0472],[105.1046,-4.0271],[105.1242,-3.9982],[105.129,-3.9563],[105.1833,-3.9106],[105.2412,-3.9077],[105.2661,-3.8861],[105.2829,-3.8445],[105.2836,-3.817],[105.2957,-3.8035],[105.3099,-3.7556],[105.3224,-3.7522],[105.3475,-3.797],[105.3808,-3.7942],[105.414,-3.8052],[105.4422,-3.8423],[105.4737,-3.8475],[105.5132,-3.8684],[105.521,-3.9002],[105.5501,-3.9163],[105.5842,-3.9567],[105.6102,-4.0095],[105.6022,-4.0466],[105.6071,-4.0585],[105.6246,-4.0559],[105.6468,-4.0709],[105.6494,-4.0989],[105.6766,-4.1041],[105.6931,-4.1195],[105.7092,-4.15],[105.7476,-4.15],[105.7893,-4.1369],[105.828,-4.158],[105.8552,-4.0709],[105.8701,-4.0042],[105.9358,-3.9098],[105.9529,-3.8691],[105.9525,-3.8338],[105.9334,-3.8023],[105.8511,-3.7433],[105.8257,-3.7115],[105.8196,-3.6725],[105.8811,-3.4511],[105.9002,-3.4072],[105.929,-3.3654],[105.9627,-3.3288],[105.9972,-3.3002],[106.0632,-3.2667],[106.073,-3.2555],[106.0794,-3.2237],[106.0765,-3.2009],[106.0593,-3.17],[106.0535,-3.1286],[106.054,-3.047],[106.0456,-3.0123],[106.0156,-2.9695],[105.9751,-2.9528],[105.9226,-2.9577],[105.8792,-2.9511],[105.8402,-2.9301],[105.8096,-2.899],[105.7918,-2.8621],[105.7949,-2.7241],[105.7781,-2.6901],[105.7225,-2.6811],[105.6731,-2.663],[105.6385,-2.6308],[105.6184,-2.5949],[105.6084,-2.5523],[105.6112,-2.506],[105.6348,-2.443],[105.6333,-2.4162],[105.6238,-2.4018],[105.59,-2.3953],[105.549,-2.4212],[105.5384,-2.4089],[105.5521,-2.4021],[105.5112,-2.3908],[105.4668,-2.3884],[105.3802,-2.3748],[105.3074,-2.3688],[105.2693,-2.3473],[105.2469,-2.3429],[105.2022,-2.3474],[105.1384,-2.3762],[105.1167,-2.3805],[105.097,-2.3654],[105.0752,-2.3615],[105.0451,-2.3674],[105.002,-2.332],[104.9802,-2.3264],[104.9414,-2.3362],[104.9309,-2.3512],[104.929,-2.3748],[104.9116,-2.3603],[104.9087,-2.3127],[104.9011,-2.2929],[104.8833,-2.2849],[104.846,-2.3022],[104.8322,-2.3453],[104.7844,-2.3953],[104.7682,-2.4301],[104.7686,-2.4947],[104.7503,-2.5603],[104.7315,-2.5908],[104.7028,-2.6095],[104.6336,-2.6423],[104.5851,-2.6777],[104.5744,-2.7145],[104.5472,-2.7595],[104.5374,-2.759],[104.536,-2.7193],[104.5487,-2.6848],[104.5695,-2.6564],[104.6328,-2.6052],[104.6809,-2.591],[104.7092,-2.574],[104.7131,-2.5115],[104.7268,-2.4781],[104.7292,-2.4089],[104.7096,-2.3709],[104.676,-2.3718],[104.6062,-2.4021],[104.6847,-2.3458],[104.7434,-2.3412],[104.757,-2.3305],[104.8283,-2.2467],[104.8597,-2.1994],[104.8762,-2.1647],[104.8828,-2.1257],[104.8743,-2.08],[104.8503,-2.0379],[104.8146,-2.0084],[104.7726,-1.9977],[104.7292,-2.0117],[104.6919,-2.0458],[104.6638,-2.0313],[104.6546,-1.9701],[104.6206,-2.0104],[104.6062,-2.0185],[104.5874,-2.0128],[104.6143,-1.9782],[104.637,-1.9216],[104.6057,-1.899],[104.5645,-1.8577],[104.5374,-1.8541],[104.5274,-1.8674],[104.5135,-1.9186],[104.4971,-1.936],[104.4834,-1.8814],[104.489,-1.86],[104.5335,-1.7835],[104.5376,-1.7607],[104.5316,-1.7341]]]},"properties":{"name":"Sumatera Selatan","name_en":"South Sumatra","name_ja":"南スマトラ州","name_zh":"南苏门答腊省","name_ko":"남수마트라","adm0_a3":"IDN","postal":"SL","iso_3166_2":"ID-SS","type_en":"Province","geonunit":"Indonesia"}},
{"type":"Feature","geometry":{"type":"MultiPolygon","coordinates":[[[[105.828,-4.158],[105.7893,-4.1369],[105.7476,-4.15],[105.7092,-4.15],[105.6931,-4.1195],[105.6766,-4.1041],[105.6494,-4.0989],[105.6468,-4.0709],[105.6246,-4.0559],[105.6071,-4.0585],[105.6022,-4.0466],[105.6102,-4.0095],[105.5842,-3.9567],[105.5501,-3.9163],[105.521,-3.9002],[105.5132,-3.8684],[105.4737,-3.8475],[105.4422,-3.8423],[105.414,-3.8052],[105.3808,-3.7942],[105.3475,-3.797],[105.3224,-3.7522],[105.3099,-3.7556],[105.2957,-3.8035],[105.2836,-3.817],[105.2829,-3.8445],[105.2661,-3.8861],[105.2412,-3.9077],[105.1833,-3.9106],[105.129,-3.9563],[105.1242,-3.9982],[105.1046,-4.0271],[105.1158,-4.0472],[105.1115,-4.06],[105.0816,-4.0766],[105.0636,-4.0963],[105.0454,-4.1351],[105.0089,-4.1692],[104.9742,-4.186],[104.9238,-4.195],[104.8848,-4.2097],[104.8396,-4.2207],[104.6743,-4.2968],[104.6017,-4.3142],[104.5504,-4.3144],[104.5272,-4.32],[104.4656,-4.3485],[104.4421,-4.363],[104.3972,-4.4051],[104.3091,-4.4402],[104.2927,-4.4947],[104.3085,-4.5954],[104.3088,-4.6278],[104.2877,-4.6572],[104.2692,-4.6712],[104.2649,-4.7078],[104.2852,-4.728],[104.2935,-4.7711],[104.3365,-4.8143],[104.3359,-4.8423],[104.321,-4.8714],[104.2979,-4.8925],[104.2775,-4.8963],[104.246,-4.8913],[104.2104,-4.8932],[104.155,-4.9312],[104.0811,-4.9467],[103.9861,-4.9424],[103.9273,-4.9344],[103.8895,-4.9336],[103.8635,-4.9223],[103.8542,-4.8934],[103.8547,-4.8542],[103.7653,-4.8047],[103.7347,-4.8392],[103.7035,-4.8625],[103.6388,-4.9034],[103.6082,-4.9165],[103.6306,-4.935],[103.6541,-4.9792],[103.6921,-4.9519],[103.7355,-4.978],[103.7261,-5.0168],[103.7482,-5.0265],[103.7922,-5.0309],[103.8323,-5.068],[103.8911,-5.1042],[103.9134,-5.1393],[103.911,-5.1723],[103.8943,-5.2014],[103.9014,-5.2185],[103.9626,-5.225],[103.9914,-5.2464],[104.0025,-5.2629],[103.9881,-5.2963],[103.9932,-5.3127],[104.0388,-5.3566],[104.1109,-5.4462],[104.1449,-5.4739],[104.1775,-5.4833],[104.1953,-5.5136],[104.258,-5.5398],[104.3015,-5.5856],[104.3145,-5.6051],[104.2908,-5.6254],[104.2977,-5.6433],[104.3677,-5.6857],[104.384,-5.6925],[104.4492,-5.7526],[104.4631,-5.7828],[104.4888,-5.797],[104.5418,-5.8419],[104.5584,-5.8836],[104.5534,-5.9191],[104.5613,-5.9283],[104.6991,-5.9304],[104.7161,-5.9211],[104.7024,-5.887],[104.6887,-5.8079],[104.5332,-5.5598],[104.5342,-5.5239],[104.5676,-5.5012],[104.613,-5.4993],[104.6062,-5.4789],[104.6228,-5.4907],[104.6813,-5.5069],[104.7097,-5.5258],[104.7693,-5.592],[104.7908,-5.6095],[104.8386,-5.6235],[104.9011,-5.6713],[105.073,-5.7464],[105.1184,-5.7822],[105.1633,-5.7861],[105.2022,-5.7737],[105.2153,-5.759],[105.1581,-5.7429],[105.1548,-5.7268],[105.2163,-5.698],[105.1992,-5.6789],[105.1958,-5.6403],[105.1802,-5.5969],[105.18,-5.5805],[105.2022,-5.5689],[105.2308,-5.5763],[105.2388,-5.5689],[105.257,-5.5173],[105.2463,-5.4788],[105.2505,-5.4591],[105.2796,-5.4443],[105.3107,-5.466],[105.376,-5.5577],[105.3982,-5.5813],[105.4497,-5.6235],[105.4836,-5.6589],[105.515,-5.6778],[105.5303,-5.6756],[105.5453,-5.6576],[105.5686,-5.6804],[105.5808,-5.7131],[105.5862,-5.7908],[105.6021,-5.8098],[105.681,-5.819],[105.7129,-5.8321],[105.7195,-5.8487],[105.7199,-5.8871],[105.7297,-5.8967],[105.7644,-5.8562],[105.7826,-5.8285],[105.7936,-5.7956],[105.8054,-5.7184],[105.8296,-5.6547],[105.8328,-5.5925],[105.8241,-5.5304],[105.8396,-5.4689],[105.8333,-5.3832],[105.8395,-5.3372],[105.8645,-5.2555],[105.8674,-5.2114],[105.8618,-5.1266],[105.8674,-5.0413],[105.8796,-5.0076],[105.9097,-4.9431],[105.9085,-4.9103],[105.8724,-4.8486],[105.8674,-4.8246],[105.8687,-4.7809],[105.8818,-4.6962],[105.905,-4.6701],[105.888,-4.6018],[105.9094,-4.5466],[105.8987,-4.512],[105.9063,-4.4693],[105.8792,-4.4249],[105.8533,-4.4039],[105.8574,-4.3813],[105.819,-4.3002],[105.8128,-4.2387],[105.828,-4.158]]],[[[104.8328,-5.76],[104.7765,-5.7411],[104.7767,-5.7716],[104.8202,-5.8123],[104.8384,-5.8204],[104.8498,-5.7833],[104.8328,-5.76]]]]},"properties":{"name":"Lampung","name_en":"Lampung","name_ja":"ランプン州","name_zh":"楠榜省","name_ko":"람풍","adm0_a3":"IDN","postal":"LA","iso_3166_2":"ID-LA","type_en":"Province","geonunit":"Indonesia"}},
{"type":"Feature","geometry":{"type":"MultiPolygon","coordinates":[[[[103.6082,-4.9165],[103.6388,-4.9034],[103.7035,-4.8625],[103.7347,-4.8392],[103.7653,-4.8047],[103.7572,-4.7857],[103.7225,-4.7575],[103.7183,-4.7301],[103.6939,-4.6393],[103.6672,-4.5831],[103.6372,-4.5477],[103.6218,-4.5053],[103.6158,-4.418],[103.6035,-4.3905],[103.5806,-4.3809],[103.5215,-4.3784],[103.4926,-4.369],[103.4481,-4.3392],[103.3915,-4.3348],[103.3581,-4.3226],[103.3133,-4.2958],[103.2685,-4.2865],[103.215,-4.2635],[103.1993,-4.2652],[103.1859,-4.2425],[103.181,-4.1613],[103.1754,-4.1404],[103.1482,-4.0804],[103.1416,-4.0468],[103.1074,-4.0199],[102.9986,-4.0259],[102.981,-4.0354],[102.9359,-4.0002],[102.9084,-3.9911],[102.8733,-4.001],[102.8452,-4.0005],[102.7991,-3.9824],[102.7685,-3.9614],[102.7319,-3.9098],[102.6963,-3.8872],[102.6613,-3.8448],[102.636,-3.8275],[102.6299,-3.8137],[102.685,-3.7995],[102.7018,-3.7911],[102.822,-3.681],[102.8642,-3.6561],[102.8972,-3.6308],[102.8984,-3.6174],[102.8832,-3.5898],[102.8832,-3.5739],[102.9319,-3.5868],[102.9682,-3.5814],[102.9931,-3.5841],[103.0065,-3.5651],[103.0173,-3.4854],[103.0118,-3.4341],[102.9986,-3.408],[102.9749,-3.3956],[102.8702,-3.3759],[102.8006,-3.3362],[102.7817,-3.2908],[102.766,-3.279],[102.7255,-3.2979],[102.6837,-3.3296],[102.6511,-3.3619],[102.6313,-3.373],[102.5626,-3.3441],[102.5123,-3.2938],[102.4923,-3.269],[102.4617,-3.2504],[102.4618,-3.2328],[102.4762,-3.2125],[102.4893,-3.1512],[102.4815,-3.1323],[102.4308,-3.0879],[102.3691,-3.0668],[102.35,-3.066],[102.3274,-3.0849],[102.2411,-3.0588],[102.2103,-3.0228],[102.2083,-3.0106],[102.2405,-3.0003],[102.2238,-2.9543],[102.2052,-2.9421],[102.1482,-2.8875],[102.1331,-2.8539],[102.1151,-2.8299],[102.0879,-2.8103],[102.0668,-2.7824],[102.0327,-2.7701],[101.9626,-2.735],[101.9205,-2.7448],[101.9004,-2.7401],[101.8679,-2.7046],[101.8277,-2.6923],[101.7728,-2.6637],[101.7367,-2.6363],[101.704,-2.6011],[101.6818,-2.5672],[101.6465,-2.5362],[101.6387,-2.5104],[101.6171,-2.4867],[101.5855,-2.4741],[101.5642,-2.4502],[101.5391,-2.351],[101.5171,-2.3052],[101.4834,-2.281],[101.4358,-2.2362],[101.4187,-2.2389],[101.3356,-2.297],[101.3036,-2.3062],[101.2597,-2.3359],[101.171,-2.3671],[101.0784,-2.4343],[101.0266,-2.48],[101.1048,-2.5871],[101.1398,-2.6169],[101.1784,-2.6413],[101.2625,-2.6833],[101.2993,-2.7076],[101.327,-2.7392],[101.408,-2.8855],[101.419,-2.9273],[101.565,-3.1623],[101.5845,-3.1769],[101.6113,-3.2245],[101.6375,-3.2507],[101.877,-3.4213],[102.0657,-3.5505],[102.2222,-3.6428],[102.2405,-3.6785],[102.2451,-3.728],[102.2632,-3.7584],[102.2632,-3.7931],[102.3045,-3.8451],[102.3067,-3.8847],[102.2835,-3.9309],[102.2918,-3.9654],[102.3125,-3.9915],[102.3662,-4.0265],[102.5275,-4.1511],[102.7012,-4.2704],[102.8763,-4.4206],[102.8899,-4.4404],[102.9043,-4.4778],[102.9204,-4.4926],[103.05,-4.5431],[103.1729,-4.6179],[103.2845,-4.715],[103.3036,-4.7341],[103.3166,-4.7765],[103.3445,-4.8005],[103.3592,-4.7874],[103.3934,-4.8141],[103.4146,-4.8693],[103.4617,-4.8557],[103.51,-4.8693],[103.5536,-4.9089],[103.6082,-4.9165]]],[[[102.4065,-5.4037],[102.3944,-5.3759],[102.3659,-5.3613],[102.304,-5.3424],[102.2739,-5.3123],[102.2283,-5.3019],[102.201,-5.2872],[102.172,-5.2804],[102.1472,-5.2896],[102.0986,-5.3349],[102.1277,-5.3495],[102.2461,-5.4416],[102.2704,-5.4887],[102.2835,-5.4993],[102.2979,-5.4728],[102.3324,-5.4723],[102.3788,-5.4822],[102.3901,-5.477],[102.3662,-5.4416],[102.4002,-5.4184],[102.4065,-5.4037]]]]},"properties":{"name":"Bengkulu","name_en":"Bengkulu","name_ja":"ブンクル州","name_zh":"明古鲁省","name_ko":"븡쿨루","adm0_a3":"IDN","postal":"BE","iso_3166_2":"ID-BE","type_en":"Province","geonunit":"Indonesia"}},
{"type":"Feature","geometry":{"type":"MultiPolygon","coordinates":[[[[101.0266,-2.48],[101.0784,-2.4343],[101.171,-2.3671],[101.2597,-2.3359],[101.3036,-2.3062],[101.3356,-2.297],[101.2999,-2.1796],[101.2597,-2.0815],[101.2356,-2.0438],[101.2037,-2.0185],[101.1709,-1.9753],[101.1423,-1.92],[101.1277,-1.865],[101.1187,-1.8067],[101.1139,-1.7049],[101.1511,-1.7118],[101.1685,-1.7089],[101.2036,-1.7264],[101.226,-1.7284],[101.403,-1.7021],[101.4155,-1.7141],[101.4486,-1.7167],[101.4757,-1.7021],[101.5194,-1.6398],[101.5575,-1.6046],[101.6394,-1.5432],[101.6753,-1.4999],[101.6855,-1.4612],[101.6744,-1.4363],[101.6869,-1.3956],[101.6694,-1.3372],[101.6781,-1.289],[101.6955,-1.2748],[101.7473,-1.2675],[101.7945,-1.2389],[101.8183,-1.2095],[101.841,-1.1662],[101.8409,-1.1476],[101.815,-1.151],[101.7827,-1.1318],[101.7861,-1.0873],[101.7698,-1.0382],[101.752,-1.0058],[101.723,-0.9854],[101.6738,-0.9675],[101.5787,-0.9488],[101.5253,-0.9319],[101.4921,-0.9096],[101.4337,-0.8471],[101.3308,-0.7872],[101.236,-0.7026],[101.0403,-0.4745],[101.0001,-0.4013],[100.9393,-0.3804],[100.8558,-0.3223],[100.8227,-0.2635],[100.802,-0.234],[100.79,-0.2057],[100.7787,-0.1551],[100.75,-0.1036],[100.749,-0.064],[100.7677,-0.0541],[100.8178,-0.0519],[100.8383,-0.0445],[100.8456,-0.0303],[100.84,0.0567],[100.8538,0.1445],[100.8472,0.186],[100.8287,0.2126],[100.7894,0.256],[100.7515,0.2575],[100.71,0.3011],[100.6466,0.3451],[100.5736,0.3774],[100.5311,0.4272],[100.5098,0.4439],[100.4757,0.4511],[100.4207,0.4388],[100.4003,0.412],[100.3687,0.4113],[100.2654,0.4505],[100.2261,0.5244],[100.1895,0.5696],[100.163,0.6484],[100.1678,0.6695],[100.2068,0.7107],[100.1975,0.7392],[100.1734,0.7576],[100.1471,0.7469],[100.1226,0.7481],[100.0893,0.7645],[100.0584,0.7921],[99.972,0.8193],[99.9413,0.8362],[99.9004,0.8447],[99.854,0.8643],[99.8264,0.8682],[99.7933,0.8575],[99.7509,0.8664],[99.7196,0.8862],[99.7067,0.8872],[99.702,0.8699],[99.7105,0.8489],[99.7357,0.8253],[99.7546,0.7981],[99.7942,0.7801],[99.8181,0.7087],[99.8614,0.6635],[99.9147,0.5686],[99.9187,0.5497],[99.9082,0.5036],[99.8878,0.4873],[99.8456,0.4722],[99.8141,0.4682],[99.7676,0.4925],[99.7061,0.4929],[99.6854,0.5007],[99.6612,0.5337],[99.6259,0.5427],[99.5845,0.5628],[99.5396,0.5547],[99.4672,0.5136],[99.4437,0.5037],[99.3643,0.4892],[99.3423,0.4736],[99.2685,0.3768],[99.1512,0.2525],[99.1687,0.2426],[99.1888,0.2456],[99.2113,0.2257],[99.2442,0.216],[99.3162,0.2426],[99.3411,0.2388],[99.3566,0.2257],[99.3782,0.188],[99.4082,0.1639],[99.4905,0.1554],[99.534,0.1403],[99.6109,0.0986],[99.6328,0.081],[99.6895,0.0201],[99.7472,-0.0298],[99.7617,-0.0522],[99.7668,-0.0754],[99.7549,-0.1373],[99.7595,-0.1684],[99.7754,-0.1956],[99.8059,-0.2278],[99.8138,-0.2946],[99.8436,-0.3321],[99.8888,-0.3576],[99.9103,-0.3752],[99.9304,-0.4094],[100.0013,-0.4563],[100.0349,-0.488],[100.0906,-0.5572],[100.134,-0.6347],[100.1597,-0.6679],[100.3014,-0.8163],[100.3279,-0.8588],[100.344,-0.9088],[100.353,-0.9771],[100.3799,-1.0304],[100.391,-1.0416],[100.4129,-1.0392],[100.4129,-1.0733],[100.3713,-1.0733],[100.3833,-1.0968],[100.3713,-1.121],[100.3701,-1.1609],[100.3849,-1.1552],[100.4274,-1.1926],[100.4336,-1.2287],[100.406,-1.2644],[100.4155,-1.2745],[100.4505,-1.2719],[100.4583,-1.2638],[100.4792,-1.283],[100.5692,-1.3308],[100.5842,-1.3947],[100.5733,-1.4076],[100.5842,-1.4158],[100.5706,-1.4426],[100.6326,-1.508],[100.6366,-1.5514],[100.6455,-1.594],[100.6683,-1.6397],[100.7184,-1.6982],[100.7647,-1.7721],[100.7839,-1.8155],[100.8411,-1.8704],[100.8576,-1.8919],[100.8814,-1.9949],[100.8872,-2.0372],[100.8783,-2.08],[100.8316,-2.1413],[100.8395,-2.1672],[100.9231,-2.3334],[101.0266,-2.48]]],[[[100.5085,-3.1222],[100.493,-3.1383],[100.4937,-3.1603],[100.5067,-3.1784],[100.5364,-3.1769],[100.5083,-3.1408],[100.5085,-3.1222]]],[[[100.3986,-3.1835],[100.4021,-3.1589],[100.3807,-3.1525],[100.406,-3.1284],[100.4159,-3.1344],[100.447,-3.1284],[100.4645,-3.1325],[100.4729,-3.1139],[100.4675,-3.067],[100.472,-3.0517],[100.4675,-3.0153],[100.4159,-2.9659],[100.3851,-2.9146],[100.3543,-2.8945],[100.2962,-2.8342],[100.2751,-2.8205],[100.2554,-2.7914],[100.2273,-2.7726],[100.1891,-2.7912],[100.179,-2.8029],[100.1795,-2.8273],[100.1975,-2.8963],[100.2,-2.9199],[100.1885,-2.9417],[100.1895,-2.9666],[100.2132,-3.0069],[100.2546,-3.0533],[100.2482,-3.0694],[100.2923,-3.0771],[100.3452,-3.1266],[100.3372,-3.1529],[100.344,-3.1835],[100.3602,-3.2075],[100.3303,-3.1974],[100.3369,-3.2226],[100.3582,-3.2382],[100.3762,-3.2411],[100.3787,-3.2724],[100.419,-3.2934],[100.4607,-3.3344],[100.4783,-3.3152],[100.467,-3.2873],[100.4265,-3.2382],[100.3986,-3.1835]]],[[[100.2068,-2.6935],[100.2014,-2.6782],[100.178,-2.6559],[100.1667,-2.6279],[100.1174,-2.6082],[100.0324,-2.5251],[100.0029,-2.4909],[99.9841,-2.4846],[99.9673,-2.5149],[99.9609,-2.5529],[99.9758,-2.6034],[99.9671,-2.615],[99.9963,-2.6388],[100.0013,-2.6867],[99.9868,-2.7672],[100.0013,-2.7653],[100.0078,-2.8195],[100.0156,-2.8342],[100.0383,-2.8338],[100.0497,-2.8068],[100.0899,-2.8244],[100.1152,-2.8279],[100.1385,-2.8205],[100.1514,-2.7848],[100.1724,-2.7656],[100.2041,-2.7599],[100.2186,-2.7394],[100.2068,-2.6935]]],[[[99.8233,-2.2929],[99.7743,-2.2543],[99.7754,-2.2376],[99.7214,-2.1591],[99.7072,-2.1277],[99.6943,-2.0678],[99.6629,-2.0543],[99.6314,-2.0185],[99.594,-2.0148],[99.565,-2.0309],[99.5484,-2.0615],[99.5488,-2.1012],[99.5645,-2.1311],[99.531,-2.1342],[99.5313,-2.1559],[99.5557,-2.183],[99.5762,-2.2241],[99.5899,-2.211],[99.5939,-2.2278],[99.6165,-2.2336],[99.6035,-2.2656],[99.6484,-2.2656],[99.6717,-2.2713],[99.7134,-2.3134],[99.7617,-2.3209],[99.7881,-2.3444],[99.8333,-2.3523],[99.8397,-2.3753],[99.8534,-2.3776],[99.8587,-2.3569],[99.8496,-2.3339],[99.8233,-2.2929]]],[[[99.2744,-1.6349],[99.2725,-1.6018],[99.2512,-1.5803],[99.2097,-1.5729],[99.2036,-1.5173],[99.1789,-1.5046],[99.1306,-1.4482],[99.1305,-1.4289],[99.1653,-1.4562],[99.1647,-1.4142],[99.1441,-1.3891],[99.1167,-1.3666],[99.0964,-1.3327],[99.0874,-1.2968],[99.0776,-1.2834],[99.0531,-1.2726],[99.0696,-1.2514],[99.0643,-1.2346],[99.0364,-1.2055],[99.0326,-1.1825],[99.0017,-1.1447],[98.9803,-1.0937],[98.9383,-1.0651],[98.9295,-1.03],[98.9053,-0.9907],[98.9393,-1.0037],[98.9458,-0.9846],[98.9375,-0.9601],[98.918,-0.9401],[98.8916,-0.9355],[98.8982,-0.9157],[98.8828,-0.9132],[98.8275,-0.9272],[98.8032,-0.9498],[98.7691,-0.9565],[98.7236,-0.943],[98.6848,-0.948],[98.6582,-0.9635],[98.6498,-1.0043],[98.6514,-1.049],[98.6428,-1.0939],[98.624,-1.1347],[98.5979,-1.1769],[98.5938,-1.1984],[98.6309,-1.2644],[98.6309,-1.2848],[98.6514,-1.2985],[98.8117,-1.529],[98.8303,-1.5702],[98.8226,-1.6076],[98.843,-1.6213],[98.8848,-1.6794],[98.9601,-1.7131],[98.9857,-1.74],[99.1006,-1.7994],[99.1185,-1.8023],[99.1821,-1.7737],[99.2082,-1.7706],[99.2442,-1.779],[99.2549,-1.7721],[99.2454,-1.7155],[99.2108,-1.6389],[99.2,-1.6281],[99.2267,-1.6144],[99.2615,-1.6697],[99.2744,-1.738],[99.292,-1.7189],[99.2943,-1.6862],[99.2869,-1.6537],[99.2744,-1.6349]]]]},"properties":{"name":"Sumatera Barat","name_en":"West Sumatra","name_ja":"西スマトラ州","name_zh":"西苏门答腊省","name_ko":"서수마트라","adm0_a3":"IDN","postal":"SB","iso_3166_2":"ID-SB","type_en":"Province","geonunit":"Indonesia"}},
{"type":"Feature","geometry":{"type":"MultiPolygon","coordinates":[[[[99.1512,0.2525],[99.2685,0.3768],[99.3423,0.4736],[99.3643,0.4892],[99.4437,0.5037],[99.4672,0.5136],[99.5396,0.5547],[99.5845,0.5628],[99.6259,0.5427],[99.6612,0.5337],[99.6854,0.5007],[99.7061,0.4929],[99.7676,0.4925],[99.8141,0.4682],[99.8456,0.4722],[99.8878,0.4873],[99.9082,0.5036],[99.9187,0.5497],[99.9147,0.5686],[99.8614,0.6635],[99.8181,0.7087],[99.7942,0.7801],[99.7546,0.7981],[99.7357,0.8253],[99.7105,0.8489],[99.702,0.8699],[99.7067,0.8872],[99.7196,0.8862],[99.7509,0.8664],[99.7933,0.8575],[99.8264,0.8682],[99.854,0.8643],[99.9004,0.8447],[99.9413,0.8362],[99.972,0.8193],[100.0584,0.7921],[100.0893,0.7645],[100.1226,0.7481],[100.1471,0.7469],[100.1734,0.7576],[100.1725,0.8064],[100.1833,0.8365],[100.2099,0.8664],[100.2189,0.9965],[100.2096,1.0535],[100.2112,1.079],[100.2254,1.146],[100.2176,1.1737],[100.1911,1.2004],[100.1477,1.2247],[100.1322,1.2523],[100.1303,1.3],[100.1171,1.321],[100.071,1.3587],[100.0672,1.3793],[100.0781,1.3962],[100.1048,1.4152],[100.3503,1.5248],[100.4132,1.5612],[100.4409,1.5987],[100.4433,1.6366],[100.4353,1.6666],[100.3966,1.7484],[100.3756,1.8145],[100.356,1.8422],[100.3036,1.8812],[100.2926,1.9206],[100.296,1.9624],[100.3191,2.0457],[100.3213,2.0746],[100.3126,2.1773],[100.298,2.2428],[100.2839,2.2862],[100.2787,2.3545],[100.2938,2.4959],[100.3137,2.5546],[100.3084,2.5695],[100.2737,2.5902],[100.2546,2.6273],[100.2513,2.6548],[100.2175,2.6788],[100.2034,2.7099],[100.1594,2.7038],[100.1311,2.6819],[100.1174,2.6452],[100.1174,2.6037],[100.1375,2.5519],[100.1258,2.5301],[100.096,2.5705],[100.077,2.6347],[100.077,2.6894],[100.0549,2.7273],[100.0186,2.7317],[99.9857,2.7185],[99.974,2.7031],[100.0122,2.6788],[100.0156,2.6381],[100.0282,2.6176],[100.0139,2.6016],[100.0088,2.6204],[99.9876,2.6546],[99.9927,2.6688],[99.9592,2.6879],[99.9544,2.7038],[99.9707,2.7454],[99.9959,2.7856],[99.9979,2.7991],[99.9902,2.9145],[99.9795,2.9485],[99.9305,2.9754],[99.89,3.0183],[99.8579,3.0115],[99.8529,3.0473],[99.834,3.0724],[99.7816,3.1208],[99.7507,3.1805],[99.6853,3.2047],[99.5894,3.228],[99.5581,3.2446],[99.5277,3.2716],[99.4976,3.3095],[99.4898,3.3362],[99.4539,3.361],[99.4209,3.3915],[99.384,3.3989],[99.3682,3.4079],[99.27,3.4846],[99.1798,3.5463],[99.1013,3.5826],[99.0739,3.609],[99.0524,3.6217],[99.0093,3.6354],[98.9575,3.6713],[98.8966,3.6814],[98.7966,3.7254],[98.7106,3.8038],[98.6997,3.8339],[98.7003,3.8753],[98.6766,3.9145],[98.6104,3.9363],[98.5679,3.9665],[98.5578,4.0008],[98.508,4.0046],[98.4772,4.0462],[98.4417,4.0575],[98.4058,4.0789],[98.363,4.0876],[98.3057,4.0803],[98.2995,4.089],[98.263,4.1773],[98.2371,4.1492],[98.2171,4.1441],[98.179,4.1082],[98.1781,4.1418],[98.1858,4.1697],[98.2405,4.1902],[98.2664,4.2116],[98.2676,4.2879],[98.1884,4.2948],[98.1385,4.2824],[98.1149,4.2585],[98.0751,4.2548],[98.0627,4.2403],[98.0733,4.2225],[98.0722,4.2021],[98.0558,4.1818],[98.0451,4.136],[98.0327,4.1039],[98.019,4.0316],[98.001,3.9801],[97.9453,3.9306],[97.9315,3.9018],[97.9114,3.9011],[97.8902,3.9152],[97.8847,3.8854],[97.8933,3.8482],[97.8766,3.8225],[97.7839,3.7448],[97.7832,3.712],[97.8204,3.6483],[97.8438,3.5799],[97.8701,3.5606],[97.8944,3.5072],[97.9142,3.4838],[97.9036,3.457],[97.9068,3.433],[97.9297,3.3936],[97.9763,3.3609],[97.9896,3.3304],[97.973,3.3005],[97.9521,3.2857],[97.886,3.2694],[97.864,3.2574],[97.894,3.2233],[97.9114,3.1731],[97.9364,3.1406],[97.9417,3.1169],[97.938,3.0863],[97.8956,3.0826],[97.8981,3.0567],[97.9145,2.9779],[97.9088,2.9364],[97.9228,2.9093],[97.967,2.8941],[98.005,2.8439],[98.0367,2.8315],[98.057,2.8121],[98.0596,2.7979],[98.0471,2.7776],[98.0468,2.7424],[98.0694,2.677],[98.0392,2.6523],[98.0253,2.5761],[98.0339,2.5281],[98.0626,2.4443],[98.0894,2.4345],[98.1193,2.3673],[98.1276,2.327],[98.1013,2.1886],[98.1526,2.1569],[98.2561,2.0733],[98.2692,2.0381],[98.3298,2.0383],[98.3472,2.029],[98.3545,2.0038],[98.407,2.0019],[98.444,1.9912],[98.5352,1.9365],[98.5762,1.8881],[98.6582,1.7639],[98.6907,1.7363],[98.7111,1.7258],[98.7271,1.7565],[98.7111,1.7791],[98.7271,1.7919],[98.7601,1.7641],[98.783,1.7297],[98.7881,1.6914],[98.8191,1.6823],[98.8236,1.6667],[98.8189,1.6197],[98.7886,1.5864],[98.7534,1.5356],[98.7337,1.5699],[98.7113,1.5696],[98.7302,1.5144],[98.7647,1.4988],[98.7886,1.4138],[98.84,1.3568],[98.8446,1.3459],[98.8369,1.3115],[98.9173,1.1172],[98.9758,0.9208],[98.9803,0.8862],[98.9767,0.8474],[98.9812,0.8317],[99.0061,0.8188],[99.0418,0.777],[99.0474,0.7397],[99.04,0.6505],[99.0486,0.6199],[99.0728,0.6308],[99.0899,0.622],[99.1039,0.5784],[99.0984,0.5142],[99.1106,0.5238],[99.1226,0.509],[99.1323,0.4121],[99.1106,0.3456],[99.1484,0.3332],[99.1585,0.32],[99.1585,0.2978],[99.1393,0.2737],[99.1512,0.2525]]],[[[98.502,-0.4605],[98.5124,-0.4229],[98.5005,-0.3874],[98.5073,-0.3649],[98.4934,-0.3292],[98.4512,-0.2584],[98.4292,-0.2438],[98.4186,-0.2576],[98.4261,-0.2882],[98.4207,-0.3038],[98.3981,-0.3123],[98.3689,-0.3492],[98.3626,-0.3801],[98.364,-0.442],[98.3361,-0.5178],[98.2951,-0.5134],[98.2752,-0.5252],[98.3167,-0.5351],[98.3903,-0.5771],[98.422,-0.5866],[98.4255,-0.5434],[98.4479,-0.5263],[98.4678,-0.5388],[98.459,-0.5519],[98.4735,-0.5567],[98.4868,-0.5456],[98.4937,-0.5656],[98.5044,-0.5512],[98.4868,-0.5109],[98.5016,-0.4861],[98.502,-0.4605]]],[[[98.48,-0.1584],[98.47,-0.1075],[98.4434,-0.052],[98.4061,-0.0074],[98.364,0.0105],[98.325,0.004],[98.2957,-0.0073],[98.3018,-0.0187],[98.3435,-0.0447],[98.3633,-0.0744],[98.39,-0.1404],[98.4055,-0.1682],[98.5125,-0.319],[98.5415,-0.3811],[98.549,-0.3811],[98.5432,-0.3341],[98.5552,-0.3185],[98.5598,-0.2783],[98.5322,-0.2394],[98.4973,-0.1998],[98.48,-0.1584]]],[[[98.5552,1.682],[98.521,1.6556],[98.5042,1.6649],[98.4771,1.7036],[98.4627,1.7093],[98.4348,1.692],[98.4317,1.6615],[98.44,1.6498],[98.4649,1.6442],[98.4976,1.6273],[98.5599,1.6236],[98.5991,1.632],[98.5907,1.6519],[98.5552,1.682]]],[[[97.9285,0.9961],[97.9045,1.044],[97.8904,1.0582],[97.8363,1.07],[97.819,1.1099],[97.7922,1.144],[97.7573,1.1639],[97.7127,1.1727],[97.6936,1.186],[97.6165,1.2809],[97.6047,1.3223],[97.5921,1.3399],[97.5399,1.3906],[97.5281,1.4229],[97.4932,1.456],[97.4863,1.4765],[97.4473,1.4769],[97.4243,1.5149],[97.3916,1.5089],[97.3745,1.5185],[97.3498,1.5454],[97.3318,1.5278],[97.3348,1.5001],[97.3211,1.4741],[97.2774,1.4362],[97.2359,1.4167],[97.1697,1.416],[97.1306,1.4355],[97.0804,1.4291],[97.0637,1.4152],[97.0686,1.3946],[97.0823,1.4076],[97.1284,1.3826],[97.1682,1.3428],[97.1916,1.2978],[97.2331,1.2773],[97.2517,1.2592],[97.2568,1.235],[97.2713,1.2222],[97.2786,1.1997],[97.3083,1.1749],[97.3218,1.1408],[97.3716,1.0598],[97.3877,1.0188],[97.3888,0.9521],[97.3954,0.9449],[97.4351,0.9489],[97.4793,0.9434],[97.4919,0.933],[97.4863,0.9142],[97.5744,0.8609],[97.6138,0.8236],[97.6331,0.7695],[97.6592,0.7154],[97.6582,0.6746],[97.6838,0.6431],[97.6909,0.6242],[97.6787,0.5989],[97.7041,0.5727],[97.7264,0.5852],[97.7642,0.5676],[97.7743,0.5852],[97.8003,0.5655],[97.8272,0.5627],[97.8743,0.622],[97.883,0.643],[97.8845,0.7182],[97.8926,0.777],[97.9041,0.8149],[97.8983,0.8753],[97.9014,0.906],[97.9177,0.9279],[97.9392,0.9861],[97.9285,0.9961]]],[[[98.5476,0.1593],[98.5246,0.1452],[98.5281,0.1116],[98.5387,0.0903],[98.6201,0.0867],[98.689,0.0708],[98.7261,0.0743],[98.7633,0.0866],[98.8446,0.0849],[98.8517,0.1096],[98.8358,0.1415],[98.8057,0.1609],[98.7439,0.1663],[98.7174,0.1751],[98.6731,0.1698],[98.6254,0.1752],[98.59,0.1717],[98.5476,0.1593]]]]},"properties":{"name":"Sumatera Utara","name_en":"North Sumatra","name_ja":"北スマトラ州","name_zh":"北苏门答腊省","name_ko":"북수마트라","adm0_a3":"IDN","postal":"SU","iso_3166_2":"ID-SU","type_en":"Province","geonunit":"Indonesia"}},
{"type":"Feature","geometry":{"type":"MultiPolygon","coordinates":[[[[98.1013,2.1886],[98.1276,2.327],[98.1193,2.3673],[98.0894,2.4345],[98.0626,2.4443],[98.0339,2.5281],[98.0253,2.5761],[98.0392,2.6523],[98.0694,2.677],[98.0468,2.7424],[98.0471,2.7776],[98.0596,2.7979],[98.057,2.8121],[98.0367,2.8315],[98.005,2.8439],[97.967,2.8941],[97.9228,2.9093],[97.9088,2.9364],[97.9145,2.9779],[97.8981,3.0567],[97.8956,3.0826],[97.938,3.0863],[97.9417,3.1169],[97.9364,3.1406],[97.9114,3.1731],[97.894,3.2233],[97.864,3.2574],[97.886,3.2694],[97.9521,3.2857],[97.973,3.3005],[97.9896,3.3304],[97.9763,3.3609],[97.9297,3.3936],[97.9068,3.433],[97.9036,3.457],[97.9142,3.4838],[97.8944,3.5072],[97.8701,3.5606],[97.8438,3.5799],[97.8204,3.6483],[97.7832,3.712],[97.7839,3.7448],[97.8766,3.8225],[97.8933,3.8482],[97.8847,3.8854],[97.8902,3.9152],[97.9114,3.9011],[97.9315,3.9018],[97.9453,3.9306],[98.001,3.9801],[98.019,4.0316],[98.0327,4.1039],[98.0451,4.136],[98.0558,4.1818],[98.0722,4.2021],[98.0733,4.2225],[98.0627,4.2403],[98.0751,4.2548],[98.1149,4.2585],[98.1385,4.2824],[98.1884,4.2948],[98.2676,4.2879],[98.2825,4.3649],[98.2756,4.4254],[98.2406,4.4567],[98.2057,4.498],[98.1858,4.4844],[98.1597,4.5223],[98.1135,4.539],[98.0896,4.5328],[98.0613,4.5548],[98.048,4.539],[98.0388,4.5519],[97.9968,4.5465],[97.9925,4.5538],[98.0071,4.5977],[98.007,4.6339],[97.9837,4.6784],[97.9754,4.7062],[97.9632,4.7895],[97.9561,4.808],[97.9092,4.8896],[97.8739,4.9189],[97.8301,4.9388],[97.6644,5.0734],[97.5262,5.2423],[97.4968,5.2519],[97.2684,5.1551],[97.2266,5.1462],[97.176,5.1613],[97.1493,5.1988],[97.1096,5.2141],[97.0743,5.2382],[97.0302,5.2513],[96.9734,5.2734],[96.9229,5.2695],[96.8944,5.2621],[96.8284,5.2802],[96.7851,5.2599],[96.6849,5.2255],[96.6506,5.2163],[96.5676,5.2084],[96.5274,5.2112],[96.4663,5.2355],[96.4295,5.2183],[96.4066,5.2172],[96.3622,5.2255],[96.2905,5.259],[96.1262,5.2818],[96.0881,5.2955],[96.0549,5.3136],[95.9304,5.4145],[95.9036,5.4508],[95.8875,5.5122],[95.8396,5.5286],[95.7622,5.5769],[95.6116,5.6267],[95.5762,5.6313],[95.5337,5.6221],[95.5112,5.603],[95.4771,5.6236],[95.4497,5.6496],[95.4129,5.6496],[95.3692,5.6213],[95.3353,5.6121],[95.2798,5.5744],[95.2239,5.5803],[95.1973,5.5464],[95.2251,5.5054],[95.2239,5.4896],[95.2455,5.4605],[95.2319,5.4508],[95.2497,5.425],[95.2517,5.3956],[95.2222,5.3264],[95.199,5.2929],[95.2319,5.2823],[95.2487,5.231],[95.2913,5.1916],[95.3016,5.1724],[95.2992,5.1503],[95.2798,5.1225],[95.2969,5.1164],[95.3128,5.0871],[95.3489,5.0375],[95.3799,4.9604],[95.386,4.9351],[95.4238,4.8475],[95.4263,4.8273],[95.4684,4.7895],[95.4891,4.7624],[95.5269,4.6973],[95.554,4.6762],[95.5725,4.6738],[95.5609,4.6457],[95.5654,4.6375],[95.6165,4.6284],[95.6565,4.58],[95.7258,4.5317],[95.759,4.4844],[95.8071,4.4461],[95.8141,4.4328],[95.9035,4.3447],[96.01,4.2257],[96.0652,4.205],[96.1252,4.1364],[96.1597,4.1413],[96.1909,4.126],[96.2114,4.0939],[96.2793,4.0258],[96.4303,3.8253],[96.4795,3.7787],[96.5199,3.7548],[96.5598,3.7466],[96.7605,3.7487],[96.8836,3.6824],[96.9035,3.6347],[96.9217,3.6057],[96.9998,3.5459],[97.0186,3.5227],[97.1664,3.268],[97.1826,3.246],[97.2405,3.238],[97.2708,3.2144],[97.2852,3.1785],[97.3008,3.0934],[97.332,3.0314],[97.405,2.9433],[97.4221,2.9284],[97.4846,2.913],[97.5353,2.8883],[97.6027,2.8662],[97.6089,2.8486],[97.6441,2.6689],[97.6611,2.5273],[97.6582,2.4116],[97.6636,2.3921],[97.7061,2.3461],[97.7444,2.2811],[97.7573,2.2717],[97.7948,2.2778],[97.8177,2.2589],[97.8294,2.2642],[97.8508,2.2512],[97.8811,2.2503],[97.9334,2.2698],[97.9559,2.2717],[97.9836,2.2444],[98.1013,2.1886]]],[[[97.1511,2.0581],[97.1429,2.0923],[97.1201,2.1133],[97.1004,2.1113],[97.069,2.0871],[97.1023,2.0161],[97.1243,2.0217],[97.1231,2.0393],[97.1511,2.0581]]],[[[96.6441,2.127],[96.6183,2.1269],[96.6096,2.0801],[96.6229,2.0706],[96.6654,2.0879],[96.6682,2.1134],[96.6441,2.127]]],[[[97.3286,2.1475],[97.3198,2.1787],[97.2815,2.2089],[97.2813,2.2291],[97.2468,2.2307],[97.208,2.2076],[97.1916,2.2089],[97.1785,2.2307],[97.1252,2.2255],[97.1028,2.2127],[97.2074,2.1755],[97.2781,2.1031],[97.3062,2.0572],[97.3218,2.0581],[97.3218,2.0314],[97.3423,2.0581],[97.3411,2.1057],[97.3286,2.1475]]],[[[96.4795,2.415],[96.465,2.4378],[96.4441,2.4904],[96.4243,2.5106],[96.4107,2.5089],[96.3965,2.5248],[96.3953,2.4774],[96.3753,2.4739],[96.3591,2.5214],[96.3213,2.5661],[96.2907,2.5752],[96.2461,2.6],[96.158,2.6804],[96.1437,2.6788],[96.1619,2.6478],[96.1297,2.6648],[96.1028,2.6546],[96.1018,2.6754],[96.1309,2.7153],[96.1263,2.7337],[96.0905,2.7578],[96.0283,2.7685],[95.9817,2.7904],[95.9645,2.8279],[95.9277,2.8446],[95.9172,2.8607],[95.8831,2.8464],[95.883,2.8839],[95.8908,2.8891],[95.9104,2.8737],[95.9119,2.9062],[95.884,2.919],[95.8141,2.9221],[95.7915,2.9425],[95.7732,2.905],[95.7664,2.8675],[95.7815,2.855],[95.7687,2.8408],[95.7149,2.8402],[95.6996,2.8318],[95.6926,2.8128],[95.698,2.7788],[95.7401,2.7781],[95.7352,2.7579],[95.7616,2.7399],[95.759,2.7241],[95.7943,2.6962],[95.7853,2.6606],[95.7905,2.6546],[95.8626,2.6546],[95.8748,2.6458],[95.8831,2.6204],[95.9314,2.5956],[95.9551,2.6],[95.9651,2.6142],[95.9861,2.6],[96.0203,2.6],[96.0657,2.5794],[96.2399,2.4487],[96.2852,2.4364],[96.3062,2.4051],[96.3281,2.3945],[96.3076,2.3741],[96.335,2.3555],[96.3696,2.3673],[96.4114,2.3438],[96.4812,2.364],[96.4751,2.3979],[96.4795,2.415]]],[[[95.1774,5.6284],[95.1418,5.6641],[95.1358,5.6463],[95.1091,5.622],[95.1116,5.6119],[95.1453,5.6042],[95.1563,5.5948],[95.1714,5.6072],[95.1911,5.6085],[95.1774,5.6284]]],[[[95.1152,5.7115],[95.0583,5.7573],[95.0339,5.7599],[95.0147,5.7446],[95.0231,5.732],[95.0488,5.7365],[95.0487,5.7185],[95.0607,5.6836],[95.0607,5.6562],[95.0947,5.6836],[95.1221,5.6693],[95.1333,5.6913],[95.1152,5.7115]]],[[[95.3418,5.8964],[95.325,5.898],[95.2971,5.8586],[95.2839,5.8574],[95.2593,5.8964],[95.2362,5.9091],[95.2136,5.9025],[95.2315,5.8693],[95.2527,5.855],[95.273,5.8071],[95.3027,5.7857],[95.3384,5.7792],[95.3553,5.7952],[95.3555,5.8276],[95.3828,5.8071],[95.3828,5.8419],[95.3418,5.8964]]]]},"properties":{"name":"Aceh","name_en":"Aceh","name_ja":"アチェ州","name_zh":"亚齐","name_ko":"아체","adm0_a3":"IDN","postal":"AC","iso_3166_2":"ID-AC","type_en":"Autonomous Province","geonunit":"Indonesia"}},
{"type":"Feature","geometry":{"type":"Polygon","coordinates":[[[114.3107,-3.4339],[114.4711,-3.004],[114.4938,-2.906],[114.5045,-2.881],[114.5283,-2.85],[114.541,-2.8432],[114.6312,-2.8223],[114.6544,-2.7991],[114.6602,-2.7717],[114.675,-2.7594],[114.743,-2.7345],[114.7753,-2.7051],[114.7854,-2.6888],[114.7949,-2.6214],[114.81,-2.5802],[114.8222,-2.562],[114.8686,-2.515],[114.9081,-2.4187],[114.9043,-2.3742],[114.879,-2.3263],[114.88,-2.2746],[114.9048,-2.2625],[115.0264,-2.2354],[115.1309,-2.2076],[115.1553,-2.196],[115.1876,-2.1711],[115.3301,-2.0371],[115.308,-1.9919],[115.3225,-1.96],[115.3401,-1.9387],[115.3584,-1.9039],[115.3609,-1.8799],[115.3414,-1.8281],[115.3352,-1.7994],[115.3383,-1.7654],[115.4043,-1.4744],[115.4102,-1.4535],[115.4266,-1.4345],[115.4737,-1.4173],[115.553,-1.4043],[115.6425,-1.3663],[115.6801,-1.3609],[115.6863,-1.3822],[115.6775,-1.4259],[115.7202,-1.4263],[115.7506,-1.3873],[115.802,-1.2944],[115.8166,-1.207],[115.8051,-1.0853],[115.7589,-1.1056],[115.7397,-1.1038],[115.7171,-1.0718],[115.6928,-1.0523],[115.6728,-1.0133],[115.6552,-0.9943],[115.6287,-0.978],[115.5401,-0.9496],[115.5178,-0.9378],[115.4671,-0.8973],[115.46,-0.886],[115.4588,-0.8434],[115.4532,-0.8281],[115.4152,-0.7739],[115.3913,-0.6552],[115.3906,-0.6152],[115.3813,-0.582],[115.3299,-0.511],[115.312,-0.4733],[115.2946,-0.4166],[115.2906,-0.3664],[115.2742,-0.311],[115.2772,-0.2201],[115.291,-0.1677],[115.3179,-0.1207],[115.3256,-0.0982],[115.337,-0.029],[115.3474,0.0023],[115.337,0.0171],[115.2754,0.0314],[115.2128,0.025],[115.1874,0.0052],[115.1078,-0.0867],[115.0858,-0.1175],[115.0375,-0.1425],[115.0026,-0.1777],[114.9863,-0.1789],[114.9755,-0.1548],[114.9781,-0.1196],[114.9673,-0.0975],[114.9704,-0.0682],[114.9854,-0.0172],[115.0177,0.0577],[115.0192,0.0807],[115.0112,0.1085],[114.9781,0.1664],[114.972,0.1856],[114.9722,0.2259],[114.9531,0.2842],[114.9559,0.3287],[114.9679,0.3642],[115.0251,0.4795],[115.0579,0.5089],[115.076,0.533],[115.0769,0.5575],[115.0619,0.5934],[115.0572,0.6369],[115.0186,0.6953],[114.9908,0.7114],[114.9765,0.7352],[114.9471,0.7401],[114.8786,0.7333],[114.8664,0.7115],[114.833,0.6982],[114.7853,0.6898],[114.7354,0.6726],[114.705,0.6542],[114.6631,0.6213],[114.3775,0.5886],[114.2671,0.6098],[114.2368,0.6216],[114.2117,0.64],[114.1839,0.6505],[114.1366,0.6529],[114.0363,0.647],[114.0171,0.638],[113.9938,0.6151],[113.9699,0.6036],[113.9119,0.5959],[113.8698,0.5776],[113.8044,0.5683],[113.7764,0.5586],[113.7527,0.5419],[113.7033,0.4953],[113.6751,0.4415],[113.6467,0.4101],[113.6352,0.3797],[113.636,0.3455],[113.6229,0.3109],[113.5888,0.2983],[113.5572,0.2716],[113.5316,0.2614],[113.4792,0.263],[113.4452,0.2754],[113.416,0.2752],[113.3594,0.2599],[113.3245,0.2452],[113.3518,0.2055],[113.3686,0.1716],[113.4187,0.1315],[113.4532,0.0659],[113.4594,0.0222],[113.4785,-0.0475],[113.4768,-0.0796],[113.4482,-0.128],[113.4293,-0.1904],[113.4026,-0.2049],[113.3715,-0.2351],[113.3262,-0.2517],[113.2719,-0.3106],[113.2528,-0.3389],[113.2492,-0.3611],[113.2761,-0.3843],[113.3008,-0.4228],[113.301,-0.4481],[113.2564,-0.5514],[113.2354,-0.5521],[113.1982,-0.5203],[113.1762,-0.4821],[113.1611,-0.4699],[113.1025,-0.4915],[113.084,-0.5185],[113.0598,-0.5224],[113.0042,-0.5187],[112.95,-0.5419],[112.8934,-0.5746],[112.7903,-0.6102],[112.7551,-0.6359],[112.578,-0.7045],[112.5518,-0.7068],[112.5214,-0.6993],[112.4973,-0.7021],[112.4722,-0.7176],[112.38,-0.7546],[112.2896,-0.7461],[112.2393,-0.7363],[112.1185,-0.7354],[112.0964,-0.743],[112.0843,-0.7735],[112.0587,-0.7958],[111.9686,-0.8228],[111.8621,-0.8951],[111.7497,-0.9495],[111.6514,-1.0155],[111.6285,-1.0362],[111.5975,-1.076],[111.5874,-1.102],[111.5985,-1.158],[111.5774,-1.1867],[111.5437,-1.2057],[111.4902,-1.2236],[111.4729,-1.2424],[111.4161,-1.2688],[111.3906,-1.288],[111.3484,-1.3313],[111.3271,-1.3733],[111.2421,-1.4206],[111.2215,-1.4398],[111.1884,-1.4819],[111.134,-1.5304],[111.1082,-1.5362],[111.0938,-1.5274],[111.0531,-1.5188],[111.0116,-1.5261],[110.9578,-1.5665],[110.9203,-1.6132],[110.9216,-1.6315],[110.9383,-1.6554],[110.962,-1.6655],[111.0042,-1.6513],[111.0174,-1.6603],[111.0206,-1.6861],[111.0144,-1.7187],[111.0339,-1.7435],[111.0265,-1.7969],[111.0252,-1.867],[110.9948,-1.9853],[110.9962,-2.0712],[111.0123,-2.1274],[111.1377,-2.4048],[111.1407,-2.4276],[111.1275,-2.4866],[111.1283,-2.5784],[111.1317,-2.6078],[111.1602,-2.6674],[111.1611,-2.6984],[111.1376,-2.733],[111.0671,-2.7647],[111.0427,-2.7917],[111.0262,-2.8337],[110.9979,-2.8702],[110.9592,-2.8857],[110.9561,-2.9001],[110.8721,-2.9352],[110.8044,-2.9591],[110.7741,-2.9843],[110.7555,-3.0118],[110.7542,-3.0261],[110.7703,-3.0322],[110.8237,-3.0372],[110.9065,-3.0833],[110.9424,-3.0915],[110.9862,-3.0875],[111.0608,-3.0611],[111.2962,-2.9365],[111.3242,-2.926],[111.363,-2.9229],[111.4475,-2.9298],[111.4857,-2.9415],[111.5144,-2.9638],[111.5344,-3.0121],[111.5518,-3.0185],[111.5843,-3.0089],[111.6489,-2.962],[111.7035,-2.9436],[111.7039,-2.9318],[111.6755,-2.9111],[111.6725,-2.8946],[111.708,-2.8596],[111.7131,-2.8484],[111.7057,-2.7897],[111.7235,-2.759],[111.7541,-2.7385],[111.7528,-2.7563],[111.7375,-2.7834],[111.7368,-2.8127],[111.7541,-2.8239],[111.7541,-2.8689],[111.7603,-2.9076],[111.8224,-3.0185],[111.8325,-3.0616],[111.8176,-3.1445],[111.815,-3.1904],[111.8428,-3.3617],[111.8353,-3.4477],[111.8084,-3.5118],[111.8088,-3.533],[111.822,-3.5451],[111.9053,-3.572],[111.931,-3.559],[111.9732,-3.5256],[112.1169,-3.3823],[112.2029,-3.3295],[112.3027,-3.3139],[112.349,-3.3228],[112.3905,-3.3399],[112.5247,-3.4378],[112.5451,-3.4443],[112.5658,-3.4379],[112.5816,-3.4159],[112.618,-3.4238],[112.638,-3.4168],[112.6698,-3.3886],[113.0215,-3.1625],[113.0215,-3.1563],[112.9798,-3.1495],[112.9495,-3.1252],[112.9411,-3.1064],[112.9491,-3.086],[112.9873,-3.0465],[113.0173,-3.0368],[113.0371,-2.9931],[113.0352,-2.9229],[113.1013,-3.0426],[113.1826,-3.0771],[113.21,-3.1038],[113.2217,-3.15],[113.2412,-3.1769],[113.2993,-3.2146],[113.3511,-3.2724],[113.3452,-3.2465],[113.3027,-3.1625],[113.3159,-3.1681],[113.3396,-3.2003],[113.3459,-3.2379],[113.3657,-3.2529],[113.423,-3.2472],[113.4397,-3.2385],[113.4522,-3.1994],[113.4663,-3.1843],[113.5081,-3.17],[113.5935,-3.17],[113.6204,-3.1853],[113.6421,-3.256],[113.6438,-3.2984],[113.6375,-3.3417],[113.6248,-3.3823],[113.6325,-3.4568],[113.7131,-3.4726],[113.8147,-3.4553],[113.8855,-3.4306],[113.948,-3.3948],[113.9806,-3.385],[114.042,-3.3556],[114.0803,-3.2913],[114.0972,-3.2761],[114.1089,-3.2084],[114.1177,-3.1904],[114.1226,-3.2161],[114.104,-3.3139],[114.1082,-3.3473],[114.1258,-3.3679],[114.1532,-3.3784],[114.1865,-3.3823],[114.2481,-3.3603],[114.2896,-3.3064],[114.3241,-3.248],[114.3648,-3.2115],[114.3596,-3.2345],[114.3237,-3.2799],[114.3019,-3.3458],[114.2754,-3.3624],[114.2635,-3.3976],[114.2722,-3.4133],[114.3107,-3.4339]]]},"properties":{"name":"Kalimantan Tengah","name_en":"Central Kalimantan","name_ja":"中部カリマンタン州","name_zh":"中加里曼丹省","name_ko":"중앙칼리만탄","adm0_a3":"IDN","postal":"KT","iso_3166_2":"ID-KT","type_en":"Province","geonunit":"Indonesia"}},
{"type":"Feature","geometry":{"type":"MultiPolygon","coordinates":[[[[116.5729,-2.363],[116.4677,-2.3272],[116.3905,-2.3144],[116.1573,-2.299],[116.1281,-2.2932],[116.0427,-2.2882],[115.9945,-2.271],[115.9219,-2.3093],[115.9068,-2.3381],[115.874,-2.3507],[115.8607,-2.3433],[115.8509,-2.3201],[115.8399,-2.2554],[115.8141,-2.1836],[115.8119,-2.1621],[115.819,-2.0897],[115.8288,-2.0472],[115.8101,-2.0294],[115.7788,-2.0255],[115.7489,-2.0007],[115.7399,-1.9724],[115.7378,-1.9365],[115.7456,-1.9056],[115.7412,-1.7842],[115.6988,-1.6809],[115.689,-1.6355],[115.6568,-1.5936],[115.6506,-1.5446],[115.6312,-1.525],[115.5699,-1.5179],[115.6069,-1.4667],[115.6286,-1.4435],[115.6521,-1.4287],[115.6775,-1.4259],[115.6863,-1.3822],[115.6801,-1.3609],[115.6425,-1.3663],[115.553,-1.4043],[115.4737,-1.4173],[115.4266,-1.4345],[115.4102,-1.4535],[115.4043,-1.4744],[115.3383,-1.7654],[115.3352,-1.7994],[115.3414,-1.8281],[115.3609,-1.8799],[115.3584,-1.9039],[115.3401,-1.9387],[115.3225,-1.96],[115.308,-1.9919],[115.3301,-2.0371],[115.1876,-2.1711],[115.1553,-2.196],[115.1309,-2.2076],[115.0264,-2.2354],[114.9048,-2.2625],[114.88,-2.2746],[114.879,-2.3263],[114.9043,-2.3742],[114.9081,-2.4187],[114.8686,-2.515],[114.8222,-2.562],[114.81,-2.5802],[114.7949,-2.6214],[114.7854,-2.6888],[114.7753,-2.7051],[114.743,-2.7345],[114.675,-2.7594],[114.6602,-2.7717],[114.6544,-2.7991],[114.6312,-2.8223],[114.541,-2.8432],[114.5283,-2.85],[114.5045,-2.881],[114.4938,-2.906],[114.4711,-3.004],[114.3107,-3.4339],[114.3679,-3.4586],[114.4124,-3.4853],[114.4515,-3.4987],[114.4768,-3.5007],[114.4883,-3.4884],[114.5,-3.3827],[114.5117,-3.3676],[114.5503,-3.3481],[114.5239,-3.4758],[114.5223,-3.5193],[114.5369,-3.5634],[114.5964,-3.6379],[114.6111,-3.6839],[114.6043,-3.8552],[114.6113,-3.9264],[114.6316,-4.0129],[114.6106,-4.0888],[114.6066,-4.1323],[114.6248,-4.1705],[114.6643,-4.1842],[114.7129,-4.1708],[114.876,-4.071],[115.0603,-3.9858],[115.3137,-3.8831],[115.5833,-3.7805],[115.7588,-3.697],[115.7966,-3.6696],[115.8362,-3.6332],[115.8826,-3.6149],[115.9489,-3.6142],[115.9679,-3.6088],[115.9895,-3.5827],[115.9998,-3.5401],[116.0095,-3.4511],[116.0234,-3.4118],[116.0852,-3.3071],[116.1105,-3.2462],[116.156,-3.2257],[116.1721,-3.2262],[116.1536,-3.2594],[116.1436,-3.2516],[116.1277,-3.2648],[116.1262,-3.2799],[116.1685,-3.2658],[116.1813,-3.256],[116.1877,-3.232],[116.1833,-3.2083],[116.1633,-3.1729],[116.1672,-3.1563],[116.1802,-3.1613],[116.2192,-3.1467],[116.2649,-3.1369],[116.2549,-3.1087],[116.1921,-3.0636],[116.1673,-3.0307],[116.1614,-3.0035],[116.1331,-2.998],[116.1102,-3.0063],[116.1099,-2.9866],[116.1267,-2.9661],[116.1113,-2.9303],[116.1398,-2.8689],[116.1331,-2.8342],[116.1506,-2.8163],[116.1592,-2.8674],[116.1741,-2.903],[116.2,-2.9152],[116.2146,-2.9387],[116.219,-2.985],[116.2438,-3.009],[116.2634,-3.0055],[116.2876,-2.9871],[116.3342,-2.9256],[116.3648,-2.8614],[116.37,-2.8239],[116.3657,-2.6526],[116.3931,-2.574],[116.382,-2.5577],[116.3416,-2.5666],[116.3106,-2.615],[116.2969,-2.6082],[116.3208,-2.567],[116.3237,-2.5475],[116.3031,-2.5351],[116.3101,-2.5163],[116.3657,-2.5051],[116.3797,-2.5119],[116.4067,-2.4983],[116.4446,-2.4983],[116.4609,-2.507],[116.4732,-2.5475],[116.4824,-2.5603],[116.5179,-2.5539],[116.5401,-2.5129],[116.5729,-2.363]]],[[[115.8459,-4.7641],[115.8518,-4.739],[115.7953,-4.7863],[115.7734,-4.8151],[115.7864,-4.8278],[115.8068,-4.8219],[115.8581,-4.78],[115.8459,-4.7641]]],[[[116.3993,-3.3928],[116.3931,-3.4059],[116.3652,-3.4291],[116.3556,-3.4597],[116.3247,-3.533],[116.3322,-3.5617],[116.3701,-3.6214],[116.386,-3.6396],[116.3931,-3.6324],[116.4046,-3.5768],[116.4115,-3.5209],[116.4314,-3.4475],[116.4344,-3.4098],[116.4045,-3.3746],[116.3993,-3.3928]]],[[[116.3037,-3.718],[116.3037,-3.6801],[116.2969,-3.6461],[116.297,-3.5847],[116.2741,-3.5329],[116.2764,-3.5136],[116.3211,-3.4977],[116.3189,-3.4804],[116.263,-3.4055],[116.259,-3.3666],[116.2721,-3.2678],[116.2786,-3.2447],[116.2678,-3.2188],[116.2292,-3.2455],[116.1707,-3.2968],[116.1262,-3.3186],[116.0967,-3.3997],[116.0525,-3.4787],[116.0464,-3.4975],[116.0405,-3.5663],[116.0164,-3.6292],[116.013,-3.6505],[116.0191,-3.7249],[116.0437,-3.7658],[116.0745,-3.8009],[116.0778,-3.8245],[116.0689,-3.8855],[116.0715,-3.903],[116.0887,-3.9247],[116.0872,-3.9435],[116.0642,-3.9545],[116.0501,-4.0202],[116.0574,-4.0407],[116.0829,-4.0378],[116.0915,-4.0668],[116.1156,-4.0367],[116.1536,-4.0197],[116.1838,-3.9871],[116.2048,-3.9753],[116.2082,-3.9513],[116.2219,-3.9396],[116.2571,-3.9347],[116.2764,-3.9098],[116.3065,-3.9045],[116.308,-3.8786],[116.2894,-3.8409],[116.2892,-3.8156],[116.3115,-3.7857],[116.3211,-3.7569],[116.3333,-3.7498],[116.325,-3.732],[116.3037,-3.718]]]]},"properties":{"name":"Kalimantan Selatan","name_en":"South Kalimantan","name_ja":"南カリマンタン州","name_zh":"南加里曼丹省","name_ko":"남칼리만탄","adm0_a3":"IDN","postal":"KS","iso_3166_2":"ID-KS","type_en":"Province","geonunit":"Indonesia"}},
{"type":"Feature","geometry":{"type":"MultiPolygon","coordinates":[[[[115.5501,-8.6662],[115.5176,-8.6702],[115.4683,-8.7319],[115.4888,-8.7407],[115.5054,-8.7609],[115.5608,-8.799],[115.5889,-8.8073],[115.6242,-8.7689],[115.6157,-8.7396],[115.5977,-8.7187],[115.5731,-8.672],[115.5501,-8.6662]]],[[[115.6192,-8.2888],[115.5651,-8.2216],[115.5353,-8.1946],[115.5025,-8.1726],[115.3379,-8.1038],[115.2688,-8.0895],[115.2155,-8.0595],[115.1729,-8.0554],[115.1359,-8.0728],[115.0632,-8.1432],[115.0226,-8.1726],[114.9844,-8.1804],[114.8929,-8.1803],[114.8576,-8.1931],[114.6914,-8.135],[114.6126,-8.1218],[114.5974,-8.1106],[114.571,-8.1295],[114.5397,-8.128],[114.5047,-8.0904],[114.4524,-8.0951],[114.4479,-8.1218],[114.4684,-8.2185],[114.5491,-8.3342],[114.5742,-8.3625],[114.6045,-8.3865],[114.639,-8.3986],[114.7559,-8.3977],[114.7966,-8.4054],[114.927,-8.4675],[114.9531,-8.4851],[115.0226,-8.5489],[115.0767,-8.5851],[115.0901,-8.6148],[115.1318,-8.652],[115.1561,-8.662],[115.1863,-8.7223],[115.1819,-8.7464],[115.1592,-8.7822],[115.1149,-8.8034],[115.0942,-8.8185],[115.095,-8.8337],[115.1345,-8.8508],[115.1809,-8.8505],[115.2132,-8.8399],[115.2355,-8.8198],[115.238,-8.7722],[115.2324,-8.754],[115.2144,-8.7618],[115.228,-8.7822],[115.2206,-8.789],[115.2053,-8.7695],[115.2031,-8.747],[115.2124,-8.7284],[115.2539,-8.7146],[115.2688,-8.6992],[115.2908,-8.6588],[115.3226,-8.6238],[115.364,-8.5969],[115.4988,-8.5484],[115.516,-8.5344],[115.5337,-8.5065],[115.6048,-8.5011],[115.6399,-8.4662],[115.7009,-8.4191],[115.7142,-8.3752],[115.6911,-8.3444],[115.6525,-8.3185],[115.6192,-8.2888]]]]},"properties":{"name":"Bali","name_en":"Bali","name_ja":"バリ州","name_zh":"巴厘岛","name_ko":"발리","adm0_a3":"IDN","postal":"BA","iso_3166_2":"ID-BA","type_en":"Province","geonunit":"Indonesia"}},
{"type":"Feature","geometry":{"type":"MultiPolygon","coordinates":[[[[106.9089,-2.9298],[106.8899,-2.9199],[106.8435,-2.9119],[106.8125,-2.8922],[106.7923,-2.8964],[106.7456,-2.9269],[106.7227,-2.9661],[106.7581,-2.9782],[106.7986,-3.011],[106.8612,-3.029],[106.8953,-3.0185],[106.8908,-2.9949],[106.9157,-2.9509],[106.9089,-2.9298]]],[[[107.0992,-2.8591],[107.0779,-2.8233],[107.0646,-2.8225],[107.0457,-2.8408],[107.0171,-2.8802],[107.0444,-2.8969],[107.0838,-2.9098],[107.0968,-2.8852],[107.0992,-2.8591]]],[[[107.395,-2.8689],[107.3661,-2.8824],[107.3485,-2.8752],[107.3413,-2.8869],[107.3692,-2.9052],[107.4101,-2.9476],[107.428,-2.9257],[107.4629,-2.9159],[107.481,-2.8987],[107.5047,-2.8547],[107.4952,-2.8235],[107.4582,-2.8245],[107.4258,-2.8352],[107.4002,-2.8508],[107.395,-2.8689]]],[[[108.2937,-2.8484],[108.2673,-2.7574],[108.1978,-2.6782],[108.1828,-2.6735],[108.1628,-2.6833],[108.1496,-2.6503],[108.1184,-2.6349],[108.1042,-2.6124],[108.0666,-2.5945],[108.0462,-2.6149],[108.0324,-2.6423],[108.014,-2.5911],[107.9885,-2.5742],[107.9362,-2.5636],[107.9197,-2.5686],[107.8835,-2.5642],[107.8482,-2.5499],[107.8343,-2.5251],[107.7891,-2.5538],[107.7566,-2.5606],[107.7114,-2.5529],[107.6703,-2.5615],[107.6546,-2.5849],[107.6387,-2.685],[107.6426,-2.7485],[107.6231,-2.7706],[107.5942,-2.7863],[107.6057,-2.8118],[107.6096,-2.8437],[107.6034,-2.871],[107.5706,-2.8858],[107.5491,-2.905],[107.553,-2.928],[107.5874,-2.9167],[107.611,-2.9179],[107.6084,-2.9539],[107.5859,-2.9856],[107.5811,-3.0107],[107.5942,-3.0396],[107.5979,-3.0839],[107.6404,-3.1217],[107.6408,-3.1326],[107.6053,-3.1765],[107.5945,-3.2062],[107.6028,-3.2289],[107.6314,-3.2409],[107.6588,-3.2326],[107.6863,-3.1982],[107.7532,-3.1985],[107.8152,-3.1672],[107.8418,-3.1454],[107.8412,-3.1078],[107.8255,-3.0807],[107.8255,-3.0662],[107.8705,-3.0517],[107.8892,-3.0696],[107.8884,-3.0875],[107.9414,-3.1345],[107.9661,-3.151],[107.971,-3.2177],[107.981,-3.2398],[107.994,-3.2424],[108.074,-3.226],[108.074,-3.1904],[108.0908,-3.1614],[108.1522,-3.1524],[108.1877,-3.1369],[108.2106,-3.1358],[108.1877,-3.1121],[108.186,-3.0955],[108.2106,-3.0396],[108.2044,-3.0055],[108.2156,-2.9787],[108.2567,-2.9262],[108.27,-2.8908],[108.2887,-2.8666],[108.2937,-2.8484]]],[[[106.7691,-2.5603],[106.7484,-2.5571],[106.683,-2.5325],[106.5534,-2.5104],[106.4411,-2.4714],[106.4191,-2.485],[106.3962,-2.4821],[106.354,-2.463],[106.3189,-2.4313],[106.2891,-2.3935],[106.2642,-2.3513],[106.2007,-2.1782],[106.1626,-2.007],[106.1624,-1.9633],[106.1748,-1.8982],[106.1746,-1.8791],[106.1213,-1.8193],[106.127,-1.7901],[106.1058,-1.7835],[106.0911,-1.7457],[106.073,-1.7306],[106.0593,-1.6965],[106.0355,-1.6783],[106.0319,-1.6247],[106.0456,-1.594],[106.0339,-1.5759],[105.9805,-1.5388],[105.9395,-1.5353],[105.9137,-1.4942],[105.8757,-1.4892],[105.8343,-1.5178],[105.8091,-1.5256],[105.72,-1.5242],[105.6956,-1.5319],[105.7166,-1.5524],[105.7297,-1.5803],[105.7371,-1.6144],[105.7576,-1.6452],[105.751,-1.7031],[105.761,-1.7209],[105.7917,-1.7537],[105.8128,-1.7927],[105.7854,-1.794],[105.761,-1.7653],[105.7151,-1.7735],[105.6956,-1.7653],[105.6631,-1.7397],[105.6498,-1.7219],[105.6517,-1.707],[105.6914,-1.6713],[105.7029,-1.6554],[105.6484,-1.6332],[105.6288,-1.614],[105.611,-1.5402],[105.5941,-1.5256],[105.5658,-1.5319],[105.5368,-1.5553],[105.5181,-1.5598],[105.4717,-1.5584],[105.4596,-1.5629],[105.4187,-1.6042],[105.3945,-1.6076],[105.3802,-1.6349],[105.3499,-1.6487],[105.3511,-1.6868],[105.3355,-1.6979],[105.3945,-1.738],[105.4024,-1.7833],[105.3757,-1.8219],[105.2984,-1.874],[105.1836,-1.9169],[105.1543,-1.936],[105.1359,-1.9655],[105.1255,-2.0041],[105.1279,-2.0446],[105.1475,-2.08],[105.179,-2.0699],[105.2298,-2.0701],[105.2679,-2.0875],[105.2931,-2.1262],[105.3064,-2.135],[105.3569,-2.1215],[105.4504,-2.1227],[105.4912,-2.0984],[105.5422,-2.0818],[105.5658,-2.067],[105.6074,-2.1148],[105.6483,-2.1215],[105.6737,-2.1169],[105.6887,-2.1277],[105.7476,-2.136],[105.7804,-2.1508],[105.7957,-2.1718],[105.7986,-2.2346],[105.8255,-2.3185],[105.819,-2.3474],[105.8288,-2.3951],[105.8594,-2.4201],[105.8975,-2.4361],[105.9289,-2.4567],[105.9443,-2.4988],[105.9326,-2.5419],[105.9124,-2.5856],[105.9016,-2.6287],[105.9076,-2.6746],[105.9225,-2.716],[105.9865,-2.8212],[106.0025,-2.8307],[106.094,-2.8406],[106.302,-2.9133],[106.3504,-2.9607],[106.3687,-2.967],[106.4165,-2.9655],[106.447,-2.9811],[106.4671,-3.0153],[106.4997,-3.039],[106.5171,-3.0948],[106.5322,-3.1056],[106.5527,-3.0942],[106.5664,-3.1017],[106.5737,-3.0768],[106.6012,-3.0711],[106.6558,-3.0805],[106.6707,-3.0961],[106.687,-3.0868],[106.7073,-3.0942],[106.752,-3.0737],[106.7383,-3.0533],[106.7458,-3.0201],[106.7385,-3.0046],[106.7058,-2.9952],[106.6743,-2.9669],[106.6489,-2.9638],[106.613,-2.9426],[106.6038,-2.9103],[106.612,-2.8704],[106.6748,-2.6998],[106.7219,-2.6293],[106.738,-2.6144],[106.766,-2.6056],[106.7991,-2.5871],[106.8264,-2.586],[106.8333,-2.5666],[106.8154,-2.561],[106.7691,-2.5603]]]]},"properties":{"name":"Bangka-Belitung","name_en":"Bangka Belitung Islands","name_ja":"バンカ・ブリトゥン州","name_zh":"邦加-勿里洞省","name_ko":"방카벨리퉁","adm0_a3":"IDN","postal":"BB","iso_3166_2":"ID-BB","type_en":"Province","geonunit":"Indonesia"}}
]}