{"type":"FeatureCollection", "features": [
{"type":"Feature","geometry":{"type":"Polygon","coordinates":[[[7.8496,45.9397],[7.8437,45.9192],[7.8312,45.9145],[7.8076,45.9185],[7.7801,45.9181],[7.732,45.9304],[7.7063,45.9257],[7.694,45.9287],[7.6737,45.9503],[7.643,45.9663],[7.5411,45.9841],[7.5244,45.9781],[7.5037,45.9567],[7.4827,45.9549],[7.453,45.9459],[7.3938,45.9157],[7.3618,45.9078],[7.2867,45.9134],[7.2454,45.8981],[7.1837,45.8805],[7.1535,45.8765],[7.1209,45.8761],[7.0902,45.8805],[7.0669,45.8902],[7.0221,45.9253],[6.9972,45.9113],[6.9828,45.8858],[6.9692,45.8698],[6.949,45.8578],[6.9051,45.8454],[6.8735,45.8448],[6.8707,45.8283],[6.8434,45.8386],[6.8162,45.8329],[6.8008,45.8265],[6.7881,45.8117],[6.7827,45.7953],[6.7847,45.7596],[6.7959,45.7181],[6.8161,45.6969],[6.8431,45.6827],[6.8826,45.6755],[6.9186,45.6526],[6.9511,45.6468],[6.9634,45.6407],[6.9695,45.6258],[6.9556,45.6026],[6.9549,45.5862],[6.9698,45.567],[6.9753,45.5256],[6.9828,45.5111],[7.0285,45.4931],[7.072,45.47],[7.0754,45.4663],[7.1316,45.5099],[7.1431,45.5123],[7.139,45.5002],[7.1462,45.4922],[7.1636,45.4885],[7.2123,45.4838],[7.3855,45.5244],[7.4056,45.5378],[7.4262,45.5462],[7.4646,45.5742],[7.4977,45.577],[7.5459,45.5898],[7.6424,45.5746],[7.673,45.5636],[7.7314,45.5617],[7.7493,45.5641],[7.784,45.5814],[7.8802,45.6027],[7.9127,45.6359],[7.9195,45.649],[7.9123,45.6618],[7.911,45.6841],[7.916,45.7162],[7.915,45.7382],[7.8823,45.7529],[7.8747,45.7632],[7.8635,45.806],[7.8601,45.8513],[7.8477,45.9077],[7.8559,45.9193],[7.8496,45.9397]]]},"properties":{"region":"Valle d'Aosta","name":"Valle d'Aosta"}},
{"type":"Feature","geometry":{"type":"Polygon","coordinates":[[[7.8496,45.9397],[7.8559,45.9193],[7.8477,45.9077],[7.8601,45.8513],[7.8635,45.806],[7.8747,45.7632],[7.8823,45.7529],[7.915,45.7382],[7.916,45.7162],[7.911,45.6841],[7.9123,45.6618],[7.9195,45.649],[7.9127,45.6359],[7.8802,45.6027],[7.784,45.5814],[7.7493,45.5641],[7.7314,45.5617],[7.673,45.5636],[7.6424,45.5746],[7.5459,45.5898],[7.4977,45.577],[7.4646,45.5742],[7.4262,45.5462],[7.4056,45.5378],[7.3855,45.5244],[7.2123,45.4838],[7.1636,45.4885],[7.1462,45.4922],[7.139,45.5002],[7.1431,45.5123],[7.1316,45.5099],[7.0754,45.4663],[7.0968,45.4354],[7.1101,45.4283],[7.1607,45.4109],[7.1596,45.3985],[7.1508,45.3832],[7.1301,45.3571],[7.0926,45.324],[7.0976,45.295],[7.1084,45.2749],[7.1084,45.2592],[7.0812,45.2431],[7.0622,45.2185],[7.0502,45.215],[7.0297,45.2282],[6.9945,45.2213],[6.9587,45.2098],[6.9458,45.2011],[6.9284,45.1796],[6.9138,45.1702],[6.8813,45.1684],[6.8682,45.1575],[6.8786,45.1474],[6.8767,45.1412],[6.8441,45.1301],[6.8081,45.1391],[6.7715,45.1532],[6.7364,45.1573],[6.7109,45.1447],[6.6944,45.1403],[6.6674,45.1396],[6.6327,45.1255],[6.6027,45.1035],[6.6203,45.0844],[6.6366,45.0745],[6.6397,45.0504],[6.6622,45.0292],[6.6972,45.0269],[6.7235,45.0134],[6.7299,44.9847],[6.7279,44.9287],[6.7454,44.9078],[6.7782,44.8876],[6.8471,44.8591],[6.866,44.8557],[6.9153,44.8627],[6.9327,44.8617],[6.9828,44.847],[7.0008,44.833],[7.0071,44.8221],[6.9984,44.7938],[7.0098,44.7721],[7.019,44.7389],[7.0494,44.6979],[7.0552,44.6849],[7.0373,44.6846],[7.0012,44.6923],[6.9828,44.6922],[6.9599,44.6832],[6.9415,44.667],[6.9343,44.6467],[6.9456,44.6254],[6.9316,44.618],[6.8973,44.5754],[6.8464,44.5475],[6.8357,44.534],[6.8388,44.5029],[6.8613,44.4749],[6.8917,44.452],[6.9178,44.4363],[6.8842,44.423],[6.8772,44.4144],[6.8661,44.3721],[6.874,44.3584],[6.896,44.3398],[6.9212,44.3022],[6.9592,44.2774],[6.9734,44.2494],[6.9961,44.2378],[7.0335,44.2429],[7.0461,44.2403],[7.1049,44.2178],[7.145,44.2072],[7.2513,44.16],[7.2701,44.1543],[7.3093,44.1475],[7.3216,44.1319],[7.3406,44.1237],[7.3808,44.1229],[7.5548,44.1591],[7.5836,44.1607],[7.6247,44.1801],[7.6556,44.1761],[7.6419,44.1436],[7.6541,44.125],[7.6762,44.109],[7.6879,44.0908],[7.7093,44.0915],[7.738,44.0994],[7.729,44.1148],[7.74,44.1337],[7.7575,44.1438],[7.774,44.1425],[7.8074,44.129],[7.8344,44.1254],[7.8996,44.1234],[7.9185,44.1192],[7.9876,44.1129],[8.0003,44.1161],[7.9981,44.1317],[7.9818,44.1419],[7.9865,44.1524],[8.0066,44.1645],[8.0403,44.1579],[8.0575,44.1637],[8.0775,44.1858],[8.0791,44.21],[8.0695,44.2257],[8.0723,44.237],[8.0699,44.2565],[8.0781,44.2875],[8.0716,44.3115],[8.0968,44.323],[8.1165,44.3406],[8.1354,44.3502],[8.1478,44.3774],[8.1691,44.4036],[8.1882,44.4081],[8.2058,44.4224],[8.211,44.4457],[8.1944,44.4695],[8.2209,44.5181],[8.2361,44.5323],[8.2498,44.5346],[8.2672,44.52],[8.3129,44.497],[8.3401,44.4895],[8.3596,44.481],[8.3714,44.4864],[8.3899,44.5068],[8.4141,44.5161],[8.438,44.5119],[8.4763,44.5181],[8.5642,44.5162],[8.5822,44.5248],[8.5972,44.5394],[8.6014,44.5493],[8.5972,44.562],[8.613,44.5875],[8.6321,44.5887],[8.7109,44.5825],[8.7246,44.5786],[8.7648,44.5297],[8.7645,44.5117],[8.7709,44.5009],[8.7935,44.5217],[8.8084,44.5295],[8.8183,44.5409],[8.8257,44.5588],[8.8447,44.562],[8.8902,44.5594],[8.904,44.5652],[8.9093,44.574],[8.9083,44.604],[8.9021,44.6177],[8.8796,44.6293],[8.878,44.64],[8.9062,44.6594],[8.9136,44.6767],[8.9231,44.6828],[8.9592,44.6826],[8.9682,44.6722],[9.0128,44.6533],[9.041,44.6322],[9.0891,44.6193],[9.1055,44.6098],[9.1071,44.5973],[9.1158,44.5894],[9.1485,44.5811],[9.1698,44.5837],[9.1993,44.5993],[9.2031,44.6138],[9.2014,44.6821],[9.2059,44.7208],[9.2022,44.7322],[9.1893,44.7462],[9.1714,44.7856],[9.1527,44.8105],[9.1406,44.8156],[9.0937,44.8181],[9.0759,44.8247],[9.0483,44.8488],[9.0553,44.8706],[9.0503,44.8834],[8.9965,44.9179],[8.9775,44.9333],[8.9701,44.9444],[8.9701,44.9675],[8.9571,44.9813],[8.9414,44.9868],[8.9119,44.9885],[8.8824,45.0005],[8.8762,45.022],[8.8811,45.047],[8.8779,45.0538],[8.8504,45.0584],[8.8335,45.0534],[8.7741,45.0276],[8.751,45.0248],[8.7131,45.0248],[8.6823,45.0313],[8.6691,45.0248],[8.6455,45.0412],[8.6321,45.061],[8.6076,45.108],[8.5733,45.1371],[8.5566,45.1648],[8.5515,45.1787],[8.559,45.1931],[8.534,45.2176],[8.5351,45.2377],[8.5193,45.2524],[8.5156,45.277],[8.5001,45.2877],[8.4999,45.2979],[8.5238,45.3226],[8.5376,45.3527],[8.5465,45.3642],[8.5722,45.3667],[8.6163,45.3595],[8.6329,45.3528],[8.6587,45.3164],[8.6712,45.309],[8.7027,45.3048],[8.7119,45.3302],[8.7241,45.3402],[8.7558,45.3542],[8.7569,45.3603],[8.735,45.3755],[8.7651,45.3907],[8.832,45.4082],[8.811,45.4276],[8.7859,45.4759],[8.7724,45.4937],[8.7482,45.5003],[8.7269,45.5123],[8.717,45.523],[8.7139,45.5393],[8.7043,45.5617],[8.7058,45.5715],[8.6962,45.5802],[8.6988,45.5984],[8.6953,45.6069],[8.6684,45.6293],[8.665,45.6394],[8.6824,45.6444],[8.677,45.6729],[8.6552,45.6771],[8.6461,45.6887],[8.651,45.7122],[8.6458,45.7207],[8.6174,45.7277],[8.5983,45.7462],[8.5761,45.776],[8.5654,45.7986],[8.5722,45.8073],[8.5931,45.8202],[8.602,45.8325],[8.598,45.8684],[8.5911,45.8872],[8.5885,45.9103],[8.5931,45.9175],[8.7207,46.012],[8.7282,46.022],[8.7342,46.0467],[8.729,46.1082],[8.7177,46.1075],[8.6951,46.0952],[8.6775,46.0958],[8.6309,46.1147],[8.6018,46.1228],[8.5387,46.1876],[8.5103,46.2079],[8.4565,46.2248],[8.4381,46.2354],[8.4272,46.2514],[8.4232,46.2758],[8.4266,46.3016],[8.4429,46.3534],[8.4463,46.3822],[8.4458,46.4124],[8.4416,46.4349],[8.4279,46.4487],[8.3992,46.4522],[8.3434,46.4439],[8.3163,46.4337],[8.295,46.418],[8.2866,46.4054],[8.297,46.3976],[8.2915,46.3784],[8.2701,46.364],[8.2418,46.3541],[8.1926,46.3092],[8.1719,46.2992],[8.1285,46.2925],[8.1069,46.2855],[8.0873,46.2718],[8.0731,46.2536],[8.1,46.2356],[8.1295,46.196],[8.1323,46.1594],[8.1106,46.127],[8.0669,46.1006],[8.0354,46.0965],[8.0182,46.0809],[8.0107,46.0297],[7.9984,46.0106],[7.9858,45.9993],[7.9691,45.9931],[7.8982,45.9819],[7.8838,45.9739],[7.8729,45.9594],[7.8702,45.9404],[7.8496,45.9397]]]},"properties":{"region":"Piemonte","name":"Piemonte"}},
{"type":"Feature","geometry":{"type":"Polygon","coordinates":[[[8.729,46.1082],[8.7342,46.0467],[8.7282,46.022],[8.7207,46.012],[8.5931,45.9175],[8.5885,45.9103],[8.5911,45.8872],[8.598,45.8684],[8.602,45.8325],[8.5931,45.8202],[8.5722,45.8073],[8.5654,45.7986],[8.5761,45.776],[8.5983,45.7462],[8.6174,45.7277],[8.6458,45.7207],[8.651,45.7122],[8.6461,45.6887],[8.6552,45.6771],[8.677,45.6729],[8.6824,45.6444],[8.665,45.6394],[8.6684,45.6293],[8.6953,45.6069],[8.6988,45.5984],[8.6962,45.5802],[8.7058,45.5715],[8.7043,45.5617],[8.7139,45.5393],[8.717,45.523],[8.7269,45.5123],[8.7482,45.5003],[8.7724,45.4937],[8.7859,45.4759],[8.811,45.4276],[8.832,45.4082],[8.7651,45.3907],[8.735,45.3755],[8.7569,45.3603],[8.7558,45.3542],[8.7241,45.3402],[8.7119,45.3302],[8.7027,45.3048],[8.6712,45.309],[8.6587,45.3164],[8.6329,45.3528],[8.6163,45.3595],[8.5722,45.3667],[8.5465,45.3642],[8.5376,45.3527],[8.5238,45.3226],[8.4999,45.2979],[8.5001,45.2877],[8.5156,45.277],[8.5193,45.2524],[8.5351,45.2377],[8.534,45.2176],[8.559,45.1931],[8.5515,45.1787],[8.5566,45.1648],[8.5733,45.1371],[8.6076,45.108],[8.6321,45.061],[8.6455,45.0412],[8.6691,45.0248],[8.6823,45.0313],[8.7131,45.0248],[8.751,45.0248],[8.7741,45.0276],[8.8335,45.0534],[8.8504,45.0584],[8.8779,45.0538],[8.8811,45.047],[8.8762,45.022],[8.8824,45.0005],[8.9119,44.9885],[8.9414,44.9868],[8.9571,44.9813],[8.9701,44.9675],[8.9701,44.9444],[8.9775,44.9333],[8.9965,44.9179],[9.0503,44.8834],[9.0553,44.8706],[9.0483,44.8488],[9.0759,44.8247],[9.0937,44.8181],[9.1406,44.8156],[9.1527,44.8105],[9.1714,44.7856],[9.1893,44.7462],[9.2022,44.7322],[9.2059,44.7208],[9.2014,44.6821],[9.2327,44.6788],[9.2421,44.683],[9.2449,44.7083],[9.2514,44.7157],[9.2621,44.7018],[9.2749,44.6961],[9.3091,44.6957],[9.3195,44.7036],[9.3226,44.7162],[9.3059,44.7588],[9.3176,44.7795],[9.3408,44.8057],[9.3552,44.8265],[9.3585,44.8522],[9.351,44.8695],[9.313,44.8842],[9.3026,44.8962],[9.3065,44.9249],[9.3198,44.9418],[9.3831,45.045],[9.4142,45.0812],[9.425,45.1012],[9.4704,45.1012],[9.4919,45.1036],[9.5119,45.1012],[9.5321,45.0883],[9.5419,45.086],[9.5461,45.0975],[9.5389,45.1242],[9.5527,45.1348],[9.5734,45.1148],[9.5904,45.1126],[9.6145,45.1255],[9.6404,45.1261],[9.6348,45.1114],[9.6369,45.0939],[9.6814,45.0753],[9.7223,45.0723],[9.7525,45.082],[9.7522,45.108],[9.7645,45.1148],[9.7751,45.1015],[9.8118,45.0847],[9.8244,45.0687],[9.8402,45.0738],[9.8302,45.0963],[9.8388,45.0986],[9.8808,45.0916],[9.8959,45.0919],[9.8996,45.0992],[9.885,45.1179],[9.8829,45.1341],[9.9039,45.1385],[9.9231,45.1301],[9.916,45.108],[9.9866,45.1287],[10.0215,45.1101],[10.0463,45.0658],[10.0719,45.0375],[10.1049,45.0352],[10.1429,45.0433],[10.1835,45.0466],[10.2237,45.0382],[10.3269,44.9913],[10.3504,44.984],[10.3992,44.9913],[10.414,44.9848],[10.4301,44.9514],[10.4436,44.9367],[10.4778,44.9233],[10.5214,44.9162],[10.5655,44.9157],[10.6012,44.9224],[10.6327,44.9395],[10.6634,44.9653],[10.6803,44.9871],[10.6925,44.9904],[10.7097,44.986],[10.7372,44.986],[10.7543,44.9765],[10.7634,44.9649],[10.7586,44.9482],[10.7645,44.9436],[10.8596,44.927],[10.8889,44.9135],[10.9208,44.9214],[10.9448,44.9308],[10.9748,44.9359],[10.9994,44.9534],[11.0831,44.9619],[11.0905,44.9615],[11.1447,44.9457],[11.1634,44.9315],[11.1852,44.9324],[11.257,44.9473],[11.275,44.9425],[11.2868,44.9462],[11.303,44.9601],[11.3709,44.9581],[11.4215,44.9499],[11.419,44.9669],[11.3889,44.9736],[11.3051,45.013],[11.2727,45.0338],[11.2728,45.0596],[11.2131,45.0592],[11.1957,45.0634],[11.1909,45.0875],[11.1959,45.0963],[11.2103,45.1043],[11.2041,45.1124],[11.1735,45.1191],[11.1549,45.1193],[11.1382,45.1129],[11.1094,45.1107],[11.0908,45.0993],[11.0773,45.0995],[11.0525,45.1166],[11.048,45.1298],[11.054,45.1472],[11.0443,45.1539],[11.0128,45.152],[10.9989,45.1623],[11.0053,45.18],[10.9931,45.1939],[10.9796,45.2004],[10.9459,45.2097],[10.8486,45.2631],[10.8357,45.2809],[10.8044,45.3028],[10.7868,45.309],[10.767,45.2953],[10.7569,45.2945],[10.7402,45.316],[10.7186,45.3156],[10.6975,45.3203],[10.7064,45.3295],[10.7069,45.3537],[10.7179,45.3674],[10.7052,45.3738],[10.7024,45.4228],[10.6874,45.4238],[10.6618,45.419],[10.65,45.4301],[10.643,45.448],[10.6497,45.4606],[10.6504,45.498],[10.6405,45.563],[10.6442,45.6096],[10.7456,45.7174],[10.7606,45.7297],[10.7829,45.7563],[10.8025,45.7889],[10.8449,45.8341],[10.8124,45.845],[10.7674,45.8416],[10.7286,45.8488],[10.7035,45.8443],[10.6874,45.8453],[10.6772,45.8392],[10.6725,45.8204],[10.6653,45.8115],[10.6452,45.8079],[10.621,45.8088],[10.5983,45.7973],[10.5792,45.7947],[10.5609,45.8004],[10.5562,45.8072],[10.559,45.8244],[10.5325,45.8322],[10.5229,45.8413],[10.5072,45.8775],[10.5077,45.8884],[10.5195,45.9167],[10.5078,45.9327],[10.5012,45.9609],[10.4956,45.9693],[10.466,45.9763],[10.4591,45.985],[10.4686,46.0118],[10.4908,46.0269],[10.5058,46.0664],[10.5152,46.082],[10.552,46.1067],[10.5586,46.118],[10.5641,46.1566],[10.564,46.182],[10.5673,46.1935],[10.5902,46.2334],[10.5881,46.2508],[10.5802,46.2724],[10.5777,46.3127],[10.567,46.3221],[10.5279,46.3426],[10.5344,46.3533],[10.5634,46.3674],[10.5867,46.3664],[10.6189,46.3754],[10.6359,46.3908],[10.6387,46.4111],[10.6247,46.4545],[10.6168,46.4601],[10.5693,46.4809],[10.5413,46.4895],[10.4939,46.4945],[10.4824,46.5015],[10.468,46.5187],[10.4576,46.5426],[10.4518,46.5467],[10.444,46.5377],[10.4259,46.5353],[10.3543,46.5483],[10.3195,46.546],[10.2954,46.5511],[10.2759,46.5655],[10.2347,46.5753],[10.2303,46.5862],[10.2357,46.6067],[10.2338,46.618],[10.2179,46.627],[10.1921,46.6268],[10.0975,46.608],[10.0878,46.6044],[10.0712,46.5644],[10.0328,46.533],[10.0312,46.5038],[10.0269,46.4932],[10.0305,46.4767],[10.044,46.467],[10.0263,46.4463],[10.0421,46.4327],[10.0714,46.4248],[10.1162,46.4188],[10.1334,46.414],[10.1408,46.4029],[10.1332,46.3811],[10.105,46.3614],[10.0975,46.3516],[10.0918,46.329],[10.1049,46.3094],[10.1461,46.2803],[10.1589,46.2624],[10.1458,46.2433],[10.1179,46.2311],[10.0757,46.22],[10.0427,46.2205],[10.0418,46.2431],[10.0317,46.2601],[9.9922,46.2844],[9.9776,46.2981],[9.9711,46.32],[9.9706,46.3398],[9.964,46.3561],[9.939,46.3675],[9.899,46.3722],[9.8554,46.367],[9.7888,46.3433],[9.7681,46.3386],[9.7552,46.3405],[9.7309,46.3507],[9.7201,46.3509],[9.7093,46.3424],[9.7084,46.3117],[9.6931,46.2971],[9.6743,46.2918],[9.5597,46.2927],[9.5365,46.2986],[9.5153,46.3086],[9.5026,46.3207],[9.4826,46.3568],[9.4516,46.3704],[9.4424,46.3809],[9.4438,46.3961],[9.4379,46.492],[9.4346,46.4983],[9.4107,46.4889],[9.3955,46.4694],[9.3771,46.4687],[9.3516,46.4855],[9.3508,46.4979],[9.331,46.5015],[9.2823,46.4974],[9.2632,46.4851],[9.2458,46.461],[9.238,46.4365],[9.2476,46.423],[9.2609,46.4167],[9.2604,46.3797],[9.2738,46.3443],[9.2752,46.3314],[9.269,46.3094],[9.2397,46.267],[9.2248,46.2312],[9.2042,46.2136],[9.1813,46.2041],[9.1632,46.1723],[9.0906,46.1382],[9.0721,46.1189],[9.0682,46.106],[9.0703,46.0834],[9.0592,46.0618],[9.0277,46.0531],[9.0021,46.0393],[8.9978,46.0279],[9.0156,45.9931],[8.9827,45.972],[8.9827,45.9618],[8.9934,45.9543],[9.0017,45.9361],[9.0108,45.9267],[9.0517,45.9155],[9.0631,45.899],[9.0593,45.882],[9.0344,45.8481],[9.0024,45.8207],[8.9724,45.8246],[8.9396,45.8348],[8.9,45.8264],[8.9138,45.8661],[8.9121,45.8834],[8.8981,45.9096],[8.871,45.9471],[8.8577,45.9571],[8.8004,45.9785],[8.7679,45.9831],[8.791,46.0187],[8.8196,46.0429],[8.8344,46.0664],[8.809,46.0897],[8.7939,46.0934],[8.7471,46.0944],[8.729,46.1082]]]},"properties":{"region":"Lombardia","name":"Lombardia"}},
{"type":"Feature","geometry":{"type":"Polygon","coordinates":[[[10.4518,46.5467],[10.4576,46.5426],[10.468,46.5187],[10.4824,46.5015],[10.4939,46.4945],[10.5413,46.4895],[10.5693,46.4809],[10.6168,46.4601],[10.6247,46.4545],[10.6387,46.4111],[10.6359,46.3908],[10.6189,46.3754],[10.5867,46.3664],[10.5634,46.3674],[10.5344,46.3533],[10.5279,46.3426],[10.567,46.3221],[10.5777,46.3127],[10.5802,46.2724],[10.5881,46.2508],[10.5902,46.2334],[10.5673,46.1935],[10.564,46.182],[10.5641,46.1566],[10.5586,46.118],[10.552,46.1067],[10.5152,46.082],[10.5058,46.0664],[10.4908,46.0269],[10.4686,46.0118],[10.4591,45.985],[10.466,45.9763],[10.4956,45.9693],[10.5012,45.9609],[10.5078,45.9327],[10.5195,45.9167],[10.5077,45.8884],[10.5072,45.8775],[10.5229,45.8413],[10.5325,45.8322],[10.559,45.8244],[10.5562,45.8072],[10.5609,45.8004],[10.5792,45.7947],[10.5983,45.7973],[10.621,45.8088],[10.6452,45.8079],[10.6653,45.8115],[10.6725,45.8204],[10.6772,45.8392],[10.6874,45.8453],[10.7035,45.8443],[10.7286,45.8488],[10.7674,45.8416],[10.8124,45.845],[10.8449,45.8341],[10.8846,45.8169],[10.8939,45.8061],[10.9002,45.7841],[10.8787,45.7614],[10.8703,45.7221],[10.9027,45.7083],[10.9169,45.6925],[10.9318,45.6819],[10.9418,45.6825],[10.9624,45.6951],[10.9791,45.6918],[10.9935,45.699],[11.0067,45.7129],[11.0171,45.7151],[11.043,45.7109],[11.0636,45.7126],[11.113,45.7003],[11.1307,45.6996],[11.1479,45.7105],[11.1849,45.7547],[11.1825,45.7784],[11.1994,45.7883],[11.2005,45.8109],[11.2581,45.8839],[11.2787,45.919],[11.3147,45.9394],[11.3233,45.9385],[11.3414,45.9244],[11.359,45.9229],[11.383,45.9448],[11.3798,45.9676],[11.3926,45.9811],[11.4406,45.9876],[11.495,46.0124],[11.541,46.016],[11.5642,46.0141],[11.5788,46.0062],[11.5993,45.9794],[11.6136,45.9756],[11.6538,45.9754],[11.6848,45.9843],[11.6808,46.0045],[11.6845,46.0303],[11.6912,46.0426],[11.7047,46.0534],[11.699,46.0871],[11.7121,46.1011],[11.7441,46.1053],[11.7998,46.1057],[11.8206,46.109],[11.8405,46.1181],[11.8965,46.1327],[11.932,46.1688],[11.9449,46.1774],[11.9673,46.1851],[11.9694,46.1963],[11.9326,46.2127],[11.9204,46.2228],[11.9274,46.2506],[11.9039,46.2615],[11.8876,46.2727],[11.8535,46.2737],[11.8487,46.2825],[11.8499,46.3045],[11.8408,46.3161],[11.8039,46.3453],[11.798,46.3596],[11.8029,46.3662],[11.8265,46.3771],[11.8429,46.3783],[11.8504,46.3845],[11.8558,46.4145],[11.8667,46.4324],[11.8878,46.4438],[11.8957,46.4548],[11.8882,46.4674],[11.8709,46.4744],[11.8432,46.4785],[11.8342,46.4838],[11.8322,46.504],[11.8519,46.5142],[12.0059,46.5355],[12.022,46.5394],[12.0338,46.5547],[12.0416,46.5752],[12.0548,46.5868],[12.0712,46.6131],[12.0803,46.6499],[12.0897,46.6668],[12.0991,46.6678],[12.1386,46.6443],[12.1779,46.6348],[12.2002,46.6094],[12.2042,46.5984],[12.214,46.5961],[12.2531,46.6109],[12.3024,46.6146],[12.3333,46.626],[12.3477,46.6287],[12.365,46.6209],[12.3825,46.6181],[12.3924,46.6218],[12.3992,46.6397],[12.4238,46.6494],[12.4446,46.6654],[12.4696,46.6758],[12.4456,46.6787],[12.405,46.6901],[12.3704,46.7112],[12.3515,46.7432],[12.3427,46.7651],[12.326,46.7725],[12.2844,46.78],[12.2691,46.7886],[12.2669,46.8083],[12.2761,46.834],[12.2758,46.8463],[12.2666,46.8681],[12.2508,46.8756],[12.2087,46.8766],[12.1951,46.8801],[12.1722,46.8992],[12.1269,46.9089],[12.1416,46.9188],[12.1417,46.928],[12.1282,46.9486],[12.1178,46.9831],[12.1112,46.993],[12.1217,47.0105],[12.1823,47.0336],[12.2036,47.0533],[12.2042,47.0797],[12.1806,47.0852],[12.1162,47.0766],[12.015,47.0405],[11.9436,47.0382],[11.8995,47.0277],[11.857,47.012],[11.8225,46.9933],[11.7771,46.9883],[11.7464,46.9725],[11.7349,46.9706],[11.7162,46.9755],[11.6838,46.9919],[11.6497,46.993],[11.5965,47.0004],[11.5727,46.9989],[11.5338,46.9895],[11.5153,46.9895],[11.4894,47.0042],[11.4718,47.0071],[11.4529,47.0009],[11.4452,46.993],[11.4112,46.9705],[11.3806,46.9716],[11.3495,46.9819],[11.3138,46.9873],[11.2437,46.9793],[11.1745,46.9639],[11.1566,46.9565],[11.0919,46.9124],[11.0836,46.9001],[11.0731,46.865],[11.0543,46.8341],[11.0546,46.8199],[11.0485,46.8117],[11.0333,46.8056],[11.0109,46.7792],[10.9969,46.7691],[10.9309,46.774],[10.8803,46.7646],[10.8602,46.767],[10.8431,46.777],[10.8239,46.7804],[10.7951,46.7769],[10.7548,46.7908],[10.7229,46.7864],[10.7169,46.7952],[10.7438,46.8125],[10.7487,46.8194],[10.739,46.8295],[10.6625,46.861],[10.6294,46.8624],[10.5277,46.8432],[10.4863,46.8464],[10.4538,46.8644],[10.4485,46.8322],[10.439,46.8169],[10.4172,46.7989],[10.4191,46.784],[10.4287,46.7556],[10.4166,46.743],[10.3997,46.7355],[10.3956,46.7264],[10.3944,46.7008],[10.3739,46.6819],[10.3692,46.6724],[10.3775,46.6533],[10.3956,46.6388],[10.4382,46.6357],[10.4591,46.6236],[10.4666,46.6043],[10.4659,46.5785],[10.4579,46.5537],[10.4518,46.5467]]]},"properties":{"region":"Trentino-Alto Adige","name":"Trentino-Alto Adige"}},
{"type":"Feature","geometry":{"type":"Polygon","coordinates":[[[7.6879,44.0908],[7.6919,44.0846],[7.6899,44.0673],[7.6788,44.0566],[7.6534,44.0397],[7.6387,44.0051],[7.6309,43.9935],[7.6086,43.9756],[7.5569,43.9441],[7.5368,43.9208],[7.4935,43.8862],[7.4779,43.8655],[7.4827,43.8402],[7.5023,43.7922],[7.5311,43.7845],[7.5441,43.7845],[7.572,43.7913],[7.695,43.7912],[7.7366,43.7982],[7.7858,43.822],[7.9597,43.8529],[8.0314,43.8875],[8.0677,43.8967],[8.0755,43.9097],[8.0892,43.9199],[8.1152,43.9277],[8.1447,43.9526],[8.168,43.9565],[8.168,43.9626],[8.1527,43.9832],[8.1691,44.0067],[8.2163,44.0452],[8.23,44.0725],[8.2332,44.1036],[8.2565,44.1284],[8.2847,44.1483],[8.3135,44.1605],[8.3694,44.1735],[8.3945,44.1824],[8.4082,44.1935],[8.4065,44.215],[8.4119,44.227],[8.4354,44.2404],[8.4395,44.2532],[8.4497,44.2644],[8.4445,44.2839],[8.4661,44.3043],[8.5403,44.34],[8.5648,44.3572],[8.5938,44.3627],[8.6551,44.3947],[8.6786,44.3947],[8.7248,44.424],[8.7624,44.4321],[8.827,44.4285],[8.8454,44.4135],[8.8684,44.4097],[8.9146,44.4089],[8.9237,44.4116],[8.9529,44.3998],[9.0012,44.3873],[9.1021,44.374],[9.1301,44.3633],[9.1486,44.34],[9.1467,44.3286],[9.1651,44.3183],[9.2107,44.3053],[9.2137,44.3334],[9.2306,44.3537],[9.2627,44.3364],[9.3677,44.2944],[9.3745,44.2718],[9.4224,44.2568],[9.4368,44.2395],[9.4539,44.2377],[9.4844,44.2438],[9.4898,44.2309],[9.5112,44.2152],[9.5565,44.2001],[9.573,44.1916],[9.5862,44.1777],[9.6211,44.1483],[9.6432,44.1423],[9.6725,44.1408],[9.7097,44.1177],[9.7209,44.1135],[9.7718,44.0794],[9.8198,44.0634],[9.8323,44.0423],[9.8464,44.0463],[9.8333,44.0521],[9.8475,44.0725],[9.8306,44.0788],[9.8196,44.093],[9.8333,44.0998],[9.8264,44.1072],[9.8447,44.1086],[9.8768,44.0878],[9.888,44.093],[9.9043,44.0799],[9.9627,44.0447],[9.9807,44.0499],[9.9885,44.0598],[10.0285,44.0493],[10.0363,44.0664],[10.0569,44.0944],[10.0454,44.105],[10.0268,44.1143],[10.0095,44.1175],[9.9945,44.1152],[9.9816,44.1312],[9.9815,44.1501],[9.9753,44.1567],[9.9541,44.1643],[9.9008,44.165],[9.897,44.1689],[9.9083,44.1913],[9.9022,44.1999],[9.8805,44.2026],[9.8657,44.1856],[9.8589,44.1883],[9.8594,44.2099],[9.8536,44.2287],[9.8521,44.2526],[9.8378,44.2626],[9.7518,44.3056],[9.7163,44.3299],[9.6898,44.3577],[9.6736,44.3697],[9.6601,44.3962],[9.6514,44.4062],[9.5985,44.4272],[9.5562,44.4292],[9.5058,44.4278],[9.4913,44.4171],[9.4764,44.4125],[9.4404,44.4116],[9.4361,44.4199],[9.451,44.4687],[9.455,44.4749],[9.4762,44.4863],[9.4936,44.5117],[9.4952,44.5293],[9.4907,44.5549],[9.4803,44.563],[9.441,44.5734],[9.4255,44.5818],[9.4142,44.5941],[9.4033,44.5959],[9.3925,44.5855],[9.3782,44.5818],[9.3518,44.5831],[9.3018,44.606],[9.2823,44.6101],[9.2638,44.6041],[9.2536,44.606],[9.2376,44.6181],[9.2251,44.6203],[9.2031,44.6138],[9.1993,44.5993],[9.1698,44.5837],[9.1485,44.5811],[9.1158,44.5894],[9.1071,44.5973],[9.1055,44.6098],[9.0891,44.6193],[9.041,44.6322],[9.0128,44.6533],[8.9682,44.6722],[8.9592,44.6826],[8.9231,44.6828],[8.9136,44.6767],[8.9062,44.6594],[8.878,44.64],[8.8796,44.6293],[8.9021,44.6177],[8.9083,44.604],[8.9093,44.574],[8.904,44.5652],[8.8902,44.5594],[8.8447,44.562],[8.8257,44.5588],[8.8183,44.5409],[8.8084,44.5295],[8.7935,44.5217],[8.7709,44.5009],[8.7645,44.5117],[8.7648,44.5297],[8.7246,44.5786],[8.7109,44.5825],[8.6321,44.5887],[8.613,44.5875],[8.5972,44.562],[8.6014,44.5493],[8.5972,44.5394],[8.5822,44.5248],[8.5642,44.5162],[8.4763,44.5181],[8.438,44.5119],[8.4141,44.5161],[8.3899,44.5068],[8.3714,44.4864],[8.3596,44.481],[8.3401,44.4895],[8.3129,44.497],[8.2672,44.52],[8.2498,44.5346],[8.2361,44.5323],[8.2209,44.5181],[8.1944,44.4695],[8.211,44.4457],[8.2058,44.4224],[8.1882,44.4081],[8.1691,44.4036],[8.1478,44.3774],[8.1354,44.3502],[8.1165,44.3406],[8.0968,44.323],[8.0716,44.3115],[8.0781,44.2875],[8.0699,44.2565],[8.0723,44.237],[8.0695,44.2257],[8.0791,44.21],[8.0775,44.1858],[8.0575,44.1637],[8.0403,44.1579],[8.0066,44.1645],[7.9865,44.1524],[7.9818,44.1419],[7.9981,44.1317],[8.0003,44.1161],[7.9876,44.1129],[7.9185,44.1192],[7.8996,44.1234],[7.8344,44.1254],[7.8074,44.129],[7.774,44.1425],[7.7575,44.1438],[7.74,44.1337],[7.729,44.1148],[7.738,44.0994],[7.7093,44.0915],[7.6879,44.0908]]]},"properties":{"region":"Liguria","name":"Liguria"}},
{"type":"Feature","geometry":{"type":"Polygon","coordinates":[[[12.4211,43.8952],[12.3996,43.9032],[12.3856,43.9245],[12.3957,43.9484],[12.4214,43.9672],[12.4533,43.9791],[12.4822,43.9826],[12.4892,43.9731],[12.4924,43.9564],[12.4903,43.9392],[12.4831,43.9292],[12.5374,43.907],[12.5477,43.8986],[12.5508,43.8779],[12.5592,43.875],[12.5716,43.8902],[12.5832,43.8962],[12.5914,43.8933],[12.6078,43.8729],[12.6159,43.8533],[12.6331,43.8425],[12.6685,43.8425],[12.6799,43.845],[12.6936,43.863],[12.7214,43.8746],[12.7308,43.882],[12.7425,43.9051],[12.7366,43.9225],[12.7392,43.9387],[12.7538,43.9724],[12.7103,43.9829],[12.6916,43.9906],[12.6609,44.0083],[12.6314,44.0301],[12.5742,44.0856],[12.5474,44.0935],[12.5109,44.1146],[12.4788,44.1394],[12.458,44.1664],[12.4172,44.1955],[12.39,44.2227],[12.3688,44.2507],[12.3503,44.2882],[12.3442,44.3083],[12.3421,44.3295],[12.3255,44.3478],[12.3182,44.3612],[12.3142,44.3872],[12.2837,44.4876],[12.28,44.5319],[12.2858,44.6027],[12.2835,44.6138],[12.2659,44.6362],[12.2527,44.6684],[12.2466,44.7116],[12.2536,44.7513],[12.28,44.8205],[12.2664,44.8205],[12.2664,44.8266],[12.2923,44.8432],[12.303,44.8429],[12.3211,44.8335],[12.3757,44.7922],[12.3934,44.7935],[12.3633,44.8093],[12.3452,44.8238],[12.3435,44.8401],[12.3271,44.853],[12.2934,44.8648],[12.2886,44.8791],[12.2845,44.9087],[12.2948,44.9274],[12.2876,44.9354],[12.272,44.9364],[12.2455,44.9325],[12.2233,44.9261],[12.1699,44.9372],[12.1564,44.9332],[12.1351,44.9368],[12.1253,44.9436],[12.1157,44.959],[12.0872,44.9705],[11.9907,44.9839],[11.9682,44.9849],[11.9305,44.9785],[11.8696,44.9854],[11.8215,44.9776],[11.7973,44.9776],[11.7837,44.964],[11.7564,44.9612],[11.7389,44.9497],[11.7357,44.9385],[11.7183,44.9319],[11.6775,44.9224],[11.6403,44.8983],[11.6223,44.8951],[11.6063,44.8988],[11.5534,44.9292],[11.5249,44.94],[11.4885,44.9435],[11.4499,44.9375],[11.4319,44.9377],[11.4215,44.9499],[11.3709,44.9581],[11.303,44.9601],[11.2868,44.9462],[11.275,44.9425],[11.257,44.9473],[11.1852,44.9324],[11.1634,44.9315],[11.1447,44.9457],[11.0905,44.9615],[11.0831,44.9619],[10.9994,44.9534],[10.9748,44.9359],[10.9448,44.9308],[10.9208,44.9214],[10.8889,44.9135],[10.8596,44.927],[10.7645,44.9436],[10.7586,44.9482],[10.7634,44.9649],[10.7543,44.9765],[10.7372,44.986],[10.7097,44.986],[10.6925,44.9904],[10.6803,44.9871],[10.6634,44.9653],[10.6327,44.9395],[10.6012,44.9224],[10.5655,44.9157],[10.5214,44.9162],[10.4778,44.9233],[10.4436,44.9367],[10.4301,44.9514],[10.414,44.9848],[10.3992,44.9913],[10.3504,44.984],[10.3269,44.9913],[10.2237,45.0382],[10.1835,45.0466],[10.1429,45.0433],[10.1049,45.0352],[10.0719,45.0375],[10.0463,45.0658],[10.0215,45.1101],[9.9866,45.1287],[9.916,45.108],[9.9231,45.1301],[9.9039,45.1385],[9.8829,45.1341],[9.885,45.1179],[9.8996,45.0992],[9.8959,45.0919],[9.8808,45.0916],[9.8388,45.0986],[9.8302,45.0963],[9.8402,45.0738],[9.8244,45.0687],[9.8118,45.0847],[9.7751,45.1015],[9.7645,45.1148],[9.7522,45.108],[9.7525,45.082],[9.7223,45.0723],[9.6814,45.0753],[9.6369,45.0939],[9.6348,45.1114],[9.6404,45.1261],[9.6145,45.1255],[9.5904,45.1126],[9.5734,45.1148],[9.5527,45.1348],[9.5389,45.1242],[9.5461,45.0975],[9.5419,45.086],[9.5321,45.0883],[9.5119,45.1012],[9.4919,45.1036],[9.4704,45.1012],[9.425,45.1012],[9.4142,45.0812],[9.3831,45.045],[9.3198,44.9418],[9.3065,44.9249],[9.3026,44.8962],[9.313,44.8842],[9.351,44.8695],[9.3585,44.8522],[9.3552,44.8265],[9.3408,44.8057],[9.3176,44.7795],[9.3059,44.7588],[9.3226,44.7162],[9.3195,44.7036],[9.3091,44.6957],[9.2749,44.6961],[9.2621,44.7018],[9.2514,44.7157],[9.2449,44.7083],[9.2421,44.683],[9.2327,44.6788],[9.2014,44.6821],[9.2031,44.6138],[9.2251,44.6203],[9.2376,44.6181],[9.2536,44.606],[9.2638,44.6041],[9.2823,44.6101],[9.3018,44.606],[9.3518,44.5831],[9.3782,44.5818],[9.3925,44.5855],[9.4033,44.5959],[9.4142,44.5941],[9.4255,44.5818],[9.441,44.5734],[9.4803,44.563],[9.4907,44.5549],[9.4952,44.5293],[9.4936,44.5117],[9.4762,44.4863],[9.455,44.4749],[9.451,44.4687],[9.4361,44.4199],[9.4404,44.4116],[9.4764,44.4125],[9.4913,44.4171],[9.5058,44.4278],[9.5562,44.4292],[9.5985,44.4272],[9.6514,44.4062],[9.6601,44.3962],[9.6736,44.3697],[9.6898,44.3577],[9.6915,44.3728],[9.7436,44.3857],[9.7538,44.3921],[9.7621,44.4094],[9.8356,44.4763],[9.8663,44.483],[9.8966,44.4795],[9.9356,44.4704],[9.9899,44.448],[9.9982,44.4409],[10.0001,44.4256],[9.9869,44.4194],[9.9913,44.4066],[10.0522,44.3692],[10.0726,44.3521],[10.0855,44.349],[10.1218,44.3482],[10.1692,44.3264],[10.1994,44.3183],[10.2147,44.2964],[10.2293,44.2815],[10.249,44.2699],[10.2636,44.2721],[10.2878,44.2824],[10.351,44.2749],[10.3713,44.2635],[10.4002,44.2359],[10.4165,44.2314],[10.4712,44.2246],[10.4839,44.1868],[10.5223,44.1555],[10.5704,44.1256],[10.5822,44.1232],[10.6105,44.1257],[10.63,44.1492],[10.6498,44.1578],[10.7074,44.162],[10.734,44.1547],[10.8013,44.1176],[10.8346,44.1082],[10.8556,44.0946],[10.8767,44.0885],[10.89,44.0786],[10.9232,44.068],[10.9619,44.1022],[10.9853,44.1259],[10.9907,44.14],[11.0097,44.1398],[11.0173,44.1335],[11.0013,44.1127],[11.0079,44.1041],[11.0415,44.0918],[11.1976,44.105],[11.2294,44.1027],[11.246,44.1069],[11.2551,44.119],[11.2064,44.1361],[11.1964,44.1505],[11.2036,44.1588],[11.2812,44.1683],[11.2911,44.1708],[11.342,44.2087],[11.3757,44.2117],[11.392,44.2324],[11.4025,44.2349],[11.4319,44.2271],[11.4494,44.2044],[11.496,44.1665],[11.5173,44.1621],[11.5511,44.1627],[11.5718,44.1737],[11.5883,44.1706],[11.6041,44.1625],[11.6108,44.1523],[11.5902,44.1354],[11.5882,44.1288],[11.6034,44.1233],[11.6343,44.1178],[11.6538,44.1189],[11.6921,44.1306],[11.7317,44.1327],[11.7457,44.1301],[11.7472,44.1216],[11.7306,44.0957],[11.7202,44.0702],[11.7033,44.0532],[11.6952,44.0384],[11.6774,44.023],[11.6556,44.0209],[11.6512,44.0127],[11.6507,43.9909],[11.66,43.9805],[11.6831,43.9656],[11.6872,43.9575],[11.6879,43.9346],[11.7014,43.9295],[11.7086,43.9196],[11.7089,43.8848],[11.7326,43.8686],[11.7849,43.8475],[11.8093,43.8264],[11.8296,43.8208],[11.8755,43.8174],[11.9188,43.8035],[11.9357,43.7954],[11.9686,43.7731],[12.0678,43.7543],[12.0802,43.7542],[12.1253,43.7642],[12.151,43.7595],[12.1753,43.7446],[12.1966,43.7478],[12.2067,43.7589],[12.2236,43.7644],[12.2449,43.7615],[12.2681,43.7714],[12.2858,43.7689],[12.2896,43.7821],[12.285,43.7947],[12.3216,43.8137],[12.335,43.8279],[12.3457,43.847],[12.3515,43.87],[12.3914,43.8833],[12.405,43.8738],[12.4202,43.8782],[12.4211,43.8952]],[[12.1993,43.7805],[12.1822,43.7888],[12.1708,43.8046],[12.1776,43.8217],[12.1843,43.8184],[12.2267,43.8144],[12.2382,43.8088],[12.2394,43.7995],[12.2267,43.796],[12.1993,43.7805]]]},"properties":{"region":"Emilia-Romagna","name":"Emilia-Romagna"}},
{"type":"Feature","geometry":{"type":"Polygon","coordinates":[[[12.2858,43.7689],[12.3055,43.7586],[12.3576,43.7226],[12.3544,43.7111],[12.3341,43.6891],[12.3248,43.6834],[12.3136,43.6922],[12.3099,43.7241],[12.297,43.724],[12.285,43.6975],[12.2777,43.6897],[12.2499,43.6824],[12.2268,43.6653],[12.1958,43.6534],[12.1935,43.6442],[12.2048,43.6168],[12.213,43.609],[12.2363,43.608],[12.2604,43.6022],[12.286,43.5916],[12.2971,43.5957],[12.3108,43.6093],[12.3508,43.6201],[12.3604,43.6105],[12.3536,43.5969],[12.3573,43.584],[12.3478,43.5683],[12.3345,43.5651],[12.3097,43.5667],[12.3066,43.5548],[12.3199,43.5462],[12.3819,43.5246],[12.4033,43.5241],[12.4317,43.5384],[12.4883,43.522],[12.5105,43.5125],[12.6047,43.4303],[12.614,43.4292],[12.6348,43.443],[12.6447,43.4439],[12.6911,43.4343],[12.7127,43.4539],[12.7321,43.4609],[12.7582,43.4612],[12.7585,43.4445],[12.7532,43.4068],[12.7465,43.3788],[12.7541,43.3651],[12.7889,43.3241],[12.7959,43.2992],[12.7957,43.2785],[12.8017,43.2692],[12.8509,43.2087],[12.8568,43.1756],[12.8498,43.1617],[12.8354,43.1494],[12.8374,43.1325],[12.8602,43.1254],[12.8752,43.1158],[12.8953,43.0874],[12.891,43.0527],[12.898,43.0231],[12.8958,43.0072],[12.9042,42.9912],[12.9048,42.9787],[12.9131,42.9634],[12.936,42.9428],[12.9668,42.9238],[12.9689,42.8955],[12.9721,42.8887],[12.9864,42.8896],[12.992,42.8966],[12.9864,42.913],[12.9949,42.9172],[13.0488,42.9178],[13.0696,42.9005],[13.0908,42.8885],[13.1372,42.8495],[13.1504,42.8236],[13.1667,42.8245],[13.2243,42.8477],[13.2341,42.8438],[13.2471,42.8265],[13.2563,42.8025],[13.2489,42.7678],[13.2384,42.7616],[13.2192,42.7583],[13.2035,42.7598],[13.1945,42.7491],[13.1945,42.7346],[13.2423,42.7356],[13.2679,42.7446],[13.2825,42.7395],[13.3117,42.7193],[13.3376,42.6877],[13.4116,42.6951],[13.4298,42.7017],[13.433,42.7153],[13.4437,42.7288],[13.478,42.7382],[13.4901,42.7441],[13.4957,42.7642],[13.511,42.781],[13.5304,42.8075],[13.5424,42.8126],[13.5652,42.8022],[13.6111,42.8116],[13.6378,42.8075],[13.665,42.8114],[13.6817,42.817],[13.696,42.8302],[13.6978,42.8431],[13.7128,42.8601],[13.7607,42.8686],[13.8171,42.8871],[13.8886,42.9001],[13.9055,42.9016],[13.8654,43.0073],[13.8486,43.0917],[13.8348,43.1273],[13.8027,43.1782],[13.7866,43.2006],[13.7803,43.2365],[13.7603,43.2637],[13.617,43.5313],[13.6245,43.5472],[13.6156,43.5605],[13.5979,43.5695],[13.5789,43.5729],[13.5692,43.5803],[13.5432,43.6132],[13.521,43.6227],[13.5161,43.6317],[13.5044,43.6328],[13.4734,43.612],[13.4466,43.6237],[13.3997,43.6356],[13.3898,43.6446],[13.3701,43.6505],[13.2533,43.7032],[13.1772,43.7515],[12.9473,43.8976],[12.9289,43.9158],[12.8622,43.9354],[12.823,43.9586],[12.804,43.9669],[12.7538,43.9724],[12.7392,43.9387],[12.7366,43.9225],[12.7425,43.9051],[12.7308,43.882],[12.7214,43.8746],[12.6936,43.863],[12.6799,43.845],[12.6685,43.8425],[12.6331,43.8425],[12.6159,43.8533],[12.6078,43.8729],[12.5914,43.8933],[12.5832,43.8962],[12.5716,43.8902],[12.5592,43.875],[12.5508,43.8779],[12.5477,43.8986],[12.5374,43.907],[12.4831,43.9292],[12.4783,43.917],[12.4605,43.8953],[12.4294,43.8921],[12.4211,43.8952],[12.4202,43.8782],[12.405,43.8738],[12.3914,43.8833],[12.3515,43.87],[12.3457,43.847],[12.335,43.8279],[12.3216,43.8137],[12.285,43.7947],[12.2896,43.7821],[12.2858,43.7689]],[[12.4212,43.5897],[12.4089,43.6011],[12.4103,43.621],[12.4298,43.6315],[12.443,43.6197],[12.4448,43.6011],[12.4307,43.5897],[12.4212,43.5897]]]},"properties":{"region":"Marche","name":"Marche"}},
{"type":"Feature","geometry":{"type":"MultiPolygon","coordinates":[[[[12.4696,46.6758],[12.4446,46.6654],[12.4238,46.6494],[12.3992,46.6397],[12.3924,46.6218],[12.3825,46.6181],[12.365,46.6209],[12.3477,46.6287],[12.3333,46.626],[12.3024,46.6146],[12.2531,46.6109],[12.214,46.5961],[12.2042,46.5984],[12.2002,46.6094],[12.1779,46.6348],[12.1386,46.6443],[12.0991,46.6678],[12.0897,46.6668],[12.0803,46.6499],[12.0712,46.6131],[12.0548,46.5868],[12.0416,46.5752],[12.0338,46.5547],[12.022,46.5394],[12.0059,46.5355],[11.8519,46.5142],[11.8322,46.504],[11.8342,46.4838],[11.8432,46.4785],[11.8709,46.4744],[11.8882,46.4674],[11.8957,46.4548],[11.8878,46.4438],[11.8667,46.4324],[11.8558,46.4145],[11.8504,46.3845],[11.8429,46.3783],[11.8265,46.3771],[11.8029,46.3662],[11.798,46.3596],[11.8039,46.3453],[11.8408,46.3161],[11.8499,46.3045],[11.8487,46.2825],[11.8535,46.2737],[11.8876,46.2727],[11.9039,46.2615],[11.9274,46.2506],[11.9204,46.2228],[11.9326,46.2127],[11.9694,46.1963],[11.9673,46.1851],[11.9449,46.1774],[11.932,46.1688],[11.8965,46.1327],[11.8405,46.1181],[11.8206,46.109],[11.7998,46.1057],[11.7441,46.1053],[11.7121,46.1011],[11.699,46.0871],[11.7047,46.0534],[11.6912,46.0426],[11.6845,46.0303],[11.6808,46.0045],[11.6848,45.9843],[11.6538,45.9754],[11.6136,45.9756],[11.5993,45.9794],[11.5788,46.0062],[11.5642,46.0141],[11.541,46.016],[11.495,46.0124],[11.4406,45.9876],[11.3926,45.9811],[11.3798,45.9676],[11.383,45.9448],[11.359,45.9229],[11.3414,45.9244],[11.3233,45.9385],[11.3147,45.9394],[11.2787,45.919],[11.2581,45.8839],[11.2005,45.8109],[11.1994,45.7883],[11.1825,45.7784],[11.1849,45.7547],[11.1479,45.7105],[11.1307,45.6996],[11.113,45.7003],[11.0636,45.7126],[11.043,45.7109],[11.0171,45.7151],[11.0067,45.7129],[10.9935,45.699],[10.9791,45.6918],[10.9624,45.6951],[10.9418,45.6825],[10.9318,45.6819],[10.9169,45.6925],[10.9027,45.7083],[10.8703,45.7221],[10.8787,45.7614],[10.9002,45.7841],[10.8939,45.8061],[10.8846,45.8169],[10.8449,45.8341],[10.8025,45.7889],[10.7829,45.7563],[10.7606,45.7297],[10.7456,45.7174],[10.6442,45.6096],[10.6405,45.563],[10.6504,45.498],[10.6497,45.4606],[10.643,45.448],[10.65,45.4301],[10.6618,45.419],[10.6874,45.4238],[10.7024,45.4228],[10.7052,45.3738],[10.7179,45.3674],[10.7069,45.3537],[10.7064,45.3295],[10.6975,45.3203],[10.7186,45.3156],[10.7402,45.316],[10.7569,45.2945],[10.767,45.2953],[10.7868,45.309],[10.8044,45.3028],[10.8357,45.2809],[10.8486,45.2631],[10.9459,45.2097],[10.9796,45.2004],[10.9931,45.1939],[11.0053,45.18],[10.9989,45.1623],[11.0128,45.152],[11.0443,45.1539],[11.054,45.1472],[11.048,45.1298],[11.0525,45.1166],[11.0773,45.0995],[11.0908,45.0993],[11.1094,45.1107],[11.1382,45.1129],[11.1549,45.1193],[11.1735,45.1191],[11.2041,45.1124],[11.2103,45.1043],[11.1959,45.0963],[11.1909,45.0875],[11.1957,45.0634],[11.2131,45.0592],[11.2728,45.0596],[11.2727,45.0338],[11.3051,45.013],[11.3889,44.9736],[11.419,44.9669],[11.4215,44.9499],[11.4319,44.9377],[11.4499,44.9375],[11.4885,44.9435],[11.5249,44.94],[11.5534,44.9292],[11.6063,44.8988],[11.6223,44.8951],[11.6403,44.8983],[11.6775,44.9224],[11.7183,44.9319],[11.7357,44.9385],[11.7389,44.9497],[11.7564,44.9612],[11.7837,44.964],[11.7973,44.9776],[11.8215,44.9776],[11.8696,44.9854],[11.9305,44.9785],[11.9682,44.9849],[11.9907,44.9839],[12.0872,44.9705],[12.1157,44.959],[12.1253,44.9436],[12.1351,44.9368],[12.1564,44.9332],[12.1699,44.9372],[12.2233,44.9261],[12.2455,44.9325],[12.272,44.9364],[12.2876,44.9354],[12.2948,44.9274],[12.2845,44.9087],[12.2886,44.8791],[12.2934,44.8648],[12.3271,44.853],[12.3435,44.8401],[12.3452,44.8238],[12.3633,44.8093],[12.3934,44.7935],[12.4162,44.8033],[12.424,44.8205],[12.3967,44.8266],[12.4082,44.8362],[12.4165,44.8511],[12.3916,44.8588],[12.3921,44.8684],[12.4069,44.8913],[12.4269,44.905],[12.4383,44.9011],[12.443,44.8901],[12.4392,44.8776],[12.424,44.8546],[12.4321,44.846],[12.4446,44.8205],[12.4741,44.8458],[12.4873,44.8623],[12.4929,44.8782],[12.4949,44.9105],[12.499,44.9215],[12.5127,44.9223],[12.527,44.9433],[12.5231,44.95],[12.5339,44.97],[12.5168,44.9876],[12.4861,44.9912],[12.4861,44.9837],[12.4992,44.9837],[12.4862,44.9765],[12.4647,44.992],[12.4446,45.011],[12.4103,45.0322],[12.4134,45.0429],[12.3833,45.0563],[12.3688,45.0656],[12.3866,45.0388],[12.3836,45.0264],[12.3688,45.011],[12.3552,45.0246],[12.3762,45.0322],[12.3762,45.039],[12.3633,45.0522],[12.3408,45.0814],[12.3211,45.0936],[12.3285,45.0799],[12.3067,45.0786],[12.2967,45.0886],[12.2974,45.1064],[12.3073,45.1284],[12.3073,45.1079],[12.3285,45.101],[12.322,45.1387],[12.3211,45.1723],[12.304,45.2008],[12.298,45.2154],[12.3073,45.2307],[12.2961,45.2266],[12.259,45.2028],[12.2664,45.1966],[12.2473,45.1969],[12.2305,45.2043],[12.2214,45.2163],[12.2249,45.2307],[12.2111,45.243],[12.2249,45.2512],[12.2173,45.2939],[12.1974,45.2996],[12.2019,45.2883],[12.1917,45.2629],[12.1807,45.258],[12.1688,45.2622],[12.1598,45.2831],[12.1491,45.2922],[12.1545,45.3135],[12.1629,45.3162],[12.1875,45.3065],[12.2088,45.3091],[12.2322,45.3406],[12.2238,45.3539],[12.2453,45.3611],[12.2492,45.3855],[12.259,45.3952],[12.2461,45.4113],[12.259,45.43],[12.2527,45.4362],[12.2727,45.4636],[12.3096,45.4889],[12.3504,45.5049],[12.3831,45.5045],[12.3805,45.4948],[12.3934,45.4916],[12.424,45.4982],[12.424,45.5045],[12.3904,45.514],[12.3841,45.523],[12.3967,45.5393],[12.4036,45.5181],[12.4177,45.5236],[12.4349,45.5124],[12.4514,45.5119],[12.4419,45.5303],[12.4585,45.5483],[12.4852,45.565],[12.5066,45.5733],[12.5105,45.5591],[12.5373,45.5358],[12.5442,45.5366],[12.5817,45.5529],[12.5625,45.5316],[12.5304,45.5256],[12.5215,45.519],[12.5151,45.4927],[12.4929,45.4908],[12.4929,45.4982],[12.5066,45.4982],[12.4973,45.5067],[12.465,45.5045],[12.4787,45.4908],[12.467,45.4856],[12.4582,45.4982],[12.4514,45.4982],[12.4473,45.4843],[12.4309,45.484],[12.4358,45.4749],[12.4103,45.4362],[12.4237,45.4381],[12.4514,45.4504],[12.4878,45.4567],[12.5127,45.4704],[12.6117,45.4962],[12.7808,45.5535],[12.9439,45.6286],[12.9817,45.6348],[13.0606,45.6367],[13.085,45.6419],[13.0956,45.6523],[13.0745,45.6742],[13.0519,45.7189],[13.0289,45.7428],[13.0258,45.7595],[13.0019,45.782],[12.9974,45.8023],[12.9993,45.8255],[12.9926,45.8335],[12.9729,45.8426],[12.9518,45.8207],[12.9399,45.8193],[12.8946,45.8258],[12.8862,45.8394],[12.8701,45.8468],[12.8455,45.8386],[12.8267,45.8244],[12.8142,45.8342],[12.8133,45.8442],[12.792,45.8562],[12.7837,45.8532],[12.765,45.8363],[12.7476,45.8342],[12.7314,45.8272],[12.699,45.8036],[12.6728,45.8021],[12.6655,45.8148],[12.6342,45.8331],[12.6031,45.8262],[12.5679,45.8389],[12.5322,45.9025],[12.5223,45.9242],[12.4941,45.9337],[12.4731,45.9502],[12.4528,45.956],[12.4447,45.9662],[12.4404,45.9976],[12.4345,46.0168],[12.419,46.0507],[12.4415,46.0799],[12.4548,46.0891],[12.4793,46.0943],[12.4945,46.1018],[12.502,46.111],[12.4982,46.147],[12.4914,46.1614],[12.4607,46.1814],[12.4565,46.2064],[12.4314,46.2118],[12.4148,46.2267],[12.3828,46.2299],[12.3429,46.2577],[12.3359,46.2695],[12.3435,46.282],[12.3704,46.3063],[12.3851,46.3136],[12.4366,46.3321],[12.4653,46.3564],[12.4973,46.3973],[12.5075,46.4225],[12.5202,46.4423],[12.5512,46.4574],[12.5931,46.4637],[12.6407,46.4639],[12.6655,46.4579],[12.6723,46.4633],[12.6671,46.4806],[12.6451,46.4885],[12.6464,46.5018],[12.6637,46.5165],[12.6914,46.5273],[12.7571,46.5345],[12.7614,46.5726],[12.7546,46.5934],[12.7485,46.641],[12.732,46.6423],[12.716,46.638],[12.6974,46.6405],[12.6696,46.653],[12.6202,46.6565],[12.562,46.6512],[12.5308,46.6577],[12.4999,46.6721],[12.4696,46.6758]]],[[[12.3521,45.4055],[12.3279,45.3723],[12.3215,45.348],[12.3762,45.4226],[12.4048,45.4223],[12.4309,45.4157],[12.4075,45.4307],[12.3892,45.4335],[12.3718,45.4249],[12.3521,45.4055]]],[[[12.3298,45.4588],[12.3166,45.4431],[12.3206,45.4298],[12.3372,45.4274],[12.3621,45.4381],[12.3638,45.4497],[12.3472,45.4588],[12.3298,45.4588]]]]},"properties":{"region":"Veneto","name":"Veneto"}},
{"type":"Feature","geometry":{"type":"Polygon","coordinates":[[[12.7485,46.641],[12.7546,46.5934],[12.7614,46.5726],[12.7571,46.5345],[12.6914,46.5273],[12.6637,46.5165],[12.6464,46.5018],[12.6451,46.4885],[12.6671,46.4806],[12.6723,46.4633],[12.6655,46.4579],[12.6407,46.4639],[12.5931,46.4637],[12.5512,46.4574],[12.5202,46.4423],[12.5075,46.4225],[12.4973,46.3973],[12.4653,46.3564],[12.4366,46.3321],[12.3851,46.3136],[12.3704,46.3063],[12.3435,46.282],[12.3359,46.2695],[12.3429,46.2577],[12.3828,46.2299],[12.4148,46.2267],[12.4314,46.2118],[12.4565,46.2064],[12.4607,46.1814],[12.4914,46.1614],[12.4982,46.147],[12.502,46.111],[12.4945,46.1018],[12.4793,46.0943],[12.4548,46.0891],[12.4415,46.0799],[12.419,46.0507],[12.4345,46.0168],[12.4404,45.9976],[12.4447,45.9662],[12.4528,45.956],[12.4731,45.9502],[12.4941,45.9337],[12.5223,45.9242],[12.5322,45.9025],[12.5679,45.8389],[12.6031,45.8262],[12.6342,45.8331],[12.6655,45.8148],[12.6728,45.8021],[12.699,45.8036],[12.7314,45.8272],[12.7476,45.8342],[12.765,45.8363],[12.7837,45.8532],[12.792,45.8562],[12.8133,45.8442],[12.8142,45.8342],[12.8267,45.8244],[12.8455,45.8386],[12.8701,45.8468],[12.8862,45.8394],[12.8946,45.8258],[12.9399,45.8193],[12.9518,45.8207],[12.9729,45.8426],[12.9926,45.8335],[12.9993,45.8255],[12.9974,45.8023],[13.0019,45.782],[13.0258,45.7595],[13.0289,45.7428],[13.0519,45.7189],[13.0745,45.6742],[13.0956,45.6523],[13.103,45.669],[13.138,45.6894],[13.1497,45.7038],[13.1117,45.6914],[13.0915,45.6892],[13.075,45.6968],[13.0696,45.7137],[13.0806,45.7276],[13.1006,45.7362],[13.1229,45.7372],[13.1118,45.7488],[13.1109,45.7676],[13.1314,45.7689],[13.1398,45.7549],[13.1577,45.7546],[13.1694,45.7687],[13.2049,45.7777],[13.2219,45.7761],[13.2459,45.7589],[13.2549,45.756],[13.3518,45.7403],[13.3694,45.7446],[13.3817,45.73],[13.4226,45.7241],[13.4314,45.7069],[13.4092,45.6913],[13.3767,45.6832],[13.4017,45.6754],[13.428,45.6811],[13.4517,45.6938],[13.4692,45.7069],[13.5078,45.7144],[13.5184,45.7248],[13.5549,45.7372],[13.5283,45.7405],[13.5242,45.7601],[13.5344,45.7821],[13.5513,45.7924],[13.5742,45.7896],[13.6289,45.7726],[13.6473,45.762],[13.7262,45.7038],[13.7537,45.6723],[13.7577,45.655],[13.7393,45.6491],[13.7771,45.6354],[13.7956,45.617],[13.8081,45.6143],[13.7869,45.6112],[13.757,45.6137],[13.7302,45.6131],[13.7118,45.5932],[13.7611,45.5962],[13.8005,45.5813],[13.8478,45.5847],[13.887,45.6188],[13.8947,45.6318],[13.8692,45.6411],[13.8584,45.6494],[13.7787,45.7434],[13.7095,45.7653],[13.6603,45.792],[13.6092,45.7986],[13.5813,45.8092],[13.566,45.8303],[13.5693,45.8645],[13.6082,45.9266],[13.6228,45.9664],[13.6059,45.9854],[13.5717,45.9798],[13.5394,45.969],[13.5094,45.9674],[13.4618,46.0064],[13.4823,46.0184],[13.4928,46.0325],[13.4823,46.0448],[13.5051,46.066],[13.6164,46.125],[13.645,46.1617],[13.6374,46.1804],[13.6139,46.1835],[13.5845,46.1813],[13.559,46.1841],[13.529,46.2048],[13.5102,46.214],[13.4823,46.2179],[13.4683,46.2234],[13.4383,46.2249],[13.4228,46.2286],[13.4374,46.2109],[13.4101,46.208],[13.4016,46.2167],[13.3981,46.2305],[13.3847,46.2433],[13.3786,46.2684],[13.3653,46.2903],[13.3913,46.3016],[13.4098,46.3236],[13.4232,46.3448],[13.4341,46.3539],[13.4597,46.359],[13.4837,46.3712],[13.53,46.3883],[13.5544,46.406],[13.5757,46.4267],[13.6002,46.4426],[13.6341,46.4457],[13.6588,46.4451],[13.6775,46.4521],[13.6884,46.4678],[13.6899,46.4933],[13.7011,46.5119],[13.701,46.5197],[13.6703,46.5187],[13.5492,46.5458],[13.5068,46.5469],[13.478,46.5636],[13.417,46.5605],[13.3733,46.5658],[13.2714,46.5508],[13.2311,46.5522],[13.21,46.558],[13.1465,46.585],[13.0645,46.598],[12.8304,46.6096],[12.7736,46.6352],[12.7485,46.641]]]},"properties":{"region":"Friuli-Venezia Giulia","name":"Friuli-Venezia Giulia"}},
{"type":"Feature","geometry":{"type":"Polygon","coordinates":[[[13.3376,42.6877],[13.3383,42.6702],[13.3518,42.6566],[13.3863,42.6444],[13.3865,42.6308],[13.3689,42.586],[13.338,42.5746],[13.286,42.5722],[13.2587,42.5797],[13.2306,42.5801],[13.2061,42.5859],[13.1861,42.5869],[13.1796,42.5776],[13.1743,42.5574],[13.168,42.5514],[13.1461,42.5487],[13.1353,42.5383],[13.144,42.5258],[13.1635,42.5123],[13.1669,42.4903],[13.1647,42.4801],[13.1487,42.4649],[13.1318,42.4548],[13.1285,42.4453],[13.1324,42.4264],[13.1419,42.4153],[13.1784,42.3999],[13.1751,42.3874],[13.1594,42.3672],[13.156,42.3494],[13.1633,42.3386],[13.1998,42.3234],[13.2145,42.3072],[13.223,42.2782],[13.2303,42.2696],[13.2502,42.2567],[13.2671,42.2336],[13.2808,42.2252],[13.3,42.2216],[13.3095,42.2138],[13.317,42.1969],[13.3354,42.1918],[13.3618,42.1898],[13.3675,42.1852],[13.3546,42.1787],[13.3173,42.1727],[13.3054,42.1675],[13.3017,42.1552],[13.3071,42.1464],[13.3022,42.1376],[13.2847,42.1314],[13.2608,42.1386],[13.2471,42.1302],[13.2339,42.1291],[13.2077,42.1361],[13.1731,42.153],[13.1424,42.1587],[13.0988,42.1737],[13.0896,42.1706],[13.0733,42.1413],[13.0513,42.1255],[13.0137,42.1085],[13.012,42.099],[13.017,42.0546],[13.0284,42.0319],[13.0491,42.0232],[13.0823,42.0189],[13.0971,42.0237],[13.2801,41.9468],[13.3067,41.9461],[13.3308,41.9271],[13.3532,41.9192],[13.3702,41.9031],[13.3689,41.8948],[13.3554,41.8715],[13.3535,41.8455],[13.3571,41.8308],[13.3669,41.8277],[13.4052,41.8316],[13.5014,41.796],[13.5293,41.7708],[13.5452,41.7682],[13.5788,41.7699],[13.5992,41.778],[13.6319,41.8034],[13.6466,41.8105],[13.7148,41.7948],[13.7301,41.78],[13.7443,41.7546],[13.7736,41.7476],[13.7939,41.7535],[13.8107,41.7492],[13.843,41.7338],[13.8728,41.7307],[13.8918,41.7237],[13.9457,41.6882],[13.9646,41.6921],[13.9946,41.6869],[14.0078,41.6896],[14.0352,41.7036],[14.063,41.7288],[14.0748,41.7311],[14.0873,41.7247],[14.0988,41.7251],[14.1136,41.7371],[14.1386,41.7492],[14.1752,41.7601],[14.186,41.7705],[14.1694,41.7804],[14.1432,41.8147],[14.1423,41.8242],[14.1606,41.8418],[14.1916,41.8396],[14.2117,41.8547],[14.2276,41.8763],[14.2717,41.9039],[14.2829,41.9062],[14.2947,41.8969],[14.3188,41.8865],[14.3336,41.8691],[14.348,41.862],[14.3583,41.8627],[14.3724,41.8736],[14.4222,41.847],[14.4329,41.837],[14.4323,41.8139],[14.4501,41.7913],[14.4474,41.7707],[14.4576,41.7658],[14.4734,41.769],[14.5146,41.7861],[14.5319,41.8076],[14.5574,41.8319],[14.5766,41.8556],[14.6095,41.888],[14.6345,41.9082],[14.6484,41.9249],[14.6455,41.9412],[14.6503,41.9504],[14.6735,41.9594],[14.7443,42.013],[14.7484,42.0181],[14.7493,42.0416],[14.7634,42.065],[14.7634,42.0779],[14.7407,42.0846],[14.7295,42.0991],[14.7228,42.1188],[14.7171,42.1601],[14.7092,42.1755],[14.6937,42.1854],[14.6535,42.1911],[14.5959,42.2086],[14.5602,42.2257],[14.429,42.3217],[14.3874,42.373],[14.3562,42.393],[14.2842,42.4283],[14.2206,42.4702],[14.0754,42.5988],[14.0632,42.6248],[14.0012,42.6984],[13.9805,42.7304],[13.9447,42.7983],[13.9055,42.9016],[13.8886,42.9001],[13.8171,42.8871],[13.7607,42.8686],[13.7128,42.8601],[13.6978,42.8431],[13.696,42.8302],[13.6817,42.817],[13.665,42.8114],[13.6378,42.8075],[13.6111,42.8116],[13.5652,42.8022],[13.5424,42.8126],[13.5304,42.8075],[13.511,42.781],[13.4957,42.7642],[13.4901,42.7441],[13.478,42.7382],[13.4437,42.7288],[13.433,42.7153],[13.4298,42.7017],[13.4116,42.6951],[13.3376,42.6877]]]},"properties":{"region":"Abruzzo","name":"Abruzzo"}},
{"type":"Feature","geometry":{"type":"Polygon","coordinates":[[[14.7634,42.0779],[14.7634,42.065],[14.7493,42.0416],[14.7484,42.0181],[14.7443,42.013],[14.6735,41.9594],[14.6503,41.9504],[14.6455,41.9412],[14.6484,41.9249],[14.6345,41.9082],[14.6095,41.888],[14.5766,41.8556],[14.5574,41.8319],[14.5319,41.8076],[14.5146,41.7861],[14.4734,41.769],[14.4576,41.7658],[14.4474,41.7707],[14.4501,41.7913],[14.4323,41.8139],[14.4329,41.837],[14.4222,41.847],[14.3724,41.8736],[14.3583,41.8627],[14.348,41.862],[14.3336,41.8691],[14.3188,41.8865],[14.2947,41.8969],[14.2829,41.9062],[14.2717,41.9039],[14.2276,41.8763],[14.2117,41.8547],[14.1916,41.8396],[14.1606,41.8418],[14.1423,41.8242],[14.1432,41.8147],[14.1694,41.7804],[14.186,41.7705],[14.1752,41.7601],[14.1386,41.7492],[14.1136,41.7371],[14.0988,41.7251],[14.0873,41.7247],[14.0748,41.7311],[14.063,41.7288],[14.0352,41.7036],[14.0078,41.6896],[13.9946,41.6869],[13.9646,41.6921],[13.9457,41.6882],[13.9516,41.679],[13.9677,41.6674],[13.9795,41.6454],[13.9926,41.6283],[13.9943,41.583],[13.9983,41.5674],[14.0061,41.5628],[14.0101,41.5289],[14.0056,41.5194],[13.9809,41.5043],[13.982,41.4865],[13.9618,41.4707],[13.9846,41.461],[13.9975,41.4407],[14.0256,41.4038],[14.0393,41.3946],[14.0883,41.3887],[14.1091,41.3927],[14.1058,41.4188],[14.0833,41.4377],[14.083,41.4546],[14.0997,41.4698],[14.1209,41.4957],[14.1637,41.4907],[14.1946,41.4944],[14.2225,41.4948],[14.2665,41.4852],[14.2951,41.4694],[14.329,41.457],[14.3701,41.446],[14.4337,41.4257],[14.4619,41.4231],[14.4748,41.415],[14.4959,41.3904],[14.5259,41.3881],[14.5557,41.3894],[14.5783,41.3726],[14.6024,41.3731],[14.6662,41.4041],[14.7329,41.4055],[14.7588,41.4164],[14.7675,41.4251],[14.7757,41.4426],[14.7926,41.4434],[14.8142,41.43],[14.827,41.4257],[14.8517,41.431],[14.8812,41.4422],[14.9368,41.455],[14.9953,41.4821],[14.9462,41.5158],[14.935,41.526],[14.939,41.5631],[14.9332,41.5933],[14.9339,41.6201],[14.9534,41.6342],[14.9631,41.634],[15.008,41.6197],[15.0176,41.6197],[15.0347,41.6301],[15.0432,41.6399],[15.0713,41.6532],[15.1126,41.6856],[15.1447,41.6937],[15.1571,41.7017],[15.1521,41.7091],[15.129,41.7114],[15.1159,41.716],[15.1073,41.7275],[15.1032,41.7744],[15.1115,41.7968],[15.1061,41.8298],[15.1096,41.8407],[15.132,41.8696],[15.1435,41.9312],[15.1234,41.9343],[15.1043,41.9419],[15.0632,41.9643],[15.0345,41.9746],[15.0073,42.0014],[14.9937,42.0106],[14.952,42.0211],[14.8711,42.0318],[14.8355,42.0441],[14.7998,42.0664],[14.7801,42.0753],[14.7634,42.0779]]]},"properties":{"region":"Molise","name":"Molise"}},
{"type":"Feature","geometry":{"type":"Polygon","coordinates":[[[14.9953,41.4821],[15.0507,41.4607],[15.0724,41.4381],[15.0936,41.4302],[15.0997,41.4191],[15.1019,41.3906],[15.0856,41.3803],[15.0811,41.3708],[15.0667,41.3585],[15.0719,41.3354],[15.0915,41.3213],[15.1168,41.3157],[15.1282,41.3077],[15.1435,41.2746],[15.1672,41.2794],[15.1787,41.2891],[15.2207,41.2722],[15.2401,41.2667],[15.2521,41.2588],[15.2676,41.2379],[15.2465,41.2288],[15.2533,41.2144],[15.2476,41.2015],[15.2316,41.1909],[15.203,41.1657],[15.2002,41.1594],[15.2089,41.1494],[15.2553,41.1277],[15.2751,41.1059],[15.2876,41.1025],[15.3826,41.0975],[15.4015,41.1053],[15.4118,41.1039],[15.4554,41.0794],[15.5586,41.0551],[15.5547,41.0692],[15.5617,41.0861],[15.5832,41.1046],[15.5964,41.1094],[15.7532,41.1028],[15.7711,41.1046],[15.8495,41.1315],[15.8583,41.1368],[15.8839,41.1115],[15.9004,41.1011],[15.9308,41.0939],[15.9533,41.0854],[15.9735,41.0717],[15.9839,41.0605],[16.025,41.0247],[16.0313,41.0169],[16.0165,40.9803],[16.0006,40.9662],[15.9851,40.9645],[15.9876,40.9499],[16.0946,40.911],[16.119,40.9042],[16.1414,40.9194],[16.1649,40.9228],[16.1966,40.9114],[16.2082,40.9035],[16.2155,40.8913],[16.2275,40.8598],[16.2348,40.8471],[16.3404,40.7521],[16.3964,40.713],[16.4201,40.7033],[16.4351,40.7096],[16.4761,40.7431],[16.4978,40.7578],[16.5157,40.7575],[16.5347,40.7336],[16.5496,40.7355],[16.536,40.7518],[16.538,40.7576],[16.5512,40.7576],[16.5693,40.7493],[16.5748,40.7581],[16.5869,40.7623],[16.621,40.7585],[16.6533,40.7439],[16.6946,40.7336],[16.7157,40.7154],[16.715,40.706],[16.6983,40.7003],[16.6971,40.6943],[16.7119,40.6852],[16.7201,40.6644],[16.7107,40.6367],[16.7133,40.5967],[16.7113,40.5515],[16.716,40.5379],[16.7281,40.4846],[16.7411,40.4678],[16.7863,40.4735],[16.7973,40.4635],[16.8128,40.4363],[16.831,40.4222],[16.848,40.4015],[16.8633,40.3909],[16.9121,40.4452],[16.9761,40.4926],[17.0496,40.5191],[17.1245,40.5153],[17.1662,40.5092],[17.1818,40.4853],[17.19,40.4819],[17.2107,40.487],[17.2474,40.5028],[17.2686,40.4962],[17.2617,40.4887],[17.304,40.4995],[17.3233,40.4985],[17.3163,40.4819],[17.2957,40.4732],[17.2474,40.4803],[17.2276,40.4744],[17.2479,40.4573],[17.243,40.4414],[17.2235,40.4284],[17.2002,40.4204],[17.2129,40.4062],[17.24,40.3953],[17.2964,40.3795],[17.3512,40.3548],[17.3747,40.3486],[17.3994,40.331],[17.4404,40.331],[17.4939,40.3074],[17.5121,40.3037],[17.8477,40.29],[17.8631,40.2856],[17.9128,40.2553],[17.9128,40.2491],[17.8997,40.2491],[17.9111,40.2403],[17.917,40.2269],[17.9196,40.1907],[17.926,40.1763],[17.9407,40.163],[17.9675,40.1461],[17.9972,40.1204],[18.011,40.096],[18.0029,40.0744],[17.9675,40.0573],[17.9784,40.0517],[18.0051,40.0449],[18.0158,40.0362],[18.0221,40.0217],[18.0203,40.0102],[18.0111,40.0034],[17.9954,40.0027],[17.9954,39.9953],[18.0073,39.9861],[18.0715,39.9115],[18.0942,39.9027],[18.1306,39.8835],[18.1619,39.8605],[18.1865,39.8519],[18.2113,39.8393],[18.2656,39.8376],[18.2821,39.8332],[18.3304,39.8034],[18.3465,39.798],[18.3683,39.7966],[18.3892,39.8171],[18.3865,39.8253],[18.4001,39.8786],[18.3926,39.9161],[18.4041,39.9475],[18.4114,39.9788],[18.4341,40.0225],[18.4704,40.0434],[18.4836,40.0552],[18.4919,40.0847],[18.5081,40.0946],[18.5174,40.1142],[18.5111,40.1276],[18.5161,40.1392],[18.5,40.1525],[18.4373,40.2679],[18.3705,40.3387],[18.3438,40.3516],[18.3291,40.3667],[18.3032,40.3999],[18.2588,40.4307],[18.2383,40.4577],[18.2117,40.4647],[18.12,40.5046],[18.0374,40.557],[18.0432,40.602],[18.0392,40.6082],[18.0158,40.6252],[18.007,40.6507],[17.992,40.6531],[17.9549,40.6469],[17.9558,40.6705],[17.9219,40.683],[17.8439,40.6942],[17.7484,40.7476],[17.6453,40.7798],[17.6345,40.785],[17.5484,40.8019],[17.5122,40.8203],[17.4761,40.8301],[17.4136,40.8811],[17.3777,40.9023],[17.3479,40.9121],[17.3101,40.9548],[17.2764,40.9802],[17.2031,41.021],[17.0571,41.0819],[16.8853,41.124],[16.8644,41.1404],[16.8514,41.133],[16.8306,41.1463],[16.5939,41.207],[16.5544,41.2275],[16.5207,41.2501],[16.4603,41.2626],[16.3014,41.3279],[16.1141,41.3929],[16.0851,41.4127],[16.0217,41.4278],[15.9611,41.4595],[15.9336,41.4794],[15.9118,41.5029],[15.8963,41.5364],[15.8914,41.5769],[15.9001,41.6147],[15.9253,41.64],[16.0275,41.6799],[16.0632,41.7015],[16.0897,41.726],[16.1072,41.7376],[16.1458,41.7488],[16.1667,41.7634],[16.1929,41.7909],[16.1922,41.8214],[16.1836,41.8585],[16.176,41.8774],[16.1792,41.8933],[16.1609,41.8926],[16.1405,41.9199],[16.1109,41.928],[16.0271,41.9441],[15.7744,41.9212],[15.6113,41.928],[15.4461,41.9069],[15.4006,41.9078],[15.2817,41.928],[15.1654,41.9278],[15.1435,41.9312],[15.132,41.8696],[15.1096,41.8407],[15.1061,41.8298],[15.1115,41.7968],[15.1032,41.7744],[15.1073,41.7275],[15.1159,41.716],[15.129,41.7114],[15.1521,41.7091],[15.1571,41.7017],[15.1447,41.6937],[15.1126,41.6856],[15.0713,41.6532],[15.0432,41.6399],[15.0347,41.6301],[15.0176,41.6197],[15.008,41.6197],[14.9631,41.634],[14.9534,41.6342],[14.9339,41.6201],[14.9332,41.5933],[14.939,41.5631],[14.935,41.526],[14.9462,41.5158],[14.9953,41.4821]]]},"properties":{"region":"Apulia","name":"Apulia"}},
{"type":"Feature","geometry":{"type":"Polygon","coordinates":[[[16.8633,40.3909],[16.848,40.4015],[16.831,40.4222],[16.8128,40.4363],[16.7973,40.4635],[16.7863,40.4735],[16.7411,40.4678],[16.7281,40.4846],[16.716,40.5379],[16.7113,40.5515],[16.7133,40.5967],[16.7107,40.6367],[16.7201,40.6644],[16.7119,40.6852],[16.6971,40.6943],[16.6983,40.7003],[16.715,40.706],[16.7157,40.7154],[16.6946,40.7336],[16.6533,40.7439],[16.621,40.7585],[16.5869,40.7623],[16.5748,40.7581],[16.5693,40.7493],[16.5512,40.7576],[16.538,40.7576],[16.536,40.7518],[16.5496,40.7355],[16.5347,40.7336],[16.5157,40.7575],[16.4978,40.7578],[16.4761,40.7431],[16.4351,40.7096],[16.4201,40.7033],[16.3964,40.713],[16.3404,40.7521],[16.2348,40.8471],[16.2275,40.8598],[16.2155,40.8913],[16.2082,40.9035],[16.1966,40.9114],[16.1649,40.9228],[16.1414,40.9194],[16.119,40.9042],[16.0946,40.911],[15.9876,40.9499],[15.9851,40.9645],[16.0006,40.9662],[16.0165,40.9803],[16.0313,41.0169],[16.025,41.0247],[15.9839,41.0605],[15.9735,41.0717],[15.9533,41.0854],[15.9308,41.0939],[15.9004,41.1011],[15.8839,41.1115],[15.8583,41.1368],[15.8495,41.1315],[15.7711,41.1046],[15.7532,41.1028],[15.5964,41.1094],[15.5832,41.1046],[15.5617,41.0861],[15.5547,41.0692],[15.5586,41.0551],[15.5762,41.0266],[15.5779,41.011],[15.5722,40.9976],[15.5552,40.9717],[15.544,40.9439],[15.5239,40.9242],[15.4893,40.9075],[15.4709,40.9018],[15.3692,40.899],[15.3609,40.8761],[15.3658,40.8439],[15.3621,40.8345],[15.3443,40.8207],[15.3689,40.8022],[15.3649,40.7924],[15.3723,40.7686],[15.3737,40.7417],[15.3785,40.7294],[15.3958,40.7093],[15.4209,40.6952],[15.4352,40.6794],[15.4582,40.6689],[15.4876,40.6619],[15.4895,40.6537],[15.481,40.6408],[15.4628,40.6318],[15.451,40.6189],[15.4456,40.6057],[15.4558,40.5953],[15.4833,40.5897],[15.5039,40.577],[15.5176,40.5647],[15.5396,40.52],[15.5349,40.494],[15.5379,40.4846],[15.5509,40.4709],[15.5764,40.4575],[15.5922,40.4333],[15.6042,40.4263],[15.6228,40.4234],[15.6561,40.3942],[15.6838,40.3891],[15.7063,40.3743],[15.7112,40.3313],[15.717,40.3184],[15.7289,40.309],[15.7485,40.3002],[15.7666,40.2823],[15.7854,40.2689],[15.7905,40.2519],[15.785,40.2349],[15.7755,40.2198],[15.7571,40.2107],[15.7396,40.1968],[15.7239,40.1909],[15.6982,40.1692],[15.694,40.162],[15.6971,40.1427],[15.6931,40.1305],[15.6685,40.0973],[15.6498,40.0808],[15.6515,40.0727],[15.6643,40.067],[15.663,40.061],[15.6467,40.0469],[15.6516,40.0436],[15.6789,40.0089],[15.7131,39.981],[15.728,39.9642],[15.7341,39.9438],[15.7458,39.9246],[15.7632,39.9443],[15.7765,39.9653],[15.8411,40.004],[15.8583,40.0082],[15.9035,39.9855],[15.9203,40.004],[15.9519,40.0044],[15.9769,39.9806],[15.9905,39.9778],[16.0162,39.987],[16.0224,39.9817],[16.0109,39.9616],[16.0154,39.9484],[16.038,39.9291],[16.05,39.9156],[16.0689,39.9067],[16.1974,39.9145],[16.2065,39.917],[16.2149,39.929],[16.232,39.9362],[16.2627,39.9422],[16.3031,39.9372],[16.3308,39.9211],[16.3389,39.9097],[16.3543,39.9008],[16.3599,39.9054],[16.3557,39.9273],[16.3453,39.9326],[16.3555,39.9486],[16.3653,39.9749],[16.3837,39.9934],[16.3887,40.0087],[16.3881,40.0356],[16.4067,40.0705],[16.4103,40.1082],[16.4176,40.1293],[16.4352,40.1353],[16.45,40.1244],[16.4793,40.1264],[16.5273,40.1214],[16.5589,40.1268],[16.6211,40.1227],[16.64,40.1187],[16.6795,40.1461],[16.716,40.1936],[16.7307,40.2007],[16.7376,40.211],[16.7614,40.2696],[16.7827,40.3016],[16.8633,40.3909]]]},"properties":{"region":"Basilicata","name":"Basilicata"}},
{"type":"Feature","geometry":{"type":"Polygon","coordinates":[[[16.64,40.1187],[16.6211,40.1227],[16.5589,40.1268],[16.5273,40.1214],[16.4793,40.1264],[16.45,40.1244],[16.4352,40.1353],[16.4176,40.1293],[16.4103,40.1082],[16.4067,40.0705],[16.3881,40.0356],[16.3887,40.0087],[16.3837,39.9934],[16.3653,39.9749],[16.3555,39.9486],[16.3453,39.9326],[16.3557,39.9273],[16.3599,39.9054],[16.3543,39.9008],[16.3389,39.9097],[16.3308,39.9211],[16.3031,39.9372],[16.2627,39.9422],[16.232,39.9362],[16.2149,39.929],[16.2065,39.917],[16.1974,39.9145],[16.0689,39.9067],[16.05,39.9156],[16.038,39.9291],[16.0154,39.9484],[16.0109,39.9616],[16.0224,39.9817],[16.0162,39.987],[15.9905,39.9778],[15.9769,39.9806],[15.9519,40.0044],[15.9203,40.004],[15.9035,39.9855],[15.8583,40.0082],[15.8411,40.004],[15.7765,39.9653],[15.7632,39.9443],[15.7458,39.9246],[15.7744,39.8911],[15.7819,39.8686],[15.7697,39.8301],[15.7788,39.8201],[15.7887,39.7966],[15.8064,39.6955],[15.8157,39.6789],[15.8366,39.6527],[15.8597,39.5888],[15.8675,39.5639],[15.8762,39.5515],[15.9048,39.536],[15.9331,39.5137],[15.9581,39.4776],[15.9954,39.4388],[16.034,39.3452],[16.042,39.3106],[16.083,39.0753],[16.1397,38.9738],[16.1543,38.955],[16.169,38.9468],[16.1896,38.9435],[16.2046,38.9341],[16.2147,38.919],[16.2201,38.8991],[16.2217,38.8566],[16.2151,38.8142],[16.2009,38.7764],[16.1792,38.7483],[16.1526,38.7309],[16.1209,38.7209],[16.0488,38.7277],[16.0026,38.7254],[15.968,38.7126],[15.9048,38.6794],[15.8631,38.6683],[15.8445,38.6604],[15.8366,38.649],[15.8355,38.6282],[15.8499,38.6133],[15.8708,38.6042],[15.9001,38.5783],[15.916,38.5504],[15.9178,38.5168],[15.9048,38.4739],[15.8298,38.351],[15.8162,38.3061],[15.7865,38.278],[15.6843,38.2531],[15.6506,38.241],[15.6328,38.2203],[15.638,38.1859],[15.6465,38.1621],[15.6478,38.1431],[15.6416,38.1259],[15.6275,38.1074],[15.624,38.0921],[15.6327,38.0742],[15.6585,38.0425],[15.6384,38.0277],[15.6351,38.0091],[15.6455,37.9883],[15.6658,37.9669],[15.6844,37.9535],[15.7083,37.941],[15.7349,37.931],[15.7615,37.9252],[15.9421,37.9331],[16.001,37.919],[16.0159,37.9247],[16.0632,37.9327],[16.09,37.9492],[16.1109,37.9736],[16.1255,38.0048],[16.1519,38.1108],[16.1694,38.1432],[16.3063,38.2771],[16.3399,38.3008],[16.4351,38.34],[16.4671,38.3487],[16.4976,38.3693],[16.5081,38.3715],[16.522,38.3872],[16.5614,38.4163],[16.5696,38.4295],[16.5772,38.5029],[16.577,38.5286],[16.5588,38.596],[16.5485,38.6721],[16.5491,38.6899],[16.5348,38.6999],[16.5388,38.7233],[16.5637,38.7567],[16.5744,38.7851],[16.5856,38.7978],[16.6106,38.8166],[16.6707,38.8406],[16.6878,38.8559],[16.7278,38.8789],[16.8386,38.9182],[16.9351,38.9387],[16.9573,38.9401],[16.9813,38.9372],[16.9963,38.9295],[17.022,38.906],[17.0422,38.9162],[17.0706,38.9228],[17.095,38.9191],[17.104,38.8991],[17.1277,38.9288],[17.1724,38.9605],[17.1724,39.0052],[17.1766,39.0121],[17.2064,39.0295],[17.1926,39.0311],[17.1585,39.0405],[17.1245,39.0909],[17.1222,39.121],[17.1404,39.1789],[17.1457,39.2107],[17.1421,39.2223],[17.1177,39.256],[17.1149,39.2828],[17.1222,39.3383],[17.1587,39.4062],[17.1242,39.409],[17.0886,39.4226],[17.0571,39.4416],[17.0358,39.4608],[17.0115,39.4862],[16.9954,39.4927],[16.953,39.4992],[16.906,39.5297],[16.8462,39.5527],[16.8372,39.5605],[16.8309,39.5762],[16.8161,39.5911],[16.7825,39.6116],[16.7498,39.62],[16.6248,39.6253],[16.5915,39.6368],[16.5459,39.6609],[16.5156,39.6896],[16.5286,39.7147],[16.5286,39.7215],[16.5021,39.7471],[16.4898,39.7752],[16.4917,39.8055],[16.5081,39.8376],[16.5422,39.8854],[16.5892,39.9198],[16.6055,39.9429],[16.6218,39.9536],[16.6316,39.9662],[16.6136,39.9966],[16.5994,40.0341],[16.5969,40.0468],[16.6047,40.0845],[16.6245,40.108],[16.64,40.1187]]]},"properties":{"region":"Calabria","name":"Calabria"}},
{"type":"Feature","geometry":{"type":"MultiPolygon","coordinates":[[[[15.6467,40.0469],[15.663,40.061],[15.6643,40.067],[15.6515,40.0727],[15.6498,40.0808],[15.6685,40.0973],[15.6931,40.1305],[15.6971,40.1427],[15.694,40.162],[15.6982,40.1692],[15.7239,40.1909],[15.7396,40.1968],[15.7571,40.2107],[15.7755,40.2198],[15.785,40.2349],[15.7905,40.2519],[15.7854,40.2689],[15.7666,40.2823],[15.7485,40.3002],[15.7289,40.309],[15.717,40.3184],[15.7112,40.3313],[15.7063,40.3743],[15.6838,40.3891],[15.6561,40.3942],[15.6228,40.4234],[15.6042,40.4263],[15.5922,40.4333],[15.5764,40.4575],[15.5509,40.4709],[15.5379,40.4846],[15.5349,40.494],[15.5396,40.52],[15.5176,40.5647],[15.5039,40.577],[15.4833,40.5897],[15.4558,40.5953],[15.4456,40.6057],[15.451,40.6189],[15.4628,40.6318],[15.481,40.6408],[15.4895,40.6537],[15.4876,40.6619],[15.4582,40.6689],[15.4352,40.6794],[15.4209,40.6952],[15.3958,40.7093],[15.3785,40.7294],[15.3737,40.7417],[15.3723,40.7686],[15.3649,40.7924],[15.3689,40.8022],[15.3443,40.8207],[15.3621,40.8345],[15.3658,40.8439],[15.3609,40.8761],[15.3692,40.899],[15.4709,40.9018],[15.4893,40.9075],[15.5239,40.9242],[15.544,40.9439],[15.5552,40.9717],[15.5722,40.9976],[15.5779,41.011],[15.5762,41.0266],[15.5586,41.0551],[15.4554,41.0794],[15.4118,41.1039],[15.4015,41.1053],[15.3826,41.0975],[15.2876,41.1025],[15.2751,41.1059],[15.2553,41.1277],[15.2089,41.1494],[15.2002,41.1594],[15.203,41.1657],[15.2316,41.1909],[15.2476,41.2015],[15.2533,41.2144],[15.2465,41.2288],[15.2676,41.2379],[15.2521,41.2588],[15.2401,41.2667],[15.2207,41.2722],[15.1787,41.2891],[15.1672,41.2794],[15.1435,41.2746],[15.1282,41.3077],[15.1168,41.3157],[15.0915,41.3213],[15.0719,41.3354],[15.0667,41.3585],[15.0811,41.3708],[15.0856,41.3803],[15.1019,41.3906],[15.0997,41.4191],[15.0936,41.4302],[15.0724,41.4381],[15.0507,41.4607],[14.9953,41.4821],[14.9368,41.455],[14.8812,41.4422],[14.8517,41.431],[14.827,41.4257],[14.8142,41.43],[14.7926,41.4434],[14.7757,41.4426],[14.7675,41.4251],[14.7588,41.4164],[14.7329,41.4055],[14.6662,41.4041],[14.6024,41.3731],[14.5783,41.3726],[14.5557,41.3894],[14.5259,41.3881],[14.4959,41.3904],[14.4748,41.415],[14.4619,41.4231],[14.4337,41.4257],[14.3701,41.446],[14.329,41.457],[14.2951,41.4694],[14.2665,41.4852],[14.2225,41.4948],[14.1946,41.4944],[14.1637,41.4907],[14.1209,41.4957],[14.0997,41.4698],[14.083,41.4546],[14.0833,41.4377],[14.1058,41.4188],[14.1091,41.3927],[14.0883,41.3887],[14.0393,41.3946],[14.0256,41.4038],[13.9975,41.4407],[13.9846,41.461],[13.9618,41.4707],[13.9383,41.4644],[13.9115,41.4436],[13.8968,41.4358],[13.8659,41.4277],[13.8597,41.4192],[13.8754,41.3936],[13.8695,41.3581],[13.8726,41.3354],[13.867,41.3056],[13.8467,41.288],[13.8225,41.2806],[13.8049,41.2537],[13.7708,41.2492],[13.7437,41.2376],[13.7905,41.2059],[13.8517,41.1473],[13.8843,41.1048],[13.9107,41.0646],[13.918,41.0237],[13.9302,41.0141],[13.9653,40.9964],[14.0213,40.9218],[14.0445,40.8742],[14.0523,40.8376],[14.0412,40.7965],[14.0477,40.7896],[14.0825,40.7835],[14.0762,40.8222],[14.0825,40.8313],[14.096,40.8338],[14.1352,40.8186],[14.1656,40.8158],[14.1822,40.8009],[14.2035,40.8012],[14.2127,40.8207],[14.2236,40.8314],[14.2484,40.8377],[14.2757,40.84],[14.2942,40.8388],[14.3123,40.8281],[14.3666,40.7802],[14.3826,40.7723],[14.3944,40.7616],[14.4213,40.7509],[14.4426,40.7551],[14.4606,40.7442],[14.4741,40.7297],[14.4797,40.7115],[14.4764,40.6951],[14.4442,40.686],[14.4048,40.656],[14.3982,40.6438],[14.3797,40.6339],[14.3596,40.6326],[14.3377,40.6244],[14.328,40.6054],[14.3298,40.5845],[14.3426,40.5706],[14.3558,40.5836],[14.4015,40.6021],[14.422,40.6155],[14.4714,40.6247],[14.4866,40.6326],[14.5164,40.6199],[14.5442,40.6136],[14.5713,40.6177],[14.6133,40.6459],[14.6257,40.6491],[14.6781,40.6466],[14.6904,40.6491],[14.72,40.6668],[14.7522,40.6767],[14.782,40.6699],[14.8097,40.653],[14.8355,40.6326],[14.8615,40.6072],[14.8888,40.5731],[14.9759,40.4315],[14.9983,40.3976],[15.0004,40.3688],[14.9945,40.3584],[14.9729,40.352],[14.9539,40.3399],[14.9324,40.3337],[14.9391,40.3071],[14.9319,40.2855],[14.9069,40.2586],[14.9111,40.2416],[14.9381,40.2278],[14.9571,40.2316],[14.9759,40.2193],[15.0031,40.2103],[15.0228,40.1956],[15.0349,40.1754],[15.0472,40.1689],[15.0657,40.1666],[15.1128,40.1748],[15.1272,40.1696],[15.19,40.1191],[15.2339,40.1],[15.2634,40.0737],[15.2791,40.0477],[15.2612,40.0362],[15.2612,40.0294],[15.2831,40.0299],[15.3027,40.0362],[15.3143,40.0338],[15.3432,40.0041],[15.3609,39.9989],[15.4101,39.994],[15.4296,39.9998],[15.4598,40.0294],[15.4953,40.0467],[15.5131,40.0677],[15.5349,40.0778],[15.6102,40.0732],[15.6243,40.0778],[15.6247,40.0649],[15.6467,40.0469]]],[[[13.9447,40.7016],[13.9658,40.7153],[13.9658,40.7351],[13.9463,40.7452],[13.8831,40.7624],[13.8628,40.7624],[13.8701,40.7487],[13.8615,40.744],[13.8491,40.7153],[13.8597,40.7078],[13.8901,40.6942],[13.9198,40.7045],[13.9447,40.7016]]]]},"properties":{"region":"Campania","name":"Campania"}},
{"type":"Feature","geometry":{"type":"MultiPolygon","coordinates":[[[[13.7437,41.2376],[13.7708,41.2492],[13.8049,41.2537],[13.8225,41.2806],[13.8467,41.288],[13.867,41.3056],[13.8726,41.3354],[13.8695,41.3581],[13.8754,41.3936],[13.8597,41.4192],[13.8659,41.4277],[13.8968,41.4358],[13.9115,41.4436],[13.9383,41.4644],[13.9618,41.4707],[13.982,41.4865],[13.9809,41.5043],[14.0056,41.5194],[14.0101,41.5289],[14.0061,41.5628],[13.9983,41.5674],[13.9943,41.583],[13.9926,41.6283],[13.9795,41.6454],[13.9677,41.6674],[13.9516,41.679],[13.9457,41.6882],[13.8918,41.7237],[13.8728,41.7307],[13.843,41.7338],[13.8107,41.7492],[13.7939,41.7535],[13.7736,41.7476],[13.7443,41.7546],[13.7301,41.78],[13.7148,41.7948],[13.6466,41.8105],[13.6319,41.8034],[13.5992,41.778],[13.5788,41.7699],[13.5452,41.7682],[13.5293,41.7708],[13.5014,41.796],[13.4052,41.8316],[13.3669,41.8277],[13.3571,41.8308],[13.3535,41.8455],[13.3554,41.8715],[13.3689,41.8948],[13.3702,41.9031],[13.3532,41.9192],[13.3308,41.9271],[13.3067,41.9461],[13.2801,41.9468],[13.0971,42.0237],[13.0823,42.0189],[13.0491,42.0232],[13.0284,42.0319],[13.017,42.0546],[13.012,42.099],[13.0137,42.1085],[13.0513,42.1255],[13.0733,42.1413],[13.0896,42.1706],[13.0988,42.1737],[13.1424,42.1587],[13.1731,42.153],[13.2077,42.1361],[13.2339,42.1291],[13.2471,42.1302],[13.2608,42.1386],[13.2847,42.1314],[13.3022,42.1376],[13.3071,42.1464],[13.3017,42.1552],[13.3054,42.1675],[13.3173,42.1727],[13.3546,42.1787],[13.3675,42.1852],[13.3618,42.1898],[13.3354,42.1918],[13.317,42.1969],[13.3095,42.2138],[13.3,42.2216],[13.2808,42.2252],[13.2671,42.2336],[13.2502,42.2567],[13.2303,42.2696],[13.223,42.2782],[13.2145,42.3072],[13.1998,42.3234],[13.1633,42.3386],[13.156,42.3494],[13.1594,42.3672],[13.1751,42.3874],[13.1784,42.3999],[13.1419,42.4153],[13.1324,42.4264],[13.1285,42.4453],[13.1318,42.4548],[13.1487,42.4649],[13.1647,42.4801],[13.1669,42.4903],[13.1635,42.5123],[13.144,42.5258],[13.1353,42.5383],[13.1461,42.5487],[13.168,42.5514],[13.1743,42.5574],[13.1796,42.5776],[13.1861,42.5869],[13.2061,42.5859],[13.2306,42.5801],[13.2587,42.5797],[13.286,42.5722],[13.338,42.5746],[13.3689,42.586],[13.3865,42.6308],[13.3863,42.6444],[13.3518,42.6566],[13.3383,42.6702],[13.3376,42.6877],[13.3117,42.7193],[13.2825,42.7395],[13.2679,42.7446],[13.2423,42.7356],[13.1945,42.7346],[13.1833,42.7152],[13.1891,42.694],[13.1745,42.6768],[13.1539,42.6451],[13.1433,42.6426],[13.1124,42.6443],[13.0908,42.6307],[13.0593,42.6238],[13.0176,42.6316],[13.0038,42.6123],[12.988,42.608],[12.902,42.6096],[12.8792,42.5903],[12.8801,42.5647],[12.8694,42.5594],[12.78,42.5271],[12.7658,42.5082],[12.7552,42.5003],[12.7214,42.4963],[12.7161,42.4896],[12.7276,42.4631],[12.7222,42.454],[12.6989,42.4476],[12.6657,42.4435],[12.6435,42.4456],[12.6296,42.4624],[12.6121,42.4631],[12.6081,42.4523],[12.6117,42.4338],[12.6039,42.4158],[12.5926,42.401],[12.5763,42.3902],[12.5493,42.3788],[12.5369,42.3694],[12.5284,42.3695],[12.5162,42.3872],[12.504,42.3906],[12.4639,42.3868],[12.4387,42.389],[12.4311,42.3931],[12.4515,42.421],[12.4283,42.4292],[12.4174,42.4285],[12.4174,42.4415],[12.3936,42.4625],[12.3428,42.4919],[12.319,42.498],[12.3007,42.4899],[12.2802,42.5104],[12.2727,42.5484],[12.2715,42.5661],[12.2591,42.5656],[12.2455,42.5855],[12.2452,42.6198],[12.2358,42.6476],[12.2197,42.6551],[12.2045,42.6546],[12.1566,42.6754],[12.146,42.6723],[12.1287,42.6573],[12.0985,42.6607],[12.0642,42.6557],[12.0337,42.646],[12.0199,42.6484],[11.9856,42.6754],[11.9596,42.6846],[11.9303,42.7091],[11.928,42.7166],[11.9376,42.7287],[11.9567,42.7366],[11.9739,42.756],[11.9704,42.765],[11.9481,42.7763],[11.9331,42.7911],[11.889,42.8504],[11.8327,42.8326],[11.808,42.8134],[11.7958,42.8114],[11.7838,42.819],[11.7647,42.8187],[11.7472,42.7985],[11.7739,42.7806],[11.7858,42.7597],[11.804,42.7466],[11.8079,42.7383],[11.7922,42.7175],[11.7868,42.7003],[11.7899,42.6711],[11.7869,42.6512],[11.7561,42.6445],[11.7352,42.6162],[11.7214,42.6082],[11.6938,42.5983],[11.6712,42.577],[11.6206,42.5601],[11.6058,42.5684],[11.5882,42.5661],[11.5844,42.5588],[11.5855,42.5359],[11.5706,42.5248],[11.5659,42.5161],[11.6079,42.4873],[11.6095,42.4746],[11.6018,42.4474],[11.5902,42.442],[11.4981,42.434],[11.4788,42.4259],[11.4719,42.4186],[11.4515,42.3744],[11.4893,42.3594],[11.5391,42.3489],[11.6582,42.2794],[11.6821,42.2521],[11.7362,42.1689],[11.7502,42.1279],[11.772,42.1063],[11.7798,42.0925],[11.7936,42.0845],[11.8094,42.0664],[11.8275,42.0342],[11.8397,42.0364],[11.9168,42.0379],[11.9346,42.0315],[11.969,42.0114],[11.9822,41.9997],[12.0204,41.9931],[12.0298,41.9728],[12.05,41.9602],[12.1475,41.9035],[12.1702,41.8796],[12.1946,41.8474],[12.2062,41.8273],[12.2112,41.8079],[12.2152,41.7681],[12.2235,41.7507],[12.239,41.7363],[12.285,41.7272],[12.3006,41.7174],[12.3272,41.7114],[12.3428,41.7023],[12.448,41.6308],[12.5456,41.5441],[12.6194,41.4591],[12.6353,41.4475],[12.654,41.4656],[12.6786,41.458],[12.7485,41.4237],[12.763,41.4214],[12.8416,41.4184],[12.8622,41.4135],[12.8936,41.3993],[12.9238,41.3798],[12.9795,41.331],[12.9927,41.3156],[13.0335,41.2569],[13.0368,41.2404],[13.0446,41.2275],[13.0682,41.2217],[13.0905,41.2265],[13.1145,41.2509],[13.1512,41.2602],[13.187,41.278],[13.2048,41.2838],[13.2858,41.2957],[13.3244,41.2948],[13.4802,41.2392],[13.4997,41.2217],[13.5144,41.2297],[13.5344,41.2081],[13.5755,41.2081],[13.5637,41.238],[13.5944,41.2531],[13.6566,41.2596],[13.6633,41.2507],[13.6787,41.2506],[13.7085,41.2564],[13.7219,41.2524],[13.7437,41.2376]]],[[[13.419,40.7956],[13.4147,40.7859],[13.4269,40.7908],[13.432,40.8015],[13.419,40.7956]]]]},"properties":{"region":"Lazio","name":"Lazio"}},
{"type":"Feature","geometry":{"type":"MultiPolygon","coordinates":[[[[11.4515,42.3744],[11.4719,42.4186],[11.4788,42.4259],[11.4981,42.434],[11.5902,42.442],[11.6018,42.4474],[11.6095,42.4746],[11.6079,42.4873],[11.5659,42.5161],[11.5706,42.5248],[11.5855,42.5359],[11.5844,42.5588],[11.5882,42.5661],[11.6058,42.5684],[11.6206,42.5601],[11.6712,42.577],[11.6938,42.5983],[11.7214,42.6082],[11.7352,42.6162],[11.7561,42.6445],[11.7869,42.6512],[11.7899,42.6711],[11.7868,42.7003],[11.7922,42.7175],[11.8079,42.7383],[11.804,42.7466],[11.7858,42.7597],[11.7739,42.7806],[11.7472,42.7985],[11.7647,42.8187],[11.7838,42.819],[11.7958,42.8114],[11.808,42.8134],[11.8327,42.8326],[11.889,42.8504],[11.937,42.8743],[11.9514,42.8933],[11.9464,42.9079],[11.9343,42.9153],[11.9322,42.9272],[11.9395,42.9554],[11.9517,42.99],[11.9686,43.0107],[11.9761,43.0284],[11.9778,43.0464],[11.9689,43.0691],[11.9577,43.0745],[11.9418,43.0638],[11.9332,43.0638],[11.9275,43.0764],[11.9261,43.0938],[11.9178,43.1224],[11.9227,43.1376],[11.9446,43.1679],[11.9652,43.1801],[11.993,43.1865],[12.0122,43.2005],[12.023,43.2419],[12.0374,43.2547],[12.0496,43.2556],[12.0769,43.2467],[12.0922,43.2447],[12.1269,43.2606],[12.1584,43.2627],[12.1999,43.2825],[12.2132,43.291],[12.2154,43.3001],[12.2028,43.3178],[12.1939,43.3184],[12.177,43.2986],[12.1522,43.2958],[12.1387,43.3],[12.1363,43.3405],[12.1326,43.3573],[12.1209,43.3629],[12.0808,43.3719],[12.0744,43.3804],[12.0737,43.4112],[12.0489,43.4115],[12.0371,43.4165],[12.0428,43.4271],[12.0574,43.4374],[12.0775,43.4429],[12.1033,43.4646],[12.1275,43.4748],[12.1341,43.4888],[12.1225,43.5005],[12.098,43.5109],[12.0976,43.5183],[12.1122,43.5279],[12.1375,43.5316],[12.1538,43.5484],[12.2048,43.6168],[12.1935,43.6442],[12.1958,43.6534],[12.2268,43.6653],[12.2499,43.6824],[12.2777,43.6897],[12.285,43.6975],[12.297,43.724],[12.3099,43.7241],[12.3136,43.6922],[12.3248,43.6834],[12.3341,43.6891],[12.3544,43.7111],[12.3576,43.7226],[12.3055,43.7586],[12.2858,43.7689],[12.2681,43.7714],[12.2449,43.7615],[12.2236,43.7644],[12.2067,43.7589],[12.1966,43.7478],[12.1753,43.7446],[12.151,43.7595],[12.1253,43.7642],[12.0802,43.7542],[12.0678,43.7543],[11.9686,43.7731],[11.9357,43.7954],[11.9188,43.8035],[11.8755,43.8174],[11.8296,43.8208],[11.8093,43.8264],[11.7849,43.8475],[11.7326,43.8686],[11.7089,43.8848],[11.7086,43.9196],[11.7014,43.9295],[11.6879,43.9346],[11.6872,43.9575],[11.6831,43.9656],[11.66,43.9805],[11.6507,43.9909],[11.6512,44.0127],[11.6556,44.0209],[11.6774,44.023],[11.6952,44.0384],[11.7033,44.0532],[11.7202,44.0702],[11.7306,44.0957],[11.7472,44.1216],[11.7457,44.1301],[11.7317,44.1327],[11.6921,44.1306],[11.6538,44.1189],[11.6343,44.1178],[11.6034,44.1233],[11.5882,44.1288],[11.5902,44.1354],[11.6108,44.1523],[11.6041,44.1625],[11.5883,44.1706],[11.5718,44.1737],[11.5511,44.1627],[11.5173,44.1621],[11.496,44.1665],[11.4494,44.2044],[11.4319,44.2271],[11.4025,44.2349],[11.392,44.2324],[11.3757,44.2117],[11.342,44.2087],[11.2911,44.1708],[11.2812,44.1683],[11.2036,44.1588],[11.1964,44.1505],[11.2064,44.1361],[11.2551,44.119],[11.246,44.1069],[11.2294,44.1027],[11.1976,44.105],[11.0415,44.0918],[11.0079,44.1041],[11.0013,44.1127],[11.0173,44.1335],[11.0097,44.1398],[10.9907,44.14],[10.9853,44.1259],[10.9619,44.1022],[10.9232,44.068],[10.89,44.0786],[10.8767,44.0885],[10.8556,44.0946],[10.8346,44.1082],[10.8013,44.1176],[10.734,44.1547],[10.7074,44.162],[10.6498,44.1578],[10.63,44.1492],[10.6105,44.1257],[10.5822,44.1232],[10.5704,44.1256],[10.5223,44.1555],[10.4839,44.1868],[10.4712,44.2246],[10.4165,44.2314],[10.4002,44.2359],[10.3713,44.2635],[10.351,44.2749],[10.2878,44.2824],[10.2636,44.2721],[10.249,44.2699],[10.2293,44.2815],[10.2147,44.2964],[10.1994,44.3183],[10.1692,44.3264],[10.1218,44.3482],[10.0855,44.349],[10.0726,44.3521],[10.0522,44.3692],[9.9913,44.4066],[9.9869,44.4194],[10.0001,44.4256],[9.9982,44.4409],[9.9899,44.448],[9.9356,44.4704],[9.8966,44.4795],[9.8663,44.483],[9.8356,44.4763],[9.7621,44.4094],[9.7538,44.3921],[9.7436,44.3857],[9.6915,44.3728],[9.6898,44.3577],[9.7163,44.3299],[9.7518,44.3056],[9.8378,44.2626],[9.8521,44.2526],[9.8536,44.2287],[9.8594,44.2099],[9.8589,44.1883],[9.8657,44.1856],[9.8805,44.2026],[9.9022,44.1999],[9.9083,44.1913],[9.897,44.1689],[9.9008,44.165],[9.9541,44.1643],[9.9753,44.1567],[9.9815,44.1501],[9.9816,44.1312],[9.9945,44.1152],[10.0095,44.1175],[10.0268,44.1143],[10.0454,44.105],[10.0569,44.0944],[10.0363,44.0664],[10.0285,44.0493],[10.072,44.0295],[10.0906,44.0254],[10.1058,44.0168],[10.1365,43.9787],[10.1807,43.9553],[10.2101,43.9202],[10.2516,43.8466],[10.264,43.8094],[10.2948,43.5685],[10.3172,43.4926],[10.3263,43.4769],[10.3591,43.4653],[10.3734,43.4532],[10.437,43.3886],[10.5169,43.2668],[10.5282,43.2468],[10.5329,43.2262],[10.5344,43.1853],[10.5383,43.1643],[10.5466,43.1471],[10.5393,43.1342],[10.5357,43.1126],[10.5391,43.0794],[10.5171,43.0239],[10.5027,43.0056],[10.4776,42.9901],[10.4995,42.9405],[10.5186,42.9253],[10.5466,42.9348],[10.5391,42.9491],[10.5833,42.9597],[10.6325,42.9585],[10.6814,42.949],[10.7507,42.9253],[10.773,42.9081],[10.7777,42.8947],[10.7656,42.8771],[10.7649,42.8353],[10.7554,42.8192],[10.7313,42.8044],[10.8909,42.7639],[10.9436,42.743],[10.9723,42.72],[10.99,42.7103],[11.0057,42.6679],[11.0535,42.647],[11.0778,42.6322],[11.0809,42.6127],[11.0974,42.6069],[11.116,42.572],[11.1287,42.5581],[11.1585,42.564],[11.166,42.5462],[11.1869,42.5208],[11.1884,42.4803],[11.1797,42.4565],[11.1642,42.4398],[11.1418,42.4388],[11.113,42.4464],[11.0991,42.4429],[11.0869,42.4295],[11.0868,42.4184],[11.0945,42.4027],[11.1066,42.3913],[11.1345,42.3842],[11.1559,42.3663],[11.1647,42.3693],[11.1838,42.3663],[11.1863,42.3793],[11.2009,42.3955],[11.2044,42.411],[11.2113,42.4189],[11.2274,42.4222],[11.259,42.4208],[11.333,42.4006],[11.3621,42.4004],[11.3547,42.4072],[11.3766,42.4069],[11.3962,42.4004],[11.3962,42.393],[11.4207,42.3866],[11.4515,42.3744]]],[[[10.8958,42.3867],[10.883,42.3922],[10.8758,42.3868],[10.8764,42.3744],[10.8618,42.3663],[10.8717,42.3541],[10.9089,42.3253],[10.9233,42.3187],[10.9398,42.3307],[10.9296,42.3406],[10.9273,42.3533],[10.9135,42.3752],[10.8958,42.3867]]],[[[10.4434,42.8454],[10.431,42.8644],[10.4124,42.8734],[10.3999,42.8688],[10.3921,42.858],[10.3814,42.8324],[10.3581,42.8175],[10.3547,42.8082],[10.3328,42.806],[10.3221,42.8117],[10.3268,42.8262],[10.2721,42.8273],[10.2721,42.8188],[10.259,42.8119],[10.2659,42.8044],[10.2244,42.8044],[10.19,42.8169],[10.1582,42.8173],[10.133,42.8119],[10.1117,42.8013],[10.1014,42.784],[10.1068,42.7574],[10.1248,42.7431],[10.1472,42.7373],[10.2297,42.7354],[10.24,42.7419],[10.2454,42.7573],[10.2654,42.7446],[10.3045,42.7598],[10.3137,42.743],[10.325,42.7648],[10.3379,42.7648],[10.3643,42.7498],[10.3814,42.7226],[10.411,42.718],[10.4155,42.7089],[10.4307,42.7221],[10.4251,42.7408],[10.408,42.7573],[10.3888,42.7635],[10.4203,42.7764],[10.43,42.7876],[10.4367,42.8044],[10.4312,42.8279],[10.4434,42.8454]]],[[[9.8401,43.0652],[9.8258,43.0746],[9.8069,43.0664],[9.7846,43.0284],[9.8015,43.0078],[9.823,43.0085],[9.8421,43.025],[9.8548,43.0443],[9.8401,43.0652]]],[[[10.297,42.3449],[10.2944,42.328],[10.3132,42.3239],[10.3159,42.3408],[10.3064,42.3515],[10.297,42.3449]]],[[[10.0916,42.5958],[10.0843,42.6147],[10.0726,42.6004],[10.0526,42.589],[10.0586,42.576],[10.0858,42.5725],[10.0954,42.577],[10.0979,42.588],[10.0916,42.5958]]],[[[12.1993,43.7805],[12.2267,43.796],[12.2394,43.7995],[12.2382,43.8088],[12.2267,43.8144],[12.1843,43.8184],[12.1776,43.8217],[12.1708,43.8046],[12.1822,43.7888],[12.1993,43.7805]]]]},"properties":{"region":"Toscana","name":"Toscana"}},
{"type":"Feature","geometry":{"type":"MultiPolygon","coordinates":[[[[11.9995,36.8359],[11.9873,36.8242],[11.9673,36.8312],[11.9513,36.8428],[11.9222,36.8284],[11.925,36.812],[11.9373,36.7888],[11.9612,36.7652],[11.9961,36.7449],[12.0306,36.7414],[12.0535,36.7676],[12.0515,36.7904],[12.0376,36.8066],[11.9995,36.8359]]],[[[12.2732,37.9395],[12.2878,37.9215],[12.2997,37.9193],[12.3142,37.9252],[12.3421,37.9132],[12.3577,37.914],[12.3688,37.9252],[12.3368,37.9331],[12.3142,37.9464],[12.287,37.9385],[12.2732,37.9395]]],[[[12.8939,37.5733],[12.9426,37.5685],[12.9741,37.5574],[13,37.5355],[13.0104,37.5069],[13.0264,37.4932],[13.0515,37.5007],[13.1741,37.487],[13.1892,37.4697],[13.2061,37.4639],[13.2254,37.446],[13.2533,37.4318],[13.278,37.3937],[13.3113,37.3808],[13.3296,37.3663],[13.3722,37.3461],[13.4216,37.3144],[13.4526,37.2988],[13.4886,37.2885],[13.5344,37.2822],[13.5692,37.2735],[13.5988,37.2567],[13.6834,37.1894],[13.7158,37.1714],[13.7516,37.159],[13.7946,37.1518],[13.8327,37.1396],[13.8944,37.1008],[13.9385,37.0959],[13.9763,37.1103],[14.0886,37.1177],[14.1263,37.1123],[14.2085,37.0811],[14.2788,37.044],[14.3699,36.9731],[14.3945,36.945],[14.4758,36.8049],[14.4873,36.7934],[14.5659,36.7783],[14.5822,36.7813],[14.6001,36.7721],[14.6589,36.7538],[14.6716,36.7437],[14.6846,36.726],[14.7443,36.7191],[14.7609,36.7062],[14.7734,36.71],[14.7808,36.6994],[14.8469,36.7263],[14.8822,36.7307],[14.9186,36.7199],[14.9573,36.6978],[14.9824,36.6889],[14.9978,36.7022],[15.021,36.6994],[15.0407,36.6877],[15.0552,36.6715],[15.0736,36.6591],[15.0939,36.6549],[15.1145,36.6599],[15.1343,36.6752],[15.1349,36.6877],[15.1172,36.7471],[15.0989,36.7794],[15.094,36.7995],[15.1066,36.8086],[15.1077,36.8201],[15.1584,36.9242],[15.1747,36.9441],[15.2117,36.9565],[15.2445,36.9721],[15.2681,36.9731],[15.2638,36.9871],[15.2749,36.9936],[15.2681,37.0004],[15.3089,37.0178],[15.3247,37.0085],[15.3324,37.0116],[15.3294,37.0277],[15.3211,37.0402],[15.3123,37.044],[15.2918,37.042],[15.2837,37.0484],[15.282,37.0609],[15.2879,37.069],[15.3027,37.0625],[15.3079,37.0867],[15.3032,37.1012],[15.2888,37.1084],[15.2647,37.1103],[15.2466,37.1182],[15.2318,37.1349],[15.2292,37.1496],[15.2476,37.1518],[15.2476,37.1587],[15.2332,37.1649],[15.2165,37.1552],[15.1947,37.1763],[15.1834,37.2075],[15.1991,37.2276],[15.1929,37.24],[15.2158,37.2447],[15.2217,37.2375],[15.2202,37.2202],[15.2356,37.2419],[15.2449,37.2462],[15.2612,37.2338],[15.252,37.2577],[15.2367,37.2747],[15.2175,37.285],[15.18,37.2908],[15.1107,37.3218],[15.0967,37.3437],[15.0921,37.3605],[15.0895,37.4595],[15.0967,37.4945],[15.1159,37.5223],[15.1638,37.5677],[15.1786,37.6043],[15.1846,37.6258],[15.1968,37.6551],[15.2022,37.6854],[15.2161,37.6967],[15.2186,37.7181],[15.2083,37.737],[15.2066,37.7477],[15.2131,37.7615],[15.2412,37.7956],[15.2663,37.8119],[15.2835,37.833],[15.3027,37.8644],[15.3926,37.9761],[15.5003,38.0849],[15.527,38.1368],[15.5759,38.2002],[15.5599,38.1998],[15.5697,38.227],[15.5838,38.2404],[15.6243,38.2617],[15.6424,38.2623],[15.6516,38.2753],[15.616,38.2802],[15.5593,38.3001],[15.5287,38.3026],[15.5129,38.2976],[15.4729,38.2678],[15.4338,38.2532],[15.3997,38.2326],[15.3211,38.2109],[15.2918,38.207],[15.2576,38.2102],[15.2454,38.2172],[15.2407,38.2303],[15.2463,38.2543],[15.2432,38.2648],[15.2361,38.251],[15.2407,38.2412],[15.2033,38.1833],[15.1774,38.1563],[15.1226,38.1411],[15.0879,38.1282],[15.0687,38.1313],[15.049,38.1518],[15.0073,38.1518],[14.9631,38.1634],[14.945,38.1818],[14.9353,38.1859],[14.9071,38.1877],[14.874,38.1757],[14.7981,38.1603],[14.7776,38.1592],[14.7448,38.1614],[14.7337,38.1576],[14.696,38.121],[14.6677,38.0992],[14.6346,38.0815],[14.5117,38.0444],[14.4641,38.0372],[14.4319,38.0494],[14.3846,38.0295],[14.3312,38.018],[14.2732,38.0151],[14.1514,38.0289],[14.1063,38.0214],[14.0833,38.0238],[14.0625,38.0302],[14.0205,38.0494],[14.0072,38.0383],[13.9385,38.0289],[13.8983,38.0045],[13.8572,37.9967],[13.8127,37.9779],[13.7908,37.9736],[13.7267,37.9809],[13.7051,37.9805],[13.7119,37.9879],[13.6978,37.9936],[13.6511,38.001],[13.6224,38.0152],[13.5871,38.0391],[13.5575,38.0491],[13.5474,38.0562],[13.5393,38.0769],[13.5413,38.0941],[13.5135,38.1105],[13.3914,38.1032],[13.3733,38.1407],[13.3719,38.1728],[13.3662,38.1797],[13.3284,38.2002],[13.3233,38.218],[13.3181,38.2206],[13.277,38.2104],[13.2544,38.2025],[13.239,38.207],[13.2303,38.1846],[13.2072,38.1761],[13.1794,38.1762],[13.157,38.1797],[13.1224,38.191],[13.1009,38.1901],[13.0838,38.1747],[13.0894,38.166],[13.0547,38.1418],[13.0662,38.123],[13.0713,38.0955],[13.0614,38.0835],[13.0274,38.0624],[12.9442,38.0329],[12.9011,38.0281],[12.8696,38.0425],[12.8689,38.0513],[12.8288,38.0699],[12.8184,38.0779],[12.7908,38.1171],[12.7661,38.1627],[12.7609,38.181],[12.7378,38.181],[12.7318,38.1928],[12.7199,38.1755],[12.7254,38.1259],[12.7046,38.1108],[12.6624,38.1163],[12.6516,38.0915],[12.6387,38.0795],[12.6084,38.0624],[12.5763,38.0717],[12.5497,38.0548],[12.5234,38.0314],[12.4929,38.0214],[12.5042,38.0112],[12.5029,37.9971],[12.4905,37.954],[12.4641,37.9129],[12.4678,37.8971],[12.4787,37.8812],[12.4605,37.819],[12.4274,37.8093],[12.427,37.797],[12.4563,37.7598],[12.465,37.7198],[12.489,37.6827],[12.5062,37.6655],[12.5236,37.6584],[12.5635,37.6578],[12.5778,37.652],[12.5947,37.6379],[12.6362,37.5822],[12.6594,37.5651],[12.6978,37.5627],[12.7809,37.5742],[12.8622,37.5764],[12.8939,37.5733]]],[[[12.0723,37.9679],[12.0645,37.9862],[12.0536,37.9924],[12.036,37.991],[12.0304,37.9844],[12.0476,37.9608],[12.0648,37.9508],[12.0793,37.9503],[12.0723,37.9679]]],[[[14.9663,38.4329],[14.9588,38.4329],[14.9453,38.4123],[14.9483,38.3964],[14.9636,38.3817],[14.9868,38.3641],[15.0073,38.3777],[14.9937,38.403],[14.9824,38.4124],[14.9663,38.4187],[14.9663,38.4329]]],[[[14.9077,38.4739],[14.9216,38.4688],[14.9487,38.4509],[14.9663,38.4534],[14.9663,38.4609],[14.9526,38.4814],[14.9793,38.4814],[14.9793,38.4875],[14.9588,38.5019],[14.9661,38.5163],[14.9579,38.522],[14.9248,38.5224],[14.9097,38.5153],[14.9006,38.4987],[14.8994,38.4817],[14.9077,38.4739]]],[[[14.8633,38.549],[14.877,38.5695],[14.867,38.5811],[14.8514,38.5849],[14.815,38.5838],[14.7938,38.5716],[14.824,38.5518],[14.8617,38.5393],[14.8633,38.549]]],[[[14.3464,38.5351],[14.3609,38.539],[14.3572,38.5512],[14.3428,38.5473],[14.3464,38.5351]]],[[[14.576,38.5766],[14.564,38.5845],[14.5425,38.5869],[14.5437,38.5745],[14.5516,38.5616],[14.5736,38.5565],[14.5855,38.5574],[14.576,38.5766]]],[[[15.2278,38.8103],[15.2121,38.8105],[15.1941,38.7981],[15.187,38.789],[15.2061,38.7752],[15.2246,38.7768],[15.2393,38.804],[15.2278,38.8103]]],[[[13.1693,38.7173],[13.1579,38.7099],[13.1535,38.6948],[13.1768,38.693],[13.1974,38.7083],[13.1857,38.7175],[13.1693,38.7173]]],[[[12.8599,35.8722],[12.8459,35.8627],[12.8569,35.8523],[12.8726,35.8523],[12.874,35.8664],[12.8599,35.8722]]],[[[12.6218,35.5098],[12.6128,35.5153],[12.5339,35.5216],[12.5261,35.5167],[12.5557,35.508],[12.6111,35.4892],[12.6213,35.4923],[12.6218,35.5098]]]]},"properties":{"region":"Sicily","name":"Sicily"}},
{"type":"Feature","geometry":{"type":"MultiPolygon","coordinates":[[[[8.4559,39.0736],[8.4446,39.1027],[8.4177,39.1066],[8.3859,39.105],[8.3604,39.1182],[8.346,39.0977],[8.3535,39.0909],[8.3493,39.0622],[8.3649,39.0295],[8.4014,38.981],[8.4098,38.9618],[8.4219,38.9605],[8.437,38.9672],[8.4465,38.9943],[8.4539,39.0281],[8.4634,39.0425],[8.464,39.0565],[8.4839,39.0698],[8.4699,39.0657],[8.4559,39.0736]]],[[[8.3058,39.1933],[8.2903,39.1884],[8.2453,39.181],[8.23,39.1728],[8.2246,39.1571],[8.2327,39.1441],[8.2573,39.1244],[8.2547,39.1071],[8.2694,39.1002],[8.2901,39.0988],[8.3058,39.1046],[8.312,39.1203],[8.3063,39.1608],[8.3058,39.1933]]],[[[8.6103,38.9549],[8.6155,38.9476],[8.615,38.923],[8.5999,38.906],[8.5999,38.8991],[8.6331,38.8956],[8.6428,38.89],[8.6348,38.8712],[8.641,38.8643],[8.6551,38.8712],[8.6516,38.8915],[8.6688,38.9106],[8.6946,38.9252],[8.7166,38.9326],[8.7395,38.9307],[8.7666,38.9204],[8.791,38.9044],[8.8054,38.8854],[8.8054,38.906],[8.8415,38.8806],[8.8533,38.878],[8.8724,38.8961],[8.8947,38.9023],[8.9963,38.9828],[9.0046,38.9953],[9.0151,38.9897],[9.0293,39.0303],[9.0449,39.0513],[9.032,39.0698],[9.0187,39.1039],[9.016,39.1238],[9.0183,39.1461],[9.0262,39.1652],[9.0386,39.179],[9.0789,39.2123],[9.075,39.2299],[9.0501,39.2257],[9.0387,39.228],[9.021,39.2404],[9.0257,39.256],[9.0125,39.2606],[9.0244,39.2648],[9.0387,39.2622],[9.0637,39.2431],[9.073,39.2485],[9.1135,39.2115],[9.1369,39.1943],[9.166,39.1871],[9.1809,39.2072],[9.1974,39.2211],[9.2163,39.228],[9.2525,39.2252],[9.2853,39.2138],[9.2922,39.2213],[9.3123,39.2079],[9.3451,39.1964],[9.3679,39.1772],[9.3835,39.1693],[9.4087,39.1461],[9.438,39.1334],[9.4429,39.1244],[9.4807,39.1356],[9.4963,39.1336],[9.5119,39.1244],[9.5071,39.1114],[9.5186,39.1046],[9.5227,39.1249],[9.5578,39.1397],[9.5664,39.1492],[9.5799,39.1871],[9.5656,39.2051],[9.5733,39.2138],[9.5676,39.2381],[9.5819,39.2663],[9.6073,39.289],[9.6346,39.2969],[9.6346,39.3032],[9.6116,39.3166],[9.6035,39.3262],[9.6021,39.3557],[9.6141,39.3994],[9.639,39.4525],[9.6449,39.484],[9.6284,39.5018],[9.653,39.5668],[9.6558,39.5946],[9.6489,39.639],[9.6511,39.6525],[9.6626,39.6768],[9.6648,39.6914],[9.6763,39.7181],[9.6688,39.7693],[9.6703,39.7938],[9.6755,39.8189],[9.6843,39.8399],[9.6966,39.8519],[9.6966,39.8581],[9.6831,39.8655],[9.6898,39.8717],[9.6838,39.8825],[9.6843,39.8942],[9.6966,39.9195],[9.7145,39.9245],[9.7178,39.9338],[9.7097,39.9403],[9.6966,39.9338],[9.6873,39.9612],[9.6934,39.9929],[9.7303,40.0685],[9.7323,40.0839],[9.7102,40.0963],[9.6878,40.1207],[9.6651,40.1316],[9.6546,40.1446],[9.6311,40.1962],[9.6248,40.2477],[9.6262,40.2631],[9.6346,40.2826],[9.6455,40.2961],[9.6831,40.3242],[9.7009,40.353],[9.7124,40.3664],[9.7494,40.3773],[9.7617,40.3907],[9.7781,40.4272],[9.8003,40.4555],[9.8088,40.4708],[9.8152,40.5025],[9.8267,40.5196],[9.8206,40.5364],[9.7922,40.557],[9.7819,40.582],[9.7616,40.5873],[9.7532,40.6053],[9.7483,40.6672],[9.7445,40.6805],[9.7142,40.7272],[9.7039,40.7594],[9.6758,40.7886],[9.6698,40.8015],[9.6688,40.7904],[9.6579,40.7999],[9.6618,40.809],[9.6745,40.8139],[9.6898,40.8108],[9.681,40.8298],[9.6911,40.8362],[9.724,40.8449],[9.6994,40.85],[9.6831,40.8654],[9.6717,40.8587],[9.6577,40.864],[9.6558,40.876],[9.6141,40.8934],[9.6141,40.8996],[9.6315,40.9049],[9.6421,40.9206],[9.6226,40.9238],[9.5928,40.9099],[9.5733,40.9064],[9.5391,40.9206],[9.512,40.9152],[9.5042,40.9269],[9.5119,40.9343],[9.5575,40.9312],[9.5711,40.9349],[9.5664,40.9486],[9.5789,40.962],[9.5876,40.9958],[9.6043,41.0026],[9.636,40.9924],[9.6512,40.9911],[9.6626,41.0026],[9.6443,41.0117],[9.6157,41.0196],[9.5881,41.0207],[9.5733,41.0095],[9.5596,41.0163],[9.5542,41.0346],[9.5431,41.0369],[9.5247,41.0305],[9.5322,41.0163],[9.5119,41.0163],[9.5213,41.0317],[9.5391,41.092],[9.5459,41.0777],[9.5623,41.0971],[9.5664,41.1193],[9.5596,41.1261],[9.5462,41.1209],[9.5247,41.133],[9.5322,41.1404],[9.5239,41.1497],[9.5081,41.1404],[9.4691,41.1462],[9.4566,41.1404],[9.4701,41.1261],[9.4605,41.1205],[9.4429,41.092],[9.4368,41.1154],[9.4429,41.133],[9.4202,41.1564],[9.4087,41.1603],[9.4224,41.1807],[9.4041,41.1817],[9.3882,41.1876],[9.3882,41.1807],[9.3521,41.2073],[9.3352,41.2117],[9.333,41.1876],[9.3125,41.2012],[9.2853,41.195],[9.2893,41.2087],[9.2853,41.2217],[9.2783,41.2217],[9.2736,41.2051],[9.2783,41.195],[9.2674,41.202],[9.2681,41.2366],[9.2578,41.2497],[9.2383,41.2488],[9.2306,41.2626],[9.19,41.2511],[9.1711,41.2429],[9.1629,41.2254],[9.1634,41.1841],[9.1576,41.1689],[9.1419,41.1528],[9.1356,41.1603],[9.1078,41.1395],[9.093,41.1352],[9.0247,41.1289],[9.0055,41.1219],[8.9907,41.0974],[8.9588,41.07],[8.9401,41.0612],[8.9295,41.0436],[8.9131,41.0327],[8.8811,41.0237],[8.888,41.0163],[8.8753,41.0081],[8.8396,40.9616],[8.8225,40.9473],[8.7644,40.9138],[8.7339,40.9213],[8.7092,40.9206],[8.641,40.8965],[8.6343,40.8816],[8.6183,40.8662],[8.5984,40.853],[8.5205,40.827],[8.501,40.8244],[8.4779,40.8262],[8.4219,40.8388],[8.3102,40.8507],[8.2778,40.8654],[8.2332,40.9101],[8.2293,40.9216],[8.2362,40.9548],[8.229,40.9626],[8.2126,40.9634],[8.2096,40.9753],[8.2022,40.9753],[8.1823,40.9453],[8.1789,40.9282],[8.2097,40.9145],[8.2163,40.8996],[8.2153,40.8814],[8.2096,40.8654],[8.1338,40.7289],[8.1458,40.726],[8.168,40.7016],[8.179,40.6948],[8.1974,40.6912],[8.1885,40.6805],[8.1853,40.6566],[8.1738,40.6416],[8.1406,40.6252],[8.1473,40.5932],[8.1618,40.5638],[8.1662,40.5864],[8.1766,40.6066],[8.1934,40.6175],[8.2163,40.6122],[8.2053,40.5978],[8.196,40.5781],[8.2163,40.5706],[8.2673,40.5941],[8.2915,40.5954],[8.312,40.5781],[8.3196,40.5556],[8.3239,40.5308],[8.3317,40.5107],[8.3656,40.4921],[8.3799,40.4687],[8.3905,40.4423],[8.3945,40.4238],[8.3836,40.3718],[8.386,40.3518],[8.4082,40.3378],[8.4157,40.3453],[8.4413,40.3314],[8.4629,40.3145],[8.4761,40.2921],[8.4764,40.2622],[8.4596,40.216],[8.4634,40.1632],[8.4673,40.1447],[8.4851,40.1181],[8.49,40.1045],[8.4873,40.0895],[8.479,40.0742],[8.4597,40.0573],[8.4348,40.051],[8.4014,40.0499],[8.3845,40.0419],[8.3801,40.0301],[8.3945,40.0362],[8.4071,40.0222],[8.4065,40.0098],[8.3945,39.9884],[8.3936,39.9769],[8.4014,39.94],[8.3936,39.9205],[8.3983,39.9053],[8.431,39.8852],[8.4375,39.8768],[8.4287,39.8655],[8.4354,39.8581],[8.4447,39.8836],[8.4634,39.899],[8.4354,39.899],[8.4631,39.9141],[8.4942,39.9124],[8.5234,39.8989],[8.5453,39.8786],[8.5552,39.8527],[8.5521,39.8208],[8.5386,39.7829],[8.5453,39.7829],[8.5068,39.7385],[8.5044,39.7215],[8.5145,39.7137],[8.5658,39.7011],[8.5383,39.696],[8.5169,39.7021],[8.4998,39.7162],[8.4686,39.755],[8.4461,39.7625],[8.4465,39.7309],[8.4422,39.7147],[8.4468,39.7041],[8.4497,39.6588],[8.4622,39.6171],[8.4639,39.5979],[8.4559,39.5844],[8.4634,39.5769],[8.4517,39.5583],[8.4353,39.5252],[8.4219,39.5086],[8.3945,39.4814],[8.3869,39.4698],[8.4038,39.4359],[8.4014,39.4124],[8.3782,39.3879],[8.374,39.3789],[8.3821,39.3597],[8.4172,39.339],[8.4157,39.3237],[8.4321,39.3018],[8.4264,39.2833],[8.3767,39.2379],[8.3718,39.2306],[8.3801,39.2076],[8.3987,39.2012],[8.405,39.1744],[8.4157,39.166],[8.4188,39.1773],[8.4354,39.166],[8.4387,39.1531],[8.438,39.1285],[8.4422,39.1182],[8.4543,39.1249],[8.4651,39.1195],[8.4733,39.1074],[8.4828,39.0804],[8.5044,39.0909],[8.5181,39.0834],[8.5044,39.0629],[8.5208,39.0609],[8.5443,39.0513],[8.5596,39.0567],[8.5723,39.0136],[8.5801,38.9605],[8.6033,38.9649],[8.6103,38.9549]]],[[[8.2747,41.0573],[8.3324,41.0646],[8.3413,41.0741],[8.342,41.0978],[8.3324,41.1057],[8.3262,41.1261],[8.3133,41.1186],[8.3021,41.105],[8.2778,41.1057],[8.2756,41.0698],[8.2608,41.0646],[8.2289,41.0417],[8.2232,41.0336],[8.2217,41.0144],[8.2096,40.9958],[8.2464,40.9936],[8.251,41.0161],[8.2512,41.0438],[8.2747,41.0573]]],[[[9.4748,41.2361],[9.46,41.2424],[9.4435,41.2115],[9.4478,41.2051],[9.437,41.1859],[9.4487,41.1855],[9.4644,41.1727],[9.4749,41.1793],[9.471,41.1896],[9.4793,41.2169],[9.4748,41.2361]]],[[[9.4309,41.2248],[9.4305,41.2463],[9.4219,41.2609],[9.398,41.256],[9.3919,41.2407],[9.3731,41.2299],[9.377,41.2133],[9.3953,41.2106],[9.4353,41.217],[9.4309,41.2248]]]]},"properties":{"region":"Sardegna","name":"Sardegna"}},
{"type":"Feature","geometry":{"type":"MultiPolygon","coordinates":[[[[11.889,42.8504],[11.9331,42.7911],[11.9481,42.7763],[11.9704,42.765],[11.9739,42.756],[11.9567,42.7366],[11.9376,42.7287],[11.928,42.7166],[11.9303,42.7091],[11.9596,42.6846],[11.9856,42.6754],[12.0199,42.6484],[12.0337,42.646],[12.0642,42.6557],[12.0985,42.6607],[12.1287,42.6573],[12.146,42.6723],[12.1566,42.6754],[12.2045,42.6546],[12.2197,42.6551],[12.2358,42.6476],[12.2452,42.6198],[12.2455,42.5855],[12.2591,42.5656],[12.2715,42.5661],[12.2727,42.5484],[12.2802,42.5104],[12.3007,42.4899],[12.319,42.498],[12.3428,42.4919],[12.3936,42.4625],[12.4174,42.4415],[12.4174,42.4285],[12.4283,42.4292],[12.4515,42.421],[12.4311,42.3931],[12.4387,42.389],[12.4639,42.3868],[12.504,42.3906],[12.5162,42.3872],[12.5284,42.3695],[12.5369,42.3694],[12.5493,42.3788],[12.5763,42.3902],[12.5926,42.401],[12.6039,42.4158],[12.6117,42.4338],[12.6081,42.4523],[12.6121,42.4631],[12.6296,42.4624],[12.6435,42.4456],[12.6657,42.4435],[12.6989,42.4476],[12.7222,42.454],[12.7276,42.4631],[12.7161,42.4896],[12.7214,42.4963],[12.7552,42.5003],[12.7658,42.5082],[12.78,42.5271],[12.8694,42.5594],[12.8801,42.5647],[12.8792,42.5903],[12.902,42.6096],[12.988,42.608],[13.0038,42.6123],[13.0176,42.6316],[13.0593,42.6238],[13.0908,42.6307],[13.1124,42.6443],[13.1433,42.6426],[13.1539,42.6451],[13.1745,42.6768],[13.1891,42.694],[13.1833,42.7152],[13.1945,42.7346],[13.1945,42.7491],[13.2035,42.7598],[13.2192,42.7583],[13.2384,42.7616],[13.2489,42.7678],[13.2563,42.8025],[13.2471,42.8265],[13.2341,42.8438],[13.2243,42.8477],[13.1667,42.8245],[13.1504,42.8236],[13.1372,42.8495],[13.0908,42.8885],[13.0696,42.9005],[13.0488,42.9178],[12.9949,42.9172],[12.9864,42.913],[12.992,42.8966],[12.9864,42.8896],[12.9721,42.8887],[12.9689,42.8955],[12.9668,42.9238],[12.936,42.9428],[12.9131,42.9634],[12.9048,42.9787],[12.9042,42.9912],[12.8958,43.0072],[12.898,43.0231],[12.891,43.0527],[12.8953,43.0874],[12.8752,43.1158],[12.8602,43.1254],[12.8374,43.1325],[12.8354,43.1494],[12.8498,43.1617],[12.8568,43.1756],[12.8509,43.2087],[12.8017,43.2692],[12.7957,43.2785],[12.7959,43.2992],[12.7889,43.3241],[12.7541,43.3651],[12.7465,43.3788],[12.7532,43.4068],[12.7585,43.4445],[12.7582,43.4612],[12.7321,43.4609],[12.7127,43.4539],[12.6911,43.4343],[12.6447,43.4439],[12.6348,43.443],[12.614,43.4292],[12.6047,43.4303],[12.5105,43.5125],[12.4883,43.522],[12.4317,43.5384],[12.4033,43.5241],[12.3819,43.5246],[12.3199,43.5462],[12.3066,43.5548],[12.3097,43.5667],[12.3345,43.5651],[12.3478,43.5683],[12.3573,43.584],[12.3536,43.5969],[12.3604,43.6105],[12.3508,43.6201],[12.3108,43.6093],[12.2971,43.5957],[12.286,43.5916],[12.2604,43.6022],[12.2363,43.608],[12.213,43.609],[12.2048,43.6168],[12.1538,43.5484],[12.1375,43.5316],[12.1122,43.5279],[12.0976,43.5183],[12.098,43.5109],[12.1225,43.5005],[12.1341,43.4888],[12.1275,43.4748],[12.1033,43.4646],[12.0775,43.4429],[12.0574,43.4374],[12.0428,43.4271],[12.0371,43.4165],[12.0489,43.4115],[12.0737,43.4112],[12.0744,43.3804],[12.0808,43.3719],[12.1209,43.3629],[12.1326,43.3573],[12.1363,43.3405],[12.1387,43.3],[12.1522,43.2958],[12.177,43.2986],[12.1939,43.3184],[12.2028,43.3178],[12.2154,43.3001],[12.2132,43.291],[12.1999,43.2825],[12.1584,43.2627],[12.1269,43.2606],[12.0922,43.2447],[12.0769,43.2467],[12.0496,43.2556],[12.0374,43.2547],[12.023,43.2419],[12.0122,43.2005],[11.993,43.1865],[11.9652,43.1801],[11.9446,43.1679],[11.9227,43.1376],[11.9178,43.1224],[11.9261,43.0938],[11.9275,43.0764],[11.9332,43.0638],[11.9418,43.0638],[11.9577,43.0745],[11.9689,43.0691],[11.9778,43.0464],[11.9761,43.0284],[11.9686,43.0107],[11.9517,42.99],[11.9395,42.9554],[11.9322,42.9272],[11.9343,42.9153],[11.9464,42.9079],[11.9514,42.8933],[11.937,42.8743],[11.889,42.8504]]],[[[12.4212,43.5897],[12.4307,43.5897],[12.4448,43.6011],[12.443,43.6197],[12.4298,43.6315],[12.4103,43.621],[12.4089,43.6011],[12.4212,43.5897]]]]},"properties":{"region":"Umbria","name":"Umbria"}}
]}