{"type":"FeatureCollection","features":[{"type":"Feature","geometry":{"type":"MultiPolygon","coordinates":[[[[129.7832,31.7996],[129.7678,31.7593],[129.7536,31.7438],[129.7166,31.7304],[129.6906,31.7002],[129.6763,31.667],[129.6554,31.6598],[129.6594,31.6419],[129.696,31.6214],[129.7293,31.6442],[129.7417,31.6762],[129.7761,31.7295],[129.7996,31.7454],[129.7986,31.7637],[129.7832,31.7996]]],[[[131.1506,31.4713],[131.1814,31.5118],[131.1866,31.525],[131.1918,31.5747],[131.1748,31.6003],[131.156,31.6127],[131.1008,31.6194],[131.0359,31.6454],[131.0166,31.6759],[131.0024,31.7235],[130.9655,31.7607],[130.897,31.7843],[130.881,31.8013],[130.8764,31.8244],[130.8812,31.8702],[130.8734,31.8876],[130.847,31.9095],[130.8238,31.9196],[130.7839,31.9548],[130.7212,32.0411],[130.7001,32.067],[130.7124,32.0909],[130.6745,32.1122],[130.6109,32.157],[130.5898,32.1635],[130.5255,32.1398],[130.4244,32.1134],[130.4079,32.1137],[130.3826,32.1265],[130.3446,32.1618],[130.3319,32.1286],[130.2985,32.1059],[130.2787,32.1005],[130.2483,32.1337],[130.2068,32.1207],[130.1799,32.0935],[130.204,32.0726],[130.204,32.0483],[130.173,32.0174],[130.1741,31.9988],[130.2051,31.9717],[130.2204,31.9296],[130.2147,31.8856],[130.197,31.8585],[130.2351,31.8195],[130.1903,31.8351],[130.181,31.827],[130.1714,31.7901],[130.1841,31.7587],[130.1997,31.7537],[130.2593,31.7209],[130.2974,31.67],[130.3362,31.6262],[130.3377,31.6079],[130.3245,31.5867],[130.3345,31.5624],[130.3171,31.4931],[130.3048,31.4766],[130.2933,31.4447],[130.2449,31.4049],[130.2283,31.3813],[130.196,31.4121],[130.1624,31.4219],[130.119,31.4086],[130.1703,31.377],[130.1965,31.3542],[130.2066,31.3248],[130.1794,31.3278],[130.193,31.3152],[130.2222,31.2463],[130.2488,31.2441],[130.2974,31.2537],[130.4511,31.2494],[130.4948,31.2272],[130.5066,31.2128],[130.5217,31.1687],[130.5368,31.1622],[130.5736,31.1674],[130.5864,31.1554],[130.6037,31.1723],[130.6398,31.1865],[130.662,31.2586],[130.6603,31.2714],[130.6237,31.2756],[130.6029,31.302],[130.5735,31.3146],[130.5627,31.3344],[130.5505,31.3751],[130.5205,31.4324],[130.5181,31.4724],[130.5291,31.5133],[130.5584,31.5663],[130.5676,31.6007],[130.6022,31.6383],[130.613,31.6824],[130.6448,31.7147],[130.686,31.7255],[130.738,31.7084],[130.7764,31.7103],[130.8045,31.6872],[130.8103,31.6509],[130.799,31.6117],[130.7764,31.5799],[130.7586,31.5638],[130.736,31.5595],[130.7192,31.5707],[130.7223,31.5973],[130.7117,31.6144],[130.6379,31.6226],[130.6139,31.6121],[130.5909,31.586],[130.5983,31.5734],[130.6369,31.5552],[130.6956,31.5458],[130.7053,31.5288],[130.6925,31.4856],[130.7034,31.4593],[130.7473,31.4355],[130.7695,31.4024],[130.7953,31.3444],[130.7966,31.3253],[130.7897,31.2751],[130.7804,31.2425],[130.7539,31.2039],[130.7648,31.1865],[130.7427,31.1213],[130.689,31.0902],[130.6633,31.0695],[130.6577,31.0032],[130.6779,31.005],[130.7254,31.047],[130.7676,31.0565],[130.7924,31.0778],[130.8195,31.0873],[130.8707,31.096],[130.924,31.113],[130.9562,31.1312],[130.98,31.156],[131.0066,31.1998],[131.0082,31.2211],[131.033,31.2275],[131.0603,31.2253],[131.1321,31.2795],[131.1247,31.2883],[131.0926,31.2761],[131.0742,31.2821],[131.083,31.2971],[131.1044,31.3094],[131.104,31.3288],[131.0833,31.3384],[131.0255,31.3541],[131.0136,31.3631],[131.0281,31.4018],[131.0453,31.4275],[131.0718,31.4496],[131.1094,31.4645],[131.1506,31.4713]]],[[[129.7149,29.6545],[129.7129,29.6293],[129.721,29.6061],[129.7438,29.6223],[129.7538,29.6454],[129.7459,29.661],[129.7149,29.6545]]],[[[129.8936,29.8747],[129.851,29.8867],[129.8328,29.8731],[129.8402,29.8497],[129.8634,29.8246],[129.9204,29.8196],[129.9273,29.8259],[129.8974,29.8469],[129.8936,29.8747]]],[[[130.6746,30.3746],[130.6387,30.4027],[130.5996,30.4125],[130.5678,30.4359],[130.5237,30.4497],[130.499,30.468],[130.4883,30.457],[130.4671,30.4572],[130.4612,30.4411],[130.4234,30.399],[130.3762,30.3944],[130.3863,30.3396],[130.4271,30.2555],[130.4377,30.239],[130.486,30.2258],[130.5773,30.2359],[130.6038,30.2525],[130.6471,30.2905],[130.6694,30.3397],[130.6746,30.3746]]],[[[131.052,30.8402],[131.0272,30.8194],[131.0063,30.7892],[131.0081,30.7679],[130.9997,30.7457],[130.9663,30.7014],[130.9393,30.6723],[130.9484,30.6411],[130.9509,30.595],[130.9302,30.5409],[130.9011,30.5037],[130.8763,30.4807],[130.87,30.4639],[130.8515,30.4701],[130.8534,30.4408],[130.8626,30.4239],[130.8655,30.3973],[130.8571,30.3662],[130.8704,30.3439],[130.8858,30.3439],[130.9065,30.366],[130.9437,30.3747],[130.9622,30.3728],[130.9778,30.4003],[130.9696,30.4154],[130.978,30.4376],[130.9648,30.4563],[130.967,30.4794],[130.9805,30.4971],[130.9826,30.5193],[131.0034,30.5512],[131.0356,30.5572],[131.0378,30.5892],[131.0576,30.6113],[131.0538,30.6619],[131.0789,30.6991],[131.071,30.7373],[131.0712,30.7693],[131.0879,30.7826],[131.0736,30.7996],[131.052,30.8402]]],[[[130.2201,30.4716],[130.2023,30.4819],[130.191,30.4762],[130.1651,30.4899],[130.1418,30.4893],[130.1731,30.4544],[130.1904,30.4613],[130.1931,30.4396],[130.2125,30.4207],[130.2318,30.4235],[130.2406,30.4349],[130.2622,30.435],[130.2621,30.447],[130.2429,30.4636],[130.2201,30.4716]]],[[[129.5916,29.4501],[129.6123,29.4433],[129.6154,29.4552],[129.5982,29.4724],[129.5916,29.4501]]],[[[129.5277,29.9023],[129.5399,29.8899],[129.5545,29.8975],[129.5433,29.9081],[129.5277,29.9023]]],[[[129.9437,29.9653],[129.922,30.0047],[129.8998,29.9757],[129.9133,29.9609],[129.9409,29.9532],[129.9437,29.9653]]],[[[129.9463,30.8447],[129.9321,30.8518],[129.904,30.8344],[129.912,30.8198],[129.9395,30.8134],[129.9598,30.8287],[129.9463,30.8447]]],[[[129.9334,31.8678],[129.9134,31.8677],[129.9099,31.8457],[129.8645,31.8756],[129.845,31.8806],[129.8231,31.863],[129.8206,31.8455],[129.8318,31.8437],[129.8504,31.8574],[129.8474,31.8434],[129.8591,31.8237],[129.876,31.8113],[129.9222,31.8198],[129.9315,31.8335],[129.9334,31.8678]]]]},"properties":{"name":"Kagoshima","name_en":"Kagoshima Prefecture","name_ja":"鹿児島県","name_zh":"鹿儿岛县","name_ko":"가고시마현","adm0_a3":"JPN","iso_3166_2":"JP-46","type_en":"Prefecture","region":"Kyushu","geonunit":"Japan"}},{"type":"Feature","geometry":{"type":"Polygon","coordinates":[[[131.2009,33.6127],[131.1822,33.5971],[131.1752,33.5684],[131.1831,33.5454],[131.1751,33.5255],[131.1495,33.4957],[131.1245,33.4902],[131.0643,33.4981],[131.0042,33.5001],[130.9505,33.4852],[130.9256,33.4661],[130.8858,33.4254],[130.8649,33.3847],[130.8413,33.352],[130.837,33.3225],[130.8411,33.2772],[130.8263,33.233],[130.856,33.143],[130.8347,33.0809],[130.8708,33.0708],[130.9512,33.0323],[130.9909,33.0331],[131.0097,33.0795],[130.9797,33.1199],[130.973,33.1446],[130.9776,33.1607],[131.008,33.1667],[131.0289,33.177],[131.0594,33.1806],[131.1249,33.1424],[131.1408,33.126],[131.1723,33.0741],[131.2014,33.042],[131.2347,32.9752],[131.2401,32.9545],[131.2462,32.8939],[131.2621,32.8663],[131.3239,32.8223],[131.3566,32.8046],[131.4215,32.8048],[131.4642,32.8179],[131.4901,32.8085],[131.5031,32.7928],[131.5019,32.7592],[131.5156,32.7459],[131.5397,32.743],[131.5903,32.7598],[131.6833,32.7633],[131.6957,32.7658],[131.7208,32.8058],[131.7349,32.8204],[131.7612,32.8222],[131.8092,32.809],[131.8192,32.7984],[131.8302,32.7524],[131.8392,32.7341],[131.8723,32.7316],[131.8731,32.7624],[131.8825,32.7834],[131.9292,32.7783],[131.9481,32.7934],[131.9624,32.7927],[131.9966,32.8105],[131.9978,32.8297],[131.9556,32.8275],[131.9898,32.8548],[132.0002,32.8713],[131.9822,32.8889],[131.9948,32.9036],[132.0255,32.9236],[132.0644,32.9362],[132.0841,32.9332],[132.0812,32.9432],[132.0348,32.9513],[132.0139,32.9344],[131.9792,32.9504],[131.9592,32.9445],[131.9497,32.9593],[131.9347,32.9595],[131.9032,32.9831],[131.9068,33.0118],[131.9296,33.0471],[131.984,33.0455],[132.0095,33.0512],[132.0134,33.0639],[131.9961,33.0917],[131.9915,33.069],[131.9761,33.0602],[131.958,33.0672],[131.9424,33.0926],[131.9292,33.0683],[131.9058,33.0773],[131.8805,33.075],[131.8632,33.0825],[131.8844,33.1094],[131.9115,33.1248],[131.8688,33.1288],[131.8426,33.1133],[131.8096,33.1276],[131.831,33.1697],[131.8487,33.188],[131.8722,33.2003],[131.8716,33.2154],[131.9026,33.266],[131.8844,33.2683],[131.8222,33.244],[131.7621,33.2535],[131.7109,33.2702],[131.7,33.2541],[131.6545,33.2716],[131.6122,33.2529],[131.5479,33.255],[131.5104,33.2734],[131.4984,33.3407],[131.506,33.3631],[131.533,33.3661],[131.5562,33.3464],[131.5962,33.3494],[131.6011,33.3649],[131.6346,33.374],[131.6403,33.4166],[131.6587,33.4228],[131.6974,33.4064],[131.7062,33.4096],[131.7093,33.4326],[131.7373,33.4846],[131.7291,33.5125],[131.7399,33.5397],[131.7295,33.5802],[131.6896,33.6413],[131.6674,33.6672],[131.6275,33.6677],[131.59,33.683],[131.521,33.6764],[131.484,33.653],[131.4756,33.6316],[131.4177,33.5817],[131.3676,33.5748],[131.3231,33.5812],[131.2838,33.5824],[131.2565,33.605],[131.2009,33.6127]]]},"properties":{"name":"Ōita","name_en":"Ōita Prefecture","name_ja":"大分県","name_zh":"大分县","name_ko":"오이타현","adm0_a3":"JPN","postal":"OT","iso_3166_2":"JP-44","type_en":"Prefecture","region":"Kyushu","geonunit":"Japan"}},{"type":"Feature","geometry":{"type":"Polygon","coordinates":[[[130.0363,33.4576],[130.1211,33.4622],[130.1635,33.4617],[130.212,33.4687],[130.259,33.468],[130.29,33.4588],[130.3797,33.4132],[130.4143,33.3865],[130.4262,33.387],[130.4586,33.4085],[130.4869,33.4196],[130.5193,33.4209],[130.5289,33.4093],[130.5364,33.377],[130.5319,33.3379],[130.484,33.3148],[130.4709,33.2873],[130.4534,33.2647],[130.4236,33.2591],[130.3812,33.2364],[130.3666,33.1998],[130.3468,33.1799],[130.3494,33.142],[130.3648,33.1403],[130.3722,33.1149],[130.4222,33.0826],[130.4285,33.0505],[130.4292,32.9805],[130.4451,32.9895],[130.484,32.9947],[130.5019,33.0098],[130.499,33.034],[130.5218,33.0616],[130.5637,33.0917],[130.5799,33.0984],[130.6359,33.1043],[130.6731,33.1353],[130.6852,33.14],[130.7286,33.1345],[130.7868,33.1005],[130.8347,33.0809],[130.856,33.143],[130.8263,33.233],[130.8411,33.2772],[130.837,33.3225],[130.8413,33.352],[130.8649,33.3847],[130.8858,33.4254],[130.9256,33.4661],[130.9505,33.4852],[131.0042,33.5001],[131.0643,33.4981],[131.1245,33.4902],[131.1495,33.4957],[131.1751,33.5255],[131.1831,33.5454],[131.1752,33.5684],[131.1822,33.5971],[131.2009,33.6127],[131.12,33.6263],[131.103,33.6243],[131.0813,33.635],[131.0645,33.6533],[131.0508,33.6819],[131.0098,33.7462],[131.0036,33.7797],[131.0069,33.8131],[130.9855,33.8087],[130.9617,33.8162],[130.9636,33.8332],[130.9907,33.8568],[130.9846,33.874],[130.9998,33.8739],[130.9929,33.8977],[131.0153,33.9351],[131.0187,33.9563],[131.0071,33.9661],[130.9766,33.9574],[130.9495,33.9382],[130.9414,33.9168],[130.9136,33.8912],[130.8809,33.8959],[130.8614,33.9256],[130.8213,33.9203],[130.8282,33.9396],[130.7905,33.9444],[130.756,33.9437],[130.7315,33.9318],[130.7171,33.9379],[130.6844,33.9342],[130.6541,33.8963],[130.6331,33.8825],[130.6121,33.8798],[130.5482,33.8808],[130.5305,33.8616],[130.5076,33.8491],[130.4889,33.8554],[130.4722,33.8175],[130.4496,33.8022],[130.448,33.7899],[130.4668,33.7804],[130.4677,33.7436],[130.4446,33.7182],[130.4287,33.7137],[130.3865,33.6772],[130.3455,33.6625],[130.3106,33.6726],[130.305,33.6874],[130.2893,33.6815],[130.2949,33.6644],[130.3184,33.6584],[130.349,33.6411],[130.3987,33.6691],[130.4075,33.6505],[130.3995,33.6161],[130.3909,33.6049],[130.3581,33.5973],[130.3153,33.5974],[130.2903,33.5742],[130.2654,33.5886],[130.2719,33.6117],[130.2515,33.608],[130.2314,33.6188],[130.2317,33.6533],[130.208,33.6651],[130.2048,33.6397],[130.1819,33.6291],[130.1595,33.6296],[130.1567,33.6065],[130.1394,33.5947],[130.1091,33.5897],[130.0921,33.5665],[130.1179,33.5568],[130.1299,33.54],[130.1742,33.5469],[130.1564,33.5254],[130.1038,33.5119],[130.0553,33.4952],[130.0446,33.4857],[130.0363,33.4576]]]},"properties":{"name":"Fukuoka","name_en":"Fukuoka Prefecture","name_ja":"福岡県","name_zh":"福冈县","name_ko":"후쿠오카현","adm0_a3":"JPN","postal":"FO","iso_3166_2":"JP-40","type_en":"Prefecture","region":"Kyushu","geonunit":"Japan"}},{"type":"Feature","geometry":{"type":"Polygon","coordinates":[[[129.8145,33.3312],[129.7948,33.3172],[129.7582,33.2791],[129.7667,33.2561],[129.7981,33.2164],[129.8065,33.1967],[129.8292,33.1751],[129.8622,33.1599],[129.9193,33.1443],[129.9359,33.1185],[129.9309,33.099],[129.9154,33.0867],[129.9252,33.0688],[129.9972,33.0172],[130.0322,32.9875],[130.0595,32.9732],[130.1034,32.96],[130.2041,32.9436],[130.2191,32.9551],[130.2223,32.9752],[130.2039,32.9918],[130.1605,33.0541],[130.1319,33.102],[130.1276,33.1209],[130.1509,33.1119],[130.1782,33.1349],[130.2193,33.1595],[130.2414,33.1882],[130.2904,33.1496],[130.3494,33.142],[130.3468,33.1799],[130.3666,33.1998],[130.3812,33.2364],[130.4236,33.2591],[130.4534,33.2647],[130.4709,33.2873],[130.484,33.3148],[130.5319,33.3379],[130.5364,33.377],[130.5289,33.4093],[130.5193,33.4209],[130.4869,33.4196],[130.4586,33.4085],[130.4262,33.387],[130.4143,33.3865],[130.3797,33.4132],[130.29,33.4588],[130.259,33.468],[130.212,33.4687],[130.1635,33.4617],[130.1211,33.4622],[130.0363,33.4576],[130.0169,33.4458],[129.9889,33.4489],[129.9669,33.463],[129.9626,33.4826],[129.9412,33.4795],[129.9613,33.5128],[129.9421,33.5317],[129.9101,33.5472],[129.8858,33.5358],[129.8532,33.5525],[129.8546,33.5329],[129.8368,33.5133],[129.844,33.4812],[129.8669,33.4567],[129.8713,33.4429],[129.8489,33.4425],[129.8184,33.4842],[129.8042,33.4818],[129.7873,33.4545],[129.8164,33.4261],[129.8687,33.3974],[129.871,33.3782],[129.8463,33.348],[129.8413,33.316],[129.8516,33.28],[129.8198,33.3048],[129.8145,33.3312]]]},"properties":{"name":"Saga","name_en":"Saga Prefecture","name_ja":"佐賀県","name_zh":"佐贺县","name_ko":"사가현","adm0_a3":"JPN","postal":"SG","iso_3166_2":"JP-41","type_en":"Prefecture","geonunit":"Japan"}},{"type":"Feature","geometry":{"type":"MultiPolygon","coordinates":[[[[130.2041,32.9436],[130.1034,32.96],[130.0595,32.9732],[130.0322,32.9875],[129.9972,33.0172],[129.9252,33.0688],[129.9154,33.0867],[129.9309,33.099],[129.9359,33.1185],[129.9193,33.1443],[129.8622,33.1599],[129.8292,33.1751],[129.8065,33.1967],[129.7981,33.2164],[129.7667,33.2561],[129.7582,33.2791],[129.7948,33.3172],[129.8145,33.3312],[129.8075,33.3481],[129.7442,33.3643],[129.701,33.353],[129.6769,33.3624],[129.6796,33.3897],[129.6732,33.3985],[129.6444,33.3624],[129.6206,33.3593],[129.5924,33.3811],[129.5804,33.371],[129.5715,33.3206],[129.5915,33.2834],[129.5653,33.2721],[129.5521,33.2258],[129.5641,33.2111],[129.6001,33.2083],[129.6174,33.1946],[129.6455,33.1975],[129.6561,33.1849],[129.6528,33.1702],[129.6743,33.1602],[129.687,33.1422],[129.6836,33.131],[129.6623,33.1265],[129.6665,33.1013],[129.6807,33.1149],[129.7041,33.1118],[129.7122,33.1411],[129.7098,33.1626],[129.7229,33.1584],[129.7285,33.1223],[129.7477,33.1395],[129.7601,33.1298],[129.7463,33.1249],[129.7492,33.0981],[129.7332,33.1016],[129.7465,33.0656],[129.775,33.0583],[129.7975,33.0773],[129.8224,33.0627],[129.8239,33.0431],[129.8814,33.0628],[129.9121,33.0365],[129.9456,33.0158],[129.9476,32.9951],[129.9297,32.9576],[129.9312,32.9289],[130.0031,32.8454],[129.9879,32.8417],[129.9356,32.8605],[129.8832,32.8757],[129.8687,32.853],[129.8454,32.8383],[129.8228,32.8584],[129.7944,32.8749],[129.8075,32.8859],[129.8038,32.9025],[129.7899,32.9122],[129.7869,32.9478],[129.7957,32.9478],[129.8067,32.9147],[129.8147,32.9227],[129.8138,32.9618],[129.8233,32.9795],[129.797,33.0101],[129.7663,33.018],[129.7417,32.991],[129.7386,33.0191],[129.7597,33.0479],[129.7502,33.057],[129.7347,33.0466],[129.7347,33.0602],[129.7202,33.079],[129.6816,33.0941],[129.6634,33.069],[129.6607,33.0397],[129.6519,33.0336],[129.6535,33.0043],[129.6324,32.9791],[129.6311,32.9565],[129.6384,32.9265],[129.6697,32.905],[129.6747,32.8805],[129.6981,32.8395],[129.721,32.8271],[129.7327,32.8056],[129.7545,32.8185],[129.771,32.814],[129.7787,32.791],[129.8037,32.7723],[129.824,32.7361],[129.8238,32.722],[129.8591,32.7245],[129.8344,32.6941],[129.826,32.7048],[129.7969,32.6922],[129.8139,32.6834],[129.8145,32.6626],[129.783,32.6074],[129.734,32.5809],[129.7404,32.5684],[129.7631,32.58],[129.7829,32.5735],[129.7858,32.5831],[129.8323,32.6158],[129.8413,32.6394],[129.8554,32.6401],[129.8949,32.6627],[129.9034,32.6811],[129.9549,32.7452],[129.9585,32.7648],[129.9704,32.7446],[130.0324,32.7594],[130.0642,32.7848],[130.0938,32.7949],[130.1382,32.7888],[130.1481,32.7954],[130.1784,32.7929],[130.1902,32.7835],[130.1829,32.769],[130.2076,32.7522],[130.2103,32.7333],[130.1535,32.6862],[130.1281,32.6839],[130.1295,32.6411],[130.1696,32.6191],[130.166,32.593],[130.2315,32.61],[130.2365,32.6225],[130.2539,32.6248],[130.2682,32.6504],[130.3056,32.6514],[130.3417,32.6673],[130.3608,32.688],[130.3509,32.7041],[130.3758,32.7479],[130.3722,32.7934],[130.3394,32.8566],[130.3073,32.8763],[130.2436,32.8753],[130.195,32.8449],[130.1536,32.8425],[130.1223,32.8688],[130.1053,32.8759],[130.1491,32.8964],[130.1636,32.9093],[130.1885,32.9153],[130.2038,32.9289],[130.2041,32.9436]]],[[[128.8784,32.6739],[128.8421,32.7039],[128.8498,32.7427],[128.8423,32.7595],[128.8106,32.7661],[128.8085,32.7999],[128.7841,32.7882],[128.7792,32.7766],[128.7432,32.7583],[128.6997,32.7438],[128.679,32.7829],[128.6608,32.7828],[128.6418,32.7614],[128.6504,32.7445],[128.6426,32.7224],[128.6535,32.6996],[128.6527,32.6679],[128.6397,32.6413],[128.6318,32.6699],[128.6182,32.6597],[128.6004,32.6142],[128.6526,32.5911],[128.6629,32.6015],[128.736,32.6035],[128.7554,32.5805],[128.7731,32.5717],[128.7902,32.5864],[128.795,32.6101],[128.7722,32.6319],[128.7932,32.6525],[128.8155,32.6468],[128.8177,32.6346],[128.8579,32.6434],[128.8993,32.6425],[128.8784,32.6739]]],[[[129.098,32.9883],[129.0973,33.0181],[129.1027,33.0545],[129.1239,33.1092],[129.1086,33.1224],[129.1177,33.1589],[129.1082,33.1667],[129.0963,33.1254],[129.1066,33.1012],[129.1017,33.083],[129.0859,33.0762],[129.081,33.0568],[129.084,33.0234],[129.0676,33.0191],[129.0652,33.044],[129.0486,33.0396],[129.0426,33.0002],[129.0545,32.9793],[129.035,32.9674],[129.0204,32.9806],[128.9815,32.9604],[128.9794,32.9476],[129.0331,32.9333],[129.0478,32.91],[129.0415,32.896],[129.0404,32.8627],[129.0457,32.8221],[129.065,32.8178],[129.0679,32.8612],[129.0966,32.8569],[129.0925,32.9066],[129.1175,32.9358],[129.1372,32.9382],[129.1563,32.9585],[129.176,32.967],[129.1828,32.9847],[129.1696,33.0058],[129.1097,32.9829],[129.098,32.9883]]],[[[129.5557,33.4108],[129.5253,33.4049],[129.5235,33.3906],[129.5393,33.3795],[129.5229,33.3684],[129.5083,33.3821],[129.4951,33.3583],[129.4427,33.3481],[129.4373,33.2967],[129.4064,33.275],[129.4168,33.2369],[129.394,33.2395],[129.3777,33.2146],[129.4065,33.194],[129.3848,33.1835],[129.3607,33.1987],[129.3499,33.2135],[129.3425,33.1796],[129.376,33.1697],[129.4126,33.1783],[129.4466,33.1985],[129.4931,33.2452],[129.5011,33.28],[129.5143,33.298],[129.5383,33.3156],[129.5275,33.3235],[129.542,33.3357],[129.5622,33.3664],[129.5557,33.4108]]],[[[129.7764,33.7734],[129.7969,33.7864],[129.7668,33.8021],[129.7622,33.8231],[129.7673,33.8446],[129.7007,33.8616],[129.6886,33.8711],[129.6731,33.8322],[129.6784,33.8149],[129.6569,33.8155],[129.6603,33.7836],[129.687,33.766],[129.6769,33.7607],[129.6467,33.7728],[129.6571,33.7426],[129.6812,33.7442],[129.6773,33.7291],[129.7105,33.7008],[129.721,33.6977],[129.7228,33.7167],[129.7351,33.7367],[129.7839,33.7382],[129.7997,33.751],[129.7996,33.7648],[129.7764,33.7734]]],[[[129.3125,34.2798],[129.3014,34.2881],[129.3025,34.3078],[129.2802,34.3229],[129.2753,34.3076],[129.262,34.3078],[129.2241,34.2934],[129.2252,34.3274],[129.2074,34.3293],[129.1985,34.3162],[129.1893,34.2342],[129.1805,34.2272],[129.1759,34.1955],[129.1788,34.1698],[129.1704,34.1468],[129.1716,34.1068],[129.1903,34.1148],[129.2204,34.0889],[129.2483,34.0999],[129.2646,34.1238],[129.2766,34.1291],[129.2878,34.1651],[129.2972,34.1705],[129.3026,34.2093],[129.3248,34.2293],[129.3181,34.2584],[129.343,34.2783],[129.3426,34.2931],[129.3168,34.2945],[129.3125,34.2798]]],[[[129.4526,34.6195],[129.4809,34.6199],[129.4878,34.646],[129.4691,34.6526],[129.4878,34.6764],[129.4646,34.7008],[129.4233,34.6951],[129.4257,34.6778],[129.4097,34.6752],[129.3783,34.6449],[129.3233,34.6481],[129.3034,34.5869],[129.2891,34.5699],[129.2909,34.5561],[129.3085,34.5604],[129.3261,34.5354],[129.3049,34.5203],[129.276,34.4622],[129.2807,34.4506],[129.3109,34.4605],[129.2917,34.4408],[129.2686,34.4331],[129.2738,34.4129],[129.2723,34.3757],[129.2354,34.3681],[129.2289,34.3556],[129.272,34.3562],[129.2864,34.344],[129.2874,34.3658],[129.3093,34.3844],[129.3051,34.3432],[129.3162,34.3425],[129.3346,34.3606],[129.347,34.3559],[129.3451,34.3272],[129.3209,34.3338],[129.3055,34.3249],[129.3245,34.3046],[129.3438,34.3003],[129.3682,34.3074],[129.408,34.3516],[129.3881,34.3668],[129.3843,34.3834],[129.3932,34.4108],[129.3755,34.3944],[129.3595,34.3906],[129.3618,34.4055],[129.3843,34.424],[129.3795,34.4526],[129.4023,34.4816],[129.4461,34.5148],[129.4642,34.5543],[129.4782,34.5971],[129.4526,34.6195]]],[[[128.8998,32.8183],[128.863,32.8353],[128.875,32.8017],[128.8569,32.83],[128.8373,32.8338],[128.8352,32.7877],[128.8401,32.7776],[128.8665,32.765],[128.8823,32.7653],[128.9072,32.794],[128.8998,32.8183]]],[[[128.9531,32.8742],[128.9465,32.8802],[128.9295,32.8498],[128.9089,32.8664],[128.8909,32.8709],[128.8807,32.8626],[128.8958,32.8564],[128.924,32.8297],[128.9206,32.8207],[128.9451,32.8043],[128.9446,32.8234],[128.958,32.8415],[128.9531,32.8742]]],[[[129.0278,32.8998],[129.0096,32.9245],[128.9846,32.9292],[128.9793,32.9202],[128.9917,32.8898],[128.9646,32.8983],[128.968,32.8737],[128.9827,32.8623],[128.9968,32.8666],[129.0282,32.8557],[129.0278,32.8998]]],[[[129.1355,33.2999],[129.0891,33.2833],[129.0762,33.2688],[129.1032,33.2492],[129.1273,33.2475],[129.1496,33.269],[129.1355,33.2999]]],[[[129.5559,33.494],[129.5418,33.5073],[129.5067,33.4831],[129.5032,33.4737],[129.5269,33.4805],[129.5545,33.4735],[129.5764,33.4883],[129.5559,33.494]]]]},"properties":{"name":"Nagasaki","name_en":"Nagasaki Prefecture","name_ja":"長崎県","name_zh":"长崎县","name_ko":"나가사키현","adm0_a3":"JPN","iso_3166_2":"JP-42","type_en":"Prefecture","geonunit":"Japan"}},{"type":"Feature","geometry":{"type":"MultiPolygon","coordinates":[[[[130.3446,32.1618],[130.3826,32.1265],[130.4079,32.1137],[130.4244,32.1134],[130.5255,32.1398],[130.5898,32.1635],[130.6109,32.157],[130.6745,32.1122],[130.7124,32.0909],[130.7418,32.0935],[130.8108,32.0908],[130.8374,32.0957],[130.8837,32.1192],[130.9092,32.1219],[130.9369,32.115],[130.9674,32.1319],[130.9865,32.1545],[131.0056,32.1658],[131.053,32.1532],[131.0759,32.1556],[131.0784,32.1836],[131.055,32.2226],[131.0503,32.2462],[131.0809,32.2874],[131.0878,32.3137],[131.0542,32.3808],[131.0131,32.4223],[131,32.4601],[131.0041,32.4874],[131.0225,32.5341],[131.0466,32.5645],[131.0857,32.5713],[131.1,32.5864],[131.1046,32.6141],[131.1254,32.646],[131.1596,32.6757],[131.1814,32.7087],[131.2104,32.7347],[131.2423,32.7933],[131.2705,32.8105],[131.3239,32.8223],[131.2621,32.8663],[131.2462,32.8939],[131.2401,32.9545],[131.2347,32.9752],[131.2014,33.042],[131.1723,33.0741],[131.1408,33.126],[131.1249,33.1424],[131.0594,33.1806],[131.0289,33.177],[131.008,33.1667],[130.9776,33.1607],[130.973,33.1446],[130.9797,33.1199],[131.0097,33.0795],[130.9909,33.0331],[130.9512,33.0323],[130.8708,33.0708],[130.8347,33.0809],[130.7868,33.1005],[130.7286,33.1345],[130.6852,33.14],[130.6731,33.1353],[130.6359,33.1043],[130.5799,33.0984],[130.5637,33.0917],[130.5218,33.0616],[130.499,33.034],[130.5019,33.0098],[130.484,32.9947],[130.4451,32.9895],[130.4292,32.9805],[130.4331,32.9417],[130.4413,32.9237],[130.4702,32.9097],[130.5161,32.8685],[130.593,32.8159],[130.613,32.7812],[130.592,32.7487],[130.6014,32.7261],[130.626,32.704],[130.5765,32.6984],[130.5442,32.6767],[130.4753,32.647],[130.448,32.6214],[130.4617,32.6152],[130.478,32.622],[130.6414,32.6483],[130.6683,32.6487],[130.6413,32.6075],[130.5701,32.5546],[130.5677,32.5342],[130.5988,32.5054],[130.5701,32.5056],[130.5505,32.4917],[130.5676,32.4777],[130.5713,32.4519],[130.562,32.4271],[130.5405,32.416],[130.51,32.3785],[130.5125,32.3382],[130.5032,32.3272],[130.4771,32.349],[130.4617,32.3272],[130.4637,32.3094],[130.444,32.2878],[130.431,32.2571],[130.3587,32.1907],[130.3587,32.1727],[130.3446,32.1618]]],[[[130.1531,32.2038],[130.1211,32.2126],[130.1111,32.1933],[130.1232,32.1589],[130.1333,32.1491],[130.1278,32.1323],[130.1493,32.1105],[130.1673,32.1143],[130.1941,32.1764],[130.1873,32.1964],[130.1531,32.2038]]],[[[130.41,32.5116],[130.3833,32.5094],[130.363,32.5271],[130.3416,32.5144],[130.3052,32.5041],[130.2678,32.4842],[130.2479,32.4646],[130.2186,32.456],[130.2131,32.4365],[130.242,32.3955],[130.2844,32.4075],[130.3245,32.4098],[130.3539,32.4241],[130.3623,32.375],[130.3928,32.3972],[130.4348,32.4927],[130.4685,32.5116],[130.457,32.5256],[130.41,32.5116]]],[[[130.1605,32.5463],[130.1398,32.5477],[130.0769,32.531],[130.0565,32.5212],[130.033,32.5219],[130.0029,32.5334],[130.0254,32.5021],[130.0303,32.4824],[129.9944,32.4241],[129.989,32.4045],[129.9955,32.3887],[129.9805,32.3756],[129.9753,32.3554],[129.9915,32.3144],[130.0088,32.3059],[130.0303,32.3136],[130.0643,32.3068],[130.0532,32.2965],[130.0166,32.2931],[129.9653,32.2582],[129.9583,32.2375],[129.9758,32.2459],[129.9973,32.244],[130.0091,32.2521],[129.9944,32.1999],[129.9955,32.1907],[130.0369,32.1998],[130.075,32.2208],[130.1053,32.2521],[130.1333,32.2651],[130.1577,32.3102],[130.1907,32.3236],[130.2034,32.3389],[130.2083,32.3733],[130.2015,32.3955],[130.199,32.4802],[130.1895,32.5218],[130.1605,32.5463]]],[[[130.2439,32.3018],[130.2171,32.2869],[130.2107,32.2554],[130.2428,32.2631],[130.2664,32.2871],[130.2439,32.3018]]],[[[130.4468,32.5968],[130.4529,32.611],[130.4365,32.6207],[130.4136,32.6136],[130.3988,32.5932],[130.4114,32.5739],[130.4092,32.5493],[130.4458,32.5526],[130.4526,32.5906],[130.4468,32.5968]]]]},"properties":{"name":"Kumamoto","name_en":"Kumamoto Prefecture","name_ja":"熊本県","name_zh":"熊本县","name_ko":"구마모토현","adm0_a3":"JPN","postal":"KM","iso_3166_2":"JP-43","type_en":"Prefecture","region":"Kyushu","geonunit":"Japan"}},{"type":"Feature","geometry":{"type":"Polygon","coordinates":[[[131.8723,32.7316],[131.8392,32.7341],[131.8302,32.7524],[131.8192,32.7984],[131.8092,32.809],[131.7612,32.8222],[131.7349,32.8204],[131.7208,32.8058],[131.6957,32.7658],[131.6833,32.7633],[131.5903,32.7598],[131.5397,32.743],[131.5156,32.7459],[131.5019,32.7592],[131.5031,32.7928],[131.4901,32.8085],[131.4642,32.8179],[131.4215,32.8048],[131.3566,32.8046],[131.3239,32.8223],[131.2705,32.8105],[131.2423,32.7933],[131.2104,32.7347],[131.1814,32.7087],[131.1596,32.6757],[131.1254,32.646],[131.1046,32.6141],[131.1,32.5864],[131.0857,32.5713],[131.0466,32.5645],[131.0225,32.5341],[131.0041,32.4874],[131,32.4601],[131.0131,32.4223],[131.0542,32.3808],[131.0878,32.3137],[131.0809,32.2874],[131.0503,32.2462],[131.055,32.2226],[131.0784,32.1836],[131.0759,32.1556],[131.053,32.1532],[131.0056,32.1658],[130.9865,32.1545],[130.9674,32.1319],[130.9369,32.115],[130.9092,32.1219],[130.8837,32.1192],[130.8374,32.0957],[130.8108,32.0908],[130.7418,32.0935],[130.7124,32.0909],[130.7001,32.067],[130.7212,32.0411],[130.7839,31.9548],[130.8238,31.9196],[130.847,31.9095],[130.8734,31.8876],[130.8812,31.8702],[130.8764,31.8244],[130.881,31.8013],[130.897,31.7843],[130.9655,31.7607],[131.0024,31.7235],[131.0166,31.6759],[131.0359,31.6454],[131.1008,31.6194],[131.156,31.6127],[131.1748,31.6003],[131.1918,31.5747],[131.1866,31.525],[131.1814,31.5118],[131.1506,31.4713],[131.1786,31.4524],[131.2127,31.4547],[131.2386,31.4284],[131.2498,31.3881],[131.2659,31.3812],[131.325,31.3881],[131.3182,31.3751],[131.3382,31.3726],[131.3455,31.395],[131.3638,31.4197],[131.3762,31.4744],[131.3937,31.491],[131.3853,31.5269],[131.3908,31.5488],[131.4115,31.5861],[131.4553,31.6209],[131.4505,31.6511],[131.4753,31.7622],[131.4963,31.796],[131.468,31.8049],[131.4476,31.8474],[131.4473,31.8769],[131.4586,31.9055],[131.5305,32.1074],[131.5503,32.1695],[131.5624,32.2179],[131.5804,32.254],[131.5925,32.3037],[131.6028,32.3236],[131.6195,32.3371],[131.6218,32.3603],[131.6335,32.3955],[131.6531,32.4013],[131.6891,32.4217],[131.6566,32.4574],[131.6598,32.4768],[131.6955,32.4682],[131.7173,32.473],[131.7365,32.4917],[131.7189,32.5087],[131.6956,32.5115],[131.6821,32.5351],[131.7088,32.5859],[131.7433,32.588],[131.7669,32.6208],[131.7678,32.6441],[131.8219,32.7027],[131.8479,32.6818],[131.8559,32.6861],[131.8594,32.7177],[131.8723,32.7316]]]},"properties":{"name":"Miyazaki","name_en":"Miyazaki Prefecture","name_ja":"宮崎県","name_zh":"宫崎县","name_ko":"미야자키현","adm0_a3":"JPN","postal":"MZ","iso_3166_2":"JP-45","type_en":"Prefecture","region":"Kyushu","geonunit":"Japan"}},{"type":"Feature","geometry":{"type":"Polygon","coordinates":[[[134.4424,34.2083],[134.4197,34.1615],[134.3959,34.1542],[134.3602,34.164],[134.2197,34.1626],[134.1721,34.1577],[134.1367,34.1437],[134.1234,34.1228],[134.0912,34.1064],[134.0341,34.0956],[133.9997,34.0791],[133.9654,34.072],[133.9413,34.0782],[133.9184,34.0954],[133.8999,34.1007],[133.8282,34.0929],[133.7911,34.0652],[133.7571,34.0589],[133.7039,34.0215],[133.6606,33.9979],[133.6689,33.9278],[133.6668,33.9013],[133.6479,33.8557],[133.7433,33.8266],[133.8132,33.8234],[133.885,33.7901],[133.9221,33.7864],[133.9547,33.8124],[133.9735,33.816],[134.0175,33.8108],[134.0278,33.8033],[134.0523,33.7484],[134.0602,33.6793],[134.1323,33.6722],[134.1587,33.6562],[134.1631,33.6343],[134.1548,33.6092],[134.1901,33.5515],[134.2351,33.5404],[134.249,33.5436],[134.2957,33.5303],[134.3137,33.5431],[134.3123,33.5725],[134.3395,33.5771],[134.3605,33.5887],[134.3638,33.6008],[134.3886,33.6236],[134.3762,33.6357],[134.404,33.6545],[134.4573,33.6709],[134.5384,33.7169],[134.5464,33.7325],[134.5707,33.7364],[134.5794,33.7642],[134.6078,33.766],[134.6168,33.7826],[134.6519,33.7864],[134.6647,33.7985],[134.7512,33.8349],[134.74,33.8403],[134.6898,33.8281],[134.7171,33.848],[134.6608,33.8464],[134.6463,33.8531],[134.6624,33.8759],[134.6868,33.8862],[134.7029,33.9062],[134.7026,33.9373],[134.696,33.9519],[134.6629,33.9689],[134.637,34.0107],[134.6116,33.997],[134.5998,34.0095],[134.5952,34.046],[134.6078,34.0676],[134.6052,34.1108],[134.6227,34.1345],[134.6237,34.1508],[134.6421,34.1793],[134.6078,34.1843],[134.6272,34.1879],[134.6272,34.2097],[134.6469,34.2393],[134.6279,34.2331],[134.6103,34.216],[134.594,34.2138],[134.6111,34.2394],[134.6071,34.2508],[134.5942,34.2321],[134.5609,34.2214],[134.4952,34.2242],[134.4686,34.2075],[134.4424,34.2083]]]},"properties":{"name":"Tokushima","name_en":"Tokushima Prefecture","name_ja":"徳島県","name_zh":"德岛县","name_ko":"도쿠시마현","adm0_a3":"JPN","postal":"TS","iso_3166_2":"JP-36","type_en":"Prefecture","region":"Shikoku","geonunit":"Japan"}},{"type":"Feature","geometry":{"type":"MultiPolygon","coordinates":[[[[133.5919,34.0238],[133.6467,34.0121],[133.6606,33.9979],[133.7039,34.0215],[133.7571,34.0589],[133.7911,34.0652],[133.8282,34.0929],[133.8999,34.1007],[133.9184,34.0954],[133.9413,34.0782],[133.9654,34.072],[133.9997,34.0791],[134.0341,34.0956],[134.0912,34.1064],[134.1234,34.1228],[134.1367,34.1437],[134.1721,34.1577],[134.2197,34.1626],[134.3602,34.164],[134.3959,34.1542],[134.4197,34.1615],[134.4424,34.2083],[134.4157,34.2242],[134.3967,34.2495],[134.3577,34.2464],[134.3218,34.2689],[134.2969,34.2753],[134.2578,34.2942],[134.2713,34.3231],[134.2168,34.355],[134.1904,34.3254],[134.1663,34.3249],[134.1616,34.3625],[134.153,34.3857],[134.1275,34.3898],[134.1169,34.3605],[134.1008,34.3762],[134.0813,34.3477],[134.0462,34.355],[134.0213,34.3492],[134.0012,34.3522],[133.9465,34.3762],[133.8997,34.3642],[133.8742,34.3283],[133.8436,34.3122],[133.782,34.2883],[133.7014,34.2313],[133.6726,34.2231],[133.6545,34.239],[133.6375,34.2336],[133.6092,34.239],[133.5584,34.2595],[133.5723,34.2422],[133.6204,34.2117],[133.6411,34.1846],[133.6481,34.1247],[133.6413,34.0792],[133.6209,34.0456],[133.5919,34.0238]]],[[[134.3674,34.5543],[134.2713,34.5407],[134.2283,34.5184],[134.2038,34.5124],[134.1751,34.5201],[134.1717,34.4859],[134.1614,34.4792],[134.1702,34.4655],[134.2234,34.4724],[134.2487,34.4532],[134.2444,34.4177],[134.2624,34.4209],[134.2991,34.4649],[134.3206,34.4689],[134.325,34.4537],[134.3059,34.445],[134.3328,34.4448],[134.3469,34.4308],[134.3689,34.4844],[134.3743,34.5133],[134.3633,34.5454],[134.3674,34.5543]]],[[[133.7157,34.3961],[133.7083,34.3973],[133.6885,34.3662],[133.7031,34.3518],[133.7258,34.3714],[133.7157,34.3961]]],[[[134.049,34.4744],[134.084,34.4598],[134.1045,34.4903],[134.0834,34.5007],[134.0383,34.4833],[134.049,34.4744]]]]},"properties":{"name":"Kagawa","name_en":"Kagawa Prefecture","name_ja":"香川県","name_zh":"香川县","name_ko":"가가와현","adm0_a3":"JPN","postal":"KG","iso_3166_2":"JP-37","type_en":"Prefecture","region":"Shikoku","geonunit":"Japan"}},{"type":"Feature","geometry":{"type":"MultiPolygon","coordinates":[[[[132.6399,32.9089],[132.6694,32.9423],[132.6753,32.9628],[132.6717,33.0011],[132.6485,33.0458],[132.6483,33.069],[132.6177,33.1253],[132.6138,33.145],[132.6326,33.152],[132.6733,33.1229],[132.6958,33.1307],[132.7243,33.1677],[132.7586,33.1882],[132.7736,33.239],[132.8019,33.2614],[132.8596,33.2904],[132.8767,33.3027],[132.8781,33.3264],[132.848,33.3528],[132.8159,33.389],[132.8039,33.4354],[132.8202,33.4502],[132.9503,33.4497],[132.9858,33.4613],[133.0354,33.5117],[133.0452,33.5346],[133.045,33.5647],[133.0662,33.618],[133.0969,33.6471],[133.1168,33.6723],[133.1479,33.7297],[133.1788,33.7716],[133.2229,33.7736],[133.2684,33.8048],[133.3023,33.8052],[133.335,33.813],[133.3839,33.8132],[133.4685,33.8193],[133.4941,33.8246],[133.5154,33.837],[133.5603,33.8531],[133.6479,33.8557],[133.6668,33.9013],[133.6689,33.9278],[133.6606,33.9979],[133.6467,34.0121],[133.5919,34.0238],[133.5486,33.9809],[133.511,33.9652],[133.4863,33.9667],[133.4148,33.9857],[133.3599,33.9827],[133.3226,33.9906],[133.2998,33.981],[133.279,33.9833],[133.2489,33.9741],[133.2437,33.9563],[133.1733,33.9406],[133.1467,33.9315],[133.127,33.9333],[133.0866,33.9493],[133.0603,33.9914],[133.0318,34.0527],[132.9424,34.1413],[132.9288,34.1199],[132.8975,34.1227],[132.8954,34.1132],[132.9262,34.1117],[132.9303,34.0944],[132.9191,34.0684],[132.8624,34.0559],[132.8472,34.04],[132.7699,33.9963],[132.7725,33.9559],[132.7575,33.9349],[132.7549,33.9103],[132.7124,33.9045],[132.6901,33.8139],[132.6971,33.7567],[132.6766,33.7156],[132.6455,33.6896],[132.6017,33.6604],[132.5006,33.625],[132.4705,33.6021],[132.4417,33.5729],[132.4285,33.5476],[132.4124,33.535],[132.2937,33.4854],[132.2646,33.4641],[132.2407,33.4646],[132.2219,33.454],[132.1998,33.455],[132.1553,33.437],[132.1666,33.4202],[132.1355,33.42],[132.0943,33.4085],[132.0105,33.349],[132.0255,33.3449],[132.1103,33.3867],[132.1016,33.3701],[132.1307,33.3636],[132.15,33.3892],[132.1797,33.407],[132.2536,33.4407],[132.2786,33.4473],[132.3078,33.4643],[132.3222,33.4576],[132.3446,33.4672],[132.3811,33.4661],[132.4212,33.4445],[132.3944,33.4234],[132.4081,33.4166],[132.3911,33.3979],[132.3906,33.375],[132.4024,33.3626],[132.4212,33.3756],[132.4155,33.3415],[132.3841,33.3309],[132.3787,33.3195],[132.4201,33.3044],[132.4868,33.3161],[132.5256,33.3147],[132.4847,33.2908],[132.4846,33.2765],[132.5077,33.2579],[132.5414,33.2626],[132.5245,33.25],[132.5484,33.2269],[132.5138,33.2133],[132.5027,33.1987],[132.5051,33.1812],[132.4857,33.1692],[132.4612,33.1914],[132.4597,33.204],[132.4201,33.2098],[132.3947,33.2039],[132.3986,33.1872],[132.4237,33.1992],[132.4586,33.1737],[132.438,33.1682],[132.4354,33.1558],[132.4502,33.1367],[132.4901,33.1328],[132.4758,33.1149],[132.4491,33.1149],[132.469,33.0958],[132.4627,33.0677],[132.4832,33.0677],[132.4715,33.0556],[132.4518,33.0529],[132.4079,33.0693],[132.3969,33.058],[132.4004,33.0439],[132.3824,33.0198],[132.3967,33.0166],[132.4197,33.0519],[132.4411,33.0437],[132.4715,33.0407],[132.5015,32.9932],[132.4829,32.9705],[132.494,32.9489],[132.4723,32.9337],[132.4905,32.9012],[132.5208,32.8893],[132.5379,32.8958],[132.5173,32.9094],[132.5242,32.9302],[132.572,32.9231],[132.5755,32.9318],[132.6184,32.9069],[132.6399,32.9089]]],[[[132.9995,34.2084],[133.0348,34.2073],[133.0518,34.2223],[133.0557,34.2424],[133.0449,34.2731],[133.03,34.2953],[133.01,34.2912],[132.9697,34.2526],[132.9917,34.2423],[132.9859,34.227],[132.9629,34.2185],[132.9548,34.1982],[132.9639,34.1919],[132.9995,34.2084]]],[[[132.6414,34.0141],[132.5964,33.9809],[132.5869,33.9697],[132.6004,33.9499],[132.6345,33.9648],[132.6443,34.0009],[132.6414,34.0141]]],[[[133.0935,34.1743],[133.0554,34.1935],[133.0331,34.1894],[133.0262,34.1762],[133.0368,34.1533],[133.02,34.1496],[133.0171,34.1188],[133.0278,34.1116],[133.0452,34.1184],[133.0944,34.1604],[133.0935,34.1743]]]]},"properties":{"name":"Ehime","name_en":"Ehime Prefecture","name_ja":"愛媛県","name_zh":"爱媛县","name_ko":"에히메현","adm0_a3":"JPN","postal":"EH","iso_3166_2":"JP-38","type_en":"Prefecture","region":"Shikoku","geonunit":"Japan"}},{"type":"Feature","geometry":{"type":"MultiPolygon","coordinates":[[[[134.2957,33.5303],[134.249,33.5436],[134.2351,33.5404],[134.1901,33.5515],[134.1548,33.6092],[134.1631,33.6343],[134.1587,33.6562],[134.1323,33.6722],[134.0602,33.6793],[134.0523,33.7484],[134.0278,33.8033],[134.0175,33.8108],[133.9735,33.816],[133.9547,33.8124],[133.9221,33.7864],[133.885,33.7901],[133.8132,33.8234],[133.7433,33.8266],[133.6479,33.8557],[133.5603,33.8531],[133.5154,33.837],[133.4941,33.8246],[133.4685,33.8193],[133.3839,33.8132],[133.335,33.813],[133.3023,33.8052],[133.2684,33.8048],[133.2229,33.7736],[133.1788,33.7716],[133.1479,33.7297],[133.1168,33.6723],[133.0969,33.6471],[133.0662,33.618],[133.045,33.5647],[133.0452,33.5346],[133.0354,33.5117],[132.9858,33.4613],[132.9503,33.4497],[132.8202,33.4502],[132.8039,33.4354],[132.8159,33.389],[132.848,33.3528],[132.8781,33.3264],[132.8767,33.3027],[132.8596,33.2904],[132.8019,33.2614],[132.7736,33.239],[132.7586,33.1882],[132.7243,33.1677],[132.6958,33.1307],[132.6733,33.1229],[132.6326,33.152],[132.6138,33.145],[132.6177,33.1253],[132.6483,33.069],[132.6485,33.0458],[132.6717,33.0011],[132.6753,32.9628],[132.6694,32.9423],[132.6399,32.9089],[132.7092,32.9094],[132.7052,32.8972],[132.663,32.8568],[132.646,32.8257],[132.6234,32.7995],[132.6199,32.773],[132.6277,32.7521],[132.6646,32.7789],[132.7114,32.7895],[132.7576,32.7524],[132.7915,32.7407],[132.8122,32.7403],[132.8584,32.7696],[132.8721,32.7687],[132.8811,32.7524],[132.8928,32.7742],[132.9151,32.778],[132.9568,32.7586],[132.9766,32.7245],[133.0022,32.7117],[133.028,32.7206],[133.0276,32.7397],[133.0173,32.7579],[132.9555,32.8146],[132.9551,32.8526],[132.9611,32.8641],[132.9899,32.8626],[133.0025,32.8693],[133.0093,32.9035],[132.9944,32.949],[133.0017,32.987],[133.0183,33.024],[133.0528,33.0395],[133.0899,33.0193],[133.0978,33.0235],[133.0971,33.0481],[133.1324,33.089],[133.165,33.1372],[133.1901,33.1633],[133.2098,33.151],[133.2254,33.1591],[133.2153,33.1875],[133.2533,33.2191],[133.2585,33.2421],[133.2708,33.2595],[133.252,33.2947],[133.2546,33.3262],[133.2694,33.3469],[133.3123,33.3756],[133.326,33.3688],[133.3231,33.3513],[133.365,33.3876],[133.4148,33.3931],[133.4397,33.4017],[133.4551,33.4147],[133.4504,33.4309],[133.4659,33.4543],[133.5893,33.5019],[133.6077,33.5158],[133.6721,33.5289],[133.7394,33.5375],[133.7631,33.5198],[133.8549,33.5001],[133.9252,33.4937],[133.9421,33.4589],[133.9688,33.4357],[134.0255,33.4154],[134.0401,33.3841],[134.08,33.339],[134.108,33.3149],[134.1062,33.2943],[134.1418,33.2918],[134.1765,33.2361],[134.1903,33.2483],[134.1985,33.3103],[134.2145,33.3766],[134.2446,33.4608],[134.2732,33.508],[134.2957,33.5303]]],[[[132.562,32.7421],[132.5486,32.7508],[132.5399,32.7338],[132.5497,32.7043],[132.5708,32.7173],[132.562,32.7421]]]]},"properties":{"name":"Kōchi","name_en":"Kōchi Prefecture","name_ja":"高知県","name_zh":"高知县","name_ko":"고치현","adm0_a3":"JPN","postal":"KC","iso_3166_2":"JP-39","type_en":"Prefecture","region":"Shikoku","geonunit":"Japan"}},{"type":"Feature","geometry":{"type":"MultiPolygon","coordinates":[[[[133.1213,36.1098],[133.0935,36.1028],[133.0813,36.0801],[133.0791,36.0209],[133.1232,36.0629],[133.1354,36.0895],[133.1213,36.1098]]],[[[133.0742,36.1279],[133.0387,36.1308],[132.9695,36.082],[132.9494,36.062],[132.9815,36.0399],[133.0041,36.0483],[132.9904,36.0771],[133.0149,36.0798],[133.027,36.0563],[133.0558,36.0618],[133.0518,36.0855],[133.0584,36.1032],[133.0872,36.1108],[133.0876,36.127],[133.0742,36.1279]]],[[[131.6756,34.6721],[131.6856,34.6158],[131.7034,34.571],[131.6671,34.4961],[131.6811,34.4678],[131.6792,34.4471],[131.6965,34.429],[131.7685,34.4161],[131.7725,34.4038],[131.7514,34.3735],[131.7532,34.3518],[131.7714,34.3143],[131.7951,34.3017],[131.8454,34.3031],[131.8963,34.3177],[131.9468,34.306],[131.9662,34.3434],[131.9936,34.3535],[132.002,34.3639],[131.9899,34.3862],[131.9916,34.4134],[132.0504,34.4578],[132.0413,34.4952],[132.0639,34.5265],[132.0949,34.5534],[132.1098,34.5776],[132.1233,34.6248],[132.1474,34.6592],[132.1421,34.693],[132.1533,34.7165],[132.2075,34.7484],[132.2479,34.7829],[132.2765,34.7685],[132.3522,34.7869],[132.3904,34.7789],[132.4241,34.7997],[132.4692,34.792],[132.5091,34.7895],[132.5455,34.7991],[132.587,34.8176],[132.6679,34.8382],[132.6779,34.8442],[132.6727,34.8662],[132.6414,34.8839],[132.6425,34.8947],[132.6694,34.922],[132.6937,34.9377],[132.7293,34.9502],[132.7471,34.9622],[132.8084,35.0276],[132.8392,35.0665],[132.8757,35.0778],[132.9388,35.0688],[132.994,35.0805],[133.0229,35.0665],[133.0544,35.0634],[133.097,35.0715],[133.1279,35.0673],[133.1476,35.1219],[133.1723,35.1578],[133.175,35.174],[133.1644,35.2059],[133.1875,35.2225],[133.2716,35.2558],[133.2932,35.2692],[133.2998,35.2824],[133.2974,35.3338],[133.3064,35.3963],[133.3233,35.406],[133.317,35.4236],[133.2873,35.4333],[133.2499,35.4561],[133.2195,35.5015],[133.2008,35.5165],[133.2097,35.5242],[133.2575,35.5362],[133.2701,35.5496],[133.326,35.5685],[133.3088,35.5772],[133.2664,35.5742],[133.2393,35.5636],[133.2232,35.5685],[133.2247,35.5829],[133.2071,35.5728],[133.1565,35.5626],[133.0913,35.6015],[133.0814,35.5753],[133.0518,35.5737],[133.0335,35.546],[133.0144,35.5408],[132.9732,35.5419],[132.9697,35.517],[132.8649,35.511],[132.8048,35.4952],[132.7754,35.481],[132.7255,35.4708],[132.7547,35.4562],[132.7344,35.4486],[132.6821,35.449],[132.6354,35.441],[132.6238,35.4311],[132.6311,35.4198],[132.6708,35.3995],[132.6714,35.3551],[132.6633,35.3295],[132.6387,35.2946],[132.6211,35.2844],[132.5756,35.2733],[132.5319,35.2577],[132.5297,35.2449],[132.4958,35.2325],[132.4081,35.1751],[132.3866,35.1455],[132.3799,35.125],[132.3266,35.0921],[132.3168,35.0623],[132.2708,35.0403],[132.2365,35.0348],[132.2163,35.0136],[132.1318,34.9586],[132.0633,34.9075],[132.0539,34.8723],[132.0346,34.8766],[131.9973,34.8372],[131.957,34.813],[131.9013,34.7705],[131.8738,34.7592],[131.8584,34.7145],[131.7904,34.6861],[131.7461,34.6754],[131.6756,34.6721]]],[[[133.0125,36.0148],[133.0278,35.9936],[133.0791,35.9936],[133.0452,36.02],[133.0242,36.0256],[133.0125,36.0148]]],[[[133.367,36.2742],[133.3486,36.2976],[133.3294,36.3049],[133.3202,36.3218],[133.2928,36.3306],[133.292,36.3425],[133.2095,36.2972],[133.1963,36.278],[133.1878,36.2161],[133.2564,36.165],[133.326,36.1581],[133.3374,36.1656],[133.3377,36.1844],[133.326,36.1916],[133.3435,36.2043],[133.3602,36.1916],[133.3792,36.2082],[133.3818,36.2577],[133.367,36.2742]]]]},"properties":{"name":"Shimane","name_en":"Shimane Prefecture","name_ja":"島根県","name_zh":"岛根县","name_ko":"시마네현","adm0_a3":"JPN","postal":"SM","iso_3166_2":"JP-32","type_en":"Prefecture","region":"Chugoku","geonunit":"Japan"}},{"type":"Feature","geometry":{"type":"MultiPolygon","coordinates":[[[[132.2404,34.1898],[132.1998,34.2015],[132.144,34.2284],[132.1264,34.2488],[132.0709,34.3595],[132.0611,34.4351],[132.0504,34.4578],[131.9916,34.4134],[131.9899,34.3862],[132.002,34.3639],[131.9936,34.3535],[131.9662,34.3434],[131.9468,34.306],[131.8963,34.3177],[131.8454,34.3031],[131.7951,34.3017],[131.7714,34.3143],[131.7532,34.3518],[131.7514,34.3735],[131.7725,34.4038],[131.7685,34.4161],[131.6965,34.429],[131.6792,34.4471],[131.6811,34.4678],[131.6671,34.4961],[131.7034,34.571],[131.6856,34.6158],[131.6756,34.6721],[131.6564,34.6536],[131.6152,34.6649],[131.5969,34.6596],[131.5959,34.6168],[131.5573,34.6149],[131.551,34.5815],[131.5208,34.5519],[131.4827,34.5276],[131.4548,34.5191],[131.4619,34.4993],[131.4133,34.4539],[131.4143,34.424],[131.3651,34.4157],[131.3347,34.4161],[131.3231,34.393],[131.2845,34.3842],[131.2362,34.3823],[131.209,34.3693],[131.2161,34.3969],[131.2295,34.4177],[131.251,34.4191],[131.2812,34.408],[131.2526,34.4374],[131.1927,34.4248],[131.1713,34.4295],[131.1736,34.4102],[131.1917,34.3936],[131.1727,34.3677],[131.1408,34.3785],[131.1339,34.4116],[131.0994,34.4133],[131.0747,34.4248],[131.0373,34.4111],[131.0098,34.4103],[131.0028,34.4259],[130.9764,34.439],[130.9478,34.4189],[130.9339,34.396],[130.9551,34.4035],[131.0036,34.3929],[131.0336,34.3818],[130.9961,34.3693],[130.9548,34.3617],[130.9274,34.3489],[130.8999,34.355],[130.8897,34.3312],[130.8862,34.3004],[130.8716,34.2792],[130.8916,34.2598],[130.9104,34.2249],[130.9234,34.1838],[130.9111,34.1545],[130.8732,34.1291],[130.8616,34.1127],[130.8784,34.0679],[130.9039,34.0658],[130.9126,34.0533],[130.9053,34.0296],[130.9171,34.0109],[130.9097,33.9737],[130.8994,33.9499],[130.8802,33.9504],[130.8794,33.9379],[130.9158,33.914],[130.9321,33.9454],[130.9686,33.9714],[131.014,34.0148],[131.0356,34.048],[131.1032,34.0302],[131.124,33.9999],[131.166,33.9771],[131.1603,33.9528],[131.1782,33.9305],[131.2207,33.9504],[131.2258,33.935],[131.2498,33.9379],[131.258,33.9248],[131.2722,33.9268],[131.322,33.9531],[131.3557,33.9894],[131.3899,34.0397],[131.4006,34.0329],[131.4022,33.9993],[131.3933,33.9857],[131.4097,33.9831],[131.4206,33.9994],[131.4282,33.9859],[131.4496,33.9822],[131.4567,33.9993],[131.4743,34.014],[131.469,34.0267],[131.4829,34.0321],[131.5105,34.0124],[131.551,33.9994],[131.5623,34.0046],[131.5676,33.9863],[131.593,33.9917],[131.5974,34.0026],[131.5851,34.0267],[131.5933,34.0373],[131.6062,34.0267],[131.6449,34.0289],[131.6887,34.0472],[131.7034,34.0442],[131.7415,34.0562],[131.7996,34.0377],[131.8239,34.0202],[131.7775,33.9857],[131.7914,33.9641],[131.8265,33.9652],[131.8123,33.9714],[131.8337,33.9947],[131.8521,33.9984],[131.8936,33.9714],[131.9419,33.9509],[131.9723,33.9168],[131.9948,33.9135],[132.0578,33.8953],[132.0995,33.8723],[132.1133,33.8449],[132.1089,33.8303],[132.0872,33.8251],[132.0785,33.8349],[132.0654,33.807],[132.0444,33.7933],[132.0414,33.7763],[132.0759,33.7871],[132.1058,33.809],[132.1501,33.8301],[132.1616,33.8417],[132.1599,33.8573],[132.1389,33.895],[132.1338,33.9134],[132.1426,33.9464],[132.1815,33.9578],[132.2132,33.9897],[132.2109,34.0252],[132.1991,34.0648],[132.2019,34.1086],[132.2389,34.1426],[132.2404,34.1898]]],[[[132.2437,33.7933],[132.2088,33.8001],[132.1883,33.7797],[132.2044,33.7821],[132.2363,33.7685],[132.2741,33.7722],[132.2437,33.7933]]],[[[132.2362,33.869],[132.2845,33.8616],[132.2981,33.884],[132.3286,33.8751],[132.3284,33.8565],[132.3406,33.845],[132.374,33.8417],[132.3807,33.8864],[132.3945,33.8993],[132.4365,33.9036],[132.4695,33.9379],[132.4276,33.9399],[132.4097,33.9339],[132.3953,33.9155],[132.374,33.9168],[132.3401,33.8972],[132.3262,33.8963],[132.2982,33.9305],[132.2536,33.9501],[132.2261,33.9527],[132.2019,33.9448],[132.1863,33.9212],[132.1934,33.8977],[132.2163,33.8554],[132.2362,33.869]]]]},"properties":{"name":"Yamaguchi","name_en":"Yamaguchi Prefecture","name_ja":"山口県","name_zh":"山口县","name_ko":"야마구치현","adm0_a3":"JPN","postal":"YC","iso_3166_2":"JP-35","type_en":"Prefecture","region":"Chugoku","geonunit":"Japan"}},{"type":"Feature","geometry":{"type":"Polygon","coordinates":[[[133.2575,35.5362],[133.2097,35.5242],[133.2008,35.5165],[133.2195,35.5015],[133.2499,35.4561],[133.2873,35.4333],[133.317,35.4236],[133.3233,35.406],[133.3064,35.3963],[133.2974,35.3338],[133.2998,35.2824],[133.2932,35.2692],[133.2716,35.2558],[133.1875,35.2225],[133.1644,35.2059],[133.175,35.174],[133.1723,35.1578],[133.1476,35.1219],[133.1279,35.0673],[133.166,35.0615],[133.2294,35.06],[133.2643,35.0506],[133.2895,35.0725],[133.3601,35.0953],[133.3832,35.1151],[133.3829,35.1418],[133.3972,35.1566],[133.4471,35.1587],[133.5042,35.1812],[133.507,35.2114],[133.55,35.2504],[133.5609,35.2816],[133.5799,35.3152],[133.6079,35.3223],[133.7352,35.2953],[133.7843,35.27],[133.8111,35.2422],[133.8342,35.2431],[133.8566,35.273],[133.9007,35.2924],[133.9291,35.3194],[133.95,35.3262],[133.9869,35.325],[133.9997,35.3167],[134.0066,35.2879],[134.0812,35.2792],[134.1136,35.2607],[134.1316,35.2428],[134.1645,35.1674],[134.1746,35.1616],[134.2473,35.1858],[134.2961,35.1857],[134.3254,35.1925],[134.3957,35.2292],[134.4365,35.2175],[134.4627,35.2253],[134.5048,35.2582],[134.5107,35.2888],[134.5021,35.3324],[134.4785,35.3619],[134.468,35.4001],[134.4444,35.4387],[134.4168,35.5442],[134.3984,35.5786],[134.3656,35.6],[134.3615,35.5958],[134.2939,35.5859],[134.2816,35.5649],[134.2378,35.5467],[134.1737,35.5363],[134.0348,35.5194],[134.0084,35.537],[133.9115,35.5146],[133.7311,35.5029],[133.6326,35.5213],[133.5802,35.5336],[133.5256,35.5224],[133.4412,35.491],[133.4174,35.4565],[133.4002,35.4543],[133.3296,35.4655],[133.2647,35.4962],[133.2542,35.5218],[133.2575,35.5362]]]},"properties":{"name":"Tottori","name_en":"Tottori Prefecture","name_ja":"鳥取県","name_zh":"鸟取县","name_ko":"돗토리현","adm0_a3":"JPN","postal":"TT","iso_3166_2":"JP-31","type_en":"Prefecture","region":"Chugoku","geonunit":"Japan"}},{"type":"Feature","geometry":{"type":"MultiPolygon","coordinates":[[[[134.3656,35.6],[134.3984,35.5786],[134.4168,35.5442],[134.4444,35.4387],[134.468,35.4001],[134.4785,35.3619],[134.5021,35.3324],[134.5107,35.2888],[134.5048,35.2582],[134.4627,35.2253],[134.4365,35.2175],[134.3957,35.2292],[134.3882,35.1875],[134.3971,35.1521],[134.3941,35.1407],[134.3626,35.111],[134.3133,35.041],[134.2636,35.001],[134.2645,34.9674],[134.2587,34.9365],[134.2639,34.8729],[134.2577,34.851],[134.2597,34.8213],[134.2886,34.7995],[134.314,34.7612],[134.3144,34.7318],[134.3046,34.7091],[134.354,34.7051],[134.3522,34.7163],[134.3684,34.736],[134.3814,34.7398],[134.4087,34.7263],[134.4314,34.7305],[134.4732,34.7768],[134.4912,34.7871],[134.4959,34.7646],[134.5191,34.7597],[134.5491,34.7733],[134.5669,34.7665],[134.6963,34.7762],[134.7444,34.7665],[134.8005,34.7309],[134.8333,34.7214],[134.9076,34.6776],[134.937,34.6674],[134.9603,34.6436],[135.0168,34.6422],[135.0458,34.625],[135.0795,34.6278],[135.1113,34.6404],[135.184,34.6512],[135.186,34.6749],[135.2044,34.6773],[135.2109,34.6552],[135.2423,34.6508],[135.2201,34.6908],[135.2549,34.7009],[135.2536,34.677],[135.2873,34.68],[135.2869,34.7054],[135.3413,34.7085],[135.3812,34.6813],[135.4129,34.6921],[135.4329,34.7061],[135.4485,34.7292],[135.4332,34.7938],[135.4389,34.8496],[135.4398,34.9037],[135.3989,34.9241],[135.3668,34.9534],[135.3633,34.9975],[135.342,35.0148],[135.3386,35.0302],[135.3785,35.0487],[135.4009,35.0768],[135.3891,35.1002],[135.3439,35.1292],[135.3045,35.1287],[135.2744,35.1522],[135.2249,35.1571],[135.2013,35.1701],[135.1718,35.2087],[135.1593,35.2396],[135.147,35.2472],[135.1166,35.2459],[135.0778,35.2336],[135.0276,35.2522],[134.9903,35.2777],[134.9551,35.2858],[134.9268,35.3024],[134.9209,35.3182],[134.9302,35.3796],[134.9495,35.3865],[135.0034,35.3657],[135.0241,35.3699],[135.0382,35.3853],[135.0505,35.4164],[135.0438,35.5027],[135.0238,35.5189],[135.0022,35.5149],[134.9536,35.4969],[134.9109,35.5128],[134.884,35.5438],[134.8677,35.5707],[134.8674,35.6224],[134.8633,35.6583],[134.8423,35.6454],[134.8341,35.6571],[134.7983,35.6656],[134.6474,35.6643],[134.5902,35.6594],[134.537,35.6722],[134.4662,35.6376],[134.3765,35.6112],[134.3656,35.6]]],[[[135.0027,34.6084],[134.9813,34.6024],[134.9381,34.5509],[134.8838,34.5295],[134.8565,34.4833],[134.8425,34.4703],[134.799,34.4468],[134.7208,34.3298],[134.7052,34.3232],[134.6833,34.3282],[134.6572,34.2882],[134.6665,34.2655],[134.6881,34.2436],[134.7239,34.2526],[134.7022,34.2212],[134.7269,34.21],[134.7287,34.1909],[134.8001,34.2008],[134.8339,34.2266],[134.8849,34.2445],[134.9095,34.2572],[134.9583,34.2704],[134.9505,34.2873],[134.9262,34.3085],[134.9163,34.3383],[134.8997,34.349],[134.8958,34.3727],[134.903,34.419],[134.9563,34.4849],[134.9841,34.5058],[135.0033,34.5516],[135.0301,34.5788],[135.0282,34.591],[135.0027,34.6084]]]]},"properties":{"name":"Hyōgo","name_en":"Hyōgo Prefecture","name_ja":"兵庫県","name_zh":"兵库县","name_ko":"효고현","adm0_a3":"JPN","postal":"HG","iso_3166_2":"JP-28","type_en":"Prefecture","region":"Kinki","geonunit":"Japan"}},{"type":"Feature","geometry":{"type":"Polygon","coordinates":[[[134.8633,35.6583],[134.8674,35.6224],[134.8677,35.5707],[134.884,35.5438],[134.9109,35.5128],[134.9536,35.4969],[135.0022,35.5149],[135.0238,35.5189],[135.0438,35.5027],[135.0505,35.4164],[135.0382,35.3853],[135.0241,35.3699],[135.0034,35.3657],[134.9495,35.3865],[134.9302,35.3796],[134.9209,35.3182],[134.9268,35.3024],[134.9551,35.2858],[134.9903,35.2777],[135.0276,35.2522],[135.0778,35.2336],[135.1166,35.2459],[135.147,35.2472],[135.1593,35.2396],[135.1718,35.2087],[135.2013,35.1701],[135.2249,35.1571],[135.2744,35.1522],[135.3045,35.1287],[135.3439,35.1292],[135.3891,35.1002],[135.4009,35.0768],[135.3785,35.0487],[135.3386,35.0302],[135.342,35.0148],[135.3633,34.9975],[135.3933,34.9897],[135.4302,34.9876],[135.4583,34.9747],[135.4859,34.9381],[135.5382,34.9098],[135.5637,34.916],[135.5571,34.9329],[135.5664,34.9472],[135.5828,34.9465],[135.598,34.9197],[135.6338,34.9099],[135.6464,34.8992],[135.6827,34.8445],[135.7084,34.8112],[135.7148,34.7853],[135.7063,34.7595],[135.7393,34.7338],[135.7685,34.7199],[135.8323,34.6991],[135.8492,34.6987],[135.9099,34.7242],[135.932,34.7239],[136.0088,34.6959],[136.0365,34.7153],[136.0031,34.7737],[135.9976,34.8028],[135.9774,34.8232],[135.9432,34.8398],[135.9158,34.867],[135.8735,34.8681],[135.8554,34.8897],[135.8535,34.934],[135.8248,34.981],[135.8147,35.0056],[135.8366,35.1208],[135.8338,35.1536],[135.8188,35.2124],[135.829,35.2485],[135.827,35.2633],[135.7719,35.3173],[135.7429,35.3376],[135.6883,35.3304],[135.5393,35.3643],[135.5188,35.3734],[135.4531,35.4391],[135.4469,35.4618],[135.4534,35.4752],[135.4393,35.5089],[135.4418,35.5177],[135.4788,35.5437],[135.4829,35.5592],[135.4524,35.5718],[135.4632,35.6033],[135.4395,35.5906],[135.416,35.5617],[135.3613,35.5542],[135.3378,35.5375],[135.3502,35.5103],[135.3738,35.5017],[135.4024,35.507],[135.3949,35.4765],[135.3525,35.487],[135.3303,35.4545],[135.319,35.447],[135.3153,35.4668],[135.3355,35.5082],[135.3244,35.5244],[135.3015,35.5132],[135.2387,35.542],[135.2398,35.558],[135.2709,35.5629],[135.2534,35.5713],[135.2482,35.5917],[135.2081,35.5591],[135.2067,35.5415],[135.1883,35.5453],[135.1882,35.565],[135.2049,35.5874],[135.2424,35.6226],[135.2588,35.6568],[135.2792,35.6685],[135.2993,35.6579],[135.304,35.6889],[135.2767,35.7314],[135.2507,35.7578],[135.2268,35.7723],[135.2101,35.7634],[135.1343,35.7519],[135.0841,35.739],[135.0858,35.726],[135.029,35.6929],[134.9879,35.6898],[134.9596,35.6738],[134.9637,35.661],[134.927,35.6412],[134.881,35.6573],[134.8633,35.6583]]]},"properties":{"name":"Kyōto","name_en":"Kyōto Prefecture","name_ja":"京都府","name_zh":"京都府","name_ko":"교토부","adm0_a3":"JPN","postal":"KY","iso_3166_2":"JP-26","type_en":"Urban Prefecture","region":"Kinki","geonunit":"Japan"}},{"type":"Feature","geometry":{"type":"Polygon","coordinates":[[[135.4788,35.5437],[135.4418,35.5177],[135.4393,35.5089],[135.4534,35.4752],[135.4469,35.4618],[135.4531,35.4391],[135.5188,35.3734],[135.5393,35.3643],[135.6883,35.3304],[135.7429,35.3376],[135.7992,35.3769],[135.8412,35.3866],[135.8669,35.3798],[135.8863,35.3907],[135.901,35.4138],[135.9212,35.4891],[135.931,35.5026],[135.9551,35.4875],[135.9795,35.4804],[136.0157,35.5033],[136.0567,35.5143],[136.0808,35.5143],[136.0886,35.5226],[136.0958,35.5585],[136.1355,35.5579],[136.1463,35.5821],[136.1244,35.6493],[136.1277,35.6635],[136.1673,35.675],[136.2573,35.6456],[136.2899,35.6953],[136.3043,35.7442],[136.337,35.7664],[136.3645,35.7661],[136.3991,35.7559],[136.4554,35.7519],[136.4842,35.7391],[136.508,35.7618],[136.612,35.7793],[136.6871,35.7745],[136.7268,35.7832],[136.7577,35.784],[136.7686,35.791],[136.8031,35.8361],[136.8021,35.8504],[136.779,35.887],[136.7539,35.9044],[136.7166,35.9152],[136.6986,35.9435],[136.7071,36.0139],[136.7243,36.0599],[136.7209,36.0748],[136.6562,36.0634],[136.623,36.0745],[136.5662,36.1235],[136.533,36.1399],[136.4627,36.1468],[136.4169,36.1405],[136.3783,36.1554],[136.3356,36.1619],[136.3052,36.1841],[136.2866,36.2424],[136.2432,36.2698],[136.2267,36.2856],[136.1967,36.2644],[136.1626,36.2522],[136.1242,36.2532],[136.1194,36.2464],[136.1348,36.2246],[136.0928,36.1614],[136.0436,36.1108],[136.0311,36.0807],[136.0001,36.0242],[135.9632,35.9999],[135.9573,35.9731],[135.9944,35.9359],[135.9935,35.8851],[136.0488,35.8387],[136.0705,35.8247],[136.0995,35.7757],[136.0924,35.7152],[136.0691,35.6619],[136.0475,35.6588],[136.027,35.6809],[136.0468,35.7037],[136.0197,35.7653],[135.9815,35.7399],[135.956,35.7283],[135.9564,35.7006],[135.9701,35.703],[135.9732,35.6762],[135.9635,35.6554],[135.9817,35.6436],[135.9806,35.6305],[135.9509,35.6289],[135.9194,35.6082],[135.9018,35.6244],[135.8678,35.6178],[135.8232,35.6446],[135.816,35.6309],[135.8343,35.6132],[135.8547,35.579],[135.8259,35.5694],[135.8154,35.5776],[135.8015,35.568],[135.8235,35.5384],[135.8105,35.5269],[135.7941,35.5314],[135.7773,35.5499],[135.7561,35.5491],[135.7384,35.5705],[135.7061,35.5621],[135.6916,35.5459],[135.7086,35.5406],[135.7208,35.5223],[135.7482,35.5335],[135.7484,35.5137],[135.7244,35.4907],[135.6967,35.4918],[135.6451,35.4802],[135.6221,35.4866],[135.6346,35.4936],[135.6419,35.5217],[135.6698,35.5344],[135.6489,35.5428],[135.6248,35.5323],[135.5964,35.5051],[135.5583,35.4918],[135.511,35.4982],[135.5122,35.548],[135.5027,35.5316],[135.479,35.5225],[135.4788,35.5437]]]},"properties":{"name":"Fukui","name_en":"Fukui Prefecture","name_ja":"福井県","name_zh":"福井县","name_ko":"후쿠이현","adm0_a3":"JPN","postal":"FI","iso_3166_2":"JP-18","type_en":"Prefecture","region":"Chubu","geonunit":"Japan"}},{"type":"Feature","geometry":{"type":"MultiPolygon","coordinates":[[[[136.2267,36.2856],[136.2432,36.2698],[136.2866,36.2424],[136.3052,36.1841],[136.3356,36.1619],[136.3783,36.1554],[136.4169,36.1405],[136.4627,36.1468],[136.533,36.1399],[136.5662,36.1235],[136.623,36.0745],[136.6562,36.0634],[136.7209,36.0748],[136.7453,36.1062],[136.7543,36.1477],[136.7625,36.1616],[136.8119,36.2201],[136.8131,36.247],[136.7842,36.273],[136.7732,36.292],[136.7644,36.3216],[136.7732,36.3766],[136.7576,36.419],[136.7684,36.4966],[136.7836,36.5434],[136.7728,36.5886],[136.7692,36.6215],[136.787,36.6647],[136.7771,36.7189],[136.8117,36.7526],[136.8328,36.8295],[136.8598,36.887],[136.8941,36.9257],[136.9149,36.9373],[136.9507,36.9397],[136.9793,36.9515],[137.0444,36.9564],[137.0544,36.9668],[137.0488,37.0229],[137.054,37.0798],[137.0471,37.0988],[137.0243,37.0954],[137.004,37.0555],[136.9801,37.0469],[136.9632,37.0517],[136.9336,37.0798],[136.9142,37.0824],[136.8747,37.0696],[136.8609,37.0768],[136.8687,37.1109],[136.8878,37.1103],[136.8957,37.1389],[136.8802,37.1442],[136.8926,37.1733],[136.9166,37.1982],[136.9304,37.2216],[136.96,37.2347],[136.9459,37.2172],[136.9802,37.1965],[137.0142,37.1849],[137.0329,37.2047],[137.0707,37.2186],[137.0713,37.2381],[137.1087,37.2835],[137.1656,37.3008],[137.2302,37.2921],[137.2625,37.326],[137.2675,37.3551],[137.2489,37.3573],[137.2374,37.3799],[137.2536,37.4291],[137.2873,37.443],[137.3251,37.4391],[137.3512,37.4457],[137.359,37.4666],[137.3453,37.475],[137.3509,37.5061],[137.341,37.5171],[137.2957,37.5315],[137.2555,37.5246],[137.1138,37.4877],[137.0715,37.453],[137.0449,37.4479],[136.9348,37.3995],[136.9035,37.3983],[136.8808,37.408],[136.8422,37.3995],[136.7491,37.3579],[136.7215,37.3253],[136.7244,37.2975],[136.7332,37.285],[136.7128,37.2511],[136.6978,37.2395],[136.7056,37.2283],[136.6904,37.215],[136.6745,37.1755],[136.6703,37.15],[136.6764,37.1374],[136.6963,37.1364],[136.6984,37.1476],[136.721,37.142],[136.7267,37.1266],[136.7184,37.0763],[136.7204,37.055],[136.7316,37.0476],[136.7423,37.0134],[136.7599,37.0001],[136.7676,36.981],[136.7504,36.9257],[136.7654,36.9134],[136.7606,36.8706],[136.6897,36.7308],[136.64,36.6626],[136.4302,36.4325],[136.3823,36.3911],[136.3468,36.3658],[136.2984,36.3473],[136.2787,36.3224],[136.2267,36.2856]]],[[[137.0481,37.1523],[137.0418,37.1597],[136.999,37.1395],[136.9736,37.1533],[136.9284,37.1378],[136.9115,37.1509],[136.9053,37.1436],[136.9437,37.0974],[136.9727,37.1016],[137.0038,37.1135],[137.0387,37.1201],[137.0481,37.1523]]]]},"properties":{"name":"Ishikawa","name_en":"Ishikawa Prefecture","name_ja":"石川県","name_zh":"石川县","name_ko":"이시카와현","adm0_a3":"JPN","postal":"IS","iso_3166_2":"JP-17","type_en":"Prefecture","region":"Chubu","geonunit":"Japan"}},{"type":"Feature","geometry":{"type":"Polygon","coordinates":[[[137.0444,36.9564],[136.9793,36.9515],[136.9507,36.9397],[136.9149,36.9373],[136.8941,36.9257],[136.8598,36.887],[136.8328,36.8295],[136.8117,36.7526],[136.7771,36.7189],[136.787,36.6647],[136.7692,36.6215],[136.7728,36.5886],[136.7836,36.5434],[136.7684,36.4966],[136.7576,36.419],[136.7732,36.3766],[136.7644,36.3216],[136.7732,36.292],[136.7973,36.2877],[136.8145,36.2945],[136.8286,36.3286],[136.8505,36.3428],[136.9219,36.3328],[136.9449,36.3189],[136.9428,36.284],[136.958,36.2733],[136.9985,36.3035],[137.0268,36.3195],[137.0415,36.3508],[137.0813,36.379],[137.1326,36.4252],[137.1612,36.4368],[137.2001,36.4289],[137.2642,36.45],[137.2848,36.4508],[137.2867,36.425],[137.3076,36.4235],[137.3413,36.4397],[137.3576,36.4368],[137.4142,36.4147],[137.4775,36.406],[137.5654,36.377],[137.5806,36.3951],[137.6105,36.4138],[137.6282,36.4345],[137.6431,36.4684],[137.6765,36.5189],[137.6757,36.5488],[137.7195,36.5898],[137.7254,36.6048],[137.7341,36.668],[137.7327,36.7748],[137.6948,36.912],[137.6717,36.935],[137.6374,36.9507],[137.6146,36.9751],[137.4993,36.9557],[137.4271,36.922],[137.4138,36.8969],[137.4195,36.8773],[137.4084,36.8452],[137.3836,36.8001],[137.3505,36.7823],[137.3333,36.7627],[137.2987,36.757],[137.2414,36.7651],[137.1973,36.7581],[137.157,36.7608],[137.128,36.7768],[137.0807,36.7901],[137.0529,36.811],[137.0055,36.8359],[136.9877,36.871],[137.025,36.9139],[137.0274,36.9388],[137.0444,36.9564]]]},"properties":{"name":"Toyama","name_en":"Toyama Prefecture","name_ja":"富山県","name_zh":"富山县","name_ko":"도야마현","adm0_a3":"JPN","postal":"TY","iso_3166_2":"JP-16","type_en":"Prefecture","region":"Chubu","geonunit":"Japan"}},{"type":"Feature","geometry":{"type":"MultiPolygon","coordinates":[[[[137.6146,36.9751],[137.6374,36.9507],[137.6717,36.935],[137.6948,36.912],[137.7327,36.7748],[137.7753,36.7874],[137.8011,36.8034],[137.8372,36.848],[137.85,36.8737],[137.8532,36.9092],[137.8847,36.9221],[137.9426,36.907],[137.9733,36.9036],[138.0055,36.8829],[138.0056,36.8388],[138.012,36.8258],[138.0442,36.8072],[138.0736,36.8266],[138.1004,36.8355],[138.146,36.8371],[138.1785,36.8444],[138.2154,36.8598],[138.2522,36.8487],[138.2707,36.8584],[138.2738,36.8841],[138.2863,36.9077],[138.3236,36.9256],[138.353,36.966],[138.3821,36.9862],[138.4242,37.0017],[138.4814,37.0142],[138.5359,37.01],[138.5552,37.0006],[138.5745,36.923],[138.6046,36.8865],[138.648,36.8581],[138.6696,36.8226],[138.6668,36.7632],[138.6795,36.7307],[138.7227,36.7492],[138.769,36.7502],[138.8081,36.7678],[138.8225,36.8036],[138.8901,36.8267],[138.9106,36.8432],[138.9171,36.8785],[138.9587,36.8944],[138.9647,36.9017],[138.9605,36.9574],[138.974,36.972],[139.0336,36.987],[139.054,36.9987],[139.08,37.0366],[139.1045,37.0356],[139.1292,37.0082],[139.1514,36.9949],[139.1676,36.9602],[139.2146,36.9457],[139.227,36.9618],[139.2313,37.0009],[139.2406,37.0395],[139.2346,37.0907],[139.2352,37.1399],[139.2043,37.1921],[139.1784,37.1896],[139.1595,37.2137],[139.1601,37.2408],[139.1939,37.2966],[139.2082,37.3546],[139.2038,37.3796],[139.1888,37.399],[139.1885,37.4181],[139.2088,37.4411],[139.2257,37.4469],[139.2636,37.4473],[139.326,37.4613],[139.3814,37.4608],[139.3952,37.4884],[139.4195,37.5033],[139.4672,37.5012],[139.5154,37.509],[139.5435,37.5039],[139.5561,37.5182],[139.5496,37.5773],[139.5333,37.6137],[139.548,37.6383],[139.5953,37.6804],[139.6656,37.7638],[139.7246,37.8204],[139.654,37.8589],[139.631,37.8793],[139.6174,37.9096],[139.6439,38.0012],[139.6445,38.0413],[139.6646,38.0719],[139.6792,38.1876],[139.7015,38.2091],[139.7782,38.2086],[139.8081,38.2185],[139.8444,38.2409],[139.8636,38.2657],[139.8712,38.2859],[139.8622,38.3144],[139.8466,38.3301],[139.8056,38.3544],[139.7629,38.3546],[139.7216,38.377],[139.7005,38.3989],[139.6962,38.4155],[139.7018,38.4944],[139.5623,38.5422],[139.5487,38.545],[139.53,38.508],[139.4927,38.4542],[139.4728,38.4125],[139.4622,38.375],[139.4324,38.1691],[139.4081,38.1319],[139.3045,38.0419],[139.2159,37.9899],[139.1325,37.9588],[139.0682,37.9551],[139.0599,37.9459],[138.9304,37.8749],[138.8577,37.8278],[138.827,37.7973],[138.8094,37.7608],[138.7656,37.6347],[138.7466,37.5969],[138.7183,37.5648],[138.6597,37.5244],[138.6225,37.4775],[138.578,37.4029],[138.5506,37.3779],[138.4375,37.322],[138.3251,37.231],[138.2449,37.1838],[138.207,37.1692],[138.1644,37.1617],[138.0975,37.1711],[138.0534,37.1301],[137.9994,37.1111],[137.8967,37.0575],[137.8075,37.0308],[137.6833,36.988],[137.6146,36.9751]]],[[[138.4592,38.0699],[138.4515,38.0524],[138.4375,38.0638],[138.4439,38.1022],[138.4866,38.1813],[138.5071,38.2414],[138.5193,38.3074],[138.5142,38.3231],[138.4895,38.3225],[138.4694,38.3132],[138.4286,38.2563],[138.4019,38.2412],[138.3482,38.1928],[138.3101,38.1681],[138.2947,38.1362],[138.2531,38.0903],[138.2356,38.0522],[138.2327,38.0078],[138.2479,37.9785],[138.3148,37.9975],[138.3425,37.9669],[138.2986,37.9224],[138.2879,37.906],[138.2879,37.861],[138.2721,37.8422],[138.2239,37.8342],[138.2122,37.8194],[138.2227,37.8022],[138.2651,37.7983],[138.3704,37.8288],[138.4865,37.8918],[138.5005,37.9067],[138.5132,37.9448],[138.5659,38.0163],[138.5752,38.0351],[138.5752,38.0743],[138.5408,38.0767],[138.4946,38.067],[138.4592,38.0699]]]]},"properties":{"name":"Niigata","name_en":"Niigata Prefecture","name_ja":"新潟県","name_zh":"新潟县","name_ko":"니가타현","adm0_a3":"JPN","postal":"NI","iso_3166_2":"JP-15","type_en":"Prefecture","region":"Chubu","geonunit":"Japan"}},{"type":"Feature","geometry":{"type":"Polygon","coordinates":[[[139.5487,38.545],[139.5623,38.5422],[139.7018,38.4944],[139.6962,38.4155],[139.7005,38.3989],[139.7216,38.377],[139.7629,38.3546],[139.8056,38.3544],[139.8466,38.3301],[139.8622,38.3144],[139.8712,38.2859],[139.8636,38.2657],[139.8444,38.2409],[139.8081,38.2185],[139.7782,38.2086],[139.7015,38.2091],[139.6792,38.1876],[139.6646,38.0719],[139.6445,38.0413],[139.6439,38.0012],[139.6174,37.9096],[139.631,37.8793],[139.654,37.8589],[139.7246,37.8204],[139.7648,37.8165],[139.8064,37.806],[139.8502,37.8119],[139.89,37.8047],[139.9166,37.8145],[139.9324,37.8116],[139.9655,37.7729],[139.9906,37.7565],[140.0363,37.7572],[140.061,37.7522],[140.1043,37.7227],[140.1315,37.7268],[140.1726,37.7431],[140.2033,37.7385],[140.231,37.7474],[140.2612,37.769],[140.2737,37.7996],[140.2671,37.8311],[140.2651,37.8723],[140.2704,37.9259],[140.2696,37.9642],[140.2771,38.0302],[140.2823,38.0451],[140.3086,38.0617],[140.3607,38.0686],[140.3965,38.0912],[140.4139,38.1144],[140.4508,38.1521],[140.4631,38.2082],[140.4614,38.2448],[140.4828,38.2952],[140.5031,38.3187],[140.5225,38.3577],[140.5597,38.3948],[140.5879,38.4657],[140.5652,38.4965],[140.5549,38.5244],[140.5543,38.5678],[140.5379,38.6074],[140.5411,38.6421],[140.5819,38.6433],[140.599,38.6598],[140.606,38.6864],[140.6067,38.7323],[140.616,38.7654],[140.5951,38.7902],[140.5771,38.8222],[140.5427,38.8575],[140.5329,38.8817],[140.4794,38.8922],[140.4489,38.9154],[140.4212,38.9639],[140.4051,38.9757],[140.3428,39.0038],[140.2858,39.0083],[140.2107,39.02],[140.178,39.0412],[140.1262,39.0485],[140.0686,39.0772],[140.0352,39.1051],[140.0122,39.1098],[139.9628,39.0982],[139.8809,39.1151],[139.8576,39.0323],[139.8153,38.9411],[139.7738,38.8171],[139.7474,38.779],[139.7162,38.7457],[139.6271,38.6812],[139.5992,38.6483],[139.5487,38.545]]]},"properties":{"name":"Yamagata","name_en":"Yamagata Prefecture","name_ja":"山形県","name_zh":"山形县","name_ko":"야마가타현","adm0_a3":"JPN","postal":"YT","iso_3166_2":"JP-06","type_en":"Prefecture","region":"Tohoku","geonunit":"Japan"}},{"type":"Feature","geometry":{"type":"Polygon","coordinates":[[[139.8809,39.1151],[139.9628,39.0982],[140.0122,39.1098],[140.0352,39.1051],[140.0686,39.0772],[140.1262,39.0485],[140.178,39.0412],[140.2107,39.02],[140.2858,39.0083],[140.3428,39.0038],[140.4051,38.9757],[140.4212,38.9639],[140.4489,38.9154],[140.4794,38.8922],[140.5329,38.8817],[140.5441,38.8737],[140.5776,38.872],[140.642,38.8893],[140.6956,38.9168],[140.7343,38.9435],[140.7594,38.9517],[140.7746,39.0039],[140.7953,39.0391],[140.7947,39.0602],[140.7585,39.0864],[140.7494,39.1133],[140.7639,39.1481],[140.7961,39.1747],[140.7742,39.1958],[140.7605,39.2409],[140.7228,39.2663],[140.6934,39.3026],[140.6845,39.3343],[140.6645,39.3674],[140.6581,39.3923],[140.676,39.4355],[140.7143,39.4928],[140.7293,39.5293],[140.7481,39.5601],[140.7909,39.5991],[140.8138,39.6439],[140.8086,39.6771],[140.7902,39.7198],[140.8192,39.7652],[140.8265,39.7843],[140.7937,39.809],[140.7828,39.8291],[140.7944,39.8605],[140.8166,39.8685],[140.854,39.8667],[140.8706,39.8783],[140.8494,39.9386],[140.8425,39.9775],[140.8416,40.0772],[140.856,40.1041],[140.8619,40.1502],[140.8554,40.1806],[140.8848,40.2167],[140.9263,40.244],[140.9357,40.2976],[140.948,40.3387],[140.9627,40.3686],[140.9599,40.4108],[140.9366,40.4329],[140.9486,40.4497],[140.9404,40.4682],[140.9151,40.4825],[140.8499,40.4995],[140.819,40.4923],[140.788,40.4624],[140.7489,40.4463],[140.7169,40.4255],[140.6889,40.4237],[140.6615,40.4141],[140.6335,40.4123],[140.6067,40.4225],[140.5743,40.4238],[140.5442,40.408],[140.5278,40.4122],[140.4741,40.4448],[140.4338,40.4598],[140.4227,40.4769],[140.3847,40.4801],[140.358,40.4729],[140.3295,40.4559],[140.3006,40.4471],[140.1219,40.4486],[140.0614,40.4641],[140.0455,40.4615],[139.9961,40.4319],[139.9438,40.4293],[139.9461,40.4189],[140.0243,40.355],[140.0199,40.3332],[140.0112,40.2355],[139.9886,40.1911],[139.9935,40.1696],[139.978,40.1255],[139.9042,40.0177],[139.8669,39.9843],[139.8221,39.9611],[139.8005,39.9626],[139.7435,39.9825],[139.7006,40.0056],[139.701,39.9607],[139.7194,39.9521],[139.7042,39.9452],[139.7087,39.9243],[139.7302,39.9027],[139.7601,39.8581],[139.8255,39.8581],[139.8438,39.8618],[139.8775,39.8928],[139.9214,39.8985],[139.9665,39.8801],[140.0046,39.8509],[140.0276,39.8245],[140.0391,39.7933],[140.0391,39.7693],[140.0593,39.7275],[140.0593,39.6981],[140.0486,39.5047],[139.9953,39.3273],[139.9636,39.2988],[139.9318,39.2871],[139.9168,39.2625],[139.9036,39.2249],[139.8919,39.1332],[139.8809,39.1151]]]},"properties":{"name":"Akita","name_en":"Akita Prefecture","name_ja":"秋田県","name_zh":"秋田县","name_ko":"아키타현","adm0_a3":"JPN","postal":"AK","iso_3166_2":"JP-05","type_en":"Prefecture","region":"Tohoku","geonunit":"Japan"}},{"type":"Feature","geometry":{"type":"Polygon","coordinates":[[[139.9438,40.4293],[139.9961,40.4319],[140.0455,40.4615],[140.0614,40.4641],[140.1219,40.4486],[140.3006,40.4471],[140.3295,40.4559],[140.358,40.4729],[140.3847,40.4801],[140.4227,40.4769],[140.4338,40.4598],[140.4741,40.4448],[140.5278,40.4122],[140.5442,40.408],[140.5743,40.4238],[140.6067,40.4225],[140.6335,40.4123],[140.6615,40.4141],[140.6889,40.4237],[140.7169,40.4255],[140.7489,40.4463],[140.788,40.4624],[140.819,40.4923],[140.8499,40.4995],[140.9151,40.4825],[140.9404,40.4682],[140.9486,40.4497],[140.9366,40.4329],[140.9599,40.4108],[140.9627,40.3686],[140.948,40.3387],[140.9357,40.2976],[140.9263,40.244],[140.9744,40.2193],[141.0015,40.2113],[141.0254,40.2186],[141.0876,40.2627],[141.2415,40.3342],[141.3025,40.3554],[141.3569,40.3401],[141.4306,40.3618],[141.4736,40.3685],[141.5369,40.3564],[141.5654,40.3676],[141.5878,40.4071],[141.681,40.451],[141.6237,40.5014],[141.5893,40.5221],[141.5756,40.5423],[141.5482,40.5316],[141.5197,40.538],[141.4916,40.5623],[141.4704,40.5934],[141.4374,40.6701],[141.4232,40.7258],[141.4056,40.8168],[141.3903,40.9339],[141.3863,41.0304],[141.3964,41.0917],[141.3983,41.1281],[141.3908,41.161],[141.4089,41.2567],[141.4238,41.3127],[141.4453,41.3662],[141.4575,41.3775],[141.4538,41.3964],[141.4669,41.4193],[141.4606,41.4302],[141.4104,41.3904],[141.3822,41.3726],[141.3179,41.353],[141.2761,41.3532],[141.195,41.3872],[141.1078,41.4639],[141.0653,41.4811],[141.0033,41.4871],[140.9781,41.4977],[140.9508,41.5219],[140.9136,41.5469],[140.8995,41.5242],[140.9071,41.5008],[140.898,41.4761],[140.8838,41.4674],[140.8533,41.4303],[140.837,41.4182],[140.8152,41.3376],[140.8031,41.3295],[140.7931,41.2784],[140.7804,41.2519],[140.7847,41.2351],[140.7782,41.2069],[140.7656,41.196],[140.7658,41.145],[140.7982,41.1286],[140.8145,41.1285],[140.8285,41.1461],[140.8627,41.1641],[140.8908,41.1638],[140.9078,41.1736],[140.9463,41.1733],[140.9776,41.1965],[141.0056,41.1958],[141.0581,41.1831],[141.0947,41.2103],[141.1134,41.2144],[141.1468,41.2363],[141.137,41.2467],[141.1612,41.2785],[141.1834,41.2771],[141.2059,41.2647],[141.2355,41.238],[141.2705,41.1852],[141.2779,41.1553],[141.2722,41.1366],[141.2523,41.1188],[141.2419,41.0827],[141.2364,41.0157],[141.2264,40.9874],[141.1852,40.9112],[141.1471,40.8788],[141.1113,40.8726],[141.0837,40.8864],[141.0681,40.9108],[140.9751,40.9378],[140.9814,40.9598],[140.9487,40.9907],[140.9144,40.9961],[140.9029,41.009],[140.8823,41.0078],[140.8611,40.972],[140.8615,40.9571],[140.8405,40.953],[140.8708,40.9449],[140.8629,40.9336],[140.8707,40.9151],[140.8521,40.8838],[140.7992,40.8391],[140.7524,40.8352],[140.7031,40.8533],[140.673,40.8956],[140.6546,41.0085],[140.6413,41.0415],[140.6315,41.0931],[140.6427,41.1714],[140.6327,41.1943],[140.5939,41.2202],[140.5486,41.2262],[140.5248,41.22],[140.5111,41.1977],[140.4837,41.1835],[140.4622,41.1839],[140.4358,41.1981],[140.3915,41.2404],[140.3423,41.2657],[140.3328,41.2372],[140.3328,41.1913],[140.3204,41.1498],[140.304,41.1367],[140.2815,41.1404],[140.2455,41.1339],[140.2481,41.1234],[140.3002,41.1113],[140.3219,41.0829],[140.324,41.0453],[140.3407,41.05],[140.3506,41.0388],[140.399,41.0394],[140.4078,41.0257],[140.3856,41.0294],[140.3696,41.0217],[140.3823,40.9883],[140.3696,40.9861],[140.341,41.0051],[140.3219,41.0274],[140.3093,40.9362],[140.2966,40.8738],[140.2708,40.8124],[140.2406,40.7835],[140.2191,40.7783],[140.198,40.7865],[140.1401,40.7496],[140.1076,40.7441],[140.0693,40.7656],[140.046,40.7678],[139.9982,40.7421],[139.9869,40.7179],[139.9595,40.6777],[139.9386,40.6698],[139.9258,40.6468],[139.9003,40.6425],[139.8604,40.6088],[139.8568,40.5902],[139.8764,40.5834],[139.9152,40.5862],[139.9428,40.5446],[139.9456,40.4781],[139.9438,40.4293]]]},"properties":{"name":"Aomori","name_en":"Aomori Prefecture","name_ja":"青森県","name_zh":"青森县","name_ko":"아오모리현","adm0_a3":"JPN","postal":"AO","iso_3166_2":"JP-02","type_en":"Prefecture","region":"Tohoku","geonunit":"Japan"}},{"type":"Feature","geometry":{"type":"Polygon","coordinates":[[[141.681,40.451],[141.5878,40.4071],[141.5654,40.3676],[141.5369,40.3564],[141.4736,40.3685],[141.4306,40.3618],[141.3569,40.3401],[141.3025,40.3554],[141.2415,40.3342],[141.0876,40.2627],[141.0254,40.2186],[141.0015,40.2113],[140.9744,40.2193],[140.9263,40.244],[140.8848,40.2167],[140.8554,40.1806],[140.8619,40.1502],[140.856,40.1041],[140.8416,40.0772],[140.8425,39.9775],[140.8494,39.9386],[140.8706,39.8783],[140.854,39.8667],[140.8166,39.8685],[140.7944,39.8605],[140.7828,39.8291],[140.7937,39.809],[140.8265,39.7843],[140.8192,39.7652],[140.7902,39.7198],[140.8086,39.6771],[140.8138,39.6439],[140.7909,39.5991],[140.7481,39.5601],[140.7293,39.5293],[140.7143,39.4928],[140.676,39.4355],[140.6581,39.3923],[140.6645,39.3674],[140.6845,39.3343],[140.6934,39.3026],[140.7228,39.2663],[140.7605,39.2409],[140.7742,39.1958],[140.7961,39.1747],[140.7639,39.1481],[140.7494,39.1133],[140.7585,39.0864],[140.7947,39.0602],[140.7953,39.0391],[140.7746,39.0039],[140.7594,38.9517],[140.8161,38.9466],[140.907,38.9141],[140.9764,38.8804],[141.0053,38.8729],[141.0741,38.8732],[141.1126,38.8695],[141.137,38.8571],[141.1177,38.8398],[141.1135,38.8224],[141.1461,38.7862],[141.1809,38.7739],[141.2178,38.7538],[141.2365,38.7583],[141.2607,38.7784],[141.2891,38.7905],[141.3207,38.813],[141.3554,38.8048],[141.4067,38.7854],[141.4489,38.8163],[141.4507,38.8728],[141.4813,38.9114],[141.4824,38.9636],[141.4995,38.9868],[141.54,38.9902],[141.6403,38.9675],[141.6384,38.9854],[141.6511,38.9968],[141.6936,38.9953],[141.6731,38.981],[141.6909,38.9596],[141.7171,38.9468],[141.7302,38.9512],[141.7283,38.9699],[141.7134,38.9742],[141.7271,38.9876],[141.7482,38.9879],[141.7282,39.0217],[141.7277,39.0363],[141.7456,39.0262],[141.8065,39.0295],[141.8474,39.022],[141.8482,39.0351],[141.8233,39.0567],[141.8718,39.0629],[141.8597,39.0733],[141.8171,39.0909],[141.8355,39.1043],[141.8905,39.0895],[141.9133,39.0977],[141.9089,39.1098],[141.8438,39.1523],[141.8952,39.1594],[141.9158,39.17],[141.9263,39.1871],[141.8937,39.1868],[141.8787,39.2076],[141.9021,39.2043],[141.93,39.2122],[141.9492,39.228],[141.947,39.2497],[141.8991,39.2485],[141.8991,39.2752],[141.9326,39.2752],[141.9149,39.2949],[141.9637,39.3126],[141.9837,39.3271],[141.981,39.351],[141.9468,39.3304],[141.9247,39.3249],[141.9053,39.3305],[141.9534,39.362],[141.9641,39.3756],[141.9387,39.3851],[141.981,39.4124],[142.0316,39.4173],[142.0399,39.4546],[142.0584,39.4663],[142.0364,39.4838],[142.0189,39.4594],[141.9963,39.4453],[141.9709,39.4433],[141.953,39.4608],[141.9663,39.4713],[142.0151,39.4887],[142.0693,39.5405],[142.0681,39.5564],[142.0308,39.5842],[142.0361,39.639],[142.0125,39.6358],[141.9663,39.5985],[141.9605,39.6116],[141.9783,39.6479],[141.9839,39.707],[141.9912,39.7305],[142.0088,39.7528],[141.9787,39.8393],[141.9719,39.883],[141.9422,39.9245],[141.9614,39.9537],[141.9496,39.9966],[141.9196,40.0089],[141.855,40.055],[141.8425,40.0704],[141.8376,40.0946],[141.8474,40.1151],[141.8772,40.1393],[141.865,40.1597],[141.8133,40.1836],[141.8152,40.2029],[141.842,40.2258],[141.8304,40.2512],[141.8035,40.29],[141.7785,40.3155],[141.7728,40.3339],[141.7438,40.3839],[141.7261,40.3938],[141.7191,40.4128],[141.681,40.451]]]},"properties":{"name":"Iwate","name_en":"Iwate Prefecture","name_ja":"岩手県","name_zh":"岩手县","name_ko":"이와테현","adm0_a3":"JPN","postal":"IW","iso_3166_2":"JP-03","type_en":"Prefecture","region":"Tohoku","geonunit":"Japan"}},{"type":"Feature","geometry":{"type":"Polygon","coordinates":[[[141.6403,38.9675],[141.54,38.9902],[141.4995,38.9868],[141.4824,38.9636],[141.4813,38.9114],[141.4507,38.8728],[141.4489,38.8163],[141.4067,38.7854],[141.3554,38.8048],[141.3207,38.813],[141.2891,38.7905],[141.2607,38.7784],[141.2365,38.7583],[141.2178,38.7538],[141.1809,38.7739],[141.1461,38.7862],[141.1135,38.8224],[141.1177,38.8398],[141.137,38.8571],[141.1126,38.8695],[141.0741,38.8732],[141.0053,38.8729],[140.9764,38.8804],[140.907,38.9141],[140.8161,38.9466],[140.7594,38.9517],[140.7343,38.9435],[140.6956,38.9168],[140.642,38.8893],[140.5776,38.872],[140.5441,38.8737],[140.5329,38.8817],[140.5427,38.8575],[140.5771,38.8222],[140.5951,38.7902],[140.616,38.7654],[140.6067,38.7323],[140.606,38.6864],[140.599,38.6598],[140.5819,38.6433],[140.5411,38.6421],[140.5379,38.6074],[140.5543,38.5678],[140.5549,38.5244],[140.5652,38.4965],[140.5879,38.4657],[140.5597,38.3948],[140.5225,38.3577],[140.5031,38.3187],[140.4828,38.2952],[140.4614,38.2448],[140.4631,38.2082],[140.4508,38.1521],[140.4139,38.1144],[140.3965,38.0912],[140.3607,38.0686],[140.3086,38.0617],[140.2823,38.0451],[140.2771,38.0302],[140.2696,37.9642],[140.3206,37.9459],[140.3529,37.9462],[140.4046,37.9546],[140.4432,37.943],[140.4688,37.9252],[140.485,37.9034],[140.5174,37.8932],[140.5749,37.9033],[140.6516,37.8829],[140.6696,37.8724],[140.683,37.847],[140.6828,37.8157],[140.6947,37.7985],[140.733,37.7769],[140.7641,37.7702],[140.7846,37.7754],[140.7781,37.786],[140.8249,37.7864],[140.8496,37.7988],[140.8552,37.8381],[140.8549,37.876],[140.8778,37.8877],[140.9332,37.8898],[140.9198,37.9652],[140.9186,38.0072],[140.9258,38.0494],[140.9668,38.1705],[140.988,38.207],[141.0173,38.2449],[141.0527,38.2787],[141.0806,38.2949],[141.0791,38.3116],[141.0487,38.3095],[141.0647,38.3466],[141.0978,38.3715],[141.1146,38.3647],[141.1318,38.3715],[141.1521,38.3231],[141.175,38.3244],[141.1721,38.3473],[141.1809,38.3712],[141.2024,38.3858],[141.2295,38.3941],[141.3045,38.4079],[141.3332,38.409],[141.3981,38.3777],[141.4281,38.3804],[141.4397,38.3715],[141.4255,38.3436],[141.4578,38.3309],[141.4675,38.3178],[141.46,38.3063],[141.4912,38.2924],[141.5254,38.2678],[141.5428,38.3026],[141.5298,38.3179],[141.5252,38.3599],[141.5012,38.3715],[141.5204,38.3905],[141.5491,38.3852],[141.5376,38.3982],[141.5184,38.4023],[141.4876,38.392],[141.4776,38.4016],[141.4714,38.4357],[141.508,38.4466],[141.495,38.4609],[141.5148,38.508],[141.5242,38.4897],[141.5428,38.4814],[141.5476,38.5186],[141.5291,38.549],[141.5147,38.5348],[141.499,38.5417],[141.4671,38.5695],[141.5114,38.5974],[141.5281,38.6179],[141.5322,38.6384],[141.4852,38.6409],[141.4631,38.6614],[141.4911,38.6776],[141.5159,38.6843],[141.5379,38.7041],[141.5597,38.6995],[141.5726,38.7187],[141.5217,38.7681],[141.5305,38.7808],[141.5733,38.8066],[141.5894,38.8261],[141.5838,38.8544],[141.5886,38.8822],[141.6367,38.8911],[141.6521,38.8643],[141.6736,38.852],[141.6688,38.8726],[141.6453,38.923],[141.6403,38.9675]]]},"properties":{"name":"Miyagi","name_en":"Miyagi Prefecture","name_ja":"宮城県","name_zh":"宫城县","name_ko":"미야기현","adm0_a3":"JPN","postal":"MG","iso_3166_2":"JP-04","type_en":"Prefecture","region":"Tohoku","geonunit":"Japan"}},{"type":"Feature","geometry":{"type":"Polygon","coordinates":[[[140.9332,37.8898],[140.8778,37.8877],[140.8549,37.876],[140.8552,37.8381],[140.8496,37.7988],[140.8249,37.7864],[140.7781,37.786],[140.7846,37.7754],[140.7641,37.7702],[140.733,37.7769],[140.6947,37.7985],[140.6828,37.8157],[140.683,37.847],[140.6696,37.8724],[140.6516,37.8829],[140.5749,37.9033],[140.5174,37.8932],[140.485,37.9034],[140.4688,37.9252],[140.4432,37.943],[140.4046,37.9546],[140.3529,37.9462],[140.3206,37.9459],[140.2696,37.9642],[140.2704,37.9259],[140.2651,37.8723],[140.2671,37.8311],[140.2737,37.7996],[140.2612,37.769],[140.231,37.7474],[140.2033,37.7385],[140.1726,37.7431],[140.1315,37.7268],[140.1043,37.7227],[140.061,37.7522],[140.0363,37.7572],[139.9906,37.7565],[139.9655,37.7729],[139.9324,37.8116],[139.9166,37.8145],[139.89,37.8047],[139.8502,37.8119],[139.8064,37.806],[139.7648,37.8165],[139.7246,37.8204],[139.6656,37.7638],[139.5953,37.6804],[139.548,37.6383],[139.5333,37.6137],[139.5496,37.5773],[139.5561,37.5182],[139.5435,37.5039],[139.5154,37.509],[139.4672,37.5012],[139.4195,37.5033],[139.3952,37.4884],[139.3814,37.4608],[139.326,37.4613],[139.2636,37.4473],[139.2257,37.4469],[139.2088,37.4411],[139.1885,37.4181],[139.1888,37.399],[139.2038,37.3796],[139.2082,37.3546],[139.1939,37.2966],[139.1601,37.2408],[139.1595,37.2137],[139.1784,37.1896],[139.2043,37.1921],[139.2352,37.1399],[139.2346,37.0907],[139.2406,37.0395],[139.2313,37.0009],[139.227,36.9618],[139.2146,36.9457],[139.2174,36.9295],[139.247,36.9202],[139.2716,36.9196],[139.3596,36.902],[139.4079,36.9251],[139.4459,36.9561],[139.5096,36.9749],[139.6785,37.0532],[139.7474,37.077],[139.7912,37.0812],[139.8613,37.1304],[139.9169,37.1436],[139.9582,37.1394],[140.0981,37.1058],[140.185,37.0529],[140.1988,37.0202],[140.2313,37],[140.241,36.9431],[140.2373,36.9248],[140.286,36.9059],[140.3545,36.8567],[140.4069,36.8158],[140.4499,36.7946],[140.4812,36.7971],[140.5324,36.8456],[140.5698,36.8714],[140.5615,36.9179],[140.583,36.9225],[140.6144,36.8961],[140.6982,36.8686],[140.7973,36.8465],[140.8044,36.886],[140.8352,36.9084],[140.8591,36.914],[140.8918,36.9321],[140.9258,36.9389],[140.9603,36.9662],[140.9744,37.0018],[140.988,37.0898],[141.0078,37.1339],[141.0078,37.2268],[141.0145,37.24],[141.0144,37.2715],[141.0361,37.3447],[141.0418,37.3771],[141.0282,37.6481],[141.0093,37.6852],[141.022,37.7067],[141.0222,37.727],[141.0081,37.7502],[140.9933,37.7998],[140.9332,37.8898]]]},"properties":{"name":"Fukushima","name_en":"Fukushima Prefecture","name_ja":"福島県","name_zh":"福岛县","name_ko":"후쿠시마현","adm0_a3":"JPN","postal":"FS","iso_3166_2":"JP-07","type_en":"Prefecture","region":"Tohoku","geonunit":"Japan"}},{"type":"Feature","geometry":{"type":"Polygon","coordinates":[[[140.7973,36.8465],[140.6982,36.8686],[140.6144,36.8961],[140.583,36.9225],[140.5615,36.9179],[140.5698,36.8714],[140.5324,36.8456],[140.4812,36.7971],[140.4499,36.7946],[140.4069,36.8158],[140.3545,36.8567],[140.286,36.9059],[140.2373,36.9248],[140.2454,36.8764],[140.2513,36.8094],[140.2506,36.7613],[140.2668,36.7186],[140.228,36.6894],[140.221,36.6772],[140.2298,36.6236],[140.2376,36.5413],[140.23,36.4996],[140.2004,36.4593],[140.1811,36.4149],[140.1572,36.3925],[140.1143,36.396],[140.0548,36.3833],[140.0142,36.3649],[139.9761,36.3682],[139.9535,36.3621],[139.9074,36.3266],[139.8949,36.3093],[139.8404,36.3],[139.8172,36.28],[139.7918,36.2416],[139.7462,36.2182],[139.7036,36.2047],[139.6537,36.2031],[139.674,36.1522],[139.6855,36.1255],[139.7109,36.0983],[139.7528,36.0796],[139.8055,36.0778],[139.866,36.0051],[139.9324,35.9385],[139.9696,35.9139],[140.1273,35.8544],[140.1897,35.8429],[140.3199,35.8507],[140.3456,35.8554],[140.3678,35.8784],[140.3928,35.8849],[140.4614,35.8924],[140.5515,35.8886],[140.5696,35.8838],[140.6257,35.8537],[140.6708,35.8416],[140.7109,35.8197],[140.7554,35.774],[140.799,35.7438],[140.8248,35.7354],[140.8595,35.7354],[140.8416,35.7424],[140.8308,35.7611],[140.7893,35.8087],[140.646,36.0133],[140.5784,36.161],[140.5664,36.2458],[140.5641,36.2831],[140.5794,36.3048],[140.6169,36.3378],[140.6235,36.3796],[140.6101,36.4339],[140.6235,36.5061],[140.6389,36.5397],[140.6939,36.618],[140.7419,36.7685],[140.7973,36.8465]]]},"properties":{"name":"Ibaraki","name_en":"Ibaraki Prefecture","name_ja":"茨城県","name_zh":"茨城县","name_ko":"이바라키현","adm0_a3":"JPN","postal":"IB","iso_3166_2":"JP-08","type_en":"Prefecture","region":"Kanto","geonunit":"Japan"}},{"type":"Feature","geometry":{"type":"Polygon","coordinates":[[[140.8595,35.7354],[140.8248,35.7354],[140.799,35.7438],[140.7554,35.774],[140.7109,35.8197],[140.6708,35.8416],[140.6257,35.8537],[140.5696,35.8838],[140.5515,35.8886],[140.4614,35.8924],[140.3928,35.8849],[140.3678,35.8784],[140.3456,35.8554],[140.3199,35.8507],[140.1897,35.8429],[140.1273,35.8544],[139.9696,35.9139],[139.9324,35.9385],[139.866,36.0051],[139.8055,36.0778],[139.7528,36.0796],[139.7965,36.0189],[139.8386,35.9229],[139.8665,35.8888],[139.8748,35.8504],[139.8639,35.7781],[139.886,35.6977],[139.8812,35.6734],[139.8642,35.6321],[139.8972,35.6144],[139.9396,35.6369],[139.9205,35.6621],[139.9504,35.6726],[139.9836,35.6686],[139.9958,35.6567],[140.009,35.6598],[140.0796,35.6036],[140.0861,35.5668],[140.102,35.5671],[140.0902,35.5408],[140.0719,35.5429],[140.0059,35.4734],[139.9823,35.4587],[139.9587,35.4562],[139.9408,35.4425],[139.9128,35.4344],[139.9001,35.4231],[139.9079,35.3787],[139.8927,35.3642],[139.8448,35.3762],[139.8247,35.347],[139.8242,35.3284],[139.7822,35.3142],[139.8493,35.2936],[139.8483,35.2717],[139.8663,35.2462],[139.8652,35.2241],[139.8246,35.1991],[139.819,35.1577],[139.8364,35.1352],[139.8358,35.0993],[139.8474,35.0693],[139.8462,35.0468],[139.8358,35.0272],[139.8677,35.0133],[139.8587,34.9868],[139.8271,34.9902],[139.7945,34.9734],[139.7528,34.9758],[139.757,34.9563],[139.7788,34.9541],[139.8232,34.9349],[139.822,34.9121],[139.8431,34.9],[139.9264,34.9074],[139.9621,34.9409],[139.9641,34.976],[139.991,35.0205],[140.0555,35.0589],[140.0755,35.0593],[140.1008,35.0758],[140.106,35.0976],[140.1346,35.1226],[140.1555,35.1181],[140.2374,35.1124],[140.2533,35.1346],[140.2789,35.132],[140.2944,35.1466],[140.3033,35.1334],[140.3212,35.1304],[140.3335,35.1423],[140.3305,35.1578],[140.3489,35.1805],[140.3776,35.1764],[140.3942,35.1966],[140.4131,35.3012],[140.3859,35.381],[140.4232,35.4906],[140.4835,35.566],[140.5962,35.6521],[140.6611,35.6886],[140.7163,35.6988],[140.7208,35.6825],[140.8031,35.7094],[140.8283,35.714],[140.8607,35.6878],[140.8794,35.7205],[140.8595,35.7354]]]},"properties":{"name":"Chiba","name_en":"Chiba Prefecture","name_ja":"千葉県","name_zh":"千叶县","name_ko":"지바현","adm0_a3":"JPN","postal":"CH","iso_3166_2":"JP-12","type_en":"Prefecture","region":"Kanto","geonunit":"Japan"}},{"type":"Feature","geometry":{"type":"MultiPolygon","coordinates":[[[[139.8642,35.6321],[139.8812,35.6734],[139.886,35.6977],[139.8639,35.7781],[139.8045,35.7903],[139.7578,35.7953],[139.7061,35.7756],[139.6413,35.7771],[139.6036,35.759],[139.5356,35.7516],[139.5229,35.7748],[139.5074,35.7777],[139.4343,35.7522],[139.3845,35.7549],[139.2895,35.8021],[139.2715,35.809],[139.0602,35.8531],[139.0136,35.8773],[138.9937,35.8765],[138.9529,35.8579],[138.9228,35.8354],[138.9466,35.8166],[138.9709,35.7616],[138.9927,35.7325],[139.0358,35.6963],[139.1218,35.654],[139.1474,35.65],[139.2038,35.6237],[139.2453,35.5917],[139.2977,35.5753],[139.342,35.5732],[139.3773,35.5668],[139.3991,35.5563],[139.4582,35.493],[139.4706,35.49],[139.4748,35.5081],[139.4718,35.5418],[139.4855,35.5496],[139.4849,35.5658],[139.4532,35.5923],[139.4799,35.5907],[139.5137,35.6114],[139.5394,35.6126],[139.6549,35.5641],[139.6978,35.5381],[139.7866,35.5115],[139.7991,35.54],[139.7848,35.5805],[139.7688,35.601],[139.7582,35.6316],[139.7653,35.6535],[139.7756,35.6411],[139.7749,35.6176],[139.7891,35.6032],[139.8068,35.6382],[139.8204,35.638],[139.8373,35.6146],[139.8503,35.6375],[139.8642,35.6321]]],[[[141.3578,24.7896],[141.3303,24.7941],[141.2995,24.7859],[141.2898,24.7602],[141.2896,24.727],[141.3026,24.7344],[141.3306,24.7691],[141.3655,24.7777],[141.3578,24.7896]]],[[[142.1932,26.6461],[142.1862,26.6579],[142.1727,26.6535],[142.1802,26.674],[142.1556,26.6791],[142.1659,26.7013],[142.1432,26.7022],[142.1318,26.715],[142.1113,26.7212],[142.139,26.6625],[142.1599,26.632],[142.1802,26.6188],[142.1814,26.6442],[142.1932,26.6461]]],[[[142.1932,27.0917],[142.2144,27.0638],[142.1802,27.0781],[142.1986,27.0511],[142.2185,27.0404],[142.2346,27.05],[142.2411,27.0843],[142.2209,27.0983],[142.1932,27.0917]]],[[[139.791,33.1353],[139.7678,33.1499],[139.7398,33.1332],[139.7434,33.1186],[139.7764,33.08],[139.7876,33.0584],[139.821,33.0403],[139.8452,33.0468],[139.8775,33.0876],[139.8623,33.107],[139.8132,33.1238],[139.791,33.1353]]],[[[139.4871,34.0608],[139.5061,34.0359],[139.5345,34.0375],[139.5613,34.0581],[139.575,34.09],[139.5563,34.1135],[139.5234,34.1124],[139.4944,34.0928],[139.4871,34.0608]]],[[[139.2704,34.396],[139.2537,34.3414],[139.2678,34.3227],[139.2835,34.3369],[139.2964,34.3679],[139.301,34.4179],[139.2704,34.396]]],[[[139.4182,34.7808],[139.4006,34.7886],[139.3565,34.7972],[139.3512,34.72],[139.3594,34.7023],[139.4216,34.6772],[139.4538,34.6789],[139.4579,34.6899],[139.4567,34.7371],[139.4378,34.7719],[139.4182,34.7808]]],[[[141.453,24.2224],[141.4631,24.2121],[141.47,24.2263],[141.453,24.2224]]],[[[141.2874,25.4177],[141.2995,25.4348],[141.2883,25.4525],[141.2748,25.4511],[141.2747,25.4271],[141.2874,25.4177]]],[[[142.1892,27.1455],[142.2018,27.1627],[142.2005,27.1833],[142.1909,27.1852],[142.1843,27.1584],[142.1892,27.1455]]],[[[142.1953,27.5991],[142.1929,27.6162],[142.1795,27.6125],[142.1953,27.5991]]],[[[140.3076,30.4912],[140.3065,30.4736],[140.3259,30.4852],[140.3076,30.4912]]],[[[139.7564,32.4523],[139.7738,32.441],[139.7571,32.4704],[139.7564,32.4523]]],[[[139.6228,33.8856],[139.6096,33.8964],[139.5925,33.8958],[139.5798,33.8803],[139.5813,33.8625],[139.5942,33.8547],[139.6229,33.8568],[139.6296,33.8717],[139.6228,33.8856]]],[[[153.9662,24.3087],[153.9407,24.3115],[153.9535,24.2925],[153.9662,24.3087]]]]},"properties":{"name":"Tokyo","name_en":"Tokyo","name_ja":"東京都","name_zh":"东京","name_ko":"도쿄도","adm0_a3":"JPN","postal":"TK","iso_3166_2":"JP-13","type_en":"Metropolis","region":"Kanto","geonunit":"Japan"}},{"type":"Feature","geometry":{"type":"Polygon","coordinates":[[[139.7866,35.5115],[139.6978,35.5381],[139.6549,35.5641],[139.5394,35.6126],[139.5137,35.6114],[139.4799,35.5907],[139.4532,35.5923],[139.4849,35.5658],[139.4855,35.5496],[139.4718,35.5418],[139.4748,35.5081],[139.4706,35.49],[139.4582,35.493],[139.3991,35.5563],[139.3773,35.5668],[139.342,35.5732],[139.2977,35.5753],[139.2453,35.5917],[139.2038,35.6237],[139.1474,35.65],[139.1218,35.654],[139.1137,35.6308],[139.1176,35.5979],[139.1063,35.5393],[139.0805,35.5049],[138.9909,35.4648],[138.952,35.4497],[138.9333,35.4371],[138.9061,35.4008],[138.9003,35.3809],[138.9646,35.3884],[138.9866,35.3811],[138.9868,35.3562],[138.9987,35.313],[139.0003,35.2906],[138.9706,35.2498],[138.9736,35.205],[138.9839,35.183],[139.0124,35.1468],[139.0288,35.1356],[139.0944,35.1175],[139.1208,35.1503],[139.1581,35.1365],[139.1424,35.184],[139.146,35.2352],[139.1835,35.2633],[139.2334,35.2853],[139.2821,35.2962],[139.4149,35.3188],[139.4669,35.3133],[139.4867,35.3005],[139.5266,35.302],[139.5442,35.3079],[139.5485,35.2879],[139.5607,35.2869],[139.5695,35.2689],[139.5976,35.2387],[139.6043,35.2242],[139.624,35.2116],[139.6018,35.2018],[139.6143,35.174],[139.6115,35.142],[139.6253,35.1318],[139.6415,35.1396],[139.6643,35.1348],[139.6851,35.1404],[139.6606,35.1782],[139.6665,35.1939],[139.6888,35.2091],[139.728,35.2071],[139.7259,35.2333],[139.7455,35.249],[139.7342,35.2652],[139.6942,35.2687],[139.6644,35.2988],[139.6484,35.2979],[139.6572,35.377],[139.6358,35.4016],[139.65,35.4106],[139.6869,35.4007],[139.6805,35.4384],[139.6423,35.4543],[139.6669,35.4679],[139.6882,35.4611],[139.7141,35.4647],[139.7786,35.5019],[139.7866,35.5115]]]},"properties":{"name":"Kanagawa","name_en":"Kanagawa Prefecture","name_ja":"神奈川県","name_zh":"神奈川县","name_ko":"가나가와현","adm0_a3":"JPN","postal":"KN","iso_3166_2":"JP-14","type_en":"Prefecture","region":"Kanto","geonunit":"Japan"}},{"type":"Feature","geometry":{"type":"Polygon","coordinates":[[[139.0944,35.1175],[139.0288,35.1356],[139.0124,35.1468],[138.9839,35.183],[138.9736,35.205],[138.9706,35.2498],[139.0003,35.2906],[138.9987,35.313],[138.9868,35.3562],[138.9866,35.3811],[138.9646,35.3884],[138.9003,35.3809],[138.8297,35.3647],[138.6972,35.3508],[138.6724,35.3561],[138.6347,35.3811],[138.5932,35.3921],[138.5565,35.4175],[138.534,35.4097],[138.5233,35.3814],[138.5163,35.3297],[138.5057,35.2942],[138.504,35.2568],[138.5105,35.2075],[138.4978,35.1815],[138.4724,35.1617],[138.4304,35.1593],[138.3835,35.1903],[138.3675,35.2187],[138.3526,35.2784],[138.3282,35.2999],[138.3046,35.3019],[138.2623,35.2938],[138.2359,35.3037],[138.2266,35.3676],[138.2379,35.4084],[138.2348,35.4441],[138.2433,35.4748],[138.2413,35.5178],[138.2218,35.5728],[138.2137,35.6118],[138.1961,35.6279],[138.1819,35.587],[138.169,35.5707],[138.1432,35.561],[138.1359,35.5471],[138.1397,35.5227],[138.1336,35.4923],[138.1404,35.4699],[138.1305,35.4478],[138.1133,35.434],[138.1107,35.414],[138.1268,35.3845],[138.1125,35.3574],[138.0855,35.337],[138.0278,35.319],[138.0053,35.2972],[137.9847,35.2865],[137.9398,35.2731],[137.8959,35.2433],[137.8754,35.2357],[137.838,35.2053],[137.8056,35.1945],[137.7961,35.1365],[137.7702,35.0812],[137.7535,35.0632],[137.6978,35.0181],[137.6849,35.0025],[137.6704,34.9472],[137.6333,34.9117],[137.618,34.8793],[137.5792,34.845],[137.5637,34.8378],[137.5119,34.8262],[137.4884,34.8098],[137.4715,34.7709],[137.4633,34.7252],[137.4679,34.671],[137.547,34.6773],[137.5951,34.6772],[137.6835,34.6708],[137.7922,34.6394],[137.8928,34.6677],[137.9676,34.6665],[138.0472,34.6546],[138.1902,34.6012],[138.2333,34.5946],[138.2403,34.6026],[138.2251,34.6163],[138.2009,34.6216],[138.1936,34.6415],[138.216,34.7123],[138.2495,34.739],[138.2932,34.7658],[138.3149,34.7984],[138.3408,34.8265],[138.3283,34.8553],[138.3534,34.9041],[138.3671,34.9173],[138.5143,34.9802],[138.5316,35.0169],[138.507,35.0119],[138.507,34.9911],[138.4949,35.0007],[138.4979,35.0326],[138.5277,35.0508],[138.5541,35.0961],[138.5868,35.1144],[138.6373,35.116],[138.6962,35.139],[138.7442,35.1348],[138.8033,35.1219],[138.8385,35.0995],[138.8534,35.0782],[138.9076,35.0307],[138.8938,35.02],[138.8554,35.019],[138.7861,35.0264],[138.7619,34.9799],[138.7637,34.9561],[138.7898,34.9068],[138.7768,34.9048],[138.7538,34.8795],[138.7622,34.8464],[138.7481,34.8132],[138.7743,34.7513],[138.744,34.7289],[138.7466,34.6915],[138.7778,34.6633],[138.7714,34.6473],[138.82,34.6024],[138.8353,34.5959],[138.8609,34.6135],[138.896,34.629],[138.9408,34.6611],[138.9824,34.6445],[138.9937,34.6498],[138.9856,34.6833],[139.0026,34.7218],[138.9988,34.7333],[139.0263,34.7642],[139.043,34.7676],[139.0748,34.809],[139.0884,34.8423],[139.1193,34.8674],[139.1409,34.8706],[139.1483,34.9051],[139.1426,34.9423],[139.1307,34.9652],[139.1006,34.9748],[139.0865,34.9973],[139.0971,35.0115],[139.106,35.0494],[139.0759,35.0532],[139.0767,35.0751],[139.0944,35.1175]]]},"properties":{"name":"Shizuoka","name_en":"Shizuoka Prefecture","name_ja":"静岡県","name_zh":"静冈县","name_ko":"시즈오카현","adm0_a3":"JPN","postal":"SZ","iso_3166_2":"JP-22","type_en":"Prefecture","region":"Chubu","geonunit":"Japan"}},{"type":"Feature","geometry":{"type":"MultiPolygon","coordinates":[[[[137.4679,34.671],[137.4633,34.7252],[137.4715,34.7709],[137.4884,34.8098],[137.5119,34.8262],[137.5637,34.8378],[137.5792,34.845],[137.618,34.8793],[137.6333,34.9117],[137.6704,34.9472],[137.6849,35.0025],[137.6978,35.0181],[137.7535,35.0632],[137.7702,35.0812],[137.7961,35.1365],[137.8056,35.1945],[137.7513,35.1962],[137.6821,35.2087],[137.6434,35.2048],[137.6167,35.1927],[137.5751,35.1882],[137.5556,35.2019],[137.5387,35.2372],[137.5479,35.2704],[137.5001,35.2529],[137.4665,35.2323],[137.422,35.216],[137.3917,35.2207],[137.3698,35.2372],[137.2932,35.2678],[137.2639,35.2662],[137.1996,35.2412],[137.1593,35.2457],[137.1275,35.2667],[137.0708,35.2849],[137.0589,35.3042],[137.0322,35.326],[137.0207,35.3477],[136.965,35.381],[136.9529,35.3841],[136.9098,35.3707],[136.8487,35.3601],[136.8059,35.3421],[136.7898,35.3408],[136.7706,35.3521],[136.753,35.3387],[136.7256,35.2913],[136.6801,35.2364],[136.6765,35.2156],[136.6734,35.1388],[136.7101,35.0914],[136.7245,35.0592],[136.7518,35.0262],[136.7785,35.0204],[136.7979,35.0241],[136.7995,35.0486],[136.809,35.0488],[136.813,35.0274],[136.8393,35.0325],[136.8301,35.0788],[136.8432,35.075],[136.8489,35.0395],[136.8718,35.0934],[136.8857,35.0892],[136.8799,35.0438],[136.8659,35.0257],[136.8235,34.9549],[136.8229,34.8956],[136.8277,34.8719],[136.8434,34.8712],[136.8563,34.8565],[136.8647,34.8215],[136.8429,34.7691],[136.856,34.7398],[136.9132,34.7109],[136.9454,34.6985],[136.9715,34.6964],[136.9627,34.735],[136.9373,34.746],[136.9156,34.776],[136.9257,34.8283],[136.9385,34.861],[136.9568,34.8848],[136.9789,34.9242],[136.9826,34.8983],[136.9624,34.858],[136.9582,34.8324],[136.9766,34.8255],[137.0182,34.7833],[137.0502,34.7776],[137.0727,34.785],[137.0874,34.776],[137.1014,34.7846],[137.1405,34.7878],[137.1715,34.7841],[137.1708,34.7639],[137.1887,34.7701],[137.1944,34.807],[137.2077,34.8026],[137.2228,34.8163],[137.2665,34.8031],[137.28,34.8081],[137.2979,34.7972],[137.3243,34.7668],[137.3123,34.7367],[137.3408,34.7265],[137.3093,34.7257],[137.3035,34.6894],[137.2957,34.6912],[137.2982,34.7282],[137.2823,34.7312],[137.2597,34.7041],[137.2411,34.6967],[137.1677,34.6567],[137.121,34.6377],[137.1109,34.6254],[137.0728,34.6646],[137.0522,34.6468],[137.0425,34.6176],[137.0161,34.5788],[137.0448,34.5806],[137.0958,34.5932],[137.1407,34.5893],[137.3397,34.6474],[137.4276,34.6677],[137.4679,34.671]]],[[[136.7981,34.8764],[136.8077,34.8392],[136.826,34.8491],[136.811,34.8763],[136.7981,34.8764]]]]},"properties":{"name":"Aichi","name_en":"Aichi Prefecture","name_ja":"愛知県","name_zh":"爱知县","name_ko":"아이치현","adm0_a3":"JPN","postal":"AI","iso_3166_2":"JP-23","type_en":"Prefecture","region":"Chubu","geonunit":"Japan"}},{"type":"Feature","geometry":{"type":"MultiPolygon","coordinates":[[[[136.7518,35.0262],[136.7245,35.0592],[136.7101,35.0914],[136.6734,35.1388],[136.618,35.158],[136.5847,35.1744],[136.5582,35.194],[136.5388,35.2228],[136.5152,35.2319],[136.3988,35.2026],[136.407,35.1834],[136.4357,35.151],[136.4432,35.1318],[136.4323,35.0621],[136.4184,35.0219],[136.4117,34.9824],[136.3999,34.9495],[136.3625,34.9058],[136.3116,34.8793],[136.2405,34.8631],[136.1805,34.8625],[136.1246,34.8723],[136.1021,34.8651],[136.1128,34.8331],[136.082,34.8009],[136.0031,34.7737],[136.0365,34.7153],[136.0591,34.7025],[136.0723,34.6563],[136.0399,34.6412],[136.0583,34.6191],[136.0525,34.5746],[136.0759,34.5525],[136.1142,34.5364],[136.1536,34.5338],[136.1715,34.5094],[136.2025,34.5015],[136.2112,34.4864],[136.2027,34.4588],[136.1775,34.4386],[136.1573,34.4312],[136.0956,34.42],[136.0712,34.3938],[136.0692,34.377],[136.1077,34.3007],[136.1009,34.2834],[136.1187,34.2411],[136.1072,34.1894],[136.1094,34.1262],[136.0858,34.05],[136.1015,34.0185],[136.0872,34.0094],[136.0354,34.0107],[136.0038,33.9931],[135.9848,33.9531],[135.9575,33.918],[135.9255,33.9011],[135.9151,33.8887],[135.8914,33.8827],[135.8754,33.8508],[135.8477,33.8381],[135.8468,33.8174],[135.8632,33.7871],[135.9024,33.7475],[135.9508,33.7039],[135.9937,33.6863],[136.0693,33.847],[136.1047,33.8914],[136.1426,33.8936],[136.1648,33.9162],[136.1989,33.9209],[136.2111,33.9448],[136.2285,33.9384],[136.2276,33.9617],[136.2048,33.9714],[136.2322,33.9932],[136.2473,33.9715],[136.2732,33.9714],[136.2798,34.0173],[136.2527,34.0434],[136.2438,34.0642],[136.2185,34.0676],[136.2527,34.1086],[136.2835,34.0813],[136.3135,34.095],[136.3164,34.1143],[136.297,34.1257],[136.299,34.1543],[136.3367,34.184],[136.3843,34.2043],[136.4165,34.2043],[136.4717,34.239],[136.5148,34.2298],[136.5059,34.2464],[136.523,34.2731],[136.5606,34.2595],[136.5741,34.2805],[136.5925,34.2626],[136.6548,34.286],[136.6681,34.3096],[136.6499,34.3141],[136.7068,34.3343],[136.7234,34.3313],[136.7026,34.2952],[136.7258,34.291],[136.7566,34.2961],[136.7734,34.3078],[136.8075,34.2873],[136.8075,34.3078],[136.8464,34.3076],[136.8562,34.2942],[136.8485,34.2731],[136.8355,34.2805],[136.8416,34.2595],[136.8093,34.2739],[136.7734,34.2731],[136.7752,34.2619],[136.7942,34.2531],[136.8355,34.2464],[136.886,34.2604],[136.9002,34.2825],[136.8978,34.301],[136.8833,34.3283],[136.9099,34.355],[136.8872,34.3571],[136.8753,34.3693],[136.8931,34.3824],[136.9168,34.3762],[136.9258,34.4129],[136.916,34.434],[136.8963,34.4334],[136.8735,34.4471],[136.8689,34.4674],[136.8523,34.4855],[136.8036,34.4953],[136.7523,34.5133],[136.6771,34.5543],[136.633,34.5911],[136.6121,34.5959],[136.5681,34.5964],[136.5401,34.6157],[136.5464,34.6516],[136.5195,34.6809],[136.5349,34.7657],[136.6161,34.8535],[136.6393,34.889],[136.6483,34.9116],[136.6456,34.9298],[136.6617,34.9405],[136.6424,34.9481],[136.6592,34.984],[136.7256,35.0272],[136.7518,35.0262]]],[[[136.892,34.4967],[136.8726,34.4911],[136.8832,34.4754],[136.9025,34.4861],[136.909,34.5024],[136.892,34.4967]]],[[[136.8902,34.5312],[136.8491,34.515],[136.874,34.5134],[136.9032,34.525],[136.9101,34.5401],[136.8902,34.5312]]]]},"properties":{"name":"Mie","name_en":"Mie Prefecture","name_ja":"三重県","name_zh":"三重县","name_ko":"미에현","adm0_a3":"JPN","postal":"ME","iso_3166_2":"JP-24","type_en":"Prefecture","region":"Kinki","geonunit":"Japan"}},{"type":"Feature","geometry":{"type":"Polygon","coordinates":[[[135.9937,33.6863],[135.9508,33.7039],[135.9024,33.7475],[135.8632,33.7871],[135.8468,33.8174],[135.8477,33.8381],[135.8173,33.8722],[135.7852,33.879],[135.736,33.8696],[135.6822,33.8799],[135.654,33.8726],[135.6374,33.8591],[135.609,33.8638],[135.5983,33.8901],[135.6133,33.9549],[135.6065,33.9772],[135.5847,33.9984],[135.5654,34.0356],[135.5464,34.0507],[135.5511,34.0825],[135.5871,34.1291],[135.6152,34.157],[135.6329,34.1846],[135.6611,34.2045],[135.7011,34.2059],[135.7091,34.2254],[135.6945,34.2486],[135.6628,34.2849],[135.6591,34.3232],[135.6468,34.3718],[135.6011,34.3685],[135.5252,34.3346],[135.5089,34.3309],[135.4569,34.3346],[135.3332,34.3049],[135.3126,34.2973],[135.1885,34.2743],[135.1206,34.2757],[135.0997,34.2805],[135.0853,34.2992],[135.061,34.2673],[135.0927,34.2599],[135.1354,34.2277],[135.1488,34.1856],[135.1659,34.1867],[135.19,34.1496],[135.187,34.1359],[135.1228,34.1371],[135.1306,34.1224],[135.0945,34.0676],[135.1111,34.0657],[135.1531,34.0486],[135.1628,34.0397],[135.1532,34.0098],[135.1133,33.9934],[135.092,33.992],[135.0757,33.9775],[135.0773,33.959],[135.1012,33.9544],[135.0696,33.9307],[135.0791,33.906],[135.0574,33.9013],[135.0655,33.8856],[135.1187,33.8929],[135.1528,33.8759],[135.1734,33.8383],[135.1965,33.8148],[135.2298,33.7986],[135.2326,33.782],[135.2643,33.7813],[135.294,33.7637],[135.3121,33.7655],[135.3916,33.7136],[135.4024,33.7011],[135.3429,33.6939],[135.3277,33.6712],[135.342,33.6572],[135.3587,33.6542],[135.3807,33.6371],[135.3923,33.6189],[135.3873,33.5941],[135.3975,33.5826],[135.4448,33.5508],[135.4908,33.5412],[135.6375,33.4946],[135.7656,33.4815],[135.7708,33.4682],[135.7538,33.4516],[135.76,33.4333],[135.772,33.4449],[135.7893,33.4411],[135.783,33.4729],[135.798,33.4952],[135.8281,33.5136],[135.8848,33.529],[135.9125,33.5477],[135.9599,33.5931],[135.9387,33.6039],[135.9371,33.6175],[135.9573,33.6257],[135.9616,33.6425],[135.9807,33.653],[135.9937,33.6863]]]},"properties":{"name":"Wakayama","name_en":"Wakayama Prefecture","name_ja":"和歌山県","name_zh":"和歌山县","name_ko":"와카야마현","adm0_a3":"JPN","postal":"WK","iso_3166_2":"JP-30","type_en":"Prefecture","region":"Kinki","geonunit":"Japan"}},{"type":"Feature","geometry":{"type":"MultiPolygon","coordinates":[[[[135.0853,34.2992],[135.0997,34.2805],[135.1206,34.2757],[135.1885,34.2743],[135.3126,34.2973],[135.3332,34.3049],[135.4569,34.3346],[135.5089,34.3309],[135.5252,34.3346],[135.6011,34.3685],[135.6468,34.3718],[135.6707,34.3885],[135.6689,34.4079],[135.6769,34.448],[135.6651,34.4931],[135.6506,34.5166],[135.6271,34.5379],[135.622,34.5534],[135.6465,34.6011],[135.6676,34.6749],[135.6846,34.7057],[135.7063,34.7595],[135.7148,34.7853],[135.7084,34.8112],[135.6827,34.8445],[135.6464,34.8992],[135.6338,34.9099],[135.598,34.9197],[135.5828,34.9465],[135.5664,34.9472],[135.5571,34.9329],[135.5637,34.916],[135.5382,34.9098],[135.4859,34.9381],[135.4583,34.9747],[135.4302,34.9876],[135.3933,34.9897],[135.3633,34.9975],[135.3668,34.9534],[135.3989,34.9241],[135.4398,34.9037],[135.4389,34.8496],[135.4332,34.7938],[135.4485,34.7292],[135.4329,34.7061],[135.4129,34.6921],[135.4036,34.6589],[135.4158,34.6096],[135.4144,34.5581],[135.4083,34.541],[135.391,34.5236],[135.3732,34.5189],[135.3726,34.4845],[135.3197,34.4288],[135.2566,34.3768],[135.209,34.3423],[135.105,34.3181],[135.0853,34.2992]]],[[[135.2052,34.4305],[135.2244,34.4163],[135.2571,34.4358],[135.241,34.4546],[135.2052,34.4305]]]]},"properties":{"name":"Ōsaka","name_en":"Ōsaka Prefecture","name_ja":"大阪府","name_zh":"大阪府","name_ko":"오사카부","adm0_a3":"JPN","postal":"OS","iso_3166_2":"JP-27","type_en":"Urban Prefecture","region":"Kinki","geonunit":"Japan"}},{"type":"Feature","geometry":{"type":"Polygon","coordinates":[[[134.3046,34.7091],[134.3144,34.7318],[134.314,34.7612],[134.2886,34.7995],[134.2597,34.8213],[134.2577,34.851],[134.2639,34.8729],[134.2587,34.9365],[134.2645,34.9674],[134.2636,35.001],[134.3133,35.041],[134.3626,35.111],[134.3941,35.1407],[134.3971,35.1521],[134.3882,35.1875],[134.3957,35.2292],[134.3254,35.1925],[134.2961,35.1857],[134.2473,35.1858],[134.1746,35.1616],[134.1645,35.1674],[134.1316,35.2428],[134.1136,35.2607],[134.0812,35.2792],[134.0066,35.2879],[133.9997,35.3167],[133.9869,35.325],[133.95,35.3262],[133.9291,35.3194],[133.9007,35.2924],[133.8566,35.273],[133.8342,35.2431],[133.8111,35.2422],[133.7843,35.27],[133.7352,35.2953],[133.6079,35.3223],[133.5799,35.3152],[133.5609,35.2816],[133.55,35.2504],[133.507,35.2114],[133.5042,35.1812],[133.4471,35.1587],[133.3972,35.1566],[133.3829,35.1418],[133.3832,35.1151],[133.3601,35.0953],[133.2895,35.0725],[133.2643,35.0506],[133.3041,34.9974],[133.3096,34.9672],[133.3065,34.9334],[133.3101,34.8769],[133.323,34.8436],[133.3622,34.7927],[133.3656,34.78],[133.3638,34.7289],[133.3715,34.6894],[133.3931,34.649],[133.3927,34.6082],[133.4056,34.581],[133.4279,34.5531],[133.4491,34.5088],[133.443,34.4727],[133.4566,34.4724],[133.5012,34.4922],[133.5225,34.4831],[133.5093,34.4621],[133.4701,34.424],[133.5689,34.4599],[133.5962,34.4823],[133.6694,34.5108],[133.7,34.5259],[133.7234,34.5276],[133.7305,34.507],[133.7438,34.5058],[133.7689,34.488],[133.7944,34.4429],[133.8264,34.4376],[133.8218,34.4621],[133.8591,34.4629],[133.9363,34.4512],[133.9539,34.4738],[133.9666,34.5064],[133.9832,34.5286],[134.012,34.5201],[134.0051,34.5338],[134.0457,34.5639],[134.0462,34.5815],[134.0193,34.5968],[133.9841,34.5891],[133.9426,34.5551],[133.9295,34.5611],[133.9251,34.5779],[133.9793,34.6059],[134.0288,34.6089],[134.0474,34.6046],[134.0837,34.5815],[134.148,34.597],[134.1773,34.6144],[134.1895,34.6369],[134.1553,34.6369],[134.2202,34.6635],[134.2448,34.6915],[134.2788,34.6982],[134.2168,34.7119],[134.2088,34.728],[134.2478,34.7182],[134.3046,34.7091]]]},"properties":{"name":"Okayama","name_en":"Okayama Prefecture","name_ja":"岡山県","name_zh":"冈山县","name_ko":"오카야마현","adm0_a3":"JPN","postal":"OY","iso_3166_2":"JP-33","type_en":"Prefecture","region":"Chugoku","geonunit":"Japan"}},{"type":"Feature","geometry":{"type":"MultiPolygon","coordinates":[[[[133.443,34.4727],[133.4491,34.5088],[133.4279,34.5531],[133.4056,34.581],[133.3927,34.6082],[133.3931,34.649],[133.3715,34.6894],[133.3638,34.7289],[133.3656,34.78],[133.3622,34.7927],[133.323,34.8436],[133.3101,34.8769],[133.3065,34.9334],[133.3096,34.9672],[133.3041,34.9974],[133.2643,35.0506],[133.2294,35.06],[133.166,35.0615],[133.1279,35.0673],[133.097,35.0715],[133.0544,35.0634],[133.0229,35.0665],[132.994,35.0805],[132.9388,35.0688],[132.8757,35.0778],[132.8392,35.0665],[132.8084,35.0276],[132.7471,34.9622],[132.7293,34.9502],[132.6937,34.9377],[132.6694,34.922],[132.6425,34.8947],[132.6414,34.8839],[132.6727,34.8662],[132.6779,34.8442],[132.6679,34.8382],[132.587,34.8176],[132.5455,34.7991],[132.5091,34.7895],[132.4692,34.792],[132.4241,34.7997],[132.3904,34.7789],[132.3522,34.7869],[132.2765,34.7685],[132.2479,34.7829],[132.2075,34.7484],[132.1533,34.7165],[132.1421,34.693],[132.1474,34.6592],[132.1233,34.6248],[132.1098,34.5776],[132.0949,34.5534],[132.0639,34.5265],[132.0413,34.4952],[132.0504,34.4578],[132.0611,34.4351],[132.0709,34.3595],[132.1264,34.2488],[132.144,34.2284],[132.1998,34.2015],[132.2404,34.1898],[132.2317,34.2252],[132.2225,34.239],[132.3123,34.327],[132.346,34.3488],[132.3835,34.3657],[132.4055,34.3681],[132.4416,34.35],[132.4617,34.3496],[132.4968,34.3625],[132.5176,34.353],[132.531,34.3352],[132.5037,34.3283],[132.509,34.3162],[132.5037,34.2873],[132.521,34.2698],[132.5335,34.2448],[132.5598,34.2184],[132.5447,34.2043],[132.5662,34.192],[132.6135,34.2185],[132.6272,34.198],[132.6563,34.1993],[132.703,34.2255],[132.7266,34.2321],[132.7715,34.2353],[132.7781,34.2427],[132.7622,34.2703],[132.7991,34.284],[132.8182,34.3034],[132.8362,34.3111],[132.853,34.2873],[132.8831,34.3046],[132.9119,34.3148],[133.0183,34.3233],[133.0591,34.3323],[133.0858,34.351],[133.0791,34.3823],[133.0933,34.3898],[133.1343,34.3823],[133.1685,34.3625],[133.1475,34.3514],[133.1331,34.3182],[133.1133,34.3141],[133.1179,34.3423],[133.1033,34.3451],[133.0723,34.3175],[133.0706,34.2772],[133.0764,34.2596],[133.0933,34.2526],[133.1252,34.2763],[133.1658,34.2923],[133.1856,34.2805],[133.2029,34.2889],[133.2087,34.3078],[133.2019,34.3283],[133.1821,34.3414],[133.2297,34.3762],[133.2473,34.4265],[133.2666,34.4206],[133.2766,34.4018],[133.2585,34.3823],[133.3047,34.3776],[133.315,34.366],[133.3055,34.3488],[133.2699,34.3392],[133.2698,34.3224],[133.2954,34.3249],[133.3411,34.348],[133.4124,34.4245],[133.4222,34.445],[133.4191,34.4679],[133.443,34.4727]]],[[[132.5552,34.0714],[132.5698,34.0759],[132.5806,34.0998],[132.5776,34.1189],[132.5515,34.1086],[132.5462,34.145],[132.5379,34.1571],[132.5515,34.1706],[132.5193,34.1744],[132.4968,34.1571],[132.51,34.1318],[132.4973,34.1171],[132.4553,34.0881],[132.478,34.0805],[132.5322,34.0821],[132.5552,34.0714]]],[[[132.7385,34.197],[132.709,34.2033],[132.689,34.1899],[132.6979,34.1813],[132.7373,34.1684],[132.74,34.1599],[132.7614,34.1772],[132.7385,34.197]]],[[[132.9212,34.2773],[132.9082,34.2629],[132.8464,34.2402],[132.8499,34.2152],[132.8631,34.2085],[132.9058,34.2131],[132.9168,34.2219],[132.9323,34.2748],[132.9212,34.2773]]],[[[132.3384,34.3044],[132.3286,34.3062],[132.2988,34.2922],[132.2673,34.2536],[132.2793,34.2383],[132.2959,34.2432],[132.345,34.282],[132.3384,34.3044]]]]},"properties":{"name":"Hiroshima","name_en":"Hiroshima Prefecture","name_ja":"広島県","name_zh":"广岛县","name_ko":"히로시마현","adm0_a3":"JPN","postal":"HS","iso_3166_2":"JP-34","type_en":"Prefecture","region":"Chugoku","geonunit":"Japan"}},{"type":"Feature","geometry":{"type":"MultiPolygon","coordinates":[[[[143.8965,44.1581],[143.8595,44.1728],[143.8176,44.1756],[143.8137,44.1684],[143.8965,44.1459],[143.9404,44.1391],[143.9758,44.1483],[143.9118,44.1523],[143.8965,44.1581]]],[[[145.7674,43.3873],[145.7444,43.3918],[145.7232,43.3798],[145.676,43.382],[145.6492,43.3738],[145.6338,43.3532],[145.5949,43.3428],[145.4966,43.2706],[145.522,43.2412],[145.5171,43.229],[145.4684,43.253],[145.3836,43.259],[145.3216,43.2763],[145.3042,43.2917],[145.3208,43.296],[145.2981,43.3093],[145.2645,43.3167],[145.2583,43.3271],[145.27,43.3464],[145.2992,43.3413],[145.3617,43.3015],[145.3936,43.3054],[145.3457,43.3327],[145.3117,43.3668],[145.2908,43.4053],[145.2644,43.4897],[145.2468,43.5305],[145.2323,43.5399],[145.2185,43.5897],[145.1948,43.6207],[145.1301,43.6716],[145.116,43.6868],[145.0747,43.7537],[145.0747,43.786],[145.0892,43.8007],[145.116,43.8625],[145.1061,43.8808],[145.1223,43.9171],[145.1696,43.9853],[145.2604,44.0694],[145.2692,44.0852],[145.2791,44.1339],[145.2905,44.1545],[145.3499,44.2116],[145.3718,44.2488],[145.3731,44.2922],[145.3415,44.3455],[145.3184,44.3363],[145.3097,44.3164],[145.2503,44.2718],[145.2017,44.2058],[145.1667,44.1905],[145.1193,44.1545],[145.0485,44.1221],[144.9476,44.0341],[144.8312,43.9422],[144.7881,43.9218],[144.7405,43.9146],[144.5703,43.9248],[144.4304,43.9426],[144.3794,43.9565],[144.3186,43.9912],[144.3023,44.0241],[144.2783,44.0368],[144.2559,44.0794],[144.2634,44.1078],[144.2429,44.1192],[144.2151,44.1115],[144.1887,44.0503],[144.167,44.0254],[144.1384,44.0207],[144.1055,44.0316],[144.1268,44.0801],[144.1404,44.093],[144.1717,44.106],[144.1193,44.1291],[143.9992,44.134],[143.9661,44.1201],[143.9378,44.0964],[143.9297,44.0989],[143.7832,44.1007],[143.7424,44.1209],[143.7283,44.1135],[143.7146,44.1514],[143.6804,44.1824],[143.6953,44.1898],[143.7766,44.1824],[143.7766,44.1893],[143.5524,44.2525],[143.4053,44.3175],[143.3692,44.3463],[143.3514,44.381],[143.2969,44.3947],[143.2407,44.4363],[143.2044,44.4473],[143.1184,44.4969],[143.0427,44.5549],[142.9815,44.5865],[142.9398,44.6347],[142.9075,44.6474],[142.714,44.8062],[142.6657,44.8666],[142.6307,44.8837],[142.6143,44.9039],[142.5393,45.0185],[142.2212,45.2996],[142.1831,45.326],[142.0965,45.3723],[142.0567,45.402],[142.0178,45.4557],[141.9876,45.4685],[141.9605,45.5102],[141.945,45.5204],[141.9194,45.5159],[141.8787,45.484],[141.8753,45.4482],[141.8233,45.4226],[141.7741,45.4129],[141.6921,45.4023],[141.6836,45.4362],[141.6657,45.4504],[141.6394,45.4211],[141.639,45.389],[141.6492,45.341],[141.6277,45.3144],[141.6178,45.2853],[141.5838,45.2512],[141.5749,45.2069],[141.5864,45.1644],[141.7219,44.9551],[141.7536,44.8854],[141.7835,44.7654],[141.7961,44.6418],[141.7918,44.597],[141.7472,44.4242],[141.6657,44.3127],[141.6554,44.2769],[141.6702,44.0666],[141.6589,43.9838],[141.6406,43.9379],[141.6157,43.9028],[141.5847,43.8754],[141.5282,43.8412],[141.4906,43.8273],[141.448,43.8225],[141.4021,43.8036],[141.385,43.7913],[141.3582,43.7558],[141.3374,43.7128],[141.3439,43.6902],[141.367,43.6463],[141.364,43.6275],[141.3914,43.5791],[141.3625,43.5434],[141.3599,43.5236],[141.3709,43.4971],[141.427,43.4346],[141.4397,43.4078],[141.4401,43.3617],[141.4234,43.3179],[141.3975,43.2797],[141.3709,43.2507],[141.304,43.1973],[141.2276,43.1545],[141.2009,43.1436],[141.1691,43.1409],[141.0698,43.1689],[141.022,43.175],[141.0044,43.1931],[141.0223,43.2238],[140.9883,43.227],[140.9126,43.2042],[140.8099,43.1925],[140.7863,43.2006],[140.7614,43.2235],[140.6892,43.2484],[140.6688,43.2603],[140.6209,43.3012],[140.4872,43.3724],[140.4651,43.3681],[140.4529,43.3389],[140.4095,43.3247],[140.3601,43.3252],[140.3294,43.2507],[140.3381,43.2105],[140.3679,43.1831],[140.4061,43.1602],[140.4392,43.134],[140.4873,43.0827],[140.502,43.0457],[140.5271,43.0154],[140.5212,42.9963],[140.5032,42.98],[140.4612,42.9589],[140.3771,42.8938],[140.3374,42.8341],[140.3118,42.816],[140.3032,42.7697],[140.2815,42.7573],[140.2608,42.761],[140.2229,42.8013],[140.2004,42.8143],[140.1834,42.8102],[140.1359,42.7471],[140.0955,42.7338],[140.0539,42.6942],[140.014,42.6816],[139.9172,42.6772],[139.877,42.6634],[139.8434,42.6269],[139.8328,42.5888],[139.8493,42.5141],[139.8496,42.4693],[139.8262,42.402],[139.7844,42.3508],[139.7676,42.311],[139.7874,42.2468],[139.8434,42.2086],[139.8836,42.195],[139.9094,42.1566],[139.9275,42.1389],[140.0276,42.1055],[140.061,42.08],[140.1118,42.0111],[140.145,41.9827],[140.1397,41.9487],[140.1517,41.9138],[140.145,41.8796],[140.1278,41.8708],[140.1297,41.8232],[140.1177,41.8045],[140.0874,41.8051],[140.0711,41.7602],[140.0195,41.697],[140.0034,41.6347],[139.9842,41.6032],[139.9837,41.5605],[140.014,41.5029],[140.0383,41.4426],[140.1004,41.4135],[140.1375,41.421],[140.1851,41.4038],[140.209,41.4011],[140.2258,41.4379],[140.2412,41.4572],[140.2747,41.4824],[140.4006,41.513],[140.4324,41.5308],[140.4432,41.5637],[140.4333,41.6447],[140.4529,41.6811],[140.5234,41.6987],[140.5448,41.7126],[140.6043,41.7363],[140.6157,41.7547],[140.6416,41.8151],[140.6604,41.8271],[140.709,41.8244],[140.7272,41.8113],[140.7334,41.7936],[140.7067,41.7741],[140.6986,41.7598],[140.708,41.7456],[140.73,41.75],[140.7751,41.7704],[140.824,41.7707],[140.8743,41.7582],[140.96,41.722],[141.0064,41.7121],[141.0433,41.7239],[141.104,41.7704],[141.1436,41.7858],[141.19,41.7909],[141.2,41.7995],[141.1828,41.8183],[141.1069,41.8718],[141.0833,41.8826],[141.0116,41.8937],[140.9743,41.9138],[140.9085,41.9789],[140.8371,42.0236],[140.7893,42.0745],[140.7736,42.1022],[140.7136,42.1335],[140.6741,42.1221],[140.6101,42.1176],[140.5488,42.1055],[140.5303,42.1118],[140.4564,42.1731],[140.4241,42.1923],[140.3216,42.234],[140.2918,42.2596],[140.2815,42.3048],[140.2886,42.3502],[140.304,42.393],[140.3255,42.4328],[140.3809,42.5051],[140.417,42.5382],[140.4575,42.5643],[140.5007,42.5792],[140.5256,42.5806],[140.5974,42.5717],[140.6629,42.5798],[140.6863,42.5792],[140.7337,42.5642],[140.9014,42.4208],[140.9121,42.3806],[140.947,42.3532],[140.9868,42.3398],[140.9754,42.3266],[140.9317,42.3288],[140.9524,42.3048],[140.9773,42.2996],[141.0168,42.3161],[141.0733,42.3771],[141.0916,42.3918],[141.1687,42.4333],[141.2151,42.4445],[141.2625,42.4682],[141.4277,42.5644],[141.5496,42.6011],[141.6365,42.6158],[141.7261,42.6172],[141.8171,42.5996],[141.8882,42.5698],[141.926,42.5586],[141.981,42.5102],[142.0626,42.4707],[142.1678,42.4599],[142.2222,42.4118],[142.281,42.3665],[142.46,42.2713],[142.5464,42.2506],[142.7577,42.1584],[142.9597,42.1054],[143.1152,42.028],[143.1633,41.9904],[143.1824,41.9616],[143.2261,41.9323],[143.2415,41.928],[143.2529,41.9419],[143.2655,41.9867],[143.2923,42.0052],[143.3035,42.0258],[143.3311,42.1069],[143.3379,42.1502],[143.3249,42.2297],[143.3317,42.2772],[143.349,42.3192],[143.4481,42.455],[143.5752,42.6033],[143.6388,42.6611],[143.7903,42.7573],[143.8864,42.8442],[144.042,42.9266],[144.1831,42.9764],[144.323,43.0026],[144.3581,42.9995],[144.3731,42.9696],[144.3906,42.9564],[144.4649,42.9371],[144.4959,42.9333],[144.5217,42.9441],[144.5991,42.9491],[144.742,42.9242],[144.7835,42.9348],[144.7415,42.9652],[144.7391,42.9914],[144.7576,43.0188],[144.7987,43.0467],[144.8402,43.0401],[144.8421,43.0071],[144.8688,42.9885],[144.8998,42.9795],[144.9338,42.9783],[145.0002,42.9862],[145.0237,42.9963],[145.0275,43.0093],[145.0031,43.0446],[145.0513,43.0331],[145.0757,43.034],[145.0993,43.0446],[145.111,43.0636],[145.1492,43.0663],[145.1682,43.0794],[145.1227,43.0882],[145.1255,43.1201],[145.1541,43.1323],[145.2311,43.1411],[145.2583,43.1495],[145.3025,43.1735],[145.4041,43.175],[145.4524,43.1839],[145.4783,43.1721],[145.5189,43.1664],[145.5171,43.175],[145.5456,43.202],[145.5798,43.265],[145.6065,43.2842],[145.6292,43.3098],[145.6841,43.3102],[145.7085,43.3263],[145.7601,43.337],[145.7777,43.3563],[145.8103,43.3608],[145.825,43.3736],[145.7674,43.3873]]],[[[139.5485,42.2434],[139.5091,42.2258],[139.4522,42.2153],[139.437,42.2072],[139.4143,42.1725],[139.4129,42.144],[139.4227,42.1315],[139.4354,42.0629],[139.4553,42.0516],[139.4939,42.0788],[139.509,42.1008],[139.5207,42.1745],[139.554,42.2116],[139.5642,42.2318],[139.5485,42.2434]]],[[[145.3115,43.5933],[145.287,43.601],[145.2024,43.6138],[145.332,43.5654],[145.2879,43.5475],[145.2732,43.5224],[145.2974,43.5227],[145.312,43.5422],[145.3628,43.5549],[145.3604,43.5648],[145.3115,43.5933]]],[[[141.3272,45.1723],[141.2683,45.2255],[141.2352,45.2413],[141.2026,45.2491],[141.1672,45.24],[141.1318,45.2103],[141.1455,45.1898],[141.1311,45.1702],[141.1501,45.1471],[141.1818,45.1266],[141.2354,45.1025],[141.2684,45.101],[141.3045,45.1202],[141.3356,45.1578],[141.3272,45.1723]]],[[[141.0527,45.4504],[141.0066,45.4404],[140.9861,45.4674],[140.9668,45.4634],[141.001,45.4191],[140.9942,45.371],[141.0105,45.3278],[141.0357,45.2922],[141.0357,45.2649],[141.0591,45.322],[141.0736,45.4247],[141.069,45.4427],[141.0527,45.4504]]],[[[139.3729,41.5222],[139.3403,41.5238],[139.3456,41.4934],[139.3743,41.5043],[139.3729,41.5222]]],[[[146.1751,43.5382],[146.1575,43.5463],[146.1317,43.5408],[146.0794,43.5176],[146.1004,43.5007],[146.1265,43.486],[146.134,43.463],[146.1519,43.4628],[146.2092,43.4835],[146.2049,43.5012],[146.2267,43.5208],[146.2207,43.537],[146.1751,43.5382]]],[[[146.8817,43.8592],[146.8605,43.8772],[146.8462,43.8783],[146.8193,43.8603],[146.7956,43.867],[146.7687,43.8608],[146.6743,43.822],[146.648,43.8148],[146.6047,43.8086],[146.6131,43.7783],[146.6022,43.7361],[146.6506,43.7126],[146.6685,43.7094],[146.6937,43.7163],[146.7163,43.7299],[146.7095,43.7436],[146.7276,43.7402],[146.7835,43.7535],[146.819,43.7819],[146.8403,43.7783],[146.8654,43.7927],[146.9146,43.8027],[146.9266,43.8144],[146.9421,43.8466],[146.9102,43.8446],[146.8817,43.8592]]],[[[146.4692,44.4288],[146.3635,44.422],[146.3338,44.4285],[146.2793,44.457],[146.2476,44.467],[146.1943,44.5065],[146.1614,44.5114],[146.1193,44.506],[146.091,44.4782],[146.0447,44.4089],[146.0198,44.3826],[146.0125,44.3661],[146.0098,44.3432],[145.9875,44.3237],[145.9749,44.2923],[145.9548,44.2773],[145.9143,44.2658],[145.8972,44.2544],[145.8696,44.227],[145.8596,44.1893],[145.846,44.1803],[145.801,44.1601],[145.7871,44.1407],[145.764,44.1173],[145.7572,44.0794],[145.7459,44.0613],[145.7288,44.0438],[145.7078,44.0306],[145.6853,44.0254],[145.6616,43.9906],[145.5608,43.9379],[145.5418,43.9186],[145.4823,43.8944],[145.4518,43.8565],[145.4206,43.8435],[145.4099,43.8286],[145.4276,43.8056],[145.4276,43.7709],[145.4431,43.7245],[145.4749,43.7256],[145.5142,43.7357],[145.5518,43.7163],[145.5443,43.6747],[145.558,43.6579],[145.5723,43.7299],[145.5811,43.8337],[145.5887,43.8476],[145.6201,43.8671],[145.6476,43.8903],[145.6621,43.8982],[145.7268,43.9066],[145.764,43.9217],[145.7917,43.9486],[145.8016,43.9675],[145.8132,44.0065],[145.8316,44.02],[145.8538,44.0247],[145.8733,44.0179],[145.8875,44.039],[145.887,44.0694],[145.8934,44.08],[145.9314,44.1209],[146.031,44.1824],[146.0564,44.1943],[146.0759,44.2134],[146.0852,44.2341],[146.1394,44.2657],[146.202,44.2696],[146.2234,44.278],[146.2437,44.2705],[146.2734,44.2734],[146.3259,44.2922],[146.3737,44.3264],[146.402,44.3624],[146.4592,44.381],[146.5032,44.3621],[146.5139,44.364],[146.5388,44.383],[146.5549,44.408],[146.5721,44.4499],[146.5519,44.4511],[146.4692,44.4288]]],[[[148.7992,45.4157],[148.8014,45.435],[148.8272,45.443],[148.8562,45.4643],[148.8513,45.4815],[148.7992,45.5181],[148.7639,45.5279],[148.7266,45.5252],[148.6467,45.5027],[148.6211,45.4982],[148.6069,45.477],[148.5915,45.468],[148.5697,45.4661],[148.5513,45.4573],[148.5324,45.4362],[148.4684,45.3977],[148.4473,45.3673],[148.4238,45.3589],[148.3997,45.3392],[148.361,45.2996],[148.3119,45.2753],[148.0696,45.2512],[148.0396,45.2546],[148.0149,45.2683],[148.0046,45.2812],[148.0047,45.3127],[147.9976,45.3346],[147.9692,45.3744],[147.9624,45.41],[147.9509,45.4313],[147.8928,45.3967],[147.8716,45.3804],[147.8607,45.3542],[147.8744,45.3096],[147.8675,45.2683],[147.8731,45.2573],[147.8943,45.2375],[147.8949,45.2239],[147.8862,45.2187],[147.7813,45.1977],[147.757,45.1857],[147.7339,45.1656],[147.669,45.0936],[147.646,45.0761],[147.6196,45.0653],[147.593,45.0644],[147.5417,45.0928],[147.5264,45.0939],[147.5018,45.0788],[147.5039,45.0532],[147.4949,45.005],[147.4844,44.9853],[147.4538,44.9586],[147.4084,44.9365],[147.3605,44.9011],[147.2644,44.8676],[147.2406,44.8509],[147.2499,44.8209],[147.2165,44.799],[147.1906,44.809],[147.1516,44.8345],[147.1092,44.8271],[147.0965,44.7958],[147.1219,44.7763],[147.1609,44.7706],[147.2039,44.7554],[147.1966,44.7137],[147.1528,44.674],[147.1292,44.6471],[147.0914,44.6374],[147.0677,44.646],[147.0311,44.669],[146.9986,44.6626],[147.0104,44.6343],[147.0273,44.6205],[147.0378,44.599],[147.0007,44.566],[146.9619,44.5839],[146.9516,44.6223],[146.937,44.6248],[146.9292,44.6069],[146.9371,44.5683],[146.9499,44.5489],[146.9383,44.5361],[146.9074,44.5222],[146.8924,44.5043],[146.8734,44.4899],[146.8583,44.462],[146.8618,44.4453],[146.876,44.4341],[146.9124,44.4327],[146.9382,44.4228],[146.9583,44.421],[146.9704,44.4374],[146.9778,44.4574],[146.9937,44.4804],[147.0547,44.5372],[147.1133,44.5704],[147.1533,44.5591],[147.226,44.581],[147.2717,44.6418],[147.2889,44.6606],[147.3303,44.6882],[147.3884,44.7367],[147.4854,44.7784],[147.5554,44.8236],[147.5864,44.8676],[147.6275,44.9011],[147.6454,44.9081],[147.6488,44.9211],[147.6268,44.9316],[147.6209,44.9507],[147.626,44.9694],[147.6538,44.9949],[147.7008,45.008],[147.7258,44.9922],[147.7387,44.9682],[147.7683,44.9433],[147.7966,44.9606],[147.832,44.9653],[147.913,44.963],[147.9635,44.9989],[147.9903,45.0058],[148.0679,45.0796],[148.1273,45.1311],[148.2158,45.1957],[148.2777,45.2226],[148.3435,45.2389],[148.4382,45.2485],[148.4688,45.2595],[148.5562,45.307],[148.5843,45.3155],[148.645,45.3201],[148.7288,45.3111],[148.7583,45.3127],[148.8167,45.3335],[148.8434,45.3518],[148.844,45.371],[148.8065,45.4045],[148.7992,45.4157]]],[[[146.0921,43.4481],[146.0809,43.4311],[146.0604,43.4345],[146.0452,43.4314],[146.0261,43.4156],[146.0451,43.4028],[146.0571,43.4162],[146.0807,43.4162],[146.103,43.433],[146.0921,43.4481]]],[[[145.9347,43.4396],[145.9415,43.4512],[145.9268,43.455],[145.897,43.4488],[145.8864,43.4596],[145.8648,43.4521],[145.891,43.4449],[145.888,43.4252],[145.9001,43.4188],[145.9093,43.4248],[145.9468,43.4243],[145.9347,43.4396]]],[[[146.3524,43.6382],[146.3177,43.6506],[146.2997,43.6355],[146.2713,43.6259],[146.3446,43.6191],[146.3568,43.622],[146.3524,43.6382]]]]},"properties":{"name":"Hokkaidō","name_en":"Hokkaidō","name_ja":"北海道","name_zh":"北海道","name_ko":"홋카이도","adm0_a3":"JPN","postal":"HK","iso_3166_2":"JP-01","type_en":"Circuit","region":"Hokkaido","geonunit":"Japan"}},{"type":"Feature","geometry":{"type":"MultiPolygon","coordinates":[[[[123.8147,24.3917],[123.7769,24.4197],[123.7699,24.4184],[123.7532,24.3644],[123.7481,24.3296],[123.7293,24.3157],[123.707,24.3287],[123.698,24.316],[123.6838,24.3235],[123.6682,24.2966],[123.6834,24.2853],[123.7458,24.2812],[123.8512,24.257],[123.8731,24.2582],[123.9155,24.3068],[123.936,24.3415],[123.9344,24.3675],[123.9105,24.3795],[123.8721,24.3901],[123.8347,24.3955],[123.8147,24.3917]]],[[[123.0026,24.4743],[122.9446,24.4663],[122.9387,24.4442],[122.9475,24.4395],[122.9878,24.4433],[122.9984,24.4395],[123.0182,24.4593],[123.0026,24.4743]]],[[[124.3291,24.5836],[124.3145,24.5873],[124.3006,24.5699],[124.2684,24.5104],[124.2402,24.4949],[124.2119,24.447],[124.1913,24.44],[124.1565,24.4416],[124.1345,24.4568],[124.1292,24.4694],[124.1162,24.4675],[124.0952,24.4395],[124.0784,24.4355],[124.0886,24.4219],[124.1227,24.4143],[124.1431,24.3849],[124.1222,24.3606],[124.1403,24.342],[124.177,24.333],[124.2119,24.3371],[124.2419,24.3637],[124.2539,24.4018],[124.2605,24.4453],[124.2739,24.4879],[124.3091,24.5349],[124.3323,24.571],[124.3291,24.5836]]],[[[125.3872,24.7822],[125.3582,24.7826],[125.3267,24.8107],[125.3023,24.8576],[125.2852,24.8773],[125.2603,24.8852],[125.2748,24.8564],[125.2739,24.82],[125.2615,24.7639],[125.2588,24.7334],[125.2997,24.7257],[125.3838,24.727],[125.444,24.7372],[125.4526,24.7449],[125.4263,24.7689],[125.3872,24.7822]]],[[[131.2551,25.875],[131.2361,25.8721],[131.2127,25.8415],[131.2121,25.829],[131.2525,25.819],[131.2642,25.8463],[131.2771,25.8584],[131.2551,25.875]]],[[[126.8101,26.3519],[126.7871,26.3801],[126.7521,26.3907],[126.7236,26.386],[126.6978,26.369],[126.7036,26.3553],[126.7599,26.3344],[126.7824,26.3045],[126.8074,26.3326],[126.8101,26.3519]]],[[[128.3377,26.7969],[128.3314,26.8134],[128.2551,26.8863],[128.2544,26.8644],[128.2259,26.801],[128.188,26.7805],[128.1761,26.7625],[128.162,26.7571],[128.1524,26.7315],[128.1113,26.7034],[128.1033,26.6912],[128.1111,26.674],[128.0574,26.6448],[128.0149,26.6348],[127.9956,26.6392],[127.9885,26.653],[128.0012,26.6802],[127.9873,26.6929],[127.9646,26.6972],[127.8854,26.6961],[127.8779,26.6866],[127.8858,26.6535],[127.8856,26.6202],[127.8943,26.6093],[127.9406,26.6025],[127.9559,26.5948],[127.9602,26.5641],[127.9375,26.5321],[127.9027,26.5164],[127.8643,26.5057],[127.8306,26.4884],[127.8052,26.4476],[127.7811,26.4412],[127.7313,26.4399],[127.7225,26.4299],[127.7244,26.3854],[127.7419,26.3205],[127.7313,26.2894],[127.7183,26.2741],[127.7002,26.2761],[127.6777,26.2306],[127.6585,26.2123],[127.6382,26.2147],[127.6359,26.1914],[127.6571,26.1218],[127.6517,26.0844],[127.7101,26.0844],[127.7254,26.0896],[127.7417,26.1156],[127.7549,26.1253],[127.7757,26.1218],[127.7969,26.1397],[127.8236,26.1868],[127.7754,26.1851],[127.7684,26.1977],[127.7775,26.2333],[127.8283,26.3162],[127.8408,26.3239],[127.9019,26.305],[127.9199,26.3096],[127.8888,26.3391],[127.8734,26.3648],[127.8648,26.4065],[127.8389,26.4252],[127.8517,26.4412],[127.8706,26.4474],[127.9403,26.4477],[127.9509,26.4667],[127.9841,26.4785],[128.0364,26.5273],[128.0559,26.5505],[128.0716,26.544],[128.1087,26.5452],[128.1418,26.5566],[128.1458,26.5734],[128.1321,26.5812],[128.1516,26.6125],[128.1722,26.6235],[128.2171,26.6256],[128.2433,26.6333],[128.2644,26.6524],[128.2966,26.7013],[128.3081,26.7009],[128.3097,26.7212],[128.3377,26.7643],[128.3298,26.7803],[128.3377,26.7969]]],[[[128.7007,27.4548],[128.6504,27.4347],[128.6188,27.4156],[128.5615,27.4204],[128.5339,27.4153],[128.5261,27.3972],[128.5269,27.3719],[128.5454,27.3537],[128.5745,27.3533],[128.5874,27.362],[128.6131,27.3643],[128.6182,27.3797],[128.6307,27.3757],[128.6558,27.4101],[128.6976,27.4357],[128.7007,27.4548]]],[[[128.9888,27.8111],[128.9773,27.8366],[128.9655,27.8944],[128.947,27.9141],[128.8945,27.8913],[128.8885,27.8532],[128.8789,27.8248],[128.8993,27.7695],[128.8909,27.7419],[128.8945,27.7282],[128.9164,27.7224],[128.9295,27.6867],[128.9607,27.6858],[128.9895,27.7075],[129.0243,27.7566],[129.0247,27.7861],[128.9888,27.8111]]],[[[129.2966,28.1196],[129.2642,28.1347],[129.2505,28.151],[129.2693,28.1749],[129.2326,28.1707],[129.2215,28.176],[129.2277,28.1953],[129.1808,28.1903],[129.187,28.175],[129.2141,28.1401],[129.2181,28.1061],[129.2306,28.0967],[129.263,28.0991],[129.2791,28.0771],[129.3008,28.1005],[129.324,28.0786],[129.3504,28.0865],[129.3473,28.1069],[129.3255,28.1235],[129.2966,28.1196]]],[[[130.0303,28.3735],[129.9756,28.3432],[129.9136,28.2971],[129.9566,28.2848],[129.9955,28.2909],[130.0215,28.3313],[130.031,28.3565],[130.0303,28.3735]]],[[[129.7075,28.4621],[129.698,28.4949],[129.6878,28.509],[129.6672,28.503],[129.6734,28.4827],[129.6441,28.4398],[129.6165,28.4385],[129.6139,28.448],[129.6262,28.4827],[129.5608,28.4511],[129.5335,28.4305],[129.5164,28.3933],[129.4824,28.411],[129.4754,28.4213],[129.4509,28.392],[129.4323,28.3869],[129.4133,28.3933],[129.3996,28.3717],[129.3806,28.3668],[129.3313,28.366],[129.3163,28.3502],[129.2883,28.3331],[129.2639,28.3288],[129.2277,28.3046],[129.2537,28.2846],[129.2904,28.2841],[129.2708,28.2554],[129.2414,28.2563],[129.2088,28.2642],[129.1805,28.2562],[129.1629,28.2626],[129.1458,28.2562],[129.1589,28.2406],[129.2079,28.2294],[129.2424,28.2143],[129.2564,28.2147],[129.2693,28.2294],[129.2808,28.2186],[129.2803,28.1905],[129.2866,28.1779],[129.3376,28.1475],[129.3657,28.1232],[129.3794,28.126],[129.3644,28.154],[129.3518,28.1605],[129.3711,28.1672],[129.4015,28.1633],[129.4065,28.1845],[129.4152,28.1857],[129.4679,28.2158],[129.4202,28.2499],[129.4396,28.259],[129.4548,28.2772],[129.4474,28.2909],[129.4873,28.2825],[129.4989,28.2875],[129.5335,28.3188],[129.554,28.3284],[129.5816,28.3707],[129.6112,28.3831],[129.6193,28.4008],[129.6817,28.4211],[129.716,28.4291],[129.7217,28.444],[129.7075,28.4621]]],[[[127.8098,26.7354],[127.7688,26.734],[127.7546,26.7286],[127.7586,26.7129],[127.7857,26.7026],[127.8112,26.707],[127.8098,26.7354]]],[[[127.9954,27.0917],[127.9871,27.0786],[127.9357,27.0251],[127.9258,27.0098],[127.9522,27.0183],[127.9758,27.0397],[127.9932,27.0667],[127.9954,27.0917]]],[[[131.2897,25.9514],[131.2909,25.9387],[131.3096,25.9228],[131.3279,25.9371],[131.3213,25.9477],[131.2897,25.9514]]],[[[127.2222,26.5989],[127.2088,26.582],[127.2368,26.5792],[127.2424,26.5967],[127.2222,26.5989]]],[[[128.4544,27.0475],[128.4443,27.0626],[128.429,27.0665],[128.3963,27.0408],[128.4314,27.0217],[128.4486,27.0207],[128.4544,27.0475]]],[[[125.2029,24.8463],[125.177,24.8564],[125.1636,24.8546],[125.1576,24.8338],[125.1411,24.8286],[125.1506,24.8043],[125.1681,24.801],[125.2053,24.805],[125.2171,24.8166],[125.2029,24.8463]]],[[[127.3696,26.2146],[127.3542,26.2189],[127.3426,26.1857],[127.3454,26.1583],[127.3611,26.164],[127.3696,26.2146]]],[[[123.5453,25.7618],[123.5374,25.7733],[123.5139,25.7691],[123.5115,25.7581],[123.5453,25.7618]]]]},"properties":{"name":"Okinawa","name_en":"Okinawa Prefecture","name_ja":"沖縄県","name_zh":"冲绳县","name_ko":"오키나와현","adm0_a3":"JPN","iso_3166_2":"JP-47","type_en":"Prefecture","region":"Okinawa","geonunit":"Japan"}},{"type":"Feature","geometry":{"type":"Polygon","coordinates":[[[139.2146,36.9457],[139.1676,36.9602],[139.1514,36.9949],[139.1292,37.0082],[139.1045,37.0356],[139.08,37.0366],[139.054,36.9987],[139.0336,36.987],[138.974,36.972],[138.9605,36.9574],[138.9647,36.9017],[138.9587,36.8944],[138.9171,36.8785],[138.9106,36.8432],[138.8901,36.8267],[138.8225,36.8036],[138.8081,36.7678],[138.769,36.7502],[138.7227,36.7492],[138.6795,36.7307],[138.6296,36.7182],[138.6035,36.7065],[138.5419,36.6981],[138.4992,36.6821],[138.4989,36.6561],[138.4843,36.6385],[138.4365,36.6254],[138.4047,36.5704],[138.3838,36.5027],[138.3768,36.4678],[138.3889,36.4345],[138.4384,36.4003],[138.4641,36.3981],[138.5141,36.4043],[138.5542,36.4176],[138.5838,36.4169],[138.6148,36.4003],[138.6237,36.384],[138.6299,36.3107],[138.587,36.2702],[138.6047,36.1864],[138.5926,36.1698],[138.5681,36.1655],[138.5754,36.1435],[138.6133,36.1164],[138.6145,36.031],[138.6278,36.017],[138.7009,35.9695],[138.7318,35.9996],[138.7507,36.0272],[138.7827,36.0352],[138.8583,36.0727],[138.957,36.1111],[139.0182,36.1289],[139.0407,36.1498],[139.0444,36.1867],[139.0896,36.249],[139.1119,36.2709],[139.1381,36.2706],[139.1928,36.2576],[139.2324,36.2422],[139.3043,36.2282],[139.3786,36.2225],[139.4125,36.2117],[139.4731,36.1781],[139.5142,36.1928],[139.5631,36.191],[139.61,36.1794],[139.674,36.1522],[139.6537,36.2031],[139.6385,36.2257],[139.5887,36.2601],[139.5028,36.2744],[139.4405,36.2685],[139.4008,36.3004],[139.3836,36.3235],[139.3537,36.3481],[139.3384,36.3686],[139.3378,36.3888],[139.3784,36.4438],[139.3971,36.4984],[139.4271,36.5436],[139.4387,36.5515],[139.4459,36.5859],[139.4234,36.6005],[139.3637,36.6066],[139.312,36.6322],[139.3059,36.6447],[139.3128,36.6763],[139.3304,36.7193],[139.3326,36.7691],[139.3666,36.8083],[139.3683,36.8231],[139.3392,36.8487],[139.3403,36.8718],[139.3596,36.902],[139.2716,36.9196],[139.247,36.9202],[139.2174,36.9295],[139.2146,36.9457]]]},"properties":{"name":"Gunma","name_en":"Gunma Prefecture","name_ja":"群馬県","name_zh":"群马县","name_ko":"군마현","adm0_a3":"JPN","iso_3166_2":"JP-10","type_en":"Prefecture","region":"Kanto","geonunit":"Japan"}},{"type":"Feature","geometry":{"type":"Polygon","coordinates":[[[138.6795,36.7307],[138.6668,36.7632],[138.6696,36.8226],[138.648,36.8581],[138.6046,36.8865],[138.5745,36.923],[138.5552,37.0006],[138.5359,37.01],[138.4814,37.0142],[138.4242,37.0017],[138.3821,36.9862],[138.353,36.966],[138.3236,36.9256],[138.2863,36.9077],[138.2738,36.8841],[138.2707,36.8584],[138.2522,36.8487],[138.2154,36.8598],[138.1785,36.8444],[138.146,36.8371],[138.1004,36.8355],[138.0736,36.8266],[138.0442,36.8072],[138.012,36.8258],[138.0056,36.8388],[138.0055,36.8829],[137.9733,36.9036],[137.9426,36.907],[137.8847,36.9221],[137.8532,36.9092],[137.85,36.8737],[137.8372,36.848],[137.8011,36.8034],[137.7753,36.7874],[137.7327,36.7748],[137.7341,36.668],[137.7254,36.6048],[137.7195,36.5898],[137.6757,36.5488],[137.6765,36.5189],[137.6431,36.4684],[137.6282,36.4345],[137.6105,36.4138],[137.5806,36.3951],[137.5654,36.377],[137.6082,36.3471],[137.6245,36.315],[137.6119,36.2711],[137.5722,36.2266],[137.5629,36.2106],[137.5649,36.1762],[137.5394,36.1179],[137.5448,36.1001],[137.5821,36.0568],[137.5773,36.0312],[137.5584,36.0012],[137.5199,35.9528],[137.4628,35.8894],[137.449,35.8841],[137.4111,35.8866],[137.3759,35.8685],[137.3232,35.8016],[137.3333,35.7838],[137.3689,35.7775],[137.3958,35.7556],[137.4237,35.7487],[137.444,35.7334],[137.472,35.6816],[137.5108,35.6346],[137.51,35.59],[137.5342,35.5305],[137.5604,35.5176],[137.5852,35.4951],[137.5947,35.4696],[137.5907,35.4363],[137.6057,35.394],[137.5977,35.3803],[137.5762,35.3819],[137.5645,35.3711],[137.5784,35.3284],[137.5479,35.2704],[137.5387,35.2372],[137.5556,35.2019],[137.5751,35.1882],[137.6167,35.1927],[137.6434,35.2048],[137.6821,35.2087],[137.7513,35.1962],[137.8056,35.1945],[137.838,35.2053],[137.8754,35.2357],[137.8959,35.2433],[137.9398,35.2731],[137.9847,35.2865],[138.0053,35.2972],[138.0278,35.319],[138.0855,35.337],[138.1125,35.3574],[138.1268,35.3845],[138.1107,35.414],[138.1133,35.434],[138.1305,35.4478],[138.1404,35.4699],[138.1336,35.4923],[138.1397,35.5227],[138.1359,35.5471],[138.1432,35.561],[138.169,35.5707],[138.1819,35.587],[138.1961,35.6279],[138.182,35.6478],[138.1685,35.6988],[138.1738,35.7132],[138.2027,35.7471],[138.1864,35.7656],[138.1802,35.7867],[138.2165,35.8504],[138.2354,35.8585],[138.2571,35.8481],[138.2872,35.8627],[138.3383,35.9388],[138.3603,35.9578],[138.3987,35.9509],[138.4282,35.9392],[138.4407,35.9251],[138.4443,35.8978],[138.4663,35.8882],[138.5189,35.8995],[138.5853,35.892],[138.6043,35.8668],[138.623,35.854],[138.6628,35.8594],[138.7157,35.8965],[138.6995,35.9498],[138.7009,35.9695],[138.6278,36.017],[138.6145,36.031],[138.6133,36.1164],[138.5754,36.1435],[138.5681,36.1655],[138.5926,36.1698],[138.6047,36.1864],[138.587,36.2702],[138.6299,36.3107],[138.6237,36.384],[138.6148,36.4003],[138.5838,36.4169],[138.5542,36.4176],[138.5141,36.4043],[138.4641,36.3981],[138.4384,36.4003],[138.3889,36.4345],[138.3768,36.4678],[138.3838,36.5027],[138.4047,36.5704],[138.4365,36.6254],[138.4843,36.6385],[138.4989,36.6561],[138.4992,36.6821],[138.5419,36.6981],[138.6035,36.7065],[138.6296,36.7182],[138.6795,36.7307]]]},"properties":{"name":"Nagano","name_en":"Nagano Prefecture","name_ja":"長野県","name_zh":"长野县","name_ko":"나가노현","adm0_a3":"JPN","postal":"NN","iso_3166_2":"JP-20","type_en":"Prefecture","region":"Chubu","geonunit":"Japan"}},{"type":"Feature","geometry":{"type":"Polygon","coordinates":[[[139.3596,36.902],[139.3403,36.8718],[139.3392,36.8487],[139.3683,36.8231],[139.3666,36.8083],[139.3326,36.7691],[139.3304,36.7193],[139.3128,36.6763],[139.3059,36.6447],[139.312,36.6322],[139.3637,36.6066],[139.4234,36.6005],[139.4459,36.5859],[139.4387,36.5515],[139.4271,36.5436],[139.3971,36.4984],[139.3784,36.4438],[139.3378,36.3888],[139.3384,36.3686],[139.3537,36.3481],[139.3836,36.3235],[139.4008,36.3004],[139.4405,36.2685],[139.5028,36.2744],[139.5887,36.2601],[139.6385,36.2257],[139.6537,36.2031],[139.7036,36.2047],[139.7462,36.2182],[139.7918,36.2416],[139.8172,36.28],[139.8404,36.3],[139.8949,36.3093],[139.9074,36.3266],[139.9535,36.3621],[139.9761,36.3682],[140.0142,36.3649],[140.0548,36.3833],[140.1143,36.396],[140.1572,36.3925],[140.1811,36.4149],[140.2004,36.4593],[140.23,36.4996],[140.2376,36.5413],[140.2298,36.6236],[140.221,36.6772],[140.228,36.6894],[140.2668,36.7186],[140.2506,36.7613],[140.2513,36.8094],[140.2454,36.8764],[140.2373,36.9248],[140.241,36.9431],[140.2313,37],[140.1988,37.0202],[140.185,37.0529],[140.0981,37.1058],[139.9582,37.1394],[139.9169,37.1436],[139.8613,37.1304],[139.7912,37.0812],[139.7474,37.077],[139.6785,37.0532],[139.5096,36.9749],[139.4459,36.9561],[139.4079,36.9251],[139.3596,36.902]]]},"properties":{"name":"Tochigi","name_en":"Tochigi Prefecture","name_ja":"栃木県","name_zh":"栃木县","name_ko":"도치기현","adm0_a3":"JPN","postal":"TC","iso_3166_2":"JP-09","type_en":"Prefecture","region":"Kanto","geonunit":"Japan"}},{"type":"Feature","geometry":{"type":"Polygon","coordinates":[[[137.5654,36.377],[137.4775,36.406],[137.4142,36.4147],[137.3576,36.4368],[137.3413,36.4397],[137.3076,36.4235],[137.2867,36.425],[137.2848,36.4508],[137.2642,36.45],[137.2001,36.4289],[137.1612,36.4368],[137.1326,36.4252],[137.0813,36.379],[137.0415,36.3508],[137.0268,36.3195],[136.9985,36.3035],[136.958,36.2733],[136.9428,36.284],[136.9449,36.3189],[136.9219,36.3328],[136.8505,36.3428],[136.8286,36.3286],[136.8145,36.2945],[136.7973,36.2877],[136.7732,36.292],[136.7842,36.273],[136.8131,36.247],[136.8119,36.2201],[136.7625,36.1616],[136.7543,36.1477],[136.7453,36.1062],[136.7209,36.0748],[136.7243,36.0599],[136.7071,36.0139],[136.6986,35.9435],[136.7166,35.9152],[136.7539,35.9044],[136.779,35.887],[136.8021,35.8504],[136.8031,35.8361],[136.7686,35.791],[136.7577,35.784],[136.7268,35.7832],[136.6871,35.7745],[136.612,35.7793],[136.508,35.7618],[136.4842,35.7391],[136.4554,35.7519],[136.3991,35.7559],[136.3645,35.7661],[136.337,35.7664],[136.3043,35.7442],[136.2899,35.6953],[136.2573,35.6456],[136.2892,35.6002],[136.298,35.564],[136.326,35.5329],[136.3594,35.5339],[136.3791,35.5011],[136.3974,35.4528],[136.4076,35.3934],[136.394,35.3186],[136.3754,35.2663],[136.3762,35.2315],[136.3988,35.2026],[136.5152,35.2319],[136.5388,35.2228],[136.5582,35.194],[136.5847,35.1744],[136.618,35.158],[136.6734,35.1388],[136.6765,35.2156],[136.6801,35.2364],[136.7256,35.2913],[136.753,35.3387],[136.7706,35.3521],[136.7898,35.3408],[136.8059,35.3421],[136.8487,35.3601],[136.9098,35.3707],[136.9529,35.3841],[136.965,35.381],[137.0207,35.3477],[137.0322,35.326],[137.0589,35.3042],[137.0708,35.2849],[137.1275,35.2667],[137.1593,35.2457],[137.1996,35.2412],[137.2639,35.2662],[137.2932,35.2678],[137.3698,35.2372],[137.3917,35.2207],[137.422,35.216],[137.4665,35.2323],[137.5001,35.2529],[137.5479,35.2704],[137.5784,35.3284],[137.5645,35.3711],[137.5762,35.3819],[137.5977,35.3803],[137.6057,35.394],[137.5907,35.4363],[137.5947,35.4696],[137.5852,35.4951],[137.5604,35.5176],[137.5342,35.5305],[137.51,35.59],[137.5108,35.6346],[137.472,35.6816],[137.444,35.7334],[137.4237,35.7487],[137.3958,35.7556],[137.3689,35.7775],[137.3333,35.7838],[137.3232,35.8016],[137.3759,35.8685],[137.4111,35.8866],[137.449,35.8841],[137.4628,35.8894],[137.5199,35.9528],[137.5584,36.0012],[137.5773,36.0312],[137.5821,36.0568],[137.5448,36.1001],[137.5394,36.1179],[137.5649,36.1762],[137.5629,36.2106],[137.5722,36.2266],[137.6119,36.2711],[137.6245,36.315],[137.6082,36.3471],[137.5654,36.377]]]},"properties":{"name":"Gifu","name_en":"Gifu Prefecture","name_ja":"岐阜県","name_zh":"岐阜县","name_ko":"기후현","adm0_a3":"JPN","postal":"GF","iso_3166_2":"JP-21","type_en":"Prefecture","region":"Chubu","geonunit":"Japan"}},{"type":"Feature","geometry":{"type":"Polygon","coordinates":[[[136.2573,35.6456],[136.1673,35.675],[136.1277,35.6635],[136.1244,35.6493],[136.1463,35.5821],[136.1355,35.5579],[136.0958,35.5585],[136.0886,35.5226],[136.0808,35.5143],[136.0567,35.5143],[136.0157,35.5033],[135.9795,35.4804],[135.9551,35.4875],[135.931,35.5026],[135.9212,35.4891],[135.901,35.4138],[135.8863,35.3907],[135.8669,35.3798],[135.8412,35.3866],[135.7992,35.3769],[135.7429,35.3376],[135.7719,35.3173],[135.827,35.2633],[135.829,35.2485],[135.8188,35.2124],[135.8338,35.1536],[135.8366,35.1208],[135.8147,35.0056],[135.8248,34.981],[135.8535,34.934],[135.8554,34.8897],[135.8735,34.8681],[135.9158,34.867],[135.9432,34.8398],[135.9774,34.8232],[135.9976,34.8028],[136.0031,34.7737],[136.082,34.8009],[136.1128,34.8331],[136.1021,34.8651],[136.1246,34.8723],[136.1805,34.8625],[136.2405,34.8631],[136.3116,34.8793],[136.3625,34.9058],[136.3999,34.9495],[136.4117,34.9824],[136.4184,35.0219],[136.4323,35.0621],[136.4432,35.1318],[136.4357,35.151],[136.407,35.1834],[136.3988,35.2026],[136.3762,35.2315],[136.3754,35.2663],[136.394,35.3186],[136.4076,35.3934],[136.3974,35.4528],[136.3791,35.5011],[136.3594,35.5339],[136.326,35.5329],[136.298,35.564],[136.2892,35.6002],[136.2573,35.6456]]]},"properties":{"name":"Shiga","name_en":"Shiga Prefecture","name_ja":"滋賀県","name_zh":"滋贺县","name_ko":"시가현","adm0_a3":"JPN","postal":"SH","iso_3166_2":"JP-25","type_en":"Prefecture","region":"Kinki","geonunit":"Japan"}},{"type":"Feature","geometry":{"type":"Polygon","coordinates":[[[139.674,36.1522],[139.61,36.1794],[139.5631,36.191],[139.5142,36.1928],[139.4731,36.1781],[139.4125,36.2117],[139.3786,36.2225],[139.3043,36.2282],[139.2324,36.2422],[139.1928,36.2576],[139.1381,36.2706],[139.1119,36.2709],[139.0896,36.249],[139.0444,36.1867],[139.0407,36.1498],[139.0182,36.1289],[138.957,36.1111],[138.8583,36.0727],[138.7827,36.0352],[138.7507,36.0272],[138.7318,35.9996],[138.7009,35.9695],[138.6995,35.9498],[138.7157,35.8965],[138.7976,35.856],[138.869,35.8378],[138.9228,35.8354],[138.9529,35.8579],[138.9937,35.8765],[139.0136,35.8773],[139.0602,35.8531],[139.2715,35.809],[139.2895,35.8021],[139.3845,35.7549],[139.4343,35.7522],[139.5074,35.7777],[139.5229,35.7748],[139.5356,35.7516],[139.6036,35.759],[139.6413,35.7771],[139.7061,35.7756],[139.7578,35.7953],[139.8045,35.7903],[139.8639,35.7781],[139.8748,35.8504],[139.8665,35.8888],[139.8386,35.9229],[139.7965,36.0189],[139.7528,36.0796],[139.7109,36.0983],[139.6855,36.1255],[139.674,36.1522]]]},"properties":{"name":"Saitama","name_en":"Saitama Prefecture","name_ja":"埼玉県","name_zh":"埼玉县","name_ko":"사이타마현","adm0_a3":"JPN","postal":"ST","iso_3166_2":"JP-11","type_en":"Prefecture","region":"Kanto","geonunit":"Japan"}},{"type":"Feature","geometry":{"type":"Polygon","coordinates":[[[138.7157,35.8965],[138.6628,35.8594],[138.623,35.854],[138.6043,35.8668],[138.5853,35.892],[138.5189,35.8995],[138.4663,35.8882],[138.4443,35.8978],[138.4407,35.9251],[138.4282,35.9392],[138.3987,35.9509],[138.3603,35.9578],[138.3383,35.9388],[138.2872,35.8627],[138.2571,35.8481],[138.2354,35.8585],[138.2165,35.8504],[138.1802,35.7867],[138.1864,35.7656],[138.2027,35.7471],[138.1738,35.7132],[138.1685,35.6988],[138.182,35.6478],[138.1961,35.6279],[138.2137,35.6118],[138.2218,35.5728],[138.2413,35.5178],[138.2433,35.4748],[138.2348,35.4441],[138.2379,35.4084],[138.2266,35.3676],[138.2359,35.3037],[138.2623,35.2938],[138.3046,35.3019],[138.3282,35.2999],[138.3526,35.2784],[138.3675,35.2187],[138.3835,35.1903],[138.4304,35.1593],[138.4724,35.1617],[138.4978,35.1815],[138.5105,35.2075],[138.504,35.2568],[138.5057,35.2942],[138.5163,35.3297],[138.5233,35.3814],[138.534,35.4097],[138.5565,35.4175],[138.5932,35.3921],[138.6347,35.3811],[138.6724,35.3561],[138.6972,35.3508],[138.8297,35.3647],[138.9003,35.3809],[138.9061,35.4008],[138.9333,35.4371],[138.952,35.4497],[138.9909,35.4648],[139.0805,35.5049],[139.1063,35.5393],[139.1176,35.5979],[139.1137,35.6308],[139.1218,35.654],[139.0358,35.6963],[138.9927,35.7325],[138.9709,35.7616],[138.9466,35.8166],[138.9228,35.8354],[138.869,35.8378],[138.7976,35.856],[138.7157,35.8965]]]},"properties":{"name":"Yamanashi","name_en":"Yamanashi Prefecture","name_ja":"山梨県","name_zh":"山梨县","name_ko":"야마나시현","adm0_a3":"JPN","postal":"YN","iso_3166_2":"JP-19","type_en":"Prefecture","region":"Chubu","geonunit":"Japan"}},{"type":"Feature","geometry":{"type":"Polygon","coordinates":[[[136.0365,34.7153],[136.0088,34.6959],[135.932,34.7239],[135.9099,34.7242],[135.8492,34.6987],[135.8323,34.6991],[135.7685,34.7199],[135.7393,34.7338],[135.7063,34.7595],[135.6846,34.7057],[135.6676,34.6749],[135.6465,34.6011],[135.622,34.5534],[135.6271,34.5379],[135.6506,34.5166],[135.6651,34.4931],[135.6769,34.448],[135.6689,34.4079],[135.6707,34.3885],[135.6468,34.3718],[135.6591,34.3232],[135.6628,34.2849],[135.6945,34.2486],[135.7091,34.2254],[135.7011,34.2059],[135.6611,34.2045],[135.6329,34.1846],[135.6152,34.157],[135.5871,34.1291],[135.5511,34.0825],[135.5464,34.0507],[135.5654,34.0356],[135.5847,33.9984],[135.6065,33.9772],[135.6133,33.9549],[135.5983,33.8901],[135.609,33.8638],[135.6374,33.8591],[135.654,33.8726],[135.6822,33.8799],[135.736,33.8696],[135.7852,33.879],[135.8173,33.8722],[135.8477,33.8381],[135.8754,33.8508],[135.8914,33.8827],[135.9151,33.8887],[135.9255,33.9011],[135.9575,33.918],[135.9848,33.9531],[136.0038,33.9931],[136.0354,34.0107],[136.0872,34.0094],[136.1015,34.0185],[136.0858,34.05],[136.1094,34.1262],[136.1072,34.1894],[136.1187,34.2411],[136.1009,34.2834],[136.1077,34.3007],[136.0692,34.377],[136.0712,34.3938],[136.0956,34.42],[136.1573,34.4312],[136.1775,34.4386],[136.2027,34.4588],[136.2112,34.4864],[136.2025,34.5015],[136.1715,34.5094],[136.1536,34.5338],[136.1142,34.5364],[136.0759,34.5525],[136.0525,34.5746],[136.0583,34.6191],[136.0399,34.6412],[136.0723,34.6563],[136.0591,34.7025],[136.0365,34.7153]]]},"properties":{"name":"Nara","name_en":"Nara Prefecture","name_ja":"奈良県","name_zh":"奈良县","name_ko":"나라현","adm0_a3":"JPN","postal":"NR","iso_3166_2":"JP-29","type_en":"Prefecture","region":"Kinki","geonunit":"Japan"}}]}