{"type":"FeatureCollection", "features": [
{"type":"Feature","geometry":{"type":"MultiPolygon","coordinates":[[[[-117.0382,48.9925],[-117.3779,48.9925],[-117.8174,48.9925],[-118.2571,48.9925],[-118.6967,48.9925],[-119.1362,48.9925],[-119.356,48.9925],[-119.7957,48.9925],[-120.2353,48.9925],[-120.675,48.9925],[-121.1145,48.9925],[-121.5542,48.9925],[-121.774,48.9925],[-122.2135,48.9925],[-122.4334,48.9925],[-122.753,48.9925],[-122.7316,48.9592],[-122.7775,48.9648],[-122.801,48.9623],[-122.8135,48.9518],[-122.8081,48.9345],[-122.7589,48.9359],[-122.7458,48.9177],[-122.7725,48.8865],[-122.7576,48.8642],[-122.7142,48.8382],[-122.696,48.8008],[-122.677,48.7934],[-122.6496,48.7637],[-122.6702,48.7429],[-122.6601,48.7226],[-122.6397,48.7224],[-122.5936,48.7741],[-122.5745,48.7805],[-122.5299,48.7686],[-122.5086,48.7557],[-122.4988,48.7395],[-122.5211,48.7091],[-122.5251,48.6923],[-122.5026,48.6849],[-122.4971,48.6536],[-122.4841,48.6348],[-122.4579,48.6234],[-122.4443,48.6033],[-122.4403,48.5807],[-122.4476,48.5622],[-122.4681,48.5545],[-122.4853,48.5598],[-122.5251,48.5832],[-122.5466,48.5887],[-122.567,48.5854],[-122.5159,48.5576],[-122.4943,48.5294],[-122.4808,48.4641],[-122.5006,48.4504],[-122.5272,48.4604],[-122.5683,48.4895],[-122.5809,48.4845],[-122.5807,48.4583],[-122.6133,48.5003],[-122.633,48.5163],[-122.6725,48.499],[-122.7024,48.498],[-122.7049,48.4863],[-122.6693,48.4728],[-122.6633,48.4549],[-122.6835,48.4302],[-122.6736,48.4136],[-122.6466,48.4038],[-122.6155,48.4099],[-122.5845,48.4378],[-122.5521,48.4279],[-122.567,48.4174],[-122.5338,48.3747],[-122.4914,48.3651],[-122.4551,48.3425],[-122.4254,48.3302],[-122.3918,48.3098],[-122.3753,48.2807],[-122.3906,48.2602],[-122.389,48.2398],[-122.4008,48.2353],[-122.4299,48.2591],[-122.4652,48.26],[-122.5339,48.2497],[-122.5333,48.1961],[-122.5261,48.171],[-122.5104,48.1474],[-122.4897,48.1304],[-122.4056,48.0878],[-122.3774,48.0602],[-122.348,48.0543],[-122.3841,48.1015],[-122.4321,48.1225],[-122.4579,48.1436],[-122.4695,48.1771],[-122.4666,48.192],[-122.4461,48.2022],[-122.449,48.2228],[-122.4359,48.2346],[-122.3756,48.2132],[-122.3657,48.1906],[-122.3677,48.1596],[-122.3623,48.1225],[-122.3402,48.09],[-122.3077,48.0654],[-122.2381,48.0263],[-122.2216,48.0382],[-122.1917,48.0263],[-122.2073,48.0144],[-122.2128,47.9868],[-122.2416,47.9728],[-122.2772,47.9674],[-122.3204,47.9421],[-122.3342,47.9105],[-122.3397,47.8728],[-122.3526,47.8563],[-122.3822,47.8391],[-122.3995,47.814],[-122.4061,47.7779],[-122.3876,47.7523],[-122.3811,47.7202],[-122.4137,47.6675],[-122.4288,47.6604],[-122.4135,47.6417],[-122.3594,47.6237],[-122.34,47.5989],[-122.3458,47.5623],[-122.3779,47.5962],[-122.3905,47.5937],[-122.409,47.5749],[-122.3884,47.5208],[-122.3667,47.4853],[-122.3668,47.4422],[-122.361,47.43],[-122.3253,47.391],[-122.3285,47.3571],[-122.3395,47.3466],[-122.3721,47.34],[-122.4094,47.325],[-122.4296,47.3049],[-122.4276,47.2965],[-122.4004,47.2811],[-122.4331,47.2649],[-122.4485,47.2685],[-122.4854,47.2902],[-122.5375,47.3159],[-122.5371,47.2786],[-122.5502,47.2423],[-122.5716,47.2093],[-122.6523,47.1281],[-122.6859,47.1044],[-122.7225,47.0893],[-122.7482,47.12],[-122.7728,47.1278],[-122.7982,47.1576],[-122.8171,47.1657],[-122.821,47.1421],[-122.8597,47.1303],[-122.848,47.1461],[-122.8529,47.165],[-122.8924,47.1421],[-122.9012,47.1303],[-122.8958,47.0926],[-122.9081,47.0825],[-122.8933,47.0473],[-122.9182,47.0561],[-122.9354,47.0893],[-122.9293,47.0993],[-122.9354,47.1303],[-122.9459,47.1072],[-122.9646,47.09],[-122.9875,47.081],[-123.0105,47.0825],[-122.9791,47.1015],[-122.9347,47.16],[-122.9302,47.1745],[-122.9422,47.178],[-122.9648,47.1509],[-123.059,47.1027],[-123.0788,47.0961],[-123.0681,47.1125],[-123.0294,47.1215],[-123.0179,47.1303],[-123.0216,47.1444],[-123.0409,47.1442],[-123.0788,47.1303],[-123.0683,47.1459],[-123.0433,47.1544],[-122.9906,47.165],[-122.9651,47.1811],[-122.9498,47.2023],[-122.9205,47.278],[-122.8856,47.2913],[-122.846,47.3159],[-122.8201,47.3833],[-122.8111,47.3838],[-122.7914,47.3643],[-122.7845,47.3428],[-122.7866,47.2961],[-122.7956,47.2807],[-122.8149,47.2743],[-122.8148,47.2509],[-122.7987,47.205],[-122.7728,47.1731],[-122.743,47.1917],[-122.7504,47.2128],[-122.7233,47.2385],[-122.7476,47.2673],[-122.7486,47.2954],[-122.733,47.3124],[-122.7259,47.3391],[-122.6883,47.3643],[-122.6406,47.386],[-122.6331,47.4046],[-122.6279,47.38],[-122.6535,47.3492],[-122.6695,47.3195],[-122.6863,47.3012],[-122.661,47.2879],[-122.5835,47.2642],[-122.5685,47.2641],[-122.557,47.2846],[-122.5607,47.3013],[-122.5859,47.3364],[-122.5552,47.3466],[-122.5375,47.3706],[-122.5562,47.392],[-122.5516,47.414],[-122.5383,47.4375],[-122.5227,47.4818],[-122.5096,47.5029],[-122.5079,47.5203],[-122.5341,47.5275],[-122.5432,47.5668],[-122.5531,47.5834],[-122.6302,47.5444],[-122.6815,47.5275],[-122.639,47.5748],[-122.6815,47.5905],[-122.6958,47.6101],[-122.6946,47.6341],[-122.6815,47.6517],[-122.6438,47.5959],[-122.6169,47.5741],[-122.5922,47.5828],[-122.5922,47.5971],[-122.6284,47.6929],[-122.6581,47.718],[-122.6516,47.7326],[-122.5959,47.692],[-122.5797,47.6982],[-122.5558,47.7287],[-122.558,47.7404],[-122.5411,47.7429],[-122.4829,47.737],[-122.4684,47.7565],[-122.4845,47.7821],[-122.504,47.7882],[-122.4901,47.8039],[-122.5102,47.8326],[-122.5177,47.881],[-122.5281,47.9055],[-122.5534,47.9208],[-122.6132,47.946],[-122.5883,47.9044],[-122.5665,47.8345],[-122.571,47.8198],[-122.5922,47.823],[-122.5957,47.8472],[-122.6132,47.8503],[-122.6349,47.8397],[-122.7338,47.7426],[-122.7428,47.7269],[-122.7635,47.6691],[-122.7982,47.6517],[-122.8733,47.6312],[-122.949,47.5971],[-123.0226,47.5229],[-123.0633,47.4567],[-123.0994,47.4199],[-123.1135,47.391],[-123.0919,47.3674],[-123.0522,47.367],[-122.9763,47.391],[-122.9071,47.4238],[-122.8677,47.4363],[-122.8392,47.432],[-122.8716,47.4099],[-122.9051,47.395],[-123.0741,47.3446],[-123.1302,47.3406],[-123.1613,47.3568],[-123.1584,47.3721],[-123.1334,47.4123],[-123.1194,47.4495],[-123.0651,47.4934],[-123.0211,47.5657],[-122.9418,47.6349],[-122.91,47.6501],[-122.904,47.6732],[-122.8866,47.6881],[-122.8619,47.7333],[-122.8392,47.7466],[-122.8664,47.7935],[-122.8671,47.8093],[-122.8564,47.8261],[-122.8468,47.8203],[-122.8392,47.7821],[-122.8216,47.7924],[-122.8173,47.8303],[-122.8057,47.8435],[-122.7989,47.8067],[-122.7998,47.7773],[-122.8285,47.6832],[-122.8119,47.6784],[-122.7811,47.692],[-122.7687,47.738],[-122.7364,47.7944],[-122.692,47.8326],[-122.6678,47.8708],[-122.6282,47.8735],[-122.6262,47.8896],[-122.6781,47.9357],[-122.6883,47.9732],[-122.7225,47.9937],[-122.7646,48.0446],[-122.792,48.0829],[-122.7845,48.1029],[-122.7504,48.1172],[-122.7702,48.1411],[-122.7949,48.1412],[-122.8683,48.1193],[-122.8817,48.0917],[-122.8771,48.0797],[-122.8369,48.0499],[-122.8249,48.0352],[-122.8414,48.0056],[-122.8544,47.9953],[-122.8733,48.0011],[-122.8534,48.0104],[-122.8573,48.0295],[-122.887,48.0626],[-122.9188,48.0702],[-122.9275,48.0951],[-122.9569,48.0975],[-122.9991,48.0917],[-123.0057,48.0787],[-122.9968,48.0386],[-123.0297,48.0452],[-123.0453,48.0597],[-123.0405,48.0851],[-123.063,48.1176],[-123.0892,48.1285],[-123.1118,48.149],[-123.1613,48.1519],[-123.1083,48.1838],[-123.15,48.1771],[-123.1706,48.1644],[-123.2236,48.122],[-123.2469,48.1153],[-123.2875,48.1182],[-123.3223,48.1146],[-123.4217,48.1178],[-123.4534,48.1315],[-123.405,48.139],[-123.4359,48.1424],[-123.4756,48.1336],[-123.5236,48.1351],[-123.5524,48.1514],[-123.5846,48.1354],[-123.6339,48.1414],[-123.6417,48.1512],[-123.7003,48.1649],[-123.7889,48.1531],[-123.8183,48.1608],[-123.8619,48.1564],[-123.8734,48.1616],[-123.971,48.1656],[-123.9971,48.1727],[-124.0502,48.1773],[-124.0998,48.2005],[-124.1114,48.2159],[-124.2277,48.2585],[-124.2508,48.2629],[-124.274,48.2571],[-124.2963,48.2615],[-124.3468,48.2811],[-124.3992,48.2936],[-124.458,48.3168],[-124.5749,48.3704],[-124.5934,48.3749],[-124.608,48.3663],[-124.6382,48.383],[-124.6965,48.3911],[-124.7275,48.3877],[-124.7303,48.3716],[-124.6891,48.3376],[-124.6697,48.3332],[-124.6615,48.3195],[-124.6798,48.2937],[-124.6825,48.2635],[-124.7055,48.246],[-124.6894,48.2134],[-124.7001,48.1919],[-124.7346,48.1704],[-124.6894,48.1002],[-124.6938,48.0745],[-124.672,47.9907],[-124.6381,47.9079],[-124.6095,47.8749],[-124.568,47.8697],[-124.5416,47.8343],[-124.4835,47.8129],[-124.4766,47.7783],[-124.4468,47.7504],[-124.4228,47.7419],[-124.4108,47.6882],[-124.3836,47.636],[-124.3508,47.5468],[-124.3487,47.4998],[-124.3178,47.3574],[-124.2831,47.3512],[-124.2993,47.3482],[-124.276,47.3026],[-124.2537,47.3015],[-124.2275,47.2632],[-124.2117,47.2266],[-124.1793,47.1069],[-124.1719,47.0419],[-124.1723,46.9814],[-124.1785,46.9255],[-124.1534,46.9301],[-124.138,46.9446],[-124.1058,46.9334],[-124.1048,46.9447],[-124.1236,46.9466],[-124.1366,46.9679],[-124.1367,47.0019],[-124.1482,47.0244],[-124.1393,47.0355],[-124.1169,47.0429],[-124.0655,47.0375],[-124.0277,47.0281],[-124.0128,47.0093],[-124.0129,46.9837],[-123.9652,46.9842],[-123.9223,46.9801],[-123.9501,46.9684],[-123.8679,46.9696],[-123.8447,46.9608],[-123.8131,46.959],[-123.8817,46.9417],[-123.9626,46.918],[-124.0067,46.8992],[-124.0469,46.8911],[-124.057,46.8621],[-124.0316,46.8703],[-124.0147,46.8511],[-124.0213,46.8323],[-124.0581,46.8445],[-124.0725,46.8429],[-124.0774,46.8588],[-124.0976,46.8779],[-124.0909,46.9],[-124.1118,46.9123],[-124.1305,46.886],[-124.1141,46.8491],[-124.1013,46.8087],[-124.1006,46.7615],[-124.0934,46.7432],[-124.0299,46.7202],[-124.0251,46.7126],[-123.9727,46.7013],[-123.9633,46.7072],[-123.982,46.7204],[-123.9761,46.7411],[-123.9518,46.7248],[-123.913,46.7278],[-123.9,46.7474],[-123.8398,46.7174],[-123.7957,46.682],[-123.764,46.6784],[-123.7951,46.6609],[-123.8119,46.6626],[-123.8265,46.6924],[-123.8434,46.6967],[-123.8773,46.6921],[-123.911,46.682],[-123.9225,46.6579],[-123.9159,46.6284],[-123.8949,46.6027],[-123.9564,46.6231],[-123.9203,46.5807],[-123.8964,46.5444],[-123.9007,46.5134],[-123.9352,46.4947],[-123.9358,46.4723],[-123.9017,46.4573],[-123.8981,46.4416],[-123.8568,46.4265],[-123.8406,46.4158],[-123.8465,46.3966],[-123.8759,46.4191],[-123.9106,46.4284],[-123.9269,46.4401],[-123.932,46.4153],[-123.9479,46.403],[-123.9581,46.3782],[-124.0143,46.3851],[-124.0221,46.4197],[-124.0262,46.4923],[-124.0179,46.5685],[-124.0441,46.6236],[-124.0358,46.6308],[-124.0629,46.6549],[-124.0725,46.6425],[-124.0626,46.5959],[-124.0609,46.4399],[-124.0638,46.3563],[-124.0802,46.2717],[-124.0414,46.2728],[-124.0487,46.2964],[-124.0228,46.3143],[-123.9851,46.3091],[-123.9487,46.2698],[-123.9252,46.2515],[-123.873,46.2402],[-123.8342,46.2688],[-123.8184,46.2688],[-123.8066,46.2834],[-123.7645,46.2733],[-123.7475,46.2911],[-123.7262,46.2902],[-123.7239,46.3003],[-123.693,46.3052],[-123.6752,46.2943],[-123.6627,46.2703],[-123.6032,46.2601],[-123.4789,46.2759],[-123.4445,46.2578],[-123.4124,46.2203],[-123.3934,46.2041],[-123.3289,46.1656],[-123.2979,46.1515],[-123.2694,46.1504],[-123.2075,46.1784],[-123.1801,46.1791],[-123.1118,46.1865],[-123.03,46.1495],[-122.9994,46.1456],[-122.9667,46.1357],[-122.9102,46.1079],[-122.8741,46.072],[-122.8608,46.0497],[-122.85,46.0115],[-122.8065,45.9781],[-122.7925,45.9163],[-122.774,45.8814],[-122.7806,45.8427],[-122.7799,45.8199],[-122.7531,45.7823],[-122.7593,45.741],[-122.7545,45.7019],[-122.7389,45.6628],[-122.7216,45.6489],[-122.6731,45.6257],[-122.5949,45.6144],[-122.5396,45.6219],[-122.5072,45.61],[-122.456,45.6003],[-122.4261,45.5882],[-122.3416,45.5871],[-122.2611,45.5663],[-122.2246,45.5779],[-122.1498,45.5939],[-121.9711,45.6423],[-121.931,45.6601],[-121.8624,45.7008],[-121.8209,45.7175],[-121.7926,45.7214],[-121.7175,45.71],[-121.5702,45.7294],[-121.2718,45.7088],[-121.2244,45.697],[-121.2042,45.6849],[-121.1729,45.6318],[-121.155,45.6222],[-121.1329,45.6242],[-121.0439,45.6529],[-120.9682,45.6513],[-120.9001,45.6418],[-120.8387,45.6526],[-120.7944,45.6774],[-120.7157,45.6899],[-120.6686,45.7034],[-120.658,45.7166],[-120.621,45.7309],[-120.4702,45.7101],[-120.4256,45.7209],[-120.374,45.7142],[-120.3399,45.7218],[-120.3006,45.7384],[-120.2299,45.7371],[-120.176,45.759],[-120.1272,45.7891],[-120.0804,45.7948],[-119.9342,45.838],[-119.6625,45.8718],[-119.6205,45.8956],[-119.5917,45.9211],[-119.5488,45.9297],[-119.4796,45.9274],[-119.3413,45.9461],[-119.0933,45.9488],[-119.0445,45.9645],[-119.0024,45.9995],[-118.8185,45.9997],[-118.432,46.0001],[-118.1743,46.0003],[-117.9166,46.0005],[-117.53,46.0009],[-117.2723,46.0012],[-116.8788,46.0015],[-116.9023,46.0464],[-116.9551,46.0942],[-116.9606,46.1048],[-116.9183,46.1419],[-116.9091,46.1625],[-116.9091,46.1834],[-116.9308,46.2107],[-116.9421,46.2597],[-116.9894,46.3201],[-117.0368,46.3633],[-117.044,46.3785],[-117.0386,46.4243],[-117.0415,46.6035],[-117.04,46.7696],[-117.04,46.9401],[-117.0415,47.0917],[-117.0415,47.4203],[-117.0429,47.5718],[-117.0429,47.7372],[-117.0429,48.0548],[-117.0372,48.2122],[-117.0349,48.3589],[-117.0365,48.6759],[-117.0382,48.9925]]],[[[-123.0905,48.9925],[-123.0885,48.9722],[-123.0453,48.9844],[-123.0353,48.9925],[-123.0905,48.9925]]],[[[-123.974,46.4929],[-123.9903,46.4883],[-123.9978,46.4534],[-123.9747,46.4402],[-123.9641,46.4068],[-123.9455,46.4176],[-123.9482,46.4642],[-123.974,46.4929]]],[[[-122.4351,47.4257],[-122.4413,47.4667],[-122.4621,47.4868],[-122.4556,47.5009],[-122.471,47.4958],[-122.504,47.4675],[-122.5102,47.4558],[-122.5177,47.3804],[-122.5315,47.3569],[-122.5105,47.3321],[-122.4966,47.3364],[-122.4854,47.3798],[-122.4556,47.391],[-122.4464,47.4006],[-122.4422,47.3825],[-122.4664,47.3732],[-122.4738,47.3629],[-122.4692,47.3364],[-122.4178,47.3708],[-122.3668,47.3835],[-122.4224,47.4088],[-122.4351,47.4257]]],[[[-122.4969,47.6071],[-122.511,47.6276],[-122.4899,47.6413],[-122.5058,47.6633],[-122.511,47.6959],[-122.5265,47.7093],[-122.5578,47.7138],[-122.5619,47.6856],[-122.5789,47.6694],[-122.5793,47.6487],[-122.5677,47.6296],[-122.5779,47.6015],[-122.5423,47.5955],[-122.5209,47.574],[-122.4988,47.5712],[-122.4804,47.5869],[-122.4969,47.6071]]],[[[-122.7293,48.0967],[-122.712,48.0836],[-122.702,48.0492],[-122.7163,48.0483],[-122.723,48.0762],[-122.7409,48.0744],[-122.7308,48.0424],[-122.7002,48.0078],[-122.6815,48.0073],[-122.6732,48.0237],[-122.6771,48.0487],[-122.7012,48.0976],[-122.7293,48.0967]]],[[[-122.3594,47.9766],[-122.3655,47.9997],[-122.3811,48.0158],[-122.46,48.0535],[-122.514,48.0908],[-122.524,48.0794],[-122.5229,48.0571],[-122.5102,48.0352],[-122.522,48.0119],[-122.5355,48.0059],[-122.5466,48.017],[-122.5546,48.0661],[-122.5587,48.1213],[-122.5806,48.1885],[-122.5955,48.2054],[-122.665,48.2264],[-122.7101,48.2214],[-122.7237,48.2338],[-122.6659,48.2422],[-122.6514,48.2499],[-122.6413,48.288],[-122.6274,48.2673],[-122.609,48.2991],[-122.594,48.3079],[-122.5621,48.2862],[-122.5309,48.2838],[-122.5176,48.294],[-122.516,48.322],[-122.5777,48.3567],[-122.579,48.3771],[-122.5958,48.4019],[-122.6308,48.3847],[-122.6566,48.3851],[-122.6684,48.3629],[-122.7512,48.2499],[-122.7557,48.2296],[-122.7441,48.2059],[-122.6932,48.1802],[-122.6684,48.1506],[-122.6444,48.1614],[-122.623,48.1633],[-122.6072,48.1538],[-122.6002,48.1301],[-122.6149,48.0749],[-122.5922,48.0421],[-122.5933,48.0254],[-122.562,47.9874],[-122.5303,47.9674],[-122.5177,47.9663],[-122.4885,47.9851],[-122.4605,47.9779],[-122.4497,47.9595],[-122.4413,47.9155],[-122.4354,47.9105],[-122.4004,47.9192],[-122.3819,47.9078],[-122.3468,47.9506],[-122.3594,47.9766]]],[[[-122.8619,48.4893],[-122.8607,48.5396],[-122.877,48.5659],[-122.9103,48.5471],[-122.917,48.5336],[-122.9103,48.5136],[-122.937,48.4932],[-122.9425,48.4758],[-122.9376,48.4583],[-122.8835,48.4415],[-122.8899,48.4241],[-122.8277,48.4174],[-122.8131,48.4273],[-122.8083,48.4582],[-122.821,48.4726],[-122.8363,48.4599],[-122.8494,48.4616],[-122.8619,48.4893]]],[[[-122.6937,48.5859],[-122.7155,48.606],[-122.7354,48.5904],[-122.737,48.5771],[-122.7229,48.5482],[-122.6941,48.5435],[-122.6745,48.5688],[-122.6937,48.5859]]],[[[-123.0202,48.4993],[-123.0166,48.5114],[-122.9923,48.5136],[-122.9777,48.5313],[-123.0043,48.5395],[-123.0246,48.5628],[-123.0578,48.5729],[-123.0938,48.5976],[-123.1021,48.6091],[-123.1291,48.6201],[-123.1584,48.6146],[-123.1776,48.5988],[-123.1666,48.5435],[-123.1544,48.5131],[-123.1393,48.4958],[-123.1164,48.4842],[-123.0704,48.4801],[-123.03,48.4538],[-123.0165,48.4515],[-122.965,48.4583],[-122.9991,48.4726],[-123.0202,48.4993]]],[[[-122.7458,48.6644],[-122.8578,48.7087],[-122.8966,48.7121],[-122.9293,48.7084],[-122.9778,48.6678],[-122.9971,48.6606],[-123.0264,48.6365],[-123.0222,48.6184],[-122.9971,48.5972],[-122.9801,48.6386],[-122.9513,48.6234],[-122.9333,48.5928],[-122.8875,48.59],[-122.8619,48.6017],[-122.9103,48.6575],[-122.9059,48.6973],[-122.8868,48.6963],[-122.8659,48.6496],[-122.8414,48.6209],[-122.821,48.6091],[-122.8089,48.6113],[-122.8004,48.6296],[-122.7572,48.6501],[-122.7458,48.6644]]],[[[-122.6214,48.6685],[-122.6352,48.6833],[-122.6714,48.7048],[-122.6985,48.7347],[-122.7152,48.7391],[-122.7165,48.7152],[-122.7031,48.7079],[-122.6622,48.6703],[-122.6336,48.6517],[-122.6131,48.6484],[-122.6214,48.6685]]],[[[-122.7054,47.182],[-122.7181,47.1806],[-122.7294,47.1622],[-122.7464,47.1537],[-122.7422,47.1437],[-122.7068,47.124],[-122.6771,47.1396],[-122.6756,47.1763],[-122.7054,47.182]]],[[[-122.8682,47.2683],[-122.8469,47.298],[-122.912,47.2697],[-122.9219,47.2287],[-122.8908,47.2004],[-122.8738,47.1679],[-122.8483,47.1933],[-122.8483,47.2202],[-122.8695,47.2429],[-122.8682,47.2683]]],[[[-123.4171,46.2048],[-123.423,46.1878],[-123.411,46.1751],[-123.3769,46.1561],[-123.338,46.1476],[-123.3157,46.1485],[-123.3662,46.1792],[-123.4171,46.2048]]]]},"properties":{"name":"Washington","name_en":"Washington","name_ja":"ワシントン州","name_zh":"华盛顿州","name_ko":"워싱턴","adm0_a3":"USA","postal":"WA","iso_3166_2":"US-WA","type_en":"State","region":"West","geonunit":"United States of America"}},
{"type":"Feature","geometry":{"type":"Polygon","coordinates":[[[-117.0382,48.9925],[-117.0365,48.6759],[-117.0349,48.3589],[-117.0372,48.2122],[-117.0429,48.0548],[-117.0429,47.7372],[-117.0429,47.5718],[-117.0415,47.4203],[-117.0415,47.0917],[-117.04,46.9401],[-117.04,46.7696],[-117.0415,46.6035],[-117.0386,46.4243],[-117.044,46.3785],[-117.0368,46.3633],[-116.9894,46.3201],[-116.9421,46.2597],[-116.9308,46.2107],[-116.9091,46.1834],[-116.9091,46.1625],[-116.9183,46.1419],[-116.9606,46.1048],[-116.9551,46.0942],[-116.9023,46.0464],[-116.8788,46.0015],[-116.8679,45.9661],[-116.8386,45.9099],[-116.7789,45.8665],[-116.7594,45.838],[-116.6878,45.8267],[-116.6574,45.8035],[-116.5994,45.778],[-116.5574,45.7721],[-116.5301,45.7516],[-116.4988,45.691],[-116.4637,45.6424],[-116.455,45.6008],[-116.463,45.5819],[-116.5062,45.5424],[-116.5307,45.502],[-116.5392,45.471],[-116.5867,45.4281],[-116.6015,45.3946],[-116.6362,45.3657],[-116.649,45.3475],[-116.6561,45.2847],[-116.679,45.2513],[-116.6968,45.1898],[-116.7174,45.1514],[-116.8235,45.0358],[-116.8346,45.0148],[-116.8204,44.9875],[-116.8328,44.9199],[-116.8639,44.8661],[-116.9173,44.8026],[-116.9501,44.7783],[-117.0106,44.75],[-117.0399,44.7192],[-117.0674,44.6685],[-117.1038,44.6118],[-117.1123,44.5728],[-117.1223,44.5541],[-117.1493,44.5251],[-117.18,44.5136],[-117.1835,44.5009],[-117.2038,44.4825],[-117.1935,44.4556],[-117.2121,44.4178],[-117.2153,44.3948],[-117.1949,44.3501],[-117.2017,44.3163],[-117.1951,44.2977],[-117.1789,44.2847],[-117.1403,44.2644],[-117.1129,44.2885],[-117.0862,44.2899],[-117.0645,44.2644],[-117.044,44.2596],[-116.986,44.2719],[-116.9735,44.2683],[-116.969,44.2371],[-116.9559,44.2184],[-116.9342,44.2098],[-116.8969,44.1859],[-116.892,44.1767],[-116.9069,44.1583],[-116.9084,44.135],[-116.9205,44.1136],[-116.9587,44.1087],[-116.969,44.1],[-116.9687,44.0835],[-116.9414,44.0496],[-116.9342,44.0285],[-116.9478,43.9907],[-116.9547,43.9497],[-116.9673,43.9173],[-116.9711,43.8934],[-116.9937,43.8577],[-117.0314,43.8287],[-117.0202,43.7851],[-117.0197,43.547],[-117.0193,43.3406],[-117.0189,43.1343],[-117.0185,42.928],[-117.0181,42.7217],[-117.0175,42.4122],[-117.017,42.2058],[-117.0166,41.9995],[-116.6449,41.9996],[-116.2731,41.9997],[-116.0872,41.9997],[-115.7155,41.9998],[-115.3437,41.9998],[-114.972,41.9999],[-114.6002,42],[-114.2284,42],[-114.0425,42.0001],[-113.6685,42],[-113.4815,42],[-113.1075,42],[-112.9205,42],[-112.5464,42],[-112.3594,41.9999],[-111.9854,41.9999],[-111.7983,41.9999],[-111.4243,41.9999],[-111.0502,41.9998],[-111.0504,42.3121],[-111.0505,42.4682],[-111.0506,42.7805],[-111.0507,43.0927],[-111.0509,43.405],[-111.051,43.7172],[-111.0511,43.8734],[-111.0512,44.1856],[-111.0514,44.4979],[-111.0953,44.5066],[-111.1115,44.5153],[-111.1708,44.5741],[-111.2102,44.5943],[-111.219,44.6335],[-111.2456,44.6524],[-111.2985,44.7153],[-111.308,44.7324],[-111.3542,44.7527],[-111.3755,44.7549],[-111.3909,44.7375],[-111.4517,44.7218],[-111.4653,44.7048],[-111.4529,44.6881],[-111.4512,44.6662],[-111.4944,44.6439],[-111.5077,44.6058],[-111.5014,44.5802],[-111.463,44.5634],[-111.4544,44.5523],[-111.4703,44.5471],[-111.5028,44.5476],[-111.5583,44.5667],[-111.6674,44.5672],[-111.682,44.5658],[-111.7269,44.5438],[-111.7706,44.5374],[-111.7994,44.5285],[-111.8212,44.533],[-111.8356,44.5495],[-111.87,44.5624],[-111.9122,44.5635],[-111.9409,44.5544],[-111.9863,44.5513],[-112.0816,44.5387],[-112.1441,44.5519],[-112.2042,44.5554],[-112.2335,44.5687],[-112.2624,44.5571],[-112.3226,44.5403],[-112.3351,44.5282],[-112.3599,44.4714],[-112.39,44.4583],[-112.4097,44.4591],[-112.4354,44.4742],[-112.4546,44.4779],[-112.5031,44.4761],[-112.5238,44.488],[-112.6463,44.499],[-112.6803,44.5055],[-112.7572,44.4858],[-112.8146,44.4439],[-112.8275,44.4255],[-112.808,44.3936],[-112.8133,44.3825],[-112.8445,44.3797],[-112.8785,44.4099],[-112.923,44.4202],[-112.951,44.4428],[-112.9913,44.46],[-113.0078,44.5015],[-112.9944,44.5263],[-112.9961,44.5371],[-113.0325,44.5578],[-113.037,44.5788],[-113.0641,44.6006],[-113.0682,44.6141],[-113.0425,44.6368],[-113.0451,44.6521],[-113.0905,44.7132],[-113.1053,44.7414],[-113.1414,44.7765],[-113.1833,44.8044],[-113.2096,44.8143],[-113.2502,44.8189],[-113.2885,44.7989],[-113.3241,44.7921],[-113.3392,44.7981],[-113.3441,44.82],[-113.366,44.8316],[-113.4128,44.8475],[-113.4401,44.8716],[-113.4535,44.9006],[-113.4814,44.9335],[-113.452,44.9514],[-113.4369,44.9695],[-113.4301,45.001],[-113.4365,45.022],[-113.4584,45.0592],[-113.4899,45.092],[-113.499,45.114],[-113.5131,45.1243],[-113.5468,45.1238],[-113.5606,45.1298],[-113.5623,45.1472],[-113.5787,45.1689],[-113.5936,45.2034],[-113.6663,45.2558],[-113.6704,45.2776],[-113.7114,45.3048],[-113.719,45.3252],[-113.7145,45.3802],[-113.7259,45.3936],[-113.754,45.4103],[-113.7644,45.4382],[-113.7517,45.477],[-113.7572,45.5076],[-113.7987,45.5245],[-113.8106,45.5353],[-113.8077,45.5543],[-113.7893,45.584],[-113.7946,45.6006],[-113.8189,45.6147],[-113.8708,45.6276],[-113.8895,45.6377],[-113.8956,45.6583],[-113.9573,45.6926],[-113.9895,45.7027],[-114.0014,45.6962],[-113.9967,45.659],[-114.0524,45.6317],[-114.0687,45.6064],[-114.0913,45.5953],[-114.1143,45.5705],[-114.1768,45.5478],[-114.2154,45.5452],[-114.2397,45.5277],[-114.2599,45.4977],[-114.2976,45.4837],[-114.3296,45.4833],[-114.4081,45.5246],[-114.4175,45.5409],[-114.4506,45.5589],[-114.5074,45.5678],[-114.541,45.5691],[-114.5449,45.5765],[-114.5291,45.6],[-114.5422,45.6267],[-114.5365,45.6358],[-114.4978,45.6646],[-114.4937,45.7051],[-114.5019,45.7189],[-114.5335,45.743],[-114.5493,45.7713],[-114.5499,45.7835],[-114.5302,45.7978],[-114.4951,45.8447],[-114.4711,45.8536],[-114.4369,45.8548],[-114.4171,45.8609],[-114.3931,45.8781],[-114.3891,45.8959],[-114.4101,45.9199],[-114.4162,45.9351],[-114.4,45.9787],[-114.4112,45.9881],[-114.4614,46.0007],[-114.4736,46.0133],[-114.4717,46.0319],[-114.4829,46.0558],[-114.4577,46.0878],[-114.4513,46.1091],[-114.4579,46.1187],[-114.4976,46.1488],[-114.5026,46.1653],[-114.4877,46.1765],[-114.4544,46.179],[-114.4332,46.1914],[-114.4398,46.2416],[-114.4544,46.27],[-114.4357,46.2981],[-114.4299,46.3208],[-114.4094,46.3419],[-114.4055,46.3829],[-114.3987,46.4065],[-114.3754,46.4414],[-114.3727,46.4712],[-114.3959,46.4939],[-114.3982,46.5052],[-114.3606,46.5176],[-114.3405,46.5308],[-114.347,46.5547],[-114.3341,46.5791],[-114.3367,46.6006],[-114.3233,46.6339],[-114.3295,46.6716],[-114.3598,46.678],[-114.4277,46.6658],[-114.4776,46.6484],[-114.5154,46.6536],[-114.567,46.6443],[-114.5939,46.6511],[-114.636,46.6742],[-114.636,46.6949],[-114.6223,46.7071],[-114.6227,46.7201],[-114.6378,46.7356],[-114.6632,46.7485],[-114.6928,46.7498],[-114.7372,46.7181],[-114.7666,46.7197],[-114.7623,46.7541],[-114.7664,46.7744],[-114.7787,46.7818],[-114.8236,46.7928],[-114.8594,46.8177],[-114.9054,46.8419],[-114.9213,46.877],[-114.9171,46.9177],[-114.924,46.9272],[-114.9639,46.947],[-115.0051,46.9809],[-115.0517,46.9967],[-115.0611,47.0243],[-115.1504,47.0928],[-115.1647,47.1161],[-115.1921,47.1428],[-115.231,47.1636],[-115.2561,47.1842],[-115.2741,47.1919],[-115.3253,47.2582],[-115.3417,47.2685],[-115.4318,47.2934],[-115.4822,47.2998],[-115.5101,47.3127],[-115.545,47.3565],[-115.5862,47.3884],[-115.6613,47.4228],[-115.7173,47.4365],[-115.7267,47.4471],[-115.7079,47.4613],[-115.6653,47.4641],[-115.6413,47.4742],[-115.6431,47.4858],[-115.6786,47.5008],[-115.6844,47.5215],[-115.7011,47.5387],[-115.7268,47.5505],[-115.7331,47.5607],[-115.6992,47.5777],[-115.6765,47.6045],[-115.6856,47.6238],[-115.7178,47.6611],[-115.7189,47.6998],[-115.7324,47.7127],[-115.7614,47.7261],[-115.7783,47.7544],[-115.8141,47.7706],[-115.8256,47.7817],[-115.8446,47.8297],[-115.855,47.8439],[-115.8867,47.8587],[-115.937,47.8945],[-115.9855,47.9483],[-116.0369,47.9879],[-116.0489,48.0037],[-116.0487,48.288],[-116.0486,48.523],[-116.0483,48.758],[-116.0482,48.9925],[-116.2788,48.9925],[-116.7184,48.9925],[-117.0382,48.9925]]]},"properties":{"name":"Idaho","name_en":"Idaho","name_ja":"アイダホ州","name_zh":"爱达荷州","name_ko":"아이다호","adm0_a3":"USA","postal":"ID","iso_3166_2":"US-ID","type_en":"State","region":"West","geonunit":"United States of America"}},
{"type":"Feature","geometry":{"type":"Polygon","coordinates":[[[-116.0482,48.9925],[-116.0483,48.758],[-116.0486,48.523],[-116.0487,48.288],[-116.0489,48.0037],[-116.0369,47.9879],[-115.9855,47.9483],[-115.937,47.8945],[-115.8867,47.8587],[-115.855,47.8439],[-115.8446,47.8297],[-115.8256,47.7817],[-115.8141,47.7706],[-115.7783,47.7544],[-115.7614,47.7261],[-115.7324,47.7127],[-115.7189,47.6998],[-115.7178,47.6611],[-115.6856,47.6238],[-115.6765,47.6045],[-115.6992,47.5777],[-115.7331,47.5607],[-115.7268,47.5505],[-115.7011,47.5387],[-115.6844,47.5215],[-115.6786,47.5008],[-115.6431,47.4858],[-115.6413,47.4742],[-115.6653,47.4641],[-115.7079,47.4613],[-115.7267,47.4471],[-115.7173,47.4365],[-115.6613,47.4228],[-115.5862,47.3884],[-115.545,47.3565],[-115.5101,47.3127],[-115.4822,47.2998],[-115.4318,47.2934],[-115.3417,47.2685],[-115.3253,47.2582],[-115.2741,47.1919],[-115.2561,47.1842],[-115.231,47.1636],[-115.1921,47.1428],[-115.1647,47.1161],[-115.1504,47.0928],[-115.0611,47.0243],[-115.0517,46.9967],[-115.0051,46.9809],[-114.9639,46.947],[-114.924,46.9272],[-114.9171,46.9177],[-114.9213,46.877],[-114.9054,46.8419],[-114.8594,46.8177],[-114.8236,46.7928],[-114.7787,46.7818],[-114.7664,46.7744],[-114.7623,46.7541],[-114.7666,46.7197],[-114.7372,46.7181],[-114.6928,46.7498],[-114.6632,46.7485],[-114.6378,46.7356],[-114.6227,46.7201],[-114.6223,46.7071],[-114.636,46.6949],[-114.636,46.6742],[-114.5939,46.6511],[-114.567,46.6443],[-114.5154,46.6536],[-114.4776,46.6484],[-114.4277,46.6658],[-114.3598,46.678],[-114.3295,46.6716],[-114.3233,46.6339],[-114.3367,46.6006],[-114.3341,46.5791],[-114.347,46.5547],[-114.3405,46.5308],[-114.3606,46.5176],[-114.3982,46.5052],[-114.3959,46.4939],[-114.3727,46.4712],[-114.3754,46.4414],[-114.3987,46.4065],[-114.4055,46.3829],[-114.4094,46.3419],[-114.4299,46.3208],[-114.4357,46.2981],[-114.4544,46.27],[-114.4398,46.2416],[-114.4332,46.1914],[-114.4544,46.179],[-114.4877,46.1765],[-114.5026,46.1653],[-114.4976,46.1488],[-114.4579,46.1187],[-114.4513,46.1091],[-114.4577,46.0878],[-114.4829,46.0558],[-114.4717,46.0319],[-114.4736,46.0133],[-114.4614,46.0007],[-114.4112,45.9881],[-114.4,45.9787],[-114.4162,45.9351],[-114.4101,45.9199],[-114.3891,45.8959],[-114.3931,45.8781],[-114.4171,45.8609],[-114.4369,45.8548],[-114.4711,45.8536],[-114.4951,45.8447],[-114.5302,45.7978],[-114.5499,45.7835],[-114.5493,45.7713],[-114.5335,45.743],[-114.5019,45.7189],[-114.4937,45.7051],[-114.4978,45.6646],[-114.5365,45.6358],[-114.5422,45.6267],[-114.5291,45.6],[-114.5449,45.5765],[-114.541,45.5691],[-114.5074,45.5678],[-114.4506,45.5589],[-114.4175,45.5409],[-114.4081,45.5246],[-114.3296,45.4833],[-114.2976,45.4837],[-114.2599,45.4977],[-114.2397,45.5277],[-114.2154,45.5452],[-114.1768,45.5478],[-114.1143,45.5705],[-114.0913,45.5953],[-114.0687,45.6064],[-114.0524,45.6317],[-113.9967,45.659],[-114.0014,45.6962],[-113.9895,45.7027],[-113.9573,45.6926],[-113.8956,45.6583],[-113.8895,45.6377],[-113.8708,45.6276],[-113.8189,45.6147],[-113.7946,45.6006],[-113.7893,45.584],[-113.8077,45.5543],[-113.8106,45.5353],[-113.7987,45.5245],[-113.7572,45.5076],[-113.7517,45.477],[-113.7644,45.4382],[-113.754,45.4103],[-113.7259,45.3936],[-113.7145,45.3802],[-113.719,45.3252],[-113.7114,45.3048],[-113.6704,45.2776],[-113.6663,45.2558],[-113.5936,45.2034],[-113.5787,45.1689],[-113.5623,45.1472],[-113.5606,45.1298],[-113.5468,45.1238],[-113.5131,45.1243],[-113.499,45.114],[-113.4899,45.092],[-113.4584,45.0592],[-113.4365,45.022],[-113.4301,45.001],[-113.4369,44.9695],[-113.452,44.9514],[-113.4814,44.9335],[-113.4535,44.9006],[-113.4401,44.8716],[-113.4128,44.8475],[-113.366,44.8316],[-113.3441,44.82],[-113.3392,44.7981],[-113.3241,44.7921],[-113.2885,44.7989],[-113.2502,44.8189],[-113.2096,44.8143],[-113.1833,44.8044],[-113.1414,44.7765],[-113.1053,44.7414],[-113.0905,44.7132],[-113.0451,44.6521],[-113.0425,44.6368],[-113.0682,44.6141],[-113.0641,44.6006],[-113.037,44.5788],[-113.0325,44.5578],[-112.9961,44.5371],[-112.9944,44.5263],[-113.0078,44.5015],[-112.9913,44.46],[-112.951,44.4428],[-112.923,44.4202],[-112.8785,44.4099],[-112.8445,44.3797],[-112.8133,44.3825],[-112.808,44.3936],[-112.8275,44.4255],[-112.8146,44.4439],[-112.7572,44.4858],[-112.6803,44.5055],[-112.6463,44.499],[-112.5238,44.488],[-112.5031,44.4761],[-112.4546,44.4779],[-112.4354,44.4742],[-112.4097,44.4591],[-112.39,44.4583],[-112.3599,44.4714],[-112.3351,44.5282],[-112.3226,44.5403],[-112.2624,44.5571],[-112.2335,44.5687],[-112.2042,44.5554],[-112.1441,44.5519],[-112.0816,44.5387],[-111.9863,44.5513],[-111.9409,44.5544],[-111.9122,44.5635],[-111.87,44.5624],[-111.8356,44.5495],[-111.8212,44.533],[-111.7994,44.5285],[-111.7706,44.5374],[-111.7269,44.5438],[-111.682,44.5658],[-111.6674,44.5672],[-111.5583,44.5667],[-111.5028,44.5476],[-111.4703,44.5471],[-111.4544,44.5523],[-111.463,44.5634],[-111.5014,44.5802],[-111.5077,44.6058],[-111.4944,44.6439],[-111.4512,44.6662],[-111.4529,44.6881],[-111.4653,44.7048],[-111.4517,44.7218],[-111.3909,44.7375],[-111.3755,44.7549],[-111.3542,44.7527],[-111.308,44.7324],[-111.2985,44.7153],[-111.2456,44.6524],[-111.219,44.6335],[-111.2102,44.5943],[-111.1708,44.5741],[-111.1115,44.5153],[-111.0953,44.5066],[-111.0514,44.4979],[-111.0511,44.7712],[-111.0508,45],[-110.6738,45],[-110.2386,45],[-109.9122,45],[-109.477,45],[-109.1506,45],[-108.7154,45],[-108.2803,45],[-107.8451,45],[-107.5187,45.0001],[-107.1923,45.0001],[-106.7571,45.0001],[-106.3219,45.0001],[-105.8867,45.0001],[-105.5603,45.0001],[-105.1251,45.0001],[-104.7987,45.0001],[-104.3636,45.0001],[-104.0567,45.0001],[-104.0393,44.9999],[-104.0387,45.07],[-104.0405,45.291],[-104.042,45.508],[-104.0434,45.725],[-104.0449,45.942],[-104.0463,46.1327],[-104.0463,46.2996],[-104.0463,46.6333],[-104.0463,46.8001],[-104.0463,47.1338],[-104.0463,47.3006],[-104.0463,47.6343],[-104.0463,47.968],[-104.0463,48.3018],[-104.0463,48.6355],[-104.0462,48.8023],[-104.0476,48.9926],[-104.409,48.9926],[-104.6289,48.9926],[-105.0575,48.9926],[-105.5082,48.9926],[-105.9477,48.9926],[-106.3873,48.9926],[-106.6072,48.9926],[-107.0468,48.9926],[-107.2666,48.9926],[-107.7062,48.9926],[-108.1458,48.9926],[-108.5854,48.9926],[-109.025,48.9926],[-109.4647,48.9926],[-109.6845,48.9926],[-110.1241,48.9926],[-110.5637,48.9926],[-111.0033,48.9926],[-111.4429,48.9926],[-111.8826,48.9926],[-112.3222,48.9926],[-112.7618,48.9926],[-112.9816,48.9925],[-113.4212,48.9925],[-113.641,48.9925],[-114.0807,48.9925],[-114.5203,48.9925],[-114.7401,48.9925],[-115.1797,48.9925],[-115.6194,48.9925],[-116.0482,48.9925]]]},"properties":{"name":"Montana","name_en":"Montana","name_ja":"モンタナ州","name_zh":"蒙大拿州","name_ko":"몬태나","adm0_a3":"USA","postal":"MT","iso_3166_2":"US-MT","type_en":"State","region":"West","geonunit":"United States of America"}},
{"type":"Feature","geometry":{"type":"Polygon","coordinates":[[[-104.0476,48.9926],[-104.0462,48.8023],[-104.0463,48.6355],[-104.0463,48.3018],[-104.0463,47.968],[-104.0463,47.6343],[-104.0463,47.3006],[-104.0463,47.1338],[-104.0463,46.8001],[-104.0463,46.6333],[-104.0463,46.2996],[-104.0463,46.1327],[-104.0449,45.942],[-103.7781,45.942],[-103.5451,45.942],[-103.0792,45.942],[-102.6133,45.942],[-102.1474,45.942],[-101.6815,45.942],[-101.2155,45.9419],[-100.7496,45.9419],[-100.2837,45.9419],[-99.8178,45.9419],[-99.3518,45.9419],[-99.1189,45.9419],[-98.6529,45.9419],[-98.1871,45.9419],[-97.9541,45.9419],[-97.4882,45.9418],[-97.0223,45.9418],[-96.5563,45.9418],[-96.5762,46.0165],[-96.576,46.0402],[-96.5641,46.0624],[-96.5567,46.103],[-96.5681,46.1457],[-96.5649,46.1714],[-96.5878,46.1985],[-96.5979,46.238],[-96.5954,46.3028],[-96.6016,46.3239],[-96.6165,46.3412],[-96.6507,46.3685],[-96.7087,46.4337],[-96.7183,46.471],[-96.7463,46.4989],[-96.7396,46.5192],[-96.7463,46.5774],[-96.753,46.5971],[-96.7947,46.6423],[-96.7968,46.6638],[-96.781,46.7211],[-96.7844,46.743],[-96.7987,46.7781],[-96.7993,46.8038],[-96.7872,46.8272],[-96.7872,46.8719],[-96.7592,46.9209],[-96.7694,46.9314],[-96.8029,46.9413],[-96.8083,46.9644],[-96.8261,46.9891],[-96.8282,47.0023],[-96.8209,47.068],[-96.822,47.0879],[-96.8357,47.1289],[-96.8282,47.1668],[-96.8466,47.2367],[-96.8499,47.2592],[-96.8425,47.3865],[-96.8692,47.4169],[-96.8687,47.4377],[-96.8529,47.4883],[-96.8626,47.5199],[-96.863,47.5814],[-96.8557,47.5955],[-96.8766,47.6161],[-96.8886,47.6437],[-96.8944,47.6791],[-96.9319,47.7322],[-96.9517,47.78],[-96.9918,47.8152],[-96.9865,47.8284],[-97.012,47.8774],[-97.0148,47.9001],[-97.0001,47.924],[-97.035,47.952],[-97.0513,47.9858],[-97.0626,48.0231],[-97.1063,48.0968],[-97.1219,48.1327],[-97.1297,48.1706],[-97.1299,48.212],[-97.1152,48.2812],[-97.1265,48.3112],[-97.1441,48.3765],[-97.1282,48.4064],[-97.1228,48.4286],[-97.1337,48.4761],[-97.1572,48.5341],[-97.1484,48.5763],[-97.1218,48.6124],[-97.101,48.6505],[-97.1094,48.6986],[-97.1409,48.7495],[-97.1482,48.7882],[-97.1777,48.842],[-97.1851,48.8768],[-97.203,48.9034],[-97.2109,48.9367],[-97.2292,48.9686],[-97.2261,48.9927],[-97.595,48.9927],[-98.0346,48.9927],[-98.4742,48.9927],[-98.694,48.9927],[-99.1337,48.9927],[-99.3535,48.9927],[-99.7931,48.9927],[-100.2327,48.9927],[-100.6723,48.9927],[-100.8921,48.9927],[-101.3317,48.9927],[-101.5516,48.9927],[-101.9912,48.9927],[-102.4307,48.9926],[-102.8704,48.9926],[-103.0902,48.9926],[-103.5299,48.9926],[-103.7497,48.9926],[-104.0476,48.9926]]]},"properties":{"name":"North Dakota","name_en":"North Dakota","name_ja":"ノースダコタ州","name_zh":"北达科他州","name_ko":"노스다코타","adm0_a3":"USA","postal":"ND","iso_3166_2":"US-ND","type_en":"State","region":"Midwest","geonunit":"United States of America"}},
{"type":"Feature","geometry":{"type":"Polygon","coordinates":[[[-97.2261,48.9927],[-97.2292,48.9686],[-97.2109,48.9367],[-97.203,48.9034],[-97.1851,48.8768],[-97.1777,48.842],[-97.1482,48.7882],[-97.1409,48.7495],[-97.1094,48.6986],[-97.101,48.6505],[-97.1218,48.6124],[-97.1484,48.5763],[-97.1572,48.5341],[-97.1337,48.4761],[-97.1228,48.4286],[-97.1282,48.4064],[-97.1441,48.3765],[-97.1265,48.3112],[-97.1152,48.2812],[-97.1299,48.212],[-97.1297,48.1706],[-97.1219,48.1327],[-97.1063,48.0968],[-97.0626,48.0231],[-97.0513,47.9858],[-97.035,47.952],[-97.0001,47.924],[-97.0148,47.9001],[-97.012,47.8774],[-96.9865,47.8284],[-96.9918,47.8152],[-96.9517,47.78],[-96.9319,47.7322],[-96.8944,47.6791],[-96.8886,47.6437],[-96.8766,47.6161],[-96.8557,47.5955],[-96.863,47.5814],[-96.8626,47.5199],[-96.8529,47.4883],[-96.8687,47.4377],[-96.8692,47.4169],[-96.8425,47.3865],[-96.8499,47.2592],[-96.8466,47.2367],[-96.8282,47.1668],[-96.8357,47.1289],[-96.822,47.0879],[-96.8209,47.068],[-96.8282,47.0023],[-96.8261,46.9891],[-96.8083,46.9644],[-96.8029,46.9413],[-96.7694,46.9314],[-96.7592,46.9209],[-96.7872,46.8719],[-96.7872,46.8272],[-96.7993,46.8038],[-96.7987,46.7781],[-96.7844,46.743],[-96.781,46.7211],[-96.7968,46.6638],[-96.7947,46.6423],[-96.753,46.5971],[-96.7463,46.5774],[-96.7396,46.5192],[-96.7463,46.4989],[-96.7183,46.471],[-96.7087,46.4337],[-96.6507,46.3685],[-96.6165,46.3412],[-96.6016,46.3239],[-96.5954,46.3028],[-96.5979,46.238],[-96.5878,46.1985],[-96.5649,46.1714],[-96.5681,46.1457],[-96.5567,46.103],[-96.5641,46.0624],[-96.576,46.0402],[-96.5762,46.0165],[-96.5563,45.9418],[-96.5721,45.917],[-96.581,45.8561],[-96.5877,45.8388],[-96.608,45.8129],[-96.6379,45.7635],[-96.6592,45.744],[-96.686,45.7286],[-96.7589,45.6987],[-96.792,45.6738],[-96.8464,45.6429],[-96.8631,45.6008],[-96.7871,45.5351],[-96.7667,45.512],[-96.7304,45.4512],[-96.7082,45.4216],[-96.6882,45.409],[-96.609,45.4029],[-96.5665,45.3935],[-96.5373,45.3783],[-96.4929,45.3475],[-96.4536,45.2966],[-96.4536,45.0379],[-96.4536,44.8182],[-96.4536,44.5985],[-96.4536,44.3788],[-96.4536,44.1592],[-96.4536,43.9395],[-96.4536,43.7198],[-96.4536,43.5001],[-96.1284,43.5001],[-95.8032,43.5002],[-95.4779,43.5003],[-95.1527,43.5003],[-94.8275,43.5003],[-94.5023,43.5004],[-94.1771,43.5005],[-93.8519,43.5005],[-93.5266,43.5006],[-93.2014,43.5006],[-92.8762,43.5006],[-92.551,43.5008],[-92.2258,43.5008],[-91.9006,43.5008],[-91.5754,43.5009],[-91.2501,43.501],[-91.2428,43.537],[-91.2508,43.5893],[-91.247,43.6312],[-91.2548,43.667],[-91.2427,43.7213],[-91.2492,43.7689],[-91.2692,43.7886],[-91.2812,43.8212],[-91.2795,43.8736],[-91.295,43.919],[-91.3183,43.933],[-91.361,43.9448],[-91.3919,43.9795],[-91.4035,44.0077],[-91.426,44.0225],[-91.4785,44.0296],[-91.541,44.0656],[-91.6377,44.0657],[-91.6626,44.0733],[-91.7784,44.1496],[-91.8171,44.1627],[-91.8369,44.1818],[-91.9122,44.289],[-91.9501,44.3357],[-92.1026,44.4369],[-92.1561,44.4515],[-92.2726,44.4658],[-92.3052,44.4901],[-92.331,44.5332],[-92.3598,44.5598],[-92.3938,44.5796],[-92.429,44.5893],[-92.5847,44.608],[-92.628,44.6275],[-92.6433,44.6517],[-92.6611,44.6603],[-92.7313,44.7116],[-92.793,44.7406],[-92.8198,44.7578],[-92.7785,44.8202],[-92.772,44.8472],[-92.7788,44.8916],[-92.7583,44.9257],[-92.7628,44.9686],[-92.772,45.0111],[-92.7959,45.0559],[-92.8024,45.078],[-92.7683,45.0927],[-92.7554,45.1066],[-92.7509,45.1489],[-92.7728,45.1875],[-92.7645,45.2203],[-92.7633,45.2647],[-92.7509,45.2997],[-92.7085,45.3327],[-92.6963,45.3741],[-92.6674,45.4083],[-92.6677,45.4454],[-92.7174,45.4909],[-92.7396,45.5439],[-92.7509,45.5592],[-92.7895,45.5698],[-92.8397,45.5689],[-92.8832,45.5761],[-92.9017,45.6113],[-92.8949,45.687],[-92.882,45.7159],[-92.7953,45.7753],[-92.7677,45.8051],[-92.772,45.8342],[-92.7319,45.8883],[-92.7041,45.9131],[-92.6545,45.9269],[-92.6007,45.9508],[-92.5665,45.957],[-92.5488,45.9781],[-92.5219,45.9918],[-92.4806,45.9918],[-92.4657,45.9973],[-92.4434,46.0238],[-92.4288,46.0327],[-92.3633,46.0273],[-92.338,46.063],[-92.3121,46.0805],[-92.2926,46.0833],[-92.2922,46.321],[-92.2916,46.6597],[-92.2353,46.6585],[-92.2073,46.6738],[-92.2008,46.7055],[-92.193,46.7148],[-92.1571,46.7293],[-92.1407,46.7553],[-92.11,46.7687],[-91.9649,46.7287],[-91.752,46.8125],[-91.4683,46.9241],[-91.2647,47.0201],[-91.0611,47.1161],[-90.8575,47.2121],[-90.654,47.3081],[-90.2187,47.2943],[-89.9576,47.2861],[-89.8142,47.5078],[-89.6995,47.6851],[-89.499,47.9951],[-89.5931,47.9965],[-89.6566,48.008],[-89.7128,48.0034],[-89.7633,48.0173],[-89.8035,48.0138],[-89.9024,47.9859],[-89.9204,47.9875],[-89.9803,48.0101],[-90.0082,48.0297],[-90.061,48.091],[-90.0733,48.1012],[-90.1204,48.1154],[-90.1786,48.1164],[-90.4706,48.0899],[-90.4905,48.0962],[-90.5316,48.0846],[-90.5622,48.0888],[-90.5868,48.1048],[-90.6111,48.1035],[-90.7013,48.0846],[-90.7503,48.084],[-90.7865,48.1005],[-90.7967,48.1171],[-90.8031,48.1472],[-90.8123,48.161],[-90.843,48.177],[-90.8488,48.1987],[-90.8407,48.2201],[-90.8738,48.2343],[-90.9232,48.2271],[-91.0711,48.1709],[-91.204,48.1077],[-91.2381,48.0826],[-91.2764,48.0648],[-91.3654,48.0578],[-91.4279,48.0364],[-91.4871,48.0535],[-91.5748,48.0482],[-91.587,48.0526],[-91.5811,48.0809],[-91.5975,48.0904],[-91.6186,48.0896],[-91.6925,48.0979],[-91.7164,48.1121],[-91.6955,48.1376],[-91.7276,48.1683],[-91.765,48.1873],[-91.8522,48.196],[-91.9573,48.2283],[-91.9755,48.2366],[-92.008,48.2625],[-92.0301,48.3132],[-92.0434,48.3346],[-92.0705,48.3467],[-92.1547,48.3501],[-92.2591,48.3396],[-92.2816,48.3318],[-92.3031,48.3109],[-92.2921,48.2703],[-92.291,48.2496],[-92.3037,48.2393],[-92.3538,48.2229],[-92.3846,48.2324],[-92.4182,48.282],[-92.4514,48.3127],[-92.4625,48.3293],[-92.4676,48.3943],[-92.4906,48.4331],[-92.5269,48.4456],[-92.5705,48.4467],[-92.6571,48.4382],[-92.7041,48.4452],[-92.7189,48.4598],[-92.7106,48.4829],[-92.6914,48.4899],[-92.6275,48.5028],[-92.6302,48.5195],[-92.6486,48.5363],[-92.7255,48.5487],[-92.8842,48.5799],[-92.9556,48.6122],[-92.9797,48.6177],[-93.2577,48.6303],[-93.3857,48.6149],[-93.4515,48.5974],[-93.4599,48.5574],[-93.4918,48.5423],[-93.5666,48.5383],[-93.5999,48.5263],[-93.6163,48.5313],[-93.7568,48.5165],[-93.7787,48.5195],[-93.8094,48.5436],[-93.8357,48.6171],[-93.8749,48.6362],[-94.2321,48.652],[-94.251,48.6573],[-94.2585,48.6908],[-94.2745,48.7041],[-94.3116,48.7139],[-94.4795,48.7007],[-94.5192,48.7045],[-94.5929,48.7264],[-94.6889,48.7788],[-94.7109,48.8075],[-94.7112,48.9146],[-94.792,49.1265],[-94.8112,49.1666],[-94.8061,49.2109],[-94.8199,49.252],[-94.8273,49.2929],[-94.8562,49.3183],[-94.9261,49.3456],[-94.9825,49.3562],[-95.1028,49.3539],[-95.1606,49.3695],[-95.1593,49.0118],[-95.1771,48.9927],[-95.3969,48.9927],[-95.8365,48.9927],[-96.2762,48.9927],[-96.7158,48.9927],[-96.9356,48.9927],[-97.2261,48.9927]]]},"properties":{"name":"Minnesota","name_en":"Minnesota","name_ja":"ミネソタ州","name_zh":"明尼苏达州","name_ko":"미네소타","adm0_a3":"USA","postal":"MN","iso_3166_2":"US-MN","type_en":"State","region":"Midwest","geonunit":"United States of America"}},
{"type":"Feature","geometry":{"type":"Polygon","coordinates":[[[-89.499,47.9951],[-89.6995,47.6851],[-89.8142,47.5078],[-89.9576,47.2861],[-90.0411,47.1573],[-90.1802,46.9427],[-90.2637,46.8139],[-90.4125,46.5842],[-90.4032,46.5551],[-90.3923,46.5479],[-90.3338,46.5547],[-90.3182,46.5356],[-90.2894,46.5304],[-90.2717,46.5193],[-90.2303,46.5087],[-90.2051,46.486],[-90.135,46.3704],[-90.1185,46.3406],[-89.8735,46.2933],[-89.5354,46.2282],[-89.1192,46.1482],[-88.8373,46.0356],[-88.8018,46.0366],[-88.7622,46.0283],[-88.7244,46.0339],[-88.6421,46.0081],[-88.6219,46.0069],[-88.6003,46.0189],[-88.5709,46.0178],[-88.5373,46.0261],[-88.4919,46.0092],[-88.46,46.0091],[-88.4181,45.9937],[-88.3791,45.9967],[-88.3359,45.9773],[-88.278,45.9731],[-88.2274,45.9584],[-88.1877,45.9594],[-88.1152,45.9246],[-88.0893,45.8842],[-88.0864,45.8678],[-88.1221,45.8264],[-88.1197,45.8125],[-88.1023,45.798],[-88.0725,45.7875],[-87.9981,45.7872],[-87.9698,45.7667],[-87.9096,45.7605],[-87.8899,45.7531],[-87.8689,45.7335],[-87.835,45.7151],[-87.8026,45.687],[-87.8207,45.6527],[-87.7966,45.622],[-87.7914,45.5954],[-87.7978,45.5814],[-87.8157,45.5745],[-87.8213,45.5614],[-87.8038,45.51],[-87.8119,45.4847],[-87.8285,45.4676],[-87.8614,45.4499],[-87.8684,45.4402],[-87.8692,45.4048],[-87.8822,45.3774],[-87.8583,45.3576],[-87.8146,45.3634],[-87.7685,45.3596],[-87.6951,45.3874],[-87.6758,45.385],[-87.6548,45.3614],[-87.6538,45.3512],[-87.682,45.3246],[-87.707,45.2841],[-87.7267,45.2438],[-87.7348,45.1993],[-87.7267,45.1828],[-87.6881,45.152],[-87.6704,45.1305],[-87.6536,45.1208],[-87.5427,45.0895],[-87.436,45.079],[-87.4033,45.205],[-87.3117,45.2426],[-87.2443,45.2888],[-87.1988,45.3228],[-87.1661,45.3555],[-87.1317,45.3997],[-87.0924,45.4438],[-87.0319,45.4422],[-86.9223,45.4422],[-86.7636,45.4438],[-86.7424,45.4373],[-86.6787,45.4091],[-86.6403,45.3949],[-86.4145,45.3013],[-86.2868,45.249],[-86.2506,45.2361],[-86.3144,45.1935],[-86.3733,45.1608],[-86.4486,45.115],[-86.4977,45.0757],[-86.5359,45.0405],[-86.595,44.9906],[-86.6376,44.9448],[-86.67,44.894],[-86.7146,44.8452],[-86.7469,44.7685],[-86.8127,44.6478],[-86.8519,44.5628],[-86.8912,44.4662],[-86.9288,44.3664],[-86.953,44.2791],[-86.9999,44.1677],[-87.0286,44.0711],[-87.0614,43.9696],[-87.1144,43.7652],[-87.1322,43.5739],[-87.1472,43.3799],[-87.1448,43.334],[-87.1317,43.2366],[-87.0924,42.9912],[-87.0663,42.8047],[-87.0483,42.7024],[-87.0401,42.6271],[-87.0188,42.4962],[-87.0673,42.342],[-87.0908,42.2489],[-87.137,42.0561],[-87.1913,41.8313],[-87.2077,41.7597],[-86.8136,41.7596],[-86.5032,41.7594],[-86.2705,41.7593],[-85.8825,41.7592],[-85.5722,41.759],[-85.2618,41.7589],[-84.8061,41.7583],[-84.8061,41.6968],[-84.6412,41.7021],[-84.4735,41.7042],[-84.3886,41.7073],[-84.3032,41.7073],[-84.1396,41.7125],[-84.0547,41.7166],[-83.8895,41.7197],[-83.64,41.7291],[-83.5546,41.7291],[-83.4138,41.7353],[-83.1309,41.938],[-83.157,42.0004],[-83.1595,42.0463],[-83.1396,42.1159],[-83.1359,42.2003],[-83.1285,42.24],[-83.1098,42.2723],[-83.08,42.3051],[-83.0404,42.3319],[-82.9435,42.3555],[-82.8328,42.398],[-82.8001,42.418],[-82.6944,42.5191],[-82.6443,42.5578],[-82.6085,42.5611],[-82.5758,42.5718],[-82.5492,42.5909],[-82.5262,42.6199],[-82.5113,42.6467],[-82.4834,42.7193],[-82.4713,42.7798],[-82.4736,42.7982],[-82.4853,42.8185],[-82.468,42.864],[-82.4532,42.919],[-82.4304,42.9513],[-82.4146,42.9832],[-82.4164,43.0171],[-82.4111,43.0513],[-82.3145,43.2382],[-82.1536,43.5496],[-82.1457,43.5764],[-82.1476,43.6113],[-82.1956,43.8217],[-82.2437,44.0319],[-82.2918,44.2422],[-82.3399,44.4524],[-82.3879,44.6627],[-82.436,44.873],[-82.4841,45.0832],[-82.5321,45.2935],[-82.5483,45.3346],[-82.5888,45.3718],[-82.7594,45.4472],[-83.019,45.5619],[-83.1993,45.6416],[-83.3593,45.7158],[-83.484,45.7719],[-83.6369,45.7739],[-83.5562,45.8697],[-83.4659,45.9931],[-83.4628,46.0078],[-83.4741,46.0231],[-83.5654,46.0908],[-83.6139,46.1156],[-83.6648,46.1192],[-83.7665,46.1065],[-83.8393,46.1192],[-83.8727,46.1079],[-83.9307,46.067],[-83.9646,46.0632],[-83.9958,46.1012],[-84.0142,46.116],[-84.021,46.1516],[-84.0558,46.1714],[-84.0868,46.2012],[-84.0968,46.2248],[-84.0992,46.2509],[-84.1191,46.3142],[-84.1054,46.3477],[-84.1477,46.3999],[-84.1588,46.4333],[-84.1104,46.5265],[-84.1477,46.5413],[-84.1973,46.5464],[-84.3053,46.5016],[-84.3525,46.5227],[-84.3897,46.5203],[-84.4232,46.5116],[-84.4922,46.4569],[-84.5123,46.4516],[-84.5413,46.4528],[-84.5894,46.4751],[-84.7733,46.6334],[-84.7875,46.6572],[-84.8542,46.8612],[-84.8787,46.8979],[-85.0087,46.956],[-85.1337,47.0078],[-85.5086,47.1632],[-85.7586,47.2668],[-86.0086,47.3704],[-86.2181,47.4549],[-86.6371,47.6241],[-86.8466,47.7087],[-87.0342,47.7825],[-87.4093,47.93],[-87.7845,48.0774],[-88.1597,48.2249],[-88.3473,48.2987],[-88.3765,48.3051],[-88.4079,48.3041],[-88.5789,48.2704],[-88.6427,48.2566],[-88.9046,48.1543],[-89.3404,47.9842],[-89.3871,47.9805],[-89.4618,47.9945],[-89.499,47.9951]]]},"properties":{"name":"Michigan","name_en":"Michigan","name_ja":"ミシガン州","name_zh":"密歇根州","name_ko":"미시간","adm0_a3":"USA","postal":"MI","iso_3166_2":"US-MI","type_en":"State","region":"Midwest","geonunit":"United States of America"}},
{"type":"Feature","geometry":{"type":"Polygon","coordinates":[[[-83.1309,41.938],[-83.4138,41.7353],[-83.5546,41.7291],[-83.64,41.7291],[-83.8895,41.7197],[-84.0547,41.7166],[-84.1396,41.7125],[-84.3032,41.7073],[-84.3886,41.7073],[-84.4735,41.7042],[-84.6412,41.7021],[-84.8061,41.6968],[-84.8061,41.537],[-84.8042,41.3687],[-84.8004,41.2937],[-84.8021,41.131],[-84.8055,40.8056],[-84.8089,40.4803],[-84.8107,40.3176],[-84.8141,39.9922],[-84.8166,39.7482],[-84.8201,39.4228],[-84.8235,39.0974],[-84.7676,39.1245],[-84.7422,39.1438],[-84.7211,39.1428],[-84.7084,39.1279],[-84.6883,39.118],[-84.6372,39.0773],[-84.5947,39.0741],[-84.5086,39.1048],[-84.4659,39.1115],[-84.4442,39.1018],[-84.4195,39.065],[-84.4082,39.0568],[-84.3641,39.0469],[-84.3219,39.0295],[-84.2965,39],[-84.2833,38.95],[-84.2474,38.9197],[-84.2315,38.8853],[-84.227,38.8408],[-84.2176,38.8235],[-84.1956,38.8106],[-84.084,38.7778],[-84.0619,38.7757],[-83.9725,38.7893],[-83.9489,38.7867],[-83.9084,38.7717],[-83.8659,38.7622],[-83.8217,38.7136],[-83.7539,38.6598],[-83.7143,38.6385],[-83.6708,38.631],[-83.6507,38.636],[-83.6209,38.6642],[-83.6162,38.6829],[-83.6049,38.6894],[-83.5343,38.7074],[-83.4915,38.6991],[-83.4468,38.6721],[-83.4114,38.6726],[-83.3687,38.6598],[-83.349,38.6458],[-83.3251,38.6149],[-83.3051,38.6014],[-83.2691,38.6081],[-83.2418,38.6233],[-83.2184,38.6248],[-83.1726,38.6181],[-83.1515,38.6189],[-83.1336,38.6279],[-83.1152,38.6588],[-83.1019,38.6714],[-83.075,38.6794],[-83.031,38.7159],[-82.985,38.7241],[-82.9242,38.7483],[-82.8982,38.7516],[-82.8863,38.7448],[-82.88,38.6911],[-82.8559,38.6248],[-82.8266,38.5865],[-82.7831,38.5672],[-82.7366,38.5545],[-82.6982,38.5355],[-82.6262,38.4777],[-82.5894,38.4193],[-82.5527,38.4055],[-82.509,38.4091],[-82.4245,38.4331],[-82.3495,38.4379],[-82.3317,38.4436],[-82.3095,38.4787],[-82.2882,38.5666],[-82.2771,38.5883],[-82.2631,38.5975],[-82.2151,38.592],[-82.1927,38.5953],[-82.1775,38.6118],[-82.1832,38.6481],[-82.1925,38.6655],[-82.1843,38.69],[-82.1875,38.7153],[-82.2116,38.7627],[-82.2087,38.786],[-82.1728,38.8083],[-82.1433,38.8582],[-82.1365,38.8992],[-82.1207,38.93],[-82.0922,38.9686],[-82.0584,39.0032],[-82.0266,39.0221],[-82.003,39.0217],[-81.9689,39.0008],[-81.9374,38.9906],[-81.924,38.9785],[-81.9042,38.9363],[-81.9276,38.8928],[-81.9017,38.8742],[-81.88,38.8832],[-81.8485,38.9134],[-81.8348,38.9494],[-81.8121,38.951],[-81.7836,38.9327],[-81.764,38.9372],[-81.7645,38.9488],[-81.7802,38.9811],[-81.7771,39.035],[-81.8105,39.0569],[-81.8189,39.0762],[-81.7624,39.0961],[-81.7546,39.1053],[-81.7551,39.1653],[-81.7461,39.1934],[-81.6981,39.2371],[-81.6824,39.271],[-81.6375,39.2762],[-81.6157,39.2828],[-81.581,39.2753],[-81.5694,39.2877],[-81.5623,39.3264],[-81.5543,39.3442],[-81.4789,39.4006],[-81.4632,39.4065],[-81.4205,39.4063],[-81.4112,39.3985],[-81.3884,39.3622],[-81.3687,39.351],[-81.345,39.3535],[-81.3102,39.3789],[-81.2269,39.3985],[-81.2116,39.4063],[-81.1656,39.4423],[-81.1258,39.4537],[-81.0875,39.5019],[-81.0553,39.53],[-80.9442,39.5981],[-80.8752,39.6288],[-80.8616,39.6664],[-80.8626,39.6824],[-80.8411,39.7011],[-80.839,39.7337],[-80.8653,39.7592],[-80.871,39.7712],[-80.8411,39.7905],[-80.8281,39.8309],[-80.7943,39.8769],[-80.8064,39.9096],[-80.802,39.925],[-80.778,39.9183],[-80.7587,39.9294],[-80.7654,39.9537],[-80.7413,39.9968],[-80.7391,40.0608],[-80.7244,40.1045],[-80.6944,40.1575],[-80.6871,40.1931],[-80.6568,40.2554],[-80.6146,40.2864],[-80.6006,40.3233],[-80.6084,40.359],[-80.6084,40.3795],[-80.6289,40.3864],[-80.6271,40.4097],[-80.6067,40.4489],[-80.6015,40.4714],[-80.6141,40.5037],[-80.6363,40.5372],[-80.6695,40.5716],[-80.6768,40.5888],[-80.6664,40.6089],[-80.6483,40.6194],[-80.5973,40.6266],[-80.5804,40.6191],[-80.5357,40.6435],[-80.5202,40.6468],[-80.5202,40.8564],[-80.5202,41.171],[-80.5202,41.3807],[-80.5202,41.6952],[-80.5202,41.9049],[-80.5202,42.1146],[-80.5202,42.3238],[-80.7617,42.287],[-81.0192,42.2478],[-81.2767,42.2087],[-81.5637,42.0757],[-81.8507,41.9427],[-81.9942,41.8762],[-82.2814,41.7433],[-82.4249,41.6768],[-82.4513,41.6719],[-82.6669,41.6691],[-82.7111,41.6802],[-83.0684,41.8477],[-83.0974,41.8758],[-83.1309,41.938]]]},"properties":{"name":"Ohio","name_en":"Ohio","name_ja":"オハイオ州","name_zh":"俄亥俄州","name_ko":"오하이오","adm0_a3":"USA","postal":"OH","iso_3166_2":"US-OH","type_en":"State","region":"Midwest","geonunit":"United States of America"}},
{"type":"Feature","geometry":{"type":"Polygon","coordinates":[[[-80.5202,42.3238],[-80.5202,42.1146],[-80.5202,41.9049],[-80.5202,41.6952],[-80.5202,41.3807],[-80.5202,41.171],[-80.5202,40.8564],[-80.5202,40.6468],[-80.52,40.4014],[-80.5197,40.0804],[-80.5194,39.7215],[-80.2589,39.7215],[-79.8682,39.7216],[-79.4774,39.7218],[-79.1313,39.7217],[-78.785,39.7217],[-78.4388,39.7216],[-78.2081,39.7216],[-77.8618,39.7216],[-77.6311,39.7215],[-77.4003,39.7215],[-77.1695,39.7215],[-76.9386,39.7214],[-76.7079,39.7214],[-76.3617,39.7213],[-76.1309,39.7213],[-75.7886,39.7213],[-75.7753,39.7226],[-75.7585,39.7518],[-75.7311,39.7823],[-75.6779,39.8152],[-75.6521,39.8253],[-75.6013,39.8378],[-75.5293,39.8378],[-75.4949,39.8332],[-75.4245,39.8066],[-75.3917,39.8396],[-75.3589,39.8483],[-75.2974,39.8717],[-75.2731,39.8641],[-75.2487,39.8673],[-75.2079,39.8854],[-75.1478,39.9026],[-75.1334,39.9127],[-75.1387,39.9336],[-75.1329,39.9561],[-75.1197,39.9742],[-75.08,39.9864],[-75.0465,40.0091],[-75.0236,40.0163],[-74.9751,40.0363],[-74.9358,40.0703],[-74.9204,40.0779],[-74.8726,40.0909],[-74.8378,40.1149],[-74.7699,40.1298],[-74.741,40.1437],[-74.7286,40.1632],[-74.7394,40.1849],[-74.7647,40.2063],[-74.818,40.2417],[-74.8492,40.2713],[-74.8955,40.3234],[-74.9477,40.359],[-74.9615,40.3976],[-74.9745,40.4146],[-75.0137,40.4033],[-75.0359,40.4152],[-75.0644,40.454],[-75.0716,40.5319],[-75.0888,40.5583],[-75.1395,40.5707],[-75.1695,40.5663],[-75.1822,40.5704],[-75.1957,40.6191],[-75.1911,40.6291],[-75.1948,40.6607],[-75.1909,40.6779],[-75.1982,40.7005],[-75.1805,40.7426],[-75.1887,40.7585],[-75.1765,40.7658],[-75.1607,40.7904],[-75.1423,40.784],[-75.1219,40.7857],[-75.1054,40.7956],[-75.0934,40.8381],[-75.0677,40.8551],[-75.0576,40.8723],[-75.0612,40.8915],[-75.1045,40.9398],[-75.12,40.9428],[-75.1197,40.9549],[-75.1395,40.9822],[-75.1288,40.9981],[-75.0827,41.0258],[-75.0457,41.0352],[-75.027,41.0468],[-74.9862,41.086],[-74.9825,41.102],[-74.9382,41.1276],[-74.8863,41.1808],[-74.8626,41.2248],[-74.8447,41.273],[-74.7907,41.3112],[-74.7801,41.3279],[-74.7509,41.3408],[-74.7184,41.3447],[-74.699,41.3563],[-74.7045,41.3761],[-74.7491,41.4347],[-74.7809,41.4289],[-74.8132,41.4469],[-74.8621,41.4445],[-74.8863,41.4483],[-74.9226,41.4786],[-74.9672,41.4869],[-74.9979,41.5138],[-75.0484,41.596],[-75.0639,41.6157],[-75.0576,41.6879],[-75.0713,41.7258],[-75.0514,41.7531],[-75.0559,41.7749],[-75.0679,41.784],[-75.106,41.7972],[-75.0789,41.8281],[-75.1012,41.8362],[-75.1156,41.855],[-75.1428,41.8624],[-75.1774,41.8797],[-75.2326,41.8729],[-75.2491,41.8824],[-75.2631,41.948],[-75.3155,41.9702],[-75.3394,41.984],[-75.339,41.9974],[-75.7815,41.9976],[-76.0536,41.9978],[-76.3257,41.998],[-76.5977,41.9981],[-76.8698,41.9983],[-77.1419,41.9984],[-77.4139,41.9986],[-77.686,41.9988],[-78.0941,41.999],[-78.5022,41.9992],[-78.9103,41.9994],[-79.1824,41.9996],[-79.4545,41.9998],[-79.7629,41.9999],[-79.763,42.2376],[-79.763,42.5377],[-79.9398,42.4748],[-80.2466,42.3655],[-80.5202,42.3238]]]},"properties":{"name":"Pennsylvania","name_en":"Pennsylvania","name_ja":"ペンシルベニア州","name_zh":"宾夕法尼亚州","name_ko":"펜실베이니아","adm0_a3":"USA","postal":"PA","iso_3166_2":"US-PA","type_en":"State","region":"Northeast","geonunit":"United States of America"}},
{"type":"Feature","geometry":{"type":"MultiPolygon","coordinates":[[[[-79.763,42.5377],[-79.763,42.2376],[-79.7629,41.9999],[-79.4545,41.9998],[-79.1824,41.9996],[-78.9103,41.9994],[-78.5022,41.9992],[-78.0941,41.999],[-77.686,41.9988],[-77.4139,41.9986],[-77.1419,41.9984],[-76.8698,41.9983],[-76.5977,41.9981],[-76.3257,41.998],[-76.0536,41.9978],[-75.7815,41.9976],[-75.339,41.9974],[-75.3394,41.984],[-75.3155,41.9702],[-75.2631,41.948],[-75.2491,41.8824],[-75.2326,41.8729],[-75.1774,41.8797],[-75.1428,41.8624],[-75.1156,41.855],[-75.1012,41.8362],[-75.0789,41.8281],[-75.106,41.7972],[-75.0679,41.784],[-75.0559,41.7749],[-75.0514,41.7531],[-75.0713,41.7258],[-75.0576,41.6879],[-75.0639,41.6157],[-75.0484,41.596],[-74.9979,41.5138],[-74.9672,41.4869],[-74.9226,41.4786],[-74.8863,41.4483],[-74.8621,41.4445],[-74.8132,41.4469],[-74.7809,41.4289],[-74.7491,41.4347],[-74.7045,41.3761],[-74.699,41.3563],[-74.402,41.2192],[-74.105,41.0821],[-73.9071,40.9908],[-73.9064,41.0163],[-73.9206,41.102],[-73.9179,41.1635],[-73.9523,41.1893],[-73.9702,41.2191],[-73.985,41.2696],[-73.982,41.2838],[-73.9473,41.3111],[-73.9451,41.291],[-73.957,41.2578],[-73.9405,41.236],[-73.8957,41.2032],[-73.8859,41.1876],[-73.8753,41.1533],[-73.8716,41.1155],[-73.8722,41.0336],[-73.8895,40.9722],[-73.898,40.9305],[-73.9219,40.8868],[-73.9088,40.8686],[-73.9323,40.8256],[-73.9268,40.8048],[-73.8938,40.8039],[-73.866,40.8118],[-73.7977,40.8132],[-73.8199,40.8391],[-73.8117,40.871],[-73.7882,40.8718],[-73.7644,40.9101],[-73.7108,40.953],[-73.677,40.9548],[-73.6531,40.9821],[-73.6429,41.0011],[-73.6554,41.0278],[-73.6689,41.038],[-73.723,41.1035],[-73.5,41.2088],[-73.4841,41.2179],[-73.5447,41.2949],[-73.5195,41.5917],[-73.4962,41.8694],[-73.4805,42.0545],[-73.5072,42.079],[-73.4354,42.2783],[-73.3307,42.5672],[-73.2655,42.7456],[-73.2762,42.7461],[-73.2881,42.7974],[-73.2801,42.8121],[-73.2665,42.8637],[-73.2569,43.2023],[-73.247,43.552],[-73.2772,43.5779],[-73.2914,43.6139],[-73.3014,43.6238],[-73.3394,43.6286],[-73.3572,43.6218],[-73.3808,43.5807],[-73.4086,43.5708],[-73.4235,43.5946],[-73.4254,43.6285],[-73.4207,43.6485],[-73.3683,43.7477],[-73.3654,43.7979],[-73.3864,43.8268],[-73.3796,43.8817],[-73.4008,43.9201],[-73.4101,43.9637],[-73.41,44.0062],[-73.4168,44.0258],[-73.4385,44.0528],[-73.4244,44.0804],[-73.3898,44.1608],[-73.3829,44.1955],[-73.3733,44.2107],[-73.3298,44.2348],[-73.3208,44.2527],[-73.3188,44.3038],[-73.3327,44.3487],[-73.3327,44.3638],[-73.3079,44.4017],[-73.2966,44.4303],[-73.2947,44.4697],[-73.3102,44.5002],[-73.3528,44.552],[-73.3667,44.574],[-73.3773,44.6187],[-73.3761,44.6525],[-73.3598,44.6907],[-73.3565,44.7249],[-73.3372,44.7809],[-73.3378,44.8012],[-73.3756,44.8441],[-73.3745,44.8746],[-73.3486,44.9127],[-73.3369,44.9407],[-73.3373,44.9553],[-73.3513,45.0046],[-73.6984,45.0029],[-73.9976,45.0014],[-74.3966,44.9995],[-74.6959,44.998],[-74.7416,44.9989],[-74.8685,45.0101],[-74.9037,45.0052],[-74.9402,44.9877],[-74.9986,44.9724],[-75.0587,44.941],[-75.1296,44.9252],[-75.2702,44.8638],[-75.456,44.7418],[-75.6997,44.5817],[-75.7546,44.5276],[-75.8309,44.4643],[-75.8557,44.422],[-75.8703,44.4086],[-76.0673,44.348],[-76.1498,44.3045],[-76.1787,44.2786],[-76.1693,44.2424],[-76.1858,44.2257],[-76.2066,44.2174],[-76.3172,44.1851],[-76.3371,44.1737],[-76.3501,44.1517],[-76.43,44.1033],[-76.4546,44.0842],[-76.583,43.9196],[-76.7972,43.6453],[-76.8415,43.6255],[-77.3032,43.6271],[-77.534,43.6279],[-77.9957,43.6294],[-78.4573,43.631],[-78.6881,43.6318],[-78.7508,43.6171],[-79.1743,43.4645],[-79.0916,43.3425],[-79.0584,43.2778],[-79.0538,43.2604],[-79.0486,43.1706],[-79.0516,43.1469],[-79.0657,43.1202],[-79.0629,43.0965],[-79.0308,43.0668],[-79.022,43.0494],[-79.032,43.0134],[-79.0084,42.991],[-78.9835,42.9761],[-78.9363,42.96],[-78.9153,42.9476],[-78.9091,42.9302],[-78.919,42.8892],[-78.9631,42.8401],[-79.0194,42.8027],[-79.3262,42.6933],[-79.763,42.5377]]],[[[-73.9334,40.7972],[-73.9388,40.8282],[-73.9167,40.8633],[-73.928,40.8775],[-73.9392,40.8542],[-74.0032,40.7559],[-74.0169,40.6993],[-73.9758,40.714],[-73.9722,40.7407],[-73.9334,40.7972]]],[[[-73.2561,40.6391],[-73.2484,40.6477],[-73.2695,40.6493],[-73.3394,40.6446],[-73.3777,40.6346],[-73.5664,40.5903],[-73.5741,40.5751],[-73.3895,40.6168],[-73.3203,40.6351],[-73.2561,40.6391]]],[[[-74.1261,40.6335],[-74.1709,40.6434],[-74.1918,40.6283],[-74.1979,40.585],[-74.2072,40.5603],[-74.2416,40.5392],[-74.2394,40.5169],[-74.2529,40.5074],[-74.243,40.4994],[-74.1924,40.5115],[-74.148,40.5346],[-74.1339,40.5327],[-74.1021,40.5546],[-74.0536,40.6027],[-74.0719,40.6233],[-74.0714,40.638],[-74.0835,40.6495],[-74.1261,40.6335]]],[[[-72.8815,40.7344],[-72.9489,40.7154],[-73.0403,40.682],[-73.1766,40.651],[-73.2553,40.6297],[-73.305,40.6299],[-73.2975,40.6226],[-73.2458,40.6238],[-73.1475,40.6443],[-73.041,40.6726],[-72.9135,40.7129],[-72.8049,40.7508],[-72.7572,40.7601],[-72.7571,40.7688],[-72.7792,40.7668],[-72.8324,40.7477],[-72.8815,40.7344]]],[[[-71.9189,41.0649],[-71.9189,41.0587],[-71.9453,41.0735],[-71.9581,41.0697],[-71.9588,41.0463],[-71.9927,41.0496],[-72.0117,41.0421],[-72.0499,41.0177],[-72.109,41.0014],[-72.1554,41.055],[-72.18,41.0471],[-72.1868,41.0092],[-72.2138,41.0398],[-72.2337,41.0441],[-72.2486,41.0176],[-72.2634,41.0155],[-72.2701,41.0024],[-72.2985,41.006],[-72.3067,41.0355],[-72.3321,41.0307],[-72.3211,41.0059],[-72.3265,40.9992],[-72.3672,40.9946],[-72.4082,40.9506],[-72.441,40.943],[-72.4571,40.9103],[-72.4808,40.8979],[-72.5014,40.8974],[-72.5636,40.9124],[-72.5843,40.9004],[-72.6029,40.9084],[-72.6246,40.9078],[-72.6159,40.9277],[-72.58,40.9329],[-72.5431,40.9566],[-72.5436,40.9666],[-72.5207,40.9852],[-72.4725,40.9904],[-72.4549,41.0037],[-72.4377,40.9842],[-72.4388,41.016],[-72.4311,41.0304],[-72.3905,41.0315],[-72.3851,41.0445],[-72.4153,41.0544],[-72.4123,41.0649],[-72.3436,41.1142],[-72.3044,41.1319],[-72.2895,41.1133],[-72.2602,41.125],[-72.2417,41.1468],[-72.26,41.1608],[-72.2895,41.1612],[-72.3434,41.1407],[-72.383,41.1089],[-72.4129,41.0898],[-72.4452,41.0858],[-72.4717,41.056],[-72.5413,41.0238],[-72.6061,40.9899],[-72.6283,40.9836],[-72.6961,40.981],[-72.7811,40.9651],[-72.8301,40.9692],[-72.9004,40.9633],[-73.009,40.9671],[-73.0484,40.963],[-73.0846,40.9693],[-73.0821,40.9516],[-73.1044,40.9488],[-73.0987,40.9695],[-73.1131,40.9735],[-73.1528,40.9625],[-73.1481,40.9456],[-73.1595,40.9302],[-73.1787,40.919],[-73.2246,40.9083],[-73.2634,40.9136],[-73.2932,40.9247],[-73.3741,40.9361],[-73.3798,40.947],[-73.4019,40.9544],[-73.41,40.9399],[-73.3996,40.9254],[-73.3606,40.9251],[-73.3583,40.9004],[-73.3887,40.906],[-73.4203,40.9004],[-73.4408,40.9147],[-73.4313,40.9333],[-73.4621,40.9364],[-73.4857,40.9456],[-73.4941,40.9271],[-73.4691,40.9013],[-73.4798,40.8772],[-73.4934,40.892],[-73.5076,40.8936],[-73.5113,40.8773],[-73.535,40.8786],[-73.5491,40.891],[-73.5286,40.8917],[-73.5127,40.9051],[-73.5205,40.9176],[-73.5653,40.9145],[-73.6327,40.8996],[-73.6534,40.8678],[-73.6461,40.8309],[-73.6533,40.8239],[-73.6744,40.8568],[-73.7053,40.8667],[-73.7202,40.8662],[-73.7331,40.8437],[-73.7004,40.8336],[-73.6969,40.8219],[-73.7146,40.8048],[-73.7398,40.8343],[-73.7555,40.8328],[-73.7643,40.81],[-73.7501,40.7913],[-73.7575,40.7711],[-73.779,40.7922],[-73.8231,40.7974],[-73.8609,40.7764],[-73.9086,40.7887],[-73.9302,40.7731],[-73.9568,40.7432],[-73.9693,40.7087],[-73.9977,40.6961],[-74.0155,40.6778],[-74.0128,40.6647],[-74.0358,40.6389],[-74.04,40.6198],[-74.03,40.6055],[-73.9981,40.5896],[-74.0117,40.5793],[-73.9881,40.5694],[-73.9416,40.5746],[-73.9264,40.5837],[-73.8778,40.5821],[-73.8929,40.6143],[-73.8913,40.6236],[-73.8688,40.6401],[-73.8296,40.6488],[-73.7981,40.6381],[-73.7688,40.6185],[-73.7898,40.6003],[-73.8505,40.5809],[-73.9395,40.5555],[-73.9395,40.542],[-73.8126,40.5837],[-73.768,40.5896],[-73.7073,40.5828],[-73.5818,40.5845],[-73.5755,40.5932],[-73.7104,40.5951],[-73.7109,40.6102],[-73.6958,40.6215],[-73.6679,40.626],[-73.6554,40.618],[-73.6644,40.6038],[-73.6529,40.6014],[-73.6272,40.6144],[-73.5611,40.638],[-73.5045,40.6438],[-73.3722,40.6624],[-73.3175,40.6836],[-73.275,40.6869],[-73.2333,40.7145],[-73.2119,40.7056],[-73.158,40.6997],[-73.1454,40.7052],[-73.1404,40.7262],[-73.1294,40.7301],[-73.0991,40.7204],[-73.0334,40.7314],[-73.0122,40.7496],[-72.9468,40.7419],[-72.9263,40.7564],[-72.8893,40.7656],[-72.8791,40.7457],[-72.8528,40.7494],[-72.8179,40.7684],[-72.8136,40.7816],[-72.7652,40.7831],[-72.727,40.8078],[-72.7003,40.7996],[-72.6505,40.7975],[-72.7379,40.7738],[-72.724,40.7704],[-72.6053,40.8013],[-72.5418,40.8205],[-72.4908,40.8469],[-72.5006,40.876],[-72.4847,40.8874],[-72.4474,40.8791],[-72.4608,40.8526],[-72.4067,40.8621],[-72.0871,40.9834],[-72.0089,41.0074],[-71.9295,41.0378],[-71.885,41.0454],[-71.8574,41.0717],[-71.9033,41.0847],[-71.9309,41.0788],[-71.9189,41.0649]]],[[[-71.9987,41.2517],[-71.9702,41.2736],[-71.928,41.282],[-71.9207,41.2914],[-71.994,41.2831],[-72.0034,41.267],[-72.0221,41.2769],[-72.0388,41.2494],[-71.9987,41.2517]]],[[[-72.3416,41.0907],[-72.3724,41.0686],[-72.3713,41.055],[-72.3588,41.0458],[-72.3177,41.0488],[-72.2755,41.0318],[-72.2824,41.0479],[-72.2805,41.0789],[-72.3052,41.0842],[-72.3278,41.1051],[-72.3416,41.0907]]],[[[-72.131,41.1205],[-72.1281,41.1092],[-72.1415,41.0968],[-72.1081,41.0905],[-72.1008,41.0542],[-72.0815,41.0749],[-72.0784,41.1],[-72.1091,41.1069],[-72.131,41.1205]]]]},"properties":{"name":"New York","name_en":"New York","name_ja":"ニューヨーク州","name_zh":"纽约州","name_ko":"뉴욕","adm0_a3":"USA","postal":"NY","iso_3166_2":"US-NY","type_en":"State","region":"Northeast","geonunit":"United States of America"}},
{"type":"Feature","geometry":{"type":"Polygon","coordinates":[[[-73.3513,45.0046],[-73.3373,44.9553],[-73.3369,44.9407],[-73.3486,44.9127],[-73.3745,44.8746],[-73.3756,44.8441],[-73.3378,44.8012],[-73.3372,44.7809],[-73.3565,44.7249],[-73.3598,44.6907],[-73.3761,44.6525],[-73.3773,44.6187],[-73.3667,44.574],[-73.3528,44.552],[-73.3102,44.5002],[-73.2947,44.4697],[-73.2966,44.4303],[-73.3079,44.4017],[-73.3327,44.3638],[-73.3327,44.3487],[-73.3188,44.3038],[-73.3208,44.2527],[-73.3298,44.2348],[-73.3733,44.2107],[-73.3829,44.1955],[-73.3898,44.1608],[-73.4244,44.0804],[-73.4385,44.0528],[-73.4168,44.0258],[-73.41,44.0062],[-73.4101,43.9637],[-73.4008,43.9201],[-73.3796,43.8817],[-73.3864,43.8268],[-73.3654,43.7979],[-73.3683,43.7477],[-73.4207,43.6485],[-73.4254,43.6285],[-73.4235,43.5946],[-73.4086,43.5708],[-73.3808,43.5807],[-73.3572,43.6218],[-73.3394,43.6286],[-73.3014,43.6238],[-73.2914,43.6139],[-73.2772,43.5779],[-73.247,43.552],[-73.2569,43.2023],[-73.2665,42.8637],[-73.2801,42.8121],[-73.2881,42.7974],[-73.2762,42.7461],[-73.2655,42.7456],[-73.0977,42.7442],[-73.0003,42.7413],[-72.9091,42.7416],[-72.4668,42.7293],[-72.4733,42.7585],[-72.4928,42.7792],[-72.5357,42.812],[-72.55,42.8329],[-72.5555,42.878],[-72.5357,42.9144],[-72.5287,42.9579],[-72.5219,42.9755],[-72.4805,42.9892],[-72.471,43.0057],[-72.4668,43.0516],[-72.4493,43.1079],[-72.4469,43.1307],[-72.4531,43.1689],[-72.4469,43.2099],[-72.4353,43.2204],[-72.4401,43.24],[-72.4337,43.2631],[-72.4037,43.3002],[-72.4013,43.3229],[-72.4053,43.3607],[-72.3979,43.5314],[-72.3918,43.5577],[-72.3817,43.572],[-72.347,43.5966],[-72.3248,43.6333],[-72.3159,43.6748],[-72.3125,43.7097],[-72.3063,43.7201],[-72.2135,43.7846],[-72.203,43.8005],[-72.1889,43.8418],[-72.1808,43.8848],[-72.166,43.9056],[-72.1006,43.9733],[-72.0985,43.9806],[-72.1179,44.0009],[-72.1119,44.0168],[-72.0695,44.0726],[-72.0548,44.1045],[-72.0492,44.1429],[-72.0497,44.2309],[-72.0423,44.2817],[-72.0201,44.3177],[-71.9834,44.3392],[-71.9324,44.3463],[-71.8834,44.3448],[-71.8594,44.3477],[-71.8405,44.3572],[-71.7915,44.3985],[-71.7041,44.4383],[-71.678,44.4461],[-71.6518,44.4767],[-71.6177,44.4972],[-71.5983,44.5151],[-71.6006,44.5505],[-71.5935,44.5698],[-71.5589,44.5764],[-71.55,44.5964],[-71.5693,44.6207],[-71.6001,44.6782],[-71.611,44.7107],[-71.635,44.7403],[-71.6307,44.7653],[-71.6062,44.8014],[-71.5146,44.895],[-71.5057,44.9196],[-71.5278,44.9506],[-71.5351,44.9738],[-71.5318,45.0001],[-71.5058,45.0137],[-71.8033,45.0122],[-72.0028,45.0113],[-72.302,45.0098],[-72.6013,45.0083],[-73.0003,45.0064],[-73.3513,45.0046]]]},"properties":{"name":"Vermont","name_en":"Vermont","name_ja":"バーモント州","name_zh":"佛蒙特州","name_ko":"버몬트","adm0_a3":"USA","postal":"VT","iso_3166_2":"US-VT","type_en":"State","region":"Northeast","geonunit":"United States of America"}},
{"type":"Feature","geometry":{"type":"Polygon","coordinates":[[[-71.5058,45.0137],[-71.5318,45.0001],[-71.5351,44.9738],[-71.5278,44.9506],[-71.5057,44.9196],[-71.5146,44.895],[-71.6062,44.8014],[-71.6307,44.7653],[-71.635,44.7403],[-71.611,44.7107],[-71.6001,44.6782],[-71.5693,44.6207],[-71.55,44.5964],[-71.5589,44.5764],[-71.5935,44.5698],[-71.6006,44.5505],[-71.5983,44.5151],[-71.6177,44.4972],[-71.6518,44.4767],[-71.678,44.4461],[-71.7041,44.4383],[-71.7915,44.3985],[-71.8405,44.3572],[-71.8594,44.3477],[-71.8834,44.3448],[-71.9324,44.3463],[-71.9834,44.3392],[-72.0201,44.3177],[-72.0423,44.2817],[-72.0497,44.2309],[-72.0492,44.1429],[-72.0548,44.1045],[-72.0695,44.0726],[-72.1119,44.0168],[-72.1179,44.0009],[-72.0985,43.9806],[-72.1006,43.9733],[-72.166,43.9056],[-72.1808,43.8848],[-72.1889,43.8418],[-72.203,43.8005],[-72.2135,43.7846],[-72.3063,43.7201],[-72.3125,43.7097],[-72.3159,43.6748],[-72.3248,43.6333],[-72.347,43.5966],[-72.3817,43.572],[-72.3918,43.5577],[-72.3979,43.5314],[-72.4053,43.3607],[-72.4013,43.3229],[-72.4037,43.3002],[-72.4337,43.2631],[-72.4401,43.24],[-72.4353,43.2204],[-72.4469,43.2099],[-72.4531,43.1689],[-72.4469,43.1307],[-72.4493,43.1079],[-72.4668,43.0516],[-72.471,43.0057],[-72.4805,42.9892],[-72.5219,42.9755],[-72.5287,42.9579],[-72.5357,42.9144],[-72.5555,42.878],[-72.55,42.8329],[-72.5357,42.812],[-72.4928,42.7792],[-72.4733,42.7585],[-72.4668,42.7293],[-72.1101,42.7205],[-71.8263,42.7136],[-71.5424,42.7066],[-71.3063,42.7009],[-71.2884,42.7049],[-71.2455,42.7367],[-71.1962,42.7522],[-71.1727,42.7863],[-71.1516,42.8097],[-71.123,42.8194],[-71.0833,42.8171],[-71.0608,42.8264],[-71.0225,42.8547],[-70.9256,42.8865],[-70.9045,42.8854],[-70.85,42.8707],[-70.8143,42.8773],[-70.8033,42.9139],[-70.7818,42.9491],[-70.7284,43.0113],[-70.7085,43.0452],[-70.7095,43.0652],[-70.7545,43.059],[-70.7441,43.0838],[-70.8064,43.1367],[-70.8251,43.1615],[-70.8146,43.2089],[-70.8171,43.2399],[-70.828,43.2523],[-70.8667,43.271],[-70.9298,43.3402],[-70.9607,43.3666],[-70.9726,43.3831],[-70.9764,43.415],[-70.9636,43.4507],[-70.9676,43.4907],[-70.9578,43.5622],[-70.9834,43.9133],[-70.999,44.1273],[-71.0186,44.3949],[-71.0303,44.5555],[-71.0498,44.8231],[-71.0654,45.0371],[-71.085,45.3043],[-71.111,45.2871],[-71.1417,45.2523],[-71.1603,45.2458],[-71.2094,45.2548],[-71.2934,45.2923],[-71.3343,45.2887],[-71.3521,45.2783],[-71.3949,45.2415],[-71.4388,45.2335],[-71.449,45.2269],[-71.4066,45.2049],[-71.413,45.1862],[-71.4416,45.1507],[-71.4566,45.111],[-71.4973,45.0666],[-71.5048,45.053],[-71.5058,45.0137]]]},"properties":{"name":"New Hampshire","name_en":"New Hampshire","name_ja":"ニューハンプシャー州","name_zh":"新罕布什尔州","name_ko":"뉴햄프셔","adm0_a3":"USA","postal":"NH","iso_3166_2":"US-NH","type_en":"State","region":"Northeast","geonunit":"United States of America"}},
{"type":"Feature","geometry":{"type":"MultiPolygon","coordinates":[[[[-71.085,45.3043],[-71.0654,45.0371],[-71.0498,44.8231],[-71.0303,44.5555],[-71.0186,44.3949],[-70.999,44.1273],[-70.9834,43.9133],[-70.9578,43.5622],[-70.9676,43.4907],[-70.9636,43.4507],[-70.9764,43.415],[-70.9726,43.3831],[-70.9607,43.3666],[-70.9298,43.3402],[-70.8667,43.271],[-70.828,43.2523],[-70.8171,43.2399],[-70.8146,43.2089],[-70.8251,43.1615],[-70.8064,43.1367],[-70.7441,43.0838],[-70.7313,43.1147],[-70.7147,43.1219],[-70.6871,43.0921],[-70.6719,43.0856],[-70.6601,43.0941],[-70.631,43.1471],[-70.6117,43.173],[-70.5826,43.1886],[-70.5968,43.1955],[-70.5689,43.229],[-70.5831,43.2509],[-70.5817,43.2749],[-70.5705,43.2985],[-70.5619,43.3011],[-70.5195,43.3395],[-70.4787,43.3426],[-70.4545,43.3506],[-70.4036,43.3898],[-70.3763,43.3972],[-70.3664,43.4208],[-70.3216,43.4587],[-70.3626,43.4451],[-70.3707,43.4864],[-70.3564,43.527],[-70.3254,43.5495],[-70.3105,43.5484],[-70.308,43.527],[-70.2926,43.5345],[-70.2715,43.5569],[-70.2527,43.5611],[-70.2602,43.5475],[-70.2049,43.5611],[-70.1981,43.6096],[-70.2109,43.635],[-70.2316,43.6415],[-70.2869,43.6431],[-70.2869,43.6505],[-70.2567,43.6501],[-70.2323,43.6642],[-70.2391,43.7001],[-70.2087,43.7153],[-70.1826,43.7571],[-70.1609,43.7665],[-70.1088,43.8067],[-70.0747,43.8144],[-70.0396,43.8301],[-70.0117,43.8557],[-69.9858,43.8628],[-70.0007,43.8408],[-70.02,43.8286],[-70.0064,43.8271],[-69.9731,43.8471],[-69.9511,43.8491],[-69.9626,43.821],[-70.0095,43.7669],[-70.0275,43.7399],[-70.0089,43.7412],[-69.9829,43.7674],[-69.9728,43.7995],[-69.9421,43.8415],[-69.9307,43.8491],[-69.9263,43.8286],[-69.9927,43.7256],[-69.9785,43.7294],[-69.9707,43.7515],[-69.9511,43.7604],[-69.9101,43.8013],[-69.8948,43.7893],[-69.876,43.8144],[-69.8813,43.844],[-69.9039,43.8566],[-69.8793,43.8706],[-69.8571,43.8657],[-69.863,43.8457],[-69.8446,43.8268],[-69.843,43.8078],[-69.8555,43.7939],[-69.8579,43.7543],[-69.8418,43.7403],[-69.8393,43.7093],[-69.8282,43.6983],[-69.8142,43.7212],[-69.7873,43.7375],[-69.7804,43.7635],[-69.8009,43.8252],[-69.8022,43.8605],[-69.8216,43.961],[-69.832,43.974],[-69.8542,43.9584],[-69.8828,43.9636],[-69.8828,43.9766],[-69.8646,43.9975],[-69.8177,44.0365],[-69.7682,44.0587],[-69.7708,44.0456],[-69.8021,44.0144],[-69.8073,43.9831],[-69.7957,43.9335],[-69.7941,43.8976],[-69.7804,43.8628],[-69.7735,43.8144],[-69.7593,43.8044],[-69.7668,43.7876],[-69.758,43.7595],[-69.745,43.7588],[-69.7307,43.7759],[-69.7073,43.8269],[-69.7047,43.842],[-69.7224,43.8442],[-69.7463,43.8144],[-69.7327,43.8419],[-69.732,43.8696],[-69.7592,43.8864],[-69.7497,43.9007],[-69.657,44.0092],[-69.6296,44.0273],[-69.6151,44.0259],[-69.6364,44.0037],[-69.6569,43.9553],[-69.6526,43.939],[-69.6312,43.9292],[-69.6228,43.9174],[-69.6494,43.9243],[-69.6494,43.8976],[-69.6701,43.8736],[-69.6396,43.8445],[-69.6099,43.8396],[-69.5948,43.8491],[-69.5924,43.8077],[-69.5812,43.8218],[-69.5779,43.8557],[-69.5948,43.8832],[-69.5948,43.9112],[-69.5818,43.9346],[-69.5858,43.9485],[-69.5675,43.9726],[-69.5449,44.0119],[-69.534,44.021],[-69.529,44.0044],[-69.5589,43.9646],[-69.5675,43.9416],[-69.5538,43.9208],[-69.5691,43.8684],[-69.5538,43.8566],[-69.5613,43.8491],[-69.5476,43.8349],[-69.5476,43.8679],[-69.5402,43.8976],[-69.5144,43.8557],[-69.5129,43.8349],[-69.4941,43.8511],[-69.4788,43.8803],[-69.4478,43.9676],[-69.4304,43.9931],[-69.4077,43.9943],[-69.3949,44.0024],[-69.4022,44.0266],[-69.3766,44.0367],[-69.3643,44.0605],[-69.3473,44.0508],[-69.3694,44.0159],[-69.3472,44.0078],[-69.3695,43.9726],[-69.3533,43.9724],[-69.314,43.9863],[-69.3032,43.9812],[-69.3138,43.9543],[-69.3105,43.9416],[-69.2385,44.0074],[-69.2195,44.0085],[-69.2292,43.991],[-69.2596,43.9553],[-69.2634,43.9299],[-69.227,43.9352],[-69.1914,43.9522],[-69.2036,43.9703],[-69.1914,43.9931],[-69.1718,43.9972],[-69.1703,44.0074],[-69.142,43.9987],[-69.1306,44.0117],[-69.1188,44.0409],[-69.0915,44.0438],[-69.0758,44.0525],[-69.0536,44.0893],[-69.0869,44.0867],[-69.0829,44.1153],[-69.0883,44.1365],[-69.0777,44.145],[-69.0536,44.1849],[-69.0362,44.2326],[-69.0216,44.2478],[-68.999,44.2948],[-68.9455,44.3172],[-68.9375,44.332],[-68.9446,44.3488],[-68.9728,44.3838],[-68.9719,44.4058],[-68.9866,44.4212],[-68.9654,44.4319],[-68.9194,44.4414],[-68.8796,44.4685],[-68.8481,44.4729],[-68.8571,44.4561],[-68.8452,44.4538],[-68.8071,44.4729],[-68.8276,44.4791],[-68.8071,44.5344],[-68.8016,44.5603],[-68.7792,44.5617],[-68.7462,44.5549],[-68.7426,44.5373],[-68.773,44.4866],[-68.7766,44.465],[-68.8003,44.4456],[-68.8144,44.418],[-68.8162,44.4021],[-68.7958,44.3926],[-68.7662,44.4245],[-68.7184,44.4456],[-68.7174,44.4316],[-68.6993,44.4097],[-68.7148,44.4053],[-68.742,44.4143],[-68.7662,44.3972],[-68.7543,44.3779],[-68.7628,44.3631],[-68.7898,44.3767],[-68.8039,44.3692],[-68.8208,44.3146],[-68.7918,44.3164],[-68.7562,44.3345],[-68.732,44.3283],[-68.7041,44.3051],[-68.6837,44.2945],[-68.6335,44.2963],[-68.5414,44.2373],[-68.5129,44.2464],[-68.5336,44.2564],[-68.5209,44.28],[-68.526,44.2948],[-68.5559,44.3062],[-68.5602,44.3183],[-68.5418,44.3569],[-68.563,44.4006],[-68.5744,44.4108],[-68.526,44.4056],[-68.5044,44.4134],[-68.4851,44.4319],[-68.4782,44.3872],[-68.4648,44.3898],[-68.4503,44.4108],[-68.4645,44.4343],[-68.4598,44.4621],[-68.4782,44.4934],[-68.4499,44.4937],[-68.4319,44.4866],[-68.4233,44.471],[-68.4267,44.4172],[-68.423,44.4051],[-68.3826,44.4108],[-68.3865,44.4243],[-68.3619,44.4458],[-68.3547,44.4661],[-68.3171,44.4512],[-68.2727,44.4519],[-68.2864,44.4661],[-68.2698,44.4861],[-68.2815,44.4994],[-68.3137,44.5105],[-68.3081,44.529],[-68.2585,44.5207],[-68.2543,44.4935],[-68.2221,44.4663],[-68.2175,44.5008],[-68.202,44.5251],[-68.1936,44.52],[-68.1896,44.4695],[-68.1816,44.4591],[-68.1582,44.461],[-68.1581,44.4968],[-68.1435,44.5],[-68.1394,44.4866],[-68.1115,44.4801],[-68.1124,44.4414],[-68.0975,44.3857],[-68.0884,44.3692],[-68.0666,44.3767],[-68.0764,44.3494],[-68.0605,44.3283],[-68.0195,44.3767],[-68.015,44.3937],[-67.9995,44.3955],[-67.9946,44.3835],[-67.9747,44.3953],[-67.974,44.4135],[-67.9847,44.4456],[-68.0288,44.4685],[-68.0158,44.4729],[-67.9888,44.4665],[-67.9829,44.4942],[-67.9677,44.5008],[-67.9643,44.435],[-67.959,44.4224],[-67.937,44.4086],[-67.937,44.435],[-67.928,44.4683],[-67.9022,44.4866],[-67.915,44.4663],[-67.9235,44.4378],[-67.9213,44.4114],[-67.9022,44.3972],[-67.8996,44.4221],[-67.885,44.4669],[-67.8891,44.4866],[-67.8523,44.4825],[-67.8523,44.5087],[-67.8721,44.5301],[-67.8749,44.5418],[-67.8459,44.5513],[-67.8371,44.5777],[-67.8172,44.5838],[-67.8066,44.5754],[-67.7905,44.5999],[-67.7793,44.5859],[-67.8005,44.5412],[-67.7861,44.5275],[-67.7861,44.5418],[-67.7556,44.5896],[-67.7405,44.5882],[-67.752,44.5381],[-67.7402,44.5104],[-67.7141,44.5008],[-67.6837,44.548],[-67.649,44.5685],[-67.6404,44.5549],[-67.6387,44.5317],[-67.6121,44.5266],[-67.569,44.5387],[-67.575,44.5535],[-67.5671,44.579],[-67.5659,44.6098],[-67.5937,44.6163],[-67.5544,44.6441],[-67.5391,44.6462],[-67.5329,44.6238],[-67.517,44.6349],[-67.4995,44.6238],[-67.5056,44.6095],[-67.4725,44.6031],[-67.4367,44.6095],[-67.4505,44.6194],[-67.4508,44.6477],[-67.4571,44.6647],[-67.4347,44.6592],[-67.4221,44.615],[-67.4094,44.5958],[-67.3821,44.6238],[-67.3672,44.6275],[-67.3821,44.6374],[-67.3713,44.6577],[-67.3957,44.6988],[-67.3733,44.6859],[-67.3474,44.6927],[-67.361,44.6988],[-67.332,44.7095],[-67.3141,44.7007],[-67.311,44.6824],[-67.3269,44.6573],[-67.2805,44.6314],[-67.2585,44.6299],[-67.2691,44.6548],[-67.2511,44.6573],[-67.2244,44.6442],[-67.1965,44.6442],[-67.2039,44.6573],[-67.1692,44.6709],[-67.1132,44.7163],[-67.0941,44.7473],[-67.0866,44.7398],[-67.0736,44.7671],[-67.0326,44.7671],[-66.985,44.8049],[-66.9773,44.8155],[-66.9917,44.8435],[-66.9914,44.8557],[-67.0122,44.8571],[-67.0437,44.894],[-67.0593,44.8974],[-67.042,44.8544],[-67.0436,44.834],[-67.0662,44.8223],[-67.0747,44.8708],[-67.0885,44.8881],[-67.1077,44.8832],[-67.0941,44.8633],[-67.1144,44.8469],[-67.1304,44.8647],[-67.1418,44.8633],[-67.1487,44.8155],[-67.163,44.8667],[-67.2034,44.9049],[-67.1965,44.9186],[-67.1848,44.9168],[-67.1384,44.8907],[-67.1217,44.8946],[-67.1131,44.9156],[-67.1282,44.9254],[-67.1173,44.9484],[-67.1059,44.9458],[-67.0835,44.9254],[-67.0627,44.9314],[-67.0522,44.9613],[-67.0401,44.9732],[-67.052,44.9834],[-67.077,45.021],[-67.1045,45.038],[-67.1112,45.0537],[-67.1003,45.0694],[-67.1282,45.1029],[-67.1521,45.1166],[-67.1724,45.1551],[-67.2039,45.1575],[-67.2044,45.1782],[-67.176,45.1787],[-67.2424,45.2026],[-67.2673,45.2025],[-67.2772,45.1951],[-67.2846,45.1697],[-67.3192,45.1539],[-67.3563,45.1659],[-67.3905,45.1931],[-67.4276,45.2366],[-67.4713,45.2663],[-67.475,45.2824],[-67.4591,45.3184],[-67.4346,45.3503],[-67.4288,45.3871],[-67.4823,45.4555],[-67.4932,45.4931],[-67.4262,45.5334],[-67.4221,45.5688],[-67.4313,45.5979],[-67.45,45.6108],[-67.5519,45.6104],[-67.6075,45.6201],[-67.6603,45.6374],[-67.7048,45.6642],[-67.7174,45.6854],[-67.7355,45.6908],[-67.748,45.6778],[-67.7618,45.6801],[-67.8001,45.6998],[-67.807,45.7129],[-67.8111,45.7665],[-67.8063,45.7818],[-67.7728,45.8281],[-67.7992,45.8757],[-67.7694,45.904],[-67.7597,45.9286],[-67.7828,45.9505],[-67.7846,45.9601],[-67.7897,46.229],[-67.7948,46.4979],[-67.8,46.7668],[-67.8052,47.0356],[-67.8136,47.0819],[-67.8706,47.1074],[-67.8991,47.1388],[-67.9434,47.1645],[-67.9624,47.1977],[-67.9932,47.2232],[-68.0394,47.2452],[-68.1014,47.2862],[-68.1561,47.3067],[-68.197,47.3414],[-68.2464,47.3606],[-68.2997,47.3678],[-68.3478,47.3585],[-68.382,47.3278],[-68.3856,47.3017],[-68.4353,47.2913],[-68.4667,47.3057],[-68.492,47.3076],[-68.5397,47.2999],[-68.5852,47.2825],[-68.6442,47.2453],[-68.7178,47.2452],[-68.7618,47.237],[-68.8897,47.1906],[-68.9062,47.1902],[-69.0402,47.2491],[-69.0575,47.2695],[-69.0651,47.2963],[-69.0662,47.3297],[-69.0543,47.3893],[-69.054,47.4184],[-69.0697,47.4319],[-69.222,47.4597],[-69.2509,47.4529],[-69.2676,47.4398],[-69.4482,47.2603],[-69.6288,47.0808],[-69.8094,46.9013],[-70.0078,46.7041],[-70.0236,46.6613],[-70.0618,46.4454],[-70.0743,46.4195],[-70.1531,46.3728],[-70.1884,46.3584],[-70.2019,46.3055],[-70.2237,46.3008],[-70.2362,46.2883],[-70.2534,46.2515],[-70.2809,46.2119],[-70.2848,46.1919],[-70.2633,46.1832],[-70.2492,46.1628],[-70.244,46.141],[-70.2495,46.1206],[-70.2644,46.1066],[-70.3003,46.0893],[-70.3114,46.0719],[-70.293,46.054],[-70.3061,46.0353],[-70.3169,45.999],[-70.3163,45.983],[-70.3039,45.9686],[-70.2631,45.9568],[-70.2559,45.9489],[-70.2625,45.923],[-70.2832,45.8905],[-70.3127,45.8676],[-70.3898,45.8251],[-70.4099,45.8107],[-70.4172,45.7938],[-70.4039,45.7712],[-70.4074,45.7315],[-70.4391,45.7059],[-70.4728,45.7036],[-70.5147,45.6817],[-70.5724,45.6623],[-70.5896,45.6518],[-70.6868,45.5727],[-70.7303,45.508],[-70.732,45.4916],[-70.7228,45.4709],[-70.7074,45.4564],[-70.6503,45.4275],[-70.6413,45.4085],[-70.6536,45.3955],[-70.6967,45.3887],[-70.718,45.3973],[-70.7525,45.4223],[-70.7719,45.43],[-70.813,45.4234],[-70.8338,45.3931],[-70.8321,45.3286],[-70.8353,45.3098],[-70.8626,45.2904],[-70.8725,45.2742],[-70.8744,45.2457],[-70.8924,45.2346],[-70.9069,45.2462],[-70.9516,45.332],[-70.9681,45.3445],[-70.9932,45.3478],[-71.0165,45.3431],[-71.0544,45.3104],[-71.085,45.3043]]],[[[-69.6641,43.7891],[-69.6523,43.7904],[-69.6471,43.8373],[-69.6732,43.8529],[-69.6888,43.8282],[-69.6849,43.8113],[-69.6641,43.7891]]],[[[-69.6693,43.9558],[-69.6784,43.9675],[-69.7005,43.9272],[-69.7226,43.9076],[-69.7305,43.8907],[-69.7148,43.8594],[-69.7005,43.8699],[-69.681,43.9337],[-69.6693,43.9558]]],[[[-68.6068,44.0886],[-68.6263,44.0912],[-68.651,44.0652],[-68.6627,44.0196],[-68.6562,44.0105],[-68.6081,44.0235],[-68.5989,44.0469],[-68.6068,44.0886]]],[[[-68.8112,44.1485],[-68.8112,44.1693],[-68.8203,44.1785],[-68.8568,44.1811],[-68.9284,44.142],[-68.9427,44.1173],[-68.9375,44.1055],[-68.9193,44.1251],[-68.901,44.1342],[-68.8633,44.1199],[-68.8411,44.1381],[-68.8112,44.1485]]],[[[-68.3906,44.1628],[-68.4167,44.1824],[-68.4388,44.1745],[-68.4596,44.185],[-68.4752,44.1667],[-68.4922,44.1693],[-68.5065,44.1602],[-68.4896,44.1407],[-68.4544,44.1511],[-68.4323,44.129],[-68.4036,44.1342],[-68.3919,44.1459],[-68.3906,44.1628]]],[[[-68.9206,44.237],[-68.901,44.28],[-68.8854,44.2995],[-68.901,44.3113],[-68.9245,44.3074],[-68.9427,44.2904],[-68.9245,44.2813],[-68.9336,44.2357],[-68.9206,44.237]]],[[[-68.4896,44.3477],[-68.4961,44.3764],[-68.5117,44.379],[-68.5247,44.3594],[-68.5299,44.3308],[-68.5221,44.323],[-68.4844,44.3139],[-68.4752,44.3243],[-68.4896,44.3477]]],[[[-68.8685,44.3816],[-68.8841,44.392],[-68.9114,44.366],[-68.9167,44.3321],[-68.9036,44.3191],[-68.8854,44.3308],[-68.8594,44.3581],[-68.8685,44.3816]]],[[[-67.5664,44.461],[-67.5664,44.4792],[-67.5781,44.491],[-67.582,44.5144],[-67.6002,44.5183],[-67.6159,44.5053],[-67.5846,44.4441],[-67.5664,44.461]]],[[[-67.2838,44.6199],[-67.3034,44.6251],[-67.3216,44.6029],[-67.3021,44.5964],[-67.276,44.6029],[-67.2838,44.6199]]],[[[-67.0451,44.9272],[-67.0121,44.8994],[-66.9896,44.8976],[-66.9861,44.9098],[-67.0382,44.9549],[-67.0451,44.9272]]],[[[-68.8481,44.0955],[-68.8841,44.1138],[-68.9016,44.114],[-68.9102,44.0955],[-68.868,44.0794],[-68.8601,44.0652],[-68.8693,44.0484],[-68.8155,44.0319],[-68.7746,44.0619],[-68.773,44.0819],[-68.8481,44.0955]]],[[[-68.6421,44.26],[-68.6675,44.2701],[-68.6905,44.26],[-68.6968,44.2395],[-68.6905,44.2191],[-68.7246,44.2191],[-68.7109,44.1905],[-68.7202,44.1721],[-68.682,44.1526],[-68.6228,44.1713],[-68.6564,44.1992],[-68.6085,44.2128],[-68.6231,44.2499],[-68.6421,44.26]]],[[[-68.2448,44.4245],[-68.274,44.4393],[-68.3159,44.437],[-68.355,44.4233],[-68.3758,44.4041],[-68.3675,44.3864],[-68.4014,44.3718],[-68.4287,44.3257],[-68.4348,44.3],[-68.4124,44.2919],[-68.4085,44.2783],[-68.4236,44.2743],[-68.4141,44.2586],[-68.3801,44.2464],[-68.3684,44.2327],[-68.3478,44.2402],[-68.3413,44.2236],[-68.326,44.2259],[-68.2963,44.2501],[-68.2965,44.2611],[-68.3201,44.2849],[-68.3137,44.3084],[-68.2833,44.2924],[-68.2408,44.2945],[-68.1989,44.3086],[-68.1765,44.3283],[-68.1853,44.357],[-68.2419,44.405],[-68.2448,44.4245]]]]},"properties":{"name":"Maine","name_en":"Maine","name_ja":"メイン州","name_zh":"缅因州","name_ko":"메인","adm0_a3":"USA","postal":"ME","iso_3166_2":"US-ME","type_en":"State","region":"Northeast","geonunit":"United States of America"}},
{"type":"Feature","geometry":{"type":"Polygon","coordinates":[[[-114.7243,32.7128],[-114.7312,32.6866],[-114.7512,32.6522],[-114.7815,32.6281],[-114.8027,32.5945],[-114.7942,32.5741],[-114.7955,32.5522],[-114.8094,32.5113],[-114.8221,32.5002],[-114.3709,32.3607],[-113.9617,32.2341],[-113.5524,32.1076],[-113.1432,31.981],[-112.734,31.8545],[-112.3247,31.728],[-111.9155,31.6014],[-111.5062,31.475],[-111.1974,31.3756],[-111.0671,31.3336],[-111.0063,31.3272],[-110.8206,31.3272],[-110.5216,31.3272],[-110.308,31.3272],[-109.9663,31.3272],[-109.5818,31.3273],[-109.2401,31.3273],[-109.0474,31.3274],[-109.0474,31.6868],[-109.0474,32.041],[-109.0473,32.3952],[-109.0473,32.5723],[-109.0472,32.9265],[-109.0472,33.1036],[-109.0471,33.4578],[-109.0471,33.6349],[-109.0471,33.9891],[-109.0471,34.1662],[-109.0469,34.5204],[-109.0469,34.8746],[-109.0469,35.2288],[-109.0468,35.583],[-109.0468,35.7601],[-109.0467,36.1143],[-109.0467,36.2914],[-109.0466,36.6456],[-109.0466,36.9998],[-109.3587,37],[-109.6708,37.0002],[-109.8268,37.0003],[-110.139,37.0005],[-110.295,37.0006],[-110.6071,37.0008],[-110.7632,37.0009],[-111.0753,37.0012],[-111.2313,37.0012],[-111.5434,37.0015],[-111.8555,37.0017],[-112.0116,37.0018],[-112.3237,37.002],[-112.4797,37.0021],[-112.7918,37.0023],[-113.1039,37.0025],[-113.416,37.0027],[-113.7281,37.0029],[-114.0402,37.0031],[-114.0409,36.7017],[-114.0414,36.4339],[-114.042,36.2198],[-114.0453,36.2005],[-114.0842,36.1576],[-114.1239,36.0459],[-114.1587,36.0297],[-114.2077,36.0232],[-114.2336,36.0244],[-114.2565,36.0325],[-114.2753,36.0457],[-114.2972,36.0705],[-114.3196,36.1111],[-114.3475,36.1398],[-114.3656,36.1472],[-114.3859,36.1465],[-114.4355,36.1277],[-114.464,36.1321],[-114.492,36.1469],[-114.5548,36.1605],[-114.6368,36.1413],[-114.7028,36.1121],[-114.7212,36.0927],[-114.7194,36.0502],[-114.7244,36.0279],[-114.7413,36.0136],[-114.7396,35.9858],[-114.7147,35.9362],[-114.6753,35.8942],[-114.6668,35.8739],[-114.6935,35.8224],[-114.6945,35.7671],[-114.6867,35.7194],[-114.6451,35.6306],[-114.6527,35.6089],[-114.6465,35.5655],[-114.6676,35.517],[-114.6323,35.4287],[-114.6006,35.3767],[-114.5909,35.3529],[-114.5899,35.3005],[-114.5768,35.2526],[-114.5726,35.1912],[-114.5818,35.1513],[-114.5979,35.1434],[-114.6355,35.1372],[-114.6389,35.1235],[-114.6155,35.0965],[-114.6154,35.0731],[-114.6389,35.0478],[-114.6282,35.0036],[-114.617,34.8793],[-114.61,34.8675],[-114.58,34.8569],[-114.5686,34.843],[-114.557,34.815],[-114.555,34.787],[-114.5424,34.7679],[-114.5213,34.757],[-114.4943,34.7536],[-114.4289,34.6429],[-114.4211,34.6343],[-114.4197,34.596],[-114.4077,34.5795],[-114.3837,34.5611],[-114.3788,34.5407],[-114.3672,34.5301],[-114.3771,34.5004],[-114.3729,34.4781],[-114.3638,34.467],[-114.3354,34.4633],[-114.2938,34.4355],[-114.2789,34.4208],[-114.1251,34.3278],[-114.1191,34.2932],[-114.1274,34.2797],[-114.1591,34.2595],[-114.1926,34.2322],[-114.2243,34.1981],[-114.2438,34.1937],[-114.3459,34.1332],[-114.3821,34.1237],[-114.3982,34.1097],[-114.4086,34.0911],[-114.4169,34.0485],[-114.4286,34.0291],[-114.4607,33.9995],[-114.5003,33.9775],[-114.5159,33.9636],[-114.5222,33.9414],[-114.5107,33.9187],[-114.4911,33.8995],[-114.4898,33.8906],[-114.516,33.8691],[-114.5103,33.8041],[-114.4945,33.788],[-114.4945,33.7646],[-114.5032,33.7543],[-114.4881,33.7251],[-114.4947,33.7104],[-114.5173,33.6847],[-114.5222,33.6603],[-114.5224,33.6276],[-114.5345,33.6168],[-114.529,33.5817],[-114.5359,33.5619],[-114.5793,33.5201],[-114.5888,33.4955],[-114.6258,33.4371],[-114.6437,33.4258],[-114.6683,33.4197],[-114.7174,33.4166],[-114.7224,33.3998],[-114.6981,33.3684],[-114.714,33.349],[-114.7235,33.3212],[-114.7213,33.3063],[-114.6901,33.2764],[-114.6832,33.2628],[-114.673,33.205],[-114.6782,33.1616],[-114.6934,33.1241],[-114.6967,33.0894],[-114.6668,33.0542],[-114.6273,33.0409],[-114.5365,33.0354],[-114.5017,33.0194],[-114.4737,32.9853],[-114.4698,32.9726],[-114.4737,32.9406],[-114.458,32.8767],[-114.4607,32.8549],[-114.4721,32.842],[-114.5092,32.8203],[-114.5222,32.8071],[-114.5262,32.7533],[-114.5359,32.7382],[-114.5782,32.7301],[-114.6829,32.7481],[-114.7208,32.7246],[-114.7243,32.7128]]]},"properties":{"name":"Arizona","name_en":"Arizona","name_ja":"アリゾナ州","name_zh":"亚利桑那州","name_ko":"애리조나","adm0_a3":"USA","postal":"AZ","iso_3166_2":"US-AZ","type_en":"State","region":"West","geonunit":"United States of America"}},
{"type":"Feature","geometry":{"type":"MultiPolygon","coordinates":[[[[-114.7243,32.7128],[-114.7208,32.7246],[-114.6829,32.7481],[-114.5782,32.7301],[-114.5359,32.7382],[-114.5262,32.7533],[-114.5222,32.8071],[-114.5092,32.8203],[-114.4721,32.842],[-114.4607,32.8549],[-114.458,32.8767],[-114.4737,32.9406],[-114.4698,32.9726],[-114.4737,32.9853],[-114.5017,33.0194],[-114.5365,33.0354],[-114.6273,33.0409],[-114.6668,33.0542],[-114.6967,33.0894],[-114.6934,33.1241],[-114.6782,33.1616],[-114.673,33.205],[-114.6832,33.2628],[-114.6901,33.2764],[-114.7213,33.3063],[-114.7235,33.3212],[-114.714,33.349],[-114.6981,33.3684],[-114.7224,33.3998],[-114.7174,33.4166],[-114.6683,33.4197],[-114.6437,33.4258],[-114.6258,33.4371],[-114.5888,33.4955],[-114.5793,33.5201],[-114.5359,33.5619],[-114.529,33.5817],[-114.5345,33.6168],[-114.5224,33.6276],[-114.5222,33.6603],[-114.5173,33.6847],[-114.4947,33.7104],[-114.4881,33.7251],[-114.5032,33.7543],[-114.4945,33.7646],[-114.4945,33.788],[-114.5103,33.8041],[-114.516,33.8691],[-114.4898,33.8906],[-114.4911,33.8995],[-114.5107,33.9187],[-114.5222,33.9414],[-114.5159,33.9636],[-114.5003,33.9775],[-114.4607,33.9995],[-114.4286,34.0291],[-114.4169,34.0485],[-114.4086,34.0911],[-114.3982,34.1097],[-114.3821,34.1237],[-114.3459,34.1332],[-114.2438,34.1937],[-114.2243,34.1981],[-114.1926,34.2322],[-114.1591,34.2595],[-114.1274,34.2797],[-114.1191,34.2932],[-114.1251,34.3278],[-114.2789,34.4208],[-114.2938,34.4355],[-114.3354,34.4633],[-114.3638,34.467],[-114.3729,34.4781],[-114.3771,34.5004],[-114.3672,34.5301],[-114.3788,34.5407],[-114.3837,34.5611],[-114.4077,34.5795],[-114.4197,34.596],[-114.4211,34.6343],[-114.4289,34.6429],[-114.4943,34.7536],[-114.5213,34.757],[-114.5424,34.7679],[-114.555,34.787],[-114.557,34.815],[-114.5686,34.843],[-114.58,34.8569],[-114.61,34.8675],[-114.617,34.8793],[-114.6282,35.0036],[-114.8143,35.1464],[-115,35.2891],[-115.1938,35.4378],[-115.3743,35.5795],[-115.5349,35.7057],[-115.6956,35.8319],[-115.8563,35.9581],[-116.0169,36.0843],[-116.1776,36.2104],[-116.3383,36.3366],[-116.4989,36.4627],[-116.6595,36.5889],[-116.8429,36.7267],[-117.0262,36.8645],[-117.2096,37.0023],[-117.3929,37.1401],[-117.5762,37.2779],[-117.7595,37.4158],[-117.9429,37.5535],[-118.1262,37.6913],[-118.3604,37.8548],[-118.5947,38.0183],[-118.8289,38.1818],[-119.0631,38.3453],[-119.2973,38.5088],[-119.5316,38.6723],[-119.7658,38.8357],[-120,38.9992],[-120.0001,39.2518],[-120.0002,39.6182],[-120.0003,39.9845],[-120.0004,40.3509],[-120.0005,40.7173],[-120.0006,41.0836],[-120.0006,41.45],[-120.0007,41.8163],[-120.0008,41.9995],[-120.2623,41.9995],[-120.5239,41.9995],[-120.7854,41.9995],[-121.047,41.9995],[-121.3086,41.9995],[-121.5701,41.9995],[-121.8317,41.9995],[-122.0933,41.9995],[-122.3549,41.9995],[-122.6164,41.9995],[-122.8779,41.9995],[-123.1395,41.9995],[-123.4011,41.9995],[-123.6627,41.9995],[-123.9242,41.9995],[-124.2145,41.9995],[-124.2022,41.9604],[-124.211,41.891],[-124.2188,41.85],[-124.234,41.8132],[-124.2629,41.7764],[-124.2324,41.7624],[-124.2011,41.7393],[-124.1879,41.747],[-124.1595,41.7367],[-124.1385,41.6798],[-124.1399,41.6643],[-124.115,41.6179],[-124.1028,41.6026],[-124.1031,41.5666],[-124.0887,41.5491],[-124.0683,41.5393],[-124.082,41.5215],[-124.0622,41.4359],[-124.0678,41.3989],[-124.0822,41.3418],[-124.0909,41.2895],[-124.1243,41.1818],[-124.1435,41.145],[-124.1629,41.1391],[-124.1606,41.0994],[-124.1469,41.0602],[-124.1346,41.0479],[-124.1114,41.0417],[-124.1104,41.0153],[-124.1338,40.9364],[-124.1766,40.8478],[-124.2168,40.7864],[-124.2328,40.7666],[-124.2233,40.7571],[-124.1997,40.7849],[-124.1936,40.8024],[-124.1704,40.8268],[-124.155,40.8617],[-124.1376,40.8639],[-124.119,40.8519],[-124.1018,40.8584],[-124.0845,40.8484],[-124.0874,40.8252],[-124.1219,40.8074],[-124.1459,40.8096],[-124.1755,40.8036],[-124.1889,40.7906],[-124.2029,40.7452],[-124.2205,40.7372],[-124.2138,40.7014],[-124.2344,40.6919],[-124.2595,40.6984],[-124.2473,40.7279],[-124.2309,40.7501],[-124.2397,40.7587],[-124.2739,40.7],[-124.3116,40.6462],[-124.3058,40.6374],[-124.35,40.5778],[-124.3858,40.5095],[-124.3838,40.5001],[-124.396,40.4654],[-124.4092,40.4438],[-124.3981,40.4158],[-124.3662,40.3775],[-124.3648,40.3447],[-124.3483,40.3189],[-124.3635,40.2615],[-124.3194,40.2246],[-124.2564,40.1844],[-124.22,40.1652],[-124.1853,40.1296],[-124.1158,40.1071],[-124.0874,40.0775],[-124.0805,40.0598],[-124.0804,40.0356],[-124.0694,40.0213],[-124.0585,40.0238],[-124.0335,40.0121],[-124.0012,39.9781],[-123.9789,39.9629],[-123.9556,39.9245],[-123.9307,39.908],[-123.9077,39.8659],[-123.8802,39.8443],[-123.854,39.8335],[-123.8373,39.7829],[-123.8376,39.7616],[-123.8238,39.7178],[-123.8086,39.7118],[-123.796,39.6919],[-123.7865,39.6552],[-123.7868,39.5968],[-123.7694,39.5637],[-123.7698,39.5446],[-123.7986,39.4905],[-123.8165,39.444],[-123.8249,39.3473],[-123.806,39.3241],[-123.8064,39.3048],[-123.7975,39.2977],[-123.8033,39.279],[-123.7905,39.2697],[-123.7678,39.194],[-123.7356,39.159],[-123.7378,39.143],[-123.7216,39.133],[-123.6952,39.0591],[-123.6891,39.0279],[-123.7039,38.9901],[-123.7252,38.9604],[-123.7426,38.9556],[-123.7273,38.9332],[-123.7262,38.9186],[-123.7117,38.9143],[-123.6631,38.8725],[-123.6483,38.8495],[-123.6165,38.8273],[-123.5942,38.8058],[-123.5662,38.7952],[-123.5588,38.783],[-123.5376,38.7723],[-123.5233,38.7467],[-123.4925,38.7365],[-123.4336,38.6868],[-123.414,38.6667],[-123.4011,38.6428],[-123.3695,38.6121],[-123.3659,38.6007],[-123.3417,38.5866],[-123.337,38.5673],[-123.3153,38.5575],[-123.2726,38.529],[-123.2527,38.5107],[-123.1709,38.4792],[-123.1287,38.4493],[-123.1128,38.4206],[-123.087,38.3913],[-123.0684,38.3463],[-123.076,38.3225],[-123.0624,38.2959],[-123.0465,38.312],[-123.0295,38.3127],[-123.0023,38.2949],[-122.9745,38.2662],[-122.9688,38.2371],[-122.9543,38.2314],[-122.9507,38.2173],[-122.9355,38.2155],[-122.8884,38.1546],[-122.8504,38.1107],[-122.8323,38.0959],[-122.8257,38.0721],[-122.8434,38.092],[-122.8915,38.1308],[-122.9256,38.1751],[-122.9853,38.2378],[-122.9932,38.2295],[-122.9648,38.1986],[-122.9649,38.1826],[-122.9503,38.1645],[-122.9496,38.144],[-122.9907,38.0487],[-123.016,38.0007],[-123.0275,37.9945],[-122.9625,37.992],[-122.9803,37.998],[-122.9791,38.0145],[-122.9634,38.0253],[-122.9361,38.0308],[-122.9485,38.0607],[-122.9354,38.0707],[-122.9201,38.0653],[-122.9327,38.0495],[-122.9211,38.0349],[-122.9068,38.0318],[-122.8214,37.9977],[-122.796,37.9755],[-122.7802,37.9481],[-122.7486,37.9326],[-122.7342,37.9201],[-122.7277,37.903],[-122.7004,37.8921],[-122.6724,37.9066],[-122.6452,37.8988],[-122.6207,37.8775],[-122.6013,37.8732],[-122.5737,37.8559],[-122.5284,37.8164],[-122.5026,37.8205],[-122.4704,37.8318],[-122.4781,37.8597],[-122.4993,37.8725],[-122.499,37.8936],[-122.4761,37.8868],[-122.4695,37.867],[-122.4388,37.8821],[-122.449,37.8936],[-122.4743,37.9052],[-122.4762,37.916],[-122.5034,37.9248],[-122.5036,37.9405],[-122.4803,37.9418],[-122.4936,37.9586],[-122.4925,37.9698],[-122.4692,37.9827],[-122.4453,37.9851],[-122.4542,37.9978],[-122.506,38.0172],[-122.4825,38.0769],[-122.4874,38.1048],[-122.5023,38.1135],[-122.4579,38.1177],[-122.4106,38.1338],[-122.3965,38.1532],[-122.3007,38.1082],[-122.2715,38.0745],[-122.1896,38.0614],[-122.1659,38.0545],[-122.1585,38.0434],[-122.1303,38.0421],[-122.1211,38.0599],[-122.0755,38.1005],[-122.069,38.1218],[-122.0552,38.1337],[-122.0162,38.1396],[-122.0003,38.1373],[-121.986,38.1107],[-122.015,38.0985],[-121.9713,38.0749],[-121.955,38.0792],[-121.9083,38.0788],[-121.9288,38.0584],[-121.9167,38.0527],[-121.8825,38.0569],[-121.8618,38.0705],[-121.8461,38.0725],[-121.8031,38.0629],[-121.747,38.0877],[-121.7049,38.1223],[-121.6895,38.1475],[-121.6826,38.1472],[-121.6878,38.1238],[-121.7167,38.0928],[-121.7364,38.0788],[-121.7798,38.0614],[-121.7852,38.0434],[-121.7675,38.0304],[-121.7421,38.0294],[-121.6993,38.0508],[-121.6893,38.0616],[-121.6803,38.0927],[-121.6649,38.0992],[-121.6445,38.0925],[-121.6272,38.1056],[-121.6041,38.1058],[-121.5713,38.0971],[-121.5651,38.0811],[-121.5486,38.0642],[-121.4866,38.0447],[-121.4587,38.0206],[-121.4453,37.9963],[-121.4803,38.0227],[-121.5126,38.0402],[-121.5693,38.0658],[-121.5781,38.0624],[-121.5842,38.0287],[-121.6051,38.0179],[-121.6322,38.0442],[-121.6206,38.0618],[-121.585,38.0627],[-121.5765,38.0743],[-121.5821,38.092],[-121.6067,38.0994],[-121.6377,38.0863],[-121.6711,38.0839],[-121.6855,38.0447],[-121.7206,38.0321],[-121.7231,38.0256],[-121.6948,38.0247],[-121.6814,38.0175],[-121.69,38.0091],[-121.723,38.0111],[-121.7511,38.0194],[-121.7791,38.0155],[-121.8371,38.0231],[-121.8781,38.0343],[-121.888,38.0411],[-121.939,38.0445],[-122.004,38.0561],[-122.0533,38.0531],[-122.0818,38.0479],[-122.1244,38.0292],[-122.1479,38.0236],[-122.1686,38.028],[-122.1862,38.048],[-122.227,38.0584],[-122.2497,38.0554],[-122.2756,38.0391],[-122.277,38.025],[-122.299,38.0112],[-122.336,38.0038],[-122.3663,38.0123],[-122.3596,37.9876],[-122.395,37.9703],[-122.3977,37.9561],[-122.4297,37.9643],[-122.4102,37.9319],[-122.3876,37.9202],[-122.3911,37.9077],[-122.3648,37.9037],[-122.3288,37.9081],[-122.3039,37.8629],[-122.2955,37.8313],[-122.3284,37.821],[-122.3315,37.7824],[-122.2835,37.7633],[-122.2393,37.7553],[-122.2173,37.7585],[-122.2125,37.7435],[-122.2489,37.7483],[-122.2623,37.743],[-122.2518,37.7228],[-122.2144,37.6991],[-122.2067,37.7107],[-122.1919,37.7003],[-122.1628,37.6644],[-122.1463,37.579],[-122.1165,37.5426],[-122.109,37.518],[-122.0933,37.5036],[-122.0624,37.5017],[-122.0517,37.4892],[-122.0522,37.4714],[-122.0321,37.4634],[-122.0386,37.4514],[-122.0809,37.4487],[-122.1002,37.4551],[-122.1341,37.4978],[-122.1831,37.5076],[-122.2073,37.5175],[-122.1993,37.535],[-122.2396,37.5469],[-122.251,37.5681],[-122.2991,37.5769],[-122.3168,37.5898],[-122.3585,37.5928],[-122.3741,37.6042],[-122.3541,37.6135],[-122.3637,37.6273],[-122.3837,37.6315],[-122.3749,37.6552],[-122.3802,37.6767],[-122.388,37.6772],[-122.3925,37.7103],[-122.3625,37.7149],[-122.3545,37.73],[-122.3829,37.7638],[-122.3879,37.791],[-122.4086,37.8104],[-122.4634,37.8053],[-122.4764,37.8107],[-122.4859,37.7908],[-122.5152,37.7811],[-122.5136,37.7523],[-122.4947,37.6652],[-122.4959,37.6274],[-122.5032,37.6015],[-122.5224,37.5932],[-122.5148,37.5609],[-122.5205,37.5314],[-122.512,37.51],[-122.5011,37.5013],[-122.4793,37.5028],[-122.4632,37.4966],[-122.4492,37.4767],[-122.4444,37.4375],[-122.4116,37.3749],[-122.4003,37.3597],[-122.4101,37.2688],[-122.4184,37.2523],[-122.4045,37.1945],[-122.3961,37.1819],[-122.3694,37.174],[-122.3595,37.1505],[-122.3379,37.1349],[-122.3393,37.1186],[-122.3277,37.1128],[-122.3084,37.1167],[-122.281,37.0966],[-122.2538,37.0591],[-122.2279,37.0401],[-122.2221,37.0243],[-122.2079,37.0193],[-122.1536,36.9771],[-122.106,36.9558],[-122.0468,36.9482],[-122.0252,36.951],[-122.0212,36.9627],[-121.9742,36.9552],[-121.9372,36.9783],[-121.9056,36.9691],[-121.8599,36.9275],[-121.8042,36.836],[-121.7898,36.8062],[-121.8032,36.7505],[-121.7837,36.738],[-121.7702,36.7391],[-121.7637,36.7221],[-121.8054,36.7377],[-121.8143,36.6832],[-121.8379,36.6356],[-121.87,36.6072],[-121.8874,36.602],[-121.9022,36.6208],[-121.9377,36.6392],[-121.9503,36.6099],[-121.9599,36.6115],[-121.9672,36.5852],[-121.978,36.5748],[-121.9539,36.5596],[-121.9346,36.5612],[-121.9275,36.5239],[-121.9554,36.5227],[-121.9423,36.5119],[-121.9463,36.4919],[-121.929,36.4478],[-121.9153,36.4232],[-121.9144,36.403],[-121.9042,36.3845],[-121.8979,36.3439],[-121.8997,36.3044],[-121.881,36.2995],[-121.8454,36.2724],[-121.8356,36.2492],[-121.8104,36.2324],[-121.7989,36.2345],[-121.7291,36.1981],[-121.6779,36.1627],[-121.6302,36.1131],[-121.6182,36.0844],[-121.5945,36.0642],[-121.5927,36.0506],[-121.5667,36.0201],[-121.5067,36.0033],[-121.49,35.9822],[-121.4722,35.9136],[-121.4627,35.9037],[-121.4632,35.8867],[-121.4255,35.8584],[-121.3871,35.8214],[-121.3372,35.7865],[-121.3231,35.7646],[-121.3146,35.7137],[-121.2885,35.6815],[-121.2883,35.6648],[-121.2691,35.6642],[-121.2165,35.6477],[-121.195,35.6323],[-121.1874,35.6419],[-121.1694,35.6369],[-121.1433,35.605],[-121.1309,35.6007],[-121.1018,35.5497],[-121.0054,35.4607],[-120.9635,35.4567],[-120.9462,35.4463],[-120.9082,35.4482],[-120.8873,35.4329],[-120.8711,35.4053],[-120.8667,35.371],[-120.8521,35.3671],[-120.8314,35.3361],[-120.8556,35.3215],[-120.8538,35.3475],[-120.8622,35.3619],[-120.8678,35.3304],[-120.8956,35.2735],[-120.8977,35.2498],[-120.8767,35.2238],[-120.8498,35.2029],[-120.7908,35.179],[-120.7655,35.1602],[-120.7497,35.1774],[-120.7064,35.1742],[-120.679,35.1531],[-120.6586,35.1505],[-120.6449,35.1394],[-120.6357,35.1086],[-120.6307,35.0739],[-120.6337,35.0351],[-120.6424,35.0009],[-120.6728,34.9075],[-120.6676,34.8988],[-120.6446,34.8951],[-120.6402,34.8792],[-120.6156,34.858],[-120.6192,34.8192],[-120.6402,34.7585],[-120.6031,34.7048],[-120.6061,34.6794],[-120.6306,34.6282],[-120.6478,34.5857],[-120.6366,34.5629],[-120.6216,34.5526],[-120.5779,34.5535],[-120.5578,34.5412],[-120.51,34.5214],[-120.4916,34.4914],[-120.4727,34.4503],[-120.4541,34.4428],[-120.4443,34.4512],[-120.4252,34.4513],[-120.2932,34.4685],[-120.1719,34.47],[-120.1334,34.4727],[-120.0914,34.4588],[-120.0366,34.4631],[-120.01,34.461],[-119.9571,34.4359],[-119.9215,34.4334],[-119.8904,34.4191],[-119.8786,34.4066],[-119.8444,34.4039],[-119.832,34.4163],[-119.7876,34.4172],[-119.7329,34.3975],[-119.7079,34.3954],[-119.6877,34.4109],[-119.6172,34.4205],[-119.5759,34.4119],[-119.5632,34.4148],[-119.5368,34.3956],[-119.4949,34.384],[-119.4778,34.3726],[-119.4602,34.374],[-119.4432,34.3548],[-119.43,34.3535],[-119.3915,34.3184],[-119.3709,34.3197],[-119.3386,34.2905],[-119.3044,34.2724],[-119.2899,34.2746],[-119.2693,34.255],[-119.2602,34.2171],[-119.2171,34.1455],[-119.2101,34.1523],[-119.1287,34.1005],[-119.1065,34.0945],[-119.0897,34.1005],[-119.0609,34.0855],[-119.0383,34.0836],[-119.0081,34.0661],[-118.9775,34.0596],[-118.9368,34.0432],[-118.8526,34.0337],[-118.8298,34.0208],[-118.807,33.9994],[-118.7879,34.0197],[-118.7561,34.0257],[-118.7484,34.0319],[-118.6801,34.0303],[-118.6757,34.0381],[-118.6093,34.0357],[-118.5706,34.0411],[-118.5441,34.0389],[-118.5141,34.0222],[-118.4827,33.999],[-118.4447,33.9494],[-118.3914,33.8359],[-118.3957,33.8057],[-118.4086,33.798],[-118.4276,33.7737],[-118.412,33.7417],[-118.4014,33.7356],[-118.385,33.7401],[-118.3623,33.7357],[-118.3548,33.7263],[-118.3009,33.7098],[-118.2913,33.7032],[-118.2722,33.7153],[-118.2783,33.7387],[-118.2738,33.7503],[-118.2546,33.7654],[-118.2215,33.7709],[-118.2097,33.7423],[-118.1852,33.7324],[-118.1925,33.7523],[-118.2072,33.7638],[-118.1855,33.7575],[-118.1736,33.7633],[-118.1526,33.7588],[-118.0905,33.731],[-117.9785,33.636],[-117.9302,33.6079],[-117.8803,33.5929],[-117.8246,33.5617],[-117.7765,33.5294],[-117.7352,33.4848],[-117.6544,33.442],[-117.5963,33.3904],[-117.5088,33.3352],[-117.3619,33.1659],[-117.3222,33.1085],[-117.2981,33.0359],[-117.286,33.0239],[-117.2748,32.9935],[-117.2536,32.8851],[-117.2599,32.8541],[-117.2738,32.8511],[-117.2836,32.8377],[-117.2576,32.7842],[-117.2539,32.7635],[-117.2575,32.7017],[-117.2453,32.6746],[-117.2366,32.6696],[-117.2378,32.7072],[-117.2099,32.7253],[-117.1746,32.7267],[-117.1773,32.715],[-117.1332,32.6898],[-117.119,32.6706],[-117.1199,32.6526],[-117.1023,32.6205],[-117.1034,32.6068],[-117.1241,32.6068],[-117.1313,32.631],[-117.1642,32.6838],[-117.1681,32.6988],[-117.2058,32.7134],[-117.2262,32.6972],[-117.224,32.6847],[-117.1884,32.6827],[-117.1664,32.6695],[-117.1498,32.6463],[-117.137,32.6158],[-117.1322,32.5681],[-117.1251,32.5317],[-116.8236,32.5541],[-116.5295,32.5763],[-116.0882,32.6097],[-115.7941,32.632],[-115.4999,32.6542],[-115.2793,32.6708],[-114.9852,32.6931],[-114.7243,32.7128]]],[[[-118.3588,32.8278],[-118.4507,32.8976],[-118.4667,32.9148],[-118.4836,32.9216],[-118.516,32.9582],[-118.545,32.9856],[-118.5602,33.0063],[-118.5644,33.0238],[-118.5772,33.0325],[-118.6072,33.0309],[-118.6082,33.0144],[-118.5938,33.0139],[-118.5799,32.9878],[-118.5755,32.969],[-118.5517,32.9454],[-118.5469,32.9188],[-118.5086,32.8765],[-118.4991,32.8506],[-118.4743,32.8381],[-118.4499,32.8188],[-118.4384,32.8169],[-118.429,32.8029],[-118.3842,32.8244],[-118.3636,32.8168],[-118.3588,32.8278]]],[[[-119.4886,33.2672],[-119.4978,33.2661],[-119.5321,33.2863],[-119.5624,33.2717],[-119.5779,33.2793],[-119.5669,33.2475],[-119.5442,33.2313],[-119.5151,33.2221],[-119.4729,33.2153],[-119.4392,33.2198],[-119.4345,33.2313],[-119.4622,33.2565],[-119.4886,33.2672]]],[[[-118.5157,33.423],[-118.4863,33.416],[-118.4872,33.4028],[-118.4749,33.3824],[-118.4862,33.3724],[-118.4842,33.3461],[-118.4636,33.3235],[-118.4227,33.3166],[-118.3748,33.3195],[-118.326,33.2986],[-118.3043,33.309],[-118.3087,33.3364],[-118.3263,33.3446],[-118.3318,33.3591],[-118.3683,33.389],[-118.3692,33.4084],[-118.3826,33.4105],[-118.4211,33.4279],[-118.4448,33.4286],[-118.4769,33.4474],[-118.4988,33.4427],[-118.4997,33.4518],[-118.5177,33.4598],[-118.5359,33.4773],[-118.5634,33.4734],[-118.6039,33.4766],[-118.5729,33.4379],[-118.543,33.4329],[-118.5157,33.423]]],[[[-120.0441,34.0373],[-120.0579,34.0378],[-120.0725,34.0249],[-120.0967,34.0179],[-120.1455,34.0245],[-120.171,34.0074],[-120.2011,34.0047],[-120.2176,34.0105],[-120.2485,34.0011],[-120.2255,33.9885],[-120.2102,33.9725],[-120.1756,33.9222],[-120.1099,33.8931],[-120.1013,33.9069],[-120.0806,33.9064],[-120.0497,33.9148],[-120.0189,33.9342],[-119.9996,33.9415],[-119.9688,33.9411],[-119.9788,33.9594],[-119.9804,33.9835],[-120.0083,33.979],[-120.034,33.9896],[-120.0499,34.0156],[-120.0441,34.0373]]],[[[-120.3446,34.0465],[-120.356,34.0471],[-120.3622,34.0717],[-120.4034,34.0515],[-120.4153,34.0545],[-120.4461,34.0302],[-120.4238,34.0249],[-120.4152,34.0325],[-120.3604,34.0148],[-120.3512,34.019],[-120.3083,34.0182],[-120.3113,34.0345],[-120.3303,34.0472],[-120.3446,34.0465]]],[[[-119.5294,34.0252],[-119.5215,34.0343],[-119.5649,34.0553],[-119.6101,34.0396],[-119.6156,34.0195],[-119.6332,34.0136],[-119.6544,34.0191],[-119.6854,34.0199],[-119.7118,34.0423],[-119.7593,34.0558],[-119.807,34.0519],[-119.8244,34.0551],[-119.8564,34.0706],[-119.9046,34.0743],[-119.9172,34.0788],[-119.933,34.0602],[-119.8992,34.0496],[-119.8772,34.0325],[-119.8871,34.0088],[-119.8741,33.98],[-119.8508,33.9674],[-119.8252,33.9665],[-119.7592,33.9573],[-119.7535,33.9623],[-119.7195,33.9591],[-119.7065,33.9687],[-119.6577,33.9861],[-119.5895,33.989],[-119.5595,33.9943],[-119.5427,34.0202],[-119.5294,34.0252]]],[[[-118.2347,33.7632],[-118.255,33.7581],[-118.2675,33.747],[-118.2686,33.7289],[-118.2576,33.7166],[-118.2363,33.728],[-118.2439,33.7508],[-118.2239,33.7561],[-118.2347,33.7632]]]]},"properties":{"name":"California","name_en":"California","name_ja":"カリフォルニア州","name_zh":"加利福尼亚州","name_ko":"캘리포니아","adm0_a3":"USA","postal":"CA","iso_3166_2":"US-CA","type_en":"State","region":"West","geonunit":"United States of America"}},
{"type":"Feature","geometry":{"type":"Polygon","coordinates":[[[-109.0474,31.3274],[-108.6848,31.3274],[-108.4284,31.3274],[-108.2148,31.3274],[-108.215,31.4471],[-108.2151,31.7778],[-107.8011,31.7768],[-107.5941,31.7763],[-107.2835,31.7755],[-106.9212,31.7747],[-106.5172,31.7738],[-106.5061,31.7703],[-106.5531,31.8122],[-106.5915,31.8272],[-106.6078,31.8475],[-106.6003,31.855],[-106.625,31.8856],[-106.6324,31.9031],[-106.6404,31.9473],[-106.6614,31.9834],[-106.6622,32.0003],[-106.3976,32.0004],[-106.1755,32.0005],[-105.9534,32.0006],[-105.7312,32.0007],[-105.509,32.0008],[-105.2869,32.0008],[-105.0648,32.0009],[-104.8427,32.001],[-104.6205,32.0011],[-104.3984,32.0012],[-104.1763,32.0012],[-103.9541,32.0013],[-103.732,32.0015],[-103.5099,32.0015],[-103.2877,32.0016],[-103.0656,32.0017],[-103.0641,32.2797],[-103.0633,32.4187],[-103.0618,32.6968],[-103.0604,32.9748],[-103.0596,33.1138],[-103.0582,33.3919],[-103.0574,33.5308],[-103.0559,33.8089],[-103.0551,33.948],[-103.0537,34.226],[-103.0522,34.504],[-103.0507,34.7821],[-103.0492,35.0601],[-103.0477,35.3381],[-103.0462,35.6162],[-103.0447,35.8942],[-103.0432,36.1722],[-103.0415,36.4816],[-103.0421,36.4996],[-103.0002,36.5002],[-103.0007,36.8749],[-103.0008,36.9998],[-103.1897,36.9998],[-103.5676,36.9998],[-103.9455,36.9998],[-104.3233,36.9998],[-104.7012,36.9998],[-105.0791,36.9998],[-105.4569,36.9998],[-105.8347,36.9998],[-106.2127,36.9998],[-106.5905,36.9998],[-106.7794,36.9998],[-107.1573,36.9998],[-107.5352,36.9998],[-107.9131,36.9998],[-108.2909,36.9998],[-108.4798,36.9998],[-108.8577,36.9998],[-109.0466,36.9998],[-109.0466,36.6456],[-109.0467,36.2914],[-109.0467,36.1143],[-109.0468,35.7601],[-109.0468,35.583],[-109.0469,35.2288],[-109.0469,34.8746],[-109.0469,34.5204],[-109.0471,34.1662],[-109.0471,33.9891],[-109.0471,33.6349],[-109.0471,33.4578],[-109.0472,33.1036],[-109.0472,32.9265],[-109.0473,32.5723],[-109.0473,32.3952],[-109.0474,32.041],[-109.0474,31.6868],[-109.0474,31.3274]]]},"properties":{"name":"New Mexico","name_en":"New Mexico","name_ja":"ニューメキシコ州","name_zh":"新墨西哥州","name_ko":"뉴멕시코","adm0_a3":"USA","postal":"NM","iso_3166_2":"US-NM","type_en":"State","region":"West","geonunit":"United States of America"}},
{"type":"Feature","geometry":{"type":"MultiPolygon","coordinates":[[[[-106.5061,31.7703],[-106.4928,31.759],[-106.4731,31.7551],[-106.429,31.7585],[-106.3918,31.7459],[-106.3585,31.7175],[-106.3313,31.6822],[-106.3123,31.6486],[-106.2863,31.5801],[-106.2747,31.5626],[-106.2327,31.5199],[-106.2092,31.4773],[-106.1745,31.4603],[-106.1643,31.4478],[-106.0994,31.4289],[-106.0653,31.411],[-106.0047,31.3969],[-105.9612,31.371],[-105.9418,31.3524],[-105.9281,31.3265],[-105.862,31.2884],[-105.7848,31.211],[-105.7682,31.18],[-105.6923,31.1376],[-105.668,31.1279],[-105.6438,31.1037],[-105.5909,31.0714],[-105.5786,31.0522],[-105.5657,31.0167],[-105.556,31.0026],[-105.5308,30.9917],[-105.4967,30.9565],[-105.4155,30.9025],[-105.3762,30.8596],[-105.3638,30.8504],[-105.3343,30.8438],[-105.277,30.8194],[-105.249,30.7988],[-105.2293,30.8102],[-105.2049,30.8024],[-105.1953,30.7879],[-105.1673,30.7812],[-105.1609,30.7641],[-105.1404,30.7505],[-105.1336,30.7579],[-105.087,30.7098],[-105.0495,30.6993],[-105.0085,30.677],[-104.9958,30.6617],[-104.9891,30.6296],[-104.9828,30.6207],[-104.9411,30.6141],[-104.8982,30.5694],[-104.8866,30.5519],[-104.8797,30.5109],[-104.863,30.5024],[-104.8596,30.4911],[-104.8667,30.473],[-104.8524,30.4389],[-104.8533,30.4122],[-104.8183,30.3805],[-104.8129,30.3507],[-104.7888,30.3359],[-104.7494,30.2645],[-104.7152,30.244],[-104.6959,30.2084],[-104.6816,30.1929],[-104.6787,30.1704],[-104.6846,30.1111],[-104.6986,30.0753],[-104.6991,30.0315],[-104.6805,29.9765],[-104.6805,29.9423],[-104.6563,29.9082],[-104.6376,29.888],[-104.6197,29.8331],[-104.5703,29.7875],[-104.5614,29.7454],[-104.5371,29.7021],[-104.5308,29.6679],[-104.5166,29.6543],[-104.4694,29.6254],[-104.4552,29.6134],[-104.444,29.5892],[-104.349,29.5376],[-104.3385,29.524],[-104.3206,29.5323],[-104.2928,29.5328],[-104.2672,29.5266],[-104.251,29.5086],[-104.2123,29.4847],[-104.1945,29.4489],[-104.1616,29.4168],[-104.1398,29.4006],[-104.1054,29.3857],[-104.0573,29.339],[-104.0191,29.3203],[-103.9281,29.293],[-103.8641,29.2814],[-103.7942,29.2776],[-103.7742,29.2675],[-103.7694,29.2575],[-103.7777,29.2353],[-103.7495,29.223],[-103.7025,29.1879],[-103.6731,29.1736],[-103.585,29.1547],[-103.558,29.1562],[-103.5417,29.1488],[-103.5297,29.1268],[-103.4785,29.0821],[-103.4146,29.0524],[-103.3866,29.0288],[-103.3721,29.0237],[-103.3426,29.0412],[-103.3305,29.0237],[-103.31,29.0312],[-103.3162,29.0101],[-103.3015,29.0024],[-103.2418,29.0035],[-103.1871,28.9902],[-103.148,28.9851],[-103.1228,28.9965],[-103.1092,29.0234],[-103.1047,29.0579],[-103.0915,29.0579],[-103.0808,29.0852],[-103.0326,29.1102],[-103.0158,29.1268],[-102.9884,29.1771],[-102.9698,29.1928],[-102.9475,29.182],[-102.9423,29.1902],[-102.8969,29.2203],[-102.8588,29.2291],[-102.868,29.2404],[-102.8921,29.2544],[-102.8994,29.2761],[-102.8855,29.3148],[-102.8831,29.3438],[-102.865,29.3595],[-102.8377,29.3663],[-102.8456,29.3847],[-102.8352,29.4038],[-102.8411,29.4383],[-102.7955,29.5443],[-102.7807,29.5582],[-102.7859,29.5718],[-102.7741,29.5796],[-102.7797,29.5923],[-102.7613,29.6034],[-102.7267,29.6645],[-102.6978,29.7096],[-102.691,29.7368],[-102.6835,29.7437],[-102.6387,29.7437],[-102.6212,29.7473],[-102.5668,29.7711],[-102.5466,29.7579],[-102.5153,29.7847],[-102.4061,29.7773],[-102.3801,29.8114],[-102.3745,29.8481],[-102.3632,29.8643],[-102.3398,29.8706],[-102.321,29.8939],[-102.3022,29.8894],[-102.2762,29.8695],[-102.2583,29.8735],[-102.2534,29.8553],[-102.2398,29.8491],[-102.2037,29.8461],[-102.1572,29.8245],[-102.1456,29.8157],[-102.1093,29.8021],[-102.0146,29.811],[-101.9879,29.8052],[-101.9722,29.8182],[-101.9296,29.7977],[-101.9109,29.7999],[-101.8874,29.8123],[-101.8576,29.8052],[-101.8241,29.8052],[-101.806,29.8119],[-101.7945,29.7959],[-101.6322,29.7757],[-101.5803,29.7816],[-101.554,29.7967],[-101.5465,29.8201],[-101.5286,29.8014],[-101.5429,29.7711],[-101.5218,29.7659],[-101.4903,29.7855],[-101.4624,29.7889],[-101.4461,29.7711],[-101.4242,29.7714],[-101.4051,29.7784],[-101.4065,29.7529],[-101.3834,29.7185],[-101.3644,29.6767],[-101.3362,29.6543],[-101.3011,29.6495],[-101.3122,29.5979],[-101.301,29.5941],[-101.2588,29.6202],[-101.2339,29.6227],[-101.219,29.6103],[-101.2178,29.5842],[-101.2265,29.5545],[-101.2129,29.5316],[-101.1914,29.5281],[-101.1636,29.5013],[-101.1348,29.4877],[-101.0378,29.4601],[-101.0296,29.443],[-101.0259,29.4144],[-101.0162,29.3901],[-100.9874,29.3663],[-100.9147,29.337],[-100.8912,29.3185],[-100.8639,29.2906],[-100.8161,29.2708],[-100.7832,29.2431],[-100.7621,29.2087],[-100.7701,29.1873],[-100.7625,29.1738],[-100.7097,29.1356],[-100.702,29.1237],[-100.669,29.1162],[-100.6609,29.1027],[-100.6522,29.0448],[-100.6328,29.0052],[-100.6289,28.9843],[-100.6379,28.9629],[-100.6267,28.9483],[-100.6243,28.9247],[-100.595,28.8993],[-100.5865,28.8798],[-100.5662,28.8698],[-100.5697,28.8496],[-100.5597,28.8394],[-100.5386,28.8356],[-100.5191,28.805],[-100.4939,28.7084],[-100.4814,28.6861],[-100.4449,28.6438],[-100.4462,28.6265],[-100.4115,28.6093],[-100.3971,28.5927],[-100.3978,28.5576],[-100.3842,28.5372],[-100.364,28.5248],[-100.3226,28.5104],[-100.3516,28.4967],[-100.3555,28.4782],[-100.3363,28.4586],[-100.3317,28.422],[-100.3226,28.3869],[-100.2786,28.3311],[-100.2843,28.2965],[-100.2751,28.2772],[-100.2407,28.2497],[-100.2059,28.2429],[-100.1976,28.2072],[-100.1729,28.1985],[-100.0749,28.1544],[-100.0565,28.1379],[-100.0451,28.0953],[-100.0102,28.0689],[-100.0141,28.0505],[-100.0006,28.0204],[-99.9766,27.9925],[-99.9407,27.9833],[-99.9283,27.9758],[-99.9397,27.9611],[-99.9143,27.9282],[-99.8788,27.9018],[-99.8913,27.876],[-99.888,27.8648],[-99.8709,27.8545],[-99.8619,27.8361],[-99.8634,27.8047],[-99.8448,27.7936],[-99.8329,27.7768],[-99.8082,27.7724],[-99.7746,27.7358],[-99.7404,27.7222],[-99.7307,27.6918],[-99.7004,27.6592],[-99.6647,27.6594],[-99.6449,27.6327],[-99.6335,27.6331],[-99.6002,27.6464],[-99.5902,27.6421],[-99.5782,27.6228],[-99.535,27.6048],[-99.515,27.5886],[-99.5072,27.5738],[-99.5095,27.5],[-99.4883,27.4947],[-99.4764,27.4825],[-99.4729,27.4266],[-99.4846,27.3918],[-99.4976,27.3388],[-99.5214,27.3113],[-99.4866,27.2976],[-99.4804,27.2833],[-99.4661,27.2765],[-99.4409,27.2448],[-99.432,27.2076],[-99.4503,27.1452],[-99.4525,27.125],[-99.4414,27.1075],[-99.442,27.0896],[-99.4617,27.057],[-99.4399,27.0289],[-99.4246,27.0179],[-99.3993,27.0127],[-99.3902,26.9936],[-99.3904,26.9731],[-99.3768,26.9538],[-99.337,26.9248],[-99.2797,26.8597],[-99.2483,26.8271],[-99.2214,26.7357],[-99.1811,26.6299],[-99.1713,26.564],[-99.1649,26.5404],[-99.1151,26.5256],[-99.103,26.5121],[-99.0894,26.4712],[-99.1089,26.4343],[-99.1064,26.423],[-99.0855,26.4076],[-99.0664,26.4047],[-99.0279,26.4062],[-99.0105,26.3926],[-98.987,26.4001],[-98.9628,26.3995],[-98.9454,26.3783],[-98.9299,26.3922],[-98.893,26.3678],[-98.8702,26.3721],[-98.8508,26.3641],[-98.8361,26.3721],[-98.825,26.3665],[-98.8103,26.3724],[-98.7959,26.3683],[-98.7808,26.3517],[-98.7464,26.3321],[-98.7359,26.32],[-98.7399,26.3033],[-98.7132,26.3034],[-98.6915,26.2902],[-98.7043,26.2766],[-98.6853,26.2685],[-98.6647,26.2506],[-98.6406,26.2418],[-98.5816,26.2623],[-98.5528,26.2483],[-98.4929,26.2306],[-98.4724,26.2077],[-98.4565,26.2259],[-98.4288,26.2177],[-98.3972,26.2011],[-98.3693,26.194],[-98.3773,26.1636],[-98.3393,26.1599],[-98.3004,26.1114],[-98.2227,26.0754],[-98.1851,26.0652],[-98.1502,26.0637],[-98.1031,26.0749],[-98.0833,26.0709],[-98.0751,26.0466],[-98.0655,26.0422],[-98.0131,26.0637],[-97.9992,26.0643],[-97.9417,26.0568],[-97.8782,26.0637],[-97.802,26.0637],[-97.7823,26.0586],[-97.7803,26.0432],[-97.7669,26.0397],[-97.6796,26.0346],[-97.6415,26.0225],[-97.6226,26.0091],[-97.5943,25.9664],[-97.5652,25.9547],[-97.5203,25.9128],[-97.4863,25.8957],[-97.4483,25.8923],[-97.4254,25.8549],[-97.4042,25.8514],[-97.3978,25.8658],[-97.3831,25.8605],[-97.366,25.8439],[-97.3457,25.8522],[-97.3452,25.8717],[-97.3551,25.9128],[-97.3284,25.9333],[-97.311,25.9221],[-97.2876,25.9287],[-97.2692,25.9444],[-97.2664,25.9606],[-97.2531,25.9635],[-97.2049,25.9606],[-97.1393,25.9658],[-97.1375,25.9745],[-97.1432,26.0478],[-97.1518,26.075],[-97.1754,26.0709],[-97.1853,26.0223],[-97.2017,26.0051],[-97.2262,25.995],[-97.2362,25.9842],[-97.2556,25.9989],[-97.2598,26.0291],[-97.248,26.0532],[-97.2467,26.0707],[-97.2222,26.0671],[-97.212,26.0912],[-97.2364,26.0981],[-97.2762,26.1007],[-97.3105,26.1233],[-97.3153,26.1501],[-97.3087,26.2011],[-97.3276,26.2304],[-97.3293,26.242],[-97.3158,26.2649],[-97.3298,26.2817],[-97.3529,26.2761],[-97.3611,26.2858],[-97.3553,26.3279],[-97.3402,26.3416],[-97.3519,26.3538],[-97.3701,26.3368],[-97.3788,26.344],[-97.3702,26.3723],[-97.405,26.3786],[-97.4171,26.4152],[-97.4479,26.4202],[-97.4448,26.4614],[-97.4385,26.4853],[-97.4726,26.4958],[-97.446,26.5029],[-97.4317,26.5232],[-97.4186,26.502],[-97.4249,26.5349],[-97.4473,26.6013],[-97.4576,26.6672],[-97.4815,26.7314],[-97.4884,26.7751],[-97.5013,26.8066],[-97.5137,26.8174],[-97.5548,26.8251],[-97.562,26.8379],[-97.56,26.8714],[-97.5484,26.8999],[-97.5377,26.8956],[-97.4932,26.8583],[-97.4813,26.8776],[-97.4945,26.8905],[-97.5341,26.9068],[-97.5543,26.9331],[-97.56,26.9508],[-97.5628,26.9937],[-97.5502,27.0092],[-97.4945,27.0126],[-97.4807,27.022],[-97.4809,27.0387],[-97.4932,27.0638],[-97.4816,27.0743],[-97.4969,27.106],[-97.4658,27.1124],[-97.446,27.1327],[-97.4584,27.1748],[-97.4451,27.1882],[-97.446,27.2351],[-97.4341,27.2392],[-97.4261,27.2637],[-97.4401,27.2722],[-97.4765,27.2564],[-97.5211,27.2322],[-97.5597,27.2348],[-97.5982,27.243],[-97.6295,27.2447],[-97.6422,27.2668],[-97.6589,27.2741],[-97.7152,27.2674],[-97.7606,27.2791],[-97.7743,27.2978],[-97.75,27.2973],[-97.7247,27.2877],[-97.7007,27.2859],[-97.6787,27.2978],[-97.6676,27.3109],[-97.6722,27.3214],[-97.6871,27.3251],[-97.7067,27.3177],[-97.7122,27.3313],[-97.6918,27.3405],[-97.7038,27.3611],[-97.7401,27.3934],[-97.7259,27.3934],[-97.7364,27.4141],[-97.7705,27.4446],[-97.7743,27.4685],[-97.7429,27.4497],[-97.7176,27.4274],[-97.6378,27.3244],[-97.6302,27.3002],[-97.6007,27.3045],[-97.603,27.3177],[-97.5847,27.3418],[-97.5751,27.3456],[-97.5688,27.3313],[-97.5341,27.3518],[-97.5416,27.3655],[-97.5062,27.3925],[-97.4869,27.4002],[-97.4932,27.362],[-97.4894,27.3507],[-97.4726,27.3518],[-97.4613,27.3437],[-97.4868,27.3302],[-97.5067,27.3313],[-97.4932,27.3177],[-97.5053,27.3076],[-97.5416,27.2904],[-97.5226,27.2785],[-97.5084,27.2824],[-97.4869,27.304],[-97.4224,27.3278],[-97.4112,27.335],[-97.4083,27.3574],[-97.3671,27.4608],[-97.3529,27.4757],[-97.3464,27.5058],[-97.3293,27.5496],[-97.2952,27.6088],[-97.2893,27.642],[-97.2628,27.6793],[-97.2596,27.6951],[-97.2672,27.7081],[-97.3561,27.7418],[-97.3718,27.7553],[-97.394,27.8017],[-97.3856,27.8301],[-97.3907,27.8459],[-97.3982,27.8369],[-97.4222,27.8327],[-97.4317,27.8384],[-97.464,27.8317],[-97.487,27.8353],[-97.5049,27.849],[-97.5211,27.8732],[-97.4923,27.8772],[-97.4869,27.8664],[-97.4602,27.8607],[-97.4521,27.8732],[-97.4244,27.8752],[-97.3682,27.8732],[-97.3423,27.8794],[-97.3559,27.8596],[-97.3314,27.8611],[-97.2908,27.8767],[-97.2672,27.8794],[-97.2359,27.8638],[-97.212,27.8322],[-97.2325,27.8322],[-97.2325,27.8248],[-97.2063,27.8217],[-97.1841,27.8366],[-97.1053,27.937],[-97.0686,27.996],[-97.0611,27.9892],[-97.0446,28.0191],[-97.025,28.0414],[-97.0277,28.0616],[-97.0211,28.1003],[-97.0344,28.1196],[-97.0574,28.0888],[-97.1061,28.071],[-97.1299,28.0168],[-97.1491,28.0055],[-97.1443,28.0302],[-97.1684,28.0556],[-97.2089,28.065],[-97.2175,28.0748],[-97.1986,28.0968],[-97.1573,28.1339],[-97.1773,28.148],[-97.1648,28.1674],[-97.1386,28.1656],[-97.1375,28.1475],[-97.1102,28.1536],[-97.0714,28.1681],[-97.0362,28.1876],[-97.0202,28.209],[-97.0074,28.1945],[-97.0131,28.164],[-97.0065,28.1538],[-97.0202,28.1401],[-96.9844,28.1295],[-96.973,28.1339],[-96.9487,28.1742],[-96.9461,28.2051],[-96.9593,28.2158],[-96.9219,28.2633],[-96.9103,28.2636],[-96.9088,28.2488],[-96.9247,28.2141],[-96.9103,28.1953],[-96.9335,28.1629],[-96.9451,28.1265],[-96.8959,28.1408],[-96.8802,28.1506],[-96.8451,28.1933],[-96.8284,28.209],[-96.7924,28.2287],[-96.7823,28.2416],[-96.8013,28.2791],[-96.7971,28.2969],[-96.7812,28.3319],[-96.7956,28.3565],[-96.8251,28.3879],[-96.8445,28.4156],[-96.8284,28.4287],[-96.7751,28.4005],[-96.767,28.4107],[-96.7775,28.4374],[-96.8017,28.4554],[-96.8107,28.4519],[-96.8101,28.4678],[-96.7933,28.4797],[-96.767,28.4479],[-96.7464,28.4349],[-96.7418,28.4106],[-96.7092,28.3998],[-96.7038,28.3518],[-96.6877,28.3274],[-96.6714,28.3319],[-96.6537,28.3195],[-96.5447,28.3735],[-96.5292,28.3778],[-96.4951,28.3965],[-96.4758,28.4008],[-96.4038,28.4349],[-96.4068,28.4587],[-96.4357,28.4814],[-96.4735,28.4936],[-96.5035,28.4861],[-96.5316,28.4695],[-96.5476,28.4693],[-96.5547,28.4861],[-96.4932,28.5106],[-96.5066,28.5369],[-96.5204,28.5492],[-96.5819,28.5789],[-96.5998,28.5683],[-96.6086,28.5789],[-96.6024,28.6205],[-96.6088,28.6378],[-96.6372,28.6716],[-96.6457,28.6871],[-96.6509,28.7297],[-96.6304,28.7155],[-96.6175,28.7221],[-96.5904,28.7204],[-96.5672,28.6965],[-96.5547,28.6472],[-96.5198,28.6404],[-96.4974,28.6448],[-96.4847,28.6126],[-96.4471,28.6356],[-96.4386,28.6168],[-96.4448,28.5974],[-96.4779,28.5916],[-96.4932,28.5789],[-96.4625,28.5832],[-96.4276,28.5954],[-96.3697,28.6267],[-96.4034,28.6356],[-96.4168,28.6437],[-96.4103,28.6663],[-96.4169,28.6887],[-96.4003,28.7026],[-96.4008,28.7199],[-96.4243,28.7086],[-96.4384,28.7318],[-96.4448,28.7639],[-96.4169,28.7297],[-96.3976,28.7434],[-96.3833,28.73],[-96.38,28.7003],[-96.3902,28.6887],[-96.3852,28.6793],[-96.356,28.654],[-96.3458,28.6353],[-96.3081,28.6511],[-96.2814,28.6798],[-96.2604,28.6887],[-96.2667,28.6751],[-96.2445,28.6876],[-96.2154,28.695],[-96.1881,28.6909],[-96.2204,28.6369],[-96.2154,28.6294],[-96.1949,28.6267],[-96.1539,28.6352],[-96.1369,28.6335],[-96.1589,28.6151],[-96.2047,28.6106],[-96.2223,28.6025],[-96.2265,28.5871],[-96.2049,28.5867],[-96.1574,28.5988],[-96.0984,28.6233],[-96.0648,28.6313],[-96.0264,28.651],[-96.0066,28.654],[-95.9878,28.6448],[-95.9814,28.6286],[-95.9849,28.6131],[-96.0172,28.6022],[-96.1609,28.5373],[-96.1946,28.5156],[-96.2189,28.4895],[-96.1882,28.5017],[-96.1237,28.5368],[-96.0663,28.5539],[-96.0051,28.5965],[-95.9024,28.6179],[-95.8371,28.6465],[-95.7192,28.7155],[-95.755,28.7125],[-95.7934,28.6994],[-95.9308,28.6301],[-95.9473,28.6253],[-95.9559,28.6326],[-95.9458,28.6765],[-95.952,28.6887],[-95.8174,28.7325],[-95.78,28.7359],[-95.734,28.7336],[-95.6889,28.7363],[-95.6449,28.7459],[-95.6019,28.7639],[-95.4872,28.8297],[-95.4192,28.8723],[-95.3794,28.8806],[-95.3139,28.9284],[-95.26,28.9818],[-95.2315,28.9955],[-95.1589,29.0457],[-95.1512,29.0585],[-95.15,29.0891],[-95.1592,29.1524],[-95.15,29.1748],[-95.1629,29.2006],[-95.1243,29.1935],[-95.1159,29.1748],[-95.0652,29.2042],[-94.9992,29.271],[-94.9999,29.282],[-94.9849,29.2846],[-94.9551,29.3063],[-94.9508,29.3188],[-94.9282,29.3076],[-94.9129,29.3156],[-94.9014,29.3346],[-94.8888,29.376],[-94.8704,29.3808],[-94.8341,29.3665],[-94.8211,29.374],[-94.8896,29.4008],[-94.9173,29.4423],[-94.9173,29.4211],[-94.9429,29.422],[-94.9482,29.452],[-94.9651,29.4696],[-94.9364,29.48],[-94.9235,29.4756],[-94.9078,29.4963],[-94.9839,29.5138],[-95.0239,29.5422],[-95.016,29.5689],[-94.9892,29.5944],[-94.9845,29.6061],[-95.01,29.626],[-95.0157,29.6445],[-95.0087,29.6597],[-94.9858,29.675],[-95.0089,29.6935],[-95.0641,29.7129],[-95.0523,29.7497],[-95.034,29.7485],[-95.0155,29.7203],[-94.9662,29.7044],[-94.9383,29.6897],[-94.9316,29.6667],[-94.9196,29.6553],[-94.8761,29.6658],[-94.863,29.6831],[-94.8487,29.7176],[-94.8264,29.7498],[-94.8265,29.7681],[-94.8067,29.782],[-94.7948,29.7717],[-94.7737,29.7729],[-94.7446,29.7822],[-94.7195,29.7766],[-94.7035,29.7514],[-94.6927,29.6963],[-94.7031,29.6504],[-94.7161,29.6114],[-94.7613,29.5439],[-94.7851,29.5469],[-94.779,29.5299],[-94.7552,29.5243],[-94.6952,29.539],[-94.6054,29.5527],[-94.5614,29.5746],[-94.5297,29.5556],[-94.5101,29.549],[-94.486,29.5661],[-94.4918,29.5341],[-94.5219,29.524],[-94.5721,29.5264],[-94.5926,29.5176],[-94.6224,29.4901],[-94.6401,29.4814],[-94.6752,29.4748],[-94.701,29.4628],[-94.7821,29.3934],[-94.7906,29.38],[-94.7862,29.3703],[-94.7628,29.3665],[-94.7424,29.3747],[-94.6907,29.4286],[-94.6543,29.4519],[-94.3353,29.5782],[-94.216,29.6175],[-94.1315,29.6589],[-94.102,29.6706],[-94.0601,29.6818],[-94.0376,29.684],[-93.9167,29.6818],[-93.8758,29.675],[-93.8599,29.6926],[-93.8758,29.7234],[-93.9327,29.7762],[-93.9381,29.8059],[-93.9244,29.8656],[-93.8675,29.95],[-93.8541,29.9866],[-93.8346,29.9836],[-93.7984,29.9856],[-93.7761,30.0218],[-93.7172,30.0798],[-93.7249,30.0918],[-93.7104,30.1208],[-93.704,30.1438],[-93.7126,30.1992],[-93.7223,30.2138],[-93.7228,30.2351],[-93.7104,30.2648],[-93.7152,30.2873],[-93.7449,30.314],[-93.752,30.3294],[-93.7558,30.3734],[-93.7524,30.3927],[-93.7383,30.415],[-93.7064,30.4548],[-93.705,30.4813],[-93.7172,30.5112],[-93.7172,30.5317],[-93.7309,30.546],[-93.7305,30.5657],[-93.7217,30.5832],[-93.7065,30.5958],[-93.6868,30.6006],[-93.6704,30.6607],[-93.662,30.6763],[-93.6278,30.6999],[-93.6182,30.7141],[-93.61,30.7619],[-93.5738,30.8197],[-93.5664,30.8572],[-93.5738,30.8985],[-93.5699,30.9088],[-93.5459,30.9289],[-93.5382,30.9439],[-93.5691,30.9857],[-93.5776,31.0084],[-93.563,31.0189],[-93.5266,31.0273],[-93.5148,31.042],[-93.5329,31.0599],[-93.5596,31.0971],[-93.5459,31.1316],[-93.543,31.1762],[-93.5485,31.1925],[-93.5664,31.1964],[-93.5925,31.1925],[-93.6032,31.2016],[-93.6091,31.2335],[-93.6285,31.2766],[-93.6683,31.3094],[-93.6779,31.3307],[-93.6706,31.3523],[-93.6551,31.3703],[-93.6954,31.4103],[-93.7102,31.4559],[-93.7402,31.4687],[-93.7476,31.4855],[-93.7263,31.5097],[-93.7299,31.5191],[-93.7649,31.5304],[-93.7841,31.5417],[-93.8109,31.5672],[-93.8269,31.5878],[-93.8329,31.6179],[-93.8248,31.6356],[-93.8143,31.7131],[-93.8306,31.7428],[-93.8401,31.7904],[-93.8658,31.8228],[-93.8818,31.8547],[-93.9042,31.8832],[-93.9324,31.9067],[-93.9774,31.9301],[-93.9978,31.9626],[-94.035,31.9872],[-94.0432,31.9982],[-94.0428,32.1896],[-94.0424,32.4243],[-94.042,32.6589],[-94.0413,33.0109],[-94.0452,33.369],[-94.0473,33.5542],[-94.0719,33.5636],[-94.1009,33.5817],[-94.1191,33.5739],[-94.1593,33.5773],[-94.1932,33.5939],[-94.235,33.5743],[-94.2832,33.5951],[-94.3001,33.5948],[-94.3278,33.5581],[-94.3479,33.5675],[-94.3691,33.5585],[-94.3874,33.5618],[-94.3946,33.5715],[-94.3821,33.5879],[-94.4071,33.5847],[-94.4315,33.5908],[-94.4499,33.6049],[-94.4669,33.644],[-94.4841,33.6474],[-94.5329,33.65],[-94.595,33.6699],[-94.5884,33.6793],[-94.636,33.6773],[-94.6687,33.6954],[-94.6895,33.6973],[-94.7079,33.6916],[-94.7396,33.71],[-94.7555,33.7334],[-94.8072,33.7462],[-94.8727,33.7559],[-94.9103,33.7866],[-94.9301,33.8145],[-94.955,33.8298],[-94.9601,33.8497],[-94.9817,33.8617],[-95.0164,33.8626],[-95.0475,33.8759],[-95.0794,33.9031],[-95.097,33.913],[-95.1283,33.9193],[-95.1543,33.9442],[-95.2203,33.9629],[-95.2367,33.9607],[-95.2557,33.948],[-95.2686,33.9046],[-95.2862,33.9021],[-95.3137,33.8896],[-95.3318,33.8955],[-95.3377,33.8744],[-95.357,33.8682],[-95.4406,33.8705],[-95.4816,33.8834],[-95.4971,33.8753],[-95.5055,33.8896],[-95.5371,33.8899],[-95.5498,33.8957],[-95.5403,33.9101],[-95.5481,33.9255],[-95.5981,33.9521],[-95.6228,33.9244],[-95.647,33.9298],[-95.6952,33.9096],[-95.7116,33.8964],[-95.7696,33.8964],[-95.7766,33.89],[-95.7723,33.8619],[-95.7833,33.8554],[-95.8009,33.8691],[-95.8208,33.8554],[-95.8604,33.854],[-95.9379,33.8956],[-95.9654,33.8725],[-96.0402,33.8433],[-96.1054,33.8418],[-96.1564,33.8212],[-96.1839,33.7735],[-96.2027,33.7637],[-96.2634,33.766],[-96.2895,33.763],[-96.2959,33.7541],[-96.3012,33.7183],[-96.3288,33.7019],[-96.3586,33.7256],[-96.3871,33.7628],[-96.4105,33.7866],[-96.4287,33.7897],[-96.4965,33.7866],[-96.504,33.7899],[-96.5135,33.8145],[-96.5409,33.8282],[-96.582,33.8387],[-96.5981,33.8534],[-96.6026,33.8683],[-96.5899,33.8919],[-96.6008,33.9049],[-96.6494,33.916],[-96.6652,33.9017],[-96.6781,33.8707],[-96.692,33.8546],[-96.7289,33.8472],[-96.7484,33.8489],[-96.7798,33.8679],[-96.7983,33.8733],[-96.834,33.8693],[-96.8556,33.8748],[-96.8786,33.9034],[-96.8892,33.9415],[-96.9145,33.9559],[-96.9669,33.9521],[-96.9851,33.9399],[-96.9865,33.9026],[-97.0022,33.8753],[-97.0177,33.8585],[-97.0398,33.8536],[-97.0752,33.8617],[-97.0738,33.8462],[-97.0585,33.8344],[-97.0591,33.8173],[-97.0783,33.8079],[-97.085,33.7679],[-97.0938,33.7423],[-97.1125,33.7261],[-97.1441,33.7251],[-97.1675,33.7376],[-97.1872,33.7601],[-97.2006,33.7866],[-97.2056,33.8108],[-97.2013,33.8277],[-97.1824,33.8529],[-97.1777,33.8691],[-97.1881,33.8929],[-97.2118,33.9101],[-97.2306,33.9027],[-97.267,33.8554],[-97.2937,33.8754],[-97.3058,33.878],[-97.3216,33.8691],[-97.3325,33.8517],[-97.3717,33.8305],[-97.4364,33.827],[-97.4525,33.8354],[-97.4612,33.8793],[-97.4693,33.8921],[-97.5066,33.9026],[-97.5709,33.899],[-97.5857,33.9064],[-97.5947,33.925],[-97.5939,33.9621],[-97.6028,33.979],[-97.6406,33.9945],[-97.68,33.9835],[-97.715,33.96],[-97.8008,33.8878],[-97.8402,33.868],[-97.884,33.8617],[-97.9267,33.8731],[-97.9591,33.893],[-97.9461,33.945],[-97.9529,33.9653],[-97.9466,33.9771],[-97.956,33.9953],[-97.9659,33.9933],[-98.0014,34.0036],[-98.0505,34.0119],[-98.0884,34.0278],[-98.0953,34.0821],[-98.0907,34.1383],[-98.1065,34.1497],[-98.1319,34.1465],[-98.1788,34.1324],[-98.2095,34.1292],[-98.3433,34.1435],[-98.3686,34.1375],[-98.3843,34.1229],[-98.4165,34.079],[-98.4407,34.0753],[-98.4907,34.0752],[-98.5058,34.0826],[-98.5392,34.115],[-98.5587,34.1278],[-98.5747,34.1517],[-98.6185,34.1629],[-98.6532,34.1597],[-98.7201,34.1366],[-98.7321,34.1421],[-98.8575,34.1648],[-98.8777,34.1708],[-98.9528,34.2117],[-98.9753,34.2159],[-99.0286,34.2043],[-99.107,34.2186],[-99.1535,34.2169],[-99.1759,34.2206],[-99.193,34.2322],[-99.1971,34.2483],[-99.1997,34.3024],[-99.1921,34.3222],[-99.2402,34.3626],[-99.2655,34.4116],[-99.3234,34.424],[-99.3439,34.4513],[-99.3624,34.4623],[-99.3774,34.4627],[-99.3874,34.4514],[-99.3934,34.4017],[-99.4014,34.3864],[-99.4165,34.3804],[-99.4401,34.3824],[-99.499,34.4068],[-99.5473,34.4125],[-99.565,34.4056],[-99.5835,34.3899],[-99.6017,34.385],[-99.6622,34.3899],[-99.6808,34.3947],[-99.7132,34.4308],[-99.882,34.5649],[-99.9384,34.582],[-99.9993,34.5755],[-99.9997,34.8593],[-100.0001,35.0867],[-100.0005,35.3139],[-100.0009,35.5412],[-100.0013,35.7685],[-100.0018,36.1095],[-100.0022,36.3368],[-100.0024,36.4999],[-100.3385,36.5001],[-100.748,36.5001],[-100.9957,36.5002],[-101.2606,36.5002],[-101.5341,36.5002],[-101.8075,36.5002],[-102.0725,36.5002],[-102.3202,36.5002],[-102.7297,36.5002],[-103.0002,36.5002],[-103.0421,36.4996],[-103.0415,36.4816],[-103.0432,36.1722],[-103.0447,35.8942],[-103.0462,35.6162],[-103.0477,35.3381],[-103.0492,35.0601],[-103.0507,34.7821],[-103.0522,34.504],[-103.0537,34.226],[-103.0551,33.948],[-103.0559,33.8089],[-103.0574,33.5308],[-103.0582,33.3919],[-103.0596,33.1138],[-103.0604,32.9748],[-103.0618,32.6968],[-103.0633,32.4187],[-103.0641,32.2797],[-103.0656,32.0017],[-103.2877,32.0016],[-103.5099,32.0015],[-103.732,32.0015],[-103.9541,32.0013],[-104.1763,32.0012],[-104.3984,32.0012],[-104.6205,32.0011],[-104.8427,32.001],[-105.0648,32.0009],[-105.2869,32.0008],[-105.509,32.0008],[-105.7312,32.0007],[-105.9534,32.0006],[-106.1755,32.0005],[-106.3976,32.0004],[-106.6622,32.0003],[-106.6614,31.9834],[-106.6404,31.9473],[-106.6324,31.9031],[-106.625,31.8856],[-106.6003,31.855],[-106.6078,31.8475],[-106.5915,31.8272],[-106.5531,31.8122],[-106.5061,31.7703]]],[[[-97.1983,26.2761],[-97.2249,26.3991],[-97.2399,26.4338],[-97.2387,26.4458],[-97.3429,26.7567],[-97.3763,26.9316],[-97.3839,27.1879],[-97.3771,27.2078],[-97.3916,27.1931],[-97.397,27.1462],[-97.405,27.1252],[-97.3971,27.1073],[-97.405,27.0508],[-97.3939,26.9943],[-97.3854,26.9004],[-97.3881,26.8655],[-97.3975,26.831],[-97.3674,26.7912],[-97.357,26.7716],[-97.3702,26.7559],[-97.3559,26.7286],[-97.3634,26.7212],[-97.3501,26.6974],[-97.3379,26.654],[-97.3132,26.6068],[-97.3013,26.5505],[-97.2921,26.5292],[-97.2684,26.4904],[-97.2604,26.468],[-97.2492,26.3908],[-97.2272,26.3374],[-97.213,26.2927],[-97.1883,26.1493],[-97.1793,26.1198],[-97.1664,26.1028],[-97.1644,26.1315],[-97.1707,26.1795],[-97.1827,26.2312],[-97.1983,26.2761]]],[[[-97.0754,27.8145],[-97.0819,27.8041],[-97.1238,27.7695],[-97.151,27.7399],[-97.2057,27.633],[-97.2306,27.6512],[-97.2541,27.6597],[-97.244,27.6326],[-97.2572,27.5928],[-97.3124,27.478],[-97.3388,27.4091],[-97.3703,27.3484],[-97.3898,27.2456],[-97.3975,27.2289],[-97.3659,27.2242],[-97.3516,27.2352],[-97.3466,27.2742],[-97.3203,27.3576],[-97.2594,27.4962],[-97.178,27.6528],[-97.0549,27.8248],[-97.044,27.8353],[-97.0526,27.8442],[-97.0675,27.8409],[-97.0754,27.8145]]],[[[-96.8802,28.1301],[-96.9003,28.102],[-96.9141,28.0991],[-96.9726,28.0099],[-96.9534,28.0003],[-96.964,27.9767],[-96.9935,27.9483],[-97.0298,27.9006],[-97.043,27.8703],[-97.0344,27.852],[-97.0287,27.8715],[-97.0146,27.8909],[-96.9792,27.9278],[-96.9382,27.9831],[-96.8501,28.0712],[-96.8454,28.1212],[-96.8676,28.1356],[-96.8802,28.1301]]],[[[-96.4277,28.3933],[-96.4311,28.3598],[-96.4432,28.3414],[-96.4554,28.336],[-96.4932,28.3393],[-96.515,28.3368],[-96.5485,28.3114],[-96.5948,28.2927],[-96.612,28.2775],[-96.6543,28.2571],[-96.6639,28.2397],[-96.7104,28.2134],[-96.8078,28.1876],[-96.8124,28.1701],[-96.8017,28.1339],[-96.8132,28.1237],[-96.8325,28.0888],[-96.8284,28.0712],[-96.8087,28.1033],[-96.7812,28.1265],[-96.7277,28.1616],[-96.7026,28.1855],[-96.6086,28.2294],[-96.5535,28.2714],[-96.5223,28.2896],[-96.4895,28.2971],[-96.4169,28.3288],[-96.403,28.3608],[-96.4076,28.3964],[-96.4277,28.3933]]],[[[-96.3697,28.4069],[-96.3501,28.4089],[-96.3082,28.4417],[-96.2839,28.4477],[-96.276,28.4571],[-96.2325,28.4827],[-96.2325,28.4895],[-96.2753,28.4787],[-96.3129,28.4586],[-96.3697,28.4145],[-96.3697,28.4069]]],[[[-94.8143,29.3529],[-94.8341,29.3598],[-94.8415,29.3461],[-94.8243,29.3433],[-94.828,29.3176],[-94.862,29.3051],[-94.8751,29.2846],[-94.9172,29.2553],[-94.9431,29.2229],[-95.034,29.1629],[-95.0813,29.1361],[-95.1165,29.089],[-95.1083,29.0886],[-95.076,29.114],[-94.9472,29.1939],[-94.8917,29.2249],[-94.7244,29.3332],[-94.8143,29.3529]]]]},"properties":{"name":"Texas","name_en":"Texas","name_ja":"テキサス州","name_zh":"得克萨斯州","name_ko":"텍사스","adm0_a3":"USA","postal":"TX","iso_3166_2":"US-TX","type_en":"State","region":"South","geonunit":"United States of America"}},
{"type":"Feature","geometry":{"type":"MultiPolygon","coordinates":[[[[-141.0056,69.6509],[-141.0152,69.6542],[-141.3162,69.6945],[-141.3162,69.6877],[-141.2206,69.6741],[-141.2911,69.634],[-141.4129,69.6504],[-141.4403,69.6611],[-141.4841,69.6976],[-141.5247,69.7181],[-141.5738,69.7302],[-141.6533,69.7622],[-141.837,69.7908],[-141.9206,69.8154],[-141.9637,69.7957],[-141.9882,69.7927],[-142.0424,69.8044],[-142.0495,69.8349],[-142.1073,69.8489],[-142.2709,69.856],[-142.3243,69.8852],[-142.3695,69.8955],[-142.3714,69.9143],[-142.426,69.9205],[-142.413,69.9348],[-142.4378,69.949],[-142.4969,69.9538],[-142.5228,69.9696],[-142.4916,69.9726],[-142.5385,69.985],[-142.5818,69.9699],[-142.6116,69.9757],[-142.6008,70.0131],[-142.6507,70.019],[-142.8795,70.074],[-142.9337,70.0788],[-142.9636,70.0626],[-142.9989,70.0683],[-143.0365,70.0924],[-143.1187,70.0856],[-143.1665,70.106],[-143.2357,70.1182],[-143.3003,70.1166],[-143.3025,70.0794],[-143.2764,70.0515],[-143.2975,70.0434],[-143.3168,70.0557],[-143.3581,70.1061],[-143.5106,70.0967],[-143.5507,70.1266],[-143.5765,70.0939],[-143.6744,70.0904],[-143.7425,70.106],[-143.7706,70.1044],[-143.8517,70.0856],[-143.9056,70.0886],[-143.9189,70.0714],[-143.9827,70.0788],[-144.0174,70.0926],[-144.064,70.0856],[-144.0231,70.0515],[-144.0433,70.0151],[-144.0714,69.9894],[-144.064,70.044],[-144.0793,70.0554],[-144.1295,70.0677],[-144.1545,70.0484],[-144.1869,70.0436],[-144.3861,70.044],[-144.5093,70.02],[-144.5649,69.9894],[-144.5902,69.9828],[-144.7065,69.976],[-144.8251,69.9865],[-144.8716,69.998],[-144.9416,69.978],[-145.1539,70.0031],[-145.2749,69.9931],[-145.3014,69.9997],[-145.2154,70.044],[-145.3392,70.0303],[-145.3685,70.0336],[-145.4712,70.0578],[-145.501,70.086],[-145.5475,70.0924],[-145.5978,70.0714],[-145.6132,70.0888],[-145.6549,70.0986],[-145.7133,70.1232],[-145.7712,70.1341],[-145.8404,70.1674],[-145.8802,70.175],[-145.8727,70.1528],[-145.9286,70.1675],[-145.9831,70.1539],[-146.0826,70.1557],[-146.2306,70.186],[-146.4333,70.1824],[-146.7411,70.1923],[-146.8488,70.1934],[-146.8768,70.1902],[-146.8807,70.175],[-147.1237,70.1675],[-147.196,70.175],[-147.2171,70.1887],[-147.237,70.1812],[-147.4165,70.2023],[-147.6796,70.2122],[-147.7828,70.2279],[-147.8061,70.2365],[-147.7857,70.2569],[-147.8198,70.2699],[-147.7987,70.2904],[-147.8428,70.3075],[-147.8881,70.3122],[-147.9622,70.3014],[-147.9937,70.3181],[-148.0389,70.3122],[-148.0648,70.3188],[-148.119,70.3483],[-148.1507,70.3564],[-148.2233,70.3593],[-148.2574,70.3545],[-148.3406,70.3183],[-148.3814,70.3125],[-148.5118,70.3183],[-148.501,70.3399],[-148.5182,70.3692],[-148.587,70.3941],[-148.6411,70.3997],[-148.6824,70.4201],[-148.721,70.422],[-148.7958,70.4145],[-148.8255,70.4183],[-148.9029,70.4418],[-148.9645,70.4293],[-148.9923,70.4487],[-149.0445,70.4686],[-149.3445,70.5101],[-149.3838,70.4882],[-149.4913,70.4971],[-149.464,70.5107],[-149.4885,70.523],[-149.5671,70.5107],[-149.7247,70.5107],[-149.8116,70.4962],[-149.8897,70.5128],[-150.1191,70.4429],[-150.253,70.4421],[-150.3838,70.4161],[-150.4167,70.4214],[-150.3615,70.4797],[-150.3794,70.497],[-150.4925,70.4766],[-150.5131,70.5039],[-150.5402,70.5115],[-150.5812,70.5033],[-150.6191,70.5107],[-150.7935,70.5033],[-150.7657,70.4722],[-150.8351,70.4829],[-150.8624,70.4698],[-150.9512,70.4698],[-150.9791,70.4561],[-151.1777,70.4487],[-151.203,70.4407],[-151.2088,70.4224],[-151.1771,70.3798],[-151.2436,70.3793],[-151.2788,70.3997],[-151.3525,70.4264],[-151.4078,70.4269],[-151.4542,70.439],[-151.7364,70.4356],[-151.9797,70.4487],[-151.9433,70.4805],[-151.8863,70.4929],[-151.7904,70.5024],[-151.8698,70.5176],[-151.8032,70.5187],[-151.7615,70.5482],[-151.7333,70.5585],[-151.7604,70.5667],[-151.8487,70.5585],[-151.9691,70.5716],[-152.4562,70.5559],[-152.5345,70.5449],[-152.5858,70.5585],[-152.6301,70.5585],[-152.5806,70.583],[-152.5172,70.5927],[-152.4567,70.5817],[-152.4173,70.5867],[-152.1667,70.5826],[-152.1075,70.5749],[-152.0753,70.579],[-152.1038,70.5988],[-152.1552,70.6032],[-152.2534,70.5995],[-152.4479,70.626],[-152.5091,70.6639],[-152.5141,70.6889],[-152.4778,70.7055],[-152.4346,70.7094],[-152.4134,70.7221],[-152.4309,70.7436],[-152.3755,70.7493],[-152.2742,70.8],[-152.2192,70.818],[-152.3275,70.8569],[-152.5458,70.8875],[-152.7125,70.8904],[-152.7468,70.8807],[-152.6941,70.8769],[-152.6575,70.8459],[-152.6969,70.8212],[-152.7149,70.821],[-152.7738,70.8557],[-152.8157,70.8869],[-152.8331,70.8847],[-152.8498,70.8596],[-152.8846,70.8591],[-152.9176,70.8698],[-152.9427,70.9034],[-153.0417,70.9143],[-153.0758,70.9012],[-153.1312,70.9111],[-153.1649,70.9279],[-153.2557,70.9328],[-153.3024,70.9287],[-153.3568,70.9028],[-153.449,70.8995],[-153.514,70.8869],[-153.8935,70.8984],[-153.9187,70.8944],[-153.9853,70.8469],[-154.0421,70.8336],[-154.131,70.7913],[-154.2136,70.777],[-154.2479,70.7824],[-154.2477,70.7988],[-154.2708,70.819],[-154.3091,70.8308],[-154.3842,70.8397],[-154.4352,70.8393],[-154.5388,70.8262],[-154.5903,70.8254],[-154.6312,70.8323],[-154.6312,70.8528],[-154.6998,70.8862],[-154.81,70.8807],[-154.7887,70.8963],[-154.7129,70.9056],[-154.6625,70.9255],[-154.6433,70.9657],[-154.5971,71.0005],[-154.6312,71.0316],[-154.7258,71.0551],[-154.7753,71.084],[-154.84,71.1013],[-154.8796,71.0882],[-154.9189,71.1135],[-154.9717,71.1201],[-155.0111,71.1159],[-155.0018,71.093],[-155.0217,71.0323],[-155.065,71.0121],[-155.0974,71.0173],[-155.0867,71.0312],[-155.0394,71.0557],[-155.0565,71.0998],[-155.0432,71.1309],[-155.0697,71.1533],[-155.1253,71.1408],[-155.105,71.1323],[-155.0974,71.0861],[-155.124,71.0902],[-155.1631,71.1198],[-155.2097,71.123],[-155.2892,71.0861],[-155.2172,71.0565],[-155.1967,71.0414],[-155.1821,71.0068],[-155.2172,70.9905],[-155.2437,70.9971],[-155.275,71.0256],[-155.296,71.0316],[-155.3444,71.0111],[-155.4059,70.9968],[-155.4681,70.9604],[-155.5179,70.9521],[-155.5357,70.9257],[-155.5332,70.8859],[-155.5424,70.8664],[-155.5771,70.8459],[-155.6031,70.8462],[-155.6456,70.8681],[-155.666,70.8664],[-155.647,70.8359],[-155.6588,70.8242],[-155.6912,70.8411],[-155.7506,70.8442],[-155.8089,70.8307],[-155.8914,70.8367],[-155.9198,70.8254],[-155.9228,70.8],[-155.8994,70.7845],[-155.9239,70.7665],[-155.9781,70.7597],[-155.9676,70.7913],[-155.9858,70.8153],[-155.9812,70.8367],[-155.9403,70.8528],[-155.9949,70.8869],[-155.9813,70.8944],[-156.0048,70.9091],[-156.0679,70.9025],[-156.0974,70.908],[-156.0563,70.9217],[-156.0872,70.927],[-156.1543,70.9191],[-156.1873,70.9217],[-156.145,70.9327],[-156.0472,70.9294],[-156.0079,70.9421],[-156.0286,70.9589],[-156.1047,70.9688],[-156.0721,70.9739],[-155.8308,70.9831],[-155.8065,70.9968],[-155.728,71.0111],[-155.7172,71.0346],[-155.6799,71.0414],[-155.64,71.0631],[-155.5937,71.0697],[-155.5515,71.1009],[-155.5561,71.1271],[-155.5968,71.17],[-155.6247,71.1835],[-155.8009,71.2088],[-155.8515,71.2097],[-155.916,71.1965],[-155.9317,71.217],[-155.9599,71.2182],[-156.0341,71.1828],[-156.111,71.1749],[-156.111,71.1823],[-156.0427,71.2159],[-156.111,71.2233],[-156.0974,71.2438],[-156.1411,71.2565],[-156.237,71.2692],[-156.4284,71.265],[-156.4473,71.2768],[-156.4337,71.2922],[-156.5342,71.3001],[-156.5565,71.3247],[-156.6044,71.3537],[-156.5521,71.365],[-156.4884,71.394],[-156.4585,71.3952],[-156.4001,71.3774],[-156.3717,71.3803],[-156.4348,71.4065],[-156.4715,71.4125],[-156.5919,71.3647],[-156.6818,71.3527],[-156.8172,71.3063],[-157.0255,71.2032],[-157.0878,71.155],[-157.2312,71.0714],[-157.5591,70.9514],[-157.6244,70.9313],[-157.6735,70.9228],[-157.8649,70.8664],[-158.043,70.8369],[-158.3894,70.8367],[-158.4799,70.8533],[-158.5235,70.8528],[-158.493,70.8323],[-158.4393,70.8221],[-158.338,70.818],[-158.7154,70.7913],[-159.0604,70.8166],[-159.0853,70.805],[-159.0292,70.8051],[-159.0035,70.7973],[-158.9897,70.777],[-159.1197,70.764],[-159.2362,70.7708],[-159.279,70.7647],[-159.2705,70.7446],[-159.2163,70.6951],[-159.301,70.7271],[-159.3249,70.7436],[-159.3044,70.7578],[-159.3213,70.7693],[-159.3568,70.7602],[-159.449,70.777],[-159.3118,70.8124],[-159.1813,70.8167],[-159.1406,70.8254],[-159.1743,70.8539],[-159.3733,70.8459],[-159.3188,70.861],[-159.2062,70.8664],[-159.161,70.8869],[-159.3463,70.8633],[-159.4121,70.842],[-159.5196,70.8358],[-159.5954,70.8138],[-159.6682,70.805],[-159.709,70.7793],[-159.8131,70.7279],[-159.8463,70.7156],[-159.8363,70.7081],[-159.913,70.7006],[-160.0963,70.6431],[-160.1274,70.6262],[-160.12,70.6064],[-160.0652,70.6278],[-160.0057,70.6401],[-159.9479,70.6364],[-159.8868,70.6046],[-159.8646,70.5991],[-159.8552,70.5705],[-159.8253,70.5438],[-159.7323,70.4999],[-159.6818,70.4968],[-159.6312,70.5173],[-159.5725,70.5176],[-159.5651,70.5312],[-159.5308,70.5324],[-159.4211,70.5238],[-159.2914,70.5381],[-159.3058,70.5262],[-159.3671,70.5176],[-159.4348,70.4971],[-159.4806,70.5155],[-159.5408,70.4992],[-159.5934,70.4926],[-159.6696,70.4731],[-159.7281,70.4726],[-159.7993,70.4992],[-159.8258,70.4971],[-159.8286,70.4713],[-159.8651,70.444],[-159.8868,70.3989],[-159.8803,70.3757],[-159.8425,70.3494],[-159.8505,70.3309],[-159.8388,70.3084],[-159.8326,70.2637],[-159.7706,70.2252],[-159.7712,70.1955],[-159.8666,70.2777],[-159.9077,70.2842],[-159.9273,70.3242],[-159.9145,70.332],[-159.9332,70.3623],[-159.9692,70.373],[-160.009,70.3615],[-160.096,70.3214],[-160.1337,70.3251],[-160.1142,70.3441],[-160.0563,70.3749],[-160.0517,70.3941],[-160.0139,70.411],[-159.9742,70.456],[-159.922,70.4897],[-159.9485,70.4945],[-160.1257,70.466],[-160.1688,70.466],[-160.2019,70.4766],[-160.1148,70.4807],[-160.0741,70.4882],[-160.0111,70.5203],[-159.9438,70.522],[-159.922,70.5449],[-159.9487,70.5449],[-159.9289,70.5684],[-159.9282,70.5927],[-159.9471,70.5972],[-160.0381,70.5927],[-160.103,70.5785],[-160.1596,70.588],[-160.1722,70.6049],[-160.2162,70.579],[-160.449,70.4897],[-160.6893,70.434],[-160.7731,70.4057],[-160.8127,70.3872],[-160.6628,70.434],[-160.5998,70.4418],[-160.6215,70.4296],[-160.8607,70.3473],[-160.984,70.3251],[-160.9499,70.2904],[-161.0318,70.3047],[-161.025,70.3183],[-161.067,70.3148],[-161.2106,70.2768],[-161.3422,70.2588],[-161.6319,70.2561],[-161.6556,70.2501],[-161.6667,70.2321],[-161.7126,70.2241],[-161.7381,70.2023],[-161.7034,70.1955],[-161.7867,70.1997],[-161.8646,70.1691],[-162.1217,70.1539],[-162.1217,70.1613],[-162.0255,70.1955],[-162.0087,70.1963],[-161.8995,70.1787],[-161.8655,70.1793],[-161.8405,70.1955],[-161.8595,70.2119],[-161.8326,70.2231],[-161.7586,70.2296],[-161.7908,70.2405],[-161.8679,70.2427],[-161.902,70.2569],[-161.8601,70.2587],[-161.7335,70.2503],[-161.7034,70.2637],[-161.7237,70.2748],[-161.861,70.2904],[-161.8331,70.2978],[-161.861,70.3047],[-161.8536,70.3183],[-161.9057,70.3206],[-161.9566,70.3047],[-162.015,70.2773],[-162.0528,70.2438],[-162.1249,70.2032],[-162.1866,70.1812],[-162.1994,70.1644],[-162.2446,70.1539],[-162.3215,70.1273],[-162.352,70.1084],[-162.3408,70.0924],[-162.3749,70.0856],[-162.3607,70.0576],[-162.4615,70.0596],[-162.491,70.0515],[-162.4774,70.0241],[-162.5114,69.977],[-162.5378,69.9567],[-162.5928,69.9417],[-162.67,69.9066],[-162.7116,69.8807],[-162.7573,69.8719],[-162.7914,69.8533],[-162.9498,69.7905],[-162.9708,69.7634],[-163.0187,69.7458],[-163.0255,69.7287],[-162.9576,69.7234],[-162.9384,69.7112],[-162.9565,69.6877],[-162.9841,69.6818],[-163.0485,69.6872],[-163.0664,69.6741],[-163.0329,69.6611],[-163.0664,69.6467],[-163.0255,69.6263],[-163.0854,69.6093],[-163.149,69.6058],[-163.149,69.5996],[-163.0807,69.5854],[-163.0679,69.5668],[-163.0708,69.5204],[-163.0832,69.501],[-163.1148,69.4959],[-163.105,69.4837],[-163.1353,69.4208],[-163.1258,69.39],[-163.1632,69.3662],[-163.1558,69.3594],[-163.2425,69.3046],[-163.2724,69.3041],[-163.24,69.3283],[-163.1558,69.4208],[-163.177,69.4269],[-163.1953,69.4152],[-163.2648,69.3266],[-163.2861,69.311],[-163.6225,69.1192],[-163.8217,69.0478],[-163.8767,69.0386],[-163.9645,69.0031],[-164.09,68.9789],[-164.1704,68.9538],[-164.257,68.9467],[-164.3464,68.9294],[-164.7908,68.9143],[-165.0441,68.8815],[-165.3221,68.8765],[-165.6647,68.8616],[-165.8136,68.8795],[-166.0091,68.8727],[-166.0856,68.8914],[-166.2226,68.8858],[-166.2368,68.8748],[-166.199,68.8039],[-166.1938,68.7797],[-166.2126,68.6741],[-166.2307,68.6549],[-166.2189,68.6462],[-166.24,68.6052],[-166.231,68.5799],[-166.24,68.5643],[-166.3063,68.522],[-166.3008,68.5029],[-166.3146,68.481],[-166.3704,68.4408],[-166.3509,68.4362],[-166.3329,68.4128],[-166.3382,68.4],[-166.425,68.4135],[-166.3765,68.3856],[-166.4548,68.3989],[-166.5482,68.3588],[-166.6645,68.3514],[-166.7472,68.3633],[-166.7191,68.3733],[-166.5138,68.4147],[-166.4448,68.4202],[-166.5072,68.4229],[-166.5982,68.4081],[-166.8118,68.3596],[-166.8228,68.3514],[-166.7899,68.3396],[-166.6437,68.3446],[-166.2966,68.2996],[-166.2059,68.2626],[-166.1035,68.2399],[-166.0271,68.1943],[-165.9936,68.1671],[-165.9281,68.1369],[-165.769,68.1069],[-165.62,68.0919],[-165.4372,68.0602],[-165.2327,67.9976],[-165.0539,67.9331],[-164.856,67.8496],[-164.8015,67.8384],[-164.7479,67.8099],[-164.7733,67.8381],[-164.7265,67.8345],[-164.6936,67.8246],[-164.5978,67.7742],[-164.5316,67.7508],[-164.446,67.7099],[-164.1515,67.6196],[-164.0465,67.5637],[-163.9616,67.4987],[-163.824,67.3546],[-163.81,67.3352],[-163.7734,67.2257],[-163.7742,67.1804],[-163.7656,67.14],[-163.725,67.1113],[-163.6883,67.1032],[-163.4331,67.085],[-163.4056,67.0759],[-163.1423,67.057],[-163.0739,67.0355],[-162.8741,67.0053],[-162.8479,67.0089],[-162.9167,67.0208],[-162.9519,67.0443],[-162.8889,67.043],[-162.7333,67.0488],[-162.6828,67.0368],[-162.6903,67.0225],[-162.6638,67.0161],[-162.5804,67.015],[-162.5588,67.02],[-162.4859,67.0612],[-162.3905,67.1336],[-162.3749,67.1392],[-162.3991,67.16],[-162.4364,67.1597],[-162.3879,67.1688],[-162.3601,67.1674],[-162.3349,67.1509],[-162.4056,67.0714],[-162.4259,67.0634],[-162.4676,67.0095],[-162.4355,66.991],[-162.3681,67.0089],[-162.3129,67.0039],[-162.293,67.0089],[-162.313,67.0295],[-162.297,67.0502],[-162.3061,67.0703],[-162.2753,67.0678],[-162.2549,67.0529],[-162.2578,67.0206],[-162.248,67.015],[-161.9902,67.0492],[-161.8352,67.055],[-161.7962,67.0485],[-161.7402,67.0173],[-161.7102,67.015],[-161.6876,67.0293],[-161.6313,67.0146],[-161.5895,66.9932],[-161.5252,66.9914],[-161.4988,66.9711],[-161.5183,66.9607],[-161.5583,66.958],[-161.6289,66.9641],[-161.7307,66.9536],[-161.7164,66.9399],[-161.7341,66.9231],[-161.7887,66.9134],[-161.8064,66.8996],[-161.8002,66.8537],[-161.8533,66.8194],[-161.8806,66.8148],[-161.8815,66.7897],[-161.8673,66.7581],[-161.902,66.7351],[-161.8683,66.7063],[-161.6497,66.6129],[-161.598,66.6019],[-161.5463,66.598],[-161.5626,66.5664],[-161.4816,66.5339],[-161.4467,66.5438],[-161.3955,66.5359],[-161.3137,66.5353],[-161.272,66.543],[-161.241,66.56],[-161.2373,66.598],[-161.2031,66.6048],[-161.2031,66.6252],[-161.1716,66.6444],[-161.1361,66.6519],[-161.0591,66.6519],[-160.881,66.6724],[-160.8135,66.6621],[-160.6983,66.6129],[-160.6345,66.598],[-160.5517,66.5911],[-160.5336,66.5935],[-160.5141,66.6218],[-160.4849,66.6345],[-160.4413,66.636],[-160.3664,66.6184],[-160.3544,66.6448],[-160.3179,66.6556],[-160.275,66.6546],[-160.2435,66.6457],[-160.3176,66.6341],[-160.3056,66.611],[-160.3254,66.6048],[-160.2495,66.5615],[-160.2192,66.5321],[-160.2162,66.4328],[-160.2285,66.4121],[-160.2491,66.4023],[-160.4509,66.3937],[-160.6172,66.3714],[-160.7028,66.3776],[-160.7654,66.3704],[-160.7848,66.3745],[-160.9836,66.4406],[-161.0337,66.4754],[-161.061,66.4862],[-161.1419,66.498],[-161.1934,66.5361],[-161.2629,66.5292],[-161.3392,66.4887],[-161.434,66.4685],[-161.6072,66.4539],[-161.6338,66.458],[-161.8708,66.5322],[-161.9152,66.5572],[-161.9948,66.6218],[-162.066,66.6531],[-162.0808,66.6662],[-162.0758,66.7062],[-162.015,66.7724],[-162.033,66.7863],[-162.0943,66.7944],[-162.1209,66.8061],[-162.2104,66.8693],[-162.2849,66.9371],[-162.3271,66.9604],[-162.4171,66.9225],[-162.447,66.93],[-162.4728,66.9572],[-162.4952,66.9567],[-162.52,66.9206],[-162.577,66.9194],[-162.6387,66.8996],[-162.6253,66.8615],[-162.6046,66.8414],[-162.5872,66.845],[-162.5258,66.7897],[-162.5046,66.7498],[-162.4405,66.7308],[-162.2645,66.7227],[-162.2098,66.7072],[-162.1632,66.6828],[-162.0795,66.6232],[-161.9325,66.5563],[-161.8884,66.5244],[-161.8673,66.4813],[-161.876,66.4401],[-161.8983,66.4089],[-161.9483,66.3665],[-161.954,66.3364],[-161.9346,66.3271],[-161.919,66.2877],[-161.8963,66.2705],[-161.8698,66.2813],[-161.8673,66.2956],[-161.9133,66.3267],[-161.9191,66.3443],[-161.9044,66.3652],[-161.8747,66.3776],[-161.7928,66.3851],[-161.7446,66.4055],[-161.5107,66.4077],[-161.4249,66.3835],[-161.3608,66.3851],[-161.3088,66.3735],[-161.2603,66.3692],[-161.1357,66.3432],[-161.0943,66.3187],[-161.0574,66.2851],[-161.0138,66.2619],[-160.997,66.241],[-161.0175,66.1933],[-161.0677,66.1385],[-161.0933,66.1243],[-161.139,66.1174],[-161.1826,66.1243],[-161.1069,66.1386],[-161.1117,66.1579],[-161.0933,66.1728],[-161.1143,66.2069],[-161.0881,66.2184],[-161.0864,66.241],[-161.1057,66.2504],[-161.1758,66.2274],[-161.2369,66.2231],[-161.3207,66.2328],[-161.3738,66.2622],[-161.3601,66.2752],[-161.5059,66.2789],[-161.5712,66.258],[-161.6182,66.2038],[-161.6381,66.195],[-161.6587,66.1623],[-161.6853,66.1386],[-161.7853,66.0759],[-161.7377,66.0884],[-161.7294,66.0784],[-161.7791,66.0629],[-161.8173,66.0398],[-161.8474,66.0076],[-161.7928,65.994],[-161.8207,65.9803],[-161.8954,65.9795],[-161.9225,65.9878],[-161.8992,66.0031],[-161.9082,66.0219],[-161.926,66.0251],[-161.9771,66.0151],[-161.9489,66.0344],[-161.9156,66.0424],[-162.1794,66.0759],[-162.2101,66.0717],[-162.3061,66.0424],[-162.388,66.0356],[-162.4457,66.0512],[-162.4685,66.071],[-162.5493,66.0513],[-162.6547,66.0385],[-162.6769,66.0065],[-162.6903,66.0219],[-162.6829,66.0698],[-162.7108,66.0855],[-162.7648,66.1039],[-162.8645,66.098],[-162.9477,66.1035],[-163.0405,66.0792],[-163.1217,66.0704],[-163.2864,66.0759],[-163.3544,66.0976],[-163.6805,66.0786],[-163.7591,66.0902],[-163.8075,66.1072],[-163.855,66.1337],[-163.8905,66.1676],[-163.9031,66.2069],[-163.9457,66.2087],[-163.9598,66.187],[-163.9905,66.1892],[-163.9857,66.2069],[-164.0321,66.1921],[-164.1911,66.1933],[-164.1757,66.2082],[-164.1203,66.204],[-164.0782,66.2226],[-163.9993,66.2274],[-163.9188,66.2465],[-163.8766,66.2659],[-163.8547,66.2895],[-163.8956,66.3372],[-163.8852,66.3799],[-163.8956,66.3993],[-163.8642,66.4365],[-163.7846,66.4709],[-163.7591,66.5048],[-163.7718,66.5451],[-163.8069,66.57],[-163.9209,66.5732],[-163.9301,66.5858],[-163.6287,66.57],[-163.6757,66.5922],[-163.7363,66.6035],[-163.9864,66.6123],[-164.2744,66.6023],[-164.5227,66.5824],[-164.7181,66.5563],[-164.7313,66.5327],[-164.9506,66.4602],[-164.9582,66.4403],[-165.0266,66.4225],[-165.0334,66.3993],[-165.062,66.4075],[-165.0824,66.426],[-165.0749,66.4403],[-165.1052,66.4453],[-165.3057,66.437],[-165.3635,66.4189],[-165.4877,66.4023],[-165.7664,66.3236],[-165.8387,66.289],[-165.8729,66.2634],[-165.89,66.241],[-165.874,66.2256],[-165.8489,66.2201],[-165.766,66.2202],[-165.7109,66.2126],[-165.6118,66.1829],[-165.5406,66.1735],[-165.5001,66.1523],[-165.755,66.1053],[-166.0937,66.1253],[-166.1643,66.1523],[-166.1451,66.1566],[-166.0892,66.1523],[-166.1849,66.175],[-166.2875,66.1796],[-166.3575,66.1566],[-166.4082,66.1479],[-166.4608,66.1286],[-166.5356,66.1195],[-166.725,66.0613],[-166.8154,66.0076],[-166.7949,65.9878],[-166.8159,65.9818],[-166.8768,65.9878],[-166.8476,66.0092],[-166.928,65.9914],[-166.973,65.9742],[-166.8768,65.9468],[-166.8934,65.9294],[-166.9864,65.9086],[-167.0599,65.8776],[-167.1511,65.8598],[-167.2132,65.8643],[-167.2612,65.883],[-167.2883,65.9052],[-167.3459,65.8986],[-167.5211,65.8301],[-167.4528,65.8097],[-167.5251,65.8133],[-167.561,65.8089],[-167.5764,65.7925],[-167.5592,65.7787],[-167.4966,65.7654],[-167.5006,65.7408],[-167.5312,65.7261],[-167.5809,65.7207],[-167.8227,65.7203],[-167.8262,65.7014],[-167.8561,65.6835],[-168.0004,65.6426],[-168.0399,65.6359],[-168.0629,65.6514],[-168.0567,65.6772],[-168.028,65.6968],[-167.991,65.7091],[-167.9409,65.7167],[-167.8779,65.7385],[-167.8821,65.7554],[-167.924,65.7486],[-168.0716,65.7071],[-168.1154,65.686],[-168.1374,65.665],[-168.1278,65.6422],[-168.1039,65.6241],[-168.081,65.5915],[-168.0322,65.5734],[-167.887,65.5476],[-167.823,65.5238],[-167.7221,65.5047],[-167.6431,65.4759],[-167.6043,65.4534],[-167.3986,65.4011],[-167.1843,65.3932],[-167.0004,65.3781],[-166.8636,65.3513],[-166.7669,65.3358],[-166.6499,65.3268],[-166.7259,65.3421],[-166.8701,65.3608],[-166.913,65.3708],[-166.9383,65.3851],[-166.647,65.3513],[-166.5028,65.3362],[-166.3738,65.3053],[-166.3101,65.3122],[-166.2279,65.3016],[-166.1404,65.2857],[-166.0766,65.2636],[-166.0312,65.2431],[-166.0565,65.233],[-166.1246,65.2343],[-166.2516,65.2581],[-166.3236,65.2555],[-166.3567,65.2752],[-166.4039,65.2541],[-166.4692,65.2446],[-166.4887,65.2343],[-166.4692,65.1893],[-166.4858,65.1736],[-166.5342,65.1518],[-166.5342,65.1374],[-166.61,65.1223],[-166.6567,65.1251],[-166.7126,65.1129],[-166.7543,65.1156],[-166.8442,65.1363],[-166.8762,65.1491],[-166.9177,65.1544],[-166.9321,65.1689],[-166.9059,65.2206],[-166.8528,65.2779],[-166.8802,65.2821],[-166.9102,65.2645],[-166.9396,65.2208],[-166.9615,65.1544],[-166.8786,65.1027],[-166.829,65.0828],[-166.7495,65.062],[-166.7114,65.0437],[-166.6874,65.0228],[-166.7001,64.994],[-166.6845,64.9822],[-166.5257,64.9365],[-166.4448,64.8985],[-166.5152,64.9378],[-166.5273,64.9531],[-166.5048,64.9511],[-166.471,64.9304],[-166.4329,64.9216],[-166.3902,64.8985],[-166.4088,64.8695],[-166.4039,64.8358],[-166.3861,64.8273],[-166.4804,64.802],[-166.4746,64.7481],[-166.4835,64.7296],[-166.446,64.6915],[-166.3704,64.6378],[-166.1897,64.5852],[-166.0024,64.5714],[-165.8775,64.5482],[-165.4462,64.5119],[-165.0355,64.4483],[-164.8371,64.4552],[-164.7965,64.4634],[-164.9241,64.4597],[-164.8962,64.4727],[-164.954,64.4944],[-164.9651,64.5075],[-164.942,64.5076],[-164.9082,64.524],[-164.9099,64.4932],[-164.8857,64.4915],[-164.8363,64.5148],[-164.8074,64.5211],[-164.6917,64.5313],[-164.6566,64.5211],[-164.746,64.4932],[-164.6504,64.5023],[-164.3419,64.59],[-164.2662,64.5758],[-164.3891,64.5695],[-163.9714,64.5695],[-163.8171,64.59],[-163.6785,64.5863],[-163.5366,64.5645],[-163.409,64.528],[-163.3574,64.5052],[-163.2793,64.4857],[-163.2247,64.4317],[-163.1659,64.4106],[-163.135,64.4125],[-163.1146,64.461],[-163.0967,64.4758],[-163.0465,64.4932],[-163.053,64.51],[-163.0397,64.5211],[-163.1182,64.5142],[-163.1623,64.522],[-163.211,64.5559],[-163.2914,64.5575],[-163.3135,64.5621],[-163.3898,64.5969],[-163.3586,64.6037],[-163.2425,64.6484],[-163.2148,64.6545],[-163.149,64.6583],[-163.1477,64.6271],[-163.1071,64.6082],[-163.0566,64.5921],[-163.0255,64.5695],[-163.0533,64.5559],[-162.9708,64.5559],[-162.8962,64.518],[-162.8275,64.5006],[-162.8613,64.4865],[-162.8746,64.4597],[-162.8444,64.4441],[-162.8155,64.4089],[-162.82,64.3703],[-162.8044,64.3478],[-162.7813,64.3437],[-162.7346,64.3672],[-162.6426,64.3944],[-162.6434,64.4202],[-162.6146,64.446],[-162.6214,64.487],[-162.6072,64.5068],[-162.5112,64.5587],[-162.3181,64.613],[-162.2702,64.6193],[-162.2194,64.6647],[-162.1774,64.6882],[-162.1428,64.6962],[-162.0665,64.6993],[-162.1217,64.7129],[-162.0809,64.7211],[-161.9825,64.7031],[-161.8955,64.7117],[-161.8641,64.7334],[-161.7995,64.7613],[-161.8614,64.748],[-161.9141,64.7221],[-161.9498,64.7259],[-161.8963,64.754],[-161.7164,64.7949],[-161.7409,64.798],[-161.8064,64.8227],[-161.7336,64.8207],[-161.7012,64.8118],[-161.6724,64.7917],[-161.5644,64.7704],[-161.5458,64.7509],[-161.5116,64.7675],[-161.4222,64.7744],[-161.3738,64.8023],[-161.3618,64.8264],[-161.3223,64.8455],[-161.3076,64.872],[-161.2294,64.896],[-161.2071,64.9097],[-161.2106,64.9326],[-161.1826,64.9395],[-161.0629,64.9326],[-161.0522,64.9456],[-161.0201,64.9472],[-160.9908,64.9394],[-161.0858,64.913],[-161.1333,64.924],[-161.1465,64.9182],[-161.0444,64.8625],[-161.0034,64.8549],[-160.9635,64.8358],[-160.916,64.8287],[-160.8847,64.8101],[-160.8366,64.7576],[-160.8015,64.7364],[-160.7877,64.7178],[-160.8032,64.6434],[-160.834,64.6173],[-160.9288,64.5826],[-160.9735,64.5559],[-161.0859,64.5526],[-161.0045,64.528],[-161.035,64.5078],[-161.0933,64.5026],[-161.3404,64.524],[-161.3875,64.5421],[-161.457,64.5211],[-161.4681,64.51],[-161.4857,64.4571],[-161.5184,64.4385],[-161.5389,64.3908],[-161.5207,64.3925],[-161.4836,64.4249],[-161.4294,64.4333],[-161.3318,64.4175],[-161.1888,64.4181],[-161.2578,64.4051],[-161.1758,64.384],[-161.2031,64.3641],[-161.1755,64.3509],[-161.1159,64.31],[-161.0634,64.2958],[-160.9954,64.2657],[-160.9735,64.2505],[-160.9516,64.2063],[-160.9453,64.096],[-160.9288,64.0482],[-160.805,63.9045],[-160.767,63.8241],[-160.7916,63.7465],[-160.8499,63.6983],[-160.8925,63.6849],[-160.9499,63.6367],[-161.0339,63.6101],[-161.0565,63.5744],[-161.1863,63.5056],[-161.3881,63.4796],[-161.4405,63.4602],[-161.4835,63.4735],[-161.5116,63.4728],[-161.5734,63.4554],[-161.6208,63.4665],[-161.6603,63.4696],[-162.1689,63.4312],[-162.149,63.4441],[-162.087,63.4523],[-162.0376,63.4843],[-162.0842,63.5147],[-162.1348,63.5212],[-162.2373,63.5463],[-162.2932,63.5504],[-162.3135,63.5342],[-162.2726,63.5075],[-162.28,63.4891],[-162.4016,63.4312],[-162.4289,63.4039],[-162.5965,63.2767],[-162.6966,63.2292],[-162.8063,63.2196],[-162.8339,63.2049],[-162.8479,63.1649],[-162.8808,63.1409],[-162.923,63.1234],[-162.9692,63.1144],[-163.0131,63.0847],[-163.094,63.0574],[-163.2902,63.0488],[-163.3505,63.0308],[-163.396,63.0681],[-163.4407,63.096],[-163.4913,63.1018],[-163.5286,63.1167],[-163.557,63.1047],[-163.6008,63.0681],[-163.6529,63.0451],[-163.7624,63.0152],[-163.8069,62.9862],[-163.7919,63.0219],[-163.656,63.0604],[-163.6025,63.1056],[-163.5418,63.1288],[-163.5885,63.1351],[-163.6635,63.1165],[-163.6434,63.1313],[-163.6466,63.1589],[-163.6767,63.1674],[-163.6942,63.1882],[-163.7324,63.2059],[-163.7292,63.2168],[-163.7673,63.2248],[-163.8274,63.2196],[-163.9946,63.2563],[-164.1454,63.2622],[-164.3658,63.2292],[-164.4235,63.209],[-164.4878,63.1707],[-164.5791,63.1406],[-164.5952,63.1301],[-164.5491,63.1162],[-164.5228,63.0883],[-164.3767,63.0705],[-164.3509,63.0596],[-164.314,63.0141],[-164.3337,63.009],[-164.3843,63.0252],[-164.4102,63.0203],[-164.4416,63.0319],[-164.4874,63.0158],[-164.5282,63.0347],[-164.6626,63.0321],[-164.7235,63.0129],[-164.7534,62.991],[-164.8161,62.9272],[-164.8481,62.8797],[-164.8492,62.8599],[-164.8832,62.8415],[-164.8618,62.8195],[-164.8326,62.8089],[-164.7665,62.8012],[-164.7761,62.7885],[-164.8591,62.7949],[-164.89,62.7869],[-164.8627,62.7739],[-164.8763,62.7596],[-164.8667,62.7493],[-164.8832,62.7391],[-164.8433,62.7051],[-164.8132,62.6202],[-164.7791,62.619],[-164.7403,62.6345],[-164.6634,62.6783],[-164.6126,62.693],[-164.5398,62.7388],[-164.5043,62.7503],[-164.4791,62.7459],[-164.7047,62.6125],[-164.7944,62.5883],[-164.8347,62.5844],[-164.858,62.5636],[-164.8006,62.5472],[-164.8004,62.5236],[-164.8415,62.4927],[-164.8107,62.4863],[-164.7429,62.4964],[-164.7051,62.4791],[-164.6579,62.5102],[-164.63,62.5132],[-164.6771,62.4744],[-164.6703,62.462],[-164.5865,62.4548],[-164.5819,62.4262],[-164.63,62.4238],[-164.6857,62.3865],[-164.7336,62.3787],[-164.6951,62.3965],[-164.6656,62.4188],[-164.6088,62.4374],[-164.6907,62.4374],[-164.7357,62.4648],[-164.8109,62.4694],[-164.8481,62.4779],[-164.8674,62.5107],[-164.849,62.5275],[-164.8679,62.538],[-164.931,62.5337],[-165.0203,62.5411],[-165.0957,62.5298],[-165.133,62.5157],[-165.1846,62.4774],[-165.2735,62.4374],[-165.3145,62.404],[-165.3446,62.366],[-165.4477,62.3029],[-165.5946,62.1783],[-165.6419,62.1638],[-165.7056,62.1166],[-165.7137,62.0853],[-165.7309,62.0765],[-165.7595,62.0256],[-165.7585,62.0053],[-165.7391,61.9651],[-165.7098,61.9274],[-165.6893,61.9103],[-165.6441,61.8953],[-165.6102,61.8644],[-165.5882,61.8621],[-165.6091,61.8513],[-165.7261,61.8485],[-165.7801,61.8279],[-165.8493,61.8361],[-165.911,61.8279],[-165.9759,61.8354],[-166.1028,61.8211],[-166.0801,61.7895],[-166.0443,61.7585],[-166.0034,61.7349],[-165.958,61.7227],[-165.9112,61.7042],[-165.8701,61.7051],[-165.8285,61.6908],[-165.7795,61.6964],[-165.7824,61.6841],[-166.0196,61.6571],[-166.0562,61.6424],[-166.1164,61.6361],[-166.154,61.6567],[-166.1444,61.7255],[-166.1727,61.6946],[-166.1854,61.6567],[-166.1854,61.6157],[-166.1999,61.5946],[-166.1383,61.5161],[-166.1062,61.4985],[-166.0544,61.5058],[-166.096,61.5195],[-166.0857,61.5322],[-166.0504,61.5434],[-165.9239,61.5622],[-165.8908,61.5568],[-165.8558,61.54],[-165.8021,61.5281],[-165.777,61.5158],[-165.7673,61.4755],[-165.7801,61.458],[-165.8911,61.4288],[-165.9183,61.4147],[-165.9213,61.3994],[-165.8768,61.3366],[-165.8558,61.3209],[-165.8287,61.313],[-165.6995,61.3034],[-165.6237,61.2805],[-165.61,61.2526],[-165.6422,61.2489],[-165.6435,61.2215],[-165.623,61.2008],[-165.6367,61.1911],[-165.6217,61.1435],[-165.5821,61.1086],[-165.5472,61.0939],[-165.5128,61.087],[-165.4374,61.0812],[-165.3737,61.0716],[-165.363,61.0775],[-165.3642,61.1081],[-165.3766,61.1291],[-165.3464,61.1567],[-165.3996,61.1956],[-165.3902,61.2246],[-165.3555,61.2458],[-165.3129,61.2609],[-165.2258,61.2731],[-165.2338,61.2877],[-165.2289,61.3175],[-165.2805,61.3187],[-165.2941,61.3345],[-165.2531,61.3618],[-165.191,61.383],[-165.2047,61.4102],[-165.1547,61.4334],[-165.133,61.437],[-165.0999,61.4287],[-165.0792,61.4371],[-165.0858,61.4763],[-165.0399,61.4709],[-165.0086,61.5035],[-164.9667,61.5166],[-164.8962,61.5195],[-164.8776,61.526],[-164.8211,61.5679],[-164.7869,61.6014],[-164.746,61.6088],[-164.7665,61.6287],[-164.7241,61.6256],[-164.6907,61.6014],[-164.7528,61.5889],[-164.7431,61.571],[-164.7634,61.5417],[-164.8415,61.5195],[-164.8415,61.499],[-164.8689,61.499],[-164.9677,61.4896],[-164.9992,61.4792],[-165.0061,61.4648],[-165.0578,61.4517],[-165.0477,61.437],[-165.0762,61.4194],[-165.1588,61.4186],[-165.1774,61.3959],[-165.1578,61.3658],[-165.1826,61.352],[-165.2258,61.3481],[-165.2599,61.3283],[-165.2084,61.3268],[-165.2067,61.2792],[-165.2255,61.2594],[-165.2933,61.2548],[-165.3627,61.2128],[-165.3697,61.2008],[-165.3469,61.1971],[-165.2115,61.1496],[-165.1444,61.1594],[-165.15,61.1837],[-165.1361,61.201],[-165.0824,61.2185],[-165.1193,61.2304],[-165.1433,61.2594],[-165.0607,61.2185],[-165.1156,61.1906],[-165.1295,61.1566],[-165.191,61.1365],[-165.1752,61.1218],[-165.1297,61.1066],[-165.1094,61.081],[-165.0587,61.0629],[-165.0337,61.0601],[-165.004,61.0687],[-165.0126,61.1063],[-164.9992,61.1147],[-164.931,61.1147],[-164.8763,61.1086],[-164.7834,61.12],[-164.7665,61.1086],[-164.8279,61.0996],[-164.8645,61.0798],[-164.9272,61.087],[-164.9401,61.0838],[-164.9528,61.057],[-164.9508,61.0198],[-164.9742,61.0253],[-165.0886,61.0198],[-165.1182,61.0133],[-165.1985,60.9782],[-165.1708,60.9416],[-165.129,60.9235],[-165.0815,60.9174],[-165.0152,60.921],[-164.9582,60.9509],[-164.9071,60.9587],[-164.8558,60.9509],[-164.8149,60.9081],[-164.7976,60.9025],[-164.7679,60.9198],[-164.715,60.9372],[-164.628,60.9323],[-164.6026,60.923],[-164.5845,60.9001],[-164.6026,60.8758],[-164.5644,60.8547],[-164.3638,60.8721],[-164.1354,60.8671],[-164.0071,60.8622],[-163.9575,60.8682],[-163.9133,60.8926],[-163.8867,60.928],[-163.8371,60.95],[-163.796,60.9577],[-163.8,60.9782],[-163.7688,60.9805],[-163.7041,60.9997],[-163.6697,60.9919],[-163.702,60.9643],[-163.7237,60.9566],[-163.7454,60.9645],[-163.7564,60.9453],[-163.7251,60.9324],[-163.5795,60.9199],[-163.556,60.9],[-163.5784,60.8841],[-163.6976,60.8684],[-163.7659,60.8895],[-163.8089,60.8925],[-163.8529,60.8832],[-163.9304,60.8547],[-163.9128,60.8496],[-163.8615,60.8547],[-163.5437,60.81],[-163.4243,60.7647],[-163.409,60.7523],[-163.4717,60.7523],[-163.4419,60.7353],[-163.4291,60.717],[-163.4358,60.6975],[-163.4643,60.6766],[-163.6435,60.6015],[-163.7314,60.5827],[-163.7799,60.5804],[-163.826,60.6072],[-163.8362,60.6396],[-163.8069,60.6697],[-163.8318,60.6838],[-163.8069,60.7349],[-163.8162,60.7551],[-163.8387,60.769],[-163.8888,60.7796],[-163.9556,60.7799],[-164.0198,60.7665],[-164.0626,60.748],[-164.1018,60.7182],[-164.1196,60.6806],[-164.1351,60.6637],[-164.1632,60.6567],[-164.2288,60.658],[-164.2593,60.6533],[-164.355,60.5941],[-164.3972,60.5604],[-164.4204,60.5543],[-164.4443,60.5673],[-164.4102,60.5804],[-164.3959,60.6083],[-164.3419,60.6328],[-164.32,60.6623],[-164.2184,60.6902],[-164.2355,60.7126],[-164.2246,60.7311],[-164.2522,60.7349],[-164.2662,60.7523],[-164.2708,60.7879],[-164.2836,60.7927],[-164.3516,60.7927],[-164.3754,60.8001],[-164.4164,60.8001],[-164.4648,60.8205],[-164.5964,60.8189],[-164.6691,60.8258],[-164.6976,60.8547],[-164.6421,60.8999],[-164.6395,60.9133],[-164.6684,60.9218],[-164.711,60.9172],[-164.7808,60.8957],[-164.8193,60.8714],[-164.8483,60.8716],[-164.8956,60.9017],[-164.9156,60.9245],[-164.9374,60.9365],[-164.9582,60.9168],[-164.9422,60.8896],[-164.8978,60.8693],[-164.8749,60.8488],[-164.9241,60.8205],[-164.9822,60.7963],[-165.0314,60.787],[-165.0303,60.7762],[-164.9967,60.7452],[-164.9897,60.7297],[-164.9992,60.7114],[-165.0234,60.6967],[-165.0806,60.6817],[-165.1188,60.6586],[-165.1711,60.6431],[-165.204,60.6254],[-165.2488,60.6147],[-165.2819,60.5891],[-165.3143,60.5809],[-165.3541,60.5884],[-165.3839,60.581],[-165.4312,60.553],[-165.3843,60.5169],[-165.3697,60.5121],[-165.2217,60.499],[-165.1956,60.5023],[-165.1602,60.522],[-165.0104,60.5545],[-164.9742,60.5336],[-164.9834,60.5101],[-165.0026,60.5058],[-165.024,60.469],[-165.1216,60.4505],[-165.1433,60.4506],[-165.1291,60.4317],[-165.0715,60.3848],[-164.989,60.3414],[-164.8088,60.3081],[-164.7535,60.2871],[-164.715,60.3006],[-164.6492,60.3339],[-164.6733,60.3122],[-164.6737,60.2952],[-164.6492,60.2787],[-164.6611,60.2664],[-164.6438,60.2483],[-164.6147,60.2319],[-164.5644,60.2185],[-164.5126,60.1906],[-164.4853,60.1837],[-164.4952,60.1599],[-164.4791,60.1422],[-164.4127,60.0918],[-164.3852,60.0849],[-164.3481,60.0665],[-164.2006,60.0343],[-164.1467,60.0104],[-164.1147,60.005],[-164.1365,59.9914],[-164.0949,59.9777],[-164.1838,59.9687],[-164.2123,59.955],[-164.2048,59.9156],[-164.1599,59.8646],[-164.1285,59.8427],[-164.0983,59.8337],[-163.8771,59.7995],[-163.6149,59.8008],[-163.3165,59.8303],[-163.0876,59.8591],[-162.808,59.9426],[-162.7528,59.9682],[-162.7517,60.005],[-162.7004,59.9888],[-162.6398,59.9814],[-162.5787,59.9839],[-162.5258,59.9975],[-162.4852,60.0354],[-162.4755,60.0734],[-162.493,60.0992],[-162.4932,60.1368],[-162.4538,60.1732],[-162.4503,60.1911],[-162.4692,60.2049],[-162.5584,60.2375],[-162.6573,60.2517],[-162.7033,60.2657],[-162.5736,60.2589],[-162.5522,60.2672],[-162.5622,60.2939],[-162.6009,60.3066],[-162.5668,60.3135],[-162.6083,60.3271],[-162.5804,60.3476],[-162.5678,60.3342],[-162.5378,60.351],[-162.4979,60.3613],[-162.5092,60.3729],[-162.4643,60.396],[-162.4648,60.3724],[-162.416,60.3824],[-162.4412,60.4234],[-162.4289,60.437],[-162.3824,60.437],[-162.3659,60.4766],[-162.3061,60.5332],[-162.2763,60.6129],[-162.1838,60.6396],[-162.1332,60.6474],[-162.1234,60.6589],[-162.1217,60.694],[-162.1832,60.7311],[-162.1538,60.7325],[-162.1151,60.7128],[-162.0882,60.6869],[-162.0944,60.6697],[-162.0723,60.6652],[-161.9106,60.7137],[-161.8815,60.7039],[-161.9634,60.6766],[-161.943,60.6697],[-161.9671,60.6457],[-162.0613,60.651],[-162.1916,60.5939],[-162.2241,60.5878],[-162.22,60.5522],[-162.2287,60.5424],[-162.2275,60.509],[-162.3031,60.4709],[-162.3192,60.4226],[-162.3332,60.4002],[-162.3905,60.3295],[-162.4424,60.3096],[-162.4586,60.2951],[-162.447,60.282],[-162.4125,60.2725],[-162.3644,60.2418],[-162.3417,60.219],[-162.3476,60.1906],[-162.3749,60.1763],[-162.3377,60.1297],[-162.3172,60.1131],[-162.2384,60.1356],[-162.2287,60.1456],[-162.2365,60.1628],[-162.2577,60.1738],[-162.2893,60.1763],[-162.2983,60.1892],[-162.2845,60.197],[-162.2999,60.2172],[-162.2981,60.2359],[-162.2726,60.2452],[-162.2786,60.2235],[-162.2489,60.2147],[-162.181,60.2231],[-162.2036,60.2452],[-162.1617,60.2507],[-162.1616,60.2164],[-162.2213,60.2019],[-162.2514,60.2014],[-162.2074,60.1596],[-162.2036,60.1387],[-162.2142,60.1156],[-162.2401,60.0898],[-162.2098,60.0255],[-162.1788,59.9904],[-162.1581,59.9765],[-162.1088,59.9652],[-162.1001,59.9511],[-162.1013,59.9156],[-162.0818,59.8779],[-161.9941,59.8111],[-161.909,59.7188],[-161.8815,59.6972],[-161.8762,59.6677],[-161.8592,59.6281],[-161.7139,59.5014],[-161.7307,59.4848],[-161.771,59.47],[-161.8016,59.4792],[-161.8212,59.4634],[-161.8474,59.4222],[-161.8675,59.4331],[-161.9051,59.3955],[-161.9466,59.3878],[-161.9709,59.3539],[-161.9643,59.3153],[-161.9683,59.2808],[-161.9831,59.2537],[-162.009,59.2375],[-162.035,59.2509],[-162.0437,59.2658],[-162.0362,59.2819],[-161.9982,59.3129],[-162.0387,59.2894],[-162.0515,59.2702],[-161.9741,59.1314],[-161.9394,59.0986],[-161.8965,59.0754],[-161.8474,59.0666],[-161.881,59.0789],[-161.8884,59.0944],[-161.8735,59.111],[-161.8405,59.1206],[-161.7231,59.1158],[-161.6829,59.1206],[-161.6379,59.1422],[-161.6103,59.1206],[-161.5779,59.1205],[-161.5731,59.1013],[-161.6003,59.1013],[-161.614,59.0808],[-161.694,59.0549],[-161.7252,59.0351],[-161.7986,59.0175],[-161.8126,59.022],[-161.8221,59.0444],[-161.8558,59.0338],[-161.8347,59.0029],[-161.7995,58.984],[-161.7928,58.9648],[-161.7907,58.8999],[-161.7776,58.8577],[-161.7586,58.8263],[-161.7747,58.7705],[-161.7621,58.7727],[-161.7335,58.8079],[-161.6848,58.8186],[-161.6556,58.8065],[-161.6774,58.7735],[-161.7174,58.7548],[-161.7862,58.7587],[-161.8219,58.7335],[-161.8654,58.7163],[-161.8675,58.704],[-161.8428,58.6916],[-161.8587,58.6694],[-161.8911,58.6537],[-161.9344,58.6496],[-161.9498,58.6755],[-161.9903,58.6791],[-162.0301,58.6759],[-162.046,58.6829],[-162.0671,58.6667],[-162.1218,58.6639],[-162.1761,58.6449],[-162.0772,58.6209],[-162.0358,58.6259],[-162.0121,58.6207],[-161.9801,58.6284],[-161.9597,58.6233],[-161.9128,58.6319],[-161.7977,58.6232],[-161.7629,58.591],[-161.7651,58.6451],[-161.7102,58.614],[-161.7205,58.5993],[-161.7522,58.5771],[-161.7648,58.5594],[-161.7075,58.5612],[-161.6656,58.5908],[-161.6127,58.6049],[-161.5624,58.602],[-161.536,58.6233],[-161.4883,58.6404],[-161.3639,58.6596],[-161.3013,58.6818],[-161.3619,58.6685],[-161.3745,58.6723],[-161.3746,58.6997],[-161.3575,58.7262],[-161.3105,58.7481],[-161.2898,58.7779],[-161.3107,58.7886],[-161.3061,58.8126],[-161.2714,58.8201],[-161.2912,58.7926],[-161.2441,58.7827],[-161.1797,58.7827],[-161.1732,58.7976],[-161.1376,58.7992],[-161.1096,58.8115],[-161.0762,58.8176],[-161.0332,58.8425],[-160.9933,58.8467],[-160.9614,58.8732],[-160.9077,58.8764],[-160.8886,58.8841],[-160.8424,58.868],[-160.8294,58.8526],[-160.8337,58.8125],[-160.7685,58.8964],[-160.6942,58.9282],[-160.6672,58.9476],[-160.5295,59.0019],[-160.4015,59.0488],[-160.3522,59.0707],[-160.3254,59.0666],[-160.3347,59.0538],[-160.3172,59.0377],[-160.2694,59.0117],[-160.2551,58.9903],[-160.2675,58.9775],[-160.296,58.977],[-160.3311,58.9517],[-160.3289,58.9414],[-160.3015,58.9451],[-160.2877,58.9324],[-160.2677,58.9504],[-160.2567,58.9462],[-160.2572,58.9119],[-160.2464,58.8869],[-160.2223,58.9022],[-160.1522,58.9161],[-160.1581,58.8993],[-160.1502,58.8809],[-160.1653,58.8644],[-160.1323,58.8664],[-160.0969,58.8572],[-160.0849,58.8756],[-160.0458,58.8826],[-159.9971,58.8741],[-159.9833,58.8608],[-159.9902,58.84],[-159.9115,58.7758],[-159.9061,58.7654],[-159.84,58.7927],[-159.7949,58.8003],[-159.7862,58.817],[-159.807,58.8447],[-159.7769,58.8488],[-159.766,58.8314],[-159.7433,58.8545],[-159.7682,58.8655],[-159.7346,58.8927],[-159.7252,58.9104],[-159.7381,58.9282],[-159.6513,58.9356],[-159.6175,58.9313],[-159.5869,58.9075],[-159.6302,58.8527],[-159.6609,58.8394],[-159.5941,58.8317],[-159.5793,58.8462],[-159.5515,58.8474],[-159.5179,58.8263],[-159.4827,58.8161],[-159.385,58.7558],[-159.2089,58.5867],[-159.151,58.5188],[-159.1146,58.4901],[-159.0785,58.4911],[-159.0837,58.4691],[-159.0747,58.4587],[-159.0307,58.4564],[-159.0463,58.4383],[-159.0716,58.4427],[-159.0513,58.4247],[-158.9398,58.3981],[-158.8297,58.4048],[-158.7973,58.4222],[-158.8253,58.429],[-158.7821,58.4372],[-158.7598,58.4471],[-158.7397,58.4742],[-158.7087,58.4923],[-158.7228,58.5048],[-158.7585,58.5073],[-158.77,58.5185],[-158.7727,58.5588],[-158.7939,58.5693],[-158.8202,58.614],[-158.8516,58.6771],[-158.8894,58.7063],[-158.9084,58.7412],[-158.9146,58.7754],[-158.8614,58.7995],[-158.8873,58.7996],[-158.8732,58.8132],[-158.8271,58.8194],[-158.8079,58.8095],[-158.8043,58.7947],[-158.8198,58.7839],[-158.8901,58.7636],[-158.8856,58.7368],[-158.8699,58.7307],[-158.828,58.7363],[-158.788,58.7698],[-158.7836,58.7995],[-158.7939,58.8164],[-158.77,58.9111],[-158.772,58.9205],[-158.8105,58.966],[-158.8253,58.9771],[-158.7464,58.9948],[-158.7397,58.9799],[-158.7905,58.9634],[-158.7626,58.9437],[-158.729,58.9287],[-158.7534,58.8904],[-158.7295,58.8736],[-158.6885,58.8956],[-158.6444,58.9113],[-158.609,58.9332],[-158.5779,58.9592],[-158.5613,58.9855],[-158.5473,58.9935],[-158.5372,59.0256],[-158.5212,59.0373],[-158.4621,59.0528],[-158.4573,59.0759],[-158.5167,59.1115],[-158.5161,59.1348],[-158.5475,59.1448],[-158.5441,59.1758],[-158.5235,59.1484],[-158.4989,59.1439],[-158.4893,59.1178],[-158.4416,59.087],[-158.4027,59.0737],[-158.3166,59.0624],[-158.2338,59.0392],[-158.1402,59.0362],[-158.1021,59.0147],[-158.0523,58.9713],[-158.0342,58.9428],[-158.0506,58.9225],[-158.0281,58.9075],[-157.9954,58.9083],[-158.0139,58.8957],[-158.0171,58.8741],[-158.0445,58.8884],[-158.0643,58.9083],[-158.0695,58.9433],[-158.1046,58.9799],[-158.1372,58.9995],[-158.1728,59.013],[-158.3833,59.0386],[-158.4243,59.0328],[-158.4913,59.0015],[-158.4758,58.984],[-158.4416,58.9982],[-158.4394,58.9835],[-158.4211,58.9771],[-158.4775,58.9632],[-158.4993,58.9488],[-158.4888,58.9225],[-158.52,58.8673],[-158.5515,58.8474],[-158.5662,58.8195],[-158.5461,58.7993],[-158.4083,58.7701],[-158.3802,58.7574],[-158.3453,58.7241],[-158.3358,58.7015],[-158.3454,58.6829],[-158.3159,58.6466],[-158.263,58.6235],[-158.2034,58.613],[-158.1537,58.614],[-157.9781,58.6475],[-157.8142,58.6877],[-157.6575,58.7362],[-157.5682,58.7479],[-157.4752,58.7996],[-157.424,58.803],[-157.3731,58.8248],[-157.2545,58.8405],[-157.1356,58.8773],[-157.0845,58.8867],[-157.0696,58.8997],[-157.0349,58.9594],[-156.9918,58.9818],[-156.9354,58.9875],[-156.8897,59.0125],[-156.8788,59.0324],[-156.8868,59.0679],[-156.8651,59.1112],[-156.7832,59.1552],[-156.8429,59.1032],[-156.8514,59.0771],[-156.8516,59.0182],[-156.8603,58.9939],[-156.8825,58.984],[-156.9613,58.9634],[-156.9824,58.9433],[-156.9886,58.8952],[-157.0255,58.8635],[-157.0023,58.84],[-157.0688,58.7785],[-157.078,58.7574],[-157.0619,58.7262],[-157.0237,58.7265],[-156.9409,58.7444],[-156.9409,58.7375],[-156.9961,58.7238],[-157.0918,58.7098],[-157.2673,58.6203],[-157.3586,58.5464],[-157.4361,58.5216],[-157.4579,58.5079],[-157.5027,58.4637],[-157.5621,58.3637],[-157.5685,58.3207],[-157.5373,58.2919],[-157.5454,58.2736],[-157.529,58.256],[-157.4575,58.2209],[-157.4335,58.2219],[-157.3796,58.2373],[-157.3475,58.2392],[-157.1871,58.2049],[-157.1633,58.1916],[-157.1395,58.1684],[-157.1554,58.1695],[-157.1943,58.1939],[-157.3555,58.2099],[-157.3842,58.2071],[-157.4274,58.1758],[-157.4858,58.1655],[-157.5198,58.1674],[-157.5435,58.1758],[-157.5795,58.1404],[-157.6055,58.1052],[-157.6152,58.0412],[-157.6301,57.9785],[-157.6367,57.9094],[-157.6446,57.8782],[-157.6671,57.8189],[-157.6984,57.7595],[-157.7088,57.7299],[-157.7012,57.7097],[-157.71,57.674],[-157.7046,57.6376],[-157.6719,57.6181],[-157.6261,57.6135],[-157.6448,57.6367],[-157.6301,57.6411],[-157.6022,57.624],[-157.6035,57.6085],[-157.5873,57.5632],[-157.5954,57.4932],[-157.5561,57.4948],[-157.5139,57.5098],[-157.4138,57.4975],[-157.4197,57.5126],[-157.4548,57.5521],[-157.3921,57.5663],[-157.4274,57.5316],[-157.3951,57.5128],[-157.4138,57.4899],[-157.479,57.4831],[-157.5162,57.4626],[-157.5094,57.4763],[-157.6567,57.4836],[-157.6528,57.5036],[-157.6832,57.5401],[-157.6916,57.5579],[-157.6807,57.5725],[-157.736,57.5588],[-157.7578,57.5643],[-157.7866,57.5561],[-157.8728,57.5136],[-157.9407,57.4975],[-157.9613,57.4842],[-158.0171,57.4285],[-158.0797,57.3966],[-158.0991,57.3808],[-158.0735,57.3815],[-158.0581,57.3671],[-158.1827,57.362],[-158.2844,57.3229],[-158.3124,57.3149],[-158.6079,57.101],[-158.6521,57.0598],[-158.6821,57.022],[-158.6949,56.9692],[-158.689,56.9396],[-158.6891,56.8845],[-158.6824,56.8693],[-158.6528,56.8362],[-158.6539,56.8054],[-158.6396,56.7637],[-158.6815,56.7866],[-158.7287,56.7894],[-158.7808,56.7775],[-158.8147,56.7814],[-158.8736,56.7978],[-158.911,56.8177],[-158.945,56.8429],[-158.9577,56.8425],[-158.9792,56.8057],[-158.9761,56.7849],[-159.0249,56.7966],[-159.0251,56.8167],[-158.9974,56.8288],[-158.9594,56.8535],[-158.8938,56.8745],[-158.8662,56.8941],[-158.9439,56.8699],[-159.041,56.8151],[-159.0864,56.7858],[-159.1753,56.7637],[-159.1997,56.7517],[-159.2634,56.7086],[-159.2089,56.6955],[-159.2888,56.6921],[-159.3246,56.674],[-159.4564,56.6293],[-159.5476,56.6132],[-159.5589,56.6203],[-159.4831,56.647],[-159.7457,56.5793],[-159.8477,56.5405],[-159.928,56.489],[-160.017,56.4454],[-160.1887,56.3869],[-160.2373,56.3392],[-160.3687,56.2768],[-160.3944,56.243],[-160.4038,56.2397],[-160.4289,56.1933],[-160.4556,56.1723],[-160.4626,56.1126],[-160.4764,56.0967],[-160.5163,56.0688],[-160.5322,56.0402],[-160.5681,56.0076],[-160.5799,55.9897],[-160.5618,55.9953],[-160.5391,55.9846],[-160.5383,55.9693],[-160.5725,55.9345],[-160.5663,55.9283],[-160.5207,55.9352],[-160.3192,55.8663],[-160.251,55.8525],[-160.2373,55.8383],[-160.3192,55.8253],[-160.2879,55.7939],[-160.2435,55.7768],[-160.2677,55.7723],[-160.3691,55.7868],[-160.4012,55.811],[-160.4226,55.8091],[-160.4602,55.7956],[-160.4763,55.8048],[-160.4796,55.8503],[-160.5122,55.8699],[-160.6887,55.8623],[-160.7171,55.8663],[-160.7845,55.8877],[-160.7993,55.8754],[-160.7825,55.8657],[-160.7567,55.7861],[-160.6994,55.753],[-160.6661,55.744],[-160.6619,55.7328],[-160.6757,55.7056],[-160.6896,55.6979],[-160.7472,55.7462],[-160.7681,55.7585],[-160.7818,55.751],[-160.799,55.7154],[-160.8204,55.7392],[-160.9152,55.8137],[-160.9501,55.833],[-160.9288,55.8799],[-160.9836,55.867],[-161.0045,55.8737],[-161.0234,55.8908],[-161.0144,55.9177],[-160.9793,55.9374],[-160.9404,55.9394],[-160.8605,55.9345],[-160.8714,55.9617],[-160.8741,55.9932],[-160.9324,55.9903],[-160.9599,55.9763],[-161.0113,55.9619],[-161.0533,55.9411],[-161.0727,55.9414],[-161.1242,55.9612],[-161.1548,55.9499],[-161.2069,55.9556],[-161.3675,55.9556],[-161.2733,55.9785],[-161.2578,55.986],[-161.1553,56.017],[-161.3566,55.9763],[-161.3889,55.9617],[-161.4577,55.9539],[-161.5255,55.9349],[-161.6409,55.9177],[-161.689,55.9036],[-161.7739,55.896],[-161.8263,55.8799],[-161.8983,55.842],[-161.913,55.8309],[-162.0505,55.7737],[-162.0926,55.7641],[-162.149,55.7228],[-162.227,55.6979],[-162.55,55.4587],[-162.6047,55.4299],[-162.6214,55.4069],[-162.5824,55.4373],[-162.557,55.4469],[-162.5289,55.4479],[-162.5043,55.4404],[-162.5076,55.4075],[-162.4918,55.3977],[-162.4971,55.374],[-162.5189,55.3728],[-162.5405,55.3539],[-162.5668,55.3454],[-162.6142,55.3515],[-162.635,55.3626],[-162.6418,55.3803],[-162.6533,55.3615],[-162.7139,55.3213],[-162.737,55.3109],[-162.7947,55.2995],[-162.8001,55.2903],[-162.8964,55.2667],[-162.8887,55.2468],[-162.8499,55.2454],[-162.8337,55.2294],[-162.8958,55.1896],[-162.962,55.169],[-162.9926,55.1818],[-163.0629,55.1758],[-163.0765,55.1807],[-163.0517,55.2143],[-162.9913,55.2424],[-163.0247,55.2456],[-163.149,55.181],[-163.3345,55.1195],[-163.3135,55.1053],[-163.3251,55.0956],[-163.2991,55.0612],[-163.293,55.0131],[-163.2821,54.9901],[-163.246,54.97],[-163.2551,54.9513],[-163.2814,54.9446],[-163.3292,54.9669],[-163.3476,54.9408],[-163.3453,54.9194],[-163.2968,54.9276],[-163.2799,54.9135],[-163.3209,54.9073],[-163.3271,54.8862],[-163.3898,54.8589],[-163.3574,54.8176],[-163.3208,54.8139],[-163.2775,54.8337],[-163.2314,54.8448],[-163.2004,54.873],[-163.1712,54.8819],[-163.1352,54.9037],[-163.0626,54.9288],[-163.0499,54.9418],[-163.0533,54.9612],[-163.0672,54.9733],[-163.114,54.9923],[-163.1748,55.0017],[-163.2055,55.019],[-163.2176,55.0454],[-163.2042,55.0786],[-163.2313,55.081],[-163.2384,55.1053],[-163.2027,55.0862],[-163.1905,55.0922],[-163.198,55.1332],[-163.1571,55.1386],[-163.108,55.1257],[-163.1632,55.0991],[-163.0965,55.1122],[-163.0411,55.0994],[-163.0241,55.085],[-162.9982,55.0507],[-162.98,55.0386],[-162.937,55.0293],[-162.9265,55.0146],[-162.9744,55.0095],[-162.9674,54.9923],[-162.935,54.977],[-162.9208,54.9574],[-162.8776,54.939],[-162.8504,54.935],[-162.7829,54.9359],[-162.7528,54.9449],[-162.7166,54.9634],[-162.7238,54.9755],[-162.6855,55.0172],[-162.6672,55.0506],[-162.633,55.0456],[-162.619,55.0157],[-162.663,55.0165],[-162.6455,54.9984],[-162.5848,54.9658],[-162.5599,54.9612],[-162.6121,55.0622],[-162.6146,55.0786],[-162.635,55.0636],[-162.6428,55.0711],[-162.6322,55.1367],[-162.6146,55.1257],[-162.6,55.1371],[-162.6141,55.1663],[-162.6588,55.1903],[-162.7053,55.2014],[-162.7183,55.2179],[-162.7187,55.2391],[-162.7067,55.2595],[-162.6683,55.2914],[-162.6146,55.3039],[-162.5833,55.3011],[-162.5675,55.2922],[-162.5716,55.2808],[-162.6009,55.2704],[-162.5574,55.267],[-162.531,55.2488],[-162.48,55.1755],[-162.4364,55.1401],[-162.3607,55.1053],[-162.3906,55.0966],[-162.4165,55.0979],[-162.4643,55.1127],[-162.5174,55.1147],[-162.5265,55.1022],[-162.5115,55.0786],[-162.4722,55.049],[-162.4227,55.0364],[-162.3625,55.0366],[-162.3511,55.0401],[-162.3197,55.0711],[-162.2981,55.0359],[-162.2748,55.0196],[-162.2021,55.0399],[-162.1982,55.0629],[-162.2107,55.0902],[-162.2309,55.1127],[-162.1927,55.1426],[-162.1013,55.1679],[-162.1217,55.1332],[-162.1142,55.1257],[-162.1416,55.1195],[-162.1058,55.0894],[-162.059,55.0786],[-162.0013,55.0932],[-161.9728,55.1074],[-161.9566,55.1257],[-161.9846,55.1571],[-162.0323,55.1741],[-162.0157,55.1845],[-162.0205,55.2008],[-162.046,55.2356],[-161.9847,55.2404],[-161.9225,55.2294],[-161.9225,55.2219],[-161.9566,55.2219],[-161.9348,55.2138],[-161.9024,55.2178],[-161.8945,55.2424],[-161.8419,55.2896],[-161.8171,55.3168],[-161.7164,55.3933],[-161.6965,55.4926],[-161.7133,55.502],[-161.7084,55.5271],[-161.6522,55.5612],[-161.6345,55.5851],[-161.6134,55.5998],[-161.6208,55.613],[-161.4388,55.6387],[-161.4082,55.6359],[-161.3649,55.61],[-161.2919,55.5919],[-161.2612,55.5617],[-161.1592,55.5454],[-161.1518,55.5256],[-161.1826,55.5236],[-161.2922,55.5373],[-161.3166,55.5432],[-161.3491,55.5706],[-161.3675,55.5783],[-161.3887,55.5722],[-161.4189,55.5384],[-161.443,55.5256],[-161.4819,55.4804],[-161.488,55.4278],[-161.5184,55.3834],[-161.5067,55.3638],[-161.4791,55.361],[-161.3687,55.3854],[-161.3395,55.3832],[-161.312,55.3536],[-161.2792,55.3549],[-161.0721,55.4084],[-161.025,55.4274],[-160.9876,55.4583],[-160.9594,55.4932],[-160.9245,55.5191],[-160.8673,55.5236],[-160.8318,55.5116],[-160.8486,55.473],[-160.8094,55.4519],[-160.7826,55.4471],[-160.6834,55.4647],[-160.6676,55.4779],[-160.6619,55.5063],[-160.6754,55.5219],[-160.741,55.5249],[-160.7643,55.5305],[-160.7681,55.5454],[-160.7418,55.5487],[-160.6827,55.5441],[-160.6574,55.552],[-160.6135,55.6055],[-160.5989,55.6061],[-160.5933,55.5641],[-160.583,55.5407],[-160.5485,55.4891],[-160.5315,55.4758],[-160.4775,55.4946],[-160.4642,55.5293],[-160.449,55.5503],[-160.4564,55.5783],[-160.4352,55.5769],[-160.3664,55.613],[-160.4255,55.6347],[-160.4421,55.6466],[-160.4194,55.6539],[-160.35,55.6466],[-160.2572,55.6466],[-160.2387,55.6647],[-160.1641,55.6571],[-160.1337,55.6745],[-160.1431,55.6888],[-160.1554,55.7365],[-160.1422,55.7338],[-160.1237,55.712],[-160.0969,55.7008],[-160.0654,55.7011],[-160.0957,55.7142],[-160.0967,55.728],[-160.0654,55.7228],[-160.0336,55.7262],[-160.0309,55.7355],[-160.0585,55.77],[-160.0437,55.7928],[-160.0267,55.7969],[-160.0096,55.7859],[-159.9731,55.7775],[-159.9671,55.8017],[-159.9766,55.8184],[-159.9553,55.8157],[-159.9231,55.7895],[-159.9046,55.783],[-159.8514,55.7947],[-159.8605,55.8184],[-159.8547,55.8416],[-159.8304,55.8527],[-159.7019,55.8438],[-159.6571,55.8323],[-159.6252,55.8127],[-159.678,55.752],[-159.6786,55.7365],[-159.6645,55.7351],[-159.658,55.7183],[-159.6334,55.7011],[-159.6913,55.679],[-159.7097,55.6676],[-159.6575,55.6523],[-159.617,55.6352],[-159.6329,55.6312],[-159.6408,55.613],[-159.6613,55.6055],[-159.6798,55.6167],[-159.7113,55.6193],[-159.7417,55.6133],[-159.7569,55.5987],[-159.6954,55.6055],[-159.7432,55.572],[-159.7211,55.5671],[-159.6265,55.5783],[-159.6307,55.5936],[-159.6199,55.6112],[-159.5856,55.6397],[-159.5621,55.6491],[-159.5494,55.665],[-159.5446,55.6949],[-159.5644,55.7043],[-159.5526,55.7214],[-159.5037,55.7669],[-159.5253,55.8366],[-159.5553,55.8657],[-159.5589,55.8799],[-159.5182,55.8965],[-159.4696,55.9003],[-159.4757,55.8823],[-159.4757,55.8315],[-159.4556,55.8013],[-159.4391,55.7892],[-159.4217,55.7905],[-159.4111,55.8425],[-159.4006,55.8594],[-159.3559,55.8795],[-159.3328,55.8774],[-159.3187,55.8594],[-159.2943,55.8793],[-159.2667,55.8892],[-159.187,55.8963],[-159.1724,55.9113],[-159.0993,55.9283],[-159.0715,55.9206],[-159.0355,55.8943],[-159.0139,55.8941],[-159.0207,55.9246],[-158.9739,55.9365],[-158.9423,55.9316],[-158.9283,55.9208],[-158.8883,55.9838],[-158.8594,56.0129],[-158.8358,56.0136],[-158.8231,55.9964],[-158.801,55.9897],[-158.7805,56.0102],[-158.7456,56.0015],[-158.729,55.9761],[-158.7638,55.9619],[-158.712,55.954],[-158.6829,55.9584],[-158.6676,55.9693],[-158.6881,55.9823],[-158.6575,55.9908],[-158.6471,56.017],[-158.6581,56.029],[-158.7154,56.0307],[-158.7322,56.0454],[-158.6663,56.0617],[-158.6606,56.0924],[-158.7023,56.1064],[-158.6888,56.1256],[-158.7023,56.1474],[-158.6833,56.1528],[-158.6614,56.1311],[-158.6676,56.1126],[-158.6346,56.1201],[-158.5646,56.1679],[-158.6277,56.1859],[-158.6396,56.2021],[-158.5659,56.195],[-158.4906,56.1959],[-158.4789,56.1838],[-158.51,56.1679],[-158.5113,56.1532],[-158.5441,56.1536],[-158.5611,56.1195],[-158.5855,56.1137],[-158.6016,56.1006],[-158.6019,56.0867],[-158.5788,56.0785],[-158.5972,56.0661],[-158.6009,56.0404],[-158.51,56.0581],[-158.51,56.0512],[-158.5714,56.0307],[-158.5336,56.0045],[-158.4963,55.9966],[-158.5111,56.0338],[-158.4836,56.0324],[-158.4479,56.0028],[-158.4276,56.0065],[-158.4228,56.024],[-158.4341,56.0429],[-158.4621,56.0512],[-158.4542,56.0407],[-158.4693,56.0321],[-158.4846,56.0429],[-158.487,56.0596],[-158.4696,56.0717],[-158.5032,56.1016],[-158.4543,56.1094],[-158.428,56.0648],[-158.4076,56.0784],[-158.4123,56.0949],[-158.4416,56.1331],[-158.4144,56.1331],[-158.4233,56.1472],[-158.4097,56.1808],[-158.3933,56.1815],[-158.3824,56.1359],[-158.3597,56.1269],[-158.352,56.1507],[-158.324,56.1591],[-158.2629,56.1679],[-158.2572,56.1823],[-158.2219,56.1815],[-158.1812,56.205],[-158.1608,56.2259],[-158.1195,56.2362],[-158.1473,56.2458],[-158.206,56.2178],[-158.2583,56.2009],[-158.3183,56.1747],[-158.3454,56.1815],[-158.3264,56.2004],[-158.3692,56.2175],[-158.4144,56.2021],[-158.3948,56.2282],[-158.4007,56.2362],[-158.3489,56.2293],[-158.2478,56.2557],[-158.2082,56.2839],[-158.2273,56.2963],[-158.2587,56.3051],[-158.3148,56.3119],[-158.3454,56.3256],[-158.3728,56.3188],[-158.4144,56.2982],[-158.4069,56.3188],[-158.4416,56.3119],[-158.4482,56.3405],[-158.473,56.3428],[-158.5509,56.3082],[-158.5646,56.2873],[-158.5372,56.2498],[-158.6201,56.2562],[-158.6464,56.2707],[-158.6328,56.2982],[-158.5768,56.3303],[-158.5411,56.3425],[-158.51,56.3454],[-158.5235,56.3659],[-158.4714,56.4003],[-158.431,56.4381],[-158.3551,56.4711],[-158.3181,56.4757],[-158.2821,56.47],[-158.2616,56.458],[-158.2219,56.4621],[-158.1663,56.4589],[-158.1383,56.4655],[-158.1263,56.4866],[-158.1319,56.4962],[-158.1587,56.4892],[-158.1679,56.4969],[-158.1529,56.5133],[-158.1263,56.5167],[-158.068,56.5119],[-157.9565,56.4826],[-157.8998,56.4757],[-157.8771,56.4782],[-157.8369,56.5165],[-157.8499,56.5556],[-157.8819,56.5706],[-157.9636,56.57],[-158.075,56.5383],[-158.1332,56.5303],[-158.1188,56.5629],[-158.0854,56.5788],[-158.0551,56.5786],[-158.0333,56.5987],[-157.9655,56.6124],[-157.9327,56.6428],[-157.9134,56.6539],[-157.8616,56.6523],[-157.8042,56.6781],[-157.7729,56.6844],[-157.7508,56.6743],[-157.7154,56.634],[-157.6647,56.6114],[-157.6338,56.6112],[-157.5838,56.6313],[-157.5124,56.6201],[-157.4827,56.6203],[-157.4552,56.6432],[-157.4858,56.675],[-157.5354,56.6776],[-157.5579,56.6855],[-157.5708,56.7023],[-157.6056,56.7222],[-157.5987,56.7296],[-157.5734,56.7166],[-157.5319,56.7523],[-157.5091,56.7637],[-157.4473,56.7569],[-157.4339,56.7743],[-157.4063,56.7637],[-157.4088,56.7855],[-157.4274,56.8054],[-157.4638,56.8158],[-157.4659,56.84],[-157.4197,56.8674],[-157.3654,56.8515],[-157.2869,56.8017],[-157.1894,56.7763],[-157.16,56.7911],[-157.1478,56.8151],[-157.191,56.8497],[-157.1698,56.8546],[-157.1127,56.8305],[-157.0917,56.8258],[-157.0784,56.8371],[-157.0504,56.8782],[-156.9961,56.9077],[-156.9409,56.9145],[-156.9545,56.935],[-156.9475,56.9433],[-156.9613,56.9766],[-156.9274,56.9705],[-156.8894,56.9521],[-156.8415,56.904],[-156.8245,56.8973],[-156.8094,56.9067],[-156.79,56.9419],[-156.7832,56.9766],[-156.7634,56.992],[-156.7675,57.0118],[-156.7949,57.0347],[-156.7764,57.0517],[-156.7244,57.0428],[-156.7043,57.0312],[-156.687,57.004],[-156.5742,56.9832],[-156.5498,56.9829],[-156.5654,57.0045],[-156.6454,57.0586],[-156.6255,57.0586],[-156.6255,57.079],[-156.5771,57.0517],[-156.5428,57.0454],[-156.5089,57.0517],[-156.4952,57.0996],[-156.4708,57.0792],[-156.4536,57.0865],[-156.4884,57.1138],[-156.4606,57.1256],[-156.3759,57.1433],[-156.346,57.1778],[-156.3512,57.1883],[-156.381,57.1937],[-156.4106,57.2187],[-156.4474,57.2231],[-156.4474,57.2299],[-156.384,57.2405],[-156.3574,57.2521],[-156.3512,57.2777],[-156.34,57.2853],[-156.3443,57.3118],[-156.392,57.3148],[-156.5365,57.2791],[-156.5546,57.2817],[-156.5572,57.3056],[-156.5446,57.3227],[-156.5207,57.3331],[-156.4716,57.3398],[-156.3389,57.4154],[-156.3088,57.4249],[-156.2683,57.4296],[-156.2283,57.4422],[-156.2146,57.4763],[-156.1676,57.4736],[-156.1127,57.4472],[-156.0607,57.4302],[-156.0222,57.4564],[-156.0415,57.4748],[-156.0427,57.5073],[-156.0511,57.5179],[-156.0913,57.5194],[-156.1047,57.5316],[-156.0821,57.5372],[-156.0154,57.5316],[-156.034,57.5556],[-156.0205,57.5768],[-155.9787,57.5479],[-155.9501,57.5344],[-155.9242,57.5314],[-155.904,57.5565],[-155.8478,57.5626],[-155.8315,57.5796],[-155.8162,57.5725],[-155.8057,57.5479],[-155.7932,57.5446],[-155.7416,57.5521],[-155.7342,57.6271],[-155.7714,57.6447],[-155.7032,57.6483],[-155.6118,57.6658],[-155.5908,57.6755],[-155.5886,57.6896],[-155.6279,57.7082],[-155.6386,57.7265],[-155.6282,57.7629],[-155.6051,57.7922],[-155.5748,57.7988],[-155.5294,57.7724],[-155.4334,57.7458],[-155.3944,57.7257],[-155.3512,57.7305],[-155.3103,57.7404],[-155.2991,57.7568],[-155.3121,57.7752],[-155.3581,57.7984],[-155.3457,57.8053],[-155.3097,57.7984],[-155.3347,57.8265],[-155.3255,57.8395],[-155.2752,57.8332],[-155.2272,57.8421],[-155.2244,57.8581],[-155.2551,57.8803],[-155.1379,57.8731],[-155.0974,57.8803],[-155.0687,57.8974],[-155.0767,57.9162],[-155.1253,57.9567],[-155.0635,57.9624],[-155.045,57.9764],[-155.0285,58.0039],[-155.0402,58.0172],[-155.0231,58.0256],[-154.9739,58.0312],[-154.8811,58.0312],[-154.8563,58.0269],[-154.7889,58.0039],[-154.7556,58.0126],[-154.7342,58.0455],[-154.6927,58.0689],[-154.6517,58.066],[-154.6448,58.0355],[-154.5831,58.025],[-154.5663,58.0335],[-154.5456,58.0711],[-154.5534,58.0831],[-154.6108,58.1206],[-154.577,58.1257],[-154.4991,58.0878],[-154.4698,58.0898],[-154.4604,58.1151],[-154.4677,58.147],[-154.4941,58.2031],[-154.4584,58.1877],[-154.4432,58.1445],[-154.3865,58.1176],[-154.3701,58.0906],[-154.336,58.0854],[-154.3296,58.1069],[-154.3491,58.1451],[-154.337,58.1621],[-154.2803,58.133],[-154.2468,58.1264],[-154.2272,58.1411],[-154.2358,58.1553],[-154.2875,58.1816],[-154.3023,58.1963],[-154.2818,58.2031],[-154.2556,58.194],[-154.2212,58.1914],[-154.1881,58.1982],[-154.1657,58.2168],[-154.1654,58.2394],[-154.1876,58.2507],[-154.2477,58.2578],[-154.206,58.2676],[-154.1517,58.271],[-154.1213,58.2797],[-154.1714,58.3218],[-154.194,58.3148],[-154.2067,58.2987],[-154.272,58.2956],[-154.2681,58.2783],[-154.3227,58.2714],[-154.3531,58.2554],[-154.3514,58.2714],[-154.3644,58.2851],[-154.3227,58.2987],[-154.3001,58.3204],[-154.2434,58.3346],[-154.2067,58.3397],[-154.1901,58.3607],[-154.0886,58.3607],[-154.0619,58.3646],[-154.0002,58.3856],[-154.0317,58.4086],[-154.0692,58.4099],[-154.0689,58.4222],[-154.0964,58.4677],[-154.1105,58.4775],[-154.0817,58.4952],[-154.0423,58.4961],[-153.9671,58.4911],[-153.9255,58.5185],[-153.9733,58.5321],[-153.9309,58.5356],[-153.8998,58.5862],[-153.9125,58.6003],[-153.8994,58.6167],[-153.8638,58.6198],[-153.7955,58.614],[-153.6907,58.6216],[-153.6331,58.635],[-153.5903,58.6586],[-153.5761,58.6909],[-153.5277,58.6966],[-153.4388,58.7336],[-153.4082,58.7611],[-153.3952,58.7822],[-153.3776,58.829],[-153.3631,58.8474],[-153.3384,58.855],[-153.2891,58.8441],[-153.2641,58.8574],[-153.2708,58.8714],[-153.3343,58.8661],[-153.3631,58.8741],[-153.3091,58.8773],[-153.2949,58.8884],[-153.3226,58.8945],[-153.3359,58.9157],[-153.3316,58.9338],[-153.3807,58.9407],[-153.415,58.974],[-153.4974,59.0035],[-153.5223,58.9907],[-153.5609,58.9907],[-153.6239,59.0113],[-153.6687,59.0527],[-153.7115,59.0707],[-153.8081,59.0738],[-153.8361,59.0666],[-153.8948,59.0656],[-154.022,59.0839],[-154.0826,59.0733],[-154.1404,59.0312],[-154.1651,59.0256],[-154.1873,59.035],[-154.1998,59.0559],[-154.1984,59.077],[-154.1788,59.087],[-154.1925,59.1013],[-154.177,59.1071],[-154.1773,59.1298],[-154.1931,59.1348],[-154.2351,59.1276],[-154.2529,59.1305],[-154.2613,59.1484],[-154.2203,59.1614],[-154.2477,59.1689],[-154.1975,59.1732],[-154.1794,59.1835],[-154.1862,59.2037],[-154.1463,59.2025],[-154.1235,59.2242],[-154.1499,59.2353],[-154.1402,59.2817],[-154.1119,59.3049],[-154.0272,59.3417],[-153.9534,59.3613],[-153.9534,59.3682],[-153.9945,59.3749],[-154.0227,59.3515],[-154.0662,59.3483],[-154.1116,59.3601],[-154.1453,59.3812],[-154.0764,59.3812],[-154.0608,59.3933],[-154.0279,59.3886],[-153.946,59.4023],[-153.9215,59.4243],[-153.8966,59.4322],[-153.8436,59.4296],[-153.7802,59.434],[-153.7515,59.4403],[-153.7247,59.4661],[-153.7411,59.4977],[-153.7869,59.5275],[-153.8399,59.5444],[-153.8771,59.5463],[-153.8336,59.5596],[-153.7918,59.5429],[-153.6219,59.5552],[-153.5864,59.5675],[-153.5693,59.5947],[-153.5704,59.6091],[-153.6204,59.6282],[-153.7064,59.632],[-153.6956,59.6447],[-153.6429,59.6483],[-153.6239,59.6555],[-153.6227,59.6952],[-153.5965,59.6972],[-153.6108,59.6828],[-153.5732,59.6422],[-153.559,59.6357],[-153.5132,59.6418],[-153.473,59.6623],[-153.4426,59.7275],[-153.4539,59.7469],[-153.4526,59.7927],[-153.3815,59.7414],[-153.3364,59.7305],[-153.359,59.7208],[-153.399,59.6721],[-153.4252,59.6494],[-153.3911,59.6494],[-153.346,59.6369],[-153.3172,59.6388],[-153.301,59.6524],[-153.3148,59.6609],[-153.3074,59.6818],[-153.2783,59.6769],[-153.2608,59.6494],[-153.2366,59.6479],[-153.1662,59.664],[-153.1395,59.6869],[-153.0553,59.7102],[-153.0192,59.7628],[-153.0001,59.8004],[-153.0139,59.8323],[-153.0593,59.8336],[-153.1508,59.8196],[-153.1964,59.8327],[-153.2565,59.8212],[-153.2881,59.82],[-153.2434,59.8625],[-153.2297,59.8685],[-153.0919,59.8769],[-153.0212,59.8889],[-152.9348,59.8796],[-152.9055,59.8862],[-152.8567,59.8821],[-152.8083,59.8963],[-152.7379,59.9084],[-152.7046,59.9307],[-152.6901,59.967],[-152.6648,59.9947],[-152.6171,60.0193],[-152.6301,60.0323],[-152.598,60.0427],[-152.5786,60.0701],[-152.5903,60.0922],[-152.6778,60.1334],[-152.6766,60.1579],[-152.6984,60.1701],[-152.7325,60.1701],[-152.7673,60.1906],[-152.8627,60.2077],[-152.9318,60.2452],[-152.9318,60.2787],[-152.9566,60.2939],[-152.9969,60.3008],[-153.038,60.2994],[-153.087,60.2773],[-153.1055,60.2856],[-153.0826,60.2998],[-153.0122,60.3135],[-152.9386,60.3135],[-152.9056,60.3085],[-152.8908,60.2514],[-152.8636,60.2658],[-152.8395,60.2684],[-152.7878,60.2589],[-152.7878,60.2514],[-152.8409,60.256],[-152.8498,60.2452],[-152.8055,60.2351],[-152.6717,60.2452],[-152.6162,60.2243],[-152.5963,60.2285],[-152.5345,60.2657],[-152.416,60.2978],[-152.3974,60.3339],[-152.3681,60.3579],[-152.2459,60.396],[-152.2459,60.4022],[-152.3176,60.4206],[-152.3359,60.437],[-152.3401,60.4761],[-152.3155,60.5058],[-152.2329,60.5599],[-152.1713,60.5809],[-152.1013,60.6138],[-152.0514,60.6732],[-152.0131,60.6807],[-151.9643,60.7034],[-151.9315,60.7253],[-151.8624,60.7387],[-151.8698,60.7591],[-151.8407,60.7511],[-151.7797,60.7241],[-151.7463,60.7182],[-151.7114,60.7257],[-151.7178,60.7431],[-151.801,60.8283],[-151.8077,60.8479],[-151.7953,60.869],[-151.7521,60.8981],[-151.7469,60.9168],[-151.6812,60.9287],[-151.6128,60.9653],[-151.5668,60.9945],[-151.5224,61.0086],[-151.4378,61.0198],[-151.3624,61.0124],[-151.3109,61.0329],[-151.2436,61.0393],[-151.1771,61.0539],[-151.1548,61.0644],[-151.0609,61.1633],[-151.0286,61.1826],[-150.9753,61.1942],[-150.9477,61.211],[-150.8915,61.2143],[-150.7309,61.254],[-150.6913,61.2775],[-150.657,61.314],[-150.6336,61.2987],[-150.5849,61.2946],[-150.6005,61.3324],[-150.5871,61.352],[-150.5403,61.3693],[-150.5607,61.3237],[-150.5417,61.2866],[-150.4996,61.2617],[-150.4506,61.2526],[-150.3346,61.2509],[-150.3144,61.2816],[-150.2805,61.26],[-149.9838,61.2463],[-149.9506,61.2594],[-149.9278,61.2893],[-149.911,61.3527],[-149.8974,61.3713],[-149.8619,61.3959],[-149.7956,61.4245],[-149.7574,61.4534],[-149.6487,61.4882],[-149.4282,61.5132],[-149.4032,61.5058],[-149.4169,61.499],[-149.2786,61.5065],[-149.2456,61.499],[-149.2795,61.4816],[-149.32,61.4792],[-149.6557,61.409],[-149.7042,61.3842],[-149.7306,61.3519],[-149.7526,61.3413],[-149.7967,61.339],[-149.8689,61.2825],[-149.896,61.2321],[-149.9448,61.2077],[-149.9759,61.1985],[-150.0156,61.2064],[-150.0382,61.1931],[-150.0673,61.1557],[-149.909,61.0943],[-149.8292,61.0734],[-149.7832,61.0454],[-149.618,60.9946],[-149.5163,60.9886],[-149.4837,60.9824],[-149.3341,60.9303],[-149.225,60.9509],[-149.1693,60.947],[-149.1116,60.9286],[-149.0609,60.8973],[-149.0258,60.8547],[-149.0396,60.8524],[-149.1261,60.8836],[-149.4673,60.9199],[-149.5261,60.9372],[-149.6217,60.9372],[-149.6831,60.9577],[-149.7529,60.9738],[-149.824,60.9782],[-149.8502,60.9739],[-149.9308,60.9447],[-149.9779,60.9388],[-150.0438,60.9168],[-150.2253,60.9372],[-150.2939,60.9673],[-150.3348,61.0329],[-150.387,61.0473],[-150.4525,61.0342],[-150.6033,60.9785],[-150.7633,60.9267],[-151.0261,60.81],[-151.0715,60.7853],[-151.253,60.7753],[-151.2761,60.7673],[-151.2976,60.7486],[-151.3238,60.7391],[-151.3969,60.738],[-151.4173,60.7182],[-151.4117,60.7021],[-151.3778,60.6583],[-151.355,60.6396],[-151.3218,60.5742],[-151.2895,60.5508],[-151.2828,60.5371],[-151.2829,60.4879],[-151.3006,60.4233],[-151.306,60.3869],[-151.3485,60.3809],[-151.3902,60.3594],[-151.3906,60.2998],[-151.4033,60.2524],[-151.4296,60.2164],[-151.4654,60.1877],[-151.706,60.0417],[-151.725,60.0249],[-151.7391,59.9882],[-151.8314,59.8555],[-151.8487,59.82],[-151.8829,59.7865],[-151.8718,59.7495],[-151.8314,59.7162],[-151.7808,59.6922],[-151.7469,59.6828],[-151.4307,59.6118],[-151.4726,59.6357],[-151.4495,59.6574],[-151.4173,59.6698],[-151.3813,59.675],[-151.2125,59.7449],[-151.1545,59.76],[-151.1091,59.7865],[-151.0663,59.7968],[-151.0235,59.7956],[-150.9928,59.779],[-151.0751,59.7377],[-151.0989,59.7207],[-151.1204,59.6872],[-151.1418,59.6704],[-151.1846,59.6555],[-151.2003,59.6318],[-151.174,59.6112],[-151.1741,59.6001],[-151.2361,59.6009],[-151.2589,59.5961],[-151.2733,59.56],[-151.2917,59.5561],[-151.3627,59.56],[-151.4175,59.5463],[-151.4415,59.5322],[-151.4515,59.5081],[-151.4404,59.4936],[-151.39,59.4738],[-151.3763,59.457],[-151.4006,59.4451],[-151.4682,59.4781],[-151.6518,59.4859],[-151.6891,59.4803],[-151.7183,59.4509],[-151.7483,59.4456],[-151.8077,59.4438],[-151.8642,59.4269],[-151.894,59.4128],[-151.9002,59.3989],[-151.8813,59.3853],[-151.8354,59.3676],[-151.8152,59.3539],[-151.8966,59.3596],[-151.925,59.3539],[-151.9595,59.3373],[-151.9858,59.3129],[-151.9772,59.2794],[-151.9449,59.2651],[-151.9065,59.2615],[-151.8867,59.2416],[-151.9108,59.2379],[-151.8931,59.2206],[-151.8403,59.2134],[-151.7634,59.2242],[-151.7668,59.1931],[-151.7415,59.1671],[-151.6828,59.163],[-151.5681,59.1758],[-151.5763,59.1882],[-151.6038,59.182],[-151.614,59.1975],[-151.5753,59.2037],[-151.5167,59.1968],[-151.4891,59.1997],[-151.4726,59.2167],[-151.5198,59.2242],[-151.5013,59.2347],[-151.4178,59.2591],[-151.3968,59.2583],[-151.2944,59.2242],[-151.2221,59.2242],[-151.1826,59.2174],[-151.1616,59.2077],[-151.1103,59.2189],[-151.0972,59.2326],[-151.0994,59.249],[-151.181,59.2794],[-151.2131,59.2969],[-151.2576,59.2984],[-151.2733,59.3129],[-151.2287,59.3164],[-151.1766,59.301],[-151.1217,59.2939],[-151.0925,59.2851],[-151.0542,59.2993],[-151.0201,59.2788],[-150.998,59.2727],[-151.0115,59.2416],[-150.9586,59.2037],[-150.9659,59.2344],[-150.892,59.2575],[-150.8863,59.2751],[-150.9088,59.3026],[-150.9177,59.3266],[-150.8639,59.3355],[-150.7883,59.3715],[-150.7546,59.3824],[-150.7286,59.4222],[-150.6531,59.4239],[-150.6047,59.445],[-150.6365,59.4631],[-150.5805,59.4819],[-150.5936,59.513],[-150.657,59.5525],[-150.6167,59.5644],[-150.5301,59.6019],[-150.4925,59.6009],[-150.5058,59.5819],[-150.5451,59.5504],[-150.5533,59.5357],[-150.5419,59.5153],[-150.5016,59.4943],[-150.5062,59.4774],[-150.4795,59.4674],[-150.4652,59.4945],[-150.4243,59.5321],[-150.3932,59.5767],[-150.3544,59.6023],[-150.2788,59.6921],[-150.2523,59.7102],[-150.2244,59.7154],[-150.2291,59.6955],[-150.2734,59.6494],[-150.2701,59.6269],[-150.2905,59.6112],[-150.3035,59.5699],[-150.3448,59.5556],[-150.3575,59.5257],[-150.3348,59.5184],[-150.3433,59.5089],[-150.3832,59.4979],[-150.3615,59.4848],[-150.3895,59.4774],[-150.3699,59.4695],[-150.3262,59.476],[-150.2797,59.4964],[-150.2455,59.4979],[-150.2568,59.5261],[-150.2369,59.5338],[-150.1772,59.5321],[-150.1995,59.5688],[-150.1984,59.587],[-150.1772,59.5947],[-150.1356,59.573],[-150.0878,59.5947],[-150.1071,59.6149],[-150.0931,59.6621],[-150.1207,59.681],[-150.1193,59.7003],[-150.0605,59.6767],[-150.0312,59.6371],[-150.0127,59.6282],[-150.0027,59.642],[-149.9575,59.6698],[-149.9165,59.7176],[-149.9609,59.7275],[-149.978,59.7518],[-150.0406,59.7756],[-150.0386,59.7925],[-150.0187,59.7985],[-149.963,59.7834],[-149.9199,59.779],[-149.8718,59.7415],[-149.8072,59.7176],[-149.814,59.693],[-149.7744,59.6649],[-149.7461,59.6672],[-149.7504,59.7047],[-149.7691,59.7865],[-149.8411,59.8352],[-149.8681,59.848],[-149.8299,59.8567],[-149.7998,59.8411],[-149.7659,59.8397],[-149.7386,59.8909],[-149.7408,59.9485],[-149.7247,59.9641],[-149.697,59.9598],[-149.6703,59.9398],[-149.6501,59.9123],[-149.6422,59.8855],[-149.672,59.8171],[-149.645,59.8019],[-149.6496,59.7865],[-149.6019,59.7827],[-149.595,59.7722],[-149.6359,59.7449],[-149.5732,59.7381],[-149.5375,59.7165],[-149.5227,59.728],[-149.5466,59.7518],[-149.5397,59.7865],[-149.5712,59.7851],[-149.6085,59.8049],[-149.6279,59.8283],[-149.6062,59.8455],[-149.5769,59.8976],[-149.5124,59.9373],[-149.4722,59.9316],[-149.4526,59.9451],[-149.4442,59.9777],[-149.3889,59.9975],[-149.423,60.0224],[-149.4407,60.0497],[-149.442,60.0834],[-149.4299,60.1148],[-149.4087,60.1237],[-149.3837,60.1224],[-149.3629,60.1113],[-149.3541,60.091],[-149.3411,60.0224],[-149.3002,60.0231],[-149.2983,60.0065],[-149.3275,59.9975],[-149.326,59.9843],[-149.2995,59.9743],[-149.2997,59.9472],[-149.2906,59.925],[-149.2931,59.8876],[-149.2753,59.8773],[-149.2313,59.9156],[-149.2445,59.9261],[-149.2186,59.9553],[-149.2052,59.9982],[-149.1927,60.0141],[-149.1348,60.0475],[-149.1031,60.0581],[-149.0701,60.0609],[-149.0388,60.0528],[-149.0544,60.0377],[-149.1214,59.9914],[-149.1069,59.969],[-149.0748,59.9695],[-149.019,59.9845],[-149.0232,59.9677],[-149.002,59.9673],[-148.9507,59.9777],[-148.926,59.9715],[-148.875,59.9373],[-148.8442,59.9372],[-148.7878,59.9586],[-148.7589,59.9641],[-148.7105,59.951],[-148.6652,59.9558],[-148.6496,59.951],[-148.6658,59.9311],[-148.6456,59.9232],[-148.5618,59.9571],[-148.5478,59.9696],[-148.5665,59.9777],[-148.5355,59.997],[-148.546,60.0323],[-148.5181,60.0285],[-148.499,60.0133],[-148.4709,59.9709],[-148.4514,59.955],[-148.4354,59.9593],[-148.402,59.9914],[-148.402,60.0155],[-148.443,60.0255],[-148.4116,60.0386],[-148.3879,60.0585],[-148.373,60.0867],[-148.3679,60.1182],[-148.3331,60.1701],[-148.286,60.1627],[-148.2986,60.1365],[-148.2786,60.1273],[-148.2167,60.1291],[-148.1888,60.1348],[-148.1649,60.1491],[-148.1083,60.2011],[-148.1003,60.2209],[-148.1188,60.2345],[-148.1413,60.2322],[-148.1601,60.2131],[-148.1876,60.1655],[-148.2102,60.1558],[-148.1856,60.1965],[-148.2041,60.2202],[-148.2648,60.2322],[-148.2291,60.2423],[-148.1898,60.2452],[-148.2258,60.2604],[-148.2581,60.2518],[-148.3138,60.2172],[-148.3752,60.1928],[-148.443,60.1837],[-148.4309,60.1977],[-148.3815,60.2172],[-148.3645,60.2423],[-148.3675,60.2539],[-148.3931,60.265],[-148.3797,60.2874],[-148.3611,60.2862],[-148.3387,60.2624],[-148.2762,60.2796],[-148.2409,60.2977],[-148.2152,60.3219],[-148.217,60.3476],[-148.2598,60.3485],[-148.2546,60.379],[-148.2162,60.3797],[-148.217,60.3613],[-148.1698,60.3529],[-148.1424,60.3552],[-148.1283,60.3681],[-148.1351,60.3793],[-148.1823,60.4165],[-148.1564,60.4149],[-148.0874,60.396],[-148.097,60.4194],[-148.0563,60.4022],[-148.0124,60.4107],[-147.9954,60.4215],[-147.9979,60.437],[-147.957,60.4361],[-147.9419,60.4431],[-147.9444,60.4689],[-147.9847,60.4622],[-147.9979,60.478],[-147.9569,60.4984],[-147.9598,60.5128],[-147.9979,60.5258],[-148.0253,60.553],[-148.0668,60.5394],[-148.0458,60.5742],[-148.06,60.578],[-148.0836,60.6049],[-148.1413,60.5804],[-148.1546,60.5251],[-148.1664,60.5016],[-148.1898,60.5058],[-148.1771,60.5253],[-148.1761,60.553],[-148.2059,60.5463],[-148.2384,60.5152],[-148.2236,60.4783],[-148.2375,60.4575],[-148.2638,60.4511],[-148.2766,60.4949],[-148.3484,60.4807],[-148.3588,60.4838],[-148.3415,60.5067],[-148.3815,60.5058],[-148.3679,60.5189],[-148.4271,60.5289],[-148.4299,60.5394],[-148.4702,60.5462],[-148.5141,60.5285],[-148.5579,60.5043],[-148.6153,60.4857],[-148.6515,60.4572],[-148.6726,60.4506],[-148.6899,60.4572],[-148.6848,60.4721],[-148.6559,60.4984],[-148.5995,60.5297],[-148.5245,60.56],[-148.4885,60.5822],[-148.4397,60.5871],[-148.4165,60.5592],[-148.3635,60.5623],[-148.3611,60.5468],[-148.337,60.5406],[-148.3153,60.5497],[-148.2481,60.6083],[-148.1966,60.6287],[-148.2102,60.6629],[-148.245,60.6977],[-148.2562,60.738],[-148.2307,60.7728],[-148.2646,60.7608],[-148.3084,60.7346],[-148.3425,60.7033],[-148.3474,60.6766],[-148.3958,60.6567],[-148.4299,60.6287],[-148.4345,60.6674],[-148.4263,60.6795],[-148.3951,60.6895],[-148.402,60.725],[-148.3855,60.7397],[-148.3611,60.7448],[-148.3884,60.7665],[-148.3747,60.7796],[-148.4331,60.7796],[-148.4531,60.7686],[-148.5102,60.7635],[-148.5789,60.7358],[-148.5832,60.7123],[-148.6675,60.6745],[-148.7037,60.6766],[-148.6777,60.7003],[-148.6509,60.7374],[-148.5784,60.7817],[-148.488,60.7905],[-148.4498,60.8001],[-148.4763,60.8143],[-148.538,60.8009],[-148.5665,60.8131],[-148.6701,60.7855],[-148.7037,60.7927],[-148.5864,60.8305],[-148.5234,60.8404],[-148.4573,60.841],[-148.4283,60.8353],[-148.3834,60.817],[-148.3542,60.8131],[-148.3329,60.8194],[-148.3482,60.8339],[-148.3958,60.8616],[-148.3204,60.8479],[-148.3072,60.8527],[-148.3065,60.8957],[-148.2812,60.9206],[-148.2891,60.9338],[-148.3331,60.9714],[-148.3136,60.9698],[-148.2648,60.9509],[-148.2184,60.9725],[-148.1724,61.0233],[-148.1638,61.0558],[-148.1488,61.0601],[-148.1777,61.0766],[-148.2277,61.071],[-148.3138,61.0403],[-148.3756,60.9992],[-148.4103,60.9864],[-148.4498,60.9919],[-148.4498,60.9993],[-148.4079,61.0109],[-148.3611,61.0465],[-148.4095,61.0601],[-148.3906,61.0673],[-148.3052,61.0771],[-148.2586,61.0943],[-148.1961,61.1024],[-148.1459,61.1179],[-148.1488,61.0943],[-148.1319,61.0883],[-148.0863,61.0314],[-148.072,61.0244],[-148.021,61.0374],[-147.9985,61.0627],[-147.9638,61.1147],[-147.9087,61.1601],[-147.8733,61.1819],[-147.8335,61.1976],[-147.748,61.2761],[-147.7134,61.2731],[-147.7232,61.2559],[-147.7652,61.2185],[-147.737,61.2156],[-147.7106,61.2321],[-147.7021,61.2132],[-147.7162,61.2019],[-147.7577,61.1911],[-147.8048,61.1552],[-147.8459,61.1406],[-147.9181,61.0943],[-147.9359,61.0738],[-147.9154,61.0676],[-147.9569,61.0124],[-147.9888,61.0049],[-147.9979,60.9819],[-148.0504,60.9501],[-148.0198,60.9416],[-147.9381,60.9088],[-147.9086,60.8684],[-147.8702,60.8377],[-147.7956,60.8274],[-147.7514,60.845],[-147.7771,60.867],[-147.813,60.8758],[-147.7777,60.8989],[-147.7701,60.9114],[-147.7925,60.9168],[-147.7277,60.9476],[-147.7031,60.9509],[-147.7272,60.9182],[-147.7305,60.8895],[-147.6661,60.9005],[-147.682,60.8647],[-147.6647,60.8583],[-147.6107,60.8616],[-147.5968,60.8857],[-147.6056,60.9237],[-147.6038,60.9612],[-147.6342,60.9748],[-147.6074,61.0034],[-147.6208,61.014],[-147.6653,61.0146],[-147.6018,61.0362],[-147.5662,61.0872],[-147.5597,61.1116],[-147.5788,61.1363],[-147.5734,61.1496],[-147.5433,61.1571],[-147.5113,61.1496],[-147.5273,61.1247],[-147.5113,61.0943],[-147.484,61.0738],[-147.5325,61.0539],[-147.5255,61.0306],[-147.5455,60.9857],[-147.5421,60.9133],[-147.5227,60.9075],[-147.5098,60.9257],[-147.4943,60.968],[-147.4689,61.0005],[-147.4517,61.0109],[-147.4226,61.0124],[-147.4517,60.9837],[-147.46,60.9658],[-147.4496,60.9577],[-147.4003,60.991],[-147.381,60.9857],[-147.4379,60.9269],[-147.4499,60.9025],[-147.383,60.914],[-147.3646,60.8913],[-147.3058,60.923],[-147.3127,60.9304],[-147.2689,60.9302],[-147.2581,60.9577],[-147.2875,60.9849],[-147.2879,61.007],[-147.2643,60.9919],[-147.2051,61.0146],[-147.2096,60.9956],[-147.1991,60.962],[-147.1853,60.9537],[-147.1459,60.9543],[-147.1483,60.9919],[-147.1007,61.0153],[-147.0472,61.0098],[-147.0588,60.9782],[-147.0443,60.9779],[-147.0048,61.0067],[-146.9788,60.9987],[-147.0316,60.9577],[-147.0049,60.9479],[-146.9487,60.9497],[-146.9114,60.9621],[-146.8713,60.9852],[-146.854,61.0056],[-146.8155,61.0318],[-146.7206,61.0649],[-146.6753,61.0881],[-146.6317,61.1191],[-146.5858,61.1365],[-146.4938,61.1342],[-146.432,61.1395],[-146.3815,61.1346],[-146.3258,61.1365],[-146.278,61.1227],[-146.2364,61.0943],[-146.2838,61.0814],[-146.5569,61.0859],[-146.6479,61.0738],[-146.6329,61.0596],[-146.5654,61.0465],[-146.5728,61.0266],[-146.6435,61.0421],[-146.6728,61.0327],[-146.6923,61.0024],[-146.6998,60.9769],[-146.6661,60.9634],[-146.5858,60.9447],[-146.605,60.9372],[-146.6913,60.9473],[-146.7298,60.9645],[-146.7532,60.9643],[-146.7354,60.9239],[-146.7032,60.8895],[-146.6835,60.8798],[-146.6411,60.8895],[-146.607,60.8684],[-146.6274,60.8547],[-146.6283,60.8273],[-146.586,60.853],[-146.5546,60.8454],[-146.5586,60.8274],[-146.5115,60.8186],[-146.3873,60.8479],[-146.4015,60.8205],[-146.3583,60.8223],[-146.3172,60.8367],[-146.2814,60.8593],[-146.2538,60.8857],[-146.2235,60.8926],[-146.0931,60.841],[-146.1955,60.8547],[-146.2261,60.8504],[-146.2279,60.8317],[-146.1955,60.8205],[-146.2628,60.8109],[-146.3433,60.7889],[-146.4456,60.7728],[-146.5157,60.7801],[-146.5381,60.7728],[-146.4915,60.7609],[-146.5067,60.7444],[-146.5345,60.7592],[-146.5626,60.751],[-146.5911,60.7652],[-146.6158,60.7612],[-146.6274,60.7311],[-146.6605,60.75],[-146.6957,60.7448],[-146.6548,60.7182],[-146.6442,60.6977],[-146.5499,60.7014],[-146.5176,60.6981],[-146.4937,60.6872],[-146.4384,60.696],[-146.3891,60.722],[-146.3525,60.7337],[-146.3131,60.7717],[-146.2842,60.7796],[-146.31,60.7582],[-146.3068,60.7321],[-146.2956,60.7263],[-146.2498,60.7287],[-146.2225,60.7558],[-146.1613,60.7665],[-146.1819,60.7531],[-146.167,60.7407],[-146.1409,60.7448],[-146.0935,60.7629],[-146.0693,60.7784],[-146.0504,60.8008],[-146.0311,60.7947],[-146.0377,60.7796],[-146.0179,60.7523],[-146.0261,60.7448],[-146.0531,60.7526],[-146.0813,60.7264],[-146.1173,60.7214],[-146.2307,60.6732],[-146.2613,60.6626],[-146.2632,60.6537],[-146.2388,60.6347],[-146.1977,60.6365],[-146.0443,60.6731],[-145.9923,60.6837],[-145.9388,60.7082],[-145.9143,60.7039],[-145.9552,60.6697],[-145.9828,60.6572],[-146.0037,60.6356],[-145.9524,60.6381],[-145.9258,60.6452],[-145.9047,60.6736],[-145.8822,60.6862],[-145.8392,60.6977],[-145.8555,60.6766],[-145.8802,60.6629],[-145.8614,60.6565],[-145.805,60.6629],[-145.838,60.6398],[-145.8802,60.6287],[-145.8446,60.621],[-145.6918,60.6567],[-145.6521,60.6751],[-145.629,60.6791],[-145.62,60.6629],[-145.6664,60.6353],[-145.6813,60.6081],[-145.7718,60.5424],[-145.8468,60.5072],[-145.88,60.4877],[-145.9416,60.4711],[-145.9388,60.4561],[-145.8661,60.4477],[-145.7316,60.4653],[-145.6728,60.4582],[-145.5726,60.4511],[-145.504,60.4308],[-145.4823,60.396],[-145.4368,60.3864],[-145.3891,60.3625],[-145.3052,60.3558],[-145.2695,60.3571],[-145.2359,60.3681],[-145.1635,60.4171],[-145.114,60.4294],[-145.072,60.478],[-145.0195,60.5264],[-144.9743,60.537],[-144.8932,60.5673],[-144.8559,60.6221],[-144.8033,60.6353],[-144.7561,60.684],[-144.7054,60.7038],[-144.616,60.7139],[-144.6179,60.6804],[-144.6612,60.6601],[-144.7464,60.6766],[-144.7606,60.6728],[-144.7561,60.6431],[-144.7685,60.6251],[-144.8092,60.6033],[-144.8188,60.5841],[-144.8175,60.5518],[-144.8323,60.5442],[-144.8318,60.5258],[-144.8791,60.4959],[-144.887,60.4854],[-144.8731,60.4712],[-144.8321,60.4771],[-144.7984,60.4992],[-144.7908,60.4649],[-144.842,60.4362],[-144.8607,60.4185],[-144.838,60.4022],[-144.8707,60.4032],[-144.9007,60.396],[-144.9145,60.3812],[-144.89,60.3633],[-144.8896,60.3502],[-144.9416,60.3066],[-144.9166,60.2947],[-144.8901,60.293],[-144.8728,60.3032],[-144.8288,60.3031],[-144.8089,60.2944],[-144.784,60.306],[-144.7363,60.2844],[-144.6947,60.2725],[-144.6605,60.2452],[-144.64,60.2172],[-144.6884,60.2247],[-144.6015,60.1964],[-144.5711,60.1906],[-144.4907,60.2163],[-144.4755,60.2043],[-144.4788,60.1867],[-144.4486,60.1763],[-144.3731,60.1837],[-144.3868,60.1968],[-144.3476,60.2011],[-144.2466,60.1889],[-144.2045,60.2053],[-144.1905,60.1866],[-144.2409,60.1655],[-144.2526,60.1546],[-144.2055,60.1452],[-144.0508,60.0797],[-144.0201,60.0614],[-144.0026,60.0397],[-144.0314,60.0341],[-144.1332,60.0397],[-144.2496,60.0323],[-144.1057,60.0317],[-144.0424,60.028],[-143.9186,59.997],[-143.8632,60.0004],[-143.7487,60.0255],[-143.6096,60.0495],[-143.4639,60.0528],[-143.1958,60.0677],[-142.9823,60.0925],[-142.7985,60.1124],[-142.6396,60.1024],[-142.4874,60.0759],[-142.3516,60.0677],[-142.1977,60.0528],[-142.1042,60.0353],[-141.9691,60.0281],[-141.7327,59.9631],[-141.6735,59.9611],[-141.6139,59.9691],[-141.4725,60.009],[-141.4142,60.0144],[-141.3859,60.0348],[-141.4197,60.0676],[-141.4551,60.0784],[-141.4776,60.1111],[-141.4747,60.1261],[-141.4435,60.1357],[-141.3777,60.1422],[-141.3795,60.1139],[-141.305,60.0863],[-141.2821,60.0665],[-141.31,60.0665],[-141.2781,60.0441],[-141.2616,60.0118],[-141.2621,59.9739],[-141.2753,59.9435],[-141.4132,59.9],[-141.454,59.9025],[-141.4346,59.9197],[-141.4576,59.9167],[-141.4682,59.9031],[-141.454,59.8821],[-141.4285,59.8721],[-141.3523,59.8641],[-141.2742,59.8492],[-141.1152,59.8095],[-141.0098,59.7904],[-140.8631,59.7456],[-140.7627,59.7283],[-140.617,59.7085],[-140.3227,59.7012],[-140.2542,59.7102],[-140.1371,59.7399],[-139.9582,59.7946],[-139.849,59.8194],[-139.7944,59.8542],[-139.706,59.9218],[-139.6584,59.9435],[-139.5848,59.9551],[-139.5895,59.9879],[-139.5799,60.0073],[-139.543,60.0373],[-139.5417,60.0466],[-139.5072,60.0465],[-139.4833,60.0224],[-139.4621,60.0118],[-139.4124,60.0019],[-139.3902,59.9914],[-139.3553,59.9494],[-139.3212,59.9387],[-139.239,59.8783],[-139.2187,59.871],[-139.0283,59.8615],[-139.0138,59.8576],[-138.9452,59.82],[-138.8974,59.8132],[-138.9201,59.805],[-138.9696,59.8167],[-139.011,59.8425],[-139.0364,59.8469],[-139.1737,59.8508],[-139.2646,59.8416],[-139.2804,59.8337],[-139.2633,59.7858],[-139.2947,59.7552],[-139.2742,59.7313],[-139.267,59.6981],[-139.2673,59.6661],[-139.2264,59.6214],[-139.2598,59.579],[-139.2899,59.5762],[-139.3431,59.6009],[-139.3109,59.6163],[-139.2673,59.6214],[-139.2777,59.6462],[-139.3031,59.6807],[-139.3114,59.7054],[-139.342,59.7204],[-139.3356,59.7381],[-139.3431,59.7865],[-139.3336,59.8134],[-139.3024,59.8483],[-139.3052,59.8647],[-139.371,59.9299],[-139.4732,59.9936],[-139.4925,59.9846],[-139.5218,59.951],[-139.5458,59.9367],[-139.5824,59.9256],[-139.6211,59.8903],[-139.6087,59.8636],[-139.5826,59.8275],[-139.5621,59.7724],[-139.4734,59.7176],[-139.4801,59.7044],[-139.5272,59.678],[-139.5792,59.6396],[-139.5914,59.6225],[-139.5758,59.6146],[-139.6576,59.5755],[-139.6789,59.5947],[-139.7034,59.5702],[-139.7403,59.5668],[-139.7335,59.5525],[-139.7658,59.5478],[-139.8358,59.5589],[-139.857,59.5463],[-139.5969,59.457],[-139.5342,59.4438],[-139.4631,59.4124],[-139.4235,59.407],[-139.3864,59.4151],[-139.3226,59.3955],[-139.3655,59.3803],[-139.3891,59.3823],[-139.428,59.4016],[-139.5076,59.416],[-139.4463,59.3876],[-139.3775,59.3749],[-139.3037,59.3505],[-139.2877,59.3721],[-139.2401,59.3812],[-139.2269,59.3747],[-139.2369,59.3601],[-139.2201,59.3403],[-139.1649,59.3402],[-139.1165,59.3129],[-139.1381,59.3102],[-139.1842,59.3253],[-139.2059,59.3198],[-138.9817,59.2748],[-138.8383,59.2282],[-138.814,59.2147],[-138.7698,59.1999],[-138.7268,59.1911],[-138.6883,59.177],[-138.6305,59.1422],[-138.6536,59.164],[-138.5961,59.1689],[-138.5583,59.1809],[-138.4491,59.1916],[-138.4381,59.1832],[-138.4729,59.1706],[-138.4948,59.1527],[-138.5069,59.1247],[-138.5404,59.1225],[-138.61,59.128],[-138.5594,59.1062],[-138.4285,59.1112],[-138.3698,59.1013],[-138.3987,59.0928],[-138.4313,59.0938],[-138.3989,59.0833],[-138.3627,59.0798],[-138.2879,59.0808],[-138.2812,59.0624],[-138.2508,59.0478],[-138.1849,59.0256],[-137.9844,58.92],[-137.9442,58.8881],[-137.9242,58.8474],[-137.931,58.803],[-137.8696,58.7658],[-137.7047,58.6863],[-137.6832,58.6665],[-137.6706,58.6332],[-137.643,58.6345],[-137.5666,58.6588],[-137.5216,58.6654],[-137.4791,58.6829],[-137.4381,58.6556],[-137.452,58.6501],[-137.4996,58.6481],[-137.5543,58.6208],[-137.6068,58.6177],[-137.6315,58.6062],[-137.5884,58.6003],[-137.5628,58.5909],[-137.5185,58.5648],[-137.4714,58.5544],[-137.3219,58.4807],[-137.2601,58.4564],[-137.1979,58.4427],[-137.1314,58.4013],[-137.0784,58.3933],[-137.0228,58.4072],[-136.9794,58.4069],[-136.921,58.389],[-136.9036,58.3508],[-136.878,58.3633],[-136.8758,58.3881],[-136.8475,58.3727],[-136.8274,58.3465],[-136.8491,58.3266],[-136.8262,58.319],[-136.7882,58.3327],[-136.7728,58.3266],[-136.7836,58.3064],[-136.7506,58.3004],[-136.7325,58.313],[-136.7111,58.2978],[-136.6772,58.3056],[-136.671,58.2851],[-136.7008,58.2842],[-136.7114,58.2689],[-136.7069,58.248],[-136.6908,58.2304],[-136.6648,58.2204],[-136.6334,58.2277],[-136.5984,58.223],[-136.5673,58.2493],[-136.5607,58.2713],[-136.6567,58.3397],[-136.6205,58.3539],[-136.5847,58.3571],[-136.5628,58.3437],[-136.5275,58.3371],[-136.5128,58.3192],[-136.4928,58.3144],[-136.4342,58.3192],[-136.3706,58.2995],[-136.3619,58.3161],[-136.3657,58.3524],[-136.4029,58.3676],[-136.4101,58.3793],[-136.4667,58.3865],[-136.4817,58.3776],[-136.4803,58.3469],[-136.4991,58.3465],[-136.5611,58.3738],[-136.5375,58.3825],[-136.5003,58.3851],[-136.4991,58.4148],[-136.5135,58.4362],[-136.4986,58.4413],[-136.4894,58.426],[-136.4591,58.4169],[-136.4093,58.3935],[-136.3431,58.3762],[-136.3297,58.3805],[-136.3277,58.4086],[-136.2724,58.3596],[-136.2657,58.3465],[-136.2875,58.3182],[-136.2728,58.313],[-136.1868,58.3224],[-136.0763,58.3456],[-136.0267,58.3881],[-136.0362,58.3979],[-136.0602,58.4495],[-136.0623,58.4743],[-136.0807,58.4796],[-136.0882,58.498],[-136.0825,58.5164],[-136.1319,58.5195],[-136.1803,58.5076],[-136.1986,58.509],[-136.211,58.5246],[-136.1627,58.5262],[-136.1506,58.5489],[-136.1223,58.5557],[-136.1282,58.5707],[-136.1776,58.5731],[-136.211,58.6003],[-136.1832,58.614],[-136.2805,58.6602],[-136.293,58.6693],[-136.293,58.6345],[-136.3017,58.6292],[-136.3277,58.6413],[-136.3519,58.6385],[-136.3522,58.6212],[-136.3277,58.6003],[-136.3544,58.6062],[-136.4012,58.6257],[-136.4308,58.6208],[-136.4639,58.5965],[-136.4878,58.5954],[-136.5257,58.614],[-136.5195,58.6208],[-136.4886,58.6135],[-136.4567,58.6233],[-136.3966,58.6556],[-136.3553,58.6715],[-136.3426,58.6916],[-136.3839,58.7251],[-136.4919,58.7492],[-136.491,58.7202],[-136.4518,58.6892],[-136.4376,58.6693],[-136.4767,58.6923],[-136.5159,58.7024],[-136.529,58.7512],[-136.6158,58.7717],[-136.5741,58.7791],[-136.6499,58.8201],[-136.6149,58.8254],[-136.5659,58.786],[-136.5475,58.7791],[-136.4954,58.7845],[-136.4848,58.7996],[-136.5406,58.8293],[-136.5876,58.8483],[-136.609,58.8397],[-136.6431,58.8398],[-136.6637,58.851],[-136.6983,58.8536],[-136.7275,58.8704],[-136.7589,58.8728],[-136.7915,58.8543],[-136.8001,58.84],[-136.8178,58.8707],[-136.8417,58.8825],[-136.8959,58.8924],[-136.9947,58.8934],[-137.0333,58.8782],[-137.0663,58.8507],[-137.109,58.8288],[-137.1297,58.8332],[-137.0853,58.8695],[-137.0642,58.8741],[-137.0305,58.9129],[-137.013,58.9225],[-136.918,58.9201],[-136.9037,58.9324],[-136.9112,58.9543],[-136.9714,58.9914],[-137.008,59.0217],[-137.063,59.0439],[-137.0595,59.0637],[-137.0322,59.0675],[-137.013,59.0528],[-136.9464,59.0226],[-136.9176,59.0019],[-136.8758,58.984],[-136.8274,58.9567],[-136.7767,58.9484],[-136.7513,58.9328],[-136.6815,58.914],[-136.6335,58.8918],[-136.6083,58.9083],[-136.712,59.0256],[-136.674,59.0028],[-136.6393,58.9672],[-136.5741,58.9157],[-136.5441,58.9574],[-136.5262,58.9676],[-136.4923,58.9709],[-136.5108,58.9426],[-136.5079,58.9044],[-136.493,58.8641],[-136.4752,58.8366],[-136.452,58.8244],[-136.3758,58.8332],[-136.2877,58.8256],[-136.2595,58.8263],[-136.2776,58.813],[-136.3136,58.8095],[-136.3824,58.8126],[-136.3824,58.8065],[-136.2691,58.7641],[-136.2097,58.7508],[-136.1595,58.7683],[-136.1371,58.7862],[-136.1333,58.8061],[-136.1086,58.8332],[-136.0975,58.8769],[-136.1042,58.8953],[-136.1223,58.9083],[-136.1012,58.9157],[-136.1178,58.9333],[-136.1527,58.9327],[-136.2247,58.9225],[-136.2024,58.9341],[-136.141,58.9548],[-136.1496,58.9771],[-136.1424,59.007],[-136.1701,59.0324],[-136.1417,59.0371],[-136.1059,59.0152],[-136.1012,58.984],[-136.0769,58.9465],[-136.0329,58.9225],[-136.0504,58.8961],[-136.0465,58.861],[-136.0138,58.8587],[-135.9436,58.892],[-135.9298,58.902],[-135.964,58.9225],[-135.9355,58.9162],[-135.7981,58.9127],[-135.773,58.9045],[-135.7586,58.8884],[-135.9178,58.8633],[-135.9366,58.8641],[-135.9298,58.8815],[-135.9631,58.862],[-136.0603,58.8259],[-136.0739,58.8126],[-136.0575,58.8037],[-136.0321,58.7719],[-135.9913,58.7452],[-135.964,58.7165],[-135.9783,58.6966],[-135.9551,58.6946],[-135.9397,58.6813],[-135.887,58.6125],[-135.8207,58.6003],[-135.8896,58.5799],[-135.8561,58.5593],[-135.8411,58.5284],[-135.8605,58.491],[-135.848,58.47],[-135.9032,58.4775],[-135.9503,58.4564],[-135.8759,58.4632],[-135.9022,58.4216],[-135.9094,58.3813],[-135.8867,58.3794],[-135.6766,58.4067],[-135.6275,58.4263],[-135.5932,58.42],[-135.5071,58.3807],[-135.4631,58.3781],[-135.4644,58.4117],[-135.5141,58.4655],[-135.5054,58.4836],[-135.4849,58.484],[-135.4675,58.4674],[-135.4459,58.4221],[-135.4159,58.395],[-135.4029,58.3539],[-135.3816,58.3109],[-135.3505,58.2768],[-135.3096,58.2521],[-135.1731,58.2189],[-135.1456,58.2168],[-135.1024,58.2322],[-135.0897,58.2442],[-135.0933,58.2952],[-135.0792,58.3056],[-135.057,58.2988],[-135.0573,58.3515],[-135.0997,58.4438],[-135.1422,58.4911],[-135.1417,58.5063],[-135.1684,58.5445],[-135.2142,58.5898],[-135.2262,58.6123],[-135.1627,58.6345],[-135.1684,58.6457],[-135.23,58.7152],[-135.2422,58.7479],[-135.231,58.7717],[-135.296,58.8352],[-135.3306,58.8778],[-135.3208,58.9047],[-135.3282,58.9197],[-135.3772,58.9363],[-135.3863,58.9752],[-135.375,58.9914],[-135.3875,59.0063],[-135.375,59.0256],[-135.3883,59.0378],[-135.375,59.087],[-135.3846,59.1009],[-135.4364,59.128],[-135.4849,59.1832],[-135.5386,59.2153],[-135.5538,59.2304],[-135.5196,59.2365],[-135.4704,59.2255],[-135.4233,59.2051],[-135.3955,59.1832],[-135.3866,59.1388],[-135.3607,59.1138],[-135.3196,59.1015],[-135.3074,59.087],[-135.307,59.1111],[-135.3172,59.1314],[-135.3368,59.144],[-135.3341,59.1614],[-135.3595,59.2138],[-135.4151,59.2341],[-135.4609,59.2822],[-135.482,59.2951],[-135.5538,59.3198],[-135.5279,59.3197],[-135.467,59.3057],[-135.4364,59.3129],[-135.4144,59.3006],[-135.4011,59.3199],[-135.3893,59.3749],[-135.3595,59.457],[-135.3483,59.4706],[-135.3317,59.4516],[-135.3397,59.4008],[-135.3675,59.3129],[-135.3618,59.2708],[-135.3347,59.2389],[-135.2726,59.1832],[-135.2296,59.1259],[-135.2037,59.0324],[-135.1669,58.9908],[-135.1613,58.9433],[-135.1457,58.9064],[-135.1286,58.8952],[-135.146,58.8571],[-135.1436,58.8339],[-135.1046,58.8095],[-135.0522,58.7524],[-135.0255,58.7375],[-135.0324,58.7512],[-135.0199,58.7611],[-135.0324,58.7853],[-134.9982,58.8201],[-134.9744,58.8124],[-134.9504,58.8201],[-134.9259,58.755],[-134.9405,58.7161],[-134.9208,58.6783],[-134.9157,58.6556],[-134.93,58.6693],[-134.9451,58.6633],[-134.9914,58.6829],[-134.9757,58.6589],[-134.935,58.6233],[-134.8976,58.5757],[-134.8472,58.5352],[-134.8139,58.5246],[-134.827,58.511],[-134.7829,58.4931],[-134.7746,58.4759],[-134.7673,58.4003],[-134.7562,58.3815],[-134.7348,58.3738],[-134.6544,58.3864],[-134.6413,58.3539],[-134.6112,58.3676],[-134.5532,58.3539],[-134.498,58.3539],[-134.4713,58.3309],[-134.4411,58.3215],[-134.2416,58.2143],[-134.1901,58.2031],[-134.1579,58.2043],[-134.1129,58.2321],[-134.1007,58.2478],[-134.1111,58.2631],[-134.1471,58.285],[-134.1417,58.3056],[-134.1251,58.3187],[-134.0631,58.3502],[-134.0471,58.3896],[-134.0518,58.4084],[-134.0728,58.4222],[-134.0504,58.4261],[-133.9747,58.4499],[-133.9824,58.4876],[-133.9766,58.5048],[-133.9339,58.5189],[-133.8878,58.5246],[-133.7718,58.5246],[-133.7718,58.5185],[-133.8764,58.5104],[-133.9201,58.4975],[-133.9499,58.4564],[-133.9518,58.4328],[-133.963,58.4222],[-134.0045,58.4086],[-134.0058,58.3724],[-133.9824,58.3156],[-133.9908,58.3056],[-134.0318,58.2851],[-134.0594,58.2886],[-134.0677,58.2789],[-134.057,58.24],[-134.0816,58.2082],[-134.0835,58.1638],[-134.0719,58.1462],[-134.0455,58.1274],[-134.0485,58.1138],[-134.0728,58.1132],[-134.0597,58.0722],[-134.0234,58.0714],[-134.0109,58.0429],[-133.978,58.0358],[-133.9704,58.0114],[-133.943,58.0039],[-133.9184,57.9857],[-133.8644,57.987],[-133.7991,58.0114],[-133.8133,58.029],[-133.8101,58.0447],[-133.7486,58.1061],[-133.7417,58.1197],[-133.7581,58.1348],[-133.6824,58.1553],[-133.6749,58.1479],[-133.7172,58.1348],[-133.6982,58.116],[-133.765,58.0622],[-133.7555,58.0301],[-133.7318,58.0195],[-133.6693,58.0175],[-133.6976,57.99],[-133.6892,57.9567],[-133.7018,57.94],[-133.7376,57.9567],[-133.7749,57.9888],[-133.8098,57.9853],[-133.8612,57.9567],[-133.8191,57.9328],[-133.8031,57.8985],[-133.7423,57.845],[-133.6863,57.7907],[-133.6614,57.7864],[-133.6346,57.8052],[-133.626,57.8287],[-133.6401,57.8679],[-133.6346,57.8878],[-133.5926,57.8579],[-133.593,57.8878],[-133.5729,57.9241],[-133.5543,57.9294],[-133.2063,57.8947],[-133.1322,57.8652],[-133.1425,57.8547],[-133.2443,57.8761],[-133.2783,57.8878],[-133.3131,57.8803],[-133.3431,57.8848],[-133.3985,57.904],[-133.4291,57.9083],[-133.4906,57.9083],[-133.5393,57.9174],[-133.552,57.9151],[-133.5582,57.8896],[-133.5523,57.7923],[-133.5458,57.7643],[-133.5289,57.7509],[-133.469,57.7274],[-133.4176,57.7194],[-133.3603,57.6824],[-133.2504,57.6517],[-133.2389,57.6366],[-133.2123,57.6271],[-133.1622,57.6271],[-133.1648,57.6125],[-133.0819,57.5373],[-133.004,57.5179],[-133.0455,57.5036],[-133.0695,57.5127],[-133.1114,57.545],[-133.1379,57.5556],[-133.1684,57.5793],[-133.2104,57.5889],[-133.4422,57.6681],[-133.495,57.6721],[-133.5327,57.7],[-133.5729,57.7161],[-133.6483,57.7028],[-133.6466,57.6872],[-133.6588,57.6209],[-133.6051,57.5793],[-133.5914,57.5746],[-133.5329,57.5725],[-133.4608,57.5799],[-133.4161,57.5953],[-133.3339,57.596],[-133.3131,57.593],[-133.3489,57.5759],[-133.439,57.5695],[-133.4769,57.5521],[-133.4974,57.5316],[-133.5049,57.5036],[-133.5004,57.476],[-133.4703,57.4436],[-133.4374,57.4235],[-133.4145,57.4328],[-133.3782,57.4285],[-133.3432,57.4422],[-133.3398,57.4118],[-133.3567,57.4023],[-133.4029,57.3994],[-133.4565,57.3808],[-133.4421,57.359],[-133.3915,57.3352],[-133.2882,57.3323],[-133.2237,57.3193],[-133.1787,57.3323],[-133.1207,57.3323],[-133.0993,57.3393],[-133.0511,57.3663],[-133.0381,57.3671],[-133.0377,57.3468],[-133.0584,57.3319],[-133.1073,57.3193],[-133.1622,57.3193],[-133.1821,57.3056],[-133.2548,57.2811],[-133.4422,57.2845],[-133.4851,57.277],[-133.5051,57.2512],[-133.4886,57.2209],[-133.5047,57.2034],[-133.552,57.1815],[-133.4761,57.1652],[-133.4459,57.1479],[-133.3636,57.1284],[-133.317,57.1025],[-133.2901,57.102],[-133.2665,57.1132],[-133.2504,57.1337],[-133.2441,57.1684],[-133.2259,57.175],[-133.2094,57.161],[-133.2115,57.142],[-133.1753,57.1411],[-133.1889,57.1479],[-133.1676,57.1696],[-133.1363,57.1611],[-133.1211,57.1443],[-133.1479,57.1411],[-133.142,57.1296],[-133.1652,57.086],[-133.093,57.0865],[-132.9835,57.0449],[-132.9216,57.0428],[-132.8777,57.0213],[-132.8611,57.0364],[-132.8395,57.0728],[-132.8055,57.0905],[-132.7908,57.0884],[-132.8098,57.0557],[-132.7712,56.9971],[-132.7677,56.9697],[-132.8118,56.9742],[-132.8411,56.9677],[-132.8674,56.9897],[-132.922,56.9829],[-132.8966,56.9581],[-132.8595,56.9376],[-132.8604,56.9189],[-132.7909,56.8854],[-132.7614,56.8458],[-132.6732,56.8028],[-132.5371,56.7581],[-132.4972,56.7613],[-132.4901,56.7812],[-132.4327,56.7935],[-132.4348,56.8054],[-132.3987,56.8249],[-132.3597,56.8184],[-132.4125,56.8089],[-132.4149,56.7849],[-132.4626,56.7648],[-132.4795,56.7428],[-132.531,56.7086],[-132.4687,56.6919],[-132.4565,56.675],[-132.5033,56.6784],[-132.5384,56.6613],[-132.55,56.639],[-132.4769,56.6045],[-132.4474,56.6072],[-132.3717,56.6242],[-132.3298,56.6391],[-132.305,56.6402],[-132.3378,56.6018],[-132.3502,56.5794],[-132.3497,56.5369],[-132.3371,56.5237],[-132.284,56.4935],[-132.2362,56.4831],[-132.2033,56.4713],[-132.1884,56.4519],[-132.1853,56.4287],[-132.161,56.3802],[-132.1438,56.3887],[-132.1051,56.3737],[-132.0607,56.381],[-132.0061,56.3673],[-131.9801,56.3659],[-131.9713,56.3564],[-131.9593,56.2945],[-131.9078,56.2327],[-131.8768,56.2231],[-131.6887,56.2163],[-131.6379,56.2064],[-131.5863,56.2089],[-131.5378,56.2254],[-131.5134,56.2221],[-131.5584,56.1884],[-131.599,56.1787],[-131.6984,56.1962],[-131.8138,56.196],[-131.8887,56.1838],[-131.9503,56.1667],[-131.963,56.1574],[-131.963,56.0717],[-131.9435,56.0069],[-131.9537,55.9928],[-131.9498,55.9721],[-131.9684,55.9587],[-132.0171,55.9619],[-132.0569,55.9445],[-132.0563,55.9304],[-132.036,55.8938],[-132.086,55.8458],[-132.0539,55.8283],[-132.0462,55.8173],[-132.0587,55.8048],[-132.1689,55.8023],[-132.1822,55.7768],[-132.1679,55.7228],[-132.1887,55.7303],[-132.2274,55.7578],[-132.2467,55.7639],[-132.2662,55.7563],[-132.2615,55.7397],[-132.2266,55.7154],[-132.2119,55.6981],[-132.1853,55.6156],[-132.1716,55.5885],[-132.1346,55.5652],[-131.9966,55.5168],[-131.9614,55.501],[-131.9519,55.5176],[-131.9283,55.5305],[-131.926,55.5636],[-131.9488,55.5919],[-131.9289,55.5893],[-131.9685,55.6335],[-132.004,55.6676],[-131.8805,55.5987],[-131.8873,55.6192],[-131.848,55.6419],[-131.8277,55.6679],[-131.8321,55.697],[-131.8669,55.7291],[-131.8253,55.7255],[-131.7905,55.7427],[-131.7638,55.7973],[-131.7659,55.8169],[-131.7779,55.8254],[-131.8253,55.8315],[-131.8933,55.8554],[-131.9006,55.8655],[-131.8532,55.8663],[-131.8174,55.883],[-131.7861,55.8874],[-131.7359,55.8867],[-131.7034,55.9044],[-131.6382,55.93],[-131.6273,55.9414],[-131.5641,55.947],[-131.4963,55.9897],[-131.483,55.9794],[-131.459,55.9847],[-131.4144,56.0102],[-131.3973,55.9876],[-131.3712,55.9686],[-131.3419,55.9609],[-131.2903,55.9883],[-131.1922,56.0146],[-131.1655,56.0333],[-131.1361,56.0413],[-131.1065,56.0717],[-131.0633,56.0959],[-131.0097,56.1126],[-131.068,56.0719],[-131.0786,56.0581],[-131.0444,56.0581],[-131.14,56.017],[-131.1849,55.9867],[-131.1964,55.9714],[-131.1748,55.9693],[-131.1768,55.952],[-131.1652,55.9406],[-131.1264,55.9345],[-131.1339,55.9208],[-131.0615,55.8768],[-131.0134,55.8184],[-130.9687,55.8048],[-130.9346,55.8184],[-130.9281,55.8002],[-130.9619,55.783],[-130.9147,55.7469],[-130.8899,55.7153],[-130.8902,55.7004],[-130.9073,55.6819],[-130.9022,55.6657],[-130.8732,55.623],[-130.8663,55.5503],[-130.8735,55.5341],[-130.8868,55.4516],[-130.8732,55.342],[-130.8619,55.3122],[-130.8339,55.3044],[-130.7263,55.3146],[-130.6704,55.3499],[-130.6564,55.3523],[-130.6466,55.3386],[-130.6694,55.3285],[-130.6568,55.3157],[-130.6125,55.2971],[-130.6322,55.291],[-130.88,55.2903],[-130.9102,55.295],[-130.9383,55.2871],[-130.9585,55.2561],[-131.0019,55.2401],[-131.0576,55.1987],[-131.0653,55.1862],[-131.0649,55.1435],[-131.0382,55.1084],[-130.9967,55.0854],[-130.9708,55.0854],[-130.8902,55.1053],[-130.852,55.1332],[-130.8111,55.1469],[-130.7912,55.0991],[-130.7599,55.097],[-130.6942,55.1612],[-130.6684,55.1804],[-130.6155,55.1995],[-130.5941,55.2257],[-130.5613,55.2803],[-130.5235,55.3074],[-130.4801,55.3308],[-130.4616,55.3319],[-130.4735,55.3101],[-130.566,55.2233],[-130.6488,55.1725],[-130.6876,55.1401],[-130.7125,55.1066],[-130.7203,55.081],[-130.8111,55.0786],[-130.8212,55.1002],[-130.8542,55.1031],[-130.9012,55.0834],[-130.9497,55.0738],[-130.987,55.0435],[-131.0094,54.9983],[-130.9822,54.9911],[-130.9653,54.9681],[-130.9397,54.9589],[-130.9327,54.9402],[-130.9412,54.9254],[-130.9619,54.9277],[-130.9334,54.8802],[-130.942,54.8589],[-130.9278,54.852],[-130.9342,54.8244],[-130.9183,54.8029],[-130.8663,54.7732],[-130.8319,54.7654],[-130.8066,54.7788],[-130.7769,54.8315],[-130.7561,54.8195],[-130.736,54.8315],[-130.734,54.8431],[-130.7544,54.8928],[-130.7565,54.9578],[-130.7525,54.9694],[-130.7285,54.9482],[-130.7285,54.9073],[-130.7158,54.8682],[-130.6778,54.8145],[-130.7285,54.7974],[-130.7184,54.773],[-130.6913,54.7626],[-130.6715,54.772],[-130.6065,54.8386],[-130.5851,54.852],[-130.5609,54.8514],[-130.6025,54.8145],[-130.6046,54.8022],[-130.5803,54.8064],[-130.4888,54.8442],[-130.4308,54.8813],[-130.3654,54.9073],[-130.3266,54.9521],[-130.2943,54.9719],[-130.2698,55.0165],[-130.2289,55.0439],[-130.2003,55.1042],[-130.1737,55.1177],[-130.16,55.1537],[-130.1091,55.2008],[-130.1005,55.2303],[-130.0782,55.2338],[-130.0312,55.2644],[-129.9892,55.284],[-130.0393,55.3308],[-130.0543,55.3666],[-130.0526,55.414],[-130.0654,55.4461],[-130.0951,55.4721],[-130.1122,55.5093],[-130.147,55.5472],[-130.1531,55.5851],[-130.1351,55.6191],[-130.1265,55.654],[-130.1318,55.6766],[-130.1674,55.7154],[-130.1601,55.7271],[-130.1737,55.7495],[-130.1488,55.7954],[-130.1047,55.8253],[-130.0494,55.8714],[-130.0228,55.9014],[-130.0168,55.9189],[-130.0147,55.9633],[-130.019,56.0022],[-130.0393,56.0455],[-130.0715,56.0841],[-130.0943,56.1015],[-130.1168,56.1056],[-130.2112,56.09],[-130.2432,56.0924],[-130.404,56.1219],[-130.4279,56.144],[-130.4581,56.2107],[-130.4723,56.2249],[-130.4955,56.2324],[-130.6023,56.2471],[-130.6458,56.2619],[-130.7603,56.3452],[-130.8391,56.3725],[-131.0169,56.3871],[-131.1005,56.4077],[-131.4917,56.5602],[-131.5364,56.5852],[-131.5859,56.595],[-131.6923,56.5851],[-131.7991,56.5877],[-131.8256,56.5933],[-131.8321,56.6034],[-131.8266,56.6446],[-131.839,56.6823],[-131.8807,56.7288],[-131.888,56.748],[-131.8659,56.7857],[-131.8716,56.7935],[-132.1074,56.8588],[-132.0319,57.0284],[-132.3412,57.0804],[-132.231,57.1968],[-132.3623,57.3457],[-132.5524,57.4991],[-132.7094,57.6633],[-132.9172,57.8805],[-133.0752,58.0079],[-133.0948,58.0331],[-133.1421,58.1206],[-133.1656,58.1473],[-133.3746,58.291],[-133.415,58.3305],[-133.4301,58.3721],[-133.3922,58.4039],[-133.4631,58.4622],[-133.6263,58.5464],[-133.7001,58.5994],[-133.7964,58.6934],[-133.8311,58.718],[-133.8712,58.7359],[-134.2222,58.8427],[-134.3169,58.9038],[-134.333,58.9341],[-134.32,58.9527],[-134.3434,58.9689],[-134.3994,58.975],[-134.3856,59.0188],[-134.398,59.052],[-134.451,59.0979],[-134.4776,59.1149],[-134.5091,59.1228],[-134.5567,59.1231],[-134.5828,59.1288],[-134.6108,59.1446],[-134.6604,59.1813],[-134.6829,59.223],[-134.7055,59.2401],[-134.9324,59.2706],[-134.98,59.2974],[-135.0162,59.3362],[-135.0144,59.3515],[-134.9933,59.3819],[-135.0958,59.4189],[-135.0786,59.4383],[-135.0375,59.4616],[-135.0233,59.4771],[-135.0162,59.5434],[-135.0329,59.5731],[-135.0879,59.6065],[-135.1578,59.6233],[-135.192,59.6471],[-135.2219,59.6753],[-135.2599,59.6982],[-135.4044,59.7533],[-135.4651,59.7897],[-135.4828,59.7925],[-135.9238,59.6667],[-136.2585,59.6216],[-136.3503,59.5924],[-136.2993,59.5757],[-136.2585,59.5561],[-136.2447,59.5282],[-136.275,59.4864],[-136.32,59.4591],[-136.3668,59.4496],[-136.416,59.4522],[-136.4676,59.4616],[-136.4665,59.2878],[-136.4848,59.2538],[-136.5695,59.1722],[-136.6135,59.1542],[-136.6719,59.1508],[-136.7855,59.1572],[-136.8408,59.1482],[-137.2819,58.9872],[-137.4231,58.9077],[-137.4535,58.8991],[-137.4869,58.9001],[-137.5088,58.9149],[-137.5078,58.94],[-137.4844,58.9919],[-137.5821,59.2066],[-137.6114,59.2393],[-137.9106,59.3952],[-138.2195,59.556],[-138.5992,59.7538],[-138.6374,59.7841],[-138.6543,59.8055],[-138.6921,59.8869],[-138.7049,59.8985],[-138.7426,59.9132],[-139.0038,59.9772],[-139.0516,59.9949],[-139.1821,60.0734],[-139.1832,60.1002],[-139.0732,60.2998],[-139.0687,60.3221],[-139.0795,60.341],[-139.1016,60.3466],[-139.6283,60.3341],[-139.6798,60.3268],[-139.7284,60.309],[-139.9169,60.2079],[-139.9678,60.1884],[-140.0158,60.1874],[-140.4241,60.2932],[-140.4628,60.2891],[-140.5187,60.2239],[-140.5337,60.2185],[-140.9796,60.2958],[-141.0012,60.3211],[-141.0012,60.4669],[-141.0014,60.7584],[-141.0015,61.05],[-141.0016,61.1958],[-141.0017,61.4873],[-141.0018,61.6331],[-141.002,61.9246],[-141.0021,62.2162],[-141.0022,62.5078],[-141.0023,62.6536],[-141.0024,62.9451],[-141.0025,63.0909],[-141.0026,63.3825],[-141.0028,63.6741],[-141.0029,63.9655],[-141.0031,64.2571],[-141.0031,64.5487],[-141.0032,64.6945],[-141.0034,64.986],[-141.0035,65.2776],[-141.0036,65.5692],[-141.0038,65.8607],[-141.0039,66.1523],[-141.0041,66.4438],[-141.0042,66.5896],[-141.0042,66.8811],[-141.0044,67.1727],[-141.0045,67.4643],[-141.0047,67.7558],[-141.0048,68.0474],[-141.0049,68.339],[-141.0051,68.6305],[-141.0052,68.922],[-141.0053,69.2136],[-141.0055,69.5052],[-141.0056,69.6509]]],[[[-132.6477,54.8179],[-132.6627,54.821],[-132.6893,54.8446],[-132.6749,54.8498],[-132.6286,54.8478],[-132.6346,54.8793],[-132.6153,54.8825],[-132.6293,54.904],[-132.6614,54.9036],[-132.6955,54.9277],[-132.7152,54.9152],[-132.7364,54.9203],[-132.7098,54.9408],[-132.7506,54.9311],[-132.7576,54.9203],[-132.7781,54.9346],[-132.7941,54.9019],[-132.772,54.8623],[-132.7274,54.8404],[-132.7197,54.8213],[-132.6924,54.8073],[-132.6818,54.7838],[-132.6361,54.7575],[-132.6162,54.7602],[-132.6129,54.7838],[-132.6264,54.8048],[-132.6477,54.8179]]],[[[-131.2437,54.9346],[-131.2372,54.9495],[-131.2437,54.9892],[-131.2638,54.9969],[-131.3302,54.9614],[-131.3523,54.9755],[-131.3715,54.967],[-131.4516,54.9544],[-131.4784,54.9447],[-131.4822,54.9256],[-131.4682,54.9124],[-131.4417,54.9203],[-131.4264,54.9058],[-131.3876,54.8842],[-131.3871,54.8725],[-131.3501,54.8609],[-131.3312,54.8612],[-131.2998,54.8792],[-131.2502,54.8793],[-131.1947,54.9073],[-131.1975,54.9203],[-131.2437,54.9346]]],[[[-132.8265,55.0544],[-132.8616,55.0455],[-132.8736,55.0364],[-132.8155,55.0157],[-132.7916,55.0136],[-132.7917,55.0364],[-132.7682,55.0187],[-132.7507,54.9954],[-132.6827,55.0344],[-132.6682,55.0507],[-132.7228,55.1332],[-132.7416,55.1491],[-132.8227,55.1905],[-132.8427,55.1791],[-132.8493,55.1633],[-132.8674,55.1605],[-132.8674,55.1317],[-132.8566,55.0991],[-132.7991,55.0854],[-132.8161,55.0749],[-132.8265,55.0544]]],[[[-132.703,54.7012],[-132.6883,54.718],[-132.7054,54.7288],[-132.7576,54.7422],[-132.7507,54.7564],[-132.7225,54.7766],[-132.7507,54.8037],[-132.7626,54.8244],[-132.7845,54.8369],[-132.8265,54.8446],[-132.8144,54.8555],[-132.8246,54.8752],[-132.8395,54.8725],[-132.8438,54.8891],[-132.8605,54.9003],[-132.9015,54.9135],[-132.8873,54.9346],[-132.9066,54.9514],[-132.9425,54.9482],[-132.9425,54.9954],[-132.9576,55.0233],[-133.0455,55.0439],[-132.9971,55.0581],[-132.9971,55.0643],[-133.0865,55.0922],[-133.0548,55.109],[-133.0194,55.0972],[-132.9562,55.0643],[-132.9909,55.0922],[-132.9971,55.1257],[-133.0654,55.1503],[-133.0668,55.2009],[-133.1042,55.2116],[-133.0965,55.2331],[-133.1214,55.2513],[-133.1661,55.2431],[-133.194,55.2222],[-133.1548,55.1946],[-133.2169,55.181],[-133.187,55.172],[-133.1684,55.1537],[-133.2169,55.1537],[-133.1821,55.1332],[-133.2032,55.1332],[-133.1894,55.1217],[-133.1393,55.1157],[-133.1207,55.0991],[-133.1684,55.0964],[-133.2169,55.0991],[-133.1993,55.0653],[-133.2032,55.0581],[-133.1535,55.0212],[-133.1348,54.9975],[-133.1548,54.9818],[-133.1435,54.9731],[-133.1479,54.9544],[-133.1328,54.9433],[-133.107,54.9482],[-133.0646,54.9471],[-133.0637,54.9357],[-133.1007,54.9277],[-133.1007,54.9203],[-133.0381,54.9135],[-133.0515,54.9025],[-133.0371,54.8774],[-133.0071,54.8661],[-132.9988,54.838],[-132.9804,54.8315],[-132.9217,54.8452],[-132.9084,54.8383],[-132.9256,54.8153],[-132.9562,54.8037],[-132.9381,54.7877],[-132.8395,54.7422],[-132.8636,54.7345],[-132.8429,54.6938],[-132.7938,54.6981],[-132.7682,54.693],[-132.7576,54.6739],[-132.6712,54.6773],[-132.703,54.7012]]],[[[-131.4796,55.0063],[-131.4043,55.0113],[-131.378,55.0179],[-131.357,55.0325],[-131.3455,55.0581],[-131.3488,55.0779],[-131.3661,55.0974],[-131.3523,55.1226],[-131.3769,55.1828],[-131.3728,55.2015],[-131.3956,55.2154],[-131.4513,55.2238],[-131.4792,55.2526],[-131.5312,55.2742],[-131.5813,55.2534],[-131.5865,55.2187],[-131.5584,55.1884],[-131.572,55.1741],[-131.5315,55.1518],[-131.5172,55.1342],[-131.5236,55.1195],[-131.5829,55.1256],[-131.5994,55.0991],[-131.581,55.0901],[-131.6184,55.0352],[-131.6245,55.0174],[-131.599,54.9982],[-131.583,54.9953],[-131.5311,55.0302],[-131.525,55.05],[-131.5498,55.0764],[-131.5478,55.0888],[-131.5137,55.0742],[-131.4827,55.0439],[-131.4796,55.0063]]],[[[-133.2914,55.2629],[-133.3192,55.2704],[-133.2916,55.3008],[-133.2853,55.3179],[-133.3181,55.3391],[-133.3819,55.3319],[-133.3775,55.3167],[-133.4322,55.3144],[-133.4428,55.2978],[-133.4344,55.2859],[-133.4012,55.2704],[-133.4247,55.2631],[-133.4496,55.2704],[-133.4456,55.2292],[-133.4223,55.2015],[-133.4008,55.2033],[-133.3824,55.2233],[-133.3466,55.2152],[-133.3284,55.2029],[-133.3065,55.2031],[-133.2401,55.2204],[-133.2338,55.2423],[-133.2094,55.2704],[-133.2804,55.2821],[-133.2914,55.2629]]],[[[-131.8185,55.4138],[-131.8384,55.4259],[-131.8495,55.4161],[-131.8458,55.3728],[-131.8669,55.3728],[-131.8531,55.3395],[-131.8532,55.3005],[-131.8178,55.198],[-131.8049,55.1811],[-131.772,55.1679],[-131.7433,55.1427],[-131.7229,55.1401],[-131.7333,55.1557],[-131.7024,55.1946],[-131.7209,55.2031],[-131.7638,55.2487],[-131.7395,55.2507],[-131.6861,55.2303],[-131.6683,55.2561],[-131.6713,55.2971],[-131.6464,55.2868],[-131.6335,55.2629],[-131.6361,55.2993],[-131.6965,55.3435],[-131.8185,55.4138]]],[[[-133.4496,55.4069],[-133.4716,55.4164],[-133.5419,55.4146],[-133.5806,55.4262],[-133.6039,55.3967],[-133.6557,55.3728],[-133.6214,55.3542],[-133.6464,55.3258],[-133.6892,55.3113],[-133.6644,55.3102],[-133.6557,55.2766],[-133.6363,55.2532],[-133.6073,55.2356],[-133.5943,55.243],[-133.5799,55.2903],[-133.5652,55.3198],[-133.5799,55.3454],[-133.5268,55.3392],[-133.5049,55.3523],[-133.5054,55.3644],[-133.4669,55.3669],[-133.4422,55.3803],[-133.4496,55.4069]]],[[[-133.5384,55.4827],[-133.5898,55.4633],[-133.6005,55.4479],[-133.533,55.4301],[-133.4948,55.4295],[-133.4281,55.4465],[-133.4184,55.4756],[-133.4318,55.4965],[-133.4769,55.5168],[-133.5057,55.5226],[-133.5177,55.5148],[-133.5384,55.4827]]],[[[-133.3466,55.4479],[-133.337,55.4645],[-133.2914,55.4827],[-133.2734,55.5003],[-133.2721,55.5305],[-133.2874,55.5451],[-133.3245,55.557],[-133.3906,55.5572],[-133.4285,55.5441],[-133.4332,55.528],[-133.395,55.5031],[-133.3466,55.4479]]],[[[-133.6039,55.4894],[-133.5847,55.4952],[-133.5787,55.5093],[-133.5868,55.5441],[-133.6463,55.5423],[-133.6794,55.5473],[-133.7029,55.5578],[-133.7301,55.5407],[-133.7018,55.5168],[-133.7008,55.5074],[-133.7483,55.4962],[-133.777,55.4643],[-133.7991,55.4553],[-133.7794,55.4499],[-133.7494,55.4642],[-133.7096,55.4658],[-133.652,55.4479],[-133.6332,55.4544],[-133.6185,55.483],[-133.6039,55.4894]]],[[[-133.3057,55.7973],[-133.316,55.8117],[-133.3517,55.7878],[-133.4669,55.7905],[-133.4869,55.8148],[-133.5045,55.8229],[-133.5653,55.8303],[-133.579,55.8244],[-133.5731,55.8048],[-133.6149,55.8332],[-133.6346,55.8253],[-133.6414,55.7905],[-133.6824,55.7905],[-133.6632,55.7607],[-133.6238,55.7295],[-133.5787,55.7049],[-133.5421,55.6949],[-133.4872,55.7067],[-133.4886,55.7344],[-133.5038,55.7662],[-133.4906,55.7905],[-133.4486,55.7507],[-133.4179,55.7385],[-133.31,55.7822],[-133.3057,55.7973]]],[[[-133.2851,55.9072],[-133.3258,55.8814],[-133.3306,55.8683],[-133.2914,55.852],[-133.3398,55.8458],[-133.3343,55.8309],[-133.3028,55.8198],[-133.2834,55.796],[-133.2508,55.7759],[-133.2359,55.7857],[-133.2204,55.8225],[-133.2169,55.8663],[-133.2541,55.8642],[-133.2701,55.8787],[-133.2674,55.9022],[-133.2851,55.9072]]],[[[-155.6523,55.8867],[-155.6634,55.856],[-155.7013,55.8413],[-155.7416,55.8315],[-155.7498,55.8177],[-155.728,55.8048],[-155.7187,55.7749],[-155.6637,55.7745],[-155.6299,55.7629],[-155.5973,55.7604],[-155.5572,55.8005],[-155.5704,55.852],[-155.5561,55.9146],[-155.6,55.9148],[-155.6353,55.9057],[-155.6523,55.8867]]],[[[-134.1793,55.9146],[-134.2349,55.9],[-134.2579,55.8999],[-134.2441,55.9208],[-134.2987,55.9265],[-134.3322,55.9225],[-134.3472,55.911],[-134.3348,55.8951],[-134.2792,55.8821],[-134.2646,55.8737],[-134.3184,55.8579],[-134.3184,55.8338],[-134.2763,55.8288],[-134.2584,55.8184],[-134.2339,55.8461],[-134.196,55.8734],[-134.1532,55.8936],[-134.1144,55.9003],[-134.1016,55.9208],[-134.1221,55.9237],[-134.1793,55.9146]]],[[[-133.9195,55.9208],[-133.9342,55.9126],[-133.9317,55.894],[-133.9127,55.8628],[-133.8717,55.8467],[-133.8425,55.8664],[-133.8322,55.9006],[-133.856,55.9423],[-133.9195,55.9208]]],[[[-130.9619,55.5851],[-130.9382,55.6242],[-130.9383,55.6515],[-130.9653,55.671],[-130.9687,55.7011],[-131.0228,55.7429],[-131.0461,55.7666],[-131.0444,55.7905],[-131.1796,55.9235],[-131.2089,55.9449],[-131.2803,55.9652],[-131.3236,55.9543],[-131.3652,55.9372],[-131.4042,55.9283],[-131.4468,55.9355],[-131.4711,55.931],[-131.5157,55.9096],[-131.5788,55.9072],[-131.56,55.8747],[-131.5345,55.852],[-131.4574,55.852],[-131.4355,55.8458],[-131.4704,55.832],[-131.6706,55.8395],[-131.6877,55.832],[-131.6887,55.811],[-131.6785,55.7992],[-131.6444,55.7934],[-131.6273,55.783],[-131.5544,55.7988],[-131.5399,55.8251],[-131.5216,55.8192],[-131.5128,55.8003],[-131.4827,55.783],[-131.5128,55.7747],[-131.6293,55.7677],[-131.6954,55.7516],[-131.7092,55.7397],[-131.7046,55.7097],[-131.6918,55.7053],[-131.6291,55.734],[-131.5788,55.7291],[-131.5334,55.737],[-131.5174,55.7291],[-131.5925,55.7154],[-131.6147,55.7237],[-131.6261,55.7121],[-131.6273,55.6881],[-131.6869,55.6839],[-131.7039,55.6611],[-131.7074,55.6296],[-131.699,55.6161],[-131.6305,55.6044],[-131.6198,55.5953],[-131.6505,55.5503],[-131.6781,55.5496],[-131.7178,55.518],[-131.8103,55.4766],[-131.8202,55.4638],[-131.8085,55.4445],[-131.7866,55.4273],[-131.7359,55.4001],[-131.7229,55.3803],[-131.6615,55.3432],[-131.616,55.3327],[-131.5731,55.3052],[-131.5516,55.2971],[-131.5265,55.2994],[-131.5089,55.3117],[-131.4657,55.3723],[-131.4691,55.3896],[-131.4963,55.4212],[-131.5162,55.46],[-131.517,55.48],[-131.489,55.5118],[-131.4379,55.5306],[-131.4213,55.5305],[-131.4584,55.4837],[-131.469,55.4587],[-131.4621,55.4274],[-131.4266,55.3923],[-131.4266,55.364],[-131.4621,55.3319],[-131.4246,55.3441],[-131.3945,55.366],[-131.3728,55.3933],[-131.3424,55.4175],[-131.3254,55.4468],[-131.3219,55.4751],[-131.328,55.5028],[-131.3652,55.5873],[-131.3717,55.6186],[-131.3632,55.6431],[-131.3436,55.6303],[-131.3369,55.5797],[-131.2934,55.5146],[-131.2837,55.4722],[-131.2707,55.4473],[-131.2782,55.4302],[-131.3297,55.3814],[-131.3664,55.3711],[-131.3822,55.3294],[-131.4319,55.32],[-131.4547,55.3113],[-131.4632,55.2934],[-131.4506,55.2779],[-131.4042,55.2629],[-131.3528,55.2633],[-131.2983,55.2766],[-131.2638,55.3094],[-131.2617,55.3288],[-131.2831,55.3711],[-131.2687,55.3862],[-131.222,55.3933],[-131.2294,55.4069],[-131.2099,55.4063],[-131.1954,55.3874],[-131.1964,55.3594],[-131.2083,55.3454],[-131.2157,55.3176],[-131.2563,55.2706],[-131.3114,55.2356],[-131.2717,55.225],[-131.2327,55.2009],[-131.192,55.1857],[-131.1475,55.2015],[-131.1376,55.2314],[-131.1063,55.2389],[-131.0652,55.2611],[-131.0557,55.2736],[-131.0444,55.3113],[-131.0184,55.3543],[-131.0172,55.3728],[-131.031,55.4005],[-131.0151,55.4172],[-130.9717,55.3852],[-130.9672,55.4238],[-130.983,55.4653],[-130.983,55.5031],[-130.9749,55.5346],[-130.9756,55.572],[-130.9542,55.5656],[-130.9458,55.5828],[-130.9619,55.5851]]],[[[-133.6073,56.0785],[-133.681,56.0692],[-133.6892,56.0438],[-133.7711,55.9805],[-133.7949,55.9436],[-133.7581,55.9208],[-133.7229,55.9177],[-133.7027,55.9028],[-133.6786,55.9146],[-133.621,55.9208],[-133.6385,55.9379],[-133.6295,55.9594],[-133.5898,55.9558],[-133.56,55.9709],[-133.5179,55.9823],[-133.4906,56.0102],[-133.4703,56.0173],[-133.4397,56.0027],[-133.3955,56.0264],[-133.376,56.02],[-133.3398,55.9966],[-133.3111,55.9979],[-133.2995,56.012],[-133.3014,56.0639],[-133.3119,56.0799],[-133.3088,56.103],[-133.2851,56.1331],[-133.2853,56.1472],[-133.3432,56.1474],[-133.3927,56.1605],[-133.4423,56.143],[-133.4639,56.1296],[-133.508,56.1195],[-133.5806,56.1319],[-133.617,56.1315],[-133.621,56.1126],[-133.5965,56.101],[-133.5135,56.0974],[-133.4831,56.0922],[-133.5096,56.0781],[-133.5416,56.0748],[-133.6073,56.0785]]],[[[-132.5484,56.3044],[-132.566,56.2938],[-132.5897,56.2468],[-132.6033,56.2362],[-132.6814,56.2292],[-132.703,56.2225],[-132.6875,56.2116],[-132.6955,56.1536],[-132.7117,56.1572],[-132.705,56.1174],[-132.6766,56.0972],[-132.6454,56.0581],[-132.6163,56.0569],[-132.6068,56.0847],[-132.5939,56.0866],[-132.5589,56.0717],[-132.4491,56.0648],[-132.4621,56.0367],[-132.3876,56.0307],[-132.3924,56.0058],[-132.4123,55.9981],[-132.4286,55.9693],[-132.4168,55.9578],[-132.3634,55.9448],[-132.3356,55.9182],[-132.3034,55.9154],[-132.2521,55.9363],[-132.2231,55.9345],[-132.1853,55.9693],[-132.161,55.9345],[-132.1335,55.929],[-132.1226,55.9455],[-132.1295,55.9703],[-132.1549,55.9897],[-132.1474,56.0028],[-132.16,56.0273],[-132.1822,56.0438],[-132.1679,56.0512],[-132.1963,56.0779],[-132.202,56.0922],[-132.1512,56.0717],[-132.13,56.0938],[-132.1139,56.0847],[-132.0922,56.1064],[-132.1482,56.143],[-132.1921,56.1766],[-132.2234,56.1835],[-132.2914,56.1884],[-132.3382,56.2121],[-132.3594,56.2179],[-132.4037,56.1935],[-132.4576,56.1867],[-132.4838,56.1946],[-132.4705,56.204],[-132.4149,56.2163],[-132.39,56.2355],[-132.4013,56.2573],[-132.3851,56.2618],[-132.3775,56.2846],[-132.3876,56.2982],[-132.3853,56.3322],[-132.3998,56.3504],[-132.4275,56.3522],[-132.5211,56.3432],[-132.531,56.3392],[-132.5484,56.3044]]],[[[-131.9767,54.8315],[-131.9556,54.8383],[-131.9686,54.8535],[-132.0239,54.8725],[-132.0454,54.8872],[-132.0336,54.9056],[-131.9761,54.9081],[-131.9767,54.9408],[-131.9618,54.9577],[-131.9767,54.9697],[-132.0102,54.9681],[-131.9767,54.9954],[-131.9813,55.0168],[-131.963,55.0302],[-131.9968,55.0345],[-132.0354,55.0228],[-132.07,55.0011],[-132.0922,54.9755],[-132.1088,54.9857],[-132.1346,54.9702],[-132.1671,54.9873],[-132.2231,54.9892],[-132.2089,55.0026],[-132.1523,55.0161],[-132.1174,55.0328],[-132.0865,55.0347],[-132.0769,55.0488],[-132.1201,55.0643],[-132.0785,55.0786],[-132.1003,55.1013],[-132.0813,55.1011],[-132.0583,55.0786],[-132.0391,55.0821],[-132.0015,55.1045],[-131.9898,55.1195],[-132.0239,55.1195],[-132.01,55.1415],[-131.976,55.1769],[-131.9693,55.2049],[-131.9774,55.2454],[-131.9943,55.2681],[-132.0277,55.2704],[-132.0507,55.2589],[-132.0834,55.2101],[-132.1139,55.2015],[-132.1725,55.225],[-132.2031,55.2292],[-132.2231,55.2083],[-132.2178,55.1984],[-132.2402,55.1972],[-132.2494,55.2222],[-132.2363,55.2449],[-132.243,55.2561],[-132.2121,55.2471],[-132.1482,55.2486],[-132.0953,55.2671],[-132.0907,55.2768],[-132.1269,55.3039],[-132.1243,55.318],[-132.144,55.325],[-132.1549,55.366],[-132.201,55.3692],[-132.2501,55.4138],[-132.3246,55.406],[-132.3699,55.3812],[-132.3783,55.3979],[-132.4115,55.4138],[-132.4568,55.3948],[-132.4783,55.3906],[-132.4838,55.4069],[-132.4696,55.4213],[-132.4413,55.4271],[-132.3681,55.4302],[-132.3505,55.4437],[-132.3241,55.4471],[-132.2914,55.4349],[-132.268,55.4414],[-132.3026,55.4636],[-132.3616,55.473],[-132.4013,55.5168],[-132.4432,55.5036],[-132.5191,55.5067],[-132.5447,55.4914],[-132.5552,55.4684],[-132.617,55.4575],[-132.6545,55.4212],[-132.6547,55.4449],[-132.6818,55.4553],[-132.6598,55.4757],[-132.5911,55.4929],[-132.562,55.5063],[-132.5145,55.5472],[-132.5282,55.5673],[-132.5658,55.572],[-132.5526,55.5911],[-132.531,55.5987],[-132.5521,55.6192],[-132.5235,55.6252],[-132.491,55.6037],[-132.4348,55.5503],[-132.4053,55.5412],[-132.3339,55.5323],[-132.2963,55.5136],[-132.2505,55.5031],[-132.2163,55.4758],[-132.1732,55.4528],[-132.1505,55.4494],[-132.1406,55.4653],[-132.1576,55.4967],[-132.2148,55.5312],[-132.2364,55.537],[-132.2877,55.5373],[-132.3392,55.6055],[-132.3467,55.6431],[-132.3705,55.6676],[-132.3937,55.6684],[-132.4348,55.6267],[-132.4388,55.6547],[-132.4627,55.6676],[-132.4471,55.694],[-132.4491,55.7228],[-132.4728,55.7636],[-132.4627,55.7768],[-132.5084,55.8276],[-132.5317,55.8485],[-132.5658,55.8663],[-132.5697,55.883],[-132.6005,55.8934],[-132.6108,55.9145],[-132.6331,55.9317],[-132.671,55.9421],[-132.7364,55.9966],[-132.8141,56.0223],[-132.8424,56.039],[-132.8757,56.0246],[-132.8959,56.0255],[-132.9185,56.0659],[-132.9357,56.0717],[-132.9513,56.0617],[-132.9562,56.0438],[-133.001,56.0568],[-133.0628,56.0523],[-133.0926,56.0692],[-133.1405,56.1195],[-133.1238,56.1245],[-133.0929,56.1093],[-133.0729,56.1126],[-133.0463,56.1542],[-133.0243,56.1645],[-133.035,56.185],[-133.0537,56.1907],[-133.0539,56.2344],[-133.0685,56.2475],[-133.0953,56.2507],[-133.1406,56.2663],[-133.1393,56.299],[-133.1821,56.3323],[-133.2139,56.3334],[-133.2584,56.3274],[-133.2941,56.3138],[-133.2994,56.2925],[-133.2851,56.2839],[-133.3122,56.2772],[-133.3285,56.289],[-133.3301,56.307],[-133.3131,56.3256],[-133.3415,56.3334],[-133.4391,56.3323],[-133.5868,56.3529],[-133.6147,56.3529],[-133.5663,56.3044],[-133.5763,56.2926],[-133.6196,56.2895],[-133.6339,56.2695],[-133.6147,56.2573],[-133.6122,56.2123],[-133.5731,56.185],[-133.4903,56.1915],[-133.4578,56.175],[-133.4254,56.1679],[-133.3312,56.1726],[-133.2855,56.1674],[-133.2646,56.1474],[-133.2781,56.1025],[-133.2791,56.0764],[-133.2502,56.056],[-133.2441,55.9966],[-133.2318,55.9704],[-133.2598,55.9453],[-133.2486,55.936],[-133.2367,55.9003],[-133.2177,55.8837],[-133.175,55.8657],[-133.1611,55.8657],[-133.1564,55.8962],[-133.1398,55.8766],[-133.1479,55.8184],[-133.214,55.7834],[-133.2367,55.7451],[-133.2652,55.748],[-133.3057,55.7639],[-133.324,55.7093],[-133.3704,55.7333],[-133.3852,55.7093],[-133.3603,55.7011],[-133.3415,55.6777],[-133.3822,55.6695],[-133.3882,55.6502],[-133.3791,55.6298],[-133.357,55.6162],[-133.2513,55.5848],[-133.2036,55.5869],[-133.0631,55.6235],[-133.0145,55.6267],[-132.9698,55.6397],[-132.9383,55.6397],[-132.9084,55.6329],[-132.9227,55.6276],[-132.9698,55.6267],[-133.0245,55.5987],[-133.0729,55.5783],[-133.087,55.5468],[-133.1249,55.5022],[-133.1258,55.4836],[-133.107,55.4621],[-133.0753,55.4511],[-133.0082,55.4575],[-132.9996,55.4482],[-133.0467,55.4371],[-133.0654,55.4274],[-133.0407,55.427],[-133.0245,55.4138],[-133.0287,55.4006],[-133.0078,55.3881],[-132.9562,55.3728],[-132.8699,55.3639],[-132.8724,55.3591],[-133.0177,55.3503],[-133.0607,55.3686],[-133.1442,55.3803],[-133.1525,55.3723],[-133.1787,55.3864],[-133.2066,55.3845],[-133.2299,55.3728],[-133.2571,55.3339],[-133.2203,55.3144],[-133.213,55.2792],[-133.1889,55.2766],[-133.1472,55.2882],[-133.1161,55.2872],[-133.0791,55.2629],[-133.0865,55.2766],[-132.9596,55.2766],[-132.9098,55.2852],[-132.9137,55.2647],[-132.9835,55.2356],[-133.0255,55.2302],[-133.0304,55.2141],[-132.9493,55.2083],[-132.9287,55.2175],[-132.8817,55.2258],[-132.86,55.2356],[-132.8404,55.2749],[-132.7991,55.2704],[-132.8093,55.2519],[-132.8082,55.2282],[-132.7848,55.1884],[-132.6961,55.1469],[-132.6309,55.1469],[-132.6205,55.1534],[-132.6161,55.182],[-132.6424,55.1977],[-132.6558,55.219],[-132.6575,55.2418],[-132.6409,55.2561],[-132.6402,55.2405],[-132.5892,55.1863],[-132.5583,55.1679],[-132.6086,55.1192],[-132.6266,55.0856],[-132.6129,55.0643],[-132.6029,55.0695],[-132.5757,55.1162],[-132.5598,55.1241],[-132.5111,55.1127],[-132.5392,55.0836],[-132.531,55.0581],[-132.465,55.0507],[-132.4838,55.0439],[-132.5535,55.0524],[-132.5719,55.0439],[-132.5795,55.027],[-132.531,55.0165],[-132.5465,55.0126],[-132.5658,54.9755],[-132.596,54.9891],[-132.5934,54.9682],[-132.5502,54.9403],[-132.5189,54.9442],[-132.4955,54.9653],[-132.4901,55.0029],[-132.4522,54.9805],[-132.4442,54.963],[-132.4565,54.9408],[-132.4977,54.9331],[-132.4953,54.9089],[-132.473,54.9073],[-132.4361,54.9166],[-132.4226,54.9302],[-132.412,54.9937],[-132.4027,55.0153],[-132.3802,55.0234],[-132.3939,54.9755],[-132.3597,54.9408],[-132.3939,54.9346],[-132.3786,54.924],[-132.3499,54.918],[-132.3497,54.8964],[-132.3159,54.883],[-132.2777,54.8793],[-132.2777,54.8725],[-132.3256,54.8663],[-132.2759,54.8537],[-132.2648,54.8446],[-132.283,54.831],[-132.3365,54.8149],[-132.3597,54.8037],[-132.2998,54.7943],[-132.2777,54.7974],[-132.2591,54.8152],[-132.226,54.8147],[-132.2245,54.7917],[-132.284,54.7769],[-132.2976,54.7445],[-132.2777,54.7148],[-132.2472,54.7433],[-132.2008,54.7252],[-132.15,54.6986],[-132.1064,54.7012],[-132.1177,54.7137],[-132.0961,54.7127],[-132.0675,54.699],[-132.004,54.6938],[-132.0082,54.704],[-131.9966,54.7353],[-132.0102,54.7838],[-131.9488,54.79],[-131.959,54.803],[-131.9577,54.8281],[-131.9767,54.8315]]],[[[-132.6129,56.4006],[-132.6409,56.4422],[-132.703,56.4621],[-132.7576,56.4553],[-132.7967,56.4439],[-132.8256,56.4443],[-132.8743,56.4553],[-132.9242,56.452],[-132.9698,56.4348],[-132.9928,56.4186],[-133.0489,56.3628],[-133.0552,56.3448],[-133.0389,56.3305],[-132.9909,56.3119],[-132.8689,56.2435],[-132.8197,56.2362],[-132.7327,56.2517],[-132.6916,56.2707],[-132.6472,56.2824],[-132.6346,56.3044],[-132.6639,56.3419],[-132.6597,56.3682],[-132.6244,56.3876],[-132.6129,56.4006]]],[[[-132.004,56.3392],[-132.0251,56.3539],[-132.0528,56.362],[-132.0809,56.3613],[-132.1239,56.3432],[-132.1515,56.352],[-132.1959,56.3802],[-132.2399,56.4453],[-132.2609,56.4589],[-132.3392,56.4832],[-132.362,56.4946],[-132.3766,56.4719],[-132.3389,56.4224],[-132.333,56.3938],[-132.3467,56.3597],[-132.3271,56.3303],[-132.3529,56.2778],[-132.3382,56.2578],[-132.3065,56.2346],[-132.243,56.2021],[-132.1758,56.1894],[-132.1446,56.1671],[-132.118,56.1567],[-132.1201,56.1679],[-132.0992,56.1629],[-132.0723,56.1195],[-132.0343,56.1283],[-132.0133,56.1413],[-131.9962,56.1885],[-131.9522,56.1859],[-131.9283,56.1946],[-131.9401,56.2331],[-131.9777,56.2855],[-132.004,56.3392]]],[[[-154.0558,56.5303],[-154.069,56.5414],[-154.0931,56.5367],[-154.1378,56.5105],[-154.1206,56.5041],[-154.0593,56.5036],[-154.006,56.513],[-153.9657,56.5046],[-153.9282,56.5167],[-153.8935,56.5352],[-153.8771,56.5651],[-154.0205,56.5555],[-154.0437,56.5476],[-154.0558,56.5303]]],[[[-157.0606,56.5822],[-157.0986,56.594],[-157.2026,56.5821],[-157.2593,56.5834],[-157.3005,56.5651],[-157.3312,56.5242],[-157.3087,56.5307],[-157.2054,56.5302],[-157.1877,56.5386],[-157.16,56.5303],[-157.1395,56.5521],[-157.0489,56.5529],[-157.0259,56.55],[-157.0063,56.5334],[-156.9783,56.5365],[-156.9924,56.5552],[-157.0606,56.5822]]],[[[-154.4252,56.593],[-154.4614,56.6054],[-154.4993,56.6055],[-154.5363,56.5976],[-154.7001,56.5303],[-154.7314,56.5082],[-154.7705,56.4709],[-154.7912,56.4309],[-154.7678,56.4006],[-154.7382,56.3983],[-154.6998,56.4269],[-154.6707,56.4412],[-154.6108,56.4832],[-154.5597,56.5015],[-154.4875,56.5168],[-154.5289,56.5521],[-154.5167,56.5902],[-154.4748,56.5981],[-154.4428,56.5812],[-154.4599,56.5447],[-154.419,56.5583],[-154.4241,56.5414],[-154.3985,56.5583],[-154.4079,56.579],[-154.4252,56.593]]],[[[-154.0826,56.5521],[-154.104,56.5749],[-154.0808,56.5769],[-154.0491,56.5583],[-154.0775,56.5918],[-154.0826,56.6061],[-154.103,56.6132],[-154.1657,56.6061],[-154.2262,56.6083],[-154.279,56.5978],[-154.3104,56.5838],[-154.3378,56.5639],[-154.3501,56.5447],[-154.3338,56.5196],[-154.2801,56.5066],[-154.2101,56.5036],[-154.1583,56.5262],[-154.0826,56.5521]]],[[[-132.9596,56.788],[-132.9146,56.7438],[-132.9202,56.7328],[-132.922,56.6887],[-132.8811,56.6402],[-132.8909,56.6294],[-132.9425,56.6129],[-132.9545,56.5923],[-132.9452,56.5366],[-132.9375,56.5176],[-132.9186,56.507],[-132.7917,56.4969],[-132.7228,56.5105],[-132.7644,56.5447],[-132.7471,56.5595],[-132.703,56.5303],[-132.6662,56.5297],[-132.6216,56.5557],[-132.5737,56.5595],[-132.5334,56.5803],[-132.5334,56.6003],[-132.5838,56.6181],[-132.6234,56.6653],[-132.6715,56.6838],[-132.6756,56.6921],[-132.7333,56.726],[-132.7519,56.7592],[-132.8163,56.7973],[-132.8705,56.7978],[-132.922,56.8258],[-132.9628,56.7998],[-132.9596,56.788]]],[[[-133.8847,56.4901],[-133.9202,56.5052],[-133.9092,56.5201],[-133.8742,56.5303],[-133.852,56.5639],[-133.8577,56.5875],[-133.9104,56.6015],[-133.9226,56.6166],[-133.9051,56.6203],[-133.8238,56.6077],[-133.7991,56.5987],[-133.7718,56.5583],[-133.7359,56.5671],[-133.7057,56.6042],[-133.7301,56.634],[-133.7322,56.6632],[-133.7601,56.6699],[-133.7803,56.6864],[-133.7751,56.6989],[-133.7172,56.7712],[-133.7684,56.7857],[-133.8012,56.777],[-133.8332,56.7978],[-133.8624,56.8099],[-133.8659,56.801],[-133.8537,56.7569],[-133.8776,56.7086],[-133.9208,56.6999],[-133.9164,56.6812],[-133.9381,56.6594],[-133.9643,56.6433],[-133.9938,56.6392],[-134.025,56.6539],[-133.9872,56.6552],[-133.9598,56.6713],[-133.943,56.7023],[-133.9226,56.716],[-133.923,56.7407],[-133.9049,56.7606],[-133.9193,56.7703],[-133.9356,56.8122],[-133.9567,56.7978],[-133.9641,56.8311],[-133.9908,56.832],[-133.9867,56.8656],[-134.0127,56.8852],[-134.0864,56.9003],[-134.1059,56.9123],[-134.1759,56.922],[-134.2396,56.9411],[-134.2646,56.9419],[-134.2106,56.922],[-134.2134,56.9071],[-134.1553,56.8941],[-134.1414,56.885],[-134.1075,56.8463],[-134.1466,56.8489],[-134.1827,56.8599],[-134.2203,56.89],[-134.2342,56.8941],[-134.3061,56.8979],[-134.3282,56.8887],[-134.3192,56.8599],[-134.2772,56.8214],[-134.2809,56.7928],[-134.3335,56.832],[-134.3612,56.8636],[-134.3983,56.8603],[-134.4086,56.8429],[-134.3881,56.7569],[-134.3971,56.7296],[-134.3576,56.6766],[-134.3068,56.6658],[-134.2599,56.6706],[-134.2515,56.6921],[-134.2345,56.697],[-134.2174,56.6849],[-134.2242,56.6617],[-134.2857,56.647],[-134.266,56.6269],[-134.2247,56.6237],[-134.144,56.6519],[-134.1168,56.6538],[-134.0864,56.647],[-134.0933,56.6315],[-134.1417,56.634],[-134.1841,56.6159],[-134.2276,56.6074],[-134.3061,56.5651],[-134.3061,56.5583],[-134.2469,56.5634],[-134.1901,56.5447],[-134.1391,56.4987],[-134.1212,56.4969],[-134.1041,56.5128],[-134.0818,56.5516],[-134.0666,56.5447],[-134.0595,56.5153],[-134.0398,56.4973],[-134.0318,56.4757],[-134.0616,56.4843],[-134.0604,56.4481],[-134.0318,56.4211],[-134.0393,56.3734],[-134.0509,56.3677],[-134.0802,56.4006],[-134.1041,56.4081],[-134.1144,56.3938],[-134.1553,56.3659],[-134.1553,56.4112],[-134.1784,56.4414],[-134.1772,56.4187],[-134.1963,56.4081],[-134.2284,56.4202],[-134.2392,56.4045],[-134.2311,56.3696],[-134.282,56.3628],[-134.2827,56.3466],[-134.2599,56.3159],[-134.2926,56.3044],[-134.2721,56.2939],[-134.2311,56.3119],[-134.1696,56.3323],[-134.1644,56.3061],[-134.1901,56.3044],[-134.2147,56.2913],[-134.2248,56.2576],[-134.2572,56.2716],[-134.2646,56.2604],[-134.2515,56.2163],[-134.2473,56.1784],[-134.2373,56.1679],[-134.1972,56.1621],[-134.2001,56.1505],[-134.2369,56.1181],[-134.2162,56.1084],[-134.21,56.0872],[-134.2242,56.0785],[-134.2107,56.0628],[-134.1632,56.0536],[-134.1417,56.0438],[-134.1575,56.0281],[-134.1486,56.0117],[-134.1144,55.9966],[-134.1024,56.0107],[-134.108,56.053],[-134.1212,56.0648],[-134.0864,56.0922],[-134.1005,56.1053],[-134.1036,56.1403],[-134.1312,56.1474],[-134.1622,56.14],[-134.1901,56.1781],[-134.1671,56.1821],[-134.122,56.1798],[-134.0902,56.1927],[-134.1075,56.243],[-134.0724,56.2486],[-134.0691,56.3028],[-134.0523,56.3188],[-134.0326,56.3068],[-134.0318,56.2746],[-134.0393,56.2163],[-134.0093,56.1851],[-134.0367,56.1232],[-134.0305,56.1047],[-133.994,56.0879],[-133.9491,56.0924],[-133.9356,56.1195],[-133.9377,56.137],[-133.9162,56.159],[-133.9447,56.2016],[-133.9438,56.212],[-133.8956,56.22],[-133.8919,56.2298],[-133.9081,56.2764],[-133.9231,56.2808],[-133.9785,56.2788],[-133.9704,56.3188],[-133.9725,56.3605],[-133.9567,56.3597],[-133.9302,56.3393],[-133.8988,56.3063],[-133.869,56.2847],[-133.8475,56.2982],[-133.8536,56.3105],[-133.8416,56.3376],[-133.8594,56.3591],[-133.9164,56.3734],[-133.9096,56.3908],[-133.881,56.3938],[-133.8754,56.4106],[-133.9089,56.4348],[-133.8878,56.4401],[-133.8452,56.4344],[-133.8258,56.4422],[-133.8537,56.4553],[-133.8693,56.4868],[-133.8847,56.4901]]],[[[-133.9127,57.0828],[-133.9564,57.0654],[-134.0044,57.0637],[-134.0182,57.0176],[-133.8884,56.9555],[-133.8392,56.9195],[-133.7376,56.8941],[-133.763,56.8801],[-133.7955,56.8815],[-133.8612,56.9003],[-133.8905,56.8934],[-133.8634,56.8677],[-133.8196,56.873],[-133.8201,56.8554],[-133.7991,56.8531],[-133.8065,56.8395],[-133.7812,56.8266],[-133.7513,56.8258],[-133.765,56.8122],[-133.7406,56.8089],[-133.6966,56.832],[-133.6966,56.8531],[-133.6793,56.8537],[-133.6619,56.7911],[-133.6927,56.7928],[-133.6794,56.7729],[-133.6966,56.7569],[-133.6879,56.7301],[-133.7015,56.6946],[-133.6957,56.6594],[-133.6619,56.6402],[-133.6547,56.6055],[-133.6346,56.6061],[-133.6461,56.5926],[-133.6794,56.5841],[-133.6892,56.572],[-133.6542,56.5567],[-133.6594,56.4642],[-133.6212,56.4422],[-133.5272,56.439],[-133.4413,56.4538],[-133.4225,56.4636],[-133.4293,56.4751],[-133.4086,56.4757],[-133.4359,56.5036],[-133.369,56.5006],[-133.3466,56.4757],[-133.32,56.472],[-133.2643,56.4791],[-133.2367,56.4757],[-133.2237,56.4621],[-133.1995,56.4553],[-133.1479,56.4621],[-133.1319,56.475],[-133.1244,56.5107],[-133.1343,56.5303],[-133.0791,56.5303],[-133.0939,56.5737],[-133.1141,56.593],[-133.1684,56.6061],[-133.1527,56.6127],[-133.107,56.5987],[-133.0934,56.6061],[-133.1071,56.621],[-133.1329,56.6317],[-133.2237,56.647],[-133.2423,56.6341],[-133.2391,56.6574],[-133.2169,56.6781],[-133.2218,56.7316],[-133.251,56.7427],[-133.2867,56.7271],[-133.3051,56.7354],[-133.3267,56.7637],[-133.3236,56.7991],[-133.3507,56.8323],[-133.3313,56.8344],[-133.276,56.8046],[-133.2579,56.8007],[-133.2504,56.8122],[-133.2184,56.7877],[-133.1981,56.7368],[-133.1857,56.7216],[-133.1109,56.6606],[-133.0856,56.6461],[-133.0501,56.6353],[-133.0246,56.6127],[-132.9992,56.6055],[-132.963,56.6129],[-132.9414,56.6265],[-132.9339,56.6416],[-132.9357,56.6781],[-132.9462,56.6911],[-132.9562,56.7569],[-132.9911,56.8084],[-132.9667,56.8229],[-132.937,56.8503],[-132.9357,56.8668],[-132.9559,56.9051],[-132.9804,56.935],[-133.0027,56.9394],[-133.0433,56.9658],[-133.0524,56.9829],[-133.1091,56.9987],[-133.2391,56.9964],[-133.2987,57.0102],[-133.2933,56.9883],[-133.2753,56.9663],[-133.2367,56.935],[-133.2633,56.9253],[-133.2799,56.9333],[-133.3159,56.9909],[-133.3351,56.9974],[-133.3882,56.9971],[-133.4647,57.0246],[-133.5458,57.0381],[-133.5829,57.05],[-133.6719,57.0602],[-133.7646,57.0768],[-133.887,57.09],[-133.9127,57.0828]]],[[[-152.9079,57.1647],[-152.9203,57.1579],[-152.9523,57.1746],[-152.9792,57.1764],[-153.0584,57.1684],[-153.1011,57.1798],[-153.1544,57.1645],[-153.2124,57.1337],[-153.1809,57.175],[-153.1873,57.185],[-153.226,57.1883],[-153.2292,57.2106],[-153.2605,57.2056],[-153.2908,57.1787],[-153.3098,57.1703],[-153.3427,57.1411],[-153.3911,57.1064],[-153.3536,57.1138],[-153.3383,57.1018],[-153.4116,57.079],[-153.3918,57.0607],[-153.3291,57.08],[-153.316,57.0728],[-153.3414,57.0529],[-153.3427,57.0381],[-153.3222,57.0238],[-153.3427,57.004],[-153.3132,56.9976],[-153.2722,56.9985],[-153.2356,57.0098],[-153.2198,57.0347],[-153.2156,57.0722],[-153.1595,57.0971],[-153.1108,57.0888],[-153.0834,57.0984],[-153.0342,57.1274],[-153.0069,57.1138],[-152.9261,57.126],[-152.8845,57.15],[-152.9079,57.1647]]],[[[-135.6016,57.1716],[-135.6063,57.2095],[-135.6282,57.2367],[-135.5911,57.2243],[-135.5538,57.2299],[-135.6152,57.2845],[-135.7248,57.3289],[-135.8241,57.3323],[-135.8437,57.3247],[-135.8253,57.2841],[-135.848,57.2646],[-135.8392,57.2457],[-135.8554,57.2231],[-135.8124,57.2386],[-135.7977,57.2288],[-135.8207,57.1957],[-135.8097,57.173],[-135.7797,57.1657],[-135.7108,57.1684],[-135.7272,57.1425],[-135.7621,57.1142],[-135.807,57.0996],[-135.8231,57.0798],[-135.8315,57.0505],[-135.8411,56.9897],[-135.7075,56.9984],[-135.6742,57.0117],[-135.6282,57.0102],[-135.6016,57.0355],[-135.565,57.1123],[-135.5463,57.1411],[-135.5956,57.1546],[-135.6016,57.1716]]],[[[-134.6215,56.7438],[-134.6519,56.7781],[-134.6413,56.7978],[-134.6832,56.8356],[-134.6898,56.8497],[-134.6862,56.8935],[-134.6936,56.9084],[-134.7177,56.922],[-134.7093,56.9373],[-134.7313,56.963],[-134.7239,56.996],[-134.7283,57.0184],[-134.745,57.0238],[-134.7516,57.0628],[-134.7745,57.0792],[-134.7921,57.079],[-134.7754,57.0981],[-134.7865,57.118],[-134.8331,57.1411],[-134.8083,57.164],[-134.8083,57.1814],[-134.8548,57.2163],[-134.8341,57.2216],[-134.8331,57.2466],[-134.8529,57.2603],[-134.9087,57.2563],[-134.93,57.2678],[-134.933,57.2912],[-134.9504,57.3056],[-134.9845,57.2982],[-134.9504,57.3255],[-134.9982,57.3398],[-134.9982,57.3466],[-134.9525,57.3425],[-134.9095,57.3323],[-134.9095,57.3398],[-134.9948,57.3978],[-135.0452,57.4114],[-135.0604,57.4229],[-135.1303,57.4411],[-135.1562,57.4413],[-135.2037,57.4285],[-135.1912,57.4432],[-135.1533,57.4529],[-135.1422,57.4694],[-135.1803,57.4807],[-135.2208,57.4831],[-135.2774,57.4613],[-135.295,57.4816],[-135.3546,57.4626],[-135.3829,57.4453],[-135.4098,57.449],[-135.3818,57.4713],[-135.3105,57.4909],[-135.2794,57.5111],[-135.3271,57.5384],[-135.3812,57.5536],[-135.4365,57.55],[-135.519,57.5073],[-135.5047,57.4665],[-135.5401,57.4422],[-135.5506,57.4238],[-135.5916,57.405],[-135.609,57.3876],[-135.5858,57.3926],[-135.5258,57.3739],[-135.4786,57.3683],[-135.4857,57.351],[-135.6042,57.3677],[-135.6458,57.3662],[-135.675,57.3586],[-135.6732,57.3497],[-135.6392,57.3168],[-135.5777,57.2879],[-135.5428,57.243],[-135.5292,57.2367],[-135.456,57.2533],[-135.413,57.2448],[-135.3341,57.2504],[-135.3642,57.204],[-135.3644,57.1957],[-135.3977,57.1821],[-135.4129,57.1579],[-135.3942,57.1474],[-135.3769,57.1501],[-135.3483,57.1684],[-135.3101,57.1777],[-135.2664,57.1684],[-135.2664,57.161],[-135.3076,57.1588],[-135.3502,57.1494],[-135.3782,57.1287],[-135.375,57.0927],[-135.3481,57.0639],[-135.3103,57.0473],[-135.2679,57.0399],[-135.2276,57.0381],[-135.1859,57.0456],[-135.1654,57.0417],[-135.1641,57.0136],[-135.2034,57.0135],[-135.254,57.0037],[-135.2823,56.9853],[-135.3309,56.9786],[-135.35,56.9704],[-135.3546,56.9555],[-135.375,56.9419],[-135.3342,56.9311],[-135.2999,56.9077],[-135.2945,56.8922],[-135.3246,56.8908],[-135.3409,56.8798],[-135.3603,56.8876],[-135.3678,56.874],[-135.3675,56.8289],[-135.3074,56.8209],[-135.321,56.7978],[-135.2693,56.789],[-135.1742,56.8264],[-135.1217,56.832],[-135.1587,56.8002],[-135.1547,56.7459],[-135.1855,56.7414],[-135.1758,56.716],[-135.2023,56.6947],[-135.1879,56.6767],[-135.137,56.6945],[-135.045,56.7592],[-135.0318,56.7751],[-135.0146,56.7711],[-134.9948,56.7535],[-135.0143,56.7394],[-135.0802,56.7086],[-135.1122,56.6787],[-135.1217,56.6436],[-135.1098,56.6018],[-135.0928,56.598],[-135.0665,56.6061],[-135.0285,56.6313],[-135.0123,56.6502],[-135,56.6976],[-134.9847,56.7145],[-134.9626,56.7211],[-134.9368,56.716],[-134.9719,56.6926],[-134.9837,56.6449],[-134.961,56.6265],[-134.9337,56.64],[-134.9126,56.6645],[-134.8838,56.6855],[-134.8474,56.6887],[-134.9049,56.6461],[-134.9276,56.6204],[-134.947,56.5873],[-135.0194,56.5856],[-135.0375,56.5685],[-135.0194,56.5521],[-135.0528,56.5378],[-135.0179,56.509],[-134.9982,56.4726],[-134.9424,56.4216],[-134.9257,56.3852],[-134.8883,56.3563],[-134.8824,56.3296],[-134.827,56.3256],[-134.827,56.2908],[-134.8034,56.2816],[-134.7965,56.2576],[-134.7721,56.2372],[-134.7512,56.2362],[-134.7655,56.2225],[-134.75,56.2174],[-134.7071,56.2225],[-134.6947,56.2333],[-134.6693,56.2163],[-134.6898,56.1815],[-134.6675,56.1704],[-134.6562,56.1747],[-134.6413,56.2089],[-134.6488,56.2163],[-134.6264,56.2615],[-134.6346,56.2697],[-134.6631,56.2573],[-134.6317,56.3093],[-134.6276,56.3304],[-134.6488,56.3392],[-134.6265,56.3721],[-134.6215,56.4112],[-134.635,56.4555],[-134.626,56.4862],[-134.6693,56.5378],[-134.659,56.5881],[-134.6242,56.5474],[-134.6146,56.5583],[-134.6078,56.5959],[-134.6161,56.7285],[-134.6215,56.7438]]],[[[-153.3017,57.8332],[-153.2812,57.8189],[-153.2124,57.8127],[-153.213,57.8303],[-153.2287,57.8539],[-153.2797,57.9029],[-153.3266,57.9266],[-153.4327,57.9636],[-153.4822,57.9778],[-153.5067,57.9698],[-153.5419,57.9356],[-153.5224,57.921],[-153.3969,57.8638],[-153.3253,57.8586],[-153.316,57.8469],[-153.3359,57.8394],[-153.3017,57.8332]]],[[[-152.1609,57.6271],[-152.3428,57.634],[-152.4263,57.6135],[-152.4383,57.6172],[-152.4283,57.656],[-152.3974,57.6885],[-152.4208,57.682],[-152.4678,57.6572],[-152.4936,57.6551],[-152.469,57.6787],[-152.4731,57.726],[-152.5414,57.696],[-152.5511,57.7033],[-152.4967,57.7473],[-152.459,57.7681],[-152.3573,57.799],[-152.3291,57.8258],[-152.3633,57.8469],[-152.4022,57.8235],[-152.4211,57.822],[-152.4383,57.8332],[-152.4228,57.8593],[-152.4863,57.9107],[-152.5327,57.9145],[-152.5589,57.9032],[-152.5755,57.9213],[-152.6079,57.935],[-152.6246,57.9328],[-152.637,57.9151],[-152.6157,57.8904],[-152.624,57.8605],[-152.6356,57.8716],[-152.6854,57.8878],[-152.714,57.8469],[-152.7418,57.8269],[-152.781,57.8537],[-152.818,57.8604],[-152.8437,57.8453],[-152.8587,57.8144],[-152.8635,57.7742],[-152.8567,57.7404],[-152.8856,57.7287],[-152.9252,57.7683],[-152.9049,57.8116],[-152.9037,57.8376],[-152.8935,57.8604],[-152.8567,57.8742],[-152.8908,57.8742],[-152.8776,57.8862],[-152.8083,57.9083],[-152.8623,57.9345],[-152.9827,57.9515],[-153.0047,57.9486],[-152.9932,57.9288],[-153.0836,57.9462],[-153.1188,57.9604],[-153.1669,57.97],[-153.2296,57.998],[-153.2842,58.0104],[-153.3017,58.0008],[-153.2952,57.9864],[-153.2628,57.966],[-153.2025,57.9462],[-153.1561,57.9079],[-153.126,57.8964],[-153.0977,57.8693],[-153.0969,57.8605],[-153.0485,57.8332],[-153.0615,57.8258],[-153.0751,57.8375],[-153.144,57.8679],[-153.1868,57.8935],[-153.2403,57.9021],[-153.1987,57.8571],[-153.1919,57.8052],[-153.1977,57.7511],[-153.1953,57.7271],[-153.1788,57.7097],[-153.1993,57.7145],[-153.2124,57.7296],[-153.211,57.7856],[-153.2297,57.7922],[-153.2914,57.7988],[-153.3502,57.8127],[-153.425,57.8427],[-153.4492,57.8469],[-153.4764,57.839],[-153.4767,57.8214],[-153.4588,57.8028],[-153.4321,57.7922],[-153.4014,57.7922],[-153.3937,57.7802],[-153.3603,57.7612],[-153.3258,57.7494],[-153.3213,57.7309],[-153.3336,57.7139],[-153.3631,57.7097],[-153.3844,57.7186],[-153.4218,57.7674],[-153.4462,57.7774],[-153.4743,57.7736],[-153.4991,57.7609],[-153.514,57.7438],[-153.4696,57.7289],[-153.4484,57.7161],[-153.4395,57.6994],[-153.4523,57.6946],[-153.5277,57.7233],[-153.5222,57.6956],[-153.4982,57.6426],[-153.5072,57.6271],[-153.5294,57.6613],[-153.5469,57.6989],[-153.5583,57.7383],[-153.5646,57.8216],[-153.5744,57.8395],[-153.6278,57.8532],[-153.6451,57.8837],[-153.6655,57.8947],[-153.6926,57.887],[-153.7238,57.9021],[-153.7645,57.8947],[-153.8088,57.8742],[-153.8435,57.8706],[-153.8945,57.8376],[-153.9246,57.8105],[-153.9382,57.7756],[-153.9255,57.7296],[-153.9058,57.7112],[-153.8764,57.7011],[-153.7561,57.6932],[-153.699,57.6824],[-153.6311,57.6468],[-153.6047,57.6376],[-153.5846,57.6171],[-153.591,57.6014],[-153.6307,57.5998],[-153.6411,57.6292],[-153.6676,57.6418],[-153.8109,57.659],[-153.8528,57.6587],[-153.8846,57.6483],[-153.8687,57.6286],[-153.754,57.562],[-153.7051,57.5579],[-153.6785,57.5446],[-153.7064,57.539],[-153.7496,57.5444],[-153.7924,57.556],[-153.8425,57.582],[-153.8498,57.5588],[-153.8088,57.5179],[-153.8198,57.4849],[-153.8113,57.4123],[-153.7679,57.3808],[-153.7438,57.3189],[-153.6962,57.3077],[-153.6445,57.284],[-153.6307,57.2709],[-153.7473,57.3034],[-153.7778,57.3223],[-153.8256,57.3773],[-153.8907,57.408],[-153.9069,57.435],[-153.9203,57.5072],[-153.9355,57.535],[-153.9748,57.55],[-154.0683,57.5371],[-154.1105,57.5446],[-153.9999,57.5557],[-153.9733,57.5725],[-154.0006,57.6297],[-154.0186,57.6472],[-154.0559,57.6551],[-154.1514,57.6551],[-154.2203,57.6755],[-154.2393,57.6733],[-154.2818,57.6483],[-154.3569,57.6483],[-154.3644,57.6271],[-154.3985,57.6135],[-154.4469,57.5861],[-154.3985,57.5663],[-154.4556,57.5767],[-154.5149,57.5793],[-154.5234,57.57],[-154.5098,57.5284],[-154.5214,57.5179],[-154.54,57.5395],[-154.5625,57.5439],[-154.6147,57.5266],[-154.6502,57.496],[-154.6586,57.4763],[-154.6443,57.4667],[-154.6861,57.4527],[-154.7269,57.4285],[-154.7084,57.3957],[-154.7147,57.3781],[-154.7342,57.3671],[-154.707,57.3398],[-154.7875,57.3577],[-154.81,57.3466],[-154.7582,57.3156],[-154.7683,57.295],[-154.8026,57.2913],[-154.7832,57.2729],[-154.7514,57.2738],[-154.6859,57.2845],[-154.6813,57.2729],[-154.6256,57.27],[-154.6015,57.2589],[-154.5887,57.2311],[-154.535,57.1746],[-154.5334,57.112],[-154.5163,57.0776],[-154.5272,57.0329],[-154.5286,56.9916],[-154.4841,56.9897],[-154.4116,56.973],[-154.3887,56.9639],[-154.3283,56.9297],[-154.305,56.9023],[-154.3049,56.8558],[-154.2718,56.8637],[-154.2408,56.8798],[-154.2408,56.8873],[-154.2992,56.8668],[-154.2961,56.9145],[-154.2776,56.906],[-154.2818,56.8873],[-154.2616,56.9077],[-154.238,56.8996],[-154.2218,56.9254],[-154.2477,56.9419],[-154.1938,56.9446],[-154.1725,56.9526],[-154.1583,56.9692],[-154.1603,56.9987],[-154.1532,57.0198],[-154.131,57.0449],[-154.1119,57.0767],[-154.1037,57.1138],[-154.1212,57.1237],[-154.2724,57.1174],[-154.319,57.0961],[-154.3461,57.069],[-154.3842,57.0517],[-154.413,57.0502],[-154.4378,57.0573],[-154.4841,57.0896],[-154.4949,57.1136],[-154.4683,57.1245],[-154.4116,57.1274],[-154.3607,57.1479],[-154.2992,57.1479],[-154.2408,57.1548],[-154.1749,57.1462],[-154.1204,57.1479],[-154.0832,57.1274],[-153.9597,57.1201],[-154.08,57.0666],[-154.1105,57.0381],[-154.1378,57.004],[-154.0996,56.9648],[-154.0751,56.9756],[-154.0495,56.996],[-154.0069,57.0393],[-153.9736,57.0619],[-153.8572,57.1201],[-153.8207,57.1334],[-153.8057,57.1542],[-153.7399,57.1337],[-153.7399,57.1274],[-153.7883,57.1201],[-153.8105,57.1021],[-153.8826,57.0805],[-153.9109,57.0612],[-153.9626,56.9951],[-153.9733,56.963],[-153.9225,56.9621],[-153.8771,56.9766],[-153.8524,57.0236],[-153.8361,57.0176],[-153.832,57.0015],[-153.8557,56.976],[-153.8338,56.9722],[-153.7809,57.004],[-153.7747,56.9971],[-153.8105,56.9709],[-153.889,56.9304],[-153.9681,56.9055],[-154.0006,56.873],[-154.0638,56.8474],[-154.1301,56.7865],[-154.1495,56.7509],[-154.1226,56.7412],[-154.055,56.7625],[-153.9873,56.7438],[-153.9625,56.7482],[-153.905,56.7849],[-153.8662,56.8017],[-153.8502,56.8145],[-153.8377,56.8442],[-153.7966,56.8459],[-153.7756,56.8414],[-153.7679,56.8531],[-153.7098,56.8599],[-153.6949,56.8736],[-153.7027,56.8873],[-153.7569,56.8749],[-153.7789,56.877],[-153.7679,56.9003],[-153.7389,56.8891],[-153.7136,56.9145],[-153.6785,56.9766],[-153.6669,56.9377],[-153.6409,56.935],[-153.6034,56.9487],[-153.5598,56.9865],[-153.5551,56.9987],[-153.5761,57.004],[-153.6716,57.0102],[-153.6581,57.0198],[-153.6108,57.0238],[-153.5904,57.04],[-153.6071,57.0517],[-153.7611,57.0449],[-153.7611,57.0517],[-153.7114,57.067],[-153.559,57.079],[-153.5132,57.0697],[-153.4982,57.0743],[-153.5004,57.0996],[-153.5268,57.1267],[-153.5004,57.1684],[-153.5443,57.1645],[-153.5316,57.1798],[-153.4861,57.1757],[-153.473,57.1274],[-153.4553,57.1168],[-153.4082,57.1479],[-153.3737,57.178],[-153.3911,57.2094],[-153.3502,57.1911],[-153.3242,57.1931],[-153.3073,57.212],[-153.2824,57.2192],[-153.2533,57.2367],[-153.2164,57.223],[-153.1953,57.2299],[-153.0963,57.2182],[-153.0615,57.2231],[-152.9591,57.2571],[-153.003,57.295],[-153.0326,57.3049],[-153.0737,57.2893],[-153.0969,57.2905],[-153.1729,57.3051],[-153.1748,57.3514],[-153.1586,57.3466],[-153.144,57.3193],[-153.1208,57.3157],[-153.0573,57.3263],[-153.0239,57.3422],[-152.9765,57.3323],[-152.9144,57.3398],[-152.8822,57.3525],[-152.8807,57.3376],[-152.9051,57.3193],[-152.8919,57.304],[-152.8585,57.2951],[-152.8635,57.2777],[-152.8375,57.2707],[-152.7987,57.2916],[-152.7317,57.3074],[-152.7123,57.3028],[-152.7189,57.2777],[-152.6922,57.2833],[-152.6631,57.2995],[-152.6433,57.3205],[-152.6444,57.3398],[-152.596,57.3739],[-152.6341,57.4057],[-152.7264,57.4285],[-152.8006,57.4708],[-152.8325,57.4763],[-152.9902,57.4564],[-153.0286,57.4295],[-153.0449,57.4367],[-153.0144,57.4626],[-153.028,57.4763],[-152.9287,57.4824],[-152.9107,57.4899],[-152.9172,57.5009],[-152.9734,57.5179],[-152.954,57.5244],[-152.8908,57.5111],[-152.8424,57.5179],[-152.8017,57.5036],[-152.7429,57.509],[-152.6943,57.4748],[-152.6643,57.4694],[-152.6341,57.4813],[-152.6125,57.4801],[-152.5854,57.449],[-152.5625,57.4564],[-152.5308,57.4422],[-152.5134,57.4443],[-152.5013,57.4694],[-152.4623,57.4694],[-152.4597,57.4506],[-152.4862,57.4285],[-152.4666,57.4294],[-152.4405,57.4428],[-152.4179,57.4353],[-152.363,57.4285],[-152.3387,57.4332],[-152.3303,57.446],[-152.3223,57.4899],[-152.3089,57.509],[-152.2497,57.5415],[-152.1471,57.6226],[-152.1609,57.6271]]],[[[-136.3898,57.9636],[-136.37,57.9999],[-136.3368,58.007],[-136.3619,58.0312],[-136.4381,58.0725],[-136.4575,58.0932],[-136.4753,58.0978],[-136.5147,58.0867],[-136.5428,58.0659],[-136.5611,58.0175],[-136.5206,58.0135],[-136.5128,58.0039],[-136.542,57.9781],[-136.5464,57.9621],[-136.5332,57.9493],[-136.5528,57.9337],[-136.5404,57.9213],[-136.4969,57.9385],[-136.4786,57.9356],[-136.5059,57.9021],[-136.4643,57.8947],[-136.4712,57.8812],[-136.4538,57.8631],[-136.4513,57.8469],[-136.4199,57.8655],[-136.3925,57.8989],[-136.3791,57.9353],[-136.3898,57.9636]]],[[[-153.4184,58.066],[-153.3796,58.0495],[-153.3403,58.0465],[-153.2533,58.0523],[-153.2881,58.0864],[-153.2626,58.0854],[-153.2445,58.0717],[-153.2161,58.0349],[-153.1687,58.0327],[-153.1155,58.0137],[-153.0817,58.0072],[-153.0269,57.9888],[-152.9837,57.9857],[-152.9454,57.9977],[-152.9035,57.9907],[-152.8908,57.9977],[-153.0001,58.0312],[-153.0584,58.0421],[-153.0742,58.0681],[-153.1062,58.0946],[-153.1311,58.1002],[-153.182,58.0932],[-153.2251,58.1121],[-153.2608,58.1411],[-153.2955,58.1464],[-153.3297,58.1348],[-153.3222,58.1274],[-153.4184,58.066]]],[[[-151.8661,58.2578],[-151.8971,58.1929],[-151.8887,58.1789],[-151.8689,58.1735],[-151.8288,58.182],[-151.806,58.2121],[-151.7934,58.2447],[-151.8099,58.2629],[-151.8271,58.2656],[-151.8661,58.2578]]],[[[-135.848,57.3944],[-135.8236,57.3862],[-135.7074,57.3665],[-135.6908,57.367],[-135.6785,57.3832],[-135.6425,57.3876],[-135.6567,57.3962],[-135.657,57.4162],[-135.6322,57.4118],[-135.5991,57.4193],[-135.5947,57.4285],[-135.6214,57.449],[-135.5559,57.4537],[-135.5463,57.4661],[-135.553,57.4987],[-135.581,57.5179],[-135.5583,57.5334],[-135.5958,57.5645],[-135.6562,57.5521],[-135.6439,57.5705],[-135.6211,57.5759],[-135.5705,57.5725],[-135.6048,57.6071],[-135.6446,57.6179],[-135.7108,57.6483],[-135.735,57.6512],[-135.807,57.6414],[-135.7912,57.6601],[-135.7634,57.6703],[-135.704,57.6755],[-135.7296,57.7025],[-135.7176,57.7097],[-135.7244,57.7254],[-135.7723,57.7296],[-135.7963,57.7438],[-135.8132,57.7643],[-135.7682,57.7597],[-135.628,57.706],[-135.5842,57.6806],[-135.5544,57.6718],[-135.5121,57.6483],[-135.4575,57.634],[-135.3208,57.5849],[-135.1832,57.5193],[-135.0569,57.4666],[-135.029,57.4605],[-134.906,57.4573],[-134.8474,57.4694],[-134.8747,57.4899],[-134.8568,57.4981],[-134.8196,57.4861],[-134.8139,57.4975],[-134.8427,57.5227],[-134.8406,57.5521],[-134.8512,57.6049],[-134.8843,57.6542],[-134.8883,57.6885],[-134.9139,57.7558],[-134.9365,57.7643],[-134.983,57.7615],[-135.0098,57.7465],[-135.0388,57.7558],[-135.0802,57.7506],[-135.1013,57.737],[-135.1627,57.7296],[-135.1975,57.7097],[-135.2145,57.7073],[-135.2502,57.7266],[-135.2737,57.7302],[-135.3639,57.7262],[-135.3507,57.7463],[-135.321,57.758],[-135.3724,57.8052],[-135.4032,57.8142],[-135.4999,57.8348],[-135.5159,57.8456],[-135.5128,57.8581],[-135.547,57.8758],[-135.5753,57.88],[-135.6138,57.8959],[-135.7922,57.9341],[-135.817,57.9636],[-135.8406,57.9759],[-135.8896,57.9902],[-135.8896,57.9977],[-135.8458,57.9922],[-135.6964,57.9361],[-135.5057,57.8914],[-135.4916,57.8773],[-135.4212,57.8633],[-135.2594,57.796],[-135.203,57.7851],[-135.0138,57.7859],[-134.9845,57.7984],[-134.93,57.8127],[-134.9678,57.8201],[-134.982,57.829],[-134.9845,57.8469],[-135.0012,57.84],[-135.0398,57.8679],[-135.1081,57.8803],[-135.1603,57.9038],[-135.2037,57.9431],[-135.1975,57.9493],[-135.1447,57.925],[-135.1091,57.9191],[-135.0467,57.9021],[-134.946,57.8511],[-134.9157,57.8469],[-134.9603,57.8716],[-134.9651,57.8861],[-134.9504,57.9021],[-134.9158,57.921],[-134.9102,57.9429],[-134.9193,57.967],[-134.902,57.9731],[-134.9248,58.0275],[-134.98,58.0504],[-135.1081,58.0722],[-135.0903,58.082],[-135.118,58.1001],[-135.1866,58.0932],[-135.2664,58.1069],[-135.3168,58.1005],[-135.3341,58.1069],[-135.3074,58.1206],[-135.3465,58.1347],[-135.3893,58.1411],[-135.4575,58.1274],[-135.4245,58.0951],[-135.4364,58.0796],[-135.5155,58.0585],[-135.5572,58.0076],[-135.5929,57.9875],[-135.6356,57.984],[-135.6274,57.9589],[-135.6562,57.9493],[-135.6625,57.9701],[-135.709,57.9783],[-135.7933,57.984],[-135.7685,57.9982],[-135.7413,58.0023],[-135.65,57.9956],[-135.6214,58.0039],[-135.6248,58.0132],[-135.6698,58.025],[-135.6624,58.0312],[-135.6932,58.0401],[-135.7528,58.0273],[-135.7831,58.0421],[-135.7694,58.0465],[-135.6924,58.0534],[-135.6273,58.0414],[-135.6024,58.054],[-135.5606,58.0932],[-135.5234,58.1024],[-135.5121,58.1132],[-135.4967,58.1508],[-135.4849,58.1621],[-135.5019,58.1738],[-135.5538,58.1894],[-135.5463,58.1963],[-135.6014,58.207],[-135.6356,58.2304],[-135.6894,58.2263],[-135.715,58.2297],[-135.7589,58.2686],[-135.7851,58.2761],[-135.8135,58.2744],[-135.9228,58.2319],[-135.9595,58.1969],[-135.9578,58.1721],[-135.9823,58.1676],[-136.071,58.2114],[-136.1029,58.2216],[-136.1366,58.223],[-136.1329,58.2072],[-136.1776,58.1894],[-136.1695,58.1469],[-136.1595,58.1411],[-136.1655,58.1191],[-136.1595,58.0898],[-136.1012,58.0585],[-136.1656,58.0671],[-136.198,58.0888],[-136.1832,58.1206],[-136.1927,58.1343],[-136.2247,58.1492],[-136.2551,58.1905],[-136.2632,58.2169],[-136.3557,58.2199],[-136.3489,58.1964],[-136.293,58.1479],[-136.3,58.1346],[-136.2725,58.1069],[-136.3341,58.1353],[-136.3557,58.1411],[-136.4053,58.1339],[-136.4308,58.1069],[-136.4097,58.0799],[-136.3255,58.0393],[-136.2969,58.0106],[-136.2207,57.9686],[-136.144,57.9078],[-136.0567,57.8682],[-136.0329,57.8469],[-136.0586,57.8504],[-136.1617,57.9024],[-136.2838,57.9817],[-136.3119,57.9955],[-136.3312,57.994],[-136.3644,57.9758],[-136.366,57.9527],[-136.3483,57.9288],[-136.3582,57.9136],[-136.3948,57.8857],[-136.4172,57.835],[-136.4059,57.8155],[-136.3898,57.8394],[-136.3624,57.8402],[-136.3436,57.8155],[-136.3104,57.8018],[-136.2773,57.7753],[-136.2604,57.7761],[-136.2384,57.7922],[-136.2247,57.7848],[-136.2257,57.7666],[-136.2076,57.7483],[-136.0882,57.6885],[-136.1214,57.6698],[-136.1428,57.6448],[-136.1343,57.6301],[-136.0967,57.623],[-136.0846,57.6485],[-136.0504,57.6286],[-136.0193,57.634],[-135.9503,57.6209],[-135.9503,57.6135],[-135.9855,57.6132],[-135.9913,57.593],[-136.0185,57.594],[-136.0193,57.6135],[-136.0739,57.6073],[-136.0394,57.5769],[-135.8366,57.4887],[-135.8009,57.4658],[-135.7797,57.4353],[-135.8102,57.4399],[-135.839,57.455],[-135.8896,57.4899],[-135.9468,57.5163],[-135.9825,57.5242],[-136.0124,57.5179],[-135.9613,57.4835],[-135.9491,57.4619],[-135.8964,57.4353],[-135.8539,57.425],[-135.8406,57.4145],[-135.848,57.3944]]],[[[-134.5973,58.2373],[-134.5354,58.2241],[-134.4703,58.2258],[-134.2584,58.1963],[-134.2794,58.2206],[-134.3813,58.2714],[-134.4463,58.3151],[-134.4818,58.3335],[-134.5633,58.3446],[-134.5843,58.341],[-134.6211,58.3232],[-134.6628,58.3196],[-134.6798,58.3093],[-134.675,58.2918],[-134.6205,58.2464],[-134.5973,58.2373]]],[[[-134.354,57.0927],[-134.3881,57.1064],[-134.3699,57.1151],[-134.3614,57.1337],[-134.3192,57.1201],[-134.3266,57.1337],[-134.2701,57.1419],[-134.2857,57.161],[-134.2456,57.1826],[-134.2174,57.1746],[-134.1674,57.1916],[-134.1471,57.2169],[-134.1274,57.2646],[-134.0848,57.2564],[-134.0728,57.2777],[-134.1173,57.3062],[-134.1349,57.2982],[-134.1492,57.3118],[-134.1318,57.3272],[-134.1422,57.3502],[-134.1759,57.3876],[-134.1368,57.3753],[-134.1075,57.3528],[-134.0996,57.3294],[-134.0771,57.3261],[-134.0802,57.3528],[-134.0679,57.3568],[-134.0523,57.3398],[-133.9824,57.3085],[-133.9393,57.3087],[-133.9017,57.3433],[-133.865,57.3551],[-133.8645,57.3739],[-133.8932,57.435],[-133.9796,57.4133],[-133.9983,57.4155],[-133.977,57.4492],[-134.0124,57.4585],[-134.0663,57.4614],[-134.1007,57.4763],[-134.0455,57.4763],[-134.0455,57.4831],[-134.0864,57.4975],[-134.0728,57.5111],[-134.0399,57.4953],[-133.9642,57.4822],[-133.9229,57.4685],[-133.9226,57.4899],[-133.8916,57.4899],[-133.8607,57.4564],[-133.84,57.4626],[-133.8993,57.5065],[-133.9262,57.5444],[-133.9294,57.593],[-133.9379,57.6186],[-134.0111,57.6538],[-134.0655,57.6503],[-134.0802,57.6619],[-134.0528,57.6729],[-134.057,57.6959],[-134.2087,57.8399],[-134.2518,57.8569],[-134.2782,57.8258],[-134.2892,57.8367],[-134.272,57.8878],[-134.2741,57.9062],[-134.3122,57.9794],[-134.3166,57.9966],[-134.2635,57.9759],[-134.2242,57.9697],[-134.2381,57.9928],[-134.2616,58.009],[-134.3192,58.0312],[-134.2908,58.036],[-134.2646,58.025],[-134.2672,58.0418],[-134.2891,58.0739],[-134.3079,58.0845],[-134.3068,58.0981],[-134.2812,58.0764],[-134.2301,58.0629],[-134.1996,58.0407],[-134.1553,57.9902],[-134.2113,58.0268],[-134.2311,58.025],[-134.1821,57.9954],[-134.1417,57.9567],[-134.1311,57.9372],[-134.1144,57.8803],[-134.088,57.8459],[-134.0688,57.8316],[-134.0238,57.8205],[-134.0106,57.8066],[-133.9807,57.7154],[-133.963,57.6923],[-133.8742,57.6414],[-133.8262,57.5859],[-133.8028,57.5793],[-133.7893,57.5889],[-133.8039,57.61],[-133.86,57.658],[-133.8791,57.6932],[-133.8828,57.73],[-133.8946,57.758],[-133.8884,57.7984],[-133.9522,57.8448],[-133.9796,57.8778],[-134.0023,57.9394],[-134.0294,57.9639],[-134.0864,57.9977],[-134.0902,58.0261],[-134.1693,58.0778],[-134.1759,58.1069],[-134.2038,58.1274],[-134.17,58.1234],[-134.1608,58.1385],[-134.1864,58.1684],[-134.3316,58.1481],[-134.3614,58.1479],[-134.3907,58.1553],[-134.4447,58.1774],[-134.4744,58.182],[-134.5513,58.1818],[-134.6042,58.171],[-134.6932,58.1684],[-134.7113,58.2231],[-134.7381,58.2447],[-134.7689,58.2817],[-134.7961,58.2987],[-134.8094,58.3306],[-134.8747,58.3676],[-134.9171,58.3735],[-134.9266,58.396],[-134.9493,58.4095],[-134.9706,58.3856],[-134.9691,58.3632],[-134.9529,58.2985],[-134.9319,58.2636],[-134.8836,58.2547],[-134.9079,58.2307],[-134.9157,58.2099],[-134.8738,58.185],[-134.8502,58.1793],[-134.7978,58.1128],[-134.7837,58.1105],[-134.7723,58.1348],[-134.775,58.1713],[-134.7362,58.1887],[-134.7352,58.1716],[-134.7587,58.1479],[-134.745,58.1132],[-134.7563,58.0947],[-134.7975,58.0718],[-134.8065,58.0554],[-134.8,58.0352],[-134.7512,57.9902],[-134.7622,57.9722],[-134.7213,57.8974],[-134.7141,57.8559],[-134.6989,57.8125],[-134.7027,57.768],[-134.7161,57.7458],[-134.704,57.7131],[-134.6767,57.6824],[-134.6693,57.6414],[-134.6536,57.5982],[-134.6387,57.58],[-134.6046,57.5637],[-134.5797,57.523],[-134.5669,57.5111],[-134.5411,57.5111],[-134.4881,57.5327],[-134.378,57.553],[-134.354,57.5446],[-134.4045,57.5264],[-134.4417,57.5209],[-134.5124,57.4921],[-134.56,57.4975],[-134.5627,57.48],[-134.498,57.4285],[-134.4639,57.3944],[-134.422,57.3852],[-134.341,57.397],[-134.3061,57.3944],[-134.3348,57.3789],[-134.3676,57.3739],[-134.3354,57.3542],[-134.313,57.3323],[-134.3417,57.3354],[-134.4024,57.3603],[-134.5123,57.3808],[-134.5082,57.396],[-134.5221,57.4031],[-134.5563,57.3978],[-134.5461,57.3425],[-134.498,57.3398],[-134.457,57.3118],[-134.5165,57.3091],[-134.5436,57.3011],[-134.5832,57.2694],[-134.5567,57.2447],[-134.5047,57.2367],[-134.5255,57.2158],[-134.5577,57.2156],[-134.6215,57.2299],[-134.6333,57.2242],[-134.6316,57.1958],[-134.6144,57.1753],[-134.5799,57.1548],[-134.6129,57.1272],[-134.6229,57.1108],[-134.5985,57.07],[-134.5985,57.0495],[-134.6146,57.0102],[-134.5746,57.0291],[-134.5018,57.029],[-134.4686,57.0391],[-134.4374,57.0609],[-134.4044,57.0679],[-134.354,57.0865],[-134.354,57.0927]]],[[[-151.966,58.3328],[-152.0008,58.3519],[-152.0313,58.3067],[-152.0684,58.2783],[-152.0656,58.3063],[-152.0808,58.3166],[-152.0999,58.3119],[-152.1209,58.2554],[-152.1435,58.2338],[-152.1542,58.2615],[-152.1361,58.303],[-152.0951,58.3676],[-152.0832,58.3735],[-152.1168,58.4011],[-152.1517,58.3859],[-152.1913,58.3539],[-152.2361,58.3601],[-152.267,58.3881],[-152.2459,58.395],[-152.267,58.4011],[-152.2602,58.4148],[-152.2988,58.4263],[-152.3234,58.4142],[-152.3494,58.4211],[-152.3633,58.4148],[-152.3579,58.3996],[-152.38,58.3539],[-152.3751,58.345],[-152.4197,58.3229],[-152.4016,58.3544],[-152.4056,58.3632],[-152.4387,58.3767],[-152.4589,58.3602],[-152.4769,58.3615],[-152.4813,58.389],[-152.4656,58.4011],[-152.4938,58.414],[-152.5271,58.4148],[-152.4998,58.4632],[-152.5817,58.4666],[-152.6035,58.4564],[-152.6174,58.4787],[-152.6506,58.4836],[-152.6648,58.4753],[-152.6741,58.4508],[-152.693,58.4321],[-152.7127,58.4495],[-152.7477,58.4516],[-152.7735,58.4177],[-152.8174,58.4132],[-152.8619,58.4141],[-152.8834,58.4086],[-152.8674,58.3944],[-152.7851,58.3708],[-152.7605,58.3602],[-152.8015,58.3539],[-152.7691,58.332],[-152.7518,58.2727],[-152.7673,58.2578],[-152.7933,58.2868],[-152.8465,58.2879],[-152.9023,58.2799],[-152.9896,58.3045],[-153.0417,58.3056],[-153.1099,58.2714],[-153.071,58.2401],[-153.0431,58.2353],[-153.0069,58.2134],[-152.9051,58.1758],[-152.9287,58.1702],[-152.9932,58.1894],[-153.0106,58.1758],[-153.028,58.1963],[-153.1618,58.2196],[-153.1885,58.2199],[-153.2296,58.1826],[-153.2296,58.1689],[-153.1675,58.1112],[-153.0812,58.111],[-153.0485,58.1069],[-153.0664,58.0971],[-153.0583,58.0786],[-153.0144,58.0455],[-152.9268,58.0149],[-152.8049,57.9915],[-152.7775,58.0008],[-152.7658,58.0229],[-152.775,58.0633],[-152.7673,58.0796],[-152.7558,58.0634],[-152.7081,58.0521],[-152.6796,58.0668],[-152.6444,58.0722],[-152.6271,58.1035],[-152.6031,58.1326],[-152.5882,58.1973],[-152.555,58.2099],[-152.5629,58.1788],[-152.5622,58.112],[-152.5482,58.0864],[-152.5222,58.1096],[-152.4894,58.1284],[-152.4551,58.1374],[-152.4107,58.1257],[-152.3697,58.1274],[-152.3373,58.1105],[-152.3095,58.1352],[-152.2739,58.1348],[-152.3311,58.165],[-152.3291,58.1894],[-152.3543,58.189],[-152.3701,58.2031],[-152.3538,58.2053],[-152.3243,58.1909],[-152.2946,58.1973],[-152.3097,58.2149],[-152.3291,58.2168],[-152.3165,58.2492],[-152.2875,58.2509],[-152.2766,58.2642],[-152.2602,58.2578],[-152.2462,58.2683],[-152.2327,58.2468],[-152.2192,58.2031],[-152.1964,58.186],[-152.13,58.1662],[-152.1168,58.1479],[-152.0575,58.1735],[-152.0479,58.1963],[-152.0314,58.2097],[-151.9722,58.2373],[-151.9809,58.254],[-151.9688,58.2841],[-151.9858,58.2919],[-151.9659,58.3207],[-151.966,58.3328]]],[[[-152.6444,58.5185],[-152.6306,58.5079],[-152.5264,58.4765],[-152.502,58.4735],[-152.483,58.4805],[-152.456,58.5029],[-152.3633,58.5519],[-152.3704,58.5753],[-152.3428,58.6003],[-152.349,58.6283],[-152.3696,58.6381],[-152.4537,58.6282],[-152.5073,58.6003],[-152.5512,58.5905],[-152.5726,58.5802],[-152.5919,58.5552],[-152.6643,58.5464],[-152.643,58.5373],[-152.6444,58.5185]]],[[[-160.9476,58.7376],[-160.9731,58.7318],[-161.0438,58.7021],[-161.0617,58.7005],[-161.0637,58.6767],[-161.078,58.6393],[-161.1621,58.6905],[-161.1719,58.6908],[-161.0795,58.6298],[-161.0754,58.6007],[-161.0901,58.5899],[-161.0765,58.5722],[-161.086,58.5533],[-161.0741,58.5469],[-161.0189,58.5589],[-160.9663,58.5495],[-160.8979,58.5703],[-160.8685,58.5921],[-160.8606,58.6147],[-160.8009,58.6799],[-160.7726,58.7163],[-160.7211,58.7671],[-160.6859,58.8108],[-160.7392,58.7979],[-160.767,58.7757],[-160.7876,58.7735],[-160.8582,58.7474],[-160.9095,58.7456],[-160.9476,58.7376]]],[[[-152.2497,58.9225],[-152.2124,58.943],[-152.177,58.9391],[-152.1578,58.9567],[-152.2531,58.9567],[-152.3091,58.9704],[-152.3291,58.9709],[-152.3272,58.935],[-152.3633,58.9157],[-152.3342,58.9119],[-152.2497,58.9225]]],[[[-150.7042,59.3955],[-150.7236,59.366],[-150.7462,59.3579],[-150.7799,59.3341],[-150.7618,59.3168],[-150.7316,59.3115],[-150.6775,59.3198],[-150.6551,59.333],[-150.6086,59.3812],[-150.6269,59.3998],[-150.6538,59.4072],[-150.7042,59.3955]]],[[[-153.5245,59.3303],[-153.4989,59.3254],[-153.4059,59.3386],[-153.3768,59.3477],[-153.3546,59.3652],[-153.3574,59.3781],[-153.3979,59.4085],[-153.4634,59.4085],[-153.5382,59.3771],[-153.5556,59.3576],[-153.5527,59.3431],[-153.5245,59.3303]]],[[[-150.3348,59.457],[-150.4105,59.4463],[-150.4237,59.436],[-150.4435,59.4023],[-150.427,59.4017],[-150.3791,59.4314],[-150.3314,59.4364],[-150.3213,59.4223],[-150.3037,59.4305],[-150.2946,59.4646],[-150.3348,59.457]]],[[[-144.3418,59.9845],[-144.393,59.9566],[-144.442,59.9373],[-144.5093,59.889],[-144.5524,59.8732],[-144.6053,59.8132],[-144.5546,59.8271],[-144.4277,59.9025],[-144.4037,59.9272],[-144.3771,59.9324],[-144.2422,59.9914],[-144.2208,59.9958],[-144.2086,60.0118],[-144.2458,60.0076],[-144.3081,59.9888],[-144.3418,59.9845]]],[[[-148.005,60.0466],[-148.0321,60.0255],[-148.0782,60.001],[-148.1448,59.9724],[-148.1868,59.9932],[-148.2233,59.9914],[-148.1898,59.9845],[-148.2102,59.9641],[-148.1823,59.9641],[-148.1962,59.9534],[-148.245,59.9435],[-148.156,59.9435],[-148.0812,59.9717],[-147.995,60.0327],[-148.005,60.0466]]],[[[-147.8266,60.0528],[-147.8297,60.0779],[-147.8614,60.0808],[-147.8918,60.069],[-147.9473,60.029],[-148.0075,59.9962],[-148.0355,59.9743],[-148.0357,59.9526],[-147.9818,59.9591],[-147.9386,59.9719],[-147.8952,59.9904],[-147.8433,60.0305],[-147.8266,60.0528]]],[[[-147.9638,60.0739],[-147.9184,60.086],[-147.8813,60.1074],[-147.9148,60.1255],[-147.9532,60.1216],[-147.9665,60.1566],[-147.9986,60.1212],[-148.0454,60.0918],[-148.0806,60.0782],[-148.1331,60.0311],[-148.1413,60.0118],[-148.1249,60.0041],[-148.0933,60.0178],[-148.0321,60.0528],[-148.0594,60.0528],[-148.0444,60.0703],[-148.0192,60.0747],[-147.9638,60.0739]]],[[[-148.1594,60.0432],[-148.1373,60.0635],[-148.1132,60.0712],[-148.0904,60.1002],[-148.0812,60.135],[-148.041,60.1866],[-148.05,60.1957],[-148.0693,60.187],[-148.0775,60.16],[-148.114,60.1291],[-148.1187,60.1503],[-148.1408,60.1479],[-148.2712,60.103],[-148.286,60.0944],[-148.263,60.0887],[-148.1898,60.0876],[-148.2158,60.0737],[-148.2996,60.0602],[-148.2996,60.0528],[-148.2132,60.0543],[-148.1898,60.0466],[-148.22,60.0398],[-148.2873,60.0427],[-148.3138,60.0323],[-148.2586,60.0231],[-148.1688,60.0377],[-148.1594,60.0432]]],[[[-147.1072,60.2862],[-147.0265,60.3308],[-147.0111,60.3476],[-147.1203,60.3476],[-147.0868,60.3756],[-147.1155,60.3817],[-147.1551,60.3765],[-147.1896,60.3622],[-147.2029,60.3414],[-147.1799,60.332],[-147.178,60.3186],[-147.2076,60.295],[-147.197,60.2512],[-147.2012,60.2422],[-147.2547,60.2247],[-147.2956,60.2322],[-147.3297,60.1872],[-147.3878,60.1627],[-147.3802,60.1396],[-147.4246,60.1112],[-147.515,60.0701],[-147.5331,60.0586],[-147.681,60.0087],[-147.7031,59.9975],[-147.6689,59.9709],[-147.6957,59.9621],[-147.7524,59.9538],[-147.7788,59.9435],[-147.8049,59.9204],[-147.7907,59.911],[-147.7372,59.9025],[-147.7639,59.8885],[-147.8254,59.8708],[-147.8577,59.8685],[-147.8861,59.8576],[-147.8988,59.8102],[-147.9154,59.7927],[-147.8788,59.7831],[-147.8402,59.7865],[-147.8006,59.8033],[-147.7168,59.82],[-147.6688,59.8193],[-147.6437,59.8626],[-147.6011,59.8668],[-147.5188,59.8542],[-147.4683,59.8768],[-147.4536,59.8959],[-147.4561,59.9156],[-147.4903,59.9392],[-147.453,59.9675],[-147.4272,59.9766],[-147.367,59.9728],[-147.3537,59.9914],[-147.3766,60.0155],[-147.3711,60.0289],[-147.3282,60.0703],[-147.2338,60.1331],[-147.0105,60.2337],[-146.9706,60.2592],[-146.9223,60.3135],[-147.0808,60.2803],[-147.1072,60.2862]]],[[[-147.9774,60.3756],[-148.0144,60.3879],[-148.0756,60.3694],[-148.1271,60.3349],[-148.1283,60.3066],[-148.1044,60.2929],[-148.0733,60.2851],[-148.0422,60.2866],[-148.0184,60.2998],[-148.0047,60.3445],[-147.9774,60.3756]]],[[[-145.1744,60.3824],[-145.2843,60.3414],[-145.2335,60.3173],[-145.212,60.3135],[-145.1632,60.3187],[-145.1366,60.3066],[-145.1233,60.3118],[-145.1198,60.355],[-145.0925,60.4022],[-145.0951,60.4163],[-145.1198,60.4098],[-145.1744,60.3824]]],[[[-146.1886,60.4022],[-146.1204,60.4271],[-146.1514,60.4388],[-146.2384,60.4316],[-146.3236,60.4107],[-146.3668,60.4097],[-146.362,60.4538],[-146.3531,60.4711],[-146.379,60.4761],[-146.4456,60.4649],[-146.5449,60.4649],[-146.5306,60.4854],[-146.5881,60.484],[-146.6343,60.4649],[-146.6603,60.4302],[-146.6957,60.4233],[-146.7226,60.3862],[-146.7006,60.3548],[-146.6556,60.3406],[-146.6138,60.355],[-146.6479,60.355],[-146.616,60.3711],[-146.5677,60.3632],[-146.5048,60.3704],[-146.4903,60.3613],[-146.6556,60.3068],[-146.682,60.2862],[-146.6486,60.2579],[-146.6002,60.2452],[-146.5539,60.2612],[-146.4933,60.3038],[-146.3336,60.3522],[-146.305,60.355],[-146.224,60.3514],[-146.1955,60.3613],[-146.1832,60.3842],[-146.0998,60.396],[-146.0937,60.4103],[-146.1886,60.4022]]],[[[-147.7714,60.4097],[-147.8013,60.3859],[-147.8606,60.3774],[-147.8061,60.3476],[-147.8607,60.3445],[-147.875,60.3334],[-147.8607,60.3271],[-147.7577,60.3414],[-147.7804,60.3148],[-147.8228,60.2991],[-147.8705,60.2924],[-147.9086,60.293],[-147.8676,60.2725],[-147.896,60.2603],[-147.9086,60.2383],[-147.8517,60.2279],[-147.7925,60.2383],[-147.8402,60.1937],[-147.8308,60.1869],[-147.7962,60.1881],[-147.7987,60.1701],[-147.7656,60.1744],[-147.7413,60.1936],[-147.7106,60.2514],[-147.7388,60.25],[-147.7388,60.2598],[-147.6947,60.3028],[-147.6622,60.3476],[-147.631,60.3748],[-147.6254,60.3896],[-147.6485,60.396],[-147.7154,60.3833],[-147.7372,60.396],[-147.6624,60.4212],[-147.6342,60.4233],[-147.6144,60.437],[-147.6417,60.4506],[-147.6286,60.467],[-147.6453,60.4831],[-147.6826,60.4711],[-147.6893,60.5037],[-147.7082,60.5068],[-147.7238,60.4929],[-147.7101,60.4526],[-147.73,60.4414],[-147.7857,60.4308],[-147.7725,60.4539],[-147.7714,60.4854],[-147.7928,60.4717],[-147.8125,60.4462],[-147.8402,60.396],[-147.7859,60.4105],[-147.7714,60.4097]]],[[[-151.8698,60.4854],[-151.8662,60.4973],[-151.9042,60.5106],[-151.9532,60.5085],[-151.9797,60.4854],[-151.9675,60.4658],[-151.9902,60.4191],[-152.0206,60.4022],[-152.0275,60.3681],[-152.0897,60.3591],[-152.0616,60.3476],[-152.0386,60.3504],[-151.966,60.3756],[-151.9822,60.3895],[-151.9786,60.4083],[-151.9449,60.437],[-151.8971,60.4506],[-151.8698,60.4854]]],[[[-145.7572,60.6287],[-145.8057,60.6062],[-145.8588,60.5956],[-145.9696,60.5878],[-145.949,60.5673],[-146.0341,60.5583],[-146.1204,60.5394],[-146.0931,60.5258],[-146.1201,60.5195],[-146.2864,60.5173],[-146.3057,60.5102],[-146.3326,60.4649],[-146.2943,60.4548],[-146.0969,60.4797],[-146.0631,60.4883],[-146.0146,60.5089],[-145.9627,60.5189],[-145.9137,60.5368],[-145.8717,60.5439],[-145.7641,60.5871],[-145.7498,60.6015],[-145.7777,60.6083],[-145.7498,60.6213],[-145.7572,60.6287]]],[[[-147.4977,60.6567],[-147.4499,60.6629],[-147.4772,60.6356],[-147.4029,60.6484],[-147.3397,60.6456],[-147.325,60.6572],[-147.3127,60.684],[-147.3642,60.6663],[-147.3852,60.6726],[-147.4288,60.7114],[-147.4772,60.6902],[-147.4554,60.6878],[-147.4499,60.6697],[-147.4977,60.6567]]],[[[-147.9291,60.7182],[-147.9493,60.7487],[-147.9693,60.7466],[-147.9495,60.7114],[-147.9946,60.7314],[-148.0122,60.725],[-147.9669,60.6803],[-147.9359,60.6629],[-147.9222,60.684],[-147.8575,60.6872],[-147.8524,60.7067],[-147.8813,60.7315],[-147.9098,60.7448],[-147.9291,60.7182]]],[[[-148.1687,60.6629],[-148.1405,60.6487],[-148.1078,60.6629],[-148.0987,60.6968],[-148.1283,60.7114],[-148.1101,60.7253],[-148.1241,60.7511],[-148.1587,60.7647],[-148.217,60.7591],[-148.1966,60.7448],[-148.2301,60.7297],[-148.2222,60.7061],[-148.1687,60.6629]]],[[[-148.0874,60.8001],[-148.0238,60.7912],[-148.0085,60.7963],[-147.9669,60.8274],[-147.9292,60.8063],[-147.9154,60.8131],[-147.9193,60.8383],[-147.9433,60.8616],[-147.9405,60.8858],[-147.9676,60.9056],[-148.0321,60.9304],[-148.1078,60.9168],[-148.0699,60.9042],[-148.1114,60.8775],[-148.1283,60.8581],[-148.1368,60.8264],[-148.1271,60.8006],[-148.0874,60.8001]]],[[[-162.3408,63.6025],[-162.3824,63.623],[-162.3749,63.6304],[-162.4364,63.6403],[-162.444,63.6295],[-162.4822,63.6219],[-162.5565,63.6298],[-162.5844,63.6285],[-162.5939,63.6112],[-162.6214,63.623],[-162.6661,63.6168],[-162.7176,63.5752],[-162.6149,63.5485],[-162.4982,63.5485],[-162.388,63.5622],[-162.3594,63.5462],[-162.3476,63.5548],[-162.3681,63.582],[-162.3408,63.6025]]],[[[-163.1854,69.6103],[-163.1912,69.5465],[-163.1763,69.4822],[-163.1742,69.6045],[-163.1529,69.6783],[-163.1716,69.6578],[-163.1854,69.6103]]],[[[-141.4231,69.7219],[-141.5286,69.7603],[-141.8092,69.8219],[-141.8984,69.8249],[-141.7134,69.7933],[-141.6454,69.7746],[-141.5842,69.7664],[-141.4726,69.7208],[-141.3851,69.6945],[-141.4231,69.7219]]],[[[-163.0558,69.8045],[-163.1291,69.702],[-163.0954,69.7314],[-163.0422,69.8016],[-163.0118,69.8323],[-162.8779,69.9017],[-162.8411,69.9348],[-162.9999,69.8558],[-163.0558,69.8045]]],[[[-162.7018,70.0223],[-162.7281,69.9986],[-162.8063,69.9484],[-162.7372,69.9781],[-162.6993,69.9997],[-162.6754,70.0295],[-162.6061,70.0692],[-162.5565,70.0903],[-162.6008,70.0828],[-162.6418,70.0656],[-162.7018,70.0223]]],[[[-162.4845,70.1732],[-162.5033,70.1613],[-162.5599,70.106],[-162.5391,70.1137],[-162.491,70.1539],[-162.3437,70.2202],[-162.1627,70.2699],[-162.3085,70.2413],[-162.4845,70.1732]]],[[[-161.5511,70.326],[-161.8881,70.3539],[-161.9431,70.3396],[-161.9771,70.3122],[-161.9121,70.3399],[-161.8378,70.3434],[-161.5511,70.326]]],[[[-148.8197,70.4698],[-148.8944,70.4964],[-148.9229,70.5015],[-148.9946,70.4929],[-149.2363,70.5533],[-149.3132,70.5449],[-149.2544,70.5456],[-149.194,70.5369],[-149.0157,70.4849],[-148.9791,70.4809],[-148.9122,70.4886],[-148.8197,70.4698]]],[[[-166.0946,53.9807],[-166.1158,53.9887],[-166.1566,53.9936],[-166.1892,53.9897],[-166.1913,53.9649],[-166.1691,53.9568],[-166.1115,53.956],[-166.0795,53.9709],[-166.0946,53.9807]]],[[[-159.5215,54.7922],[-159.5713,54.8223],[-159.6042,54.8123],[-159.5893,54.7597],[-159.5471,54.7539],[-159.5271,54.7595],[-159.5126,54.7785],[-159.5215,54.7922]]],[[[-161.3336,55.1915],[-161.3403,55.219],[-161.4114,55.2195],[-161.4397,55.1973],[-161.4222,55.1855],[-161.3698,55.1654],[-161.3419,55.1627],[-161.3308,55.1704],[-161.3336,55.1915]]],[[[-161.559,55.2545],[-161.6124,55.2451],[-161.6589,55.2424],[-161.6833,55.2309],[-161.6917,55.2116],[-161.6769,55.2002],[-161.6372,55.1935],[-161.5926,55.2075],[-161.5641,55.2079],[-161.544,55.2406],[-161.559,55.2545]]],[[[-160.0362,55.3262],[-160.0666,55.3447],[-160.0994,55.3403],[-160.1091,55.3258],[-160.0729,55.3083],[-160.04,55.3071],[-160.0362,55.3262]]],[[[-159.3127,55.8112],[-159.3328,55.8124],[-159.3599,55.7982],[-159.3623,55.7863],[-159.3286,55.7784],[-159.3021,55.7592],[-159.2891,55.779],[-159.3127,55.8112]]],[[[-156.6804,56.039],[-156.7013,56.0661],[-156.7169,56.0445],[-156.7462,56.0349],[-156.6949,56.0093],[-156.6837,56.0124],[-156.6804,56.039]]],[[[-156.7799,56.1896],[-156.7783,56.2267],[-156.7926,56.2207],[-156.8069,56.1973],[-156.8053,56.1648],[-156.7745,56.1532],[-156.7667,56.1785],[-156.7799,56.1896]]],[[[-157.8123,56.3429],[-157.8114,56.3561],[-157.8566,56.3621],[-157.8974,56.3474],[-157.8984,56.3391],[-157.8333,56.3137],[-157.806,56.3288],[-157.8123,56.3429]]],[[[-153.8338,57.502],[-153.8315,57.5257],[-153.8467,57.5406],[-153.8679,57.5434],[-153.8878,57.509],[-153.8815,57.4761],[-153.8678,57.4526],[-153.8436,57.4362],[-153.8293,57.4511],[-153.8338,57.502]]],[[[-152.3439,57.9233],[-152.4171,57.9304],[-152.4228,57.9643],[-152.4323,57.9692],[-152.4634,57.9595],[-152.4927,57.9616],[-152.4831,57.9485],[-152.5048,57.9257],[-152.486,57.9145],[-152.3973,57.8961],[-152.3694,57.8864],[-152.3301,57.9075],[-152.3439,57.9233]]],[[[-152.7444,57.9838],[-152.8331,57.9746],[-152.8536,57.9674],[-152.8522,57.9441],[-152.786,57.9255],[-152.748,57.9392],[-152.7301,57.9822],[-152.7444,57.9838]]],[[[-152.8113,58.2904],[-152.7824,58.2886],[-152.7999,58.3166],[-152.8107,58.3164],[-152.8461,58.3376],[-152.8649,58.3352],[-152.9062,58.3422],[-152.9306,58.3286],[-152.9027,58.3077],[-152.8494,58.3013],[-152.8113,58.2904]]],[[[-160.2587,58.6786],[-160.2759,58.6794],[-160.2781,58.7186],[-160.3012,58.7294],[-160.3015,58.709],[-160.3163,58.6835],[-160.2779,58.6652],[-160.268,58.6381],[-160.2438,58.6627],[-160.2587,58.6786]]],[[[-160.3846,58.7309],[-160.406,58.7513],[-160.4237,58.724],[-160.4355,58.6911],[-160.4172,58.6818],[-160.3842,58.7108],[-160.3846,58.7309]]],[[[-150.2108,61.173],[-150.2244,61.1704],[-150.2652,61.1234],[-150.2275,61.1272],[-150.1962,61.1413],[-150.1777,61.1614],[-150.1845,61.1743],[-150.2108,61.173]]],[[[-164.5869,63.0644],[-164.6118,63.0467],[-164.5839,63.0421],[-164.5633,63.0562],[-164.5869,63.0644]]],[[[-179.1435,51.2751],[-179.1297,51.2436],[-179.1367,51.2272],[-179.119,51.2154],[-179.0852,51.2429],[-179.0616,51.2477],[-179.0882,51.2961],[-179.1186,51.2902],[-179.1435,51.2751]]],[[[-178.9858,51.3842],[-178.9784,51.3538],[-178.9927,51.3262],[-178.9869,51.3075],[-178.9736,51.3124],[-178.9483,51.3398],[-178.9139,51.3458],[-178.9042,51.3538],[-178.9176,51.3774],[-178.9544,51.3952],[-178.9722,51.3966],[-178.9858,51.3842]]],[[[-178.7865,51.8299],[-178.8136,51.8392],[-178.8322,51.8258],[-178.8589,51.7957],[-178.8427,51.7727],[-178.8083,51.7473],[-178.7605,51.7523],[-178.7402,51.7836],[-178.7485,51.8176],[-178.7865,51.8299]]],[[[-176.2647,51.81],[-176.283,51.8226],[-176.3274,51.81],[-176.3199,51.8299],[-176.3541,51.8299],[-176.3541,51.8367],[-176.2927,51.8437],[-176.279,51.8572],[-176.3032,51.869],[-176.3472,51.8699],[-176.3929,51.8631],[-176.423,51.851],[-176.3889,51.8162],[-176.4094,51.8237],[-176.4019,51.7582],[-176.397,51.7419],[-176.361,51.7337],[-176.3518,51.7409],[-176.3407,51.7258],[-176.3079,51.7524],[-176.2927,51.7412],[-176.2926,51.7567],[-176.2585,51.7821],[-176.279,51.7883],[-176.2647,51.81]]],[[[-176.0115,51.8299],[-176.0302,51.8432],[-176.0629,51.855],[-176.0939,51.8586],[-176.1119,51.8386],[-176.1282,51.864],[-176.1739,51.8853],[-176.2045,51.881],[-176.2107,51.8671],[-176.2012,51.8409],[-176.2237,51.8436],[-176.2191,51.8244],[-176.1623,51.81],[-176.163,51.7985],[-176.1418,51.7753],[-176.1524,51.8045],[-176.1356,51.8299],[-176.1218,51.8057],[-176.0941,51.7957],[-176.1064,51.8265],[-176.0975,51.8299],[-176.0496,51.8249],[-176.032,51.8299],[-175.9985,51.8026],[-175.991,51.81],[-176.0189,51.8237],[-176.0115,51.8299]]],[[[-175.991,51.8845],[-176.0189,51.892],[-175.991,51.9056],[-176.0209,51.9128],[-176.0733,51.9038],[-176.1077,51.8845],[-175.977,51.8524],[-175.9569,51.851],[-175.9583,51.8747],[-175.9705,51.8981],[-175.991,51.8845]]],[[[-177.8003,51.7957],[-177.7752,51.7965],[-177.7268,51.8122],[-177.6474,51.8205],[-177.6267,51.8326],[-177.6222,51.8572],[-177.6482,51.8476],[-177.709,51.8373],[-177.8406,51.8367],[-177.8454,51.8519],[-177.8927,51.867],[-177.8829,51.8845],[-177.9523,51.9248],[-178.1478,51.9147],[-178.1771,51.9056],[-178.2138,51.876],[-178.1896,51.855],[-178.0952,51.8237],[-178.0463,51.7914],[-177.9989,51.786],[-177.974,51.7783],[-177.9554,51.7637],[-177.9548,51.7291],[-177.9746,51.7155],[-178.0021,51.7117],[-178.0294,51.7001],[-178.0799,51.7003],[-178.0919,51.6906],[-178.1014,51.6654],[-178.0446,51.6656],[-178.0112,51.6481],[-177.9736,51.6452],[-177.958,51.6374],[-177.9443,51.6039],[-177.9201,51.5965],[-177.8959,51.6039],[-177.913,51.6309],[-177.9095,51.6592],[-177.8925,51.6679],[-177.8829,51.6859],[-177.8478,51.6719],[-177.8104,51.6954],[-177.8061,51.7456],[-177.773,51.7753],[-177.8003,51.7957]]],[[[-177.1222,51.9329],[-177.1735,51.9356],[-177.1944,51.93],[-177.1955,51.9009],[-177.2155,51.8188],[-177.2925,51.7828],[-177.3878,51.7617],[-177.4639,51.7526],[-177.4747,51.7412],[-177.5176,51.7379],[-177.5229,51.72],[-177.5707,51.72],[-177.6263,51.7316],[-177.659,51.7299],[-177.7047,51.7064],[-177.6788,51.6785],[-177.672,51.6591],[-177.6481,51.6547],[-177.6296,51.6916],[-177.5986,51.7027],[-177.5328,51.7064],[-177.4848,51.7059],[-177.4543,51.723],[-177.3854,51.7264],[-177.3568,51.7178],[-177.3196,51.687],[-177.3069,51.6927],[-177.2777,51.6801],[-177.2238,51.6971],[-177.2038,51.6927],[-177.2038,51.7138],[-177.1567,51.7001],[-177.1323,51.7307],[-177.1278,51.7475],[-177.1424,51.7616],[-177.129,51.7836],[-177.137,51.8228],[-177.1219,51.8436],[-177.0743,51.8588],[-177.067,51.8816],[-177.0468,51.892],[-177.0547,51.9098],[-177.0748,51.9226],[-177.1222,51.9329]]],[[[-175.7241,51.9739],[-175.752,51.9392],[-175.7261,51.9331],[-175.7104,51.95],[-175.6621,51.9596],[-175.6621,51.967],[-175.7241,51.9739]]],[[[-176.4372,51.7883],[-176.4263,51.7947],[-176.4277,51.8343],[-176.464,51.851],[-176.504,51.8389],[-176.505,51.8237],[-176.5691,51.8391],[-176.5943,51.8299],[-176.5881,51.8572],[-176.6415,51.8572],[-176.6269,51.8691],[-176.6005,51.9056],[-176.5494,51.9141],[-176.5397,51.9329],[-176.5538,51.9373],[-176.5599,51.9604],[-176.5459,51.9801],[-176.5837,51.9897],[-176.6217,51.9801],[-176.6487,51.9518],[-176.6831,51.9596],[-176.7224,51.9605],[-176.7588,51.9534],[-176.7818,51.9365],[-176.7793,51.9087],[-176.7587,51.884],[-176.706,51.8597],[-176.7672,51.8533],[-176.7799,51.829],[-176.756,51.8055],[-176.7042,51.7883],[-176.7266,51.782],[-176.8103,51.7883],[-176.8337,51.7939],[-176.8649,51.8237],[-176.9048,51.8076],[-176.9151,51.7919],[-176.909,51.7753],[-176.8899,51.7672],[-176.8203,51.7753],[-176.8203,51.7685],[-176.8612,51.7548],[-176.855,51.7473],[-176.8823,51.7473],[-176.8822,51.7204],[-176.9022,51.7001],[-176.9666,51.6691],[-176.9756,51.6471],[-176.9779,51.6003],[-176.9698,51.5927],[-176.9171,51.6015],[-176.896,51.6374],[-176.8271,51.72],[-176.8203,51.7138],[-176.8283,51.6738],[-176.8066,51.645],[-176.8248,51.6248],[-176.7998,51.6108],[-176.7714,51.6196],[-176.7513,51.6374],[-176.7104,51.617],[-176.7069,51.6383],[-176.7243,51.6572],[-176.7104,51.6859],[-176.6969,51.6885],[-176.6595,51.6784],[-176.6217,51.7001],[-176.6013,51.7026],[-176.5881,51.6859],[-176.5229,51.7415],[-176.4908,51.7542],[-176.4708,51.72],[-176.4272,51.7414],[-176.4156,51.7548],[-176.4372,51.7883]]],[[[-175.8675,51.9875],[-175.8812,51.9801],[-175.9195,51.9894],[-175.9392,51.9865],[-175.95,51.9739],[-175.9103,51.9672],[-175.8764,51.9689],[-175.806,51.9875],[-175.8196,51.994],[-175.8675,51.9875]]],[[[-176.1387,51.9944],[-176.0804,51.9801],[-176.043,51.9634],[-176.0289,51.9704],[-176.0213,51.9907],[-176.0463,51.9944],[-176.0303,52.0128],[-175.9751,52.0219],[-175.9956,52.0329],[-175.9985,52.0596],[-176.0463,52.0974],[-176.0687,52.1077],[-176.1054,52.1107],[-176.1433,52.1071],[-176.1691,52.0974],[-176.1933,52.0596],[-176.19,52.0385],[-176.1706,52.005],[-176.1387,51.9944]]],[[[-173.1234,52.108],[-173.2091,52.1042],[-173.2364,52.0974],[-173.2501,52.1117],[-173.3041,52.1077],[-173.3531,52.0899],[-173.3701,52.1086],[-173.3974,52.1042],[-173.4084,52.1158],[-173.4302,52.1122],[-173.508,52.1116],[-173.5312,52.1247],[-173.5449,52.1179],[-173.5312,52.145],[-173.5753,52.1437],[-173.592,52.152],[-173.6068,52.1467],[-173.6473,52.152],[-173.6854,52.134],[-173.7652,52.1274],[-173.7902,52.1153],[-173.8055,52.0899],[-173.8465,52.1247],[-173.9011,52.1117],[-173.8874,52.1384],[-173.9421,52.1247],[-174.011,52.1247],[-174.052,52.1384],[-174.0594,52.1247],[-174.015,52.1027],[-173.9905,52.1042],[-173.9564,52.0899],[-173.9216,52.0837],[-173.9221,52.0594],[-173.8874,52.0565],[-173.836,52.0434],[-173.7491,52.0478],[-173.7154,52.055],[-173.6888,52.0695],[-173.6746,52.0627],[-173.6821,52.049],[-173.5707,52.0485],[-173.5609,52.0312],[-173.5238,52.0353],[-173.5006,52.0229],[-173.4842,52.0247],[-173.463,52.0428],[-173.4145,52.0353],[-173.3765,52.0388],[-173.3071,52.0635],[-173.2739,52.0695],[-173.2476,52.0633],[-173.2386,52.0758],[-173.1899,52.0588],[-173.1398,52.0587],[-173.1029,52.0747],[-173.0519,52.0685],[-173.017,52.0816],[-172.9745,52.0839],[-172.9558,52.0899],[-173.1017,52.0983],[-173.1234,52.108]]],[[[-172.4072,52.3854],[-172.4413,52.3991],[-172.4965,52.3712],[-172.558,52.3507],[-172.5988,52.3134],[-172.633,52.2613],[-172.5832,52.2482],[-172.5294,52.2502],[-172.4794,52.2648],[-172.4413,52.2892],[-172.4258,52.2767],[-172.3873,52.296],[-172.326,52.3095],[-172.3109,52.3165],[-172.3016,52.3443],[-172.3371,52.3584],[-172.3835,52.3688],[-172.4072,52.3854]]],[[[-174.052,52.2408],[-174.0463,52.2712],[-174.0005,52.2926],[-173.9919,52.3126],[-174.0105,52.3421],[-174.011,52.3581],[-174.0545,52.3685],[-174.0861,52.3991],[-174.1239,52.3997],[-174.1618,52.4196],[-174.1903,52.4179],[-174.2421,52.3969],[-174.2823,52.3884],[-174.2883,52.3718],[-174.3115,52.3638],[-174.3344,52.3703],[-174.3468,52.3643],[-174.3386,52.3355],[-174.3694,52.3248],[-174.4355,52.3227],[-174.4426,52.3075],[-174.4158,52.2934],[-174.3768,52.2838],[-174.3468,52.2818],[-174.3563,52.2993],[-174.3449,52.3154],[-174.3257,52.3096],[-174.2997,52.2831],[-174.2847,52.2756],[-174.2447,52.2742],[-174.2283,52.2675],[-174.2295,52.2482],[-174.2676,52.2377],[-174.2847,52.2128],[-174.2983,52.2194],[-174.3309,52.2023],[-174.3393,52.1862],[-174.3612,52.2054],[-174.3871,52.213],[-174.4492,52.2128],[-174.4492,52.2067],[-174.413,52.1896],[-174.4127,52.1712],[-174.4492,52.1793],[-174.5591,52.1793],[-174.5528,52.1589],[-174.5267,52.1513],[-174.4976,52.152],[-174.5095,52.1391],[-174.5721,52.1384],[-174.5907,52.131],[-174.5922,52.1153],[-174.5721,52.1117],[-174.6016,52.1046],[-174.6504,52.1043],[-174.6978,52.111],[-174.723,52.1247],[-174.744,52.1179],[-174.744,52.1035],[-174.7856,52.0769],[-174.8087,52.098],[-174.8402,52.0899],[-174.8551,52.1048],[-174.8938,52.0889],[-174.9066,52.1149],[-174.939,52.0769],[-174.9659,52.0797],[-174.9746,52.0583],[-175.02,52.0745],[-175.027,52.054],[-175.0109,52.0428],[-175.0198,52.0315],[-175.0593,52.0428],[-175.1208,52.0285],[-175.1102,52.0446],[-175.1613,52.0485],[-175.2102,52.0353],[-175.3108,52.0267],[-175.3405,52.0148],[-175.3236,52.0078],[-175.035,52.0043],[-174.9848,52.0279],[-174.929,52.0285],[-174.8881,52.0428],[-174.7833,52.0264],[-174.7543,52.0148],[-174.7021,52.0206],[-174.6942,52.0516],[-174.6507,52.0327],[-174.6274,52.0285],[-174.5924,52.0407],[-174.5386,52.0353],[-174.5591,52.0565],[-174.5231,52.0573],[-174.4902,52.0353],[-174.4978,52.0532],[-174.5261,52.082],[-174.525,52.0974],[-174.4933,52.072],[-174.4757,52.0689],[-174.4623,52.0837],[-174.4444,52.0508],[-174.4114,52.0428],[-174.3981,52.0526],[-174.3928,52.0928],[-174.3741,52.1042],[-174.4062,52.1042],[-174.4355,52.0974],[-174.4299,52.1101],[-174.3738,52.1117],[-174.321,52.1234],[-174.2711,52.0974],[-174.2301,52.0956],[-174.2164,52.0899],[-174.2132,52.108],[-174.2233,52.1247],[-174.1786,52.1179],[-174.1568,52.1291],[-174.1135,52.1125],[-174.0989,52.113],[-174.1002,52.1409],[-174.1807,52.1903],[-174.2028,52.2128],[-174.1807,52.2307],[-174.0892,52.2271],[-174.052,52.2408]]],[[[-171.2564,52.5294],[-171.2936,52.5141],[-171.3146,52.4884],[-171.3116,52.4643],[-171.2768,52.4537],[-171.2222,52.4631],[-171.2076,52.4987],[-171.2564,52.5294]]],[[[-170.6046,52.6871],[-170.6223,52.694],[-170.6705,52.7008],[-170.7035,52.6819],[-170.7437,52.6787],[-170.7555,52.6591],[-170.8212,52.616],[-170.8467,52.5844],[-170.8374,52.5493],[-170.8312,52.5567],[-170.7978,52.5403],[-170.7528,52.5743],[-170.7009,52.5977],[-170.6455,52.5871],[-170.6219,52.5939],[-170.5978,52.6114],[-170.5672,52.6507],[-170.5637,52.6728],[-170.6046,52.6871]]],[[[-170.1044,52.7827],[-170.1466,52.791],[-170.187,52.7827],[-170.1733,52.7752],[-170.1944,52.7274],[-170.1281,52.7274],[-170.0634,52.7343],[-170.0703,52.7485],[-170.0561,52.7603],[-170.0658,52.7711],[-170.1044,52.7827]]],[[[-169.6866,52.872],[-169.6986,52.8693],[-169.7276,52.8851],[-169.7675,52.8847],[-169.7829,52.8925],[-169.803,52.8823],[-169.8503,52.8825],[-169.8685,52.8751],[-169.8874,52.8553],[-169.9228,52.8509],[-169.9641,52.8577],[-170.0117,52.8377],[-170.0007,52.8095],[-169.9571,52.7904],[-169.9149,52.7994],[-169.8773,52.8195],[-169.8648,52.8209],[-169.7814,52.8039],[-169.7379,52.7783],[-169.7071,52.7827],[-169.7139,52.7961],[-169.6793,52.8236],[-169.6935,52.8305],[-169.6793,52.8577],[-169.6866,52.872]]],[[[-170.0703,52.9192],[-170.1032,52.9163],[-170.1255,52.8994],[-170.1171,52.8792],[-170.0908,52.8646],[-170.0561,52.8571],[-170.0306,52.8646],[-169.9946,52.9056],[-170.0143,52.9058],[-170.0703,52.9192]]],[[[-169.6935,53.0359],[-169.7342,53.0329],[-169.7533,53.0248],[-169.7499,52.9985],[-169.7605,52.9687],[-169.7419,52.9602],[-169.7481,52.9465],[-169.7193,52.9501],[-169.6863,52.989],[-169.6662,53.0012],[-169.6732,53.0252],[-169.6935,53.0359]]],[[[-167.8575,53.3928],[-167.8539,53.4136],[-167.8712,53.4269],[-167.853,53.4473],[-167.8081,53.4779],[-167.7948,53.502],[-167.807,53.5201],[-167.8374,53.5255],[-167.9016,53.5225],[-167.9347,53.5268],[-167.9599,53.5378],[-168.0083,53.5703],[-168.0289,53.5605],[-168.0779,53.5634],[-168.1255,53.5467],[-168.1998,53.5402],[-168.2368,53.5301],[-168.2707,53.5139],[-168.3146,53.482],[-168.3497,53.4738],[-168.3736,53.4602],[-168.4066,53.4095],[-168.3919,53.3785],[-168.3957,53.3668],[-168.4329,53.3301],[-168.3708,53.3171],[-168.3755,53.3052],[-168.3509,53.3028],[-168.3608,53.2713],[-168.3795,53.261],[-168.4329,53.2482],[-168.4479,53.2708],[-168.4643,53.2768],[-168.5015,53.2654],[-168.5282,53.2482],[-168.5413,53.2493],[-168.6057,53.2751],[-168.6234,53.2742],[-168.6376,53.2505],[-168.6978,53.2237],[-168.7274,53.1993],[-168.7595,53.1867],[-168.796,53.1383],[-168.7945,53.1155],[-168.7686,53.0814],[-168.7721,53.067],[-168.8081,53.0284],[-168.8289,53.0161],[-168.8506,53.0222],[-168.862,53.0069],[-168.8633,52.9716],[-168.8711,52.954],[-168.891,52.9403],[-168.9302,52.9443],[-168.953,52.9403],[-168.9679,52.9272],[-168.9704,52.8947],[-168.9966,52.8715],[-169.056,52.8646],[-169.0609,52.8418],[-169.0953,52.8349],[-169.1113,52.8236],[-169.0356,52.8373],[-169.0399,52.8537],[-168.9884,52.8646],[-168.9347,52.8826],[-168.9008,52.8883],[-168.8602,52.9161],[-168.8183,52.9196],[-168.809,52.9335],[-168.7804,52.9136],[-168.7544,52.9267],[-168.7786,52.9473],[-168.7513,52.9602],[-168.6793,52.9602],[-168.6861,52.9676],[-168.6716,52.9824],[-168.6262,53.005],[-168.5841,53.0305],[-168.5312,53.0346],[-168.5155,53.0502],[-168.4899,53.0421],[-168.4661,53.0566],[-168.4329,53.0974],[-168.3907,53.1247],[-168.3766,53.1402],[-168.3776,53.1662],[-168.3591,53.1611],[-168.3402,53.1894],[-168.323,53.201],[-168.3292,53.2147],[-168.3117,53.22],[-168.2876,53.243],[-168.2258,53.2597],[-168.1722,53.265],[-168.1382,53.2733],[-167.9881,53.3386],[-167.9377,53.3485],[-167.8756,53.3719],[-167.85,53.3854],[-167.8575,53.3928]]],[[[-166.137,53.8378],[-166.1697,53.843],[-166.1779,53.831],[-166.1978,53.8371],[-166.2124,53.8229],[-166.2325,53.7831],[-166.24,53.7831],[-166.2379,53.8153],[-166.262,53.8032],[-166.2673,53.7831],[-166.2905,53.7954],[-166.2993,53.7817],[-166.2909,53.7491],[-166.2719,53.7434],[-166.2126,53.7081],[-166.2263,53.728],[-166.1845,53.7339],[-166.1716,53.7479],[-166.1916,53.7764],[-166.1445,53.7725],[-166.1172,53.793],[-166.1301,53.8105],[-166.1129,53.8303],[-166.0892,53.8447],[-166.1059,53.848],[-166.137,53.8378]]],[[[-166.2943,53.728],[-166.3176,53.7304],[-166.3151,53.7621],[-166.3341,53.7824],[-166.3462,53.7827],[-166.3683,53.7587],[-166.3765,53.7211],[-166.3862,53.7367],[-166.4039,53.7416],[-166.405,53.7553],[-166.4404,53.7545],[-166.4713,53.734],[-166.4764,53.6976],[-166.488,53.6948],[-166.4984,53.7228],[-166.5137,53.728],[-166.5406,53.6951],[-166.5547,53.687],[-166.5509,53.7106],[-166.5751,53.7143],[-166.5409,53.7518],[-166.4932,53.7764],[-166.5416,53.79],[-166.5216,53.789],[-166.4242,53.8048],[-166.4113,53.8105],[-166.4318,53.831],[-166.4143,53.838],[-166.3743,53.8421],[-166.3567,53.8515],[-166.3458,53.8825],[-166.3365,53.8874],[-166.3225,53.872],[-166.2839,53.869],[-166.2468,53.8856],[-166.2249,53.9055],[-166.2189,53.934],[-166.2533,53.9135],[-166.2673,53.9129],[-166.251,53.9366],[-166.2605,53.9676],[-166.2767,53.9749],[-166.326,53.9529],[-166.3492,53.9471],[-166.3734,53.9568],[-166.3602,53.9928],[-166.3704,54.0085],[-166.4039,53.9892],[-166.4181,53.9538],[-166.4386,53.9471],[-166.4386,53.9266],[-166.4591,53.8856],[-166.4895,53.9001],[-166.587,53.8393],[-166.6099,53.831],[-166.6067,53.8448],[-166.582,53.8794],[-166.5964,53.8845],[-166.6335,53.872],[-166.6236,53.9062],[-166.6366,53.9235],[-166.6251,53.9507],[-166.5894,53.9614],[-166.6057,53.9858],[-166.6346,54.0046],[-166.6683,54.0136],[-166.6993,54.0085],[-166.731,53.9741],[-166.7529,53.9844],[-166.7419,54.0054],[-166.7539,54.016],[-166.8319,53.9821],[-166.8563,53.9676],[-166.8953,53.9809],[-166.9383,53.975],[-166.9829,53.9538],[-167.0216,53.9612],[-167.0867,53.9203],[-167.1034,53.9062],[-167.1301,53.8686],[-167.1634,53.8574],[-167.1562,53.8298],[-167.1453,53.8229],[-167.0965,53.8242],[-167.1034,53.8037],[-167.0382,53.7553],[-166.9686,53.7726],[-166.9383,53.7695],[-166.884,53.7553],[-166.8077,53.7296],[-166.734,53.7265],[-166.7055,53.7211],[-166.7248,53.7141],[-166.7681,53.7145],[-166.7875,53.7081],[-166.7464,53.7006],[-166.7669,53.6909],[-166.7867,53.692],[-166.829,53.7081],[-166.8271,53.6909],[-166.8017,53.6318],[-166.8426,53.6597],[-166.8631,53.6318],[-166.8704,53.6739],[-166.8942,53.7043],[-166.9164,53.7157],[-166.9465,53.7158],[-167.028,53.7048],[-167.0646,53.6827],[-167.0624,53.6665],[-167.0449,53.6527],[-167.0068,53.6373],[-166.9935,53.6181],[-167.0378,53.6287],[-167.0536,53.6275],[-167.0482,53.6113],[-167.0598,53.6035],[-167.0927,53.6286],[-167.1338,53.6318],[-167.1554,53.6226],[-167.1621,53.6024],[-167.1536,53.5814],[-167.1301,53.5703],[-167.1444,53.5566],[-167.0981,53.5393],[-167.0519,53.5362],[-166.9819,53.5449],[-166.96,53.5362],[-166.9801,53.5281],[-167.0431,53.5178],[-167.1073,53.5145],[-167.1853,53.5225],[-167.1725,53.5102],[-167.1586,53.4771],[-167.1696,53.4702],[-167.2263,53.4611],[-167.2916,53.476],[-167.3026,53.4713],[-167.3036,53.4453],[-167.3361,53.4474],[-167.3215,53.4164],[-167.3432,53.4188],[-167.3784,53.432],[-167.4044,53.4337],[-167.3907,53.4195],[-167.4084,53.4193],[-167.4409,53.4304],[-167.4746,53.434],[-167.5136,53.4064],[-167.4869,53.3785],[-167.5165,53.3814],[-167.5705,53.3963],[-167.5968,53.3928],[-167.5942,53.3786],[-167.6381,53.3782],[-167.6704,53.3854],[-167.7185,53.3813],[-167.85,53.3096],[-167.8151,53.3016],[-167.8022,53.2891],[-167.7539,53.2755],[-167.6971,53.2709],[-167.6723,53.2616],[-167.6651,53.2419],[-167.6305,53.2602],[-167.6061,53.2807],[-167.5364,53.2751],[-167.5082,53.2599],[-167.5006,53.2755],[-167.4693,53.3045],[-167.4528,53.3096],[-167.459,53.3239],[-167.439,53.3253],[-167.3913,53.3444],[-167.3218,53.3301],[-167.2992,53.3659],[-167.243,53.3832],[-167.2122,53.3875],[-167.1367,53.4159],[-167.0683,53.427],[-167.0074,53.4526],[-166.9792,53.4474],[-166.9867,53.4269],[-166.9692,53.4297],[-166.9525,53.4611],[-166.9389,53.4638],[-166.9304,53.4451],[-166.9045,53.4468],[-166.8931,53.476],[-166.8768,53.4815],[-166.829,53.4399],[-166.8154,53.4679],[-166.7645,53.4491],[-166.7522,53.4509],[-166.7506,53.4792],[-166.7812,53.5089],[-166.8092,53.5566],[-166.7949,53.5703],[-166.7464,53.5294],[-166.7297,53.5089],[-166.6978,53.5053],[-166.6715,53.4885],[-166.6564,53.5024],[-166.668,53.5194],[-166.7084,53.5363],[-166.713,53.5498],[-166.6474,53.5291],[-166.6366,53.5328],[-166.6659,53.5817],[-166.6645,53.5982],[-166.6086,53.5551],[-166.5957,53.5362],[-166.5934,53.5696],[-166.5758,53.5937],[-166.5495,53.6011],[-166.5212,53.5846],[-166.5345,53.609],[-166.5621,53.6181],[-166.4932,53.6461],[-166.4704,53.6387],[-166.4276,53.6511],[-166.4039,53.6528],[-166.425,53.6665],[-166.4078,53.6727],[-166.3313,53.674],[-166.2735,53.687],[-166.2781,53.7239],[-166.2943,53.728]]],[[[-165.2667,54.0911],[-165.3766,54.0911],[-165.4858,54.0775],[-165.4653,54.0739],[-165.4224,54.0775],[-165.3878,54.0701],[-165.3384,54.0712],[-165.2941,54.0439],[-165.2804,54.0638],[-165.2457,54.057],[-165.2667,54.0911]]],[[[-165.7391,54.1252],[-165.7801,54.1252],[-165.8216,54.1395],[-165.7595,54.1445],[-165.7391,54.1531],[-165.7999,54.1739],[-165.8148,54.1873],[-165.8314,54.1715],[-165.8544,54.1677],[-165.8749,54.1744],[-165.8837,54.1907],[-165.8796,54.2134],[-165.9455,54.2221],[-165.9714,54.2195],[-166.0345,54.1941],[-166.0712,54.1852],[-166.0917,54.1713],[-166.1164,54.1395],[-166.1227,54.1184],[-166.0802,54.0922],[-166.066,54.0776],[-166.0755,54.0638],[-166.0408,54.0364],[-165.9887,54.0591],[-165.9725,54.0712],[-165.9569,54.0607],[-165.9182,54.061],[-165.9007,54.0334],[-165.8873,54.0363],[-165.8391,54.0849],[-165.7943,54.0712],[-165.7706,54.0707],[-165.6995,54.0887],[-165.6795,54.0991],[-165.6572,54.1252],[-165.6721,54.1289],[-165.7391,54.1252]]],[[[-165.4858,54.1737],[-165.4858,54.1805],[-165.4239,54.1831],[-165.4045,54.1918],[-165.4182,54.2078],[-165.4438,54.2001],[-165.5473,54.2221],[-165.5411,54.2425],[-165.5616,54.2425],[-165.519,54.2702],[-165.52,54.2835],[-165.5008,54.2839],[-165.4943,54.2964],[-165.5312,54.2944],[-165.5957,54.2692],[-165.5985,54.2873],[-165.6271,54.2965],[-165.6307,54.2792],[-165.6643,54.2726],[-165.6844,54.2351],[-165.6007,54.242],[-165.5746,54.2351],[-165.596,54.2137],[-165.6318,54.1896],[-165.5957,54.1737],[-165.6239,54.1451],[-165.6249,54.1324],[-165.5888,54.1109],[-165.5509,54.1223],[-165.5399,54.1452],[-165.5063,54.1593],[-165.474,54.1659],[-165.4858,54.1737]]],[[[-159.2845,54.9408],[-159.2923,54.9517],[-159.3223,54.9384],[-159.2982,54.9203],[-159.3262,54.9079],[-159.3178,54.8847],[-159.2866,54.8717],[-159.2464,54.8896],[-159.2088,54.9185],[-159.2126,54.9311],[-159.269,54.9296],[-159.2845,54.9408]]],[[[-159.3901,55.0234],[-159.3832,55.0344],[-159.3551,55.0373],[-159.3454,55.0507],[-159.3645,55.0576],[-159.4627,55.0643],[-159.4543,55.0498],[-159.4831,55.0165],[-159.4248,55.0302],[-159.4081,54.9818],[-159.4553,54.9818],[-159.4515,54.9565],[-159.4627,54.9482],[-159.4343,54.9418],[-159.4011,54.9503],[-159.3392,54.9755],[-159.3632,55.0027],[-159.3901,55.0234]]],[[[-159.5242,55.0711],[-159.5242,55.1195],[-159.5071,55.1711],[-159.5383,55.1835],[-159.5446,55.1981],[-159.521,55.2264],[-159.5179,55.2424],[-159.5336,55.251],[-159.5571,55.217],[-159.5892,55.2084],[-159.5825,55.1772],[-159.6061,55.1679],[-159.5526,55.1589],[-159.5514,55.1422],[-159.5858,55.1409],[-159.5998,55.1332],[-159.5773,55.1217],[-159.5926,55.1102],[-159.6402,55.1339],[-159.6454,55.1127],[-159.6133,55.103],[-159.6592,55.0651],[-159.6478,55.0433],[-159.6334,55.0581],[-159.5787,55.0507],[-159.5787,55.0922],[-159.563,55.0854],[-159.5275,55.0473],[-159.4936,55.0476],[-159.4945,55.0631],[-159.5242,55.0711]]],[[[-159.9015,55.1401],[-159.9169,55.1569],[-159.9044,55.2075],[-159.922,55.2219],[-159.8751,55.2388],[-159.865,55.2512],[-159.8742,55.284],[-159.8873,55.2971],[-159.9487,55.2524],[-159.9307,55.2261],[-159.9433,55.2108],[-159.9766,55.2083],[-159.9536,55.1758],[-159.9813,55.1779],[-160.0654,55.2015],[-160.0561,55.1814],[-160.0039,55.1195],[-160.0176,55.1053],[-160.0398,55.1185],[-160.0607,55.1205],[-160.0688,55.1367],[-160.0943,55.1569],[-160.1274,55.1537],[-160.0841,55.1153],[-160.0722,55.0991],[-160.1007,55.1034],[-160.1529,55.1216],[-160.1948,55.1215],[-160.1739,55.1032],[-160.1456,55.097],[-160.12,55.0711],[-160.1485,55.071],[-160.1746,55.0581],[-160.0927,55.0507],[-160.1008,55.0342],[-160.1445,55.0063],[-160.1889,54.9482],[-160.2402,54.9271],[-160.2435,54.9036],[-160.2227,54.8761],[-160.2084,54.8738],[-160.1964,54.9052],[-160.1298,54.966],[-160.0837,54.9958],[-160.0455,55.0302],[-160.017,55.0453],[-160.0312,55.0711],[-159.9595,55.0643],[-159.9461,55.0696],[-159.9829,55.0991],[-159.9495,55.1289],[-159.9202,55.127],[-159.8974,55.1049],[-159.8749,55.1096],[-159.8742,55.1257],[-159.8483,55.1344],[-159.8258,55.181],[-159.8575,55.1903],[-159.887,55.1491],[-159.9015,55.1401]]],[[[-163.139,55.4035],[-163.1294,55.423],[-163.1428,55.4411],[-163.1679,55.437],[-163.1951,55.4127],[-163.1517,55.397],[-163.139,55.4035]]],[[[179.4001,51.4084],[179.3792,51.4019],[179.28,51.3985],[179.2943,51.419],[179.2576,51.4136],[179.2401,51.4167],[179.228,51.4392],[179.1953,51.4705],[179.1229,51.4804],[179.0603,51.5146],[178.9927,51.5766],[178.9343,51.5886],[178.9279,51.6072],[178.8874,51.6206],[178.8418,51.617],[178.8148,51.6359],[178.7871,51.6238],[178.7692,51.6397],[178.7212,51.6428],[178.6826,51.659],[178.6364,51.6374],[178.6895,51.6154],[178.7351,51.5849],[178.7796,51.5828],[178.783,51.5722],[178.8384,51.5766],[178.8723,51.5714],[178.9414,51.5504],[179.0269,51.5009],[179.041,51.477],[179.0769,51.4536],[179.2464,51.3911],[179.2342,51.372],[179.2549,51.3503],[179.3011,51.3644],[179.3407,51.3593],[179.3552,51.3706],[179.3828,51.3773],[179.4212,51.3642],[179.4723,51.3706],[179.4585,51.3813],[179.4001,51.4084]]],[[[178.2522,51.8299],[178.2313,51.8318],[178.2603,51.8096],[178.3117,51.7921],[178.3415,51.7685],[178.3811,51.7724],[178.3962,51.7685],[178.3504,51.807],[178.3137,51.8219],[178.2522,51.8299]]],[[[178.5339,51.9875],[178.5197,51.9944],[178.4773,51.9859],[178.46,51.9444],[178.4645,51.9329],[178.5026,51.9019],[178.5379,51.8967],[178.5742,51.9056],[178.568,51.9118],[178.6043,51.9377],[178.5905,51.9682],[178.5339,51.9875]]],[[[179.7809,51.967],[179.7493,51.9736],[179.7189,51.9875],[179.6642,52.0285],[179.637,52.0353],[179.5979,52.0115],[179.5583,52.0019],[179.5271,51.9801],[179.4861,51.9739],[179.5066,51.9392],[179.4982,51.9164],[179.5227,51.9091],[179.5667,51.8852],[179.6421,51.8742],[179.6997,51.8865],[179.7466,51.9135],[179.7498,51.936],[179.7809,51.967]]],[[[177.6426,52.1247],[177.6154,52.1301],[177.5934,52.1251],[177.5539,52.1042],[177.556,52.0849],[177.5271,52.0348],[177.5163,52.001],[177.485,51.9875],[177.4453,51.9865],[177.4235,51.9801],[177.3726,51.9747],[177.3289,51.9297],[177.2937,51.9222],[177.2243,51.892],[177.2834,51.8625],[177.3169,51.8288],[177.3345,51.8397],[177.3543,51.8961],[177.366,51.9121],[177.4136,51.9307],[177.4714,51.9392],[177.4651,51.9255],[177.4778,51.913],[177.5055,51.9329],[177.5387,51.9283],[177.5676,51.9118],[177.5942,51.9329],[177.6121,51.9279],[177.6148,51.95],[177.5745,51.9534],[177.5545,51.9685],[177.577,51.9889],[177.5676,52.0019],[177.627,52.0252],[177.6484,52.0436],[177.6639,52.0755],[177.6904,52.0899],[177.6838,52.105],[177.6426,52.1247]]],[[[175.8818,52.378],[175.8986,52.3488],[175.9289,52.3393],[175.9629,52.3441],[175.991,52.3581],[175.9159,52.378],[175.8818,52.378]]],[[[173.7913,52.5015],[173.7673,52.5094],[173.7375,52.5108],[173.6187,52.4987],[173.5993,52.4764],[173.5671,52.4712],[173.5449,52.4537],[173.5105,52.4416],[173.4543,52.4472],[173.4085,52.4301],[173.3889,52.4038],[173.4017,52.3967],[173.5007,52.387],[173.6053,52.3968],[173.6276,52.3946],[173.6267,52.378],[173.6685,52.3712],[173.6609,52.3507],[173.7434,52.3612],[173.7337,52.4112],[173.7131,52.4506],[173.7306,52.4721],[173.7913,52.5015]]],[[[174.0967,52.7138],[174.1823,52.7069],[174.1648,52.7209],[174.1139,52.741],[174.0835,52.7265],[174.0967,52.7138]]],[[[173.3766,52.8305],[173.4187,52.8308],[173.4331,52.8386],[173.4419,52.8577],[173.4019,52.8519],[173.3516,52.8525],[173.3015,52.8593],[173.263,52.872],[173.2964,52.8855],[173.3218,52.9025],[173.3225,52.916],[173.3013,52.9256],[173.2568,52.9335],[173.2498,52.9444],[173.2222,52.9373],[173.1675,52.913],[173.1603,52.9277],[173.1401,52.9267],[173.186,52.9618],[173.1847,52.9676],[173.1272,52.9949],[173.0272,52.9936],[172.9694,52.9744],[172.9211,52.9819],[172.9041,53.0012],[172.7811,53.0155],[172.7629,53.0141],[172.7308,53.0004],[172.6604,53.0086],[172.5769,52.978],[172.5574,52.9602],[172.5511,52.9676],[172.4761,52.9267],[172.4919,52.9201],[172.5202,52.9226],[172.5476,52.9129],[172.6052,52.9267],[172.6399,52.928],[172.6604,52.913],[172.6356,52.8793],[172.6404,52.8688],[172.7082,52.8782],[172.756,52.8782],[172.7879,52.8908],[172.811,52.8879],[172.7908,52.8509],[172.7767,52.811],[172.7634,52.7957],[172.8018,52.7844],[172.8218,52.7856],[172.8394,52.8016],[172.8562,52.7895],[172.8938,52.7961],[172.9075,52.7895],[172.9075,52.7547],[172.9443,52.7498],[172.9813,52.7728],[173.0166,52.8022],[173.0894,52.8305],[173.1315,52.7886],[173.1887,52.7957],[173.1743,52.8093],[173.1812,52.8236],[173.1948,52.8168],[173.2227,52.8438],[173.263,52.8441],[173.2962,52.8295],[173.3215,52.8109],[173.3374,52.8262],[173.3766,52.8305]]],[[[-164.9725,54.1252],[-164.9886,54.1236],[-165.0402,54.1047],[-165.0642,54.1193],[-165.0917,54.1252],[-165.1165,54.1184],[-165.133,54.1326],[-165.1644,54.1121],[-165.1832,54.1184],[-165.2126,54.1094],[-165.2258,54.0911],[-165.2068,54.0854],[-165.1433,54.0775],[-165.123,54.0849],[-165.1022,54.0712],[-165.0538,54.0775],[-164.9651,54.0775],[-164.9399,54.0993],[-164.9327,54.114],[-164.9551,54.1331],[-164.9725,54.1252]]],[[[-162.4091,54.4064],[-162.4569,54.4201],[-162.4815,54.4196],[-162.4848,54.4064],[-162.4354,54.372],[-162.4132,54.3718],[-162.3681,54.3859],[-162.3957,54.3859],[-162.4091,54.4064]]],[[[-162.5872,54.4411],[-162.5947,54.4548],[-162.6214,54.4548],[-162.6568,54.4668],[-162.6901,54.4713],[-162.7585,54.4883],[-162.7931,54.5003],[-162.8275,54.5019],[-162.8216,54.4625],[-162.8411,54.461],[-162.7964,54.4235],[-162.754,54.4096],[-162.7286,54.3958],[-162.6766,54.3859],[-162.6327,54.3719],[-162.6146,54.3791],[-162.6555,54.3921],[-162.55,54.3859],[-162.55,54.4201],[-162.5872,54.4411]]],[[[-162.3749,54.9544],[-162.4267,54.9387],[-162.4364,54.9277],[-162.4242,54.8979],[-162.4016,54.8725],[-162.3744,54.8531],[-162.3422,54.8395],[-162.309,54.8373],[-162.2788,54.852],[-162.239,54.894],[-162.2293,54.9206],[-162.2378,54.9681],[-162.2627,54.9892],[-162.3026,54.9857],[-162.3749,54.9544]]],[[[-163.0738,54.6876],[-163.0997,54.7047],[-163.1289,54.7541],[-163.1442,54.7703],[-163.1883,54.7823],[-163.2076,54.7803],[-163.2331,54.7635],[-163.3033,54.7618],[-163.3544,54.7769],[-163.373,54.7927],[-163.4127,54.8483],[-163.4211,54.8659],[-163.4232,54.912],[-163.4448,54.9537],[-163.4796,54.9849],[-163.54,55.0165],[-163.5457,55.0376],[-163.5257,55.0439],[-163.5716,55.057],[-163.6818,55.0444],[-163.7565,55.0604],[-163.824,55.0439],[-163.9167,55.0364],[-163.937,55.0291],[-163.9857,54.9954],[-164.0507,54.9711],[-164.1194,54.9654],[-164.1568,54.957],[-164.1907,54.9421],[-164.2246,54.9203],[-164.2109,54.9084],[-164.2251,54.8947],[-164.314,54.893],[-164.3782,54.9228],[-164.3996,54.9277],[-164.4532,54.925],[-164.4775,54.9189],[-164.5474,54.8828],[-164.5576,54.8446],[-164.5695,54.837],[-164.7007,54.6783],[-164.7392,54.6528],[-164.7968,54.6345],[-164.8791,54.6221],[-164.9383,54.5989],[-164.9582,54.5852],[-164.9404,54.5587],[-164.931,54.5268],[-164.9043,54.4966],[-164.9099,54.4753],[-164.8891,54.4709],[-164.8453,54.4235],[-164.8023,54.404],[-164.6526,54.392],[-164.6087,54.4089],[-164.5733,54.4134],[-164.5058,54.4138],[-164.4571,54.421],[-164.4056,54.436],[-164.3613,54.4585],[-164.3345,54.4883],[-164.3297,54.5348],[-164.2184,54.5981],[-164.1327,54.6232],[-163.7899,54.6379],[-163.6781,54.6164],[-163.6225,54.6118],[-163.5339,54.6353],[-163.5189,54.6364],[-163.5067,54.6557],[-163.4492,54.6635],[-163.4307,54.6801],[-163.437,54.7251],[-163.4311,54.735],[-163.3695,54.7646],[-163.3478,54.7523],[-163.3135,54.7148],[-163.2619,54.7047],[-163.2385,54.6831],[-163.2158,54.6833],[-163.17,54.7012],[-163.1401,54.6999],[-163.1148,54.6876],[-163.17,54.6739],[-163.1555,54.6662],[-163.0633,54.6596],[-163.0506,54.6641],[-163.0738,54.6876]]],[[[-161.7307,55.1605],[-161.8438,55.1713],[-161.9061,55.1549],[-161.9061,55.1346],[-161.8403,55.1118],[-161.8263,55.0991],[-161.8122,55.1298],[-161.8132,55.1605],[-161.7717,55.1343],[-161.7754,55.1226],[-161.8132,55.0854],[-161.7705,55.059],[-161.7512,55.0581],[-161.7119,55.079],[-161.6965,55.0711],[-161.6858,55.0904],[-161.6528,55.1063],[-161.6413,55.1195],[-161.6608,55.1307],[-161.7381,55.1537],[-161.7307,55.1605]]],[[[-160.3254,55.3585],[-160.3452,55.3711],[-160.3674,55.3665],[-160.4155,55.3454],[-160.4869,55.3532],[-160.5111,55.3454],[-160.5084,55.3317],[-160.5315,55.325],[-160.4985,55.3022],[-160.4011,55.2868],[-160.375,55.2611],[-160.3363,55.2487],[-160.3254,55.2766],[-160.3248,55.3139],[-160.3329,55.3523],[-160.3254,55.3585]]],[[[-160.4974,55.1946],[-160.5111,55.2219],[-160.5799,55.2356],[-160.5499,55.245],[-160.552,55.2629],[-160.5824,55.2855],[-160.5861,55.3005],[-160.5745,55.3249],[-160.5356,55.3643],[-160.5445,55.3864],[-160.5756,55.3914],[-160.5998,55.3728],[-160.6047,55.3308],[-160.6379,55.3319],[-160.6582,55.3113],[-160.6907,55.3078],[-160.7028,55.3176],[-160.672,55.3431],[-160.6588,55.3638],[-160.6658,55.3839],[-160.696,55.4069],[-160.7421,55.4063],[-160.784,55.3899],[-160.8214,55.3632],[-160.8536,55.3319],[-160.8473,55.3173],[-160.8605,55.2735],[-160.8462,55.2487],[-160.8536,55.2219],[-160.8474,55.2071],[-160.8158,55.1776],[-160.8127,55.1661],[-160.8189,55.1195],[-160.8028,55.1334],[-160.7839,55.1669],[-160.7577,55.1891],[-160.7171,55.1946],[-160.6833,55.2114],[-160.6755,55.2015],[-160.6853,55.1804],[-160.6664,55.1632],[-160.6271,55.1537],[-160.5753,55.1627],[-160.5552,55.1575],[-160.5383,55.1332],[-160.5133,55.165],[-160.5186,55.1788],[-160.5588,55.1884],[-160.4862,55.1815],[-160.4626,55.1884],[-160.4698,55.1985],[-160.4974,55.1946]]],[[[-160.1479,55.3864],[-160.1594,55.4127],[-160.1554,55.4411],[-160.1711,55.4538],[-160.2369,55.4499],[-160.2435,55.4621],[-160.3048,55.4583],[-160.3341,55.4437],[-160.3465,55.4175],[-160.3281,55.3981],[-160.2988,55.4001],[-160.2595,55.4223],[-160.2337,55.41],[-160.1821,55.4001],[-160.1599,55.3808],[-160.1479,55.3864]]],[[[-158.7086,55.8315],[-158.7453,55.8632],[-158.7604,55.8663],[-158.7917,55.8903],[-158.8281,55.8967],[-158.9003,55.8737],[-158.9087,55.8413],[-158.8977,55.8113],[-158.8838,55.8052],[-158.8458,55.811],[-158.8511,55.8214],[-158.8873,55.8315],[-158.8584,55.863],[-158.8112,55.8595],[-158.7086,55.8315]]],[[[-169.5809,56.6095],[-169.608,56.6033],[-169.743,56.6203],[-169.7891,56.6203],[-169.7662,56.6069],[-169.6935,56.5856],[-169.653,56.5541],[-169.6327,56.5447],[-169.5869,56.5414],[-169.5502,56.557],[-169.5151,56.5785],[-169.4744,56.593],[-169.4915,56.6069],[-169.5231,56.6163],[-169.557,56.6181],[-169.5809,56.6095]]],[[[-170.2416,57.2163],[-170.3238,57.2163],[-170.3583,57.202],[-170.3961,57.202],[-170.4121,57.1848],[-170.3992,57.161],[-170.3473,57.1474],[-170.3199,57.1547],[-170.2757,57.1479],[-170.2753,57.1271],[-170.29,57.1064],[-170.2628,57.1189],[-170.2552,57.1411],[-170.2031,57.1544],[-170.1686,57.169],[-170.1368,57.2246],[-170.1044,57.2504],[-170.123,57.2501],[-170.1474,57.2341],[-170.2416,57.2163]]],[[[-165.5821,59.951],[-165.5783,59.9626],[-165.5411,59.9845],[-165.5889,59.9726],[-165.6134,59.9757],[-165.6435,60.005],[-165.623,60.0255],[-165.6662,60.0388],[-165.6772,60.0632],[-165.7261,60.0665],[-165.6937,60.0932],[-165.6715,60.1216],[-165.6919,60.1422],[-165.6783,60.1558],[-165.7114,60.1571],[-165.7329,60.1763],[-165.6783,60.2111],[-165.7182,60.2456],[-165.6854,60.2668],[-165.6844,60.2998],[-165.7261,60.3066],[-165.7185,60.3195],[-165.7602,60.321],[-165.7875,60.3414],[-165.8105,60.3459],[-165.8868,60.3476],[-165.9213,60.3271],[-165.9882,60.3206],[-166.0755,60.3339],[-166.0618,60.3476],[-166.0801,60.3593],[-166.1164,60.4097],[-166.109,60.4165],[-166.1313,60.4315],[-166.1574,60.437],[-166.1347,60.4016],[-166.137,60.3886],[-166.1734,60.3794],[-166.1891,60.3856],[-166.1854,60.4022],[-166.3082,60.3824],[-166.3798,60.3489],[-166.4039,60.3476],[-166.3902,60.3613],[-166.422,60.3843],[-166.4592,60.3872],[-166.5589,60.3594],[-166.5777,60.3153],[-166.5979,60.3151],[-166.6366,60.3271],[-166.6677,60.3277],[-166.7213,60.3111],[-166.7609,60.3044],[-166.7923,60.2923],[-166.8078,60.2755],[-166.7949,60.2589],[-166.8204,60.2176],[-166.874,60.2106],[-167.1582,60.2345],[-167.2469,60.2283],[-167.2881,60.2387],[-167.3211,60.2354],[-167.3429,60.2243],[-167.4211,60.2117],[-167.4528,60.2172],[-167.4361,60.1954],[-167.3436,60.1422],[-167.3218,60.1111],[-167.3218,60.0808],[-167.2861,60.0655],[-167.2679,60.0703],[-167.2542,60.0876],[-167.217,60.0478],[-167.1898,60.0278],[-167.1219,60.0007],[-167.0855,59.9992],[-167.0624,60.0193],[-167.0624,59.9975],[-167.0115,60.0123],[-166.9935,60.005],[-167.0208,59.9914],[-166.7878,59.9211],[-166.7486,59.8976],[-166.6708,59.8854],[-166.6134,59.8564],[-166.5553,59.8542],[-166.5063,59.8602],[-166.5001,59.848],[-166.4707,59.8566],[-166.4064,59.8548],[-166.3299,59.8349],[-166.2984,59.8305],[-166.2751,59.8164],[-166.244,59.8078],[-166.2059,59.7779],[-166.199,59.7617],[-166.1441,59.758],[-166.1042,59.7659],[-166.0817,59.779],[-166.1127,59.8109],[-166.1574,59.8275],[-166.2158,59.82],[-166.2673,59.8337],[-166.2467,59.8539],[-166.1878,59.8623],[-166.1325,59.8582],[-166.1227,59.8411],[-166.0404,59.8576],[-165.9791,59.8762],[-165.9637,59.8879],[-165.9936,59.8963],[-165.9739,59.9035],[-165.9278,59.8821],[-165.8649,59.8828],[-165.7711,59.907],[-165.7548,59.9251],[-165.7158,59.906],[-165.6922,59.903],[-165.5986,59.9097],[-165.5715,59.9193],[-165.5549,59.9346],[-165.5598,59.9494],[-165.5821,59.951]]],[[[-172.2973,60.3513],[-172.3798,60.396],[-172.4108,60.4017],[-172.5034,60.3886],[-172.5336,60.3915],[-172.8118,60.478],[-172.9067,60.5283],[-172.9266,60.5728],[-172.9143,60.5878],[-172.925,60.6067],[-172.9523,60.601],[-173.003,60.5742],[-173.0377,60.5654],[-173.0425,60.5276],[-173.0378,60.5058],[-173.0576,60.4984],[-173.0042,60.4902],[-172.7833,60.4123],[-172.7634,60.4022],[-172.7225,60.3681],[-172.6747,60.3581],[-172.6257,60.337],[-172.572,60.3271],[-172.4744,60.3498],[-172.4248,60.3425],[-172.3854,60.3476],[-172.3032,60.324],[-172.2632,60.3066],[-172.2086,60.3135],[-172.2258,60.3236],[-172.2845,60.3426],[-172.2973,60.3513]]],[[[-169.81,63.0646],[-169.8688,63.1061],[-169.8557,63.0887],[-169.7771,63.0351],[-169.81,63.0646]]],[[[-170.2962,63.2394],[-170.3818,63.3014],[-170.4855,63.3447],[-170.7078,63.3952],[-170.4497,63.3251],[-170.3691,63.2906],[-170.2962,63.2394]]],[[[-170.9752,63.4312],[-171.0292,63.4387],[-171.0729,63.4373],[-171.0585,63.4301],[-170.9752,63.4312]]],[[[-168.7407,63.281],[-168.6861,63.3015],[-168.7152,63.312],[-168.9615,63.3371],[-169.0076,63.3493],[-169.0703,63.3425],[-169.2211,63.3493],[-169.2211,63.3425],[-169.1433,63.3391],[-169.0703,63.3214],[-169.0925,63.3061],[-169.124,63.3006],[-169.1867,63.3015],[-169.2059,63.3073],[-169.2622,63.3493],[-169.3256,63.3631],[-169.4361,63.3632],[-169.413,63.3567],[-169.4407,63.348],[-169.4811,63.3474],[-169.5495,63.3629],[-169.5656,63.3791],[-169.5799,63.4108],[-169.5973,63.4244],[-169.6573,63.4396],[-169.7822,63.4354],[-169.8437,63.4449],[-169.7556,63.4523],[-169.8476,63.4581],[-169.8911,63.4674],[-169.9537,63.4887],[-170.0512,63.4937],[-170.0845,63.4858],[-170.0386,63.5319],[-170.0541,63.5516],[-170.0498,63.5715],[-170.0825,63.6152],[-170.1671,63.6304],[-170.2416,63.6714],[-170.2764,63.6809],[-170.2974,63.6955],[-170.3378,63.6993],[-170.3893,63.6918],[-170.4408,63.7055],[-170.4966,63.7001],[-170.5959,63.6697],[-170.6246,63.6706],[-170.6462,63.685],[-170.6626,63.6725],[-170.722,63.6509],[-170.7735,63.6205],[-170.84,63.6061],[-170.8887,63.5854],[-170.937,63.5717],[-170.9827,63.582],[-170.9752,63.5894],[-171.0876,63.582],[-171.1257,63.5956],[-171.1738,63.5956],[-171.1593,63.6098],[-171.343,63.6317],[-171.3104,63.623],[-171.3431,63.6153],[-171.4872,63.609],[-171.5438,63.623],[-171.5043,63.6533],[-171.4891,63.6577],[-171.4072,63.6441],[-171.4465,63.6586],[-171.6163,63.6935],[-171.6462,63.7123],[-171.6451,63.7418],[-171.6257,63.7607],[-171.6522,63.7904],[-171.6726,63.7963],[-171.7393,63.7912],[-171.7325,63.7607],[-171.7206,63.7527],[-171.7492,63.7055],[-171.7517,63.664],[-171.8094,63.6352],[-171.8011,63.6107],[-171.8414,63.577],[-171.8386,63.5342],[-171.8529,63.5212],[-171.8473,63.497],[-171.8212,63.4417],[-171.7591,63.3903],[-171.7356,63.3759],[-171.6544,63.3608],[-171.6124,63.3493],[-171.5864,63.3505],[-171.5574,63.335],[-171.4393,63.3198],[-171.4079,63.3226],[-171.3824,63.3387],[-171.2949,63.362],[-171.2905,63.3834],[-171.2528,63.3961],[-171.1837,63.4023],[-171.1219,63.4322],[-171.0792,63.4382],[-171.0839,63.4449],[-170.8562,63.4604],[-170.8312,63.4523],[-170.8071,63.4298],[-170.7764,63.4206],[-170.6773,63.4182],[-170.663,63.4039],[-170.5964,63.3992],[-170.4443,63.3592],[-170.4123,63.3387],[-170.3298,63.3059],[-170.235,63.2835],[-170.216,63.2547],[-170.2211,63.2196],[-170.2557,63.2092],[-170.262,63.1984],[-170.1597,63.1848],[-170.1134,63.2028],[-170.0865,63.2044],[-170.0808,63.1882],[-170.0493,63.1852],[-170.0246,63.1706],[-169.9747,63.1575],[-169.9747,63.1649],[-169.8669,63.1445],[-169.8175,63.1268],[-169.7518,63.0718],[-169.7146,63.0613],[-169.7053,63.0402],[-169.7162,63.0248],[-169.7618,63.0141],[-169.7468,62.9922],[-169.7556,62.9656],[-169.7092,62.9615],[-169.6662,62.9452],[-169.6368,62.9558],[-169.5975,62.9839],[-169.5427,62.9936],[-169.5782,63.0227],[-169.5694,63.0519],[-169.5265,63.0914],[-169.5049,63.1011],[-169.4457,63.1132],[-169.3993,63.1369],[-169.413,63.1507],[-169.3511,63.1762],[-169.2873,63.1933],[-169.1448,63.2059],[-169.1871,63.1874],[-169.2654,63.1835],[-169.2836,63.1783],[-169.0393,63.1881],[-169.0029,63.1743],[-168.9516,63.166],[-168.8508,63.1628],[-168.8118,63.1701],[-168.7755,63.1916],[-168.7289,63.2338],[-168.7171,63.2609],[-168.7407,63.281]]],[[[-133.5203,54.8141],[-133.5378,54.835],[-133.5461,54.785],[-133.5218,54.7668],[-133.5152,54.7825],[-133.5203,54.8141]]],[[[-131.1892,55.1034],[-131.204,55.1099],[-131.2441,55.0927],[-131.2549,55.0692],[-131.2162,55.048],[-131.19,55.0483],[-131.1892,55.1034]]],[[[-133.3073,55.4322],[-133.3203,55.4231],[-133.3152,55.4045],[-133.2745,55.4043],[-133.2383,55.4138],[-133.2361,55.4402],[-133.2693,55.444],[-133.3073,55.4322]]],[[[-152.2882,57.397],[-152.2982,57.3632],[-152.2559,57.3842],[-152.2882,57.397]]],[[[-136.1376,58.2651],[-136.112,58.2585],[-136.06,58.2678],[-136.0279,58.295],[-136.0451,58.3186],[-136.107,58.3034],[-136.1437,58.2854],[-136.1376,58.2651]]],[[[-135.7185,58.3461],[-135.6706,58.3309],[-135.5922,58.3278],[-135.5433,58.3348],[-135.5689,58.3732],[-135.6549,58.3798],[-135.7142,58.3705],[-135.7185,58.3461]]],[[[-152.0352,58.9517],[-152.0605,58.9444],[-152.0751,58.9197],[-152.0552,58.9143],[-152.0425,58.9298],[-152.0131,58.9398],[-152.0352,58.9517]]],[[[-151.6879,59.1297],[-151.7216,59.1219],[-151.6998,59.0979],[-151.6626,59.0982],[-151.6437,59.1157],[-151.6702,59.1181],[-151.6879,59.1297]]],[[[-151.4651,59.1382],[-151.5003,59.1373],[-151.5085,59.1286],[-151.4596,59.109],[-151.4283,59.1173],[-151.4336,59.1353],[-151.4651,59.1382]]],[[[-151.859,59.1639],[-151.8887,59.1572],[-151.8932,59.1444],[-151.8533,59.1448],[-151.8008,59.1389],[-151.7888,59.1531],[-151.8168,59.1707],[-151.859,59.1639]]],[[[-146.3236,59.4521],[-146.3586,59.4224],[-146.3407,59.4114],[-146.3082,59.4471],[-146.3236,59.4521]]],[[[-152.5632,60.15],[-152.5862,60.1721],[-152.6205,60.1793],[-152.6381,60.1673],[-152.6112,60.131],[-152.5801,60.1072],[-152.5582,60.1083],[-152.5632,60.15]]],[[[-147.3604,60.3007],[-147.439,60.2733],[-147.4939,60.2631],[-147.4918,60.2288],[-147.4727,60.2296],[-147.3703,60.2628],[-147.3478,60.2736],[-147.3434,60.2987],[-147.3604,60.3007]]],[[[-173.0643,60.6425],[-173.0624,60.6785],[-173.0937,60.6798],[-173.1136,60.653],[-173.0687,60.6242],[-173.0643,60.6425]]],[[[-146.8203,60.8417],[-146.7968,60.8059],[-146.7656,60.802],[-146.7347,60.8145],[-146.7041,60.8395],[-146.7129,60.8533],[-146.7616,60.8793],[-146.7753,60.8571],[-146.8064,60.8542],[-146.8203,60.8417]]],[[[-147.0941,60.8979],[-147.1316,60.878],[-147.1582,60.8755],[-147.1319,60.8877],[-147.1192,60.9057],[-147.1423,60.9092],[-147.168,60.8925],[-147.1944,60.9042],[-147.2147,60.8925],[-147.2152,60.9073],[-147.2467,60.9018],[-147.2661,60.8892],[-147.2901,60.8893],[-147.3105,60.8745],[-147.2296,60.8678],[-147.222,60.8754],[-147.1829,60.8757],[-147.1903,60.863],[-147.1396,60.8556],[-147.0832,60.8785],[-147.0782,60.8928],[-147.0941,60.8979]]],[[[-165.9489,62.0295],[-165.9762,62.0446],[-165.9661,62.0704],[-165.9956,62.0543],[-166.0098,62.0229],[-165.9478,62.0159],[-165.9489,62.0295]]],[[[-168.0355,64.9853],[-168.0876,64.9788],[-168.0967,64.9654],[-168.0787,64.9569],[-168.0266,64.9681],[-168.0355,64.9853]]],[[[-168.9079,65.7683],[-168.943,65.7647],[-168.9421,65.7437],[-168.9099,65.7396],[-168.9079,65.7683]]],[[[-167.777,65.773],[-167.8194,65.7593],[-167.8487,65.7428],[-167.8272,65.7386],[-167.7383,65.7772],[-167.777,65.773]]],[[[-167.671,65.7937],[-167.7186,65.7778],[-167.7305,65.7457],[-167.6954,65.7409],[-167.64,65.7734],[-167.6595,65.773],[-167.6473,65.7913],[-167.5727,65.8092],[-167.5665,65.8166],[-167.671,65.7937]]],[[[-166.8595,66.0397],[-167.232,65.9179],[-167.2111,65.9127],[-167.1649,65.9317],[-167.1302,65.9366],[-167.1088,65.9486],[-167.027,65.9747],[-166.9872,65.9835],[-166.8631,66.028],[-166.8595,66.0397]]],[[[-166.2835,66.2006],[-166.3222,66.1929],[-166.7628,66.0712],[-166.8005,66.0515],[-166.7331,66.0678],[-166.6866,66.0848],[-166.597,66.1048],[-166.4689,66.1459],[-166.3865,66.1607],[-166.3135,66.1826],[-166.2732,66.1868],[-166.1871,66.2103],[-166.2835,66.2006]]],[[[-166.0885,66.2562],[-166.1474,66.2354],[-166.1474,66.2204],[-166.1031,66.2388],[-166.0471,66.2548],[-166.0885,66.2562]]],[[[-165.8643,66.3169],[-165.97,66.2867],[-166.0104,66.2577],[-165.9645,66.2645],[-165.8972,66.2941],[-165.814,66.3225],[-165.8643,66.3169]]],[[[-165.4887,66.409],[-165.6909,66.3708],[-165.6977,66.3568],[-165.6263,66.3776],[-165.6014,66.3767],[-165.4887,66.409]]],[[[-164.7633,66.5465],[-165.3208,66.4406],[-165.2621,66.4443],[-165.1815,66.4586],[-165.1237,66.4779],[-165.0626,66.4797],[-164.9293,66.5048],[-164.8829,66.5048],[-164.8316,66.5286],[-164.7954,66.5291],[-164.746,66.5409],[-164.7633,66.5465]]]]},"properties":{"name":"Alaska","name_en":"Alaska","name_ja":"アラスカ州","name_zh":"阿拉斯加州","name_ko":"알래스카","adm0_a3":"USA","postal":"AK","iso_3166_2":"US-AK","type_en":"State","region":"West","geonunit":"United States of America"}},
{"type":"Feature","geometry":{"type":"MultiPolygon","coordinates":[[[[-89.526,30.1928],[-89.5448,30.2033],[-89.5649,30.1891],[-89.5879,30.2121],[-89.6171,30.2732],[-89.6363,30.3023],[-89.6346,30.3434],[-89.6394,30.3604],[-89.6681,30.3992],[-89.6747,30.415],[-89.6776,30.4568],[-89.6942,30.4833],[-89.7223,30.5004],[-89.7358,30.5315],[-89.784,30.5522],[-89.7995,30.5659],[-89.8256,30.6142],[-89.813,30.6349],[-89.8208,30.6522],[-89.8461,30.6825],[-89.8372,30.7221],[-89.8181,30.7582],[-89.8245,30.777],[-89.8156,30.7941],[-89.7908,30.8197],[-89.7752,30.8778],[-89.752,30.9145],[-89.739,30.9504],[-89.7322,30.9852],[-89.7353,31.0001],[-90.0954,31.0002],[-90.382,31.0002],[-90.7105,31.0002],[-91.039,31.0002],[-91.3255,31.0002],[-91.6573,31.0002],[-91.579,31.0562],[-91.5852,31.0819],[-91.6158,31.1138],[-91.6275,31.1418],[-91.6046,31.2055],[-91.6392,31.2352],[-91.6496,31.2554],[-91.6479,31.2715],[-91.633,31.2783],[-91.5623,31.2783],[-91.541,31.2825],[-91.5223,31.309],[-91.5086,31.3737],[-91.4992,31.3828],[-91.4956,31.4113],[-91.5244,31.4571],[-91.5289,31.5006],[-91.5059,31.53],[-91.4357,31.5732],[-91.4288,31.6148],[-91.4098,31.7012],[-91.4042,31.7384],[-91.3736,31.7861],[-91.3607,31.8233],[-91.336,31.8581],[-91.3188,31.8675],[-91.2575,31.8817],[-91.2382,31.8944],[-91.1923,31.94],[-91.176,31.969],[-91.1584,31.9833],[-91.1272,31.9915],[-91.0914,32.0141],[-91.0692,32.0482],[-91.0689,32.0847],[-91.0992,32.1144],[-91.0954,32.1413],[-91.0862,32.1492],[-91.0323,32.1475],[-90.998,32.198],[-90.9665,32.2617],[-90.9211,32.3],[-90.9098,32.3243],[-90.9165,32.3398],[-90.9391,32.3472],[-90.974,32.3518],[-90.9974,32.3646],[-91.0062,32.4043],[-91.0289,32.4229],[-91.0597,32.4339],[-91.093,32.4508],[-91.1052,32.4651],[-91.1088,32.4815],[-91.1067,32.5225],[-91.0971,32.5551],[-91.1067,32.5747],[-91.1408,32.5948],[-91.161,32.6254],[-91.1682,32.6662],[-91.1573,32.6804],[-91.0862,32.6898],[-91.0702,32.7109],[-91.0749,32.7285],[-91.0928,32.7406],[-91.1422,32.7476],[-91.1546,32.7559],[-91.1573,32.7709],[-91.1499,32.8105],[-91.1333,32.8585],[-91.096,32.8881],[-91.0719,32.9232],[-91.1039,32.9536],[-91.1492,32.9643],[-91.1682,32.9815],[-91.1665,33.0143],[-91.1805,33.0137],[-91.5381,33.0133],[-91.8957,33.013],[-92.0745,33.0129],[-92.4321,33.0125],[-92.7897,33.0122],[-93.1473,33.0118],[-93.3261,33.0116],[-93.6837,33.0113],[-94.0413,33.0109],[-94.042,32.6589],[-94.0424,32.4243],[-94.0428,32.1896],[-94.0432,31.9982],[-94.035,31.9872],[-93.9978,31.9626],[-93.9774,31.9301],[-93.9324,31.9067],[-93.9042,31.8832],[-93.8818,31.8547],[-93.8658,31.8228],[-93.8401,31.7904],[-93.8306,31.7428],[-93.8143,31.7131],[-93.8248,31.6356],[-93.8329,31.6179],[-93.8269,31.5878],[-93.8109,31.5672],[-93.7841,31.5417],[-93.7649,31.5304],[-93.7299,31.5191],[-93.7263,31.5097],[-93.7476,31.4855],[-93.7402,31.4687],[-93.7102,31.4559],[-93.6954,31.4103],[-93.6551,31.3703],[-93.6706,31.3523],[-93.6779,31.3307],[-93.6683,31.3094],[-93.6285,31.2766],[-93.6091,31.2335],[-93.6032,31.2016],[-93.5925,31.1925],[-93.5664,31.1964],[-93.5485,31.1925],[-93.543,31.1762],[-93.5459,31.1316],[-93.5596,31.0971],[-93.5329,31.0599],[-93.5148,31.042],[-93.5266,31.0273],[-93.563,31.0189],[-93.5776,31.0084],[-93.5691,30.9857],[-93.5382,30.9439],[-93.5459,30.9289],[-93.5699,30.9088],[-93.5738,30.8985],[-93.5664,30.8572],[-93.5738,30.8197],[-93.61,30.7619],[-93.6182,30.7141],[-93.6278,30.6999],[-93.662,30.6763],[-93.6704,30.6607],[-93.6868,30.6006],[-93.7065,30.5958],[-93.7217,30.5832],[-93.7305,30.5657],[-93.7309,30.546],[-93.7172,30.5317],[-93.7172,30.5112],[-93.705,30.4813],[-93.7064,30.4548],[-93.7383,30.415],[-93.7524,30.3927],[-93.7558,30.3734],[-93.752,30.3294],[-93.7449,30.314],[-93.7152,30.2873],[-93.7104,30.2648],[-93.7228,30.2351],[-93.7223,30.2138],[-93.7126,30.1992],[-93.704,30.1438],[-93.7104,30.1208],[-93.7249,30.0918],[-93.7172,30.0798],[-93.7761,30.0218],[-93.7984,29.9856],[-93.7694,29.9783],[-93.76,29.9606],[-93.7819,29.8565],[-93.8207,29.8242],[-93.8574,29.8189],[-93.8882,29.8072],[-93.8937,29.7908],[-93.8792,29.7499],[-93.831,29.7001],[-93.8214,29.7095],[-93.7394,29.7372],[-93.6408,29.7503],[-93.5585,29.7631],[-93.4974,29.7692],[-93.4534,29.7704],[-93.3854,29.7676],[-93.3455,29.762],[-93.2535,29.7764],[-93.1996,29.7728],[-93.0944,29.7515],[-93.0268,29.7329],[-92.9157,29.693],[-92.7953,29.6442],[-92.6831,29.6041],[-92.5462,29.5717],[-92.4651,29.5601],[-92.3143,29.5344],[-92.2765,29.5338],[-92.2412,29.5455],[-92.1739,29.5762],[-92.1369,29.5869],[-92.0659,29.5878],[-92.0528,29.5999],[-92.0733,29.6061],[-92.0553,29.6215],[-92.0249,29.6273],[-92.037,29.637],[-92.0602,29.6369],[-92.1074,29.6204],[-92.1136,29.6376],[-92.1415,29.6887],[-92.1,29.7098],[-92.1088,29.7144],[-92.1502,29.7075],[-92.1723,29.6955],[-92.191,29.7238],[-92.2024,29.7644],[-92.1809,29.7519],[-92.1702,29.7546],[-92.1583,29.7712],[-92.1415,29.7669],[-92.1346,29.7362],[-92.0864,29.7715],[-92.0005,29.7989],[-91.9907,29.8054],[-91.9844,29.832],[-91.9669,29.8333],[-91.9335,29.8194],[-91.9067,29.8371],[-91.8475,29.8312],[-91.8358,29.8253],[-91.8263,29.8017],[-91.8295,29.7844],[-91.8536,29.8054],[-91.8647,29.7969],[-91.8779,29.7593],[-91.8585,29.7191],[-91.8331,29.7235],[-91.7784,29.7485],[-91.6847,29.7531],[-91.6617,29.7508],[-91.6379,29.7421],[-91.6304,29.7288],[-91.6339,29.6853],[-91.6442,29.6452],[-91.6397,29.6355],[-91.6134,29.6341],[-91.569,29.6471],[-91.5608,29.6425],[-91.5588,29.6192],[-91.5452,29.5919],[-91.5412,29.569],[-91.5454,29.5488],[-91.5593,29.5385],[-91.5343,29.534],[-91.4932,29.5396],[-91.4525,29.5516],[-91.429,29.5658],[-91.4152,29.5568],[-91.429,29.5279],[-91.4239,29.5212],[-91.3874,29.518],[-91.3209,29.4966],[-91.2987,29.4838],[-91.2782,29.5242],[-91.2861,29.546],[-91.2819,29.5556],[-91.2532,29.5763],[-91.2478,29.5905],[-91.2577,29.6136],[-91.2284,29.6081],[-91.2167,29.5856],[-91.2201,29.5694],[-91.2508,29.5447],[-91.2633,29.5223],[-91.2675,29.4958],[-91.2626,29.4691],[-91.2474,29.4457],[-91.228,29.4384],[-91.2211,29.4283],[-91.2198,29.4044],[-91.1771,29.3793],[-91.1216,29.3381],[-91.1099,29.3166],[-91.1273,29.2908],[-91.1131,29.271],[-91.1324,29.2574],[-91.154,29.2505],[-91.1577,29.2698],[-91.1758,29.2778],[-91.1622,29.3058],[-91.1615,29.3393],[-91.1913,29.3314],[-91.2149,29.3433],[-91.2272,29.3635],[-91.223,29.3802],[-91.2466,29.3781],[-91.2586,29.3671],[-91.2782,29.3331],[-91.3121,29.3193],[-91.3295,29.3239],[-91.3397,29.3393],[-91.328,29.2949],[-91.2851,29.2609],[-91.2286,29.2386],[-91.1239,29.2232],[-91.0796,29.1959],[-91.0501,29.197],[-91.031,29.2243],[-90.9993,29.2181],[-90.9901,29.2089],[-91.0079,29.2016],[-91.0106,29.1822],[-90.9823,29.1916],[-90.9552,29.1857],[-90.9299,29.1713],[-90.884,29.1338],[-90.8441,29.1573],[-90.8462,29.1822],[-90.7953,29.1606],[-90.7773,29.1679],[-90.7698,29.1491],[-90.7969,29.1388],[-90.8052,29.1269],[-90.7506,29.1164],[-90.7432,29.1308],[-90.7271,29.1304],[-90.7059,29.1195],[-90.6764,29.1374],[-90.6749,29.1611],[-90.6524,29.1623],[-90.6407,29.1406],[-90.6339,29.1959],[-90.6407,29.2021],[-90.6202,29.2431],[-90.5953,29.2186],[-90.5855,29.2294],[-90.5982,29.2443],[-90.5813,29.2663],[-90.5793,29.2846],[-90.6072,29.2908],[-90.6028,29.3076],[-90.5855,29.3051],[-90.5781,29.3195],[-90.5582,29.3188],[-90.5718,29.3051],[-90.5275,29.2908],[-90.4964,29.3061],[-90.4831,29.2908],[-90.452,29.3271],[-90.4442,29.3577],[-90.4259,29.3504],[-90.3937,29.2983],[-90.3937,29.2431],[-90.3699,29.2709],[-90.3599,29.3034],[-90.3391,29.3113],[-90.3375,29.2936],[-90.3007,29.2576],[-90.2875,29.2352],[-90.2708,29.271],[-90.2608,29.2695],[-90.2511,29.2474],[-90.2517,29.2248],[-90.2606,29.1883],[-90.2713,29.1674],[-90.246,29.1404],[-90.2367,29.1195],[-90.2377,29.0968],[-90.2292,29.0867],[-90.1985,29.0983],[-90.1473,29.1269],[-90.1308,29.132],[-90.0802,29.1747],[-90.0511,29.2294],[-90.0839,29.2254],[-90.1,29.2539],[-90.095,29.2838],[-90.0648,29.2846],[-90.0758,29.3015],[-90.0675,29.3101],[-90.0509,29.3076],[-90.0374,29.2908],[-90.0176,29.3051],[-90.0475,29.325],[-90.0585,29.3598],[-90.0445,29.3531],[-90.0374,29.3393],[-90.0363,29.3659],[-90.0511,29.3908],[-90.0474,29.4168],[-90.0238,29.4286],[-90.0466,29.4473],[-90.0698,29.46],[-90.095,29.4673],[-90.1237,29.4696],[-90.1435,29.4768],[-90.1957,29.518],[-90.206,29.5114],[-90.2156,29.5242],[-90.182,29.5317],[-90.182,29.5385],[-90.2093,29.5385],[-90.182,29.5795],[-90.1669,29.5677],[-90.1436,29.5374],[-90.1274,29.5242],[-90.12,29.5317],[-90.1332,29.5391],[-90.1162,29.547],[-90.0804,29.5373],[-89.9712,29.4734],[-89.9416,29.4644],[-89.9077,29.477],[-89.8769,29.4489],[-89.8603,29.4438],[-89.8517,29.48],[-89.8163,29.4744],[-89.8183,29.456],[-89.8319,29.4359],[-89.8084,29.4081],[-89.7755,29.4208],[-89.7706,29.4116],[-89.7818,29.3917],[-89.7773,29.3802],[-89.7631,29.3939],[-89.7501,29.3922],[-89.7438,29.3698],[-89.7577,29.3432],[-89.7746,29.3324],[-89.8181,29.3162],[-89.7323,29.3061],[-89.669,29.2947],[-89.662,29.3009],[-89.6227,29.2851],[-89.6082,29.256],[-89.555,29.2484],[-89.4962,29.2294],[-89.5061,29.2501],[-89.4951,29.2595],[-89.4745,29.2592],[-89.4552,29.2505],[-89.4825,29.2431],[-89.4273,29.1549],[-89.3985,29.1419],[-89.4049,29.1229],[-89.3938,29.0959],[-89.3837,29.0878],[-89.361,29.0917],[-89.3375,29.1035],[-89.3249,29.1195],[-89.3317,29.1645],[-89.3149,29.1813],[-89.3109,29.134],[-89.2958,29.1298],[-89.2907,29.1611],[-89.2762,29.1601],[-89.2872,29.1176],[-89.3118,29.0723],[-89.3522,29.0581],[-89.3506,29.0307],[-89.3839,28.9876],[-89.4075,28.9693],[-89.4136,28.9284],[-89.3917,28.934],[-89.374,28.9475],[-89.3271,29.0085],[-89.3096,29.0502],[-89.2497,29.0649],[-89.2446,29.0727],[-89.2477,29.1059],[-89.2248,29.0915],[-89.1881,29.0305],[-89.1474,28.9904],[-89.1337,28.9962],[-89.1534,29.0299],[-89.1505,29.0482],[-89.1111,29.0861],[-89.1058,29.0997],[-89.0846,29.0786],[-89.0875,29.1011],[-89.0989,29.1195],[-89.0715,29.1125],[-89.0648,29.086],[-89.0516,29.0974],[-89.0232,29.1474],[-89.0989,29.1474],[-89.097,29.1596],[-89.0653,29.185],[-89.0511,29.1884],[-89.0511,29.1679],[-89.0319,29.1801],[-89.0102,29.1748],[-89.0306,29.1959],[-89.0102,29.1959],[-89.0325,29.2166],[-89.0648,29.2164],[-89.058,29.2021],[-89.0871,29.2069],[-89.1058,29.2263],[-89.1474,29.2368],[-89.1126,29.2641],[-89.1232,29.2679],[-89.1399,29.2983],[-89.1536,29.2908],[-89.1564,29.303],[-89.1741,29.3256],[-89.1883,29.3188],[-89.1877,29.3404],[-89.202,29.3529],[-89.211,29.3353],[-89.2445,29.316],[-89.2572,29.3188],[-89.2641,29.3453],[-89.2814,29.3576],[-89.3423,29.3461],[-89.3809,29.3629],[-89.3735,29.377],[-89.3436,29.3813],[-89.3368,29.3906],[-89.3616,29.3944],[-89.3801,29.3876],[-89.4106,29.3908],[-89.4339,29.4035],[-89.4561,29.4035],[-89.5158,29.3925],[-89.5399,29.3978],[-89.5446,29.4081],[-89.519,29.4182],[-89.5167,29.4348],[-89.5325,29.4278],[-89.5374,29.435],[-89.5235,29.4696],[-89.5416,29.4709],[-89.5856,29.4901],[-89.5781,29.4975],[-89.5924,29.5029],[-89.6175,29.5006],[-89.641,29.5137],[-89.6684,29.5218],[-89.6837,29.538],[-89.6948,29.572],[-89.7233,29.6016],[-89.7228,29.6232],[-89.7569,29.6341],[-89.7222,29.6399],[-89.6391,29.6203],[-89.6197,29.6273],[-89.6454,29.6501],[-89.647,29.6614],[-89.6675,29.6689],[-89.6539,29.675],[-89.6935,29.6988],[-89.7023,29.7098],[-89.6725,29.7015],[-89.6238,29.6746],[-89.5372,29.6614],[-89.4999,29.6355],[-89.4825,29.6409],[-89.5309,29.675],[-89.5105,29.675],[-89.5221,29.6873],[-89.5657,29.6859],[-89.5856,29.6887],[-89.6038,29.7163],[-89.6015,29.7348],[-89.5856,29.7508],[-89.5446,29.7508],[-89.5273,29.7607],[-89.5167,29.7787],[-89.4872,29.8029],[-89.4781,29.8157],[-89.4825,29.8333],[-89.4568,29.8293],[-89.4381,29.8159],[-89.42,29.792],[-89.4075,29.7917],[-89.4136,29.7644],[-89.3863,29.7979],[-89.3453,29.7917],[-89.3585,29.799],[-89.3801,29.8333],[-89.3675,29.8468],[-89.3453,29.8532],[-89.359,29.8668],[-89.3317,29.8799],[-89.3664,29.8941],[-89.3938,29.8799],[-89.3938,29.8874],[-89.3667,29.908],[-89.3695,29.9186],[-89.3905,29.9164],[-89.4075,29.9016],[-89.4347,29.9289],[-89.4347,29.9351],[-89.4075,29.9488],[-89.4008,29.9321],[-89.3817,29.9355],[-89.3702,29.9508],[-89.3863,29.9699],[-89.4007,29.973],[-89.4289,29.9687],[-89.4547,29.9764],[-89.4347,29.9897],[-89.4406,30.0142],[-89.4219,30.0312],[-89.3801,30.0319],[-89.366,30.0487],[-89.3863,30.0587],[-89.4273,30.0381],[-89.4347,30.045],[-89.4273,30.0587],[-89.4791,30.08],[-89.4893,30.0705],[-89.49,30.0524],[-89.5031,30.0307],[-89.5211,30.0194],[-89.5514,30.0114],[-89.5712,29.9885],[-89.5713,29.9525],[-89.5756,29.9311],[-89.6024,29.8908],[-89.6197,29.8799],[-89.6645,29.8755],[-89.6865,29.8826],[-89.7289,29.9221],[-89.7084,29.9562],[-89.7166,29.9605],[-89.7668,29.9426],[-89.8111,29.9472],[-89.8219,29.9573],[-89.8389,29.9953],[-89.8351,30.0263],[-89.8221,30.0416],[-89.8004,30.0512],[-89.7736,30.0505],[-89.7477,30.041],[-89.7289,30.0245],[-89.7179,30.0333],[-89.722,30.0518],[-89.7105,30.0675],[-89.6811,30.0764],[-89.6769,30.1012],[-89.6396,30.1406],[-89.6674,30.164],[-89.6811,30.1685],[-89.7084,30.1617],[-89.712,30.1548],[-89.6948,30.148],[-89.6836,30.1542],[-89.6834,30.14],[-89.7023,30.1269],[-89.7296,30.1235],[-89.7432,30.0996],[-89.7569,30.1139],[-89.7392,30.1493],[-89.7289,30.1617],[-89.7432,30.1753],[-89.7528,30.1491],[-89.7835,30.1116],[-89.7888,30.0989],[-89.8276,30.1111],[-89.8407,30.1203],[-89.8493,30.1453],[-89.8804,30.1549],[-89.8995,30.1227],[-89.9273,30.0955],[-89.9964,30.0524],[-90.037,30.0403],[-90.1045,30.0351],[-90.1452,30.0238],[-90.1684,30.0245],[-90.231,30.0397],[-90.2662,30.0601],[-90.3391,30.0661],[-90.38,30.0804],[-90.4141,30.1066],[-90.433,30.1433],[-90.4285,30.189],[-90.405,30.2202],[-90.3312,30.276],[-90.2684,30.3527],[-90.2455,30.3737],[-90.2224,30.3876],[-90.1894,30.3908],[-90.1435,30.3851],[-90.096,30.3737],[-90.0585,30.3603],[-90.0039,30.3227],[-89.9785,30.2754],[-89.9691,30.2647],[-89.9244,30.2578],[-89.8838,30.2647],[-89.862,30.258],[-89.8262,30.2316],[-89.8047,30.2299],[-89.7703,30.2397],[-89.7515,30.2374],[-89.7432,30.22],[-89.7482,30.1972],[-89.7361,30.185],[-89.7084,30.1753],[-89.6922,30.1813],[-89.6433,30.1753],[-89.596,30.187],[-89.5856,30.1753],[-89.6129,30.1685],[-89.5959,30.1559],[-89.5655,30.1635],[-89.5364,30.1803],[-89.526,30.1928]]],[[[-90.9437,29.0608],[-90.9151,29.0513],[-90.8796,29.0513],[-90.9032,29.0572],[-90.9437,29.0608]]],[[[-90.3465,29.0581],[-90.2838,29.0786],[-90.2936,29.0861],[-90.3186,29.0786],[-90.3465,29.0581]]],[[[-89.963,29.271],[-89.9766,29.2569],[-90.0243,29.2385],[-90.0306,29.2164],[-90.0104,29.2294],[-89.9555,29.2573],[-89.963,29.271]]],[[[-89.1678,29.5037],[-89.173,29.4893],[-89.1878,29.4804],[-89.2218,29.4696],[-89.1826,29.4731],[-89.1662,29.4824],[-89.1604,29.4975],[-89.1678,29.5037]]],[[[-91.8021,29.4901],[-91.7808,29.4934],[-91.7731,29.531],[-91.7232,29.559],[-91.714,29.5737],[-91.7202,29.5817],[-91.7887,29.5925],[-91.82,29.6061],[-91.8614,29.6372],[-91.9171,29.6481],[-91.9293,29.6471],[-91.9491,29.6273],[-92.0123,29.6137],[-92.0354,29.5962],[-92.0365,29.5821],[-92.0205,29.5688],[-91.9184,29.53],[-91.8405,29.4838],[-91.8021,29.4901]]],[[[-89.4552,29.7917],[-89.4757,29.8054],[-89.4906,29.7938],[-89.494,29.7788],[-89.49,29.7365],[-89.4767,29.7437],[-89.4669,29.7664],[-89.4524,29.767],[-89.4403,29.7485],[-89.4273,29.744],[-89.4413,29.7846],[-89.4552,29.7917]]],[[[-89.3044,29.8054],[-89.3354,29.8122],[-89.337,29.8066],[-89.2907,29.7712],[-89.2772,29.8121],[-89.3044,29.8054]]],[[[-89.2344,29.9484],[-89.279,29.9372],[-89.2939,29.9201],[-89.2355,29.9316],[-89.2344,29.9484]]],[[[-89.2729,29.9821],[-89.2781,29.9821],[-89.3094,29.9365],[-89.3279,29.9159],[-89.3041,29.9324],[-89.2729,29.9821]]],[[[-88.8724,30.0587],[-88.848,30.0331],[-88.8321,29.9623],[-88.8178,29.9351],[-88.824,29.9289],[-88.824,29.8607],[-88.8299,29.8434],[-88.8594,29.7917],[-88.8546,29.7692],[-88.8296,29.8103],[-88.821,29.8327],[-88.8109,29.9152],[-88.8178,29.9835],[-88.8321,30.0019],[-88.8505,30.0468],[-88.8724,30.0587]]],[[[-89.1883,30.0797],[-89.2156,30.0587],[-89.2186,30.0867],[-89.2499,30.102],[-89.2355,30.1207],[-89.2071,30.1464],[-89.1808,30.1617],[-89.1964,30.165],[-89.2293,30.1343],[-89.2545,30.118],[-89.2839,30.1071],[-89.2767,30.0895],[-89.3044,30.0832],[-89.3199,30.071],[-89.3453,30.0661],[-89.3321,30.049],[-89.3118,30.0524],[-89.2944,30.0661],[-89.2765,30.0587],[-89.2672,30.0706],[-89.253,30.0703],[-89.243,30.0524],[-89.2221,30.0338],[-89.2156,30.045],[-89.2012,30.0416],[-89.1918,30.0491],[-89.1883,30.0797]]],[[[-90.6521,29.0672],[-90.6736,29.0679],[-90.6968,29.0592],[-90.7141,29.0654],[-90.74,29.0529],[-90.7672,29.0471],[-90.7494,29.041],[-90.6728,29.0573],[-90.6521,29.0672]]],[[[-90.4174,29.0555],[-90.4523,29.0696],[-90.511,29.0803],[-90.5124,29.0749],[-90.4646,29.0578],[-90.4202,29.0487],[-90.4174,29.0555]]],[[[-90.45,29.2351],[-90.4338,29.2551],[-90.4463,29.2603],[-90.45,29.2351]]],[[[-89.9278,29.2882],[-89.9293,29.2766],[-89.9132,29.2902],[-89.9278,29.2882]]],[[[-89.9949,29.4566],[-90.0181,29.4613],[-90.0284,29.4754],[-90.0204,29.4866],[-90.0818,29.5113],[-90.1135,29.5107],[-90.119,29.4962],[-90.0919,29.4735],[-90.0642,29.4787],[-90.05,29.4614],[-90.0315,29.4633],[-90.0157,29.4438],[-89.9958,29.4448],[-89.9949,29.4566]]],[[[-89.057,29.5621],[-89.0985,29.5209],[-89.0841,29.5294],[-89.054,29.5595],[-89.057,29.5621]]],[[[-88.9254,29.6831],[-88.8896,29.7253],[-88.8741,29.7475],[-88.9388,29.6733],[-88.9254,29.6831]]]]},"properties":{"name":"Louisiana","name_en":"Louisiana","name_ja":"ルイジアナ州","name_zh":"路易斯安那州","name_ko":"루이지애나","adm0_a3":"USA","postal":"LA","iso_3166_2":"US-LA","type_en":"State","region":"South","geonunit":"United States of America"}},
{"type":"Feature","geometry":{"type":"MultiPolygon","coordinates":[[[[-88.4022,30.3878],[-88.4127,30.5756],[-88.4284,30.8571],[-88.4494,31.2325],[-88.4704,31.6079],[-88.4862,31.8895],[-88.4381,32.2532],[-88.4105,32.4615],[-88.379,32.7001],[-88.3446,32.9605],[-88.3085,33.2338],[-88.2718,33.5116],[-88.2356,33.785],[-88.2012,34.0454],[-88.1697,34.284],[-88.1199,34.6613],[-88.0894,34.892],[-88.0882,34.9081],[-88.105,34.91],[-88.1374,34.9286],[-88.1616,34.9575],[-88.1791,34.9978],[-88.6144,34.9982],[-88.8744,34.9985],[-89.2644,34.999],[-89.5243,34.9992],[-89.7842,34.9995],[-90.0443,34.9998],[-90.3042,35.0001],[-90.2706,34.9653],[-90.2718,34.9231],[-90.3054,34.889],[-90.3524,34.8641],[-90.4639,34.8279],[-90.4755,34.815],[-90.4547,34.7593],[-90.4782,34.7375],[-90.5222,34.733],[-90.5412,34.743],[-90.5537,34.74],[-90.568,34.7199],[-90.5853,34.6847],[-90.5939,34.6423],[-90.5761,34.5735],[-90.5865,34.489],[-90.5861,34.4544],[-90.594,34.4251],[-90.6263,34.3961],[-90.6858,34.3723],[-90.7388,34.3691],[-90.7594,34.3807],[-90.761,34.3522],[-90.7504,34.321],[-90.7752,34.2797],[-90.8013,34.2875],[-90.8212,34.2856],[-90.8643,34.2063],[-90.9423,34.1676],[-90.9559,34.1571],[-90.9549,34.1288],[-90.8824,34.0995],[-90.8801,34.0609],[-90.893,34.0432],[-90.9092,34.0353],[-90.9752,34.0304],[-91.031,34.0063],[-91.0846,33.9967],[-91.0891,33.9757],[-91.0521,33.9579],[-91.0356,33.9305],[-91.0693,33.8837],[-91.063,33.8495],[-91.0454,33.8145],[-91.0583,33.7934],[-91.1067,33.7866],[-91.1531,33.7521],[-91.1923,33.7081],[-91.2259,33.6899],[-91.2287,33.6807],[-91.2091,33.6637],[-91.1676,33.6467],[-91.1517,33.6334],[-91.1477,33.6085],[-91.1565,33.5875],[-91.1737,33.5775],[-91.2196,33.5743],[-91.2354,33.5669],[-91.2309,33.5504],[-91.2158,33.5339],[-91.1808,33.5208],[-91.1272,33.4781],[-91.1252,33.431],[-91.134,33.3825],[-91.1714,33.3415],[-91.1821,33.32],[-91.1682,33.3005],[-91.1262,33.2892],[-91.1076,33.2678],[-91.1067,33.218],[-91.0931,33.1675],[-91.0992,33.1497],[-91.1527,33.1311],[-91.1613,33.1187],[-91.1665,33.0143],[-91.1682,32.9815],[-91.1492,32.9643],[-91.1039,32.9536],[-91.0719,32.9232],[-91.096,32.8881],[-91.1333,32.8585],[-91.1499,32.8105],[-91.1573,32.7709],[-91.1546,32.7559],[-91.1422,32.7476],[-91.0928,32.7406],[-91.0749,32.7285],[-91.0702,32.7109],[-91.0862,32.6898],[-91.1573,32.6804],[-91.1682,32.6662],[-91.161,32.6254],[-91.1408,32.5948],[-91.1067,32.5747],[-91.0971,32.5551],[-91.1067,32.5225],[-91.1088,32.4815],[-91.1052,32.4651],[-91.093,32.4508],[-91.0597,32.4339],[-91.0289,32.4229],[-91.0062,32.4043],[-90.9974,32.3646],[-90.974,32.3518],[-90.9391,32.3472],[-90.9165,32.3398],[-90.9098,32.3243],[-90.9211,32.3],[-90.9665,32.2617],[-90.998,32.198],[-91.0323,32.1475],[-91.0862,32.1492],[-91.0954,32.1413],[-91.0992,32.1144],[-91.0689,32.0847],[-91.0692,32.0482],[-91.0914,32.0141],[-91.1272,31.9915],[-91.1584,31.9833],[-91.176,31.969],[-91.1923,31.94],[-91.2382,31.8944],[-91.2575,31.8817],[-91.3188,31.8675],[-91.336,31.8581],[-91.3607,31.8233],[-91.3736,31.7861],[-91.4042,31.7384],[-91.4098,31.7012],[-91.4288,31.6148],[-91.4357,31.5732],[-91.5059,31.53],[-91.5289,31.5006],[-91.5244,31.4571],[-91.4956,31.4113],[-91.4992,31.3828],[-91.5086,31.3737],[-91.5223,31.309],[-91.541,31.2825],[-91.5623,31.2783],[-91.633,31.2783],[-91.6479,31.2715],[-91.6496,31.2554],[-91.6392,31.2352],[-91.6046,31.2055],[-91.6275,31.1418],[-91.6158,31.1138],[-91.5852,31.0819],[-91.579,31.0562],[-91.6573,31.0002],[-91.3255,31.0002],[-91.039,31.0002],[-90.7105,31.0002],[-90.382,31.0002],[-90.0954,31.0002],[-89.7353,31.0001],[-89.7322,30.9852],[-89.739,30.9504],[-89.752,30.9145],[-89.7752,30.8778],[-89.7908,30.8197],[-89.8156,30.7941],[-89.8245,30.777],[-89.8181,30.7582],[-89.8372,30.7221],[-89.8461,30.6825],[-89.8208,30.6522],[-89.813,30.6349],[-89.8256,30.6142],[-89.7995,30.5659],[-89.784,30.5522],[-89.7358,30.5315],[-89.7223,30.5004],[-89.6942,30.4833],[-89.6776,30.4568],[-89.6747,30.415],[-89.6681,30.3992],[-89.6394,30.3604],[-89.6346,30.3434],[-89.6363,30.3023],[-89.6171,30.2732],[-89.5879,30.2121],[-89.5649,30.1891],[-89.5448,30.2033],[-89.526,30.1928],[-89.5059,30.1894],[-89.4769,30.1933],[-89.4683,30.2033],[-89.4552,30.1815],[-89.4425,30.1898],[-89.4347,30.2163],[-89.4138,30.2447],[-89.4211,30.2578],[-89.3302,30.3029],[-89.3205,30.3121],[-89.3187,30.3432],[-89.3556,30.3503],[-89.345,30.3686],[-89.3218,30.3808],[-89.3002,30.3765],[-89.2497,30.3466],[-89.2733,30.3308],[-89.271,30.3228],[-89.2402,30.3207],[-89.1147,30.3524],[-89.0436,30.3727],[-89.0134,30.3774],[-88.9686,30.395],[-88.9071,30.3928],[-88.8761,30.3952],[-88.8594,30.4081],[-88.9823,30.4223],[-88.9823,30.4285],[-88.9519,30.4324],[-88.9276,30.4422],[-88.8459,30.4226],[-88.7421,30.3541],[-88.7117,30.3503],[-88.6622,30.3546],[-88.6169,30.3703],[-88.5987,30.395],[-88.5743,30.3747],[-88.5677,30.3536],[-88.5585,30.3485],[-88.5063,30.3408],[-88.4706,30.3239],[-88.4478,30.3323],[-88.4305,30.352],[-88.4075,30.3593],[-88.4022,30.3878]]],[[[-88.503,30.2163],[-88.4697,30.2108],[-88.4342,30.2094],[-88.4274,30.2163],[-88.503,30.2238],[-88.503,30.2163]]],[[[-89.058,30.2578],[-89.077,30.2408],[-89.1013,30.2351],[-89.1536,30.2368],[-89.1536,30.2299],[-89.1214,30.2309],[-89.0989,30.2163],[-89.0846,30.2163],[-89.0989,30.2033],[-89.0846,30.1958],[-89.0682,30.2258],[-89.058,30.2578]]],[[[-88.6431,30.2405],[-88.6652,30.2524],[-88.6978,30.2579],[-88.7313,30.2572],[-88.7563,30.2504],[-88.7563,30.2442],[-88.5563,30.2167],[-88.5379,30.2244],[-88.5597,30.2311],[-88.6212,30.2315],[-88.6431,30.2405]]]]},"properties":{"name":"Mississippi","name_en":"Mississippi","name_ja":"ミシシッピ州","name_zh":"密西西比州","name_ko":"미시시피","adm0_a3":"USA","postal":"MS","iso_3166_2":"US-MS","type_en":"State","region":"South","geonunit":"United States of America"}},
{"type":"Feature","geometry":{"type":"MultiPolygon","coordinates":[[[[-87.4196,30.4796],[-87.439,30.5287],[-87.4414,30.5448],[-87.4193,30.5843],[-87.4047,30.6453],[-87.4052,30.6702],[-87.4165,30.6801],[-87.4968,30.7226],[-87.5252,30.7494],[-87.5515,30.7899],[-87.5997,30.8311],[-87.6211,30.8569],[-87.6269,30.8731],[-87.6204,30.8955],[-87.5983,30.9389],[-87.6003,30.9859],[-87.5936,30.9997],[-87.2308,30.9998],[-86.913,30.9998],[-86.5953,30.9999],[-86.2776,30.9999],[-85.9598,31],[-85.6421,31],[-85.4832,31],[-85.1654,31.0001],[-85.0066,31.0001],[-84.9941,31.0189],[-85.0056,31.0399],[-85.0182,31.0868],[-85.0423,31.1289],[-85.0696,31.1612],[-85.0897,31.1698],[-85.101,31.1827],[-85.0972,31.2343],[-85.1102,31.2715],[-85.0897,31.3063],[-85.0837,31.3829],[-85.0767,31.4196],[-85.0556,31.4435],[-85.0654,31.4721],[-85.0485,31.5117],[-85.0425,31.5353],[-85.0556,31.5766],[-85.058,31.6165],[-85.067,31.6353],[-85.1013,31.6756],[-85.1095,31.6923],[-85.1371,31.8037],[-85.1439,31.824],[-85.1221,31.903],[-85.1027,31.9414],[-85.0704,31.9853],[-85.0604,32.0039],[-85.057,32.0288],[-85.0645,32.0511],[-85.0613,32.0739],[-85.0512,32.0915],[-85.0474,32.1376],[-85.0314,32.1704],[-85.0177,32.1833],[-84.9876,32.1896],[-84.9594,32.2038],[-84.9753,32.2125],[-84.9569,32.224],[-84.9389,32.2175],[-84.9225,32.2297],[-84.9253,32.2522],[-84.9007,32.2609],[-84.9,32.2763],[-84.9246,32.2972],[-84.9723,32.3206],[-84.9919,32.3369],[-84.9954,32.3552],[-84.9737,32.3751],[-84.9789,32.3865],[-84.9681,32.4074],[-84.9677,32.4335],[-84.9941,32.4782],[-85.0031,32.5231],[-85.0146,32.5396],[-85.0835,32.6153],[-85.0777,32.6285],[-85.1034,32.6525],[-85.1018,32.6828],[-85.1118,32.7034],[-85.1177,32.7382],[-85.139,32.7697],[-85.1307,32.7792],[-85.1675,32.8177],[-85.1717,32.8344],[-85.1687,32.8632],[-85.2013,32.9352],[-85.1986,32.9444],[-85.2341,33.1159],[-85.2572,33.2309],[-85.2682,33.2987],[-85.2987,33.4513],[-85.3143,33.5346],[-85.3502,33.7115],[-85.4049,33.9917],[-85.4588,34.2719],[-85.4971,34.4489],[-85.5315,34.6111],[-85.5627,34.7526],[-85.5932,34.9132],[-85.6057,34.9852],[-85.9424,34.9891],[-86.0962,34.9899],[-86.4113,34.9898],[-86.7265,34.9898],[-87.0416,34.9955],[-87.1991,34.9998],[-87.5143,35.0055],[-87.6718,35.0055],[-87.8245,35.0065],[-88.1855,35.0097],[-88.1791,34.9978],[-88.1616,34.9575],[-88.1374,34.9286],[-88.105,34.91],[-88.0882,34.9081],[-88.0894,34.892],[-88.1199,34.6613],[-88.1697,34.284],[-88.2012,34.0454],[-88.2356,33.785],[-88.2718,33.5116],[-88.3085,33.2338],[-88.3446,32.9605],[-88.379,32.7001],[-88.4105,32.4615],[-88.4381,32.2532],[-88.4862,31.8895],[-88.4704,31.6079],[-88.4494,31.2325],[-88.4284,30.8571],[-88.4127,30.5756],[-88.4022,30.3878],[-88.3553,30.4038],[-88.3354,30.4039],[-88.3175,30.3808],[-88.3038,30.4013],[-88.2779,30.3891],[-88.2163,30.3773],[-88.1871,30.3677],[-88.1957,30.3466],[-88.1841,30.334],[-88.1461,30.3323],[-88.1377,30.3198],[-88.1201,30.3383],[-88.1102,30.4112],[-88.112,30.4531],[-88.0963,30.5297],[-88.0848,30.549],[-88.0846,30.5762],[-88.0629,30.6045],[-88.0526,30.6544],[-88.0377,30.6752],[-88.0438,30.6892],[-88.0301,30.6972],[-88.0228,30.7236],[-88.0301,30.7377],[-88.0099,30.7266],[-88.0063,30.6878],[-87.9755,30.6824],[-87.9538,30.6724],[-87.9425,30.6597],[-87.9125,30.5837],[-87.9069,30.5637],[-87.9103,30.549],[-87.9307,30.5191],[-87.9407,30.4831],[-87.9233,30.4582],[-87.9166,30.4233],[-87.9035,30.4047],[-87.8771,30.3896],[-87.8507,30.3867],[-87.8345,30.4125],[-87.8196,30.397],[-87.8309,30.364],[-87.8235,30.3518],[-87.7762,30.3131],[-87.7642,30.2795],[-87.7923,30.2629],[-87.8751,30.2415],[-87.9145,30.2479],[-87.9358,30.2646],[-87.9575,30.2504],[-87.9958,30.2423],[-88.0301,30.2238],[-87.9984,30.2236],[-87.9103,30.2368],[-87.7865,30.2368],[-87.6545,30.2521],[-87.5902,30.2754],[-87.5646,30.3131],[-87.5836,30.306],[-87.6056,30.3057],[-87.5993,30.3222],[-87.6118,30.3603],[-87.5839,30.3398],[-87.5729,30.3215],[-87.5341,30.3236],[-87.5136,30.3482],[-87.4737,30.3592],[-87.4616,30.372],[-87.4439,30.4047],[-87.3921,30.4497],[-87.4119,30.4611],[-87.4268,30.477],[-87.4196,30.4796]]],[[[-87.4473,30.3131],[-87.4957,30.3057],[-87.5292,30.2777],[-87.4463,30.2982],[-87.4473,30.3131]]],[[[-88.0711,30.2504],[-88.0711,30.2578],[-88.109,30.2761],[-88.1346,30.26],[-88.2048,30.2578],[-88.297,30.2447],[-88.3113,30.2368],[-88.091,30.2447],[-88.0711,30.2504]]]]},"properties":{"name":"Alabama","name_en":"Alabama","name_ja":"アラバマ州","name_zh":"亚拉巴马州","name_ko":"앨라배마","adm0_a3":"USA","postal":"AL","iso_3166_2":"US-AL","type_en":"State","region":"South","geonunit":"United States of America"}},
{"type":"Feature","geometry":{"type":"MultiPolygon","coordinates":[[[[-87.4473,30.3131],[-87.4463,30.2982],[-87.3288,30.3197],[-87.3065,30.3286],[-87.3101,30.3466],[-87.2748,30.353],[-87.2624,30.367],[-87.2629,30.4013],[-87.2441,30.4111],[-87.2024,30.4189],[-87.1941,30.4422],[-87.1804,30.436],[-87.1568,30.4745],[-87.1573,30.5046],[-87.1761,30.5299],[-87.1842,30.5741],[-87.1806,30.5847],[-87.1544,30.5806],[-87.1422,30.5618],[-87.1251,30.5595],[-87.1313,30.5384],[-87.1096,30.536],[-87.091,30.4906],[-87.0984,30.4605],[-87.0929,30.4489],[-87.0774,30.4497],[-87.0675,30.4606],[-87.0605,30.4949],[-87.0478,30.5181],[-87.0201,30.5897],[-87.0296,30.6073],[-87.0085,30.5964],[-86.9872,30.5626],[-86.9681,30.5732],[-86.9607,30.5595],[-86.9947,30.5461],[-87.0093,30.5354],[-87.0153,30.5211],[-87.0087,30.5066],[-86.9914,30.5049],[-86.9734,30.4814],[-86.9252,30.4702],[-86.9045,30.4616],[-86.8924,30.4497],[-86.8938,30.4389],[-86.9402,30.4565],[-87.0052,30.4102],[-87.0231,30.4074],[-87.0777,30.4069],[-87.1381,30.3926],[-87.1901,30.3713],[-87.1941,30.3603],[-87.144,30.3657],[-87.0445,30.3896],[-86.889,30.4081],[-86.8329,30.4085],[-86.8046,30.4125],[-86.7825,30.4223],[-86.7614,30.4147],[-86.6801,30.4223],[-86.6023,30.4183],[-86.5907,30.4255],[-86.5899,30.4452],[-86.5541,30.4455],[-86.5417,30.46],[-86.5069,30.4678],[-86.4846,30.48],[-86.4884,30.5241],[-86.4698,30.5017],[-86.4366,30.5183],[-86.4127,30.518],[-86.4352,30.4909],[-86.4398,30.4761],[-86.4263,30.4633],[-86.4084,30.4614],[-86.3822,30.4784],[-86.3053,30.4952],[-86.286,30.4975],[-86.2433,30.491],[-86.2233,30.4923],[-86.2071,30.5049],[-86.1949,30.4782],[-86.182,30.4688],[-86.1383,30.4831],[-86.139,30.4667],[-86.1515,30.4573],[-86.1457,30.4422],[-86.1066,30.4006],[-86.1174,30.3793],[-86.1452,30.3961],[-86.1929,30.4081],[-86.2344,30.4345],[-86.2609,30.43],[-86.2585,30.423],[-86.2263,30.4121],[-86.2419,30.395],[-86.2872,30.4047],[-86.2982,30.4132],[-86.3096,30.436],[-86.3164,30.436],[-86.3348,30.4001],[-86.3472,30.395],[-86.4127,30.4081],[-86.493,30.4105],[-86.5109,30.4076],[-86.485,30.3928],[-86.3648,30.3808],[-86.1929,30.3398],[-86.066,30.3061],[-85.9501,30.2531],[-85.8645,30.2163],[-85.7443,30.1395],[-85.7205,30.1343],[-85.7344,30.1502],[-85.7137,30.1406],[-85.7063,30.1549],[-85.7414,30.1784],[-85.7491,30.1905],[-85.7342,30.2094],[-85.7672,30.2405],[-85.7857,30.2442],[-85.8318,30.2359],[-85.8472,30.2473],[-85.8544,30.2648],[-85.8439,30.2782],[-85.8092,30.2914],[-85.7776,30.2944],[-85.7547,30.3193],[-85.7203,30.2676],[-85.7205,30.2504],[-85.7086,30.247],[-85.6947,30.266],[-85.6549,30.2836],[-85.6434,30.2851],[-85.6386,30.2715],[-85.6208,30.2821],[-85.5965,30.3183],[-85.5868,30.3261],[-85.5679,30.3094],[-85.5555,30.2851],[-85.5792,30.2861],[-85.6181,30.2458],[-85.642,30.2541],[-85.6573,30.2521],[-85.6992,30.2065],[-85.7205,30.1958],[-85.6974,30.1737],[-85.6626,30.1588],[-85.6454,30.1406],[-85.6283,30.1446],[-85.6052,30.1369],[-85.5697,30.1139],[-85.5629,30.1343],[-85.5443,30.1281],[-85.5135,30.1394],[-85.4946,30.1406],[-85.5089,30.1236],[-85.5127,30.1083],[-85.5056,30.0993],[-85.4878,30.1071],[-85.4839,30.0921],[-85.4859,30.0582],[-85.4769,30.0416],[-85.4621,30.0349],[-85.44,30.0661],[-85.4263,30.0587],[-85.402,30.0588],[-85.3905,30.0447],[-85.4183,30.0358],[-85.4424,30.0202],[-85.4775,30.0329],[-85.5127,30.0553],[-85.546,30.091],[-85.6114,30.1085],[-85.6107,30.1269],[-85.6715,30.1364],[-85.6709,30.123],[-85.6212,30.0797],[-85.6079,30.0744],[-85.4803,29.9835],[-85.5002,29.9838],[-85.5234,29.9969],[-85.5629,30.0319],[-85.5492,30.0041],[-85.5198,29.9818],[-85.4052,29.9351],[-85.3708,29.907],[-85.3565,29.8887],[-85.3436,29.8558],[-85.3117,29.8195],[-85.3022,29.7979],[-85.3065,29.7277],[-85.3019,29.7119],[-85.3301,29.6887],[-85.3515,29.6934],[-85.3778,29.7282],[-85.3959,29.7719],[-85.3984,29.7948],[-85.3957,29.8637],[-85.3984,29.8736],[-85.4135,29.8514],[-85.4106,29.8001],[-85.3916,29.716],[-85.3658,29.6863],[-85.3461,29.6784],[-85.3079,29.6934],[-85.2407,29.6887],[-85.1243,29.7218],[-85.0836,29.7235],[-85.0043,29.716],[-84.9911,29.7228],[-84.9709,29.7496],[-84.9458,29.7528],[-84.9281,29.7785],[-84.8733,29.8046],[-84.8572,29.7979],[-84.8913,29.7474],[-84.8866,29.73],[-84.8472,29.7508],[-84.8279,29.7544],[-84.7882,29.7787],[-84.7462,29.7858],[-84.7336,29.7917],[-84.6832,29.8339],[-84.6532,29.8528],[-84.6044,29.8647],[-84.563,29.8941],[-84.5084,29.9221],[-84.4972,29.9118],[-84.4425,29.9221],[-84.4014,29.9186],[-84.3637,29.9078],[-84.3773,29.8874],[-84.349,29.902],[-84.3361,29.9254],[-84.343,29.9468],[-84.3739,29.9562],[-84.4357,29.963],[-84.4452,29.9683],[-84.4499,29.9888],[-84.4661,29.9897],[-84.4535,30.0052],[-84.4191,29.99],[-84.3602,29.972],[-84.3439,29.974],[-84.3705,30.0041],[-84.3836,29.9897],[-84.391,30.0041],[-84.391,30.0245],[-84.3836,30.0319],[-84.3705,30.0245],[-84.3644,30.0485],[-84.3285,30.066],[-84.2852,30.0661],[-84.2606,30.0996],[-84.2272,30.0933],[-84.2032,30.1059],[-84.1881,30.0936],[-84.1783,30.0728],[-84.1476,30.0879],[-84.0758,30.0933],[-84.0436,30.1052],[-84.024,30.1066],[-83.9506,30.0544],[-83.8564,30.0024],[-83.8116,29.9853],[-83.7877,29.9897],[-83.7541,29.9599],[-83.7245,29.9501],[-83.6806,29.9213],[-83.6625,29.8987],[-83.6249,29.8643],[-83.6121,29.8373],[-83.5934,29.8262],[-83.5768,29.765],[-83.562,29.7458],[-83.5277,29.716],[-83.4935,29.7023],[-83.4662,29.6818],[-83.4089,29.6673],[-83.3973,29.6545],[-83.393,29.6337],[-83.4011,29.5906],[-83.4115,29.5795],[-83.401,29.5551],[-83.4048,29.5317],[-83.3666,29.5093],[-83.3563,29.5106],[-83.3057,29.458],[-83.2782,29.4385],[-83.2533,29.4423],[-83.2157,29.4106],[-83.185,29.374],[-83.1652,29.3427],[-83.1577,29.3051],[-83.1483,29.2961],[-83.1144,29.2805],[-83.0848,29.2722],[-83.0615,29.2368],[-83.0737,29.2182],[-83.0461,29.2036],[-83.0407,29.1801],[-83.0239,29.1748],[-82.9718,29.1845],[-82.9318,29.1884],[-82.892,29.1704],[-82.8689,29.1696],[-82.8492,29.1822],[-82.8287,29.1611],[-82.8009,29.1748],[-82.7985,29.1391],[-82.7735,29.1195],[-82.7947,29.1081],[-82.7834,29.091],[-82.7462,29.0649],[-82.7472,29.0304],[-82.7551,29.0102],[-82.7493,29.0023],[-82.7257,28.9966],[-82.7323,28.9765],[-82.7272,28.9592],[-82.6852,28.9131],[-82.6444,28.9004],[-82.6311,28.873],[-82.6385,28.8247],[-82.6301,28.7844],[-82.655,28.812],[-82.671,28.8202],[-82.6847,28.8048],[-82.6542,28.7563],[-82.6402,28.755],[-82.6324,28.6884],[-82.6444,28.6713],[-82.637,28.6472],[-82.6471,28.6296],[-82.6505,28.5436],[-82.6631,28.5019],[-82.6642,28.4479],[-82.6859,28.4143],[-82.6847,28.4008],[-82.6967,28.3889],[-82.7325,28.3046],[-82.7189,28.3114],[-82.7168,28.2983],[-82.7462,28.2562],[-82.7599,28.2147],[-82.7735,28.2016],[-82.7828,28.207],[-82.7873,28.1938],[-82.7877,28.1605],[-82.7825,28.1354],[-82.7673,28.1059],[-82.7762,28.0968],[-82.7803,28.0582],[-82.8022,27.9666],[-82.8356,27.8862],[-82.8407,27.9007],[-82.8314,27.9351],[-82.8432,27.9254],[-82.8561,27.89],[-82.8424,27.8285],[-82.8285,27.805],[-82.7675,27.7515],[-82.7537,27.7187],[-82.7425,27.6798],[-82.7313,27.6621],[-82.7189,27.6597],[-82.718,27.6721],[-82.7394,27.7286],[-82.7513,27.7466],[-82.8107,27.8044],[-82.8188,27.8182],[-82.8151,27.8322],[-82.7572,27.7877],[-82.7215,27.7451],[-82.6879,27.736],[-82.6847,27.7012],[-82.6725,27.6951],[-82.6378,27.7011],[-82.6266,27.7158],[-82.6231,27.734],[-82.6301,27.7503],[-82.6136,27.7927],[-82.6002,27.8079],[-82.5958,27.83],[-82.6029,27.863],[-82.5619,27.8862],[-82.6047,27.8815],[-82.6432,27.8948],[-82.6802,27.9141],[-82.7189,27.9278],[-82.7027,27.9447],[-82.6568,27.9562],[-82.6444,27.9687],[-82.6903,27.9709],[-82.6791,27.9984],[-82.6798,28.0133],[-82.691,28.0377],[-82.6506,28.0029],[-82.6444,28.0165],[-82.6235,27.9965],[-82.596,27.9831],[-82.596,27.9756],[-82.6164,27.9687],[-82.6164,27.9613],[-82.5588,27.9558],[-82.5411,27.9428],[-82.5345,27.9172],[-82.5409,27.8688],[-82.5396,27.844],[-82.5271,27.8248],[-82.4827,27.8214],[-82.4781,27.8313],[-82.4862,27.8558],[-82.4849,27.8926],[-82.4718,27.9204],[-82.4512,27.9307],[-82.4337,27.9291],[-82.4217,27.9172],[-82.4125,27.8757],[-82.3927,27.8341],[-82.39,27.8111],[-82.3982,27.796],[-82.4377,27.7534],[-82.4656,27.736],[-82.4862,27.7012],[-82.5101,27.6894],[-82.5167,27.6699],[-82.5442,27.6501],[-82.5574,27.6296],[-82.5746,27.5907],[-82.596,27.5777],[-82.5892,27.5647],[-82.6012,27.5539],[-82.6151,27.5558],[-82.6227,27.5442],[-82.5724,27.5595],[-82.592,27.5385],[-82.637,27.5237],[-82.6104,27.5172],[-82.5892,27.5032],[-82.6105,27.5021],[-82.6608,27.5203],[-82.6779,27.5032],[-82.6649,27.4924],[-82.6444,27.4958],[-82.6455,27.4766],[-82.6575,27.4617],[-82.6684,27.4716],[-82.6948,27.4829],[-82.7105,27.4975],[-82.7257,27.5306],[-82.7292,27.5147],[-82.7098,27.4694],[-82.6984,27.4548],[-82.6827,27.4487],[-82.6454,27.4429],[-82.5736,27.3951],[-82.5627,27.3468],[-82.5419,27.3085],[-82.5408,27.2835],[-82.5619,27.2978],[-82.5618,27.2763],[-82.5326,27.2369],[-82.5209,27.2153],[-82.5134,27.2289],[-82.4963,27.2115],[-82.493,27.1805],[-82.5009,27.179],[-82.4772,27.1375],[-82.4672,27.102],[-82.3766,26.9403],[-82.37,26.9204],[-82.3489,26.9068],[-82.3669,26.9456],[-82.37,26.9614],[-82.3429,26.9349],[-82.3138,26.8494],[-82.2838,26.831],[-82.2676,26.8296],[-82.2361,26.8121],[-82.2155,26.8174],[-82.1981,26.8031],[-82.1776,26.8249],[-82.169,26.8141],[-82.1656,26.7858],[-82.1503,26.8032],[-82.1599,26.8623],[-82.1757,26.8992],[-82.1873,26.9132],[-82.2013,26.9442],[-82.2118,26.9551],[-82.2192,26.9477],[-82.2591,26.9892],[-82.2738,27.016],[-82.2533,27.0068],[-82.2223,26.9652],[-82.2074,26.9618],[-82.1807,26.9724],[-82.1844,26.9551],[-82.1552,26.9276],[-82.1445,26.9404],[-82.1199,26.9455],[-82.1156,26.9614],[-82.0927,26.9556],[-82.0168,26.973],[-81.9951,26.9915],[-81.9784,26.9962],[-81.9908,26.9656],[-82.0057,26.9538],[-82.0276,26.9497],[-82.0775,26.9229],[-82.097,26.9094],[-82.0985,26.8966],[-82.057,26.8658],[-82.0569,26.8189],[-82.0813,26.7027],[-82.0821,26.6802],[-82.0597,26.6295],[-82.0548,26.6113],[-82.0631,26.561],[-82.0548,26.5436],[-82.0391,26.5279],[-82.0267,26.528],[-81.9927,26.5436],[-81.9927,26.5294],[-81.9598,26.5399],[-81.9477,26.5489],[-81.9176,26.6267],[-81.9067,26.6426],[-81.8546,26.6884],[-81.8192,26.697],[-81.7804,26.715],[-81.7901,26.6941],[-81.8077,26.6802],[-81.8292,26.6814],[-81.8419,26.6632],[-81.8971,26.6113],[-81.8931,26.5861],[-81.9118,26.5587],[-81.9385,26.5355],[-81.9745,26.5104],[-81.9892,26.5117],[-81.996,26.5228],[-82.0062,26.5141],[-82.0063,26.4748],[-81.9784,26.4822],[-81.9237,26.4549],[-81.9033,26.4549],[-81.8873,26.4448],[-81.8785,26.4562],[-81.8828,26.4958],[-81.8559,26.4489],[-81.8439,26.4142],[-81.8419,26.3519],[-81.8555,26.3587],[-81.8518,26.342],[-81.8221,26.2929],[-81.8275,26.2488],[-81.819,26.1703],[-81.8009,26.0986],[-81.7934,26.0986],[-81.7937,26.1202],[-81.7872,26.1396],[-81.7701,26.0678],[-81.7544,26.0421],[-81.7257,26.0223],[-81.7344,26.0128],[-81.7225,25.9891],[-81.702,25.9792],[-81.6644,25.9814],[-81.6754,25.9562],[-81.6944,25.9404],[-81.7286,25.9627],[-81.7425,25.9575],[-81.732,25.9205],[-81.7185,25.9081],[-81.7058,25.9138],[-81.691,25.9335],[-81.6843,25.9251],[-81.6624,25.9182],[-81.6404,25.9263],[-81.6227,25.9472],[-81.6174,25.9355],[-81.5964,25.9238],[-81.588,25.9261],[-81.588,25.9069],[-81.5641,25.9205],[-81.5211,25.9011],[-81.4988,25.8867],[-81.4856,25.8994],[-81.4621,25.8745],[-81.4383,25.8613],[-81.3961,25.8516],[-81.3485,25.8168],[-81.3217,25.7827],[-81.3572,25.7535],[-81.3402,25.7429],[-81.3217,25.7076],[-81.2795,25.7042],[-81.2667,25.6528],[-81.246,25.6182],[-81.2317,25.5636],[-81.22,25.5593],[-81.1973,25.5643],[-81.1861,25.5532],[-81.196,25.5389],[-81.2147,25.5276],[-81.2034,25.508],[-81.1709,25.4748],[-81.1566,25.4363],[-81.1492,25.3954],[-81.1413,25.3848],[-81.0951,25.3513],[-81.0573,25.3445],[-81.0343,25.3325],[-80.9991,25.3271],[-80.9808,25.3183],[-80.9241,25.2636],[-80.9172,25.2458],[-80.9272,25.2241],[-80.9447,25.2123],[-80.988,25.2075],[-81.0058,25.2204],[-80.9853,25.2278],[-80.9853,25.2346],[-81.0618,25.2642],[-81.0779,25.2729],[-81.0951,25.3035],[-81.1121,25.3207],[-81.1361,25.3302],[-81.13,25.3445],[-81.1483,25.3312],[-81.1649,25.2981],[-81.1758,25.259],[-81.1771,25.2278],[-81.1655,25.1973],[-81.1492,25.1657],[-81.102,25.1247],[-81.0865,25.1214],[-81.0399,25.1316],[-80.9996,25.1351],[-80.9672,25.1415],[-80.9102,25.1453],[-80.8872,25.1684],[-80.855,25.1862],[-80.8402,25.1734],[-80.8105,25.1678],[-80.814,25.1521],[-80.8003,25.1484],[-80.7935,25.1595],[-80.773,25.1453],[-80.7656,25.1595],[-80.7398,25.1438],[-80.7109,25.1453],[-80.6781,25.1679],[-80.6632,25.1595],[-80.651,25.1679],[-80.657,25.1899],[-80.6147,25.2005],[-80.6222,25.1937],[-80.6065,25.1887],[-80.5806,25.2414],[-80.5655,25.246],[-80.5123,25.2483],[-80.5062,25.2346],[-80.526,25.2204],[-80.5062,25.2005],[-80.4889,25.2104],[-80.4691,25.2081],[-80.454,25.1953],[-80.4509,25.1732],[-80.4434,25.1732],[-80.4466,25.1936],[-80.4587,25.2092],[-80.4769,25.2186],[-80.4986,25.2204],[-80.4862,25.2333],[-80.4508,25.243],[-80.4509,25.2278],[-80.4371,25.2234],[-80.4176,25.1974],[-80.4025,25.1862],[-80.402,25.1955],[-80.4269,25.2217],[-80.423,25.2524],[-80.4059,25.2702],[-80.3959,25.2954],[-80.3507,25.3422],[-80.3143,25.3712],[-80.3131,25.3835],[-80.3411,25.406],[-80.3257,25.4387],[-80.3411,25.4538],[-80.3424,25.4936],[-80.3175,25.5329],[-80.3113,25.5498],[-80.3104,25.5989],[-80.3069,25.6182],[-80.2776,25.6442],[-80.2569,25.6868],[-80.2516,25.7206],[-80.2407,25.7296],[-80.2107,25.7349],[-80.1962,25.7538],[-80.1955,25.7958],[-80.1827,25.8221],[-80.1766,25.8584],[-80.1406,25.9008],[-80.1324,25.9013],[-80.1288,25.8621],[-80.1356,25.8168],[-80.1356,25.7753],[-80.1288,25.7753],[-80.1128,26.0688],[-80.1288,26.0986],[-80.1121,26.1102],[-80.1027,26.14],[-80.0777,26.2876],[-80.0809,26.3096],[-80.0731,26.341],[-80.0741,26.3755],[-80.0621,26.4209],[-80.0536,26.5567],[-80.0381,26.5585],[-80.0324,26.5873],[-80.0345,26.7153],[-80.0405,26.7464],[-80.0536,26.7696],[-80.0384,26.7842],[-80.0382,26.8112],[-80.0643,26.9067],[-80.0803,26.9236],[-80.1151,26.9347],[-80.1151,26.9409],[-80.0813,26.9504],[-80.0756,26.9732],[-80.0946,27.0098],[-80.1151,27.0638],[-80.1393,27.1077],[-80.1488,27.1383],[-80.177,27.1507],[-80.1833,27.1638],[-80.2213,27.2016],[-80.2516,27.1942],[-80.283,27.2078],[-80.3143,27.2426],[-80.301,27.2434],[-80.2572,27.2186],[-80.2172,27.2094],[-80.1978,27.196],[-80.3454,27.5146],[-80.381,27.6661],[-80.5411,27.9814],[-80.7012,28.2966],[-80.7088,28.3205],[-80.7383,28.3735],[-80.7568,28.4309],[-80.7661,28.4511],[-80.7897,28.5478],[-80.7975,28.6083],[-80.8282,28.6614],[-80.8208,28.6751],[-80.8319,28.6994],[-80.8481,28.7906],[-80.8289,28.783],[-80.7953,28.7556],[-80.7523,28.7419],[-80.7493,28.7241],[-80.7656,28.6887],[-80.773,28.695],[-80.7804,28.6807],[-80.7842,28.6417],[-80.7799,28.6267],[-80.7659,28.6123],[-80.7478,28.6049],[-80.6839,28.5952],[-80.6632,28.5988],[-80.6632,28.6205],[-80.6427,28.613],[-80.6094,28.6102],[-80.5943,28.5851],[-80.5871,28.5454],[-80.5879,28.5058],[-80.6179,28.3793],[-80.6199,28.207],[-80.6107,28.1649],[-80.5806,28.0854],[-80.5216,27.9902],[-80.5123,27.9551],[-80.4823,27.9243],[-80.4509,27.8664],[-80.4519,27.9094],[-80.5323,28.0188],[-80.5533,28.0616],[-80.5711,28.1061],[-80.5922,28.2079],[-80.5968,28.2626],[-80.5943,28.2841],[-80.6017,28.2909],[-80.5947,28.3039],[-80.5941,28.4016],[-80.5404,28.4516],[-80.5282,28.4726],[-80.5431,28.4925],[-80.5676,28.5578],[-80.6271,28.6509],[-80.68,28.717],[-80.7432,28.8069],[-80.8777,29.0085],[-80.8918,29.0456],[-80.9221,29.0683],[-80.9145,29.0875],[-80.9321,29.1012],[-80.9627,29.1521],[-81.0719,29.363],[-81.138,29.5051],[-81.1783,29.5855],[-81.1891,29.6242],[-81.21,29.6665],[-81.2255,29.7098],[-81.2389,29.7373],[-81.2558,29.7895],[-81.2616,29.839],[-81.2738,29.8899],[-81.2794,29.8995],[-81.2938,29.8941],[-81.2877,29.9262],[-81.3283,30.0528],[-81.354,30.1708],[-81.3627,30.189],[-81.3949,30.2986],[-81.3961,30.3398],[-81.3894,30.3842],[-81.4098,30.4114],[-81.4064,30.4436],[-81.4149,30.4657],[-81.4303,30.477],[-81.4477,30.508],[-81.4926,30.5373],[-81.5015,30.5693],[-81.498,30.6177],[-81.489,30.621],[-81.472,30.6101],[-81.4651,30.5899],[-81.4619,30.5485],[-81.4538,30.5345],[-81.4378,30.5241],[-81.4415,30.553],[-81.4378,30.6378],[-81.4286,30.6817],[-81.4403,30.7008],[-81.4757,30.696],[-81.4993,30.7043],[-81.5,30.7122],[-81.5253,30.7181],[-81.5672,30.7094],[-81.6086,30.7175],[-81.6322,30.7289],[-81.6604,30.7284],[-81.7088,30.7411],[-81.7498,30.7633],[-81.7818,30.7662],[-81.873,30.7985],[-81.9091,30.8185],[-81.9457,30.821],[-81.9697,30.8107],[-81.9767,30.7862],[-82.0086,30.7854],[-82.0413,30.7367],[-82.0388,30.7023],[-82.0475,30.6672],[-82.0473,30.6501],[-82.0374,30.6239],[-82.0122,30.588],[-82.0113,30.5665],[-82.0249,30.5001],[-82.045,30.4376],[-82.0486,30.3754],[-82.0852,30.3627],[-82.12,30.3693],[-82.1662,30.3646],[-82.1829,30.3673],[-82.1975,30.3826],[-82.2125,30.4196],[-82.2143,30.4394],[-82.2068,30.4656],[-82.2073,30.4854],[-82.24,30.5272],[-82.2465,30.5435],[-82.2398,30.5647],[-82.5595,30.5835],[-82.8203,30.599],[-83.0207,30.6109],[-83.3459,30.6302],[-83.5704,30.6435],[-83.9036,30.6633],[-84.2146,30.6818],[-84.5593,30.7022],[-84.867,30.7204],[-84.8758,30.7191],[-84.9205,30.7601],[-84.9353,30.8259],[-84.9366,30.8681],[-84.9441,30.8917],[-84.9662,30.9227],[-84.9799,30.9637],[-85.0078,30.9842],[-85.0066,31.0001],[-85.1654,31.0001],[-85.4832,31],[-85.6421,31],[-85.9598,31],[-86.2776,30.9999],[-86.5953,30.9999],[-86.913,30.9998],[-87.2308,30.9998],[-87.5936,30.9997],[-87.6003,30.9859],[-87.5983,30.9389],[-87.6204,30.8955],[-87.6269,30.8731],[-87.6211,30.8569],[-87.5997,30.8311],[-87.5515,30.7899],[-87.5252,30.7494],[-87.4968,30.7226],[-87.4165,30.6801],[-87.4052,30.6702],[-87.4047,30.6453],[-87.4193,30.5843],[-87.4414,30.5448],[-87.439,30.5287],[-87.4196,30.4796],[-87.3871,30.4633],[-87.3585,30.4633],[-87.3448,30.4399],[-87.3456,30.4277],[-87.3788,30.4175],[-87.3974,30.4053],[-87.4268,30.3746],[-87.4139,30.3502],[-87.433,30.3323],[-87.482,30.3261],[-87.4473,30.3131]]],[[[-81.7462,24.5761],[-81.7804,24.5562],[-81.8103,24.5582],[-81.8146,24.5425],[-81.7844,24.5461],[-81.7599,24.5562],[-81.7525,24.5699],[-81.732,24.5562],[-81.7462,24.5761]]],[[[-81.7053,24.5978],[-81.7183,24.5862],[-81.7115,24.5699],[-81.7257,24.5562],[-81.6501,24.5761],[-81.6568,24.5978],[-81.6958,24.5906],[-81.7053,24.5978]]],[[[-81.506,24.6388],[-81.5607,24.6934],[-81.5675,24.6723],[-81.5505,24.6688],[-81.5545,24.6518],[-81.5257,24.6479],[-81.5272,24.6245],[-81.5517,24.6444],[-81.5812,24.6518],[-81.5545,24.6313],[-81.5736,24.6137],[-81.5954,24.604],[-81.6055,24.6096],[-81.6365,24.5903],[-81.6365,24.5836],[-81.5651,24.6022],[-81.5308,24.6152],[-81.506,24.6313],[-81.506,24.6388]]],[[[-81.0877,24.6859],[-81.0762,24.7091],[-81.0437,24.7243],[-81.0399,24.7344],[-81.0614,24.7314],[-81.1156,24.7157],[-81.1361,24.707],[-81.1039,24.7068],[-81.0928,24.7009],[-81.0877,24.6859]]],[[[-81.4303,24.7548],[-81.3642,24.6612],[-81.3627,24.6313],[-81.3406,24.6467],[-81.3555,24.6862],[-81.3877,24.7275],[-81.4303,24.7548]]],[[[-80.9238,24.7691],[-80.9238,24.7753],[-80.9556,24.7687],[-81.0331,24.7207],[-80.9589,24.7493],[-80.9443,24.7617],[-80.9238,24.7691]]],[[[-80.8004,24.8436],[-80.845,24.8144],[-80.855,24.8033],[-80.8022,24.8099],[-80.7873,24.8306],[-80.8023,24.8269],[-80.8004,24.8436]]],[[[-80.3205,25.2483],[-80.2913,25.2826],[-80.2727,25.3237],[-80.2516,25.3445],[-80.2734,25.3526],[-80.2906,25.3428],[-80.3175,25.307],[-80.3306,25.2995],[-80.3627,25.2922],[-80.3653,25.2748],[-80.3502,25.2628],[-80.3478,25.2483],[-80.3573,25.2274],[-80.3943,25.1909],[-80.4134,25.1474],[-80.4586,25.1562],[-80.4645,25.1384],[-80.4504,25.1435],[-80.4335,25.1303],[-80.4372,25.1186],[-80.463,25.094],[-80.4844,25.0913],[-80.4876,25.0666],[-80.5123,25.0429],[-80.5265,25.0217],[-80.5557,25.009],[-80.5676,24.9739],[-80.6035,24.9611],[-80.598,24.9501],[-80.5786,24.9503],[-80.556,24.9709],[-80.5192,25.0149],[-80.4881,25.0395],[-80.4645,25.0838],[-80.4428,25.0864],[-80.3615,25.1595],[-80.3658,25.1812],[-80.3533,25.2056],[-80.3205,25.2483]]],[[[-80.1902,25.481],[-80.1882,25.4984],[-80.1999,25.4898],[-80.2157,25.432],[-80.2312,25.4034],[-80.2169,25.4155],[-80.1939,25.4592],[-80.1902,25.481]]],[[[-80.1629,25.6728],[-80.1583,25.6793],[-80.1561,25.7349],[-80.1629,25.7349],[-80.1833,25.7076],[-80.1697,25.7008],[-80.1803,25.6919],[-80.1756,25.6734],[-80.1629,25.6728]]],[[[-82.1292,26.4611],[-82.1641,26.4796],[-82.1759,26.4949],[-82.1908,26.5365],[-82.2049,26.5505],[-82.2007,26.5196],[-82.1841,26.4733],[-82.1639,26.4543],[-82.1036,26.4226],[-82.0709,26.4246],[-82.0455,26.4438],[-82.0268,26.4475],[-82.0684,26.468],[-82.0768,26.4562],[-82.0963,26.4545],[-82.1292,26.4611]]],[[[-82.2602,26.7013],[-82.2477,26.6544],[-82.2255,26.6113],[-82.2293,26.6338],[-82.2445,26.6708],[-82.246,26.6945],[-82.2602,26.7013]]],[[[-82.1367,26.5847],[-82.1236,26.5654],[-82.1085,26.5163],[-82.0951,26.4958],[-82.082,26.4915],[-82.081,26.509],[-82.0882,26.5605],[-82.1232,26.6187],[-82.1136,26.6544],[-82.1245,26.6765],[-82.1439,26.6946],[-82.1776,26.7013],[-82.1647,26.6719],[-82.1457,26.6401],[-82.1324,26.6098],[-82.1367,26.5847]]],[[[-82.2738,26.8031],[-82.2875,26.8031],[-82.2778,26.7851],[-82.2746,26.7362],[-82.2664,26.715],[-82.258,26.7585],[-82.2738,26.8031]]],[[[-82.6575,27.3968],[-82.649,27.3813],[-82.6067,27.3367],[-82.5892,27.3244],[-82.5931,27.3398],[-82.6301,27.3797],[-82.6543,27.4197],[-82.681,27.4341],[-82.6575,27.3968]]],[[[-80.3888,27.7187],[-80.3778,27.6865],[-80.3729,27.6566],[-80.3478,27.6125],[-80.3069,27.4617],[-80.2895,27.4118],[-80.2759,27.4018],[-80.269,27.3823],[-80.2082,27.2629],[-80.1976,27.2239],[-80.1773,27.2022],[-80.1629,27.1737],[-80.1672,27.197],[-80.3376,27.6066],[-80.3472,27.6641],[-80.3615,27.7012],[-80.4019,27.7641],[-80.4222,27.805],[-80.4298,27.8459],[-80.4372,27.8596],[-80.4509,27.852],[-80.4385,27.8305],[-80.4099,27.7565],[-80.3888,27.7187]]],[[[-80.6365,28.1811],[-80.629,28.1811],[-80.6407,28.2042],[-80.6365,28.1811]]],[[[-80.6775,28.5789],[-80.6986,28.5678],[-80.7109,28.5441],[-80.7323,28.5446],[-80.7399,28.5175],[-80.7374,28.4848],[-80.7283,28.4691],[-80.7196,28.3883],[-80.7147,28.3698],[-80.7002,28.3481],[-80.6649,28.2526],[-80.6498,28.2252],[-80.6515,28.24],[-80.67,28.2875],[-80.6642,28.3151],[-80.6582,28.4375],[-80.6495,28.4752],[-80.6185,28.5377],[-80.6122,28.5688],[-80.629,28.5988],[-80.6555,28.5933],[-80.6775,28.5789]]],[[[-85.1418,29.6409],[-85.1087,29.634],[-85.0958,29.6624],[-85.0836,29.675],[-85.0861,29.6857],[-85.1383,29.6955],[-85.1531,29.6846],[-85.1715,29.6833],[-85.2128,29.6887],[-85.1719,29.6689],[-85.1418,29.6409]]],[[[-84.7374,29.7365],[-84.75,29.7255],[-84.7682,29.7219],[-84.7746,29.7098],[-84.9875,29.6204],[-85.0316,29.6109],[-85.054,29.6094],[-85.0812,29.624],[-85.0973,29.6273],[-85.0713,29.6118],[-85.0492,29.6059],[-84.9909,29.6061],[-84.9695,29.6118],[-84.9088,29.6425],[-84.8878,29.6579],[-84.7882,29.6955],[-84.7289,29.7358],[-84.7064,29.744],[-84.6927,29.757],[-84.7052,29.7585],[-84.7241,29.7403],[-84.7374,29.7365]]],[[[-84.617,29.8054],[-84.6568,29.7871],[-84.6647,29.7787],[-84.6087,29.7893],[-84.5863,29.8],[-84.5764,29.8198],[-84.5934,29.8185],[-84.617,29.8054]]],[[[-86.6938,30.4081],[-86.7006,30.4149],[-86.724,30.4062],[-86.8314,30.3936],[-86.8907,30.3931],[-86.9517,30.3739],[-87.0228,30.3746],[-87.0812,30.3566],[-87.1971,30.3398],[-87.2782,30.3381],[-87.2965,30.3323],[-87.2412,30.3261],[-86.9018,30.3636],[-86.5625,30.4011],[-86.5301,30.3969],[-86.5218,30.4013],[-86.6592,30.4158],[-86.6938,30.4081]]],[[[-82.1196,24.5851],[-82.1116,24.571],[-82.1096,24.5861],[-82.1317,24.5981],[-82.1196,24.5851]]],[[[-81.2652,24.6713],[-81.2775,24.6576],[-81.2584,24.6676],[-81.2652,24.6713]]],[[[-81.4481,24.6806],[-81.4607,24.6644],[-81.4414,24.6505],[-81.4481,24.6806]]],[[[-81.4824,24.6833],[-81.4932,24.6921],[-81.515,24.6977],[-81.5202,24.6741],[-81.5065,24.6601],[-81.4911,24.6623],[-81.4784,24.6541],[-81.4824,24.6833]]],[[[-81.3295,24.7033],[-81.3409,24.7001],[-81.3178,24.675],[-81.3207,24.6945],[-81.3295,24.7033]]],[[[-80.7008,24.881],[-80.736,24.8574],[-80.7336,24.8503],[-80.7108,24.8643],[-80.7008,24.881]]],[[[-80.6255,24.9362],[-80.6571,24.9011],[-80.647,24.9047],[-80.6177,24.936],[-80.6255,24.9362]]],[[[-81.0475,25.3094],[-81.0729,25.31],[-81.0784,25.3017],[-81.0669,25.2768],[-81.0517,25.2783],[-81.0398,25.2967],[-81.0475,25.3094]]],[[[-81.089,25.3389],[-81.1222,25.3366],[-81.0907,25.3128],[-81.089,25.3389]]],[[[-81.3805,25.821],[-81.4122,25.8432],[-81.4295,25.8509],[-81.4405,25.8424],[-81.4396,25.8039],[-81.4252,25.8115],[-81.3999,25.7949],[-81.3876,25.8061],[-81.3707,25.8101],[-81.3805,25.821]]],[[[-81.4534,25.8255],[-81.4505,25.8323],[-81.4652,25.8657],[-81.4744,25.8725],[-81.5169,25.8598],[-81.511,25.8369],[-81.5079,25.852],[-81.4796,25.8476],[-81.4596,25.8228],[-81.4534,25.8255]]],[[[-81.6761,25.9013],[-81.7084,25.8987],[-81.7108,25.8897],[-81.6962,25.8658],[-81.6774,25.8615],[-81.66,25.8865],[-81.6761,25.9013]]],[[[-81.541,25.8901],[-81.5459,25.9024],[-81.5583,25.9034],[-81.5587,25.8891],[-81.5478,25.8817],[-81.5458,25.8537],[-81.5336,25.8786],[-81.541,25.8901]]],[[[-82.666,28.7344],[-82.6832,28.7377],[-82.696,28.7256],[-82.6782,28.7143],[-82.666,28.7344]]],[[[-82.6964,28.764],[-82.6738,28.7667],[-82.6799,28.7847],[-82.6949,28.7876],[-82.6964,28.764]]],[[[-83.0382,29.1452],[-83.0503,29.1557],[-83.0582,29.1362],[-83.05,29.132],[-83.0297,29.1398],[-83.0382,29.1452]]]]},"properties":{"name":"Florida","name_en":"Florida","name_ja":"フロリダ州","name_zh":"佛罗里达州","name_ko":"플로리다","adm0_a3":"USA","postal":"FL","iso_3166_2":"US-FL","type_en":"State","region":"South","geonunit":"United States of America"}},
{"type":"Feature","geometry":{"type":"MultiPolygon","coordinates":[[[[-80.8903,32.0327],[-80.911,32.0339],[-80.9446,32.0497],[-80.958,32.0708],[-80.9982,32.0871],[-81.02,32.0912],[-81.0779,32.0871],[-81.0865,32.0915],[-81.1388,32.1427],[-81.136,32.1554],[-81.1564,32.1939],[-81.1428,32.228],[-81.1445,32.2541],[-81.1298,32.3],[-81.1318,32.3212],[-81.152,32.3503],[-81.167,32.3546],[-81.1974,32.4366],[-81.1963,32.4678],[-81.2008,32.4846],[-81.2283,32.496],[-81.239,32.526],[-81.2754,32.5426],[-81.3148,32.5729],[-81.3448,32.5778],[-81.3654,32.5864],[-81.396,32.6079],[-81.4058,32.6243],[-81.396,32.6733],[-81.4161,32.702],[-81.4025,32.7449],[-81.4239,32.79],[-81.4281,32.8204],[-81.4376,32.8481],[-81.4888,32.9232],[-81.5004,32.9317],[-81.5005,32.951],[-81.4922,32.9853],[-81.5052,33.0226],[-81.5176,33.0396],[-81.5671,33.0577],[-81.5952,33.0809],[-81.6361,33.1006],[-81.7241,33.1311],[-81.7597,33.1559],[-81.7705,33.2098],[-81.7771,33.218],[-81.8175,33.2247],[-81.8332,33.2372],[-81.8485,33.2596],[-81.8345,33.2675],[-81.8383,33.2894],[-81.8553,33.3005],[-81.8417,33.3136],[-81.8715,33.3218],[-81.8801,33.3124],[-81.931,33.3612],[-81.9379,33.3762],[-81.9236,33.3825],[-81.9359,33.407],[-81.9174,33.4166],[-81.931,33.4371],[-81.9239,33.4586],[-81.9381,33.4761],[-81.9782,33.4992],[-81.9987,33.5154],[-82.0409,33.56],[-82.0815,33.5829],[-82.129,33.5948],[-82.174,33.6165],[-82.1939,33.6346],[-82.2168,33.686],[-82.2329,33.7059],[-82.2453,33.7505],[-82.2726,33.7779],[-82.321,33.8151],[-82.3633,33.8437],[-82.4017,33.8648],[-82.434,33.8772],[-82.465,33.8946],[-82.5221,33.9517],[-82.5581,33.9566],[-82.5705,33.9678],[-82.578,33.9939],[-82.5994,34.0454],[-82.6078,34.0564],[-82.6313,34.0669],[-82.6504,34.1087],[-82.6821,34.1396],[-82.7057,34.1477],[-82.7289,34.1708],[-82.7344,34.1847],[-82.7534,34.2701],[-82.7614,34.2928],[-82.8185,34.3661],[-82.8275,34.375],[-82.8412,34.4073],[-82.8461,34.4346],[-82.8573,34.4606],[-82.8995,34.483],[-83.015,34.4817],[-83.0472,34.4966],[-83.0795,34.5351],[-83.1006,34.5463],[-83.1217,34.5699],[-83.159,34.5872],[-83.1683,34.6131],[-83.1991,34.609],[-83.2326,34.6226],[-83.3239,34.6717],[-83.3555,34.7084],[-83.3459,34.7506],[-83.3246,34.7765],[-83.3206,34.8],[-83.3082,34.82],[-83.2662,34.8479],[-83.2399,34.8775],[-83.2207,34.8868],[-83.1584,34.9352],[-83.1345,34.9425],[-83.1158,34.9872],[-83.1148,35.0004],[-83.3416,34.9979],[-83.5685,34.9954],[-83.7953,34.9929],[-84.0222,34.9904],[-84.3246,34.9871],[-84.4125,34.9883],[-84.619,34.9883],[-84.8701,34.9883],[-85.1213,34.9868],[-85.3724,34.9836],[-85.498,34.9836],[-85.6057,34.9852],[-85.5932,34.9132],[-85.5627,34.7526],[-85.5315,34.6111],[-85.4971,34.4489],[-85.4588,34.2719],[-85.4049,33.9917],[-85.3502,33.7115],[-85.3143,33.5346],[-85.2987,33.4513],[-85.2682,33.2987],[-85.2572,33.2309],[-85.2341,33.1159],[-85.1986,32.9444],[-85.2013,32.9352],[-85.1687,32.8632],[-85.1717,32.8344],[-85.1675,32.8177],[-85.1307,32.7792],[-85.139,32.7697],[-85.1177,32.7382],[-85.1118,32.7034],[-85.1018,32.6828],[-85.1034,32.6525],[-85.0777,32.6285],[-85.0835,32.6153],[-85.0146,32.5396],[-85.0031,32.5231],[-84.9941,32.4782],[-84.9677,32.4335],[-84.9681,32.4074],[-84.9789,32.3865],[-84.9737,32.3751],[-84.9954,32.3552],[-84.9919,32.3369],[-84.9723,32.3206],[-84.9246,32.2972],[-84.9,32.2763],[-84.9007,32.2609],[-84.9253,32.2522],[-84.9225,32.2297],[-84.9389,32.2175],[-84.9569,32.224],[-84.9753,32.2125],[-84.9594,32.2038],[-84.9876,32.1896],[-85.0177,32.1833],[-85.0314,32.1704],[-85.0474,32.1376],[-85.0512,32.0915],[-85.0613,32.0739],[-85.0645,32.0511],[-85.057,32.0288],[-85.0604,32.0039],[-85.0704,31.9853],[-85.1027,31.9414],[-85.1221,31.903],[-85.1439,31.824],[-85.1371,31.8037],[-85.1095,31.6923],[-85.1013,31.6756],[-85.067,31.6353],[-85.058,31.6165],[-85.0556,31.5766],[-85.0425,31.5353],[-85.0485,31.5117],[-85.0654,31.4721],[-85.0556,31.4435],[-85.0767,31.4196],[-85.0837,31.3829],[-85.0897,31.3063],[-85.1102,31.2715],[-85.0972,31.2343],[-85.101,31.1827],[-85.0897,31.1698],[-85.0696,31.1612],[-85.0423,31.1289],[-85.0182,31.0868],[-85.0056,31.0399],[-84.9941,31.0189],[-85.0066,31.0001],[-85.0078,30.9842],[-84.9799,30.9637],[-84.9662,30.9227],[-84.9441,30.8917],[-84.9366,30.8681],[-84.9353,30.8259],[-84.9205,30.7601],[-84.8758,30.7191],[-84.867,30.7204],[-84.5593,30.7022],[-84.2146,30.6818],[-83.9036,30.6633],[-83.5704,30.6435],[-83.3459,30.6302],[-83.0207,30.6109],[-82.8203,30.599],[-82.5595,30.5835],[-82.2398,30.5647],[-82.2465,30.5435],[-82.24,30.5272],[-82.2073,30.4854],[-82.2068,30.4656],[-82.2143,30.4394],[-82.2125,30.4196],[-82.1975,30.3826],[-82.1829,30.3673],[-82.1662,30.3646],[-82.12,30.3693],[-82.0852,30.3627],[-82.0486,30.3754],[-82.045,30.4376],[-82.0249,30.5001],[-82.0113,30.5665],[-82.0122,30.588],[-82.0374,30.6239],[-82.0473,30.6501],[-82.0475,30.6672],[-82.0388,30.7023],[-82.0413,30.7367],[-82.0086,30.7854],[-81.9767,30.7862],[-81.9697,30.8107],[-81.9457,30.821],[-81.9091,30.8185],[-81.873,30.7985],[-81.7818,30.7662],[-81.7498,30.7633],[-81.7088,30.7411],[-81.6604,30.7284],[-81.6322,30.7289],[-81.6086,30.7175],[-81.5672,30.7094],[-81.5253,30.7181],[-81.5,30.7122],[-81.5013,30.7244],[-81.4924,30.7718],[-81.5135,30.806],[-81.519,30.8418],[-81.5334,30.8469],[-81.5223,30.8544],[-81.4924,30.8469],[-81.4932,30.8594],[-81.506,30.8817],[-81.493,30.9185],[-81.4508,30.9636],[-81.4641,30.9685],[-81.4993,30.9682],[-81.5197,30.9766],[-81.5197,30.9841],[-81.4725,30.9919],[-81.4568,31.0017],[-81.4508,31.0219],[-81.4591,31.0386],[-81.4994,31.0746],[-81.5135,31.0933],[-81.4881,31.0858],[-81.4634,31.0673],[-81.4303,31.0251],[-81.4241,31.0251],[-81.4054,31.0948],[-81.4037,31.1213],[-81.4249,31.1047],[-81.4303,31.0734],[-81.464,31.1026],[-81.4926,31.1137],[-81.4873,31.1336],[-81.4517,31.1171],[-81.4469,31.1308],[-81.4565,31.1904],[-81.4447,31.2168],[-81.423,31.2196],[-81.4155,31.2072],[-81.418,31.149],[-81.386,31.1418],[-81.3675,31.1536],[-81.3432,31.1807],[-81.3075,31.2305],[-81.2886,31.2209],[-81.2746,31.2355],[-81.2677,31.2587],[-81.2699,31.2748],[-81.3283,31.3153],[-81.3447,31.3205],[-81.382,31.3237],[-81.4265,31.333],[-81.467,31.3478],[-81.4924,31.3677],[-81.48,31.3742],[-81.4289,31.3529],[-81.3362,31.3428],[-81.3257,31.3489],[-81.3639,31.4158],[-81.3653,31.4379],[-81.3314,31.4672],[-81.3282,31.5023],[-81.3202,31.5224],[-81.3334,31.5444],[-81.3183,31.5656],[-81.3009,31.5708],[-81.2391,31.6631],[-81.199,31.6994],[-81.1963,31.7176],[-81.2255,31.7376],[-81.2692,31.7517],[-81.2733,31.7655],[-81.2532,31.7703],[-81.2046,31.7414],[-81.1714,31.7366],[-81.119,31.7376],[-81.0914,31.7543],[-81.0609,31.7882],[-81.0399,31.827],[-81.061,31.827],[-81.0877,31.8475],[-81.143,31.8549],[-81.1302,31.8668],[-81.0903,31.8757],[-81.0914,31.885],[-81.1182,31.9077],[-81.0953,31.916],[-81.0747,31.8884],[-81.0577,31.8819],[-81.0126,31.8745],[-80.9952,31.8645],[-80.9805,31.8654],[-80.9582,31.8793],[-80.9238,31.9089],[-80.9495,31.9137],[-80.9631,31.9307],[-80.9648,31.9488],[-80.9374,31.9765],[-80.9238,31.9778],[-80.9127,31.9559],[-80.9034,31.9505],[-80.8539,31.9822],[-80.8357,32.0029],[-80.8481,32.0222],[-80.8903,32.0327]]],[[[-81.4787,30.806],[-81.4691,30.7293],[-81.4542,30.7348],[-81.4508,30.7545],[-81.457,30.7998],[-81.4416,30.8274],[-81.432,30.8631],[-81.4283,30.8926],[-81.4194,30.9253],[-81.4173,30.9704],[-81.4241,30.9704],[-81.4327,30.9388],[-81.4822,30.9044],[-81.4924,30.8742],[-81.478,30.8317],[-81.4787,30.806]]],[[[-81.2513,31.5046],[-81.2714,31.4619],[-81.2891,31.44],[-81.3003,31.4115],[-81.2796,31.3855],[-81.2617,31.3878],[-81.2353,31.4338],[-81.2137,31.4536],[-81.1746,31.5214],[-81.2029,31.5343],[-81.2349,31.5265],[-81.2513,31.5046]]],[[[-81.1606,31.6699],[-81.1795,31.6359],[-81.178,31.6119],[-81.1676,31.6],[-81.1751,31.5705],[-81.161,31.5673],[-81.1282,31.6286],[-81.1335,31.6569],[-81.1313,31.693],[-81.1493,31.6983],[-81.1606,31.6699]]]]},"properties":{"name":"Georgia","name_en":"Georgia","name_ja":"ジョージア州","name_zh":"佐治亚州","name_ko":"조지아","adm0_a3":"USA","postal":"GA","iso_3166_2":"US-GA","type_en":"State","region":"South","geonunit":"United States of America"}},
{"type":"Feature","geometry":{"type":"MultiPolygon","coordinates":[[[[-78.5732,33.8826],[-78.8353,34.1042],[-78.9664,34.215],[-79.2285,34.4366],[-79.4251,34.6028],[-79.6535,34.7957],[-79.7038,34.8058],[-79.8967,34.8094],[-80.1461,34.814],[-80.5059,34.8207],[-80.7762,34.8257],[-80.7902,34.8327],[-80.7926,34.8459],[-80.7886,34.9493],[-80.7929,34.9617],[-80.9271,35.1081],[-80.9449,35.11],[-81.0277,35.0613],[-81.0385,35.06],[-81.0523,35.0739],[-81.052,35.095],[-81.0382,35.1298],[-81.0526,35.1496],[-81.0735,35.1542],[-81.4045,35.1682],[-81.7647,35.1836],[-82.0804,35.197],[-82.2872,35.2059],[-82.3628,35.2001],[-82.3844,35.2179],[-82.3983,35.2162],[-82.4245,35.1975],[-82.43,35.1827],[-82.4428,35.1763],[-82.4789,35.1761],[-82.5106,35.1607],[-82.554,35.1591],[-82.6052,35.1453],[-82.6382,35.1312],[-82.6756,35.1275],[-82.6898,35.1062],[-82.7421,35.0771],[-82.7637,35.0744],[-82.7719,35.0866],[-82.8039,35.0808],[-83.0965,35.0006],[-83.1148,35.0004],[-83.1158,34.9872],[-83.1345,34.9425],[-83.1584,34.9352],[-83.2207,34.8868],[-83.2399,34.8775],[-83.2662,34.8479],[-83.3082,34.82],[-83.3206,34.8],[-83.3246,34.7765],[-83.3459,34.7506],[-83.3555,34.7084],[-83.3239,34.6717],[-83.2326,34.6226],[-83.1991,34.609],[-83.1683,34.6131],[-83.159,34.5872],[-83.1217,34.5699],[-83.1006,34.5463],[-83.0795,34.5351],[-83.0472,34.4966],[-83.015,34.4817],[-82.8995,34.483],[-82.8573,34.4606],[-82.8461,34.4346],[-82.8412,34.4073],[-82.8275,34.375],[-82.8185,34.3661],[-82.7614,34.2928],[-82.7534,34.2701],[-82.7344,34.1847],[-82.7289,34.1708],[-82.7057,34.1477],[-82.6821,34.1396],[-82.6504,34.1087],[-82.6313,34.0669],[-82.6078,34.0564],[-82.5994,34.0454],[-82.578,33.9939],[-82.5705,33.9678],[-82.5581,33.9566],[-82.5221,33.9517],[-82.465,33.8946],[-82.434,33.8772],[-82.4017,33.8648],[-82.3633,33.8437],[-82.321,33.8151],[-82.2726,33.7779],[-82.2453,33.7505],[-82.2329,33.7059],[-82.2168,33.686],[-82.1939,33.6346],[-82.174,33.6165],[-82.129,33.5948],[-82.0815,33.5829],[-82.0409,33.56],[-81.9987,33.5154],[-81.9782,33.4992],[-81.9381,33.4761],[-81.9239,33.4586],[-81.931,33.4371],[-81.9174,33.4166],[-81.9359,33.407],[-81.9236,33.3825],[-81.9379,33.3762],[-81.931,33.3612],[-81.8801,33.3124],[-81.8715,33.3218],[-81.8417,33.3136],[-81.8553,33.3005],[-81.8383,33.2894],[-81.8345,33.2675],[-81.8485,33.2596],[-81.8332,33.2372],[-81.8175,33.2247],[-81.7771,33.218],[-81.7705,33.2098],[-81.7597,33.1559],[-81.7241,33.1311],[-81.6361,33.1006],[-81.5952,33.0809],[-81.5671,33.0577],[-81.5176,33.0396],[-81.5052,33.0226],[-81.4922,32.9853],[-81.5005,32.951],[-81.5004,32.9317],[-81.4888,32.9232],[-81.4376,32.8481],[-81.4281,32.8204],[-81.4239,32.79],[-81.4025,32.7449],[-81.4161,32.702],[-81.396,32.6733],[-81.4058,32.6243],[-81.396,32.6079],[-81.3654,32.5864],[-81.3448,32.5778],[-81.3148,32.5729],[-81.2754,32.5426],[-81.239,32.526],[-81.2283,32.496],[-81.2008,32.4846],[-81.1963,32.4678],[-81.1974,32.4366],[-81.167,32.3546],[-81.152,32.3503],[-81.1318,32.3212],[-81.1298,32.3],[-81.1445,32.2541],[-81.1428,32.228],[-81.1564,32.1939],[-81.136,32.1554],[-81.1388,32.1427],[-81.0865,32.0915],[-81.0779,32.0871],[-81.02,32.0912],[-80.9982,32.0871],[-80.958,32.0708],[-80.9446,32.0497],[-80.911,32.0339],[-80.8903,32.0327],[-80.896,32.0467],[-80.8876,32.0694],[-80.8419,32.116],[-80.8321,32.1343],[-80.8282,32.1591],[-80.7935,32.1969],[-80.788,32.2358],[-80.7799,32.2447],[-80.7772,32.2073],[-80.8116,32.1447],[-80.8208,32.1081],[-80.7371,32.1521],[-80.7047,32.1907],[-80.6778,32.2147],[-80.6773,32.2253],[-80.6911,32.2447],[-80.7121,32.263],[-80.727,32.2659],[-80.7451,32.259],[-80.7758,32.3057],[-80.7989,32.3197],[-80.7986,32.3336],[-80.7873,32.3577],[-80.8158,32.4193],[-80.8289,32.4553],[-80.8208,32.4781],[-80.8428,32.5242],[-80.855,32.5395],[-80.8359,32.5401],[-80.814,32.5054],[-80.783,32.4917],[-80.7969,32.4744],[-80.796,32.4533],[-80.7844,32.4162],[-80.7593,32.3608],[-80.6918,32.3096],[-80.6675,32.3054],[-80.6632,32.3236],[-80.6775,32.3577],[-80.6769,32.4257],[-80.6632,32.4508],[-80.6837,32.4644],[-80.6573,32.4627],[-80.6512,32.4455],[-80.67,32.3736],[-80.6644,32.3682],[-80.629,32.3819],[-80.6422,32.3192],[-80.6427,32.2931],[-80.6368,32.2668],[-80.626,32.2626],[-80.5875,32.2788],[-80.5533,32.2788],[-80.4708,32.3227],[-80.4599,32.3373],[-80.4782,32.3471],[-80.4708,32.3546],[-80.4516,32.35],[-80.4411,32.3661],[-80.4298,32.4098],[-80.4769,32.3715],[-80.5283,32.3489],[-80.5471,32.3471],[-80.5477,32.3571],[-80.5067,32.3887],[-80.4635,32.4041],[-80.4584,32.4232],[-80.4698,32.4421],[-80.4952,32.4508],[-80.5875,32.4569],[-80.5349,32.4708],[-80.4782,32.4706],[-80.4782,32.4781],[-80.5294,32.498],[-80.571,32.4917],[-80.6594,32.506],[-80.6775,32.498],[-80.678,32.5115],[-80.6601,32.5259],[-80.629,32.5259],[-80.558,32.5163],[-80.5328,32.519],[-80.5442,32.5379],[-80.5471,32.5606],[-80.5397,32.5606],[-80.525,32.5402],[-80.4879,32.5124],[-80.4434,32.5054],[-80.4093,32.4811],[-80.3926,32.4781],[-80.3782,32.4841],[-80.3693,32.4988],[-80.369,32.5334],[-80.3554,32.5269],[-80.3445,32.4948],[-80.3312,32.4864],[-80.3035,32.498],[-80.2316,32.5424],[-80.2113,32.5521],[-80.2008,32.5694],[-80.254,32.6085],[-80.2659,32.6214],[-80.2513,32.6238],[-80.2323,32.613],[-80.1771,32.567],[-80.1491,32.5814],[-80.1042,32.5908],[-80.0579,32.604],[-80.0051,32.6116],[-79.9955,32.619],[-80.0257,32.6425],[-80.0167,32.6537],[-79.9813,32.6487],[-79.9457,32.6533],[-79.8873,32.6881],[-79.8714,32.7083],[-79.868,32.7381],[-79.879,32.7314],[-79.9078,32.7555],[-79.9431,32.7624],[-79.9676,32.7852],[-79.9717,32.7996],[-79.944,32.7824],[-79.9341,32.7834],[-79.9322,32.8122],[-79.9438,32.8515],[-79.9381,32.8541],[-79.9028,32.8344],[-79.8923,32.8548],[-79.8749,32.8412],[-79.9062,32.8004],[-79.8817,32.788],[-79.8621,32.7641],[-79.851,32.7586],[-79.7987,32.7731],[-79.7445,32.7996],[-79.7122,32.8404],[-79.693,32.8601],[-79.6664,32.8685],[-79.6537,32.8858],[-79.5887,32.9141],[-79.5738,32.9368],[-79.5945,32.9301],[-79.6074,32.9162],[-79.6245,32.9438],[-79.6229,32.9553],[-79.5972,33.0005],[-79.5848,33.0138],[-79.5386,33.0363],[-79.52,33.0412],[-79.4913,32.9914],[-79.4576,33.0067],[-79.387,33.0173],[-79.3798,33.0297],[-79.3715,33.064],[-79.3518,33.0788],[-79.3077,33.0954],[-79.2926,33.1087],[-79.2899,33.13],[-79.3298,33.1425],[-79.3404,33.1558],[-79.2973,33.1491],[-79.2792,33.1394],[-79.2722,33.1223],[-79.2517,33.136],[-79.27,33.1566],[-79.2689,33.1661],[-79.2472,33.1668],[-79.2306,33.1422],[-79.2229,33.1579],[-79.1835,33.1838],[-79.203,33.1929],[-79.2101,33.2111],[-79.214,33.2425],[-79.2483,33.2501],[-79.272,33.2615],[-79.2914,33.2777],[-79.2995,33.2968],[-79.2964,33.3178],[-79.2771,33.3591],[-79.2323,33.4121],[-79.212,33.4284],[-79.1896,33.437],[-79.2372,33.3865],[-79.2632,33.3403],[-79.272,33.3173],[-79.2685,33.3067],[-79.2269,33.3063],[-79.2033,33.2868],[-79.1986,33.2685],[-79.1974,33.2323],[-79.1835,33.2179],[-79.1826,33.2413],[-79.1561,33.3578],[-79.1561,33.3756],[-79.1331,33.4174],[-79.0315,33.5336],[-78.938,33.6421],[-78.8675,33.7045],[-78.7633,33.7786],[-78.657,33.8319],[-78.6151,33.8458],[-78.5733,33.848],[-78.5829,33.8637],[-78.6,33.8759],[-78.5732,33.8826]]],[[[-79.3404,33.0602],[-79.3531,33.0576],[-79.3631,33.043],[-79.3684,33.0057],[-79.361,33.0057],[-79.3416,33.0452],[-79.3404,33.0602]]]]},"properties":{"name":"South Carolina","name_en":"South Carolina","name_ja":"サウスカロライナ州","name_zh":"南卡罗来纳州","name_ko":"사우스캐롤라이나","adm0_a3":"USA","postal":"SC","iso_3166_2":"US-SC","type_en":"State","region":"South","geonunit":"United States of America"}},
{"type":"Feature","geometry":{"type":"MultiPolygon","coordinates":[[[[-76.0317,36.5503],[-76.3808,36.5528],[-76.7133,36.5509],[-77.0362,36.5488],[-77.2826,36.5469],[-77.5291,36.5451],[-77.8987,36.5423],[-78.0537,36.5423],[-78.3637,36.5423],[-78.6737,36.5423],[-78.9836,36.5423],[-79.2574,36.5419],[-79.4952,36.5413],[-79.8518,36.5404],[-80.0896,36.5398],[-80.4568,36.5538],[-80.6771,36.5622],[-80.8834,36.5649],[-81.2273,36.5696],[-81.6193,36.5939],[-81.6416,36.594],[-81.6589,36.6096],[-81.7059,36.5467],[-81.715,36.5263],[-81.6985,36.4882],[-81.7145,36.4515],[-81.7405,36.4095],[-81.7429,36.3891],[-81.7143,36.3466],[-81.752,36.3463],[-81.8049,36.3606],[-81.8148,36.3589],[-81.8924,36.3167],[-81.924,36.2941],[-82.0247,36.1399],[-82.0425,36.1245],[-82.0866,36.1006],[-82.1167,36.1048],[-82.1332,36.1134],[-82.1445,36.1405],[-82.1634,36.1494],[-82.1838,36.1507],[-82.2041,36.1601],[-82.2244,36.1551],[-82.261,36.135],[-82.2906,36.1346],[-82.3156,36.1246],[-82.3512,36.1166],[-82.3946,36.0957],[-82.4395,36.0545],[-82.4572,36.0245],[-82.4893,35.9938],[-82.5444,35.9661],[-82.5662,35.9618],[-82.5837,35.9688],[-82.6004,35.9994],[-82.5907,36.0295],[-82.6131,36.0579],[-82.6298,36.0574],[-82.7018,36.0306],[-82.7703,36.0002],[-82.7749,35.978],[-82.8102,35.9333],[-82.822,35.9338],[-82.8464,35.9492],[-82.8783,35.9556],[-82.9075,35.9459],[-82.917,35.9207],[-82.9057,35.8943],[-82.9229,35.8668],[-82.9322,35.8429],[-82.9569,35.8127],[-82.9827,35.788],[-83.0113,35.7855],[-83.0754,35.7895],[-83.1278,35.7673],[-83.1768,35.7527],[-83.2013,35.7326],[-83.2501,35.713],[-83.2951,35.6692],[-83.3448,35.6629],[-83.3839,35.6332],[-83.4378,35.6145],[-83.4859,35.577],[-83.4992,35.57],[-83.5651,35.5593],[-83.6103,35.5734],[-83.6298,35.5684],[-83.6625,35.5688],[-83.6927,35.5639],[-83.7281,35.5666],[-83.7743,35.5562],[-83.8317,35.5267],[-83.8802,35.5165],[-83.8948,35.5081],[-83.9112,35.481],[-83.9304,35.4655],[-83.9725,35.4535],[-84.0115,35.4245],[-84.0176,35.4086],[-84.0132,35.3955],[-84.0185,35.3746],[-84.036,35.3541],[-84.0445,35.3336],[-84.0461,35.3016],[-84.0589,35.2843],[-84.0952,35.2579],[-84.1786,35.2524],[-84.1998,35.2537],[-84.2315,35.2672],[-84.2612,35.2557],[-84.2967,35.2206],[-84.3005,35.2084],[-84.3246,34.9871],[-84.0222,34.9904],[-83.7953,34.9929],[-83.5685,34.9954],[-83.3416,34.9979],[-83.1148,35.0004],[-83.0965,35.0006],[-82.8039,35.0808],[-82.7719,35.0866],[-82.7637,35.0744],[-82.7421,35.0771],[-82.6898,35.1062],[-82.6756,35.1275],[-82.6382,35.1312],[-82.6052,35.1453],[-82.554,35.1591],[-82.5106,35.1607],[-82.4789,35.1761],[-82.4428,35.1763],[-82.43,35.1827],[-82.4245,35.1975],[-82.3983,35.2162],[-82.3844,35.2179],[-82.3628,35.2001],[-82.2872,35.2059],[-82.0804,35.197],[-81.7647,35.1836],[-81.4045,35.1682],[-81.0735,35.1542],[-81.0526,35.1496],[-81.0382,35.1298],[-81.052,35.095],[-81.0523,35.0739],[-81.0385,35.06],[-81.0277,35.0613],[-80.9449,35.11],[-80.9271,35.1081],[-80.7929,34.9617],[-80.7886,34.9493],[-80.7926,34.8459],[-80.7902,34.8327],[-80.7762,34.8257],[-80.5059,34.8207],[-80.1461,34.814],[-79.8967,34.8094],[-79.7038,34.8058],[-79.6535,34.7957],[-79.4251,34.6028],[-79.2285,34.4366],[-78.9664,34.215],[-78.8353,34.1042],[-78.5732,33.8826],[-78.5454,33.8896],[-78.559,33.869],[-78.4709,33.8963],[-78.4083,33.9105],[-78.3849,33.9226],[-78.3747,33.9509],[-78.3617,33.9324],[-78.3673,33.9168],[-78.3335,33.9101],[-78.2525,33.9251],[-78.214,33.9155],[-78.1396,33.9152],[-78.0493,33.8939],[-78.0323,33.8923],[-78.0089,33.9047],[-77.9722,33.9526],[-77.9495,34.0028],[-77.9505,34.0372],[-77.942,34.0676],[-77.9523,34.0917],[-77.9629,34.1632],[-77.9626,34.1911],[-77.9563,34.1911],[-77.9407,34.1477],[-77.9216,34.1086],[-77.9296,34.0798],[-77.9213,34.001],[-77.9359,33.9714],[-77.9323,33.9578],[-77.942,33.9305],[-77.9111,33.9582],[-77.8931,34.012],[-77.8744,34.1223],[-77.8445,34.175],[-77.8327,34.207],[-77.785,34.2464],[-77.7305,34.3159],[-77.6683,34.3762],[-77.5359,34.4686],[-77.4556,34.5053],[-77.404,34.5176],[-77.3789,34.5272],[-77.3872,34.5407],[-77.3756,34.5511],[-77.3832,34.5622],[-77.4265,34.5792],[-77.4462,34.6008],[-77.445,34.6176],[-77.4261,34.6232],[-77.397,34.62],[-77.3824,34.632],[-77.381,34.6567],[-77.3968,34.6838],[-77.4092,34.6909],[-77.422,34.6846],[-77.4285,34.7012],[-77.4356,34.7535],[-77.4247,34.7401],[-77.3946,34.7398],[-77.3751,34.7243],[-77.3946,34.7182],[-77.3404,34.661],[-77.3332,34.6498],[-77.3431,34.6313],[-77.3869,34.6035],[-77.4015,34.5891],[-77.3657,34.582],[-77.3365,34.5611],[-77.318,34.5643],[-77.2934,34.5784],[-77.2536,34.5944],[-77.2015,34.6507],[-77.167,34.6671],[-77.1758,34.685],[-77.1664,34.6926],[-77.1483,34.6772],[-77.1369,34.6824],[-77.1219,34.7083],[-77.1203,34.7256],[-77.132,34.7476],[-77.1317,34.7624],[-77.1134,34.7597],[-77.1072,34.7324],[-77.0855,34.7051],[-77.1027,34.6943],[-77.0933,34.677],[-77.0729,34.6863],[-76.9285,34.7219],[-76.8961,34.7392],[-76.702,34.7256],[-76.7298,34.7665],[-76.7548,34.7541],[-76.7708,34.7535],[-76.7562,34.7708],[-76.7098,34.7966],[-76.6852,34.8007],[-76.6712,34.7908],[-76.6651,34.7415],[-76.6582,34.7219],[-76.633,34.7092],[-76.6222,34.731],[-76.616,34.8161],[-76.5716,34.7808],[-76.5882,34.7666],[-76.5836,34.7513],[-76.5662,34.7385],[-76.5228,34.7319],[-76.4991,34.7481],[-76.5039,34.7665],[-76.476,34.7871],[-76.4145,34.8491],[-76.4112,34.8757],[-76.4015,34.8832],[-76.394,34.8627],[-76.3548,34.8774],[-76.3357,34.8995],[-76.3463,34.9242],[-76.3404,34.9397],[-76.3047,34.9379],[-76.2935,34.9438],[-76.2699,34.9726],[-76.2935,34.9848],[-76.3222,35.0199],[-76.3531,35.0272],[-76.3282,34.9912],[-76.3252,34.9757],[-76.3776,34.9658],[-76.3873,34.9481],[-76.3961,34.9501],[-76.4398,34.9387],[-76.4667,34.9443],[-76.4643,34.9685],[-76.4503,34.9696],[-76.4189,34.9865],[-76.4425,35.0167],[-76.435,35.0512],[-76.4538,35.0734],[-76.4835,35.0272],[-76.4836,34.9871],[-76.4896,34.9726],[-76.5032,34.9896],[-76.5183,34.9973],[-76.5482,34.9993],[-76.5686,34.9932],[-76.5665,34.9792],[-76.5449,34.9515],[-76.5399,34.9321],[-76.5961,34.9583],[-76.62,34.9863],[-76.6424,34.9838],[-76.6789,34.9594],[-76.7134,34.9299],[-76.762,34.9124],[-76.7708,34.9242],[-76.8056,34.9447],[-76.8541,34.9574],[-76.8992,34.9641],[-76.9403,34.9798],[-76.9763,35.0198],[-76.9994,35.0622],[-77.0154,35.0809],[-77.0349,35.0887],[-77.0367,35.0993],[-77.0793,35.157],[-77.0434,35.1436],[-76.9962,35.0876],[-76.9463,35.0686],[-76.9012,35.0272],[-76.8736,35.0087],[-76.8391,34.9925],[-76.8078,34.9873],[-76.7645,34.9892],[-76.7259,35.0006],[-76.7093,35.0235],[-76.6876,35.0373],[-76.6433,35.0581],[-76.608,35.0798],[-76.6131,35.0961],[-76.5821,35.1055],[-76.5605,35.1244],[-76.5548,35.1497],[-76.5716,35.178],[-76.5858,35.1645],[-76.5716,35.157],[-76.5873,35.1497],[-76.62,35.1645],[-76.6752,35.1706],[-76.6486,35.1872],[-76.6166,35.1911],[-76.5883,35.2091],[-76.5716,35.2116],[-76.5303,35.1999],[-76.5296,35.2177],[-76.5653,35.2333],[-76.5653,35.2395],[-76.5153,35.2304],[-76.4928,35.2302],[-76.4704,35.2706],[-76.4876,35.2915],[-76.4971,35.3115],[-76.521,35.3131],[-76.6116,35.3377],[-76.6941,35.3537],[-76.7572,35.3842],[-76.817,35.3963],[-76.8629,35.424],[-76.9039,35.4439],[-76.9451,35.4525],[-76.9763,35.4382],[-76.985,35.4692],[-76.9945,35.4816],[-77.0255,35.4915],[-77.052,35.5344],[-76.994,35.4971],[-76.949,35.488],[-76.9013,35.4655],[-76.8732,35.4586],[-76.8218,35.453],[-76.802,35.4449],[-76.7811,35.4279],[-76.7584,35.4189],[-76.7043,35.4304],[-76.6752,35.4245],[-76.6473,35.4382],[-76.65,35.4154],[-76.6288,35.4],[-76.5998,35.3951],[-76.579,35.404],[-76.5884,35.4169],[-76.6063,35.4245],[-76.5927,35.4443],[-76.62,35.4661],[-76.6063,35.4927],[-76.6208,35.5108],[-76.6473,35.5207],[-76.6059,35.5425],[-76.585,35.5497],[-76.5579,35.548],[-76.5117,35.5377],[-76.463,35.5412],[-76.4779,35.5139],[-76.4947,35.5068],[-76.5449,35.5133],[-76.5707,35.5086],[-76.5752,35.4975],[-76.5449,35.4722],[-76.5601,35.4559],[-76.5461,35.4452],[-76.5039,35.4313],[-76.5244,35.4177],[-76.4984,35.3913],[-76.463,35.3767],[-76.4835,35.3978],[-76.4758,35.4073],[-76.454,35.4101],[-76.4425,35.404],[-76.4208,35.4382],[-76.4289,35.457],[-76.4183,35.4645],[-76.4023,35.4596],[-76.394,35.4412],[-76.3927,35.409],[-76.3797,35.3767],[-76.4208,35.3767],[-76.4162,35.366],[-76.394,35.3625],[-76.3736,35.3432],[-76.3572,35.3495],[-76.3524,35.3636],[-76.363,35.3842],[-76.3635,35.4052],[-76.3553,35.4135],[-76.3326,35.404],[-76.3107,35.3677],[-76.2687,35.3484],[-76.2605,35.37],[-76.2464,35.372],[-76.2357,35.3532],[-76.2181,35.3489],[-76.1504,35.3472],[-76.1183,35.3728],[-76.0651,35.3842],[-76.076,35.4049],[-76.071,35.4272],[-76.0561,35.4415],[-76.0372,35.4313],[-76.0446,35.4245],[-76.0282,35.4193],[-76.0235,35.4412],[-76.0033,35.465],[-76.0106,35.4791],[-75.9854,35.4862],[-75.9732,35.4971],[-75.9779,35.5252],[-75.9545,35.5303],[-75.8972,35.579],[-75.8944,35.622],[-75.8863,35.6374],[-75.8664,35.5956],[-75.8495,35.5871],[-75.8249,35.5958],[-75.8187,35.5821],[-75.8392,35.5759],[-75.8392,35.5685],[-75.8083,35.5688],[-75.7839,35.5759],[-75.7823,35.5992],[-75.7538,35.6118],[-75.7396,35.6326],[-75.741,35.643],[-75.7634,35.6715],[-75.7734,35.6969],[-75.7249,35.6982],[-75.7209,35.705],[-75.7262,35.7404],[-75.743,35.7678],[-75.722,35.8107],[-75.7218,35.8292],[-75.743,35.8569],[-75.743,35.8701],[-75.7905,35.9325],[-75.8189,35.9605],[-75.8529,35.98],[-75.8563,35.961],[-75.8671,35.9453],[-75.8441,35.9429],[-75.8249,35.9316],[-75.845,35.9232],[-75.9081,35.9384],[-75.8938,35.9125],[-75.8625,35.8944],[-75.8702,35.8776],[-75.9006,35.89],[-75.9349,35.9249],[-75.9824,35.8958],[-75.99,35.8869],[-75.99,35.764],[-75.9949,35.7303],[-76.0309,35.651],[-76.0446,35.6715],[-76.1,35.6652],[-76.1236,35.6735],[-76.1409,35.6988],[-76.1171,35.6989],[-76.0543,35.6839],[-76.0372,35.6988],[-76.0583,35.7265],[-76.0425,35.7377],[-76.0651,35.7678],[-76.0892,35.7718],[-76.1166,35.7839],[-76.1242,35.7946],[-76.0856,35.7869],[-76.0563,35.7934],[-76.0511,35.8192],[-76.0631,35.848],[-76.0856,35.8633],[-76.0856,35.8701],[-76.0636,35.8737],[-76.0459,35.8886],[-76.0235,35.9316],[-76.0719,35.9185],[-76.064,35.9533],[-76.0531,35.9626],[-76.0309,35.9527],[-76.0294,35.9687],[-76.0483,35.9837],[-76.0998,35.9999],[-76.1954,35.9936],[-76.2842,35.9731],[-76.3068,35.9578],[-76.2637,35.9248],[-76.2892,35.9258],[-76.3317,35.9418],[-76.3531,35.9453],[-76.3802,35.932],[-76.3873,35.9384],[-76.3873,35.9731],[-76.4202,35.9813],[-76.473,35.9724],[-76.5256,35.9551],[-76.5579,35.9384],[-76.5916,35.9447],[-76.7298,35.9453],[-76.7298,35.9527],[-76.695,35.9925],[-76.6889,36.0067],[-76.704,36.0089],[-76.7093,36.0408],[-76.7336,36.0651],[-76.7399,36.0933],[-76.7572,36.1271],[-76.7564,36.1933],[-76.7429,36.2316],[-76.7042,36.2716],[-76.7057,36.2941],[-76.7298,36.3227],[-76.6883,36.3052],[-76.6796,36.2875],[-76.6889,36.2599],[-76.7108,36.2368],[-76.7298,36.1817],[-76.7245,36.1553],[-76.701,36.1105],[-76.687,36.0561],[-76.6667,36.0384],[-76.6437,36.0384],[-76.6268,36.062],[-76.5893,36.0172],[-76.5773,36.0124],[-76.5244,36.0135],[-76.4676,36.0309],[-76.4359,36.0482],[-76.4145,36.0681],[-76.4282,36.0756],[-76.4117,36.083],[-76.3115,36.0961],[-76.3831,36.1301],[-76.3992,36.1486],[-76.435,36.165],[-76.463,36.206],[-76.4104,36.1743],[-76.394,36.178],[-76.3774,36.1562],[-76.3494,36.142],[-76.2445,36.1039],[-76.2201,36.0995],[-76.1954,36.1035],[-76.2486,36.1634],[-76.2791,36.1815],[-76.2917,36.1991],[-76.292,36.2127],[-76.2262,36.1728],[-76.2094,36.1497],[-76.178,36.134],[-76.1581,36.1298],[-76.1266,36.1308],[-76.1334,36.1445],[-76.0971,36.1473],[-76.0574,36.1688],[-76.0802,36.1772],[-76.0902,36.2006],[-76.1144,36.2111],[-76.1409,36.2469],[-76.1744,36.2727],[-76.2222,36.2933],[-76.2086,36.3171],[-76.1988,36.3227],[-76.1861,36.3129],[-76.2023,36.3015],[-76.1495,36.289],[-76.1334,36.2817],[-76.0878,36.2456],[-76.0617,36.2363],[-76.0375,36.2058],[-76.0204,36.1915],[-75.9789,36.1832],[-75.9081,36.165],[-75.9081,36.1718],[-75.9372,36.185],[-75.9627,36.206],[-75.9497,36.2121],[-75.9667,36.2844],[-75.9872,36.2999],[-75.9962,36.3152],[-75.9766,36.314],[-75.9347,36.2878],[-75.9482,36.2691],[-75.943,36.2604],[-75.9143,36.2469],[-75.9026,36.2143],[-75.8801,36.1991],[-75.8597,36.1616],[-75.8684,36.1367],[-75.838,36.0978],[-75.8044,36.0756],[-75.7855,36.0816],[-75.804,36.1213],[-75.8162,36.1562],[-75.8699,36.2722],[-75.8804,36.3007],[-75.9217,36.3568],[-75.9164,36.4027],[-75.9186,36.4293],[-75.9313,36.4287],[-75.9454,36.397],[-75.9431,36.3796],[-75.9279,36.3636],[-75.9487,36.3752],[-75.9737,36.4011],[-75.9858,36.4253],[-75.9683,36.4325],[-76.0117,36.4606],[-76.029,36.4803],[-76.0372,36.5008],[-76.0317,36.5503]]],[[[-75.909,36.5494],[-75.943,36.5496],[-75.962,36.543],[-75.9669,36.5498],[-76.0133,36.5502],[-75.9784,36.5279],[-75.9729,36.4997],[-75.9521,36.4933],[-75.9011,36.496],[-75.9081,36.5212],[-75.909,36.5494]]],[[[-75.8531,36.549],[-75.8806,36.5493],[-75.8671,36.5076],[-75.8597,36.4735],[-75.8454,36.4492],[-75.8422,36.432],[-75.8249,36.3943],[-75.8187,36.3288],[-75.8119,36.3015],[-75.8185,36.2968],[-75.8017,36.279],[-75.7737,36.234],[-75.7632,36.2012],[-75.7386,36.1412],[-75.743,36.1098],[-75.7235,36.0588],[-75.7089,36.0483],[-75.6872,36.05],[-75.6754,36.0209],[-75.699,36.015],[-75.7157,36.0272],[-75.7195,36.01],[-75.6945,35.9936],[-75.6754,35.9999],[-75.607,35.9238],[-75.5922,35.8974],[-75.5895,35.862],[-75.5836,35.8438],[-75.5616,35.8326],[-75.558,35.8087],[-75.5238,35.7944],[-75.5539,35.8537],[-75.564,35.8953],[-75.7143,36.1298],[-75.7572,36.2326],[-75.7864,36.282],[-75.797,36.3428],[-75.8119,36.3835],[-75.8531,36.549]]],[[[-77.97,33.8896],[-77.9952,33.8993],[-78.0101,33.892],[-78.0178,33.8759],[-78.0123,33.8656],[-77.97,33.848],[-77.9624,33.8569],[-77.942,33.9168],[-77.97,33.8896]]],[[[-77.8744,34.0881],[-77.8602,34.1004],[-77.8459,34.1238],[-77.826,34.1706],[-77.8442,34.1667],[-77.8566,34.1426],[-77.8744,34.0881]]],[[[-77.4319,34.4997],[-77.4498,34.4957],[-77.5787,34.4254],[-77.6147,34.3955],[-77.6342,34.3625],[-77.6178,34.3776],[-77.5146,34.4538],[-77.4678,34.4654],[-77.3863,34.5017],[-77.353,34.5276],[-77.3741,34.5231],[-77.4137,34.504],[-77.4319,34.4997]]],[[[-76.5653,34.671],[-76.6343,34.6915],[-76.6548,34.6915],[-76.6432,34.6784],[-76.5927,34.6635],[-76.5517,34.6369],[-76.5377,34.6422],[-76.5421,34.6529],[-76.5653,34.671]]],[[[-76.8975,34.6982],[-77.0544,34.6749],[-77.0824,34.6655],[-77.0998,34.6498],[-76.8275,34.7029],[-76.8019,34.7051],[-76.6815,34.6982],[-76.6815,34.7051],[-76.7336,34.7176],[-76.8975,34.6982]]],[[[-76.2563,34.9136],[-76.2623,34.9067],[-76.3047,34.8832],[-76.4078,34.7944],[-76.5251,34.6378],[-76.5392,34.6082],[-76.5306,34.5891],[-76.5196,34.6158],[-76.396,34.7876],[-76.3404,34.8384],[-76.2999,34.8586],[-76.2497,34.9032],[-76.2228,34.9174],[-76.2023,34.9447],[-76.234,34.9317],[-76.2563,34.9136]]],[[[-76.0781,35.0716],[-76.1064,35.0303],[-76.1256,35.0115],[-76.0372,35.0613],[-76.0725,35.0748],[-76.0781,35.0716]]],[[[-75.99,35.1234],[-75.9988,35.0971],[-76.0173,35.075],[-75.9081,35.1365],[-75.8174,35.1629],[-75.7821,35.1859],[-75.7703,35.1979],[-75.7989,35.1842],[-75.8863,35.157],[-75.9398,35.1269],[-75.967,35.1177],[-75.99,35.1234]]],[[[-75.4761,35.6954],[-75.4867,35.7438],[-75.4995,35.7675],[-75.5171,35.7807],[-75.5261,35.7757],[-75.5028,35.7227],[-75.501,35.7033],[-75.4758,35.6301],[-75.4686,35.5651],[-75.4853,35.5321],[-75.4888,35.5092],[-75.4822,35.4791],[-75.4944,35.4205],[-75.4988,35.3829],[-75.5109,35.3337],[-75.5171,35.3215],[-75.5163,35.291],[-75.5431,35.2731],[-75.6126,35.2526],[-75.6754,35.2258],[-75.685,35.2333],[-75.706,35.2062],[-75.7157,35.2054],[-75.7357,35.1877],[-75.7175,35.1869],[-75.704,35.196],[-75.6444,35.2158],[-75.6232,35.2191],[-75.5853,35.2333],[-75.5438,35.2333],[-75.5254,35.244],[-75.5156,35.2602],[-75.4908,35.3364],[-75.4706,35.5048],[-75.4518,35.5825],[-75.4549,35.6231],[-75.4735,35.6749],[-75.4761,35.6954]]],[[[-75.7157,35.9248],[-75.6785,35.8869],[-75.6593,35.836],[-75.6254,35.8301],[-75.6126,35.8633],[-75.647,35.8992],[-75.661,35.9248],[-75.7038,35.9457],[-75.7299,35.9394],[-75.7157,35.9248]]]]},"properties":{"name":"North Carolina","name_en":"North Carolina","name_ja":"ノースカロライナ州","name_zh":"北卡罗来纳州","name_ko":"노스캐롤라이나","adm0_a3":"USA","postal":"NC","iso_3166_2":"US-NC","type_en":"State","region":"South","geonunit":"United States of America"}},
{"type":"Feature","geometry":{"type":"MultiPolygon","coordinates":[[[[-76.0133,36.5502],[-75.9669,36.5498],[-75.9757,36.6063],[-75.9627,36.7093],[-75.9578,36.7194],[-75.9279,36.7062],[-75.9006,36.6243],[-75.884,36.6045],[-75.8802,36.5847],[-75.8857,36.5624],[-75.8806,36.5493],[-75.8531,36.549],[-75.8634,36.5906],[-75.9602,36.8068],[-75.9889,36.912],[-76.0046,36.9324],[-76.0355,36.9348],[-76.0558,36.9182],[-76.0781,36.9116],[-76.126,36.9163],[-76.1688,36.9284],[-76.2689,36.9614],[-76.31,36.9596],[-76.3304,36.9498],[-76.3284,36.9293],[-76.301,36.9116],[-76.3177,36.8835],[-76.2917,36.8496],[-76.3248,36.8605],[-76.3326,36.8837],[-76.3541,36.8944],[-76.4088,36.902],[-76.435,36.898],[-76.4974,36.8652],[-76.5244,36.8632],[-76.5244,36.8707],[-76.4958,36.8874],[-76.476,36.9079],[-76.491,36.9332],[-76.4947,36.954],[-76.5135,36.9652],[-76.5511,36.9966],[-76.5797,37.004],[-76.5841,37.0137],[-76.5716,37.0277],[-76.6597,37.0433],[-76.6731,37.0671],[-76.6553,37.1051],[-76.6663,37.1473],[-76.67,37.185],[-76.6891,37.1886],[-76.718,37.15],[-76.7628,37.1643],[-76.7877,37.2001],[-76.8019,37.2065],[-76.8937,37.2065],[-76.9136,37.2128],[-76.9507,37.2352],[-76.9732,37.24],[-76.9817,37.2492],[-76.9952,37.2881],[-77.0172,37.2952],[-77.0671,37.2665],[-77.0892,37.2884],[-77.1749,37.2884],[-77.2396,37.3087],[-77.2506,37.3061],[-77.2743,37.3164],[-77.2779,37.3293],[-77.2506,37.3498],[-77.2201,37.3285],[-77.1783,37.3293],[-77.1553,37.3183],[-77.1344,37.3169],[-77.0911,37.3278],[-77.0725,37.3164],[-77.0555,37.2872],[-77.0455,37.2984],[-77.0036,37.3231],[-76.9819,37.3124],[-76.9315,37.2453],[-76.908,37.2475],[-76.8782,37.269],[-76.8735,37.3052],[-76.8602,37.3231],[-76.8556,37.2624],[-76.7918,37.237],[-76.7667,37.2301],[-76.7538,37.2031],[-76.7438,37.1975],[-76.7298,37.2202],[-76.6693,37.2271],[-76.6548,37.2338],[-76.634,37.2207],[-76.6173,37.1992],[-76.6108,37.1726],[-76.62,37.1444],[-76.6112,37.1194],[-76.5632,37.0858],[-76.5461,37.0894],[-76.5239,37.0577],[-76.453,37.0302],[-76.4403,37.0158],[-76.4292,36.9763],[-76.3995,36.9783],[-76.357,37.0048],[-76.3153,37.0079],[-76.2962,37.0136],[-76.2829,37.0282],[-76.2699,37.0693],[-76.2704,37.0976],[-76.2816,37.1042],[-76.3221,37.0959],[-76.3386,37.1017],[-76.3256,37.1141],[-76.2917,37.1301],[-76.2982,37.1446],[-76.3463,37.1755],[-76.3617,37.1666],[-76.3797,37.1854],[-76.3736,37.2202],[-76.3856,37.2325],[-76.403,37.2338],[-76.4323,37.2224],[-76.4681,37.214],[-76.5043,37.2318],[-76.5335,37.2555],[-76.6062,37.2958],[-76.6764,37.3949],[-76.6908,37.4111],[-76.722,37.4272],[-76.7646,37.487],[-76.7941,37.4983],[-76.7954,37.5256],[-76.7811,37.5355],[-76.7298,37.4945],[-76.7001,37.4494],[-76.6809,37.4275],[-76.6425,37.409],[-76.582,37.3305],[-76.5616,37.3231],[-76.5547,37.3079],[-76.5094,37.2696],[-76.496,37.2491],[-76.4574,37.2611],[-76.3785,37.2723],[-76.3719,37.288],[-76.394,37.3231],[-76.435,37.3231],[-76.435,37.3293],[-76.4015,37.3399],[-76.4034,37.3498],[-76.4427,37.372],[-76.4425,37.3908],[-76.4225,37.3975],[-76.4015,37.3908],[-76.4093,37.4078],[-76.4282,37.4182],[-76.4152,37.4427],[-76.3966,37.4296],[-76.3661,37.3846],[-76.3481,37.38],[-76.3216,37.3863],[-76.319,37.3709],[-76.2983,37.3351],[-76.2807,37.3214],[-76.2576,37.3355],[-76.2492,37.3634],[-76.2454,37.3982],[-76.2445,37.4495],[-76.2674,37.4532],[-76.2772,37.4704],[-76.2639,37.4873],[-76.2701,37.5174],[-76.2898,37.5194],[-76.3013,37.4938],[-76.3227,37.5013],[-76.3565,37.5218],[-76.3934,37.5331],[-76.393,37.5422],[-76.3661,37.5491],[-76.3192,37.5529],[-76.2842,37.5696],[-76.3253,37.5806],[-76.3676,37.5842],[-76.4043,37.5942],[-76.4282,37.6242],[-76.443,37.6186],[-76.5222,37.6149],[-76.552,37.6268],[-76.5708,37.6532],[-76.58,37.6982],[-76.6017,37.7197],[-76.6134,37.7395],[-76.6319,37.7504],[-76.6687,37.7555],[-76.6752,37.7887],[-76.7162,37.7881],[-76.7417,37.81],[-76.7669,37.842],[-76.7879,37.8832],[-76.8312,37.9184],[-76.8659,37.942],[-76.8802,37.9697],[-76.9226,37.9808],[-76.9264,37.9967],[-76.9217,38.0528],[-76.9606,38.0896],[-77.0316,38.1039],[-77.0474,38.119],[-77.0555,38.1496],[-77.0759,38.145],[-77.1094,38.149],[-77.1339,38.166],[-77.1259,38.176],[-77.0626,38.166],[-77.0476,38.1598],[-77.0172,38.117],[-76.9626,38.1108],[-76.935,38.0937],[-76.9154,38.0699],[-76.8957,38.0073],[-76.8801,37.991],[-76.8503,37.982],[-76.8323,37.943],[-76.7695,37.9145],[-76.7504,37.8952],[-76.7128,37.8471],[-76.6877,37.8316],[-76.6615,37.8433],[-76.6578,37.819],[-76.6405,37.8091],[-76.6286,37.8184],[-76.6131,37.7961],[-76.5835,37.7773],[-76.5714,37.7513],[-76.5355,37.7155],[-76.5244,37.6993],[-76.5169,37.6689],[-76.505,37.6569],[-76.4896,37.6584],[-76.4787,37.6951],[-76.4689,37.7086],[-76.4464,37.6708],[-76.4301,37.6669],[-76.4047,37.6447],[-76.3494,37.628],[-76.3211,37.624],[-76.3047,37.6379],[-76.3179,37.6372],[-76.3389,37.6689],[-76.3197,37.6855],[-76.3252,37.6993],[-76.3037,37.694],[-76.2842,37.6993],[-76.2855,37.7109],[-76.317,37.7322],[-76.3224,37.7483],[-76.3047,37.7477],[-76.2941,37.7714],[-76.2978,37.7961],[-76.3179,37.8288],[-76.3249,37.8487],[-76.3153,37.8576],[-76.2994,37.8509],[-76.2679,37.8244],[-76.2501,37.8228],[-76.2396,37.8361],[-76.2358,37.8596],[-76.2479,37.9035],[-76.262,37.9143],[-76.2912,37.925],[-76.373,37.9606],[-76.4082,37.9696],[-76.4691,38.001],[-76.4544,38.0062],[-76.4851,38.0218],[-76.5306,38.0251],[-76.5331,38.0427],[-76.5207,38.0528],[-76.5344,38.0752],[-76.6072,38.113],[-76.6014,38.1325],[-76.6146,38.1504],[-76.6473,38.145],[-76.6815,38.1592],[-76.7152,38.1419],[-76.7393,38.1367],[-76.7564,38.161],[-76.797,38.1694],[-76.83,38.1655],[-76.8818,38.177],[-76.9129,38.1992],[-76.9542,38.2102],[-76.9614,38.2183],[-76.9551,38.2472],[-76.9654,38.2672],[-77.0005,38.2773],[-77.0301,38.3077],[-77.052,38.323],[-77.023,38.3201],[-77.0145,38.3305],[-77.0148,38.3723],[-77.0204,38.3846],[-77.0408,38.3959],[-77.0585,38.3942],[-77.0856,38.3684],[-77.1335,38.3671],[-77.1667,38.3479],[-77.249,38.3299],[-77.2921,38.3407],[-77.3385,38.3426],[-77.3431,38.3487],[-77.2908,38.3538],[-77.2974,38.3687],[-77.3502,38.4096],[-77.3587,38.4293],[-77.3518,38.4328],[-77.3142,38.4061],[-77.3266,38.4509],[-77.3054,38.5022],[-77.2873,38.5302],[-77.2848,38.5565],[-77.258,38.5695],[-77.2717,38.5838],[-77.2587,38.5939],[-77.2394,38.6264],[-77.2299,38.6567],[-77.2018,38.665],[-77.1954,38.6557],[-77.2093,38.6311],[-77.1872,38.6208],[-77.1629,38.6315],[-77.1349,38.6363],[-77.138,38.6504],[-77.1693,38.6793],[-77.1583,38.6916],[-77.1424,38.677],[-77.131,38.6772],[-77.1173,38.7062],[-77.0478,38.7157],[-77.0425,38.7289],[-77.0477,38.7764],[-77.0526,38.7837],[-77.0384,38.7963],[-77.0438,38.8394],[-77.0328,38.8453],[-77.035,38.861],[-77.0637,38.8913],[-77.0683,38.9019],[-77.0972,38.9082],[-77.1198,38.9341],[-77.1465,38.9647],[-77.2335,38.9866],[-77.2504,39.0295],[-77.2723,39.0478],[-77.3016,39.0603],[-77.3335,39.0675],[-77.4216,39.0742],[-77.4451,39.0846],[-77.4958,39.1239],[-77.5148,39.1526],[-77.5074,39.1695],[-77.4744,39.1924],[-77.4595,39.2077],[-77.4559,39.2282],[-77.4667,39.2438],[-77.5092,39.2556],[-77.5282,39.2657],[-77.5584,39.299],[-77.6036,39.3076],[-77.6644,39.3238],[-77.7153,39.3239],[-77.7347,39.3311],[-77.8357,39.1442],[-78.137,39.3343],[-78.3222,39.4508],[-78.336,39.445],[-78.3577,39.4096],[-78.3508,39.3593],[-78.3589,39.3313],[-78.4039,39.2778],[-78.4108,39.264],[-78.4081,39.2404],[-78.4194,39.201],[-78.4139,39.1664],[-78.4528,39.1257],[-78.4927,39.1011],[-78.5323,39.064],[-78.5488,39.0428],[-78.5502,39.0238],[-78.5812,38.9896],[-78.6369,38.9686],[-78.6605,38.9343],[-78.6741,38.9256],[-78.7113,38.9156],[-78.7294,38.9303],[-78.7432,38.9301],[-78.8622,38.7932],[-78.8807,38.7868],[-78.9882,38.8456],[-78.9987,38.8423],[-79.0411,38.7975],[-79.0615,38.7622],[-79.0859,38.7286],[-79.0964,38.6722],[-79.1101,38.659],[-79.1459,38.6373],[-79.162,38.6125],[-79.1714,38.5795],[-79.1902,38.5341],[-79.2025,38.5151],[-79.2801,38.4303],[-79.2974,38.4248],[-79.5043,38.4787],[-79.5048,38.5051],[-79.5437,38.5607],[-79.5524,38.5676],[-79.636,38.5921],[-79.6541,38.5803],[-79.6627,38.5347],[-79.6878,38.5008],[-79.6926,38.4421],[-79.7212,38.4046],[-79.7311,38.3749],[-79.7694,38.3551],[-79.7994,38.3055],[-79.792,38.2802],[-79.816,38.2535],[-79.8481,38.2349],[-79.87,38.2131],[-79.9166,38.1791],[-79.921,38.1448],[-79.9434,38.0886],[-79.9999,38.0016],[-80.2069,37.8148],[-80.2201,37.7815],[-80.2849,37.6851],[-80.2857,37.6669],[-80.2622,37.6513],[-80.2333,37.6397],[-80.225,37.6216],[-80.2307,37.6107],[-80.2773,37.5871],[-80.3016,37.5705],[-80.3077,37.5478],[-80.2859,37.5301],[-80.2943,37.5092],[-80.4161,37.4543],[-80.4525,37.4295],[-80.4684,37.4288],[-80.4809,37.4427],[-80.4869,37.4678],[-80.5278,37.4683],[-80.551,37.4621],[-80.6414,37.4282],[-80.7312,37.3848],[-80.7475,37.3821],[-80.7578,37.3934],[-80.7844,37.4008],[-80.7994,37.4204],[-80.8459,37.4248],[-80.8673,37.4166],[-80.8809,37.3966],[-80.8792,37.3805],[-80.8644,37.359],[-80.8649,37.3464],[-80.8824,37.3258],[-80.9483,37.2948],[-80.9747,37.3041],[-80.9922,37.3044],[-81.0284,37.2909],[-81.1321,37.2803],[-81.213,37.2466],[-81.2241,37.2443],[-81.2498,37.2696],[-81.3022,37.2962],[-81.3426,37.3339],[-81.3635,37.3346],[-81.3796,37.3221],[-81.3967,37.2908],[-81.4241,37.2713],[-81.4639,37.2679],[-81.4938,37.2575],[-81.5456,37.2128],[-81.5839,37.2048],[-81.6446,37.2094],[-81.7172,37.2413],[-81.757,37.2782],[-81.7716,37.283],[-81.8238,37.2864],[-81.8505,37.3071],[-81.8595,37.3259],[-81.8754,37.3403],[-81.9232,37.3672],[-81.9327,37.3797],[-81.9308,37.4309],[-81.942,37.4464],[-81.9776,37.4648],[-81.984,37.4768],[-81.954,37.5002],[-81.951,37.5231],[-81.9652,37.5387],[-82.107,37.4431],[-82.3514,37.2785],[-82.3757,37.2653],[-82.6326,37.1639],[-82.6815,37.1371],[-82.7081,37.1131],[-82.7038,37.0686],[-82.7125,37.0472],[-82.7269,37.038],[-82.8154,37.0032],[-82.8395,36.9882],[-82.8546,36.972],[-82.8536,36.9394],[-82.8588,36.9143],[-82.8843,36.8943],[-83.0073,36.8564],[-83.0498,36.8562],[-83.0824,36.8346],[-83.1007,36.8023],[-83.1196,36.7833],[-83.1231,36.757],[-83.1372,36.75],[-83.2396,36.7371],[-83.3423,36.7093],[-83.4132,36.6763],[-83.509,36.6685],[-83.6233,36.6346],[-83.6675,36.604],[-83.3549,36.6027],[-83.1466,36.6019],[-82.8341,36.6006],[-82.4175,36.5989],[-82.2091,36.5981],[-81.9525,36.597],[-81.9229,36.6151],[-81.9053,36.6175],[-81.6589,36.6096],[-81.6416,36.594],[-81.6193,36.5939],[-81.2273,36.5696],[-80.8834,36.5649],[-80.6771,36.5622],[-80.4568,36.5538],[-80.0896,36.5398],[-79.8518,36.5404],[-79.4952,36.5413],[-79.2574,36.5419],[-78.9836,36.5423],[-78.6737,36.5423],[-78.3637,36.5423],[-78.0537,36.5423],[-77.8987,36.5423],[-77.5291,36.5451],[-77.2826,36.5469],[-77.0362,36.5488],[-76.7133,36.5509],[-76.3808,36.5528],[-76.0317,36.5503],[-76.0439,36.5758],[-76.0446,36.5895],[-76.0133,36.5502]]],[[[-75.943,36.5496],[-75.909,36.5494],[-75.9143,36.5759],[-75.949,36.5616],[-75.943,36.5496]]],[[[-75.3774,38.0152],[-75.4603,38.0089],[-75.6236,37.9943],[-75.6479,37.9657],[-75.6331,37.96],[-75.6459,37.9495],[-75.6946,37.9395],[-75.743,37.9122],[-75.743,37.906],[-75.7175,37.9094],[-75.6893,37.904],[-75.671,37.8926],[-75.6743,37.8614],[-75.661,37.8433],[-75.702,37.8433],[-75.7081,37.8332],[-75.7037,37.8107],[-75.6946,37.8023],[-75.7535,37.7961],[-75.7869,37.8094],[-75.7982,37.7961],[-75.7779,37.7801],[-75.7775,37.7664],[-75.8119,37.7409],[-75.8119,37.7335],[-75.7887,37.7275],[-75.8238,37.6965],[-75.8187,37.6726],[-75.8608,37.669],[-75.8863,37.6447],[-75.8714,37.6295],[-75.9217,37.6105],[-75.911,37.5949],[-75.9347,37.5764],[-75.8938,37.5627],[-75.9378,37.5373],[-75.9518,37.5159],[-75.9553,37.487],[-75.9342,37.4951],[-75.9262,37.4784],[-75.954,37.467],[-75.9656,37.4529],[-75.9757,37.4182],[-75.9553,37.4256],[-75.9621,37.4033],[-75.99,37.3846],[-75.9848,37.3719],[-75.9908,37.353],[-76.0106,37.3164],[-75.9825,37.3164],[-76.0001,37.3035],[-76.015,37.2816],[-76.017,37.2578],[-75.9962,37.24],[-76.0008,37.1944],[-75.9761,37.1615],[-75.9664,37.1348],[-75.9491,37.125],[-75.9359,37.135],[-75.9342,37.1733],[-75.9235,37.2444],[-75.9005,37.3255],[-75.8873,37.357],[-75.855,37.3974],[-75.8284,37.3907],[-75.7959,37.4057],[-75.8217,37.419],[-75.8103,37.4431],[-75.8187,37.4542],[-75.7715,37.4903],[-75.7335,37.5361],[-75.706,37.5802],[-75.6271,37.6738],[-75.5981,37.7],[-75.5605,37.7439],[-75.5313,37.7879],[-75.4923,37.8311],[-75.4466,37.8674],[-75.4249,37.8751],[-75.4171,37.8861],[-75.4479,37.8936],[-75.4197,37.9199],[-75.4354,37.9337],[-75.4192,37.9433],[-75.4343,37.9618],[-75.4215,37.9879],[-75.391,38.0027],[-75.3774,38.0152]]],[[[-75.6561,37.4615],[-75.6703,37.4628],[-75.6843,37.4367],[-75.7246,37.3739],[-75.7192,37.3683],[-75.685,37.4149],[-75.6604,37.4432],[-75.6561,37.4615]]],[[[-75.622,37.5711],[-75.6342,37.5584],[-75.6439,37.5348],[-75.6744,37.4858],[-75.6596,37.483],[-75.6425,37.5114],[-75.6022,37.5624],[-75.5998,37.5751],[-75.622,37.5711]]],[[[-76.0186,37.9545],[-76.0331,37.9547],[-76.0264,37.9135],[-76.0186,37.9545]]],[[[-75.2433,38.0247],[-75.263,38.0226],[-75.3048,37.9736],[-75.3183,37.9404],[-75.3391,37.9162],[-75.368,37.9091],[-75.3745,37.8978],[-75.35,37.8893],[-75.369,37.8695],[-75.3888,37.8784],[-75.4001,37.8741],[-75.3785,37.8558],[-75.3523,37.8676],[-75.326,37.8923],[-75.3136,37.9191],[-75.2433,38.0247]]],[[[-75.9038,37.1292],[-75.9286,37.1122],[-75.8865,37.1231],[-75.8496,37.1636],[-75.8162,37.1861],[-75.8117,37.2091],[-75.8232,37.1963],[-75.8576,37.1941],[-75.8771,37.2056],[-75.8832,37.2186],[-75.8767,37.2407],[-75.8541,37.2609],[-75.8587,37.2825],[-75.874,37.2904],[-75.8895,37.2804],[-75.8956,37.253],[-75.9054,37.2344],[-75.9062,37.1946],[-75.8943,37.1612],[-75.8928,37.1407],[-75.9038,37.1292]]]]},"properties":{"name":"Virginia","name_en":"Virginia","name_ja":"バージニア州","name_zh":"弗吉尼亚州","name_ko":"버지니아","adm0_a3":"USA","postal":"VA","iso_3166_2":"US-VA","type_en":"State","region":"South","geonunit":"United States of America"}},
{"type":"Feature","geometry":{"type":"Polygon","coordinates":[[[-77.0229,38.8028],[-76.9093,38.893],[-77.0419,38.9961],[-77.1198,38.9341],[-77.0972,38.9082],[-77.0683,38.9019],[-77.0259,38.8726],[-77.0159,38.8543],[-77.0274,38.8199],[-77.0229,38.8028]]]},"properties":{"name":"District of Columbia","name_en":"Washington","name_ja":"ワシントンD.C.","name_zh":"华盛顿哥伦比亚特区","name_ko":"워싱턴 D.C.","adm0_a3":"USA","postal":"DC","iso_3166_2":"US-DC","type_en":"Federal District","region":"South","geonunit":"United States of America"}},
{"type":"Feature","geometry":{"type":"MultiPolygon","coordinates":[[[[-75.6479,37.9657],[-75.6236,37.9943],[-75.4603,38.0089],[-75.3774,38.0152],[-75.3512,38.0821],[-75.356,38.0903],[-75.3339,38.1116],[-75.3159,38.1169],[-75.2904,38.1108],[-75.2717,38.1523],[-75.2572,38.1682],[-75.2427,38.227],[-75.22,38.2476],[-75.1874,38.2617],[-75.2007,38.2403],[-75.1975,38.2326],[-75.1639,38.2337],[-75.1543,38.2409],[-75.1297,38.2855],[-75.1044,38.3162],[-75.0924,38.351],[-75.1007,38.3621],[-75.1396,38.3641],[-75.126,38.3715],[-75.1398,38.3995],[-75.1795,38.4084],[-75.1654,38.4169],[-75.1478,38.4137],[-75.104,38.3952],[-75.098,38.4079],[-75.1182,38.4375],[-75.0899,38.4322],[-75.0839,38.4536],[-75.163,38.4533],[-75.4747,38.4537],[-75.6303,38.4573],[-75.6937,38.4604],[-75.7122,38.6979],[-75.7298,38.914],[-75.7347,38.9894],[-75.7596,39.2816],[-75.764,39.3549],[-75.7772,39.5001],[-75.7815,39.574],[-75.7885,39.6474],[-75.7886,39.7213],[-76.1309,39.7213],[-76.3617,39.7213],[-76.7079,39.7214],[-76.9386,39.7214],[-77.1695,39.7215],[-77.4003,39.7215],[-77.6311,39.7215],[-77.8618,39.7216],[-78.2081,39.7216],[-78.4388,39.7216],[-78.785,39.7217],[-79.1313,39.7217],[-79.4774,39.7218],[-79.4879,39.2099],[-79.4593,39.2171],[-79.3475,39.2953],[-79.2982,39.3028],[-79.2864,39.3095],[-79.2746,39.3307],[-79.2545,39.35],[-79.2261,39.3668],[-79.1795,39.3863],[-79.1271,39.4303],[-79.1027,39.4673],[-79.0647,39.4823],[-79.0479,39.4826],[-79.0146,39.47],[-78.9851,39.4511],[-78.969,39.4503],[-78.8776,39.5217],[-78.8444,39.5574],[-78.808,39.5684],[-78.8137,39.5864],[-78.7786,39.6368],[-78.77,39.6371],[-78.7388,39.6083],[-78.752,39.6031],[-78.7576,39.5878],[-78.7452,39.5754],[-78.7088,39.5615],[-78.6832,39.5462],[-78.6588,39.5399],[-78.5773,39.5291],[-78.5407,39.5414],[-78.469,39.5336],[-78.4378,39.5516],[-78.438,39.5669],[-78.458,39.5722],[-78.4547,39.5863],[-78.4062,39.5941],[-78.4338,39.6242],[-78.4237,39.6293],[-78.3862,39.6282],[-78.3403,39.6418],[-78.28,39.6354],[-78.2135,39.6933],[-78.1844,39.7043],[-78.133,39.7013],[-78.0869,39.6783],[-78.0108,39.6179],[-77.9691,39.6016],[-77.9477,39.6008],[-77.9214,39.6107],[-77.8935,39.6046],[-77.8826,39.6156],[-77.8469,39.6117],[-77.8323,39.5965],[-77.8374,39.5811],[-77.8557,39.569],[-77.8804,39.5639],[-77.8599,39.5155],[-77.8461,39.536],[-77.8295,39.5397],[-77.823,39.5284],[-77.8332,39.5087],[-77.8206,39.4969],[-77.7706,39.5019],[-77.7909,39.4842],[-77.7848,39.4609],[-77.8062,39.4481],[-77.7935,39.4384],[-77.7476,39.4231],[-77.7389,39.4061],[-77.7515,39.369],[-77.7513,39.351],[-77.7347,39.3311],[-77.7153,39.3239],[-77.6644,39.3238],[-77.6036,39.3076],[-77.5584,39.299],[-77.5282,39.2657],[-77.5092,39.2556],[-77.4667,39.2438],[-77.4559,39.2282],[-77.4595,39.2077],[-77.4744,39.1924],[-77.5074,39.1695],[-77.5148,39.1526],[-77.4958,39.1239],[-77.4451,39.0846],[-77.4216,39.0742],[-77.3335,39.0675],[-77.3016,39.0603],[-77.2723,39.0478],[-77.2504,39.0295],[-77.2335,38.9866],[-77.1465,38.9647],[-77.1198,38.9341],[-77.0419,38.9961],[-76.9093,38.893],[-77.0229,38.8028],[-77.018,38.7906],[-77.0262,38.7764],[-77.0243,38.7547],[-77.0112,38.7438],[-77.0247,38.7408],[-77.0347,38.7083],[-77.0125,38.6974],[-77.0456,38.7007],[-77.0808,38.694],[-77.0963,38.6828],[-77.121,38.6238],[-77.1363,38.6155],[-77.1583,38.6165],[-77.1844,38.605],[-77.2059,38.5661],[-77.1681,38.577],[-77.1864,38.5568],[-77.2275,38.5569],[-77.267,38.4941],[-77.2664,38.4728],[-77.2579,38.4511],[-77.2623,38.4249],[-77.2553,38.3935],[-77.2319,38.3741],[-77.2037,38.3643],[-77.1453,38.3887],[-77.1339,38.3989],[-77.1134,38.4329],[-77.1339,38.4534],[-77.1072,38.4677],[-77.1052,38.4113],[-77.0946,38.4087],[-77.0601,38.4285],[-77.0389,38.4543],[-77.0316,38.4814],[-77.0216,38.4614],[-76.9867,38.3707],[-76.9734,38.3443],[-76.9236,38.3149],[-76.9222,38.2916],[-76.8658,38.2719],[-76.8392,38.2572],[-76.8391,38.3026],[-76.8559,38.3552],[-76.8807,38.3989],[-76.849,38.3825],[-76.8276,38.3629],[-76.8156,38.3363],[-76.8118,38.2992],[-76.801,38.2763],[-76.8042,38.2536],[-76.7547,38.2276],[-76.6974,38.238],[-76.6438,38.225],[-76.6167,38.2233],[-76.563,38.1986],[-76.5478,38.1837],[-76.5306,38.1387],[-76.5172,38.1318],[-76.5039,38.166],[-76.4689,38.1391],[-76.4487,38.176],[-76.4561,38.207],[-76.4336,38.1903],[-76.4267,38.159],[-76.4341,38.1321],[-76.4153,38.1083],[-76.3959,38.103],[-76.3513,38.0574],[-76.3239,38.0438],[-76.328,38.0761],[-76.3403,38.1207],[-76.3205,38.1388],[-76.3341,38.1634],[-76.3873,38.227],[-76.3965,38.2671],[-76.3734,38.2989],[-76.4064,38.3083],[-76.4323,38.294],[-76.4506,38.2931],[-76.4938,38.3298],[-76.5107,38.3678],[-76.5858,38.3989],[-76.6571,38.4505],[-76.6736,38.4861],[-76.6747,38.5584],[-76.6788,38.5804],[-76.6842,38.6533],[-76.6815,38.6794],[-76.6718,38.6544],[-76.6477,38.5057],[-76.6365,38.4742],[-76.6025,38.4443],[-76.5616,38.4242],[-76.5428,38.4096],[-76.5113,38.404],[-76.4835,38.392],[-76.4691,38.3641],[-76.4713,38.3355],[-76.4536,38.3241],[-76.4194,38.3217],[-76.3928,38.3536],[-76.3819,38.3846],[-76.3961,38.3913],[-76.4355,38.4382],[-76.4955,38.496],[-76.512,38.5277],[-76.5091,38.6281],[-76.5295,38.6758],[-76.5215,38.7249],[-76.5389,38.7377],[-76.5503,38.7551],[-76.5517,38.7756],[-76.5307,38.7833],[-76.5038,38.8076],[-76.4929,38.8444],[-76.5317,38.8392],[-76.539,38.8566],[-76.5237,38.8703],[-76.5375,38.8917],[-76.5074,38.8793],[-76.4962,38.8801],[-76.4931,38.899],[-76.5124,38.9129],[-76.5349,38.9376],[-76.5686,38.9525],[-76.5575,38.9587],[-76.5253,38.9511],[-76.5014,38.9271],[-76.4596,38.9121],[-76.4652,38.9329],[-76.4524,38.9439],[-76.4699,38.9537],[-76.4862,38.9865],[-76.5433,39.0316],[-76.5712,39.0386],[-76.5692,39.0664],[-76.5517,39.0772],[-76.5246,39.0454],[-76.5119,39.022],[-76.4727,38.9951],[-76.4556,38.9887],[-76.446,39.0052],[-76.3985,39.0144],[-76.3942,39.0246],[-76.4099,39.0378],[-76.4763,39.064],[-76.5165,39.0756],[-76.5193,39.0857],[-76.4974,39.0786],[-76.4433,39.0887],[-76.433,39.0672],[-76.4195,39.0896],[-76.4302,39.1063],[-76.4333,39.1312],[-76.4693,39.155],[-76.48,39.167],[-76.4938,39.1615],[-76.5176,39.1767],[-76.5365,39.2114],[-76.5636,39.2158],[-76.5703,39.2447],[-76.6026,39.2483],[-76.6232,39.2597],[-76.5911,39.2635],[-76.5708,39.2736],[-76.5646,39.265],[-76.532,39.2458],[-76.4925,39.2275],[-76.4973,39.2086],[-76.4695,39.2075],[-76.4553,39.2202],[-76.4452,39.2179],[-76.4492,39.195],[-76.4028,39.2278],[-76.3969,39.238],[-76.4215,39.2383],[-76.4477,39.2567],[-76.4835,39.3106],[-76.4425,39.2969],[-76.4169,39.264],[-76.4015,39.256],[-76.3905,39.2716],[-76.4235,39.3057],[-76.4245,39.3237],[-76.3691,39.3132],[-76.3736,39.3305],[-76.3417,39.3405],[-76.3367,39.3692],[-76.3856,39.3823],[-76.4015,39.3925],[-76.3252,39.4077],[-76.3115,39.4028],[-76.2917,39.3571],[-76.2842,39.3106],[-76.2452,39.3496],[-76.2668,39.3789],[-76.2532,39.454],[-76.2325,39.4745],[-76.2158,39.4676],[-76.2296,39.3975],[-76.2259,39.3778],[-76.2097,39.3647],[-76.1837,39.383],[-76.1224,39.411],[-76.0741,39.4488],[-76.0651,39.4708],[-76.1097,39.485],[-76.1204,39.4949],[-76.0924,39.5502],[-76.083,39.5578],[-76.0382,39.5566],[-76.0083,39.5487],[-75.9792,39.5673],[-75.951,39.601],[-75.9347,39.6042],[-75.9468,39.5654],[-75.9655,39.5329],[-75.9906,39.5045],[-75.9997,39.4855],[-76.0007,39.4528],[-75.9661,39.4817],[-75.9049,39.5215],[-75.8891,39.5455],[-75.856,39.5774],[-75.8317,39.5844],[-75.8513,39.5384],[-75.8691,39.5195],[-75.8938,39.5086],[-75.884,39.4923],[-75.8392,39.467],[-75.8392,39.4608],[-75.8661,39.4643],[-75.9125,39.4764],[-75.9347,39.4745],[-75.9739,39.4508],[-76.0139,39.4162],[-76.0343,39.3929],[-76.0066,39.3805],[-75.9047,39.3743],[-75.864,39.3796],[-75.8392,39.3715],[-75.8601,39.3618],[-75.9315,39.365],[-76.0279,39.3624],[-76.0596,39.3696],[-76.1054,39.372],[-76.12,39.3602],[-76.1334,39.3305],[-76.175,39.3162],[-76.1806,39.2881],[-76.2128,39.262],[-76.2341,39.2304],[-76.2559,39.1885],[-76.2726,39.168],[-76.2727,39.1516],[-76.2426,39.1268],[-76.2311,39.0583],[-76.2426,39.0333],[-76.2172,39.0131],[-76.2042,39.0145],[-76.2125,39.0518],[-76.2039,39.0802],[-76.1851,39.0942],[-76.1751,39.1241],[-76.1409,39.1387],[-76.1544,39.1244],[-76.1305,39.1178],[-76.0651,39.1461],[-76.0772,39.1284],[-76.1217,39.0925],[-76.1409,39.0698],[-76.1334,39.0629],[-76.1681,39.0567],[-76.1609,39.0397],[-76.147,39.0295],[-76.151,39.0091],[-76.1976,38.9793],[-76.2162,38.9743],[-76.2851,38.9894],[-76.295,39.0277],[-76.3153,39.0294],[-76.3221,39.0064],[-76.3563,38.9486],[-76.3747,38.8416],[-76.3284,38.8652],[-76.332,38.8955],[-76.3288,38.9165],[-76.3113,38.9246],[-76.2637,38.9326],[-76.2472,38.9512],[-76.2299,38.9523],[-76.208,38.944],[-76.1928,38.9283],[-76.1979,38.8785],[-76.1718,38.8969],[-76.1613,38.9264],[-76.1483,38.925],[-76.1544,38.8953],[-76.1061,38.878],[-76.1271,38.866],[-76.157,38.8601],[-76.1882,38.8467],[-76.1944,38.8139],[-76.177,38.7856],[-76.1468,38.7904],[-76.1263,38.8007],[-76.1129,38.8166],[-76.109,38.8007],[-76.1315,38.7729],[-76.1731,38.7566],[-76.2121,38.7882],[-76.2124,38.8076],[-76.2393,38.8221],[-76.2596,38.8392],[-76.2603,38.858],[-76.2773,38.8409],[-76.3047,38.8227],[-76.3312,38.7459],[-76.3403,38.7284],[-76.3463,38.6899],[-76.3413,38.6732],[-76.3258,38.6775],[-76.3265,38.7182],[-76.3106,38.7353],[-76.3098,38.7612],[-76.288,38.7755],[-76.2973,38.7509],[-76.2919,38.7213],[-76.2737,38.7145],[-76.2544,38.7492],[-76.2338,38.7574],[-76.2018,38.7323],[-76.2278,38.7357],[-76.2365,38.7152],[-76.1986,38.6751],[-76.1681,38.7277],[-76.1645,38.7082],[-76.175,38.6937],[-76.1661,38.6815],[-76.1061,38.6862],[-76.1061,38.6794],[-76.1454,38.665],[-76.1544,38.6527],[-76.135,38.6459],[-76.0924,38.6589],[-76.105,38.6249],[-76.0242,38.5928],[-75.9999,38.6026],[-75.9683,38.6589],[-75.9553,38.6527],[-75.9653,38.6374],[-75.9702,38.6066],[-75.9825,38.59],[-76.0117,38.5657],[-76.0536,38.568],[-76.0924,38.5936],[-76.115,38.588],[-76.1426,38.6075],[-76.1613,38.6042],[-76.1818,38.6179],[-76.1613,38.631],[-76.2013,38.6207],[-76.2325,38.6181],[-76.2774,38.6247],[-76.2563,38.5974],[-76.2785,38.5769],[-76.286,38.5628],[-76.2737,38.5565],[-76.2427,38.5567],[-76.2193,38.5664],[-76.2105,38.5827],[-76.1845,38.5826],[-76.172,38.5662],[-76.1872,38.5533],[-76.1818,38.5428],[-76.2423,38.5212],[-76.2543,38.4798],[-76.2731,38.4675],[-76.2774,38.491],[-76.3047,38.5026],[-76.3198,38.495],[-76.319,38.4739],[-76.2955,38.4555],[-76.2823,38.4218],[-76.2211,38.3439],[-76.2159,38.3169],[-76.2065,38.3386],[-76.2209,38.3836],[-76.2097,38.392],[-76.1929,38.3828],[-76.1334,38.3231],[-76.1175,38.2983],[-76.0912,38.2924],[-76.0812,38.2841],[-76.0488,38.2393],[-76.0379,38.2325],[-76.0173,38.2678],[-76.0193,38.2944],[-76.0372,38.3095],[-76.0189,38.3348],[-75.9905,38.362],[-75.9648,38.3735],[-75.9553,38.351],[-75.9624,38.3358],[-75.9901,38.326],[-75.9923,38.3039],[-75.9683,38.2821],[-75.9683,38.2541],[-75.9557,38.2578],[-75.9313,38.3169],[-75.8734,38.3715],[-75.8631,38.4018],[-75.8433,38.4044],[-75.8491,38.374],[-75.8912,38.3151],[-75.9024,38.2938],[-75.9066,38.271],[-75.8972,38.2511],[-75.8787,38.2429],[-75.8346,38.2402],[-75.8187,38.2337],[-75.856,38.2197],[-75.8963,38.2107],[-75.9285,38.1935],[-75.9416,38.1555],[-75.9405,38.1354],[-75.9228,38.1279],[-75.9143,38.1518],[-75.8935,38.1561],[-75.8481,38.1522],[-75.8249,38.1592],[-75.7797,38.1552],[-75.7844,38.1395],[-75.8249,38.1313],[-75.8239,38.1155],[-75.8529,38.0978],[-75.8454,38.0835],[-75.8333,38.0892],[-75.7945,38.0903],[-75.7795,38.0954],[-75.7577,38.1133],[-75.743,38.1108],[-75.7566,38.0926],[-75.8183,38.0427],[-75.8464,38.0396],[-75.8572,38.0211],[-75.8863,37.9879],[-75.8734,37.9805],[-75.8454,37.9941],[-75.8675,37.9672],[-75.875,37.9511],[-75.858,37.9311],[-75.8381,37.9412],[-75.7863,37.9759],[-75.7632,37.9782],[-75.6726,37.972],[-75.6479,37.9657]]],[[[-75.044,38.4538],[-75.0577,38.4534],[-75.0592,38.4228],[-75.0758,38.3663],[-75.0788,38.3367],[-75.0511,38.3878],[-75.0447,38.425],[-75.044,38.4538]]],[[[-76.007,37.9543],[-75.9938,37.9541],[-75.9813,37.9928],[-75.9872,38.0188],[-76.0174,38.0387],[-76.0403,38.0292],[-76.0395,38.0211],[-76.003,38.001],[-76.0136,37.9916],[-76.0306,37.9998],[-76.0514,37.9941],[-76.0441,37.9544],[-76.0331,37.9547],[-76.0186,37.9545],[-76.007,37.9543]]],[[[-76.0332,38.1486],[-76.0238,38.1785],[-76.0486,38.2004],[-76.079,38.1828],[-76.0836,38.1607],[-76.0628,38.1589],[-76.0332,38.1486]]],[[[-75.263,38.0226],[-75.2433,38.0247],[-75.2289,38.0475],[-75.1897,38.0898],[-75.1712,38.1483],[-75.1387,38.2188],[-75.1027,38.2731],[-75.0924,38.3026],[-75.1144,38.2802],[-75.1533,38.207],[-75.1793,38.1682],[-75.1903,38.1427],[-75.1998,38.1038],[-75.2296,38.0699],[-75.263,38.0226]]]]},"properties":{"name":"Maryland","name_en":"Maryland","name_ja":"メリーランド州","name_zh":"马里兰州","name_ko":"메릴랜드","adm0_a3":"USA","postal":"MD","iso_3166_2":"US-MD","type_en":"State","region":"South","geonunit":"United States of America"}},
{"type":"Feature","geometry":{"type":"Polygon","coordinates":[[[-75.0839,38.4536],[-75.085,38.4609],[-75.0577,38.4534],[-75.044,38.4538],[-75.0577,38.5527],[-75.0601,38.6125],[-75.0696,38.5935],[-75.0956,38.5664],[-75.1033,38.5659],[-75.126,38.59],[-75.1522,38.5884],[-75.1918,38.567],[-75.2079,38.5695],[-75.1874,38.59],[-75.2079,38.59],[-75.1901,38.6067],[-75.1214,38.6213],[-75.0987,38.6384],[-75.1304,38.6431],[-75.1533,38.6589],[-75.1198,38.6589],[-75.1392,38.6881],[-75.1209,38.6838],[-75.0864,38.6933],[-75.0776,38.6865],[-75.0718,38.6383],[-75.0648,38.6326],[-75.0661,38.678],[-75.0843,38.796],[-75.0925,38.8076],[-75.0999,38.788],[-75.1304,38.7828],[-75.1663,38.7944],[-75.1955,38.8155],[-75.2444,38.8598],[-75.3103,38.9278],[-75.3148,38.9841],[-75.3426,39.0202],[-75.3938,39.0556],[-75.4014,39.0783],[-75.3974,39.1026],[-75.4046,39.1306],[-75.4048,39.1722],[-75.3942,39.2246],[-75.398,39.2493],[-75.4077,39.2703],[-75.4285,39.2913],[-75.4344,39.3149],[-75.4592,39.3283],[-75.4908,39.3535],[-75.5279,39.4034],[-75.5689,39.4404],[-75.5879,39.4628],[-75.5751,39.5052],[-75.5546,39.5412],[-75.5655,39.5769],[-75.6027,39.6079],[-75.6052,39.6167],[-75.5868,39.656],[-75.5511,39.6662],[-75.5007,39.7143],[-75.4877,39.7317],[-75.4767,39.7721],[-75.463,39.7846],[-75.4245,39.8066],[-75.4949,39.8332],[-75.5293,39.8378],[-75.6013,39.8378],[-75.6521,39.8253],[-75.6779,39.8152],[-75.7311,39.7823],[-75.7585,39.7518],[-75.7753,39.7226],[-75.7886,39.7213],[-75.7885,39.6474],[-75.7815,39.574],[-75.7772,39.5001],[-75.764,39.3549],[-75.7596,39.2816],[-75.7347,38.9894],[-75.7298,38.914],[-75.7122,38.6979],[-75.6937,38.4604],[-75.6303,38.4573],[-75.4747,38.4537],[-75.163,38.4533],[-75.0839,38.4536]]]},"properties":{"name":"Delaware","name_en":"Delaware","name_ja":"デラウェア州","name_zh":"特拉华州","name_ko":"델라웨어","adm0_a3":"USA","postal":"DE","iso_3166_2":"US-DE","type_en":"State","region":"South","geonunit":"United States of America"}},
{"type":"Feature","geometry":{"type":"MultiPolygon","coordinates":[[[[-75.0236,40.0163],[-75.0394,40.0026],[-75.0788,39.9536],[-75.085,39.9611],[-75.0987,39.9475],[-75.116,39.9526],[-75.1137,39.9221],[-75.0987,39.9064],[-75.1442,39.8749],[-75.1929,39.8675],[-75.2291,39.8546],[-75.3109,39.8432],[-75.3673,39.8238],[-75.4061,39.8029],[-75.4402,39.777],[-75.4618,39.7482],[-75.4652,39.7147],[-75.4767,39.7114],[-75.5011,39.6883],[-75.5102,39.6527],[-75.5574,39.6212],[-75.5475,39.6011],[-75.5137,39.5738],[-75.5104,39.5596],[-75.5238,39.4949],[-75.5413,39.5089],[-75.5316,39.478],[-75.5082,39.4573],[-75.4777,39.4409],[-75.3594,39.3379],[-75.3314,39.3441],[-75.3036,39.3033],[-75.2874,39.2969],[-75.2495,39.2969],[-75.2342,39.2734],[-75.2117,39.2644],[-75.167,39.2343],[-75.1688,39.216],[-75.1465,39.1871],[-75.1289,39.1877],[-75.0924,39.2076],[-75.0403,39.2145],[-75.0267,39.2107],[-75.0222,39.1893],[-74.9789,39.1933],[-74.9386,39.1925],[-74.9063,39.1796],[-74.8873,39.1468],[-74.8944,39.1076],[-74.9443,39.0247],[-74.9526,39.0075],[-74.9676,38.9358],[-74.9547,38.9264],[-74.9331,38.9263],[-74.8751,38.9445],[-74.8361,38.9634],[-74.8033,38.9876],[-74.7834,39.0151],[-74.7881,39.039],[-74.7457,39.0545],[-74.7372,39.0703],[-74.7083,39.0977],[-74.7102,39.1088],[-74.7424,39.1182],[-74.7228,39.1318],[-74.7015,39.1244],[-74.6544,39.2014],[-74.6431,39.2138],[-74.6208,39.2232],[-74.579,39.2678],[-74.5506,39.2827],[-74.5506,39.2895],[-74.6052,39.2752],[-74.6426,39.289],[-74.6605,39.2895],[-74.6421,39.3067],[-74.6145,39.3124],[-74.5506,39.3106],[-74.5552,39.3293],[-74.5423,39.3473],[-74.5096,39.3789],[-74.4818,39.3647],[-74.5211,39.3304],[-74.5301,39.3106],[-74.5028,39.3182],[-74.4444,39.3471],[-74.4134,39.3571],[-74.4344,39.395],[-74.4503,39.4064],[-74.4687,39.3994],[-74.4621,39.4264],[-74.4481,39.4472],[-74.433,39.4562],[-74.3964,39.4472],[-74.3801,39.4875],[-74.4013,39.5024],[-74.4065,39.5201],[-74.4072,39.557],[-74.3868,39.5444],[-74.3588,39.5502],[-74.3213,39.5297],[-74.3109,39.5067],[-74.2974,39.5086],[-74.2902,39.5231],[-74.3035,39.5417],[-74.3297,39.5622],[-74.3285,39.5762],[-74.2909,39.6052],[-74.2564,39.6116],[-74.2436,39.6435],[-74.2109,39.651],[-74.1988,39.6761],[-74.1676,39.6994],[-74.1633,39.7352],[-74.1902,39.7442],[-74.1865,39.7721],[-74.1659,39.8066],[-74.1273,39.8485],[-74.1368,39.891],[-74.11,39.9217],[-74.1136,39.9311],[-74.1329,39.9338],[-74.1124,39.9497],[-74.1023,39.9709],[-74.1058,39.9855],[-74.1261,39.9816],[-74.1221,39.9973],[-74.1037,40.014],[-74.083,40.0112],[-74.0635,40.0308],[-74.0805,40.0513],[-74.0607,40.0622],[-74.0503,40.055],[-74.0575,40.0121],[-74.0722,39.973],[-74.0807,39.9229],[-74.1004,39.7832],[-74.093,39.7763],[-74.0723,39.8754],[-74.0588,39.9545],[-74.0466,39.9973],[-74.0256,40.111],[-74.0108,40.1676],[-73.9921,40.2269],[-73.9799,40.2802],[-73.9724,40.3277],[-73.9709,40.3947],[-73.9792,40.4493],[-73.9896,40.4682],[-74.0182,40.4805],[-73.9982,40.4411],[-73.988,40.4078],[-73.993,40.4024],[-74.0323,40.4216],[-74.1199,40.4453],[-74.1459,40.4477],[-74.1971,40.4409],[-74.2219,40.4519],[-74.2563,40.46],[-74.2827,40.4973],[-74.2639,40.5133],[-74.2605,40.5518],[-74.249,40.563],[-74.2217,40.5721],[-74.2153,40.5917],[-74.2096,40.6342],[-74.1903,40.6494],[-74.15,40.6642],[-74.126,40.7032],[-74.1124,40.7179],[-74.1056,40.7052],[-74.139,40.6578],[-74.131,40.6452],[-74.096,40.6548],[-74.071,40.6872],[-74.0319,40.7142],[-74.0143,40.7658],[-73.9547,40.8586],[-73.9181,40.9315],[-73.9077,40.9719],[-73.9071,40.9908],[-74.105,41.0821],[-74.402,41.2192],[-74.699,41.3563],[-74.7184,41.3447],[-74.7509,41.3408],[-74.7801,41.3279],[-74.7907,41.3112],[-74.8447,41.273],[-74.8626,41.2248],[-74.8863,41.1808],[-74.9382,41.1276],[-74.9825,41.102],[-74.9862,41.086],[-75.027,41.0468],[-75.0457,41.0352],[-75.0827,41.0258],[-75.1288,40.9981],[-75.1395,40.9822],[-75.1197,40.9549],[-75.12,40.9428],[-75.1045,40.9398],[-75.0612,40.8915],[-75.0576,40.8723],[-75.0677,40.8551],[-75.0934,40.8381],[-75.1054,40.7956],[-75.1219,40.7857],[-75.1423,40.784],[-75.1607,40.7904],[-75.1765,40.7658],[-75.1887,40.7585],[-75.1805,40.7426],[-75.1982,40.7005],[-75.1909,40.6779],[-75.1948,40.6607],[-75.1911,40.6291],[-75.1957,40.6191],[-75.1822,40.5704],[-75.1695,40.5663],[-75.1395,40.5707],[-75.0888,40.5583],[-75.0716,40.5319],[-75.0644,40.454],[-75.0359,40.4152],[-75.0137,40.4033],[-74.9745,40.4146],[-74.9615,40.3976],[-74.9477,40.359],[-74.8955,40.3234],[-74.8492,40.2713],[-74.818,40.2417],[-74.7647,40.2063],[-74.7394,40.1849],[-74.7286,40.1632],[-74.741,40.1437],[-74.7699,40.1298],[-74.8378,40.1149],[-74.8726,40.0909],[-74.9204,40.0779],[-74.9358,40.0703],[-74.9751,40.0363],[-75.0236,40.0163]]],[[[-74.3588,39.4472],[-74.3717,39.4366],[-74.3866,39.4065],[-74.3998,39.3994],[-74.4136,39.4048],[-74.4309,39.4254],[-74.4481,39.4199],[-74.4255,39.3937],[-74.3934,39.3891],[-74.3592,39.4016],[-74.3309,39.4261],[-74.3179,39.454],[-74.3021,39.4647],[-74.3516,39.4702],[-74.3675,39.465],[-74.3588,39.4472]]],[[[-74.1329,39.7147],[-74.16,39.6855],[-74.2401,39.5754],[-74.2546,39.5474],[-74.2564,39.5222],[-74.1843,39.6156],[-74.1479,39.6659],[-74.1297,39.7013],[-74.1058,39.7292],[-74.0981,39.7557],[-74.1095,39.7489],[-74.1329,39.7147]]]]},"properties":{"name":"New Jersey","name_en":"New Jersey","name_ja":"ニュージャージー州","name_zh":"新泽西州","name_ko":"뉴저지","adm0_a3":"USA","postal":"NJ","iso_3166_2":"US-NJ","type_en":"State","region":"Northeast","geonunit":"United States of America"}},
{"type":"Feature","geometry":{"type":"Polygon","coordinates":[[[-73.6429,41.0011],[-73.6111,41.0113],[-73.6039,41.0228],[-73.59,41.0148],[-73.5648,41.0189],[-73.5371,41.0313],[-73.5232,41.0215],[-73.5042,41.0426],[-73.4237,41.0777],[-73.3797,41.1002],[-73.3324,41.1137],[-73.3019,41.117],[-73.2865,41.1345],[-73.2715,41.1176],[-73.2445,41.128],[-73.2279,41.1428],[-73.2211,41.1671],[-73.2089,41.1567],[-73.1843,41.1618],[-73.1841,41.1741],[-73.1342,41.1472],[-73.1085,41.1487],[-73.1074,41.1747],[-73.0945,41.1913],[-73.0535,41.2117],[-73.0384,41.2052],[-73.0138,41.2067],[-72.9673,41.2564],[-72.93,41.2838],[-72.91,41.3051],[-72.8924,41.245],[-72.8561,41.2454],[-72.8429,41.2585],[-72.806,41.2578],[-72.7794,41.2702],[-72.7277,41.2702],[-72.6993,41.2566],[-72.6867,41.2564],[-72.6618,41.2741],[-72.6048,41.2838],[-72.5406,41.2637],[-72.5222,41.2702],[-72.5079,41.2564],[-72.4751,41.2811],[-72.4335,41.29],[-72.3908,41.2778],[-72.3698,41.2766],[-72.3509,41.29],[-72.3646,41.2974],[-72.3544,41.3212],[-72.3636,41.3369],[-72.3918,41.3663],[-72.3582,41.358],[-72.3434,41.3384],[-72.3472,41.3073],[-72.288,41.2829],[-72.2269,41.3107],[-72.2001,41.2974],[-72.1943,41.3238],[-72.168,41.3225],[-72.1354,41.3121],[-72.1107,41.3111],[-72.0951,41.3461],[-72.0834,41.352],[-72.0362,41.3179],[-71.9729,41.3437],[-71.8981,41.3465],[-71.8624,41.3326],[-71.8604,41.3205],[-71.845,41.3215],[-71.8298,41.3917],[-71.8175,41.4131],[-71.8045,41.4157],[-71.7957,41.5189],[-71.7978,41.7222],[-71.8008,42.0109],[-71.8016,42.0217],[-71.9158,42.0223],[-72.2112,42.0267],[-72.5574,42.0317],[-72.5757,42.0248],[-72.6203,42.0315],[-72.7576,42.033],[-72.7633,42.0102],[-72.8064,42.007],[-72.8076,42.033],[-72.8617,42.0368],[-73.1151,42.044],[-73.4805,42.0545],[-73.4962,41.8694],[-73.5195,41.5917],[-73.5447,41.2949],[-73.4841,41.2179],[-73.5,41.2088],[-73.723,41.1035],[-73.6689,41.038],[-73.6554,41.0278],[-73.6429,41.0011]]]},"properties":{"name":"Connecticut","name_en":"Connecticut","name_ja":"コネチカット州","name_zh":"康涅狄格州","name_ko":"코네티컷","adm0_a3":"USA","postal":"CT","iso_3166_2":"US-CT","type_en":"State","region":"Northeast","geonunit":"United States of America"}},
{"type":"Feature","geometry":{"type":"MultiPolygon","coordinates":[[[[-71.2369,41.7096],[-71.2678,41.7498],[-71.3238,41.7778],[-71.3407,41.7969],[-71.3376,41.8904],[-71.3759,41.8961],[-71.3805,41.9079],[-71.3871,42.0158],[-71.4389,42.0164],[-71.8008,42.0109],[-71.7978,41.7222],[-71.7957,41.5189],[-71.8045,41.4157],[-71.8175,41.4131],[-71.8298,41.3917],[-71.845,41.3215],[-71.8604,41.3205],[-71.8779,41.3115],[-71.8715,41.3026],[-71.829,41.317],[-71.7538,41.331],[-71.5989,41.3675],[-71.5304,41.3765],[-71.4977,41.3663],[-71.4548,41.4061],[-71.4261,41.4687],[-71.4234,41.4864],[-71.4246,41.5389],[-71.4428,41.5747],[-71.4125,41.6127],[-71.4138,41.6529],[-71.4233,41.6682],[-71.4468,41.6772],[-71.4186,41.6946],[-71.3984,41.6898],[-71.3844,41.6742],[-71.3669,41.7036],[-71.3675,41.7238],[-71.3913,41.7425],[-71.3951,41.7595],[-71.395,41.8057],[-71.3913,41.8188],[-71.3704,41.7921],[-71.364,41.7598],[-71.3556,41.7463],[-71.3088,41.722],[-71.2988,41.7561],[-71.2809,41.7414],[-71.3015,41.7026],[-71.3088,41.6708],[-71.3018,41.6596],[-71.2604,41.6511],[-71.241,41.6812],[-71.2369,41.7096]]],[[[-71.1219,41.513],[-71.1311,41.5954],[-71.1421,41.6064],[-71.1311,41.6611],[-71.194,41.6769],[-71.2069,41.6462],[-71.2105,41.6022],[-71.2069,41.5582],[-71.1957,41.5208],[-71.202,41.5026],[-71.1859,41.4687],[-71.1219,41.513]]],[[[-71.3151,41.5808],[-71.3047,41.6042],[-71.3034,41.6264],[-71.3177,41.6329],[-71.3437,41.6706],[-71.3555,41.6602],[-71.3568,41.6316],[-71.3359,41.6264],[-71.3307,41.6107],[-71.3372,41.5821],[-71.3151,41.5808]]],[[[-71.5595,41.201],[-71.5535,41.2146],[-71.5726,41.2288],[-71.5827,41.204],[-71.608,41.1806],[-71.6137,41.1552],[-71.5995,41.1458],[-71.5491,41.152],[-71.5445,41.1629],[-71.5662,41.1938],[-71.5595,41.201]]],[[[-71.3578,41.5582],[-71.3624,41.5725],[-71.3777,41.5779],[-71.3953,41.5264],[-71.3844,41.5172],[-71.3988,41.5029],[-71.3988,41.4619],[-71.3714,41.4824],[-71.3604,41.5146],[-71.3578,41.5582]]],[[[-71.2855,41.5817],[-71.3088,41.5678],[-71.3092,41.5461],[-71.3223,41.5304],[-71.3214,41.5085],[-71.3088,41.4954],[-71.3578,41.4725],[-71.3462,41.4547],[-71.3231,41.4687],[-71.3032,41.4664],[-71.2648,41.4961],[-71.2336,41.4892],[-71.238,41.5003],[-71.2336,41.5308],[-71.2326,41.6059],[-71.2206,41.64],[-71.2206,41.6605],[-71.2578,41.6407],[-71.2736,41.621],[-71.2855,41.5817]]]]},"properties":{"name":"Rhode Island","name_en":"Rhode Island","name_ja":"ロードアイランド州","name_zh":"罗得岛州","name_ko":"로드아일랜드","adm0_a3":"USA","postal":"RI","iso_3166_2":"US-RI","type_en":"State","region":"Northeast","geonunit":"United States of America"}},
{"type":"Feature","geometry":{"type":"MultiPolygon","coordinates":[[[[-71.194,41.6769],[-71.1311,41.6611],[-71.1421,41.6064],[-71.1311,41.5954],[-71.1219,41.513],[-71.0972,41.5234],[-71.1107,41.5439],[-71.0737,41.5387],[-71.0621,41.5439],[-71.0624,41.5644],[-71.0439,41.5369],[-71.0495,41.5237],[-71.0698,41.5172],[-71.0402,41.5071],[-71.0155,41.5123],[-70.9709,41.5377],[-70.9597,41.5312],[-70.9252,41.5507],[-70.9316,41.5803],[-70.9073,41.6149],[-70.9054,41.64],[-70.881,41.6279],[-70.8629,41.5972],[-70.8452,41.5925],[-70.8501,41.6295],[-70.805,41.6426],[-70.7978,41.6589],[-70.786,41.6605],[-70.7743,41.6462],[-70.7561,41.663],[-70.7393,41.6901],[-70.7129,41.6878],[-70.7219,41.7016],[-70.7197,41.7462],[-70.7104,41.748],[-70.6583,41.722],[-70.6306,41.7401],[-70.6236,41.7294],[-70.6378,41.722],[-70.6319,41.7111],[-70.6583,41.6845],[-70.652,41.6542],[-70.6525,41.578],[-70.6617,41.5505],[-70.6856,41.5308],[-70.6587,41.5213],[-70.5961,41.553],[-70.5043,41.5637],[-70.4798,41.5739],[-70.4591,41.5916],[-70.4284,41.6319],[-70.4059,41.6375],[-70.3916,41.6192],[-70.3659,41.6328],[-70.3191,41.6326],[-70.2611,41.6462],[-70.2728,41.6106],[-70.2399,41.6433],[-70.1853,41.6605],[-70.1369,41.6605],[-69.9781,41.6818],[-69.9389,41.6742],[-69.9325,41.741],[-69.9342,41.793],[-69.942,41.8065],[-69.9567,41.8078],[-69.9798,41.7971],[-69.972,41.8392],[-69.964,41.8435],[-69.9389,41.8319],[-69.9247,41.8381],[-69.9433,41.8576],[-69.9822,41.9536],[-70.014,41.9989],[-70.0511,42.0398],[-70.0812,42.0584],[-70.1179,42.0738],[-70.1465,42.081],[-70.1922,42.0861],[-70.2294,42.0806],[-70.2468,42.0615],[-70.2314,42.0572],[-70.2026,42.0262],[-70.1893,42.0179],[-70.1708,42.0279],[-70.1716,42.0379],[-70.1921,42.0379],[-70.1898,42.0494],[-70.1656,42.0638],[-70.1381,42.0574],[-70.0999,42.0374],[-70.0838,42.0125],[-70.0798,41.995],[-70.0687,41.8933],[-70.0574,41.9042],[-70.0518,41.9352],[-70.0379,41.9416],[-69.9867,41.9138],[-70.0215,41.9069],[-70.0018,41.8819],[-70.0038,41.8463],[-70.0001,41.8163],[-70.0215,41.7909],[-70.0702,41.7735],[-70.1913,41.7471],[-70.2437,41.7241],[-70.2747,41.7152],[-70.3352,41.7192],[-70.3265,41.7314],[-70.2899,41.7316],[-70.2747,41.7363],[-70.4009,41.745],[-70.4392,41.7561],[-70.5043,41.79],[-70.5331,41.8162],[-70.5239,41.8684],[-70.5297,41.9065],[-70.545,41.9406],[-70.5658,41.9554],[-70.605,41.9525],[-70.6549,41.9571],[-70.7148,42.0027],[-70.6829,42.0161],[-70.6651,42.0106],[-70.6558,42.058],[-70.6483,42.0653],[-70.6293,42.0443],[-70.6173,42.0168],[-70.6378,42.0106],[-70.6068,42.0046],[-70.5908,42.0173],[-70.6278,42.0591],[-70.6361,42.0754],[-70.631,42.0925],[-70.653,42.109],[-70.6959,42.1639],[-70.7131,42.1724],[-70.7163,42.2119],[-70.7418,42.2357],[-70.7838,42.2597],[-70.8314,42.2697],[-70.8558,42.2839],[-70.8985,42.3184],[-70.8991,42.3066],[-70.8801,42.2767],[-70.8671,42.2707],[-70.8872,42.2506],[-70.8985,42.2639],[-70.9258,42.2504],[-70.9553,42.2433],[-70.9662,42.2538],[-70.9525,42.2672],[-70.9629,42.2802],[-70.9989,42.2838],[-70.9935,42.311],[-71.0178,42.3002],[-71.0384,42.3079],[-71.0423,42.3318],[-71.0146,42.3389],[-71.0277,42.3536],[-71.0487,42.3594],[-71.0369,42.3725],[-71.006,42.3571],[-70.9872,42.3594],[-71.0058,42.3708],[-70.9972,42.3806],[-70.9673,42.3607],[-70.9603,42.369],[-70.9744,42.4164],[-70.963,42.4383],[-70.9437,42.447],[-70.9164,42.4224],[-70.8917,42.4283],[-70.9254,42.4532],[-70.9155,42.4694],[-70.8851,42.4728],[-70.8553,42.4951],[-70.8382,42.4992],[-70.8541,42.5237],[-70.8917,42.5028],[-70.8851,42.52],[-70.8706,42.5307],[-70.878,42.5375],[-70.8614,42.5469],[-70.8103,42.5628],[-70.7089,42.5818],[-70.6748,42.6123],[-70.6473,42.6045],[-70.6317,42.6127],[-70.6115,42.6345],[-70.597,42.6345],[-70.5981,42.665],[-70.6299,42.6721],[-70.6317,42.6946],[-70.659,42.6843],[-70.6796,42.668],[-70.6823,42.6322],[-70.7001,42.6406],[-70.7013,42.6533],[-70.7571,42.6572],[-70.7751,42.6748],[-70.7416,42.6816],[-70.7985,42.7019],[-70.8196,42.7187],[-70.8236,42.7499],[-70.7826,42.7089],[-70.7751,42.7163],[-70.8044,42.7804],[-70.8008,42.7925],[-70.8536,42.817],[-70.8638,42.8262],[-70.8183,42.8239],[-70.8072,42.8349],[-70.8143,42.8773],[-70.85,42.8707],[-70.9045,42.8854],[-70.9256,42.8865],[-71.0225,42.8547],[-71.0608,42.8264],[-71.0833,42.8171],[-71.123,42.8194],[-71.1516,42.8097],[-71.1727,42.7863],[-71.1962,42.7522],[-71.2455,42.7367],[-71.2884,42.7049],[-71.3063,42.7009],[-71.5424,42.7066],[-71.8263,42.7136],[-72.1101,42.7205],[-72.4668,42.7293],[-72.9091,42.7416],[-73.0003,42.7413],[-73.0977,42.7442],[-73.2655,42.7456],[-73.3307,42.5672],[-73.4354,42.2783],[-73.5072,42.079],[-73.4805,42.0545],[-73.1151,42.044],[-72.8617,42.0368],[-72.8076,42.033],[-72.8064,42.007],[-72.7633,42.0102],[-72.7576,42.033],[-72.6203,42.0315],[-72.5757,42.0248],[-72.5574,42.0317],[-72.2112,42.0267],[-71.9158,42.0223],[-71.8016,42.0217],[-71.8008,42.0109],[-71.4389,42.0164],[-71.3871,42.0158],[-71.3805,41.9079],[-71.3759,41.8961],[-71.3376,41.8904],[-71.3407,41.7969],[-71.3238,41.7778],[-71.2678,41.7498],[-71.2369,41.7096],[-71.2211,41.7314],[-71.1859,41.722],[-71.1695,41.7333],[-71.1381,41.7799],[-71.1107,41.7971],[-71.1356,41.7555],[-71.1903,41.6856],[-71.194,41.6769]]],[[[-70.0541,41.3927],[-70.0372,41.3729],[-70.0443,41.351],[-70.0761,41.3111],[-70.0603,41.3166],[-70.0323,41.3395],[-70.014,41.3446],[-70.0314,41.3175],[-70.046,41.3076],[-70.0714,41.3016],[-70.0819,41.2925],[-70.1068,41.2952],[-70.1611,41.293],[-70.2408,41.3009],[-70.2563,41.3092],[-70.2781,41.3079],[-70.2563,41.2928],[-70.1377,41.2472],[-70.0976,41.2418],[-70.043,41.2433],[-70.0011,41.2393],[-69.9671,41.2495],[-69.9578,41.2757],[-70.0053,41.3427],[-70.0289,41.3861],[-70.0541,41.3927]]],[[[-70.5006,41.3936],[-70.4948,41.3823],[-70.4655,41.3603],[-70.4467,41.3674],[-70.446,41.4135],[-70.4557,41.4296],[-70.5006,41.3936]]],[[[-70.5764,41.4278],[-70.5463,41.4443],[-70.5559,41.4687],[-70.5704,41.4739],[-70.5888,41.4542],[-70.6037,41.4482],[-70.593,41.4717],[-70.6051,41.474],[-70.6599,41.4565],[-70.6896,41.4331],[-70.7153,41.4204],[-70.7545,41.3725],[-70.782,41.3542],[-70.8462,41.3541],[-70.8047,41.3126],[-70.7759,41.3044],[-70.7477,41.331],[-70.7239,41.3427],[-70.666,41.357],[-70.525,41.3591],[-70.5074,41.3626],[-70.5174,41.4135],[-70.5493,41.4145],[-70.5764,41.4278]]],[[[-69.973,41.6537],[-69.981,41.6277],[-70.0215,41.5507],[-70.0021,41.5538],[-69.9762,41.6123],[-69.9594,41.6326],[-69.973,41.6537]]],[[[-70.8305,41.2604],[-70.8231,41.2508],[-70.8018,41.2481],[-70.814,41.2632],[-70.8305,41.2604]]],[[[-70.8712,41.4387],[-70.926,41.4289],[-70.9485,41.4141],[-70.9064,41.4224],[-70.876,41.4225],[-70.8486,41.4343],[-70.8595,41.4483],[-70.8712,41.4387]]],[[[-70.7244,41.5111],[-70.7821,41.4786],[-70.8134,41.455],[-70.8399,41.4505],[-70.833,41.4425],[-70.7908,41.4492],[-70.7683,41.4595],[-70.7586,41.4757],[-70.6792,41.5105],[-70.7106,41.5192],[-70.7244,41.5111]]]]},"properties":{"name":"Massachusetts","name_en":"Massachusetts","name_ja":"マサチューセッツ州","name_zh":"马萨诸塞州","name_ko":"매사추세츠","adm0_a3":"USA","postal":"MA","iso_3166_2":"US-MA","type_en":"State","region":"Northeast","geonunit":"United States of America"}},
{"type":"Feature","geometry":{"type":"MultiPolygon","coordinates":[[[[-123.1801,46.1791],[-123.2055,46.1646],[-123.2333,46.1372],[-123.2776,46.1339],[-123.2994,46.141],[-123.326,46.1389],[-123.3855,46.1462],[-123.4301,46.1767],[-123.4372,46.1983],[-123.4731,46.2175],[-123.4849,46.23],[-123.5193,46.2353],[-123.5815,46.2066],[-123.6074,46.2091],[-123.6201,46.1966],[-123.5995,46.1918],[-123.6141,46.1865],[-123.706,46.1708],[-123.7272,46.1704],[-123.7668,46.2041],[-123.7981,46.1935],[-123.8654,46.1865],[-123.8436,46.1731],[-123.807,46.1675],[-123.7783,46.1434],[-123.8006,46.1436],[-123.7987,46.1024],[-123.8125,46.1142],[-123.8185,46.1473],[-123.835,46.1625],[-123.8669,46.1599],[-123.9007,46.1686],[-123.904,46.1801],[-123.951,46.205],[-123.9849,46.2101],[-123.9881,46.2267],[-124.0027,46.2377],[-124.0227,46.2308],[-123.9905,46.2005],[-123.9506,46.12],[-123.9368,46.0818],[-123.9233,46.014],[-123.934,45.9797],[-123.9643,45.9669],[-123.9905,45.9379],[-123.9697,45.9186],[-123.9597,45.8973],[-123.9566,45.8732],[-123.9591,45.8157],[-123.9684,45.7816],[-123.9822,45.7678],[-123.9678,45.7609],[-123.9639,45.7439],[-123.9417,45.727],[-123.9374,45.699],[-123.9394,45.6677],[-123.9303,45.6934],[-123.908,45.7083],[-123.8973,45.6958],[-123.8711,45.6979],[-123.8933,45.6836],[-123.9103,45.6913],[-123.9216,45.6837],[-123.9207,45.6627],[-123.9419,45.6485],[-123.9446,45.6213],[-123.9579,45.5762],[-123.9252,45.5543],[-123.8961,45.5603],[-123.9005,45.5385],[-123.8833,45.5001],[-123.8942,45.4823],[-123.9129,45.4833],[-123.9392,45.4998],[-123.9488,45.5572],[-123.9586,45.5161],[-123.9705,45.4945],[-123.9711,45.452],[-123.9547,45.4328],[-123.9184,45.4177],[-123.9442,45.3894],[-123.9608,45.3786],[-123.9579,45.415],[-123.9678,45.3918],[-123.9728,45.362],[-124.0018,45.3376],[-123.9719,45.3314],[-123.9604,45.3],[-123.9654,45.2585],[-123.9764,45.2166],[-123.9691,45.2053],[-123.9711,45.1537],[-123.9844,45.1049],[-124.0042,45.0826],[-124.0157,45.0544],[-124.0048,45.0435],[-124.015,44.9677],[-124.0256,44.9357],[-124.0177,44.9166],[-124.0318,44.9049],[-124.0345,44.8784],[-124.0652,44.8233],[-124.0734,44.7777],[-124.0594,44.7462],[-124.0584,44.7261],[-124.0671,44.6895],[-124.078,44.6749],[-124.0628,44.6718],[-124.0592,44.6516],[-124.0708,44.6206],[-124.0483,44.6326],[-124.0272,44.6224],[-124.0067,44.6238],[-124.012,44.5998],[-124.0311,44.618],[-124.0457,44.6215],[-124.0632,44.6095],[-124.0844,44.4981],[-124.0814,44.4624],[-124.0834,44.4278],[-124.0496,44.4487],[-124.0276,44.4392],[-124.0179,44.4098],[-124.0536,44.433],[-124.0844,44.4117],[-124.1004,44.3273],[-124.1136,44.3015],[-124.1072,44.2863],[-124.1141,44.249],[-124.1139,44.1906],[-124.1335,44.0443],[-124.1195,44.0065],[-124.1399,43.982],[-124.151,43.8817],[-124.176,43.7625],[-124.2029,43.6808],[-124.1715,43.6976],[-124.1614,43.7177],[-124.1605,43.7367],[-124.1488,43.7476],[-124.1285,43.7491],[-124.1013,43.7187],[-124.0702,43.7117],[-124.0725,43.7047],[-124.109,43.7061],[-124.1262,43.7285],[-124.1398,43.7331],[-124.1544,43.6985],[-124.1747,43.673],[-124.2098,43.6566],[-124.2235,43.5864],[-124.2379,43.5471],[-124.298,43.4179],[-124.3352,43.3653],[-124.3253,43.3625],[-124.2835,43.4031],[-124.277,43.4215],[-124.2402,43.4366],[-124.2331,43.4472],[-124.1976,43.4525],[-124.2086,43.431],[-124.1943,43.42],[-124.1867,43.3913],[-124.1697,43.3798],[-124.14,43.3753],[-124.1778,43.3692],[-124.2129,43.3747],[-124.2223,43.4252],[-124.2528,43.4175],[-124.2762,43.3939],[-124.2873,43.3706],[-124.3087,43.3549],[-124.3083,43.3279],[-124.3165,43.2998],[-124.3264,43.3123],[-124.3295,43.3488],[-124.3421,43.3521],[-124.3765,43.3402],[-124.4013,43.3101],[-124.3866,43.2631],[-124.4244,43.1193],[-124.4449,43.03],[-124.4924,42.9298],[-124.5477,42.8454],[-124.5668,42.834],[-124.5494,42.8256],[-124.5321,42.8039],[-124.515,42.7487],[-124.5055,42.7365],[-124.4729,42.7303],[-124.4668,42.7025],[-124.4544,42.6869],[-124.4145,42.6624],[-124.3999,42.6157],[-124.4034,42.5949],[-124.3944,42.5666],[-124.4063,42.5195],[-124.4207,42.491],[-124.4235,42.4541],[-124.4398,42.4392],[-124.425,42.4199],[-124.4261,42.3618],[-124.4328,42.3293],[-124.4094,42.2962],[-124.4125,42.2489],[-124.3952,42.2394],[-124.3791,42.2203],[-124.3762,42.1966],[-124.3638,42.1752],[-124.3662,42.1501],[-124.3542,42.1319],[-124.3596,42.113],[-124.2931,42.0465],[-124.2748,42.0454],[-124.2145,41.9995],[-123.9242,41.9995],[-123.6627,41.9995],[-123.4011,41.9995],[-123.1395,41.9995],[-122.8779,41.9995],[-122.6164,41.9995],[-122.3549,41.9995],[-122.0933,41.9995],[-121.8317,41.9995],[-121.5701,41.9995],[-121.3086,41.9995],[-121.047,41.9995],[-120.7854,41.9995],[-120.5239,41.9995],[-120.2623,41.9995],[-120.0008,41.9995],[-119.8135,41.9995],[-119.4405,41.9995],[-119.0677,41.9995],[-118.6947,41.9995],[-118.3218,41.9995],[-117.9489,41.9995],[-117.576,41.9995],[-117.3895,41.9995],[-117.0166,41.9995],[-117.017,42.2058],[-117.0175,42.4122],[-117.0181,42.7217],[-117.0185,42.928],[-117.0189,43.1343],[-117.0193,43.3406],[-117.0197,43.547],[-117.0202,43.7851],[-117.0314,43.8287],[-116.9937,43.8577],[-116.9711,43.8934],[-116.9673,43.9173],[-116.9547,43.9497],[-116.9478,43.9907],[-116.9342,44.0285],[-116.9414,44.0496],[-116.9687,44.0835],[-116.969,44.1],[-116.9587,44.1087],[-116.9205,44.1136],[-116.9084,44.135],[-116.9069,44.1583],[-116.892,44.1767],[-116.8969,44.1859],[-116.9342,44.2098],[-116.9559,44.2184],[-116.969,44.2371],[-116.9735,44.2683],[-116.986,44.2719],[-117.044,44.2596],[-117.0645,44.2644],[-117.0862,44.2899],[-117.1129,44.2885],[-117.1403,44.2644],[-117.1789,44.2847],[-117.1951,44.2977],[-117.2017,44.3163],[-117.1949,44.3501],[-117.2153,44.3948],[-117.2121,44.4178],[-117.1935,44.4556],[-117.2038,44.4825],[-117.1835,44.5009],[-117.18,44.5136],[-117.1493,44.5251],[-117.1223,44.5541],[-117.1123,44.5728],[-117.1038,44.6118],[-117.0674,44.6685],[-117.0399,44.7192],[-117.0106,44.75],[-116.9501,44.7783],[-116.9173,44.8026],[-116.8639,44.8661],[-116.8328,44.9199],[-116.8204,44.9875],[-116.8346,45.0148],[-116.8235,45.0358],[-116.7174,45.1514],[-116.6968,45.1898],[-116.679,45.2513],[-116.6561,45.2847],[-116.649,45.3475],[-116.6362,45.3657],[-116.6015,45.3946],[-116.5867,45.4281],[-116.5392,45.471],[-116.5307,45.502],[-116.5062,45.5424],[-116.463,45.5819],[-116.455,45.6008],[-116.4637,45.6424],[-116.4988,45.691],[-116.5301,45.7516],[-116.5574,45.7721],[-116.5994,45.778],[-116.6574,45.8035],[-116.6878,45.8267],[-116.7594,45.838],[-116.7789,45.8665],[-116.8386,45.9099],[-116.8679,45.9661],[-116.8788,46.0015],[-117.2723,46.0012],[-117.53,46.0009],[-117.9166,46.0005],[-118.1743,46.0003],[-118.432,46.0001],[-118.8185,45.9997],[-119.0024,45.9995],[-119.0445,45.9645],[-119.0933,45.9488],[-119.3413,45.9461],[-119.4796,45.9274],[-119.5488,45.9297],[-119.5917,45.9211],[-119.6205,45.8956],[-119.6625,45.8718],[-119.9342,45.838],[-120.0804,45.7948],[-120.1272,45.7891],[-120.176,45.759],[-120.2299,45.7371],[-120.3006,45.7384],[-120.3399,45.7218],[-120.374,45.7142],[-120.4256,45.7209],[-120.4702,45.7101],[-120.621,45.7309],[-120.658,45.7166],[-120.6686,45.7034],[-120.7157,45.6899],[-120.7944,45.6774],[-120.8387,45.6526],[-120.9001,45.6418],[-120.9682,45.6513],[-121.0439,45.6529],[-121.1329,45.6242],[-121.155,45.6222],[-121.1729,45.6318],[-121.2042,45.6849],[-121.2244,45.697],[-121.2718,45.7088],[-121.5702,45.7294],[-121.7175,45.71],[-121.7926,45.7214],[-121.8209,45.7175],[-121.8624,45.7008],[-121.931,45.6601],[-121.9711,45.6423],[-122.1498,45.5939],[-122.2246,45.5779],[-122.2611,45.5663],[-122.3416,45.5871],[-122.4261,45.5882],[-122.456,45.6003],[-122.5072,45.61],[-122.5396,45.6219],[-122.5949,45.6144],[-122.6731,45.6257],[-122.7216,45.6489],[-122.7389,45.6628],[-122.7545,45.7019],[-122.7593,45.741],[-122.7531,45.7823],[-122.7799,45.8199],[-122.7806,45.8427],[-122.774,45.8814],[-122.7925,45.9163],[-122.8065,45.9781],[-122.85,46.0115],[-122.8608,46.0497],[-122.8741,46.072],[-122.9102,46.1079],[-122.9667,46.1357],[-122.9994,46.1456],[-123.03,46.1495],[-123.1118,46.1865],[-123.1801,46.1791]]],[[[-123.4807,46.2559],[-123.4684,46.225],[-123.4408,46.2132],[-123.4443,46.2359],[-123.4807,46.2559]]]]},"properties":{"name":"Oregon","name_en":"Oregon","name_ja":"オレゴン州","name_zh":"俄勒冈州","name_ko":"오리건","adm0_a3":"USA","postal":"OR","iso_3166_2":"US-OR","type_en":"State","region":"West","geonunit":"United States of America"}},
{"type":"Feature","geometry":{"type":"MultiPolygon","coordinates":[[[[-154.8996,19.567],[-154.9499,19.6114],[-154.967,19.6363],[-154.98,19.6628],[-154.9767,19.7058],[-154.9899,19.7267],[-155.0185,19.7458],[-155.0575,19.7285],[-155.0854,19.7274],[-155.0881,19.7686],[-155.0871,19.8604],[-155.1159,19.8967],[-155.168,19.9468],[-155.3323,20.0467],[-155.4207,20.0902],[-155.5272,20.1263],[-155.5631,20.1284],[-155.5864,20.1229],[-155.6065,20.138],[-155.6307,20.1482],[-155.6481,20.168],[-155.6733,20.1817],[-155.7117,20.1961],[-155.738,20.2438],[-155.8311,20.2634],[-155.8672,20.2631],[-155.8805,20.252],[-155.8993,20.2167],[-155.897,20.1488],[-155.8826,20.1049],[-155.8477,20.0545],[-155.8311,20.0394],[-155.8241,20.0201],[-155.8355,19.9757],[-155.8509,19.9753],[-155.8734,19.9513],[-155.8959,19.9135],[-155.926,19.8688],[-155.968,19.8542],[-155.982,19.8433],[-155.9875,19.8244],[-156.0388,19.7831],[-156.0602,19.7312],[-156.0363,19.6679],[-156.0148,19.6434],[-155.9995,19.6322],[-155.9822,19.6077],[-155.9656,19.5566],[-155.954,19.5361],[-155.9564,19.5142],[-155.9366,19.4813],[-155.9009,19.3828],[-155.8874,19.3596],[-155.8855,19.3342],[-155.9084,19.189],[-155.9199,19.1386],[-155.9121,19.0962],[-155.9039,19.0695],[-155.891,19.0657],[-155.8781,19.0291],[-155.8173,19.0132],[-155.7444,18.9693],[-155.7042,18.9491],[-155.6829,18.9329],[-155.6835,18.9112],[-155.6748,18.9061],[-155.633,18.9402],[-155.6185,18.9555],[-155.6021,18.9974],[-155.5523,19.0456],[-155.5537,19.082],[-155.5461,19.0982],[-155.5028,19.1377],[-155.4878,19.1425],[-155.4368,19.1699],[-155.4001,19.1937],[-155.3641,19.2036],[-155.3457,19.2248],[-155.2911,19.2595],[-155.2693,19.2662],[-155.2451,19.2655],[-155.203,19.2556],[-155.093,19.2862],[-155.0626,19.3078],[-155.0267,19.3162],[-155.0251,19.3276],[-154.9823,19.3392],[-154.9189,19.3973],[-154.8747,19.4129],[-154.8172,19.4797],[-154.8141,19.5066],[-154.8253,19.5275],[-154.8466,19.5449],[-154.8996,19.567]]],[[[-156.5618,20.598],[-156.5826,20.6],[-156.6088,20.591],[-156.6672,20.5577],[-156.7006,20.5254],[-156.6793,20.5047],[-156.6465,20.5081],[-156.5995,20.5174],[-156.5729,20.513],[-156.5446,20.5132],[-156.5341,20.5318],[-156.5498,20.5415],[-156.5366,20.5709],[-156.5618,20.598]]],[[[-156.8484,20.8768],[-156.8927,20.9141],[-156.9904,20.9275],[-157.0316,20.9227],[-157.0552,20.9114],[-157.0631,20.8904],[-157.0508,20.8714],[-157.0092,20.8559],[-156.9921,20.8463],[-156.9871,20.7829],[-156.9824,20.7594],[-156.9623,20.7324],[-156.9137,20.7347],[-156.8768,20.7443],[-156.8313,20.7638],[-156.8097,20.7955],[-156.8035,20.8126],[-156.8163,20.8417],[-156.8484,20.8768]]],[[[-156.0017,20.8004],[-156.051,20.8159],[-156.085,20.8315],[-156.1193,20.8361],[-156.1313,20.8575],[-156.1444,20.8671],[-156.1648,20.8628],[-156.1661,20.8715],[-156.1973,20.895],[-156.2218,20.9203],[-156.2269,20.932],[-156.2429,20.9416],[-156.2983,20.9527],[-156.3307,20.9512],[-156.3464,20.9459],[-156.3785,20.924],[-156.4337,20.9177],[-156.4529,20.9179],[-156.4641,20.9056],[-156.4817,20.9044],[-156.5091,20.9503],[-156.523,20.9622],[-156.5259,20.9873],[-156.5375,20.9907],[-156.5424,21.0034],[-156.5814,21.0182],[-156.5979,21.0327],[-156.6157,21.0252],[-156.6358,21.0271],[-156.6538,21.0048],[-156.6665,21.0034],[-156.6859,20.9642],[-156.696,20.9158],[-156.6861,20.9038],[-156.6849,20.8819],[-156.6571,20.8477],[-156.6202,20.8071],[-156.606,20.8084],[-156.5845,20.7955],[-156.5627,20.7918],[-156.5339,20.7741],[-156.5213,20.7762],[-156.5159,20.7901],[-156.4857,20.7967],[-156.4643,20.7814],[-156.458,20.7648],[-156.4584,20.7445],[-156.4505,20.7264],[-156.4427,20.6606],[-156.4431,20.6426],[-156.4517,20.6357],[-156.4355,20.612],[-156.4077,20.5872],[-156.3655,20.5888],[-156.3525,20.5924],[-156.3026,20.5812],[-156.2038,20.626],[-156.1295,20.6245],[-156.0754,20.6507],[-156.0484,20.6509],[-156.0277,20.6794],[-156.0031,20.6859],[-155.9847,20.7176],[-155.9796,20.7574],[-156.0017,20.8004]]],[[[-156.749,21.171],[-156.7735,21.1772],[-156.8003,21.1777],[-156.8247,21.1695],[-156.897,21.1652],[-156.9478,21.1779],[-156.9524,21.1967],[-156.9658,21.2133],[-156.9756,21.2111],[-156.9897,21.1828],[-157.0281,21.1846],[-157.1736,21.2051],[-157.1887,21.2051],[-157.1969,21.217],[-157.2598,21.2219],[-157.2466,21.1998],[-157.2512,21.1803],[-157.2674,21.1625],[-157.2854,21.1561],[-157.3043,21.1282],[-157.3039,21.1096],[-157.2926,21.0947],[-157.2731,21.0873],[-157.2226,21.0868],[-157.1873,21.0918],[-157.0724,21.0994],[-157.0249,21.0838],[-156.9474,21.0645],[-156.9086,21.057],[-156.8696,21.0534],[-156.831,21.0611],[-156.7934,21.0759],[-156.7556,21.0955],[-156.7248,21.1237],[-156.7057,21.1565],[-156.7291,21.1609],[-156.739,21.1728],[-156.749,21.171]]],[[[-157.7068,21.352],[-157.7058,21.3749],[-157.7222,21.3958],[-157.7387,21.4055],[-157.7376,21.4377],[-157.7229,21.4516],[-157.7626,21.4588],[-157.7751,21.4428],[-157.76,21.4332],[-157.7762,21.4133],[-157.8035,21.4291],[-157.8205,21.4534],[-157.8421,21.461],[-157.8495,21.5054],[-157.8364,21.5113],[-157.8364,21.534],[-157.8535,21.5563],[-157.8712,21.5579],[-157.8767,21.5754],[-157.8875,21.5809],[-157.8938,21.5984],[-157.9202,21.6275],[-157.9155,21.6455],[-157.9339,21.6779],[-157.9624,21.705],[-157.9826,21.7099],[-158.0144,21.7015],[-158.0506,21.6713],[-158.0672,21.6414],[-158.0658,21.6356],[-158.1129,21.6039],[-158.1211,21.5859],[-158.1938,21.5872],[-158.2363,21.5849],[-158.2789,21.5753],[-158.236,21.5416],[-158.2293,21.5326],[-158.2276,21.483],[-158.2157,21.4655],[-158.1871,21.4445],[-158.1761,21.4035],[-158.1574,21.3947],[-158.1347,21.3657],[-158.1153,21.3051],[-158.0943,21.2936],[-157.9987,21.3113],[-157.9806,21.3185],[-157.9754,21.3339],[-158.0131,21.3671],[-158.0202,21.3833],[-157.9895,21.3588],[-157.9844,21.3621],[-157.9913,21.3911],[-157.9692,21.372],[-157.9609,21.3888],[-157.9318,21.3717],[-157.9362,21.363],[-157.9681,21.3479],[-157.9641,21.3163],[-157.9404,21.3107],[-157.947,21.3027],[-157.9052,21.3056],[-157.9152,21.3165],[-157.8949,21.3317],[-157.895,21.3223],[-157.8801,21.298],[-157.8307,21.2773],[-157.818,21.2576],[-157.795,21.2547],[-157.7638,21.2731],[-157.7153,21.2818],[-157.7041,21.2595],[-157.6932,21.2627],[-157.6472,21.3064],[-157.6961,21.3364],[-157.7068,21.352]]],[[[-160.1138,22.0003],[-160.1127,21.9817],[-160.1236,21.9563],[-160.164,21.9345],[-160.1954,21.912],[-160.2344,21.8745],[-160.2455,21.8508],[-160.248,21.828],[-160.2355,21.7928],[-160.2113,21.7802],[-160.1982,21.7839],[-160.1717,21.8486],[-160.1363,21.8729],[-160.0852,21.8935],[-160.0722,21.9108],[-160.0795,21.9379],[-160.0722,21.9595],[-160.0514,21.9831],[-160.06,22.0006],[-160.0959,22.0078],[-160.1138,22.0003]]],[[[-159.3013,22.151],[-159.3118,22.1845],[-159.3312,22.1979],[-159.3387,22.213],[-159.3579,22.2227],[-159.3738,22.2221],[-159.3997,22.2355],[-159.4193,22.2221],[-159.4402,22.2275],[-159.4813,22.2302],[-159.4994,22.2236],[-159.4994,22.2088],[-159.5376,22.2183],[-159.5484,22.231],[-159.5896,22.221],[-159.5982,22.2109],[-159.6213,22.2003],[-159.6394,22.1856],[-159.6682,22.1695],[-159.7165,22.1575],[-159.7326,22.1408],[-159.7357,22.1152],[-159.7766,22.0695],[-159.7865,22.066],[-159.7872,22.0193],[-159.7713,22.0052],[-159.7598,21.9785],[-159.7238,21.9699],[-159.6961,21.9582],[-159.6762,21.9552],[-159.6503,21.9398],[-159.6345,21.9137],[-159.605,21.8917],[-159.5906,21.9017],[-159.5819,21.8944],[-159.5296,21.8857],[-159.4819,21.8835],[-159.4373,21.8688],[-159.4272,21.8794],[-159.3897,21.9054],[-159.3654,21.9308],[-159.3479,21.9367],[-159.3591,21.9529],[-159.3341,21.9581],[-159.3306,21.9848],[-159.3347,22.0216],[-159.3332,22.0496],[-159.3187,22.0576],[-159.3041,22.0956],[-159.2947,22.1076],[-159.2928,22.1464],[-159.3013,22.151]]],[[[-171.7228,25.773],[-171.7407,25.769],[-171.7294,25.7519],[-171.7228,25.773]]]]},"properties":{"name":"Hawaii","name_en":"Hawaii","name_ja":"ハワイ州","name_zh":"夏威夷州","name_ko":"하와이","adm0_a3":"USA","postal":"HI","iso_3166_2":"US-HI","type_en":"State","region":"West","geonunit":"United States of America"}},
{"type":"Feature","geometry":{"type":"Polygon","coordinates":[[[-111.0502,41.9998],[-111.4243,41.9999],[-111.7983,41.9999],[-111.9854,41.9999],[-112.3594,41.9999],[-112.5464,42],[-112.9205,42],[-113.1075,42],[-113.4815,42],[-113.6685,42],[-114.0425,42.0001],[-114.0425,41.8439],[-114.0424,41.5316],[-114.0422,41.2193],[-114.0421,40.907],[-114.0419,40.5947],[-114.0417,40.2824],[-114.0416,39.9701],[-114.0414,39.6577],[-114.0413,39.3455],[-114.0413,39.1893],[-114.0411,38.877],[-114.041,38.7208],[-114.0409,38.4085],[-114.0408,38.2523],[-114.0406,37.9401],[-114.0405,37.7839],[-114.0404,37.4716],[-114.0403,37.3154],[-114.0402,37.0031],[-113.7281,37.0029],[-113.416,37.0027],[-113.1039,37.0025],[-112.7918,37.0023],[-112.4797,37.0021],[-112.3237,37.002],[-112.0116,37.0018],[-111.8555,37.0017],[-111.5434,37.0015],[-111.2313,37.0012],[-111.0753,37.0012],[-110.7632,37.0009],[-110.6071,37.0008],[-110.295,37.0006],[-110.139,37.0005],[-109.8268,37.0003],[-109.6708,37.0002],[-109.3587,37],[-109.0466,36.9998],[-109.0466,37.1248],[-109.0466,37.4998],[-109.0466,37.8748],[-109.0466,38.1248],[-109.0466,38.3748],[-109.0465,38.6248],[-109.0465,38.9998],[-109.0465,39.3748],[-109.0465,39.7498],[-109.0465,39.9998],[-109.0465,40.3748],[-109.0463,40.6249],[-109.0463,40.9998],[-109.2968,40.9998],[-109.6725,40.9998],[-109.9229,40.9998],[-110.1734,40.9998],[-110.4238,40.9998],[-110.7995,40.9998],[-111.0499,40.9998],[-111.05,41.125],[-111.0501,41.4375],[-111.0502,41.6874],[-111.0502,41.9998]]]},"properties":{"name":"Utah","name_en":"Utah","name_ja":"ユタ州","name_zh":"犹他州","name_ko":"유타","adm0_a3":"USA","postal":"UT","iso_3166_2":"US-UT","type_en":"State","region":"West","geonunit":"United States of America"}},
{"type":"Feature","geometry":{"type":"Polygon","coordinates":[[[-111.0502,41.9998],[-111.0502,41.6874],[-111.0501,41.4375],[-111.05,41.125],[-111.0499,40.9998],[-110.7995,40.9998],[-110.4238,40.9998],[-110.1734,40.9998],[-109.9229,40.9998],[-109.6725,40.9998],[-109.2968,40.9998],[-109.0463,40.9998],[-108.7323,40.9998],[-108.2613,40.9998],[-107.7902,40.9998],[-107.4761,40.9998],[-107.0051,40.9998],[-106.691,40.9998],[-106.3769,40.9998],[-106.0629,40.9998],[-105.5918,40.9998],[-105.1207,40.9998],[-104.6497,40.9998],[-104.3356,40.9998],[-104.0537,40.9998],[-104.0529,41.2499],[-104.0524,41.5],[-104.053,41.625],[-104.053,41.8751],[-104.0526,42.1251],[-104.0528,42.3752],[-104.0526,42.6253],[-104.0531,43.0004],[-104.0547,43.3753],[-104.0549,43.6253],[-104.0554,43.8752],[-104.0546,44.1252],[-104.0554,44.2502],[-104.0559,44.5002],[-104.0557,44.6258],[-104.0567,45.0001],[-104.3636,45.0001],[-104.7987,45.0001],[-105.1251,45.0001],[-105.5603,45.0001],[-105.8867,45.0001],[-106.3219,45.0001],[-106.7571,45.0001],[-107.1923,45.0001],[-107.5187,45.0001],[-107.8451,45],[-108.2803,45],[-108.7154,45],[-109.1506,45],[-109.477,45],[-109.9122,45],[-110.2386,45],[-110.6738,45],[-111.0508,45],[-111.0511,44.7712],[-111.0514,44.4979],[-111.0512,44.1856],[-111.0511,43.8734],[-111.051,43.7172],[-111.0509,43.405],[-111.0507,43.0927],[-111.0506,42.7805],[-111.0505,42.4682],[-111.0504,42.3121],[-111.0502,41.9998]]]},"properties":{"name":"Wyoming","name_en":"Wyoming","name_ja":"ワイオミング州","name_zh":"怀俄明州","name_ko":"와이오밍","adm0_a3":"USA","postal":"WY","iso_3166_2":"US-WY","type_en":"State","region":"West","geonunit":"United States of America"}},
{"type":"Feature","geometry":{"type":"Polygon","coordinates":[[[-114.0425,42.0001],[-114.2284,42],[-114.6002,42],[-114.972,41.9999],[-115.3437,41.9998],[-115.7155,41.9998],[-116.0872,41.9997],[-116.2731,41.9997],[-116.6449,41.9996],[-117.0166,41.9995],[-117.3895,41.9995],[-117.576,41.9995],[-117.9489,41.9995],[-118.3218,41.9995],[-118.6947,41.9995],[-119.0677,41.9995],[-119.4405,41.9995],[-119.8135,41.9995],[-120.0008,41.9995],[-120.0007,41.8163],[-120.0006,41.45],[-120.0006,41.0836],[-120.0005,40.7173],[-120.0004,40.3509],[-120.0003,39.9845],[-120.0002,39.6182],[-120.0001,39.2518],[-120,38.9992],[-119.7658,38.8357],[-119.5316,38.6723],[-119.2973,38.5088],[-119.0631,38.3453],[-118.8289,38.1818],[-118.5947,38.0183],[-118.3604,37.8548],[-118.1262,37.6913],[-117.9429,37.5535],[-117.7595,37.4158],[-117.5762,37.2779],[-117.3929,37.1401],[-117.2096,37.0023],[-117.0262,36.8645],[-116.8429,36.7267],[-116.6595,36.5889],[-116.4989,36.4627],[-116.3383,36.3366],[-116.1776,36.2104],[-116.0169,36.0843],[-115.8563,35.9581],[-115.6956,35.8319],[-115.5349,35.7057],[-115.3743,35.5795],[-115.1938,35.4378],[-115,35.2891],[-114.8143,35.1464],[-114.6282,35.0036],[-114.6389,35.0478],[-114.6154,35.0731],[-114.6155,35.0965],[-114.6389,35.1235],[-114.6355,35.1372],[-114.5979,35.1434],[-114.5818,35.1513],[-114.5726,35.1912],[-114.5768,35.2526],[-114.5899,35.3005],[-114.5909,35.3529],[-114.6006,35.3767],[-114.6323,35.4287],[-114.6676,35.517],[-114.6465,35.5655],[-114.6527,35.6089],[-114.6451,35.6306],[-114.6867,35.7194],[-114.6945,35.7671],[-114.6935,35.8224],[-114.6668,35.8739],[-114.6753,35.8942],[-114.7147,35.9362],[-114.7396,35.9858],[-114.7413,36.0136],[-114.7244,36.0279],[-114.7194,36.0502],[-114.7212,36.0927],[-114.7028,36.1121],[-114.6368,36.1413],[-114.5548,36.1605],[-114.492,36.1469],[-114.464,36.1321],[-114.4355,36.1277],[-114.3859,36.1465],[-114.3656,36.1472],[-114.3475,36.1398],[-114.3196,36.1111],[-114.2972,36.0705],[-114.2753,36.0457],[-114.2565,36.0325],[-114.2336,36.0244],[-114.2077,36.0232],[-114.1587,36.0297],[-114.1239,36.0459],[-114.0842,36.1576],[-114.0453,36.2005],[-114.042,36.2198],[-114.0414,36.4339],[-114.0409,36.7017],[-114.0402,37.0031],[-114.0403,37.3154],[-114.0404,37.4716],[-114.0405,37.7839],[-114.0406,37.9401],[-114.0408,38.2523],[-114.0409,38.4085],[-114.041,38.7208],[-114.0411,38.877],[-114.0413,39.1893],[-114.0413,39.3455],[-114.0414,39.6577],[-114.0416,39.9701],[-114.0417,40.2824],[-114.0419,40.5947],[-114.0421,40.907],[-114.0422,41.2193],[-114.0424,41.5316],[-114.0425,41.8439],[-114.0425,42.0001]]]},"properties":{"name":"Nevada","name_en":"Nevada","name_ja":"ネバダ州","name_zh":"内华达州","name_ko":"네바다","adm0_a3":"USA","postal":"NV","iso_3166_2":"US-NV","type_en":"State","region":"West","geonunit":"United States of America"}},
{"type":"Feature","geometry":{"type":"Polygon","coordinates":[[[-109.0463,40.9998],[-109.0463,40.6249],[-109.0465,40.3748],[-109.0465,39.9998],[-109.0465,39.7498],[-109.0465,39.3748],[-109.0465,38.9998],[-109.0465,38.6248],[-109.0466,38.3748],[-109.0466,38.1248],[-109.0466,37.8748],[-109.0466,37.4998],[-109.0466,37.1248],[-109.0466,36.9998],[-108.8577,36.9998],[-108.4798,36.9998],[-108.2909,36.9998],[-107.9131,36.9998],[-107.5352,36.9998],[-107.1573,36.9998],[-106.7794,36.9998],[-106.5905,36.9998],[-106.2127,36.9998],[-105.8347,36.9998],[-105.4569,36.9998],[-105.0791,36.9998],[-104.7012,36.9998],[-104.3233,36.9998],[-103.9455,36.9998],[-103.5676,36.9998],[-103.1897,36.9998],[-103.0008,36.9998],[-102.7538,36.9998],[-102.5068,36.9998],[-102.2597,36.9998],[-102.0396,36.9998],[-102.0403,37.1873],[-102.0414,37.4686],[-102.0429,37.8436],[-102.0444,38.2187],[-102.0458,38.5937],[-102.0469,38.875],[-102.048,39.1563],[-102.0488,39.3438],[-102.0498,39.6251],[-102.0513,40.0001],[-102.0514,40.3124],[-102.0516,40.6872],[-102.0518,40.9996],[-102.355,40.9996],[-102.5931,40.9997],[-102.8312,40.9997],[-103.0693,40.9997],[-103.3073,40.9997],[-103.5454,40.9997],[-103.7835,40.9998],[-104.0537,40.9998],[-104.3356,40.9998],[-104.6497,40.9998],[-105.1207,40.9998],[-105.5918,40.9998],[-106.0629,40.9998],[-106.3769,40.9998],[-106.691,40.9998],[-107.0051,40.9998],[-107.4761,40.9998],[-107.7902,40.9998],[-108.2613,40.9998],[-108.7323,40.9998],[-109.0463,40.9998]]]},"properties":{"name":"Colorado","name_en":"Colorado","name_ja":"コロラド州","name_zh":"科罗拉多州","name_ko":"콜로라도","adm0_a3":"USA","postal":"CO","iso_3166_2":"US-CO","type_en":"State","region":"West","geonunit":"United States of America"}},
{"type":"Feature","geometry":{"type":"Polygon","coordinates":[[[-104.0449,45.942],[-104.0434,45.725],[-104.042,45.508],[-104.0405,45.291],[-104.0387,45.07],[-104.0393,44.9999],[-104.0567,45.0001],[-104.0557,44.6258],[-104.0559,44.5002],[-104.0554,44.2502],[-104.0546,44.1252],[-104.0554,43.8752],[-104.0549,43.6253],[-104.0547,43.3753],[-104.0531,43.0004],[-103.6881,43.0004],[-103.3473,43.0004],[-103.0066,43.0004],[-102.6659,43.0003],[-102.4955,43.0003],[-102.1548,43.0003],[-101.8141,43.0003],[-101.4733,43.0003],[-101.3029,43.0003],[-100.9622,43.0003],[-100.6215,43.0003],[-100.4511,43.0002],[-100.1104,43.0002],[-99.7696,43.0002],[-99.4289,43.0002],[-99.0882,43.0002],[-98.7474,43.0002],[-98.4851,43.0002],[-98.4542,42.9746],[-98.3492,42.9235],[-98.3258,42.921],[-98.284,42.8999],[-98.2429,42.8724],[-98.1047,42.8283],[-98.0785,42.8025],[-98.0069,42.7841],[-97.9529,42.7841],[-97.911,42.8094],[-97.895,42.8492],[-97.8635,42.8673],[-97.8388,42.8715],[-97.7704,42.8598],[-97.7294,42.8673],[-97.6848,42.853],[-97.6612,42.8541],[-97.622,42.8696],[-97.5997,42.8735],[-97.5275,42.8603],[-97.5004,42.8598],[-97.3012,42.8871],[-97.2758,42.8843],[-97.2382,42.8645],[-97.2082,42.8354],[-97.1716,42.8099],[-97.1273,42.7896],[-97.1036,42.7855],[-97.0513,42.7841],[-97.0195,42.7731],[-96.9924,42.7689],[-96.9654,42.75],[-96.9471,42.7451],[-96.857,42.7401],[-96.8393,42.7322],[-96.8145,42.709],[-96.7994,42.6868],[-96.7746,42.6796],[-96.7329,42.6817],[-96.7089,42.6775],[-96.6916,42.6646],[-96.7058,42.64],[-96.6935,42.6152],[-96.6523,42.5916],[-96.6394,42.5562],[-96.6113,42.5343],[-96.4827,42.5183],[-96.4822,42.5537],[-96.4995,42.574],[-96.5038,42.6001],[-96.5181,42.6169],[-96.5413,42.6327],[-96.523,42.6491],[-96.5442,42.6705],[-96.5976,42.7003],[-96.6305,42.7325],[-96.638,42.7511],[-96.6227,42.7883],[-96.5829,42.8378],[-96.5634,42.8445],[-96.5549,42.8774],[-96.542,42.8958],[-96.5373,42.9322],[-96.5188,42.9475],[-96.511,42.9655],[-96.5122,42.9924],[-96.4988,43.018],[-96.5074,43.0453],[-96.4741,43.0691],[-96.466,43.0815],[-96.4554,43.1217],[-96.4709,43.1973],[-96.4808,43.2166],[-96.5645,43.2235],[-96.5723,43.2341],[-96.5562,43.2547],[-96.5786,43.2777],[-96.5767,43.2891],[-96.5555,43.2886],[-96.5367,43.299],[-96.5335,43.3235],[-96.5356,43.3857],[-96.5829,43.4275],[-96.5925,43.4425],[-96.5906,43.478],[-96.5953,43.4989],[-96.4536,43.5001],[-96.4536,43.7198],[-96.4536,43.9395],[-96.4536,44.1592],[-96.4536,44.3788],[-96.4536,44.5985],[-96.4536,44.8182],[-96.4536,45.0379],[-96.4536,45.2966],[-96.4929,45.3475],[-96.5373,45.3783],[-96.5665,45.3935],[-96.609,45.4029],[-96.6882,45.409],[-96.7082,45.4216],[-96.7304,45.4512],[-96.7667,45.512],[-96.7871,45.5351],[-96.8631,45.6008],[-96.8464,45.6429],[-96.792,45.6738],[-96.7589,45.6987],[-96.686,45.7286],[-96.6592,45.744],[-96.6379,45.7635],[-96.608,45.8129],[-96.5877,45.8388],[-96.581,45.8561],[-96.5721,45.917],[-96.5563,45.9418],[-97.0223,45.9418],[-97.4882,45.9418],[-97.9541,45.9419],[-98.1871,45.9419],[-98.6529,45.9419],[-99.1189,45.9419],[-99.3518,45.9419],[-99.8178,45.9419],[-100.2837,45.9419],[-100.7496,45.9419],[-101.2155,45.9419],[-101.6815,45.942],[-102.1474,45.942],[-102.6133,45.942],[-103.0792,45.942],[-103.5451,45.942],[-103.7781,45.942],[-104.0449,45.942]]]},"properties":{"name":"South Dakota","name_en":"South Dakota","name_ja":"サウスダコタ州","name_zh":"南达科他州","name_ko":"사우스다코타","adm0_a3":"USA","postal":"SD","iso_3166_2":"US-SD","type_en":"State","region":"Midwest","geonunit":"United States of America"}},
{"type":"Feature","geometry":{"type":"Polygon","coordinates":[[[-104.0537,40.9998],[-103.7835,40.9998],[-103.5454,40.9997],[-103.3073,40.9997],[-103.0693,40.9997],[-102.8312,40.9997],[-102.5931,40.9997],[-102.355,40.9996],[-102.0518,40.9996],[-102.0516,40.6872],[-102.0514,40.3124],[-102.0513,40.0001],[-101.8148,40.0001],[-101.3956,40.0001],[-100.9764,40.0001],[-100.5572,40.0001],[-100.138,40.0001],[-99.7188,40.0001],[-99.5092,40.0001],[-99.0901,40.0001],[-98.8804,40.0001],[-98.4612,40.0001],[-98.0421,40.0001],[-97.8324,40.0001],[-97.4133,40.0001],[-96.9941,40.0001],[-96.7844,40.0001],[-96.3653,40.0001],[-95.9461,40.0001],[-95.7364,40.0001],[-95.3173,40.0001],[-95.3616,40.0267],[-95.4082,40.0336],[-95.4195,40.045],[-95.4174,40.0847],[-95.4038,40.1142],[-95.4373,40.1427],[-95.4432,40.1574],[-95.485,40.2008],[-95.4686,40.2257],[-95.4674,40.2381],[-95.4953,40.2542],[-95.5317,40.2563],[-95.5465,40.2622],[-95.5772,40.3012],[-95.5949,40.3106],[-95.6499,40.311],[-95.6564,40.3243],[-95.629,40.3454],[-95.6433,40.3795],[-95.6595,40.3983],[-95.6638,40.4341],[-95.6712,40.4503],[-95.6979,40.4819],[-95.6961,40.5183],[-95.7116,40.5297],[-95.7551,40.5395],[-95.7682,40.5487],[-95.773,40.5744],[-95.7676,40.6005],[-95.7631,40.639],[-95.773,40.6607],[-95.7921,40.671],[-95.8447,40.6882],[-95.8693,40.7289],[-95.8624,40.7587],[-95.8277,40.7941],[-95.8419,40.828],[-95.838,40.8515],[-95.8248,40.889],[-95.8277,40.9139],[-95.8401,40.9385],[-95.8383,40.9824],[-95.871,41.0121],[-95.876,41.0238],[-95.8644,41.0429],[-95.8823,41.071],[-95.8624,41.1057],[-95.8687,41.1201],[-95.876,41.1672],[-95.8528,41.1759],[-95.8654,41.1839],[-95.9102,41.1951],[-95.9238,41.2076],[-95.9248,41.2241],[-95.917,41.2665],[-95.8845,41.2893],[-95.8698,41.3088],[-95.8792,41.318],[-95.9417,41.3316],[-95.958,41.3385],[-95.9345,41.4023],[-95.9245,41.4546],[-95.9309,41.4649],[-95.9866,41.474],[-96.0064,41.4924],[-95.9877,41.534],[-96.02,41.5508],[-96.061,41.5377],[-96.0821,41.5498],[-96.0778,41.5992],[-96.0916,41.6066],[-96.1019,41.6471],[-96.1012,41.6897],[-96.079,41.7203],[-96.0815,41.7395],[-96.0642,41.796],[-96.074,41.8189],[-96.133,41.8661],[-96.1534,41.8981],[-96.1563,41.9188],[-96.143,41.948],[-96.1543,41.9878],[-96.1906,42.0102],[-96.2324,42.0289],[-96.2603,42.0579],[-96.2657,42.1195],[-96.2767,42.1367],[-96.3279,42.1658],[-96.3422,42.1814],[-96.3513,42.2057],[-96.3348,42.2602],[-96.3424,42.3002],[-96.3672,42.3223],[-96.3685,42.3384],[-96.4022,42.369],[-96.3972,42.4113],[-96.3835,42.4554],[-96.3974,42.4967],[-96.4384,42.5128],[-96.4827,42.5183],[-96.6113,42.5343],[-96.6394,42.5562],[-96.6523,42.5916],[-96.6935,42.6152],[-96.7058,42.64],[-96.6916,42.6646],[-96.7089,42.6775],[-96.7329,42.6817],[-96.7746,42.6796],[-96.7994,42.6868],[-96.8145,42.709],[-96.8393,42.7322],[-96.857,42.7401],[-96.9471,42.7451],[-96.9654,42.75],[-96.9924,42.7689],[-97.0195,42.7731],[-97.0513,42.7841],[-97.1036,42.7855],[-97.1273,42.7896],[-97.1716,42.8099],[-97.2082,42.8354],[-97.2382,42.8645],[-97.2758,42.8843],[-97.3012,42.8871],[-97.5004,42.8598],[-97.5275,42.8603],[-97.5997,42.8735],[-97.622,42.8696],[-97.6612,42.8541],[-97.6848,42.853],[-97.7294,42.8673],[-97.7704,42.8598],[-97.8388,42.8715],[-97.8635,42.8673],[-97.895,42.8492],[-97.911,42.8094],[-97.9529,42.7841],[-98.0069,42.7841],[-98.0785,42.8025],[-98.1047,42.8283],[-98.2429,42.8724],[-98.284,42.8999],[-98.3258,42.921],[-98.3492,42.9235],[-98.4542,42.9746],[-98.4851,43.0002],[-98.7474,43.0002],[-99.0882,43.0002],[-99.4289,43.0002],[-99.7696,43.0002],[-100.1104,43.0002],[-100.4511,43.0002],[-100.6215,43.0003],[-100.9622,43.0003],[-101.3029,43.0003],[-101.4733,43.0003],[-101.8141,43.0003],[-102.1548,43.0003],[-102.4955,43.0003],[-102.6659,43.0003],[-103.0066,43.0004],[-103.3473,43.0004],[-103.6881,43.0004],[-104.0531,43.0004],[-104.0526,42.6253],[-104.0528,42.3752],[-104.0526,42.1251],[-104.053,41.8751],[-104.053,41.625],[-104.0524,41.5],[-104.0529,41.2499],[-104.0537,40.9998]]]},"properties":{"name":"Nebraska","name_en":"Nebraska","name_ja":"ネブラスカ州","name_zh":"內布拉斯加州","name_ko":"네브래스카","adm0_a3":"USA","postal":"NE","iso_3166_2":"US-NE","type_en":"State","region":"Midwest","geonunit":"United States of America"}},
{"type":"Feature","geometry":{"type":"Polygon","coordinates":[[[-102.0396,36.9998],[-101.7817,36.9998],[-101.5506,36.9998],[-101.3195,36.9998],[-101.0884,36.9998],[-100.8573,36.9998],[-100.6262,36.9998],[-100.3951,36.9998],[-100.1641,36.9998],[-99.933,36.9998],[-99.7019,36.9998],[-99.4708,36.9998],[-99.2397,36.9998],[-99.0086,36.9998],[-98.7775,36.9998],[-98.5465,36.9998],[-98.3153,36.9998],[-98.0843,36.9998],[-97.8532,36.9998],[-97.6221,36.9998],[-97.3911,36.9998],[-97.16,36.9998],[-96.9289,36.9998],[-96.6978,36.9998],[-96.4667,36.9998],[-96.2356,36.9998],[-96.0045,36.9998],[-95.7734,36.9998],[-95.5423,36.9998],[-95.3112,36.9998],[-95.0801,36.9998],[-94.8491,36.9998],[-94.618,36.9998],[-94.618,37.3829],[-94.618,37.6383],[-94.6179,37.8937],[-94.6179,38.1491],[-94.6178,38.4045],[-94.6178,38.6599],[-94.6177,38.9153],[-94.6177,39.1231],[-94.6246,39.1325],[-94.6125,39.1528],[-94.6527,39.1593],[-94.6632,39.1729],[-94.7241,39.1729],[-94.7462,39.1799],[-94.7904,39.2028],[-94.8296,39.2173],[-94.8351,39.2595],[-94.879,39.2873],[-94.901,39.3272],[-94.9086,39.367],[-94.8997,39.3852],[-94.9438,39.3926],[-94.9574,39.42],[-94.9993,39.4436],[-95.0257,39.4541],[-95.0639,39.5087],[-95.0988,39.5302],[-95.1105,39.5503],[-95.1089,39.5708],[-95.0751,39.5749],[-95.0602,39.5889],[-95.0605,39.6217],[-95.0537,39.6388],[-95.0377,39.6559],[-94.9806,39.696],[-94.9777,39.7204],[-94.9612,39.7421],[-94.9129,39.731],[-94.8908,39.7296],[-94.8726,39.7534],[-94.8892,39.7796],[-94.8823,39.8209],[-94.8916,39.8312],[-94.9358,39.8517],[-94.9506,39.8656],[-94.9419,39.8757],[-94.9482,39.9014],[-94.9612,39.9065],[-95.0019,39.9029],[-95.0678,39.8656],[-95.0912,39.8607],[-95.1123,39.8687],[-95.1389,39.8928],[-95.1613,39.9027],[-95.1908,39.9065],[-95.2147,39.937],[-95.2474,39.9442],[-95.2605,39.9597],[-95.3173,40.0001],[-95.7364,40.0001],[-95.9461,40.0001],[-96.3653,40.0001],[-96.7844,40.0001],[-96.9941,40.0001],[-97.4133,40.0001],[-97.8324,40.0001],[-98.0421,40.0001],[-98.4612,40.0001],[-98.8804,40.0001],[-99.0901,40.0001],[-99.5092,40.0001],[-99.7188,40.0001],[-100.138,40.0001],[-100.5572,40.0001],[-100.9764,40.0001],[-101.3956,40.0001],[-101.8148,40.0001],[-102.0513,40.0001],[-102.0498,39.6251],[-102.0488,39.3438],[-102.048,39.1563],[-102.0469,38.875],[-102.0458,38.5937],[-102.0444,38.2187],[-102.0429,37.8436],[-102.0414,37.4686],[-102.0403,37.1873],[-102.0396,36.9998]]]},"properties":{"name":"Kansas","name_en":"Kansas","name_ja":"カンザス州","name_zh":"堪萨斯州","name_ko":"캔자스","adm0_a3":"USA","postal":"KS","iso_3166_2":"US-KS","type_en":"State","region":"Midwest","geonunit":"United States of America"}},
{"type":"Feature","geometry":{"type":"Polygon","coordinates":[[[-103.0002,36.5002],[-102.7297,36.5002],[-102.3202,36.5002],[-102.0725,36.5002],[-101.8075,36.5002],[-101.5341,36.5002],[-101.2606,36.5002],[-100.9957,36.5002],[-100.748,36.5001],[-100.3385,36.5001],[-100.0024,36.4999],[-100.0022,36.3368],[-100.0018,36.1095],[-100.0013,35.7685],[-100.0009,35.5412],[-100.0005,35.3139],[-100.0001,35.0867],[-99.9997,34.8593],[-99.9993,34.5755],[-99.9384,34.582],[-99.882,34.5649],[-99.7132,34.4308],[-99.6808,34.3947],[-99.6622,34.3899],[-99.6017,34.385],[-99.5835,34.3899],[-99.565,34.4056],[-99.5473,34.4125],[-99.499,34.4068],[-99.4401,34.3824],[-99.4165,34.3804],[-99.4014,34.3864],[-99.3934,34.4017],[-99.3874,34.4514],[-99.3774,34.4627],[-99.3624,34.4623],[-99.3439,34.4513],[-99.3234,34.424],[-99.2655,34.4116],[-99.2402,34.3626],[-99.1921,34.3222],[-99.1997,34.3024],[-99.1971,34.2483],[-99.193,34.2322],[-99.1759,34.2206],[-99.1535,34.2169],[-99.107,34.2186],[-99.0286,34.2043],[-98.9753,34.2159],[-98.9528,34.2117],[-98.8777,34.1708],[-98.8575,34.1648],[-98.7321,34.1421],[-98.7201,34.1366],[-98.6532,34.1597],[-98.6185,34.1629],[-98.5747,34.1517],[-98.5587,34.1278],[-98.5392,34.115],[-98.5058,34.0826],[-98.4907,34.0752],[-98.4407,34.0753],[-98.4165,34.079],[-98.3843,34.1229],[-98.3686,34.1375],[-98.3433,34.1435],[-98.2095,34.1292],[-98.1788,34.1324],[-98.1319,34.1465],[-98.1065,34.1497],[-98.0907,34.1383],[-98.0953,34.0821],[-98.0884,34.0278],[-98.0505,34.0119],[-98.0014,34.0036],[-97.9659,33.9933],[-97.956,33.9953],[-97.9466,33.9771],[-97.9529,33.9653],[-97.9461,33.945],[-97.9591,33.893],[-97.9267,33.8731],[-97.884,33.8617],[-97.8402,33.868],[-97.8008,33.8878],[-97.715,33.96],[-97.68,33.9835],[-97.6406,33.9945],[-97.6028,33.979],[-97.5939,33.9621],[-97.5947,33.925],[-97.5857,33.9064],[-97.5709,33.899],[-97.5066,33.9026],[-97.4693,33.8921],[-97.4612,33.8793],[-97.4525,33.8354],[-97.4364,33.827],[-97.3717,33.8305],[-97.3325,33.8517],[-97.3216,33.8691],[-97.3058,33.878],[-97.2937,33.8754],[-97.267,33.8554],[-97.2306,33.9027],[-97.2118,33.9101],[-97.1881,33.8929],[-97.1777,33.8691],[-97.1824,33.8529],[-97.2013,33.8277],[-97.2056,33.8108],[-97.2006,33.7866],[-97.1872,33.7601],[-97.1675,33.7376],[-97.1441,33.7251],[-97.1125,33.7261],[-97.0938,33.7423],[-97.085,33.7679],[-97.0783,33.8079],[-97.0591,33.8173],[-97.0585,33.8344],[-97.0738,33.8462],[-97.0752,33.8617],[-97.0398,33.8536],[-97.0177,33.8585],[-97.0022,33.8753],[-96.9865,33.9026],[-96.9851,33.9399],[-96.9669,33.9521],[-96.9145,33.9559],[-96.8892,33.9415],[-96.8786,33.9034],[-96.8556,33.8748],[-96.834,33.8693],[-96.7983,33.8733],[-96.7798,33.8679],[-96.7484,33.8489],[-96.7289,33.8472],[-96.692,33.8546],[-96.6781,33.8707],[-96.6652,33.9017],[-96.6494,33.916],[-96.6008,33.9049],[-96.5899,33.8919],[-96.6026,33.8683],[-96.5981,33.8534],[-96.582,33.8387],[-96.5409,33.8282],[-96.5135,33.8145],[-96.504,33.7899],[-96.4965,33.7866],[-96.4287,33.7897],[-96.4105,33.7866],[-96.3871,33.7628],[-96.3586,33.7256],[-96.3288,33.7019],[-96.3012,33.7183],[-96.2959,33.7541],[-96.2895,33.763],[-96.2634,33.766],[-96.2027,33.7637],[-96.1839,33.7735],[-96.1564,33.8212],[-96.1054,33.8418],[-96.0402,33.8433],[-95.9654,33.8725],[-95.9379,33.8956],[-95.8604,33.854],[-95.8208,33.8554],[-95.8009,33.8691],[-95.7833,33.8554],[-95.7723,33.8619],[-95.7766,33.89],[-95.7696,33.8964],[-95.7116,33.8964],[-95.6952,33.9096],[-95.647,33.9298],[-95.6228,33.9244],[-95.5981,33.9521],[-95.5481,33.9255],[-95.5403,33.9101],[-95.5498,33.8957],[-95.5371,33.8899],[-95.5055,33.8896],[-95.4971,33.8753],[-95.4816,33.8834],[-95.4406,33.8705],[-95.357,33.8682],[-95.3377,33.8744],[-95.3318,33.8955],[-95.3137,33.8896],[-95.2862,33.9021],[-95.2686,33.9046],[-95.2557,33.948],[-95.2367,33.9607],[-95.2203,33.9629],[-95.1543,33.9442],[-95.1283,33.9193],[-95.097,33.913],[-95.0794,33.9031],[-95.0475,33.8759],[-95.0164,33.8626],[-94.9817,33.8617],[-94.9601,33.8497],[-94.955,33.8298],[-94.9301,33.8145],[-94.9103,33.7866],[-94.8727,33.7559],[-94.8072,33.7462],[-94.7555,33.7334],[-94.7396,33.71],[-94.7079,33.6916],[-94.6895,33.6973],[-94.6687,33.6954],[-94.636,33.6773],[-94.5884,33.6793],[-94.595,33.6699],[-94.5329,33.65],[-94.4841,33.6474],[-94.4785,33.8648],[-94.4728,34.0821],[-94.4672,34.2995],[-94.4616,34.5168],[-94.456,34.7342],[-94.4503,34.9515],[-94.4447,35.1688],[-94.4391,35.3862],[-94.4839,35.6646],[-94.5063,35.8038],[-94.5511,36.0822],[-94.5959,36.3606],[-94.6183,36.4998],[-94.6182,36.7498],[-94.618,36.9998],[-94.8491,36.9998],[-95.0801,36.9998],[-95.3112,36.9998],[-95.5423,36.9998],[-95.7734,36.9998],[-96.0045,36.9998],[-96.2356,36.9998],[-96.4667,36.9998],[-96.6978,36.9998],[-96.9289,36.9998],[-97.16,36.9998],[-97.3911,36.9998],[-97.6221,36.9998],[-97.8532,36.9998],[-98.0843,36.9998],[-98.3153,36.9998],[-98.5465,36.9998],[-98.7775,36.9998],[-99.0086,36.9998],[-99.2397,36.9998],[-99.4708,36.9998],[-99.7019,36.9998],[-99.933,36.9998],[-100.1641,36.9998],[-100.3951,36.9998],[-100.6262,36.9998],[-100.8573,36.9998],[-101.0884,36.9998],[-101.3195,36.9998],[-101.5506,36.9998],[-101.7817,36.9998],[-102.0396,36.9998],[-102.2597,36.9998],[-102.5068,36.9998],[-102.7538,36.9998],[-103.0008,36.9998],[-103.0007,36.8749],[-103.0002,36.5002]]]},"properties":{"name":"Oklahoma","name_en":"Oklahoma","name_ja":"オクラホマ州","name_zh":"俄克拉荷马州","name_ko":"오클라호마","adm0_a3":"USA","postal":"OK","iso_3166_2":"US-OK","type_en":"State","region":"South","geonunit":"United States of America"}},
{"type":"Feature","geometry":{"type":"Polygon","coordinates":[[[-96.4536,43.5001],[-96.5953,43.4989],[-96.5906,43.478],[-96.5925,43.4425],[-96.5829,43.4275],[-96.5356,43.3857],[-96.5335,43.3235],[-96.5367,43.299],[-96.5555,43.2886],[-96.5767,43.2891],[-96.5786,43.2777],[-96.5562,43.2547],[-96.5723,43.2341],[-96.5645,43.2235],[-96.4808,43.2166],[-96.4709,43.1973],[-96.4554,43.1217],[-96.466,43.0815],[-96.4741,43.0691],[-96.5074,43.0453],[-96.4988,43.018],[-96.5122,42.9924],[-96.511,42.9655],[-96.5188,42.9475],[-96.5373,42.9322],[-96.542,42.8958],[-96.5549,42.8774],[-96.5634,42.8445],[-96.5829,42.8378],[-96.6227,42.7883],[-96.638,42.7511],[-96.6305,42.7325],[-96.5976,42.7003],[-96.5442,42.6705],[-96.523,42.6491],[-96.5413,42.6327],[-96.5181,42.6169],[-96.5038,42.6001],[-96.4995,42.574],[-96.4822,42.5537],[-96.4827,42.5183],[-96.4384,42.5128],[-96.3974,42.4967],[-96.3835,42.4554],[-96.3972,42.4113],[-96.4022,42.369],[-96.3685,42.3384],[-96.3672,42.3223],[-96.3424,42.3002],[-96.3348,42.2602],[-96.3513,42.2057],[-96.3422,42.1814],[-96.3279,42.1658],[-96.2767,42.1367],[-96.2657,42.1195],[-96.2603,42.0579],[-96.2324,42.0289],[-96.1906,42.0102],[-96.1543,41.9878],[-96.143,41.948],[-96.1563,41.9188],[-96.1534,41.8981],[-96.133,41.8661],[-96.074,41.8189],[-96.0642,41.796],[-96.0815,41.7395],[-96.079,41.7203],[-96.1012,41.6897],[-96.1019,41.6471],[-96.0916,41.6066],[-96.0778,41.5992],[-96.0821,41.5498],[-96.061,41.5377],[-96.02,41.5508],[-95.9877,41.534],[-96.0064,41.4924],[-95.9866,41.474],[-95.9309,41.4649],[-95.9245,41.4546],[-95.9345,41.4023],[-95.958,41.3385],[-95.9417,41.3316],[-95.8792,41.318],[-95.8698,41.3088],[-95.8845,41.2893],[-95.917,41.2665],[-95.9248,41.2241],[-95.9238,41.2076],[-95.9102,41.1951],[-95.8654,41.1839],[-95.8528,41.1759],[-95.876,41.1672],[-95.8687,41.1201],[-95.8624,41.1057],[-95.8823,41.071],[-95.8644,41.0429],[-95.876,41.0238],[-95.871,41.0121],[-95.8383,40.9824],[-95.8401,40.9385],[-95.8277,40.9139],[-95.8248,40.889],[-95.838,40.8515],[-95.8419,40.828],[-95.8277,40.7941],[-95.8624,40.7587],[-95.8693,40.7289],[-95.8447,40.6882],[-95.7921,40.671],[-95.773,40.6607],[-95.7631,40.639],[-95.7676,40.6005],[-95.3721,40.5922],[-94.9221,40.5813],[-94.4783,40.573],[-94.2471,40.574],[-94.0158,40.5751],[-93.5617,40.5855],[-93.095,40.5813],[-92.908,40.586],[-92.5341,40.5954],[-92.3471,40.6001],[-91.944,40.6055],[-91.8354,40.6133],[-91.7307,40.6188],[-91.6963,40.5881],[-91.6935,40.5655],[-91.682,40.5508],[-91.651,40.5419],[-91.6274,40.5297],[-91.6168,40.5058],[-91.5902,40.5005],[-91.5827,40.4854],[-91.5454,40.4683],[-91.5362,40.4545],[-91.5386,40.441],[-91.4936,40.4031],[-91.4524,40.3877],[-91.4419,40.3795],[-91.3826,40.3929],[-91.3736,40.4031],[-91.3804,40.4444],[-91.3747,40.51],[-91.3838,40.5263],[-91.4108,40.5454],[-91.4124,40.5638],[-91.3833,40.5986],[-91.343,40.6178],[-91.2982,40.6332],[-91.2273,40.6428],[-91.1878,40.6533],[-91.153,40.6725],[-91.1272,40.7016],[-91.1077,40.7419],[-91.1015,40.7638],[-91.0935,40.8236],[-91.0657,40.8587],[-90.9666,40.9462],[-90.949,40.9822],[-90.9453,41.0293],[-90.9515,41.0754],[-90.9686,41.1161],[-90.9974,41.1467],[-91.0477,41.1766],[-91.0824,41.1897],[-91.094,41.2109],[-91.0992,41.2565],[-91.0911,41.2998],[-91.0755,41.3434],[-91.0548,41.3829],[-91.031,41.4136],[-90.9915,41.4336],[-90.7045,41.4512],[-90.6616,41.462],[-90.6413,41.4761],[-90.6032,41.5105],[-90.5822,41.5173],[-90.4829,41.5309],[-90.4409,41.5434],[-90.4223,41.554],[-90.4055,41.5743],[-90.3615,41.5933],[-90.3463,41.6054],[-90.3392,41.6264],[-90.3389,41.6501],[-90.3465,41.6648],[-90.3321,41.6845],[-90.3282,41.7062],[-90.305,41.7485],[-90.277,41.7744],[-90.2351,41.7997],[-90.2012,41.8136],[-90.1886,41.8348],[-90.1744,41.8797],[-90.167,41.9413],[-90.1494,41.9763],[-90.1403,42.0306],[-90.165,42.0752],[-90.1697,42.1165],[-90.2011,42.1309],[-90.2365,42.1609],[-90.3219,42.1996],[-90.3489,42.2072],[-90.3704,42.2306],[-90.4031,42.2454],[-90.4121,42.2684],[-90.4146,42.3186],[-90.4322,42.3526],[-90.4632,42.376],[-90.5491,42.4173],[-90.5811,42.4378],[-90.6115,42.4631],[-90.642,42.4757],[-90.6542,42.4898],[-90.6413,42.5118],[-90.6263,42.5445],[-90.6345,42.5598],[-90.6679,42.5997],[-90.6873,42.6404],[-90.703,42.6553],[-90.75,42.6638],[-90.7957,42.6769],[-90.9666,42.7016],[-91.0105,42.7164],[-91.0455,42.7421],[-91.0795,42.792],[-91.0862,42.853],[-91.102,42.885],[-91.1306,42.9113],[-91.1464,42.9504],[-91.1477,42.9963],[-91.1542,43.0198],[-91.1547,43.0565],[-91.1624,43.0904],[-91.1678,43.1605],[-91.1565,43.1953],[-91.1035,43.2493],[-91.0848,43.2801],[-91.0865,43.3174],[-91.111,43.34],[-91.1971,43.366],[-91.2165,43.3834],[-91.221,43.4109],[-91.251,43.4744],[-91.2501,43.501],[-91.5754,43.5009],[-91.9006,43.5008],[-92.2258,43.5008],[-92.551,43.5008],[-92.8762,43.5006],[-93.2014,43.5006],[-93.5266,43.5006],[-93.8519,43.5005],[-94.1771,43.5005],[-94.5023,43.5004],[-94.8275,43.5003],[-95.1527,43.5003],[-95.4779,43.5003],[-95.8032,43.5002],[-96.1284,43.5001],[-96.4536,43.5001]]]},"properties":{"name":"Iowa","name_en":"Iowa","name_ja":"アイオワ州","name_zh":"艾奥瓦州","name_ko":"아이오와","adm0_a3":"USA","postal":"IA","iso_3166_2":"US-IA","type_en":"State","region":"Midwest","geonunit":"United States of America"}},
{"type":"Feature","geometry":{"type":"Polygon","coordinates":[[[-95.7676,40.6005],[-95.773,40.5744],[-95.7682,40.5487],[-95.7551,40.5395],[-95.7116,40.5297],[-95.6961,40.5183],[-95.6979,40.4819],[-95.6712,40.4503],[-95.6638,40.4341],[-95.6595,40.3983],[-95.6433,40.3795],[-95.629,40.3454],[-95.6564,40.3243],[-95.6499,40.311],[-95.5949,40.3106],[-95.5772,40.3012],[-95.5465,40.2622],[-95.5317,40.2563],[-95.4953,40.2542],[-95.4674,40.2381],[-95.4686,40.2257],[-95.485,40.2008],[-95.4432,40.1574],[-95.4373,40.1427],[-95.4038,40.1142],[-95.4174,40.0847],[-95.4195,40.045],[-95.4082,40.0336],[-95.3616,40.0267],[-95.3173,40.0001],[-95.2605,39.9597],[-95.2474,39.9442],[-95.2147,39.937],[-95.1908,39.9065],[-95.1613,39.9027],[-95.1389,39.8928],[-95.1123,39.8687],[-95.0912,39.8607],[-95.0678,39.8656],[-95.0019,39.9029],[-94.9612,39.9065],[-94.9482,39.9014],[-94.9419,39.8757],[-94.9506,39.8656],[-94.9358,39.8517],[-94.8916,39.8312],[-94.8823,39.8209],[-94.8892,39.7796],[-94.8726,39.7534],[-94.8908,39.7296],[-94.9129,39.731],[-94.9612,39.7421],[-94.9777,39.7204],[-94.9806,39.696],[-95.0377,39.6559],[-95.0537,39.6388],[-95.0605,39.6217],[-95.0602,39.5889],[-95.0751,39.5749],[-95.1089,39.5708],[-95.1105,39.5503],[-95.0988,39.5302],[-95.0639,39.5087],[-95.0257,39.4541],[-94.9993,39.4436],[-94.9574,39.42],[-94.9438,39.3926],[-94.8997,39.3852],[-94.9086,39.367],[-94.901,39.3272],[-94.879,39.2873],[-94.8351,39.2595],[-94.8296,39.2173],[-94.7904,39.2028],[-94.7462,39.1799],[-94.7241,39.1729],[-94.6632,39.1729],[-94.6527,39.1593],[-94.6125,39.1528],[-94.6246,39.1325],[-94.6177,39.1231],[-94.6177,38.9153],[-94.6178,38.6599],[-94.6178,38.4045],[-94.6179,38.1491],[-94.6179,37.8937],[-94.618,37.6383],[-94.618,37.3829],[-94.618,36.9998],[-94.6182,36.7498],[-94.6183,36.4998],[-94.3441,36.4998],[-94.0699,36.4998],[-93.7957,36.4998],[-93.5216,36.4998],[-93.2474,36.4998],[-92.9732,36.4998],[-92.699,36.4998],[-92.4248,36.4998],[-92.1506,36.4998],[-91.8764,36.4998],[-91.6022,36.4998],[-91.328,36.4998],[-91.0539,36.4998],[-90.7797,36.4998],[-90.5055,36.4998],[-90.1622,36.4998],[-90.1439,36.4649],[-90.1285,36.4532],[-90.1223,36.4184],[-90.1156,36.4103],[-90.0825,36.3937],[-90.063,36.3689],[-90.0706,36.3271],[-90.0675,36.2874],[-90.08,36.2705],[-90.1239,36.2526],[-90.1299,36.2282],[-90.1433,36.2114],[-90.1747,36.1972],[-90.2154,36.1845],[-90.2355,36.1663],[-90.2448,36.1369],[-90.2642,36.1256],[-90.2895,36.1198],[-90.3165,36.0943],[-90.3425,36.0615],[-90.3779,36.0057],[-90.3733,35.9862],[-90.1584,35.991],[-89.7238,36.0005],[-89.7157,36.0347],[-89.6851,36.0762],[-89.6741,36.1022],[-89.6386,36.1202],[-89.6229,36.1234],[-89.6139,36.1417],[-89.6402,36.1823],[-89.6946,36.247],[-89.6765,36.2519],[-89.5834,36.2547],[-89.5612,36.2637],[-89.5573,36.2747],[-89.5922,36.2879],[-89.6112,36.3026],[-89.6262,36.3231],[-89.6284,36.3415],[-89.6093,36.3494],[-89.5597,36.3517],[-89.5414,36.3617],[-89.5308,36.3835],[-89.5339,36.4062],[-89.556,36.4475],[-89.5475,36.4815],[-89.5599,36.5002],[-89.5779,36.5213],[-89.5697,36.5564],[-89.5369,36.5679],[-89.5027,36.5544],[-89.4898,36.5145],[-89.4944,36.5014],[-89.5068,36.473],[-89.5051,36.4582],[-89.4789,36.4524],[-89.4497,36.4709],[-89.4245,36.499],[-89.3862,36.6101],[-89.3763,36.6274],[-89.3588,36.638],[-89.2845,36.5776],[-89.2533,36.5691],[-89.2263,36.5805],[-89.2054,36.6076],[-89.1807,36.6653],[-89.1406,36.7346],[-89.1329,36.7609],[-89.1345,36.7833],[-89.1497,36.8184],[-89.1494,36.8512],[-89.1254,36.877],[-89.1254,36.9186],[-89.1189,36.9619],[-89.1237,36.9796],[-89.1435,36.9868],[-89.1769,36.9783],[-89.1974,36.9895],[-89.2086,37.0216],[-89.2462,37.0455],[-89.2536,37.0782],[-89.2601,37.0831],[-89.3022,37.0811],[-89.3088,37.0712],[-89.298,37.0489],[-89.2729,37.0261],[-89.2751,37.0004],[-89.2868,37.0005],[-89.3272,37.0142],[-89.3773,37.0473],[-89.3936,37.0626],[-89.3869,37.0914],[-89.4015,37.1201],[-89.4414,37.165],[-89.4723,37.2141],[-89.4738,37.2439],[-89.5233,37.268],[-89.5231,37.3067],[-89.4937,37.3351],[-89.4586,37.3626],[-89.4414,37.3983],[-89.4511,37.4403],[-89.4748,37.4749],[-89.5022,37.5071],[-89.5233,37.5418],[-89.527,37.562],[-89.5165,37.614],[-89.5308,37.6667],[-89.5233,37.6789],[-89.5496,37.6977],[-89.6468,37.7335],[-89.669,37.7544],[-89.6975,37.8093],[-89.7219,37.8372],[-89.7466,37.8508],[-89.8081,37.8717],[-89.8319,37.8846],[-89.8887,37.9318],[-89.9227,37.9526],[-89.968,37.963],[-90.005,37.9625],[-90.0754,38.0079],[-90.1108,38.0167],[-90.138,38.0375],[-90.1881,38.0836],[-90.2428,38.1129],[-90.2565,38.1369],[-90.2911,38.1692],[-90.3463,38.2071],[-90.3616,38.2266],[-90.373,38.2543],[-90.382,38.3005],[-90.378,38.3376],[-90.363,38.3692],[-90.3148,38.4315],[-90.2638,38.5429],[-90.2135,38.6068],[-90.1965,38.6382],[-90.1955,38.6794],[-90.2006,38.7197],[-90.1979,38.7442],[-90.1704,38.7649],[-90.1347,38.8125],[-90.1272,38.8303],[-90.1435,38.8568],[-90.1836,38.8827],[-90.2821,38.9265],[-90.3327,38.9382],[-90.3749,38.9438],[-90.4283,38.9674],[-90.479,38.9589],[-90.542,38.894],[-90.5853,38.8781],[-90.6265,38.8904],[-90.6575,38.921],[-90.7026,38.9954],[-90.6981,39.0079],[-90.7047,39.041],[-90.7188,39.0664],[-90.7026,39.1012],[-90.7299,39.1462],[-90.7299,39.2008],[-90.7482,39.242],[-90.774,39.2791],[-90.8196,39.3201],[-91.0509,39.4524],[-91.0657,39.4643],[-91.0767,39.4994],[-91.1043,39.5331],[-91.3551,39.7108],[-91.3749,39.7357],[-91.3872,39.7694],[-91.3914,39.8035],[-91.4251,39.8338],[-91.4493,39.8656],[-91.4419,39.9065],[-91.446,39.9479],[-91.4871,39.9944],[-91.4925,40.0096],[-91.5189,40.1749],[-91.5182,40.2213],[-91.5112,40.2622],[-91.4961,40.3134],[-91.4729,40.3581],[-91.4419,40.3795],[-91.4524,40.3877],[-91.4936,40.4031],[-91.5386,40.441],[-91.5362,40.4545],[-91.5454,40.4683],[-91.5827,40.4854],[-91.5902,40.5005],[-91.6168,40.5058],[-91.6274,40.5297],[-91.651,40.5419],[-91.682,40.5508],[-91.6935,40.5655],[-91.6963,40.5881],[-91.7307,40.6188],[-91.8354,40.6133],[-91.944,40.6055],[-92.3471,40.6001],[-92.5341,40.5954],[-92.908,40.586],[-93.095,40.5813],[-93.5617,40.5855],[-94.0158,40.5751],[-94.2471,40.574],[-94.4783,40.573],[-94.9221,40.5813],[-95.3721,40.5922],[-95.7676,40.6005]]]},"properties":{"name":"Missouri","name_en":"Missouri","name_ja":"ミズーリ州","name_zh":"密苏里州","name_ko":"미주리","adm0_a3":"USA","postal":"MO","iso_3166_2":"US-MO","type_en":"State","region":"Midwest","geonunit":"United States of America"}},
{"type":"Feature","geometry":{"type":"Polygon","coordinates":[[[-87.0188,42.4962],[-87.0401,42.6271],[-87.0483,42.7024],[-87.0663,42.8047],[-87.0924,42.9912],[-87.1317,43.2366],[-87.1448,43.334],[-87.1472,43.3799],[-87.1322,43.5739],[-87.1144,43.7652],[-87.0614,43.9696],[-87.0286,44.0711],[-86.9999,44.1677],[-86.953,44.2791],[-86.9288,44.3664],[-86.8912,44.4662],[-86.8519,44.5628],[-86.8127,44.6478],[-86.7469,44.7685],[-86.7146,44.8452],[-86.67,44.894],[-86.6376,44.9448],[-86.595,44.9906],[-86.5359,45.0405],[-86.4977,45.0757],[-86.4486,45.115],[-86.3733,45.1608],[-86.3144,45.1935],[-86.2506,45.2361],[-86.2868,45.249],[-86.4145,45.3013],[-86.6403,45.3949],[-86.6787,45.4091],[-86.7424,45.4373],[-86.7636,45.4438],[-86.9223,45.4422],[-87.0319,45.4422],[-87.0924,45.4438],[-87.1317,45.3997],[-87.1661,45.3555],[-87.1988,45.3228],[-87.2443,45.2888],[-87.3117,45.2426],[-87.4033,45.205],[-87.436,45.079],[-87.5427,45.0895],[-87.6536,45.1208],[-87.6704,45.1305],[-87.6881,45.152],[-87.7267,45.1828],[-87.7348,45.1993],[-87.7267,45.2438],[-87.707,45.2841],[-87.682,45.3246],[-87.6538,45.3512],[-87.6548,45.3614],[-87.6758,45.385],[-87.6951,45.3874],[-87.7685,45.3596],[-87.8146,45.3634],[-87.8583,45.3576],[-87.8822,45.3774],[-87.8692,45.4048],[-87.8684,45.4402],[-87.8614,45.4499],[-87.8285,45.4676],[-87.8119,45.4847],[-87.8038,45.51],[-87.8213,45.5614],[-87.8157,45.5745],[-87.7978,45.5814],[-87.7914,45.5954],[-87.7966,45.622],[-87.8207,45.6527],[-87.8026,45.687],[-87.835,45.7151],[-87.8689,45.7335],[-87.8899,45.7531],[-87.9096,45.7605],[-87.9698,45.7667],[-87.9981,45.7872],[-88.0725,45.7875],[-88.1023,45.798],[-88.1197,45.8125],[-88.1221,45.8264],[-88.0864,45.8678],[-88.0893,45.8842],[-88.1152,45.9246],[-88.1877,45.9594],[-88.2274,45.9584],[-88.278,45.9731],[-88.3359,45.9773],[-88.3791,45.9967],[-88.4181,45.9937],[-88.46,46.0091],[-88.4919,46.0092],[-88.5373,46.0261],[-88.5709,46.0178],[-88.6003,46.0189],[-88.6219,46.0069],[-88.6421,46.0081],[-88.7244,46.0339],[-88.7622,46.0283],[-88.8018,46.0366],[-88.8373,46.0356],[-89.1192,46.1482],[-89.5354,46.2282],[-89.8735,46.2933],[-90.1185,46.3406],[-90.135,46.3704],[-90.2051,46.486],[-90.2303,46.5087],[-90.2717,46.5193],[-90.2894,46.5304],[-90.3182,46.5356],[-90.3338,46.5547],[-90.3923,46.5479],[-90.4032,46.5551],[-90.4125,46.5842],[-90.2637,46.8139],[-90.1802,46.9427],[-90.0411,47.1573],[-89.9576,47.2861],[-90.2187,47.2943],[-90.654,47.3081],[-90.8575,47.2121],[-91.0611,47.1161],[-91.2647,47.0201],[-91.4683,46.9241],[-91.752,46.8125],[-91.9649,46.7287],[-92.11,46.7687],[-92.1407,46.7553],[-92.1571,46.7293],[-92.193,46.7148],[-92.2008,46.7055],[-92.2073,46.6738],[-92.2353,46.6585],[-92.2916,46.6597],[-92.2922,46.321],[-92.2926,46.0833],[-92.3121,46.0805],[-92.338,46.063],[-92.3633,46.0273],[-92.4288,46.0327],[-92.4434,46.0238],[-92.4657,45.9973],[-92.4806,45.9918],[-92.5219,45.9918],[-92.5488,45.9781],[-92.5665,45.957],[-92.6007,45.9508],[-92.6545,45.9269],[-92.7041,45.9131],[-92.7319,45.8883],[-92.772,45.8342],[-92.7677,45.8051],[-92.7953,45.7753],[-92.882,45.7159],[-92.8949,45.687],[-92.9017,45.6113],[-92.8832,45.5761],[-92.8397,45.5689],[-92.7895,45.5698],[-92.7509,45.5592],[-92.7396,45.5439],[-92.7174,45.4909],[-92.6677,45.4454],[-92.6674,45.4083],[-92.6963,45.3741],[-92.7085,45.3327],[-92.7509,45.2997],[-92.7633,45.2647],[-92.7645,45.2203],[-92.7728,45.1875],[-92.7509,45.1489],[-92.7554,45.1066],[-92.7683,45.0927],[-92.8024,45.078],[-92.7959,45.0559],[-92.772,45.0111],[-92.7628,44.9686],[-92.7583,44.9257],[-92.7788,44.8916],[-92.772,44.8472],[-92.7785,44.8202],[-92.8198,44.7578],[-92.793,44.7406],[-92.7313,44.7116],[-92.6611,44.6603],[-92.6433,44.6517],[-92.628,44.6275],[-92.5847,44.608],[-92.429,44.5893],[-92.3938,44.5796],[-92.3598,44.5598],[-92.331,44.5332],[-92.3052,44.4901],[-92.2726,44.4658],[-92.1561,44.4515],[-92.1026,44.4369],[-91.9501,44.3357],[-91.9122,44.289],[-91.8369,44.1818],[-91.8171,44.1627],[-91.7784,44.1496],[-91.6626,44.0733],[-91.6377,44.0657],[-91.541,44.0656],[-91.4785,44.0296],[-91.426,44.0225],[-91.4035,44.0077],[-91.3919,43.9795],[-91.361,43.9448],[-91.3183,43.933],[-91.295,43.919],[-91.2795,43.8736],[-91.2812,43.8212],[-91.2692,43.7886],[-91.2492,43.7689],[-91.2427,43.7213],[-91.2548,43.667],[-91.247,43.6312],[-91.2508,43.5893],[-91.2428,43.537],[-91.2501,43.501],[-91.251,43.4744],[-91.221,43.4109],[-91.2165,43.3834],[-91.1971,43.366],[-91.111,43.34],[-91.0865,43.3174],[-91.0848,43.2801],[-91.1035,43.2493],[-91.1565,43.1953],[-91.1678,43.1605],[-91.1624,43.0904],[-91.1547,43.0565],[-91.1542,43.0198],[-91.1477,42.9963],[-91.1464,42.9504],[-91.1306,42.9113],[-91.102,42.885],[-91.0862,42.853],[-91.0795,42.792],[-91.0455,42.7421],[-91.0105,42.7164],[-90.9666,42.7016],[-90.7957,42.6769],[-90.75,42.6638],[-90.703,42.6553],[-90.6873,42.6404],[-90.6679,42.5997],[-90.6345,42.5598],[-90.6263,42.5445],[-90.6413,42.5118],[-90.2824,42.5093],[-89.928,42.5068],[-89.7507,42.5055],[-89.3962,42.503],[-89.219,42.5018],[-88.8645,42.4993],[-88.51,42.4968],[-88.1555,42.4943],[-87.801,42.4918],[-87.4201,42.4918],[-87.2374,42.4935],[-87.0188,42.4962]]]},"properties":{"name":"Wisconsin","name_en":"Wisconsin","name_ja":"ウィスコンシン州","name_zh":"威斯康星州","name_ko":"위스콘신","adm0_a3":"USA","postal":"WI","iso_3166_2":"US-WI","type_en":"State","region":"Midwest","geonunit":"United States of America"}},
{"type":"Feature","geometry":{"type":"Polygon","coordinates":[[[-91.4419,40.3795],[-91.4729,40.3581],[-91.4961,40.3134],[-91.5112,40.2622],[-91.5182,40.2213],[-91.5189,40.1749],[-91.4925,40.0096],[-91.4871,39.9944],[-91.446,39.9479],[-91.4419,39.9065],[-91.4493,39.8656],[-91.4251,39.8338],[-91.3914,39.8035],[-91.3872,39.7694],[-91.3749,39.7357],[-91.3551,39.7108],[-91.1043,39.5331],[-91.0767,39.4994],[-91.0657,39.4643],[-91.0509,39.4524],[-90.8196,39.3201],[-90.774,39.2791],[-90.7482,39.242],[-90.7299,39.2008],[-90.7299,39.1462],[-90.7026,39.1012],[-90.7188,39.0664],[-90.7047,39.041],[-90.6981,39.0079],[-90.7026,38.9954],[-90.6575,38.921],[-90.6265,38.8904],[-90.5853,38.8781],[-90.542,38.894],[-90.479,38.9589],[-90.4283,38.9674],[-90.3749,38.9438],[-90.3327,38.9382],[-90.2821,38.9265],[-90.1836,38.8827],[-90.1435,38.8568],[-90.1272,38.8303],[-90.1347,38.8125],[-90.1704,38.7649],[-90.1979,38.7442],[-90.2006,38.7197],[-90.1955,38.6794],[-90.1965,38.6382],[-90.2135,38.6068],[-90.2638,38.5429],[-90.3148,38.4315],[-90.363,38.3692],[-90.378,38.3376],[-90.382,38.3005],[-90.373,38.2543],[-90.3616,38.2266],[-90.3463,38.2071],[-90.2911,38.1692],[-90.2565,38.1369],[-90.2428,38.1129],[-90.1881,38.0836],[-90.138,38.0375],[-90.1108,38.0167],[-90.0754,38.0079],[-90.005,37.9625],[-89.968,37.963],[-89.9227,37.9526],[-89.8887,37.9318],[-89.8319,37.8846],[-89.8081,37.8717],[-89.7466,37.8508],[-89.7219,37.8372],[-89.6975,37.8093],[-89.669,37.7544],[-89.6468,37.7335],[-89.5496,37.6977],[-89.5233,37.6789],[-89.5308,37.6667],[-89.5165,37.614],[-89.527,37.562],[-89.5233,37.5418],[-89.5022,37.5071],[-89.4748,37.4749],[-89.4511,37.4403],[-89.4414,37.3983],[-89.4586,37.3626],[-89.4937,37.3351],[-89.5231,37.3067],[-89.5233,37.268],[-89.4738,37.2439],[-89.4723,37.2141],[-89.4414,37.165],[-89.4015,37.1201],[-89.3869,37.0914],[-89.3936,37.0626],[-89.3773,37.0473],[-89.3272,37.0142],[-89.2868,37.0005],[-89.2751,37.0004],[-89.2729,37.0261],[-89.298,37.0489],[-89.3088,37.0712],[-89.3022,37.0811],[-89.2601,37.0831],[-89.2536,37.0782],[-89.2462,37.0455],[-89.2086,37.0216],[-89.1974,36.9895],[-89.1769,36.9783],[-89.1435,36.9868],[-89.1237,36.9796],[-89.1581,37.0115],[-89.1763,37.0359],[-89.1787,37.0623],[-89.1568,37.093],[-89.1226,37.1242],[-89.0885,37.1747],[-89.0437,37.2086],[-89.0019,37.2233],[-88.9555,37.2278],[-88.907,37.2202],[-88.633,37.1149],[-88.5611,37.0769],[-88.5215,37.0676],[-88.4843,37.0725],[-88.4545,37.0961],[-88.4334,37.1366],[-88.434,37.1685],[-88.4517,37.1988],[-88.4818,37.2338],[-88.5034,37.267],[-88.5124,37.3033],[-88.5079,37.3427],[-88.4886,37.3847],[-88.465,37.4089],[-88.4275,37.4182],[-88.3825,37.4177],[-88.3656,37.4215],[-88.3071,37.4481],[-88.1231,37.4746],[-88.091,37.4913],[-88.083,37.5197],[-88.105,37.5628],[-88.1398,37.5936],[-88.1633,37.64],[-88.1567,37.6639],[-88.1323,37.6994],[-88.0758,37.7377],[-88.0603,37.7512],[-88.0499,37.7736],[-88.0453,37.8067],[-88.0949,37.8182],[-88.0948,37.8297],[-88.0505,37.829],[-88.0462,37.8446],[-88.0953,37.8818],[-88.1119,37.8986],[-88.0572,37.8918],[-88.0382,37.9056],[-88.0494,37.9616],[-88.035,37.9737],[-88.0436,38.0153],[-88.0314,38.0271],[-88.0454,38.0517],[-87.9986,38.0649],[-87.9678,38.0836],[-87.9824,38.0942],[-88.014,38.0916],[-88.0299,38.0979],[-87.9754,38.1334],[-87.9443,38.1419],[-87.934,38.1599],[-87.9654,38.1799],[-87.9926,38.21],[-87.9919,38.2328],[-87.9678,38.2543],[-87.9456,38.2988],[-87.9263,38.3027],[-87.9048,38.2795],[-87.8826,38.3138],[-87.8715,38.3127],[-87.8646,38.2934],[-87.8486,38.2939],[-87.8444,38.3178],[-87.8259,38.3606],[-87.8096,38.3764],[-87.7829,38.3853],[-87.7523,38.4216],[-87.7472,38.4417],[-87.7624,38.461],[-87.7004,38.4815],[-87.6737,38.5019],[-87.6532,38.4971],[-87.6465,38.5199],[-87.6633,38.5409],[-87.6668,38.5565],[-87.6517,38.5829],[-87.6258,38.5975],[-87.6184,38.6118],[-87.6233,38.6318],[-87.615,38.6517],[-87.5837,38.6794],[-87.5478,38.6828],[-87.5112,38.7634],[-87.5242,38.8026],[-87.5458,38.8412],[-87.557,38.8781],[-87.5365,38.9166],[-87.5365,38.9575],[-87.5425,38.9702],[-87.5837,39.0016],[-87.5983,39.0557],[-87.6085,39.0736],[-87.6668,39.1183],[-87.6633,39.1566],[-87.5987,39.2056],[-87.5979,39.2486],[-87.6207,39.2824],[-87.6254,39.2997],[-87.615,39.32],[-87.597,39.3349],[-87.5365,39.3572],[-87.5327,39.3616],[-87.5318,39.5445],[-87.5304,39.8342],[-87.5289,40.1239],[-87.5275,40.4136],[-87.526,40.7033],[-87.5247,40.9931],[-87.5232,41.2828],[-87.5218,41.5725],[-87.521,41.7597],[-87.2077,41.7597],[-87.1913,41.8313],[-87.137,42.0561],[-87.0908,42.2489],[-87.0673,42.342],[-87.0188,42.4962],[-87.2374,42.4935],[-87.4201,42.4918],[-87.801,42.4918],[-88.1555,42.4943],[-88.51,42.4968],[-88.8645,42.4993],[-89.219,42.5018],[-89.3962,42.503],[-89.7507,42.5055],[-89.928,42.5068],[-90.2824,42.5093],[-90.6413,42.5118],[-90.6542,42.4898],[-90.642,42.4757],[-90.6115,42.4631],[-90.5811,42.4378],[-90.5491,42.4173],[-90.4632,42.376],[-90.4322,42.3526],[-90.4146,42.3186],[-90.4121,42.2684],[-90.4031,42.2454],[-90.3704,42.2306],[-90.3489,42.2072],[-90.3219,42.1996],[-90.2365,42.1609],[-90.2011,42.1309],[-90.1697,42.1165],[-90.165,42.0752],[-90.1403,42.0306],[-90.1494,41.9763],[-90.167,41.9413],[-90.1744,41.8797],[-90.1886,41.8348],[-90.2012,41.8136],[-90.2351,41.7997],[-90.277,41.7744],[-90.305,41.7485],[-90.3282,41.7062],[-90.3321,41.6845],[-90.3465,41.6648],[-90.3389,41.6501],[-90.3392,41.6264],[-90.3463,41.6054],[-90.3615,41.5933],[-90.4055,41.5743],[-90.4223,41.554],[-90.4409,41.5434],[-90.4829,41.5309],[-90.5822,41.5173],[-90.6032,41.5105],[-90.6413,41.4761],[-90.6616,41.462],[-90.7045,41.4512],[-90.9915,41.4336],[-91.031,41.4136],[-91.0548,41.3829],[-91.0755,41.3434],[-91.0911,41.2998],[-91.0992,41.2565],[-91.094,41.2109],[-91.0824,41.1897],[-91.0477,41.1766],[-90.9974,41.1467],[-90.9686,41.1161],[-90.9515,41.0754],[-90.9453,41.0293],[-90.949,40.9822],[-90.9666,40.9462],[-91.0657,40.8587],[-91.0935,40.8236],[-91.1015,40.7638],[-91.1077,40.7419],[-91.1272,40.7016],[-91.153,40.6725],[-91.1878,40.6533],[-91.2273,40.6428],[-91.2982,40.6332],[-91.343,40.6178],[-91.3833,40.5986],[-91.4124,40.5638],[-91.4108,40.5454],[-91.3838,40.5263],[-91.3747,40.51],[-91.3804,40.4444],[-91.3736,40.4031],[-91.3826,40.3929],[-91.4419,40.3795]]]},"properties":{"name":"Illinois","name_en":"Illinois","name_ja":"イリノイ州","name_zh":"伊利诺伊州","name_ko":"일리노이","adm0_a3":"USA","postal":"IL","iso_3166_2":"US-IL","type_en":"State","region":"Midwest","geonunit":"United States of America"}},
{"type":"Feature","geometry":{"type":"MultiPolygon","coordinates":[[[[-89.1237,36.9796],[-89.1189,36.9619],[-89.1254,36.9186],[-89.1254,36.877],[-89.1494,36.8512],[-89.1497,36.8184],[-89.1345,36.7833],[-89.1329,36.7609],[-89.1406,36.7346],[-89.1807,36.6653],[-89.2054,36.6076],[-89.2263,36.5805],[-89.2533,36.5691],[-89.2845,36.5776],[-89.3588,36.638],[-89.3763,36.6274],[-89.3862,36.6101],[-89.4245,36.499],[-89.2517,36.4989],[-88.9063,36.4989],[-88.5609,36.4988],[-88.2154,36.4987],[-88.0427,36.4986],[-88.0398,36.522],[-88.0403,36.5741],[-88.0535,36.6258],[-88.0714,36.6731],[-88.0671,36.6897],[-87.8687,36.674],[-87.8607,36.6718],[-87.8391,36.6429],[-87.8333,36.6442],[-87.5149,36.6473],[-87.0823,36.6516],[-86.873,36.6537],[-86.5522,36.6569],[-86.5075,36.6638],[-86.464,36.6626],[-86.217,36.6424],[-86.0668,36.6345],[-85.8672,36.6285],[-85.634,36.6226],[-85.4265,36.6187],[-85.1214,36.6249],[-84.8709,36.6178],[-84.6284,36.611],[-84.1983,36.599],[-83.8941,36.5904],[-83.7303,36.5858],[-83.6947,36.5936],[-83.6675,36.604],[-83.6233,36.6346],[-83.509,36.6685],[-83.4132,36.6763],[-83.3423,36.7093],[-83.2396,36.7371],[-83.1372,36.75],[-83.1231,36.757],[-83.1196,36.7833],[-83.1007,36.8023],[-83.0824,36.8346],[-83.0498,36.8562],[-83.0073,36.8564],[-82.8843,36.8943],[-82.8588,36.9143],[-82.8536,36.9394],[-82.8546,36.972],[-82.8395,36.9882],[-82.8154,37.0032],[-82.7269,37.038],[-82.7125,37.0472],[-82.7038,37.0686],[-82.7081,37.1131],[-82.6815,37.1371],[-82.6326,37.1639],[-82.3757,37.2653],[-82.3514,37.2785],[-82.107,37.4431],[-81.9652,37.5387],[-81.9949,37.5478],[-82.0368,37.5433],[-82.1159,37.5634],[-82.1362,37.5755],[-82.1365,37.5916],[-82.15,37.6078],[-82.1811,37.6302],[-82.1981,37.6282],[-82.2194,37.6514],[-82.2443,37.6667],[-82.2831,37.6783],[-82.2965,37.6884],[-82.3168,37.747],[-82.3363,37.7718],[-82.3992,37.823],[-82.4073,37.8418],[-82.4174,37.8876],[-82.4362,37.908],[-82.4767,37.9311],[-82.4828,37.9414],[-82.4654,37.968],[-82.479,37.9904],[-82.5337,38.0288],[-82.556,38.0682],[-82.6312,38.1529],[-82.637,38.1713],[-82.6022,38.2003],[-82.5957,38.2386],[-82.5718,38.2476],[-82.5726,38.2742],[-82.5677,38.3092],[-82.572,38.3305],[-82.5938,38.3762],[-82.5894,38.4193],[-82.6262,38.4777],[-82.6982,38.5355],[-82.7366,38.5545],[-82.7831,38.5672],[-82.8266,38.5865],[-82.8559,38.6248],[-82.88,38.6911],[-82.8863,38.7448],[-82.8982,38.7516],[-82.9242,38.7483],[-82.985,38.7241],[-83.031,38.7159],[-83.075,38.6794],[-83.1019,38.6714],[-83.1152,38.6588],[-83.1336,38.6279],[-83.1515,38.6189],[-83.1726,38.6181],[-83.2184,38.6248],[-83.2418,38.6233],[-83.2691,38.6081],[-83.3051,38.6014],[-83.3251,38.6149],[-83.349,38.6458],[-83.3687,38.6598],[-83.4114,38.6726],[-83.4468,38.6721],[-83.4915,38.6991],[-83.5343,38.7074],[-83.6049,38.6894],[-83.6162,38.6829],[-83.6209,38.6642],[-83.6507,38.636],[-83.6708,38.631],[-83.7143,38.6385],[-83.7539,38.6598],[-83.8217,38.7136],[-83.8659,38.7622],[-83.9084,38.7717],[-83.9489,38.7867],[-83.9725,38.7893],[-84.0619,38.7757],[-84.084,38.7778],[-84.1956,38.8106],[-84.2176,38.8235],[-84.227,38.8408],[-84.2315,38.8853],[-84.2474,38.9197],[-84.2833,38.95],[-84.2965,39],[-84.3219,39.0295],[-84.3641,39.0469],[-84.4082,39.0568],[-84.4195,39.065],[-84.4442,39.1018],[-84.4659,39.1115],[-84.5086,39.1048],[-84.5947,39.0741],[-84.6372,39.0773],[-84.6883,39.118],[-84.7084,39.1279],[-84.7211,39.1428],[-84.7422,39.1438],[-84.7676,39.1245],[-84.8235,39.0974],[-84.8428,39.088],[-84.8731,39.0617],[-84.8706,39.0295],[-84.8281,38.9914],[-84.8228,38.9743],[-84.8329,38.957],[-84.8775,38.9197],[-84.8492,38.9012],[-84.8058,38.8992],[-84.784,38.8929],[-84.7853,38.8782],[-84.8126,38.8477],[-84.8198,38.8282],[-84.8062,38.795],[-84.8194,38.7893],[-84.9013,38.7961],[-84.9359,38.7924],[-84.9995,38.7717],[-85.1454,38.7007],[-85.186,38.6937],[-85.2055,38.7033],[-85.2398,38.7343],[-85.2573,38.7409],[-85.3209,38.7433],[-85.4361,38.7347],[-85.4547,38.7264],[-85.4552,38.7075],[-85.4398,38.6726],[-85.4312,38.6111],[-85.4102,38.5721],[-85.4148,38.5534],[-85.4289,38.5386],[-85.4821,38.5076],[-85.5112,38.4777],[-85.5266,38.4687],[-85.59,38.461],[-85.6197,38.4319],[-85.6434,38.3436],[-85.6651,38.3095],[-85.7205,38.2789],[-85.7699,38.27],[-85.7801,38.2826],[-85.8159,38.289],[-85.8294,38.2772],[-85.8511,38.236],[-85.8779,38.2198],[-85.8913,38.2021],[-85.9053,38.1593],[-85.9146,38.0636],[-85.9247,38.0378],[-85.9388,38.0209],[-85.9599,38.0079],[-86.0087,38.001],[-86.032,37.994],[-86.0513,37.9696],[-86.0729,37.9832],[-86.1108,38.0153],[-86.1333,38.02],[-86.1837,38.0229],[-86.2197,38.0422],[-86.2594,38.059],[-86.2752,38.0699],[-86.2861,38.0999],[-86.2827,38.1419],[-86.2917,38.1536],[-86.3435,38.186],[-86.3829,38.1946],[-86.3939,38.1878],[-86.3817,38.1692],[-86.3409,38.1544],[-86.3328,38.1471],[-86.3504,38.1314],[-86.3925,38.1171],[-86.4283,38.1183],[-86.4335,38.128],[-86.4618,38.1373],[-86.4632,38.1173],[-86.4397,38.0904],[-86.4437,38.069],[-86.4608,38.0565],[-86.5052,38.0495],[-86.5186,38.0405],[-86.5235,38.0192],[-86.5203,37.9535],[-86.5232,37.9383],[-86.5359,37.9286],[-86.5897,37.9194],[-86.5955,37.8847],[-86.6036,37.8645],[-86.6244,37.8538],[-86.6485,37.8541],[-86.663,37.8638],[-86.6439,37.9014],[-86.663,37.9055],[-86.7072,37.8986],[-86.7422,37.9039],[-86.7728,37.9238],[-86.7946,37.9507],[-86.8029,37.9772],[-86.8188,37.9952],[-86.8549,37.984],[-86.9296,37.9377],[-86.9878,37.9328],[-87.0195,37.9191],[-87.043,37.8918],[-87.0705,37.8289],[-87.0867,37.8054],[-87.1181,37.7887],[-87.1529,37.8161],[-87.1649,37.8471],[-87.2198,37.8591],[-87.2553,37.8782],[-87.323,37.8995],[-87.3591,37.9217],[-87.4052,37.9421],[-87.4266,37.9464],[-87.4687,37.9378],[-87.51,37.9198],[-87.5489,37.9134],[-87.5837,37.9396],[-87.5857,37.9662],[-87.6076,37.9752],[-87.6184,37.9564],[-87.6144,37.934],[-87.5961,37.905],[-87.5911,37.8844],[-87.6014,37.857],[-87.6271,37.8345],[-87.657,37.8252],[-87.6799,37.8372],[-87.6822,37.8524],[-87.6718,37.8849],[-87.6737,37.8986],[-87.6867,37.9069],[-87.7035,37.9056],[-87.7283,37.8918],[-87.7972,37.8782],[-87.838,37.8896],[-87.8877,37.9286],[-87.9091,37.9316],[-87.9265,37.9233],[-87.9337,37.9023],[-87.9298,37.8889],[-87.8996,37.8297],[-87.9508,37.7819],[-87.9693,37.7858],[-88.0225,37.8093],[-88.0453,37.8067],[-88.0499,37.7736],[-88.0603,37.7512],[-88.0758,37.7377],[-88.1323,37.6994],[-88.1567,37.6639],[-88.1633,37.64],[-88.1398,37.5936],[-88.105,37.5628],[-88.083,37.5197],[-88.091,37.4913],[-88.1231,37.4746],[-88.3071,37.4481],[-88.3656,37.4215],[-88.3825,37.4177],[-88.4275,37.4182],[-88.465,37.4089],[-88.4886,37.3847],[-88.5079,37.3427],[-88.5124,37.3033],[-88.5034,37.267],[-88.4818,37.2338],[-88.4517,37.1988],[-88.434,37.1685],[-88.4334,37.1366],[-88.4545,37.0961],[-88.4843,37.0725],[-88.5215,37.0676],[-88.5611,37.0769],[-88.633,37.1149],[-88.907,37.2202],[-88.9555,37.2278],[-89.0019,37.2233],[-89.0437,37.2086],[-89.0885,37.1747],[-89.1226,37.1242],[-89.1568,37.093],[-89.1787,37.0623],[-89.1763,37.0359],[-89.1581,37.0115],[-89.1237,36.9796]]],[[[-89.4944,36.5014],[-89.4898,36.5145],[-89.5027,36.5544],[-89.5369,36.5679],[-89.5697,36.5564],[-89.5779,36.5213],[-89.5599,36.5002],[-89.4944,36.5014]]]]},"properties":{"name":"Kentucky","name_en":"Kentucky","name_ja":"ケンタッキー州","name_zh":"肯塔基州","name_ko":"켄터키","adm0_a3":"USA","postal":"KY","iso_3166_2":"US-KY","type_en":"State","region":"South","geonunit":"United States of America"}},
{"type":"Feature","geometry":{"type":"Polygon","coordinates":[[[-90.3042,35.0001],[-90.3127,35.0125],[-90.3016,35.0199],[-90.259,35.0307],[-90.2222,35.0478],[-90.1968,35.0759],[-90.1881,35.1127],[-90.1778,35.1299],[-90.1538,35.1304],[-90.1061,35.1235],[-90.0853,35.1483],[-90.0846,35.189],[-90.0946,35.231],[-90.1143,35.2805],[-90.1183,35.3007],[-90.1198,35.3464],[-90.1153,35.3696],[-90.1031,35.3856],[-90.0498,35.4218],[-90.0223,35.4527],[-90.0123,35.5116],[-90,35.5219],[-89.9282,35.5355],[-89.9179,35.548],[-89.9513,35.6025],[-89.9101,35.6391],[-89.9098,35.6522],[-89.9379,35.6818],[-89.9529,35.7051],[-89.9519,35.723],[-89.9379,35.7363],[-89.785,35.7908],[-89.7221,35.8335],[-89.731,35.8518],[-89.784,35.8776],[-89.7743,35.8962],[-89.7595,35.9089],[-89.7188,35.9186],[-89.6894,35.8996],[-89.674,35.8963],[-89.6673,35.9152],[-89.6807,35.9458],[-89.707,35.9677],[-89.7256,35.9933],[-89.7238,36.0005],[-90.1584,35.991],[-90.3733,35.9862],[-90.3779,36.0057],[-90.3425,36.0615],[-90.3165,36.0943],[-90.2895,36.1198],[-90.2642,36.1256],[-90.2448,36.1369],[-90.2355,36.1663],[-90.2154,36.1845],[-90.1747,36.1972],[-90.1433,36.2114],[-90.1299,36.2282],[-90.1239,36.2526],[-90.08,36.2705],[-90.0675,36.2874],[-90.0706,36.3271],[-90.063,36.3689],[-90.0825,36.3937],[-90.1156,36.4103],[-90.1223,36.4184],[-90.1285,36.4532],[-90.1439,36.4649],[-90.1622,36.4998],[-90.5055,36.4998],[-90.7797,36.4998],[-91.0539,36.4998],[-91.328,36.4998],[-91.6022,36.4998],[-91.8764,36.4998],[-92.1506,36.4998],[-92.4248,36.4998],[-92.699,36.4998],[-92.9732,36.4998],[-93.2474,36.4998],[-93.5216,36.4998],[-93.7957,36.4998],[-94.0699,36.4998],[-94.3441,36.4998],[-94.6183,36.4998],[-94.5959,36.3606],[-94.5511,36.0822],[-94.5063,35.8038],[-94.4839,35.6646],[-94.4391,35.3862],[-94.4447,35.1688],[-94.4503,34.9515],[-94.456,34.7342],[-94.4616,34.5168],[-94.4672,34.2995],[-94.4728,34.0821],[-94.4785,33.8648],[-94.4841,33.6474],[-94.4669,33.644],[-94.4499,33.6049],[-94.4315,33.5908],[-94.4071,33.5847],[-94.3821,33.5879],[-94.3946,33.5715],[-94.3874,33.5618],[-94.3691,33.5585],[-94.3479,33.5675],[-94.3278,33.5581],[-94.3001,33.5948],[-94.2832,33.5951],[-94.235,33.5743],[-94.1932,33.5939],[-94.1593,33.5773],[-94.1191,33.5739],[-94.1009,33.5817],[-94.0719,33.5636],[-94.0473,33.5542],[-94.0452,33.369],[-94.0413,33.0109],[-93.6837,33.0113],[-93.3261,33.0116],[-93.1473,33.0118],[-92.7897,33.0122],[-92.4321,33.0125],[-92.0745,33.0129],[-91.8957,33.013],[-91.5381,33.0133],[-91.1805,33.0137],[-91.1665,33.0143],[-91.1613,33.1187],[-91.1527,33.1311],[-91.0992,33.1497],[-91.0931,33.1675],[-91.1067,33.218],[-91.1076,33.2678],[-91.1262,33.2892],[-91.1682,33.3005],[-91.1821,33.32],[-91.1714,33.3415],[-91.134,33.3825],[-91.1252,33.431],[-91.1272,33.4781],[-91.1808,33.5208],[-91.2158,33.5339],[-91.2309,33.5504],[-91.2354,33.5669],[-91.2196,33.5743],[-91.1737,33.5775],[-91.1565,33.5875],[-91.1477,33.6085],[-91.1517,33.6334],[-91.1676,33.6467],[-91.2091,33.6637],[-91.2287,33.6807],[-91.2259,33.6899],[-91.1923,33.7081],[-91.1531,33.7521],[-91.1067,33.7866],[-91.0583,33.7934],[-91.0454,33.8145],[-91.063,33.8495],[-91.0693,33.8837],[-91.0356,33.9305],[-91.0521,33.9579],[-91.0891,33.9757],[-91.0846,33.9967],[-91.031,34.0063],[-90.9752,34.0304],[-90.9092,34.0353],[-90.893,34.0432],[-90.8801,34.0609],[-90.8824,34.0995],[-90.9549,34.1288],[-90.9559,34.1571],[-90.9423,34.1676],[-90.8643,34.2063],[-90.8212,34.2856],[-90.8013,34.2875],[-90.7752,34.2797],[-90.7504,34.321],[-90.761,34.3522],[-90.7594,34.3807],[-90.7388,34.3691],[-90.6858,34.3723],[-90.6263,34.3961],[-90.594,34.4251],[-90.5861,34.4544],[-90.5865,34.489],[-90.5761,34.5735],[-90.5939,34.6423],[-90.5853,34.6847],[-90.568,34.7199],[-90.5537,34.74],[-90.5412,34.743],[-90.5222,34.733],[-90.4782,34.7375],[-90.4547,34.7593],[-90.4755,34.815],[-90.4639,34.8279],[-90.3524,34.8641],[-90.3054,34.889],[-90.2718,34.9231],[-90.2706,34.9653],[-90.3042,35.0001]]]},"properties":{"name":"Arkansas","name_en":"Arkansas","name_ja":"アーカンソー州","name_zh":"阿肯色州","name_ko":"아칸소","adm0_a3":"USA","postal":"AR","iso_3166_2":"US-AR","type_en":"State","region":"South","geonunit":"United States of America"}},
{"type":"Feature","geometry":{"type":"Polygon","coordinates":[[[-89.7238,36.0005],[-89.7256,35.9933],[-89.707,35.9677],[-89.6807,35.9458],[-89.6673,35.9152],[-89.674,35.8963],[-89.6894,35.8996],[-89.7188,35.9186],[-89.7595,35.9089],[-89.7743,35.8962],[-89.784,35.8776],[-89.731,35.8518],[-89.7221,35.8335],[-89.785,35.7908],[-89.9379,35.7363],[-89.9519,35.723],[-89.9529,35.7051],[-89.9379,35.6818],[-89.9098,35.6522],[-89.9101,35.6391],[-89.9513,35.6025],[-89.9179,35.548],[-89.9282,35.5355],[-90,35.5219],[-90.0123,35.5116],[-90.0223,35.4527],[-90.0498,35.4218],[-90.1031,35.3856],[-90.1153,35.3696],[-90.1198,35.3464],[-90.1183,35.3007],[-90.1143,35.2805],[-90.0946,35.231],[-90.0846,35.189],[-90.0853,35.1483],[-90.1061,35.1235],[-90.1538,35.1304],[-90.1778,35.1299],[-90.1881,35.1127],[-90.1968,35.0759],[-90.2222,35.0478],[-90.259,35.0307],[-90.3016,35.0199],[-90.3127,35.0125],[-90.3042,35.0001],[-90.0443,34.9998],[-89.7842,34.9995],[-89.5243,34.9992],[-89.2644,34.999],[-88.8744,34.9985],[-88.6144,34.9982],[-88.1791,34.9978],[-88.1855,35.0097],[-87.8245,35.0065],[-87.6718,35.0055],[-87.5143,35.0055],[-87.1991,34.9998],[-87.0416,34.9955],[-86.7265,34.9898],[-86.4113,34.9898],[-86.0962,34.9899],[-85.9424,34.9891],[-85.6057,34.9852],[-85.498,34.9836],[-85.3724,34.9836],[-85.1213,34.9868],[-84.8701,34.9883],[-84.619,34.9883],[-84.4125,34.9883],[-84.3246,34.9871],[-84.3005,35.2084],[-84.2967,35.2206],[-84.2612,35.2557],[-84.2315,35.2672],[-84.1998,35.2537],[-84.1786,35.2524],[-84.0952,35.2579],[-84.0589,35.2843],[-84.0461,35.3016],[-84.0445,35.3336],[-84.036,35.3541],[-84.0185,35.3746],[-84.0132,35.3955],[-84.0176,35.4086],[-84.0115,35.4245],[-83.9725,35.4535],[-83.9304,35.4655],[-83.9112,35.481],[-83.8948,35.5081],[-83.8802,35.5165],[-83.8317,35.5267],[-83.7743,35.5562],[-83.7281,35.5666],[-83.6927,35.5639],[-83.6625,35.5688],[-83.6298,35.5684],[-83.6103,35.5734],[-83.5651,35.5593],[-83.4992,35.57],[-83.4859,35.577],[-83.4378,35.6145],[-83.3839,35.6332],[-83.3448,35.6629],[-83.2951,35.6692],[-83.2501,35.713],[-83.2013,35.7326],[-83.1768,35.7527],[-83.1278,35.7673],[-83.0754,35.7895],[-83.0113,35.7855],[-82.9827,35.788],[-82.9569,35.8127],[-82.9322,35.8429],[-82.9229,35.8668],[-82.9057,35.8943],[-82.917,35.9207],[-82.9075,35.9459],[-82.8783,35.9556],[-82.8464,35.9492],[-82.822,35.9338],[-82.8102,35.9333],[-82.7749,35.978],[-82.7703,36.0002],[-82.7018,36.0306],[-82.6298,36.0574],[-82.6131,36.0579],[-82.5907,36.0295],[-82.6004,35.9994],[-82.5837,35.9688],[-82.5662,35.9618],[-82.5444,35.9661],[-82.4893,35.9938],[-82.4572,36.0245],[-82.4395,36.0545],[-82.3946,36.0957],[-82.3512,36.1166],[-82.3156,36.1246],[-82.2906,36.1346],[-82.261,36.135],[-82.2244,36.1551],[-82.2041,36.1601],[-82.1838,36.1507],[-82.1634,36.1494],[-82.1445,36.1405],[-82.1332,36.1134],[-82.1167,36.1048],[-82.0866,36.1006],[-82.0425,36.1245],[-82.0247,36.1399],[-81.924,36.2941],[-81.8924,36.3167],[-81.8148,36.3589],[-81.8049,36.3606],[-81.752,36.3463],[-81.7143,36.3466],[-81.7429,36.3891],[-81.7405,36.4095],[-81.7145,36.4515],[-81.6985,36.4882],[-81.715,36.5263],[-81.7059,36.5467],[-81.6589,36.6096],[-81.9053,36.6175],[-81.9229,36.6151],[-81.9525,36.597],[-82.2091,36.5981],[-82.4175,36.5989],[-82.8341,36.6006],[-83.1466,36.6019],[-83.3549,36.6027],[-83.6675,36.604],[-83.6947,36.5936],[-83.7303,36.5858],[-83.8941,36.5904],[-84.1983,36.599],[-84.6284,36.611],[-84.8709,36.6178],[-85.1214,36.6249],[-85.4265,36.6187],[-85.634,36.6226],[-85.8672,36.6285],[-86.0668,36.6345],[-86.217,36.6424],[-86.464,36.6626],[-86.5075,36.6638],[-86.5522,36.6569],[-86.873,36.6537],[-87.0823,36.6516],[-87.5149,36.6473],[-87.8333,36.6442],[-87.8391,36.6429],[-87.8607,36.6718],[-87.8687,36.674],[-88.0671,36.6897],[-88.0714,36.6731],[-88.0535,36.6258],[-88.0403,36.5741],[-88.0398,36.522],[-88.0427,36.4986],[-88.2154,36.4987],[-88.5609,36.4988],[-88.9063,36.4989],[-89.2517,36.4989],[-89.4245,36.499],[-89.4497,36.4709],[-89.4789,36.4524],[-89.5051,36.4582],[-89.5068,36.473],[-89.4944,36.5014],[-89.5599,36.5002],[-89.5475,36.4815],[-89.556,36.4475],[-89.5339,36.4062],[-89.5308,36.3835],[-89.5414,36.3617],[-89.5597,36.3517],[-89.6093,36.3494],[-89.6284,36.3415],[-89.6262,36.3231],[-89.6112,36.3026],[-89.5922,36.2879],[-89.5573,36.2747],[-89.5612,36.2637],[-89.5834,36.2547],[-89.6765,36.2519],[-89.6946,36.247],[-89.6402,36.1823],[-89.6139,36.1417],[-89.6229,36.1234],[-89.6386,36.1202],[-89.6741,36.1022],[-89.6851,36.0762],[-89.7157,36.0347],[-89.7238,36.0005]]]},"properties":{"name":"Tennessee","name_en":"Tennessee","name_ja":"テネシー州","name_zh":"田纳西州","name_ko":"테네시","adm0_a3":"USA","postal":"TN","iso_3166_2":"US-TN","type_en":"State","region":"South","geonunit":"United States of America"}},
{"type":"Feature","geometry":{"type":"Polygon","coordinates":[[[-82.5894,38.4193],[-82.5938,38.3762],[-82.572,38.3305],[-82.5677,38.3092],[-82.5726,38.2742],[-82.5718,38.2476],[-82.5957,38.2386],[-82.6022,38.2003],[-82.637,38.1713],[-82.6312,38.1529],[-82.556,38.0682],[-82.5337,38.0288],[-82.479,37.9904],[-82.4654,37.968],[-82.4828,37.9414],[-82.4767,37.9311],[-82.4362,37.908],[-82.4174,37.8876],[-82.4073,37.8418],[-82.3992,37.823],[-82.3363,37.7718],[-82.3168,37.747],[-82.2965,37.6884],[-82.2831,37.6783],[-82.2443,37.6667],[-82.2194,37.6514],[-82.1981,37.6282],[-82.1811,37.6302],[-82.15,37.6078],[-82.1365,37.5916],[-82.1362,37.5755],[-82.1159,37.5634],[-82.0368,37.5433],[-81.9949,37.5478],[-81.9652,37.5387],[-81.951,37.5231],[-81.954,37.5002],[-81.984,37.4768],[-81.9776,37.4648],[-81.942,37.4464],[-81.9308,37.4309],[-81.9327,37.3797],[-81.9232,37.3672],[-81.8754,37.3403],[-81.8595,37.3259],[-81.8505,37.3071],[-81.8238,37.2864],[-81.7716,37.283],[-81.757,37.2782],[-81.7172,37.2413],[-81.6446,37.2094],[-81.5839,37.2048],[-81.5456,37.2128],[-81.4938,37.2575],[-81.4639,37.2679],[-81.4241,37.2713],[-81.3967,37.2908],[-81.3796,37.3221],[-81.3635,37.3346],[-81.3426,37.3339],[-81.3022,37.2962],[-81.2498,37.2696],[-81.2241,37.2443],[-81.213,37.2466],[-81.1321,37.2803],[-81.0284,37.2909],[-80.9922,37.3044],[-80.9747,37.3041],[-80.9483,37.2948],[-80.8824,37.3258],[-80.8649,37.3464],[-80.8644,37.359],[-80.8792,37.3805],[-80.8809,37.3966],[-80.8673,37.4166],[-80.8459,37.4248],[-80.7994,37.4204],[-80.7844,37.4008],[-80.7578,37.3934],[-80.7475,37.3821],[-80.7312,37.3848],[-80.6414,37.4282],[-80.551,37.4621],[-80.5278,37.4683],[-80.4869,37.4678],[-80.4809,37.4427],[-80.4684,37.4288],[-80.4525,37.4295],[-80.4161,37.4543],[-80.2943,37.5092],[-80.2859,37.5301],[-80.3077,37.5478],[-80.3016,37.5705],[-80.2773,37.5871],[-80.2307,37.6107],[-80.225,37.6216],[-80.2333,37.6397],[-80.2622,37.6513],[-80.2857,37.6669],[-80.2849,37.6851],[-80.2201,37.7815],[-80.2069,37.8148],[-79.9999,38.0016],[-79.9434,38.0886],[-79.921,38.1448],[-79.9166,38.1791],[-79.87,38.2131],[-79.8481,38.2349],[-79.816,38.2535],[-79.792,38.2802],[-79.7994,38.3055],[-79.7694,38.3551],[-79.7311,38.3749],[-79.7212,38.4046],[-79.6926,38.4421],[-79.6878,38.5008],[-79.6627,38.5347],[-79.6541,38.5803],[-79.636,38.5921],[-79.5524,38.5676],[-79.5437,38.5607],[-79.5048,38.5051],[-79.5043,38.4787],[-79.2974,38.4248],[-79.2801,38.4303],[-79.2025,38.5151],[-79.1902,38.5341],[-79.1714,38.5795],[-79.162,38.6125],[-79.1459,38.6373],[-79.1101,38.659],[-79.0964,38.6722],[-79.0859,38.7286],[-79.0615,38.7622],[-79.0411,38.7975],[-78.9987,38.8423],[-78.9882,38.8456],[-78.8807,38.7868],[-78.8622,38.7932],[-78.7432,38.9301],[-78.7294,38.9303],[-78.7113,38.9156],[-78.6741,38.9256],[-78.6605,38.9343],[-78.6369,38.9686],[-78.5812,38.9896],[-78.5502,39.0238],[-78.5488,39.0428],[-78.5323,39.064],[-78.4927,39.1011],[-78.4528,39.1257],[-78.4139,39.1664],[-78.4194,39.201],[-78.4081,39.2404],[-78.4108,39.264],[-78.4039,39.2778],[-78.3589,39.3313],[-78.3508,39.3593],[-78.3577,39.4096],[-78.336,39.445],[-78.3222,39.4508],[-78.137,39.3343],[-77.8357,39.1442],[-77.7347,39.3311],[-77.7513,39.351],[-77.7515,39.369],[-77.7389,39.4061],[-77.7476,39.4231],[-77.7935,39.4384],[-77.8062,39.4481],[-77.7848,39.4609],[-77.7909,39.4842],[-77.7706,39.5019],[-77.8206,39.4969],[-77.8332,39.5087],[-77.823,39.5284],[-77.8295,39.5397],[-77.8461,39.536],[-77.8599,39.5155],[-77.8804,39.5639],[-77.8557,39.569],[-77.8374,39.5811],[-77.8323,39.5965],[-77.8469,39.6117],[-77.8826,39.6156],[-77.8935,39.6046],[-77.9214,39.6107],[-77.9477,39.6008],[-77.9691,39.6016],[-78.0108,39.6179],[-78.0869,39.6783],[-78.133,39.7013],[-78.1844,39.7043],[-78.2135,39.6933],[-78.28,39.6354],[-78.3403,39.6418],[-78.3862,39.6282],[-78.4237,39.6293],[-78.4338,39.6242],[-78.4062,39.5941],[-78.4547,39.5863],[-78.458,39.5722],[-78.438,39.5669],[-78.4378,39.5516],[-78.469,39.5336],[-78.5407,39.5414],[-78.5773,39.5291],[-78.6588,39.5399],[-78.6832,39.5462],[-78.7088,39.5615],[-78.7452,39.5754],[-78.7576,39.5878],[-78.752,39.6031],[-78.7388,39.6083],[-78.77,39.6371],[-78.7786,39.6368],[-78.8137,39.5864],[-78.808,39.5684],[-78.8444,39.5574],[-78.8776,39.5217],[-78.969,39.4503],[-78.9851,39.4511],[-79.0146,39.47],[-79.0479,39.4826],[-79.0647,39.4823],[-79.1027,39.4673],[-79.1271,39.4303],[-79.1795,39.3863],[-79.2261,39.3668],[-79.2545,39.35],[-79.2746,39.3307],[-79.2864,39.3095],[-79.2982,39.3028],[-79.3475,39.2953],[-79.4593,39.2171],[-79.4879,39.2099],[-79.4774,39.7218],[-79.8682,39.7216],[-80.2589,39.7215],[-80.5194,39.7215],[-80.5197,40.0804],[-80.52,40.4014],[-80.5202,40.6468],[-80.5357,40.6435],[-80.5804,40.6191],[-80.5973,40.6266],[-80.6483,40.6194],[-80.6664,40.6089],[-80.6768,40.5888],[-80.6695,40.5716],[-80.6363,40.5372],[-80.6141,40.5037],[-80.6015,40.4714],[-80.6067,40.4489],[-80.6271,40.4097],[-80.6289,40.3864],[-80.6084,40.3795],[-80.6084,40.359],[-80.6006,40.3233],[-80.6146,40.2864],[-80.6568,40.2554],[-80.6871,40.1931],[-80.6944,40.1575],[-80.7244,40.1045],[-80.7391,40.0608],[-80.7413,39.9968],[-80.7654,39.9537],[-80.7587,39.9294],[-80.778,39.9183],[-80.802,39.925],[-80.8064,39.9096],[-80.7943,39.8769],[-80.8281,39.8309],[-80.8411,39.7905],[-80.871,39.7712],[-80.8653,39.7592],[-80.839,39.7337],[-80.8411,39.7011],[-80.8626,39.6824],[-80.8616,39.6664],[-80.8752,39.6288],[-80.9442,39.5981],[-81.0553,39.53],[-81.0875,39.5019],[-81.1258,39.4537],[-81.1656,39.4423],[-81.2116,39.4063],[-81.2269,39.3985],[-81.3102,39.3789],[-81.345,39.3535],[-81.3687,39.351],[-81.3884,39.3622],[-81.4112,39.3985],[-81.4205,39.4063],[-81.4632,39.4065],[-81.4789,39.4006],[-81.5543,39.3442],[-81.5623,39.3264],[-81.5694,39.2877],[-81.581,39.2753],[-81.6157,39.2828],[-81.6375,39.2762],[-81.6824,39.271],[-81.6981,39.2371],[-81.7461,39.1934],[-81.7551,39.1653],[-81.7546,39.1053],[-81.7624,39.0961],[-81.8189,39.0762],[-81.8105,39.0569],[-81.7771,39.035],[-81.7802,38.9811],[-81.7645,38.9488],[-81.764,38.9372],[-81.7836,38.9327],[-81.8121,38.951],[-81.8348,38.9494],[-81.8485,38.9134],[-81.88,38.8832],[-81.9017,38.8742],[-81.9276,38.8928],[-81.9042,38.9363],[-81.924,38.9785],[-81.9374,38.9906],[-81.9689,39.0008],[-82.003,39.0217],[-82.0266,39.0221],[-82.0584,39.0032],[-82.0922,38.9686],[-82.1207,38.93],[-82.1365,38.8992],[-82.1433,38.8582],[-82.1728,38.8083],[-82.2087,38.786],[-82.2116,38.7627],[-82.1875,38.7153],[-82.1843,38.69],[-82.1925,38.6655],[-82.1832,38.6481],[-82.1775,38.6118],[-82.1927,38.5953],[-82.2151,38.592],[-82.2631,38.5975],[-82.2771,38.5883],[-82.2882,38.5666],[-82.3095,38.4787],[-82.3317,38.4436],[-82.3495,38.4379],[-82.4245,38.4331],[-82.509,38.4091],[-82.5527,38.4055],[-82.5894,38.4193]]]},"properties":{"name":"West Virginia","name_en":"West Virginia","name_ja":"ウェストバージニア州","name_zh":"西維吉尼亞州","name_ko":"웨스트버지니아","adm0_a3":"USA","postal":"WV","iso_3166_2":"US-WV","type_en":"State","region":"South","geonunit":"United States of America"}},
{"type":"Feature","geometry":{"type":"Polygon","coordinates":[[[-84.8061,41.6968],[-84.8061,41.7583],[-85.2618,41.7589],[-85.5722,41.759],[-85.8825,41.7592],[-86.2705,41.7593],[-86.5032,41.7594],[-86.8136,41.7596],[-87.2077,41.7597],[-87.521,41.7597],[-87.5218,41.5725],[-87.5232,41.2828],[-87.5247,40.9931],[-87.526,40.7033],[-87.5275,40.4136],[-87.5289,40.1239],[-87.5304,39.8342],[-87.5318,39.5445],[-87.5327,39.3616],[-87.5365,39.3572],[-87.597,39.3349],[-87.615,39.32],[-87.6254,39.2997],[-87.6207,39.2824],[-87.5979,39.2486],[-87.5987,39.2056],[-87.6633,39.1566],[-87.6668,39.1183],[-87.6085,39.0736],[-87.5983,39.0557],[-87.5837,39.0016],[-87.5425,38.9702],[-87.5365,38.9575],[-87.5365,38.9166],[-87.557,38.8781],[-87.5458,38.8412],[-87.5242,38.8026],[-87.5112,38.7634],[-87.5478,38.6828],[-87.5837,38.6794],[-87.615,38.6517],[-87.6233,38.6318],[-87.6184,38.6118],[-87.6258,38.5975],[-87.6517,38.5829],[-87.6668,38.5565],[-87.6633,38.5409],[-87.6465,38.5199],[-87.6532,38.4971],[-87.6737,38.5019],[-87.7004,38.4815],[-87.7624,38.461],[-87.7472,38.4417],[-87.7523,38.4216],[-87.7829,38.3853],[-87.8096,38.3764],[-87.8259,38.3606],[-87.8444,38.3178],[-87.8486,38.2939],[-87.8646,38.2934],[-87.8715,38.3127],[-87.8826,38.3138],[-87.9048,38.2795],[-87.9263,38.3027],[-87.9456,38.2988],[-87.9678,38.2543],[-87.9919,38.2328],[-87.9926,38.21],[-87.9654,38.1799],[-87.934,38.1599],[-87.9443,38.1419],[-87.9754,38.1334],[-88.0299,38.0979],[-88.014,38.0916],[-87.9824,38.0942],[-87.9678,38.0836],[-87.9986,38.0649],[-88.0454,38.0517],[-88.0314,38.0271],[-88.0436,38.0153],[-88.035,37.9737],[-88.0494,37.9616],[-88.0382,37.9056],[-88.0572,37.8918],[-88.1119,37.8986],[-88.0953,37.8818],[-88.0462,37.8446],[-88.0505,37.829],[-88.0948,37.8297],[-88.0949,37.8182],[-88.0453,37.8067],[-88.0225,37.8093],[-87.9693,37.7858],[-87.9508,37.7819],[-87.8996,37.8297],[-87.9298,37.8889],[-87.9337,37.9023],[-87.9265,37.9233],[-87.9091,37.9316],[-87.8877,37.9286],[-87.838,37.8896],[-87.7972,37.8782],[-87.7283,37.8918],[-87.7035,37.9056],[-87.6867,37.9069],[-87.6737,37.8986],[-87.6718,37.8849],[-87.6822,37.8524],[-87.6799,37.8372],[-87.657,37.8252],[-87.6271,37.8345],[-87.6014,37.857],[-87.5911,37.8844],[-87.5961,37.905],[-87.6144,37.934],[-87.6184,37.9564],[-87.6076,37.9752],[-87.5857,37.9662],[-87.5837,37.9396],[-87.5489,37.9134],[-87.51,37.9198],[-87.4687,37.9378],[-87.4266,37.9464],[-87.4052,37.9421],[-87.3591,37.9217],[-87.323,37.8995],[-87.2553,37.8782],[-87.2198,37.8591],[-87.1649,37.8471],[-87.1529,37.8161],[-87.1181,37.7887],[-87.0867,37.8054],[-87.0705,37.8289],[-87.043,37.8918],[-87.0195,37.9191],[-86.9878,37.9328],[-86.9296,37.9377],[-86.8549,37.984],[-86.8188,37.9952],[-86.8029,37.9772],[-86.7946,37.9507],[-86.7728,37.9238],[-86.7422,37.9039],[-86.7072,37.8986],[-86.663,37.9055],[-86.6439,37.9014],[-86.663,37.8638],[-86.6485,37.8541],[-86.6244,37.8538],[-86.6036,37.8645],[-86.5955,37.8847],[-86.5897,37.9194],[-86.5359,37.9286],[-86.5232,37.9383],[-86.5203,37.9535],[-86.5235,38.0192],[-86.5186,38.0405],[-86.5052,38.0495],[-86.4608,38.0565],[-86.4437,38.069],[-86.4397,38.0904],[-86.4632,38.1173],[-86.4618,38.1373],[-86.4335,38.128],[-86.4283,38.1183],[-86.3925,38.1171],[-86.3504,38.1314],[-86.3328,38.1471],[-86.3409,38.1544],[-86.3817,38.1692],[-86.3939,38.1878],[-86.3829,38.1946],[-86.3435,38.186],[-86.2917,38.1536],[-86.2827,38.1419],[-86.2861,38.0999],[-86.2752,38.0699],[-86.2594,38.059],[-86.2197,38.0422],[-86.1837,38.0229],[-86.1333,38.02],[-86.1108,38.0153],[-86.0729,37.9832],[-86.0513,37.9696],[-86.032,37.994],[-86.0087,38.001],[-85.9599,38.0079],[-85.9388,38.0209],[-85.9247,38.0378],[-85.9146,38.0636],[-85.9053,38.1593],[-85.8913,38.2021],[-85.8779,38.2198],[-85.8511,38.236],[-85.8294,38.2772],[-85.8159,38.289],[-85.7801,38.2826],[-85.7699,38.27],[-85.7205,38.2789],[-85.6651,38.3095],[-85.6434,38.3436],[-85.6197,38.4319],[-85.59,38.461],[-85.5266,38.4687],[-85.5112,38.4777],[-85.4821,38.5076],[-85.4289,38.5386],[-85.4148,38.5534],[-85.4102,38.5721],[-85.4312,38.6111],[-85.4398,38.6726],[-85.4552,38.7075],[-85.4547,38.7264],[-85.4361,38.7347],[-85.3209,38.7433],[-85.2573,38.7409],[-85.2398,38.7343],[-85.2055,38.7033],[-85.186,38.6937],[-85.1454,38.7007],[-84.9995,38.7717],[-84.9359,38.7924],[-84.9013,38.7961],[-84.8194,38.7893],[-84.8062,38.795],[-84.8198,38.8282],[-84.8126,38.8477],[-84.7853,38.8782],[-84.784,38.8929],[-84.8058,38.8992],[-84.8492,38.9012],[-84.8775,38.9197],[-84.8329,38.957],[-84.8228,38.9743],[-84.8281,38.9914],[-84.8706,39.0295],[-84.8731,39.0617],[-84.8428,39.088],[-84.8235,39.0974],[-84.8201,39.4228],[-84.8166,39.7482],[-84.8141,39.9922],[-84.8107,40.3176],[-84.8089,40.4803],[-84.8055,40.8056],[-84.8021,41.131],[-84.8004,41.2937],[-84.8042,41.3687],[-84.8061,41.537],[-84.8061,41.6968]]]},"properties":{"name":"Indiana","name_en":"Indiana","name_ja":"インディアナ州","name_zh":"印第安纳州","name_ko":"인디애나","adm0_a3":"USA","postal":"IN","iso_3166_2":"US-IN","type_en":"State","region":"Midwest","geonunit":"United States of America"}}
]}